<?xml version="1.0" encoding="UTF-8"?>
<kml xmlns="http://www.opengis.net/kml/2.2">
<Document id="prb_72hsnow_ge02_f072">
<name>WPC 72-Hr Prob of Snow > 2"</name>
  <open>1</open>
  <snippet>Valid 12Z 02/22/2026 - 12Z 02/25/2026</snippet>
  <description></description>
    <Style id="poly_1">
        <IconStyle>
           <color>00000000</color>
           <scale>1</scale>
        </IconStyle>
        <LabelStyle>
            <color>ff26478b</color>
            <scale>0.8</scale>
        </LabelStyle>
        <LineStyle>
            <color>6626478b</color>
            <width>0</width>
        </LineStyle>
	<PolyStyle>
            <color>6626478b</color>
	</PolyStyle>
        <BalloonStyle>
            <text>
                <![CDATA[ <table border=0 width="300"><tr><td style="font-size:10pt;">
                During this forecast period, there is a <b>1-5%</b> probability of snowfall exceeding the depicted amount in the enclosed area.
                <br/><br/>
                *<span style="font-size:8pt;">Note that in cases where this contour is embedded within a 5% contour, 
                the probability of snowfall exceeding the depicted amount is &lt;1%.</span>
                </td></tr></table>]]>
            </text>
        </BalloonStyle>
    </Style>

    <Style id="poly_5">
        <IconStyle>
           <color>00000000</color>
           <scale>1</scale>
        </IconStyle>
        <LabelStyle>
            <color>ff00eeee</color>
            <scale>0.8</scale>
        </LabelStyle>
        <LineStyle>
            <color>6600eeee</color>
            <width>0.4</width>
        </LineStyle>
	<PolyStyle>
	    <color>6600eeee</color>
	</PolyStyle>
        <BalloonStyle>
            <text>
                <![CDATA[ <table border=0 width="300"><tr><td style="font-size:10pt;">
                During this forecast period, there is a <b>5-10%</b> probability of snowfall exceeding the depicted amount in the enclosed area.
                <br/><br/>
                *<span style="font-size:8pt;">Note that in cases where this contour is embedded within a 10% contour, 
                the probability of snowfall exceeding the depicted amount is &lt;5%.</span>
                </td></tr></table>]]>
            </text>
        </BalloonStyle>
    </Style>

    <Style id="poly_10">
        <IconStyle>
           <color>00000000</color>
           <scale>1</scale>
        </IconStyle>
        <LabelStyle>
            <color>ff00ff7f</color>
            <scale>0.8</scale>
        </LabelStyle>
        <LineStyle>
            <color>6600ff7f</color>
            <width>0.4</width>
        </LineStyle>
	<PolyStyle>
	    <color>6600ff7f</color>
	</PolyStyle>
        <BalloonStyle>
            <text>
                <![CDATA[ <table border=0 width="300"><tr><td style="font-size:10pt;">
                During this forecast period, there is a <b>10-20%</b> probability of snowfall exceeding the depicted amount in the enclosed area.
                <br/><br/>
                *<span style="font-size:8pt;">Note that in cases where this contour is embedded within a 20% contour, 
                the probability of snowfall exceeding the depicted amount is &lt;10%.</span>
                </td></tr></table>]]>
            </text>
        </BalloonStyle>
    </Style>
    
    <Style id="poly_20">
        <IconStyle>
            <color>00000000</color>
            <scale>1</scale>
        </IconStyle>
        <LabelStyle>
            <color>ff00cd00</color>
            <scale>0.8</scale>
        </LabelStyle>
        <LineStyle>
            <color>6600cd00</color>
	    <width>0.4</width>
	</LineStyle>
	<PolyStyle>
	    <color>6600cd00</color>
	</PolyStyle>
        <BalloonStyle>
            <text>
                <![CDATA[ <table border=0 width="300"><tr><td style="font-size:10pt;">
                During this forecast period, there is a <b>20-30%</b> probability of snowfall exceeding the depicted amount in the enclosed area.
                <br/><br/>
                *<span style="font-size:8pt;">Note that in cases where this contour is embedded within a 30% contour, 
                the probability of snowfall exceeding the depicted amount is &lt;20%.</span>
                </td></tr></table>]]>
            </text>
        </BalloonStyle>
    </Style>

    <Style id="poly_30">
        <IconStyle>
            <color>00000000</color>
            <scale>1</scale>
        </IconStyle>
        <LabelStyle>
            <color>ff008b00</color>
            <scale>0.8</scale>
        </LabelStyle>
        <LineStyle>
            <color>66008b00</color>
	    <width>0.4</width>
	</LineStyle>
	<PolyStyle>
	    <color>66008b00</color>
	</PolyStyle>
        <BalloonStyle>
            <text>
                <![CDATA[ <table border=0 width="300"><tr><td style="font-size:10pt;">
                During this forecast period, there is a <b>30-40%</b> probability of snowfall exceeding the depicted amount in the enclosed area.
                <br/><br/>
                *<span style="font-size:8pt;">Note that in cases where this contour is embedded within a 40% contour, 
                the probability of snowfall exceeding the depicted amount is &lt;30%.</span>
                </td></tr></table>]]>
            </text>
        </BalloonStyle>
    </Style>

    <Style id="poly_40">
        <IconStyle>
            <color>00000000</color>
            <scale>1</scale>
        </IconStyle>
        <LabelStyle>
            <color>ff8b4e10</color>
            <scale>0.8</scale>
        </LabelStyle>
        <LineStyle>
            <color>668b4e10</color>
	    <width>0.4</width>
	</LineStyle>
	<PolyStyle>
	    <color>668b4e10</color>
	</PolyStyle>
        <BalloonStyle>
            <text>
                <![CDATA[ <table border=0 width="300"><tr><td style="font-size:10pt;">
                During this forecast period, there is a <b>40-50%</b> probability of snowfall exceeding the depicted amount in the enclosed area.
                <br/><br/>
                *<span style="font-size:8pt;">Note that in cases where this contour is embedded within a 50% contour, 
                the probability of snowfall exceeding the depicted amount is &lt;40%.</span>
                </td></tr></table>]]>
            </text>
        </BalloonStyle>
    </Style>

    <Style id="poly_50">
        <IconStyle>
            <color>00000000</color>
            <scale>1</scale>
        </IconStyle>
        <LabelStyle>
            <color>ffff901e</color>
            <scale>0.8</scale>
        </LabelStyle>
        <LineStyle>
            <color>66ff901e</color>
	    <width>0.4</width>
	</LineStyle>
	<PolyStyle>
	    <color>66ff901e</color>
	</PolyStyle>
        <BalloonStyle>
            <text>
                <![CDATA[ <table border=0 width="300"><tr><td style="font-size:10pt;">
                During this forecast period, there is a <b>50-60%</b> probability of snowfall exceeding the depicted amount in the enclosed area.
                <br/><br/>
                *<span style="font-size:8pt;">Note that in cases where this contour is embedded within a 60% contour, 
                the probability of snowfall exceeding the depicted amount is &lt;50%.</span>
                </td></tr></table>]]>
            </text>
        </BalloonStyle>
    </Style>

    <Style id="poly_60">
        <IconStyle>
            <color>00000000</color>
            <scale>1</scale>
        </IconStyle>
        <LabelStyle>
            <color>ffeeb200</color>
            <scale>0.8</scale>
        </LabelStyle>
        <LineStyle>
            <color>66eeb200</color>
	    <width>0.4</width>
	</LineStyle>
	<PolyStyle>
	    <color>66eeb200</color>
	</PolyStyle>
        <BalloonStyle>
            <text>
                <![CDATA[ <table border=0 width="300"><tr><td style="font-size:10pt;">
                During this forecast period, there is a <b>60-70%</b> probability of snowfall exceeding the depicted amount in the enclosed area.
                <br/><br/>
                *<span style="font-size:8pt;">Note that in cases where this contour is embedded within a 70% contour, 
                the probability of snowfall exceeding the depicted amount is &lt;60%.</span>
                </td></tr></table>]]>
            </text>
        </BalloonStyle>
    </Style>
    
    <Style id="poly_70">
        <IconStyle>
            <color>00000000</color>
            <scale>1</scale>
        </IconStyle>
        <LabelStyle>
            <color>ffeeee00</color>
            <scale>0.8</scale>
        </LabelStyle>
        <LineStyle>
            <color>66eeee00</color>
	    <width>0.4</width>
	</LineStyle>
	<PolyStyle>
	    <color>66eeee00</color>
	</PolyStyle>
        <BalloonStyle>
            <text>
                <![CDATA[ <table border=0 width="300"><tr><td style="font-size:10pt;">
                During this forecast period, there is a <b>70-80%</b> probability of snowfall exceeding the depicted amount in the enclosed area.
                <br/><br/>
                *<span style="font-size:8pt;">Note that in cases where this contour is embedded within a 80% contour, 
                the probability of snowfall exceeding the depicted amount is &lt;70%.</span>
                </td></tr></table>]]>
            </text>
        </BalloonStyle>
    </Style>

    <Style id="poly_80">
        <IconStyle>
            <color>00000000</color>
            <scale>1</scale>
        </IconStyle>
        <LabelStyle>
            <color>ff4782ff</color>
            <scale>0.8</scale>
        </LabelStyle>
        <LineStyle>
            <color>664782ff</color>
	    <width>0.4</width>
	</LineStyle>
	<PolyStyle>
	    <color>664782ff</color>
	</PolyStyle>
        <BalloonStyle>
            <text>
                <![CDATA[ <table border=0 width="300"><tr><td style="font-size:10pt;">
                During this forecast period, there is a <b>80-90%</b> probability of snowfall exceeding the depicted amount in the enclosed area.
                <br/><br/>
                *<span style="font-size:8pt;">Note that in cases where this contour is embedded within a 90% contour, 
                the probability of snowfall exceeding the depicted amount is &lt;80%.</span>
                </td></tr></table>]]>
            </text>
        </BalloonStyle>
    </Style>

    <Style id="poly_90">
        <IconStyle>
            <color>00000000</color>
            <scale>1</scale>
        </IconStyle>
        <LabelStyle>
            <color>ff2c2cee</color>
            <scale>0.8</scale>
        </LabelStyle>
        <LineStyle>
            <color>662c2cee</color>
            <width>0.4</width>
        </LineStyle>
        <PolyStyle>
            <color>662c2cee</color>
        </PolyStyle>
        <BalloonStyle>
            <text>
                <![CDATA[ <table border=0 width="300"><tr><td style="font-size:10pt;">
                During this forecast period, there is a <b>90-95%</b> probability of snowfall exceeding the depicted amount in the enclosed area.
                <br/><br/>
                *<span style="font-size:8pt;">Note that in cases where this contour is embedded within a 95% contour, 
                the probability of snowfall exceeding the depicted amount is &lt;90%.</span>
                </td></tr></table>]]>
            </text>
        </BalloonStyle>
    </Style>

    <Style id="poly_95">
        <IconStyle>
            <color>00000000</color>
            <scale>1</scale>
        </IconStyle>
        <LabelStyle>
            <color>ff00008b</color>
            <scale>0.8</scale>
        </LabelStyle>
        <LineStyle>
            <color>6600008b</color>
	    <width>0.4</width>
	</LineStyle>
	<PolyStyle>
	    <color>6600008b</color>
	</PolyStyle>
        <BalloonStyle>
            <text>
                <![CDATA[ <table border=0 width="300"><tr><td style="font-size:10pt;">
                The probability of snowfall exceeding the depicted amount is <b>&ge;95%</b> in the enclosed area during this forecast period.
                </td></tr></table>]]>
            </text>
        </BalloonStyle>
    </Style>

  <ScreenOverlay>
    <name>Logos</name>
    <description></description>
    <Icon>
      <href>https://www.wpc.ncep.noaa.gov/images/noaa_and_nws_logo.png</href>
    </Icon>
   <overlayXY x=".01" y=".01" xunits="fraction" yunits="fraction" />
   <screenXY x=".01" y=".01" xunits="fraction" yunits="fraction" />
   <rotationXY x="0" y="0" xunits="fraction" yunits="fraction" />
   <size x="-1" y="-1" xunits="fraction" yunits="fraction" />
  </ScreenOverlay>
    <Folder>
      <name>Snow Probabilities</name>
      <open>0</open>
<Placemark>
  <name>1%</name>
  <visibility>1</visibility>
  <styleUrl>#poly_1</styleUrl>
  <MultiGeometry>
    <Polygon>
      <outerBoundaryIs>
        <LinearRing>
          <coordinates>
-121.15,42.73,0 -121.13,42.74,0 -121.11,42.76,0 -121.08,42.77,0 -121.06,42.78,0 -121.04,42.79,0 -121.01,42.80,0 -120.99,42.81,0 -120.97,42.82,0 -120.94,42.82,0 -120.91,42.82,0 -120.88,42.82,0 -120.85,42.82,0 -120.82,42.82,0 -120.79,42.81,0 -120.76,42.81,0 -120.74,42.80,0 -120.71,42.79,0 -120.69,42.79,0 -120.66,42.78,0 -120.64,42.78,0 -120.62,42.77,0 -120.60,42.75,0 -120.59,42.74,0 -120.57,42.72,0 -120.56,42.71,0 -120.54,42.69,0 -120.52,42.67,0 -120.51,42.65,0 -120.50,42.63,0 -120.49,42.61,0 -120.48,42.59,0 -120.48,42.57,0 -120.48,42.55,0 -120.48,42.53,0 -120.49,42.50,0 -120.49,42.48,0 -120.50,42.46,0 -120.51,42.44,0 -120.51,42.42,0 -120.52,42.41,0 -120.53,42.39,0 -120.53,42.37,0 -120.55,42.36,0 -120.57,42.35,0 -120.59,42.34,0 -120.61,42.33,0 -120.63,42.32,0 -120.65,42.31,0 -120.68,42.29,0 -120.71,42.28,0 -120.74,42.27,0 -120.76,42.26,0 -120.79,42.26,0 -120.82,42.26,0 -120.85,42.26,0 -120.88,42.26,0 -120.91,42.26,0 -120.94,42.27,0 -120.97,42.27,0 -121.00,42.28,0 -121.02,42.29,0 -121.04,42.29,0 -121.07,42.30,0 -121.08,42.30,0 -121.09,42.31,0 -121.11,42.33,0 -121.12,42.34,0 -121.14,42.36,0 -121.15,42.37,0 -121.17,42.39,0 -121.19,42.40,0 -121.21,42.42,0 -121.22,42.44,0 -121.23,42.46,0 -121.24,42.48,0 -121.24,42.50,0 -121.25,42.52,0 -121.25,42.53,0 -121.24,42.55,0 -121.24,42.57,0 -121.24,42.59,0 -121.23,42.61,0 -121.22,42.63,0 -121.22,42.65,0 -121.21,42.67,0 -121.15,42.73,0 
          </coordinates>
        </LinearRing>
      </outerBoundaryIs>
  </Polygon>
 </MultiGeometry>
</Placemark>
<Placemark>
  <name>1%</name>
  <visibility>1</visibility>
  <styleUrl>#poly_1</styleUrl>
  <MultiGeometry>
    <Polygon>
      <outerBoundaryIs>
        <LinearRing>
          <coordinates>
-127.18,50.56,0 -126.80,50.63,0 -126.47,50.68,0 -126.06,50.66,0 -125.86,50.59,0 -125.65,50.79,0 -125.22,50.87,0 -124.90,50.91,0 -124.41,50.98,0 -123.85,51.06,0 -123.18,51.15,0 -122.65,51.22,0 -122.21,51.27,0 -121.84,51.28,0 -121.53,51.01,0 -121.25,50.90,0 -120.98,50.92,0 -120.98,51.06,0 -120.72,51.28,0 -120.24,51.29,0 -120.00,51.21,0 -119.59,51.57,0 -119.22,51.64,0 -118.81,51.68,0 -118.49,51.71,0 -118.05,51.76,0 -117.48,51.82,0 -116.79,51.89,0 -116.25,51.94,0 -115.86,51.97,0 -115.52,51.88,0 -115.40,51.66,0 -115.19,51.53,0 -114.91,51.18,0 -114.68,51.03,0 -114.43,50.80,0 -114.26,50.50,0 -114.09,50.14,0 -113.97,49.86,0 -113.88,49.60,0 -113.78,49.51,0 -113.35,49.25,0 -113.16,49.14,0 -112.98,48.95,0 -112.84,48.83,0 -112.68,48.58,0 -112.50,48.39,0 -112.33,48.15,0 -112.26,47.87,0 -112.21,47.50,0 -112.13,47.12,0 -112.04,46.68,0 -111.99,46.34,0 -112.06,46.10,0 -112.34,45.98,0 -112.40,45.91,0 -112.33,45.81,0 -112.13,45.90,0 -111.87,45.83,0 -111.70,45.70,0 -111.47,45.66,0 -111.28,45.74,0 -111.32,46.03,0 -111.17,46.21,0 -111.16,46.46,0 -111.24,46.74,0 -111.23,47.01,0 -111.09,47.16,0 -110.75,47.25,0 -110.37,47.22,0 -110.16,47.03,0 -110.12,46.75,0 -110.14,46.46,0 -109.98,46.15,0 -110.06,45.83,0 -109.78,45.71,0 -109.47,45.57,0 -109.17,45.42,0 -108.95,45.27,0 -108.85,44.97,0 -109.01,44.72,0 -109.02,44.60,0 -108.98,44.36,0 -108.93,44.10,0 -108.89,43.84,0 -108.94,43.53,0 -108.87,43.28,0 -108.78,43.04,0 -108.73,42.89,0 -108.53,42.64,0 -108.61,42.41,0 -108.87,42.29,0 -109.27,42.27,0 -109.57,42.39,0 -109.85,42.48,0 -109.99,42.28,0 -110.28,41.95,0 -110.47,41.82,0 -110.67,41.78,0 -110.97,41.75,0 -110.95,41.52,0 -111.05,41.22,0 -110.76,41.15,0 -110.44,41.10,0 -110.32,41.03,0 -110.17,40.91,0 -110.13,40.75,0 -110.26,40.48,0 -110.47,40.34,0 -110.74,40.16,0 -111.10,40.06,0 -111.57,40.25,0 -111.97,40.50,0 -111.96,40.76,0 -111.82,40.84,0 -111.50,40.88,0 -111.52,41.01,0 -111.79,41.14,0 -111.94,41.29,0 -112.04,41.53,0 -112.12,41.81,0 -112.12,42.08,0 -112.12,42.31,0 -112.27,42.45,0 -112.38,42.70,0 -112.33,42.96,0 -112.16,43.14,0 -111.94,43.47,0 -111.91,43.75,0 -111.77,43.92,0 -112.05,44.26,0 -112.13,44.52,0 -112.15,44.78,0 -111.99,45.13,0 -112.38,45.29,0 -112.53,45.37,0 -112.56,45.25,0 -112.77,45.07,0 -112.93,44.90,0 -112.92,44.79,0 -112.84,44.49,0 -112.89,44.28,0 -113.08,44.07,0 -113.44,43.78,0 -113.45,43.54,0 -113.67,43.29,0 -114.07,43.21,0 -114.53,43.16,0 -114.90,43.11,0 -115.20,43.10,0 -115.50,43.22,0 -115.78,43.25,0 -115.96,43.36,0 -116.02,43.52,0 -116.10,43.82,0 -116.42,44.11,0 -116.62,44.28,0 -116.74,44.49,0 -117.07,44.53,0 -117.28,44.74,0 -117.66,44.70,0 -117.86,44.57,0 -118.20,44.48,0 -118.09,44.25,0 -118.17,44.10,0 -118.49,43.94,0 -118.87,43.97,0 -119.00,44.07,0 -119.06,44.24,0 -118.93,44.49,0 -118.82,44.57,0 -118.91,44.70,0 -118.88,44.94,0 -118.79,45.09,0 -118.51,45.27,0 -118.15,45.32,0 -117.95,45.55,0 -118.22,45.71,0 -118.32,46.02,0 -118.25,46.26,0 -117.97,46.39,0 -117.55,46.41,0 -117.23,46.29,0 -117.17,46.00,0 -117.41,45.81,0 -117.55,45.76,0 -117.26,45.67,0 -117.07,45.62,0 -116.73,45.66,0 -116.53,45.71,0 -116.33,45.90,0 -116.16,46.02,0 -116.11,46.17,0 -116.19,46.44,0 -116.47,46.50,0 -116.72,46.62,0 -116.96,46.79,0 -117.05,47.12,0 -116.91,47.37,0 -116.96,47.56,0 -117.24,47.60,0 -117.46,47.78,0 -117.53,48.02,0 -117.80,48.13,0 -117.90,48.29,0 -118.32,48.08,0 -118.67,48.03,0 -119.02,48.02,0 -119.40,48.11,0 -119.62,47.95,0 -119.77,47.77,0 -119.99,47.49,0 -119.93,47.18,0 -120.06,46.94,0 -120.32,46.83,0 -120.49,46.63,0 -120.44,46.39,0 -120.38,46.14,0 -120.41,45.87,0 -120.72,45.73,0 -121.05,45.73,0 -121.26,45.81,0 -121.18,45.47,0 -121.13,45.21,0 -121.27,44.96,0 -121.25,44.56,0 -121.37,44.40,0 -121.16,44.22,0 -120.96,44.04,0 -120.78,43.84,0 -120.80,43.56,0 -121.12,43.42,0 -121.38,43.37,0 -121.50,43.17,0 -121.59,42.76,0 -121.89,42.58,0 -122.30,42.54,0 -122.57,42.73,0 -122.65,42.96,0 -122.64,43.26,0 -122.55,43.43,0 -122.41,43.84,0 -122.30,44.27,0 -122.43,44.67,0 -122.59,44.93,0 -122.49,45.10,0 -122.33,45.26,0 -122.28,45.45,0 -122.37,45.69,0 -122.53,45.88,0 -122.73,46.02,0 -122.78,46.30,0 -122.50,46.64,0 -122.34,47.02,0 -122.19,47.38,0 -122.03,47.59,0 -122.11,47.89,0 -122.19,48.13,0 -122.43,48.29,0 -122.40,48.68,0 -122.49,49.08,0 -123.05,49.22,0 -123.63,49.26,0 -123.83,49.22,0 -123.69,49.10,0 -123.59,48.83,0 -123.64,48.64,0 -123.71,48.44,0 -123.52,48.37,0 -123.23,48.27,0 -123.01,48.28,0 -122.83,48.20,0 -122.68,48.00,0 -122.60,47.76,0 -122.62,47.49,0 -122.74,47.38,0 -122.96,47.31,0 -123.39,47.25,0 -123.77,47.27,0 -124.22,47.50,0 -124.36,47.81,0 -124.36,47.99,0 -124.27,48.16,0 -124.23,48.32,0 -124.43,48.43,0 -124.92,48.71,0 -125.05,48.80,0 -125.35,48.86,0 -125.90,49.01,0 -126.13,49.11,0 -126.32,49.19,0 -126.46,49.34,0 -126.79,49.56,0 -127.13,49.81,0 -127.30,50.24,0 -127.18,50.56,0 
          </coordinates>
        </LinearRing>
      </outerBoundaryIs>
      <innerBoundaryIs>
        <LinearRing>
          <coordinates>
-124.50,49.70,0 -124.48,49.70,0 -124.47,49.70,0 -124.45,49.70,0 -124.44,49.70,0 -124.42,49.70,0 -124.41,49.70,0 -124.39,49.70,0 -124.38,49.70,0 -124.36,49.70,0 -124.35,49.70,0 -124.33,49.70,0 -124.32,49.69,0 -124.31,49.69,0 -124.29,49.69,0 -124.28,49.69,0 -124.27,49.69,0 -124.26,49.68,0 -124.25,49.68,0 -124.24,49.67,0 -124.23,49.67,0 -124.22,49.66,0 -124.21,49.66,0 -124.21,49.65,0 -124.20,49.64,0 -124.20,49.63,0 -124.19,49.63,0 -124.19,49.62,0 -124.18,49.61,0 -124.18,49.60,0 -124.18,49.59,0 -124.17,49.58,0 -124.17,49.57,0 -124.17,49.56,0 -124.17,49.55,0 -124.17,49.54,0 -124.17,49.53,0 -124.16,49.52,0 -124.16,49.52,0 -124.16,49.51,0 -124.15,49.49,0 -124.15,49.48,0 -124.15,49.47,0 -124.15,49.47,0 -124.15,49.46,0 -124.16,49.46,0 -124.17,49.46,0 -124.17,49.46,0 -124.18,49.47,0 -124.19,49.47,0 -124.20,49.47,0 -124.22,49.48,0 -124.23,49.49,0 -124.24,49.49,0 -124.26,49.50,0 -124.27,49.50,0 -124.28,49.51,0 -124.29,49.51,0 -124.30,49.52,0 -124.32,49.52,0 -124.33,49.53,0 -124.34,49.53,0 -124.36,49.54,0 -124.37,49.54,0 -124.38,49.55,0 -124.40,49.55,0 -124.41,49.56,0 -124.42,49.56,0 -124.43,49.57,0 -124.44,49.57,0 -124.45,49.58,0 -124.46,49.58,0 -124.47,49.59,0 -124.49,49.60,0 -124.49,49.60,0 -124.50,49.61,0 -124.50,49.62,0 -124.50,49.62,0 -124.50,49.63,0 -124.50,49.70,0 
          </coordinates>
        </LinearRing>
      </innerBoundaryIs>
      <innerBoundaryIs>
        <LinearRing>
          <coordinates>
-125.21,50.21,0 -125.21,50.22,0 -125.20,50.22,0 -125.16,50.21,0 -125.15,50.21,0 -125.14,50.20,0 -125.12,50.20,0 -125.11,50.19,0 -125.09,50.18,0 -125.07,50.18,0 -125.05,50.17,0 -125.03,50.16,0 -125.01,50.15,0 -125.00,50.15,0 -124.98,50.14,0 -124.96,50.13,0 -124.95,50.13,0 -124.93,50.12,0 -124.92,50.11,0 -124.91,50.11,0 -124.89,50.10,0 -124.89,50.10,0 -124.89,50.08,0 -124.89,50.07,0 -124.88,50.06,0 -124.88,50.05,0 -124.87,50.04,0 -124.87,50.03,0 -124.86,50.01,0 -124.85,50.00,0 -124.85,49.99,0 -124.84,49.97,0 -124.84,49.96,0 -124.83,49.95,0 -124.83,49.94,0 -124.82,49.93,0 -124.82,49.92,0 -124.82,49.90,0 -124.82,49.89,0 -124.82,49.88,0 -124.83,49.88,0 -124.83,49.88,0 -124.84,49.89,0 -124.85,49.90,0 -124.86,49.92,0 -124.87,49.93,0 -124.87,49.94,0 -124.88,49.95,0 -124.89,49.96,0 -124.89,49.97,0 -124.90,49.98,0 -124.91,49.99,0 -124.92,50.00,0 -124.93,50.02,0 -124.94,50.03,0 -124.95,50.04,0 -124.96,50.05,0 -124.97,50.06,0 -124.98,50.07,0 -124.99,50.08,0 -125.01,50.09,0 -125.02,50.09,0 -125.04,50.10,0 -125.06,50.11,0 -125.07,50.11,0 -125.09,50.12,0 -125.11,50.12,0 -125.13,50.13,0 -125.14,50.14,0 -125.16,50.14,0 -125.17,50.15,0 -125.18,50.15,0 -125.20,50.16,0 -125.21,50.17,0 -125.22,50.18,0 -125.23,50.19,0 -125.24,50.19,0 -125.24,50.20,0 -125.21,50.21,0 
          </coordinates>
        </LinearRing>
      </innerBoundaryIs>
      <innerBoundaryIs>
        <LinearRing>
          <coordinates>
-111.07,41.05,1000 -111.03,41.05,1000 -110.98,41.06,1000 -110.94,41.06,1000 -110.90,41.07,1000 -110.87,41.07,1000 -110.84,41.07,1000 -110.80,41.06,1000 -110.77,41.05,1000 -110.74,41.05,1000 -110.71,41.05,1000 -110.68,41.05,1000 -110.64,41.05,1000 -110.60,41.04,1000 -110.57,41.03,1000 -110.53,41.01,1000 -110.50,40.99,1000 -110.46,40.97,1000 -110.42,40.95,1000 -110.39,40.93,1000 -110.37,40.91,1000 -110.35,40.88,1000 -110.34,40.85,1000 -110.33,40.82,1000 -110.33,40.80,1000 -110.32,40.78,1000 -110.31,40.76,1000 -110.30,40.74,1000 -110.31,40.73,1000 -110.32,40.71,1000 -110.32,40.69,1000 -110.33,40.66,1000 -110.34,40.62,1000 -110.34,40.59,1000 -110.36,40.56,1000 -110.38,40.54,1000 -110.40,40.51,1000 -110.43,40.49,1000 -110.45,40.47,1000 -110.48,40.45,1000 -110.51,40.43,1000 -110.54,40.41,1000 -110.58,40.39,1000 -110.62,40.38,1000 -110.65,40.36,1000 -110.68,40.35,1000 -110.70,40.34,1000 -110.73,40.32,1000 -110.76,40.31,1000 -110.79,40.29,1000 -110.82,40.27,1000 -110.86,40.26,1000 -110.90,40.24,1000 -110.94,40.23,1000 -110.98,40.22,1000 -111.02,40.22,1000 -111.06,40.21,1000 -111.10,40.21,1000 -111.14,40.22,1000 -111.17,40.22,1000 -111.20,40.23,1000 -111.23,40.24,1000 -111.26,40.26,1000 -111.29,40.28,1000 -111.31,40.30,1000 -111.33,40.32,1000 -111.35,40.35,1000 -111.37,40.38,1000 -111.38,40.41,1000 -111.40,40.44,1000 -111.41,40.47,1000 -111.42,40.50,1000 -111.43,40.53,1000 -111.43,40.55,1000 -111.44,40.58,1000 -111.44,40.61,1000 -111.44,40.64,1000 -111.44,40.67,1000 -111.43,40.70,1000 -111.42,40.73,1000 -111.41,40.76,1000 -111.40,40.79,1000 -111.39,40.82,1000 -111.37,40.85,1000 -111.36,40.87,1000 -111.34,40.90,1000 -111.32,40.92,1000 -111.29,40.94,1000 -111.26,40.96,1000 -111.23,40.98,1000 -111.19,40.99,1000 -111.15,41.01,1000 -111.11,41.02,1000 -111.07,41.05,1000 
          </coordinates>
        </LinearRing>
      </innerBoundaryIs>
      <innerBoundaryIs>
        <LinearRing>
          <coordinates>
-124.02,48.23,1000 -123.97,48.25,1000 -123.93,48.27,1000 -123.88,48.29,1000 -123.83,48.30,1000 -123.78,48.31,1000 -123.73,48.31,1000 -123.67,48.29,1000 -123.61,48.28,1000 -123.56,48.26,1000 -123.52,48.25,1000 -123.51,48.25,1000 -123.47,48.25,1000 -123.42,48.25,1000 -123.37,48.24,1000 -123.31,48.24,1000 -123.25,48.23,1000 -123.20,48.22,1000 -123.15,48.21,1000 -123.10,48.19,1000 -123.05,48.17,1000 -123.01,48.16,1000 -122.98,48.15,1000 -122.96,48.14,1000 -122.93,48.12,1000 -122.89,48.10,1000 -122.84,48.07,1000 -122.80,48.04,1000 -122.76,48.01,1000 -122.74,47.98,1000 -122.72,47.95,1000 -122.70,47.92,1000 -122.69,47.88,1000 -122.68,47.85,1000 -122.67,47.82,1000 -122.66,47.78,1000 -122.66,47.75,1000 -122.65,47.71,1000 -122.66,47.68,1000 -122.67,47.65,1000 -122.70,47.61,1000 -122.73,47.57,1000 -122.75,47.54,1000 -122.77,47.52,1000 -122.80,47.49,1000 -122.82,47.47,1000 -122.85,47.44,1000 -122.89,47.41,1000 -122.93,47.38,1000 -122.97,47.36,1000 -123.01,47.34,1000 -123.06,47.33,1000 -123.11,47.32,1000 -123.16,47.32,1000 -123.21,47.31,1000 -123.26,47.30,1000 -123.31,47.29,1000 -123.36,47.28,1000 -123.41,47.28,1000 -123.46,47.28,1000 -123.50,47.29,1000 -123.55,47.30,1000 -123.59,47.31,1000 -123.64,47.33,1000 -123.68,47.34,1000 -123.73,47.36,1000 -123.78,47.38,1000 -123.83,47.40,1000 -123.88,47.43,1000 -123.93,47.45,1000 -123.97,47.47,1000 -124.00,47.49,1000 -124.03,47.52,1000 -124.05,47.55,1000 -124.08,47.57,1000 -124.11,47.59,1000 -124.15,47.61,1000 -124.18,47.64,1000 -124.20,47.67,1000 -124.22,47.70,1000 -124.23,47.73,1000 -124.25,47.77,1000 -124.25,47.80,1000 -124.25,47.84,1000 -124.23,47.88,1000 -124.22,47.92,1000 -124.20,47.95,1000 -124.19,47.98,1000 -124.19,47.99,1000 -124.18,48.01,1000 -124.16,48.03,1000 -124.14,48.06,1000 -124.12,48.10,1000 -124.09,48.13,1000 -124.07,48.17,1000 -124.02,48.23,1000 
          </coordinates>
        </LinearRing>
      </innerBoundaryIs>
      <innerBoundaryIs>
        <LinearRing>
          <coordinates>
-117.92,46.34,1000 -117.89,46.35,1000 -117.85,46.35,1000 -117.82,46.35,1000 -117.79,46.36,1000 -117.76,46.36,1000 -117.73,46.36,1000 -117.70,46.36,1000 -117.67,46.36,1000 -117.64,46.35,1000 -117.61,46.35,1000 -117.58,46.34,1000 -117.55,46.33,1000 -117.53,46.31,1000 -117.50,46.30,1000 -117.48,46.29,1000 -117.46,46.27,1000 -117.44,46.26,1000 -117.43,46.24,1000 -117.41,46.22,1000 -117.40,46.20,1000 -117.39,46.19,1000 -117.37,46.17,1000 -117.35,46.16,1000 -117.34,46.14,1000 -117.33,46.13,1000 -117.33,46.11,1000 -117.35,46.09,1000 -117.36,46.07,1000 -117.36,46.05,1000 -117.36,46.04,1000 -117.36,46.02,1000 -117.36,46.00,1000 -117.37,45.98,1000 -117.38,45.96,1000 -117.39,45.94,1000 -117.41,45.93,1000 -117.43,45.91,1000 -117.45,45.89,1000 -117.48,45.87,1000 -117.50,45.86,1000 -117.52,45.84,1000 -117.55,45.83,1000 -117.58,45.82,1000 -117.60,45.81,1000 -117.63,45.80,1000 -117.66,45.79,1000 -117.69,45.78,1000 -117.72,45.78,1000 -117.75,45.77,1000 -117.78,45.77,1000 -117.81,45.77,1000 -117.84,45.77,1000 -117.88,45.77,1000 -117.91,45.78,1000 -117.95,45.78,1000 -117.98,45.79,1000 -118.01,45.79,1000 -118.03,45.80,1000 -118.06,45.81,1000 -118.09,45.82,1000 -118.10,45.83,1000 -118.12,45.85,1000 -118.14,45.87,1000 -118.15,45.89,1000 -118.17,45.90,1000 -118.18,45.92,1000 -118.19,45.94,1000 -118.20,45.97,1000 -118.21,45.99,1000 -118.22,46.01,1000 -118.22,46.03,1000 -118.22,46.05,1000 -118.21,46.07,1000 -118.20,46.09,1000 -118.19,46.11,1000 -118.17,46.13,1000 -118.16,46.15,1000 -118.15,46.17,1000 -118.14,46.19,1000 -118.13,46.20,1000 -118.12,46.21,1000 -117.92,46.34,1000 
          </coordinates>
        </LinearRing>
      </innerBoundaryIs>
      <innerBoundaryIs>
        <LinearRing>
          <coordinates>
-118.69,44.46,1000 -118.67,44.46,1000 -118.64,44.45,1000 -118.62,44.45,1000 -118.60,44.44,1000 -118.58,44.44,1000 -118.56,44.44,1000 -118.54,44.44,1000 -118.53,44.43,1000 -118.51,44.43,1000 -118.48,44.43,1000 -118.47,44.43,1000 -118.45,44.43,1000 -118.43,44.42,1000 -118.42,44.41,1000 -118.40,44.40,1000 -118.39,44.39,1000 -118.37,44.38,1000 -118.35,44.37,1000 -118.33,44.36,1000 -118.31,44.34,1000 -118.30,44.33,1000 -118.28,44.32,1000 -118.28,44.30,1000 -118.27,44.29,1000 -118.27,44.28,1000 -118.27,44.26,1000 -118.28,44.25,1000 -118.29,44.23,1000 -118.30,44.21,1000 -118.31,44.20,1000 -118.32,44.18,1000 -118.33,44.17,1000 -118.34,44.15,1000 -118.35,44.14,1000 -118.36,44.13,1000 -118.37,44.11,1000 -118.39,44.11,1000 -118.40,44.10,1000 -118.41,44.10,1000 -118.43,44.09,1000 -118.45,44.08,1000 -118.46,44.08,1000 -118.48,44.07,1000 -118.50,44.06,1000 -118.52,44.05,1000 -118.54,44.05,1000 -118.56,44.04,1000 -118.58,44.04,1000 -118.60,44.04,1000 -118.62,44.04,1000 -118.63,44.04,1000 -118.65,44.05,1000 -118.67,44.06,1000 -118.68,44.07,1000 -118.70,44.08,1000 -118.71,44.08,1000 -118.73,44.10,1000 -118.75,44.11,1000 -118.77,44.12,1000 -118.78,44.13,1000 -118.80,44.14,1000 -118.82,44.15,1000 -118.83,44.17,1000 -118.85,44.17,1000 -118.86,44.18,1000 -118.87,44.19,1000 -118.89,44.21,1000 -118.89,44.21,1000 -118.89,44.22,1000 -118.88,44.24,1000 -118.87,44.25,1000 -118.87,44.26,1000 -118.86,44.27,1000 -118.85,44.28,1000 -118.84,44.29,1000 -118.83,44.31,1000 -118.82,44.32,1000 -118.81,44.34,1000 -118.80,44.35,1000 -118.78,44.37,1000 -118.77,44.38,1000 -118.76,44.40,1000 -118.69,44.46,1000 
          </coordinates>
        </LinearRing>
      </innerBoundaryIs>
      <innerBoundaryIs>
        <LinearRing>
          <coordinates>
-127.14,50.45,1000 -126.91,50.58,1000 -126.68,50.63,1000 -126.37,50.64,1000 -126.12,50.60,1000 -125.95,50.53,1000 -125.74,50.58,1000 -125.39,50.81,1000 -125.05,50.88,1000 -124.61,50.94,1000 -124.19,50.99,1000 -123.80,51.04,1000 -123.43,51.09,1000 -123.11,51.13,1000 -122.74,51.18,1000 -122.47,51.21,1000 -122.19,51.24,1000 -121.85,51.19,1000 -121.60,50.99,1000 -121.27,50.86,1000 -120.98,50.87,1000 -120.88,50.96,1000 -120.81,51.13,1000 -120.67,51.20,1000 -120.24,51.21,1000 -119.81,51.24,1000 -119.60,51.43,1000 -119.25,51.59,1000 -118.90,51.64,1000 -118.46,51.69,1000 -118.02,51.74,1000 -117.60,51.78,1000 -117.19,51.83,1000 -116.84,51.86,1000 -116.48,51.90,1000 -116.24,51.92,1000 -115.95,51.92,1000 -115.70,51.87,1000 -115.46,51.61,1000 -115.23,51.33,1000 -115.00,51.08,1000 -114.68,50.87,1000 -114.45,50.63,1000 -114.37,50.44,1000 -114.29,50.22,1000 -114.17,49.95,1000 -114.05,49.69,1000 -113.84,49.44,1000 -113.55,49.23,1000 -113.26,49.06,1000 -113.07,48.94,1000 -112.96,48.77,1000 -112.78,48.53,1000 -112.59,48.30,1000 -112.40,48.16,1000 -112.33,47.97,1000 -112.31,47.63,1000 -112.26,47.43,1000 -112.20,47.22,1000 -112.17,47.01,1000 -112.16,46.83,1000 -112.18,46.63,1000 -112.12,46.40,1000 -112.22,46.15,1000 -112.55,45.93,1000 -112.59,45.65,1000 -112.59,45.46,1000 -112.73,45.26,1000 -112.96,45.06,1000 -113.08,44.86,1000 -113.04,44.66,1000 -113.00,44.46,1000 -113.18,44.18,1000 -113.45,43.95,1000 -113.52,43.71,1000 -113.57,43.54,1000 -113.74,43.42,1000 -114.13,43.30,1000 -114.57,43.19,1000 -114.90,43.16,1000 -115.16,43.17,1000 -115.50,43.26,1000 -115.84,43.44,1000 -115.96,43.67,1000 -116.09,43.93,1000 -116.28,44.15,1000 -116.47,44.33,1000 -116.73,44.55,1000 -117.02,44.65,1000 -117.30,44.79,1000 -117.76,44.89,1000 -117.92,44.71,1000 -118.25,44.57,1000 -118.48,44.56,1000 -118.58,44.66,1000 -118.73,44.86,1000 -118.62,45.06,1000 -118.39,45.18,1000 -118.11,45.15,1000 -117.93,45.37,1000 -117.58,45.57,1000 -117.27,45.58,1000 -117.00,45.48,1000 -116.72,45.51,1000 -116.38,45.71,1000 -116.06,45.92,1000 -115.94,46.09,1000 -115.99,46.27,1000 -116.23,46.56,1000 -116.49,46.63,1000 -116.81,46.84,1000 -116.87,47.11,1000 -116.83,47.40,1000 -116.97,47.71,1000 -117.11,47.99,1000 -117.11,48.07,1000 -117.54,48.16,1000 -117.72,48.24,1000 -117.93,48.45,1000 -118.04,48.38,1000 -118.27,48.20,1000 -118.57,48.13,1000 -118.87,48.13,1000 -119.15,48.15,1000 -119.47,48.18,1000 -119.66,48.10,1000 -119.85,47.88,1000 -120.02,47.66,1000 -120.09,47.51,1000 -120.05,47.35,1000 -120.06,47.16,1000 -120.19,47.05,1000 -120.47,46.86,1000 -120.55,46.58,1000 -120.50,46.37,1000 -120.46,46.16,1000 -120.54,45.90,1000 -120.75,45.79,1000 -121.00,45.83,1000 -121.29,45.83,1000 -121.42,45.75,1000 -121.34,45.56,1000 -121.21,45.36,1000 -121.29,45.13,1000 -121.35,44.86,1000 -121.39,44.57,1000 -121.35,44.24,1000 -121.20,44.00,1000 -120.94,43.77,1000 -121.10,43.56,1000 -121.37,43.55,1000 -121.62,43.53,1000 -121.63,43.36,1000 -121.59,43.17,1000 -121.69,42.90,1000 -121.80,42.73,1000 -121.98,42.64,1000 -122.34,42.68,1000 -122.52,42.82,1000 -122.58,43.01,1000 -122.50,43.25,1000 -122.47,43.45,1000 -122.43,43.66,1000 -122.27,43.92,1000 -122.24,44.19,1000 -122.29,44.36,1000 -122.33,44.57,1000 -122.28,44.91,1000 -122.20,45.24,1000 -122.08,45.49,1000 -122.12,45.68,1000 -122.26,45.85,1000 -122.49,45.99,1000 -122.60,46.16,1000 -122.56,46.37,1000 -122.36,46.67,1000 -122.30,46.89,1000 -122.15,47.20,1000 -121.98,47.44,1000 -121.99,47.61,1000 -122.03,47.79,1000 -122.13,48.13,1000 -122.34,48.38,1000 -122.42,48.53,1000 -122.37,48.70,1000 -122.36,48.96,1000 -122.41,49.11,1000 -122.69,49.19,1000 -123.01,49.20,1000 -123.47,49.30,1000 -123.90,49.38,1000 -124.04,49.52,1000 -124.19,49.68,1000 -124.48,49.84,1000 -124.77,49.99,1000 -124.99,50.23,1000 -125.22,50.25,1000 -125.38,50.16,1000 -125.07,49.97,1000 -124.78,49.74,1000 -124.46,49.47,1000 -124.15,49.34,1000 -123.86,49.11,1000 -123.80,48.91,1000 -123.91,48.72,1000 -124.01,48.65,1000 -124.15,48.57,1000 -124.32,48.63,1000 -124.72,48.73,1000 -124.98,48.91,1000 -125.45,48.97,1000 -125.80,49.08,1000 -126.13,49.22,1000 -126.34,49.36,1000 -126.51,49.51,1000 -126.71,49.64,1000 -126.90,49.76,1000 -127.13,49.92,1000 -127.24,50.21,1000 -127.14,50.45,1000 
          </coordinates>
        </LinearRing>
      </innerBoundaryIs>
      <innerBoundaryIs>
        <LinearRing>
          <coordinates>
-110.87,47.11,1000 -110.61,47.15,1000 -110.47,47.08,1000 -110.31,47.00,1000 -110.26,46.83,1000 -110.37,46.68,1000 -110.46,46.52,1000 -110.34,46.41,1000 -110.19,46.31,1000 -110.10,46.12,1000 -110.15,45.95,1000 -110.38,45.87,1000 -110.62,45.80,1000 -110.79,45.74,1000 -110.49,45.73,1000 -110.21,45.74,1000 -110.08,45.71,1000 -109.91,45.65,1000 -109.70,45.57,1000 -109.46,45.46,1000 -109.26,45.36,1000 -109.09,45.25,1000 -109.01,45.14,1000 -109.00,45.01,1000 -109.04,44.85,1000 -109.12,44.64,1000 -109.17,44.42,1000 -109.07,44.23,1000 -108.97,44.01,1000 -108.98,43.84,1000 -109.02,43.64,1000 -109.05,43.45,1000 -109.06,43.30,1000 -108.97,43.16,1000 -108.85,43.06,1000 -108.77,42.85,1000 -108.72,42.64,1000 -108.82,42.43,1000 -109.05,42.35,1000 -109.21,42.37,1000 -109.39,42.41,1000 -109.61,42.49,1000 -109.80,42.56,1000 -109.94,42.55,1000 -110.09,42.39,1000 -110.16,42.25,1000 -110.25,42.11,1000 -110.38,42.02,1000 -110.52,41.96,1000 -110.75,41.90,1000 -110.91,41.94,1000 -111.01,41.92,1000 -111.09,41.75,1000 -111.11,41.57,1000 -111.14,41.39,1000 -111.29,41.25,1000 -111.57,41.21,1000 -111.71,41.32,1000 -111.85,41.48,1000 -111.97,41.64,1000 -112.05,41.80,1000 -112.05,42.02,1000 -111.96,42.17,1000 -111.94,42.35,1000 -111.93,42.53,1000 -111.90,42.74,1000 -111.96,42.84,1000 -112.02,42.95,1000 -112.00,43.08,1000 -111.92,43.27,1000 -111.84,43.42,1000 -111.74,43.61,1000 -111.65,43.80,1000 -111.61,43.95,1000 -111.71,44.12,1000 -111.86,44.25,1000 -111.90,44.43,1000 -111.91,44.60,1000 -111.92,44.75,1000 -111.93,44.89,1000 -111.90,45.11,1000 -111.86,45.22,1000 -111.79,45.32,1000 -111.68,45.41,1000 -111.54,45.50,1000 -111.34,45.54,1000 -111.13,45.64,1000 -111.02,45.82,1000 -110.92,46.06,1000 -110.86,46.26,1000 -110.84,46.43,1000 -110.87,46.55,1000 -110.94,46.69,1000 -111.05,46.82,1000 -110.87,47.11,1000 
          </coordinates>
        </LinearRing>
      </innerBoundaryIs>
      <innerBoundaryIs>
        <LinearRing>
          <coordinates>
-112.10,45.70,1000 -112.08,45.70,1000 -112.07,45.70,1000 -112.05,45.69,1000 -112.04,45.69,1000 -112.02,45.69,1000 -112.01,45.68,1000 -112.00,45.68,1000 -111.98,45.67,1000 -111.97,45.66,1000 -111.96,45.65,1000 -111.95,45.64,1000 -111.95,45.63,1000 -111.94,45.62,1000 -111.93,45.61,1000 -111.92,45.60,1000 -111.91,45.59,1000 -111.91,45.58,1000 -111.90,45.57,1000 -111.90,45.56,1000 -111.89,45.54,1000 -111.89,45.53,1000 -111.88,45.52,1000 -111.88,45.51,1000 -111.88,45.50,1000 -111.88,45.49,1000 -111.88,45.48,1000 -111.88,45.47,1000 -111.89,45.46,1000 -111.90,45.45,1000 -111.91,45.44,1000 -111.92,45.43,1000 -111.94,45.42,1000 -111.95,45.42,1000 -111.97,45.41,1000 -111.98,45.40,1000 -112.00,45.40,1000 -112.01,45.39,1000 -112.03,45.39,1000 -112.04,45.39,1000 -112.05,45.39,1000 -112.07,45.39,1000 -112.08,45.39,1000 -112.10,45.40,1000 -112.11,45.40,1000 -112.13,45.41,1000 -112.14,45.42,1000 -112.16,45.42,1000 -112.17,45.43,1000 -112.18,45.44,1000 -112.19,45.45,1000 -112.20,45.46,1000 -112.21,45.47,1000 -112.21,45.48,1000 -112.21,45.49,1000 -112.22,45.50,1000 -112.22,45.51,1000 -112.22,45.52,1000 -112.22,45.53,1000 -112.22,45.54,1000 -112.22,45.55,1000 -112.22,45.57,1000 -112.22,45.58,1000 -112.22,45.59,1000 -112.21,45.60,1000 -112.21,45.62,1000 -112.21,45.63,1000 -112.10,45.70,1000 
          </coordinates>
        </LinearRing>
      </innerBoundaryIs>
  </Polygon>
 </MultiGeometry>
</Placemark>
<Placemark>
  <name>1%</name>
  <visibility>1</visibility>
  <styleUrl>#poly_1</styleUrl>
  <MultiGeometry>
    <Polygon>
      <outerBoundaryIs>
        <LinearRing>
          <coordinates>
-122.56,41.73,0 -122.50,41.74,0 -122.43,41.76,0 -122.37,41.77,0 -122.30,41.79,0 -122.24,41.80,0 -122.18,41.81,0 -122.11,41.82,0 -122.04,41.83,0 -121.97,41.84,0 -121.90,41.85,0 -121.84,41.86,0 -121.77,41.87,0 -121.70,41.87,0 -121.64,41.87,0 -121.57,41.86,0 -121.50,41.85,0 -121.43,41.83,0 -121.37,41.81,0 -121.31,41.79,0 -121.27,41.77,0 -121.22,41.73,0 -121.20,41.69,0 -121.18,41.65,0 -121.17,41.61,0 -121.16,41.57,0 -121.15,41.52,0 -121.16,41.48,0 -121.18,41.43,0 -121.21,41.40,0 -121.26,41.36,0 -121.31,41.32,0 -121.36,41.29,0 -121.42,41.26,0 -121.47,41.23,0 -121.53,41.21,0 -121.60,41.20,0 -121.67,41.19,0 -121.73,41.18,0 -121.78,41.16,0 -121.83,41.12,0 -121.85,41.07,0 -121.89,41.03,0 -121.94,41.01,0 -121.99,40.99,0 -122.05,40.97,0 -122.11,40.95,0 -122.17,40.94,0 -122.23,40.93,0 -122.29,40.91,0 -122.35,40.89,0 -122.39,40.86,0 -122.42,40.82,0 -122.45,40.79,0 -122.48,40.75,0 -122.52,40.72,0 -122.57,40.70,0 -122.61,40.68,0 -122.67,40.67,0 -122.74,40.66,0 -122.80,40.65,0 -122.86,40.64,0 -122.93,40.63,0 -123.01,40.63,0 -123.08,40.62,0 -123.14,40.62,0 -123.20,40.62,0 -123.28,40.63,0 -123.33,40.66,0 -123.38,40.69,0 -123.42,40.72,0 -123.45,40.76,0 -123.47,40.80,0 -123.48,40.85,0 -123.49,40.89,0 -123.50,40.93,0 -123.52,40.97,0 -123.53,41.02,0 -123.52,41.06,0 -123.50,41.10,0 -123.46,41.15,0 -123.42,41.19,0 -123.38,41.24,0 -123.35,41.28,0 -123.32,41.33,0 -123.29,41.37,0 -123.25,41.42,0 -123.20,41.45,0 -123.15,41.47,0 -123.10,41.49,0 -123.03,41.50,0 -122.97,41.51,0 -122.90,41.52,0 -122.82,41.53,0 -122.75,41.54,0 -122.56,41.73,0 
          </coordinates>
        </LinearRing>
      </outerBoundaryIs>
      <innerBoundaryIs>
        <LinearRing>
          <coordinates>
-122.53,41.61,1000 -122.49,41.64,1000 -122.45,41.67,1000 -122.41,41.70,1000 -122.37,41.72,1000 -122.33,41.74,1000 -122.28,41.76,1000 -122.23,41.77,1000 -122.18,41.78,1000 -122.10,41.78,1000 -122.05,41.78,1000 -121.99,41.78,1000 -121.92,41.78,1000 -121.86,41.78,1000 -121.79,41.78,1000 -121.72,41.78,1000 -121.66,41.77,1000 -121.61,41.76,1000 -121.55,41.74,1000 -121.49,41.71,1000 -121.45,41.68,1000 -121.41,41.65,1000 -121.38,41.62,1000 -121.36,41.58,1000 -121.36,41.54,1000 -121.37,41.50,1000 -121.39,41.46,1000 -121.42,41.42,1000 -121.46,41.38,1000 -121.50,41.34,1000 -121.54,41.32,1000 -121.58,41.30,1000 -121.63,41.27,1000 -121.68,41.25,1000 -121.74,41.23,1000 -121.79,41.21,1000 -121.84,41.20,1000 -121.89,41.18,1000 -121.93,41.16,1000 -121.98,41.13,1000 -122.02,41.10,1000 -122.05,41.07,1000 -122.08,41.05,1000 -122.13,41.02,1000 -122.18,41.00,1000 -122.23,40.98,1000 -122.28,40.96,1000 -122.34,40.94,1000 -122.40,40.91,1000 -122.45,40.89,1000 -122.50,40.87,1000 -122.55,40.84,1000 -122.59,40.81,1000 -122.63,40.78,1000 -122.67,40.75,1000 -122.71,40.72,1000 -122.75,40.70,1000 -122.81,40.68,1000 -122.86,40.67,1000 -122.92,40.67,1000 -122.98,40.67,1000 -123.03,40.68,1000 -123.09,40.69,1000 -123.14,40.71,1000 -123.19,40.73,1000 -123.24,40.75,1000 -123.28,40.78,1000 -123.32,40.81,1000 -123.36,40.84,1000 -123.38,40.87,1000 -123.40,40.91,1000 -123.40,40.95,1000 -123.40,40.98,1000 -123.38,41.02,1000 -123.36,41.06,1000 -123.34,41.10,1000 -123.32,41.14,1000 -123.29,41.17,1000 -123.26,41.21,1000 -123.23,41.25,1000 -123.19,41.29,1000 -123.16,41.32,1000 -123.12,41.35,1000 -123.09,41.39,1000 -123.05,41.42,1000 -123.01,41.44,1000 -122.97,41.46,1000 -122.92,41.48,1000 -122.86,41.49,1000 -122.80,41.50,1000 -122.74,41.50,1000 -122.53,41.61,1000 
          </coordinates>
        </LinearRing>
      </innerBoundaryIs>
  </Polygon>
 </MultiGeometry>
</Placemark>
<Placemark>
  <name>1%</name>
  <visibility>1</visibility>
  <styleUrl>#poly_1</styleUrl>
  <MultiGeometry>
    <Polygon>
      <outerBoundaryIs>
        <LinearRing>
          <coordinates>
-115.72,41.98,0 -115.70,41.99,0 -115.68,42.01,0 -115.66,42.02,0 -115.63,42.04,0 -115.61,42.05,0 -115.59,42.06,0 -115.57,42.07,0 -115.55,42.08,0 -115.52,42.09,0 -115.50,42.09,0 -115.48,42.09,0 -115.45,42.09,0 -115.42,42.09,0 -115.40,42.08,0 -115.37,42.07,0 -115.34,42.07,0 -115.32,42.06,0 -115.30,42.05,0 -115.28,42.04,0 -115.26,42.04,0 -115.23,42.04,0 -115.23,42.04,0 -115.21,42.02,0 -115.20,42.01,0 -115.19,42.00,0 -115.17,41.98,0 -115.15,41.97,0 -115.14,41.95,0 -115.12,41.93,0 -115.11,41.91,0 -115.10,41.90,0 -115.09,41.88,0 -115.08,41.86,0 -115.08,41.84,0 -115.08,41.82,0 -115.08,41.80,0 -115.09,41.78,0 -115.10,41.76,0 -115.11,41.74,0 -115.12,41.72,0 -115.13,41.71,0 -115.13,41.69,0 -115.14,41.68,0 -115.15,41.66,0 -115.15,41.65,0 -115.18,41.64,0 -115.20,41.63,0 -115.21,41.62,0 -115.24,41.61,0 -115.26,41.60,0 -115.28,41.58,0 -115.31,41.57,0 -115.34,41.56,0 -115.36,41.55,0 -115.39,41.55,0 -115.41,41.55,0 -115.44,41.55,0 -115.47,41.56,0 -115.50,41.56,0 -115.53,41.57,0 -115.55,41.58,0 -115.58,41.58,0 -115.60,41.59,0 -115.62,41.60,0 -115.64,41.60,0 -115.66,41.60,0 -115.66,41.62,0 -115.67,41.63,0 -115.69,41.64,0 -115.70,41.66,0 -115.72,41.67,0 -115.74,41.69,0 -115.76,41.71,0 -115.78,41.73,0 -115.79,41.74,0 -115.80,41.76,0 -115.81,41.78,0 -115.81,41.80,0 -115.81,41.81,0 -115.81,41.83,0 -115.80,41.85,0 -115.80,41.87,0 -115.79,41.89,0 -115.78,41.90,0 -115.76,41.92,0 -115.75,41.94,0 -115.74,41.96,0 -115.72,41.98,0 
          </coordinates>
        </LinearRing>
      </outerBoundaryIs>
  </Polygon>
 </MultiGeometry>
</Placemark>
<Placemark>
  <name>1%</name>
  <visibility>1</visibility>
  <styleUrl>#poly_1</styleUrl>
  <MultiGeometry>
    <Polygon>
      <outerBoundaryIs>
        <LinearRing>
          <coordinates>
-108.14,52.27,0 -107.64,52.34,0 -107.18,52.36,0 -106.07,52.45,0 -104.85,52.53,0 -103.77,52.57,0 -102.97,52.44,0 -101.99,52.36,0 -101.17,52.10,0 -100.40,52.07,0 -99.19,52.02,0 -98.34,52.20,0 -97.77,52.22,0 -97.13,52.18,0 -96.31,52.11,0 -95.28,52.17,0 -94.30,52.23,0 -93.95,52.16,0 -93.45,52.12,0 -92.38,52.02,0 -91.88,52.11,0 -91.42,52.13,0 -90.86,52.06,0 -90.53,51.96,0 -89.79,51.62,0 -88.83,51.49,0 -87.90,51.33,0 -87.06,51.17,0 -85.57,50.82,0 -85.09,50.71,0 -84.71,50.58,0 -84.16,50.24,0 -83.72,50.09,0 -83.44,49.95,0 -83.18,49.75,0 -82.78,49.62,0 -82.48,49.49,0 -82.08,49.25,0 -81.80,49.10,0 -81.32,48.99,0 -80.58,48.84,0 -79.87,48.67,0 -79.40,48.60,0 -78.98,48.50,0 -78.18,48.31,0 -77.91,48.22,0 -77.59,48.19,0 -77.16,48.13,0 -76.78,48.01,0 -76.53,47.84,0 -76.18,47.41,0 -76.05,47.21,0 -75.95,46.93,0 -75.69,46.42,0 -75.41,45.91,0 -75.21,45.43,0 -75.03,45.20,0 -74.79,45.16,0 -74.38,45.23,0 -73.84,45.23,0 -73.35,45.30,0 -73.10,45.49,0 -72.08,46.19,0 -71.53,46.57,0 -71.25,46.69,0 -70.95,46.87,0 -70.58,47.23,0 -70.41,47.53,0 -70.46,47.76,0 -71.02,47.89,0 -71.26,47.98,0 -71.25,48.12,0 -70.89,48.28,0 -70.62,48.33,0 -70.12,48.33,0 -69.79,48.36,0 -69.27,48.71,0 -68.71,49.09,0 -68.16,49.39,0 -67.86,49.61,0 -67.46,49.69,0 -67.06,49.68,0 -66.88,49.88,0 -66.43,49.93,0 -65.95,50.04,0 -65.74,50.09,0 -65.42,50.06,0 -65.16,49.91,0 -64.48,49.64,0 -63.75,49.35,0 -62.99,49.02,0 -62.72,48.82,0 -62.56,48.51,0 -62.14,48.26,0 -61.76,48.07,0 -61.57,47.84,0 -61.67,47.43,0 -61.80,47.07,0 -62.05,46.40,0 -62.31,45.66,0 -62.56,44.92,0 -62.80,44.24,0 -63.03,43.63,0 -63.62,43.20,0 -64.23,42.87,0 -64.87,42.60,0 -65.35,42.31,0 -65.94,41.91,0 -66.24,41.76,0 -66.63,41.65,0 -67.30,41.39,0 -67.84,41.14,0 -68.56,40.82,0 -69.53,40.37,0 -70.66,39.82,0 -71.88,39.20,0 -73.12,38.56,0 -74.30,37.93,0 -75.37,37.34,0 -76.26,36.85,0 -76.92,36.50,0 -78.00,36.68,0 -78.52,37.10,0 -78.95,37.49,0 -79.22,37.42,0 -79.54,37.51,0 -79.65,37.73,0 -79.85,37.69,0 -80.16,37.42,0 -80.31,37.19,0 -80.59,37.06,0 -80.78,36.85,0 -80.94,36.66,0 -81.03,36.35,0 -81.43,35.84,0 -81.73,35.73,0 -81.96,35.55,0 -82.12,35.38,0 -82.30,35.31,0 -82.88,35.28,0 -83.17,35.15,0 -83.44,35.10,0 -83.84,35.03,0 -84.23,35.10,0 -84.33,35.21,0 -84.35,35.41,0 -84.15,35.68,0 -83.90,35.89,0 -83.56,36.05,0 -83.20,36.38,0 -83.62,36.61,0 -83.86,36.86,0 -83.95,37.05,0 -83.94,37.24,0 -83.62,37.79,0 -83.52,38.03,0 -83.59,38.23,0 -83.68,38.46,0 -83.95,39.05,0 -84.14,39.49,0 -84.36,39.70,0 -84.64,39.86,0 -85.22,39.81,0 -85.58,39.91,0 -85.87,40.04,0 -86.48,40.38,0 -87.11,40.75,0 -87.55,41.15,0 -87.73,41.43,0 -87.74,41.72,0 -87.90,41.98,0 -87.94,42.30,0 -88.05,42.60,0 -88.08,43.00,0 -88.10,43.34,0 -88.26,43.44,0 -88.54,43.57,0 -88.79,43.75,0 -89.12,43.91,0 -89.53,43.96,0 -90.37,44.25,0 -91.04,44.52,0 -91.66,44.81,0 -92.00,44.92,0 -92.25,45.06,0 -92.64,45.42,0 -92.82,45.65,0 -93.07,45.85,0 -93.57,46.06,0 -94.19,46.38,0 -94.50,46.56,0 -94.90,46.64,0 -95.27,46.72,0 -95.78,46.78,0 -96.08,46.90,0 -96.36,47.07,0 -96.92,47.54,0 -97.18,47.76,0 -97.50,47.92,0 -98.17,48.10,0 -98.92,48.36,0 -99.24,48.53,0 -99.66,48.63,0 -100.47,48.74,0 -101.45,49.51,0 -102.26,49.68,0 -103.00,49.77,0 -103.42,49.89,0 -103.87,50.06,0 -104.43,50.13,0 -104.73,50.22,0 -104.89,50.31,0 -105.02,50.48,0 -104.99,50.68,0 -104.83,50.82,0 -104.50,50.91,0 -103.95,50.98,0 -103.70,51.03,0 -104.02,51.18,0 -104.63,51.35,0 -104.97,51.49,0 -105.40,51.60,0 -105.87,51.65,0 -106.26,51.72,0 -107.07,51.85,0 -108.17,51.89,0 -108.51,51.95,0 -108.79,52.03,0 -108.67,52.12,0 -108.14,52.27,0 
          </coordinates>
        </LinearRing>
      </outerBoundaryIs>
      <innerBoundaryIs>
        <LinearRing>
          <coordinates>
-106.29,52.21,1000 -105.34,52.26,1000 -104.25,52.37,1000 -103.66,52.34,1000 -103.31,52.26,1000 -102.26,52.22,1000 -101.93,52.17,1000 -101.61,52.05,1000 -101.03,51.93,1000 -100.74,51.93,1000 -99.70,51.88,1000 -99.24,51.88,1000 -98.69,51.96,1000 -98.48,52.03,1000 -97.94,52.09,1000 -96.95,52.04,1000 -96.23,51.97,1000 -95.59,51.97,1000 -95.28,52.05,1000 -94.75,52.12,1000 -94.12,52.09,1000 -93.69,52.00,1000 -93.36,51.98,1000 -92.77,51.94,1000 -92.14,51.92,1000 -91.65,51.99,1000 -91.25,51.97,1000 -90.85,51.92,1000 -90.50,51.82,1000 -89.85,51.54,1000 -88.99,51.37,1000 -88.14,51.23,1000 -87.59,51.15,1000 -87.25,51.06,1000 -86.42,50.86,1000 -85.65,50.66,1000 -84.99,50.46,1000 -84.36,50.09,1000 -83.98,49.95,1000 -83.69,49.78,1000 -83.42,49.60,1000 -83.11,49.49,1000 -82.75,49.37,1000 -82.38,49.17,1000 -82.10,49.00,1000 -81.60,48.86,1000 -80.82,48.71,1000 -79.93,48.53,1000 -79.16,48.38,1000 -78.32,48.18,1000 -77.54,47.99,1000 -77.24,47.92,1000 -76.90,47.70,1000 -76.53,47.29,1000 -76.33,47.07,1000 -76.21,46.83,1000 -75.90,46.31,1000 -75.64,45.86,1000 -75.48,45.41,1000 -75.32,45.12,1000 -75.00,44.98,1000 -74.19,45.08,1000 -73.43,45.08,1000 -73.11,45.25,1000 -72.84,45.48,1000 -72.34,45.76,1000 -71.79,46.17,1000 -71.23,46.51,1000 -70.70,46.85,1000 -70.35,47.23,1000 -70.18,47.48,1000 -70.15,47.85,1000 -70.08,48.04,1000 -69.82,48.12,1000 -69.53,48.27,1000 -69.03,48.67,1000 -68.45,49.01,1000 -67.90,49.32,1000 -67.63,49.52,1000 -67.37,49.58,1000 -67.03,49.65,1000 -66.76,49.84,1000 -65.99,49.97,1000 -65.49,49.94,1000 -65.13,49.77,1000 -64.46,49.49,1000 -63.79,49.21,1000 -63.32,49.04,1000 -62.94,48.82,1000 -62.57,48.35,1000 -61.99,48.06,1000 -61.76,47.85,1000 -61.68,47.68,1000 -61.70,47.50,1000 -61.98,46.71,1000 -62.36,45.64,1000 -62.65,44.79,1000 -62.89,44.13,1000 -63.03,43.82,1000 -63.25,43.60,1000 -63.81,43.23,1000 -64.42,42.92,1000 -65.10,42.58,1000 -65.95,42.16,1000 -66.59,41.84,1000 -67.00,41.73,1000 -67.31,41.58,1000 -67.95,41.29,1000 -68.65,41.06,1000 -69.13,40.76,1000 -69.62,40.41,1000 -70.20,40.18,1000 -70.93,39.93,1000 -71.52,39.68,1000 -72.14,39.45,1000 -72.32,39.30,1000 -72.57,38.99,1000 -72.90,38.54,1000 -73.23,38.09,1000 -73.51,37.82,1000 -73.78,37.64,1000 -74.37,37.37,1000 -74.96,36.88,1000 -75.31,36.77,1000 -75.64,36.70,1000 -76.30,36.60,1000 -76.71,36.62,1000 -77.20,36.72,1000 -77.75,36.84,1000 -78.10,37.01,1000 -78.29,37.22,1000 -78.40,37.70,1000 -78.47,37.86,1000 -78.59,37.84,1000 -78.84,37.65,1000 -79.23,37.55,1000 -79.47,37.69,1000 -79.65,37.90,1000 -79.93,37.78,1000 -80.14,37.61,1000 -80.32,37.37,1000 -80.74,37.06,1000 -80.92,36.86,1000 -81.10,36.44,1000 -81.45,35.97,1000 -81.97,35.66,1000 -82.29,35.45,1000 -82.53,35.41,1000 -82.97,35.32,1000 -83.31,35.21,1000 -83.84,35.18,1000 -84.05,35.24,1000 -84.16,35.42,1000 -83.95,35.72,1000 -83.73,35.89,1000 -83.21,36.16,1000 -82.99,36.46,1000 -83.11,36.57,1000 -83.38,36.64,1000 -83.60,36.82,1000 -83.70,36.94,1000 -83.72,37.13,1000 -83.55,37.39,1000 -83.36,37.56,1000 -82.95,37.94,1000 -82.76,38.24,1000 -82.70,38.52,1000 -82.90,38.69,1000 -83.26,38.82,1000 -83.63,39.24,1000 -84.02,39.68,1000 -84.59,40.01,1000 -85.29,40.19,1000 -85.53,40.28,1000 -85.92,40.34,1000 -86.32,40.47,1000 -86.65,40.63,1000 -86.94,40.78,1000 -87.22,40.99,1000 -87.49,41.28,1000 -87.60,41.52,1000 -87.74,42.07,1000 -87.86,42.68,1000 -87.87,43.33,1000 -88.05,43.60,1000 -88.31,43.74,1000 -88.79,44.06,1000 -89.68,44.24,1000 -90.36,44.46,1000 -91.01,44.70,1000 -91.61,45.00,1000 -91.93,45.14,1000 -92.23,45.35,1000 -92.59,45.76,1000 -93.04,46.05,1000 -93.68,46.38,1000 -94.36,46.70,1000 -95.02,46.89,1000 -95.50,46.96,1000 -95.88,47.08,1000 -96.38,47.41,1000 -96.86,47.86,1000 -97.41,48.22,1000 -98.00,48.55,1000 -99.25,49.00,1000 -100.10,49.13,1000 -100.41,49.26,1000 -100.65,49.42,1000 -100.92,49.62,1000 -101.25,49.74,1000 -101.97,49.94,1000 -102.86,50.08,1000 -103.45,50.25,1000 -104.30,50.47,1000 -104.20,50.64,1000 -103.85,50.70,1000 -102.81,50.74,1000 -101.94,50.73,1000 -101.98,50.91,1000 -102.30,51.03,1000 -102.99,51.27,1000 -103.74,51.38,1000 -104.19,51.47,1000 -104.63,51.63,1000 -104.99,51.80,1000 -105.58,51.94,1000 -106.38,52.03,1000 -106.41,52.20,1000 -106.29,52.21,1000 
          </coordinates>
        </LinearRing>
      </innerBoundaryIs>
  </Polygon>
 </MultiGeometry>
</Placemark>
<Placemark>
  <name>1%</name>
  <visibility>1</visibility>
  <styleUrl>#poly_1</styleUrl>
  <MultiGeometry>
    <Polygon>
      <outerBoundaryIs>
        <LinearRing>
          <coordinates>
-109.62,50.21,0 -109.54,50.22,0 -109.46,50.23,0 -109.39,50.24,0 -109.31,50.25,0 -109.24,50.25,0 -109.18,50.26,0 -109.12,50.26,0 -109.04,50.26,0 -108.98,50.25,0 -108.92,50.24,0 -108.85,50.23,0 -108.79,50.22,0 -108.73,50.20,0 -108.67,50.18,0 -108.60,50.16,0 -108.54,50.14,0 -108.47,50.12,0 -108.41,50.10,0 -108.34,50.08,0 -108.27,50.06,0 -108.20,50.04,0 -108.14,50.02,0 -108.09,50.01,0 -108.05,49.99,0 -108.02,49.96,0 -108.04,49.93,0 -108.05,49.89,0 -108.07,49.85,0 -108.10,49.81,0 -108.14,49.80,0 -108.19,49.79,0 -108.27,49.77,0 -108.32,49.75,0 -108.37,49.73,0 -108.43,49.70,0 -108.50,49.68,0 -108.56,49.65,0 -108.62,49.63,0 -108.68,49.61,0 -108.75,49.59,0 -108.82,49.57,0 -108.88,49.56,0 -108.94,49.55,0 -109.00,49.55,0 -109.07,49.56,0 -109.14,49.58,0 -109.20,49.60,0 -109.27,49.63,0 -109.32,49.65,0 -109.38,49.68,0 -109.43,49.71,0 -109.49,49.73,0 -109.54,49.74,0 -109.60,49.74,0 -109.67,49.74,0 -109.73,49.72,0 -109.80,49.70,0 -109.85,49.68,0 -109.91,49.64,0 -109.97,49.60,0 -110.03,49.57,0 -110.09,49.53,0 -110.14,49.51,0 -110.21,49.49,0 -110.26,49.48,0 -110.32,49.48,0 -110.37,49.49,0 -110.42,49.51,0 -110.48,49.54,0 -110.53,49.57,0 -110.57,49.61,0 -110.60,49.64,0 -110.61,49.68,0 -110.59,49.72,0 -110.56,49.76,0 -110.51,49.81,0 -110.47,49.84,0 -110.42,49.87,0 -110.37,49.90,0 -110.31,49.92,0 -110.25,49.95,0 -110.19,49.98,0 -110.14,50.01,0 -110.08,50.05,0 -110.03,50.08,0 -109.97,50.11,0 -109.93,50.15,0 -109.88,50.18,0 -109.62,50.21,0 
          </coordinates>
        </LinearRing>
      </outerBoundaryIs>
  </Polygon>
 </MultiGeometry>
</Placemark>
<Placemark>
  <name>1%</name>
  <visibility>1</visibility>
  <styleUrl>#poly_1</styleUrl>
  <MultiGeometry>
    <Polygon>
      <outerBoundaryIs>
        <LinearRing>
          <coordinates>
-115.47,40.78,0 -115.46,40.78,0 -115.45,40.78,0 -115.44,40.77,0 -115.41,40.76,0 -115.40,40.75,0 -115.39,40.75,0 -115.37,40.74,0 -115.35,40.73,0 -115.34,40.72,0 -115.32,40.71,0 -115.30,40.70,0 -115.28,40.69,0 -115.26,40.68,0 -115.25,40.67,0 -115.23,40.66,0 -115.22,40.66,0 -115.21,40.65,0 -115.19,40.64,0 -115.18,40.63,0 -115.17,40.62,0 -115.17,40.61,0 -115.17,40.60,0 -115.17,40.59,0 -115.18,40.58,0 -115.20,40.56,0 -115.21,40.55,0 -115.22,40.54,0 -115.23,40.53,0 -115.24,40.52,0 -115.25,40.50,0 -115.26,40.49,0 -115.28,40.48,0 -115.29,40.46,0 -115.30,40.45,0 -115.31,40.44,0 -115.32,40.43,0 -115.33,40.42,0 -115.34,40.41,0 -115.36,40.39,0 -115.37,40.38,0 -115.38,40.38,0 -115.39,40.38,0 -115.40,40.38,0 -115.42,40.38,0 -115.43,40.39,0 -115.46,40.40,0 -115.47,40.41,0 -115.48,40.41,0 -115.50,40.42,0 -115.51,40.43,0 -115.53,40.44,0 -115.55,40.45,0 -115.57,40.46,0 -115.58,40.47,0 -115.60,40.48,0 -115.61,40.49,0 -115.63,40.50,0 -115.64,40.50,0 -115.65,40.51,0 -115.67,40.52,0 -115.68,40.53,0 -115.69,40.54,0 -115.69,40.55,0 -115.69,40.56,0 -115.69,40.57,0 -115.68,40.58,0 -115.67,40.60,0 -115.66,40.61,0 -115.66,40.62,0 -115.65,40.63,0 -115.64,40.64,0 -115.63,40.65,0 -115.62,40.66,0 -115.61,40.67,0 -115.59,40.68,0 -115.58,40.70,0 -115.57,40.71,0 -115.56,40.72,0 -115.54,40.74,0 -115.53,40.75,0 -115.47,40.78,0 
          </coordinates>
        </LinearRing>
      </outerBoundaryIs>
  </Polygon>
 </MultiGeometry>
</Placemark>
<Placemark>
  <name>1%</name>
  <visibility>1</visibility>
  <styleUrl>#poly_1</styleUrl>
  <MultiGeometry>
    <Polygon>
      <outerBoundaryIs>
        <LinearRing>
          <coordinates>
-107.13,39.34,0 -107.10,39.35,0 -107.07,39.35,0 -107.04,39.36,0 -107.01,39.36,0 -106.97,39.37,0 -106.94,39.37,0 -106.91,39.38,0 -106.88,39.38,0 -106.85,39.39,0 -106.82,39.39,0 -106.80,39.40,0 -106.77,39.40,0 -106.74,39.41,0 -106.71,39.41,0 -106.68,39.41,0 -106.65,39.41,0 -106.61,39.41,0 -106.57,39.41,0 -106.54,39.41,0 -106.50,39.41,0 -106.47,39.41,0 -106.45,39.40,0 -106.43,39.38,0 -106.42,39.36,0 -106.41,39.34,0 -106.40,39.32,0 -106.40,39.29,0 -106.40,39.27,0 -106.40,39.24,0 -106.41,39.22,0 -106.41,39.19,0 -106.42,39.17,0 -106.42,39.15,0 -106.42,39.14,0 -106.42,39.12,0 -106.42,39.09,0 -106.43,39.07,0 -106.43,39.05,0 -106.44,39.02,0 -106.45,39.00,0 -106.46,38.97,0 -106.47,38.94,0 -106.48,38.92,0 -106.49,38.90,0 -106.51,38.88,0 -106.52,38.86,0 -106.54,38.85,0 -106.56,38.83,0 -106.58,38.82,0 -106.61,38.81,0 -106.63,38.80,0 -106.66,38.79,0 -106.68,38.78,0 -106.71,38.77,0 -106.74,38.76,0 -106.77,38.75,0 -106.80,38.75,0 -106.83,38.74,0 -106.86,38.73,0 -106.89,38.73,0 -106.92,38.73,0 -106.94,38.72,0 -106.97,38.72,0 -107.00,38.72,0 -107.03,38.72,0 -107.06,38.73,0 -107.09,38.74,0 -107.11,38.75,0 -107.14,38.76,0 -107.17,38.77,0 -107.20,38.79,0 -107.23,38.80,0 -107.25,38.82,0 -107.28,38.83,0 -107.30,38.85,0 -107.32,38.87,0 -107.34,38.89,0 -107.36,38.91,0 -107.38,38.93,0 -107.39,38.95,0 -107.41,38.98,0 -107.42,39.00,0 -107.42,39.02,0 -107.42,39.04,0 -107.41,39.07,0 -107.40,39.09,0 -107.39,39.12,0 -107.37,39.14,0 -107.36,39.16,0 -107.35,39.18,0 -107.34,39.19,0 -107.34,39.20,0 -107.13,39.34,0 
          </coordinates>
        </LinearRing>
      </outerBoundaryIs>
      <innerBoundaryIs>
        <LinearRing>
          <coordinates>
-107.10,39.08,1000 -107.09,39.09,1000 -107.08,39.09,1000 -107.07,39.10,1000 -107.05,39.10,1000 -107.04,39.11,1000 -107.03,39.11,1000 -107.02,39.11,1000 -107.01,39.12,1000 -107.00,39.12,1000 -106.99,39.13,1000 -106.98,39.13,1000 -106.97,39.13,1000 -106.96,39.14,1000 -106.95,39.14,1000 -106.94,39.14,1000 -106.93,39.15,1000 -106.92,39.15,1000 -106.91,39.15,1000 -106.90,39.15,1000 -106.89,39.15,1000 -106.88,39.15,1000 -106.87,39.15,1000 -106.86,39.15,1000 -106.84,39.14,1000 -106.83,39.14,1000 -106.82,39.14,1000 -106.81,39.13,1000 -106.79,39.12,1000 -106.78,39.12,1000 -106.77,39.11,1000 -106.76,39.10,1000 -106.76,39.10,1000 -106.75,39.09,1000 -106.74,39.08,1000 -106.74,39.08,1000 -106.74,39.07,1000 -106.74,39.06,1000 -106.74,39.06,1000 -106.74,39.05,1000 -106.75,39.04,1000 -106.75,39.03,1000 -106.76,39.02,1000 -106.77,39.02,1000 -106.78,39.01,1000 -106.79,39.00,1000 -106.80,38.99,1000 -106.81,38.98,1000 -106.82,38.98,1000 -106.83,38.97,1000 -106.84,38.97,1000 -106.85,38.96,1000 -106.86,38.96,1000 -106.87,38.96,1000 -106.88,38.96,1000 -106.89,38.96,1000 -106.90,38.96,1000 -106.91,38.96,1000 -106.92,38.96,1000 -106.94,38.96,1000 -106.95,38.96,1000 -106.96,38.97,1000 -106.97,38.97,1000 -106.99,38.97,1000 -107.00,38.98,1000 -107.01,38.98,1000 -107.02,38.98,1000 -107.03,38.98,1000 -107.05,38.99,1000 -107.06,38.99,1000 -107.07,38.99,1000 -107.08,39.00,1000 -107.08,39.00,1000 -107.09,39.00,1000 -107.11,39.01,1000 -107.12,39.01,1000 -107.13,39.02,1000 -107.13,39.03,1000 -107.13,39.03,1000 -107.13,39.04,1000 -107.10,39.08,1000 
          </coordinates>
        </LinearRing>
      </innerBoundaryIs>
  </Polygon>
 </MultiGeometry>
</Placemark>
<Placemark>
  <name>1%</name>
  <visibility>1</visibility>
  <styleUrl>#poly_1</styleUrl>
  <MultiGeometry>
    <Polygon>
      <outerBoundaryIs>
        <LinearRing>
          <coordinates>
-108.10,45.14,0 -108.04,45.17,0 -107.99,45.19,0 -107.93,45.21,0 -107.87,45.22,0 -107.80,45.22,0 -107.74,45.21,0 -107.67,45.19,0 -107.62,45.18,0 -107.58,45.16,0 -107.54,45.13,0 -107.51,45.10,0 -107.47,45.07,0 -107.43,45.03,0 -107.40,44.99,0 -107.37,44.97,0 -107.34,44.95,0 -107.30,44.93,0 -107.24,44.90,0 -107.18,44.87,0 -107.13,44.84,0 -107.09,44.82,0 -107.08,44.82,0 -107.04,44.80,0 -106.99,44.77,0 -106.93,44.73,0 -106.87,44.70,0 -106.83,44.68,0 -106.79,44.66,0 -106.77,44.64,0 -106.73,44.61,0 -106.70,44.57,0 -106.67,44.53,0 -106.65,44.50,0 -106.64,44.46,0 -106.65,44.41,0 -106.66,44.37,0 -106.67,44.33,0 -106.70,44.29,0 -106.74,44.25,0 -106.77,44.22,0 -106.80,44.18,0 -106.83,44.14,0 -106.86,44.11,0 -106.90,44.08,0 -106.94,44.05,0 -106.99,44.03,0 -107.04,44.01,0 -107.10,44.00,0 -107.16,43.99,0 -107.22,43.99,0 -107.28,43.99,0 -107.35,44.00,0 -107.42,44.01,0 -107.47,44.02,0 -107.52,44.04,0 -107.55,44.06,0 -107.59,44.09,0 -107.62,44.12,0 -107.64,44.15,0 -107.67,44.19,0 -107.69,44.23,0 -107.71,44.26,0 -107.73,44.30,0 -107.74,44.33,0 -107.75,44.36,0 -107.78,44.38,0 -107.81,44.39,0 -107.85,44.42,0 -107.88,44.45,0 -107.92,44.48,0 -107.95,44.52,0 -107.99,44.56,0 -108.01,44.58,0 -108.02,44.60,0 -108.05,44.62,0 -108.09,44.65,0 -108.14,44.68,0 -108.18,44.71,0 -108.21,44.74,0 -108.23,44.78,0 -108.24,44.82,0 -108.24,44.87,0 -108.24,44.91,0 -108.23,44.95,0 -108.22,44.98,0 -108.20,45.02,0 -108.18,45.05,0 -108.16,45.09,0 -108.10,45.14,0 
          </coordinates>
        </LinearRing>
      </outerBoundaryIs>
      <innerBoundaryIs>
        <LinearRing>
          <coordinates>
-107.84,45.03,1000 -107.80,45.01,1000 -107.75,45.00,1000 -107.71,44.98,1000 -107.68,44.97,1000 -107.64,44.96,1000 -107.62,44.95,1000 -107.59,44.94,1000 -107.57,44.93,1000 -107.53,44.91,1000 -107.50,44.88,1000 -107.46,44.86,1000 -107.42,44.83,1000 -107.38,44.81,1000 -107.36,44.80,1000 -107.32,44.79,1000 -107.29,44.78,1000 -107.25,44.76,1000 -107.20,44.75,1000 -107.15,44.73,1000 -107.10,44.71,1000 -107.07,44.70,1000 -107.03,44.68,1000 -107.01,44.67,1000 -106.98,44.65,1000 -106.96,44.63,1000 -106.93,44.61,1000 -106.91,44.58,1000 -106.88,44.55,1000 -106.86,44.52,1000 -106.85,44.49,1000 -106.84,44.46,1000 -106.84,44.43,1000 -106.84,44.40,1000 -106.85,44.37,1000 -106.86,44.34,1000 -106.87,44.31,1000 -106.89,44.28,1000 -106.91,44.25,1000 -106.94,44.22,1000 -106.97,44.20,1000 -107.01,44.18,1000 -107.04,44.17,1000 -107.08,44.15,1000 -107.12,44.14,1000 -107.16,44.13,1000 -107.20,44.13,1000 -107.24,44.13,1000 -107.28,44.13,1000 -107.33,44.14,1000 -107.37,44.16,1000 -107.42,44.17,1000 -107.46,44.19,1000 -107.49,44.20,1000 -107.53,44.22,1000 -107.55,44.24,1000 -107.57,44.27,1000 -107.59,44.29,1000 -107.60,44.32,1000 -107.62,44.34,1000 -107.64,44.37,1000 -107.66,44.40,1000 -107.68,44.43,1000 -107.70,44.46,1000 -107.71,44.49,1000 -107.73,44.51,1000 -107.74,44.54,1000 -107.76,44.57,1000 -107.78,44.60,1000 -107.80,44.62,1000 -107.83,44.65,1000 -107.86,44.67,1000 -107.89,44.69,1000 -107.92,44.71,1000 -107.94,44.74,1000 -107.96,44.76,1000 -107.97,44.79,1000 -107.98,44.82,1000 -107.99,44.84,1000 -107.99,44.87,1000 -107.98,44.90,1000 -107.98,44.93,1000 -107.84,45.03,1000 
          </coordinates>
        </LinearRing>
      </innerBoundaryIs>
  </Polygon>
 </MultiGeometry>
</Placemark>
<Placemark>
  <name>1%</name>
  <visibility>1</visibility>
  <styleUrl>#poly_1</styleUrl>
  <MultiGeometry>
    <Polygon>
      <outerBoundaryIs>
        <LinearRing>
          <coordinates>
-106.71,41.68,0 -106.64,41.69,0 -106.58,41.71,0 -106.51,41.72,0 -106.44,41.72,0 -106.37,41.73,0 -106.30,41.74,0 -106.22,41.74,0 -106.14,41.74,0 -106.07,41.74,0 -106.01,41.72,0 -105.95,41.69,0 -105.90,41.65,0 -105.86,41.61,0 -105.82,41.56,0 -105.79,41.51,0 -105.77,41.46,0 -105.74,41.41,0 -105.73,41.36,0 -105.74,41.31,0 -105.76,41.25,0 -105.79,41.21,0 -105.84,41.17,0 -105.89,41.12,0 -105.95,41.07,0 -106.01,41.02,0 -106.07,40.98,0 -106.12,40.94,0 -106.15,40.91,0 -106.19,40.84,0 -106.16,40.81,0 -106.12,40.81,0 -106.05,40.82,0 -105.98,40.83,0 -105.91,40.83,0 -105.84,40.82,0 -105.76,40.81,0 -105.69,40.79,0 -105.63,40.76,0 -105.58,40.72,0 -105.53,40.67,0 -105.50,40.62,0 -105.47,40.56,0 -105.46,40.51,0 -105.46,40.46,0 -105.46,40.40,0 -105.47,40.35,0 -105.48,40.30,0 -105.50,40.25,0 -105.53,40.20,0 -105.56,40.16,0 -105.61,40.13,0 -105.66,40.11,0 -105.73,40.10,0 -105.80,40.10,0 -105.87,40.10,0 -105.94,40.10,0 -106.01,40.10,0 -106.09,40.11,0 -106.16,40.12,0 -106.23,40.14,0 -106.30,40.16,0 -106.36,40.19,0 -106.41,40.22,0 -106.45,40.26,0 -106.50,40.29,0 -106.56,40.32,0 -106.62,40.33,0 -106.70,40.34,0 -106.77,40.34,0 -106.84,40.34,0 -106.90,40.35,0 -106.97,40.37,0 -107.03,40.40,0 -107.08,40.43,0 -107.14,40.46,0 -107.20,40.48,0 -107.25,40.50,0 -107.30,40.53,0 -107.35,40.56,0 -107.39,40.59,0 -107.43,40.62,0 -107.47,40.66,0 -107.50,40.71,0 -107.52,40.78,0 -107.53,40.83,0 -107.54,40.88,0 -107.54,40.95,0 -107.55,41.02,0 -107.55,41.08,0 -107.54,41.15,0 -107.54,41.21,0 -107.53,41.27,0 -107.52,41.31,0 -107.48,41.38,0 -107.42,41.42,0 -107.35,41.44,0 -107.27,41.46,0 -107.21,41.48,0 -107.14,41.49,0 -107.07,41.49,0 -106.99,41.50,0 -106.92,41.50,0 -106.71,41.68,0 
          </coordinates>
        </LinearRing>
      </outerBoundaryIs>
      <innerBoundaryIs>
        <LinearRing>
          <coordinates>
-106.47,41.67,1000 -106.41,41.68,1000 -106.36,41.69,1000 -106.30,41.69,1000 -106.24,41.68,1000 -106.19,41.67,1000 -106.14,41.64,1000 -106.09,41.62,1000 -106.04,41.60,1000 -106.01,41.58,1000 -105.99,41.57,1000 -105.97,41.55,1000 -105.94,41.52,1000 -105.90,41.49,1000 -105.88,41.45,1000 -105.86,41.42,1000 -105.86,41.38,1000 -105.87,41.34,1000 -105.89,41.30,1000 -105.91,41.27,1000 -105.92,41.24,1000 -105.95,41.21,1000 -105.98,41.19,1000 -106.02,41.16,1000 -106.06,41.13,1000 -106.10,41.10,1000 -106.14,41.08,1000 -106.17,41.06,1000 -106.20,41.05,1000 -106.22,41.02,1000 -106.24,40.99,1000 -106.27,40.94,1000 -106.29,40.90,1000 -106.31,40.86,1000 -106.33,40.82,1000 -106.34,40.77,1000 -106.35,40.74,1000 -106.36,40.71,1000 -106.37,40.68,1000 -106.39,40.66,1000 -106.42,40.62,1000 -106.46,40.59,1000 -106.49,40.55,1000 -106.53,40.52,1000 -106.57,40.50,1000 -106.63,40.48,1000 -106.68,40.48,1000 -106.74,40.48,1000 -106.80,40.49,1000 -106.85,40.49,1000 -106.90,40.50,1000 -106.95,40.51,1000 -107.00,40.52,1000 -107.04,40.53,1000 -107.09,40.55,1000 -107.13,40.57,1000 -107.17,40.60,1000 -107.21,40.63,1000 -107.24,40.66,1000 -107.26,40.70,1000 -107.28,40.73,1000 -107.30,40.76,1000 -107.33,40.79,1000 -107.34,40.82,1000 -107.35,40.85,1000 -107.37,40.89,1000 -107.38,40.93,1000 -107.39,40.97,1000 -107.40,41.02,1000 -107.41,41.06,1000 -107.41,41.10,1000 -107.41,41.14,1000 -107.40,41.18,1000 -107.38,41.20,1000 -107.36,41.23,1000 -107.33,41.26,1000 -107.30,41.30,1000 -107.27,41.33,1000 -107.23,41.36,1000 -107.19,41.38,1000 -107.14,41.40,1000 -107.10,41.40,1000 -107.05,41.39,1000 -107.00,41.38,1000 -106.95,41.37,1000 -106.90,41.38,1000 -106.85,41.40,1000 -106.80,41.43,1000 -106.76,41.47,1000 -106.72,41.51,1000 -106.69,41.53,1000 -106.68,41.54,1000 -106.47,41.67,1000 
          </coordinates>
        </LinearRing>
      </innerBoundaryIs>
      <innerBoundaryIs>
        <LinearRing>
          <coordinates>
-105.89,40.62,1000 -105.87,40.62,1000 -105.86,40.61,1000 -105.84,40.61,1000 -105.82,40.60,1000 -105.81,40.60,1000 -105.79,40.60,1000 -105.78,40.59,1000 -105.77,40.58,1000 -105.76,40.58,1000 -105.75,40.57,1000 -105.74,40.56,1000 -105.73,40.55,1000 -105.73,40.54,1000 -105.72,40.53,1000 -105.72,40.52,1000 -105.72,40.51,1000 -105.72,40.49,1000 -105.72,40.48,1000 -105.72,40.47,1000 -105.72,40.45,1000 -105.72,40.44,1000 -105.72,40.43,1000 -105.73,40.41,1000 -105.73,40.40,1000 -105.73,40.39,1000 -105.74,40.38,1000 -105.74,40.37,1000 -105.75,40.36,1000 -105.75,40.35,1000 -105.76,40.34,1000 -105.77,40.33,1000 -105.79,40.32,1000 -105.80,40.31,1000 -105.81,40.31,1000 -105.82,40.30,1000 -105.84,40.30,1000 -105.85,40.30,1000 -105.86,40.30,1000 -105.88,40.30,1000 -105.89,40.30,1000 -105.91,40.30,1000 -105.92,40.31,1000 -105.94,40.31,1000 -105.96,40.31,1000 -105.97,40.32,1000 -105.99,40.33,1000 -106.00,40.33,1000 -106.01,40.34,1000 -106.02,40.35,1000 -106.03,40.36,1000 -106.03,40.37,1000 -106.03,40.38,1000 -106.04,40.39,1000 -106.04,40.40,1000 -106.04,40.41,1000 -106.04,40.42,1000 -106.04,40.43,1000 -106.04,40.45,1000 -106.04,40.46,1000 -106.04,40.47,1000 -106.04,40.49,1000 -106.03,40.50,1000 -106.03,40.52,1000 -106.03,40.53,1000 -105.89,40.62,1000 
          </coordinates>
        </LinearRing>
      </innerBoundaryIs>
  </Polygon>
 </MultiGeometry>
</Placemark>
<Placemark>
  <name>1%</name>
  <visibility>1</visibility>
  <styleUrl>#poly_1</styleUrl>
  <MultiGeometry>
    <Polygon>
      <outerBoundaryIs>
        <LinearRing>
          <coordinates>
-109.60,46.99,0 -109.57,47.00,0 -109.54,47.00,0 -109.51,47.01,0 -109.48,47.01,0 -109.45,47.02,0 -109.42,47.02,0 -109.39,47.03,0 -109.36,47.03,0 -109.33,47.03,0 -109.30,47.03,0 -109.26,47.03,0 -109.23,47.03,0 -109.20,47.03,0 -109.17,47.03,0 -109.14,47.03,0 -109.11,47.02,0 -109.08,47.01,0 -109.05,47.00,0 -109.03,46.99,0 -109.00,46.97,0 -108.97,46.96,0 -108.95,46.94,0 -108.93,46.93,0 -108.91,46.91,0 -108.89,46.89,0 -108.88,46.87,0 -108.87,46.85,0 -108.86,46.82,0 -108.86,46.80,0 -108.85,46.77,0 -108.85,46.75,0 -108.85,46.73,0 -108.84,46.71,0 -108.84,46.69,0 -108.84,46.66,0 -108.84,46.64,0 -108.85,46.62,0 -108.85,46.60,0 -108.86,46.58,0 -108.87,46.56,0 -108.89,46.54,0 -108.91,46.52,0 -108.93,46.50,0 -108.95,46.48,0 -108.97,46.47,0 -109.00,46.45,0 -109.02,46.44,0 -109.05,46.43,0 -109.07,46.42,0 -109.10,46.42,0 -109.13,46.41,0 -109.17,46.41,0 -109.20,46.40,0 -109.23,46.40,0 -109.26,46.40,0 -109.29,46.40,0 -109.32,46.39,0 -109.36,46.39,0 -109.39,46.39,0 -109.42,46.39,0 -109.45,46.39,0 -109.48,46.39,0 -109.51,46.40,0 -109.54,46.41,0 -109.57,46.42,0 -109.59,46.43,0 -109.62,46.45,0 -109.65,46.47,0 -109.67,46.48,0 -109.69,46.50,0 -109.71,46.52,0 -109.73,46.54,0 -109.74,46.56,0 -109.75,46.59,0 -109.76,46.61,0 -109.76,46.63,0 -109.77,46.66,0 -109.77,46.68,0 -109.77,46.70,0 -109.77,46.72,0 -109.78,46.74,0 -109.78,46.76,0 -109.77,46.79,0 -109.77,46.81,0 -109.77,46.83,0 -109.77,46.85,0 -109.60,46.99,0 
          </coordinates>
        </LinearRing>
      </outerBoundaryIs>
      <innerBoundaryIs>
        <LinearRing>
          <coordinates>
-109.34,46.94,1000 -109.32,46.93,1000 -109.30,46.93,1000 -109.28,46.92,1000 -109.25,46.92,1000 -109.23,46.91,1000 -109.22,46.90,1000 -109.20,46.90,1000 -109.18,46.89,1000 -109.16,46.88,1000 -109.14,46.88,1000 -109.13,46.87,1000 -109.11,46.86,1000 -109.10,46.85,1000 -109.08,46.84,1000 -109.07,46.83,1000 -109.05,46.82,1000 -109.03,46.80,1000 -109.02,46.79,1000 -109.00,46.77,1000 -108.99,46.76,1000 -108.99,46.74,1000 -108.99,46.72,1000 -109.00,46.71,1000 -109.00,46.69,1000 -109.02,46.67,1000 -109.03,46.66,1000 -109.04,46.64,1000 -109.05,46.63,1000 -109.06,46.62,1000 -109.07,46.60,1000 -109.08,46.59,1000 -109.10,46.58,1000 -109.11,46.57,1000 -109.13,46.56,1000 -109.15,46.55,1000 -109.16,46.54,1000 -109.18,46.53,1000 -109.20,46.52,1000 -109.22,46.51,1000 -109.24,46.50,1000 -109.26,46.49,1000 -109.28,46.49,1000 -109.30,46.49,1000 -109.32,46.49,1000 -109.35,46.50,1000 -109.37,46.50,1000 -109.39,46.51,1000 -109.41,46.52,1000 -109.43,46.52,1000 -109.45,46.53,1000 -109.47,46.54,1000 -109.49,46.55,1000 -109.51,46.56,1000 -109.52,46.57,1000 -109.54,46.58,1000 -109.55,46.59,1000 -109.57,46.60,1000 -109.58,46.62,1000 -109.60,46.63,1000 -109.61,46.64,1000 -109.63,46.66,1000 -109.64,46.67,1000 -109.64,46.69,1000 -109.64,46.70,1000 -109.64,46.72,1000 -109.63,46.73,1000 -109.62,46.75,1000 -109.61,46.77,1000 -109.60,46.78,1000 -109.59,46.80,1000 -109.58,46.81,1000 -109.57,46.82,1000 -109.56,46.84,1000 -109.54,46.85,1000 -109.53,46.86,1000 -109.51,46.86,1000 -109.50,46.87,1000 -109.34,46.94,1000 
          </coordinates>
        </LinearRing>
      </innerBoundaryIs>
  </Polygon>
 </MultiGeometry>
</Placemark>
<Placemark>
  <name>1%</name>
  <visibility>1</visibility>
  <styleUrl>#poly_1</styleUrl>
  <MultiGeometry>
    <Polygon>
      <outerBoundaryIs>
        <LinearRing>
          <coordinates>
-119.85,38.47,0 -119.76,38.50,0 -119.68,38.52,0 -119.60,38.53,0 -119.53,38.54,0 -119.45,38.53,0 -119.37,38.50,0 -119.30,38.47,0 -119.22,38.44,0 -119.15,38.41,0 -119.08,38.37,0 -119.03,38.33,0 -118.98,38.29,0 -118.93,38.24,0 -118.89,38.17,0 -118.87,38.11,0 -118.85,38.03,0 -118.83,37.94,0 -118.82,37.85,0 -118.79,37.77,0 -118.76,37.71,0 -118.70,37.65,0 -118.63,37.61,0 -118.55,37.58,0 -118.48,37.55,0 -118.42,37.51,0 -118.36,37.45,0 -118.31,37.39,0 -118.27,37.33,0 -118.24,37.27,0 -118.22,37.20,0 -118.21,37.13,0 -118.20,37.06,0 -118.21,37.00,0 -118.25,36.93,0 -118.30,36.86,0 -118.33,36.79,0 -118.31,36.73,0 -118.28,36.67,0 -118.24,36.61,0 -118.22,36.56,0 -118.23,36.49,0 -118.29,36.44,0 -118.36,36.41,0 -118.46,36.38,0 -118.54,36.37,0 -118.63,36.39,0 -118.70,36.44,0 -118.74,36.49,0 -118.77,36.56,0 -118.78,36.62,0 -118.74,36.68,0 -118.72,36.74,0 -118.78,36.78,0 -118.86,36.84,0 -118.96,36.89,0 -119.04,36.94,0 -119.12,37.00,0 -119.18,37.05,0 -119.23,37.12,0 -119.25,37.18,0 -119.27,37.25,0 -119.28,37.32,0 -119.32,37.38,0 -119.39,37.42,0 -119.47,37.45,0 -119.56,37.48,0 -119.64,37.52,0 -119.70,37.57,0 -119.75,37.63,0 -119.80,37.70,0 -119.84,37.76,0 -119.87,37.82,0 -119.90,37.89,0 -119.92,37.95,0 -119.94,38.02,0 -119.95,38.08,0 -119.96,38.15,0 -119.96,38.21,0 -119.96,38.28,0 -119.85,38.47,0 
          </coordinates>
        </LinearRing>
      </outerBoundaryIs>
      <innerBoundaryIs>
        <LinearRing>
          <coordinates>
-119.80,38.26,1000 -119.75,38.30,1000 -119.70,38.34,1000 -119.65,38.37,1000 -119.60,38.39,1000 -119.55,38.40,1000 -119.49,38.41,1000 -119.43,38.40,1000 -119.37,38.39,1000 -119.32,38.37,1000 -119.26,38.34,1000 -119.20,38.30,1000 -119.15,38.26,1000 -119.10,38.22,1000 -119.05,38.18,1000 -119.01,38.14,1000 -118.97,38.09,1000 -118.93,38.05,1000 -118.90,37.99,1000 -118.89,37.94,1000 -118.88,37.89,1000 -118.88,37.83,1000 -118.88,37.78,1000 -118.87,37.72,1000 -118.87,37.67,1000 -118.85,37.63,1000 -118.81,37.59,1000 -118.77,37.55,1000 -118.71,37.53,1000 -118.66,37.51,1000 -118.61,37.48,1000 -118.55,37.44,1000 -118.50,37.41,1000 -118.45,37.37,1000 -118.41,37.33,1000 -118.38,37.29,1000 -118.35,37.24,1000 -118.34,37.20,1000 -118.33,37.16,1000 -118.33,37.12,1000 -118.35,37.09,1000 -118.38,37.05,1000 -118.41,37.02,1000 -118.44,36.98,1000 -118.48,36.94,1000 -118.53,36.90,1000 -118.57,36.88,1000 -118.63,36.88,1000 -118.69,36.89,1000 -118.75,36.91,1000 -118.81,36.93,1000 -118.86,36.96,1000 -118.91,36.99,1000 -118.96,37.02,1000 -119.00,37.06,1000 -119.03,37.10,1000 -119.06,37.14,1000 -119.08,37.19,1000 -119.10,37.23,1000 -119.11,37.28,1000 -119.11,37.33,1000 -119.12,37.38,1000 -119.15,37.42,1000 -119.19,37.44,1000 -119.25,37.46,1000 -119.31,37.47,1000 -119.38,37.49,1000 -119.44,37.51,1000 -119.49,37.54,1000 -119.53,37.58,1000 -119.56,37.62,1000 -119.59,37.68,1000 -119.62,37.73,1000 -119.65,37.78,1000 -119.68,37.83,1000 -119.70,37.87,1000 -119.74,37.93,1000 -119.77,37.97,1000 -119.80,38.01,1000 -119.82,38.04,1000 -119.80,38.26,1000 
          </coordinates>
        </LinearRing>
      </innerBoundaryIs>
  </Polygon>
 </MultiGeometry>
</Placemark>
<Placemark>
  <name>1%</name>
  <visibility>1</visibility>
  <styleUrl>#poly_1</styleUrl>
  <MultiGeometry>
    <Polygon>
      <outerBoundaryIs>
        <LinearRing>
          <coordinates>
-121.82,40.73,0 -121.79,40.74,0 -121.77,40.75,0 -121.74,40.76,0 -121.71,40.77,0 -121.68,40.78,0 -121.66,40.79,0 -121.63,40.79,0 -121.60,40.80,0 -121.57,40.81,0 -121.54,40.81,0 -121.51,40.82,0 -121.49,40.82,0 -121.46,40.82,0 -121.43,40.82,0 -121.40,40.82,0 -121.37,40.82,0 -121.34,40.81,0 -121.32,40.81,0 -121.29,40.80,0 -121.26,40.79,0 -121.23,40.78,0 -121.21,40.76,0 -121.18,40.75,0 -121.16,40.73,0 -121.14,40.72,0 -121.12,40.70,0 -121.11,40.68,0 -121.10,40.66,0 -121.09,40.63,0 -121.08,40.61,0 -121.07,40.59,0 -121.07,40.57,0 -121.06,40.56,0 -121.05,40.55,0 -121.06,40.54,0 -121.06,40.52,0 -121.05,40.50,0 -121.05,40.48,0 -121.04,40.45,0 -121.04,40.42,0 -121.04,40.39,0 -121.05,40.37,0 -121.06,40.35,0 -121.08,40.33,0 -121.09,40.31,0 -121.12,40.29,0 -121.14,40.27,0 -121.16,40.25,0 -121.19,40.23,0 -121.21,40.22,0 -121.23,40.21,0 -121.26,40.20,0 -121.29,40.19,0 -121.31,40.19,0 -121.34,40.18,0 -121.37,40.18,0 -121.40,40.17,0 -121.43,40.17,0 -121.46,40.17,0 -121.49,40.16,0 -121.52,40.16,0 -121.55,40.16,0 -121.58,40.16,0 -121.61,40.16,0 -121.64,40.17,0 -121.67,40.17,0 -121.70,40.18,0 -121.73,40.19,0 -121.75,40.20,0 -121.78,40.21,0 -121.80,40.23,0 -121.82,40.24,0 -121.84,40.26,0 -121.86,40.28,0 -121.87,40.29,0 -121.88,40.31,0 -121.90,40.33,0 -121.91,40.36,0 -121.92,40.38,0 -121.92,40.40,0 -121.93,40.42,0 -121.93,40.44,0 -121.94,40.46,0 -121.94,40.49,0 -121.94,40.51,0 -121.94,40.53,0 -121.94,40.55,0 -121.93,40.58,0 -121.93,40.60,0 -121.82,40.73,0 
          </coordinates>
        </LinearRing>
      </outerBoundaryIs>
      <innerBoundaryIs>
        <LinearRing>
          <coordinates>
-121.57,40.69,1000 -121.55,40.69,1000 -121.54,40.68,1000 -121.52,40.68,1000 -121.50,40.68,1000 -121.49,40.68,1000 -121.47,40.67,1000 -121.45,40.67,1000 -121.43,40.67,1000 -121.41,40.66,1000 -121.39,40.66,1000 -121.38,40.66,1000 -121.36,40.65,1000 -121.34,40.65,1000 -121.32,40.64,1000 -121.31,40.63,1000 -121.29,40.62,1000 -121.28,40.61,1000 -121.26,40.60,1000 -121.25,40.59,1000 -121.23,40.58,1000 -121.22,40.57,1000 -121.21,40.55,1000 -121.20,40.54,1000 -121.20,40.53,1000 -121.20,40.52,1000 -121.20,40.50,1000 -121.21,40.49,1000 -121.21,40.47,1000 -121.22,40.45,1000 -121.23,40.44,1000 -121.24,40.43,1000 -121.25,40.41,1000 -121.26,40.40,1000 -121.27,40.39,1000 -121.29,40.38,1000 -121.30,40.36,1000 -121.32,40.36,1000 -121.33,40.35,1000 -121.35,40.34,1000 -121.36,40.33,1000 -121.38,40.32,1000 -121.39,40.31,1000 -121.41,40.30,1000 -121.43,40.29,1000 -121.44,40.28,1000 -121.46,40.28,1000 -121.48,40.28,1000 -121.49,40.28,1000 -121.51,40.28,1000 -121.53,40.29,1000 -121.55,40.30,1000 -121.56,40.31,1000 -121.58,40.31,1000 -121.59,40.32,1000 -121.61,40.33,1000 -121.63,40.34,1000 -121.64,40.35,1000 -121.66,40.36,1000 -121.68,40.38,1000 -121.69,40.39,1000 -121.71,40.39,1000 -121.72,40.40,1000 -121.73,40.41,1000 -121.75,40.42,1000 -121.76,40.43,1000 -121.77,40.44,1000 -121.77,40.45,1000 -121.77,40.46,1000 -121.77,40.47,1000 -121.75,40.49,1000 -121.74,40.50,1000 -121.74,40.51,1000 -121.73,40.52,1000 -121.72,40.53,1000 -121.71,40.55,1000 -121.70,40.56,1000 -121.69,40.57,1000 -121.68,40.59,1000 -121.67,40.60,1000 -121.66,40.62,1000 -121.65,40.63,1000 -121.64,40.65,1000 -121.57,40.69,1000 
          </coordinates>
        </LinearRing>
      </innerBoundaryIs>
  </Polygon>
 </MultiGeometry>
</Placemark>
<Placemark>
  <name>1%</name>
  <visibility>1</visibility>
  <styleUrl>#poly_1</styleUrl>
  <MultiGeometry>
    <Polygon>
      <outerBoundaryIs>
        <LinearRing>
          <coordinates>
-107.46,40.21,0 -107.43,40.22,0 -107.41,40.23,0 -107.38,40.24,0 -107.35,40.24,0 -107.32,40.25,0 -107.30,40.25,0 -107.27,40.26,0 -107.24,40.26,0 -107.21,40.26,0 -107.18,40.26,0 -107.15,40.25,0 -107.11,40.25,0 -107.08,40.24,0 -107.05,40.24,0 -107.02,40.23,0 -107.00,40.22,0 -106.97,40.21,0 -106.95,40.19,0 -106.93,40.18,0 -106.92,40.16,0 -106.90,40.14,0 -106.89,40.12,0 -106.88,40.10,0 -106.87,40.08,0 -106.86,40.06,0 -106.85,40.04,0 -106.84,40.02,0 -106.84,40.00,0 -106.84,39.97,0 -106.84,39.95,0 -106.84,39.93,0 -106.85,39.91,0 -106.86,39.89,0 -106.87,39.86,0 -106.89,39.84,0 -106.90,39.82,0 -106.92,39.80,0 -106.93,39.78,0 -106.95,39.76,0 -106.97,39.74,0 -106.99,39.72,0 -107.01,39.71,0 -107.04,39.69,0 -107.06,39.67,0 -107.08,39.66,0 -107.11,39.64,0 -107.14,39.63,0 -107.16,39.62,0 -107.19,39.61,0 -107.22,39.60,0 -107.24,39.60,0 -107.27,39.59,0 -107.30,39.59,0 -107.33,39.59,0 -107.36,39.60,0 -107.39,39.60,0 -107.42,39.61,0 -107.45,39.62,0 -107.47,39.63,0 -107.50,39.64,0 -107.53,39.66,0 -107.56,39.67,0 -107.58,39.69,0 -107.60,39.70,0 -107.62,39.71,0 -107.64,39.73,0 -107.64,39.76,0 -107.64,39.78,0 -107.65,39.80,0 -107.67,39.82,0 -107.68,39.85,0 -107.69,39.87,0 -107.70,39.89,0 -107.69,39.91,0 -107.68,39.92,0 -107.66,39.94,0 -107.65,39.96,0 -107.65,39.98,0 -107.64,40.00,0 -107.64,40.02,0 -107.63,40.05,0 -107.63,40.07,0 -107.46,40.21,0 
          </coordinates>
        </LinearRing>
      </outerBoundaryIs>
  </Polygon>
 </MultiGeometry>
</Placemark>
<Placemark>
  <name>5%</name>
  <visibility>1</visibility>
  <styleUrl>#poly_5</styleUrl>
  <MultiGeometry>
    <Polygon>
      <outerBoundaryIs>
        <LinearRing>
          <coordinates>
-111.07,41.05,1000 -111.03,41.05,1000 -110.98,41.06,1000 -110.94,41.06,1000 -110.90,41.07,1000 -110.87,41.07,1000 -110.84,41.07,1000 -110.80,41.06,1000 -110.77,41.05,1000 -110.74,41.05,1000 -110.71,41.05,1000 -110.68,41.05,1000 -110.64,41.05,1000 -110.60,41.04,1000 -110.57,41.03,1000 -110.53,41.01,1000 -110.50,40.99,1000 -110.46,40.97,1000 -110.42,40.95,1000 -110.39,40.93,1000 -110.37,40.91,1000 -110.35,40.88,1000 -110.34,40.85,1000 -110.33,40.82,1000 -110.33,40.80,1000 -110.32,40.78,1000 -110.31,40.76,1000 -110.30,40.74,1000 -110.31,40.73,1000 -110.32,40.71,1000 -110.32,40.69,1000 -110.33,40.66,1000 -110.34,40.62,1000 -110.34,40.59,1000 -110.36,40.56,1000 -110.38,40.54,1000 -110.40,40.51,1000 -110.43,40.49,1000 -110.45,40.47,1000 -110.48,40.45,1000 -110.51,40.43,1000 -110.54,40.41,1000 -110.58,40.39,1000 -110.62,40.38,1000 -110.65,40.36,1000 -110.68,40.35,1000 -110.70,40.34,1000 -110.73,40.32,1000 -110.76,40.31,1000 -110.79,40.29,1000 -110.82,40.27,1000 -110.86,40.26,1000 -110.90,40.24,1000 -110.94,40.23,1000 -110.98,40.22,1000 -111.02,40.22,1000 -111.06,40.21,1000 -111.10,40.21,1000 -111.14,40.22,1000 -111.17,40.22,1000 -111.20,40.23,1000 -111.23,40.24,1000 -111.26,40.26,1000 -111.29,40.28,1000 -111.31,40.30,1000 -111.33,40.32,1000 -111.35,40.35,1000 -111.37,40.38,1000 -111.38,40.41,1000 -111.40,40.44,1000 -111.41,40.47,1000 -111.42,40.50,1000 -111.43,40.53,1000 -111.43,40.55,1000 -111.44,40.58,1000 -111.44,40.61,1000 -111.44,40.64,1000 -111.44,40.67,1000 -111.43,40.70,1000 -111.42,40.73,1000 -111.41,40.76,1000 -111.40,40.79,1000 -111.39,40.82,1000 -111.37,40.85,1000 -111.36,40.87,1000 -111.34,40.90,1000 -111.32,40.92,1000 -111.29,40.94,1000 -111.26,40.96,1000 -111.23,40.98,1000 -111.19,40.99,1000 -111.15,41.01,1000 -111.11,41.02,1000 -111.07,41.05,1000 
          </coordinates>
        </LinearRing>
      </outerBoundaryIs>
      <innerBoundaryIs>
        <LinearRing>
          <coordinates>
-111.06,40.99,2000 -111.03,41.00,2000 -110.99,41.00,2000 -110.96,41.01,2000 -110.93,41.01,2000 -110.90,41.02,2000 -110.86,41.02,2000 -110.83,41.02,2000 -110.80,41.02,2000 -110.77,41.01,2000 -110.74,41.01,2000 -110.70,41.00,2000 -110.67,40.99,2000 -110.64,40.99,2000 -110.61,40.98,2000 -110.59,40.97,2000 -110.56,40.96,2000 -110.53,40.95,2000 -110.51,40.94,2000 -110.49,40.92,2000 -110.47,40.90,2000 -110.46,40.88,2000 -110.44,40.86,2000 -110.43,40.84,2000 -110.41,40.82,2000 -110.40,40.80,2000 -110.39,40.78,2000 -110.38,40.75,2000 -110.38,40.73,2000 -110.38,40.71,2000 -110.39,40.68,2000 -110.41,40.66,2000 -110.42,40.63,2000 -110.44,40.61,2000 -110.45,40.59,2000 -110.47,40.57,2000 -110.48,40.55,2000 -110.49,40.53,2000 -110.52,40.51,2000 -110.54,40.50,2000 -110.56,40.49,2000 -110.58,40.47,2000 -110.61,40.45,2000 -110.63,40.44,2000 -110.66,40.42,2000 -110.69,40.41,2000 -110.72,40.39,2000 -110.74,40.38,2000 -110.77,40.37,2000 -110.81,40.36,2000 -110.84,40.35,2000 -110.87,40.34,2000 -110.90,40.34,2000 -110.93,40.33,2000 -110.95,40.33,2000 -110.96,40.33,2000 -110.97,40.33,2000 -110.99,40.33,2000 -111.02,40.33,2000 -111.06,40.34,2000 -111.10,40.34,2000 -111.14,40.34,2000 -111.17,40.35,2000 -111.20,40.36,2000 -111.23,40.37,2000 -111.25,40.39,2000 -111.27,40.41,2000 -111.28,40.43,2000 -111.30,40.45,2000 -111.31,40.47,2000 -111.32,40.49,2000 -111.33,40.51,2000 -111.34,40.53,2000 -111.34,40.56,2000 -111.35,40.58,2000 -111.35,40.60,2000 -111.35,40.63,2000 -111.35,40.65,2000 -111.34,40.68,2000 -111.33,40.70,2000 -111.32,40.73,2000 -111.31,40.75,2000 -111.29,40.78,2000 -111.28,40.79,2000 -111.27,40.81,2000 -111.26,40.83,2000 -111.06,40.99,2000 
          </coordinates>
        </LinearRing>
      </innerBoundaryIs>
  </Polygon>
 </MultiGeometry>
</Placemark>
<Placemark>
  <name>5%</name>
  <visibility>1</visibility>
  <styleUrl>#poly_5</styleUrl>
  <MultiGeometry>
    <Polygon>
      <outerBoundaryIs>
        <LinearRing>
          <coordinates>
-121.57,40.69,1000 -121.55,40.69,1000 -121.54,40.68,1000 -121.52,40.68,1000 -121.50,40.68,1000 -121.49,40.68,1000 -121.47,40.67,1000 -121.45,40.67,1000 -121.43,40.67,1000 -121.41,40.66,1000 -121.39,40.66,1000 -121.38,40.66,1000 -121.36,40.65,1000 -121.34,40.65,1000 -121.32,40.64,1000 -121.31,40.63,1000 -121.29,40.62,1000 -121.28,40.61,1000 -121.26,40.60,1000 -121.25,40.59,1000 -121.23,40.58,1000 -121.22,40.57,1000 -121.21,40.55,1000 -121.20,40.54,1000 -121.20,40.53,1000 -121.20,40.52,1000 -121.20,40.50,1000 -121.21,40.49,1000 -121.21,40.47,1000 -121.22,40.45,1000 -121.23,40.44,1000 -121.24,40.43,1000 -121.25,40.41,1000 -121.26,40.40,1000 -121.27,40.39,1000 -121.29,40.38,1000 -121.30,40.36,1000 -121.32,40.36,1000 -121.33,40.35,1000 -121.35,40.34,1000 -121.36,40.33,1000 -121.38,40.32,1000 -121.39,40.31,1000 -121.41,40.30,1000 -121.43,40.29,1000 -121.44,40.28,1000 -121.46,40.28,1000 -121.48,40.28,1000 -121.49,40.28,1000 -121.51,40.28,1000 -121.53,40.29,1000 -121.55,40.30,1000 -121.56,40.31,1000 -121.58,40.31,1000 -121.59,40.32,1000 -121.61,40.33,1000 -121.63,40.34,1000 -121.64,40.35,1000 -121.66,40.36,1000 -121.68,40.38,1000 -121.69,40.39,1000 -121.71,40.39,1000 -121.72,40.40,1000 -121.73,40.41,1000 -121.75,40.42,1000 -121.76,40.43,1000 -121.77,40.44,1000 -121.77,40.45,1000 -121.77,40.46,1000 -121.77,40.47,1000 -121.75,40.49,1000 -121.74,40.50,1000 -121.74,40.51,1000 -121.73,40.52,1000 -121.72,40.53,1000 -121.71,40.55,1000 -121.70,40.56,1000 -121.69,40.57,1000 -121.68,40.59,1000 -121.67,40.60,1000 -121.66,40.62,1000 -121.65,40.63,1000 -121.64,40.65,1000 -121.57,40.69,1000 
          </coordinates>
        </LinearRing>
      </outerBoundaryIs>
  </Polygon>
 </MultiGeometry>
</Placemark>
<Placemark>
  <name>5%</name>
  <visibility>1</visibility>
  <styleUrl>#poly_5</styleUrl>
  <MultiGeometry>
    <Polygon>
      <outerBoundaryIs>
        <LinearRing>
          <coordinates>
-107.10,39.08,1000 -107.09,39.09,1000 -107.08,39.09,1000 -107.07,39.10,1000 -107.05,39.10,1000 -107.04,39.11,1000 -107.03,39.11,1000 -107.02,39.11,1000 -107.01,39.12,1000 -107.00,39.12,1000 -106.99,39.13,1000 -106.98,39.13,1000 -106.97,39.13,1000 -106.96,39.14,1000 -106.95,39.14,1000 -106.94,39.14,1000 -106.93,39.15,1000 -106.92,39.15,1000 -106.91,39.15,1000 -106.90,39.15,1000 -106.89,39.15,1000 -106.88,39.15,1000 -106.87,39.15,1000 -106.86,39.15,1000 -106.84,39.14,1000 -106.83,39.14,1000 -106.82,39.14,1000 -106.81,39.13,1000 -106.79,39.12,1000 -106.78,39.12,1000 -106.77,39.11,1000 -106.76,39.10,1000 -106.76,39.10,1000 -106.75,39.09,1000 -106.74,39.08,1000 -106.74,39.08,1000 -106.74,39.07,1000 -106.74,39.06,1000 -106.74,39.06,1000 -106.74,39.05,1000 -106.75,39.04,1000 -106.75,39.03,1000 -106.76,39.02,1000 -106.77,39.02,1000 -106.78,39.01,1000 -106.79,39.00,1000 -106.80,38.99,1000 -106.81,38.98,1000 -106.82,38.98,1000 -106.83,38.97,1000 -106.84,38.97,1000 -106.85,38.96,1000 -106.86,38.96,1000 -106.87,38.96,1000 -106.88,38.96,1000 -106.89,38.96,1000 -106.90,38.96,1000 -106.91,38.96,1000 -106.92,38.96,1000 -106.94,38.96,1000 -106.95,38.96,1000 -106.96,38.97,1000 -106.97,38.97,1000 -106.99,38.97,1000 -107.00,38.98,1000 -107.01,38.98,1000 -107.02,38.98,1000 -107.03,38.98,1000 -107.05,38.99,1000 -107.06,38.99,1000 -107.07,38.99,1000 -107.08,39.00,1000 -107.08,39.00,1000 -107.09,39.00,1000 -107.11,39.01,1000 -107.12,39.01,1000 -107.13,39.02,1000 -107.13,39.03,1000 -107.13,39.03,1000 -107.13,39.04,1000 -107.10,39.08,1000 
          </coordinates>
        </LinearRing>
      </outerBoundaryIs>
  </Polygon>
 </MultiGeometry>
</Placemark>
<Placemark>
  <name>5%</name>
  <visibility>1</visibility>
  <styleUrl>#poly_5</styleUrl>
  <MultiGeometry>
    <Polygon>
      <outerBoundaryIs>
        <LinearRing>
          <coordinates>
-119.80,38.26,1000 -119.75,38.30,1000 -119.70,38.34,1000 -119.65,38.37,1000 -119.60,38.39,1000 -119.55,38.40,1000 -119.49,38.41,1000 -119.43,38.40,1000 -119.37,38.39,1000 -119.32,38.37,1000 -119.26,38.34,1000 -119.20,38.30,1000 -119.15,38.26,1000 -119.10,38.22,1000 -119.05,38.18,1000 -119.01,38.14,1000 -118.97,38.09,1000 -118.93,38.05,1000 -118.90,37.99,1000 -118.89,37.94,1000 -118.88,37.89,1000 -118.88,37.83,1000 -118.88,37.78,1000 -118.87,37.72,1000 -118.87,37.67,1000 -118.85,37.63,1000 -118.81,37.59,1000 -118.77,37.55,1000 -118.71,37.53,1000 -118.66,37.51,1000 -118.61,37.48,1000 -118.55,37.44,1000 -118.50,37.41,1000 -118.45,37.37,1000 -118.41,37.33,1000 -118.38,37.29,1000 -118.35,37.24,1000 -118.34,37.20,1000 -118.33,37.16,1000 -118.33,37.12,1000 -118.35,37.09,1000 -118.38,37.05,1000 -118.41,37.02,1000 -118.44,36.98,1000 -118.48,36.94,1000 -118.53,36.90,1000 -118.57,36.88,1000 -118.63,36.88,1000 -118.69,36.89,1000 -118.75,36.91,1000 -118.81,36.93,1000 -118.86,36.96,1000 -118.91,36.99,1000 -118.96,37.02,1000 -119.00,37.06,1000 -119.03,37.10,1000 -119.06,37.14,1000 -119.08,37.19,1000 -119.10,37.23,1000 -119.11,37.28,1000 -119.11,37.33,1000 -119.12,37.38,1000 -119.15,37.42,1000 -119.19,37.44,1000 -119.25,37.46,1000 -119.31,37.47,1000 -119.38,37.49,1000 -119.44,37.51,1000 -119.49,37.54,1000 -119.53,37.58,1000 -119.56,37.62,1000 -119.59,37.68,1000 -119.62,37.73,1000 -119.65,37.78,1000 -119.68,37.83,1000 -119.70,37.87,1000 -119.74,37.93,1000 -119.77,37.97,1000 -119.80,38.01,1000 -119.82,38.04,1000 -119.80,38.26,1000 
          </coordinates>
        </LinearRing>
      </outerBoundaryIs>
      <innerBoundaryIs>
        <LinearRing>
          <coordinates>
-119.58,38.31,2000 -119.51,38.30,2000 -119.45,38.29,2000 -119.40,38.29,2000 -119.36,38.28,2000 -119.34,38.28,2000 -119.31,38.26,2000 -119.26,38.23,2000 -119.21,38.20,2000 -119.16,38.17,2000 -119.12,38.14,2000 -119.09,38.11,2000 -119.07,38.08,2000 -119.04,38.05,2000 -119.00,38.02,2000 -118.97,37.98,2000 -118.96,37.94,2000 -118.95,37.89,2000 -118.94,37.84,2000 -118.94,37.80,2000 -118.94,37.75,2000 -118.95,37.71,2000 -118.97,37.67,2000 -119.01,37.63,2000 -119.04,37.60,2000 -119.01,37.56,2000 -118.97,37.52,2000 -118.93,37.49,2000 -118.91,37.46,2000 -118.88,37.45,2000 -118.84,37.44,2000 -118.79,37.44,2000 -118.74,37.43,2000 -118.69,37.42,2000 -118.65,37.40,2000 -118.60,37.37,2000 -118.56,37.34,2000 -118.53,37.31,2000 -118.50,37.27,2000 -118.48,37.23,2000 -118.46,37.18,2000 -118.46,37.14,2000 -118.48,37.10,2000 -118.51,37.06,2000 -118.55,37.02,2000 -118.60,37.00,2000 -118.66,37.00,2000 -118.72,37.01,2000 -118.78,37.03,2000 -118.83,37.04,2000 -118.87,37.05,2000 -118.89,37.08,2000 -118.92,37.11,2000 -118.95,37.16,2000 -118.98,37.20,2000 -119.00,37.25,2000 -118.99,37.30,2000 -118.96,37.35,2000 -118.94,37.40,2000 -118.94,37.44,2000 -118.97,37.46,2000 -119.02,37.48,2000 -119.07,37.50,2000 -119.13,37.51,2000 -119.17,37.52,2000 -119.22,37.54,2000 -119.26,37.56,2000 -119.30,37.57,2000 -119.36,37.58,2000 -119.42,37.59,2000 -119.45,37.61,2000 -119.49,37.64,2000 -119.53,37.67,2000 -119.56,37.71,2000 -119.58,37.75,2000 -119.60,37.79,2000 -119.62,37.84,2000 -119.64,37.88,2000 -119.66,37.92,2000 -119.68,37.96,2000 -119.70,38.01,2000 -119.71,38.05,2000 -119.71,38.10,2000 -119.70,38.14,2000 -119.69,38.19,2000 -119.67,38.24,2000 -119.58,38.31,2000 
          </coordinates>
        </LinearRing>
      </innerBoundaryIs>
  </Polygon>
 </MultiGeometry>
</Placemark>
<Placemark>
  <name>5%</name>
  <visibility>1</visibility>
  <styleUrl>#poly_5</styleUrl>
  <MultiGeometry>
    <Polygon>
      <outerBoundaryIs>
        <LinearRing>
          <coordinates>
-109.34,46.94,1000 -109.32,46.93,1000 -109.30,46.93,1000 -109.28,46.92,1000 -109.25,46.92,1000 -109.23,46.91,1000 -109.22,46.90,1000 -109.20,46.90,1000 -109.18,46.89,1000 -109.16,46.88,1000 -109.14,46.88,1000 -109.13,46.87,1000 -109.11,46.86,1000 -109.10,46.85,1000 -109.08,46.84,1000 -109.07,46.83,1000 -109.05,46.82,1000 -109.03,46.80,1000 -109.02,46.79,1000 -109.00,46.77,1000 -108.99,46.76,1000 -108.99,46.74,1000 -108.99,46.72,1000 -109.00,46.71,1000 -109.00,46.69,1000 -109.02,46.67,1000 -109.03,46.66,1000 -109.04,46.64,1000 -109.05,46.63,1000 -109.06,46.62,1000 -109.07,46.60,1000 -109.08,46.59,1000 -109.10,46.58,1000 -109.11,46.57,1000 -109.13,46.56,1000 -109.15,46.55,1000 -109.16,46.54,1000 -109.18,46.53,1000 -109.20,46.52,1000 -109.22,46.51,1000 -109.24,46.50,1000 -109.26,46.49,1000 -109.28,46.49,1000 -109.30,46.49,1000 -109.32,46.49,1000 -109.35,46.50,1000 -109.37,46.50,1000 -109.39,46.51,1000 -109.41,46.52,1000 -109.43,46.52,1000 -109.45,46.53,1000 -109.47,46.54,1000 -109.49,46.55,1000 -109.51,46.56,1000 -109.52,46.57,1000 -109.54,46.58,1000 -109.55,46.59,1000 -109.57,46.60,1000 -109.58,46.62,1000 -109.60,46.63,1000 -109.61,46.64,1000 -109.63,46.66,1000 -109.64,46.67,1000 -109.64,46.69,1000 -109.64,46.70,1000 -109.64,46.72,1000 -109.63,46.73,1000 -109.62,46.75,1000 -109.61,46.77,1000 -109.60,46.78,1000 -109.59,46.80,1000 -109.58,46.81,1000 -109.57,46.82,1000 -109.56,46.84,1000 -109.54,46.85,1000 -109.53,46.86,1000 -109.51,46.86,1000 -109.50,46.87,1000 -109.34,46.94,1000 
          </coordinates>
        </LinearRing>
      </outerBoundaryIs>
  </Polygon>
 </MultiGeometry>
</Placemark>
<Placemark>
  <name>5%</name>
  <visibility>1</visibility>
  <styleUrl>#poly_5</styleUrl>
  <MultiGeometry>
    <Polygon>
      <outerBoundaryIs>
        <LinearRing>
          <coordinates>
-124.02,48.23,1000 -123.97,48.25,1000 -123.93,48.27,1000 -123.88,48.29,1000 -123.83,48.30,1000 -123.78,48.31,1000 -123.73,48.31,1000 -123.67,48.29,1000 -123.61,48.28,1000 -123.56,48.26,1000 -123.52,48.25,1000 -123.51,48.25,1000 -123.47,48.25,1000 -123.42,48.25,1000 -123.37,48.24,1000 -123.31,48.24,1000 -123.25,48.23,1000 -123.20,48.22,1000 -123.15,48.21,1000 -123.10,48.19,1000 -123.05,48.17,1000 -123.01,48.16,1000 -122.98,48.15,1000 -122.96,48.14,1000 -122.93,48.12,1000 -122.89,48.10,1000 -122.84,48.07,1000 -122.80,48.04,1000 -122.76,48.01,1000 -122.74,47.98,1000 -122.72,47.95,1000 -122.70,47.92,1000 -122.69,47.88,1000 -122.68,47.85,1000 -122.67,47.82,1000 -122.66,47.78,1000 -122.66,47.75,1000 -122.65,47.71,1000 -122.66,47.68,1000 -122.67,47.65,1000 -122.70,47.61,1000 -122.73,47.57,1000 -122.75,47.54,1000 -122.77,47.52,1000 -122.80,47.49,1000 -122.82,47.47,1000 -122.85,47.44,1000 -122.89,47.41,1000 -122.93,47.38,1000 -122.97,47.36,1000 -123.01,47.34,1000 -123.06,47.33,1000 -123.11,47.32,1000 -123.16,47.32,1000 -123.21,47.31,1000 -123.26,47.30,1000 -123.31,47.29,1000 -123.36,47.28,1000 -123.41,47.28,1000 -123.46,47.28,1000 -123.50,47.29,1000 -123.55,47.30,1000 -123.59,47.31,1000 -123.64,47.33,1000 -123.68,47.34,1000 -123.73,47.36,1000 -123.78,47.38,1000 -123.83,47.40,1000 -123.88,47.43,1000 -123.93,47.45,1000 -123.97,47.47,1000 -124.00,47.49,1000 -124.03,47.52,1000 -124.05,47.55,1000 -124.08,47.57,1000 -124.11,47.59,1000 -124.15,47.61,1000 -124.18,47.64,1000 -124.20,47.67,1000 -124.22,47.70,1000 -124.23,47.73,1000 -124.25,47.77,1000 -124.25,47.80,1000 -124.25,47.84,1000 -124.23,47.88,1000 -124.22,47.92,1000 -124.20,47.95,1000 -124.19,47.98,1000 -124.19,47.99,1000 -124.18,48.01,1000 -124.16,48.03,1000 -124.14,48.06,1000 -124.12,48.10,1000 -124.09,48.13,1000 -124.07,48.17,1000 -124.02,48.23,1000 
          </coordinates>
        </LinearRing>
      </outerBoundaryIs>
      <innerBoundaryIs>
        <LinearRing>
          <coordinates>
-123.99,48.15,2000 -123.95,48.16,2000 -123.91,48.17,2000 -123.87,48.18,2000 -123.83,48.19,2000 -123.79,48.20,2000 -123.75,48.21,2000 -123.71,48.22,2000 -123.67,48.22,2000 -123.63,48.22,2000 -123.59,48.22,2000 -123.54,48.22,2000 -123.50,48.22,2000 -123.45,48.21,2000 -123.41,48.21,2000 -123.36,48.20,2000 -123.31,48.19,2000 -123.27,48.18,2000 -123.23,48.17,2000 -123.18,48.16,2000 -123.14,48.15,2000 -123.10,48.14,2000 -123.07,48.13,2000 -123.04,48.11,2000 -123.00,48.09,2000 -122.97,48.08,2000 -122.94,48.06,2000 -122.90,48.04,2000 -122.87,48.03,2000 -122.84,48.00,2000 -122.82,47.98,2000 -122.80,47.95,2000 -122.78,47.93,2000 -122.77,47.90,2000 -122.75,47.87,2000 -122.74,47.84,2000 -122.73,47.81,2000 -122.73,47.78,2000 -122.74,47.75,2000 -122.74,47.72,2000 -122.74,47.69,2000 -122.75,47.67,2000 -122.76,47.64,2000 -122.78,47.63,2000 -122.80,47.61,2000 -122.82,47.59,2000 -122.85,47.56,2000 -122.87,47.53,2000 -122.90,47.50,2000 -122.92,47.48,2000 -122.94,47.46,2000 -122.96,47.44,2000 -122.99,47.42,2000 -123.02,47.41,2000 -123.05,47.40,2000 -123.09,47.38,2000 -123.14,47.37,2000 -123.18,47.36,2000 -123.22,47.35,2000 -123.26,47.34,2000 -123.31,47.34,2000 -123.35,47.34,2000 -123.39,47.34,2000 -123.43,47.34,2000 -123.47,47.34,2000 -123.51,47.35,2000 -123.55,47.36,2000 -123.58,47.37,2000 -123.61,47.38,2000 -123.64,47.39,2000 -123.68,47.39,2000 -123.71,47.40,2000 -123.75,47.41,2000 -123.79,47.42,2000 -123.83,47.44,2000 -123.87,47.46,2000 -123.91,47.48,2000 -123.94,47.50,2000 -123.97,47.52,2000 -123.99,47.54,2000 -124.01,47.57,2000 -124.03,47.60,2000 -124.05,47.62,2000 -124.07,47.65,2000 -124.08,47.68,2000 -124.10,47.71,2000 -124.11,47.73,2000 -124.12,47.76,2000 -124.12,47.79,2000 -124.13,47.82,2000 -124.13,47.85,2000 -124.14,47.88,2000 -124.14,47.91,2000 -124.13,47.93,2000 -124.13,47.96,2000 -124.13,47.99,2000 -123.99,48.15,2000 
          </coordinates>
        </LinearRing>
      </innerBoundaryIs>
  </Polygon>
 </MultiGeometry>
</Placemark>
<Placemark>
  <name>5%</name>
  <visibility>1</visibility>
  <styleUrl>#poly_5</styleUrl>
  <MultiGeometry>
    <Polygon>
      <outerBoundaryIs>
        <LinearRing>
          <coordinates>
-106.47,41.67,1000 -106.41,41.68,1000 -106.36,41.69,1000 -106.30,41.69,1000 -106.24,41.68,1000 -106.19,41.67,1000 -106.14,41.64,1000 -106.09,41.62,1000 -106.04,41.60,1000 -106.01,41.58,1000 -105.99,41.57,1000 -105.97,41.55,1000 -105.94,41.52,1000 -105.90,41.49,1000 -105.88,41.45,1000 -105.86,41.42,1000 -105.86,41.38,1000 -105.87,41.34,1000 -105.89,41.30,1000 -105.91,41.27,1000 -105.92,41.24,1000 -105.95,41.21,1000 -105.98,41.19,1000 -106.02,41.16,1000 -106.06,41.13,1000 -106.10,41.10,1000 -106.14,41.08,1000 -106.17,41.06,1000 -106.20,41.05,1000 -106.22,41.02,1000 -106.24,40.99,1000 -106.27,40.94,1000 -106.29,40.90,1000 -106.31,40.86,1000 -106.33,40.82,1000 -106.34,40.77,1000 -106.35,40.74,1000 -106.36,40.71,1000 -106.37,40.68,1000 -106.39,40.66,1000 -106.42,40.62,1000 -106.46,40.59,1000 -106.49,40.55,1000 -106.53,40.52,1000 -106.57,40.50,1000 -106.63,40.48,1000 -106.68,40.48,1000 -106.74,40.48,1000 -106.80,40.49,1000 -106.85,40.49,1000 -106.90,40.50,1000 -106.95,40.51,1000 -107.00,40.52,1000 -107.04,40.53,1000 -107.09,40.55,1000 -107.13,40.57,1000 -107.17,40.60,1000 -107.21,40.63,1000 -107.24,40.66,1000 -107.26,40.70,1000 -107.28,40.73,1000 -107.30,40.76,1000 -107.33,40.79,1000 -107.34,40.82,1000 -107.35,40.85,1000 -107.37,40.89,1000 -107.38,40.93,1000 -107.39,40.97,1000 -107.40,41.02,1000 -107.41,41.06,1000 -107.41,41.10,1000 -107.41,41.14,1000 -107.40,41.18,1000 -107.38,41.20,1000 -107.36,41.23,1000 -107.33,41.26,1000 -107.30,41.30,1000 -107.27,41.33,1000 -107.23,41.36,1000 -107.19,41.38,1000 -107.14,41.40,1000 -107.10,41.40,1000 -107.05,41.39,1000 -107.00,41.38,1000 -106.95,41.37,1000 -106.90,41.38,1000 -106.85,41.40,1000 -106.80,41.43,1000 -106.76,41.47,1000 -106.72,41.51,1000 -106.69,41.53,1000 -106.68,41.54,1000 -106.47,41.67,1000 
          </coordinates>
        </LinearRing>
      </outerBoundaryIs>
      <innerBoundaryIs>
        <LinearRing>
          <coordinates>
-106.46,41.60,2000 -106.41,41.61,2000 -106.36,41.61,2000 -106.31,41.62,2000 -106.27,41.62,2000 -106.23,41.62,2000 -106.19,41.62,2000 -106.16,41.61,2000 -106.13,41.58,2000 -106.11,41.56,2000 -106.08,41.53,2000 -106.05,41.50,2000 -106.02,41.47,2000 -105.99,41.44,2000 -105.98,41.41,2000 -105.97,41.37,2000 -105.98,41.34,2000 -105.99,41.30,2000 -106.00,41.26,2000 -106.02,41.23,2000 -106.04,41.20,2000 -106.07,41.18,2000 -106.10,41.15,2000 -106.14,41.13,2000 -106.17,41.11,2000 -106.21,41.09,2000 -106.26,41.07,2000 -106.30,41.06,2000 -106.34,41.04,2000 -106.37,41.03,2000 -106.39,41.01,2000 -106.39,40.99,2000 -106.40,40.96,2000 -106.40,40.93,2000 -106.41,40.90,2000 -106.42,40.86,2000 -106.43,40.83,2000 -106.44,40.79,2000 -106.45,40.75,2000 -106.46,40.71,2000 -106.48,40.68,2000 -106.51,40.64,2000 -106.54,40.61,2000 -106.58,40.59,2000 -106.62,40.58,2000 -106.66,40.56,2000 -106.71,40.55,2000 -106.76,40.55,2000 -106.81,40.55,2000 -106.85,40.56,2000 -106.89,40.57,2000 -106.93,40.58,2000 -106.97,40.60,2000 -107.01,40.62,2000 -107.05,40.64,2000 -107.08,40.66,2000 -107.12,40.69,2000 -107.15,40.72,2000 -107.18,40.74,2000 -107.21,40.77,2000 -107.23,40.80,2000 -107.25,40.83,2000 -107.26,40.87,2000 -107.27,40.90,2000 -107.27,40.94,2000 -107.28,40.97,2000 -107.29,41.01,2000 -107.30,41.04,2000 -107.30,41.08,2000 -107.30,41.12,2000 -107.29,41.15,2000 -107.27,41.18,2000 -107.24,41.22,2000 -107.21,41.25,2000 -107.17,41.28,2000 -107.13,41.30,2000 -107.09,41.31,2000 -107.04,41.31,2000 -106.99,41.30,2000 -106.94,41.30,2000 -106.90,41.30,2000 -106.86,41.31,2000 -106.82,41.33,2000 -106.79,41.34,2000 -106.76,41.36,2000 -106.73,41.38,2000 -106.71,41.40,2000 -106.68,41.43,2000 -106.65,41.46,2000 -106.62,41.49,2000 -106.59,41.52,2000 -106.55,41.55,2000 -106.46,41.60,2000 
          </coordinates>
        </LinearRing>
      </innerBoundaryIs>
  </Polygon>
 </MultiGeometry>
</Placemark>
<Placemark>
  <name>5%</name>
  <visibility>1</visibility>
  <styleUrl>#poly_5</styleUrl>
  <MultiGeometry>
    <Polygon>
      <outerBoundaryIs>
        <LinearRing>
          <coordinates>
-117.92,46.34,1000 -117.89,46.35,1000 -117.85,46.35,1000 -117.82,46.35,1000 -117.79,46.36,1000 -117.76,46.36,1000 -117.73,46.36,1000 -117.70,46.36,1000 -117.67,46.36,1000 -117.64,46.35,1000 -117.61,46.35,1000 -117.58,46.34,1000 -117.55,46.33,1000 -117.53,46.31,1000 -117.50,46.30,1000 -117.48,46.29,1000 -117.46,46.27,1000 -117.44,46.26,1000 -117.43,46.24,1000 -117.41,46.22,1000 -117.40,46.20,1000 -117.39,46.19,1000 -117.37,46.17,1000 -117.35,46.16,1000 -117.34,46.14,1000 -117.33,46.13,1000 -117.33,46.11,1000 -117.35,46.09,1000 -117.36,46.07,1000 -117.36,46.05,1000 -117.36,46.04,1000 -117.36,46.02,1000 -117.36,46.00,1000 -117.37,45.98,1000 -117.38,45.96,1000 -117.39,45.94,1000 -117.41,45.93,1000 -117.43,45.91,1000 -117.45,45.89,1000 -117.48,45.87,1000 -117.50,45.86,1000 -117.52,45.84,1000 -117.55,45.83,1000 -117.58,45.82,1000 -117.60,45.81,1000 -117.63,45.80,1000 -117.66,45.79,1000 -117.69,45.78,1000 -117.72,45.78,1000 -117.75,45.77,1000 -117.78,45.77,1000 -117.81,45.77,1000 -117.84,45.77,1000 -117.88,45.77,1000 -117.91,45.78,1000 -117.95,45.78,1000 -117.98,45.79,1000 -118.01,45.79,1000 -118.03,45.80,1000 -118.06,45.81,1000 -118.09,45.82,1000 -118.10,45.83,1000 -118.12,45.85,1000 -118.14,45.87,1000 -118.15,45.89,1000 -118.17,45.90,1000 -118.18,45.92,1000 -118.19,45.94,1000 -118.20,45.97,1000 -118.21,45.99,1000 -118.22,46.01,1000 -118.22,46.03,1000 -118.22,46.05,1000 -118.21,46.07,1000 -118.20,46.09,1000 -118.19,46.11,1000 -118.17,46.13,1000 -118.16,46.15,1000 -118.15,46.17,1000 -118.14,46.19,1000 -118.13,46.20,1000 -118.12,46.21,1000 -117.92,46.34,1000 
          </coordinates>
        </LinearRing>
      </outerBoundaryIs>
      <innerBoundaryIs>
        <LinearRing>
          <coordinates>
-117.90,46.27,2000 -117.87,46.27,2000 -117.85,46.27,2000 -117.82,46.27,2000 -117.80,46.27,2000 -117.77,46.27,2000 -117.75,46.27,2000 -117.73,46.27,2000 -117.71,46.27,2000 -117.69,46.27,2000 -117.67,46.27,2000 -117.66,46.27,2000 -117.64,46.27,2000 -117.63,46.26,2000 -117.62,46.26,2000 -117.60,46.25,2000 -117.58,46.24,2000 -117.56,46.22,2000 -117.54,46.21,2000 -117.52,46.20,2000 -117.50,46.19,2000 -117.48,46.17,2000 -117.46,46.16,2000 -117.45,46.15,2000 -117.44,46.13,2000 -117.43,46.12,2000 -117.43,46.11,2000 -117.43,46.09,2000 -117.43,46.07,2000 -117.44,46.06,2000 -117.45,46.04,2000 -117.46,46.02,2000 -117.47,46.01,2000 -117.48,45.99,2000 -117.49,45.98,2000 -117.50,45.96,2000 -117.51,45.95,2000 -117.52,45.94,2000 -117.53,45.92,2000 -117.54,45.91,2000 -117.55,45.91,2000 -117.57,45.90,2000 -117.58,45.89,2000 -117.60,45.89,2000 -117.62,45.88,2000 -117.64,45.87,2000 -117.67,45.86,2000 -117.69,45.85,2000 -117.71,45.85,2000 -117.74,45.84,2000 -117.76,45.84,2000 -117.78,45.83,2000 -117.80,45.83,2000 -117.82,45.83,2000 -117.84,45.83,2000 -117.87,45.84,2000 -117.89,45.84,2000 -117.91,45.85,2000 -117.93,45.86,2000 -117.95,45.87,2000 -117.96,45.88,2000 -117.98,45.89,2000 -117.99,45.90,2000 -118.01,45.91,2000 -118.02,45.93,2000 -118.03,45.94,2000 -118.04,45.96,2000 -118.05,45.98,2000 -118.06,45.99,2000 -118.07,46.01,2000 -118.08,46.02,2000 -118.08,46.03,2000 -118.09,46.04,2000 -118.10,46.04,2000 -118.10,46.05,2000 -118.09,46.06,2000 -118.09,46.07,2000 -118.08,46.08,2000 -118.07,46.09,2000 -118.06,46.10,2000 -118.05,46.12,2000 -118.04,46.13,2000 -118.03,46.15,2000 -118.01,46.16,2000 -118.00,46.18,2000 -117.99,46.20,2000 -117.97,46.21,2000 -117.96,46.23,2000 -117.90,46.27,2000 
          </coordinates>
        </LinearRing>
      </innerBoundaryIs>
  </Polygon>
 </MultiGeometry>
</Placemark>
<Placemark>
  <name>5%</name>
  <visibility>1</visibility>
  <styleUrl>#poly_5</styleUrl>
  <MultiGeometry>
    <Polygon>
      <outerBoundaryIs>
        <LinearRing>
          <coordinates>
-107.84,45.03,1000 -107.80,45.01,1000 -107.75,45.00,1000 -107.71,44.98,1000 -107.68,44.97,1000 -107.64,44.96,1000 -107.62,44.95,1000 -107.59,44.94,1000 -107.57,44.93,1000 -107.53,44.91,1000 -107.50,44.88,1000 -107.46,44.86,1000 -107.42,44.83,1000 -107.38,44.81,1000 -107.36,44.80,1000 -107.32,44.79,1000 -107.29,44.78,1000 -107.25,44.76,1000 -107.20,44.75,1000 -107.15,44.73,1000 -107.10,44.71,1000 -107.07,44.70,1000 -107.03,44.68,1000 -107.01,44.67,1000 -106.98,44.65,1000 -106.96,44.63,1000 -106.93,44.61,1000 -106.91,44.58,1000 -106.88,44.55,1000 -106.86,44.52,1000 -106.85,44.49,1000 -106.84,44.46,1000 -106.84,44.43,1000 -106.84,44.40,1000 -106.85,44.37,1000 -106.86,44.34,1000 -106.87,44.31,1000 -106.89,44.28,1000 -106.91,44.25,1000 -106.94,44.22,1000 -106.97,44.20,1000 -107.01,44.18,1000 -107.04,44.17,1000 -107.08,44.15,1000 -107.12,44.14,1000 -107.16,44.13,1000 -107.20,44.13,1000 -107.24,44.13,1000 -107.28,44.13,1000 -107.33,44.14,1000 -107.37,44.16,1000 -107.42,44.17,1000 -107.46,44.19,1000 -107.49,44.20,1000 -107.53,44.22,1000 -107.55,44.24,1000 -107.57,44.27,1000 -107.59,44.29,1000 -107.60,44.32,1000 -107.62,44.34,1000 -107.64,44.37,1000 -107.66,44.40,1000 -107.68,44.43,1000 -107.70,44.46,1000 -107.71,44.49,1000 -107.73,44.51,1000 -107.74,44.54,1000 -107.76,44.57,1000 -107.78,44.60,1000 -107.80,44.62,1000 -107.83,44.65,1000 -107.86,44.67,1000 -107.89,44.69,1000 -107.92,44.71,1000 -107.94,44.74,1000 -107.96,44.76,1000 -107.97,44.79,1000 -107.98,44.82,1000 -107.99,44.84,1000 -107.99,44.87,1000 -107.98,44.90,1000 -107.98,44.93,1000 -107.84,45.03,1000 
          </coordinates>
        </LinearRing>
      </outerBoundaryIs>
      <innerBoundaryIs>
        <LinearRing>
          <coordinates>
-107.56,44.73,2000 -107.53,44.73,2000 -107.51,44.73,2000 -107.48,44.72,2000 -107.45,44.72,2000 -107.43,44.72,2000 -107.40,44.71,2000 -107.38,44.71,2000 -107.35,44.71,2000 -107.33,44.70,2000 -107.31,44.70,2000 -107.28,44.69,2000 -107.26,44.69,2000 -107.24,44.68,2000 -107.22,44.67,2000 -107.20,44.66,2000 -107.18,44.65,2000 -107.16,44.64,2000 -107.14,44.63,2000 -107.12,44.62,2000 -107.10,44.61,2000 -107.08,44.60,2000 -107.07,44.58,2000 -107.05,44.57,2000 -107.03,44.56,2000 -107.01,44.54,2000 -106.99,44.53,2000 -106.98,44.52,2000 -106.97,44.50,2000 -106.96,44.48,2000 -106.96,44.46,2000 -106.96,44.45,2000 -106.97,44.43,2000 -106.97,44.41,2000 -106.98,44.39,2000 -106.99,44.36,2000 -106.99,44.34,2000 -107.00,44.33,2000 -107.01,44.31,2000 -107.01,44.30,2000 -107.02,44.29,2000 -107.03,44.28,2000 -107.05,44.27,2000 -107.07,44.26,2000 -107.10,44.25,2000 -107.13,44.24,2000 -107.15,44.23,2000 -107.18,44.22,2000 -107.20,44.21,2000 -107.23,44.20,2000 -107.25,44.20,2000 -107.27,44.20,2000 -107.30,44.21,2000 -107.32,44.22,2000 -107.34,44.23,2000 -107.36,44.24,2000 -107.38,44.25,2000 -107.40,44.27,2000 -107.42,44.28,2000 -107.44,44.30,2000 -107.46,44.31,2000 -107.47,44.33,2000 -107.49,44.35,2000 -107.50,44.37,2000 -107.51,44.38,2000 -107.53,44.40,2000 -107.54,44.41,2000 -107.55,44.42,2000 -107.56,44.44,2000 -107.57,44.45,2000 -107.57,44.47,2000 -107.58,44.49,2000 -107.59,44.50,2000 -107.59,44.52,2000 -107.60,44.55,2000 -107.61,44.57,2000 -107.61,44.59,2000 -107.62,44.61,2000 -107.56,44.73,2000 
          </coordinates>
        </LinearRing>
      </innerBoundaryIs>
  </Polygon>
 </MultiGeometry>
</Placemark>
<Placemark>
  <name>5%</name>
  <visibility>1</visibility>
  <styleUrl>#poly_5</styleUrl>
  <MultiGeometry>
    <Polygon>
      <outerBoundaryIs>
        <LinearRing>
          <coordinates>
-118.69,44.46,1000 -118.67,44.46,1000 -118.64,44.45,1000 -118.62,44.45,1000 -118.60,44.44,1000 -118.58,44.44,1000 -118.56,44.44,1000 -118.54,44.44,1000 -118.53,44.43,1000 -118.51,44.43,1000 -118.48,44.43,1000 -118.47,44.43,1000 -118.45,44.43,1000 -118.43,44.42,1000 -118.42,44.41,1000 -118.40,44.40,1000 -118.39,44.39,1000 -118.37,44.38,1000 -118.35,44.37,1000 -118.33,44.36,1000 -118.31,44.34,1000 -118.30,44.33,1000 -118.28,44.32,1000 -118.28,44.30,1000 -118.27,44.29,1000 -118.27,44.28,1000 -118.27,44.26,1000 -118.28,44.25,1000 -118.29,44.23,1000 -118.30,44.21,1000 -118.31,44.20,1000 -118.32,44.18,1000 -118.33,44.17,1000 -118.34,44.15,1000 -118.35,44.14,1000 -118.36,44.13,1000 -118.37,44.11,1000 -118.39,44.11,1000 -118.40,44.10,1000 -118.41,44.10,1000 -118.43,44.09,1000 -118.45,44.08,1000 -118.46,44.08,1000 -118.48,44.07,1000 -118.50,44.06,1000 -118.52,44.05,1000 -118.54,44.05,1000 -118.56,44.04,1000 -118.58,44.04,1000 -118.60,44.04,1000 -118.62,44.04,1000 -118.63,44.04,1000 -118.65,44.05,1000 -118.67,44.06,1000 -118.68,44.07,1000 -118.70,44.08,1000 -118.71,44.08,1000 -118.73,44.10,1000 -118.75,44.11,1000 -118.77,44.12,1000 -118.78,44.13,1000 -118.80,44.14,1000 -118.82,44.15,1000 -118.83,44.17,1000 -118.85,44.17,1000 -118.86,44.18,1000 -118.87,44.19,1000 -118.89,44.21,1000 -118.89,44.21,1000 -118.89,44.22,1000 -118.88,44.24,1000 -118.87,44.25,1000 -118.87,44.26,1000 -118.86,44.27,1000 -118.85,44.28,1000 -118.84,44.29,1000 -118.83,44.31,1000 -118.82,44.32,1000 -118.81,44.34,1000 -118.80,44.35,1000 -118.78,44.37,1000 -118.77,44.38,1000 -118.76,44.40,1000 -118.69,44.46,1000 
          </coordinates>
        </LinearRing>
      </outerBoundaryIs>
  </Polygon>
 </MultiGeometry>
</Placemark>
<Placemark>
  <name>5%</name>
  <visibility>1</visibility>
  <styleUrl>#poly_5</styleUrl>
  <MultiGeometry>
    <Polygon>
      <outerBoundaryIs>
        <LinearRing>
          <coordinates>
-127.14,50.45,1000 -126.91,50.58,1000 -126.68,50.63,1000 -126.37,50.64,1000 -126.12,50.60,1000 -125.95,50.53,1000 -125.74,50.58,1000 -125.39,50.81,1000 -125.05,50.88,1000 -124.61,50.94,1000 -124.19,50.99,1000 -123.80,51.04,1000 -123.43,51.09,1000 -123.11,51.13,1000 -122.74,51.18,1000 -122.47,51.21,1000 -122.19,51.24,1000 -121.85,51.19,1000 -121.60,50.99,1000 -121.27,50.86,1000 -120.98,50.87,1000 -120.88,50.96,1000 -120.81,51.13,1000 -120.67,51.20,1000 -120.24,51.21,1000 -119.81,51.24,1000 -119.60,51.43,1000 -119.25,51.59,1000 -118.90,51.64,1000 -118.46,51.69,1000 -118.02,51.74,1000 -117.60,51.78,1000 -117.19,51.83,1000 -116.84,51.86,1000 -116.48,51.90,1000 -116.24,51.92,1000 -115.95,51.92,1000 -115.70,51.87,1000 -115.46,51.61,1000 -115.23,51.33,1000 -115.00,51.08,1000 -114.68,50.87,1000 -114.45,50.63,1000 -114.37,50.44,1000 -114.29,50.22,1000 -114.17,49.95,1000 -114.05,49.69,1000 -113.84,49.44,1000 -113.55,49.23,1000 -113.26,49.06,1000 -113.07,48.94,1000 -112.96,48.77,1000 -112.78,48.53,1000 -112.59,48.30,1000 -112.40,48.16,1000 -112.33,47.97,1000 -112.31,47.63,1000 -112.26,47.43,1000 -112.20,47.22,1000 -112.17,47.01,1000 -112.16,46.83,1000 -112.18,46.63,1000 -112.12,46.40,1000 -112.22,46.15,1000 -112.55,45.93,1000 -112.59,45.65,1000 -112.59,45.46,1000 -112.73,45.26,1000 -112.96,45.06,1000 -113.08,44.86,1000 -113.04,44.66,1000 -113.00,44.46,1000 -113.18,44.18,1000 -113.45,43.95,1000 -113.52,43.71,1000 -113.57,43.54,1000 -113.74,43.42,1000 -114.13,43.30,1000 -114.57,43.19,1000 -114.90,43.16,1000 -115.16,43.17,1000 -115.50,43.26,1000 -115.84,43.44,1000 -115.96,43.67,1000 -116.09,43.93,1000 -116.28,44.15,1000 -116.47,44.33,1000 -116.73,44.55,1000 -117.02,44.65,1000 -117.30,44.79,1000 -117.76,44.89,1000 -117.92,44.71,1000 -118.25,44.57,1000 -118.48,44.56,1000 -118.58,44.66,1000 -118.73,44.86,1000 -118.62,45.06,1000 -118.39,45.18,1000 -118.11,45.15,1000 -117.93,45.37,1000 -117.58,45.57,1000 -117.27,45.58,1000 -117.00,45.48,1000 -116.72,45.51,1000 -116.38,45.71,1000 -116.06,45.92,1000 -115.94,46.09,1000 -115.99,46.27,1000 -116.23,46.56,1000 -116.49,46.63,1000 -116.81,46.84,1000 -116.87,47.11,1000 -116.83,47.40,1000 -116.97,47.71,1000 -117.11,47.99,1000 -117.11,48.07,1000 -117.54,48.16,1000 -117.72,48.24,1000 -117.93,48.45,1000 -118.04,48.38,1000 -118.27,48.20,1000 -118.57,48.13,1000 -118.87,48.13,1000 -119.15,48.15,1000 -119.47,48.18,1000 -119.66,48.10,1000 -119.85,47.88,1000 -120.02,47.66,1000 -120.09,47.51,1000 -120.05,47.35,1000 -120.06,47.16,1000 -120.19,47.05,1000 -120.47,46.86,1000 -120.55,46.58,1000 -120.50,46.37,1000 -120.46,46.16,1000 -120.54,45.90,1000 -120.75,45.79,1000 -121.00,45.83,1000 -121.29,45.83,1000 -121.42,45.75,1000 -121.34,45.56,1000 -121.21,45.36,1000 -121.29,45.13,1000 -121.35,44.86,1000 -121.39,44.57,1000 -121.35,44.24,1000 -121.20,44.00,1000 -120.94,43.77,1000 -121.10,43.56,1000 -121.37,43.55,1000 -121.62,43.53,1000 -121.63,43.36,1000 -121.59,43.17,1000 -121.69,42.90,1000 -121.80,42.73,1000 -121.98,42.64,1000 -122.34,42.68,1000 -122.52,42.82,1000 -122.58,43.01,1000 -122.50,43.25,1000 -122.47,43.45,1000 -122.43,43.66,1000 -122.27,43.92,1000 -122.24,44.19,1000 -122.29,44.36,1000 -122.33,44.57,1000 -122.28,44.91,1000 -122.20,45.24,1000 -122.08,45.49,1000 -122.12,45.68,1000 -122.26,45.85,1000 -122.49,45.99,1000 -122.60,46.16,1000 -122.56,46.37,1000 -122.36,46.67,1000 -122.30,46.89,1000 -122.15,47.20,1000 -121.98,47.44,1000 -121.99,47.61,1000 -122.03,47.79,1000 -122.13,48.13,1000 -122.34,48.38,1000 -122.42,48.53,1000 -122.37,48.70,1000 -122.36,48.96,1000 -122.41,49.11,1000 -122.69,49.19,1000 -123.01,49.20,1000 -123.47,49.30,1000 -123.90,49.38,1000 -124.04,49.52,1000 -124.19,49.68,1000 -124.48,49.84,1000 -124.77,49.99,1000 -124.99,50.23,1000 -125.22,50.25,1000 -125.38,50.16,1000 -125.07,49.97,1000 -124.78,49.74,1000 -124.46,49.47,1000 -124.15,49.34,1000 -123.86,49.11,1000 -123.80,48.91,1000 -123.91,48.72,1000 -124.01,48.65,1000 -124.15,48.57,1000 -124.32,48.63,1000 -124.72,48.73,1000 -124.98,48.91,1000 -125.45,48.97,1000 -125.80,49.08,1000 -126.13,49.22,1000 -126.34,49.36,1000 -126.51,49.51,1000 -126.71,49.64,1000 -126.90,49.76,1000 -127.13,49.92,1000 -127.24,50.21,1000 -127.14,50.45,1000 
          </coordinates>
        </LinearRing>
      </outerBoundaryIs>
      <innerBoundaryIs>
        <LinearRing>
          <coordinates>
-126.90,50.54,2000 -126.79,50.56,2000 -126.69,50.58,2000 -126.59,50.59,2000 -126.49,50.61,2000 -126.41,50.61,2000 -126.30,50.60,2000 -126.21,50.58,2000 -126.12,50.55,2000 -126.04,50.52,2000 -125.95,50.48,2000 -125.87,50.44,2000 -125.80,50.41,2000 -125.72,50.38,2000 -125.66,50.35,2000 -125.60,50.32,2000 -125.57,50.28,2000 -125.54,50.22,2000 -125.48,50.16,2000 -125.43,50.12,2000 -125.36,50.08,2000 -125.29,50.04,2000 -125.21,50.00,2000 -125.13,49.95,2000 -125.05,49.89,2000 -124.99,49.84,2000 -124.93,49.79,2000 -124.86,49.73,2000 -124.80,49.68,2000 -124.73,49.62,2000 -124.67,49.56,2000 -124.60,49.51,2000 -124.54,49.46,2000 -124.45,49.40,2000 -124.36,49.35,2000 -124.27,49.31,2000 -124.18,49.27,2000 -124.10,49.23,2000 -124.04,49.19,2000 -123.97,49.13,2000 -123.93,49.09,2000 -123.92,49.04,2000 -123.91,48.98,2000 -123.92,48.93,2000 -123.95,48.87,2000 -123.99,48.83,2000 -124.05,48.78,2000 -124.11,48.74,2000 -124.17,48.71,2000 -124.25,48.70,2000 -124.34,48.70,2000 -124.42,48.71,2000 -124.51,48.73,2000 -124.60,48.77,2000 -124.66,48.80,2000 -124.73,48.83,2000 -124.80,48.87,2000 -124.86,48.90,2000 -124.93,48.95,2000 -124.99,48.99,2000 -125.05,49.02,2000 -125.13,49.03,2000 -125.23,49.02,2000 -125.30,49.02,2000 -125.38,49.01,2000 -125.47,49.02,2000 -125.58,49.04,2000 -125.66,49.07,2000 -125.74,49.10,2000 -125.84,49.14,2000 -125.94,49.18,2000 -126.03,49.23,2000 -126.12,49.27,2000 -126.20,49.32,2000 -126.28,49.38,2000 -126.35,49.44,2000 -126.42,49.50,2000 -126.48,49.56,2000 -126.54,49.61,2000 -126.60,49.66,2000 -126.68,49.71,2000 -126.76,49.75,2000 -126.83,49.79,2000 -126.90,49.83,2000 -126.96,49.87,2000 -127.02,49.92,2000 -127.08,49.97,2000 -127.13,50.03,2000 -127.16,50.08,2000 -127.17,50.14,2000 -127.17,50.19,2000 -127.16,50.25,2000 -127.14,50.31,2000 -127.11,50.37,2000 -126.90,50.54,2000 
          </coordinates>
        </LinearRing>
      </innerBoundaryIs>
      <innerBoundaryIs>
        <LinearRing>
          <coordinates>
-125.40,50.76,2000 -124.96,50.84,2000 -124.50,50.91,2000 -124.00,50.98,2000 -123.49,51.05,2000 -123.00,51.12,2000 -122.57,51.17,2000 -122.06,51.19,2000 -121.79,51.05,2000 -121.54,50.87,2000 -121.17,50.81,2000 -120.91,50.84,2000 -120.77,50.97,2000 -120.65,51.12,2000 -120.45,51.18,2000 -119.96,51.08,2000 -119.71,51.25,2000 -119.47,51.44,2000 -119.15,51.57,2000 -118.65,51.64,2000 -118.17,51.69,2000 -117.62,51.74,2000 -117.09,51.80,2000 -116.63,51.85,2000 -116.13,51.89,2000 -115.76,51.82,2000 -115.51,51.65,2000 -115.36,51.36,2000 -115.28,51.21,2000 -115.03,51.04,2000 -114.77,50.86,2000 -114.56,50.64,2000 -114.40,50.33,2000 -114.25,50.00,2000 -114.18,49.76,2000 -114.08,49.56,2000 -113.84,49.37,2000 -113.56,49.19,2000 -113.34,49.05,2000 -113.14,48.89,2000 -112.95,48.66,2000 -112.79,48.43,2000 -112.55,48.19,2000 -112.38,47.89,2000 -112.39,47.71,2000 -112.40,47.53,2000 -112.28,47.22,2000 -112.29,46.95,2000 -112.31,46.68,2000 -112.26,46.42,2000 -112.26,46.28,2000 -112.43,46.15,2000 -112.67,46.10,2000 -112.65,45.82,2000 -112.64,45.63,2000 -112.66,45.46,2000 -112.81,45.26,2000 -113.02,45.07,2000 -113.20,44.87,2000 -113.15,44.60,2000 -113.17,44.30,2000 -113.45,44.08,2000 -113.61,43.84,2000 -113.65,43.59,2000 -113.96,43.41,2000 -114.32,43.34,2000 -114.55,43.24,2000 -114.78,43.21,2000 -115.02,43.20,2000 -115.27,43.26,2000 -115.62,43.36,2000 -115.81,43.54,2000 -115.97,43.81,2000 -116.15,44.11,2000 -116.32,44.32,2000 -116.51,44.49,2000 -116.76,44.65,2000 -117.04,44.79,2000 -117.34,44.88,2000 -117.61,44.94,2000 -117.83,45.07,2000 -117.88,45.22,2000 -117.75,45.46,2000 -117.51,45.54,2000 -117.26,45.52,2000 -116.97,45.43,2000 -116.54,45.53,2000 -116.29,45.72,2000 -116.08,45.86,2000 -115.89,46.00,2000 -115.87,46.25,2000 -115.99,46.42,2000 -116.22,46.62,2000 -116.53,46.73,2000 -116.78,46.95,2000 -116.75,47.26,2000 -116.80,47.48,2000 -116.86,47.74,2000 -116.90,47.95,2000 -116.80,48.12,2000 -117.01,48.23,2000 -117.43,48.21,2000 -117.75,48.36,2000 -117.99,48.59,2000 -118.17,48.34,2000 -118.57,48.22,2000 -119.06,48.20,2000 -119.43,48.30,2000 -119.61,48.22,2000 -119.80,48.01,2000 -119.98,47.79,2000 -120.14,47.60,2000 -120.16,47.32,2000 -120.28,47.08,2000 -120.52,46.90,2000 -120.61,46.67,2000 -120.64,46.34,2000 -120.55,46.06,2000 -120.76,45.88,2000 -121.01,45.88,2000 -121.28,45.88,2000 -121.58,45.77,2000 -121.48,45.57,2000 -121.28,45.34,2000 -121.36,45.13,2000 -121.41,44.87,2000 -121.44,44.60,2000 -121.43,44.31,2000 -121.32,44.02,2000 -121.20,43.72,2000 -121.52,43.74,2000 -121.67,43.58,2000 -121.66,43.27,2000 -121.73,43.02,2000 -121.89,42.76,2000 -122.10,42.69,2000 -122.30,42.76,2000 -122.47,42.94,2000 -122.46,43.19,2000 -122.41,43.48,2000 -122.30,43.71,2000 -122.19,43.91,2000 -122.19,44.18,2000 -122.25,44.49,2000 -122.21,44.74,2000 -122.14,45.01,2000 -122.07,45.24,2000 -122.01,45.44,2000 -121.94,45.66,2000 -122.21,45.87,2000 -122.40,46.02,2000 -122.54,46.16,2000 -122.54,46.33,2000 -122.40,46.50,2000 -122.25,46.69,2000 -122.18,47.02,2000 -122.08,47.19,2000 -121.95,47.42,2000 -121.94,47.69,2000 -122.03,48.01,2000 -122.17,48.30,2000 -122.28,48.47,2000 -122.32,48.68,2000 -122.26,49.02,2000 -122.23,49.11,2000 -122.54,49.23,2000 -122.83,49.23,2000 -123.25,49.30,2000 -123.61,49.36,2000 -123.90,49.45,2000 -124.12,49.62,2000 -124.41,49.85,2000 -124.71,50.09,2000 -124.94,50.25,2000 -125.28,50.30,2000 -125.60,50.45,2000 -125.56,50.64,2000 -125.40,50.76,2000 
          </coordinates>
        </LinearRing>
      </innerBoundaryIs>
      <innerBoundaryIs>
        <LinearRing>
          <coordinates>
-114.08,44.57,2000 -114.07,44.56,2000 -114.05,44.55,2000 -114.04,44.54,2000 -114.03,44.54,2000 -114.01,44.53,2000 -114.00,44.52,2000 -113.99,44.51,2000 -113.98,44.50,2000 -113.97,44.49,2000 -113.96,44.48,2000 -113.95,44.47,2000 -113.94,44.46,2000 -113.94,44.45,2000 -113.93,44.44,2000 -113.93,44.43,2000 -113.93,44.42,2000 -113.93,44.41,2000 -113.93,44.39,2000 -113.93,44.38,2000 -113.94,44.37,2000 -113.94,44.35,2000 -113.95,44.34,2000 -113.95,44.33,2000 -113.96,44.31,2000 -113.96,44.30,2000 -113.97,44.29,2000 -113.98,44.28,2000 -113.98,44.27,2000 -113.99,44.26,2000 -113.99,44.25,2000 -114.01,44.23,2000 -114.02,44.24,2000 -114.02,44.25,2000 -114.02,44.26,2000 -114.03,44.26,2000 -114.03,44.27,2000 -114.04,44.28,2000 -114.04,44.29,2000 -114.05,44.30,2000 -114.05,44.32,2000 -114.06,44.33,2000 -114.07,44.34,2000 -114.07,44.35,2000 -114.08,44.37,2000 -114.09,44.38,2000 -114.09,44.40,2000 -114.10,44.41,2000 -114.08,44.57,2000 
          </coordinates>
        </LinearRing>
      </innerBoundaryIs>
      <innerBoundaryIs>
        <LinearRing>
          <coordinates>
-118.57,44.99,2000 -118.55,45.00,2000 -118.54,45.01,2000 -118.52,45.03,2000 -118.50,45.04,2000 -118.49,45.05,2000 -118.47,45.06,2000 -118.45,45.07,2000 -118.43,45.08,2000 -118.42,45.09,2000 -118.40,45.09,2000 -118.38,45.10,2000 -118.36,45.10,2000 -118.34,45.10,2000 -118.32,45.10,2000 -118.30,45.10,2000 -118.27,45.09,2000 -118.25,45.09,2000 -118.22,45.08,2000 -118.20,45.08,2000 -118.18,45.07,2000 -118.16,45.06,2000 -118.14,45.06,2000 -118.12,45.05,2000 -118.10,45.05,2000 -118.07,45.05,2000 -118.05,45.04,2000 -118.03,45.04,2000 -118.01,45.04,2000 -117.99,45.03,2000 -117.98,45.02,2000 -117.97,45.01,2000 -117.96,45.00,2000 -117.96,44.98,2000 -117.95,44.97,2000 -117.94,44.95,2000 -117.94,44.93,2000 -117.93,44.91,2000 -117.93,44.90,2000 -117.93,44.88,2000 -117.93,44.86,2000 -117.93,44.85,2000 -117.93,44.83,2000 -117.94,44.82,2000 -117.95,44.80,2000 -117.96,44.79,2000 -117.97,44.78,2000 -117.98,44.76,2000 -118.00,44.75,2000 -118.02,44.74,2000 -118.03,44.73,2000 -118.05,44.72,2000 -118.07,44.72,2000 -118.09,44.71,2000 -118.10,44.70,2000 -118.13,44.70,2000 -118.15,44.69,2000 -118.17,44.68,2000 -118.19,44.68,2000 -118.21,44.68,2000 -118.23,44.67,2000 -118.25,44.67,2000 -118.27,44.67,2000 -118.29,44.67,2000 -118.31,44.67,2000 -118.34,44.67,2000 -118.36,44.67,2000 -118.38,44.68,2000 -118.40,44.68,2000 -118.43,44.68,2000 -118.45,44.69,2000 -118.47,44.69,2000 -118.48,44.70,2000 -118.50,44.70,2000 -118.52,44.71,2000 -118.54,44.71,2000 -118.56,44.72,2000 -118.58,44.73,2000 -118.59,44.74,2000 -118.60,44.75,2000 -118.61,44.77,2000 -118.61,44.78,2000 -118.62,44.79,2000 -118.62,44.81,2000 -118.62,44.82,2000 -118.62,44.84,2000 -118.62,44.85,2000 -118.62,44.87,2000 -118.62,44.89,2000 -118.61,44.90,2000 -118.61,44.92,2000 -118.61,44.94,2000 -118.57,44.99,2000 
          </coordinates>
        </LinearRing>
      </innerBoundaryIs>
  </Polygon>
 </MultiGeometry>
</Placemark>
<Placemark>
  <name>5%</name>
  <visibility>1</visibility>
  <styleUrl>#poly_5</styleUrl>
  <MultiGeometry>
    <Polygon>
      <outerBoundaryIs>
        <LinearRing>
          <coordinates>
-110.87,47.11,1000 -110.61,47.15,1000 -110.47,47.08,1000 -110.31,47.00,1000 -110.26,46.83,1000 -110.37,46.68,1000 -110.46,46.52,1000 -110.34,46.41,1000 -110.19,46.31,1000 -110.10,46.12,1000 -110.15,45.95,1000 -110.38,45.87,1000 -110.62,45.80,1000 -110.79,45.74,1000 -110.49,45.73,1000 -110.21,45.74,1000 -110.08,45.71,1000 -109.91,45.65,1000 -109.70,45.57,1000 -109.46,45.46,1000 -109.26,45.36,1000 -109.09,45.25,1000 -109.01,45.14,1000 -109.00,45.01,1000 -109.04,44.85,1000 -109.12,44.64,1000 -109.17,44.42,1000 -109.07,44.23,1000 -108.97,44.01,1000 -108.98,43.84,1000 -109.02,43.64,1000 -109.05,43.45,1000 -109.06,43.30,1000 -108.97,43.16,1000 -108.85,43.06,1000 -108.77,42.85,1000 -108.72,42.64,1000 -108.82,42.43,1000 -109.05,42.35,1000 -109.21,42.37,1000 -109.39,42.41,1000 -109.61,42.49,1000 -109.80,42.56,1000 -109.94,42.55,1000 -110.09,42.39,1000 -110.16,42.25,1000 -110.25,42.11,1000 -110.38,42.02,1000 -110.52,41.96,1000 -110.75,41.90,1000 -110.91,41.94,1000 -111.01,41.92,1000 -111.09,41.75,1000 -111.11,41.57,1000 -111.14,41.39,1000 -111.29,41.25,1000 -111.57,41.21,1000 -111.71,41.32,1000 -111.85,41.48,1000 -111.97,41.64,1000 -112.05,41.80,1000 -112.05,42.02,1000 -111.96,42.17,1000 -111.94,42.35,1000 -111.93,42.53,1000 -111.90,42.74,1000 -111.96,42.84,1000 -112.02,42.95,1000 -112.00,43.08,1000 -111.92,43.27,1000 -111.84,43.42,1000 -111.74,43.61,1000 -111.65,43.80,1000 -111.61,43.95,1000 -111.71,44.12,1000 -111.86,44.25,1000 -111.90,44.43,1000 -111.91,44.60,1000 -111.92,44.75,1000 -111.93,44.89,1000 -111.90,45.11,1000 -111.86,45.22,1000 -111.79,45.32,1000 -111.68,45.41,1000 -111.54,45.50,1000 -111.34,45.54,1000 -111.13,45.64,1000 -111.02,45.82,1000 -110.92,46.06,1000 -110.86,46.26,1000 -110.84,46.43,1000 -110.87,46.55,1000 -110.94,46.69,1000 -111.05,46.82,1000 -110.87,47.11,1000 
          </coordinates>
        </LinearRing>
      </outerBoundaryIs>
      <innerBoundaryIs>
        <LinearRing>
          <coordinates>
-110.85,47.03,2000 -110.83,47.03,2000 -110.81,47.04,2000 -110.79,47.04,2000 -110.77,47.05,2000 -110.75,47.05,2000 -110.73,47.06,2000 -110.71,47.06,2000 -110.69,47.06,2000 -110.67,47.06,2000 -110.65,47.06,2000 -110.63,47.06,2000 -110.61,47.06,2000 -110.59,47.06,2000 -110.57,47.05,2000 -110.55,47.05,2000 -110.53,47.04,2000 -110.51,47.03,2000 -110.49,47.02,2000 -110.48,47.01,2000 -110.46,47.00,2000 -110.44,46.99,2000 -110.43,46.98,2000 -110.42,46.97,2000 -110.41,46.96,2000 -110.40,46.95,2000 -110.40,46.93,2000 -110.39,46.92,2000 -110.39,46.90,2000 -110.38,46.89,2000 -110.38,46.87,2000 -110.38,46.86,2000 -110.38,46.84,2000 -110.38,46.83,2000 -110.39,46.81,2000 -110.39,46.80,2000 -110.40,46.79,2000 -110.40,46.77,2000 -110.41,46.76,2000 -110.42,46.75,2000 -110.43,46.74,2000 -110.45,46.72,2000 -110.46,46.71,2000 -110.48,46.70,2000 -110.49,46.69,2000 -110.51,46.68,2000 -110.52,46.68,2000 -110.54,46.67,2000 -110.56,46.66,2000 -110.58,46.66,2000 -110.60,46.66,2000 -110.62,46.65,2000 -110.64,46.65,2000 -110.67,46.65,2000 -110.69,46.65,2000 -110.71,46.65,2000 -110.73,46.65,2000 -110.75,46.65,2000 -110.77,46.66,2000 -110.79,46.66,2000 -110.81,46.67,2000 -110.83,46.67,2000 -110.85,46.68,2000 -110.86,46.69,2000 -110.87,46.70,2000 -110.89,46.72,2000 -110.90,46.73,2000 -110.91,46.75,2000 -110.92,46.76,2000 -110.93,46.77,2000 -110.93,46.78,2000 -110.94,46.80,2000 -110.94,46.81,2000 -110.95,46.82,2000 -110.95,46.84,2000 -110.95,46.85,2000 -110.95,46.87,2000 -110.96,46.88,2000 -110.96,46.90,2000 -110.96,46.91,2000 -110.96,46.93,2000 -110.85,47.03,2000 
          </coordinates>
        </LinearRing>
      </innerBoundaryIs>
      <innerBoundaryIs>
        <LinearRing>
          <coordinates>
-110.49,46.35,2000 -110.47,46.34,2000 -110.46,46.34,2000 -110.44,46.33,2000 -110.42,46.33,2000 -110.41,46.32,2000 -110.39,46.30,2000 -110.37,46.29,2000 -110.36,46.28,2000 -110.34,46.27,2000 -110.33,46.26,2000 -110.31,46.24,2000 -110.30,46.23,2000 -110.28,46.22,2000 -110.27,46.20,2000 -110.26,46.19,2000 -110.24,46.17,2000 -110.24,46.16,2000 -110.23,46.14,2000 -110.23,46.13,2000 -110.23,46.12,2000 -110.24,46.10,2000 -110.25,46.09,2000 -110.26,46.08,2000 -110.27,46.06,2000 -110.28,46.05,2000 -110.29,46.03,2000 -110.31,46.02,2000 -110.32,46.00,2000 -110.34,45.99,2000 -110.35,45.98,2000 -110.36,45.97,2000 -110.37,45.96,2000 -110.38,45.95,2000 -110.40,45.93,2000 -110.40,45.93,2000 -110.42,45.93,2000 -110.44,45.93,2000 -110.45,45.93,2000 -110.47,45.93,2000 -110.50,45.93,2000 -110.52,45.93,2000 -110.54,45.94,2000 -110.56,45.95,2000 -110.58,45.96,2000 -110.59,45.96,2000 -110.61,45.98,2000 -110.63,45.99,2000 -110.65,46.00,2000 -110.67,46.01,2000 -110.68,46.02,2000 -110.69,46.03,2000 -110.71,46.05,2000 -110.72,46.06,2000 -110.72,46.07,2000 -110.73,46.09,2000 -110.73,46.10,2000 -110.73,46.11,2000 -110.73,46.12,2000 -110.72,46.13,2000 -110.71,46.15,2000 -110.70,46.16,2000 -110.69,46.17,2000 -110.69,46.18,2000 -110.68,46.20,2000 -110.67,46.21,2000 -110.66,46.22,2000 -110.66,46.24,2000 -110.65,46.25,2000 -110.64,46.27,2000 -110.49,46.35,2000 
          </coordinates>
        </LinearRing>
      </innerBoundaryIs>
      <innerBoundaryIs>
        <LinearRing>
          <coordinates>
-110.38,45.67,2000 -110.23,45.66,2000 -110.08,45.64,2000 -109.94,45.61,2000 -109.79,45.55,2000 -109.64,45.48,2000 -109.48,45.40,2000 -109.34,45.33,2000 -109.23,45.27,2000 -109.16,45.22,2000 -109.08,45.07,2000 -109.09,44.92,2000 -109.12,44.77,2000 -109.18,44.65,2000 -109.24,44.54,2000 -109.26,44.44,2000 -109.24,44.32,2000 -109.17,44.19,2000 -109.08,44.05,2000 -109.02,43.92,2000 -109.04,43.78,2000 -109.10,43.66,2000 -109.19,43.57,2000 -109.23,43.46,2000 -109.15,43.34,2000 -109.03,43.19,2000 -108.93,43.06,2000 -108.86,42.90,2000 -108.82,42.77,2000 -108.80,42.68,2000 -108.81,42.60,2000 -108.84,42.52,2000 -108.93,42.46,2000 -109.12,42.44,2000 -109.33,42.45,2000 -109.48,42.50,2000 -109.63,42.56,2000 -109.80,42.60,2000 -109.96,42.61,2000 -110.12,42.50,2000 -110.20,42.36,2000 -110.27,42.21,2000 -110.30,42.14,2000 -110.41,42.08,2000 -110.57,42.04,2000 -110.79,42.01,2000 -111.00,41.96,2000 -111.16,41.90,2000 -111.24,41.76,2000 -111.26,41.59,2000 -111.27,41.46,2000 -111.37,41.34,2000 -111.47,41.32,2000 -111.59,41.36,2000 -111.70,41.46,2000 -111.83,41.60,2000 -111.92,41.73,2000 -111.97,41.88,2000 -111.97,42.01,2000 -111.95,42.08,2000 -111.90,42.18,2000 -111.85,42.30,2000 -111.79,42.45,2000 -111.76,42.62,2000 -111.77,42.77,2000 -111.80,42.94,2000 -111.84,43.11,2000 -111.85,43.24,2000 -111.79,43.37,2000 -111.71,43.45,2000 -111.68,43.56,2000 -111.66,43.68,2000 -111.59,43.81,2000 -111.53,43.92,2000 -111.57,44.06,2000 -111.66,44.14,2000 -111.75,44.24,2000 -111.80,44.38,2000 -111.84,44.53,2000 -111.86,44.69,2000 -111.86,44.85,2000 -111.84,45.00,2000 -111.77,45.15,2000 -111.70,45.25,2000 -111.61,45.36,2000 -111.46,45.44,2000 -111.29,45.49,2000 -111.09,45.52,2000 -110.85,45.55,2000 -110.61,45.57,2000 -110.38,45.67,2000 
          </coordinates>
        </LinearRing>
      </innerBoundaryIs>
  </Polygon>
 </MultiGeometry>
</Placemark>
<Placemark>
  <name>5%</name>
  <visibility>1</visibility>
  <styleUrl>#poly_5</styleUrl>
  <MultiGeometry>
    <Polygon>
      <outerBoundaryIs>
        <LinearRing>
          <coordinates>
-112.10,45.70,1000 -112.08,45.70,1000 -112.07,45.70,1000 -112.05,45.69,1000 -112.04,45.69,1000 -112.02,45.69,1000 -112.01,45.68,1000 -112.00,45.68,1000 -111.98,45.67,1000 -111.97,45.66,1000 -111.96,45.65,1000 -111.95,45.64,1000 -111.95,45.63,1000 -111.94,45.62,1000 -111.93,45.61,1000 -111.92,45.60,1000 -111.91,45.59,1000 -111.91,45.58,1000 -111.90,45.57,1000 -111.90,45.56,1000 -111.89,45.54,1000 -111.89,45.53,1000 -111.88,45.52,1000 -111.88,45.51,1000 -111.88,45.50,1000 -111.88,45.49,1000 -111.88,45.48,1000 -111.88,45.47,1000 -111.89,45.46,1000 -111.90,45.45,1000 -111.91,45.44,1000 -111.92,45.43,1000 -111.94,45.42,1000 -111.95,45.42,1000 -111.97,45.41,1000 -111.98,45.40,1000 -112.00,45.40,1000 -112.01,45.39,1000 -112.03,45.39,1000 -112.04,45.39,1000 -112.05,45.39,1000 -112.07,45.39,1000 -112.08,45.39,1000 -112.10,45.40,1000 -112.11,45.40,1000 -112.13,45.41,1000 -112.14,45.42,1000 -112.16,45.42,1000 -112.17,45.43,1000 -112.18,45.44,1000 -112.19,45.45,1000 -112.20,45.46,1000 -112.21,45.47,1000 -112.21,45.48,1000 -112.21,45.49,1000 -112.22,45.50,1000 -112.22,45.51,1000 -112.22,45.52,1000 -112.22,45.53,1000 -112.22,45.54,1000 -112.22,45.55,1000 -112.22,45.57,1000 -112.22,45.58,1000 -112.22,45.59,1000 -112.21,45.60,1000 -112.21,45.62,1000 -112.21,45.63,1000 -112.10,45.70,1000 
          </coordinates>
        </LinearRing>
      </outerBoundaryIs>
  </Polygon>
 </MultiGeometry>
</Placemark>
<Placemark>
  <name>5%</name>
  <visibility>1</visibility>
  <styleUrl>#poly_5</styleUrl>
  <MultiGeometry>
    <Polygon>
      <outerBoundaryIs>
        <LinearRing>
          <coordinates>
-122.53,41.61,1000 -122.49,41.64,1000 -122.45,41.67,1000 -122.41,41.70,1000 -122.37,41.72,1000 -122.33,41.74,1000 -122.28,41.76,1000 -122.23,41.77,1000 -122.18,41.78,1000 -122.10,41.78,1000 -122.05,41.78,1000 -121.99,41.78,1000 -121.92,41.78,1000 -121.86,41.78,1000 -121.79,41.78,1000 -121.72,41.78,1000 -121.66,41.77,1000 -121.61,41.76,1000 -121.55,41.74,1000 -121.49,41.71,1000 -121.45,41.68,1000 -121.41,41.65,1000 -121.38,41.62,1000 -121.36,41.58,1000 -121.36,41.54,1000 -121.37,41.50,1000 -121.39,41.46,1000 -121.42,41.42,1000 -121.46,41.38,1000 -121.50,41.34,1000 -121.54,41.32,1000 -121.58,41.30,1000 -121.63,41.27,1000 -121.68,41.25,1000 -121.74,41.23,1000 -121.79,41.21,1000 -121.84,41.20,1000 -121.89,41.18,1000 -121.93,41.16,1000 -121.98,41.13,1000 -122.02,41.10,1000 -122.05,41.07,1000 -122.08,41.05,1000 -122.13,41.02,1000 -122.18,41.00,1000 -122.23,40.98,1000 -122.28,40.96,1000 -122.34,40.94,1000 -122.40,40.91,1000 -122.45,40.89,1000 -122.50,40.87,1000 -122.55,40.84,1000 -122.59,40.81,1000 -122.63,40.78,1000 -122.67,40.75,1000 -122.71,40.72,1000 -122.75,40.70,1000 -122.81,40.68,1000 -122.86,40.67,1000 -122.92,40.67,1000 -122.98,40.67,1000 -123.03,40.68,1000 -123.09,40.69,1000 -123.14,40.71,1000 -123.19,40.73,1000 -123.24,40.75,1000 -123.28,40.78,1000 -123.32,40.81,1000 -123.36,40.84,1000 -123.38,40.87,1000 -123.40,40.91,1000 -123.40,40.95,1000 -123.40,40.98,1000 -123.38,41.02,1000 -123.36,41.06,1000 -123.34,41.10,1000 -123.32,41.14,1000 -123.29,41.17,1000 -123.26,41.21,1000 -123.23,41.25,1000 -123.19,41.29,1000 -123.16,41.32,1000 -123.12,41.35,1000 -123.09,41.39,1000 -123.05,41.42,1000 -123.01,41.44,1000 -122.97,41.46,1000 -122.92,41.48,1000 -122.86,41.49,1000 -122.80,41.50,1000 -122.74,41.50,1000 -122.53,41.61,1000 
          </coordinates>
        </LinearRing>
      </outerBoundaryIs>
      <innerBoundaryIs>
        <LinearRing>
          <coordinates>
-122.31,41.69,2000 -122.25,41.70,2000 -122.19,41.70,2000 -122.14,41.71,2000 -122.08,41.72,2000 -122.03,41.72,2000 -121.98,41.72,2000 -121.93,41.72,2000 -121.88,41.72,2000 -121.84,41.72,2000 -121.78,41.71,2000 -121.73,41.70,2000 -121.68,41.68,2000 -121.64,41.66,2000 -121.61,41.64,2000 -121.58,41.62,2000 -121.55,41.59,2000 -121.53,41.55,2000 -121.53,41.52,2000 -121.54,41.48,2000 -121.56,41.45,2000 -121.58,41.43,2000 -121.61,41.40,2000 -121.64,41.37,2000 -121.68,41.34,2000 -121.73,41.31,2000 -121.76,41.29,2000 -121.80,41.27,2000 -121.85,41.25,2000 -121.89,41.22,2000 -121.94,41.20,2000 -121.99,41.18,2000 -122.03,41.16,2000 -122.08,41.14,2000 -122.12,41.12,2000 -122.15,41.10,2000 -122.20,41.07,2000 -122.25,41.05,2000 -122.28,41.04,2000 -122.32,41.02,2000 -122.36,41.00,2000 -122.40,40.98,2000 -122.44,40.96,2000 -122.48,40.94,2000 -122.52,40.91,2000 -122.56,40.89,2000 -122.60,40.87,2000 -122.63,40.85,2000 -122.67,40.82,2000 -122.70,40.80,2000 -122.72,40.78,2000 -122.76,40.76,2000 -122.80,40.75,2000 -122.85,40.73,2000 -122.90,40.72,2000 -122.95,40.72,2000 -123.00,40.73,2000 -123.04,40.74,2000 -123.08,40.77,2000 -123.12,40.79,2000 -123.16,40.82,2000 -123.20,40.85,2000 -123.24,40.88,2000 -123.27,40.90,2000 -123.29,40.92,2000 -123.29,40.93,2000 -123.29,40.95,2000 -123.30,40.99,2000 -123.30,41.02,2000 -123.30,41.06,2000 -123.29,41.10,2000 -123.28,41.13,2000 -123.26,41.16,2000 -123.23,41.19,2000 -123.21,41.22,2000 -123.18,41.24,2000 -123.15,41.27,2000 -123.12,41.29,2000 -123.10,41.32,2000 -123.07,41.34,2000 -123.04,41.36,2000 -123.00,41.38,2000 -122.95,41.40,2000 -122.92,41.41,2000 -122.88,41.43,2000 -122.84,41.44,2000 -122.80,41.46,2000 -122.75,41.47,2000 -122.71,41.49,2000 -122.66,41.50,2000 -122.61,41.52,2000 -122.56,41.53,2000 -122.51,41.55,2000 -122.31,41.69,2000 
          </coordinates>
        </LinearRing>
      </innerBoundaryIs>
  </Polygon>
 </MultiGeometry>
</Placemark>
<Placemark>
  <name>5%</name>
  <visibility>1</visibility>
  <styleUrl>#poly_5</styleUrl>
  <MultiGeometry>
    <Polygon>
      <outerBoundaryIs>
        <LinearRing>
          <coordinates>
-106.29,52.21,1000 -105.34,52.26,1000 -104.25,52.37,1000 -103.66,52.34,1000 -103.31,52.26,1000 -102.26,52.22,1000 -101.93,52.17,1000 -101.61,52.05,1000 -101.03,51.93,1000 -100.74,51.93,1000 -99.70,51.88,1000 -99.24,51.88,1000 -98.69,51.96,1000 -98.48,52.03,1000 -97.94,52.09,1000 -96.95,52.04,1000 -96.23,51.97,1000 -95.59,51.97,1000 -95.28,52.05,1000 -94.75,52.12,1000 -94.12,52.09,1000 -93.69,52.00,1000 -93.36,51.98,1000 -92.77,51.94,1000 -92.14,51.92,1000 -91.65,51.99,1000 -91.25,51.97,1000 -90.85,51.92,1000 -90.50,51.82,1000 -89.85,51.54,1000 -88.99,51.37,1000 -88.14,51.23,1000 -87.59,51.15,1000 -87.25,51.06,1000 -86.42,50.86,1000 -85.65,50.66,1000 -84.99,50.46,1000 -84.36,50.09,1000 -83.98,49.95,1000 -83.69,49.78,1000 -83.42,49.60,1000 -83.11,49.49,1000 -82.75,49.37,1000 -82.38,49.17,1000 -82.10,49.00,1000 -81.60,48.86,1000 -80.82,48.71,1000 -79.93,48.53,1000 -79.16,48.38,1000 -78.32,48.18,1000 -77.54,47.99,1000 -77.24,47.92,1000 -76.90,47.70,1000 -76.53,47.29,1000 -76.33,47.07,1000 -76.21,46.83,1000 -75.90,46.31,1000 -75.64,45.86,1000 -75.48,45.41,1000 -75.32,45.12,1000 -75.00,44.98,1000 -74.19,45.08,1000 -73.43,45.08,1000 -73.11,45.25,1000 -72.84,45.48,1000 -72.34,45.76,1000 -71.79,46.17,1000 -71.23,46.51,1000 -70.70,46.85,1000 -70.35,47.23,1000 -70.18,47.48,1000 -70.15,47.85,1000 -70.08,48.04,1000 -69.82,48.12,1000 -69.53,48.27,1000 -69.03,48.67,1000 -68.45,49.01,1000 -67.90,49.32,1000 -67.63,49.52,1000 -67.37,49.58,1000 -67.03,49.65,1000 -66.76,49.84,1000 -65.99,49.97,1000 -65.49,49.94,1000 -65.13,49.77,1000 -64.46,49.49,1000 -63.79,49.21,1000 -63.32,49.04,1000 -62.94,48.82,1000 -62.57,48.35,1000 -61.99,48.06,1000 -61.76,47.85,1000 -61.68,47.68,1000 -61.70,47.50,1000 -61.98,46.71,1000 -62.36,45.64,1000 -62.65,44.79,1000 -62.89,44.13,1000 -63.03,43.82,1000 -63.25,43.60,1000 -63.81,43.23,1000 -64.42,42.92,1000 -65.10,42.58,1000 -65.95,42.16,1000 -66.59,41.84,1000 -67.00,41.73,1000 -67.31,41.58,1000 -67.95,41.29,1000 -68.65,41.06,1000 -69.13,40.76,1000 -69.62,40.41,1000 -70.20,40.18,1000 -70.93,39.93,1000 -71.52,39.68,1000 -72.14,39.45,1000 -72.32,39.30,1000 -72.57,38.99,1000 -72.90,38.54,1000 -73.23,38.09,1000 -73.51,37.82,1000 -73.78,37.64,1000 -74.37,37.37,1000 -74.96,36.88,1000 -75.31,36.77,1000 -75.64,36.70,1000 -76.30,36.60,1000 -76.71,36.62,1000 -77.20,36.72,1000 -77.75,36.84,1000 -78.10,37.01,1000 -78.29,37.22,1000 -78.40,37.70,1000 -78.47,37.86,1000 -78.59,37.84,1000 -78.84,37.65,1000 -79.23,37.55,1000 -79.47,37.69,1000 -79.65,37.90,1000 -79.93,37.78,1000 -80.14,37.61,1000 -80.32,37.37,1000 -80.74,37.06,1000 -80.92,36.86,1000 -81.10,36.44,1000 -81.45,35.97,1000 -81.97,35.66,1000 -82.29,35.45,1000 -82.53,35.41,1000 -82.97,35.32,1000 -83.31,35.21,1000 -83.84,35.18,1000 -84.05,35.24,1000 -84.16,35.42,1000 -83.95,35.72,1000 -83.73,35.89,1000 -83.21,36.16,1000 -82.99,36.46,1000 -83.11,36.57,1000 -83.38,36.64,1000 -83.60,36.82,1000 -83.70,36.94,1000 -83.72,37.13,1000 -83.55,37.39,1000 -83.36,37.56,1000 -82.95,37.94,1000 -82.76,38.24,1000 -82.70,38.52,1000 -82.90,38.69,1000 -83.26,38.82,1000 -83.63,39.24,1000 -84.02,39.68,1000 -84.59,40.01,1000 -85.29,40.19,1000 -85.53,40.28,1000 -85.92,40.34,1000 -86.32,40.47,1000 -86.65,40.63,1000 -86.94,40.78,1000 -87.22,40.99,1000 -87.49,41.28,1000 -87.60,41.52,1000 -87.74,42.07,1000 -87.86,42.68,1000 -87.87,43.33,1000 -88.05,43.60,1000 -88.31,43.74,1000 -88.79,44.06,1000 -89.68,44.24,1000 -90.36,44.46,1000 -91.01,44.70,1000 -91.61,45.00,1000 -91.93,45.14,1000 -92.23,45.35,1000 -92.59,45.76,1000 -93.04,46.05,1000 -93.68,46.38,1000 -94.36,46.70,1000 -95.02,46.89,1000 -95.50,46.96,1000 -95.88,47.08,1000 -96.38,47.41,1000 -96.86,47.86,1000 -97.41,48.22,1000 -98.00,48.55,1000 -99.25,49.00,1000 -100.10,49.13,1000 -100.41,49.26,1000 -100.65,49.42,1000 -100.92,49.62,1000 -101.25,49.74,1000 -101.97,49.94,1000 -102.86,50.08,1000 -103.45,50.25,1000 -104.30,50.47,1000 -104.20,50.64,1000 -103.85,50.70,1000 -102.81,50.74,1000 -101.94,50.73,1000 -101.98,50.91,1000 -102.30,51.03,1000 -102.99,51.27,1000 -103.74,51.38,1000 -104.19,51.47,1000 -104.63,51.63,1000 -104.99,51.80,1000 -105.58,51.94,1000 -106.38,52.03,1000 -106.41,52.20,1000 -106.29,52.21,1000 
          </coordinates>
        </LinearRing>
      </outerBoundaryIs>
      <innerBoundaryIs>
        <LinearRing>
          <coordinates>
-103.91,52.17,2000 -103.26,52.09,2000 -102.21,52.09,2000 -101.56,51.88,2000 -101.03,51.83,2000 -100.55,51.83,2000 -99.83,51.78,2000 -99.23,51.77,2000 -98.85,51.81,2000 -98.48,51.93,2000 -98.13,51.98,2000 -97.51,51.98,2000 -96.50,51.92,2000 -95.93,51.88,2000 -95.37,51.94,2000 -94.71,52.04,2000 -93.99,51.99,2000 -92.73,51.84,2000 -92.09,51.83,2000 -91.60,51.93,2000 -91.15,51.90,2000 -90.78,51.81,2000 -90.33,51.63,2000 -89.87,51.45,2000 -88.97,51.29,2000 -88.07,51.15,2000 -87.31,51.00,2000 -86.58,50.81,2000 -85.76,50.58,2000 -85.03,50.32,2000 -84.65,50.08,2000 -84.03,49.77,2000 -83.79,49.59,2000 -83.44,49.42,2000 -83.05,49.31,2000 -82.63,49.15,2000 -82.37,49.00,2000 -81.92,48.82,2000 -81.20,48.68,2000 -80.43,48.54,2000 -79.51,48.34,2000 -78.94,48.24,2000 -78.17,48.04,2000 -77.44,47.83,2000 -77.17,47.67,2000 -76.96,47.46,2000 -76.59,47.07,2000 -76.27,46.62,2000 -75.97,46.16,2000 -75.72,45.64,2000 -75.57,45.21,2000 -75.40,44.97,2000 -75.12,44.87,2000 -74.80,44.90,2000 -74.02,44.99,2000 -73.55,44.94,2000 -73.18,45.06,2000 -72.77,45.40,2000 -72.21,45.73,2000 -71.46,46.16,2000 -70.76,46.64,2000 -70.17,47.24,2000 -69.63,47.90,2000 -69.20,48.41,2000 -68.71,48.78,2000 -68.24,49.00,2000 -67.90,49.17,2000 -67.67,49.38,2000 -67.04,49.59,2000 -66.72,49.79,2000 -66.33,49.86,2000 -66.00,49.91,2000 -65.58,49.89,2000 -64.44,49.43,2000 -63.67,49.11,2000 -63.06,48.79,2000 -62.67,48.33,2000 -61.97,47.98,2000 -61.77,47.61,2000 -61.82,47.29,2000 -61.94,46.94,2000 -62.16,46.32,2000 -62.43,45.58,2000 -62.69,44.84,2000 -62.91,44.23,2000 -63.05,43.94,2000 -63.21,43.74,2000 -63.69,43.39,2000 -64.25,43.07,2000 -64.90,42.81,2000 -65.50,42.46,2000 -66.14,42.10,2000 -67.21,41.76,2000 -67.72,41.50,2000 -68.27,41.30,2000 -68.58,41.22,2000 -68.83,41.11,2000 -69.31,40.73,2000 -69.61,40.53,2000 -69.89,40.40,2000 -70.41,40.18,2000 -71.06,39.95,2000 -71.72,39.69,2000 -72.18,39.53,2000 -72.44,39.36,2000 -72.58,39.19,2000 -72.93,38.73,2000 -73.31,38.17,2000 -73.71,37.82,2000 -74.20,37.57,2000 -74.48,37.47,2000 -74.73,37.27,2000 -74.97,37.03,2000 -75.26,36.89,2000 -75.90,36.76,2000 -76.87,36.77,2000 -77.27,36.82,2000 -77.62,36.92,2000 -78.01,37.28,2000 -78.16,37.54,2000 -78.25,37.92,2000 -78.41,37.99,2000 -78.70,37.91,2000 -78.96,37.68,2000 -79.24,37.64,2000 -79.64,37.97,2000 -79.87,37.91,2000 -80.11,37.76,2000 -80.49,37.35,2000 -80.90,36.99,2000 -81.17,36.48,2000 -81.46,36.07,2000 -82.16,35.59,2000 -82.75,35.42,2000 -83.29,35.30,2000 -83.66,35.22,2000 -84.01,35.31,2000 -83.97,35.59,2000 -83.70,35.84,2000 -83.24,36.02,2000 -82.86,36.44,2000 -82.90,36.57,2000 -83.10,36.62,2000 -83.38,36.75,2000 -83.56,37.05,2000 -83.49,37.25,2000 -83.35,37.38,2000 -82.93,37.70,2000 -82.80,37.86,2000 -82.66,38.15,2000 -82.52,38.33,2000 -82.48,38.66,2000 -83.02,38.90,2000 -83.43,39.33,2000 -83.85,39.77,2000 -84.38,40.03,2000 -84.79,40.21,2000 -85.01,40.42,2000 -85.22,40.59,2000 -85.50,40.63,2000 -86.08,40.54,2000 -86.48,40.66,2000 -86.85,40.82,2000 -87.09,40.96,2000 -87.32,41.18,2000 -87.47,41.38,2000 -87.52,41.59,2000 -87.67,42.20,2000 -87.77,42.80,2000 -87.81,43.47,2000 -87.90,43.67,2000 -88.15,43.83,2000 -88.74,44.18,2000 -88.98,44.25,2000 -89.34,44.29,2000 -90.05,44.49,2000 -90.72,44.69,2000 -91.36,45.01,2000 -91.82,45.26,2000 -92.06,45.43,2000 -92.27,45.66,2000 -92.47,45.87,2000 -92.78,46.06,2000 -93.43,46.38,2000 -93.96,46.69,2000 -94.54,46.89,2000 -95.22,47.07,2000 -95.89,47.28,2000 -96.40,47.69,2000 -96.79,48.05,2000 -97.27,48.43,2000 -97.73,48.78,2000 -97.98,48.91,2000 -98.38,49.03,2000 -99.09,49.17,2000 -99.90,49.36,2000 -100.35,49.48,2000 -100.56,49.68,2000 -100.78,49.82,2000 -101.13,49.96,2000 -101.39,50.13,2000 -101.44,50.32,2000 -101.33,50.51,2000 -101.23,50.68,2000 -101.25,50.82,2000 -101.55,51.00,2000 -101.89,51.10,2000 -102.27,51.23,2000 -102.51,51.35,2000 -102.81,51.46,2000 -103.22,51.53,2000 -103.78,51.60,2000 -104.21,51.74,2000 -104.34,51.94,2000 -104.16,52.13,2000 -103.91,52.17,2000 
          </coordinates>
        </LinearRing>
      </innerBoundaryIs>
  </Polygon>
 </MultiGeometry>
</Placemark>
<Placemark>
  <name>5%</name>
  <visibility>1</visibility>
  <styleUrl>#poly_5</styleUrl>
  <MultiGeometry>
    <Polygon>
      <outerBoundaryIs>
        <LinearRing>
          <coordinates>
-105.89,40.62,1000 -105.87,40.62,1000 -105.86,40.61,1000 -105.84,40.61,1000 -105.82,40.60,1000 -105.81,40.60,1000 -105.79,40.60,1000 -105.78,40.59,1000 -105.77,40.58,1000 -105.76,40.58,1000 -105.75,40.57,1000 -105.74,40.56,1000 -105.73,40.55,1000 -105.73,40.54,1000 -105.72,40.53,1000 -105.72,40.52,1000 -105.72,40.51,1000 -105.72,40.49,1000 -105.72,40.48,1000 -105.72,40.47,1000 -105.72,40.45,1000 -105.72,40.44,1000 -105.72,40.43,1000 -105.73,40.41,1000 -105.73,40.40,1000 -105.73,40.39,1000 -105.74,40.38,1000 -105.74,40.37,1000 -105.75,40.36,1000 -105.75,40.35,1000 -105.76,40.34,1000 -105.77,40.33,1000 -105.79,40.32,1000 -105.80,40.31,1000 -105.81,40.31,1000 -105.82,40.30,1000 -105.84,40.30,1000 -105.85,40.30,1000 -105.86,40.30,1000 -105.88,40.30,1000 -105.89,40.30,1000 -105.91,40.30,1000 -105.92,40.31,1000 -105.94,40.31,1000 -105.96,40.31,1000 -105.97,40.32,1000 -105.99,40.33,1000 -106.00,40.33,1000 -106.01,40.34,1000 -106.02,40.35,1000 -106.03,40.36,1000 -106.03,40.37,1000 -106.03,40.38,1000 -106.04,40.39,1000 -106.04,40.40,1000 -106.04,40.41,1000 -106.04,40.42,1000 -106.04,40.43,1000 -106.04,40.45,1000 -106.04,40.46,1000 -106.04,40.47,1000 -106.04,40.49,1000 -106.03,40.50,1000 -106.03,40.52,1000 -106.03,40.53,1000 -105.89,40.62,1000 
          </coordinates>
        </LinearRing>
      </outerBoundaryIs>
  </Polygon>
 </MultiGeometry>
</Placemark>
<Placemark>
  <name>10%</name>
  <visibility>1</visibility>
  <styleUrl>#poly_10</styleUrl>
  <MultiGeometry>
    <Polygon>
      <outerBoundaryIs>
        <LinearRing>
          <coordinates>
-126.90,50.54,2000 -126.79,50.56,2000 -126.69,50.58,2000 -126.59,50.59,2000 -126.49,50.61,2000 -126.41,50.61,2000 -126.30,50.60,2000 -126.21,50.58,2000 -126.12,50.55,2000 -126.04,50.52,2000 -125.95,50.48,2000 -125.87,50.44,2000 -125.80,50.41,2000 -125.72,50.38,2000 -125.66,50.35,2000 -125.60,50.32,2000 -125.57,50.28,2000 -125.54,50.22,2000 -125.48,50.16,2000 -125.43,50.12,2000 -125.36,50.08,2000 -125.29,50.04,2000 -125.21,50.00,2000 -125.13,49.95,2000 -125.05,49.89,2000 -124.99,49.84,2000 -124.93,49.79,2000 -124.86,49.73,2000 -124.80,49.68,2000 -124.73,49.62,2000 -124.67,49.56,2000 -124.60,49.51,2000 -124.54,49.46,2000 -124.45,49.40,2000 -124.36,49.35,2000 -124.27,49.31,2000 -124.18,49.27,2000 -124.10,49.23,2000 -124.04,49.19,2000 -123.97,49.13,2000 -123.93,49.09,2000 -123.92,49.04,2000 -123.91,48.98,2000 -123.92,48.93,2000 -123.95,48.87,2000 -123.99,48.83,2000 -124.05,48.78,2000 -124.11,48.74,2000 -124.17,48.71,2000 -124.25,48.70,2000 -124.34,48.70,2000 -124.42,48.71,2000 -124.51,48.73,2000 -124.60,48.77,2000 -124.66,48.80,2000 -124.73,48.83,2000 -124.80,48.87,2000 -124.86,48.90,2000 -124.93,48.95,2000 -124.99,48.99,2000 -125.05,49.02,2000 -125.13,49.03,2000 -125.23,49.02,2000 -125.30,49.02,2000 -125.38,49.01,2000 -125.47,49.02,2000 -125.58,49.04,2000 -125.66,49.07,2000 -125.74,49.10,2000 -125.84,49.14,2000 -125.94,49.18,2000 -126.03,49.23,2000 -126.12,49.27,2000 -126.20,49.32,2000 -126.28,49.38,2000 -126.35,49.44,2000 -126.42,49.50,2000 -126.48,49.56,2000 -126.54,49.61,2000 -126.60,49.66,2000 -126.68,49.71,2000 -126.76,49.75,2000 -126.83,49.79,2000 -126.90,49.83,2000 -126.96,49.87,2000 -127.02,49.92,2000 -127.08,49.97,2000 -127.13,50.03,2000 -127.16,50.08,2000 -127.17,50.14,2000 -127.17,50.19,2000 -127.16,50.25,2000 -127.14,50.31,2000 -127.11,50.37,2000 -126.90,50.54,2000 
          </coordinates>
        </LinearRing>
      </outerBoundaryIs>
      <innerBoundaryIs>
        <LinearRing>
          <coordinates>
-126.64,50.53,3000 -126.54,50.53,3000 -126.44,50.53,3000 -126.34,50.53,3000 -126.25,50.52,3000 -126.17,50.51,3000 -126.09,50.49,3000 -126.01,50.46,3000 -125.95,50.42,3000 -125.89,50.38,3000 -125.83,50.33,3000 -125.76,50.28,3000 -125.70,50.24,3000 -125.63,50.20,3000 -125.56,50.15,3000 -125.49,50.11,3000 -125.42,50.07,3000 -125.35,50.02,3000 -125.28,49.97,3000 -125.21,49.93,3000 -125.14,49.88,3000 -125.07,49.84,3000 -125.01,49.79,3000 -124.95,49.74,3000 -124.90,49.69,3000 -124.86,49.63,3000 -124.82,49.58,3000 -124.78,49.52,3000 -124.73,49.47,3000 -124.67,49.42,3000 -124.60,49.38,3000 -124.53,49.35,3000 -124.44,49.31,3000 -124.36,49.28,3000 -124.28,49.25,3000 -124.21,49.21,3000 -124.16,49.18,3000 -124.12,49.12,3000 -124.11,49.05,3000 -124.12,48.99,3000 -124.14,48.94,3000 -124.17,48.89,3000 -124.22,48.86,3000 -124.27,48.84,3000 -124.32,48.82,3000 -124.39,48.81,3000 -124.47,48.83,3000 -124.52,48.86,3000 -124.58,48.90,3000 -124.64,48.95,3000 -124.71,48.99,3000 -124.79,49.04,3000 -124.88,49.07,3000 -124.96,49.09,3000 -125.05,49.10,3000 -125.14,49.10,3000 -125.24,49.11,3000 -125.34,49.11,3000 -125.43,49.11,3000 -125.52,49.12,3000 -125.59,49.13,3000 -125.70,49.15,3000 -125.77,49.18,3000 -125.84,49.22,3000 -125.92,49.26,3000 -125.98,49.29,3000 -126.04,49.33,3000 -126.10,49.37,3000 -126.16,49.41,3000 -126.23,49.45,3000 -126.29,49.49,3000 -126.35,49.53,3000 -126.42,49.57,3000 -126.49,49.62,3000 -126.56,49.66,3000 -126.63,49.71,3000 -126.70,49.75,3000 -126.76,49.80,3000 -126.82,49.85,3000 -126.88,49.90,3000 -126.94,49.96,3000 -126.99,50.01,3000 -127.03,50.06,3000 -127.06,50.10,3000 -127.09,50.16,3000 -127.09,50.20,3000 -127.06,50.25,3000 -127.03,50.30,3000 -126.98,50.35,3000 -126.93,50.40,3000 -126.87,50.45,3000 -126.64,50.53,3000 
          </coordinates>
        </LinearRing>
      </innerBoundaryIs>
  </Polygon>
 </MultiGeometry>
</Placemark>
<Placemark>
  <name>10%</name>
  <visibility>1</visibility>
  <styleUrl>#poly_10</styleUrl>
  <MultiGeometry>
    <Polygon>
      <outerBoundaryIs>
        <LinearRing>
          <coordinates>
-117.90,46.27,2000 -117.87,46.27,2000 -117.85,46.27,2000 -117.82,46.27,2000 -117.80,46.27,2000 -117.77,46.27,2000 -117.75,46.27,2000 -117.73,46.27,2000 -117.71,46.27,2000 -117.69,46.27,2000 -117.67,46.27,2000 -117.66,46.27,2000 -117.64,46.27,2000 -117.63,46.26,2000 -117.62,46.26,2000 -117.60,46.25,2000 -117.58,46.24,2000 -117.56,46.22,2000 -117.54,46.21,2000 -117.52,46.20,2000 -117.50,46.19,2000 -117.48,46.17,2000 -117.46,46.16,2000 -117.45,46.15,2000 -117.44,46.13,2000 -117.43,46.12,2000 -117.43,46.11,2000 -117.43,46.09,2000 -117.43,46.07,2000 -117.44,46.06,2000 -117.45,46.04,2000 -117.46,46.02,2000 -117.47,46.01,2000 -117.48,45.99,2000 -117.49,45.98,2000 -117.50,45.96,2000 -117.51,45.95,2000 -117.52,45.94,2000 -117.53,45.92,2000 -117.54,45.91,2000 -117.55,45.91,2000 -117.57,45.90,2000 -117.58,45.89,2000 -117.60,45.89,2000 -117.62,45.88,2000 -117.64,45.87,2000 -117.67,45.86,2000 -117.69,45.85,2000 -117.71,45.85,2000 -117.74,45.84,2000 -117.76,45.84,2000 -117.78,45.83,2000 -117.80,45.83,2000 -117.82,45.83,2000 -117.84,45.83,2000 -117.87,45.84,2000 -117.89,45.84,2000 -117.91,45.85,2000 -117.93,45.86,2000 -117.95,45.87,2000 -117.96,45.88,2000 -117.98,45.89,2000 -117.99,45.90,2000 -118.01,45.91,2000 -118.02,45.93,2000 -118.03,45.94,2000 -118.04,45.96,2000 -118.05,45.98,2000 -118.06,45.99,2000 -118.07,46.01,2000 -118.08,46.02,2000 -118.08,46.03,2000 -118.09,46.04,2000 -118.10,46.04,2000 -118.10,46.05,2000 -118.09,46.06,2000 -118.09,46.07,2000 -118.08,46.08,2000 -118.07,46.09,2000 -118.06,46.10,2000 -118.05,46.12,2000 -118.04,46.13,2000 -118.03,46.15,2000 -118.01,46.16,2000 -118.00,46.18,2000 -117.99,46.20,2000 -117.97,46.21,2000 -117.96,46.23,2000 -117.90,46.27,2000 
          </coordinates>
        </LinearRing>
      </outerBoundaryIs>
      <innerBoundaryIs>
        <LinearRing>
          <coordinates>
-117.87,46.14,3000 -117.86,46.14,3000 -117.84,46.14,3000 -117.83,46.14,3000 -117.82,46.14,3000 -117.81,46.14,3000 -117.79,46.14,3000 -117.78,46.14,3000 -117.77,46.14,3000 -117.76,46.14,3000 -117.75,46.14,3000 -117.74,46.14,3000 -117.72,46.14,3000 -117.71,46.14,3000 -117.70,46.14,3000 -117.69,46.14,3000 -117.68,46.14,3000 -117.67,46.13,3000 -117.66,46.13,3000 -117.66,46.13,3000 -117.65,46.13,3000 -117.64,46.13,3000 -117.63,46.13,3000 -117.63,46.13,3000 -117.62,46.13,3000 -117.60,46.13,3000 -117.59,46.12,3000 -117.59,46.12,3000 -117.59,46.11,3000 -117.59,46.11,3000 -117.59,46.10,3000 -117.59,46.09,3000 -117.58,46.09,3000 -117.59,46.09,3000 -117.59,46.08,3000 -117.61,46.07,3000 -117.62,46.07,3000 -117.62,46.06,3000 -117.63,46.06,3000 -117.64,46.06,3000 -117.64,46.05,3000 -117.65,46.05,3000 -117.66,46.04,3000 -117.67,46.04,3000 -117.68,46.03,3000 -117.69,46.03,3000 -117.70,46.03,3000 -117.71,46.02,3000 -117.72,46.02,3000 -117.73,46.01,3000 -117.74,46.01,3000 -117.75,46.00,3000 -117.76,46.00,3000 -117.77,45.99,3000 -117.78,45.99,3000 -117.79,45.99,3000 -117.80,45.99,3000 -117.81,45.98,3000 -117.82,45.98,3000 -117.82,45.98,3000 -117.83,45.98,3000 -117.84,45.98,3000 -117.85,45.98,3000 -117.86,45.98,3000 -117.87,45.99,3000 -117.87,45.99,3000 -117.88,45.99,3000 -117.89,46.00,3000 -117.90,46.00,3000 -117.90,46.01,3000 -117.91,46.02,3000 -117.91,46.02,3000 -117.92,46.03,3000 -117.92,46.04,3000 -117.93,46.04,3000 -117.93,46.05,3000 -117.94,46.06,3000 -117.87,46.14,3000 
          </coordinates>
        </LinearRing>
      </innerBoundaryIs>
  </Polygon>
 </MultiGeometry>
</Placemark>
<Placemark>
  <name>10%</name>
  <visibility>1</visibility>
  <styleUrl>#poly_10</styleUrl>
  <MultiGeometry>
    <Polygon>
      <outerBoundaryIs>
        <LinearRing>
          <coordinates>
-125.40,50.76,2000 -124.96,50.84,2000 -124.50,50.91,2000 -124.00,50.98,2000 -123.49,51.05,2000 -123.00,51.12,2000 -122.57,51.17,2000 -122.06,51.19,2000 -121.79,51.05,2000 -121.54,50.87,2000 -121.17,50.81,2000 -120.91,50.84,2000 -120.77,50.97,2000 -120.65,51.12,2000 -120.45,51.18,2000 -119.96,51.08,2000 -119.71,51.25,2000 -119.47,51.44,2000 -119.15,51.57,2000 -118.65,51.64,2000 -118.17,51.69,2000 -117.62,51.74,2000 -117.09,51.80,2000 -116.63,51.85,2000 -116.13,51.89,2000 -115.76,51.82,2000 -115.51,51.65,2000 -115.36,51.36,2000 -115.28,51.21,2000 -115.03,51.04,2000 -114.77,50.86,2000 -114.56,50.64,2000 -114.40,50.33,2000 -114.25,50.00,2000 -114.18,49.76,2000 -114.08,49.56,2000 -113.84,49.37,2000 -113.56,49.19,2000 -113.34,49.05,2000 -113.14,48.89,2000 -112.95,48.66,2000 -112.79,48.43,2000 -112.55,48.19,2000 -112.38,47.89,2000 -112.39,47.71,2000 -112.40,47.53,2000 -112.28,47.22,2000 -112.29,46.95,2000 -112.31,46.68,2000 -112.26,46.42,2000 -112.26,46.28,2000 -112.43,46.15,2000 -112.67,46.10,2000 -112.65,45.82,2000 -112.64,45.63,2000 -112.66,45.46,2000 -112.81,45.26,2000 -113.02,45.07,2000 -113.20,44.87,2000 -113.15,44.60,2000 -113.17,44.30,2000 -113.45,44.08,2000 -113.61,43.84,2000 -113.65,43.59,2000 -113.96,43.41,2000 -114.32,43.34,2000 -114.55,43.24,2000 -114.78,43.21,2000 -115.02,43.20,2000 -115.27,43.26,2000 -115.62,43.36,2000 -115.81,43.54,2000 -115.97,43.81,2000 -116.15,44.11,2000 -116.32,44.32,2000 -116.51,44.49,2000 -116.76,44.65,2000 -117.04,44.79,2000 -117.34,44.88,2000 -117.61,44.94,2000 -117.83,45.07,2000 -117.88,45.22,2000 -117.75,45.46,2000 -117.51,45.54,2000 -117.26,45.52,2000 -116.97,45.43,2000 -116.54,45.53,2000 -116.29,45.72,2000 -116.08,45.86,2000 -115.89,46.00,2000 -115.87,46.25,2000 -115.99,46.42,2000 -116.22,46.62,2000 -116.53,46.73,2000 -116.78,46.95,2000 -116.75,47.26,2000 -116.80,47.48,2000 -116.86,47.74,2000 -116.90,47.95,2000 -116.80,48.12,2000 -117.01,48.23,2000 -117.43,48.21,2000 -117.75,48.36,2000 -117.99,48.59,2000 -118.17,48.34,2000 -118.57,48.22,2000 -119.06,48.20,2000 -119.43,48.30,2000 -119.61,48.22,2000 -119.80,48.01,2000 -119.98,47.79,2000 -120.14,47.60,2000 -120.16,47.32,2000 -120.28,47.08,2000 -120.52,46.90,2000 -120.61,46.67,2000 -120.64,46.34,2000 -120.55,46.06,2000 -120.76,45.88,2000 -121.01,45.88,2000 -121.28,45.88,2000 -121.58,45.77,2000 -121.48,45.57,2000 -121.28,45.34,2000 -121.36,45.13,2000 -121.41,44.87,2000 -121.44,44.60,2000 -121.43,44.31,2000 -121.32,44.02,2000 -121.20,43.72,2000 -121.52,43.74,2000 -121.67,43.58,2000 -121.66,43.27,2000 -121.73,43.02,2000 -121.89,42.76,2000 -122.10,42.69,2000 -122.30,42.76,2000 -122.47,42.94,2000 -122.46,43.19,2000 -122.41,43.48,2000 -122.30,43.71,2000 -122.19,43.91,2000 -122.19,44.18,2000 -122.25,44.49,2000 -122.21,44.74,2000 -122.14,45.01,2000 -122.07,45.24,2000 -122.01,45.44,2000 -121.94,45.66,2000 -122.21,45.87,2000 -122.40,46.02,2000 -122.54,46.16,2000 -122.54,46.33,2000 -122.40,46.50,2000 -122.25,46.69,2000 -122.18,47.02,2000 -122.08,47.19,2000 -121.95,47.42,2000 -121.94,47.69,2000 -122.03,48.01,2000 -122.17,48.30,2000 -122.28,48.47,2000 -122.32,48.68,2000 -122.26,49.02,2000 -122.23,49.11,2000 -122.54,49.23,2000 -122.83,49.23,2000 -123.25,49.30,2000 -123.61,49.36,2000 -123.90,49.45,2000 -124.12,49.62,2000 -124.41,49.85,2000 -124.71,50.09,2000 -124.94,50.25,2000 -125.28,50.30,2000 -125.60,50.45,2000 -125.56,50.64,2000 -125.40,50.76,2000 
          </coordinates>
        </LinearRing>
      </outerBoundaryIs>
      <innerBoundaryIs>
        <LinearRing>
          <coordinates>
-114.08,44.57,2000 -114.07,44.56,2000 -114.05,44.55,2000 -114.04,44.54,2000 -114.03,44.54,2000 -114.01,44.53,2000 -114.00,44.52,2000 -113.99,44.51,2000 -113.98,44.50,2000 -113.97,44.49,2000 -113.96,44.48,2000 -113.95,44.47,2000 -113.94,44.46,2000 -113.94,44.45,2000 -113.93,44.44,2000 -113.93,44.43,2000 -113.93,44.42,2000 -113.93,44.41,2000 -113.93,44.39,2000 -113.93,44.38,2000 -113.94,44.37,2000 -113.94,44.35,2000 -113.95,44.34,2000 -113.95,44.33,2000 -113.96,44.31,2000 -113.96,44.30,2000 -113.97,44.29,2000 -113.98,44.28,2000 -113.98,44.27,2000 -113.99,44.26,2000 -113.99,44.25,2000 -114.01,44.23,2000 -114.02,44.24,2000 -114.02,44.25,2000 -114.02,44.26,2000 -114.03,44.26,2000 -114.03,44.27,2000 -114.04,44.28,2000 -114.04,44.29,2000 -114.05,44.30,2000 -114.05,44.32,2000 -114.06,44.33,2000 -114.07,44.34,2000 -114.07,44.35,2000 -114.08,44.37,2000 -114.09,44.38,2000 -114.09,44.40,2000 -114.10,44.41,2000 -114.08,44.57,2000 
          </coordinates>
        </LinearRing>
      </innerBoundaryIs>
      <innerBoundaryIs>
        <LinearRing>
          <coordinates>
-121.90,45.45,3000 -121.78,45.47,3000 -121.66,45.49,3000 -121.57,45.49,3000 -121.48,45.46,3000 -121.43,45.41,3000 -121.40,45.35,3000 -121.40,45.27,3000 -121.44,45.20,3000 -121.50,45.13,3000 -121.54,45.06,3000 -121.56,44.98,3000 -121.55,44.90,3000 -121.54,44.82,3000 -121.52,44.74,3000 -121.52,44.65,3000 -121.54,44.56,3000 -121.57,44.46,3000 -121.58,44.37,3000 -121.54,44.29,3000 -121.49,44.21,3000 -121.45,44.13,3000 -121.44,44.06,3000 -121.44,44.00,3000 -121.48,43.93,3000 -121.55,43.87,3000 -121.64,43.79,3000 -121.73,43.72,3000 -121.79,43.64,3000 -121.81,43.56,3000 -121.80,43.47,3000 -121.79,43.38,3000 -121.79,43.29,3000 -121.80,43.20,3000 -121.82,43.11,3000 -121.84,43.01,3000 -121.87,42.93,3000 -121.91,42.87,3000 -122.00,42.82,3000 -122.11,42.80,3000 -122.21,42.82,3000 -122.28,42.86,3000 -122.34,42.94,3000 -122.37,43.03,3000 -122.37,43.11,3000 -122.36,43.20,3000 -122.33,43.30,3000 -122.30,43.40,3000 -122.26,43.50,3000 -122.22,43.59,3000 -122.18,43.69,3000 -122.14,43.77,3000 -122.11,43.86,3000 -122.09,43.95,3000 -122.08,44.03,3000 -122.08,44.12,3000 -122.09,44.20,3000 -122.10,44.30,3000 -122.11,44.38,3000 -122.12,44.47,3000 -122.13,44.56,3000 -122.13,44.64,3000 -122.11,44.73,3000 -122.08,44.82,3000 -122.05,44.89,3000 -121.99,44.96,3000 -121.94,45.02,3000 -121.94,45.09,3000 -121.95,45.18,3000 -121.97,45.27,3000 -121.90,45.45,3000 
          </coordinates>
        </LinearRing>
      </innerBoundaryIs>
      <innerBoundaryIs>
        <LinearRing>
          <coordinates>
-119.38,49.02,3000 -119.36,49.02,3000 -119.35,49.01,3000 -119.33,49.01,3000 -119.32,49.00,3000 -119.31,48.99,3000 -119.29,48.98,3000 -119.28,48.97,3000 -119.27,48.96,3000 -119.27,48.95,3000 -119.26,48.94,3000 -119.26,48.93,3000 -119.25,48.92,3000 -119.24,48.91,3000 -119.24,48.89,3000 -119.23,48.88,3000 -119.23,48.87,3000 -119.23,48.86,3000 -119.22,48.84,3000 -119.22,48.83,3000 -119.22,48.82,3000 -119.22,48.81,3000 -119.22,48.80,3000 -119.22,48.78,3000 -119.23,48.77,3000 -119.23,48.75,3000 -119.24,48.74,3000 -119.25,48.73,3000 -119.26,48.72,3000 -119.27,48.71,3000 -119.28,48.70,3000 -119.29,48.70,3000 -119.30,48.70,3000 -119.32,48.70,3000 -119.33,48.70,3000 -119.35,48.71,3000 -119.37,48.72,3000 -119.39,48.72,3000 -119.40,48.73,3000 -119.42,48.74,3000 -119.44,48.75,3000 -119.45,48.76,3000 -119.46,48.77,3000 -119.47,48.78,3000 -119.47,48.79,3000 -119.48,48.80,3000 -119.48,48.81,3000 -119.48,48.82,3000 -119.48,48.83,3000 -119.48,48.84,3000 -119.48,48.85,3000 -119.47,48.86,3000 -119.47,48.87,3000 -119.47,48.89,3000 -119.46,48.90,3000 -119.46,48.91,3000 -119.45,48.92,3000 -119.45,48.94,3000 -119.44,48.95,3000 -119.38,49.02,3000 
          </coordinates>
        </LinearRing>
      </innerBoundaryIs>
      <innerBoundaryIs>
        <LinearRing>
          <coordinates>
-113.32,46.91,3000 -113.32,46.91,3000 -113.32,46.92,3000 -113.31,46.92,3000 -113.29,46.91,3000 -113.27,46.90,3000 -113.26,46.90,3000 -113.26,46.89,3000 -113.25,46.89,3000 -113.24,46.89,3000 -113.24,46.88,3000 -113.23,46.88,3000 -113.22,46.87,3000 -113.21,46.86,3000 -113.20,46.86,3000 -113.19,46.85,3000 -113.18,46.85,3000 -113.17,46.84,3000 -113.16,46.83,3000 -113.15,46.83,3000 -113.14,46.82,3000 -113.13,46.81,3000 -113.12,46.81,3000 -113.11,46.80,3000 -113.10,46.80,3000 -113.09,46.79,3000 -113.08,46.78,3000 -113.07,46.78,3000 -113.06,46.77,3000 -113.06,46.77,3000 -113.05,46.77,3000 -113.04,46.76,3000 -113.04,46.76,3000 -113.02,46.75,3000 -113.03,46.75,3000 -113.02,46.75,3000 -113.04,46.74,3000 -113.05,46.74,3000 -113.05,46.74,3000 -113.06,46.74,3000 -113.07,46.73,3000 -113.08,46.73,3000 -113.09,46.73,3000 -113.11,46.73,3000 -113.12,46.73,3000 -113.13,46.72,3000 -113.14,46.72,3000 -113.16,46.72,3000 -113.17,46.72,3000 -113.18,46.71,3000 -113.20,46.71,3000 -113.21,46.71,3000 -113.22,46.71,3000 -113.23,46.71,3000 -113.24,46.70,3000 -113.25,46.70,3000 -113.26,46.70,3000 -113.27,46.70,3000 -113.28,46.70,3000 -113.30,46.70,3000 -113.31,46.70,3000 -113.32,46.70,3000 -113.33,46.70,3000 -113.34,46.70,3000 -113.34,46.71,3000 -113.35,46.72,3000 -113.35,46.72,3000 -113.36,46.73,3000 -113.36,46.73,3000 -113.36,46.74,3000 -113.36,46.75,3000 -113.37,46.75,3000 -113.37,46.76,3000 -113.37,46.77,3000 -113.37,46.78,3000 -113.37,46.78,3000 -113.38,46.79,3000 -113.38,46.80,3000 -113.38,46.81,3000 -113.38,46.82,3000 -113.39,46.83,3000 -113.39,46.83,3000 -113.39,46.84,3000 -113.39,46.85,3000 -113.39,46.86,3000 -113.40,46.87,3000 -113.40,46.88,3000 -113.40,46.89,3000 -113.32,46.91,3000 
          </coordinates>
        </LinearRing>
      </innerBoundaryIs>
      <innerBoundaryIs>
        <LinearRing>
          <coordinates>
-113.65,44.82,3000 -113.63,44.82,3000 -113.61,44.82,3000 -113.57,44.81,3000 -113.55,44.81,3000 -113.52,44.80,3000 -113.49,44.80,3000 -113.46,44.79,3000 -113.44,44.79,3000 -113.41,44.78,3000 -113.39,44.77,3000 -113.37,44.76,3000 -113.36,44.74,3000 -113.35,44.72,3000 -113.34,44.70,3000 -113.33,44.68,3000 -113.32,44.66,3000 -113.31,44.64,3000 -113.30,44.62,3000 -113.29,44.60,3000 -113.28,44.58,3000 -113.27,44.56,3000 -113.26,44.54,3000 -113.25,44.52,3000 -113.25,44.50,3000 -113.25,44.48,3000 -113.26,44.46,3000 -113.26,44.44,3000 -113.27,44.42,3000 -113.28,44.40,3000 -113.29,44.38,3000 -113.30,44.36,3000 -113.31,44.35,3000 -113.33,44.33,3000 -113.34,44.32,3000 -113.37,44.31,3000 -113.39,44.30,3000 -113.41,44.29,3000 -113.43,44.27,3000 -113.46,44.26,3000 -113.49,44.24,3000 -113.51,44.23,3000 -113.53,44.23,3000 -113.56,44.23,3000 -113.58,44.23,3000 -113.60,44.25,3000 -113.62,44.26,3000 -113.64,44.28,3000 -113.65,44.29,3000 -113.67,44.31,3000 -113.68,44.33,3000 -113.69,44.35,3000 -113.70,44.37,3000 -113.72,44.39,3000 -113.73,44.41,3000 -113.74,44.43,3000 -113.75,44.45,3000 -113.76,44.47,3000 -113.77,44.49,3000 -113.78,44.51,3000 -113.79,44.53,3000 -113.80,44.55,3000 -113.80,44.57,3000 -113.81,44.59,3000 -113.81,44.61,3000 -113.81,44.63,3000 -113.81,44.65,3000 -113.80,44.67,3000 -113.80,44.69,3000 -113.79,44.71,3000 -113.78,44.73,3000 -113.78,44.75,3000 -113.77,44.77,3000 -113.76,44.79,3000 -113.65,44.82,3000 
          </coordinates>
        </LinearRing>
      </innerBoundaryIs>
      <innerBoundaryIs>
        <LinearRing>
          <coordinates>
-114.50,47.77,3000 -114.48,47.76,3000 -114.46,47.75,3000 -114.44,47.75,3000 -114.42,47.74,3000 -114.40,47.73,3000 -114.38,47.72,3000 -114.36,47.71,3000 -114.34,47.71,3000 -114.32,47.70,3000 -114.31,47.69,3000 -114.29,47.68,3000 -114.28,47.67,3000 -114.27,47.66,3000 -114.26,47.65,3000 -114.25,47.64,3000 -114.24,47.62,3000 -114.24,47.61,3000 -114.23,47.60,3000 -114.23,47.58,3000 -114.23,47.56,3000 -114.23,47.55,3000 -114.23,47.53,3000 -114.24,47.52,3000 -114.24,47.51,3000 -114.24,47.49,3000 -114.25,47.48,3000 -114.26,47.47,3000 -114.27,47.45,3000 -114.28,47.44,3000 -114.29,47.42,3000 -114.31,47.41,3000 -114.33,47.40,3000 -114.34,47.39,3000 -114.36,47.38,3000 -114.38,47.37,3000 -114.39,47.36,3000 -114.41,47.36,3000 -114.43,47.36,3000 -114.45,47.36,3000 -114.46,47.37,3000 -114.49,47.37,3000 -114.51,47.38,3000 -114.53,47.39,3000 -114.54,47.40,3000 -114.56,47.41,3000 -114.58,47.43,3000 -114.59,47.44,3000 -114.60,47.45,3000 -114.61,47.46,3000 -114.61,47.47,3000 -114.61,47.49,3000 -114.62,47.50,3000 -114.62,47.51,3000 -114.61,47.53,3000 -114.61,47.54,3000 -114.61,47.56,3000 -114.60,47.57,3000 -114.60,47.59,3000 -114.59,47.60,3000 -114.59,47.62,3000 -114.50,47.77,3000 
          </coordinates>
        </LinearRing>
      </innerBoundaryIs>
      <innerBoundaryIs>
        <LinearRing>
          <coordinates>
-125.13,50.75,3000 -124.64,50.82,3000 -124.18,50.88,3000 -123.76,50.94,3000 -123.40,50.99,3000 -122.92,51.06,3000 -122.60,51.10,3000 -122.18,51.12,3000 -121.91,51.03,3000 -121.72,50.86,3000 -121.31,50.75,3000 -120.95,50.72,3000 -120.60,50.70,3000 -120.31,50.63,3000 -120.09,50.70,3000 -120.19,50.83,3000 -120.44,50.90,3000 -120.54,51.03,3000 -120.24,51.00,3000 -119.91,51.00,3000 -119.71,51.09,3000 -119.56,51.31,3000 -119.27,51.46,3000 -119.04,51.51,3000 -118.60,51.57,3000 -118.18,51.62,3000 -117.64,51.68,3000 -117.10,51.73,3000 -116.70,51.77,3000 -116.24,51.82,3000 -115.96,51.81,3000 -115.66,51.67,3000 -115.54,51.53,3000 -115.44,51.29,3000 -115.25,51.06,3000 -115.04,50.97,3000 -114.80,50.79,3000 -114.67,50.59,3000 -114.53,50.33,3000 -114.41,50.07,3000 -114.31,49.87,3000 -114.20,49.57,3000 -114.00,49.39,3000 -113.76,49.24,3000 -113.50,49.07,3000 -113.31,48.93,3000 -113.15,48.78,3000 -113.00,48.58,3000 -112.86,48.37,3000 -112.68,48.19,3000 -112.53,48.01,3000 -112.51,47.85,3000 -112.51,47.66,3000 -112.45,47.39,3000 -112.39,47.12,3000 -112.42,46.81,3000 -112.51,46.61,3000 -112.63,46.43,3000 -112.74,46.21,3000 -112.75,45.92,3000 -112.74,45.66,3000 -112.80,45.42,3000 -113.00,45.22,3000 -113.19,45.02,3000 -113.41,44.87,3000 -113.66,44.99,3000 -113.87,45.15,3000 -114.01,45.09,3000 -113.91,44.80,3000 -114.15,44.61,3000 -114.17,44.34,3000 -113.98,44.08,3000 -113.84,43.96,3000 -113.74,43.80,3000 -113.78,43.59,3000 -114.03,43.47,3000 -114.36,43.38,3000 -114.71,43.30,3000 -115.13,43.30,3000 -115.50,43.40,3000 -115.72,43.54,3000 -115.81,43.73,3000 -115.91,43.95,3000 -116.08,44.15,3000 -116.27,44.35,3000 -116.44,44.54,3000 -116.59,44.70,3000 -116.84,44.81,3000 -117.26,44.92,3000 -117.52,45.01,3000 -117.73,45.10,3000 -117.78,45.25,3000 -117.69,45.39,3000 -117.55,45.44,3000 -117.27,45.44,3000 -116.86,45.36,3000 -116.56,45.46,3000 -116.26,45.60,3000 -116.01,45.76,3000 -115.82,45.92,3000 -115.70,46.17,3000 -115.89,46.45,3000 -116.01,46.62,3000 -116.31,46.73,3000 -116.56,46.85,3000 -116.67,47.02,3000 -116.63,47.27,3000 -116.60,47.53,3000 -116.72,47.79,3000 -116.71,47.94,3000 -116.58,48.07,3000 -116.62,48.23,3000 -116.74,48.28,3000 -117.13,48.29,3000 -117.54,48.33,3000 -117.75,48.50,3000 -117.88,48.67,3000 -118.04,48.79,3000 -118.10,48.62,3000 -118.24,48.43,3000 -118.51,48.30,3000 -118.84,48.29,3000 -119.18,48.31,3000 -119.47,48.50,3000 -119.55,48.40,3000 -119.70,48.25,3000 -119.88,48.06,3000 -120.06,47.87,3000 -120.21,47.65,3000 -120.29,47.39,3000 -120.36,47.14,3000 -120.50,47.00,3000 -120.64,46.88,3000 -120.74,46.60,3000 -120.75,46.42,3000 -120.70,46.11,3000 -120.90,45.96,3000 -121.33,45.94,3000 -121.69,45.80,3000 -122.07,45.87,3000 -122.31,46.08,3000 -122.41,46.23,3000 -122.37,46.37,3000 -122.24,46.63,3000 -122.07,46.96,3000 -121.93,47.25,3000 -121.84,47.48,3000 -121.83,47.67,3000 -121.91,47.97,3000 -122.02,48.26,3000 -122.21,48.53,3000 -122.22,48.79,3000 -122.17,48.95,3000 -122.13,49.10,3000 -122.24,49.20,3000 -122.61,49.26,3000 -123.13,49.33,3000 -123.59,49.43,3000 -123.95,49.60,3000 -124.27,49.80,3000 -124.52,49.97,3000 -124.79,50.22,3000 -125.02,50.30,3000 -125.25,50.37,3000 -125.45,50.47,3000 -125.36,50.68,3000 -125.13,50.75,3000 
          </coordinates>
        </LinearRing>
      </innerBoundaryIs>
  </Polygon>
 </MultiGeometry>
</Placemark>
<Placemark>
  <name>10%</name>
  <visibility>1</visibility>
  <styleUrl>#poly_10</styleUrl>
  <MultiGeometry>
    <Polygon>
      <outerBoundaryIs>
        <LinearRing>
          <coordinates>
-110.85,47.03,2000 -110.83,47.03,2000 -110.81,47.04,2000 -110.79,47.04,2000 -110.77,47.05,2000 -110.75,47.05,2000 -110.73,47.06,2000 -110.71,47.06,2000 -110.69,47.06,2000 -110.67,47.06,2000 -110.65,47.06,2000 -110.63,47.06,2000 -110.61,47.06,2000 -110.59,47.06,2000 -110.57,47.05,2000 -110.55,47.05,2000 -110.53,47.04,2000 -110.51,47.03,2000 -110.49,47.02,2000 -110.48,47.01,2000 -110.46,47.00,2000 -110.44,46.99,2000 -110.43,46.98,2000 -110.42,46.97,2000 -110.41,46.96,2000 -110.40,46.95,2000 -110.40,46.93,2000 -110.39,46.92,2000 -110.39,46.90,2000 -110.38,46.89,2000 -110.38,46.87,2000 -110.38,46.86,2000 -110.38,46.84,2000 -110.38,46.83,2000 -110.39,46.81,2000 -110.39,46.80,2000 -110.40,46.79,2000 -110.40,46.77,2000 -110.41,46.76,2000 -110.42,46.75,2000 -110.43,46.74,2000 -110.45,46.72,2000 -110.46,46.71,2000 -110.48,46.70,2000 -110.49,46.69,2000 -110.51,46.68,2000 -110.52,46.68,2000 -110.54,46.67,2000 -110.56,46.66,2000 -110.58,46.66,2000 -110.60,46.66,2000 -110.62,46.65,2000 -110.64,46.65,2000 -110.67,46.65,2000 -110.69,46.65,2000 -110.71,46.65,2000 -110.73,46.65,2000 -110.75,46.65,2000 -110.77,46.66,2000 -110.79,46.66,2000 -110.81,46.67,2000 -110.83,46.67,2000 -110.85,46.68,2000 -110.86,46.69,2000 -110.87,46.70,2000 -110.89,46.72,2000 -110.90,46.73,2000 -110.91,46.75,2000 -110.92,46.76,2000 -110.93,46.77,2000 -110.93,46.78,2000 -110.94,46.80,2000 -110.94,46.81,2000 -110.95,46.82,2000 -110.95,46.84,2000 -110.95,46.85,2000 -110.95,46.87,2000 -110.96,46.88,2000 -110.96,46.90,2000 -110.96,46.91,2000 -110.96,46.93,2000 -110.85,47.03,2000 
          </coordinates>
        </LinearRing>
      </outerBoundaryIs>
  </Polygon>
 </MultiGeometry>
</Placemark>
<Placemark>
  <name>10%</name>
  <visibility>1</visibility>
  <styleUrl>#poly_10</styleUrl>
  <MultiGeometry>
    <Polygon>
      <outerBoundaryIs>
        <LinearRing>
          <coordinates>
-107.56,44.73,2000 -107.53,44.73,2000 -107.51,44.73,2000 -107.48,44.72,2000 -107.45,44.72,2000 -107.43,44.72,2000 -107.40,44.71,2000 -107.38,44.71,2000 -107.35,44.71,2000 -107.33,44.70,2000 -107.31,44.70,2000 -107.28,44.69,2000 -107.26,44.69,2000 -107.24,44.68,2000 -107.22,44.67,2000 -107.20,44.66,2000 -107.18,44.65,2000 -107.16,44.64,2000 -107.14,44.63,2000 -107.12,44.62,2000 -107.10,44.61,2000 -107.08,44.60,2000 -107.07,44.58,2000 -107.05,44.57,2000 -107.03,44.56,2000 -107.01,44.54,2000 -106.99,44.53,2000 -106.98,44.52,2000 -106.97,44.50,2000 -106.96,44.48,2000 -106.96,44.46,2000 -106.96,44.45,2000 -106.97,44.43,2000 -106.97,44.41,2000 -106.98,44.39,2000 -106.99,44.36,2000 -106.99,44.34,2000 -107.00,44.33,2000 -107.01,44.31,2000 -107.01,44.30,2000 -107.02,44.29,2000 -107.03,44.28,2000 -107.05,44.27,2000 -107.07,44.26,2000 -107.10,44.25,2000 -107.13,44.24,2000 -107.15,44.23,2000 -107.18,44.22,2000 -107.20,44.21,2000 -107.23,44.20,2000 -107.25,44.20,2000 -107.27,44.20,2000 -107.30,44.21,2000 -107.32,44.22,2000 -107.34,44.23,2000 -107.36,44.24,2000 -107.38,44.25,2000 -107.40,44.27,2000 -107.42,44.28,2000 -107.44,44.30,2000 -107.46,44.31,2000 -107.47,44.33,2000 -107.49,44.35,2000 -107.50,44.37,2000 -107.51,44.38,2000 -107.53,44.40,2000 -107.54,44.41,2000 -107.55,44.42,2000 -107.56,44.44,2000 -107.57,44.45,2000 -107.57,44.47,2000 -107.58,44.49,2000 -107.59,44.50,2000 -107.59,44.52,2000 -107.60,44.55,2000 -107.61,44.57,2000 -107.61,44.59,2000 -107.62,44.61,2000 -107.56,44.73,2000 
          </coordinates>
        </LinearRing>
      </outerBoundaryIs>
  </Polygon>
 </MultiGeometry>
</Placemark>
<Placemark>
  <name>10%</name>
  <visibility>1</visibility>
  <styleUrl>#poly_10</styleUrl>
  <MultiGeometry>
    <Polygon>
      <outerBoundaryIs>
        <LinearRing>
          <coordinates>
-110.49,46.35,2000 -110.47,46.34,2000 -110.46,46.34,2000 -110.44,46.33,2000 -110.42,46.33,2000 -110.41,46.32,2000 -110.39,46.30,2000 -110.37,46.29,2000 -110.36,46.28,2000 -110.34,46.27,2000 -110.33,46.26,2000 -110.31,46.24,2000 -110.30,46.23,2000 -110.28,46.22,2000 -110.27,46.20,2000 -110.26,46.19,2000 -110.24,46.17,2000 -110.24,46.16,2000 -110.23,46.14,2000 -110.23,46.13,2000 -110.23,46.12,2000 -110.24,46.10,2000 -110.25,46.09,2000 -110.26,46.08,2000 -110.27,46.06,2000 -110.28,46.05,2000 -110.29,46.03,2000 -110.31,46.02,2000 -110.32,46.00,2000 -110.34,45.99,2000 -110.35,45.98,2000 -110.36,45.97,2000 -110.37,45.96,2000 -110.38,45.95,2000 -110.40,45.93,2000 -110.40,45.93,2000 -110.42,45.93,2000 -110.44,45.93,2000 -110.45,45.93,2000 -110.47,45.93,2000 -110.50,45.93,2000 -110.52,45.93,2000 -110.54,45.94,2000 -110.56,45.95,2000 -110.58,45.96,2000 -110.59,45.96,2000 -110.61,45.98,2000 -110.63,45.99,2000 -110.65,46.00,2000 -110.67,46.01,2000 -110.68,46.02,2000 -110.69,46.03,2000 -110.71,46.05,2000 -110.72,46.06,2000 -110.72,46.07,2000 -110.73,46.09,2000 -110.73,46.10,2000 -110.73,46.11,2000 -110.73,46.12,2000 -110.72,46.13,2000 -110.71,46.15,2000 -110.70,46.16,2000 -110.69,46.17,2000 -110.69,46.18,2000 -110.68,46.20,2000 -110.67,46.21,2000 -110.66,46.22,2000 -110.66,46.24,2000 -110.65,46.25,2000 -110.64,46.27,2000 -110.49,46.35,2000 
          </coordinates>
        </LinearRing>
      </outerBoundaryIs>
  </Polygon>
 </MultiGeometry>
</Placemark>
<Placemark>
  <name>10%</name>
  <visibility>1</visibility>
  <styleUrl>#poly_10</styleUrl>
  <MultiGeometry>
    <Polygon>
      <outerBoundaryIs>
        <LinearRing>
          <coordinates>
-103.91,52.17,2000 -103.26,52.09,2000 -102.21,52.09,2000 -101.56,51.88,2000 -101.03,51.83,2000 -100.55,51.83,2000 -99.83,51.78,2000 -99.23,51.77,2000 -98.85,51.81,2000 -98.48,51.93,2000 -98.13,51.98,2000 -97.51,51.98,2000 -96.50,51.92,2000 -95.93,51.88,2000 -95.37,51.94,2000 -94.71,52.04,2000 -93.99,51.99,2000 -92.73,51.84,2000 -92.09,51.83,2000 -91.60,51.93,2000 -91.15,51.90,2000 -90.78,51.81,2000 -90.33,51.63,2000 -89.87,51.45,2000 -88.97,51.29,2000 -88.07,51.15,2000 -87.31,51.00,2000 -86.58,50.81,2000 -85.76,50.58,2000 -85.03,50.32,2000 -84.65,50.08,2000 -84.03,49.77,2000 -83.79,49.59,2000 -83.44,49.42,2000 -83.05,49.31,2000 -82.63,49.15,2000 -82.37,49.00,2000 -81.92,48.82,2000 -81.20,48.68,2000 -80.43,48.54,2000 -79.51,48.34,2000 -78.94,48.24,2000 -78.17,48.04,2000 -77.44,47.83,2000 -77.17,47.67,2000 -76.96,47.46,2000 -76.59,47.07,2000 -76.27,46.62,2000 -75.97,46.16,2000 -75.72,45.64,2000 -75.57,45.21,2000 -75.40,44.97,2000 -75.12,44.87,2000 -74.80,44.90,2000 -74.02,44.99,2000 -73.55,44.94,2000 -73.18,45.06,2000 -72.77,45.40,2000 -72.21,45.73,2000 -71.46,46.16,2000 -70.76,46.64,2000 -70.17,47.24,2000 -69.63,47.90,2000 -69.20,48.41,2000 -68.71,48.78,2000 -68.24,49.00,2000 -67.90,49.17,2000 -67.67,49.38,2000 -67.04,49.59,2000 -66.72,49.79,2000 -66.33,49.86,2000 -66.00,49.91,2000 -65.58,49.89,2000 -64.44,49.43,2000 -63.67,49.11,2000 -63.06,48.79,2000 -62.67,48.33,2000 -61.97,47.98,2000 -61.77,47.61,2000 -61.82,47.29,2000 -61.94,46.94,2000 -62.16,46.32,2000 -62.43,45.58,2000 -62.69,44.84,2000 -62.91,44.23,2000 -63.05,43.94,2000 -63.21,43.74,2000 -63.69,43.39,2000 -64.25,43.07,2000 -64.90,42.81,2000 -65.50,42.46,2000 -66.14,42.10,2000 -67.21,41.76,2000 -67.72,41.50,2000 -68.27,41.30,2000 -68.58,41.22,2000 -68.83,41.11,2000 -69.31,40.73,2000 -69.61,40.53,2000 -69.89,40.40,2000 -70.41,40.18,2000 -71.06,39.95,2000 -71.72,39.69,2000 -72.18,39.53,2000 -72.44,39.36,2000 -72.58,39.19,2000 -72.93,38.73,2000 -73.31,38.17,2000 -73.71,37.82,2000 -74.20,37.57,2000 -74.48,37.47,2000 -74.73,37.27,2000 -74.97,37.03,2000 -75.26,36.89,2000 -75.90,36.76,2000 -76.87,36.77,2000 -77.27,36.82,2000 -77.62,36.92,2000 -78.01,37.28,2000 -78.16,37.54,2000 -78.25,37.92,2000 -78.41,37.99,2000 -78.70,37.91,2000 -78.96,37.68,2000 -79.24,37.64,2000 -79.64,37.97,2000 -79.87,37.91,2000 -80.11,37.76,2000 -80.49,37.35,2000 -80.90,36.99,2000 -81.17,36.48,2000 -81.46,36.07,2000 -82.16,35.59,2000 -82.75,35.42,2000 -83.29,35.30,2000 -83.66,35.22,2000 -84.01,35.31,2000 -83.97,35.59,2000 -83.70,35.84,2000 -83.24,36.02,2000 -82.86,36.44,2000 -82.90,36.57,2000 -83.10,36.62,2000 -83.38,36.75,2000 -83.56,37.05,2000 -83.49,37.25,2000 -83.35,37.38,2000 -82.93,37.70,2000 -82.80,37.86,2000 -82.66,38.15,2000 -82.52,38.33,2000 -82.48,38.66,2000 -83.02,38.90,2000 -83.43,39.33,2000 -83.85,39.77,2000 -84.38,40.03,2000 -84.79,40.21,2000 -85.01,40.42,2000 -85.22,40.59,2000 -85.50,40.63,2000 -86.08,40.54,2000 -86.48,40.66,2000 -86.85,40.82,2000 -87.09,40.96,2000 -87.32,41.18,2000 -87.47,41.38,2000 -87.52,41.59,2000 -87.67,42.20,2000 -87.77,42.80,2000 -87.81,43.47,2000 -87.90,43.67,2000 -88.15,43.83,2000 -88.74,44.18,2000 -88.98,44.25,2000 -89.34,44.29,2000 -90.05,44.49,2000 -90.72,44.69,2000 -91.36,45.01,2000 -91.82,45.26,2000 -92.06,45.43,2000 -92.27,45.66,2000 -92.47,45.87,2000 -92.78,46.06,2000 -93.43,46.38,2000 -93.96,46.69,2000 -94.54,46.89,2000 -95.22,47.07,2000 -95.89,47.28,2000 -96.40,47.69,2000 -96.79,48.05,2000 -97.27,48.43,2000 -97.73,48.78,2000 -97.98,48.91,2000 -98.38,49.03,2000 -99.09,49.17,2000 -99.90,49.36,2000 -100.35,49.48,2000 -100.56,49.68,2000 -100.78,49.82,2000 -101.13,49.96,2000 -101.39,50.13,2000 -101.44,50.32,2000 -101.33,50.51,2000 -101.23,50.68,2000 -101.25,50.82,2000 -101.55,51.00,2000 -101.89,51.10,2000 -102.27,51.23,2000 -102.51,51.35,2000 -102.81,51.46,2000 -103.22,51.53,2000 -103.78,51.60,2000 -104.21,51.74,2000 -104.34,51.94,2000 -104.16,52.13,2000 -103.91,52.17,2000 
          </coordinates>
        </LinearRing>
      </outerBoundaryIs>
      <innerBoundaryIs>
        <LinearRing>
          <coordinates>
-98.13,51.88,3000 -97.26,51.87,3000 -96.50,51.81,3000 -95.95,51.78,3000 -95.43,51.82,3000 -94.68,51.95,3000 -93.76,51.88,3000 -92.87,51.78,3000 -92.35,51.72,3000 -91.86,51.78,3000 -91.44,51.81,3000 -90.98,51.75,3000 -90.61,51.64,3000 -90.33,51.51,3000 -89.65,51.30,3000 -88.81,51.17,3000 -87.82,51.00,3000 -87.07,50.81,3000 -86.36,50.60,3000 -85.69,50.36,3000 -85.20,50.16,3000 -84.73,49.83,3000 -84.30,49.51,3000 -84.03,49.34,3000 -83.74,49.23,3000 -83.01,49.04,3000 -82.38,48.81,3000 -81.92,48.66,3000 -81.62,48.59,3000 -80.66,48.47,3000 -80.08,48.31,3000 -79.61,48.21,3000 -79.05,48.14,3000 -78.35,47.96,3000 -77.69,47.73,3000 -77.48,47.61,3000 -77.24,47.37,3000 -76.95,46.92,3000 -76.80,46.70,3000 -76.54,46.53,3000 -76.23,46.18,3000 -75.97,45.63,3000 -75.84,45.22,3000 -75.78,45.06,3000 -75.57,44.81,3000 -74.73,44.79,3000 -73.86,44.79,3000 -73.41,44.73,3000 -73.17,44.86,3000 -72.68,45.29,3000 -72.13,45.55,3000 -71.68,45.80,3000 -71.16,46.16,3000 -70.87,46.27,3000 -70.60,46.49,3000 -70.22,46.91,3000 -70.08,47.06,3000 -69.85,47.42,3000 -69.60,47.83,3000 -69.10,48.32,3000 -68.68,48.65,3000 -68.07,48.94,3000 -67.11,49.47,3000 -66.50,49.77,3000 -66.13,49.83,3000 -65.66,49.81,3000 -64.99,49.56,3000 -64.31,49.27,3000 -63.67,49.00,3000 -63.29,48.81,3000 -63.14,48.70,3000 -62.75,48.27,3000 -62.14,47.96,3000 -61.95,47.79,3000 -61.89,47.51,3000 -61.96,47.19,3000 -62.11,46.77,3000 -62.37,46.05,3000 -62.71,45.12,3000 -62.96,44.40,3000 -63.13,44.01,3000 -63.34,43.72,3000 -63.56,43.57,3000 -64.14,43.22,3000 -64.70,42.97,3000 -65.21,42.75,3000 -65.81,42.45,3000 -66.36,42.17,3000 -66.89,42.04,3000 -67.50,41.80,3000 -68.06,41.54,3000 -68.70,41.36,3000 -69.18,41.04,3000 -69.62,40.67,3000 -70.17,40.39,3000 -70.68,40.19,3000 -71.25,39.98,3000 -71.86,39.76,3000 -72.36,39.57,3000 -72.61,39.41,3000 -72.80,39.20,3000 -73.15,38.76,3000 -73.45,38.30,3000 -73.68,38.06,3000 -73.96,37.85,3000 -74.45,37.68,3000 -74.69,37.54,3000 -74.90,37.34,3000 -75.24,37.07,3000 -75.62,36.95,3000 -75.91,36.92,3000 -76.37,37.00,3000 -76.83,36.92,3000 -77.31,36.98,3000 -77.55,37.11,3000 -77.67,37.26,3000 -77.90,37.68,3000 -78.15,38.09,3000 -78.44,38.14,3000 -78.62,38.09,3000 -78.79,38.00,3000 -78.91,37.84,3000 -79.20,37.75,3000 -79.53,38.07,3000 -79.70,38.06,3000 -80.04,37.91,3000 -80.45,37.58,3000 -80.88,37.15,3000 -81.20,36.64,3000 -81.45,36.20,3000 -81.67,35.98,3000 -81.92,35.85,3000 -82.38,35.59,3000 -83.04,35.44,3000 -83.65,35.32,3000 -83.78,35.34,3000 -83.89,35.51,3000 -83.68,35.76,3000 -83.05,36.07,3000 -82.74,36.35,3000 -82.62,36.51,3000 -82.72,36.60,3000 -83.11,36.73,3000 -83.38,36.97,3000 -83.34,37.16,3000 -83.09,37.37,3000 -82.73,37.66,3000 -82.45,38.16,3000 -82.06,38.66,3000 -81.96,38.88,3000 -82.04,39.07,3000 -82.66,38.97,3000 -82.92,39.07,3000 -83.13,39.26,3000 -83.27,39.79,3000 -83.61,39.94,3000 -83.99,39.98,3000 -84.46,40.22,3000 -84.67,40.44,3000 -84.71,40.81,3000 -84.50,41.25,3000 -84.59,41.40,3000 -85.01,41.31,3000 -85.49,41.00,3000 -85.97,40.80,3000 -86.24,40.75,3000 -86.50,40.78,3000 -86.74,40.87,3000 -87.06,41.06,3000 -87.31,41.31,3000 -87.43,41.54,3000 -87.46,41.82,3000 -87.57,42.33,3000 -87.63,42.95,3000 -87.69,43.55,3000 -87.83,43.85,3000 -88.06,43.99,3000 -88.55,44.28,3000 -89.23,44.43,3000 -89.61,44.51,3000 -89.93,44.62,3000 -90.58,44.80,3000 -91.11,45.07,3000 -91.63,45.39,3000 -91.88,45.57,3000 -92.12,45.84,3000 -92.59,46.16,3000 -93.17,46.47,3000 -93.58,46.72,3000 -93.85,46.88,3000 -94.26,47.06,3000 -94.77,47.22,3000 -95.50,47.39,3000 -95.74,47.57,3000 -95.92,47.79,3000 -96.31,48.10,3000 -96.79,48.39,3000 -97.28,48.85,3000 -97.79,49.18,3000 -97.98,49.24,3000 -98.40,49.29,3000 -98.85,49.33,3000 -99.05,49.39,3000 -99.32,49.53,3000 -99.43,49.67,3000 -99.41,49.82,3000 -99.36,50.02,3000 -99.57,50.17,3000 -99.77,50.32,3000 -99.76,50.51,3000 -99.88,50.66,3000 -100.17,50.81,3000 -100.75,51.12,3000 -101.44,51.30,3000 -101.75,51.42,3000 -101.82,51.59,3000 -101.44,51.63,3000 -100.99,51.63,3000 -100.03,51.65,3000 -99.33,51.63,3000 -98.98,51.65,3000 -98.56,51.76,3000 -98.13,51.88,3000 
          </coordinates>
        </LinearRing>
      </innerBoundaryIs>
  </Polygon>
 </MultiGeometry>
</Placemark>
<Placemark>
  <name>10%</name>
  <visibility>1</visibility>
  <styleUrl>#poly_10</styleUrl>
  <MultiGeometry>
    <Polygon>
      <outerBoundaryIs>
        <LinearRing>
          <coordinates>
-110.38,45.67,2000 -110.23,45.66,2000 -110.08,45.64,2000 -109.94,45.61,2000 -109.79,45.55,2000 -109.64,45.48,2000 -109.48,45.40,2000 -109.34,45.33,2000 -109.23,45.27,2000 -109.16,45.22,2000 -109.08,45.07,2000 -109.09,44.92,2000 -109.12,44.77,2000 -109.18,44.65,2000 -109.24,44.54,2000 -109.26,44.44,2000 -109.24,44.32,2000 -109.17,44.19,2000 -109.08,44.05,2000 -109.02,43.92,2000 -109.04,43.78,2000 -109.10,43.66,2000 -109.19,43.57,2000 -109.23,43.46,2000 -109.15,43.34,2000 -109.03,43.19,2000 -108.93,43.06,2000 -108.86,42.90,2000 -108.82,42.77,2000 -108.80,42.68,2000 -108.81,42.60,2000 -108.84,42.52,2000 -108.93,42.46,2000 -109.12,42.44,2000 -109.33,42.45,2000 -109.48,42.50,2000 -109.63,42.56,2000 -109.80,42.60,2000 -109.96,42.61,2000 -110.12,42.50,2000 -110.20,42.36,2000 -110.27,42.21,2000 -110.30,42.14,2000 -110.41,42.08,2000 -110.57,42.04,2000 -110.79,42.01,2000 -111.00,41.96,2000 -111.16,41.90,2000 -111.24,41.76,2000 -111.26,41.59,2000 -111.27,41.46,2000 -111.37,41.34,2000 -111.47,41.32,2000 -111.59,41.36,2000 -111.70,41.46,2000 -111.83,41.60,2000 -111.92,41.73,2000 -111.97,41.88,2000 -111.97,42.01,2000 -111.95,42.08,2000 -111.90,42.18,2000 -111.85,42.30,2000 -111.79,42.45,2000 -111.76,42.62,2000 -111.77,42.77,2000 -111.80,42.94,2000 -111.84,43.11,2000 -111.85,43.24,2000 -111.79,43.37,2000 -111.71,43.45,2000 -111.68,43.56,2000 -111.66,43.68,2000 -111.59,43.81,2000 -111.53,43.92,2000 -111.57,44.06,2000 -111.66,44.14,2000 -111.75,44.24,2000 -111.80,44.38,2000 -111.84,44.53,2000 -111.86,44.69,2000 -111.86,44.85,2000 -111.84,45.00,2000 -111.77,45.15,2000 -111.70,45.25,2000 -111.61,45.36,2000 -111.46,45.44,2000 -111.29,45.49,2000 -111.09,45.52,2000 -110.85,45.55,2000 -110.61,45.57,2000 -110.38,45.67,2000 
          </coordinates>
        </LinearRing>
      </outerBoundaryIs>
      <innerBoundaryIs>
        <LinearRing>
          <coordinates>
-111.31,45.37,3000 -111.10,45.35,3000 -110.90,45.33,3000 -110.75,45.34,3000 -110.63,45.41,3000 -110.56,45.49,3000 -110.45,45.54,3000 -110.34,45.58,3000 -110.25,45.60,3000 -110.12,45.59,3000 -109.99,45.55,3000 -109.84,45.49,3000 -109.68,45.42,3000 -109.55,45.37,3000 -109.41,45.30,3000 -109.32,45.24,3000 -109.20,45.15,3000 -109.14,45.02,3000 -109.18,44.89,3000 -109.25,44.73,3000 -109.31,44.59,3000 -109.33,44.43,3000 -109.31,44.29,3000 -109.26,44.19,3000 -109.19,44.08,3000 -109.15,43.98,3000 -109.15,43.87,3000 -109.18,43.77,3000 -109.21,43.68,3000 -109.28,43.58,3000 -109.34,43.50,3000 -109.33,43.42,3000 -109.27,43.34,3000 -109.17,43.25,3000 -109.07,43.12,3000 -109.01,42.99,3000 -108.96,42.83,3000 -108.93,42.71,3000 -108.98,42.58,3000 -109.08,42.53,3000 -109.20,42.50,3000 -109.29,42.51,3000 -109.41,42.55,3000 -109.56,42.61,3000 -109.73,42.67,3000 -109.87,42.72,3000 -110.03,42.69,3000 -110.11,42.61,3000 -110.19,42.51,3000 -110.25,42.40,3000 -110.31,42.30,3000 -110.39,42.20,3000 -110.50,42.12,3000 -110.65,42.07,3000 -110.80,42.06,3000 -110.91,42.10,3000 -111.01,42.14,3000 -111.14,42.13,3000 -111.25,42.07,3000 -111.29,41.95,3000 -111.31,41.81,3000 -111.37,41.67,3000 -111.46,41.57,3000 -111.60,41.59,3000 -111.74,41.67,3000 -111.80,41.75,3000 -111.85,41.86,3000 -111.87,41.96,3000 -111.84,42.09,3000 -111.77,42.24,3000 -111.72,42.35,3000 -111.66,42.49,3000 -111.61,42.62,3000 -111.58,42.74,3000 -111.61,42.85,3000 -111.67,42.94,3000 -111.72,43.03,3000 -111.73,43.14,3000 -111.70,43.27,3000 -111.66,43.38,3000 -111.61,43.51,3000 -111.55,43.64,3000 -111.51,43.74,3000 -111.45,43.84,3000 -111.43,43.92,3000 -111.47,44.05,3000 -111.54,44.18,3000 -111.62,44.26,3000 -111.69,44.35,3000 -111.71,44.48,3000 -111.71,44.64,3000 -111.71,44.78,3000 -111.70,44.93,3000 -111.67,45.06,3000 -111.60,45.18,3000 -111.50,45.27,3000 -111.31,45.37,3000 
          </coordinates>
        </LinearRing>
      </innerBoundaryIs>
  </Polygon>
 </MultiGeometry>
</Placemark>
<Placemark>
  <name>10%</name>
  <visibility>1</visibility>
  <styleUrl>#poly_10</styleUrl>
  <MultiGeometry>
    <Polygon>
      <outerBoundaryIs>
        <LinearRing>
          <coordinates>
-118.57,44.99,2000 -118.55,45.00,2000 -118.54,45.01,2000 -118.52,45.03,2000 -118.50,45.04,2000 -118.49,45.05,2000 -118.47,45.06,2000 -118.45,45.07,2000 -118.43,45.08,2000 -118.42,45.09,2000 -118.40,45.09,2000 -118.38,45.10,2000 -118.36,45.10,2000 -118.34,45.10,2000 -118.32,45.10,2000 -118.30,45.10,2000 -118.27,45.09,2000 -118.25,45.09,2000 -118.22,45.08,2000 -118.20,45.08,2000 -118.18,45.07,2000 -118.16,45.06,2000 -118.14,45.06,2000 -118.12,45.05,2000 -118.10,45.05,2000 -118.07,45.05,2000 -118.05,45.04,2000 -118.03,45.04,2000 -118.01,45.04,2000 -117.99,45.03,2000 -117.98,45.02,2000 -117.97,45.01,2000 -117.96,45.00,2000 -117.96,44.98,2000 -117.95,44.97,2000 -117.94,44.95,2000 -117.94,44.93,2000 -117.93,44.91,2000 -117.93,44.90,2000 -117.93,44.88,2000 -117.93,44.86,2000 -117.93,44.85,2000 -117.93,44.83,2000 -117.94,44.82,2000 -117.95,44.80,2000 -117.96,44.79,2000 -117.97,44.78,2000 -117.98,44.76,2000 -118.00,44.75,2000 -118.02,44.74,2000 -118.03,44.73,2000 -118.05,44.72,2000 -118.07,44.72,2000 -118.09,44.71,2000 -118.10,44.70,2000 -118.13,44.70,2000 -118.15,44.69,2000 -118.17,44.68,2000 -118.19,44.68,2000 -118.21,44.68,2000 -118.23,44.67,2000 -118.25,44.67,2000 -118.27,44.67,2000 -118.29,44.67,2000 -118.31,44.67,2000 -118.34,44.67,2000 -118.36,44.67,2000 -118.38,44.68,2000 -118.40,44.68,2000 -118.43,44.68,2000 -118.45,44.69,2000 -118.47,44.69,2000 -118.48,44.70,2000 -118.50,44.70,2000 -118.52,44.71,2000 -118.54,44.71,2000 -118.56,44.72,2000 -118.58,44.73,2000 -118.59,44.74,2000 -118.60,44.75,2000 -118.61,44.77,2000 -118.61,44.78,2000 -118.62,44.79,2000 -118.62,44.81,2000 -118.62,44.82,2000 -118.62,44.84,2000 -118.62,44.85,2000 -118.62,44.87,2000 -118.62,44.89,2000 -118.61,44.90,2000 -118.61,44.92,2000 -118.61,44.94,2000 -118.57,44.99,2000 
          </coordinates>
        </LinearRing>
      </outerBoundaryIs>
      <innerBoundaryIs>
        <LinearRing>
          <coordinates>
-118.33,44.98,3000 -118.33,44.99,3000 -118.31,44.98,3000 -118.31,44.98,3000 -118.30,44.97,3000 -118.30,44.97,3000 -118.30,44.96,3000 -118.29,44.96,3000 -118.29,44.95,3000 -118.29,44.94,3000 -118.28,44.94,3000 -118.28,44.93,3000 -118.27,44.92,3000 -118.27,44.91,3000 -118.26,44.91,3000 -118.26,44.90,3000 -118.25,44.89,3000 -118.25,44.88,3000 -118.24,44.87,3000 -118.24,44.87,3000 -118.24,44.86,3000 -118.23,44.85,3000 -118.23,44.85,3000 -118.23,44.84,3000 -118.22,44.83,3000 -118.22,44.83,3000 -118.22,44.82,3000 -118.22,44.82,3000 -118.22,44.81,3000 -118.22,44.80,3000 -118.23,44.80,3000 -118.24,44.79,3000 -118.25,44.79,3000 -118.26,44.79,3000 -118.27,44.79,3000 -118.28,44.79,3000 -118.29,44.79,3000 -118.30,44.78,3000 -118.31,44.78,3000 -118.32,44.78,3000 -118.33,44.78,3000 -118.33,44.79,3000 -118.34,44.80,3000 -118.34,44.80,3000 -118.34,44.81,3000 -118.34,44.81,3000 -118.34,44.82,3000 -118.34,44.82,3000 -118.34,44.83,3000 -118.35,44.83,3000 -118.35,44.84,3000 -118.35,44.85,3000 -118.35,44.85,3000 -118.35,44.86,3000 -118.35,44.87,3000 -118.35,44.87,3000 -118.35,44.88,3000 -118.35,44.89,3000 -118.34,44.90,3000 -118.34,44.90,3000 -118.34,44.91,3000 -118.34,44.92,3000 -118.34,44.93,3000 -118.34,44.94,3000 -118.34,44.95,3000 -118.34,44.95,3000 -118.34,44.96,3000 -118.34,44.97,3000 -118.34,44.98,3000 -118.33,44.98,3000 
          </coordinates>
        </LinearRing>
      </innerBoundaryIs>
  </Polygon>
 </MultiGeometry>
</Placemark>
<Placemark>
  <name>10%</name>
  <visibility>1</visibility>
  <styleUrl>#poly_10</styleUrl>
  <MultiGeometry>
    <Polygon>
      <outerBoundaryIs>
        <LinearRing>
          <coordinates>
-106.46,41.60,2000 -106.41,41.61,2000 -106.36,41.61,2000 -106.31,41.62,2000 -106.27,41.62,2000 -106.23,41.62,2000 -106.19,41.62,2000 -106.16,41.61,2000 -106.13,41.58,2000 -106.11,41.56,2000 -106.08,41.53,2000 -106.05,41.50,2000 -106.02,41.47,2000 -105.99,41.44,2000 -105.98,41.41,2000 -105.97,41.37,2000 -105.98,41.34,2000 -105.99,41.30,2000 -106.00,41.26,2000 -106.02,41.23,2000 -106.04,41.20,2000 -106.07,41.18,2000 -106.10,41.15,2000 -106.14,41.13,2000 -106.17,41.11,2000 -106.21,41.09,2000 -106.26,41.07,2000 -106.30,41.06,2000 -106.34,41.04,2000 -106.37,41.03,2000 -106.39,41.01,2000 -106.39,40.99,2000 -106.40,40.96,2000 -106.40,40.93,2000 -106.41,40.90,2000 -106.42,40.86,2000 -106.43,40.83,2000 -106.44,40.79,2000 -106.45,40.75,2000 -106.46,40.71,2000 -106.48,40.68,2000 -106.51,40.64,2000 -106.54,40.61,2000 -106.58,40.59,2000 -106.62,40.58,2000 -106.66,40.56,2000 -106.71,40.55,2000 -106.76,40.55,2000 -106.81,40.55,2000 -106.85,40.56,2000 -106.89,40.57,2000 -106.93,40.58,2000 -106.97,40.60,2000 -107.01,40.62,2000 -107.05,40.64,2000 -107.08,40.66,2000 -107.12,40.69,2000 -107.15,40.72,2000 -107.18,40.74,2000 -107.21,40.77,2000 -107.23,40.80,2000 -107.25,40.83,2000 -107.26,40.87,2000 -107.27,40.90,2000 -107.27,40.94,2000 -107.28,40.97,2000 -107.29,41.01,2000 -107.30,41.04,2000 -107.30,41.08,2000 -107.30,41.12,2000 -107.29,41.15,2000 -107.27,41.18,2000 -107.24,41.22,2000 -107.21,41.25,2000 -107.17,41.28,2000 -107.13,41.30,2000 -107.09,41.31,2000 -107.04,41.31,2000 -106.99,41.30,2000 -106.94,41.30,2000 -106.90,41.30,2000 -106.86,41.31,2000 -106.82,41.33,2000 -106.79,41.34,2000 -106.76,41.36,2000 -106.73,41.38,2000 -106.71,41.40,2000 -106.68,41.43,2000 -106.65,41.46,2000 -106.62,41.49,2000 -106.59,41.52,2000 -106.55,41.55,2000 -106.46,41.60,2000 
          </coordinates>
        </LinearRing>
      </outerBoundaryIs>
      <innerBoundaryIs>
        <LinearRing>
          <coordinates>
-107.11,41.16,3000 -107.08,41.16,3000 -107.05,41.17,3000 -107.03,41.17,3000 -107.00,41.18,3000 -106.97,41.18,3000 -106.95,41.18,3000 -106.92,41.19,3000 -106.90,41.19,3000 -106.88,41.19,3000 -106.85,41.19,3000 -106.82,41.19,3000 -106.80,41.19,3000 -106.78,41.19,3000 -106.76,41.19,3000 -106.74,41.19,3000 -106.71,41.19,3000 -106.69,41.18,3000 -106.67,41.17,3000 -106.65,41.16,3000 -106.64,41.15,3000 -106.63,41.14,3000 -106.61,41.12,3000 -106.60,41.11,3000 -106.59,41.09,3000 -106.58,41.07,3000 -106.57,41.06,3000 -106.56,41.04,3000 -106.55,41.02,3000 -106.54,41.00,3000 -106.54,40.98,3000 -106.54,40.96,3000 -106.54,40.94,3000 -106.53,40.92,3000 -106.53,40.90,3000 -106.54,40.88,3000 -106.54,40.87,3000 -106.54,40.85,3000 -106.54,40.83,3000 -106.55,40.81,3000 -106.56,40.79,3000 -106.57,40.78,3000 -106.58,40.76,3000 -106.60,40.75,3000 -106.62,40.74,3000 -106.63,40.73,3000 -106.65,40.72,3000 -106.68,40.71,3000 -106.70,40.70,3000 -106.72,40.69,3000 -106.75,40.68,3000 -106.77,40.67,3000 -106.80,40.67,3000 -106.82,40.67,3000 -106.84,40.67,3000 -106.86,40.68,3000 -106.88,40.69,3000 -106.90,40.70,3000 -106.93,40.71,3000 -106.95,40.73,3000 -106.97,40.74,3000 -106.99,40.76,3000 -107.01,40.77,3000 -107.03,40.78,3000 -107.04,40.79,3000 -107.06,40.80,3000 -107.07,40.81,3000 -107.07,40.82,3000 -107.08,40.83,3000 -107.08,40.85,3000 -107.09,40.86,3000 -107.11,40.88,3000 -107.12,40.90,3000 -107.13,40.92,3000 -107.14,40.94,3000 -107.15,40.96,3000 -107.15,40.98,3000 -107.15,41.00,3000 -107.15,41.01,3000 -107.15,41.03,3000 -107.15,41.05,3000 -107.15,41.07,3000 -107.14,41.09,3000 -107.14,41.10,3000 -107.13,41.12,3000 -107.13,41.14,3000 -107.12,41.16,3000 -107.11,41.16,3000 
          </coordinates>
        </LinearRing>
      </innerBoundaryIs>
      <innerBoundaryIs>
        <LinearRing>
          <coordinates>
-106.45,41.50,3000 -106.43,41.50,3000 -106.41,41.50,3000 -106.39,41.51,3000 -106.37,41.51,3000 -106.35,41.51,3000 -106.33,41.51,3000 -106.32,41.51,3000 -106.30,41.51,3000 -106.28,41.51,3000 -106.27,41.51,3000 -106.25,41.51,3000 -106.23,41.50,3000 -106.22,41.50,3000 -106.20,41.49,3000 -106.19,41.49,3000 -106.17,41.48,3000 -106.16,41.47,3000 -106.14,41.47,3000 -106.13,41.46,3000 -106.12,41.45,3000 -106.11,41.44,3000 -106.10,41.42,3000 -106.09,41.41,3000 -106.09,41.40,3000 -106.09,41.39,3000 -106.09,41.38,3000 -106.09,41.37,3000 -106.10,41.35,3000 -106.10,41.34,3000 -106.11,41.33,3000 -106.12,41.31,3000 -106.13,41.30,3000 -106.13,41.28,3000 -106.14,41.27,3000 -106.15,41.26,3000 -106.16,41.25,3000 -106.16,41.24,3000 -106.17,41.23,3000 -106.17,41.22,3000 -106.18,41.21,3000 -106.19,41.21,3000 -106.20,41.20,3000 -106.22,41.20,3000 -106.23,41.19,3000 -106.25,41.18,3000 -106.26,41.18,3000 -106.28,41.17,3000 -106.30,41.16,3000 -106.32,41.16,3000 -106.34,41.15,3000 -106.36,41.15,3000 -106.38,41.14,3000 -106.39,41.14,3000 -106.41,41.14,3000 -106.43,41.14,3000 -106.45,41.14,3000 -106.47,41.14,3000 -106.49,41.14,3000 -106.51,41.15,3000 -106.53,41.15,3000 -106.54,41.15,3000 -106.56,41.16,3000 -106.58,41.17,3000 -106.59,41.17,3000 -106.60,41.18,3000 -106.61,41.19,3000 -106.62,41.20,3000 -106.62,41.21,3000 -106.62,41.22,3000 -106.62,41.23,3000 -106.62,41.24,3000 -106.62,41.25,3000 -106.62,41.27,3000 -106.61,41.28,3000 -106.61,41.30,3000 -106.60,41.31,3000 -106.60,41.32,3000 -106.59,41.34,3000 -106.59,41.35,3000 -106.58,41.37,3000 -106.45,41.50,3000 
          </coordinates>
        </LinearRing>
      </innerBoundaryIs>
  </Polygon>
 </MultiGeometry>
</Placemark>
<Placemark>
  <name>10%</name>
  <visibility>1</visibility>
  <styleUrl>#poly_10</styleUrl>
  <MultiGeometry>
    <Polygon>
      <outerBoundaryIs>
        <LinearRing>
          <coordinates>
-119.58,38.31,2000 -119.51,38.30,2000 -119.45,38.29,2000 -119.40,38.29,2000 -119.36,38.28,2000 -119.34,38.28,2000 -119.31,38.26,2000 -119.26,38.23,2000 -119.21,38.20,2000 -119.16,38.17,2000 -119.12,38.14,2000 -119.09,38.11,2000 -119.07,38.08,2000 -119.04,38.05,2000 -119.00,38.02,2000 -118.97,37.98,2000 -118.96,37.94,2000 -118.95,37.89,2000 -118.94,37.84,2000 -118.94,37.80,2000 -118.94,37.75,2000 -118.95,37.71,2000 -118.97,37.67,2000 -119.01,37.63,2000 -119.04,37.60,2000 -119.01,37.56,2000 -118.97,37.52,2000 -118.93,37.49,2000 -118.91,37.46,2000 -118.88,37.45,2000 -118.84,37.44,2000 -118.79,37.44,2000 -118.74,37.43,2000 -118.69,37.42,2000 -118.65,37.40,2000 -118.60,37.37,2000 -118.56,37.34,2000 -118.53,37.31,2000 -118.50,37.27,2000 -118.48,37.23,2000 -118.46,37.18,2000 -118.46,37.14,2000 -118.48,37.10,2000 -118.51,37.06,2000 -118.55,37.02,2000 -118.60,37.00,2000 -118.66,37.00,2000 -118.72,37.01,2000 -118.78,37.03,2000 -118.83,37.04,2000 -118.87,37.05,2000 -118.89,37.08,2000 -118.92,37.11,2000 -118.95,37.16,2000 -118.98,37.20,2000 -119.00,37.25,2000 -118.99,37.30,2000 -118.96,37.35,2000 -118.94,37.40,2000 -118.94,37.44,2000 -118.97,37.46,2000 -119.02,37.48,2000 -119.07,37.50,2000 -119.13,37.51,2000 -119.17,37.52,2000 -119.22,37.54,2000 -119.26,37.56,2000 -119.30,37.57,2000 -119.36,37.58,2000 -119.42,37.59,2000 -119.45,37.61,2000 -119.49,37.64,2000 -119.53,37.67,2000 -119.56,37.71,2000 -119.58,37.75,2000 -119.60,37.79,2000 -119.62,37.84,2000 -119.64,37.88,2000 -119.66,37.92,2000 -119.68,37.96,2000 -119.70,38.01,2000 -119.71,38.05,2000 -119.71,38.10,2000 -119.70,38.14,2000 -119.69,38.19,2000 -119.67,38.24,2000 -119.58,38.31,2000 
          </coordinates>
        </LinearRing>
      </outerBoundaryIs>
      <innerBoundaryIs>
        <LinearRing>
          <coordinates>
-119.54,38.12,3000 -119.51,38.12,3000 -119.49,38.13,3000 -119.47,38.13,3000 -119.44,38.13,3000 -119.42,38.13,3000 -119.40,38.14,3000 -119.38,38.14,3000 -119.36,38.14,3000 -119.34,38.14,3000 -119.32,38.14,3000 -119.31,38.14,3000 -119.29,38.14,3000 -119.29,38.13,3000 -119.27,38.11,3000 -119.26,38.10,3000 -119.25,38.09,3000 -119.23,38.08,3000 -119.21,38.07,3000 -119.20,38.05,3000 -119.18,38.04,3000 -119.16,38.02,3000 -119.15,38.01,3000 -119.13,37.99,3000 -119.12,37.98,3000 -119.11,37.96,3000 -119.10,37.94,3000 -119.10,37.93,3000 -119.09,37.91,3000 -119.09,37.89,3000 -119.08,37.88,3000 -119.08,37.86,3000 -119.08,37.84,3000 -119.08,37.83,3000 -119.08,37.81,3000 -119.09,37.79,3000 -119.09,37.78,3000 -119.10,37.76,3000 -119.10,37.75,3000 -119.11,37.73,3000 -119.12,37.71,3000 -119.14,37.70,3000 -119.15,37.68,3000 -119.17,37.67,3000 -119.18,37.66,3000 -119.20,37.66,3000 -119.22,37.66,3000 -119.24,37.66,3000 -119.26,37.67,3000 -119.28,37.67,3000 -119.30,37.68,3000 -119.33,37.69,3000 -119.35,37.70,3000 -119.37,37.71,3000 -119.39,37.72,3000 -119.41,37.72,3000 -119.42,37.73,3000 -119.44,37.74,3000 -119.45,37.75,3000 -119.45,37.76,3000 -119.46,37.78,3000 -119.47,37.79,3000 -119.47,37.80,3000 -119.48,37.82,3000 -119.49,37.83,3000 -119.50,37.85,3000 -119.51,37.86,3000 -119.51,37.88,3000 -119.52,37.90,3000 -119.52,37.91,3000 -119.53,37.93,3000 -119.53,37.95,3000 -119.54,37.96,3000 -119.54,37.98,3000 -119.55,38.00,3000 -119.55,38.02,3000 -119.55,38.03,3000 -119.56,38.05,3000 -119.56,38.07,3000 -119.54,38.12,3000 
          </coordinates>
        </LinearRing>
      </innerBoundaryIs>
  </Polygon>
 </MultiGeometry>
</Placemark>
<Placemark>
  <name>10%</name>
  <visibility>1</visibility>
  <styleUrl>#poly_10</styleUrl>
  <MultiGeometry>
    <Polygon>
      <outerBoundaryIs>
        <LinearRing>
          <coordinates>
-122.31,41.69,2000 -122.25,41.70,2000 -122.19,41.70,2000 -122.14,41.71,2000 -122.08,41.72,2000 -122.03,41.72,2000 -121.98,41.72,2000 -121.93,41.72,2000 -121.88,41.72,2000 -121.84,41.72,2000 -121.78,41.71,2000 -121.73,41.70,2000 -121.68,41.68,2000 -121.64,41.66,2000 -121.61,41.64,2000 -121.58,41.62,2000 -121.55,41.59,2000 -121.53,41.55,2000 -121.53,41.52,2000 -121.54,41.48,2000 -121.56,41.45,2000 -121.58,41.43,2000 -121.61,41.40,2000 -121.64,41.37,2000 -121.68,41.34,2000 -121.73,41.31,2000 -121.76,41.29,2000 -121.80,41.27,2000 -121.85,41.25,2000 -121.89,41.22,2000 -121.94,41.20,2000 -121.99,41.18,2000 -122.03,41.16,2000 -122.08,41.14,2000 -122.12,41.12,2000 -122.15,41.10,2000 -122.20,41.07,2000 -122.25,41.05,2000 -122.28,41.04,2000 -122.32,41.02,2000 -122.36,41.00,2000 -122.40,40.98,2000 -122.44,40.96,2000 -122.48,40.94,2000 -122.52,40.91,2000 -122.56,40.89,2000 -122.60,40.87,2000 -122.63,40.85,2000 -122.67,40.82,2000 -122.70,40.80,2000 -122.72,40.78,2000 -122.76,40.76,2000 -122.80,40.75,2000 -122.85,40.73,2000 -122.90,40.72,2000 -122.95,40.72,2000 -123.00,40.73,2000 -123.04,40.74,2000 -123.08,40.77,2000 -123.12,40.79,2000 -123.16,40.82,2000 -123.20,40.85,2000 -123.24,40.88,2000 -123.27,40.90,2000 -123.29,40.92,2000 -123.29,40.93,2000 -123.29,40.95,2000 -123.30,40.99,2000 -123.30,41.02,2000 -123.30,41.06,2000 -123.29,41.10,2000 -123.28,41.13,2000 -123.26,41.16,2000 -123.23,41.19,2000 -123.21,41.22,2000 -123.18,41.24,2000 -123.15,41.27,2000 -123.12,41.29,2000 -123.10,41.32,2000 -123.07,41.34,2000 -123.04,41.36,2000 -123.00,41.38,2000 -122.95,41.40,2000 -122.92,41.41,2000 -122.88,41.43,2000 -122.84,41.44,2000 -122.80,41.46,2000 -122.75,41.47,2000 -122.71,41.49,2000 -122.66,41.50,2000 -122.61,41.52,2000 -122.56,41.53,2000 -122.51,41.55,2000 -122.31,41.69,2000 
          </coordinates>
        </LinearRing>
      </outerBoundaryIs>
      <innerBoundaryIs>
        <LinearRing>
          <coordinates>
-122.49,41.47,3000 -122.46,41.49,3000 -122.43,41.52,3000 -122.39,41.54,3000 -122.36,41.56,3000 -122.33,41.58,3000 -122.29,41.60,3000 -122.25,41.61,3000 -122.22,41.63,3000 -122.18,41.64,3000 -122.14,41.64,3000 -122.10,41.65,3000 -122.06,41.65,3000 -122.02,41.65,3000 -121.97,41.64,3000 -121.93,41.63,3000 -121.88,41.61,3000 -121.84,41.60,3000 -121.81,41.59,3000 -121.77,41.58,3000 -121.73,41.56,3000 -121.70,41.55,3000 -121.69,41.53,3000 -121.70,41.51,3000 -121.73,41.48,3000 -121.77,41.45,3000 -121.79,41.43,3000 -121.81,41.40,3000 -121.84,41.37,3000 -121.86,41.34,3000 -121.88,41.32,3000 -121.90,41.30,3000 -121.92,41.29,3000 -121.96,41.27,3000 -121.99,41.26,3000 -122.02,41.24,3000 -122.06,41.22,3000 -122.09,41.20,3000 -122.13,41.19,3000 -122.17,41.17,3000 -122.21,41.15,3000 -122.25,41.14,3000 -122.29,41.13,3000 -122.33,41.11,3000 -122.36,41.10,3000 -122.39,41.09,3000 -122.41,41.08,3000 -122.43,41.06,3000 -122.45,41.04,3000 -122.48,41.02,3000 -122.52,41.00,3000 -122.55,40.97,3000 -122.59,40.95,3000 -122.62,40.93,3000 -122.65,40.91,3000 -122.69,40.89,3000 -122.72,40.87,3000 -122.75,40.85,3000 -122.79,40.84,3000 -122.83,40.83,3000 -122.87,40.82,3000 -122.91,40.82,3000 -122.95,40.81,3000 -122.98,40.81,3000 -123.02,40.82,3000 -123.06,40.83,3000 -123.09,40.85,3000 -123.13,40.87,3000 -123.16,40.89,3000 -123.19,40.91,3000 -123.21,40.94,3000 -123.22,40.97,3000 -123.22,41.00,3000 -123.21,41.03,3000 -123.20,41.07,3000 -123.19,41.10,3000 -123.18,41.12,3000 -123.17,41.15,3000 -123.15,41.17,3000 -123.12,41.19,3000 -123.10,41.21,3000 -123.06,41.23,3000 -123.03,41.26,3000 -122.99,41.28,3000 -122.96,41.30,3000 -122.92,41.32,3000 -122.88,41.33,3000 -122.84,41.34,3000 -122.80,41.35,3000 -122.76,41.36,3000 -122.73,41.36,3000 -122.70,41.37,3000 -122.67,41.38,3000 -122.49,41.47,3000 
          </coordinates>
        </LinearRing>
      </innerBoundaryIs>
  </Polygon>
 </MultiGeometry>
</Placemark>
<Placemark>
  <name>10%</name>
  <visibility>1</visibility>
  <styleUrl>#poly_10</styleUrl>
  <MultiGeometry>
    <Polygon>
      <outerBoundaryIs>
        <LinearRing>
          <coordinates>
-123.99,48.15,2000 -123.95,48.16,2000 -123.91,48.17,2000 -123.87,48.18,2000 -123.83,48.19,2000 -123.79,48.20,2000 -123.75,48.21,2000 -123.71,48.22,2000 -123.67,48.22,2000 -123.63,48.22,2000 -123.59,48.22,2000 -123.54,48.22,2000 -123.50,48.22,2000 -123.45,48.21,2000 -123.41,48.21,2000 -123.36,48.20,2000 -123.31,48.19,2000 -123.27,48.18,2000 -123.23,48.17,2000 -123.18,48.16,2000 -123.14,48.15,2000 -123.10,48.14,2000 -123.07,48.13,2000 -123.04,48.11,2000 -123.00,48.09,2000 -122.97,48.08,2000 -122.94,48.06,2000 -122.90,48.04,2000 -122.87,48.03,2000 -122.84,48.00,2000 -122.82,47.98,2000 -122.80,47.95,2000 -122.78,47.93,2000 -122.77,47.90,2000 -122.75,47.87,2000 -122.74,47.84,2000 -122.73,47.81,2000 -122.73,47.78,2000 -122.74,47.75,2000 -122.74,47.72,2000 -122.74,47.69,2000 -122.75,47.67,2000 -122.76,47.64,2000 -122.78,47.63,2000 -122.80,47.61,2000 -122.82,47.59,2000 -122.85,47.56,2000 -122.87,47.53,2000 -122.90,47.50,2000 -122.92,47.48,2000 -122.94,47.46,2000 -122.96,47.44,2000 -122.99,47.42,2000 -123.02,47.41,2000 -123.05,47.40,2000 -123.09,47.38,2000 -123.14,47.37,2000 -123.18,47.36,2000 -123.22,47.35,2000 -123.26,47.34,2000 -123.31,47.34,2000 -123.35,47.34,2000 -123.39,47.34,2000 -123.43,47.34,2000 -123.47,47.34,2000 -123.51,47.35,2000 -123.55,47.36,2000 -123.58,47.37,2000 -123.61,47.38,2000 -123.64,47.39,2000 -123.68,47.39,2000 -123.71,47.40,2000 -123.75,47.41,2000 -123.79,47.42,2000 -123.83,47.44,2000 -123.87,47.46,2000 -123.91,47.48,2000 -123.94,47.50,2000 -123.97,47.52,2000 -123.99,47.54,2000 -124.01,47.57,2000 -124.03,47.60,2000 -124.05,47.62,2000 -124.07,47.65,2000 -124.08,47.68,2000 -124.10,47.71,2000 -124.11,47.73,2000 -124.12,47.76,2000 -124.12,47.79,2000 -124.13,47.82,2000 -124.13,47.85,2000 -124.14,47.88,2000 -124.14,47.91,2000 -124.13,47.93,2000 -124.13,47.96,2000 -124.13,47.99,2000 -123.99,48.15,2000 
          </coordinates>
        </LinearRing>
      </outerBoundaryIs>
      <innerBoundaryIs>
        <LinearRing>
          <coordinates>
-123.96,48.06,3000 -123.93,48.08,3000 -123.90,48.10,3000 -123.87,48.11,3000 -123.84,48.13,3000 -123.81,48.14,3000 -123.77,48.15,3000 -123.74,48.16,3000 -123.70,48.16,3000 -123.67,48.17,3000 -123.63,48.17,3000 -123.59,48.16,3000 -123.55,48.16,3000 -123.51,48.15,3000 -123.48,48.15,3000 -123.44,48.14,3000 -123.39,48.14,3000 -123.36,48.13,3000 -123.32,48.12,3000 -123.29,48.11,3000 -123.26,48.10,3000 -123.24,48.10,3000 -123.20,48.09,3000 -123.17,48.08,3000 -123.14,48.07,3000 -123.10,48.06,3000 -123.06,48.04,3000 -123.02,48.03,3000 -122.99,48.01,3000 -122.96,47.99,3000 -122.94,47.97,3000 -122.92,47.95,3000 -122.91,47.93,3000 -122.89,47.90,3000 -122.88,47.88,3000 -122.88,47.85,3000 -122.87,47.83,3000 -122.86,47.81,3000 -122.86,47.78,3000 -122.86,47.76,3000 -122.85,47.73,3000 -122.86,47.71,3000 -122.86,47.68,3000 -122.87,47.66,3000 -122.88,47.64,3000 -122.90,47.61,3000 -122.92,47.59,3000 -122.94,47.56,3000 -122.97,47.54,3000 -122.99,47.52,3000 -123.02,47.50,3000 -123.06,47.48,3000 -123.10,47.47,3000 -123.14,47.46,3000 -123.18,47.44,3000 -123.21,47.44,3000 -123.24,47.43,3000 -123.25,47.43,3000 -123.26,47.43,3000 -123.29,47.43,3000 -123.32,47.42,3000 -123.36,47.42,3000 -123.41,47.42,3000 -123.46,47.42,3000 -123.50,47.42,3000 -123.53,47.43,3000 -123.57,47.44,3000 -123.61,47.45,3000 -123.65,47.46,3000 -123.69,47.48,3000 -123.73,47.49,3000 -123.76,47.50,3000 -123.78,47.51,3000 -123.81,47.52,3000 -123.83,47.53,3000 -123.85,47.55,3000 -123.88,47.57,3000 -123.91,47.60,3000 -123.94,47.62,3000 -123.97,47.65,3000 -123.99,47.67,3000 -124.01,47.69,3000 -124.02,47.71,3000 -124.03,47.74,3000 -124.04,47.76,3000 -124.05,47.78,3000 -124.06,47.81,3000 -124.06,47.83,3000 -124.06,47.85,3000 -124.05,47.88,3000 -124.05,47.91,3000 -124.04,47.93,3000 -124.03,47.96,3000 -124.01,47.98,3000 -124.00,48.01,3000 -123.96,48.06,3000 
          </coordinates>
        </LinearRing>
      </innerBoundaryIs>
  </Polygon>
 </MultiGeometry>
</Placemark>
<Placemark>
  <name>10%</name>
  <visibility>1</visibility>
  <styleUrl>#poly_10</styleUrl>
  <MultiGeometry>
    <Polygon>
      <outerBoundaryIs>
        <LinearRing>
          <coordinates>
-111.06,40.99,2000 -111.03,41.00,2000 -110.99,41.00,2000 -110.96,41.01,2000 -110.93,41.01,2000 -110.90,41.02,2000 -110.86,41.02,2000 -110.83,41.02,2000 -110.80,41.02,2000 -110.77,41.01,2000 -110.74,41.01,2000 -110.70,41.00,2000 -110.67,40.99,2000 -110.64,40.99,2000 -110.61,40.98,2000 -110.59,40.97,2000 -110.56,40.96,2000 -110.53,40.95,2000 -110.51,40.94,2000 -110.49,40.92,2000 -110.47,40.90,2000 -110.46,40.88,2000 -110.44,40.86,2000 -110.43,40.84,2000 -110.41,40.82,2000 -110.40,40.80,2000 -110.39,40.78,2000 -110.38,40.75,2000 -110.38,40.73,2000 -110.38,40.71,2000 -110.39,40.68,2000 -110.41,40.66,2000 -110.42,40.63,2000 -110.44,40.61,2000 -110.45,40.59,2000 -110.47,40.57,2000 -110.48,40.55,2000 -110.49,40.53,2000 -110.52,40.51,2000 -110.54,40.50,2000 -110.56,40.49,2000 -110.58,40.47,2000 -110.61,40.45,2000 -110.63,40.44,2000 -110.66,40.42,2000 -110.69,40.41,2000 -110.72,40.39,2000 -110.74,40.38,2000 -110.77,40.37,2000 -110.81,40.36,2000 -110.84,40.35,2000 -110.87,40.34,2000 -110.90,40.34,2000 -110.93,40.33,2000 -110.95,40.33,2000 -110.96,40.33,2000 -110.97,40.33,2000 -110.99,40.33,2000 -111.02,40.33,2000 -111.06,40.34,2000 -111.10,40.34,2000 -111.14,40.34,2000 -111.17,40.35,2000 -111.20,40.36,2000 -111.23,40.37,2000 -111.25,40.39,2000 -111.27,40.41,2000 -111.28,40.43,2000 -111.30,40.45,2000 -111.31,40.47,2000 -111.32,40.49,2000 -111.33,40.51,2000 -111.34,40.53,2000 -111.34,40.56,2000 -111.35,40.58,2000 -111.35,40.60,2000 -111.35,40.63,2000 -111.35,40.65,2000 -111.34,40.68,2000 -111.33,40.70,2000 -111.32,40.73,2000 -111.31,40.75,2000 -111.29,40.78,2000 -111.28,40.79,2000 -111.27,40.81,2000 -111.26,40.83,2000 -111.06,40.99,2000 
          </coordinates>
        </LinearRing>
      </outerBoundaryIs>
      <innerBoundaryIs>
        <LinearRing>
          <coordinates>
-111.05,40.90,3000 -111.02,40.91,3000 -111.00,40.91,3000 -110.97,40.92,3000 -110.94,40.93,3000 -110.92,40.93,3000 -110.89,40.94,3000 -110.87,40.94,3000 -110.84,40.94,3000 -110.82,40.94,3000 -110.79,40.94,3000 -110.77,40.93,3000 -110.74,40.93,3000 -110.72,40.92,3000 -110.70,40.91,3000 -110.68,40.90,3000 -110.66,40.89,3000 -110.64,40.88,3000 -110.63,40.86,3000 -110.61,40.85,3000 -110.60,40.83,3000 -110.58,40.82,3000 -110.57,40.80,3000 -110.56,40.79,3000 -110.54,40.77,3000 -110.53,40.75,3000 -110.51,40.74,3000 -110.51,40.72,3000 -110.51,40.71,3000 -110.53,40.69,3000 -110.55,40.67,3000 -110.56,40.66,3000 -110.57,40.64,3000 -110.58,40.62,3000 -110.59,40.60,3000 -110.60,40.58,3000 -110.61,40.56,3000 -110.63,40.54,3000 -110.64,40.53,3000 -110.66,40.51,3000 -110.67,40.50,3000 -110.69,40.49,3000 -110.70,40.48,3000 -110.73,40.47,3000 -110.75,40.46,3000 -110.77,40.45,3000 -110.79,40.45,3000 -110.82,40.44,3000 -110.84,40.43,3000 -110.87,40.42,3000 -110.90,40.42,3000 -110.92,40.41,3000 -110.95,40.41,3000 -110.97,40.41,3000 -110.99,40.41,3000 -111.02,40.42,3000 -111.04,40.43,3000 -111.06,40.44,3000 -111.09,40.45,3000 -111.11,40.46,3000 -111.12,40.47,3000 -111.14,40.49,3000 -111.15,40.50,3000 -111.17,40.52,3000 -111.18,40.54,3000 -111.19,40.56,3000 -111.20,40.58,3000 -111.20,40.60,3000 -111.21,40.62,3000 -111.21,40.64,3000 -111.21,40.66,3000 -111.21,40.68,3000 -111.20,40.69,3000 -111.20,40.71,3000 -111.19,40.73,3000 -111.18,40.74,3000 -111.18,40.76,3000 -111.17,40.78,3000 -111.15,40.80,3000 -111.14,40.81,3000 -111.13,40.83,3000 -111.12,40.85,3000 -111.05,40.90,3000 
          </coordinates>
        </LinearRing>
      </innerBoundaryIs>
  </Polygon>
 </MultiGeometry>
</Placemark>
<Placemark>
  <name>20%</name>
  <visibility>1</visibility>
  <styleUrl>#poly_20</styleUrl>
  <MultiGeometry>
    <Polygon>
      <outerBoundaryIs>
        <LinearRing>
          <coordinates>
-111.31,45.37,3000 -111.10,45.35,3000 -110.90,45.33,3000 -110.75,45.34,3000 -110.63,45.41,3000 -110.56,45.49,3000 -110.45,45.54,3000 -110.34,45.58,3000 -110.25,45.60,3000 -110.12,45.59,3000 -109.99,45.55,3000 -109.84,45.49,3000 -109.68,45.42,3000 -109.55,45.37,3000 -109.41,45.30,3000 -109.32,45.24,3000 -109.20,45.15,3000 -109.14,45.02,3000 -109.18,44.89,3000 -109.25,44.73,3000 -109.31,44.59,3000 -109.33,44.43,3000 -109.31,44.29,3000 -109.26,44.19,3000 -109.19,44.08,3000 -109.15,43.98,3000 -109.15,43.87,3000 -109.18,43.77,3000 -109.21,43.68,3000 -109.28,43.58,3000 -109.34,43.50,3000 -109.33,43.42,3000 -109.27,43.34,3000 -109.17,43.25,3000 -109.07,43.12,3000 -109.01,42.99,3000 -108.96,42.83,3000 -108.93,42.71,3000 -108.98,42.58,3000 -109.08,42.53,3000 -109.20,42.50,3000 -109.29,42.51,3000 -109.41,42.55,3000 -109.56,42.61,3000 -109.73,42.67,3000 -109.87,42.72,3000 -110.03,42.69,3000 -110.11,42.61,3000 -110.19,42.51,3000 -110.25,42.40,3000 -110.31,42.30,3000 -110.39,42.20,3000 -110.50,42.12,3000 -110.65,42.07,3000 -110.80,42.06,3000 -110.91,42.10,3000 -111.01,42.14,3000 -111.14,42.13,3000 -111.25,42.07,3000 -111.29,41.95,3000 -111.31,41.81,3000 -111.37,41.67,3000 -111.46,41.57,3000 -111.60,41.59,3000 -111.74,41.67,3000 -111.80,41.75,3000 -111.85,41.86,3000 -111.87,41.96,3000 -111.84,42.09,3000 -111.77,42.24,3000 -111.72,42.35,3000 -111.66,42.49,3000 -111.61,42.62,3000 -111.58,42.74,3000 -111.61,42.85,3000 -111.67,42.94,3000 -111.72,43.03,3000 -111.73,43.14,3000 -111.70,43.27,3000 -111.66,43.38,3000 -111.61,43.51,3000 -111.55,43.64,3000 -111.51,43.74,3000 -111.45,43.84,3000 -111.43,43.92,3000 -111.47,44.05,3000 -111.54,44.18,3000 -111.62,44.26,3000 -111.69,44.35,3000 -111.71,44.48,3000 -111.71,44.64,3000 -111.71,44.78,3000 -111.70,44.93,3000 -111.67,45.06,3000 -111.60,45.18,3000 -111.50,45.27,3000 -111.31,45.37,3000 
          </coordinates>
        </LinearRing>
      </outerBoundaryIs>
      <innerBoundaryIs>
        <LinearRing>
          <coordinates>
-110.35,45.53,4000 -110.15,45.51,4000 -109.98,45.49,4000 -109.86,45.46,4000 -109.74,45.40,4000 -109.60,45.36,4000 -109.44,45.30,4000 -109.32,45.16,4000 -109.30,45.07,4000 -109.28,44.94,4000 -109.27,44.81,4000 -109.27,44.66,4000 -109.27,44.51,4000 -109.27,44.37,4000 -109.27,44.25,4000 -109.27,44.15,4000 -109.24,43.99,4000 -109.22,43.92,4000 -109.21,43.85,4000 -109.27,43.74,4000 -109.35,43.63,4000 -109.39,43.50,4000 -109.40,43.39,4000 -109.36,43.32,4000 -109.28,43.25,4000 -109.21,43.17,4000 -109.14,43.08,4000 -109.08,42.99,4000 -109.05,42.89,4000 -109.05,42.79,4000 -109.06,42.70,4000 -109.12,42.61,4000 -109.20,42.57,4000 -109.30,42.58,4000 -109.42,42.61,4000 -109.55,42.67,4000 -109.69,42.72,4000 -109.86,42.75,4000 -110.02,42.75,4000 -110.12,42.71,4000 -110.20,42.63,4000 -110.27,42.51,4000 -110.34,42.38,4000 -110.42,42.28,4000 -110.50,42.21,4000 -110.66,42.14,4000 -110.77,42.15,4000 -110.88,42.17,4000 -111.00,42.20,4000 -111.11,42.22,4000 -111.28,42.16,4000 -111.31,42.08,4000 -111.33,41.97,4000 -111.37,41.88,4000 -111.47,41.78,4000 -111.58,41.73,4000 -111.70,41.79,4000 -111.78,41.92,4000 -111.77,42.02,4000 -111.73,42.13,4000 -111.67,42.26,4000 -111.63,42.38,4000 -111.59,42.49,4000 -111.55,42.61,4000 -111.51,42.72,4000 -111.50,42.82,4000 -111.53,42.93,4000 -111.59,43.02,4000 -111.62,43.11,4000 -111.61,43.21,4000 -111.57,43.32,4000 -111.53,43.44,4000 -111.49,43.55,4000 -111.44,43.67,4000 -111.40,43.78,4000 -111.36,43.87,4000 -111.30,43.99,4000 -111.34,44.06,4000 -111.41,44.15,4000 -111.48,44.23,4000 -111.55,44.33,4000 -111.61,44.43,4000 -111.63,44.52,4000 -111.63,44.62,4000 -111.62,44.72,4000 -111.61,44.83,4000 -111.60,44.95,4000 -111.58,45.04,4000 -111.51,45.13,4000 -111.42,45.18,4000 -111.31,45.21,4000 -111.18,45.22,4000 -111.05,45.20,4000 -110.92,45.18,4000 -110.79,45.22,4000 -110.67,45.28,4000 -110.59,45.35,4000 -110.52,45.43,4000 -110.35,45.53,4000 
          </coordinates>
        </LinearRing>
      </innerBoundaryIs>
  </Polygon>
 </MultiGeometry>
</Placemark>
<Placemark>
  <name>20%</name>
  <visibility>1</visibility>
  <styleUrl>#poly_20</styleUrl>
  <MultiGeometry>
    <Polygon>
      <outerBoundaryIs>
        <LinearRing>
          <coordinates>
-121.90,45.45,3000 -121.78,45.47,3000 -121.66,45.49,3000 -121.57,45.49,3000 -121.48,45.46,3000 -121.43,45.41,3000 -121.40,45.35,3000 -121.40,45.27,3000 -121.44,45.20,3000 -121.50,45.13,3000 -121.54,45.06,3000 -121.56,44.98,3000 -121.55,44.90,3000 -121.54,44.82,3000 -121.52,44.74,3000 -121.52,44.65,3000 -121.54,44.56,3000 -121.57,44.46,3000 -121.58,44.37,3000 -121.54,44.29,3000 -121.49,44.21,3000 -121.45,44.13,3000 -121.44,44.06,3000 -121.44,44.00,3000 -121.48,43.93,3000 -121.55,43.87,3000 -121.64,43.79,3000 -121.73,43.72,3000 -121.79,43.64,3000 -121.81,43.56,3000 -121.80,43.47,3000 -121.79,43.38,3000 -121.79,43.29,3000 -121.80,43.20,3000 -121.82,43.11,3000 -121.84,43.01,3000 -121.87,42.93,3000 -121.91,42.87,3000 -122.00,42.82,3000 -122.11,42.80,3000 -122.21,42.82,3000 -122.28,42.86,3000 -122.34,42.94,3000 -122.37,43.03,3000 -122.37,43.11,3000 -122.36,43.20,3000 -122.33,43.30,3000 -122.30,43.40,3000 -122.26,43.50,3000 -122.22,43.59,3000 -122.18,43.69,3000 -122.14,43.77,3000 -122.11,43.86,3000 -122.09,43.95,3000 -122.08,44.03,3000 -122.08,44.12,3000 -122.09,44.20,3000 -122.10,44.30,3000 -122.11,44.38,3000 -122.12,44.47,3000 -122.13,44.56,3000 -122.13,44.64,3000 -122.11,44.73,3000 -122.08,44.82,3000 -122.05,44.89,3000 -121.99,44.96,3000 -121.94,45.02,3000 -121.94,45.09,3000 -121.95,45.18,3000 -121.97,45.27,3000 -121.90,45.45,3000 
          </coordinates>
        </LinearRing>
      </outerBoundaryIs>
      <innerBoundaryIs>
        <LinearRing>
          <coordinates>
-122.12,43.63,4000 -122.08,43.63,4000 -122.05,43.63,4000 -122.02,43.63,4000 -121.99,43.61,4000 -121.97,43.59,4000 -121.96,43.57,4000 -121.95,43.54,4000 -121.94,43.51,4000 -121.93,43.48,4000 -121.92,43.45,4000 -121.91,43.43,4000 -121.91,43.40,4000 -121.91,43.37,4000 -121.90,43.35,4000 -121.90,43.32,4000 -121.90,43.30,4000 -121.90,43.27,4000 -121.90,43.24,4000 -121.90,43.22,4000 -121.91,43.19,4000 -121.91,43.16,4000 -121.91,43.13,4000 -121.92,43.11,4000 -121.92,43.09,4000 -121.92,43.06,4000 -121.93,43.04,4000 -121.93,43.02,4000 -121.95,43.00,4000 -121.97,42.98,4000 -121.99,42.96,4000 -122.02,42.94,4000 -122.05,42.92,4000 -122.08,42.90,4000 -122.10,42.89,4000 -122.13,42.87,4000 -122.15,42.87,4000 -122.18,42.88,4000 -122.19,42.90,4000 -122.20,42.92,4000 -122.22,42.94,4000 -122.24,42.96,4000 -122.25,42.99,4000 -122.26,43.02,4000 -122.27,43.04,4000 -122.27,43.07,4000 -122.27,43.09,4000 -122.26,43.12,4000 -122.25,43.15,4000 -122.25,43.17,4000 -122.24,43.19,4000 -122.23,43.21,4000 -122.22,43.23,4000 -122.22,43.25,4000 -122.21,43.27,4000 -122.20,43.30,4000 -122.20,43.33,4000 -122.19,43.35,4000 -122.19,43.38,4000 -122.18,43.41,4000 -122.18,43.44,4000 -122.17,43.46,4000 -122.17,43.49,4000 -122.16,43.51,4000 -122.16,43.54,4000 -122.15,43.56,4000 -122.15,43.59,4000 -122.12,43.63,4000 
          </coordinates>
        </LinearRing>
      </innerBoundaryIs>
      <innerBoundaryIs>
        <LinearRing>
          <coordinates>
-121.78,45.01,4000 -121.75,44.98,4000 -121.72,44.95,4000 -121.69,44.92,4000 -121.66,44.89,4000 -121.63,44.85,4000 -121.60,44.81,4000 -121.58,44.76,4000 -121.57,44.72,4000 -121.58,44.67,4000 -121.60,44.62,4000 -121.62,44.57,4000 -121.64,44.54,4000 -121.64,44.53,4000 -121.65,44.50,4000 -121.67,44.45,4000 -121.69,44.41,4000 -121.69,44.36,4000 -121.67,44.32,4000 -121.64,44.28,4000 -121.60,44.24,4000 -121.57,44.20,4000 -121.55,44.16,4000 -121.53,44.12,4000 -121.52,44.07,4000 -121.53,44.03,4000 -121.55,43.99,4000 -121.58,43.96,4000 -121.62,43.92,4000 -121.66,43.89,4000 -121.70,43.86,4000 -121.76,43.84,4000 -121.82,43.82,4000 -121.87,43.81,4000 -121.90,43.77,4000 -121.91,43.74,4000 -121.93,43.75,4000 -121.95,43.79,4000 -121.96,43.83,4000 -121.97,43.88,4000 -121.98,43.92,4000 -121.99,43.96,4000 -121.99,43.99,4000 -121.99,44.01,4000 -121.99,44.05,4000 -121.99,44.09,4000 -121.99,44.14,4000 -121.99,44.18,4000 -121.99,44.23,4000 -121.99,44.28,4000 -121.99,44.32,4000 -122.00,44.36,4000 -122.01,44.40,4000 -122.02,44.44,4000 -122.03,44.48,4000 -122.04,44.52,4000 -122.05,44.57,4000 -122.05,44.61,4000 -122.05,44.66,4000 -122.04,44.71,4000 -122.02,44.76,4000 -122.00,44.81,4000 -121.98,44.84,4000 -121.97,44.84,4000 -121.78,45.01,4000 
          </coordinates>
        </LinearRing>
      </innerBoundaryIs>
      <innerBoundaryIs>
        <LinearRing>
          <coordinates>
-121.66,45.48,4000 -121.64,45.48,4000 -121.62,45.47,4000 -121.60,45.47,4000 -121.58,45.46,4000 -121.57,45.45,4000 -121.55,45.44,4000 -121.54,45.43,4000 -121.53,45.42,4000 -121.53,45.41,4000 -121.52,45.40,4000 -121.52,45.38,4000 -121.51,45.37,4000 -121.50,45.36,4000 -121.50,45.34,4000 -121.50,45.33,4000 -121.49,45.31,4000 -121.49,45.30,4000 -121.49,45.28,4000 -121.49,45.27,4000 -121.49,45.26,4000 -121.49,45.24,4000 -121.50,45.23,4000 -121.50,45.22,4000 -121.51,45.20,4000 -121.52,45.19,4000 -121.53,45.18,4000 -121.54,45.17,4000 -121.55,45.16,4000 -121.57,45.15,4000 -121.58,45.14,4000 -121.60,45.14,4000 -121.62,45.13,4000 -121.64,45.12,4000 -121.66,45.12,4000 -121.69,45.11,4000 -121.71,45.11,4000 -121.73,45.10,4000 -121.75,45.10,4000 -121.77,45.10,4000 -121.79,45.10,4000 -121.80,45.10,4000 -121.82,45.11,4000 -121.83,45.11,4000 -121.84,45.12,4000 -121.85,45.14,4000 -121.85,45.15,4000 -121.86,45.17,4000 -121.86,45.18,4000 -121.87,45.20,4000 -121.87,45.21,4000 -121.87,45.22,4000 -121.88,45.24,4000 -121.88,45.25,4000 -121.88,45.27,4000 -121.88,45.28,4000 -121.87,45.29,4000 -121.87,45.31,4000 -121.87,45.32,4000 -121.87,45.33,4000 -121.87,45.35,4000 -121.86,45.36,4000 -121.86,45.37,4000 -121.85,45.38,4000 -121.66,45.48,4000 
          </coordinates>
        </LinearRing>
      </innerBoundaryIs>
  </Polygon>
 </MultiGeometry>
</Placemark>
<Placemark>
  <name>20%</name>
  <visibility>1</visibility>
  <styleUrl>#poly_20</styleUrl>
  <MultiGeometry>
    <Polygon>
      <outerBoundaryIs>
        <LinearRing>
          <coordinates>
-122.49,41.47,3000 -122.46,41.49,3000 -122.43,41.52,3000 -122.39,41.54,3000 -122.36,41.56,3000 -122.33,41.58,3000 -122.29,41.60,3000 -122.25,41.61,3000 -122.22,41.63,3000 -122.18,41.64,3000 -122.14,41.64,3000 -122.10,41.65,3000 -122.06,41.65,3000 -122.02,41.65,3000 -121.97,41.64,3000 -121.93,41.63,3000 -121.88,41.61,3000 -121.84,41.60,3000 -121.81,41.59,3000 -121.77,41.58,3000 -121.73,41.56,3000 -121.70,41.55,3000 -121.69,41.53,3000 -121.70,41.51,3000 -121.73,41.48,3000 -121.77,41.45,3000 -121.79,41.43,3000 -121.81,41.40,3000 -121.84,41.37,3000 -121.86,41.34,3000 -121.88,41.32,3000 -121.90,41.30,3000 -121.92,41.29,3000 -121.96,41.27,3000 -121.99,41.26,3000 -122.02,41.24,3000 -122.06,41.22,3000 -122.09,41.20,3000 -122.13,41.19,3000 -122.17,41.17,3000 -122.21,41.15,3000 -122.25,41.14,3000 -122.29,41.13,3000 -122.33,41.11,3000 -122.36,41.10,3000 -122.39,41.09,3000 -122.41,41.08,3000 -122.43,41.06,3000 -122.45,41.04,3000 -122.48,41.02,3000 -122.52,41.00,3000 -122.55,40.97,3000 -122.59,40.95,3000 -122.62,40.93,3000 -122.65,40.91,3000 -122.69,40.89,3000 -122.72,40.87,3000 -122.75,40.85,3000 -122.79,40.84,3000 -122.83,40.83,3000 -122.87,40.82,3000 -122.91,40.82,3000 -122.95,40.81,3000 -122.98,40.81,3000 -123.02,40.82,3000 -123.06,40.83,3000 -123.09,40.85,3000 -123.13,40.87,3000 -123.16,40.89,3000 -123.19,40.91,3000 -123.21,40.94,3000 -123.22,40.97,3000 -123.22,41.00,3000 -123.21,41.03,3000 -123.20,41.07,3000 -123.19,41.10,3000 -123.18,41.12,3000 -123.17,41.15,3000 -123.15,41.17,3000 -123.12,41.19,3000 -123.10,41.21,3000 -123.06,41.23,3000 -123.03,41.26,3000 -122.99,41.28,3000 -122.96,41.30,3000 -122.92,41.32,3000 -122.88,41.33,3000 -122.84,41.34,3000 -122.80,41.35,3000 -122.76,41.36,3000 -122.73,41.36,3000 -122.70,41.37,3000 -122.67,41.38,3000 -122.49,41.47,3000 
          </coordinates>
        </LinearRing>
      </outerBoundaryIs>
      <innerBoundaryIs>
        <LinearRing>
          <coordinates>
-122.27,41.54,4000 -122.24,41.55,4000 -122.20,41.55,4000 -122.17,41.56,4000 -122.13,41.57,4000 -122.10,41.57,4000 -122.07,41.57,4000 -122.04,41.57,4000 -122.00,41.57,4000 -121.97,41.56,4000 -121.93,41.55,4000 -121.90,41.54,4000 -121.87,41.53,4000 -121.86,41.51,4000 -121.86,41.49,4000 -121.88,41.47,4000 -121.90,41.44,4000 -121.93,41.42,4000 -121.96,41.39,4000 -121.98,41.37,4000 -122.00,41.35,4000 -122.02,41.32,4000 -122.05,41.31,4000 -122.07,41.29,4000 -122.10,41.27,4000 -122.12,41.26,4000 -122.15,41.24,4000 -122.19,41.23,4000 -122.22,41.22,4000 -122.25,41.22,4000 -122.28,41.21,4000 -122.31,41.21,4000 -122.35,41.20,4000 -122.38,41.19,4000 -122.41,41.18,4000 -122.44,41.16,4000 -122.47,41.14,4000 -122.49,41.12,4000 -122.52,41.10,4000 -122.54,41.07,4000 -122.56,41.05,4000 -122.58,41.04,4000 -122.60,41.02,4000 -122.62,41.01,4000 -122.64,40.99,4000 -122.66,40.97,4000 -122.69,40.95,4000 -122.72,40.93,4000 -122.75,40.92,4000 -122.78,40.90,4000 -122.81,40.89,4000 -122.84,40.88,4000 -122.88,40.88,4000 -122.92,40.88,4000 -122.96,40.89,4000 -122.99,40.89,4000 -123.02,40.90,4000 -123.05,40.90,4000 -123.09,40.91,4000 -123.11,40.93,4000 -123.12,40.95,4000 -123.12,40.97,4000 -123.11,41.00,4000 -123.11,41.03,4000 -123.10,41.06,4000 -123.09,41.08,4000 -123.09,41.10,4000 -123.09,41.12,4000 -123.07,41.14,4000 -123.05,41.16,4000 -123.03,41.18,4000 -123.00,41.20,4000 -122.97,41.22,4000 -122.94,41.24,4000 -122.91,41.26,4000 -122.88,41.27,4000 -122.85,41.28,4000 -122.82,41.28,4000 -122.78,41.28,4000 -122.75,41.29,4000 -122.71,41.29,4000 -122.68,41.30,4000 -122.65,41.31,4000 -122.61,41.32,4000 -122.57,41.33,4000 -122.54,41.34,4000 -122.51,41.35,4000 -122.48,41.36,4000 -122.46,41.37,4000 -122.43,41.40,4000 -122.44,41.42,4000 -122.27,41.54,4000 
          </coordinates>
        </LinearRing>
      </innerBoundaryIs>
  </Polygon>
 </MultiGeometry>
</Placemark>
<Placemark>
  <name>20%</name>
  <visibility>1</visibility>
  <styleUrl>#poly_20</styleUrl>
  <MultiGeometry>
    <Polygon>
      <outerBoundaryIs>
        <LinearRing>
          <coordinates>
-113.65,44.82,3000 -113.63,44.82,3000 -113.61,44.82,3000 -113.57,44.81,3000 -113.55,44.81,3000 -113.52,44.80,3000 -113.49,44.80,3000 -113.46,44.79,3000 -113.44,44.79,3000 -113.41,44.78,3000 -113.39,44.77,3000 -113.37,44.76,3000 -113.36,44.74,3000 -113.35,44.72,3000 -113.34,44.70,3000 -113.33,44.68,3000 -113.32,44.66,3000 -113.31,44.64,3000 -113.30,44.62,3000 -113.29,44.60,3000 -113.28,44.58,3000 -113.27,44.56,3000 -113.26,44.54,3000 -113.25,44.52,3000 -113.25,44.50,3000 -113.25,44.48,3000 -113.26,44.46,3000 -113.26,44.44,3000 -113.27,44.42,3000 -113.28,44.40,3000 -113.29,44.38,3000 -113.30,44.36,3000 -113.31,44.35,3000 -113.33,44.33,3000 -113.34,44.32,3000 -113.37,44.31,3000 -113.39,44.30,3000 -113.41,44.29,3000 -113.43,44.27,3000 -113.46,44.26,3000 -113.49,44.24,3000 -113.51,44.23,3000 -113.53,44.23,3000 -113.56,44.23,3000 -113.58,44.23,3000 -113.60,44.25,3000 -113.62,44.26,3000 -113.64,44.28,3000 -113.65,44.29,3000 -113.67,44.31,3000 -113.68,44.33,3000 -113.69,44.35,3000 -113.70,44.37,3000 -113.72,44.39,3000 -113.73,44.41,3000 -113.74,44.43,3000 -113.75,44.45,3000 -113.76,44.47,3000 -113.77,44.49,3000 -113.78,44.51,3000 -113.79,44.53,3000 -113.80,44.55,3000 -113.80,44.57,3000 -113.81,44.59,3000 -113.81,44.61,3000 -113.81,44.63,3000 -113.81,44.65,3000 -113.80,44.67,3000 -113.80,44.69,3000 -113.79,44.71,3000 -113.78,44.73,3000 -113.78,44.75,3000 -113.77,44.77,3000 -113.76,44.79,3000 -113.65,44.82,3000 
          </coordinates>
        </LinearRing>
      </outerBoundaryIs>
      <innerBoundaryIs>
        <LinearRing>
          <coordinates>
-113.62,44.67,4000 -113.61,44.67,4000 -113.60,44.67,4000 -113.59,44.67,4000 -113.58,44.67,4000 -113.56,44.66,4000 -113.55,44.65,4000 -113.54,44.64,4000 -113.53,44.63,4000 -113.53,44.63,4000 -113.52,44.62,4000 -113.52,44.61,4000 -113.51,44.60,4000 -113.50,44.59,4000 -113.50,44.58,4000 -113.49,44.57,4000 -113.48,44.56,4000 -113.48,44.55,4000 -113.47,44.54,4000 -113.47,44.53,4000 -113.46,44.52,4000 -113.46,44.51,4000 -113.45,44.50,4000 -113.45,44.49,4000 -113.45,44.49,4000 -113.45,44.48,4000 -113.45,44.47,4000 -113.46,44.46,4000 -113.46,44.45,4000 -113.47,44.44,4000 -113.48,44.43,4000 -113.50,44.43,4000 -113.51,44.42,4000 -113.52,44.41,4000 -113.53,44.41,4000 -113.54,44.40,4000 -113.55,44.40,4000 -113.56,44.40,4000 -113.57,44.40,4000 -113.58,44.40,4000 -113.59,44.41,4000 -113.59,44.41,4000 -113.60,44.42,4000 -113.61,44.43,4000 -113.61,44.45,4000 -113.62,44.46,4000 -113.62,44.47,4000 -113.62,44.47,4000 -113.63,44.48,4000 -113.63,44.49,4000 -113.63,44.50,4000 -113.63,44.51,4000 -113.64,44.52,4000 -113.64,44.53,4000 -113.64,44.54,4000 -113.64,44.55,4000 -113.64,44.56,4000 -113.64,44.57,4000 -113.64,44.58,4000 -113.65,44.60,4000 -113.65,44.61,4000 -113.65,44.62,4000 -113.65,44.63,4000 -113.62,44.67,4000 
          </coordinates>
        </LinearRing>
      </innerBoundaryIs>
  </Polygon>
 </MultiGeometry>
</Placemark>
<Placemark>
  <name>20%</name>
  <visibility>1</visibility>
  <styleUrl>#poly_20</styleUrl>
  <MultiGeometry>
    <Polygon>
      <outerBoundaryIs>
        <LinearRing>
          <coordinates>
-117.87,46.14,3000 -117.86,46.14,3000 -117.84,46.14,3000 -117.83,46.14,3000 -117.82,46.14,3000 -117.81,46.14,3000 -117.79,46.14,3000 -117.78,46.14,3000 -117.77,46.14,3000 -117.76,46.14,3000 -117.75,46.14,3000 -117.74,46.14,3000 -117.72,46.14,3000 -117.71,46.14,3000 -117.70,46.14,3000 -117.69,46.14,3000 -117.68,46.14,3000 -117.67,46.13,3000 -117.66,46.13,3000 -117.66,46.13,3000 -117.65,46.13,3000 -117.64,46.13,3000 -117.63,46.13,3000 -117.63,46.13,3000 -117.62,46.13,3000 -117.60,46.13,3000 -117.59,46.12,3000 -117.59,46.12,3000 -117.59,46.11,3000 -117.59,46.11,3000 -117.59,46.10,3000 -117.59,46.09,3000 -117.58,46.09,3000 -117.59,46.09,3000 -117.59,46.08,3000 -117.61,46.07,3000 -117.62,46.07,3000 -117.62,46.06,3000 -117.63,46.06,3000 -117.64,46.06,3000 -117.64,46.05,3000 -117.65,46.05,3000 -117.66,46.04,3000 -117.67,46.04,3000 -117.68,46.03,3000 -117.69,46.03,3000 -117.70,46.03,3000 -117.71,46.02,3000 -117.72,46.02,3000 -117.73,46.01,3000 -117.74,46.01,3000 -117.75,46.00,3000 -117.76,46.00,3000 -117.77,45.99,3000 -117.78,45.99,3000 -117.79,45.99,3000 -117.80,45.99,3000 -117.81,45.98,3000 -117.82,45.98,3000 -117.82,45.98,3000 -117.83,45.98,3000 -117.84,45.98,3000 -117.85,45.98,3000 -117.86,45.98,3000 -117.87,45.99,3000 -117.87,45.99,3000 -117.88,45.99,3000 -117.89,46.00,3000 -117.90,46.00,3000 -117.90,46.01,3000 -117.91,46.02,3000 -117.91,46.02,3000 -117.92,46.03,3000 -117.92,46.04,3000 -117.93,46.04,3000 -117.93,46.05,3000 -117.94,46.06,3000 -117.87,46.14,3000 
          </coordinates>
        </LinearRing>
      </outerBoundaryIs>
  </Polygon>
 </MultiGeometry>
</Placemark>
<Placemark>
  <name>20%</name>
  <visibility>1</visibility>
  <styleUrl>#poly_20</styleUrl>
  <MultiGeometry>
    <Polygon>
      <outerBoundaryIs>
        <LinearRing>
          <coordinates>
-125.13,50.75,3000 -124.64,50.82,3000 -124.18,50.88,3000 -123.76,50.94,3000 -123.40,50.99,3000 -122.92,51.06,3000 -122.60,51.10,3000 -122.18,51.12,3000 -121.91,51.03,3000 -121.72,50.86,3000 -121.31,50.75,3000 -120.95,50.72,3000 -120.60,50.70,3000 -120.31,50.63,3000 -120.09,50.70,3000 -120.19,50.83,3000 -120.44,50.90,3000 -120.54,51.03,3000 -120.24,51.00,3000 -119.91,51.00,3000 -119.71,51.09,3000 -119.56,51.31,3000 -119.27,51.46,3000 -119.04,51.51,3000 -118.60,51.57,3000 -118.18,51.62,3000 -117.64,51.68,3000 -117.10,51.73,3000 -116.70,51.77,3000 -116.24,51.82,3000 -115.96,51.81,3000 -115.66,51.67,3000 -115.54,51.53,3000 -115.44,51.29,3000 -115.25,51.06,3000 -115.04,50.97,3000 -114.80,50.79,3000 -114.67,50.59,3000 -114.53,50.33,3000 -114.41,50.07,3000 -114.31,49.87,3000 -114.20,49.57,3000 -114.00,49.39,3000 -113.76,49.24,3000 -113.50,49.07,3000 -113.31,48.93,3000 -113.15,48.78,3000 -113.00,48.58,3000 -112.86,48.37,3000 -112.68,48.19,3000 -112.53,48.01,3000 -112.51,47.85,3000 -112.51,47.66,3000 -112.45,47.39,3000 -112.39,47.12,3000 -112.42,46.81,3000 -112.51,46.61,3000 -112.63,46.43,3000 -112.74,46.21,3000 -112.75,45.92,3000 -112.74,45.66,3000 -112.80,45.42,3000 -113.00,45.22,3000 -113.19,45.02,3000 -113.41,44.87,3000 -113.66,44.99,3000 -113.87,45.15,3000 -114.01,45.09,3000 -113.91,44.80,3000 -114.15,44.61,3000 -114.17,44.34,3000 -113.98,44.08,3000 -113.84,43.96,3000 -113.74,43.80,3000 -113.78,43.59,3000 -114.03,43.47,3000 -114.36,43.38,3000 -114.71,43.30,3000 -115.13,43.30,3000 -115.50,43.40,3000 -115.72,43.54,3000 -115.81,43.73,3000 -115.91,43.95,3000 -116.08,44.15,3000 -116.27,44.35,3000 -116.44,44.54,3000 -116.59,44.70,3000 -116.84,44.81,3000 -117.26,44.92,3000 -117.52,45.01,3000 -117.73,45.10,3000 -117.78,45.25,3000 -117.69,45.39,3000 -117.55,45.44,3000 -117.27,45.44,3000 -116.86,45.36,3000 -116.56,45.46,3000 -116.26,45.60,3000 -116.01,45.76,3000 -115.82,45.92,3000 -115.70,46.17,3000 -115.89,46.45,3000 -116.01,46.62,3000 -116.31,46.73,3000 -116.56,46.85,3000 -116.67,47.02,3000 -116.63,47.27,3000 -116.60,47.53,3000 -116.72,47.79,3000 -116.71,47.94,3000 -116.58,48.07,3000 -116.62,48.23,3000 -116.74,48.28,3000 -117.13,48.29,3000 -117.54,48.33,3000 -117.75,48.50,3000 -117.88,48.67,3000 -118.04,48.79,3000 -118.10,48.62,3000 -118.24,48.43,3000 -118.51,48.30,3000 -118.84,48.29,3000 -119.18,48.31,3000 -119.47,48.50,3000 -119.55,48.40,3000 -119.70,48.25,3000 -119.88,48.06,3000 -120.06,47.87,3000 -120.21,47.65,3000 -120.29,47.39,3000 -120.36,47.14,3000 -120.50,47.00,3000 -120.64,46.88,3000 -120.74,46.60,3000 -120.75,46.42,3000 -120.70,46.11,3000 -120.90,45.96,3000 -121.33,45.94,3000 -121.69,45.80,3000 -122.07,45.87,3000 -122.31,46.08,3000 -122.41,46.23,3000 -122.37,46.37,3000 -122.24,46.63,3000 -122.07,46.96,3000 -121.93,47.25,3000 -121.84,47.48,3000 -121.83,47.67,3000 -121.91,47.97,3000 -122.02,48.26,3000 -122.21,48.53,3000 -122.22,48.79,3000 -122.17,48.95,3000 -122.13,49.10,3000 -122.24,49.20,3000 -122.61,49.26,3000 -123.13,49.33,3000 -123.59,49.43,3000 -123.95,49.60,3000 -124.27,49.80,3000 -124.52,49.97,3000 -124.79,50.22,3000 -125.02,50.30,3000 -125.25,50.37,3000 -125.45,50.47,3000 -125.36,50.68,3000 -125.13,50.75,3000 
          </coordinates>
        </LinearRing>
      </outerBoundaryIs>
      <innerBoundaryIs>
        <LinearRing>
          <coordinates>
-119.38,49.02,3000 -119.36,49.02,3000 -119.35,49.01,3000 -119.33,49.01,3000 -119.32,49.00,3000 -119.31,48.99,3000 -119.29,48.98,3000 -119.28,48.97,3000 -119.27,48.96,3000 -119.27,48.95,3000 -119.26,48.94,3000 -119.26,48.93,3000 -119.25,48.92,3000 -119.24,48.91,3000 -119.24,48.89,3000 -119.23,48.88,3000 -119.23,48.87,3000 -119.23,48.86,3000 -119.22,48.84,3000 -119.22,48.83,3000 -119.22,48.82,3000 -119.22,48.81,3000 -119.22,48.80,3000 -119.22,48.78,3000 -119.23,48.77,3000 -119.23,48.75,3000 -119.24,48.74,3000 -119.25,48.73,3000 -119.26,48.72,3000 -119.27,48.71,3000 -119.28,48.70,3000 -119.29,48.70,3000 -119.30,48.70,3000 -119.32,48.70,3000 -119.33,48.70,3000 -119.35,48.71,3000 -119.37,48.72,3000 -119.39,48.72,3000 -119.40,48.73,3000 -119.42,48.74,3000 -119.44,48.75,3000 -119.45,48.76,3000 -119.46,48.77,3000 -119.47,48.78,3000 -119.47,48.79,3000 -119.48,48.80,3000 -119.48,48.81,3000 -119.48,48.82,3000 -119.48,48.83,3000 -119.48,48.84,3000 -119.48,48.85,3000 -119.47,48.86,3000 -119.47,48.87,3000 -119.47,48.89,3000 -119.46,48.90,3000 -119.46,48.91,3000 -119.45,48.92,3000 -119.45,48.94,3000 -119.44,48.95,3000 -119.38,49.02,3000 
          </coordinates>
        </LinearRing>
      </innerBoundaryIs>
      <innerBoundaryIs>
        <LinearRing>
          <coordinates>
-113.32,46.91,3000 -113.32,46.91,3000 -113.32,46.92,3000 -113.31,46.92,3000 -113.29,46.91,3000 -113.27,46.90,3000 -113.26,46.90,3000 -113.26,46.89,3000 -113.25,46.89,3000 -113.24,46.89,3000 -113.24,46.88,3000 -113.23,46.88,3000 -113.22,46.87,3000 -113.21,46.86,3000 -113.20,46.86,3000 -113.19,46.85,3000 -113.18,46.85,3000 -113.17,46.84,3000 -113.16,46.83,3000 -113.15,46.83,3000 -113.14,46.82,3000 -113.13,46.81,3000 -113.12,46.81,3000 -113.11,46.80,3000 -113.10,46.80,3000 -113.09,46.79,3000 -113.08,46.78,3000 -113.07,46.78,3000 -113.06,46.77,3000 -113.06,46.77,3000 -113.05,46.77,3000 -113.04,46.76,3000 -113.04,46.76,3000 -113.02,46.75,3000 -113.03,46.75,3000 -113.02,46.75,3000 -113.04,46.74,3000 -113.05,46.74,3000 -113.05,46.74,3000 -113.06,46.74,3000 -113.07,46.73,3000 -113.08,46.73,3000 -113.09,46.73,3000 -113.11,46.73,3000 -113.12,46.73,3000 -113.13,46.72,3000 -113.14,46.72,3000 -113.16,46.72,3000 -113.17,46.72,3000 -113.18,46.71,3000 -113.20,46.71,3000 -113.21,46.71,3000 -113.22,46.71,3000 -113.23,46.71,3000 -113.24,46.70,3000 -113.25,46.70,3000 -113.26,46.70,3000 -113.27,46.70,3000 -113.28,46.70,3000 -113.30,46.70,3000 -113.31,46.70,3000 -113.32,46.70,3000 -113.33,46.70,3000 -113.34,46.70,3000 -113.34,46.71,3000 -113.35,46.72,3000 -113.35,46.72,3000 -113.36,46.73,3000 -113.36,46.73,3000 -113.36,46.74,3000 -113.36,46.75,3000 -113.37,46.75,3000 -113.37,46.76,3000 -113.37,46.77,3000 -113.37,46.78,3000 -113.37,46.78,3000 -113.38,46.79,3000 -113.38,46.80,3000 -113.38,46.81,3000 -113.38,46.82,3000 -113.39,46.83,3000 -113.39,46.83,3000 -113.39,46.84,3000 -113.39,46.85,3000 -113.39,46.86,3000 -113.40,46.87,3000 -113.40,46.88,3000 -113.40,46.89,3000 -113.32,46.91,3000 
          </coordinates>
        </LinearRing>
      </innerBoundaryIs>
      <innerBoundaryIs>
        <LinearRing>
          <coordinates>
-114.50,47.77,3000 -114.48,47.76,3000 -114.46,47.75,3000 -114.44,47.75,3000 -114.42,47.74,3000 -114.40,47.73,3000 -114.38,47.72,3000 -114.36,47.71,3000 -114.34,47.71,3000 -114.32,47.70,3000 -114.31,47.69,3000 -114.29,47.68,3000 -114.28,47.67,3000 -114.27,47.66,3000 -114.26,47.65,3000 -114.25,47.64,3000 -114.24,47.62,3000 -114.24,47.61,3000 -114.23,47.60,3000 -114.23,47.58,3000 -114.23,47.56,3000 -114.23,47.55,3000 -114.23,47.53,3000 -114.24,47.52,3000 -114.24,47.51,3000 -114.24,47.49,3000 -114.25,47.48,3000 -114.26,47.47,3000 -114.27,47.45,3000 -114.28,47.44,3000 -114.29,47.42,3000 -114.31,47.41,3000 -114.33,47.40,3000 -114.34,47.39,3000 -114.36,47.38,3000 -114.38,47.37,3000 -114.39,47.36,3000 -114.41,47.36,3000 -114.43,47.36,3000 -114.45,47.36,3000 -114.46,47.37,3000 -114.49,47.37,3000 -114.51,47.38,3000 -114.53,47.39,3000 -114.54,47.40,3000 -114.56,47.41,3000 -114.58,47.43,3000 -114.59,47.44,3000 -114.60,47.45,3000 -114.61,47.46,3000 -114.61,47.47,3000 -114.61,47.49,3000 -114.62,47.50,3000 -114.62,47.51,3000 -114.61,47.53,3000 -114.61,47.54,3000 -114.61,47.56,3000 -114.60,47.57,3000 -114.60,47.59,3000 -114.59,47.60,3000 -114.59,47.62,3000 -114.50,47.77,3000 
          </coordinates>
        </LinearRing>
      </innerBoundaryIs>
      <innerBoundaryIs>
        <LinearRing>
          <coordinates>
-114.34,48.23,4000 -114.31,48.21,4000 -114.29,48.19,4000 -114.26,48.16,4000 -114.24,48.13,4000 -114.22,48.10,4000 -114.21,48.07,4000 -114.19,48.03,4000 -114.18,48.00,4000 -114.18,47.97,4000 -114.17,47.93,4000 -114.18,47.90,4000 -114.18,47.86,4000 -114.18,47.83,4000 -114.18,47.80,4000 -114.18,47.76,4000 -114.18,47.73,4000 -114.17,47.69,4000 -114.17,47.66,4000 -114.17,47.63,4000 -114.16,47.59,4000 -114.16,47.56,4000 -114.15,47.52,4000 -114.15,47.49,4000 -114.14,47.45,4000 -114.14,47.42,4000 -114.13,47.38,4000 -114.13,47.35,4000 -114.15,47.32,4000 -114.19,47.30,4000 -114.24,47.28,4000 -114.30,47.27,4000 -114.35,47.26,4000 -114.39,47.26,4000 -114.42,47.27,4000 -114.45,47.30,4000 -114.48,47.32,4000 -114.52,47.33,4000 -114.56,47.36,4000 -114.60,47.38,4000 -114.64,47.40,4000 -114.67,47.41,4000 -114.72,47.42,4000 -114.74,47.44,4000 -114.74,47.46,4000 -114.73,47.50,4000 -114.72,47.53,4000 -114.72,47.57,4000 -114.71,47.59,4000 -114.71,47.61,4000 -114.70,47.63,4000 -114.68,47.66,4000 -114.65,47.69,4000 -114.63,47.72,4000 -114.61,47.76,4000 -114.59,47.79,4000 -114.57,47.83,4000 -114.56,47.86,4000 -114.55,47.90,4000 -114.55,47.93,4000 -114.54,47.96,4000 -114.54,47.98,4000 -114.55,48.00,4000 -114.55,48.03,4000 -114.55,48.06,4000 -114.55,48.09,4000 -114.55,48.13,4000 -114.34,48.23,4000 
          </coordinates>
        </LinearRing>
      </innerBoundaryIs>
      <innerBoundaryIs>
        <LinearRing>
          <coordinates>
-125.34,50.59,4000 -124.93,50.73,4000 -124.72,50.76,4000 -124.43,50.80,4000 -124.12,50.84,4000 -123.75,50.89,4000 -123.39,50.94,4000 -123.03,50.99,4000 -122.67,51.04,4000 -122.38,51.07,4000 -121.95,50.99,4000 -121.75,50.81,4000 -121.42,50.72,4000 -120.98,50.69,4000 -120.64,50.61,4000 -120.32,50.53,4000 -119.98,50.52,4000 -119.88,50.77,4000 -119.59,50.78,4000 -119.41,50.66,4000 -119.54,50.52,4000 -119.57,50.32,4000 -119.51,50.15,4000 -119.44,50.00,4000 -119.37,49.96,4000 -119.34,50.13,4000 -119.21,50.19,4000 -119.05,50.32,4000 -119.08,50.45,4000 -119.29,50.63,4000 -119.30,50.80,4000 -119.53,50.93,4000 -119.60,51.05,4000 -119.55,51.22,4000 -119.38,51.36,4000 -118.94,51.48,4000 -118.65,51.52,4000 -118.29,51.56,4000 -117.92,51.60,4000 -117.53,51.64,4000 -117.12,51.69,4000 -116.78,51.72,4000 -116.43,51.75,4000 -116.20,51.77,4000 -115.96,51.77,4000 -115.73,51.67,4000 -115.63,51.46,4000 -115.53,51.24,4000 -115.24,50.99,4000 -114.94,50.81,4000 -114.74,50.62,4000 -114.62,50.32,4000 -114.51,50.10,4000 -114.40,49.87,4000 -114.33,49.68,4000 -114.27,49.53,4000 -114.06,49.36,4000 -113.85,49.25,4000 -113.56,49.05,4000 -113.34,48.85,4000 -113.08,48.59,4000 -112.84,48.34,4000 -112.66,48.14,4000 -112.56,47.86,4000 -112.57,47.69,4000 -112.57,47.51,4000 -112.51,47.33,4000 -112.46,47.16,4000 -112.48,46.98,4000 -112.55,46.84,4000 -112.77,46.76,4000 -113.01,46.91,4000 -113.32,46.98,4000 -113.73,46.87,4000 -113.92,46.84,4000 -113.92,46.70,4000 -113.55,46.67,4000 -113.31,46.61,4000 -113.10,46.55,4000 -112.92,46.48,4000 -112.84,46.32,4000 -112.86,46.18,4000 -112.89,46.00,4000 -112.85,45.78,4000 -112.83,45.57,4000 -112.97,45.32,4000 -113.20,45.15,4000 -113.41,45.07,4000 -113.60,45.14,4000 -113.84,45.29,4000 -113.99,45.41,4000 -114.17,45.31,4000 -114.22,45.23,4000 -114.11,44.98,4000 -114.15,44.77,4000 -114.27,44.48,4000 -114.26,44.31,4000 -114.14,44.14,4000 -113.92,43.93,4000 -113.82,43.77,4000 -113.90,43.58,4000 -114.26,43.45,4000 -114.65,43.35,4000 -115.05,43.33,4000 -115.38,43.41,4000 -115.61,43.54,4000 -115.70,43.68,4000 -115.78,43.84,4000 -115.92,44.09,4000 -116.16,44.34,4000 -116.36,44.58,4000 -116.57,44.80,4000 -116.83,44.93,4000 -117.05,44.98,4000 -117.31,44.97,4000 -117.60,45.07,4000 -117.71,45.24,4000 -117.44,45.41,4000 -117.21,45.36,4000 -117.00,45.29,4000 -116.90,45.24,4000 -116.70,45.32,4000 -116.50,45.42,4000 -116.17,45.57,4000 -115.92,45.78,4000 -115.70,45.94,4000 -115.60,46.13,4000 -115.68,46.33,4000 -115.76,46.46,4000 -115.90,46.61,4000 -116.22,46.73,4000 -116.51,46.90,4000 -116.54,47.10,4000 -116.50,47.34,4000 -116.48,47.54,4000 -116.56,47.73,4000 -116.63,47.87,4000 -116.49,48.06,4000 -116.52,48.28,4000 -116.92,48.39,4000 -117.33,48.36,4000 -117.57,48.45,4000 -117.69,48.60,4000 -117.81,48.88,4000 -118.04,48.88,4000 -118.16,48.79,4000 -118.24,48.59,4000 -118.44,48.38,4000 -118.68,48.38,4000 -118.93,48.41,4000 -119.16,48.44,4000 -119.24,48.49,4000 -119.07,48.78,4000 -118.66,48.86,4000 -118.60,49.03,4000 -118.85,49.07,4000 -119.10,49.04,4000 -119.33,49.14,4000 -119.40,49.28,4000 -119.44,49.45,4000 -119.43,49.64,4000 -119.42,49.79,4000 -119.60,49.85,4000 -119.71,49.74,4000 -119.80,49.58,4000 -119.78,49.42,4000 -119.73,49.25,4000 -119.64,48.97,4000 -119.60,48.80,4000 -119.59,48.64,4000 -119.71,48.39,4000 -119.89,48.15,4000 -120.09,47.92,4000 -120.27,47.69,4000 -120.37,47.49,4000 -120.39,47.25,4000 -120.62,47.03,4000 -120.78,46.75,4000 -120.80,46.46,4000 -120.81,46.19,4000 -120.84,46.05,4000 -121.08,46.02,4000 -121.45,45.95,4000 -121.79,45.85,4000 -122.05,45.95,4000 -122.28,46.14,4000 -122.31,46.30,4000 -122.23,46.44,4000 -122.11,46.55,4000 -122.08,46.72,4000 -122.06,46.90,4000 -121.92,47.19,4000 -121.77,47.47,4000 -121.75,47.64,4000 -121.82,47.92,4000 -121.87,48.10,4000 -121.93,48.27,4000 -122.07,48.44,4000 -122.12,48.61,4000 -122.14,48.78,4000 -122.11,48.95,4000 -122.04,49.12,4000 -122.13,49.26,4000 -122.58,49.33,4000 -122.99,49.38,4000 -123.37,49.43,4000 -123.65,49.48,4000 -123.85,49.58,4000 -123.97,49.72,4000 -124.22,49.87,4000 -124.49,50.03,4000 -124.74,50.25,4000 -125.11,50.39,4000 -125.37,50.50,4000 -125.34,50.59,4000 
          </coordinates>
        </LinearRing>
      </innerBoundaryIs>
  </Polygon>
 </MultiGeometry>
</Placemark>
<Placemark>
  <name>20%</name>
  <visibility>1</visibility>
  <styleUrl>#poly_20</styleUrl>
  <MultiGeometry>
    <Polygon>
      <outerBoundaryIs>
        <LinearRing>
          <coordinates>
-98.13,51.88,3000 -97.26,51.87,3000 -96.50,51.81,3000 -95.95,51.78,3000 -95.43,51.82,3000 -94.68,51.95,3000 -93.76,51.88,3000 -92.87,51.78,3000 -92.35,51.72,3000 -91.86,51.78,3000 -91.44,51.81,3000 -90.98,51.75,3000 -90.61,51.64,3000 -90.33,51.51,3000 -89.65,51.30,3000 -88.81,51.17,3000 -87.82,51.00,3000 -87.07,50.81,3000 -86.36,50.60,3000 -85.69,50.36,3000 -85.20,50.16,3000 -84.73,49.83,3000 -84.30,49.51,3000 -84.03,49.34,3000 -83.74,49.23,3000 -83.01,49.04,3000 -82.38,48.81,3000 -81.92,48.66,3000 -81.62,48.59,3000 -80.66,48.47,3000 -80.08,48.31,3000 -79.61,48.21,3000 -79.05,48.14,3000 -78.35,47.96,3000 -77.69,47.73,3000 -77.48,47.61,3000 -77.24,47.37,3000 -76.95,46.92,3000 -76.80,46.70,3000 -76.54,46.53,3000 -76.23,46.18,3000 -75.97,45.63,3000 -75.84,45.22,3000 -75.78,45.06,3000 -75.57,44.81,3000 -74.73,44.79,3000 -73.86,44.79,3000 -73.41,44.73,3000 -73.17,44.86,3000 -72.68,45.29,3000 -72.13,45.55,3000 -71.68,45.80,3000 -71.16,46.16,3000 -70.87,46.27,3000 -70.60,46.49,3000 -70.22,46.91,3000 -70.08,47.06,3000 -69.85,47.42,3000 -69.60,47.83,3000 -69.10,48.32,3000 -68.68,48.65,3000 -68.07,48.94,3000 -67.11,49.47,3000 -66.50,49.77,3000 -66.13,49.83,3000 -65.66,49.81,3000 -64.99,49.56,3000 -64.31,49.27,3000 -63.67,49.00,3000 -63.29,48.81,3000 -63.14,48.70,3000 -62.75,48.27,3000 -62.14,47.96,3000 -61.95,47.79,3000 -61.89,47.51,3000 -61.96,47.19,3000 -62.11,46.77,3000 -62.37,46.05,3000 -62.71,45.12,3000 -62.96,44.40,3000 -63.13,44.01,3000 -63.34,43.72,3000 -63.56,43.57,3000 -64.14,43.22,3000 -64.70,42.97,3000 -65.21,42.75,3000 -65.81,42.45,3000 -66.36,42.17,3000 -66.89,42.04,3000 -67.50,41.80,3000 -68.06,41.54,3000 -68.70,41.36,3000 -69.18,41.04,3000 -69.62,40.67,3000 -70.17,40.39,3000 -70.68,40.19,3000 -71.25,39.98,3000 -71.86,39.76,3000 -72.36,39.57,3000 -72.61,39.41,3000 -72.80,39.20,3000 -73.15,38.76,3000 -73.45,38.30,3000 -73.68,38.06,3000 -73.96,37.85,3000 -74.45,37.68,3000 -74.69,37.54,3000 -74.90,37.34,3000 -75.24,37.07,3000 -75.62,36.95,3000 -75.91,36.92,3000 -76.37,37.00,3000 -76.83,36.92,3000 -77.31,36.98,3000 -77.55,37.11,3000 -77.67,37.26,3000 -77.90,37.68,3000 -78.15,38.09,3000 -78.44,38.14,3000 -78.62,38.09,3000 -78.79,38.00,3000 -78.91,37.84,3000 -79.20,37.75,3000 -79.53,38.07,3000 -79.70,38.06,3000 -80.04,37.91,3000 -80.45,37.58,3000 -80.88,37.15,3000 -81.20,36.64,3000 -81.45,36.20,3000 -81.67,35.98,3000 -81.92,35.85,3000 -82.38,35.59,3000 -83.04,35.44,3000 -83.65,35.32,3000 -83.78,35.34,3000 -83.89,35.51,3000 -83.68,35.76,3000 -83.05,36.07,3000 -82.74,36.35,3000 -82.62,36.51,3000 -82.72,36.60,3000 -83.11,36.73,3000 -83.38,36.97,3000 -83.34,37.16,3000 -83.09,37.37,3000 -82.73,37.66,3000 -82.45,38.16,3000 -82.06,38.66,3000 -81.96,38.88,3000 -82.04,39.07,3000 -82.66,38.97,3000 -82.92,39.07,3000 -83.13,39.26,3000 -83.27,39.79,3000 -83.61,39.94,3000 -83.99,39.98,3000 -84.46,40.22,3000 -84.67,40.44,3000 -84.71,40.81,3000 -84.50,41.25,3000 -84.59,41.40,3000 -85.01,41.31,3000 -85.49,41.00,3000 -85.97,40.80,3000 -86.24,40.75,3000 -86.50,40.78,3000 -86.74,40.87,3000 -87.06,41.06,3000 -87.31,41.31,3000 -87.43,41.54,3000 -87.46,41.82,3000 -87.57,42.33,3000 -87.63,42.95,3000 -87.69,43.55,3000 -87.83,43.85,3000 -88.06,43.99,3000 -88.55,44.28,3000 -89.23,44.43,3000 -89.61,44.51,3000 -89.93,44.62,3000 -90.58,44.80,3000 -91.11,45.07,3000 -91.63,45.39,3000 -91.88,45.57,3000 -92.12,45.84,3000 -92.59,46.16,3000 -93.17,46.47,3000 -93.58,46.72,3000 -93.85,46.88,3000 -94.26,47.06,3000 -94.77,47.22,3000 -95.50,47.39,3000 -95.74,47.57,3000 -95.92,47.79,3000 -96.31,48.10,3000 -96.79,48.39,3000 -97.28,48.85,3000 -97.79,49.18,3000 -97.98,49.24,3000 -98.40,49.29,3000 -98.85,49.33,3000 -99.05,49.39,3000 -99.32,49.53,3000 -99.43,49.67,3000 -99.41,49.82,3000 -99.36,50.02,3000 -99.57,50.17,3000 -99.77,50.32,3000 -99.76,50.51,3000 -99.88,50.66,3000 -100.17,50.81,3000 -100.75,51.12,3000 -101.44,51.30,3000 -101.75,51.42,3000 -101.82,51.59,3000 -101.44,51.63,3000 -100.99,51.63,3000 -100.03,51.65,3000 -99.33,51.63,3000 -98.98,51.65,3000 -98.56,51.76,3000 -98.13,51.88,3000 
          </coordinates>
        </LinearRing>
      </outerBoundaryIs>
      <innerBoundaryIs>
        <LinearRing>
          <coordinates>
-94.74,51.87,4000 -94.13,51.84,4000 -93.14,51.74,4000 -92.34,51.64,4000 -91.61,51.74,4000 -91.11,51.69,4000 -90.86,51.63,4000 -90.13,51.34,4000 -89.41,51.19,4000 -88.80,51.09,4000 -87.86,50.92,4000 -87.21,50.73,4000 -86.50,50.49,4000 -85.88,50.21,4000 -85.39,49.98,4000 -84.91,49.58,4000 -84.52,49.26,4000 -84.23,49.10,4000 -83.88,48.97,4000 -83.31,48.87,4000 -82.52,48.69,4000 -82.11,48.57,4000 -81.64,48.47,4000 -80.93,48.40,4000 -80.46,48.30,4000 -80.16,48.20,4000 -79.75,48.10,4000 -79.28,48.06,4000 -78.82,47.98,4000 -78.50,47.90,4000 -77.88,47.68,4000 -77.55,47.36,4000 -77.26,46.96,4000 -77.03,46.55,4000 -76.52,46.24,4000 -76.35,46.02,4000 -76.19,45.65,4000 -76.04,45.15,4000 -75.85,44.76,4000 -75.67,44.63,4000 -75.44,44.55,4000 -74.93,44.64,4000 -74.36,44.69,4000 -73.71,44.52,4000 -73.44,44.53,4000 -73.18,44.68,4000 -72.71,45.10,4000 -72.09,45.42,4000 -71.28,45.80,4000 -70.65,46.11,4000 -70.20,46.51,4000 -69.99,46.69,4000 -69.72,46.83,4000 -69.58,47.01,4000 -69.61,47.17,4000 -69.63,47.42,4000 -69.52,47.67,4000 -69.15,48.11,4000 -68.68,48.54,4000 -68.42,48.71,4000 -68.10,48.85,4000 -67.81,48.96,4000 -67.48,49.23,4000 -66.50,49.73,4000 -66.23,49.76,4000 -65.94,49.79,4000 -65.68,49.76,4000 -65.04,49.50,4000 -64.38,49.23,4000 -63.73,48.95,4000 -63.19,48.64,4000 -62.90,48.28,4000 -62.28,47.95,4000 -62.03,47.80,4000 -61.94,47.56,4000 -62.03,47.19,4000 -62.18,46.78,4000 -62.43,46.08,4000 -62.64,45.48,4000 -62.85,44.89,4000 -63.07,44.30,4000 -63.21,44.01,4000 -63.40,43.76,4000 -63.83,43.48,4000 -64.31,43.20,4000 -64.92,42.96,4000 -65.47,42.71,4000 -66.04,42.45,4000 -66.50,42.27,4000 -67.14,42.10,4000 -67.63,41.89,4000 -67.94,41.75,4000 -68.33,41.61,4000 -68.93,41.42,4000 -69.37,41.05,4000 -69.80,40.67,4000 -70.31,40.42,4000 -70.73,40.26,4000 -71.33,40.04,4000 -71.93,39.81,4000 -72.45,39.63,4000 -72.89,39.29,4000 -73.30,38.88,4000 -73.61,38.42,4000 -74.00,38.04,4000 -74.60,37.76,4000 -74.99,37.44,4000 -75.44,37.13,4000 -75.69,37.06,4000 -76.13,37.12,4000 -76.55,37.11,4000 -76.82,37.06,4000 -77.25,37.12,4000 -77.46,37.31,4000 -77.63,37.54,4000 -77.79,37.87,4000 -77.89,38.05,4000 -78.20,38.25,4000 -78.92,38.18,4000 -79.03,38.00,4000 -79.20,37.97,4000 -79.44,38.14,4000 -79.83,38.09,4000 -80.19,37.89,4000 -80.60,37.49,4000 -80.85,37.29,4000 -81.01,37.07,4000 -81.12,36.92,4000 -81.25,36.59,4000 -81.62,36.07,4000 -82.16,35.78,4000 -82.66,35.62,4000 -83.13,35.48,4000 -83.49,35.38,4000 -83.75,35.43,4000 -83.80,35.53,4000 -83.68,35.70,4000 -83.34,35.84,4000 -83.06,35.98,4000 -82.89,36.13,4000 -82.49,36.49,4000 -82.87,36.78,4000 -83.25,37.07,4000 -82.82,37.41,4000 -82.61,37.59,4000 -82.47,37.94,4000 -82.13,38.37,4000 -81.79,38.78,4000 -81.67,38.97,4000 -81.58,39.15,4000 -81.59,39.33,4000 -81.75,39.44,4000 -81.95,39.39,4000 -82.19,39.28,4000 -82.77,39.53,4000 -83.56,39.89,4000 -84.15,40.17,4000 -84.37,40.33,4000 -84.49,40.56,4000 -84.27,41.06,4000 -84.04,41.43,4000 -84.10,41.64,4000 -84.39,41.70,4000 -85.15,41.60,4000 -85.57,41.29,4000 -85.96,40.97,4000 -86.43,40.87,4000 -86.82,40.98,4000 -87.15,41.22,4000 -87.37,41.63,4000 -87.45,42.29,4000 -87.53,42.85,4000 -87.57,43.50,4000 -87.60,43.69,4000 -87.78,43.97,4000 -88.25,44.27,4000 -88.52,44.40,4000 -88.88,44.50,4000 -89.47,44.60,4000 -90.09,44.79,4000 -90.71,45.02,4000 -91.34,45.42,4000 -91.58,45.55,4000 -91.83,45.77,4000 -92.25,46.13,4000 -92.75,46.42,4000 -93.22,46.73,4000 -93.75,47.06,4000 -94.31,47.31,4000 -94.78,47.49,4000 -95.02,47.62,4000 -95.26,47.84,4000 -95.75,48.14,4000 -96.32,48.38,4000 -96.55,48.54,4000 -96.75,48.76,4000 -97.55,49.38,4000 -97.88,49.54,4000 -98.03,49.64,4000 -98.30,49.68,4000 -98.36,49.74,4000 -98.23,50.01,4000 -98.50,50.51,4000 -98.75,50.70,4000 -99.18,50.83,4000 -99.80,51.14,4000 -99.99,51.28,4000 -99.81,51.37,4000 -99.14,51.48,4000 -98.83,51.53,4000 -98.49,51.66,4000 -98.13,51.77,4000 -97.56,51.79,4000 -96.47,51.73,4000 -95.88,51.70,4000 -95.30,51.77,4000 -94.74,51.87,4000 
          </coordinates>
        </LinearRing>
      </innerBoundaryIs>
  </Polygon>
 </MultiGeometry>
</Placemark>
<Placemark>
  <name>20%</name>
  <visibility>1</visibility>
  <styleUrl>#poly_20</styleUrl>
  <MultiGeometry>
    <Polygon>
      <outerBoundaryIs>
        <LinearRing>
          <coordinates>
-123.96,48.06,3000 -123.93,48.08,3000 -123.90,48.10,3000 -123.87,48.11,3000 -123.84,48.13,3000 -123.81,48.14,3000 -123.77,48.15,3000 -123.74,48.16,3000 -123.70,48.16,3000 -123.67,48.17,3000 -123.63,48.17,3000 -123.59,48.16,3000 -123.55,48.16,3000 -123.51,48.15,3000 -123.48,48.15,3000 -123.44,48.14,3000 -123.39,48.14,3000 -123.36,48.13,3000 -123.32,48.12,3000 -123.29,48.11,3000 -123.26,48.10,3000 -123.24,48.10,3000 -123.20,48.09,3000 -123.17,48.08,3000 -123.14,48.07,3000 -123.10,48.06,3000 -123.06,48.04,3000 -123.02,48.03,3000 -122.99,48.01,3000 -122.96,47.99,3000 -122.94,47.97,3000 -122.92,47.95,3000 -122.91,47.93,3000 -122.89,47.90,3000 -122.88,47.88,3000 -122.88,47.85,3000 -122.87,47.83,3000 -122.86,47.81,3000 -122.86,47.78,3000 -122.86,47.76,3000 -122.85,47.73,3000 -122.86,47.71,3000 -122.86,47.68,3000 -122.87,47.66,3000 -122.88,47.64,3000 -122.90,47.61,3000 -122.92,47.59,3000 -122.94,47.56,3000 -122.97,47.54,3000 -122.99,47.52,3000 -123.02,47.50,3000 -123.06,47.48,3000 -123.10,47.47,3000 -123.14,47.46,3000 -123.18,47.44,3000 -123.21,47.44,3000 -123.24,47.43,3000 -123.25,47.43,3000 -123.26,47.43,3000 -123.29,47.43,3000 -123.32,47.42,3000 -123.36,47.42,3000 -123.41,47.42,3000 -123.46,47.42,3000 -123.50,47.42,3000 -123.53,47.43,3000 -123.57,47.44,3000 -123.61,47.45,3000 -123.65,47.46,3000 -123.69,47.48,3000 -123.73,47.49,3000 -123.76,47.50,3000 -123.78,47.51,3000 -123.81,47.52,3000 -123.83,47.53,3000 -123.85,47.55,3000 -123.88,47.57,3000 -123.91,47.60,3000 -123.94,47.62,3000 -123.97,47.65,3000 -123.99,47.67,3000 -124.01,47.69,3000 -124.02,47.71,3000 -124.03,47.74,3000 -124.04,47.76,3000 -124.05,47.78,3000 -124.06,47.81,3000 -124.06,47.83,3000 -124.06,47.85,3000 -124.05,47.88,3000 -124.05,47.91,3000 -124.04,47.93,3000 -124.03,47.96,3000 -124.01,47.98,3000 -124.00,48.01,3000 -123.96,48.06,3000 
          </coordinates>
        </LinearRing>
      </outerBoundaryIs>
      <innerBoundaryIs>
        <LinearRing>
          <coordinates>
-123.72,48.11,4000 -123.68,48.11,4000 -123.64,48.10,4000 -123.60,48.10,4000 -123.57,48.10,4000 -123.53,48.10,4000 -123.51,48.09,4000 -123.48,48.09,4000 -123.46,48.09,4000 -123.44,48.09,4000 -123.42,48.09,4000 -123.39,48.08,4000 -123.36,48.08,4000 -123.32,48.07,4000 -123.29,48.06,4000 -123.25,48.06,4000 -123.22,48.05,4000 -123.19,48.04,4000 -123.16,48.03,4000 -123.13,48.02,4000 -123.10,48.01,4000 -123.08,48.00,4000 -123.05,47.99,4000 -123.03,47.97,4000 -123.01,47.95,4000 -122.99,47.93,4000 -122.97,47.91,4000 -122.96,47.89,4000 -122.94,47.87,4000 -122.93,47.84,4000 -122.92,47.82,4000 -122.92,47.80,4000 -122.91,47.77,4000 -122.91,47.75,4000 -122.92,47.73,4000 -122.92,47.70,4000 -122.93,47.68,4000 -122.93,47.66,4000 -122.94,47.64,4000 -122.95,47.62,4000 -122.96,47.60,4000 -122.98,47.58,4000 -123.00,47.57,4000 -123.03,47.55,4000 -123.05,47.54,4000 -123.08,47.53,4000 -123.11,47.52,4000 -123.14,47.51,4000 -123.17,47.49,4000 -123.20,47.48,4000 -123.23,47.48,4000 -123.26,47.47,4000 -123.29,47.46,4000 -123.33,47.46,4000 -123.37,47.46,4000 -123.40,47.46,4000 -123.44,47.45,4000 -123.48,47.46,4000 -123.51,47.46,4000 -123.54,47.47,4000 -123.58,47.47,4000 -123.61,47.48,4000 -123.64,47.50,4000 -123.67,47.51,4000 -123.70,47.52,4000 -123.72,47.53,4000 -123.75,47.55,4000 -123.77,47.56,4000 -123.79,47.58,4000 -123.81,47.60,4000 -123.83,47.61,4000 -123.85,47.63,4000 -123.88,47.64,4000 -123.90,47.66,4000 -123.92,47.68,4000 -123.93,47.70,4000 -123.94,47.72,4000 -123.95,47.74,4000 -123.96,47.77,4000 -123.97,47.79,4000 -123.98,47.82,4000 -123.98,47.84,4000 -123.98,47.86,4000 -123.97,47.89,4000 -123.96,47.91,4000 -123.95,47.93,4000 -123.94,47.95,4000 -123.93,47.97,4000 -123.91,47.99,4000 -123.90,48.01,4000 -123.88,48.02,4000 -123.86,48.03,4000 -123.72,48.11,4000 
          </coordinates>
        </LinearRing>
      </innerBoundaryIs>
  </Polygon>
 </MultiGeometry>
</Placemark>
<Placemark>
  <name>20%</name>
  <visibility>1</visibility>
  <styleUrl>#poly_20</styleUrl>
  <MultiGeometry>
    <Polygon>
      <outerBoundaryIs>
        <LinearRing>
          <coordinates>
-111.05,40.90,3000 -111.02,40.91,3000 -111.00,40.91,3000 -110.97,40.92,3000 -110.94,40.93,3000 -110.92,40.93,3000 -110.89,40.94,3000 -110.87,40.94,3000 -110.84,40.94,3000 -110.82,40.94,3000 -110.79,40.94,3000 -110.77,40.93,3000 -110.74,40.93,3000 -110.72,40.92,3000 -110.70,40.91,3000 -110.68,40.90,3000 -110.66,40.89,3000 -110.64,40.88,3000 -110.63,40.86,3000 -110.61,40.85,3000 -110.60,40.83,3000 -110.58,40.82,3000 -110.57,40.80,3000 -110.56,40.79,3000 -110.54,40.77,3000 -110.53,40.75,3000 -110.51,40.74,3000 -110.51,40.72,3000 -110.51,40.71,3000 -110.53,40.69,3000 -110.55,40.67,3000 -110.56,40.66,3000 -110.57,40.64,3000 -110.58,40.62,3000 -110.59,40.60,3000 -110.60,40.58,3000 -110.61,40.56,3000 -110.63,40.54,3000 -110.64,40.53,3000 -110.66,40.51,3000 -110.67,40.50,3000 -110.69,40.49,3000 -110.70,40.48,3000 -110.73,40.47,3000 -110.75,40.46,3000 -110.77,40.45,3000 -110.79,40.45,3000 -110.82,40.44,3000 -110.84,40.43,3000 -110.87,40.42,3000 -110.90,40.42,3000 -110.92,40.41,3000 -110.95,40.41,3000 -110.97,40.41,3000 -110.99,40.41,3000 -111.02,40.42,3000 -111.04,40.43,3000 -111.06,40.44,3000 -111.09,40.45,3000 -111.11,40.46,3000 -111.12,40.47,3000 -111.14,40.49,3000 -111.15,40.50,3000 -111.17,40.52,3000 -111.18,40.54,3000 -111.19,40.56,3000 -111.20,40.58,3000 -111.20,40.60,3000 -111.21,40.62,3000 -111.21,40.64,3000 -111.21,40.66,3000 -111.21,40.68,3000 -111.20,40.69,3000 -111.20,40.71,3000 -111.19,40.73,3000 -111.18,40.74,3000 -111.18,40.76,3000 -111.17,40.78,3000 -111.15,40.80,3000 -111.14,40.81,3000 -111.13,40.83,3000 -111.12,40.85,3000 -111.05,40.90,3000 
          </coordinates>
        </LinearRing>
      </outerBoundaryIs>
      <innerBoundaryIs>
        <LinearRing>
          <coordinates>
-111.03,40.81,4000 -111.01,40.82,4000 -111.00,40.82,4000 -110.98,40.83,4000 -110.96,40.83,4000 -110.95,40.84,4000 -110.93,40.84,4000 -110.92,40.85,4000 -110.90,40.85,4000 -110.88,40.85,4000 -110.87,40.85,4000 -110.85,40.85,4000 -110.84,40.85,4000 -110.82,40.85,4000 -110.81,40.85,4000 -110.80,40.85,4000 -110.78,40.84,4000 -110.77,40.83,4000 -110.75,40.83,4000 -110.74,40.82,4000 -110.72,40.81,4000 -110.71,40.80,4000 -110.69,40.79,4000 -110.68,40.78,4000 -110.67,40.76,4000 -110.65,40.75,4000 -110.65,40.74,4000 -110.64,40.73,4000 -110.63,40.72,4000 -110.63,40.71,4000 -110.63,40.70,4000 -110.63,40.69,4000 -110.64,40.68,4000 -110.64,40.67,4000 -110.65,40.65,4000 -110.66,40.64,4000 -110.67,40.63,4000 -110.68,40.62,4000 -110.69,40.61,4000 -110.70,40.60,4000 -110.71,40.58,4000 -110.73,40.57,4000 -110.74,40.57,4000 -110.75,40.56,4000 -110.76,40.55,4000 -110.77,40.54,4000 -110.79,40.54,4000 -110.81,40.53,4000 -110.83,40.53,4000 -110.85,40.52,4000 -110.86,40.52,4000 -110.88,40.52,4000 -110.90,40.52,4000 -110.91,40.51,4000 -110.93,40.51,4000 -110.94,40.51,4000 -110.97,40.50,4000 -110.98,40.50,4000 -110.99,40.50,4000 -111.00,40.50,4000 -111.00,40.51,4000 -111.01,40.51,4000 -111.02,40.52,4000 -111.02,40.53,4000 -111.03,40.54,4000 -111.04,40.55,4000 -111.05,40.56,4000 -111.05,40.58,4000 -111.06,40.59,4000 -111.07,40.60,4000 -111.08,40.61,4000 -111.09,40.63,4000 -111.10,40.64,4000 -111.11,40.66,4000 -111.12,40.67,4000 -111.03,40.81,4000 
          </coordinates>
        </LinearRing>
      </innerBoundaryIs>
  </Polygon>
 </MultiGeometry>
</Placemark>
<Placemark>
  <name>20%</name>
  <visibility>1</visibility>
  <styleUrl>#poly_20</styleUrl>
  <MultiGeometry>
    <Polygon>
      <outerBoundaryIs>
        <LinearRing>
          <coordinates>
-126.64,50.53,3000 -126.54,50.53,3000 -126.44,50.53,3000 -126.34,50.53,3000 -126.25,50.52,3000 -126.17,50.51,3000 -126.09,50.49,3000 -126.01,50.46,3000 -125.95,50.42,3000 -125.89,50.38,3000 -125.83,50.33,3000 -125.76,50.28,3000 -125.70,50.24,3000 -125.63,50.20,3000 -125.56,50.15,3000 -125.49,50.11,3000 -125.42,50.07,3000 -125.35,50.02,3000 -125.28,49.97,3000 -125.21,49.93,3000 -125.14,49.88,3000 -125.07,49.84,3000 -125.01,49.79,3000 -124.95,49.74,3000 -124.90,49.69,3000 -124.86,49.63,3000 -124.82,49.58,3000 -124.78,49.52,3000 -124.73,49.47,3000 -124.67,49.42,3000 -124.60,49.38,3000 -124.53,49.35,3000 -124.44,49.31,3000 -124.36,49.28,3000 -124.28,49.25,3000 -124.21,49.21,3000 -124.16,49.18,3000 -124.12,49.12,3000 -124.11,49.05,3000 -124.12,48.99,3000 -124.14,48.94,3000 -124.17,48.89,3000 -124.22,48.86,3000 -124.27,48.84,3000 -124.32,48.82,3000 -124.39,48.81,3000 -124.47,48.83,3000 -124.52,48.86,3000 -124.58,48.90,3000 -124.64,48.95,3000 -124.71,48.99,3000 -124.79,49.04,3000 -124.88,49.07,3000 -124.96,49.09,3000 -125.05,49.10,3000 -125.14,49.10,3000 -125.24,49.11,3000 -125.34,49.11,3000 -125.43,49.11,3000 -125.52,49.12,3000 -125.59,49.13,3000 -125.70,49.15,3000 -125.77,49.18,3000 -125.84,49.22,3000 -125.92,49.26,3000 -125.98,49.29,3000 -126.04,49.33,3000 -126.10,49.37,3000 -126.16,49.41,3000 -126.23,49.45,3000 -126.29,49.49,3000 -126.35,49.53,3000 -126.42,49.57,3000 -126.49,49.62,3000 -126.56,49.66,3000 -126.63,49.71,3000 -126.70,49.75,3000 -126.76,49.80,3000 -126.82,49.85,3000 -126.88,49.90,3000 -126.94,49.96,3000 -126.99,50.01,3000 -127.03,50.06,3000 -127.06,50.10,3000 -127.09,50.16,3000 -127.09,50.20,3000 -127.06,50.25,3000 -127.03,50.30,3000 -126.98,50.35,3000 -126.93,50.40,3000 -126.87,50.45,3000 -126.64,50.53,3000 
          </coordinates>
        </LinearRing>
      </outerBoundaryIs>
      <innerBoundaryIs>
        <LinearRing>
          <coordinates>
-126.86,50.40,4000 -126.79,50.42,4000 -126.72,50.44,4000 -126.65,50.46,4000 -126.58,50.47,4000 -126.50,50.48,4000 -126.42,50.48,4000 -126.33,50.47,4000 -126.24,50.46,4000 -126.15,50.44,4000 -126.07,50.42,4000 -126.01,50.39,4000 -125.95,50.36,4000 -125.89,50.32,4000 -125.84,50.28,4000 -125.79,50.24,4000 -125.73,50.20,4000 -125.67,50.16,4000 -125.61,50.13,4000 -125.56,50.09,4000 -125.50,50.05,4000 -125.44,50.01,4000 -125.38,49.97,4000 -125.32,49.93,4000 -125.27,49.89,4000 -125.21,49.85,4000 -125.15,49.81,4000 -125.09,49.76,4000 -125.03,49.71,4000 -124.99,49.67,4000 -124.94,49.62,4000 -124.90,49.57,4000 -124.85,49.52,4000 -124.80,49.47,4000 -124.75,49.41,4000 -124.71,49.37,4000 -124.66,49.32,4000 -124.62,49.29,4000 -124.54,49.25,4000 -124.46,49.22,4000 -124.38,49.20,4000 -124.31,49.19,4000 -124.26,49.16,4000 -124.22,49.11,4000 -124.20,49.06,4000 -124.20,49.01,4000 -124.22,48.97,4000 -124.27,48.94,4000 -124.34,48.91,4000 -124.42,48.90,4000 -124.50,48.91,4000 -124.55,48.94,4000 -124.59,48.98,4000 -124.64,49.03,4000 -124.68,49.09,4000 -124.74,49.14,4000 -124.80,49.18,4000 -124.86,49.21,4000 -124.93,49.22,4000 -125.02,49.22,4000 -125.10,49.20,4000 -125.19,49.19,4000 -125.28,49.17,4000 -125.37,49.16,4000 -125.45,49.16,4000 -125.54,49.17,4000 -125.62,49.19,4000 -125.70,49.22,4000 -125.78,49.24,4000 -125.86,49.28,4000 -125.93,49.31,4000 -126.00,49.35,4000 -126.06,49.39,4000 -126.12,49.43,4000 -126.17,49.48,4000 -126.23,49.53,4000 -126.29,49.57,4000 -126.35,49.61,4000 -126.42,49.66,4000 -126.49,49.70,4000 -126.55,49.74,4000 -126.61,49.78,4000 -126.67,49.82,4000 -126.73,49.86,4000 -126.79,49.90,4000 -126.84,49.95,4000 -126.88,49.99,4000 -126.92,50.03,4000 -126.95,50.08,4000 -126.96,50.13,4000 -126.97,50.18,4000 -126.98,50.23,4000 -126.98,50.28,4000 -126.86,50.40,4000 
          </coordinates>
        </LinearRing>
      </innerBoundaryIs>
  </Polygon>
 </MultiGeometry>
</Placemark>
<Placemark>
  <name>20%</name>
  <visibility>1</visibility>
  <styleUrl>#poly_20</styleUrl>
  <MultiGeometry>
    <Polygon>
      <outerBoundaryIs>
        <LinearRing>
          <coordinates>
-119.54,38.12,3000 -119.51,38.12,3000 -119.49,38.13,3000 -119.47,38.13,3000 -119.44,38.13,3000 -119.42,38.13,3000 -119.40,38.14,3000 -119.38,38.14,3000 -119.36,38.14,3000 -119.34,38.14,3000 -119.32,38.14,3000 -119.31,38.14,3000 -119.29,38.14,3000 -119.29,38.13,3000 -119.27,38.11,3000 -119.26,38.10,3000 -119.25,38.09,3000 -119.23,38.08,3000 -119.21,38.07,3000 -119.20,38.05,3000 -119.18,38.04,3000 -119.16,38.02,3000 -119.15,38.01,3000 -119.13,37.99,3000 -119.12,37.98,3000 -119.11,37.96,3000 -119.10,37.94,3000 -119.10,37.93,3000 -119.09,37.91,3000 -119.09,37.89,3000 -119.08,37.88,3000 -119.08,37.86,3000 -119.08,37.84,3000 -119.08,37.83,3000 -119.08,37.81,3000 -119.09,37.79,3000 -119.09,37.78,3000 -119.10,37.76,3000 -119.10,37.75,3000 -119.11,37.73,3000 -119.12,37.71,3000 -119.14,37.70,3000 -119.15,37.68,3000 -119.17,37.67,3000 -119.18,37.66,3000 -119.20,37.66,3000 -119.22,37.66,3000 -119.24,37.66,3000 -119.26,37.67,3000 -119.28,37.67,3000 -119.30,37.68,3000 -119.33,37.69,3000 -119.35,37.70,3000 -119.37,37.71,3000 -119.39,37.72,3000 -119.41,37.72,3000 -119.42,37.73,3000 -119.44,37.74,3000 -119.45,37.75,3000 -119.45,37.76,3000 -119.46,37.78,3000 -119.47,37.79,3000 -119.47,37.80,3000 -119.48,37.82,3000 -119.49,37.83,3000 -119.50,37.85,3000 -119.51,37.86,3000 -119.51,37.88,3000 -119.52,37.90,3000 -119.52,37.91,3000 -119.53,37.93,3000 -119.53,37.95,3000 -119.54,37.96,3000 -119.54,37.98,3000 -119.55,38.00,3000 -119.55,38.02,3000 -119.55,38.03,3000 -119.56,38.05,3000 -119.56,38.07,3000 -119.54,38.12,3000 
          </coordinates>
        </LinearRing>
      </outerBoundaryIs>
      <innerBoundaryIs>
        <LinearRing>
          <coordinates>
-119.28,37.98,4000 -119.27,37.98,4000 -119.26,37.98,4000 -119.26,37.98,4000 -119.25,37.97,4000 -119.24,37.96,4000 -119.23,37.95,4000 -119.23,37.94,4000 -119.23,37.93,4000 -119.23,37.93,4000 -119.23,37.92,4000 -119.23,37.91,4000 -119.22,37.90,4000 -119.22,37.90,4000 -119.22,37.89,4000 -119.22,37.88,4000 -119.22,37.87,4000 -119.22,37.86,4000 -119.22,37.85,4000 -119.22,37.84,4000 -119.22,37.83,4000 -119.22,37.82,4000 -119.22,37.81,4000 -119.22,37.80,4000 -119.22,37.79,4000 -119.22,37.78,4000 -119.22,37.78,4000 -119.22,37.77,4000 -119.22,37.76,4000 -119.22,37.76,4000 -119.23,37.76,4000 -119.23,37.76,4000 -119.24,37.77,4000 -119.24,37.77,4000 -119.24,37.78,4000 -119.25,37.78,4000 -119.25,37.79,4000 -119.25,37.80,4000 -119.26,37.80,4000 -119.26,37.81,4000 -119.27,37.82,4000 -119.27,37.83,4000 -119.28,37.83,4000 -119.28,37.84,4000 -119.29,37.85,4000 -119.29,37.86,4000 -119.30,37.87,4000 -119.30,37.88,4000 -119.31,37.88,4000 -119.31,37.89,4000 -119.32,37.90,4000 -119.32,37.91,4000 -119.33,37.92,4000 -119.28,37.98,4000 
          </coordinates>
        </LinearRing>
      </innerBoundaryIs>
  </Polygon>
 </MultiGeometry>
</Placemark>
<Placemark>
  <name>20%</name>
  <visibility>1</visibility>
  <styleUrl>#poly_20</styleUrl>
  <MultiGeometry>
    <Polygon>
      <outerBoundaryIs>
        <LinearRing>
          <coordinates>
-118.33,44.98,3000 -118.33,44.99,3000 -118.31,44.98,3000 -118.31,44.98,3000 -118.30,44.97,3000 -118.30,44.97,3000 -118.30,44.96,3000 -118.29,44.96,3000 -118.29,44.95,3000 -118.29,44.94,3000 -118.28,44.94,3000 -118.28,44.93,3000 -118.27,44.92,3000 -118.27,44.91,3000 -118.26,44.91,3000 -118.26,44.90,3000 -118.25,44.89,3000 -118.25,44.88,3000 -118.24,44.87,3000 -118.24,44.87,3000 -118.24,44.86,3000 -118.23,44.85,3000 -118.23,44.85,3000 -118.23,44.84,3000 -118.22,44.83,3000 -118.22,44.83,3000 -118.22,44.82,3000 -118.22,44.82,3000 -118.22,44.81,3000 -118.22,44.80,3000 -118.23,44.80,3000 -118.24,44.79,3000 -118.25,44.79,3000 -118.26,44.79,3000 -118.27,44.79,3000 -118.28,44.79,3000 -118.29,44.79,3000 -118.30,44.78,3000 -118.31,44.78,3000 -118.32,44.78,3000 -118.33,44.78,3000 -118.33,44.79,3000 -118.34,44.80,3000 -118.34,44.80,3000 -118.34,44.81,3000 -118.34,44.81,3000 -118.34,44.82,3000 -118.34,44.82,3000 -118.34,44.83,3000 -118.35,44.83,3000 -118.35,44.84,3000 -118.35,44.85,3000 -118.35,44.85,3000 -118.35,44.86,3000 -118.35,44.87,3000 -118.35,44.87,3000 -118.35,44.88,3000 -118.35,44.89,3000 -118.34,44.90,3000 -118.34,44.90,3000 -118.34,44.91,3000 -118.34,44.92,3000 -118.34,44.93,3000 -118.34,44.94,3000 -118.34,44.95,3000 -118.34,44.95,3000 -118.34,44.96,3000 -118.34,44.97,3000 -118.34,44.98,3000 -118.33,44.98,3000 
          </coordinates>
        </LinearRing>
      </outerBoundaryIs>
  </Polygon>
 </MultiGeometry>
</Placemark>
<Placemark>
  <name>20%</name>
  <visibility>1</visibility>
  <styleUrl>#poly_20</styleUrl>
  <MultiGeometry>
    <Polygon>
      <outerBoundaryIs>
        <LinearRing>
          <coordinates>
-107.11,41.16,3000 -107.08,41.16,3000 -107.05,41.17,3000 -107.03,41.17,3000 -107.00,41.18,3000 -106.97,41.18,3000 -106.95,41.18,3000 -106.92,41.19,3000 -106.90,41.19,3000 -106.88,41.19,3000 -106.85,41.19,3000 -106.82,41.19,3000 -106.80,41.19,3000 -106.78,41.19,3000 -106.76,41.19,3000 -106.74,41.19,3000 -106.71,41.19,3000 -106.69,41.18,3000 -106.67,41.17,3000 -106.65,41.16,3000 -106.64,41.15,3000 -106.63,41.14,3000 -106.61,41.12,3000 -106.60,41.11,3000 -106.59,41.09,3000 -106.58,41.07,3000 -106.57,41.06,3000 -106.56,41.04,3000 -106.55,41.02,3000 -106.54,41.00,3000 -106.54,40.98,3000 -106.54,40.96,3000 -106.54,40.94,3000 -106.53,40.92,3000 -106.53,40.90,3000 -106.54,40.88,3000 -106.54,40.87,3000 -106.54,40.85,3000 -106.54,40.83,3000 -106.55,40.81,3000 -106.56,40.79,3000 -106.57,40.78,3000 -106.58,40.76,3000 -106.60,40.75,3000 -106.62,40.74,3000 -106.63,40.73,3000 -106.65,40.72,3000 -106.68,40.71,3000 -106.70,40.70,3000 -106.72,40.69,3000 -106.75,40.68,3000 -106.77,40.67,3000 -106.80,40.67,3000 -106.82,40.67,3000 -106.84,40.67,3000 -106.86,40.68,3000 -106.88,40.69,3000 -106.90,40.70,3000 -106.93,40.71,3000 -106.95,40.73,3000 -106.97,40.74,3000 -106.99,40.76,3000 -107.01,40.77,3000 -107.03,40.78,3000 -107.04,40.79,3000 -107.06,40.80,3000 -107.07,40.81,3000 -107.07,40.82,3000 -107.08,40.83,3000 -107.08,40.85,3000 -107.09,40.86,3000 -107.11,40.88,3000 -107.12,40.90,3000 -107.13,40.92,3000 -107.14,40.94,3000 -107.15,40.96,3000 -107.15,40.98,3000 -107.15,41.00,3000 -107.15,41.01,3000 -107.15,41.03,3000 -107.15,41.05,3000 -107.15,41.07,3000 -107.14,41.09,3000 -107.14,41.10,3000 -107.13,41.12,3000 -107.13,41.14,3000 -107.12,41.16,3000 -107.11,41.16,3000 
          </coordinates>
        </LinearRing>
      </outerBoundaryIs>
      <innerBoundaryIs>
        <LinearRing>
          <coordinates>
-106.87,41.07,4000 -106.86,41.07,4000 -106.84,41.06,4000 -106.83,41.06,4000 -106.82,41.06,4000 -106.80,41.05,4000 -106.79,41.05,4000 -106.78,41.04,4000 -106.77,41.04,4000 -106.76,41.03,4000 -106.76,41.02,4000 -106.75,41.01,4000 -106.75,41.00,4000 -106.74,40.99,4000 -106.74,40.99,4000 -106.74,40.98,4000 -106.74,40.96,4000 -106.74,40.95,4000 -106.74,40.94,4000 -106.74,40.93,4000 -106.74,40.92,4000 -106.74,40.91,4000 -106.74,40.90,4000 -106.74,40.88,4000 -106.74,40.87,4000 -106.74,40.86,4000 -106.74,40.85,4000 -106.75,40.84,4000 -106.75,40.84,4000 -106.75,40.83,4000 -106.76,40.82,4000 -106.77,40.81,4000 -106.78,40.80,4000 -106.79,40.80,4000 -106.80,40.79,4000 -106.82,40.79,4000 -106.83,40.79,4000 -106.84,40.79,4000 -106.85,40.79,4000 -106.86,40.79,4000 -106.87,40.79,4000 -106.88,40.80,4000 -106.89,40.81,4000 -106.90,40.82,4000 -106.90,40.83,4000 -106.91,40.83,4000 -106.91,40.84,4000 -106.91,40.85,4000 -106.92,40.86,4000 -106.92,40.87,4000 -106.93,40.88,4000 -106.93,40.89,4000 -106.93,40.90,4000 -106.94,40.91,4000 -106.94,40.92,4000 -106.95,40.93,4000 -106.95,40.94,4000 -106.95,40.95,4000 -106.96,40.96,4000 -106.96,40.98,4000 -106.97,40.99,4000 -106.97,41.00,4000 -106.87,41.07,4000 
          </coordinates>
        </LinearRing>
      </innerBoundaryIs>
  </Polygon>
 </MultiGeometry>
</Placemark>
<Placemark>
  <name>20%</name>
  <visibility>1</visibility>
  <styleUrl>#poly_20</styleUrl>
  <MultiGeometry>
    <Polygon>
      <outerBoundaryIs>
        <LinearRing>
          <coordinates>
-106.45,41.50,3000 -106.43,41.50,3000 -106.41,41.50,3000 -106.39,41.51,3000 -106.37,41.51,3000 -106.35,41.51,3000 -106.33,41.51,3000 -106.32,41.51,3000 -106.30,41.51,3000 -106.28,41.51,3000 -106.27,41.51,3000 -106.25,41.51,3000 -106.23,41.50,3000 -106.22,41.50,3000 -106.20,41.49,3000 -106.19,41.49,3000 -106.17,41.48,3000 -106.16,41.47,3000 -106.14,41.47,3000 -106.13,41.46,3000 -106.12,41.45,3000 -106.11,41.44,3000 -106.10,41.42,3000 -106.09,41.41,3000 -106.09,41.40,3000 -106.09,41.39,3000 -106.09,41.38,3000 -106.09,41.37,3000 -106.10,41.35,3000 -106.10,41.34,3000 -106.11,41.33,3000 -106.12,41.31,3000 -106.13,41.30,3000 -106.13,41.28,3000 -106.14,41.27,3000 -106.15,41.26,3000 -106.16,41.25,3000 -106.16,41.24,3000 -106.17,41.23,3000 -106.17,41.22,3000 -106.18,41.21,3000 -106.19,41.21,3000 -106.20,41.20,3000 -106.22,41.20,3000 -106.23,41.19,3000 -106.25,41.18,3000 -106.26,41.18,3000 -106.28,41.17,3000 -106.30,41.16,3000 -106.32,41.16,3000 -106.34,41.15,3000 -106.36,41.15,3000 -106.38,41.14,3000 -106.39,41.14,3000 -106.41,41.14,3000 -106.43,41.14,3000 -106.45,41.14,3000 -106.47,41.14,3000 -106.49,41.14,3000 -106.51,41.15,3000 -106.53,41.15,3000 -106.54,41.15,3000 -106.56,41.16,3000 -106.58,41.17,3000 -106.59,41.17,3000 -106.60,41.18,3000 -106.61,41.19,3000 -106.62,41.20,3000 -106.62,41.21,3000 -106.62,41.22,3000 -106.62,41.23,3000 -106.62,41.24,3000 -106.62,41.25,3000 -106.62,41.27,3000 -106.61,41.28,3000 -106.61,41.30,3000 -106.60,41.31,3000 -106.60,41.32,3000 -106.59,41.34,3000 -106.59,41.35,3000 -106.58,41.37,3000 -106.45,41.50,3000 
          </coordinates>
        </LinearRing>
      </outerBoundaryIs>
      <innerBoundaryIs>
        <LinearRing>
          <coordinates>
-106.44,41.40,4000 -106.43,41.40,4000 -106.42,41.40,4000 -106.41,41.40,4000 -106.40,41.40,4000 -106.39,41.40,4000 -106.38,41.40,4000 -106.37,41.40,4000 -106.36,41.40,4000 -106.35,41.40,4000 -106.34,41.40,4000 -106.33,41.40,4000 -106.33,41.40,4000 -106.32,41.40,4000 -106.31,41.40,4000 -106.30,41.40,4000 -106.29,41.40,4000 -106.28,41.40,4000 -106.28,41.40,4000 -106.27,41.40,4000 -106.26,41.40,4000 -106.25,41.40,4000 -106.25,41.40,4000 -106.24,41.40,4000 -106.24,41.40,4000 -106.23,41.40,4000 -106.22,41.40,4000 -106.22,41.40,4000 -106.21,41.40,4000 -106.21,41.40,4000 -106.19,41.40,4000 -106.20,41.40,4000 -106.19,41.40,4000 -106.18,41.39,4000 -106.18,41.39,4000 -106.20,41.38,4000 -106.20,41.38,4000 -106.21,41.38,4000 -106.21,41.37,4000 -106.22,41.37,4000 -106.23,41.37,4000 -106.23,41.37,4000 -106.24,41.36,4000 -106.25,41.36,4000 -106.26,41.36,4000 -106.26,41.36,4000 -106.27,41.35,4000 -106.28,41.35,4000 -106.29,41.35,4000 -106.30,41.34,4000 -106.31,41.34,4000 -106.32,41.34,4000 -106.33,41.33,4000 -106.34,41.33,4000 -106.34,41.33,4000 -106.35,41.33,4000 -106.36,41.32,4000 -106.37,41.32,4000 -106.38,41.32,4000 -106.39,41.32,4000 -106.39,41.32,4000 -106.40,41.31,4000 -106.41,41.31,4000 -106.41,41.31,4000 -106.42,41.31,4000 -106.43,41.31,4000 -106.43,41.31,4000 -106.44,41.31,4000 -106.45,41.31,4000 -106.45,41.32,4000 -106.46,41.32,4000 -106.46,41.32,4000 -106.47,41.33,4000 -106.47,41.33,4000 -106.47,41.34,4000 -106.47,41.35,4000 -106.47,41.36,4000 -106.47,41.36,4000 -106.47,41.37,4000 -106.47,41.38,4000 -106.44,41.40,4000 
          </coordinates>
        </LinearRing>
      </innerBoundaryIs>
  </Polygon>
 </MultiGeometry>
</Placemark>
<Placemark>
  <name>30%</name>
  <visibility>1</visibility>
  <styleUrl>#poly_30</styleUrl>
  <MultiGeometry>
    <Polygon>
      <outerBoundaryIs>
        <LinearRing>
          <coordinates>
-106.44,41.40,4000 -106.43,41.40,4000 -106.42,41.40,4000 -106.41,41.40,4000 -106.40,41.40,4000 -106.39,41.40,4000 -106.38,41.40,4000 -106.37,41.40,4000 -106.36,41.40,4000 -106.35,41.40,4000 -106.34,41.40,4000 -106.33,41.40,4000 -106.33,41.40,4000 -106.32,41.40,4000 -106.31,41.40,4000 -106.30,41.40,4000 -106.29,41.40,4000 -106.28,41.40,4000 -106.28,41.40,4000 -106.27,41.40,4000 -106.26,41.40,4000 -106.25,41.40,4000 -106.25,41.40,4000 -106.24,41.40,4000 -106.24,41.40,4000 -106.23,41.40,4000 -106.22,41.40,4000 -106.22,41.40,4000 -106.21,41.40,4000 -106.21,41.40,4000 -106.19,41.40,4000 -106.20,41.40,4000 -106.19,41.40,4000 -106.18,41.39,4000 -106.18,41.39,4000 -106.20,41.38,4000 -106.20,41.38,4000 -106.21,41.38,4000 -106.21,41.37,4000 -106.22,41.37,4000 -106.23,41.37,4000 -106.23,41.37,4000 -106.24,41.36,4000 -106.25,41.36,4000 -106.26,41.36,4000 -106.26,41.36,4000 -106.27,41.35,4000 -106.28,41.35,4000 -106.29,41.35,4000 -106.30,41.34,4000 -106.31,41.34,4000 -106.32,41.34,4000 -106.33,41.33,4000 -106.34,41.33,4000 -106.34,41.33,4000 -106.35,41.33,4000 -106.36,41.32,4000 -106.37,41.32,4000 -106.38,41.32,4000 -106.39,41.32,4000 -106.39,41.32,4000 -106.40,41.31,4000 -106.41,41.31,4000 -106.41,41.31,4000 -106.42,41.31,4000 -106.43,41.31,4000 -106.43,41.31,4000 -106.44,41.31,4000 -106.45,41.31,4000 -106.45,41.32,4000 -106.46,41.32,4000 -106.46,41.32,4000 -106.47,41.33,4000 -106.47,41.33,4000 -106.47,41.34,4000 -106.47,41.35,4000 -106.47,41.36,4000 -106.47,41.36,4000 -106.47,41.37,4000 -106.47,41.38,4000 -106.44,41.40,4000 
          </coordinates>
        </LinearRing>
      </outerBoundaryIs>
  </Polygon>
 </MultiGeometry>
</Placemark>
<Placemark>
  <name>30%</name>
  <visibility>1</visibility>
  <styleUrl>#poly_30</styleUrl>
  <MultiGeometry>
    <Polygon>
      <outerBoundaryIs>
        <LinearRing>
          <coordinates>
-122.12,43.63,4000 -122.08,43.63,4000 -122.05,43.63,4000 -122.02,43.63,4000 -121.99,43.61,4000 -121.97,43.59,4000 -121.96,43.57,4000 -121.95,43.54,4000 -121.94,43.51,4000 -121.93,43.48,4000 -121.92,43.45,4000 -121.91,43.43,4000 -121.91,43.40,4000 -121.91,43.37,4000 -121.90,43.35,4000 -121.90,43.32,4000 -121.90,43.30,4000 -121.90,43.27,4000 -121.90,43.24,4000 -121.90,43.22,4000 -121.91,43.19,4000 -121.91,43.16,4000 -121.91,43.13,4000 -121.92,43.11,4000 -121.92,43.09,4000 -121.92,43.06,4000 -121.93,43.04,4000 -121.93,43.02,4000 -121.95,43.00,4000 -121.97,42.98,4000 -121.99,42.96,4000 -122.02,42.94,4000 -122.05,42.92,4000 -122.08,42.90,4000 -122.10,42.89,4000 -122.13,42.87,4000 -122.15,42.87,4000 -122.18,42.88,4000 -122.19,42.90,4000 -122.20,42.92,4000 -122.22,42.94,4000 -122.24,42.96,4000 -122.25,42.99,4000 -122.26,43.02,4000 -122.27,43.04,4000 -122.27,43.07,4000 -122.27,43.09,4000 -122.26,43.12,4000 -122.25,43.15,4000 -122.25,43.17,4000 -122.24,43.19,4000 -122.23,43.21,4000 -122.22,43.23,4000 -122.22,43.25,4000 -122.21,43.27,4000 -122.20,43.30,4000 -122.20,43.33,4000 -122.19,43.35,4000 -122.19,43.38,4000 -122.18,43.41,4000 -122.18,43.44,4000 -122.17,43.46,4000 -122.17,43.49,4000 -122.16,43.51,4000 -122.16,43.54,4000 -122.15,43.56,4000 -122.15,43.59,4000 -122.12,43.63,4000 
          </coordinates>
        </LinearRing>
      </outerBoundaryIs>
  </Polygon>
 </MultiGeometry>
</Placemark>
<Placemark>
  <name>30%</name>
  <visibility>1</visibility>
  <styleUrl>#poly_30</styleUrl>
  <MultiGeometry>
    <Polygon>
      <outerBoundaryIs>
        <LinearRing>
          <coordinates>
-94.74,51.87,4000 -94.13,51.84,4000 -93.14,51.74,4000 -92.34,51.64,4000 -91.61,51.74,4000 -91.11,51.69,4000 -90.86,51.63,4000 -90.13,51.34,4000 -89.41,51.19,4000 -88.80,51.09,4000 -87.86,50.92,4000 -87.21,50.73,4000 -86.50,50.49,4000 -85.88,50.21,4000 -85.39,49.98,4000 -84.91,49.58,4000 -84.52,49.26,4000 -84.23,49.10,4000 -83.88,48.97,4000 -83.31,48.87,4000 -82.52,48.69,4000 -82.11,48.57,4000 -81.64,48.47,4000 -80.93,48.40,4000 -80.46,48.30,4000 -80.16,48.20,4000 -79.75,48.10,4000 -79.28,48.06,4000 -78.82,47.98,4000 -78.50,47.90,4000 -77.88,47.68,4000 -77.55,47.36,4000 -77.26,46.96,4000 -77.03,46.55,4000 -76.52,46.24,4000 -76.35,46.02,4000 -76.19,45.65,4000 -76.04,45.15,4000 -75.85,44.76,4000 -75.67,44.63,4000 -75.44,44.55,4000 -74.93,44.64,4000 -74.36,44.69,4000 -73.71,44.52,4000 -73.44,44.53,4000 -73.18,44.68,4000 -72.71,45.10,4000 -72.09,45.42,4000 -71.28,45.80,4000 -70.65,46.11,4000 -70.20,46.51,4000 -69.99,46.69,4000 -69.72,46.83,4000 -69.58,47.01,4000 -69.61,47.17,4000 -69.63,47.42,4000 -69.52,47.67,4000 -69.15,48.11,4000 -68.68,48.54,4000 -68.42,48.71,4000 -68.10,48.85,4000 -67.81,48.96,4000 -67.48,49.23,4000 -66.50,49.73,4000 -66.23,49.76,4000 -65.94,49.79,4000 -65.68,49.76,4000 -65.04,49.50,4000 -64.38,49.23,4000 -63.73,48.95,4000 -63.19,48.64,4000 -62.90,48.28,4000 -62.28,47.95,4000 -62.03,47.80,4000 -61.94,47.56,4000 -62.03,47.19,4000 -62.18,46.78,4000 -62.43,46.08,4000 -62.64,45.48,4000 -62.85,44.89,4000 -63.07,44.30,4000 -63.21,44.01,4000 -63.40,43.76,4000 -63.83,43.48,4000 -64.31,43.20,4000 -64.92,42.96,4000 -65.47,42.71,4000 -66.04,42.45,4000 -66.50,42.27,4000 -67.14,42.10,4000 -67.63,41.89,4000 -67.94,41.75,4000 -68.33,41.61,4000 -68.93,41.42,4000 -69.37,41.05,4000 -69.80,40.67,4000 -70.31,40.42,4000 -70.73,40.26,4000 -71.33,40.04,4000 -71.93,39.81,4000 -72.45,39.63,4000 -72.89,39.29,4000 -73.30,38.88,4000 -73.61,38.42,4000 -74.00,38.04,4000 -74.60,37.76,4000 -74.99,37.44,4000 -75.44,37.13,4000 -75.69,37.06,4000 -76.13,37.12,4000 -76.55,37.11,4000 -76.82,37.06,4000 -77.25,37.12,4000 -77.46,37.31,4000 -77.63,37.54,4000 -77.79,37.87,4000 -77.89,38.05,4000 -78.20,38.25,4000 -78.92,38.18,4000 -79.03,38.00,4000 -79.20,37.97,4000 -79.44,38.14,4000 -79.83,38.09,4000 -80.19,37.89,4000 -80.60,37.49,4000 -80.85,37.29,4000 -81.01,37.07,4000 -81.12,36.92,4000 -81.25,36.59,4000 -81.62,36.07,4000 -82.16,35.78,4000 -82.66,35.62,4000 -83.13,35.48,4000 -83.49,35.38,4000 -83.75,35.43,4000 -83.80,35.53,4000 -83.68,35.70,4000 -83.34,35.84,4000 -83.06,35.98,4000 -82.89,36.13,4000 -82.49,36.49,4000 -82.87,36.78,4000 -83.25,37.07,4000 -82.82,37.41,4000 -82.61,37.59,4000 -82.47,37.94,4000 -82.13,38.37,4000 -81.79,38.78,4000 -81.67,38.97,4000 -81.58,39.15,4000 -81.59,39.33,4000 -81.75,39.44,4000 -81.95,39.39,4000 -82.19,39.28,4000 -82.77,39.53,4000 -83.56,39.89,4000 -84.15,40.17,4000 -84.37,40.33,4000 -84.49,40.56,4000 -84.27,41.06,4000 -84.04,41.43,4000 -84.10,41.64,4000 -84.39,41.70,4000 -85.15,41.60,4000 -85.57,41.29,4000 -85.96,40.97,4000 -86.43,40.87,4000 -86.82,40.98,4000 -87.15,41.22,4000 -87.37,41.63,4000 -87.45,42.29,4000 -87.53,42.85,4000 -87.57,43.50,4000 -87.60,43.69,4000 -87.78,43.97,4000 -88.25,44.27,4000 -88.52,44.40,4000 -88.88,44.50,4000 -89.47,44.60,4000 -90.09,44.79,4000 -90.71,45.02,4000 -91.34,45.42,4000 -91.58,45.55,4000 -91.83,45.77,4000 -92.25,46.13,4000 -92.75,46.42,4000 -93.22,46.73,4000 -93.75,47.06,4000 -94.31,47.31,4000 -94.78,47.49,4000 -95.02,47.62,4000 -95.26,47.84,4000 -95.75,48.14,4000 -96.32,48.38,4000 -96.55,48.54,4000 -96.75,48.76,4000 -97.55,49.38,4000 -97.88,49.54,4000 -98.03,49.64,4000 -98.30,49.68,4000 -98.36,49.74,4000 -98.23,50.01,4000 -98.50,50.51,4000 -98.75,50.70,4000 -99.18,50.83,4000 -99.80,51.14,4000 -99.99,51.28,4000 -99.81,51.37,4000 -99.14,51.48,4000 -98.83,51.53,4000 -98.49,51.66,4000 -98.13,51.77,4000 -97.56,51.79,4000 -96.47,51.73,4000 -95.88,51.70,4000 -95.30,51.77,4000 -94.74,51.87,4000 
          </coordinates>
        </LinearRing>
      </outerBoundaryIs>
      <innerBoundaryIs>
        <LinearRing>
          <coordinates>
-97.87,51.69,5000 -96.98,51.69,5000 -96.21,51.64,5000 -95.65,51.63,5000 -95.29,51.69,5000 -94.88,51.79,5000 -94.35,51.79,5000 -93.23,51.68,5000 -92.46,51.59,5000 -92.02,51.59,5000 -91.62,51.66,5000 -91.12,51.61,5000 -90.41,51.35,5000 -90.11,51.25,5000 -89.57,51.14,5000 -88.93,51.04,5000 -88.26,50.92,5000 -87.53,50.74,5000 -86.75,50.39,5000 -86.25,50.06,5000 -85.57,49.71,5000 -85.27,49.43,5000 -84.79,49.09,5000 -84.09,48.79,5000 -83.75,48.70,5000 -83.29,48.63,5000 -82.50,48.52,5000 -82.08,48.40,5000 -81.56,48.35,5000 -81.12,48.33,5000 -80.70,48.26,5000 -80.00,48.03,5000 -79.32,47.95,5000 -78.79,47.87,5000 -78.28,47.72,5000 -77.89,47.44,5000 -77.66,47.00,5000 -77.52,46.78,5000 -77.26,46.52,5000 -76.78,46.19,5000 -76.60,46.00,5000 -76.45,45.70,5000 -76.27,45.26,5000 -76.15,44.76,5000 -75.81,44.34,5000 -75.64,44.12,5000 -75.40,44.00,5000 -74.98,43.88,5000 -74.52,43.88,5000 -74.24,44.03,5000 -74.05,44.25,5000 -73.34,44.40,5000 -72.94,44.71,5000 -72.50,45.07,5000 -71.94,45.34,5000 -71.44,45.55,5000 -71.13,45.75,5000 -70.72,45.90,5000 -70.45,46.05,5000 -70.17,46.26,5000 -69.77,46.54,5000 -69.46,46.74,5000 -69.27,46.99,5000 -69.03,47.40,5000 -68.56,47.43,5000 -68.33,47.47,5000 -68.34,47.65,5000 -68.62,47.79,5000 -68.94,47.85,5000 -68.92,48.14,5000 -68.75,48.34,5000 -68.28,48.69,5000 -67.62,48.99,5000 -67.40,49.18,5000 -67.12,49.34,5000 -66.85,49.48,5000 -66.57,49.67,5000 -66.00,49.75,5000 -65.75,49.73,5000 -65.54,49.64,5000 -65.31,49.54,5000 -64.66,49.27,5000 -63.96,48.98,5000 -63.34,48.67,5000 -62.95,48.22,5000 -62.48,47.97,5000 -62.09,47.75,5000 -62.03,47.62,5000 -62.06,47.27,5000 -62.18,46.92,5000 -62.43,46.24,5000 -62.64,45.63,5000 -62.85,45.02,5000 -63.12,44.32,5000 -63.29,43.99,5000 -63.45,43.82,5000 -63.96,43.48,5000 -64.51,43.18,5000 -65.06,42.95,5000 -65.63,42.72,5000 -66.30,42.47,5000 -66.99,42.30,5000 -67.56,42.08,5000 -68.12,41.85,5000 -68.70,41.68,5000 -69.02,41.54,5000 -69.24,41.35,5000 -69.62,40.95,5000 -70.10,40.62,5000 -70.55,40.40,5000 -71.17,40.18,5000 -71.81,39.93,5000 -72.35,39.74,5000 -72.87,39.44,5000 -73.32,39.08,5000 -73.67,38.76,5000 -74.10,38.38,5000 -74.64,37.90,5000 -75.13,37.47,5000 -75.55,37.25,5000 -76.47,37.24,5000 -76.65,37.21,5000 -77.05,37.23,5000 -77.28,37.39,5000 -77.49,37.62,5000 -77.75,38.09,5000 -77.91,38.28,5000 -78.20,38.35,5000 -78.42,38.29,5000 -78.73,38.31,5000 -78.95,38.39,5000 -79.20,38.32,5000 -79.85,38.14,5000 -80.36,37.81,5000 -80.82,37.40,5000 -81.16,36.97,5000 -81.41,36.46,5000 -81.69,36.09,5000 -82.21,35.81,5000 -82.47,35.70,5000 -82.83,35.63,5000 -83.43,35.45,5000 -83.67,35.50,5000 -83.60,35.69,5000 -83.22,35.82,5000 -83.00,35.93,5000 -82.78,36.14,5000 -82.43,36.45,5000 -82.48,36.72,5000 -82.91,36.80,5000 -83.14,36.92,5000 -83.12,37.09,5000 -82.64,37.42,5000 -82.47,37.63,5000 -82.35,37.94,5000 -81.99,38.38,5000 -81.60,38.83,5000 -81.28,39.29,5000 -81.22,39.47,5000 -81.37,39.68,5000 -81.74,39.84,5000 -81.90,39.86,5000 -82.16,39.52,5000 -82.41,39.35,5000 -82.71,39.35,5000 -82.87,39.52,5000 -82.94,39.84,5000 -83.14,40.09,5000 -83.44,40.19,5000 -83.70,40.16,5000 -84.05,40.25,5000 -84.25,40.43,5000 -84.28,40.61,5000 -84.21,40.79,5000 -83.94,41.18,5000 -83.79,41.39,5000 -83.67,41.69,5000 -83.73,41.93,5000 -84.14,41.94,5000 -84.39,41.89,5000 -84.78,41.87,5000 -85.11,42.01,5000 -85.39,42.04,5000 -85.57,41.78,5000 -85.65,41.55,5000 -85.78,41.25,5000 -86.04,41.07,5000 -86.28,40.99,5000 -86.65,40.99,5000 -87.07,41.23,5000 -87.26,41.54,5000 -87.30,41.77,5000 -87.39,42.44,5000 -87.45,43.07,5000 -87.50,43.65,5000 -87.58,43.91,5000 -87.76,44.12,5000 -88.34,44.46,5000 -89.00,44.64,5000 -89.66,44.80,5000 -90.29,45.00,5000 -90.63,45.17,5000 -90.87,45.35,5000 -91.44,45.76,5000 -92.28,46.34,5000 -93.22,46.98,5000 -94.10,47.56,5000 -94.74,47.96,5000 -95.22,48.25,5000 -95.75,48.45,5000 -96.28,48.80,5000 -96.78,49.16,5000 -97.00,49.43,5000 -97.06,49.69,5000 -97.08,50.07,5000 -97.51,50.47,5000 -97.99,50.85,5000 -98.42,51.04,5000 -98.65,51.16,5000 -98.67,51.34,5000 -98.17,51.63,5000 -97.87,51.69,5000 
          </coordinates>
        </LinearRing>
      </innerBoundaryIs>
  </Polygon>
 </MultiGeometry>
</Placemark>
<Placemark>
  <name>30%</name>
  <visibility>1</visibility>
  <styleUrl>#poly_30</styleUrl>
  <MultiGeometry>
    <Polygon>
      <outerBoundaryIs>
        <LinearRing>
          <coordinates>
-119.28,37.98,4000 -119.27,37.98,4000 -119.26,37.98,4000 -119.26,37.98,4000 -119.25,37.97,4000 -119.24,37.96,4000 -119.23,37.95,4000 -119.23,37.94,4000 -119.23,37.93,4000 -119.23,37.93,4000 -119.23,37.92,4000 -119.23,37.91,4000 -119.22,37.90,4000 -119.22,37.90,4000 -119.22,37.89,4000 -119.22,37.88,4000 -119.22,37.87,4000 -119.22,37.86,4000 -119.22,37.85,4000 -119.22,37.84,4000 -119.22,37.83,4000 -119.22,37.82,4000 -119.22,37.81,4000 -119.22,37.80,4000 -119.22,37.79,4000 -119.22,37.78,4000 -119.22,37.78,4000 -119.22,37.77,4000 -119.22,37.76,4000 -119.22,37.76,4000 -119.23,37.76,4000 -119.23,37.76,4000 -119.24,37.77,4000 -119.24,37.77,4000 -119.24,37.78,4000 -119.25,37.78,4000 -119.25,37.79,4000 -119.25,37.80,4000 -119.26,37.80,4000 -119.26,37.81,4000 -119.27,37.82,4000 -119.27,37.83,4000 -119.28,37.83,4000 -119.28,37.84,4000 -119.29,37.85,4000 -119.29,37.86,4000 -119.30,37.87,4000 -119.30,37.88,4000 -119.31,37.88,4000 -119.31,37.89,4000 -119.32,37.90,4000 -119.32,37.91,4000 -119.33,37.92,4000 -119.28,37.98,4000 
          </coordinates>
        </LinearRing>
      </outerBoundaryIs>
  </Polygon>
 </MultiGeometry>
</Placemark>
<Placemark>
  <name>30%</name>
  <visibility>1</visibility>
  <styleUrl>#poly_30</styleUrl>
  <MultiGeometry>
    <Polygon>
      <outerBoundaryIs>
        <LinearRing>
          <coordinates>
-122.27,41.54,4000 -122.24,41.55,4000 -122.20,41.55,4000 -122.17,41.56,4000 -122.13,41.57,4000 -122.10,41.57,4000 -122.07,41.57,4000 -122.04,41.57,4000 -122.00,41.57,4000 -121.97,41.56,4000 -121.93,41.55,4000 -121.90,41.54,4000 -121.87,41.53,4000 -121.86,41.51,4000 -121.86,41.49,4000 -121.88,41.47,4000 -121.90,41.44,4000 -121.93,41.42,4000 -121.96,41.39,4000 -121.98,41.37,4000 -122.00,41.35,4000 -122.02,41.32,4000 -122.05,41.31,4000 -122.07,41.29,4000 -122.10,41.27,4000 -122.12,41.26,4000 -122.15,41.24,4000 -122.19,41.23,4000 -122.22,41.22,4000 -122.25,41.22,4000 -122.28,41.21,4000 -122.31,41.21,4000 -122.35,41.20,4000 -122.38,41.19,4000 -122.41,41.18,4000 -122.44,41.16,4000 -122.47,41.14,4000 -122.49,41.12,4000 -122.52,41.10,4000 -122.54,41.07,4000 -122.56,41.05,4000 -122.58,41.04,4000 -122.60,41.02,4000 -122.62,41.01,4000 -122.64,40.99,4000 -122.66,40.97,4000 -122.69,40.95,4000 -122.72,40.93,4000 -122.75,40.92,4000 -122.78,40.90,4000 -122.81,40.89,4000 -122.84,40.88,4000 -122.88,40.88,4000 -122.92,40.88,4000 -122.96,40.89,4000 -122.99,40.89,4000 -123.02,40.90,4000 -123.05,40.90,4000 -123.09,40.91,4000 -123.11,40.93,4000 -123.12,40.95,4000 -123.12,40.97,4000 -123.11,41.00,4000 -123.11,41.03,4000 -123.10,41.06,4000 -123.09,41.08,4000 -123.09,41.10,4000 -123.09,41.12,4000 -123.07,41.14,4000 -123.05,41.16,4000 -123.03,41.18,4000 -123.00,41.20,4000 -122.97,41.22,4000 -122.94,41.24,4000 -122.91,41.26,4000 -122.88,41.27,4000 -122.85,41.28,4000 -122.82,41.28,4000 -122.78,41.28,4000 -122.75,41.29,4000 -122.71,41.29,4000 -122.68,41.30,4000 -122.65,41.31,4000 -122.61,41.32,4000 -122.57,41.33,4000 -122.54,41.34,4000 -122.51,41.35,4000 -122.48,41.36,4000 -122.46,41.37,4000 -122.43,41.40,4000 -122.44,41.42,4000 -122.27,41.54,4000 
          </coordinates>
        </LinearRing>
      </outerBoundaryIs>
      <innerBoundaryIs>
        <LinearRing>
          <coordinates>
-122.89,41.21,5000 -122.87,41.21,5000 -122.86,41.21,5000 -122.84,41.21,5000 -122.83,41.22,5000 -122.81,41.22,5000 -122.80,41.22,5000 -122.78,41.22,5000 -122.77,41.22,5000 -122.75,41.22,5000 -122.74,41.22,5000 -122.72,41.23,5000 -122.71,41.23,5000 -122.70,41.23,5000 -122.68,41.23,5000 -122.67,41.23,5000 -122.66,41.23,5000 -122.64,41.23,5000 -122.62,41.23,5000 -122.60,41.23,5000 -122.58,41.24,5000 -122.56,41.24,5000 -122.55,41.24,5000 -122.53,41.24,5000 -122.52,41.24,5000 -122.51,41.23,5000 -122.51,41.23,5000 -122.51,41.23,5000 -122.52,41.22,5000 -122.52,41.22,5000 -122.53,41.21,5000 -122.55,41.20,5000 -122.56,41.20,5000 -122.58,41.19,5000 -122.59,41.18,5000 -122.61,41.18,5000 -122.62,41.17,5000 -122.63,41.16,5000 -122.64,41.15,5000 -122.65,41.14,5000 -122.65,41.13,5000 -122.66,41.12,5000 -122.66,41.11,5000 -122.67,41.10,5000 -122.67,41.09,5000 -122.68,41.08,5000 -122.68,41.07,5000 -122.69,41.06,5000 -122.69,41.05,5000 -122.70,41.04,5000 -122.70,41.03,5000 -122.71,41.02,5000 -122.72,41.01,5000 -122.73,41.00,5000 -122.74,40.99,5000 -122.75,40.98,5000 -122.76,40.98,5000 -122.77,40.97,5000 -122.78,40.96,5000 -122.79,40.96,5000 -122.81,40.95,5000 -122.82,40.95,5000 -122.83,40.95,5000 -122.85,40.95,5000 -122.86,40.94,5000 -122.88,40.94,5000 -122.90,40.94,5000 -122.92,40.94,5000 -122.93,40.94,5000 -122.95,40.95,5000 -122.97,40.95,5000 -122.98,40.95,5000 -122.99,40.96,5000 -123.00,40.96,5000 -123.01,40.97,5000 -123.01,40.98,5000 -123.02,40.98,5000 -123.02,40.99,5000 -123.02,41.00,5000 -123.02,41.01,5000 -123.02,41.02,5000 -123.01,41.03,5000 -123.01,41.04,5000 -123.01,41.05,5000 -123.00,41.06,5000 -123.00,41.07,5000 -122.99,41.08,5000 -122.99,41.10,5000 -122.98,41.11,5000 -122.98,41.12,5000 -122.97,41.13,5000 -122.97,41.15,5000 -122.96,41.16,5000 -122.89,41.21,5000 
          </coordinates>
        </LinearRing>
      </innerBoundaryIs>
      <innerBoundaryIs>
        <LinearRing>
          <coordinates>
-122.25,41.47,5000 -122.24,41.47,5000 -122.23,41.47,5000 -122.22,41.47,5000 -122.21,41.47,5000 -122.20,41.48,5000 -122.19,41.48,5000 -122.17,41.48,5000 -122.16,41.48,5000 -122.15,41.48,5000 -122.14,41.48,5000 -122.13,41.48,5000 -122.12,41.48,5000 -122.12,41.48,5000 -122.11,41.48,5000 -122.10,41.48,5000 -122.09,41.49,5000 -122.08,41.49,5000 -122.07,41.49,5000 -122.06,41.49,5000 -122.06,41.49,5000 -122.05,41.49,5000 -122.04,41.49,5000 -122.04,41.49,5000 -122.03,41.49,5000 -122.03,41.49,5000 -122.02,41.49,5000 -122.00,41.49,5000 -122.00,41.48,5000 -122.00,41.48,5000 -121.99,41.48,5000 -122.01,41.47,5000 -122.01,41.47,5000 -122.02,41.46,5000 -122.02,41.46,5000 -122.03,41.46,5000 -122.03,41.45,5000 -122.04,41.45,5000 -122.05,41.45,5000 -122.06,41.44,5000 -122.06,41.44,5000 -122.07,41.43,5000 -122.08,41.43,5000 -122.09,41.42,5000 -122.09,41.41,5000 -122.10,41.41,5000 -122.11,41.40,5000 -122.12,41.40,5000 -122.13,41.39,5000 -122.14,41.39,5000 -122.14,41.38,5000 -122.15,41.38,5000 -122.16,41.37,5000 -122.17,41.37,5000 -122.18,41.37,5000 -122.18,41.36,5000 -122.19,41.36,5000 -122.20,41.36,5000 -122.20,41.35,5000 -122.21,41.35,5000 -122.21,41.35,5000 -122.22,41.35,5000 -122.23,41.35,5000 -122.24,41.35,5000 -122.24,41.35,5000 -122.25,41.35,5000 -122.25,41.36,5000 -122.26,41.36,5000 -122.27,41.37,5000 -122.27,41.37,5000 -122.27,41.38,5000 -122.28,41.38,5000 -122.28,41.39,5000 -122.29,41.40,5000 -122.29,41.41,5000 -122.29,41.42,5000 -122.29,41.42,5000 -122.30,41.43,5000 -122.30,41.44,5000 -122.25,41.47,5000 
          </coordinates>
        </LinearRing>
      </innerBoundaryIs>
  </Polygon>
 </MultiGeometry>
</Placemark>
<Placemark>
  <name>30%</name>
  <visibility>1</visibility>
  <styleUrl>#poly_30</styleUrl>
  <MultiGeometry>
    <Polygon>
      <outerBoundaryIs>
        <LinearRing>
          <coordinates>
-121.78,45.01,4000 -121.75,44.98,4000 -121.72,44.95,4000 -121.69,44.92,4000 -121.66,44.89,4000 -121.63,44.85,4000 -121.60,44.81,4000 -121.58,44.76,4000 -121.57,44.72,4000 -121.58,44.67,4000 -121.60,44.62,4000 -121.62,44.57,4000 -121.64,44.54,4000 -121.64,44.53,4000 -121.65,44.50,4000 -121.67,44.45,4000 -121.69,44.41,4000 -121.69,44.36,4000 -121.67,44.32,4000 -121.64,44.28,4000 -121.60,44.24,4000 -121.57,44.20,4000 -121.55,44.16,4000 -121.53,44.12,4000 -121.52,44.07,4000 -121.53,44.03,4000 -121.55,43.99,4000 -121.58,43.96,4000 -121.62,43.92,4000 -121.66,43.89,4000 -121.70,43.86,4000 -121.76,43.84,4000 -121.82,43.82,4000 -121.87,43.81,4000 -121.90,43.77,4000 -121.91,43.74,4000 -121.93,43.75,4000 -121.95,43.79,4000 -121.96,43.83,4000 -121.97,43.88,4000 -121.98,43.92,4000 -121.99,43.96,4000 -121.99,43.99,4000 -121.99,44.01,4000 -121.99,44.05,4000 -121.99,44.09,4000 -121.99,44.14,4000 -121.99,44.18,4000 -121.99,44.23,4000 -121.99,44.28,4000 -121.99,44.32,4000 -122.00,44.36,4000 -122.01,44.40,4000 -122.02,44.44,4000 -122.03,44.48,4000 -122.04,44.52,4000 -122.05,44.57,4000 -122.05,44.61,4000 -122.05,44.66,4000 -122.04,44.71,4000 -122.02,44.76,4000 -122.00,44.81,4000 -121.98,44.84,4000 -121.97,44.84,4000 -121.78,45.01,4000 
          </coordinates>
        </LinearRing>
      </outerBoundaryIs>
      <innerBoundaryIs>
        <LinearRing>
          <coordinates>
-121.94,44.73,5000 -121.90,44.75,5000 -121.86,44.77,5000 -121.82,44.79,5000 -121.79,44.81,5000 -121.76,44.82,5000 -121.73,44.82,5000 -121.70,44.81,5000 -121.67,44.77,5000 -121.66,44.74,5000 -121.65,44.71,5000 -121.65,44.68,5000 -121.68,44.65,5000 -121.70,44.63,5000 -121.72,44.61,5000 -121.75,44.58,5000 -121.77,44.55,5000 -121.79,44.52,5000 -121.80,44.49,5000 -121.81,44.46,5000 -121.81,44.43,5000 -121.81,44.40,5000 -121.81,44.37,5000 -121.80,44.34,5000 -121.79,44.31,5000 -121.77,44.29,5000 -121.74,44.26,5000 -121.72,44.23,5000 -121.70,44.21,5000 -121.68,44.18,5000 -121.67,44.15,5000 -121.66,44.12,5000 -121.65,44.09,5000 -121.65,44.06,5000 -121.65,44.03,5000 -121.65,44.01,5000 -121.66,43.98,5000 -121.69,43.95,5000 -121.72,43.94,5000 -121.75,43.94,5000 -121.79,43.95,5000 -121.82,43.96,5000 -121.85,43.98,5000 -121.86,44.00,5000 -121.87,44.03,5000 -121.88,44.06,5000 -121.88,44.09,5000 -121.89,44.12,5000 -121.89,44.15,5000 -121.89,44.18,5000 -121.89,44.21,5000 -121.88,44.24,5000 -121.88,44.27,5000 -121.88,44.30,5000 -121.88,44.33,5000 -121.89,44.36,5000 -121.90,44.39,5000 -121.91,44.42,5000 -121.92,44.44,5000 -121.93,44.47,5000 -121.94,44.50,5000 -121.95,44.53,5000 -121.95,44.56,5000 -121.96,44.58,5000 -121.96,44.61,5000 -121.97,44.64,5000 -121.97,44.67,5000 -121.94,44.73,5000 
          </coordinates>
        </LinearRing>
      </innerBoundaryIs>
  </Polygon>
 </MultiGeometry>
</Placemark>
<Placemark>
  <name>30%</name>
  <visibility>1</visibility>
  <styleUrl>#poly_30</styleUrl>
  <MultiGeometry>
    <Polygon>
      <outerBoundaryIs>
        <LinearRing>
          <coordinates>
-126.86,50.40,4000 -126.79,50.42,4000 -126.72,50.44,4000 -126.65,50.46,4000 -126.58,50.47,4000 -126.50,50.48,4000 -126.42,50.48,4000 -126.33,50.47,4000 -126.24,50.46,4000 -126.15,50.44,4000 -126.07,50.42,4000 -126.01,50.39,4000 -125.95,50.36,4000 -125.89,50.32,4000 -125.84,50.28,4000 -125.79,50.24,4000 -125.73,50.20,4000 -125.67,50.16,4000 -125.61,50.13,4000 -125.56,50.09,4000 -125.50,50.05,4000 -125.44,50.01,4000 -125.38,49.97,4000 -125.32,49.93,4000 -125.27,49.89,4000 -125.21,49.85,4000 -125.15,49.81,4000 -125.09,49.76,4000 -125.03,49.71,4000 -124.99,49.67,4000 -124.94,49.62,4000 -124.90,49.57,4000 -124.85,49.52,4000 -124.80,49.47,4000 -124.75,49.41,4000 -124.71,49.37,4000 -124.66,49.32,4000 -124.62,49.29,4000 -124.54,49.25,4000 -124.46,49.22,4000 -124.38,49.20,4000 -124.31,49.19,4000 -124.26,49.16,4000 -124.22,49.11,4000 -124.20,49.06,4000 -124.20,49.01,4000 -124.22,48.97,4000 -124.27,48.94,4000 -124.34,48.91,4000 -124.42,48.90,4000 -124.50,48.91,4000 -124.55,48.94,4000 -124.59,48.98,4000 -124.64,49.03,4000 -124.68,49.09,4000 -124.74,49.14,4000 -124.80,49.18,4000 -124.86,49.21,4000 -124.93,49.22,4000 -125.02,49.22,4000 -125.10,49.20,4000 -125.19,49.19,4000 -125.28,49.17,4000 -125.37,49.16,4000 -125.45,49.16,4000 -125.54,49.17,4000 -125.62,49.19,4000 -125.70,49.22,4000 -125.78,49.24,4000 -125.86,49.28,4000 -125.93,49.31,4000 -126.00,49.35,4000 -126.06,49.39,4000 -126.12,49.43,4000 -126.17,49.48,4000 -126.23,49.53,4000 -126.29,49.57,4000 -126.35,49.61,4000 -126.42,49.66,4000 -126.49,49.70,4000 -126.55,49.74,4000 -126.61,49.78,4000 -126.67,49.82,4000 -126.73,49.86,4000 -126.79,49.90,4000 -126.84,49.95,4000 -126.88,49.99,4000 -126.92,50.03,4000 -126.95,50.08,4000 -126.96,50.13,4000 -126.97,50.18,4000 -126.98,50.23,4000 -126.98,50.28,4000 -126.86,50.40,4000 
          </coordinates>
        </LinearRing>
      </outerBoundaryIs>
      <innerBoundaryIs>
        <LinearRing>
          <coordinates>
-126.84,50.35,5000 -126.78,50.37,5000 -126.73,50.40,5000 -126.67,50.41,5000 -126.61,50.43,5000 -126.55,50.44,5000 -126.48,50.45,5000 -126.41,50.45,5000 -126.34,50.45,5000 -126.28,50.44,5000 -126.23,50.43,5000 -126.17,50.42,5000 -126.11,50.40,5000 -126.05,50.37,5000 -126.00,50.34,5000 -125.96,50.31,5000 -125.91,50.27,5000 -125.86,50.23,5000 -125.81,50.20,5000 -125.76,50.16,5000 -125.72,50.13,5000 -125.67,50.10,5000 -125.62,50.07,5000 -125.58,50.05,5000 -125.53,50.02,5000 -125.49,50.00,5000 -125.45,49.97,5000 -125.41,49.95,5000 -125.37,49.92,5000 -125.33,49.90,5000 -125.28,49.86,5000 -125.24,49.83,5000 -125.20,49.80,5000 -125.15,49.76,5000 -125.11,49.72,5000 -125.06,49.68,5000 -125.02,49.64,5000 -124.99,49.61,5000 -124.95,49.57,5000 -124.92,49.53,5000 -124.89,49.49,5000 -124.88,49.45,5000 -124.88,49.41,5000 -124.90,49.38,5000 -124.93,49.34,5000 -124.98,49.31,5000 -125.03,49.28,5000 -125.08,49.25,5000 -125.12,49.23,5000 -125.18,49.21,5000 -125.24,49.20,5000 -125.31,49.19,5000 -125.37,49.19,5000 -125.42,49.19,5000 -125.48,49.20,5000 -125.54,49.21,5000 -125.59,49.22,5000 -125.65,49.24,5000 -125.71,49.26,5000 -125.77,49.28,5000 -125.83,49.31,5000 -125.89,49.34,5000 -125.95,49.37,5000 -125.99,49.40,5000 -126.04,49.43,5000 -126.08,49.46,5000 -126.12,49.49,5000 -126.15,49.52,5000 -126.19,49.55,5000 -126.23,49.59,5000 -126.27,49.63,5000 -126.31,49.66,5000 -126.36,49.70,5000 -126.40,49.73,5000 -126.45,49.75,5000 -126.50,49.78,5000 -126.56,49.81,5000 -126.61,49.84,5000 -126.66,49.87,5000 -126.70,49.90,5000 -126.74,49.93,5000 -126.77,49.97,5000 -126.81,50.01,5000 -126.84,50.04,5000 -126.88,50.08,5000 -126.91,50.12,5000 -126.84,50.35,5000 
          </coordinates>
        </LinearRing>
      </innerBoundaryIs>
  </Polygon>
 </MultiGeometry>
</Placemark>
<Placemark>
  <name>30%</name>
  <visibility>1</visibility>
  <styleUrl>#poly_30</styleUrl>
  <MultiGeometry>
    <Polygon>
      <outerBoundaryIs>
        <LinearRing>
          <coordinates>
-123.72,48.11,4000 -123.68,48.11,4000 -123.64,48.10,4000 -123.60,48.10,4000 -123.57,48.10,4000 -123.53,48.10,4000 -123.51,48.09,4000 -123.48,48.09,4000 -123.46,48.09,4000 -123.44,48.09,4000 -123.42,48.09,4000 -123.39,48.08,4000 -123.36,48.08,4000 -123.32,48.07,4000 -123.29,48.06,4000 -123.25,48.06,4000 -123.22,48.05,4000 -123.19,48.04,4000 -123.16,48.03,4000 -123.13,48.02,4000 -123.10,48.01,4000 -123.08,48.00,4000 -123.05,47.99,4000 -123.03,47.97,4000 -123.01,47.95,4000 -122.99,47.93,4000 -122.97,47.91,4000 -122.96,47.89,4000 -122.94,47.87,4000 -122.93,47.84,4000 -122.92,47.82,4000 -122.92,47.80,4000 -122.91,47.77,4000 -122.91,47.75,4000 -122.92,47.73,4000 -122.92,47.70,4000 -122.93,47.68,4000 -122.93,47.66,4000 -122.94,47.64,4000 -122.95,47.62,4000 -122.96,47.60,4000 -122.98,47.58,4000 -123.00,47.57,4000 -123.03,47.55,4000 -123.05,47.54,4000 -123.08,47.53,4000 -123.11,47.52,4000 -123.14,47.51,4000 -123.17,47.49,4000 -123.20,47.48,4000 -123.23,47.48,4000 -123.26,47.47,4000 -123.29,47.46,4000 -123.33,47.46,4000 -123.37,47.46,4000 -123.40,47.46,4000 -123.44,47.45,4000 -123.48,47.46,4000 -123.51,47.46,4000 -123.54,47.47,4000 -123.58,47.47,4000 -123.61,47.48,4000 -123.64,47.50,4000 -123.67,47.51,4000 -123.70,47.52,4000 -123.72,47.53,4000 -123.75,47.55,4000 -123.77,47.56,4000 -123.79,47.58,4000 -123.81,47.60,4000 -123.83,47.61,4000 -123.85,47.63,4000 -123.88,47.64,4000 -123.90,47.66,4000 -123.92,47.68,4000 -123.93,47.70,4000 -123.94,47.72,4000 -123.95,47.74,4000 -123.96,47.77,4000 -123.97,47.79,4000 -123.98,47.82,4000 -123.98,47.84,4000 -123.98,47.86,4000 -123.97,47.89,4000 -123.96,47.91,4000 -123.95,47.93,4000 -123.94,47.95,4000 -123.93,47.97,4000 -123.91,47.99,4000 -123.90,48.01,4000 -123.88,48.02,4000 -123.86,48.03,4000 -123.72,48.11,4000 
          </coordinates>
        </LinearRing>
      </outerBoundaryIs>
      <innerBoundaryIs>
        <LinearRing>
          <coordinates>
-123.70,48.05,5000 -123.68,48.05,5000 -123.66,48.05,5000 -123.64,48.05,5000 -123.61,48.05,5000 -123.58,48.05,5000 -123.54,48.05,5000 -123.51,48.05,5000 -123.47,48.05,5000 -123.44,48.05,5000 -123.41,48.05,5000 -123.38,48.04,5000 -123.35,48.04,5000 -123.32,48.03,5000 -123.29,48.02,5000 -123.26,48.01,5000 -123.24,48.01,5000 -123.21,48.00,5000 -123.19,48.00,5000 -123.17,47.99,5000 -123.14,47.98,5000 -123.13,47.98,5000 -123.11,47.96,5000 -123.10,47.95,5000 -123.08,47.94,5000 -123.07,47.92,5000 -123.05,47.90,5000 -123.03,47.89,5000 -123.01,47.87,5000 -123.00,47.85,5000 -122.99,47.83,5000 -122.98,47.81,5000 -122.98,47.79,5000 -122.98,47.77,5000 -122.98,47.75,5000 -122.99,47.72,5000 -122.99,47.70,5000 -123.00,47.68,5000 -123.01,47.66,5000 -123.02,47.64,5000 -123.02,47.63,5000 -123.02,47.62,5000 -123.05,47.61,5000 -123.07,47.60,5000 -123.09,47.59,5000 -123.11,47.58,5000 -123.13,47.56,5000 -123.16,47.55,5000 -123.19,47.53,5000 -123.21,47.52,5000 -123.24,47.51,5000 -123.27,47.50,5000 -123.30,47.50,5000 -123.33,47.49,5000 -123.36,47.49,5000 -123.39,47.49,5000 -123.42,47.50,5000 -123.45,47.50,5000 -123.48,47.50,5000 -123.51,47.51,5000 -123.53,47.51,5000 -123.56,47.51,5000 -123.58,47.52,5000 -123.60,47.53,5000 -123.61,47.54,5000 -123.64,47.55,5000 -123.66,47.56,5000 -123.68,47.57,5000 -123.70,47.58,5000 -123.72,47.60,5000 -123.74,47.61,5000 -123.77,47.63,5000 -123.79,47.64,5000 -123.81,47.66,5000 -123.83,47.67,5000 -123.84,47.69,5000 -123.85,47.71,5000 -123.87,47.73,5000 -123.88,47.75,5000 -123.88,47.78,5000 -123.89,47.80,5000 -123.89,47.82,5000 -123.90,47.84,5000 -123.90,47.85,5000 -123.90,47.87,5000 -123.89,47.88,5000 -123.88,47.89,5000 -123.86,47.91,5000 -123.85,47.92,5000 -123.83,47.94,5000 -123.81,47.95,5000 -123.79,47.97,5000 -123.77,47.99,5000 -123.75,48.01,5000 -123.73,48.03,5000 -123.71,48.05,5000 -123.70,48.05,5000 
          </coordinates>
        </LinearRing>
      </innerBoundaryIs>
  </Polygon>
 </MultiGeometry>
</Placemark>
<Placemark>
  <name>30%</name>
  <visibility>1</visibility>
  <styleUrl>#poly_30</styleUrl>
  <MultiGeometry>
    <Polygon>
      <outerBoundaryIs>
        <LinearRing>
          <coordinates>
-110.35,45.53,4000 -110.15,45.51,4000 -109.98,45.49,4000 -109.86,45.46,4000 -109.74,45.40,4000 -109.60,45.36,4000 -109.44,45.30,4000 -109.32,45.16,4000 -109.30,45.07,4000 -109.28,44.94,4000 -109.27,44.81,4000 -109.27,44.66,4000 -109.27,44.51,4000 -109.27,44.37,4000 -109.27,44.25,4000 -109.27,44.15,4000 -109.24,43.99,4000 -109.22,43.92,4000 -109.21,43.85,4000 -109.27,43.74,4000 -109.35,43.63,4000 -109.39,43.50,4000 -109.40,43.39,4000 -109.36,43.32,4000 -109.28,43.25,4000 -109.21,43.17,4000 -109.14,43.08,4000 -109.08,42.99,4000 -109.05,42.89,4000 -109.05,42.79,4000 -109.06,42.70,4000 -109.12,42.61,4000 -109.20,42.57,4000 -109.30,42.58,4000 -109.42,42.61,4000 -109.55,42.67,4000 -109.69,42.72,4000 -109.86,42.75,4000 -110.02,42.75,4000 -110.12,42.71,4000 -110.20,42.63,4000 -110.27,42.51,4000 -110.34,42.38,4000 -110.42,42.28,4000 -110.50,42.21,4000 -110.66,42.14,4000 -110.77,42.15,4000 -110.88,42.17,4000 -111.00,42.20,4000 -111.11,42.22,4000 -111.28,42.16,4000 -111.31,42.08,4000 -111.33,41.97,4000 -111.37,41.88,4000 -111.47,41.78,4000 -111.58,41.73,4000 -111.70,41.79,4000 -111.78,41.92,4000 -111.77,42.02,4000 -111.73,42.13,4000 -111.67,42.26,4000 -111.63,42.38,4000 -111.59,42.49,4000 -111.55,42.61,4000 -111.51,42.72,4000 -111.50,42.82,4000 -111.53,42.93,4000 -111.59,43.02,4000 -111.62,43.11,4000 -111.61,43.21,4000 -111.57,43.32,4000 -111.53,43.44,4000 -111.49,43.55,4000 -111.44,43.67,4000 -111.40,43.78,4000 -111.36,43.87,4000 -111.30,43.99,4000 -111.34,44.06,4000 -111.41,44.15,4000 -111.48,44.23,4000 -111.55,44.33,4000 -111.61,44.43,4000 -111.63,44.52,4000 -111.63,44.62,4000 -111.62,44.72,4000 -111.61,44.83,4000 -111.60,44.95,4000 -111.58,45.04,4000 -111.51,45.13,4000 -111.42,45.18,4000 -111.31,45.21,4000 -111.18,45.22,4000 -111.05,45.20,4000 -110.92,45.18,4000 -110.79,45.22,4000 -110.67,45.28,4000 -110.59,45.35,4000 -110.52,45.43,4000 -110.35,45.53,4000 
          </coordinates>
        </LinearRing>
      </outerBoundaryIs>
      <innerBoundaryIs>
        <LinearRing>
          <coordinates>
-110.34,45.47,5000 -110.19,45.48,5000 -110.05,45.47,5000 -109.91,45.43,5000 -109.77,45.37,5000 -109.65,45.31,5000 -109.53,45.24,5000 -109.44,45.18,5000 -109.34,45.11,5000 -109.30,45.01,5000 -109.32,44.90,5000 -109.38,44.76,5000 -109.45,44.63,5000 -109.49,44.52,5000 -109.50,44.39,5000 -109.47,44.30,5000 -109.41,44.22,5000 -109.34,44.14,5000 -109.30,44.05,5000 -109.28,43.94,5000 -109.27,43.85,5000 -109.33,43.75,5000 -109.41,43.67,5000 -109.47,43.61,5000 -109.50,43.55,5000 -109.50,43.48,5000 -109.47,43.39,5000 -109.38,43.29,5000 -109.27,43.18,5000 -109.19,43.09,5000 -109.13,42.99,5000 -109.11,42.90,5000 -109.11,42.79,5000 -109.13,42.71,5000 -109.27,42.64,5000 -109.37,42.65,5000 -109.48,42.68,5000 -109.58,42.72,5000 -109.68,42.77,5000 -109.78,42.81,5000 -109.89,42.83,5000 -110.00,42.83,5000 -110.10,42.79,5000 -110.19,42.72,5000 -110.28,42.60,5000 -110.34,42.51,5000 -110.41,42.40,5000 -110.49,42.29,5000 -110.55,42.22,5000 -110.65,42.18,5000 -110.74,42.19,5000 -110.83,42.21,5000 -110.92,42.24,5000 -111.03,42.27,5000 -111.14,42.30,5000 -111.24,42.30,5000 -111.33,42.28,5000 -111.42,42.17,5000 -111.43,42.05,5000 -111.45,41.94,5000 -111.55,41.88,5000 -111.65,41.85,5000 -111.69,41.93,5000 -111.67,42.02,5000 -111.63,42.14,5000 -111.58,42.27,5000 -111.54,42.39,5000 -111.49,42.50,5000 -111.44,42.62,5000 -111.40,42.73,5000 -111.38,42.83,5000 -111.41,42.94,5000 -111.47,43.03,5000 -111.51,43.12,5000 -111.51,43.22,5000 -111.49,43.31,5000 -111.46,43.42,5000 -111.43,43.52,5000 -111.38,43.63,5000 -111.34,43.73,5000 -111.30,43.82,5000 -111.25,43.93,5000 -111.24,44.01,5000 -111.28,44.09,5000 -111.35,44.18,5000 -111.41,44.26,5000 -111.48,44.34,5000 -111.53,44.43,5000 -111.54,44.53,5000 -111.54,44.63,5000 -111.53,44.73,5000 -111.53,44.83,5000 -111.53,44.93,5000 -111.50,45.01,5000 -111.41,45.10,5000 -111.27,45.14,5000 -111.12,45.11,5000 -110.94,45.06,5000 -110.77,45.06,5000 -110.67,45.12,5000 -110.58,45.21,5000 -110.49,45.32,5000 -110.41,45.44,5000 -110.34,45.47,5000 
          </coordinates>
        </LinearRing>
      </innerBoundaryIs>
  </Polygon>
 </MultiGeometry>
</Placemark>
<Placemark>
  <name>30%</name>
  <visibility>1</visibility>
  <styleUrl>#poly_30</styleUrl>
  <MultiGeometry>
    <Polygon>
      <outerBoundaryIs>
        <LinearRing>
          <coordinates>
-121.66,45.48,4000 -121.64,45.48,4000 -121.62,45.47,4000 -121.60,45.47,4000 -121.58,45.46,4000 -121.57,45.45,4000 -121.55,45.44,4000 -121.54,45.43,4000 -121.53,45.42,4000 -121.53,45.41,4000 -121.52,45.40,4000 -121.52,45.38,4000 -121.51,45.37,4000 -121.50,45.36,4000 -121.50,45.34,4000 -121.50,45.33,4000 -121.49,45.31,4000 -121.49,45.30,4000 -121.49,45.28,4000 -121.49,45.27,4000 -121.49,45.26,4000 -121.49,45.24,4000 -121.50,45.23,4000 -121.50,45.22,4000 -121.51,45.20,4000 -121.52,45.19,4000 -121.53,45.18,4000 -121.54,45.17,4000 -121.55,45.16,4000 -121.57,45.15,4000 -121.58,45.14,4000 -121.60,45.14,4000 -121.62,45.13,4000 -121.64,45.12,4000 -121.66,45.12,4000 -121.69,45.11,4000 -121.71,45.11,4000 -121.73,45.10,4000 -121.75,45.10,4000 -121.77,45.10,4000 -121.79,45.10,4000 -121.80,45.10,4000 -121.82,45.11,4000 -121.83,45.11,4000 -121.84,45.12,4000 -121.85,45.14,4000 -121.85,45.15,4000 -121.86,45.17,4000 -121.86,45.18,4000 -121.87,45.20,4000 -121.87,45.21,4000 -121.87,45.22,4000 -121.88,45.24,4000 -121.88,45.25,4000 -121.88,45.27,4000 -121.88,45.28,4000 -121.87,45.29,4000 -121.87,45.31,4000 -121.87,45.32,4000 -121.87,45.33,4000 -121.87,45.35,4000 -121.86,45.36,4000 -121.86,45.37,4000 -121.85,45.38,4000 -121.66,45.48,4000 
          </coordinates>
        </LinearRing>
      </outerBoundaryIs>
  </Polygon>
 </MultiGeometry>
</Placemark>
<Placemark>
  <name>30%</name>
  <visibility>1</visibility>
  <styleUrl>#poly_30</styleUrl>
  <MultiGeometry>
    <Polygon>
      <outerBoundaryIs>
        <LinearRing>
          <coordinates>
-113.62,44.67,4000 -113.61,44.67,4000 -113.60,44.67,4000 -113.59,44.67,4000 -113.58,44.67,4000 -113.56,44.66,4000 -113.55,44.65,4000 -113.54,44.64,4000 -113.53,44.63,4000 -113.53,44.63,4000 -113.52,44.62,4000 -113.52,44.61,4000 -113.51,44.60,4000 -113.50,44.59,4000 -113.50,44.58,4000 -113.49,44.57,4000 -113.48,44.56,4000 -113.48,44.55,4000 -113.47,44.54,4000 -113.47,44.53,4000 -113.46,44.52,4000 -113.46,44.51,4000 -113.45,44.50,4000 -113.45,44.49,4000 -113.45,44.49,4000 -113.45,44.48,4000 -113.45,44.47,4000 -113.46,44.46,4000 -113.46,44.45,4000 -113.47,44.44,4000 -113.48,44.43,4000 -113.50,44.43,4000 -113.51,44.42,4000 -113.52,44.41,4000 -113.53,44.41,4000 -113.54,44.40,4000 -113.55,44.40,4000 -113.56,44.40,4000 -113.57,44.40,4000 -113.58,44.40,4000 -113.59,44.41,4000 -113.59,44.41,4000 -113.60,44.42,4000 -113.61,44.43,4000 -113.61,44.45,4000 -113.62,44.46,4000 -113.62,44.47,4000 -113.62,44.47,4000 -113.63,44.48,4000 -113.63,44.49,4000 -113.63,44.50,4000 -113.63,44.51,4000 -113.64,44.52,4000 -113.64,44.53,4000 -113.64,44.54,4000 -113.64,44.55,4000 -113.64,44.56,4000 -113.64,44.57,4000 -113.64,44.58,4000 -113.65,44.60,4000 -113.65,44.61,4000 -113.65,44.62,4000 -113.65,44.63,4000 -113.62,44.67,4000 
          </coordinates>
        </LinearRing>
      </outerBoundaryIs>
  </Polygon>
 </MultiGeometry>
</Placemark>
<Placemark>
  <name>30%</name>
  <visibility>1</visibility>
  <styleUrl>#poly_30</styleUrl>
  <MultiGeometry>
    <Polygon>
      <outerBoundaryIs>
        <LinearRing>
          <coordinates>
-125.34,50.59,4000 -124.93,50.73,4000 -124.72,50.76,4000 -124.43,50.80,4000 -124.12,50.84,4000 -123.75,50.89,4000 -123.39,50.94,4000 -123.03,50.99,4000 -122.67,51.04,4000 -122.38,51.07,4000 -121.95,50.99,4000 -121.75,50.81,4000 -121.42,50.72,4000 -120.98,50.69,4000 -120.64,50.61,4000 -120.32,50.53,4000 -119.98,50.52,4000 -119.88,50.77,4000 -119.59,50.78,4000 -119.41,50.66,4000 -119.54,50.52,4000 -119.57,50.32,4000 -119.51,50.15,4000 -119.44,50.00,4000 -119.37,49.96,4000 -119.34,50.13,4000 -119.21,50.19,4000 -119.05,50.32,4000 -119.08,50.45,4000 -119.29,50.63,4000 -119.30,50.80,4000 -119.53,50.93,4000 -119.60,51.05,4000 -119.55,51.22,4000 -119.38,51.36,4000 -118.94,51.48,4000 -118.65,51.52,4000 -118.29,51.56,4000 -117.92,51.60,4000 -117.53,51.64,4000 -117.12,51.69,4000 -116.78,51.72,4000 -116.43,51.75,4000 -116.20,51.77,4000 -115.96,51.77,4000 -115.73,51.67,4000 -115.63,51.46,4000 -115.53,51.24,4000 -115.24,50.99,4000 -114.94,50.81,4000 -114.74,50.62,4000 -114.62,50.32,4000 -114.51,50.10,4000 -114.40,49.87,4000 -114.33,49.68,4000 -114.27,49.53,4000 -114.06,49.36,4000 -113.85,49.25,4000 -113.56,49.05,4000 -113.34,48.85,4000 -113.08,48.59,4000 -112.84,48.34,4000 -112.66,48.14,4000 -112.56,47.86,4000 -112.57,47.69,4000 -112.57,47.51,4000 -112.51,47.33,4000 -112.46,47.16,4000 -112.48,46.98,4000 -112.55,46.84,4000 -112.77,46.76,4000 -113.01,46.91,4000 -113.32,46.98,4000 -113.73,46.87,4000 -113.92,46.84,4000 -113.92,46.70,4000 -113.55,46.67,4000 -113.31,46.61,4000 -113.10,46.55,4000 -112.92,46.48,4000 -112.84,46.32,4000 -112.86,46.18,4000 -112.89,46.00,4000 -112.85,45.78,4000 -112.83,45.57,4000 -112.97,45.32,4000 -113.20,45.15,4000 -113.41,45.07,4000 -113.60,45.14,4000 -113.84,45.29,4000 -113.99,45.41,4000 -114.17,45.31,4000 -114.22,45.23,4000 -114.11,44.98,4000 -114.15,44.77,4000 -114.27,44.48,4000 -114.26,44.31,4000 -114.14,44.14,4000 -113.92,43.93,4000 -113.82,43.77,4000 -113.90,43.58,4000 -114.26,43.45,4000 -114.65,43.35,4000 -115.05,43.33,4000 -115.38,43.41,4000 -115.61,43.54,4000 -115.70,43.68,4000 -115.78,43.84,4000 -115.92,44.09,4000 -116.16,44.34,4000 -116.36,44.58,4000 -116.57,44.80,4000 -116.83,44.93,4000 -117.05,44.98,4000 -117.31,44.97,4000 -117.60,45.07,4000 -117.71,45.24,4000 -117.44,45.41,4000 -117.21,45.36,4000 -117.00,45.29,4000 -116.90,45.24,4000 -116.70,45.32,4000 -116.50,45.42,4000 -116.17,45.57,4000 -115.92,45.78,4000 -115.70,45.94,4000 -115.60,46.13,4000 -115.68,46.33,4000 -115.76,46.46,4000 -115.90,46.61,4000 -116.22,46.73,4000 -116.51,46.90,4000 -116.54,47.10,4000 -116.50,47.34,4000 -116.48,47.54,4000 -116.56,47.73,4000 -116.63,47.87,4000 -116.49,48.06,4000 -116.52,48.28,4000 -116.92,48.39,4000 -117.33,48.36,4000 -117.57,48.45,4000 -117.69,48.60,4000 -117.81,48.88,4000 -118.04,48.88,4000 -118.16,48.79,4000 -118.24,48.59,4000 -118.44,48.38,4000 -118.68,48.38,4000 -118.93,48.41,4000 -119.16,48.44,4000 -119.24,48.49,4000 -119.07,48.78,4000 -118.66,48.86,4000 -118.60,49.03,4000 -118.85,49.07,4000 -119.10,49.04,4000 -119.33,49.14,4000 -119.40,49.28,4000 -119.44,49.45,4000 -119.43,49.64,4000 -119.42,49.79,4000 -119.60,49.85,4000 -119.71,49.74,4000 -119.80,49.58,4000 -119.78,49.42,4000 -119.73,49.25,4000 -119.64,48.97,4000 -119.60,48.80,4000 -119.59,48.64,4000 -119.71,48.39,4000 -119.89,48.15,4000 -120.09,47.92,4000 -120.27,47.69,4000 -120.37,47.49,4000 -120.39,47.25,4000 -120.62,47.03,4000 -120.78,46.75,4000 -120.80,46.46,4000 -120.81,46.19,4000 -120.84,46.05,4000 -121.08,46.02,4000 -121.45,45.95,4000 -121.79,45.85,4000 -122.05,45.95,4000 -122.28,46.14,4000 -122.31,46.30,4000 -122.23,46.44,4000 -122.11,46.55,4000 -122.08,46.72,4000 -122.06,46.90,4000 -121.92,47.19,4000 -121.77,47.47,4000 -121.75,47.64,4000 -121.82,47.92,4000 -121.87,48.10,4000 -121.93,48.27,4000 -122.07,48.44,4000 -122.12,48.61,4000 -122.14,48.78,4000 -122.11,48.95,4000 -122.04,49.12,4000 -122.13,49.26,4000 -122.58,49.33,4000 -122.99,49.38,4000 -123.37,49.43,4000 -123.65,49.48,4000 -123.85,49.58,4000 -123.97,49.72,4000 -124.22,49.87,4000 -124.49,50.03,4000 -124.74,50.25,4000 -125.11,50.39,4000 -125.37,50.50,4000 -125.34,50.59,4000 
          </coordinates>
        </LinearRing>
      </outerBoundaryIs>
      <innerBoundaryIs>
        <LinearRing>
          <coordinates>
-114.34,48.23,4000 -114.31,48.21,4000 -114.29,48.19,4000 -114.26,48.16,4000 -114.24,48.13,4000 -114.22,48.10,4000 -114.21,48.07,4000 -114.19,48.03,4000 -114.18,48.00,4000 -114.18,47.97,4000 -114.17,47.93,4000 -114.18,47.90,4000 -114.18,47.86,4000 -114.18,47.83,4000 -114.18,47.80,4000 -114.18,47.76,4000 -114.18,47.73,4000 -114.17,47.69,4000 -114.17,47.66,4000 -114.17,47.63,4000 -114.16,47.59,4000 -114.16,47.56,4000 -114.15,47.52,4000 -114.15,47.49,4000 -114.14,47.45,4000 -114.14,47.42,4000 -114.13,47.38,4000 -114.13,47.35,4000 -114.15,47.32,4000 -114.19,47.30,4000 -114.24,47.28,4000 -114.30,47.27,4000 -114.35,47.26,4000 -114.39,47.26,4000 -114.42,47.27,4000 -114.45,47.30,4000 -114.48,47.32,4000 -114.52,47.33,4000 -114.56,47.36,4000 -114.60,47.38,4000 -114.64,47.40,4000 -114.67,47.41,4000 -114.72,47.42,4000 -114.74,47.44,4000 -114.74,47.46,4000 -114.73,47.50,4000 -114.72,47.53,4000 -114.72,47.57,4000 -114.71,47.59,4000 -114.71,47.61,4000 -114.70,47.63,4000 -114.68,47.66,4000 -114.65,47.69,4000 -114.63,47.72,4000 -114.61,47.76,4000 -114.59,47.79,4000 -114.57,47.83,4000 -114.56,47.86,4000 -114.55,47.90,4000 -114.55,47.93,4000 -114.54,47.96,4000 -114.54,47.98,4000 -114.55,48.00,4000 -114.55,48.03,4000 -114.55,48.06,4000 -114.55,48.09,4000 -114.55,48.13,4000 -114.34,48.23,4000 
          </coordinates>
        </LinearRing>
      </innerBoundaryIs>
      <innerBoundaryIs>
        <LinearRing>
          <coordinates>
-118.55,48.78,5000 -118.53,48.78,5000 -118.51,48.78,5000 -118.49,48.78,5000 -118.48,48.78,5000 -118.46,48.77,5000 -118.44,48.77,5000 -118.43,48.77,5000 -118.41,48.76,5000 -118.40,48.76,5000 -118.39,48.75,5000 -118.38,48.74,5000 -118.37,48.73,5000 -118.37,48.72,5000 -118.37,48.71,5000 -118.36,48.70,5000 -118.36,48.69,5000 -118.36,48.68,5000 -118.36,48.67,5000 -118.36,48.65,5000 -118.36,48.64,5000 -118.36,48.63,5000 -118.36,48.61,5000 -118.36,48.60,5000 -118.37,48.59,5000 -118.37,48.58,5000 -118.37,48.57,5000 -118.37,48.56,5000 -118.38,48.55,5000 -118.38,48.53,5000 -118.39,48.52,5000 -118.39,48.51,5000 -118.40,48.50,5000 -118.41,48.49,5000 -118.42,48.49,5000 -118.43,48.48,5000 -118.44,48.47,5000 -118.46,48.47,5000 -118.47,48.47,5000 -118.49,48.47,5000 -118.50,48.47,5000 -118.52,48.47,5000 -118.54,48.47,5000 -118.55,48.47,5000 -118.57,48.48,5000 -118.59,48.48,5000 -118.61,48.48,5000 -118.63,48.48,5000 -118.65,48.49,5000 -118.67,48.49,5000 -118.68,48.49,5000 -118.70,48.50,5000 -118.72,48.50,5000 -118.73,48.50,5000 -118.75,48.50,5000 -118.78,48.50,5000 -118.80,48.50,5000 -118.82,48.50,5000 -118.84,48.49,5000 -118.85,48.49,5000 -118.87,48.50,5000 -118.87,48.50,5000 -118.88,48.51,5000 -118.88,48.52,5000 -118.88,48.52,5000 -118.88,48.53,5000 -118.88,48.54,5000 -118.87,48.55,5000 -118.87,48.56,5000 -118.86,48.57,5000 -118.86,48.58,5000 -118.85,48.59,5000 -118.84,48.60,5000 -118.83,48.61,5000 -118.83,48.63,5000 -118.82,48.64,5000 -118.81,48.65,5000 -118.80,48.66,5000 -118.79,48.68,5000 -118.78,48.69,5000 -118.55,48.78,5000 
          </coordinates>
        </LinearRing>
      </innerBoundaryIs>
      <innerBoundaryIs>
        <LinearRing>
          <coordinates>
-125.10,50.64,5000 -124.88,50.69,5000 -124.65,50.73,5000 -124.43,50.77,5000 -124.23,50.80,5000 -124.03,50.82,5000 -123.75,50.86,5000 -123.50,50.90,5000 -123.21,50.95,5000 -122.89,51.00,5000 -122.59,51.04,5000 -122.33,51.04,5000 -122.07,50.98,5000 -121.86,50.88,5000 -121.67,50.77,5000 -121.49,50.69,5000 -121.26,50.65,5000 -121.06,50.64,5000 -120.88,50.63,5000 -120.63,50.57,5000 -120.46,50.50,5000 -120.42,50.32,5000 -120.58,50.18,5000 -120.44,50.03,5000 -120.28,50.07,5000 -120.12,50.14,5000 -119.99,50.26,5000 -119.73,50.30,5000 -119.64,50.17,5000 -119.65,49.99,5000 -119.75,49.88,5000 -119.85,49.74,5000 -119.87,49.62,5000 -119.86,49.48,5000 -119.84,49.34,5000 -119.79,49.18,5000 -119.73,49.01,5000 -119.68,48.87,5000 -119.66,48.73,5000 -119.67,48.63,5000 -119.74,48.47,5000 -119.82,48.35,5000 -119.92,48.19,5000 -120.04,48.03,5000 -120.13,47.90,5000 -120.27,47.76,5000 -120.38,47.64,5000 -120.41,47.47,5000 -120.45,47.30,5000 -120.59,47.13,5000 -120.73,46.97,5000 -120.80,46.82,5000 -120.85,46.66,5000 -120.87,46.52,5000 -120.88,46.38,5000 -120.90,46.26,5000 -121.04,46.11,5000 -121.17,46.07,5000 -121.33,46.04,5000 -121.54,45.96,5000 -121.76,45.91,5000 -121.93,45.96,5000 -122.07,46.05,5000 -122.21,46.17,5000 -122.23,46.27,5000 -122.20,46.38,5000 -122.10,46.50,5000 -122.00,46.64,5000 -121.97,46.77,5000 -121.95,46.92,5000 -121.92,47.05,5000 -121.83,47.20,5000 -121.75,47.34,5000 -121.71,47.51,5000 -121.71,47.70,5000 -121.73,47.84,5000 -121.77,47.99,5000 -121.82,48.14,5000 -121.89,48.29,5000 -121.98,48.44,5000 -122.05,48.57,5000 -122.08,48.69,5000 -122.08,48.78,5000 -122.06,48.90,5000 -122.02,49.01,5000 -121.95,49.14,5000 -121.99,49.31,5000 -122.15,49.34,5000 -122.37,49.36,5000 -122.58,49.37,5000 -122.81,49.38,5000 -123.03,49.40,5000 -123.24,49.42,5000 -123.50,49.50,5000 -123.69,49.60,5000 -123.92,49.73,5000 -124.15,49.87,5000 -124.34,49.99,5000 -124.53,50.12,5000 -124.69,50.24,5000 -124.83,50.34,5000 -125.02,50.43,5000 -125.18,50.49,5000 -125.10,50.64,5000 
          </coordinates>
        </LinearRing>
      </innerBoundaryIs>
      <innerBoundaryIs>
        <LinearRing>
          <coordinates>
-117.44,45.36,5000 -117.42,45.36,5000 -117.39,45.35,5000 -117.37,45.35,5000 -117.35,45.35,5000 -117.32,45.34,5000 -117.30,45.34,5000 -117.28,45.34,5000 -117.26,45.33,5000 -117.24,45.33,5000 -117.22,45.33,5000 -117.21,45.32,5000 -117.19,45.32,5000 -117.18,45.32,5000 -117.15,45.32,5000 -117.15,45.32,5000 -117.14,45.31,5000 -117.12,45.30,5000 -117.11,45.29,5000 -117.10,45.29,5000 -117.08,45.28,5000 -117.06,45.27,5000 -117.05,45.25,5000 -117.03,45.24,5000 -117.01,45.23,5000 -116.99,45.22,5000 -116.98,45.21,5000 -116.96,45.19,5000 -116.95,45.18,5000 -116.94,45.17,5000 -116.93,45.16,5000 -116.93,45.15,5000 -116.93,45.14,5000 -116.94,45.13,5000 -116.95,45.12,5000 -116.96,45.11,5000 -116.98,45.10,5000 -116.99,45.09,5000 -117.01,45.08,5000 -117.03,45.07,5000 -117.05,45.06,5000 -117.07,45.05,5000 -117.09,45.05,5000 -117.11,45.04,5000 -117.13,45.03,5000 -117.15,45.03,5000 -117.17,45.03,5000 -117.19,45.02,5000 -117.21,45.02,5000 -117.23,45.02,5000 -117.25,45.02,5000 -117.27,45.02,5000 -117.29,45.02,5000 -117.31,45.02,5000 -117.33,45.02,5000 -117.35,45.02,5000 -117.37,45.02,5000 -117.39,45.03,5000 -117.41,45.03,5000 -117.43,45.04,5000 -117.45,45.04,5000 -117.46,45.05,5000 -117.48,45.06,5000 -117.49,45.07,5000 -117.51,45.08,5000 -117.52,45.09,5000 -117.53,45.10,5000 -117.54,45.11,5000 -117.55,45.12,5000 -117.56,45.13,5000 -117.57,45.14,5000 -117.58,45.16,5000 -117.59,45.17,5000 -117.60,45.18,5000 -117.61,45.20,5000 -117.62,45.21,5000 -117.63,45.23,5000 -117.64,45.24,5000 -117.44,45.36,5000 
          </coordinates>
        </LinearRing>
      </innerBoundaryIs>
      <innerBoundaryIs>
        <LinearRing>
          <coordinates>
-119.27,51.37,5000 -118.98,51.43,5000 -118.68,51.48,5000 -118.39,51.52,5000 -118.02,51.56,5000 -117.62,51.60,5000 -117.16,51.65,5000 -116.76,51.69,5000 -116.35,51.72,5000 -116.06,51.73,5000 -115.82,51.67,5000 -115.69,51.49,5000 -115.64,51.33,5000 -115.57,51.17,5000 -115.40,51.03,5000 -115.21,50.91,5000 -114.95,50.74,5000 -114.75,50.46,5000 -114.65,50.22,5000 -114.53,49.92,5000 -114.43,49.68,5000 -114.23,49.42,5000 -114.06,49.30,5000 -113.88,49.19,5000 -113.57,49.00,5000 -113.42,48.88,5000 -113.28,48.75,5000 -113.12,48.50,5000 -112.98,48.36,5000 -112.83,48.21,5000 -112.62,47.93,5000 -112.62,47.71,5000 -112.64,47.49,5000 -112.54,47.28,5000 -112.57,47.06,5000 -112.83,46.94,5000 -113.15,47.01,5000 -113.45,47.02,5000 -113.78,46.93,5000 -114.06,46.99,5000 -114.11,47.16,5000 -114.10,47.41,5000 -114.08,47.74,5000 -114.07,47.99,5000 -114.17,48.18,5000 -114.34,48.32,5000 -114.58,48.27,5000 -114.70,48.09,5000 -114.68,47.84,5000 -114.84,47.55,5000 -114.74,47.37,5000 -114.59,47.30,5000 -114.39,47.18,5000 -114.14,47.16,5000 -114.13,46.98,5000 -114.13,46.76,5000 -114.07,46.56,5000 -113.97,46.43,5000 -113.68,46.57,5000 -113.26,46.51,5000 -112.98,46.39,5000 -112.98,46.13,5000 -112.94,45.91,5000 -112.92,45.69,5000 -112.95,45.50,5000 -113.01,45.36,5000 -113.23,45.24,5000 -113.47,45.19,5000 -113.59,45.33,5000 -113.72,45.50,5000 -114.06,45.67,5000 -114.27,45.45,5000 -114.33,45.28,5000 -114.35,45.11,5000 -114.24,44.89,5000 -114.31,44.66,5000 -114.33,44.35,5000 -114.18,44.08,5000 -114.04,43.94,5000 -113.93,43.81,5000 -113.98,43.65,5000 -114.35,43.51,5000 -114.61,43.41,5000 -114.87,43.36,5000 -115.29,43.43,5000 -115.55,43.56,5000 -115.60,43.65,5000 -115.67,43.80,5000 -115.80,44.00,5000 -115.94,44.18,5000 -116.12,44.38,5000 -116.27,44.56,5000 -116.42,44.74,5000 -116.53,44.87,5000 -116.71,44.96,5000 -116.86,45.14,5000 -116.66,45.27,5000 -116.35,45.43,5000 -116.09,45.56,5000 -115.77,45.78,5000 -115.52,46.03,5000 -115.54,46.23,5000 -115.64,46.39,5000 -115.81,46.65,5000 -116.16,46.81,5000 -116.39,46.90,5000 -116.47,47.07,5000 -116.38,47.34,5000 -116.21,47.62,5000 -116.50,47.82,5000 -116.43,47.97,5000 -116.32,48.11,5000 -116.36,48.29,5000 -116.51,48.34,5000 -116.93,48.46,5000 -117.22,48.45,5000 -117.47,48.45,5000 -117.60,48.60,5000 -117.64,48.81,5000 -117.74,48.99,5000 -117.94,48.99,5000 -118.26,48.98,5000 -118.41,49.05,5000 -118.82,49.17,5000 -119.23,49.33,5000 -119.32,49.49,5000 -119.30,49.66,5000 -119.29,49.83,5000 -119.25,49.98,5000 -119.04,50.19,5000 -118.89,50.38,5000 -119.06,50.66,5000 -119.26,50.93,5000 -119.52,51.11,5000 -119.27,51.37,5000 
          </coordinates>
        </LinearRing>
      </innerBoundaryIs>
  </Polygon>
 </MultiGeometry>
</Placemark>
<Placemark>
  <name>30%</name>
  <visibility>1</visibility>
  <styleUrl>#poly_30</styleUrl>
  <MultiGeometry>
    <Polygon>
      <outerBoundaryIs>
        <LinearRing>
          <coordinates>
-106.87,41.07,4000 -106.86,41.07,4000 -106.84,41.06,4000 -106.83,41.06,4000 -106.82,41.06,4000 -106.80,41.05,4000 -106.79,41.05,4000 -106.78,41.04,4000 -106.77,41.04,4000 -106.76,41.03,4000 -106.76,41.02,4000 -106.75,41.01,4000 -106.75,41.00,4000 -106.74,40.99,4000 -106.74,40.99,4000 -106.74,40.98,4000 -106.74,40.96,4000 -106.74,40.95,4000 -106.74,40.94,4000 -106.74,40.93,4000 -106.74,40.92,4000 -106.74,40.91,4000 -106.74,40.90,4000 -106.74,40.88,4000 -106.74,40.87,4000 -106.74,40.86,4000 -106.74,40.85,4000 -106.75,40.84,4000 -106.75,40.84,4000 -106.75,40.83,4000 -106.76,40.82,4000 -106.77,40.81,4000 -106.78,40.80,4000 -106.79,40.80,4000 -106.80,40.79,4000 -106.82,40.79,4000 -106.83,40.79,4000 -106.84,40.79,4000 -106.85,40.79,4000 -106.86,40.79,4000 -106.87,40.79,4000 -106.88,40.80,4000 -106.89,40.81,4000 -106.90,40.82,4000 -106.90,40.83,4000 -106.91,40.83,4000 -106.91,40.84,4000 -106.91,40.85,4000 -106.92,40.86,4000 -106.92,40.87,4000 -106.93,40.88,4000 -106.93,40.89,4000 -106.93,40.90,4000 -106.94,40.91,4000 -106.94,40.92,4000 -106.95,40.93,4000 -106.95,40.94,4000 -106.95,40.95,4000 -106.96,40.96,4000 -106.96,40.98,4000 -106.97,40.99,4000 -106.97,41.00,4000 -106.87,41.07,4000 
          </coordinates>
        </LinearRing>
      </outerBoundaryIs>
  </Polygon>
 </MultiGeometry>
</Placemark>
<Placemark>
  <name>30%</name>
  <visibility>1</visibility>
  <styleUrl>#poly_30</styleUrl>
  <MultiGeometry>
    <Polygon>
      <outerBoundaryIs>
        <LinearRing>
          <coordinates>
-111.03,40.81,4000 -111.01,40.82,4000 -111.00,40.82,4000 -110.98,40.83,4000 -110.96,40.83,4000 -110.95,40.84,4000 -110.93,40.84,4000 -110.92,40.85,4000 -110.90,40.85,4000 -110.88,40.85,4000 -110.87,40.85,4000 -110.85,40.85,4000 -110.84,40.85,4000 -110.82,40.85,4000 -110.81,40.85,4000 -110.80,40.85,4000 -110.78,40.84,4000 -110.77,40.83,4000 -110.75,40.83,4000 -110.74,40.82,4000 -110.72,40.81,4000 -110.71,40.80,4000 -110.69,40.79,4000 -110.68,40.78,4000 -110.67,40.76,4000 -110.65,40.75,4000 -110.65,40.74,4000 -110.64,40.73,4000 -110.63,40.72,4000 -110.63,40.71,4000 -110.63,40.70,4000 -110.63,40.69,4000 -110.64,40.68,4000 -110.64,40.67,4000 -110.65,40.65,4000 -110.66,40.64,4000 -110.67,40.63,4000 -110.68,40.62,4000 -110.69,40.61,4000 -110.70,40.60,4000 -110.71,40.58,4000 -110.73,40.57,4000 -110.74,40.57,4000 -110.75,40.56,4000 -110.76,40.55,4000 -110.77,40.54,4000 -110.79,40.54,4000 -110.81,40.53,4000 -110.83,40.53,4000 -110.85,40.52,4000 -110.86,40.52,4000 -110.88,40.52,4000 -110.90,40.52,4000 -110.91,40.51,4000 -110.93,40.51,4000 -110.94,40.51,4000 -110.97,40.50,4000 -110.98,40.50,4000 -110.99,40.50,4000 -111.00,40.50,4000 -111.00,40.51,4000 -111.01,40.51,4000 -111.02,40.52,4000 -111.02,40.53,4000 -111.03,40.54,4000 -111.04,40.55,4000 -111.05,40.56,4000 -111.05,40.58,4000 -111.06,40.59,4000 -111.07,40.60,4000 -111.08,40.61,4000 -111.09,40.63,4000 -111.10,40.64,4000 -111.11,40.66,4000 -111.12,40.67,4000 -111.03,40.81,4000 
          </coordinates>
        </LinearRing>
      </outerBoundaryIs>
      <innerBoundaryIs>
        <LinearRing>
          <coordinates>
-111.02,40.70,5000 -111.01,40.70,5000 -111.00,40.70,5000 -110.99,40.71,5000 -110.98,40.71,5000 -110.97,40.71,5000 -110.96,40.71,5000 -110.95,40.71,5000 -110.94,40.72,5000 -110.93,40.72,5000 -110.92,40.72,5000 -110.91,40.72,5000 -110.91,40.72,5000 -110.90,40.73,5000 -110.89,40.73,5000 -110.88,40.73,5000 -110.87,40.73,5000 -110.86,40.73,5000 -110.86,40.73,5000 -110.85,40.73,5000 -110.84,40.74,5000 -110.83,40.74,5000 -110.83,40.74,5000 -110.82,40.74,5000 -110.81,40.74,5000 -110.81,40.74,5000 -110.80,40.74,5000 -110.80,40.74,5000 -110.79,40.74,5000 -110.78,40.74,5000 -110.77,40.74,5000 -110.76,40.73,5000 -110.75,40.73,5000 -110.75,40.72,5000 -110.74,40.72,5000 -110.74,40.71,5000 -110.74,40.70,5000 -110.74,40.70,5000 -110.74,40.69,5000 -110.74,40.69,5000 -110.74,40.68,5000 -110.74,40.68,5000 -110.75,40.67,5000 -110.75,40.67,5000 -110.77,40.66,5000 -110.78,40.66,5000 -110.79,40.66,5000 -110.79,40.66,5000 -110.80,40.66,5000 -110.81,40.66,5000 -110.81,40.66,5000 -110.82,40.66,5000 -110.83,40.65,5000 -110.84,40.65,5000 -110.85,40.65,5000 -110.86,40.65,5000 -110.87,40.65,5000 -110.88,40.65,5000 -110.89,40.65,5000 -110.90,40.65,5000 -110.91,40.65,5000 -110.92,40.65,5000 -110.93,40.65,5000 -110.94,40.65,5000 -110.95,40.65,5000 -110.96,40.65,5000 -110.97,40.65,5000 -110.98,40.65,5000 -110.99,40.65,5000 -110.99,40.65,5000 -111.00,40.65,5000 -111.00,40.65,5000 -111.01,40.65,5000 -111.03,40.65,5000 -111.04,40.66,5000 -111.04,40.66,5000 -111.04,40.67,5000 -111.04,40.67,5000 -111.03,40.68,5000 -111.02,40.70,5000 
          </coordinates>
        </LinearRing>
      </innerBoundaryIs>
  </Polygon>
 </MultiGeometry>
</Placemark>
<Placemark>
  <name>40%</name>
  <visibility>1</visibility>
  <styleUrl>#poly_40</styleUrl>
  <MultiGeometry>
    <Polygon>
      <outerBoundaryIs>
        <LinearRing>
          <coordinates>
-126.84,50.35,5000 -126.78,50.37,5000 -126.73,50.40,5000 -126.67,50.41,5000 -126.61,50.43,5000 -126.55,50.44,5000 -126.48,50.45,5000 -126.41,50.45,5000 -126.34,50.45,5000 -126.28,50.44,5000 -126.23,50.43,5000 -126.17,50.42,5000 -126.11,50.40,5000 -126.05,50.37,5000 -126.00,50.34,5000 -125.96,50.31,5000 -125.91,50.27,5000 -125.86,50.23,5000 -125.81,50.20,5000 -125.76,50.16,5000 -125.72,50.13,5000 -125.67,50.10,5000 -125.62,50.07,5000 -125.58,50.05,5000 -125.53,50.02,5000 -125.49,50.00,5000 -125.45,49.97,5000 -125.41,49.95,5000 -125.37,49.92,5000 -125.33,49.90,5000 -125.28,49.86,5000 -125.24,49.83,5000 -125.20,49.80,5000 -125.15,49.76,5000 -125.11,49.72,5000 -125.06,49.68,5000 -125.02,49.64,5000 -124.99,49.61,5000 -124.95,49.57,5000 -124.92,49.53,5000 -124.89,49.49,5000 -124.88,49.45,5000 -124.88,49.41,5000 -124.90,49.38,5000 -124.93,49.34,5000 -124.98,49.31,5000 -125.03,49.28,5000 -125.08,49.25,5000 -125.12,49.23,5000 -125.18,49.21,5000 -125.24,49.20,5000 -125.31,49.19,5000 -125.37,49.19,5000 -125.42,49.19,5000 -125.48,49.20,5000 -125.54,49.21,5000 -125.59,49.22,5000 -125.65,49.24,5000 -125.71,49.26,5000 -125.77,49.28,5000 -125.83,49.31,5000 -125.89,49.34,5000 -125.95,49.37,5000 -125.99,49.40,5000 -126.04,49.43,5000 -126.08,49.46,5000 -126.12,49.49,5000 -126.15,49.52,5000 -126.19,49.55,5000 -126.23,49.59,5000 -126.27,49.63,5000 -126.31,49.66,5000 -126.36,49.70,5000 -126.40,49.73,5000 -126.45,49.75,5000 -126.50,49.78,5000 -126.56,49.81,5000 -126.61,49.84,5000 -126.66,49.87,5000 -126.70,49.90,5000 -126.74,49.93,5000 -126.77,49.97,5000 -126.81,50.01,5000 -126.84,50.04,5000 -126.88,50.08,5000 -126.91,50.12,5000 -126.84,50.35,5000 
          </coordinates>
        </LinearRing>
      </outerBoundaryIs>
      <innerBoundaryIs>
        <LinearRing>
          <coordinates>
-126.82,50.30,6000 -126.76,50.33,6000 -126.71,50.35,6000 -126.65,50.37,6000 -126.59,50.39,6000 -126.53,50.40,6000 -126.46,50.41,6000 -126.40,50.41,6000 -126.33,50.40,6000 -126.27,50.39,6000 -126.21,50.38,6000 -126.15,50.36,6000 -126.09,50.35,6000 -126.03,50.32,6000 -125.98,50.29,6000 -125.94,50.26,6000 -125.89,50.22,6000 -125.85,50.19,6000 -125.81,50.15,6000 -125.77,50.12,6000 -125.72,50.09,6000 -125.68,50.06,6000 -125.64,50.04,6000 -125.59,50.02,6000 -125.55,49.99,6000 -125.51,49.96,6000 -125.47,49.94,6000 -125.43,49.91,6000 -125.39,49.88,6000 -125.34,49.84,6000 -125.30,49.81,6000 -125.26,49.78,6000 -125.21,49.74,6000 -125.17,49.70,6000 -125.12,49.66,6000 -125.08,49.62,6000 -125.05,49.59,6000 -125.02,49.56,6000 -124.99,49.51,6000 -124.98,49.47,6000 -124.99,49.43,6000 -125.00,49.40,6000 -125.02,49.37,6000 -125.05,49.34,6000 -125.09,49.31,6000 -125.14,49.29,6000 -125.19,49.27,6000 -125.25,49.26,6000 -125.31,49.24,6000 -125.38,49.24,6000 -125.43,49.24,6000 -125.49,49.25,6000 -125.55,49.26,6000 -125.60,49.27,6000 -125.66,49.29,6000 -125.71,49.31,6000 -125.76,49.33,6000 -125.81,49.35,6000 -125.86,49.37,6000 -125.91,49.40,6000 -125.95,49.42,6000 -125.99,49.45,6000 -126.03,49.47,6000 -126.06,49.50,6000 -126.09,49.53,6000 -126.13,49.56,6000 -126.16,49.59,6000 -126.20,49.62,6000 -126.23,49.65,6000 -126.27,49.68,6000 -126.31,49.71,6000 -126.35,49.74,6000 -126.39,49.77,6000 -126.44,49.80,6000 -126.49,49.82,6000 -126.54,49.85,6000 -126.59,49.88,6000 -126.64,49.91,6000 -126.68,49.94,6000 -126.72,49.98,6000 -126.76,50.02,6000 -126.79,50.05,6000 -126.82,50.09,6000 -126.84,50.13,6000 -126.82,50.30,6000 
          </coordinates>
        </LinearRing>
      </innerBoundaryIs>
  </Polygon>
 </MultiGeometry>
</Placemark>
<Placemark>
  <name>40%</name>
  <visibility>1</visibility>
  <styleUrl>#poly_40</styleUrl>
  <MultiGeometry>
    <Polygon>
      <outerBoundaryIs>
        <LinearRing>
          <coordinates>
-110.34,45.47,5000 -110.19,45.48,5000 -110.05,45.47,5000 -109.91,45.43,5000 -109.77,45.37,5000 -109.65,45.31,5000 -109.53,45.24,5000 -109.44,45.18,5000 -109.34,45.11,5000 -109.30,45.01,5000 -109.32,44.90,5000 -109.38,44.76,5000 -109.45,44.63,5000 -109.49,44.52,5000 -109.50,44.39,5000 -109.47,44.30,5000 -109.41,44.22,5000 -109.34,44.14,5000 -109.30,44.05,5000 -109.28,43.94,5000 -109.27,43.85,5000 -109.33,43.75,5000 -109.41,43.67,5000 -109.47,43.61,5000 -109.50,43.55,5000 -109.50,43.48,5000 -109.47,43.39,5000 -109.38,43.29,5000 -109.27,43.18,5000 -109.19,43.09,5000 -109.13,42.99,5000 -109.11,42.90,5000 -109.11,42.79,5000 -109.13,42.71,5000 -109.27,42.64,5000 -109.37,42.65,5000 -109.48,42.68,5000 -109.58,42.72,5000 -109.68,42.77,5000 -109.78,42.81,5000 -109.89,42.83,5000 -110.00,42.83,5000 -110.10,42.79,5000 -110.19,42.72,5000 -110.28,42.60,5000 -110.34,42.51,5000 -110.41,42.40,5000 -110.49,42.29,5000 -110.55,42.22,5000 -110.65,42.18,5000 -110.74,42.19,5000 -110.83,42.21,5000 -110.92,42.24,5000 -111.03,42.27,5000 -111.14,42.30,5000 -111.24,42.30,5000 -111.33,42.28,5000 -111.42,42.17,5000 -111.43,42.05,5000 -111.45,41.94,5000 -111.55,41.88,5000 -111.65,41.85,5000 -111.69,41.93,5000 -111.67,42.02,5000 -111.63,42.14,5000 -111.58,42.27,5000 -111.54,42.39,5000 -111.49,42.50,5000 -111.44,42.62,5000 -111.40,42.73,5000 -111.38,42.83,5000 -111.41,42.94,5000 -111.47,43.03,5000 -111.51,43.12,5000 -111.51,43.22,5000 -111.49,43.31,5000 -111.46,43.42,5000 -111.43,43.52,5000 -111.38,43.63,5000 -111.34,43.73,5000 -111.30,43.82,5000 -111.25,43.93,5000 -111.24,44.01,5000 -111.28,44.09,5000 -111.35,44.18,5000 -111.41,44.26,5000 -111.48,44.34,5000 -111.53,44.43,5000 -111.54,44.53,5000 -111.54,44.63,5000 -111.53,44.73,5000 -111.53,44.83,5000 -111.53,44.93,5000 -111.50,45.01,5000 -111.41,45.10,5000 -111.27,45.14,5000 -111.12,45.11,5000 -110.94,45.06,5000 -110.77,45.06,5000 -110.67,45.12,5000 -110.58,45.21,5000 -110.49,45.32,5000 -110.41,45.44,5000 -110.34,45.47,5000 
          </coordinates>
        </LinearRing>
      </outerBoundaryIs>
      <innerBoundaryIs>
        <LinearRing>
          <coordinates>
-110.33,45.41,6000 -110.20,45.41,6000 -110.08,45.41,6000 -109.97,45.40,6000 -109.86,45.37,6000 -109.76,45.32,6000 -109.64,45.26,6000 -109.52,45.19,6000 -109.42,45.11,6000 -109.37,45.00,6000 -109.38,44.92,6000 -109.41,44.82,6000 -109.45,44.72,6000 -109.48,44.63,6000 -109.52,44.54,6000 -109.56,44.47,6000 -109.57,44.40,6000 -109.53,44.32,6000 -109.47,44.24,6000 -109.41,44.15,6000 -109.37,44.04,6000 -109.34,43.91,6000 -109.35,43.80,6000 -109.42,43.72,6000 -109.53,43.66,6000 -109.60,43.60,6000 -109.60,43.50,6000 -109.56,43.41,6000 -109.51,43.35,6000 -109.43,43.27,6000 -109.37,43.20,6000 -109.29,43.11,6000 -109.21,43.02,6000 -109.16,42.94,6000 -109.14,42.82,6000 -109.18,42.74,6000 -109.27,42.70,6000 -109.42,42.70,6000 -109.53,42.73,6000 -109.66,42.79,6000 -109.79,42.85,6000 -109.90,42.88,6000 -110.04,42.89,6000 -110.16,42.84,6000 -110.23,42.77,6000 -110.29,42.68,6000 -110.36,42.57,6000 -110.41,42.49,6000 -110.48,42.37,6000 -110.55,42.29,6000 -110.64,42.24,6000 -110.78,42.24,6000 -110.90,42.25,6000 -111.04,42.27,6000 -111.18,42.32,6000 -111.29,42.40,6000 -111.33,42.49,6000 -111.36,42.60,6000 -111.38,42.73,6000 -111.39,42.86,6000 -111.40,42.99,6000 -111.40,43.10,6000 -111.40,43.22,6000 -111.40,43.33,6000 -111.39,43.43,6000 -111.37,43.53,6000 -111.35,43.62,6000 -111.30,43.72,6000 -111.24,43.82,6000 -111.18,43.90,6000 -111.16,43.99,6000 -111.19,44.07,6000 -111.27,44.15,6000 -111.34,44.23,6000 -111.40,44.32,6000 -111.43,44.42,6000 -111.45,44.53,6000 -111.45,44.63,6000 -111.44,44.73,6000 -111.41,44.86,6000 -111.35,44.98,6000 -111.25,45.05,6000 -111.15,45.06,6000 -111.03,45.05,6000 -110.89,45.02,6000 -110.75,44.98,6000 -110.33,45.41,6000 
          </coordinates>
        </LinearRing>
      </innerBoundaryIs>
  </Polygon>
 </MultiGeometry>
</Placemark>
<Placemark>
  <name>40%</name>
  <visibility>1</visibility>
  <styleUrl>#poly_40</styleUrl>
  <MultiGeometry>
    <Polygon>
      <outerBoundaryIs>
        <LinearRing>
          <coordinates>
-111.02,40.70,5000 -111.01,40.70,5000 -111.00,40.70,5000 -110.99,40.71,5000 -110.98,40.71,5000 -110.97,40.71,5000 -110.96,40.71,5000 -110.95,40.71,5000 -110.94,40.72,5000 -110.93,40.72,5000 -110.92,40.72,5000 -110.91,40.72,5000 -110.91,40.72,5000 -110.90,40.73,5000 -110.89,40.73,5000 -110.88,40.73,5000 -110.87,40.73,5000 -110.86,40.73,5000 -110.86,40.73,5000 -110.85,40.73,5000 -110.84,40.74,5000 -110.83,40.74,5000 -110.83,40.74,5000 -110.82,40.74,5000 -110.81,40.74,5000 -110.81,40.74,5000 -110.80,40.74,5000 -110.80,40.74,5000 -110.79,40.74,5000 -110.78,40.74,5000 -110.77,40.74,5000 -110.76,40.73,5000 -110.75,40.73,5000 -110.75,40.72,5000 -110.74,40.72,5000 -110.74,40.71,5000 -110.74,40.70,5000 -110.74,40.70,5000 -110.74,40.69,5000 -110.74,40.69,5000 -110.74,40.68,5000 -110.74,40.68,5000 -110.75,40.67,5000 -110.75,40.67,5000 -110.77,40.66,5000 -110.78,40.66,5000 -110.79,40.66,5000 -110.79,40.66,5000 -110.80,40.66,5000 -110.81,40.66,5000 -110.81,40.66,5000 -110.82,40.66,5000 -110.83,40.65,5000 -110.84,40.65,5000 -110.85,40.65,5000 -110.86,40.65,5000 -110.87,40.65,5000 -110.88,40.65,5000 -110.89,40.65,5000 -110.90,40.65,5000 -110.91,40.65,5000 -110.92,40.65,5000 -110.93,40.65,5000 -110.94,40.65,5000 -110.95,40.65,5000 -110.96,40.65,5000 -110.97,40.65,5000 -110.98,40.65,5000 -110.99,40.65,5000 -110.99,40.65,5000 -111.00,40.65,5000 -111.00,40.65,5000 -111.01,40.65,5000 -111.03,40.65,5000 -111.04,40.66,5000 -111.04,40.66,5000 -111.04,40.67,5000 -111.04,40.67,5000 -111.03,40.68,5000 -111.02,40.70,5000 
          </coordinates>
        </LinearRing>
      </outerBoundaryIs>
  </Polygon>
 </MultiGeometry>
</Placemark>
<Placemark>
  <name>40%</name>
  <visibility>1</visibility>
  <styleUrl>#poly_40</styleUrl>
  <MultiGeometry>
    <Polygon>
      <outerBoundaryIs>
        <LinearRing>
          <coordinates>
-118.55,48.78,5000 -118.53,48.78,5000 -118.51,48.78,5000 -118.49,48.78,5000 -118.48,48.78,5000 -118.46,48.77,5000 -118.44,48.77,5000 -118.43,48.77,5000 -118.41,48.76,5000 -118.40,48.76,5000 -118.39,48.75,5000 -118.38,48.74,5000 -118.37,48.73,5000 -118.37,48.72,5000 -118.37,48.71,5000 -118.36,48.70,5000 -118.36,48.69,5000 -118.36,48.68,5000 -118.36,48.67,5000 -118.36,48.65,5000 -118.36,48.64,5000 -118.36,48.63,5000 -118.36,48.61,5000 -118.36,48.60,5000 -118.37,48.59,5000 -118.37,48.58,5000 -118.37,48.57,5000 -118.37,48.56,5000 -118.38,48.55,5000 -118.38,48.53,5000 -118.39,48.52,5000 -118.39,48.51,5000 -118.40,48.50,5000 -118.41,48.49,5000 -118.42,48.49,5000 -118.43,48.48,5000 -118.44,48.47,5000 -118.46,48.47,5000 -118.47,48.47,5000 -118.49,48.47,5000 -118.50,48.47,5000 -118.52,48.47,5000 -118.54,48.47,5000 -118.55,48.47,5000 -118.57,48.48,5000 -118.59,48.48,5000 -118.61,48.48,5000 -118.63,48.48,5000 -118.65,48.49,5000 -118.67,48.49,5000 -118.68,48.49,5000 -118.70,48.50,5000 -118.72,48.50,5000 -118.73,48.50,5000 -118.75,48.50,5000 -118.78,48.50,5000 -118.80,48.50,5000 -118.82,48.50,5000 -118.84,48.49,5000 -118.85,48.49,5000 -118.87,48.50,5000 -118.87,48.50,5000 -118.88,48.51,5000 -118.88,48.52,5000 -118.88,48.52,5000 -118.88,48.53,5000 -118.88,48.54,5000 -118.87,48.55,5000 -118.87,48.56,5000 -118.86,48.57,5000 -118.86,48.58,5000 -118.85,48.59,5000 -118.84,48.60,5000 -118.83,48.61,5000 -118.83,48.63,5000 -118.82,48.64,5000 -118.81,48.65,5000 -118.80,48.66,5000 -118.79,48.68,5000 -118.78,48.69,5000 -118.55,48.78,5000 
          </coordinates>
        </LinearRing>
      </outerBoundaryIs>
  </Polygon>
 </MultiGeometry>
</Placemark>
<Placemark>
  <name>40%</name>
  <visibility>1</visibility>
  <styleUrl>#poly_40</styleUrl>
  <MultiGeometry>
    <Polygon>
      <outerBoundaryIs>
        <LinearRing>
          <coordinates>
-123.70,48.05,5000 -123.68,48.05,5000 -123.66,48.05,5000 -123.64,48.05,5000 -123.61,48.05,5000 -123.58,48.05,5000 -123.54,48.05,5000 -123.51,48.05,5000 -123.47,48.05,5000 -123.44,48.05,5000 -123.41,48.05,5000 -123.38,48.04,5000 -123.35,48.04,5000 -123.32,48.03,5000 -123.29,48.02,5000 -123.26,48.01,5000 -123.24,48.01,5000 -123.21,48.00,5000 -123.19,48.00,5000 -123.17,47.99,5000 -123.14,47.98,5000 -123.13,47.98,5000 -123.11,47.96,5000 -123.10,47.95,5000 -123.08,47.94,5000 -123.07,47.92,5000 -123.05,47.90,5000 -123.03,47.89,5000 -123.01,47.87,5000 -123.00,47.85,5000 -122.99,47.83,5000 -122.98,47.81,5000 -122.98,47.79,5000 -122.98,47.77,5000 -122.98,47.75,5000 -122.99,47.72,5000 -122.99,47.70,5000 -123.00,47.68,5000 -123.01,47.66,5000 -123.02,47.64,5000 -123.02,47.63,5000 -123.02,47.62,5000 -123.05,47.61,5000 -123.07,47.60,5000 -123.09,47.59,5000 -123.11,47.58,5000 -123.13,47.56,5000 -123.16,47.55,5000 -123.19,47.53,5000 -123.21,47.52,5000 -123.24,47.51,5000 -123.27,47.50,5000 -123.30,47.50,5000 -123.33,47.49,5000 -123.36,47.49,5000 -123.39,47.49,5000 -123.42,47.50,5000 -123.45,47.50,5000 -123.48,47.50,5000 -123.51,47.51,5000 -123.53,47.51,5000 -123.56,47.51,5000 -123.58,47.52,5000 -123.60,47.53,5000 -123.61,47.54,5000 -123.64,47.55,5000 -123.66,47.56,5000 -123.68,47.57,5000 -123.70,47.58,5000 -123.72,47.60,5000 -123.74,47.61,5000 -123.77,47.63,5000 -123.79,47.64,5000 -123.81,47.66,5000 -123.83,47.67,5000 -123.84,47.69,5000 -123.85,47.71,5000 -123.87,47.73,5000 -123.88,47.75,5000 -123.88,47.78,5000 -123.89,47.80,5000 -123.89,47.82,5000 -123.90,47.84,5000 -123.90,47.85,5000 -123.90,47.87,5000 -123.89,47.88,5000 -123.88,47.89,5000 -123.86,47.91,5000 -123.85,47.92,5000 -123.83,47.94,5000 -123.81,47.95,5000 -123.79,47.97,5000 -123.77,47.99,5000 -123.75,48.01,5000 -123.73,48.03,5000 -123.71,48.05,5000 -123.70,48.05,5000 
          </coordinates>
        </LinearRing>
      </outerBoundaryIs>
      <innerBoundaryIs>
        <LinearRing>
          <coordinates>
-123.68,48.00,6000 -123.65,48.00,6000 -123.63,48.01,6000 -123.60,48.01,6000 -123.58,48.01,6000 -123.55,48.01,6000 -123.53,48.01,6000 -123.50,48.01,6000 -123.48,48.01,6000 -123.45,48.01,6000 -123.43,48.01,6000 -123.40,48.01,6000 -123.38,48.00,6000 -123.35,48.00,6000 -123.32,47.99,6000 -123.30,47.98,6000 -123.27,47.97,6000 -123.25,47.97,6000 -123.23,47.96,6000 -123.21,47.95,6000 -123.19,47.95,6000 -123.16,47.94,6000 -123.15,47.93,6000 -123.14,47.92,6000 -123.13,47.91,6000 -123.11,47.89,6000 -123.09,47.88,6000 -123.08,47.86,6000 -123.06,47.85,6000 -123.05,47.83,6000 -123.04,47.81,6000 -123.03,47.80,6000 -123.03,47.78,6000 -123.03,47.76,6000 -123.04,47.74,6000 -123.04,47.73,6000 -123.05,47.71,6000 -123.06,47.69,6000 -123.07,47.68,6000 -123.08,47.66,6000 -123.09,47.65,6000 -123.10,47.63,6000 -123.12,47.62,6000 -123.13,47.61,6000 -123.15,47.60,6000 -123.17,47.59,6000 -123.19,47.58,6000 -123.21,47.56,6000 -123.23,47.55,6000 -123.25,47.55,6000 -123.28,47.54,6000 -123.30,47.54,6000 -123.33,47.54,6000 -123.36,47.54,6000 -123.39,47.54,6000 -123.42,47.54,6000 -123.45,47.54,6000 -123.48,47.54,6000 -123.50,47.55,6000 -123.52,47.55,6000 -123.54,47.55,6000 -123.56,47.56,6000 -123.57,47.57,6000 -123.59,47.58,6000 -123.60,47.59,6000 -123.62,47.60,6000 -123.65,47.61,6000 -123.67,47.62,6000 -123.69,47.63,6000 -123.71,47.65,6000 -123.73,47.66,6000 -123.75,47.67,6000 -123.77,47.69,6000 -123.78,47.70,6000 -123.79,47.72,6000 -123.80,47.73,6000 -123.81,47.75,6000 -123.82,47.76,6000 -123.82,47.78,6000 -123.82,47.79,6000 -123.83,47.81,6000 -123.83,47.83,6000 -123.83,47.84,6000 -123.83,47.86,6000 -123.68,48.00,6000 
          </coordinates>
        </LinearRing>
      </innerBoundaryIs>
  </Polygon>
 </MultiGeometry>
</Placemark>
<Placemark>
  <name>40%</name>
  <visibility>1</visibility>
  <styleUrl>#poly_40</styleUrl>
  <MultiGeometry>
    <Polygon>
      <outerBoundaryIs>
        <LinearRing>
          <coordinates>
-125.10,50.64,5000 -124.88,50.69,5000 -124.65,50.73,5000 -124.43,50.77,5000 -124.23,50.80,5000 -124.03,50.82,5000 -123.75,50.86,5000 -123.50,50.90,5000 -123.21,50.95,5000 -122.89,51.00,5000 -122.59,51.04,5000 -122.33,51.04,5000 -122.07,50.98,5000 -121.86,50.88,5000 -121.67,50.77,5000 -121.49,50.69,5000 -121.26,50.65,5000 -121.06,50.64,5000 -120.88,50.63,5000 -120.63,50.57,5000 -120.46,50.50,5000 -120.42,50.32,5000 -120.58,50.18,5000 -120.44,50.03,5000 -120.28,50.07,5000 -120.12,50.14,5000 -119.99,50.26,5000 -119.73,50.30,5000 -119.64,50.17,5000 -119.65,49.99,5000 -119.75,49.88,5000 -119.85,49.74,5000 -119.87,49.62,5000 -119.86,49.48,5000 -119.84,49.34,5000 -119.79,49.18,5000 -119.73,49.01,5000 -119.68,48.87,5000 -119.66,48.73,5000 -119.67,48.63,5000 -119.74,48.47,5000 -119.82,48.35,5000 -119.92,48.19,5000 -120.04,48.03,5000 -120.13,47.90,5000 -120.27,47.76,5000 -120.38,47.64,5000 -120.41,47.47,5000 -120.45,47.30,5000 -120.59,47.13,5000 -120.73,46.97,5000 -120.80,46.82,5000 -120.85,46.66,5000 -120.87,46.52,5000 -120.88,46.38,5000 -120.90,46.26,5000 -121.04,46.11,5000 -121.17,46.07,5000 -121.33,46.04,5000 -121.54,45.96,5000 -121.76,45.91,5000 -121.93,45.96,5000 -122.07,46.05,5000 -122.21,46.17,5000 -122.23,46.27,5000 -122.20,46.38,5000 -122.10,46.50,5000 -122.00,46.64,5000 -121.97,46.77,5000 -121.95,46.92,5000 -121.92,47.05,5000 -121.83,47.20,5000 -121.75,47.34,5000 -121.71,47.51,5000 -121.71,47.70,5000 -121.73,47.84,5000 -121.77,47.99,5000 -121.82,48.14,5000 -121.89,48.29,5000 -121.98,48.44,5000 -122.05,48.57,5000 -122.08,48.69,5000 -122.08,48.78,5000 -122.06,48.90,5000 -122.02,49.01,5000 -121.95,49.14,5000 -121.99,49.31,5000 -122.15,49.34,5000 -122.37,49.36,5000 -122.58,49.37,5000 -122.81,49.38,5000 -123.03,49.40,5000 -123.24,49.42,5000 -123.50,49.50,5000 -123.69,49.60,5000 -123.92,49.73,5000 -124.15,49.87,5000 -124.34,49.99,5000 -124.53,50.12,5000 -124.69,50.24,5000 -124.83,50.34,5000 -125.02,50.43,5000 -125.18,50.49,5000 -125.10,50.64,5000 
          </coordinates>
        </LinearRing>
      </outerBoundaryIs>
      <innerBoundaryIs>
        <LinearRing>
          <coordinates>
-125.08,50.59,6000 -124.88,50.64,6000 -124.68,50.69,6000 -124.48,50.73,6000 -124.30,50.76,6000 -124.12,50.78,6000 -123.86,50.81,6000 -123.63,50.84,6000 -123.35,50.88,6000 -123.05,50.92,6000 -122.78,50.95,6000 -122.57,50.98,6000 -122.28,51.00,6000 -122.06,50.90,6000 -121.91,50.81,6000 -121.72,50.71,6000 -121.49,50.65,6000 -121.25,50.60,6000 -121.05,50.59,6000 -120.87,50.57,6000 -120.71,50.53,6000 -120.61,50.46,6000 -120.62,50.36,6000 -120.66,50.25,6000 -120.72,50.08,6000 -120.56,49.97,6000 -120.28,49.97,6000 -120.11,50.05,6000 -119.95,50.12,6000 -119.79,50.05,6000 -119.83,49.88,6000 -119.92,49.77,6000 -119.97,49.57,6000 -119.94,49.43,6000 -119.88,49.25,6000 -119.81,49.06,6000 -119.75,48.89,6000 -119.72,48.75,6000 -119.73,48.58,6000 -119.80,48.48,6000 -119.89,48.35,6000 -119.99,48.21,6000 -120.09,48.05,6000 -120.20,47.90,6000 -120.33,47.77,6000 -120.45,47.64,6000 -120.50,47.51,6000 -120.54,47.38,6000 -120.63,47.24,6000 -120.73,47.10,6000 -120.81,46.95,6000 -120.87,46.80,6000 -120.91,46.62,6000 -120.94,46.45,6000 -120.97,46.29,6000 -121.06,46.16,6000 -121.29,46.07,6000 -121.54,46.01,6000 -121.71,45.98,6000 -121.84,45.98,6000 -121.96,46.03,6000 -122.06,46.11,6000 -122.13,46.19,6000 -122.15,46.29,6000 -122.05,46.41,6000 -121.94,46.55,6000 -121.94,46.73,6000 -121.94,46.91,6000 -121.85,47.07,6000 -121.74,47.22,6000 -121.68,47.34,6000 -121.65,47.48,6000 -121.65,47.61,6000 -121.68,47.75,6000 -121.70,47.89,6000 -121.72,48.03,6000 -121.75,48.16,6000 -121.79,48.30,6000 -121.87,48.44,6000 -121.96,48.59,6000 -122.02,48.72,6000 -122.01,48.89,6000 -121.96,49.03,6000 -121.85,49.18,6000 -121.92,49.35,6000 -122.17,49.38,6000 -122.47,49.40,6000 -122.75,49.42,6000 -123.01,49.44,6000 -123.16,49.43,6000 -123.40,49.52,6000 -123.55,49.60,6000 -123.74,49.72,6000 -123.95,49.85,6000 -124.17,50.00,6000 -124.39,50.13,6000 -124.58,50.25,6000 -124.73,50.34,6000 -125.00,50.49,6000 -125.09,50.53,6000 -125.08,50.59,6000 
          </coordinates>
        </LinearRing>
      </innerBoundaryIs>
  </Polygon>
 </MultiGeometry>
</Placemark>
<Placemark>
  <name>40%</name>
  <visibility>1</visibility>
  <styleUrl>#poly_40</styleUrl>
  <MultiGeometry>
    <Polygon>
      <outerBoundaryIs>
        <LinearRing>
          <coordinates>
-121.94,44.73,5000 -121.90,44.75,5000 -121.86,44.77,5000 -121.82,44.79,5000 -121.79,44.81,5000 -121.76,44.82,5000 -121.73,44.82,5000 -121.70,44.81,5000 -121.67,44.77,5000 -121.66,44.74,5000 -121.65,44.71,5000 -121.65,44.68,5000 -121.68,44.65,5000 -121.70,44.63,5000 -121.72,44.61,5000 -121.75,44.58,5000 -121.77,44.55,5000 -121.79,44.52,5000 -121.80,44.49,5000 -121.81,44.46,5000 -121.81,44.43,5000 -121.81,44.40,5000 -121.81,44.37,5000 -121.80,44.34,5000 -121.79,44.31,5000 -121.77,44.29,5000 -121.74,44.26,5000 -121.72,44.23,5000 -121.70,44.21,5000 -121.68,44.18,5000 -121.67,44.15,5000 -121.66,44.12,5000 -121.65,44.09,5000 -121.65,44.06,5000 -121.65,44.03,5000 -121.65,44.01,5000 -121.66,43.98,5000 -121.69,43.95,5000 -121.72,43.94,5000 -121.75,43.94,5000 -121.79,43.95,5000 -121.82,43.96,5000 -121.85,43.98,5000 -121.86,44.00,5000 -121.87,44.03,5000 -121.88,44.06,5000 -121.88,44.09,5000 -121.89,44.12,5000 -121.89,44.15,5000 -121.89,44.18,5000 -121.89,44.21,5000 -121.88,44.24,5000 -121.88,44.27,5000 -121.88,44.30,5000 -121.88,44.33,5000 -121.89,44.36,5000 -121.90,44.39,5000 -121.91,44.42,5000 -121.92,44.44,5000 -121.93,44.47,5000 -121.94,44.50,5000 -121.95,44.53,5000 -121.95,44.56,5000 -121.96,44.58,5000 -121.96,44.61,5000 -121.97,44.64,5000 -121.97,44.67,5000 -121.94,44.73,5000 
          </coordinates>
        </LinearRing>
      </outerBoundaryIs>
  </Polygon>
 </MultiGeometry>
</Placemark>
<Placemark>
  <name>40%</name>
  <visibility>1</visibility>
  <styleUrl>#poly_40</styleUrl>
  <MultiGeometry>
    <Polygon>
      <outerBoundaryIs>
        <LinearRing>
          <coordinates>
-117.44,45.36,5000 -117.42,45.36,5000 -117.39,45.35,5000 -117.37,45.35,5000 -117.35,45.35,5000 -117.32,45.34,5000 -117.30,45.34,5000 -117.28,45.34,5000 -117.26,45.33,5000 -117.24,45.33,5000 -117.22,45.33,5000 -117.21,45.32,5000 -117.19,45.32,5000 -117.18,45.32,5000 -117.15,45.32,5000 -117.15,45.32,5000 -117.14,45.31,5000 -117.12,45.30,5000 -117.11,45.29,5000 -117.10,45.29,5000 -117.08,45.28,5000 -117.06,45.27,5000 -117.05,45.25,5000 -117.03,45.24,5000 -117.01,45.23,5000 -116.99,45.22,5000 -116.98,45.21,5000 -116.96,45.19,5000 -116.95,45.18,5000 -116.94,45.17,5000 -116.93,45.16,5000 -116.93,45.15,5000 -116.93,45.14,5000 -116.94,45.13,5000 -116.95,45.12,5000 -116.96,45.11,5000 -116.98,45.10,5000 -116.99,45.09,5000 -117.01,45.08,5000 -117.03,45.07,5000 -117.05,45.06,5000 -117.07,45.05,5000 -117.09,45.05,5000 -117.11,45.04,5000 -117.13,45.03,5000 -117.15,45.03,5000 -117.17,45.03,5000 -117.19,45.02,5000 -117.21,45.02,5000 -117.23,45.02,5000 -117.25,45.02,5000 -117.27,45.02,5000 -117.29,45.02,5000 -117.31,45.02,5000 -117.33,45.02,5000 -117.35,45.02,5000 -117.37,45.02,5000 -117.39,45.03,5000 -117.41,45.03,5000 -117.43,45.04,5000 -117.45,45.04,5000 -117.46,45.05,5000 -117.48,45.06,5000 -117.49,45.07,5000 -117.51,45.08,5000 -117.52,45.09,5000 -117.53,45.10,5000 -117.54,45.11,5000 -117.55,45.12,5000 -117.56,45.13,5000 -117.57,45.14,5000 -117.58,45.16,5000 -117.59,45.17,5000 -117.60,45.18,5000 -117.61,45.20,5000 -117.62,45.21,5000 -117.63,45.23,5000 -117.64,45.24,5000 -117.44,45.36,5000 
          </coordinates>
        </LinearRing>
      </outerBoundaryIs>
      <innerBoundaryIs>
        <LinearRing>
          <coordinates>
-117.42,45.31,6000 -117.41,45.31,6000 -117.39,45.31,6000 -117.38,45.31,6000 -117.36,45.31,6000 -117.35,45.30,6000 -117.33,45.30,6000 -117.32,45.30,6000 -117.31,45.30,6000 -117.30,45.30,6000 -117.28,45.29,6000 -117.27,45.29,6000 -117.26,45.29,6000 -117.25,45.28,6000 -117.24,45.28,6000 -117.23,45.27,6000 -117.22,45.27,6000 -117.21,45.26,6000 -117.20,45.25,6000 -117.19,45.25,6000 -117.19,45.24,6000 -117.18,45.23,6000 -117.17,45.22,6000 -117.17,45.21,6000 -117.16,45.20,6000 -117.16,45.20,6000 -117.15,45.19,6000 -117.14,45.18,6000 -117.13,45.17,6000 -117.12,45.16,6000 -117.11,45.16,6000 -117.10,45.15,6000 -117.10,45.14,6000 -117.09,45.14,6000 -117.09,45.13,6000 -117.09,45.12,6000 -117.09,45.12,6000 -117.10,45.11,6000 -117.11,45.11,6000 -117.13,45.10,6000 -117.14,45.10,6000 -117.15,45.10,6000 -117.16,45.09,6000 -117.17,45.09,6000 -117.18,45.09,6000 -117.20,45.08,6000 -117.21,45.08,6000 -117.23,45.08,6000 -117.24,45.08,6000 -117.26,45.07,6000 -117.27,45.07,6000 -117.29,45.07,6000 -117.30,45.07,6000 -117.32,45.06,6000 -117.33,45.06,6000 -117.34,45.06,6000 -117.35,45.06,6000 -117.36,45.06,6000 -117.38,45.06,6000 -117.39,45.06,6000 -117.40,45.06,6000 -117.41,45.06,6000 -117.41,45.07,6000 -117.42,45.08,6000 -117.43,45.09,6000 -117.43,45.10,6000 -117.44,45.10,6000 -117.44,45.11,6000 -117.45,45.11,6000 -117.45,45.12,6000 -117.46,45.13,6000 -117.46,45.14,6000 -117.47,45.14,6000 -117.47,45.15,6000 -117.48,45.16,6000 -117.49,45.17,6000 -117.49,45.18,6000 -117.50,45.19,6000 -117.50,45.20,6000 -117.51,45.21,6000 -117.51,45.22,6000 -117.52,45.23,6000 -117.52,45.24,6000 -117.53,45.25,6000 -117.42,45.31,6000 
          </coordinates>
        </LinearRing>
      </innerBoundaryIs>
  </Polygon>
 </MultiGeometry>
</Placemark>
<Placemark>
  <name>40%</name>
  <visibility>1</visibility>
  <styleUrl>#poly_40</styleUrl>
  <MultiGeometry>
    <Polygon>
      <outerBoundaryIs>
        <LinearRing>
          <coordinates>
-122.89,41.21,5000 -122.87,41.21,5000 -122.86,41.21,5000 -122.84,41.21,5000 -122.83,41.22,5000 -122.81,41.22,5000 -122.80,41.22,5000 -122.78,41.22,5000 -122.77,41.22,5000 -122.75,41.22,5000 -122.74,41.22,5000 -122.72,41.23,5000 -122.71,41.23,5000 -122.70,41.23,5000 -122.68,41.23,5000 -122.67,41.23,5000 -122.66,41.23,5000 -122.64,41.23,5000 -122.62,41.23,5000 -122.60,41.23,5000 -122.58,41.24,5000 -122.56,41.24,5000 -122.55,41.24,5000 -122.53,41.24,5000 -122.52,41.24,5000 -122.51,41.23,5000 -122.51,41.23,5000 -122.51,41.23,5000 -122.52,41.22,5000 -122.52,41.22,5000 -122.53,41.21,5000 -122.55,41.20,5000 -122.56,41.20,5000 -122.58,41.19,5000 -122.59,41.18,5000 -122.61,41.18,5000 -122.62,41.17,5000 -122.63,41.16,5000 -122.64,41.15,5000 -122.65,41.14,5000 -122.65,41.13,5000 -122.66,41.12,5000 -122.66,41.11,5000 -122.67,41.10,5000 -122.67,41.09,5000 -122.68,41.08,5000 -122.68,41.07,5000 -122.69,41.06,5000 -122.69,41.05,5000 -122.70,41.04,5000 -122.70,41.03,5000 -122.71,41.02,5000 -122.72,41.01,5000 -122.73,41.00,5000 -122.74,40.99,5000 -122.75,40.98,5000 -122.76,40.98,5000 -122.77,40.97,5000 -122.78,40.96,5000 -122.79,40.96,5000 -122.81,40.95,5000 -122.82,40.95,5000 -122.83,40.95,5000 -122.85,40.95,5000 -122.86,40.94,5000 -122.88,40.94,5000 -122.90,40.94,5000 -122.92,40.94,5000 -122.93,40.94,5000 -122.95,40.95,5000 -122.97,40.95,5000 -122.98,40.95,5000 -122.99,40.96,5000 -123.00,40.96,5000 -123.01,40.97,5000 -123.01,40.98,5000 -123.02,40.98,5000 -123.02,40.99,5000 -123.02,41.00,5000 -123.02,41.01,5000 -123.02,41.02,5000 -123.01,41.03,5000 -123.01,41.04,5000 -123.01,41.05,5000 -123.00,41.06,5000 -123.00,41.07,5000 -122.99,41.08,5000 -122.99,41.10,5000 -122.98,41.11,5000 -122.98,41.12,5000 -122.97,41.13,5000 -122.97,41.15,5000 -122.96,41.16,5000 -122.89,41.21,5000 
          </coordinates>
        </LinearRing>
      </outerBoundaryIs>
  </Polygon>
 </MultiGeometry>
</Placemark>
<Placemark>
  <name>40%</name>
  <visibility>1</visibility>
  <styleUrl>#poly_40</styleUrl>
  <MultiGeometry>
    <Polygon>
      <outerBoundaryIs>
        <LinearRing>
          <coordinates>
-119.27,51.37,5000 -118.98,51.43,5000 -118.68,51.48,5000 -118.39,51.52,5000 -118.02,51.56,5000 -117.62,51.60,5000 -117.16,51.65,5000 -116.76,51.69,5000 -116.35,51.72,5000 -116.06,51.73,5000 -115.82,51.67,5000 -115.69,51.49,5000 -115.64,51.33,5000 -115.57,51.17,5000 -115.40,51.03,5000 -115.21,50.91,5000 -114.95,50.74,5000 -114.75,50.46,5000 -114.65,50.22,5000 -114.53,49.92,5000 -114.43,49.68,5000 -114.23,49.42,5000 -114.06,49.30,5000 -113.88,49.19,5000 -113.57,49.00,5000 -113.42,48.88,5000 -113.28,48.75,5000 -113.12,48.50,5000 -112.98,48.36,5000 -112.83,48.21,5000 -112.62,47.93,5000 -112.62,47.71,5000 -112.64,47.49,5000 -112.54,47.28,5000 -112.57,47.06,5000 -112.83,46.94,5000 -113.15,47.01,5000 -113.45,47.02,5000 -113.78,46.93,5000 -114.06,46.99,5000 -114.11,47.16,5000 -114.10,47.41,5000 -114.08,47.74,5000 -114.07,47.99,5000 -114.17,48.18,5000 -114.34,48.32,5000 -114.58,48.27,5000 -114.70,48.09,5000 -114.68,47.84,5000 -114.84,47.55,5000 -114.74,47.37,5000 -114.59,47.30,5000 -114.39,47.18,5000 -114.14,47.16,5000 -114.13,46.98,5000 -114.13,46.76,5000 -114.07,46.56,5000 -113.97,46.43,5000 -113.68,46.57,5000 -113.26,46.51,5000 -112.98,46.39,5000 -112.98,46.13,5000 -112.94,45.91,5000 -112.92,45.69,5000 -112.95,45.50,5000 -113.01,45.36,5000 -113.23,45.24,5000 -113.47,45.19,5000 -113.59,45.33,5000 -113.72,45.50,5000 -114.06,45.67,5000 -114.27,45.45,5000 -114.33,45.28,5000 -114.35,45.11,5000 -114.24,44.89,5000 -114.31,44.66,5000 -114.33,44.35,5000 -114.18,44.08,5000 -114.04,43.94,5000 -113.93,43.81,5000 -113.98,43.65,5000 -114.35,43.51,5000 -114.61,43.41,5000 -114.87,43.36,5000 -115.29,43.43,5000 -115.55,43.56,5000 -115.60,43.65,5000 -115.67,43.80,5000 -115.80,44.00,5000 -115.94,44.18,5000 -116.12,44.38,5000 -116.27,44.56,5000 -116.42,44.74,5000 -116.53,44.87,5000 -116.71,44.96,5000 -116.86,45.14,5000 -116.66,45.27,5000 -116.35,45.43,5000 -116.09,45.56,5000 -115.77,45.78,5000 -115.52,46.03,5000 -115.54,46.23,5000 -115.64,46.39,5000 -115.81,46.65,5000 -116.16,46.81,5000 -116.39,46.90,5000 -116.47,47.07,5000 -116.38,47.34,5000 -116.21,47.62,5000 -116.50,47.82,5000 -116.43,47.97,5000 -116.32,48.11,5000 -116.36,48.29,5000 -116.51,48.34,5000 -116.93,48.46,5000 -117.22,48.45,5000 -117.47,48.45,5000 -117.60,48.60,5000 -117.64,48.81,5000 -117.74,48.99,5000 -117.94,48.99,5000 -118.26,48.98,5000 -118.41,49.05,5000 -118.82,49.17,5000 -119.23,49.33,5000 -119.32,49.49,5000 -119.30,49.66,5000 -119.29,49.83,5000 -119.25,49.98,5000 -119.04,50.19,5000 -118.89,50.38,5000 -119.06,50.66,5000 -119.26,50.93,5000 -119.52,51.11,5000 -119.27,51.37,5000 
          </coordinates>
        </LinearRing>
      </outerBoundaryIs>
      <innerBoundaryIs>
        <LinearRing>
          <coordinates>
-113.72,46.45,6000 -113.66,46.46,6000 -113.60,46.47,6000 -113.54,46.48,6000 -113.48,46.48,6000 -113.43,46.47,6000 -113.37,46.46,6000 -113.31,46.45,6000 -113.26,46.43,6000 -113.22,46.42,6000 -113.18,46.42,6000 -113.16,46.40,6000 -113.14,46.38,6000 -113.12,46.35,6000 -113.09,46.31,6000 -113.07,46.28,6000 -113.06,46.24,6000 -113.05,46.21,6000 -113.05,46.17,6000 -113.06,46.13,6000 -113.06,46.10,6000 -113.06,46.06,6000 -113.06,46.03,6000 -113.06,45.99,6000 -113.06,45.96,6000 -113.05,45.92,6000 -113.05,45.89,6000 -113.04,45.85,6000 -113.03,45.81,6000 -113.02,45.77,6000 -113.01,45.73,6000 -113.00,45.70,6000 -112.99,45.66,6000 -112.99,45.62,6000 -112.98,45.59,6000 -112.98,45.56,6000 -112.99,45.51,6000 -113.00,45.48,6000 -113.03,45.44,6000 -113.07,45.42,6000 -113.13,45.39,6000 -113.18,45.37,6000 -113.22,45.36,6000 -113.26,45.35,6000 -113.30,45.35,6000 -113.32,45.37,6000 -113.35,45.40,6000 -113.38,45.44,6000 -113.41,45.48,6000 -113.44,45.51,6000 -113.47,45.55,6000 -113.51,45.58,6000 -113.54,45.62,6000 -113.56,45.64,6000 -113.58,45.66,6000 -113.61,45.67,6000 -113.65,45.69,6000 -113.70,45.72,6000 -113.75,45.74,6000 -113.80,45.77,6000 -113.84,45.79,6000 -113.87,45.81,6000 -113.88,45.84,6000 -113.88,45.87,6000 -113.88,45.91,6000 -113.89,45.95,6000 -113.89,45.98,6000 -113.88,46.01,6000 -113.88,46.04,6000 -113.88,46.08,6000 -113.88,46.12,6000 -113.87,46.16,6000 -113.86,46.19,6000 -113.85,46.23,6000 -113.84,46.26,6000 -113.83,46.30,6000 -113.82,46.33,6000 -113.72,46.45,6000 
          </coordinates>
        </LinearRing>
      </innerBoundaryIs>
      <innerBoundaryIs>
        <LinearRing>
          <coordinates>
-115.90,50.55,6000 -115.90,50.54,6000 -115.88,50.51,6000 -115.86,50.49,6000 -115.84,50.45,6000 -115.81,50.42,6000 -115.79,50.38,6000 -115.77,50.35,6000 -115.75,50.31,6000 -115.74,50.27,6000 -115.73,50.23,6000 -115.72,50.19,6000 -115.72,50.15,6000 -115.72,50.11,6000 -115.71,50.07,6000 -115.71,50.03,6000 -115.70,49.99,6000 -115.69,49.95,6000 -115.67,49.91,6000 -115.66,49.87,6000 -115.64,49.83,6000 -115.62,49.79,6000 -115.61,49.75,6000 -115.59,49.71,6000 -115.58,49.68,6000 -115.57,49.64,6000 -115.56,49.60,6000 -115.56,49.57,6000 -115.56,49.54,6000 -115.57,49.50,6000 -115.60,49.46,6000 -115.64,49.44,6000 -115.69,49.45,6000 -115.74,49.46,6000 -115.80,49.49,6000 -115.85,49.51,6000 -115.89,49.54,6000 -115.91,49.56,6000 -115.93,49.59,6000 -115.95,49.62,6000 -115.96,49.65,6000 -115.97,49.67,6000 -115.96,49.70,6000 -115.94,49.72,6000 -115.92,49.75,6000 -115.89,49.78,6000 -115.86,49.82,6000 -115.84,49.85,6000 -115.83,49.88,6000 -115.82,49.92,6000 -115.82,49.95,6000 -115.82,49.99,6000 -115.82,50.02,6000 -115.83,50.06,6000 -115.84,50.10,6000 -115.86,50.14,6000 -115.87,50.18,6000 -115.88,50.22,6000 -115.88,50.26,6000 -115.89,50.30,6000 -115.89,50.34,6000 -115.89,50.38,6000 -115.90,50.42,6000 -115.90,50.46,6000 -115.91,50.50,6000 -115.90,50.55,6000 
          </coordinates>
        </LinearRing>
      </innerBoundaryIs>
      <innerBoundaryIs>
        <LinearRing>
          <coordinates>
-119.25,51.33,6000 -118.97,51.39,6000 -118.67,51.44,6000 -118.38,51.48,6000 -118.01,51.52,6000 -117.61,51.56,6000 -117.15,51.61,6000 -116.75,51.65,6000 -116.33,51.68,6000 -116.05,51.69,6000 -115.88,51.66,6000 -115.74,51.49,6000 -115.69,51.31,6000 -115.62,51.13,6000 -115.47,51.00,6000 -115.29,50.89,6000 -115.00,50.70,6000 -114.82,50.45,6000 -114.72,50.21,6000 -114.61,49.91,6000 -114.51,49.67,6000 -114.40,49.49,6000 -114.29,49.39,6000 -113.94,49.18,6000 -113.62,48.98,6000 -113.34,48.75,6000 -113.24,48.59,6000 -113.13,48.43,6000 -112.97,48.28,6000 -112.82,48.15,6000 -112.68,47.92,6000 -112.73,47.63,6000 -112.62,47.33,6000 -112.67,47.09,6000 -112.94,47.06,6000 -113.30,47.05,6000 -113.59,47.04,6000 -113.85,47.00,6000 -113.98,47.12,6000 -114.01,47.32,6000 -114.04,47.53,6000 -114.05,47.74,6000 -113.99,47.99,6000 -114.13,48.26,6000 -114.32,48.38,6000 -114.55,48.38,6000 -114.75,48.28,6000 -114.84,48.12,6000 -114.82,47.95,6000 -114.81,47.77,6000 -114.97,47.53,6000 -114.93,47.38,6000 -114.73,47.28,6000 -114.43,47.06,6000 -114.29,46.80,6000 -114.15,46.65,6000 -114.14,46.43,6000 -114.22,46.18,6000 -114.20,45.95,6000 -114.26,45.70,6000 -114.34,45.54,6000 -114.44,45.41,6000 -114.65,45.41,6000 -114.84,45.53,6000 -115.03,45.64,6000 -115.29,45.56,6000 -115.41,45.44,6000 -115.24,45.33,6000 -115.04,45.21,6000 -114.85,44.95,6000 -114.66,44.87,6000 -114.48,44.77,6000 -114.42,44.54,6000 -114.38,44.30,6000 -114.22,44.04,6000 -114.05,43.88,6000 -114.04,43.69,6000 -114.23,43.60,6000 -114.47,43.51,6000 -114.69,43.44,6000 -114.91,43.40,6000 -115.28,43.48,6000 -115.47,43.57,6000 -115.59,43.76,6000 -115.74,44.01,6000 -115.86,44.19,6000 -116.00,44.37,6000 -116.13,44.53,6000 -116.29,44.70,6000 -116.54,44.93,6000 -116.72,45.15,6000 -116.40,45.34,6000 -116.20,45.41,6000 -116.01,45.49,6000 -115.84,45.61,6000 -115.69,45.75,6000 -115.52,45.88,6000 -115.40,46.03,6000 -115.45,46.22,6000 -115.56,46.41,6000 -115.65,46.57,6000 -115.76,46.70,6000 -116.13,46.86,6000 -116.33,46.93,6000 -116.37,47.08,6000 -116.24,47.35,6000 -116.04,47.61,6000 -116.33,47.84,6000 -116.25,48.09,6000 -116.29,48.31,6000 -116.48,48.42,6000 -116.70,48.48,6000 -116.95,48.52,6000 -117.22,48.50,6000 -117.44,48.51,6000 -117.52,48.65,6000 -117.54,48.82,6000 -117.54,49.03,6000 -117.75,49.09,6000 -118.06,49.05,6000 -118.43,49.17,6000 -118.79,49.33,6000 -118.95,49.49,6000 -119.04,49.65,6000 -119.13,49.82,6000 -119.14,49.99,6000 -118.98,50.12,6000 -118.80,50.23,6000 -118.73,50.37,6000 -118.81,50.47,6000 -118.99,50.74,6000 -119.14,50.99,6000 -119.40,51.11,6000 -119.25,51.33,6000 
          </coordinates>
        </LinearRing>
      </innerBoundaryIs>
  </Polygon>
 </MultiGeometry>
</Placemark>
<Placemark>
  <name>40%</name>
  <visibility>1</visibility>
  <styleUrl>#poly_40</styleUrl>
  <MultiGeometry>
    <Polygon>
      <outerBoundaryIs>
        <LinearRing>
          <coordinates>
-122.25,41.47,5000 -122.24,41.47,5000 -122.23,41.47,5000 -122.22,41.47,5000 -122.21,41.47,5000 -122.20,41.48,5000 -122.19,41.48,5000 -122.17,41.48,5000 -122.16,41.48,5000 -122.15,41.48,5000 -122.14,41.48,5000 -122.13,41.48,5000 -122.12,41.48,5000 -122.12,41.48,5000 -122.11,41.48,5000 -122.10,41.48,5000 -122.09,41.49,5000 -122.08,41.49,5000 -122.07,41.49,5000 -122.06,41.49,5000 -122.06,41.49,5000 -122.05,41.49,5000 -122.04,41.49,5000 -122.04,41.49,5000 -122.03,41.49,5000 -122.03,41.49,5000 -122.02,41.49,5000 -122.00,41.49,5000 -122.00,41.48,5000 -122.00,41.48,5000 -121.99,41.48,5000 -122.01,41.47,5000 -122.01,41.47,5000 -122.02,41.46,5000 -122.02,41.46,5000 -122.03,41.46,5000 -122.03,41.45,5000 -122.04,41.45,5000 -122.05,41.45,5000 -122.06,41.44,5000 -122.06,41.44,5000 -122.07,41.43,5000 -122.08,41.43,5000 -122.09,41.42,5000 -122.09,41.41,5000 -122.10,41.41,5000 -122.11,41.40,5000 -122.12,41.40,5000 -122.13,41.39,5000 -122.14,41.39,5000 -122.14,41.38,5000 -122.15,41.38,5000 -122.16,41.37,5000 -122.17,41.37,5000 -122.18,41.37,5000 -122.18,41.36,5000 -122.19,41.36,5000 -122.20,41.36,5000 -122.20,41.35,5000 -122.21,41.35,5000 -122.21,41.35,5000 -122.22,41.35,5000 -122.23,41.35,5000 -122.24,41.35,5000 -122.24,41.35,5000 -122.25,41.35,5000 -122.25,41.36,5000 -122.26,41.36,5000 -122.27,41.37,5000 -122.27,41.37,5000 -122.27,41.38,5000 -122.28,41.38,5000 -122.28,41.39,5000 -122.29,41.40,5000 -122.29,41.41,5000 -122.29,41.42,5000 -122.29,41.42,5000 -122.30,41.43,5000 -122.30,41.44,5000 -122.25,41.47,5000 
          </coordinates>
        </LinearRing>
      </outerBoundaryIs>
  </Polygon>
 </MultiGeometry>
</Placemark>
<Placemark>
  <name>40%</name>
  <visibility>1</visibility>
  <styleUrl>#poly_40</styleUrl>
  <MultiGeometry>
    <Polygon>
      <outerBoundaryIs>
        <LinearRing>
          <coordinates>
-97.87,51.69,5000 -96.98,51.69,5000 -96.21,51.64,5000 -95.65,51.63,5000 -95.29,51.69,5000 -94.88,51.79,5000 -94.35,51.79,5000 -93.23,51.68,5000 -92.46,51.59,5000 -92.02,51.59,5000 -91.62,51.66,5000 -91.12,51.61,5000 -90.41,51.35,5000 -90.11,51.25,5000 -89.57,51.14,5000 -88.93,51.04,5000 -88.26,50.92,5000 -87.53,50.74,5000 -86.75,50.39,5000 -86.25,50.06,5000 -85.57,49.71,5000 -85.27,49.43,5000 -84.79,49.09,5000 -84.09,48.79,5000 -83.75,48.70,5000 -83.29,48.63,5000 -82.50,48.52,5000 -82.08,48.40,5000 -81.56,48.35,5000 -81.12,48.33,5000 -80.70,48.26,5000 -80.00,48.03,5000 -79.32,47.95,5000 -78.79,47.87,5000 -78.28,47.72,5000 -77.89,47.44,5000 -77.66,47.00,5000 -77.52,46.78,5000 -77.26,46.52,5000 -76.78,46.19,5000 -76.60,46.00,5000 -76.45,45.70,5000 -76.27,45.26,5000 -76.15,44.76,5000 -75.81,44.34,5000 -75.64,44.12,5000 -75.40,44.00,5000 -74.98,43.88,5000 -74.52,43.88,5000 -74.24,44.03,5000 -74.05,44.25,5000 -73.34,44.40,5000 -72.94,44.71,5000 -72.50,45.07,5000 -71.94,45.34,5000 -71.44,45.55,5000 -71.13,45.75,5000 -70.72,45.90,5000 -70.45,46.05,5000 -70.17,46.26,5000 -69.77,46.54,5000 -69.46,46.74,5000 -69.27,46.99,5000 -69.03,47.40,5000 -68.56,47.43,5000 -68.33,47.47,5000 -68.34,47.65,5000 -68.62,47.79,5000 -68.94,47.85,5000 -68.92,48.14,5000 -68.75,48.34,5000 -68.28,48.69,5000 -67.62,48.99,5000 -67.40,49.18,5000 -67.12,49.34,5000 -66.85,49.48,5000 -66.57,49.67,5000 -66.00,49.75,5000 -65.75,49.73,5000 -65.54,49.64,5000 -65.31,49.54,5000 -64.66,49.27,5000 -63.96,48.98,5000 -63.34,48.67,5000 -62.95,48.22,5000 -62.48,47.97,5000 -62.09,47.75,5000 -62.03,47.62,5000 -62.06,47.27,5000 -62.18,46.92,5000 -62.43,46.24,5000 -62.64,45.63,5000 -62.85,45.02,5000 -63.12,44.32,5000 -63.29,43.99,5000 -63.45,43.82,5000 -63.96,43.48,5000 -64.51,43.18,5000 -65.06,42.95,5000 -65.63,42.72,5000 -66.30,42.47,5000 -66.99,42.30,5000 -67.56,42.08,5000 -68.12,41.85,5000 -68.70,41.68,5000 -69.02,41.54,5000 -69.24,41.35,5000 -69.62,40.95,5000 -70.10,40.62,5000 -70.55,40.40,5000 -71.17,40.18,5000 -71.81,39.93,5000 -72.35,39.74,5000 -72.87,39.44,5000 -73.32,39.08,5000 -73.67,38.76,5000 -74.10,38.38,5000 -74.64,37.90,5000 -75.13,37.47,5000 -75.55,37.25,5000 -76.47,37.24,5000 -76.65,37.21,5000 -77.05,37.23,5000 -77.28,37.39,5000 -77.49,37.62,5000 -77.75,38.09,5000 -77.91,38.28,5000 -78.20,38.35,5000 -78.42,38.29,5000 -78.73,38.31,5000 -78.95,38.39,5000 -79.20,38.32,5000 -79.85,38.14,5000 -80.36,37.81,5000 -80.82,37.40,5000 -81.16,36.97,5000 -81.41,36.46,5000 -81.69,36.09,5000 -82.21,35.81,5000 -82.47,35.70,5000 -82.83,35.63,5000 -83.43,35.45,5000 -83.67,35.50,5000 -83.60,35.69,5000 -83.22,35.82,5000 -83.00,35.93,5000 -82.78,36.14,5000 -82.43,36.45,5000 -82.48,36.72,5000 -82.91,36.80,5000 -83.14,36.92,5000 -83.12,37.09,5000 -82.64,37.42,5000 -82.47,37.63,5000 -82.35,37.94,5000 -81.99,38.38,5000 -81.60,38.83,5000 -81.28,39.29,5000 -81.22,39.47,5000 -81.37,39.68,5000 -81.74,39.84,5000 -81.90,39.86,5000 -82.16,39.52,5000 -82.41,39.35,5000 -82.71,39.35,5000 -82.87,39.52,5000 -82.94,39.84,5000 -83.14,40.09,5000 -83.44,40.19,5000 -83.70,40.16,5000 -84.05,40.25,5000 -84.25,40.43,5000 -84.28,40.61,5000 -84.21,40.79,5000 -83.94,41.18,5000 -83.79,41.39,5000 -83.67,41.69,5000 -83.73,41.93,5000 -84.14,41.94,5000 -84.39,41.89,5000 -84.78,41.87,5000 -85.11,42.01,5000 -85.39,42.04,5000 -85.57,41.78,5000 -85.65,41.55,5000 -85.78,41.25,5000 -86.04,41.07,5000 -86.28,40.99,5000 -86.65,40.99,5000 -87.07,41.23,5000 -87.26,41.54,5000 -87.30,41.77,5000 -87.39,42.44,5000 -87.45,43.07,5000 -87.50,43.65,5000 -87.58,43.91,5000 -87.76,44.12,5000 -88.34,44.46,5000 -89.00,44.64,5000 -89.66,44.80,5000 -90.29,45.00,5000 -90.63,45.17,5000 -90.87,45.35,5000 -91.44,45.76,5000 -92.28,46.34,5000 -93.22,46.98,5000 -94.10,47.56,5000 -94.74,47.96,5000 -95.22,48.25,5000 -95.75,48.45,5000 -96.28,48.80,5000 -96.78,49.16,5000 -97.00,49.43,5000 -97.06,49.69,5000 -97.08,50.07,5000 -97.51,50.47,5000 -97.99,50.85,5000 -98.42,51.04,5000 -98.65,51.16,5000 -98.67,51.34,5000 -98.17,51.63,5000 -97.87,51.69,5000 
          </coordinates>
        </LinearRing>
      </outerBoundaryIs>
      <innerBoundaryIs>
        <LinearRing>
          <coordinates>
-95.00,51.70,6000 -94.53,51.73,6000 -94.10,51.71,6000 -93.32,51.63,6000 -92.17,51.51,6000 -91.69,51.57,6000 -91.17,51.53,6000 -90.52,51.31,6000 -89.79,51.11,6000 -88.92,50.97,6000 -88.19,50.83,6000 -87.53,50.62,6000 -87.30,50.48,6000 -87.05,50.27,6000 -86.85,50.06,6000 -86.58,49.89,6000 -85.87,49.52,6000 -85.40,49.14,6000 -84.80,48.83,6000 -84.25,48.60,6000 -83.70,48.41,6000 -83.06,48.40,6000 -82.68,48.37,6000 -82.34,48.28,6000 -81.77,48.23,6000 -81.24,48.25,6000 -80.80,48.18,6000 -80.43,48.05,6000 -79.45,47.81,6000 -78.99,47.78,6000 -78.77,47.73,6000 -78.41,47.58,6000 -78.28,47.46,6000 -78.08,46.95,6000 -78.04,46.64,6000 -77.92,46.48,6000 -77.50,46.34,6000 -77.32,46.24,6000 -77.01,46.06,6000 -76.77,45.79,6000 -76.51,45.30,6000 -76.38,44.68,6000 -76.27,44.10,6000 -76.13,43.90,6000 -75.78,43.82,6000 -75.15,43.56,6000 -74.56,43.71,6000 -74.02,43.94,6000 -73.86,44.08,6000 -73.66,44.13,6000 -73.37,44.20,6000 -72.89,44.56,6000 -72.40,44.87,6000 -71.83,45.20,6000 -71.25,45.50,6000 -70.76,45.74,6000 -70.46,45.87,6000 -70.19,46.06,6000 -69.63,46.41,6000 -69.37,46.60,6000 -69.15,46.87,6000 -68.88,47.16,6000 -68.53,47.26,6000 -68.20,47.29,6000 -68.02,47.54,6000 -68.16,47.80,6000 -68.44,48.00,6000 -68.62,48.15,6000 -68.54,48.37,6000 -68.16,48.67,6000 -67.57,48.91,6000 -67.11,49.28,6000 -66.57,49.64,6000 -66.05,49.70,6000 -65.78,49.67,6000 -65.17,49.43,6000 -64.52,49.15,6000 -63.89,48.89,6000 -63.37,48.60,6000 -62.99,48.17,6000 -62.34,47.85,6000 -62.11,47.67,6000 -62.07,47.39,6000 -62.19,47.03,6000 -62.37,46.54,6000 -62.59,45.91,6000 -62.80,45.30,6000 -63.02,44.68,6000 -63.29,44.10,6000 -63.63,43.76,6000 -64.13,43.45,6000 -64.77,43.13,6000 -65.35,42.90,6000 -65.90,42.70,6000 -66.64,42.53,6000 -67.25,42.35,6000 -67.78,42.15,6000 -68.44,41.95,6000 -69.07,41.74,6000 -69.37,41.47,6000 -69.50,41.25,6000 -69.79,40.94,6000 -70.08,40.74,6000 -70.51,40.51,6000 -71.09,40.29,6000 -71.66,40.05,6000 -72.15,39.88,6000 -72.69,39.66,6000 -73.17,39.32,6000 -73.67,38.98,6000 -74.16,38.61,6000 -74.59,38.10,6000 -74.91,37.77,6000 -75.13,37.59,6000 -75.39,37.45,6000 -75.80,37.35,6000 -76.18,37.41,6000 -76.41,37.36,6000 -76.70,37.31,6000 -76.94,37.35,6000 -77.19,37.50,6000 -77.39,37.70,6000 -77.64,38.19,6000 -77.86,38.41,6000 -78.04,38.45,6000 -78.36,38.39,6000 -78.58,38.39,6000 -78.77,38.50,6000 -78.91,38.56,6000 -79.16,38.46,6000 -79.76,38.23,6000 -80.31,37.92,6000 -80.73,37.56,6000 -81.10,37.13,6000 -81.39,36.59,6000 -81.57,36.28,6000 -81.74,36.12,6000 -82.26,35.84,6000 -82.98,35.65,6000 -83.51,35.49,6000 -83.41,35.70,6000 -83.04,35.83,6000 -82.80,36.02,6000 -82.32,36.45,6000 -82.29,36.51,6000 -82.43,36.77,6000 -82.88,36.85,6000 -82.99,36.90,6000 -83.01,37.08,6000 -82.54,37.39,6000 -82.38,37.57,6000 -82.28,37.82,6000 -82.11,38.11,6000 -81.87,38.35,6000 -81.51,38.76,6000 -81.15,39.17,6000 -81.01,39.38,6000 -80.89,39.68,6000 -80.89,39.88,6000 -80.75,40.01,6000 -80.47,40.19,6000 -80.22,40.35,6000 -80.17,40.47,6000 -80.39,40.62,6000 -80.52,40.62,6000 -80.91,40.52,6000 -81.34,40.54,6000 -81.85,40.29,6000 -82.52,40.01,6000 -82.66,39.94,6000 -82.82,40.02,6000 -83.10,40.24,6000 -83.30,40.32,6000 -83.57,40.30,6000 -83.97,40.35,6000 -84.12,40.55,6000 -84.03,40.74,6000 -83.67,41.22,6000 -83.31,41.64,6000 -83.23,41.84,6000 -83.34,42.06,6000 -83.63,42.16,6000 -84.10,42.15,6000 -84.40,42.11,6000 -84.66,42.15,6000 -84.96,42.33,6000 -85.21,42.41,6000 -85.38,42.40,6000 -85.50,42.28,6000 -85.62,42.11,6000 -85.83,41.46,6000 -86.01,41.23,6000 -86.33,41.08,6000 -86.56,41.05,6000 -86.77,41.11,6000 -87.01,41.26,6000 -87.15,41.43,6000 -87.22,41.77,6000 -87.29,42.40,6000 -87.35,43.05,6000 -87.41,43.59,6000 -87.50,43.96,6000 -87.61,44.16,6000 -88.17,44.55,6000 -88.52,44.67,6000 -88.97,44.75,6000 -89.68,44.95,6000 -90.23,45.15,6000 -90.79,45.48,6000 -91.34,45.74,6000 -91.75,46.08,6000 -92.14,46.45,6000 -92.71,46.84,6000 -93.14,47.19,6000 -93.66,47.54,6000 -94.19,47.88,6000 -94.61,48.22,6000 -95.09,48.52,6000 -95.41,48.69,6000 -95.68,48.92,6000 -96.28,49.22,6000 -96.51,49.40,6000 -96.58,49.56,6000 -96.54,49.99,6000 -96.63,50.25,6000 -96.79,50.53,6000 -96.87,50.69,6000 -97.14,50.91,6000 -97.69,51.17,6000 -97.93,51.33,6000 -97.86,51.53,6000 -97.47,51.58,6000 -97.03,51.60,6000 -96.20,51.56,6000 -95.75,51.55,6000 -95.30,51.61,6000 -95.00,51.70,6000 
          </coordinates>
        </LinearRing>
      </innerBoundaryIs>
      <innerBoundaryIs>
        <LinearRing>
          <coordinates>
-82.57,39.90,6000 -82.56,39.89,6000 -82.55,39.87,6000 -82.54,39.86,6000 -82.53,39.85,6000 -82.53,39.83,6000 -82.52,39.82,6000 -82.51,39.81,6000 -82.50,39.80,6000 -82.50,39.78,6000 -82.49,39.77,6000 -82.49,39.76,6000 -82.48,39.75,6000 -82.48,39.73,6000 -82.48,39.72,6000 -82.48,39.71,6000 -82.48,39.69,6000 -82.48,39.68,6000 -82.49,39.66,6000 -82.49,39.65,6000 -82.50,39.63,6000 -82.50,39.62,6000 -82.51,39.60,6000 -82.52,39.59,6000 -82.52,39.58,6000 -82.53,39.57,6000 -82.53,39.56,6000 -82.54,39.55,6000 -82.56,39.54,6000 -82.57,39.53,6000 -82.59,39.53,6000 -82.61,39.53,6000 -82.62,39.53,6000 -82.63,39.53,6000 -82.64,39.54,6000 -82.65,39.56,6000 -82.65,39.57,6000 -82.65,39.58,6000 -82.65,39.59,6000 -82.65,39.60,6000 -82.66,39.61,6000 -82.66,39.63,6000 -82.66,39.64,6000 -82.66,39.65,6000 -82.66,39.67,6000 -82.66,39.68,6000 -82.66,39.70,6000 -82.66,39.71,6000 -82.66,39.73,6000 -82.57,39.90,6000 
          </coordinates>
        </LinearRing>
      </innerBoundaryIs>
  </Polygon>
 </MultiGeometry>
</Placemark>
<Placemark>
  <name>50%</name>
  <visibility>1</visibility>
  <styleUrl>#poly_50</styleUrl>
  <MultiGeometry>
    <Polygon>
      <outerBoundaryIs>
        <LinearRing>
          <coordinates>
-126.82,50.30,6000 -126.76,50.33,6000 -126.71,50.35,6000 -126.65,50.37,6000 -126.59,50.39,6000 -126.53,50.40,6000 -126.46,50.41,6000 -126.40,50.41,6000 -126.33,50.40,6000 -126.27,50.39,6000 -126.21,50.38,6000 -126.15,50.36,6000 -126.09,50.35,6000 -126.03,50.32,6000 -125.98,50.29,6000 -125.94,50.26,6000 -125.89,50.22,6000 -125.85,50.19,6000 -125.81,50.15,6000 -125.77,50.12,6000 -125.72,50.09,6000 -125.68,50.06,6000 -125.64,50.04,6000 -125.59,50.02,6000 -125.55,49.99,6000 -125.51,49.96,6000 -125.47,49.94,6000 -125.43,49.91,6000 -125.39,49.88,6000 -125.34,49.84,6000 -125.30,49.81,6000 -125.26,49.78,6000 -125.21,49.74,6000 -125.17,49.70,6000 -125.12,49.66,6000 -125.08,49.62,6000 -125.05,49.59,6000 -125.02,49.56,6000 -124.99,49.51,6000 -124.98,49.47,6000 -124.99,49.43,6000 -125.00,49.40,6000 -125.02,49.37,6000 -125.05,49.34,6000 -125.09,49.31,6000 -125.14,49.29,6000 -125.19,49.27,6000 -125.25,49.26,6000 -125.31,49.24,6000 -125.38,49.24,6000 -125.43,49.24,6000 -125.49,49.25,6000 -125.55,49.26,6000 -125.60,49.27,6000 -125.66,49.29,6000 -125.71,49.31,6000 -125.76,49.33,6000 -125.81,49.35,6000 -125.86,49.37,6000 -125.91,49.40,6000 -125.95,49.42,6000 -125.99,49.45,6000 -126.03,49.47,6000 -126.06,49.50,6000 -126.09,49.53,6000 -126.13,49.56,6000 -126.16,49.59,6000 -126.20,49.62,6000 -126.23,49.65,6000 -126.27,49.68,6000 -126.31,49.71,6000 -126.35,49.74,6000 -126.39,49.77,6000 -126.44,49.80,6000 -126.49,49.82,6000 -126.54,49.85,6000 -126.59,49.88,6000 -126.64,49.91,6000 -126.68,49.94,6000 -126.72,49.98,6000 -126.76,50.02,6000 -126.79,50.05,6000 -126.82,50.09,6000 -126.84,50.13,6000 -126.82,50.30,6000 
          </coordinates>
        </LinearRing>
      </outerBoundaryIs>
      <innerBoundaryIs>
        <LinearRing>
          <coordinates>
-126.57,50.35,7000 -126.52,50.35,7000 -126.47,50.36,7000 -126.42,50.36,7000 -126.37,50.36,7000 -126.31,50.35,7000 -126.26,50.34,7000 -126.21,50.33,7000 -126.16,50.32,7000 -126.11,50.31,7000 -126.05,50.29,7000 -126.00,50.26,7000 -125.96,50.24,7000 -125.92,50.21,7000 -125.88,50.18,7000 -125.85,50.15,7000 -125.81,50.12,7000 -125.77,50.09,7000 -125.73,50.05,7000 -125.69,50.03,7000 -125.66,50.00,7000 -125.61,49.97,7000 -125.57,49.94,7000 -125.53,49.91,7000 -125.49,49.89,7000 -125.46,49.86,7000 -125.42,49.84,7000 -125.38,49.81,7000 -125.34,49.78,7000 -125.30,49.76,7000 -125.26,49.73,7000 -125.23,49.70,7000 -125.20,49.67,7000 -125.17,49.64,7000 -125.14,49.61,7000 -125.11,49.58,7000 -125.10,49.55,7000 -125.09,49.51,7000 -125.09,49.48,7000 -125.09,49.44,7000 -125.11,49.40,7000 -125.13,49.37,7000 -125.16,49.35,7000 -125.21,49.33,7000 -125.26,49.32,7000 -125.31,49.30,7000 -125.36,49.29,7000 -125.41,49.29,7000 -125.46,49.29,7000 -125.52,49.30,7000 -125.57,49.31,7000 -125.62,49.33,7000 -125.68,49.35,7000 -125.72,49.37,7000 -125.77,49.39,7000 -125.82,49.41,7000 -125.87,49.44,7000 -125.92,49.47,7000 -125.97,49.49,7000 -126.01,49.52,7000 -126.05,49.55,7000 -126.08,49.58,7000 -126.11,49.61,7000 -126.13,49.64,7000 -126.16,49.67,7000 -126.19,49.69,7000 -126.22,49.72,7000 -126.26,49.74,7000 -126.30,49.76,7000 -126.34,49.78,7000 -126.38,49.80,7000 -126.42,49.82,7000 -126.46,49.85,7000 -126.49,49.87,7000 -126.53,49.90,7000 -126.57,49.94,7000 -126.61,49.97,7000 -126.64,50.00,7000 -126.68,50.03,7000 -126.71,50.06,7000 -126.73,50.08,7000 -126.76,50.12,7000 -126.77,50.15,7000 -126.77,50.17,7000 -126.57,50.35,7000 
          </coordinates>
        </LinearRing>
      </innerBoundaryIs>
  </Polygon>
 </MultiGeometry>
</Placemark>
<Placemark>
  <name>50%</name>
  <visibility>1</visibility>
  <styleUrl>#poly_50</styleUrl>
  <MultiGeometry>
    <Polygon>
      <outerBoundaryIs>
        <LinearRing>
          <coordinates>
-110.33,45.41,6000 -110.20,45.41,6000 -110.08,45.41,6000 -109.97,45.40,6000 -109.86,45.37,6000 -109.76,45.32,6000 -109.64,45.26,6000 -109.52,45.19,6000 -109.42,45.11,6000 -109.37,45.00,6000 -109.38,44.92,6000 -109.41,44.82,6000 -109.45,44.72,6000 -109.48,44.63,6000 -109.52,44.54,6000 -109.56,44.47,6000 -109.57,44.40,6000 -109.53,44.32,6000 -109.47,44.24,6000 -109.41,44.15,6000 -109.37,44.04,6000 -109.34,43.91,6000 -109.35,43.80,6000 -109.42,43.72,6000 -109.53,43.66,6000 -109.60,43.60,6000 -109.60,43.50,6000 -109.56,43.41,6000 -109.51,43.35,6000 -109.43,43.27,6000 -109.37,43.20,6000 -109.29,43.11,6000 -109.21,43.02,6000 -109.16,42.94,6000 -109.14,42.82,6000 -109.18,42.74,6000 -109.27,42.70,6000 -109.42,42.70,6000 -109.53,42.73,6000 -109.66,42.79,6000 -109.79,42.85,6000 -109.90,42.88,6000 -110.04,42.89,6000 -110.16,42.84,6000 -110.23,42.77,6000 -110.29,42.68,6000 -110.36,42.57,6000 -110.41,42.49,6000 -110.48,42.37,6000 -110.55,42.29,6000 -110.64,42.24,6000 -110.78,42.24,6000 -110.90,42.25,6000 -111.04,42.27,6000 -111.18,42.32,6000 -111.29,42.40,6000 -111.33,42.49,6000 -111.36,42.60,6000 -111.38,42.73,6000 -111.39,42.86,6000 -111.40,42.99,6000 -111.40,43.10,6000 -111.40,43.22,6000 -111.40,43.33,6000 -111.39,43.43,6000 -111.37,43.53,6000 -111.35,43.62,6000 -111.30,43.72,6000 -111.24,43.82,6000 -111.18,43.90,6000 -111.16,43.99,6000 -111.19,44.07,6000 -111.27,44.15,6000 -111.34,44.23,6000 -111.40,44.32,6000 -111.43,44.42,6000 -111.45,44.53,6000 -111.45,44.63,6000 -111.44,44.73,6000 -111.41,44.86,6000 -111.35,44.98,6000 -111.25,45.05,6000 -111.15,45.06,6000 -111.03,45.05,6000 -110.89,45.02,6000 -110.75,44.98,6000 -110.33,45.41,6000 
          </coordinates>
        </LinearRing>
      </outerBoundaryIs>
      <innerBoundaryIs>
        <LinearRing>
          <coordinates>
-110.32,45.35,7000 -110.17,45.37,7000 -110.03,45.37,7000 -109.93,45.35,7000 -109.83,45.31,7000 -109.74,45.27,7000 -109.63,45.22,7000 -109.55,45.16,7000 -109.47,45.06,7000 -109.44,44.96,7000 -109.44,44.88,7000 -109.48,44.78,7000 -109.52,44.71,7000 -109.58,44.64,7000 -109.64,44.56,7000 -109.65,44.46,7000 -109.62,44.37,7000 -109.56,44.25,7000 -109.48,44.14,7000 -109.42,44.03,7000 -109.38,43.95,7000 -109.40,43.83,7000 -109.47,43.76,7000 -109.55,43.70,7000 -109.63,43.64,7000 -109.67,43.55,7000 -109.67,43.46,7000 -109.61,43.38,7000 -109.52,43.30,7000 -109.44,43.22,7000 -109.36,43.12,7000 -109.29,43.04,7000 -109.18,42.93,7000 -109.22,42.86,7000 -109.31,42.86,7000 -109.44,42.87,7000 -109.59,42.89,7000 -109.75,42.91,7000 -109.92,42.93,7000 -110.06,42.92,7000 -110.18,42.90,7000 -110.28,42.84,7000 -110.36,42.74,7000 -110.42,42.63,7000 -110.47,42.52,7000 -110.52,42.43,7000 -110.57,42.36,7000 -110.72,42.31,7000 -110.85,42.34,7000 -110.96,42.39,7000 -111.05,42.45,7000 -111.14,42.50,7000 -111.19,42.57,7000 -111.17,42.67,7000 -111.13,42.78,7000 -111.12,42.87,7000 -111.14,42.97,7000 -111.20,43.06,7000 -111.28,43.17,7000 -111.33,43.28,7000 -111.34,43.37,7000 -111.32,43.46,7000 -111.30,43.56,7000 -111.27,43.65,7000 -111.23,43.74,7000 -111.17,43.82,7000 -111.12,43.91,7000 -111.10,44.00,7000 -111.14,44.10,7000 -111.22,44.19,7000 -111.30,44.30,7000 -111.35,44.40,7000 -111.36,44.52,7000 -111.35,44.64,7000 -111.33,44.76,7000 -111.30,44.85,7000 -111.25,44.92,7000 -111.17,44.93,7000 -111.03,44.93,7000 -110.87,44.92,7000 -110.76,44.94,7000 -110.65,44.96,7000 -110.56,44.99,7000 -110.50,45.04,7000 -110.48,45.09,7000 -110.32,45.35,7000 
          </coordinates>
        </LinearRing>
      </innerBoundaryIs>
  </Polygon>
 </MultiGeometry>
</Placemark>
<Placemark>
  <name>50%</name>
  <visibility>1</visibility>
  <styleUrl>#poly_50</styleUrl>
  <MultiGeometry>
    <Polygon>
      <outerBoundaryIs>
        <LinearRing>
          <coordinates>
-123.68,48.00,6000 -123.65,48.00,6000 -123.63,48.01,6000 -123.60,48.01,6000 -123.58,48.01,6000 -123.55,48.01,6000 -123.53,48.01,6000 -123.50,48.01,6000 -123.48,48.01,6000 -123.45,48.01,6000 -123.43,48.01,6000 -123.40,48.01,6000 -123.38,48.00,6000 -123.35,48.00,6000 -123.32,47.99,6000 -123.30,47.98,6000 -123.27,47.97,6000 -123.25,47.97,6000 -123.23,47.96,6000 -123.21,47.95,6000 -123.19,47.95,6000 -123.16,47.94,6000 -123.15,47.93,6000 -123.14,47.92,6000 -123.13,47.91,6000 -123.11,47.89,6000 -123.09,47.88,6000 -123.08,47.86,6000 -123.06,47.85,6000 -123.05,47.83,6000 -123.04,47.81,6000 -123.03,47.80,6000 -123.03,47.78,6000 -123.03,47.76,6000 -123.04,47.74,6000 -123.04,47.73,6000 -123.05,47.71,6000 -123.06,47.69,6000 -123.07,47.68,6000 -123.08,47.66,6000 -123.09,47.65,6000 -123.10,47.63,6000 -123.12,47.62,6000 -123.13,47.61,6000 -123.15,47.60,6000 -123.17,47.59,6000 -123.19,47.58,6000 -123.21,47.56,6000 -123.23,47.55,6000 -123.25,47.55,6000 -123.28,47.54,6000 -123.30,47.54,6000 -123.33,47.54,6000 -123.36,47.54,6000 -123.39,47.54,6000 -123.42,47.54,6000 -123.45,47.54,6000 -123.48,47.54,6000 -123.50,47.55,6000 -123.52,47.55,6000 -123.54,47.55,6000 -123.56,47.56,6000 -123.57,47.57,6000 -123.59,47.58,6000 -123.60,47.59,6000 -123.62,47.60,6000 -123.65,47.61,6000 -123.67,47.62,6000 -123.69,47.63,6000 -123.71,47.65,6000 -123.73,47.66,6000 -123.75,47.67,6000 -123.77,47.69,6000 -123.78,47.70,6000 -123.79,47.72,6000 -123.80,47.73,6000 -123.81,47.75,6000 -123.82,47.76,6000 -123.82,47.78,6000 -123.82,47.79,6000 -123.83,47.81,6000 -123.83,47.83,6000 -123.83,47.84,6000 -123.83,47.86,6000 -123.68,48.00,6000 
          </coordinates>
        </LinearRing>
      </outerBoundaryIs>
      <innerBoundaryIs>
        <LinearRing>
          <coordinates>
-123.67,47.95,7000 -123.65,47.95,7000 -123.62,47.96,7000 -123.60,47.96,7000 -123.58,47.96,7000 -123.56,47.96,7000 -123.53,47.96,7000 -123.51,47.97,7000 -123.49,47.97,7000 -123.47,47.97,7000 -123.45,47.97,7000 -123.44,47.97,7000 -123.42,47.97,7000 -123.39,47.97,7000 -123.37,47.97,7000 -123.35,47.96,7000 -123.34,47.96,7000 -123.32,47.96,7000 -123.30,47.95,7000 -123.28,47.94,7000 -123.27,47.93,7000 -123.25,47.92,7000 -123.23,47.91,7000 -123.22,47.90,7000 -123.20,47.89,7000 -123.18,47.88,7000 -123.17,47.87,7000 -123.15,47.86,7000 -123.14,47.85,7000 -123.13,47.84,7000 -123.12,47.83,7000 -123.10,47.81,7000 -123.09,47.81,7000 -123.09,47.80,7000 -123.09,47.79,7000 -123.09,47.78,7000 -123.10,47.76,7000 -123.11,47.75,7000 -123.12,47.74,7000 -123.13,47.73,7000 -123.14,47.72,7000 -123.15,47.70,7000 -123.16,47.69,7000 -123.17,47.67,7000 -123.19,47.66,7000 -123.20,47.64,7000 -123.21,47.63,7000 -123.22,47.62,7000 -123.23,47.61,7000 -123.24,47.60,7000 -123.26,47.58,7000 -123.27,47.58,7000 -123.29,47.58,7000 -123.31,47.58,7000 -123.32,47.58,7000 -123.34,47.58,7000 -123.36,47.58,7000 -123.39,47.58,7000 -123.41,47.58,7000 -123.42,47.58,7000 -123.44,47.59,7000 -123.46,47.59,7000 -123.48,47.59,7000 -123.50,47.59,7000 -123.52,47.60,7000 -123.54,47.60,7000 -123.56,47.61,7000 -123.58,47.62,7000 -123.59,47.62,7000 -123.61,47.63,7000 -123.63,47.64,7000 -123.64,47.65,7000 -123.66,47.66,7000 -123.67,47.67,7000 -123.69,47.69,7000 -123.70,47.70,7000 -123.71,47.71,7000 -123.72,47.72,7000 -123.72,47.73,7000 -123.73,47.75,7000 -123.73,47.76,7000 -123.74,47.77,7000 -123.74,47.78,7000 -123.74,47.80,7000 -123.74,47.81,7000 -123.75,47.83,7000 -123.75,47.84,7000 -123.75,47.86,7000 -123.75,47.87,7000 -123.67,47.95,7000 
          </coordinates>
        </LinearRing>
      </innerBoundaryIs>
  </Polygon>
 </MultiGeometry>
</Placemark>
<Placemark>
  <name>50%</name>
  <visibility>1</visibility>
  <styleUrl>#poly_50</styleUrl>
  <MultiGeometry>
    <Polygon>
      <outerBoundaryIs>
        <LinearRing>
          <coordinates>
-113.72,46.45,6000 -113.66,46.46,6000 -113.60,46.47,6000 -113.54,46.48,6000 -113.48,46.48,6000 -113.43,46.47,6000 -113.37,46.46,6000 -113.31,46.45,6000 -113.26,46.43,6000 -113.22,46.42,6000 -113.18,46.42,6000 -113.16,46.40,6000 -113.14,46.38,6000 -113.12,46.35,6000 -113.09,46.31,6000 -113.07,46.28,6000 -113.06,46.24,6000 -113.05,46.21,6000 -113.05,46.17,6000 -113.06,46.13,6000 -113.06,46.10,6000 -113.06,46.06,6000 -113.06,46.03,6000 -113.06,45.99,6000 -113.06,45.96,6000 -113.05,45.92,6000 -113.05,45.89,6000 -113.04,45.85,6000 -113.03,45.81,6000 -113.02,45.77,6000 -113.01,45.73,6000 -113.00,45.70,6000 -112.99,45.66,6000 -112.99,45.62,6000 -112.98,45.59,6000 -112.98,45.56,6000 -112.99,45.51,6000 -113.00,45.48,6000 -113.03,45.44,6000 -113.07,45.42,6000 -113.13,45.39,6000 -113.18,45.37,6000 -113.22,45.36,6000 -113.26,45.35,6000 -113.30,45.35,6000 -113.32,45.37,6000 -113.35,45.40,6000 -113.38,45.44,6000 -113.41,45.48,6000 -113.44,45.51,6000 -113.47,45.55,6000 -113.51,45.58,6000 -113.54,45.62,6000 -113.56,45.64,6000 -113.58,45.66,6000 -113.61,45.67,6000 -113.65,45.69,6000 -113.70,45.72,6000 -113.75,45.74,6000 -113.80,45.77,6000 -113.84,45.79,6000 -113.87,45.81,6000 -113.88,45.84,6000 -113.88,45.87,6000 -113.88,45.91,6000 -113.89,45.95,6000 -113.89,45.98,6000 -113.88,46.01,6000 -113.88,46.04,6000 -113.88,46.08,6000 -113.88,46.12,6000 -113.87,46.16,6000 -113.86,46.19,6000 -113.85,46.23,6000 -113.84,46.26,6000 -113.83,46.30,6000 -113.82,46.33,6000 -113.72,46.45,6000 
          </coordinates>
        </LinearRing>
      </outerBoundaryIs>
      <innerBoundaryIs>
        <LinearRing>
          <coordinates>
-113.69,46.28,7000 -113.65,46.29,7000 -113.61,46.29,7000 -113.57,46.30,7000 -113.53,46.31,7000 -113.49,46.31,7000 -113.45,46.31,7000 -113.41,46.31,7000 -113.37,46.31,7000 -113.33,46.30,7000 -113.29,46.30,7000 -113.25,46.29,7000 -113.22,46.29,7000 -113.19,46.28,7000 -113.15,46.26,7000 -113.15,46.23,7000 -113.15,46.21,7000 -113.14,46.18,7000 -113.14,46.15,7000 -113.14,46.11,7000 -113.14,46.08,7000 -113.14,46.06,7000 -113.14,46.03,7000 -113.14,46.00,7000 -113.14,45.98,7000 -113.15,45.96,7000 -113.15,45.93,7000 -113.16,45.91,7000 -113.16,45.88,7000 -113.15,45.86,7000 -113.14,45.83,7000 -113.13,45.80,7000 -113.12,45.77,7000 -113.11,45.74,7000 -113.10,45.72,7000 -113.09,45.70,7000 -113.08,45.68,7000 -113.07,45.66,7000 -113.07,45.63,7000 -113.06,45.60,7000 -113.05,45.57,7000 -113.05,45.55,7000 -113.05,45.54,7000 -113.08,45.54,7000 -113.12,45.53,7000 -113.17,45.53,7000 -113.22,45.52,7000 -113.26,45.52,7000 -113.29,45.52,7000 -113.30,45.53,7000 -113.31,45.55,7000 -113.33,45.58,7000 -113.34,45.61,7000 -113.36,45.64,7000 -113.39,45.67,7000 -113.41,45.69,7000 -113.44,45.71,7000 -113.48,45.72,7000 -113.52,45.74,7000 -113.56,45.75,7000 -113.59,45.76,7000 -113.63,45.78,7000 -113.66,45.79,7000 -113.69,45.81,7000 -113.71,45.83,7000 -113.72,45.85,7000 -113.74,45.88,7000 -113.75,45.91,7000 -113.76,45.94,7000 -113.77,45.97,7000 -113.77,46.00,7000 -113.77,46.03,7000 -113.77,46.06,7000 -113.76,46.08,7000 -113.75,46.11,7000 -113.74,46.14,7000 -113.73,46.17,7000 -113.69,46.28,7000 
          </coordinates>
        </LinearRing>
      </innerBoundaryIs>
  </Polygon>
 </MultiGeometry>
</Placemark>
<Placemark>
  <name>50%</name>
  <visibility>1</visibility>
  <styleUrl>#poly_50</styleUrl>
  <MultiGeometry>
    <Polygon>
      <outerBoundaryIs>
        <LinearRing>
          <coordinates>
-95.00,51.70,6000 -94.53,51.73,6000 -94.10,51.71,6000 -93.32,51.63,6000 -92.17,51.51,6000 -91.69,51.57,6000 -91.17,51.53,6000 -90.52,51.31,6000 -89.79,51.11,6000 -88.92,50.97,6000 -88.19,50.83,6000 -87.53,50.62,6000 -87.30,50.48,6000 -87.05,50.27,6000 -86.85,50.06,6000 -86.58,49.89,6000 -85.87,49.52,6000 -85.40,49.14,6000 -84.80,48.83,6000 -84.25,48.60,6000 -83.70,48.41,6000 -83.06,48.40,6000 -82.68,48.37,6000 -82.34,48.28,6000 -81.77,48.23,6000 -81.24,48.25,6000 -80.80,48.18,6000 -80.43,48.05,6000 -79.45,47.81,6000 -78.99,47.78,6000 -78.77,47.73,6000 -78.41,47.58,6000 -78.28,47.46,6000 -78.08,46.95,6000 -78.04,46.64,6000 -77.92,46.48,6000 -77.50,46.34,6000 -77.32,46.24,6000 -77.01,46.06,6000 -76.77,45.79,6000 -76.51,45.30,6000 -76.38,44.68,6000 -76.27,44.10,6000 -76.13,43.90,6000 -75.78,43.82,6000 -75.15,43.56,6000 -74.56,43.71,6000 -74.02,43.94,6000 -73.86,44.08,6000 -73.66,44.13,6000 -73.37,44.20,6000 -72.89,44.56,6000 -72.40,44.87,6000 -71.83,45.20,6000 -71.25,45.50,6000 -70.76,45.74,6000 -70.46,45.87,6000 -70.19,46.06,6000 -69.63,46.41,6000 -69.37,46.60,6000 -69.15,46.87,6000 -68.88,47.16,6000 -68.53,47.26,6000 -68.20,47.29,6000 -68.02,47.54,6000 -68.16,47.80,6000 -68.44,48.00,6000 -68.62,48.15,6000 -68.54,48.37,6000 -68.16,48.67,6000 -67.57,48.91,6000 -67.11,49.28,6000 -66.57,49.64,6000 -66.05,49.70,6000 -65.78,49.67,6000 -65.17,49.43,6000 -64.52,49.15,6000 -63.89,48.89,6000 -63.37,48.60,6000 -62.99,48.17,6000 -62.34,47.85,6000 -62.11,47.67,6000 -62.07,47.39,6000 -62.19,47.03,6000 -62.37,46.54,6000 -62.59,45.91,6000 -62.80,45.30,6000 -63.02,44.68,6000 -63.29,44.10,6000 -63.63,43.76,6000 -64.13,43.45,6000 -64.77,43.13,6000 -65.35,42.90,6000 -65.90,42.70,6000 -66.64,42.53,6000 -67.25,42.35,6000 -67.78,42.15,6000 -68.44,41.95,6000 -69.07,41.74,6000 -69.37,41.47,6000 -69.50,41.25,6000 -69.79,40.94,6000 -70.08,40.74,6000 -70.51,40.51,6000 -71.09,40.29,6000 -71.66,40.05,6000 -72.15,39.88,6000 -72.69,39.66,6000 -73.17,39.32,6000 -73.67,38.98,6000 -74.16,38.61,6000 -74.59,38.10,6000 -74.91,37.77,6000 -75.13,37.59,6000 -75.39,37.45,6000 -75.80,37.35,6000 -76.18,37.41,6000 -76.41,37.36,6000 -76.70,37.31,6000 -76.94,37.35,6000 -77.19,37.50,6000 -77.39,37.70,6000 -77.64,38.19,6000 -77.86,38.41,6000 -78.04,38.45,6000 -78.36,38.39,6000 -78.58,38.39,6000 -78.77,38.50,6000 -78.91,38.56,6000 -79.16,38.46,6000 -79.76,38.23,6000 -80.31,37.92,6000 -80.73,37.56,6000 -81.10,37.13,6000 -81.39,36.59,6000 -81.57,36.28,6000 -81.74,36.12,6000 -82.26,35.84,6000 -82.98,35.65,6000 -83.51,35.49,6000 -83.41,35.70,6000 -83.04,35.83,6000 -82.80,36.02,6000 -82.32,36.45,6000 -82.29,36.51,6000 -82.43,36.77,6000 -82.88,36.85,6000 -82.99,36.90,6000 -83.01,37.08,6000 -82.54,37.39,6000 -82.38,37.57,6000 -82.28,37.82,6000 -82.11,38.11,6000 -81.87,38.35,6000 -81.51,38.76,6000 -81.15,39.17,6000 -81.01,39.38,6000 -80.89,39.68,6000 -80.89,39.88,6000 -80.75,40.01,6000 -80.47,40.19,6000 -80.22,40.35,6000 -80.17,40.47,6000 -80.39,40.62,6000 -80.52,40.62,6000 -80.91,40.52,6000 -81.34,40.54,6000 -81.85,40.29,6000 -82.52,40.01,6000 -82.66,39.94,6000 -82.82,40.02,6000 -83.10,40.24,6000 -83.30,40.32,6000 -83.57,40.30,6000 -83.97,40.35,6000 -84.12,40.55,6000 -84.03,40.74,6000 -83.67,41.22,6000 -83.31,41.64,6000 -83.23,41.84,6000 -83.34,42.06,6000 -83.63,42.16,6000 -84.10,42.15,6000 -84.40,42.11,6000 -84.66,42.15,6000 -84.96,42.33,6000 -85.21,42.41,6000 -85.38,42.40,6000 -85.50,42.28,6000 -85.62,42.11,6000 -85.83,41.46,6000 -86.01,41.23,6000 -86.33,41.08,6000 -86.56,41.05,6000 -86.77,41.11,6000 -87.01,41.26,6000 -87.15,41.43,6000 -87.22,41.77,6000 -87.29,42.40,6000 -87.35,43.05,6000 -87.41,43.59,6000 -87.50,43.96,6000 -87.61,44.16,6000 -88.17,44.55,6000 -88.52,44.67,6000 -88.97,44.75,6000 -89.68,44.95,6000 -90.23,45.15,6000 -90.79,45.48,6000 -91.34,45.74,6000 -91.75,46.08,6000 -92.14,46.45,6000 -92.71,46.84,6000 -93.14,47.19,6000 -93.66,47.54,6000 -94.19,47.88,6000 -94.61,48.22,6000 -95.09,48.52,6000 -95.41,48.69,6000 -95.68,48.92,6000 -96.28,49.22,6000 -96.51,49.40,6000 -96.58,49.56,6000 -96.54,49.99,6000 -96.63,50.25,6000 -96.79,50.53,6000 -96.87,50.69,6000 -97.14,50.91,6000 -97.69,51.17,6000 -97.93,51.33,6000 -97.86,51.53,6000 -97.47,51.58,6000 -97.03,51.60,6000 -96.20,51.56,6000 -95.75,51.55,6000 -95.30,51.61,6000 -95.00,51.70,6000 
          </coordinates>
        </LinearRing>
      </outerBoundaryIs>
      <innerBoundaryIs>
        <LinearRing>
          <coordinates>
-95.26,51.54,7000 -94.79,51.65,7000 -94.36,51.65,7000 -93.32,51.57,7000 -92.44,51.45,7000 -91.96,51.45,7000 -91.43,51.48,7000 -90.85,51.33,7000 -90.57,51.22,7000 -89.80,51.03,7000 -89.03,50.90,7000 -88.29,50.77,7000 -87.78,50.58,7000 -87.56,50.39,7000 -87.33,50.09,7000 -86.84,49.74,7000 -86.45,49.58,7000 -86.11,49.38,7000 -85.67,48.97,7000 -85.16,48.67,7000 -84.44,48.47,7000 -83.97,48.23,7000 -83.53,48.11,7000 -83.13,48.07,7000 -82.61,48.07,7000 -82.12,48.03,7000 -81.37,48.14,7000 -80.89,48.10,7000 -80.56,48.00,7000 -79.80,47.76,7000 -79.05,47.52,7000 -78.83,47.42,7000 -78.70,47.16,7000 -78.60,47.01,7000 -78.51,46.64,7000 -78.50,46.47,7000 -78.26,46.27,7000 -77.66,46.04,7000 -77.12,45.78,7000 -76.91,45.57,7000 -76.86,45.25,7000 -76.99,45.08,7000 -76.99,44.92,7000 -76.86,44.68,7000 -76.60,44.19,7000 -76.52,43.95,7000 -76.30,43.66,7000 -75.73,43.54,7000 -75.43,43.38,7000 -75.23,43.33,7000 -74.99,43.39,7000 -74.80,43.48,7000 -74.15,43.70,7000 -73.54,43.87,7000 -73.27,44.02,7000 -73.03,44.26,7000 -72.41,44.36,7000 -71.81,44.44,7000 -71.67,44.60,7000 -71.72,44.81,7000 -71.16,44.83,7000 -71.05,44.96,7000 -71.08,45.11,7000 -71.12,45.27,7000 -70.92,45.48,7000 -70.62,45.61,7000 -70.04,45.89,7000 -69.65,46.15,7000 -69.36,46.37,7000 -69.16,46.58,7000 -68.97,46.86,7000 -68.81,47.00,7000 -68.65,47.08,7000 -68.38,47.12,7000 -68.05,47.17,7000 -67.76,47.39,7000 -67.71,47.60,7000 -67.96,48.02,7000 -68.26,48.40,7000 -68.07,48.59,7000 -67.70,48.73,7000 -67.49,48.85,7000 -67.27,49.07,7000 -66.70,49.48,7000 -66.45,49.62,7000 -66.00,49.65,7000 -65.34,49.43,7000 -64.70,49.17,7000 -64.07,48.90,7000 -63.66,48.72,7000 -63.41,48.54,7000 -63.14,48.21,7000 -62.92,48.05,7000 -62.56,47.88,7000 -62.31,47.77,7000 -62.12,47.56,7000 -62.17,47.23,7000 -62.28,46.94,7000 -62.44,46.49,7000 -62.64,45.91,7000 -62.81,45.43,7000 -63.01,44.85,7000 -63.27,44.24,7000 -63.45,44.01,7000 -63.67,43.81,7000 -64.24,43.47,7000 -64.73,43.22,7000 -65.39,42.96,7000 -65.97,42.77,7000 -66.58,42.66,7000 -67.32,42.46,7000 -67.96,42.25,7000 -68.60,42.10,7000 -69.01,41.99,7000 -69.24,41.85,7000 -69.42,41.69,7000 -69.60,41.37,7000 -69.75,41.12,7000 -70.03,40.89,7000 -70.49,40.63,7000 -71.10,40.36,7000 -71.54,40.17,7000 -72.16,39.94,7000 -72.79,39.68,7000 -73.25,39.37,7000 -73.71,39.04,7000 -74.24,38.69,7000 -74.61,38.27,7000 -74.95,37.87,7000 -75.23,37.64,7000 -75.66,37.49,7000 -75.85,37.50,7000 -76.14,37.62,7000 -76.39,37.51,7000 -76.75,37.42,7000 -77.17,37.65,7000 -77.40,38.08,7000 -77.50,38.40,7000 -77.79,38.54,7000 -78.19,38.56,7000 -78.40,38.46,7000 -78.60,38.60,7000 -78.76,38.88,7000 -78.89,38.91,7000 -79.06,38.74,7000 -79.26,38.53,7000 -79.49,38.39,7000 -80.08,38.13,7000 -80.56,37.79,7000 -81.02,37.25,7000 -81.58,36.54,7000 -82.00,36.02,7000 -82.31,35.88,7000 -82.60,35.82,7000 -82.68,36.04,7000 -82.27,36.40,7000 -82.21,36.71,7000 -82.44,36.88,7000 -82.67,36.88,7000 -82.79,36.95,7000 -82.80,37.13,7000 -82.64,37.21,7000 -82.42,37.35,7000 -82.24,37.62,7000 -82.13,37.92,7000 -81.76,38.33,7000 -81.37,38.75,7000 -81.06,39.06,7000 -80.74,39.49,7000 -80.31,39.94,7000 -79.92,40.36,7000 -79.93,40.60,7000 -80.31,40.79,7000 -80.80,40.82,7000 -81.59,40.72,7000 -82.08,40.44,7000 -82.42,40.30,7000 -82.72,40.25,7000 -83.19,40.49,7000 -83.39,40.58,7000 -83.66,40.51,7000 -83.67,40.64,7000 -83.43,41.22,7000 -83.04,41.51,7000 -82.89,41.63,7000 -82.82,41.83,7000 -82.98,42.16,7000 -83.14,42.31,7000 -83.49,42.36,7000 -83.96,42.37,7000 -84.27,42.47,7000 -84.43,42.64,7000 -84.49,42.91,7000 -84.54,43.19,7000 -84.88,43.31,7000 -85.60,43.14,7000 -85.86,43.01,7000 -85.94,42.81,7000 -85.87,42.61,7000 -85.79,42.41,7000 -85.78,42.13,7000 -85.90,41.67,7000 -86.06,41.33,7000 -86.35,41.17,7000 -86.69,41.15,7000 -86.94,41.28,7000 -87.11,41.50,7000 -87.14,41.83,7000 -87.21,42.44,7000 -87.25,43.12,7000 -87.35,43.82,7000 -87.41,44.04,7000 -87.56,44.30,7000 -88.02,44.69,7000 -88.24,44.80,7000 -88.72,44.90,7000 -89.43,45.04,7000 -90.02,45.26,7000 -90.56,45.51,7000 -91.21,45.83,7000 -91.64,46.17,7000 -92.00,46.63,7000 -92.52,46.97,7000 -93.00,47.36,7000 -93.37,47.62,7000 -93.92,47.99,7000 -94.36,48.37,7000 -94.75,48.79,7000 -95.00,49.07,7000 -95.34,49.26,7000 -95.57,49.39,7000 -95.68,49.66,7000 -95.73,49.92,7000 -95.98,50.13,7000 -96.13,50.29,7000 -96.23,50.56,7000 -96.25,50.86,7000 -96.45,51.03,7000 -97.02,51.24,7000 -97.17,51.38,7000 -96.73,51.46,7000 -96.20,51.44,7000 -95.69,51.45,7000 -95.26,51.54,7000 
          </coordinates>
        </LinearRing>
      </innerBoundaryIs>
      <innerBoundaryIs>
        <LinearRing>
          <coordinates>
-66.95,48.41,7000 -66.93,48.40,7000 -66.92,48.40,7000 -66.90,48.39,7000 -66.89,48.38,7000 -66.87,48.38,7000 -66.86,48.37,7000 -66.85,48.37,7000 -66.83,48.36,7000 -66.82,48.35,7000 -66.81,48.35,7000 -66.79,48.34,7000 -66.78,48.34,7000 -66.77,48.33,7000 -66.76,48.33,7000 -66.75,48.32,7000 -66.74,48.32,7000 -66.74,48.31,7000 -66.73,48.31,7000 -66.71,48.30,7000 -66.72,48.29,7000 -66.72,48.28,7000 -66.73,48.28,7000 -66.74,48.28,7000 -66.75,48.28,7000 -66.76,48.28,7000 -66.77,48.28,7000 -66.78,48.27,7000 -66.79,48.27,7000 -66.81,48.27,7000 -66.82,48.27,7000 -66.84,48.26,7000 -66.85,48.26,7000 -66.87,48.26,7000 -66.89,48.26,7000 -66.90,48.25,7000 -66.92,48.25,7000 -66.94,48.25,7000 -66.95,48.25,7000 -66.97,48.25,7000 -66.98,48.25,7000 -67.00,48.25,7000 -67.01,48.25,7000 -67.02,48.25,7000 -67.04,48.26,7000 -67.05,48.26,7000 -67.06,48.26,7000 -67.08,48.27,7000 -67.09,48.27,7000 -67.10,48.28,7000 -67.11,48.28,7000 -67.12,48.29,7000 -67.14,48.29,7000 -67.15,48.30,7000 -67.16,48.31,7000 -67.17,48.31,7000 -67.18,48.32,7000 -67.20,48.33,7000 -67.21,48.34,7000 -67.22,48.34,7000 -67.23,48.35,7000 -66.95,48.41,7000 
          </coordinates>
        </LinearRing>
      </innerBoundaryIs>
      <innerBoundaryIs>
        <LinearRing>
          <coordinates>
-66.44,48.41,7000 -66.42,48.41,7000 -66.40,48.41,7000 -66.39,48.41,7000 -66.37,48.42,7000 -66.35,48.42,7000 -66.33,48.42,7000 -66.32,48.42,7000 -66.30,48.42,7000 -66.28,48.42,7000 -66.26,48.42,7000 -66.25,48.42,7000 -66.23,48.42,7000 -66.21,48.42,7000 -66.20,48.42,7000 -66.18,48.42,7000 -66.16,48.42,7000 -66.14,48.42,7000 -66.12,48.41,7000 -66.10,48.41,7000 -66.09,48.41,7000 -66.07,48.41,7000 -66.05,48.40,7000 -66.03,48.40,7000 -66.01,48.40,7000 -65.99,48.39,7000 -65.98,48.39,7000 -65.96,48.39,7000 -65.95,48.38,7000 -65.94,48.38,7000 -65.92,48.37,7000 -65.90,48.36,7000 -65.89,48.35,7000 -65.88,48.35,7000 -65.88,48.34,7000 -65.88,48.33,7000 -65.88,48.32,7000 -65.89,48.32,7000 -65.90,48.31,7000 -65.91,48.30,7000 -65.93,48.30,7000 -65.95,48.29,7000 -65.97,48.29,7000 -65.98,48.29,7000 -66.00,48.29,7000 -66.01,48.29,7000 -66.03,48.29,7000 -66.05,48.30,7000 -66.06,48.30,7000 -66.08,48.30,7000 -66.10,48.31,7000 -66.12,48.31,7000 -66.14,48.31,7000 -66.16,48.32,7000 -66.17,48.32,7000 -66.19,48.33,7000 -66.21,48.33,7000 -66.23,48.33,7000 -66.24,48.34,7000 -66.26,48.34,7000 -66.28,48.35,7000 -66.29,48.36,7000 -66.31,48.36,7000 -66.33,48.37,7000 -66.35,48.38,7000 -66.36,48.38,7000 -66.38,48.39,7000 -66.39,48.39,7000 -66.41,48.40,7000 -66.42,48.40,7000 -66.43,48.41,7000 -66.44,48.41,7000 -66.47,48.42,7000 -66.47,48.42,7000 -66.44,48.41,7000 
          </coordinates>
        </LinearRing>
      </innerBoundaryIs>
  </Polygon>
 </MultiGeometry>
</Placemark>
<Placemark>
  <name>50%</name>
  <visibility>1</visibility>
  <styleUrl>#poly_50</styleUrl>
  <MultiGeometry>
    <Polygon>
      <outerBoundaryIs>
        <LinearRing>
          <coordinates>
-119.25,51.33,6000 -118.97,51.39,6000 -118.67,51.44,6000 -118.38,51.48,6000 -118.01,51.52,6000 -117.61,51.56,6000 -117.15,51.61,6000 -116.75,51.65,6000 -116.33,51.68,6000 -116.05,51.69,6000 -115.88,51.66,6000 -115.74,51.49,6000 -115.69,51.31,6000 -115.62,51.13,6000 -115.47,51.00,6000 -115.29,50.89,6000 -115.00,50.70,6000 -114.82,50.45,6000 -114.72,50.21,6000 -114.61,49.91,6000 -114.51,49.67,6000 -114.40,49.49,6000 -114.29,49.39,6000 -113.94,49.18,6000 -113.62,48.98,6000 -113.34,48.75,6000 -113.24,48.59,6000 -113.13,48.43,6000 -112.97,48.28,6000 -112.82,48.15,6000 -112.68,47.92,6000 -112.73,47.63,6000 -112.62,47.33,6000 -112.67,47.09,6000 -112.94,47.06,6000 -113.30,47.05,6000 -113.59,47.04,6000 -113.85,47.00,6000 -113.98,47.12,6000 -114.01,47.32,6000 -114.04,47.53,6000 -114.05,47.74,6000 -113.99,47.99,6000 -114.13,48.26,6000 -114.32,48.38,6000 -114.55,48.38,6000 -114.75,48.28,6000 -114.84,48.12,6000 -114.82,47.95,6000 -114.81,47.77,6000 -114.97,47.53,6000 -114.93,47.38,6000 -114.73,47.28,6000 -114.43,47.06,6000 -114.29,46.80,6000 -114.15,46.65,6000 -114.14,46.43,6000 -114.22,46.18,6000 -114.20,45.95,6000 -114.26,45.70,6000 -114.34,45.54,6000 -114.44,45.41,6000 -114.65,45.41,6000 -114.84,45.53,6000 -115.03,45.64,6000 -115.29,45.56,6000 -115.41,45.44,6000 -115.24,45.33,6000 -115.04,45.21,6000 -114.85,44.95,6000 -114.66,44.87,6000 -114.48,44.77,6000 -114.42,44.54,6000 -114.38,44.30,6000 -114.22,44.04,6000 -114.05,43.88,6000 -114.04,43.69,6000 -114.23,43.60,6000 -114.47,43.51,6000 -114.69,43.44,6000 -114.91,43.40,6000 -115.28,43.48,6000 -115.47,43.57,6000 -115.59,43.76,6000 -115.74,44.01,6000 -115.86,44.19,6000 -116.00,44.37,6000 -116.13,44.53,6000 -116.29,44.70,6000 -116.54,44.93,6000 -116.72,45.15,6000 -116.40,45.34,6000 -116.20,45.41,6000 -116.01,45.49,6000 -115.84,45.61,6000 -115.69,45.75,6000 -115.52,45.88,6000 -115.40,46.03,6000 -115.45,46.22,6000 -115.56,46.41,6000 -115.65,46.57,6000 -115.76,46.70,6000 -116.13,46.86,6000 -116.33,46.93,6000 -116.37,47.08,6000 -116.24,47.35,6000 -116.04,47.61,6000 -116.33,47.84,6000 -116.25,48.09,6000 -116.29,48.31,6000 -116.48,48.42,6000 -116.70,48.48,6000 -116.95,48.52,6000 -117.22,48.50,6000 -117.44,48.51,6000 -117.52,48.65,6000 -117.54,48.82,6000 -117.54,49.03,6000 -117.75,49.09,6000 -118.06,49.05,6000 -118.43,49.17,6000 -118.79,49.33,6000 -118.95,49.49,6000 -119.04,49.65,6000 -119.13,49.82,6000 -119.14,49.99,6000 -118.98,50.12,6000 -118.80,50.23,6000 -118.73,50.37,6000 -118.81,50.47,6000 -118.99,50.74,6000 -119.14,50.99,6000 -119.40,51.11,6000 -119.25,51.33,6000 
          </coordinates>
        </LinearRing>
      </outerBoundaryIs>
      <innerBoundaryIs>
        <LinearRing>
          <coordinates>
-115.90,50.55,6000 -115.90,50.54,6000 -115.88,50.51,6000 -115.86,50.49,6000 -115.84,50.45,6000 -115.81,50.42,6000 -115.79,50.38,6000 -115.77,50.35,6000 -115.75,50.31,6000 -115.74,50.27,6000 -115.73,50.23,6000 -115.72,50.19,6000 -115.72,50.15,6000 -115.72,50.11,6000 -115.71,50.07,6000 -115.71,50.03,6000 -115.70,49.99,6000 -115.69,49.95,6000 -115.67,49.91,6000 -115.66,49.87,6000 -115.64,49.83,6000 -115.62,49.79,6000 -115.61,49.75,6000 -115.59,49.71,6000 -115.58,49.68,6000 -115.57,49.64,6000 -115.56,49.60,6000 -115.56,49.57,6000 -115.56,49.54,6000 -115.57,49.50,6000 -115.60,49.46,6000 -115.64,49.44,6000 -115.69,49.45,6000 -115.74,49.46,6000 -115.80,49.49,6000 -115.85,49.51,6000 -115.89,49.54,6000 -115.91,49.56,6000 -115.93,49.59,6000 -115.95,49.62,6000 -115.96,49.65,6000 -115.97,49.67,6000 -115.96,49.70,6000 -115.94,49.72,6000 -115.92,49.75,6000 -115.89,49.78,6000 -115.86,49.82,6000 -115.84,49.85,6000 -115.83,49.88,6000 -115.82,49.92,6000 -115.82,49.95,6000 -115.82,49.99,6000 -115.82,50.02,6000 -115.83,50.06,6000 -115.84,50.10,6000 -115.86,50.14,6000 -115.87,50.18,6000 -115.88,50.22,6000 -115.88,50.26,6000 -115.89,50.30,6000 -115.89,50.34,6000 -115.89,50.38,6000 -115.90,50.42,6000 -115.90,50.46,6000 -115.91,50.50,6000 -115.90,50.55,6000 
          </coordinates>
        </LinearRing>
      </innerBoundaryIs>
      <innerBoundaryIs>
        <LinearRing>
          <coordinates>
-118.99,51.35,7000 -118.68,51.40,7000 -118.37,51.45,7000 -118.06,51.49,7000 -117.75,51.52,7000 -117.44,51.55,7000 -117.12,51.58,7000 -116.76,51.62,7000 -116.39,51.65,7000 -116.11,51.67,7000 -115.88,51.59,7000 -115.83,51.48,7000 -115.79,51.34,7000 -115.74,51.19,7000 -115.67,51.06,7000 -115.42,50.90,7000 -115.16,50.76,7000 -115.05,50.67,7000 -114.95,50.54,7000 -114.88,50.40,7000 -114.80,50.23,7000 -114.72,50.05,7000 -114.67,49.87,7000 -114.61,49.68,7000 -114.48,49.48,7000 -114.27,49.32,7000 -114.00,49.14,7000 -113.72,48.98,7000 -113.53,48.86,7000 -113.40,48.74,7000 -113.32,48.60,7000 -113.20,48.43,7000 -113.06,48.32,7000 -112.90,48.21,7000 -112.79,48.03,7000 -112.75,47.86,7000 -112.73,47.65,7000 -112.73,47.43,7000 -112.75,47.23,7000 -112.79,47.10,7000 -113.04,47.08,7000 -113.36,47.16,7000 -113.64,47.12,7000 -113.86,47.11,7000 -113.93,47.20,7000 -113.95,47.34,7000 -113.98,47.49,7000 -114.00,47.64,7000 -113.96,47.82,7000 -113.94,47.95,7000 -113.95,48.09,7000 -114.01,48.23,7000 -114.11,48.36,7000 -114.38,48.49,7000 -114.64,48.46,7000 -114.89,48.33,7000 -115.05,48.24,7000 -115.06,48.08,7000 -115.01,47.94,7000 -114.98,47.79,7000 -115.10,47.62,7000 -115.11,47.47,7000 -115.00,47.34,7000 -114.79,47.21,7000 -114.55,47.07,7000 -114.46,46.93,7000 -114.39,46.79,7000 -114.23,46.62,7000 -114.22,46.46,7000 -114.24,46.28,7000 -114.27,46.06,7000 -114.32,45.86,7000 -114.43,45.63,7000 -114.57,45.53,7000 -114.68,45.66,7000 -114.79,45.88,7000 -114.90,46.05,7000 -115.17,46.09,7000 -115.28,46.20,7000 -115.40,46.35,7000 -115.50,46.49,7000 -115.60,46.64,7000 -115.73,46.77,7000 -116.01,46.89,7000 -116.24,47.00,7000 -116.24,47.15,7000 -116.15,47.29,7000 -116.07,47.40,7000 -115.98,47.50,7000 -115.87,47.71,7000 -116.04,47.90,7000 -116.11,48.06,7000 -116.19,48.26,7000 -116.27,48.41,7000 -116.53,48.50,7000 -116.68,48.50,7000 -116.92,48.57,7000 -117.14,48.70,7000 -117.41,48.87,7000 -117.68,49.05,7000 -117.88,49.16,7000 -118.08,49.12,7000 -118.29,49.21,7000 -118.55,49.36,7000 -118.74,49.55,7000 -118.91,49.74,7000 -119.01,49.90,7000 -118.95,50.04,7000 -118.78,50.11,7000 -118.62,50.19,7000 -118.60,50.31,7000 -118.64,50.43,7000 -118.78,50.57,7000 -118.87,50.73,7000 -118.95,50.88,7000 -119.03,51.02,7000 -119.23,51.11,7000 -119.12,51.31,7000 -118.99,51.35,7000 
          </coordinates>
        </LinearRing>
      </innerBoundaryIs>
      <innerBoundaryIs>
        <LinearRing>
          <coordinates>
-116.43,45.28,7000 -116.32,45.31,7000 -116.22,45.34,7000 -116.11,45.36,7000 -116.01,45.38,7000 -115.91,45.39,7000 -115.81,45.40,7000 -115.72,45.40,7000 -115.62,45.39,7000 -115.52,45.36,7000 -115.42,45.32,7000 -115.34,45.28,7000 -115.26,45.24,7000 -115.19,45.19,7000 -115.14,45.14,7000 -115.10,45.08,7000 -115.08,45.01,7000 -115.05,44.95,7000 -115.02,44.89,7000 -114.98,44.84,7000 -114.91,44.81,7000 -114.82,44.79,7000 -114.72,44.78,7000 -114.64,44.76,7000 -114.57,44.71,7000 -114.54,44.66,7000 -114.52,44.60,7000 -114.50,44.54,7000 -114.49,44.47,7000 -114.48,44.39,7000 -114.47,44.32,7000 -114.45,44.26,7000 -114.43,44.20,7000 -114.39,44.14,7000 -114.33,44.08,7000 -114.27,44.03,7000 -114.21,43.98,7000 -114.16,43.93,7000 -114.13,43.89,7000 -114.10,43.81,7000 -114.09,43.75,7000 -114.12,43.70,7000 -114.18,43.67,7000 -114.26,43.64,7000 -114.37,43.61,7000 -114.43,43.58,7000 -114.50,43.55,7000 -114.58,43.51,7000 -114.66,43.48,7000 -114.74,43.45,7000 -114.82,43.44,7000 -114.90,43.44,7000 -114.99,43.44,7000 -115.08,43.46,7000 -115.17,43.48,7000 -115.25,43.51,7000 -115.32,43.54,7000 -115.38,43.59,7000 -115.44,43.64,7000 -115.48,43.71,7000 -115.53,43.77,7000 -115.57,43.84,7000 -115.61,43.90,7000 -115.65,43.97,7000 -115.69,44.03,7000 -115.73,44.10,7000 -115.77,44.17,7000 -115.81,44.23,7000 -115.85,44.28,7000 -115.89,44.34,7000 -115.94,44.39,7000 -115.99,44.44,7000 -116.03,44.50,7000 -116.08,44.55,7000 -116.13,44.61,7000 -116.17,44.67,7000 -116.22,44.73,7000 -116.26,44.79,7000 -116.31,44.85,7000 -116.35,44.90,7000 -116.41,44.96,7000 -116.46,45.01,7000 -116.51,45.06,7000 -116.56,45.10,7000 -116.43,45.28,7000 
          </coordinates>
        </LinearRing>
      </innerBoundaryIs>
      <innerBoundaryIs>
        <LinearRing>
          <coordinates>
-116.26,50.94,7000 -116.19,50.92,7000 -116.11,50.90,7000 -116.04,50.87,7000 -115.96,50.83,7000 -115.91,50.79,7000 -115.85,50.75,7000 -115.79,50.69,7000 -115.73,50.64,7000 -115.68,50.59,7000 -115.64,50.55,7000 -115.59,50.48,7000 -115.56,50.43,7000 -115.54,50.37,7000 -115.53,50.31,7000 -115.53,50.25,7000 -115.54,50.19,7000 -115.54,50.13,7000 -115.54,50.07,7000 -115.55,50.01,7000 -115.56,49.95,7000 -115.55,49.88,7000 -115.54,49.83,7000 -115.52,49.77,7000 -115.51,49.71,7000 -115.49,49.65,7000 -115.46,49.60,7000 -115.44,49.55,7000 -115.38,49.49,7000 -115.31,49.44,7000 -115.26,49.40,7000 -115.22,49.35,7000 -115.20,49.30,7000 -115.20,49.25,7000 -115.23,49.18,7000 -115.31,49.16,7000 -115.37,49.19,7000 -115.45,49.23,7000 -115.53,49.28,7000 -115.61,49.33,7000 -115.69,49.36,7000 -115.77,49.39,7000 -115.84,49.41,7000 -115.90,49.45,7000 -115.95,49.50,7000 -115.99,49.55,7000 -116.02,49.61,7000 -116.04,49.66,7000 -116.03,49.71,7000 -116.00,49.76,7000 -115.98,49.83,7000 -115.98,49.89,7000 -115.98,49.95,7000 -115.98,50.02,7000 -115.99,50.09,7000 -116.00,50.16,7000 -116.02,50.23,7000 -116.04,50.30,7000 -116.06,50.36,7000 -116.09,50.43,7000 -116.12,50.48,7000 -116.17,50.54,7000 -116.22,50.59,7000 -116.27,50.63,7000 -116.30,50.68,7000 -116.32,50.74,7000 -116.34,50.79,7000 -116.26,50.94,7000 
          </coordinates>
        </LinearRing>
      </innerBoundaryIs>
      <innerBoundaryIs>
        <LinearRing>
          <coordinates>
-117.92,50.32,7000 -117.91,50.32,7000 -117.89,50.30,7000 -117.88,50.29,7000 -117.87,50.28,7000 -117.85,50.27,7000 -117.84,50.25,7000 -117.82,50.23,7000 -117.81,50.22,7000 -117.79,50.20,7000 -117.78,50.18,7000 -117.77,50.17,7000 -117.76,50.15,7000 -117.76,50.13,7000 -117.76,50.12,7000 -117.76,50.10,7000 -117.76,50.08,7000 -117.77,50.06,7000 -117.77,50.04,7000 -117.78,50.02,7000 -117.78,50.01,7000 -117.79,49.99,7000 -117.79,49.98,7000 -117.79,49.96,7000 -117.79,49.95,7000 -117.82,49.94,7000 -117.83,49.93,7000 -117.85,49.93,7000 -117.87,49.92,7000 -117.90,49.91,7000 -117.92,49.90,7000 -117.95,49.89,7000 -117.97,49.88,7000 -118.00,49.87,7000 -118.02,49.87,7000 -118.04,49.86,7000 -118.06,49.86,7000 -118.08,49.86,7000 -118.11,49.87,7000 -118.12,49.87,7000 -118.14,49.89,7000 -118.16,49.90,7000 -118.17,49.91,7000 -118.18,49.93,7000 -118.19,49.94,7000 -118.19,49.96,7000 -118.20,49.98,7000 -118.20,50.00,7000 -118.21,50.01,7000 -118.21,50.03,7000 -118.21,50.05,7000 -118.21,50.07,7000 -118.21,50.09,7000 -118.21,50.10,7000 -118.21,50.12,7000 -118.20,50.13,7000 -118.19,50.14,7000 -118.18,50.15,7000 -118.17,50.17,7000 -118.15,50.18,7000 -118.14,50.19,7000 -118.12,50.20,7000 -118.11,50.21,7000 -118.09,50.22,7000 -118.07,50.23,7000 -118.05,50.24,7000 -118.03,50.25,7000 -118.01,50.27,7000 -117.99,50.28,7000 -117.97,50.29,7000 -117.92,50.32,7000 
          </coordinates>
        </LinearRing>
      </innerBoundaryIs>
  </Polygon>
 </MultiGeometry>
</Placemark>
<Placemark>
  <name>50%</name>
  <visibility>1</visibility>
  <styleUrl>#poly_50</styleUrl>
  <MultiGeometry>
    <Polygon>
      <outerBoundaryIs>
        <LinearRing>
          <coordinates>
-117.42,45.31,6000 -117.41,45.31,6000 -117.39,45.31,6000 -117.38,45.31,6000 -117.36,45.31,6000 -117.35,45.30,6000 -117.33,45.30,6000 -117.32,45.30,6000 -117.31,45.30,6000 -117.30,45.30,6000 -117.28,45.29,6000 -117.27,45.29,6000 -117.26,45.29,6000 -117.25,45.28,6000 -117.24,45.28,6000 -117.23,45.27,6000 -117.22,45.27,6000 -117.21,45.26,6000 -117.20,45.25,6000 -117.19,45.25,6000 -117.19,45.24,6000 -117.18,45.23,6000 -117.17,45.22,6000 -117.17,45.21,6000 -117.16,45.20,6000 -117.16,45.20,6000 -117.15,45.19,6000 -117.14,45.18,6000 -117.13,45.17,6000 -117.12,45.16,6000 -117.11,45.16,6000 -117.10,45.15,6000 -117.10,45.14,6000 -117.09,45.14,6000 -117.09,45.13,6000 -117.09,45.12,6000 -117.09,45.12,6000 -117.10,45.11,6000 -117.11,45.11,6000 -117.13,45.10,6000 -117.14,45.10,6000 -117.15,45.10,6000 -117.16,45.09,6000 -117.17,45.09,6000 -117.18,45.09,6000 -117.20,45.08,6000 -117.21,45.08,6000 -117.23,45.08,6000 -117.24,45.08,6000 -117.26,45.07,6000 -117.27,45.07,6000 -117.29,45.07,6000 -117.30,45.07,6000 -117.32,45.06,6000 -117.33,45.06,6000 -117.34,45.06,6000 -117.35,45.06,6000 -117.36,45.06,6000 -117.38,45.06,6000 -117.39,45.06,6000 -117.40,45.06,6000 -117.41,45.06,6000 -117.41,45.07,6000 -117.42,45.08,6000 -117.43,45.09,6000 -117.43,45.10,6000 -117.44,45.10,6000 -117.44,45.11,6000 -117.45,45.11,6000 -117.45,45.12,6000 -117.46,45.13,6000 -117.46,45.14,6000 -117.47,45.14,6000 -117.47,45.15,6000 -117.48,45.16,6000 -117.49,45.17,6000 -117.49,45.18,6000 -117.50,45.19,6000 -117.50,45.20,6000 -117.51,45.21,6000 -117.51,45.22,6000 -117.52,45.23,6000 -117.52,45.24,6000 -117.53,45.25,6000 -117.42,45.31,6000 
          </coordinates>
        </LinearRing>
      </outerBoundaryIs>
  </Polygon>
 </MultiGeometry>
</Placemark>
<Placemark>
  <name>50%</name>
  <visibility>1</visibility>
  <styleUrl>#poly_50</styleUrl>
  <MultiGeometry>
    <Polygon>
      <outerBoundaryIs>
        <LinearRing>
          <coordinates>
-125.08,50.59,6000 -124.88,50.64,6000 -124.68,50.69,6000 -124.48,50.73,6000 -124.30,50.76,6000 -124.12,50.78,6000 -123.86,50.81,6000 -123.63,50.84,6000 -123.35,50.88,6000 -123.05,50.92,6000 -122.78,50.95,6000 -122.57,50.98,6000 -122.28,51.00,6000 -122.06,50.90,6000 -121.91,50.81,6000 -121.72,50.71,6000 -121.49,50.65,6000 -121.25,50.60,6000 -121.05,50.59,6000 -120.87,50.57,6000 -120.71,50.53,6000 -120.61,50.46,6000 -120.62,50.36,6000 -120.66,50.25,6000 -120.72,50.08,6000 -120.56,49.97,6000 -120.28,49.97,6000 -120.11,50.05,6000 -119.95,50.12,6000 -119.79,50.05,6000 -119.83,49.88,6000 -119.92,49.77,6000 -119.97,49.57,6000 -119.94,49.43,6000 -119.88,49.25,6000 -119.81,49.06,6000 -119.75,48.89,6000 -119.72,48.75,6000 -119.73,48.58,6000 -119.80,48.48,6000 -119.89,48.35,6000 -119.99,48.21,6000 -120.09,48.05,6000 -120.20,47.90,6000 -120.33,47.77,6000 -120.45,47.64,6000 -120.50,47.51,6000 -120.54,47.38,6000 -120.63,47.24,6000 -120.73,47.10,6000 -120.81,46.95,6000 -120.87,46.80,6000 -120.91,46.62,6000 -120.94,46.45,6000 -120.97,46.29,6000 -121.06,46.16,6000 -121.29,46.07,6000 -121.54,46.01,6000 -121.71,45.98,6000 -121.84,45.98,6000 -121.96,46.03,6000 -122.06,46.11,6000 -122.13,46.19,6000 -122.15,46.29,6000 -122.05,46.41,6000 -121.94,46.55,6000 -121.94,46.73,6000 -121.94,46.91,6000 -121.85,47.07,6000 -121.74,47.22,6000 -121.68,47.34,6000 -121.65,47.48,6000 -121.65,47.61,6000 -121.68,47.75,6000 -121.70,47.89,6000 -121.72,48.03,6000 -121.75,48.16,6000 -121.79,48.30,6000 -121.87,48.44,6000 -121.96,48.59,6000 -122.02,48.72,6000 -122.01,48.89,6000 -121.96,49.03,6000 -121.85,49.18,6000 -121.92,49.35,6000 -122.17,49.38,6000 -122.47,49.40,6000 -122.75,49.42,6000 -123.01,49.44,6000 -123.16,49.43,6000 -123.40,49.52,6000 -123.55,49.60,6000 -123.74,49.72,6000 -123.95,49.85,6000 -124.17,50.00,6000 -124.39,50.13,6000 -124.58,50.25,6000 -124.73,50.34,6000 -125.00,50.49,6000 -125.09,50.53,6000 -125.08,50.59,6000 
          </coordinates>
        </LinearRing>
      </outerBoundaryIs>
      <innerBoundaryIs>
        <LinearRing>
          <coordinates>
-124.83,50.63,7000 -124.59,50.67,7000 -124.34,50.71,7000 -124.10,50.75,7000 -123.85,50.78,7000 -123.60,50.82,7000 -123.33,50.86,7000 -123.04,50.90,7000 -122.76,50.94,7000 -122.51,50.96,7000 -122.31,50.97,7000 -122.10,50.89,7000 -122.02,50.77,7000 -121.87,50.70,7000 -121.69,50.64,7000 -121.46,50.59,7000 -121.22,50.54,7000 -120.96,50.52,7000 -120.76,50.47,7000 -120.76,50.35,7000 -120.82,50.21,7000 -120.80,50.03,7000 -120.67,49.91,7000 -120.51,49.89,7000 -120.33,49.88,7000 -120.06,49.90,7000 -120.04,49.78,7000 -120.06,49.61,7000 -120.07,49.45,7000 -120.06,49.30,7000 -119.97,49.19,7000 -119.87,49.08,7000 -119.83,48.96,7000 -119.80,48.83,7000 -119.79,48.70,7000 -119.84,48.55,7000 -119.94,48.38,7000 -120.02,48.26,7000 -120.12,48.11,7000 -120.22,47.97,7000 -120.31,47.85,7000 -120.43,47.73,7000 -120.52,47.63,7000 -120.59,47.45,7000 -120.65,47.27,7000 -120.74,47.16,7000 -120.83,47.05,7000 -120.90,46.89,7000 -120.95,46.73,7000 -120.98,46.58,7000 -121.01,46.44,7000 -121.05,46.30,7000 -121.15,46.17,7000 -121.31,46.11,7000 -121.52,46.06,7000 -121.69,46.03,7000 -121.87,46.05,7000 -121.99,46.11,7000 -122.06,46.20,7000 -121.99,46.35,7000 -121.89,46.53,7000 -121.88,46.67,7000 -121.88,46.81,7000 -121.87,46.94,7000 -121.79,47.06,7000 -121.69,47.17,7000 -121.62,47.28,7000 -121.59,47.47,7000 -121.60,47.60,7000 -121.62,47.76,7000 -121.65,47.94,7000 -121.68,48.11,7000 -121.72,48.26,7000 -121.81,48.46,7000 -121.91,48.64,7000 -121.97,48.78,7000 -121.95,48.92,7000 -121.88,49.04,7000 -121.67,49.19,7000 -121.70,49.34,7000 -121.87,49.38,7000 -122.13,49.41,7000 -122.43,49.45,7000 -122.76,49.48,7000 -123.08,49.51,7000 -123.37,49.55,7000 -123.59,49.59,7000 -123.83,49.68,7000 -123.96,49.79,7000 -124.05,49.90,7000 -124.17,50.01,7000 -124.34,50.12,7000 -124.53,50.24,7000 -124.70,50.34,7000 -124.83,50.43,7000 -124.91,50.60,7000 -124.83,50.63,7000 
          </coordinates>
        </LinearRing>
      </innerBoundaryIs>
  </Polygon>
 </MultiGeometry>
</Placemark>
<Placemark>
  <name>50%</name>
  <visibility>1</visibility>
  <styleUrl>#poly_50</styleUrl>
  <MultiGeometry>
    <Polygon>
      <outerBoundaryIs>
        <LinearRing>
          <coordinates>
-82.57,39.90,6000 -82.56,39.89,6000 -82.55,39.87,6000 -82.54,39.86,6000 -82.53,39.85,6000 -82.53,39.83,6000 -82.52,39.82,6000 -82.51,39.81,6000 -82.50,39.80,6000 -82.50,39.78,6000 -82.49,39.77,6000 -82.49,39.76,6000 -82.48,39.75,6000 -82.48,39.73,6000 -82.48,39.72,6000 -82.48,39.71,6000 -82.48,39.69,6000 -82.48,39.68,6000 -82.49,39.66,6000 -82.49,39.65,6000 -82.50,39.63,6000 -82.50,39.62,6000 -82.51,39.60,6000 -82.52,39.59,6000 -82.52,39.58,6000 -82.53,39.57,6000 -82.53,39.56,6000 -82.54,39.55,6000 -82.56,39.54,6000 -82.57,39.53,6000 -82.59,39.53,6000 -82.61,39.53,6000 -82.62,39.53,6000 -82.63,39.53,6000 -82.64,39.54,6000 -82.65,39.56,6000 -82.65,39.57,6000 -82.65,39.58,6000 -82.65,39.59,6000 -82.65,39.60,6000 -82.66,39.61,6000 -82.66,39.63,6000 -82.66,39.64,6000 -82.66,39.65,6000 -82.66,39.67,6000 -82.66,39.68,6000 -82.66,39.70,6000 -82.66,39.71,6000 -82.66,39.73,6000 -82.57,39.90,6000 
          </coordinates>
        </LinearRing>
      </outerBoundaryIs>
  </Polygon>
 </MultiGeometry>
</Placemark>
<Placemark>
  <name>60%</name>
  <visibility>1</visibility>
  <styleUrl>#poly_60</styleUrl>
  <MultiGeometry>
    <Polygon>
      <outerBoundaryIs>
        <LinearRing>
          <coordinates>
-95.26,51.54,7000 -94.79,51.65,7000 -94.36,51.65,7000 -93.32,51.57,7000 -92.44,51.45,7000 -91.96,51.45,7000 -91.43,51.48,7000 -90.85,51.33,7000 -90.57,51.22,7000 -89.80,51.03,7000 -89.03,50.90,7000 -88.29,50.77,7000 -87.78,50.58,7000 -87.56,50.39,7000 -87.33,50.09,7000 -86.84,49.74,7000 -86.45,49.58,7000 -86.11,49.38,7000 -85.67,48.97,7000 -85.16,48.67,7000 -84.44,48.47,7000 -83.97,48.23,7000 -83.53,48.11,7000 -83.13,48.07,7000 -82.61,48.07,7000 -82.12,48.03,7000 -81.37,48.14,7000 -80.89,48.10,7000 -80.56,48.00,7000 -79.80,47.76,7000 -79.05,47.52,7000 -78.83,47.42,7000 -78.70,47.16,7000 -78.60,47.01,7000 -78.51,46.64,7000 -78.50,46.47,7000 -78.26,46.27,7000 -77.66,46.04,7000 -77.12,45.78,7000 -76.91,45.57,7000 -76.86,45.25,7000 -76.99,45.08,7000 -76.99,44.92,7000 -76.86,44.68,7000 -76.60,44.19,7000 -76.52,43.95,7000 -76.30,43.66,7000 -75.73,43.54,7000 -75.43,43.38,7000 -75.23,43.33,7000 -74.99,43.39,7000 -74.80,43.48,7000 -74.15,43.70,7000 -73.54,43.87,7000 -73.27,44.02,7000 -73.03,44.26,7000 -72.41,44.36,7000 -71.81,44.44,7000 -71.67,44.60,7000 -71.72,44.81,7000 -71.16,44.83,7000 -71.05,44.96,7000 -71.08,45.11,7000 -71.12,45.27,7000 -70.92,45.48,7000 -70.62,45.61,7000 -70.04,45.89,7000 -69.65,46.15,7000 -69.36,46.37,7000 -69.16,46.58,7000 -68.97,46.86,7000 -68.81,47.00,7000 -68.65,47.08,7000 -68.38,47.12,7000 -68.05,47.17,7000 -67.76,47.39,7000 -67.71,47.60,7000 -67.96,48.02,7000 -68.26,48.40,7000 -68.07,48.59,7000 -67.70,48.73,7000 -67.49,48.85,7000 -67.27,49.07,7000 -66.70,49.48,7000 -66.45,49.62,7000 -66.00,49.65,7000 -65.34,49.43,7000 -64.70,49.17,7000 -64.07,48.90,7000 -63.66,48.72,7000 -63.41,48.54,7000 -63.14,48.21,7000 -62.92,48.05,7000 -62.56,47.88,7000 -62.31,47.77,7000 -62.12,47.56,7000 -62.17,47.23,7000 -62.28,46.94,7000 -62.44,46.49,7000 -62.64,45.91,7000 -62.81,45.43,7000 -63.01,44.85,7000 -63.27,44.24,7000 -63.45,44.01,7000 -63.67,43.81,7000 -64.24,43.47,7000 -64.73,43.22,7000 -65.39,42.96,7000 -65.97,42.77,7000 -66.58,42.66,7000 -67.32,42.46,7000 -67.96,42.25,7000 -68.60,42.10,7000 -69.01,41.99,7000 -69.24,41.85,7000 -69.42,41.69,7000 -69.60,41.37,7000 -69.75,41.12,7000 -70.03,40.89,7000 -70.49,40.63,7000 -71.10,40.36,7000 -71.54,40.17,7000 -72.16,39.94,7000 -72.79,39.68,7000 -73.25,39.37,7000 -73.71,39.04,7000 -74.24,38.69,7000 -74.61,38.27,7000 -74.95,37.87,7000 -75.23,37.64,7000 -75.66,37.49,7000 -75.85,37.50,7000 -76.14,37.62,7000 -76.39,37.51,7000 -76.75,37.42,7000 -77.17,37.65,7000 -77.40,38.08,7000 -77.50,38.40,7000 -77.79,38.54,7000 -78.19,38.56,7000 -78.40,38.46,7000 -78.60,38.60,7000 -78.76,38.88,7000 -78.89,38.91,7000 -79.06,38.74,7000 -79.26,38.53,7000 -79.49,38.39,7000 -80.08,38.13,7000 -80.56,37.79,7000 -81.02,37.25,7000 -81.58,36.54,7000 -82.00,36.02,7000 -82.31,35.88,7000 -82.60,35.82,7000 -82.68,36.04,7000 -82.27,36.40,7000 -82.21,36.71,7000 -82.44,36.88,7000 -82.67,36.88,7000 -82.79,36.95,7000 -82.80,37.13,7000 -82.64,37.21,7000 -82.42,37.35,7000 -82.24,37.62,7000 -82.13,37.92,7000 -81.76,38.33,7000 -81.37,38.75,7000 -81.06,39.06,7000 -80.74,39.49,7000 -80.31,39.94,7000 -79.92,40.36,7000 -79.93,40.60,7000 -80.31,40.79,7000 -80.80,40.82,7000 -81.59,40.72,7000 -82.08,40.44,7000 -82.42,40.30,7000 -82.72,40.25,7000 -83.19,40.49,7000 -83.39,40.58,7000 -83.66,40.51,7000 -83.67,40.64,7000 -83.43,41.22,7000 -83.04,41.51,7000 -82.89,41.63,7000 -82.82,41.83,7000 -82.98,42.16,7000 -83.14,42.31,7000 -83.49,42.36,7000 -83.96,42.37,7000 -84.27,42.47,7000 -84.43,42.64,7000 -84.49,42.91,7000 -84.54,43.19,7000 -84.88,43.31,7000 -85.60,43.14,7000 -85.86,43.01,7000 -85.94,42.81,7000 -85.87,42.61,7000 -85.79,42.41,7000 -85.78,42.13,7000 -85.90,41.67,7000 -86.06,41.33,7000 -86.35,41.17,7000 -86.69,41.15,7000 -86.94,41.28,7000 -87.11,41.50,7000 -87.14,41.83,7000 -87.21,42.44,7000 -87.25,43.12,7000 -87.35,43.82,7000 -87.41,44.04,7000 -87.56,44.30,7000 -88.02,44.69,7000 -88.24,44.80,7000 -88.72,44.90,7000 -89.43,45.04,7000 -90.02,45.26,7000 -90.56,45.51,7000 -91.21,45.83,7000 -91.64,46.17,7000 -92.00,46.63,7000 -92.52,46.97,7000 -93.00,47.36,7000 -93.37,47.62,7000 -93.92,47.99,7000 -94.36,48.37,7000 -94.75,48.79,7000 -95.00,49.07,7000 -95.34,49.26,7000 -95.57,49.39,7000 -95.68,49.66,7000 -95.73,49.92,7000 -95.98,50.13,7000 -96.13,50.29,7000 -96.23,50.56,7000 -96.25,50.86,7000 -96.45,51.03,7000 -97.02,51.24,7000 -97.17,51.38,7000 -96.73,51.46,7000 -96.20,51.44,7000 -95.69,51.45,7000 -95.26,51.54,7000 
          </coordinates>
        </LinearRing>
      </outerBoundaryIs>
      <innerBoundaryIs>
        <LinearRing>
          <coordinates>
-66.95,48.41,7000 -66.93,48.40,7000 -66.92,48.40,7000 -66.90,48.39,7000 -66.89,48.38,7000 -66.87,48.38,7000 -66.86,48.37,7000 -66.85,48.37,7000 -66.83,48.36,7000 -66.82,48.35,7000 -66.81,48.35,7000 -66.79,48.34,7000 -66.78,48.34,7000 -66.77,48.33,7000 -66.76,48.33,7000 -66.75,48.32,7000 -66.74,48.32,7000 -66.74,48.31,7000 -66.73,48.31,7000 -66.71,48.30,7000 -66.72,48.29,7000 -66.72,48.28,7000 -66.73,48.28,7000 -66.74,48.28,7000 -66.75,48.28,7000 -66.76,48.28,7000 -66.77,48.28,7000 -66.78,48.27,7000 -66.79,48.27,7000 -66.81,48.27,7000 -66.82,48.27,7000 -66.84,48.26,7000 -66.85,48.26,7000 -66.87,48.26,7000 -66.89,48.26,7000 -66.90,48.25,7000 -66.92,48.25,7000 -66.94,48.25,7000 -66.95,48.25,7000 -66.97,48.25,7000 -66.98,48.25,7000 -67.00,48.25,7000 -67.01,48.25,7000 -67.02,48.25,7000 -67.04,48.26,7000 -67.05,48.26,7000 -67.06,48.26,7000 -67.08,48.27,7000 -67.09,48.27,7000 -67.10,48.28,7000 -67.11,48.28,7000 -67.12,48.29,7000 -67.14,48.29,7000 -67.15,48.30,7000 -67.16,48.31,7000 -67.17,48.31,7000 -67.18,48.32,7000 -67.20,48.33,7000 -67.21,48.34,7000 -67.22,48.34,7000 -67.23,48.35,7000 -66.95,48.41,7000 
          </coordinates>
        </LinearRing>
      </innerBoundaryIs>
      <innerBoundaryIs>
        <LinearRing>
          <coordinates>
-66.44,48.41,7000 -66.42,48.41,7000 -66.40,48.41,7000 -66.39,48.41,7000 -66.37,48.42,7000 -66.35,48.42,7000 -66.33,48.42,7000 -66.32,48.42,7000 -66.30,48.42,7000 -66.28,48.42,7000 -66.26,48.42,7000 -66.25,48.42,7000 -66.23,48.42,7000 -66.21,48.42,7000 -66.20,48.42,7000 -66.18,48.42,7000 -66.16,48.42,7000 -66.14,48.42,7000 -66.12,48.41,7000 -66.10,48.41,7000 -66.09,48.41,7000 -66.07,48.41,7000 -66.05,48.40,7000 -66.03,48.40,7000 -66.01,48.40,7000 -65.99,48.39,7000 -65.98,48.39,7000 -65.96,48.39,7000 -65.95,48.38,7000 -65.94,48.38,7000 -65.92,48.37,7000 -65.90,48.36,7000 -65.89,48.35,7000 -65.88,48.35,7000 -65.88,48.34,7000 -65.88,48.33,7000 -65.88,48.32,7000 -65.89,48.32,7000 -65.90,48.31,7000 -65.91,48.30,7000 -65.93,48.30,7000 -65.95,48.29,7000 -65.97,48.29,7000 -65.98,48.29,7000 -66.00,48.29,7000 -66.01,48.29,7000 -66.03,48.29,7000 -66.05,48.30,7000 -66.06,48.30,7000 -66.08,48.30,7000 -66.10,48.31,7000 -66.12,48.31,7000 -66.14,48.31,7000 -66.16,48.32,7000 -66.17,48.32,7000 -66.19,48.33,7000 -66.21,48.33,7000 -66.23,48.33,7000 -66.24,48.34,7000 -66.26,48.34,7000 -66.28,48.35,7000 -66.29,48.36,7000 -66.31,48.36,7000 -66.33,48.37,7000 -66.35,48.38,7000 -66.36,48.38,7000 -66.38,48.39,7000 -66.39,48.39,7000 -66.41,48.40,7000 -66.42,48.40,7000 -66.43,48.41,7000 -66.44,48.41,7000 -66.47,48.42,7000 -66.47,48.42,7000 -66.44,48.41,7000 
          </coordinates>
        </LinearRing>
      </innerBoundaryIs>
      <innerBoundaryIs>
        <LinearRing>
          <coordinates>
-94.74,51.55,8000 -93.81,51.54,8000 -93.41,51.52,8000 -93.00,51.45,8000 -92.39,51.37,8000 -91.82,51.36,8000 -91.36,51.34,8000 -91.05,51.25,8000 -90.12,50.99,8000 -89.38,50.85,8000 -88.65,50.73,8000 -88.27,50.63,8000 -88.02,50.48,8000 -87.82,50.04,8000 -87.60,49.80,8000 -87.37,49.70,8000 -86.71,49.44,8000 -86.38,49.24,8000 -86.21,49.04,8000 -85.85,48.59,8000 -85.54,48.45,8000 -85.11,48.36,8000 -84.73,48.27,8000 -84.33,48.08,8000 -84.06,47.90,8000 -83.61,47.75,8000 -83.33,47.62,8000 -82.91,47.60,8000 -82.11,47.71,8000 -81.41,47.96,8000 -80.96,47.98,8000 -80.51,47.88,8000 -79.79,47.66,8000 -79.44,47.47,8000 -79.29,47.29,8000 -79.38,47.03,8000 -79.80,47.13,8000 -80.19,47.04,8000 -80.32,46.79,8000 -80.30,46.50,8000 -80.00,46.33,8000 -79.70,46.19,8000 -79.58,46.09,8000 -79.61,45.93,8000 -79.72,45.72,8000 -79.68,45.58,8000 -79.42,45.32,8000 -78.88,45.00,8000 -78.45,44.86,8000 -77.99,44.85,8000 -77.53,44.50,8000 -77.22,44.35,8000 -76.93,44.17,8000 -76.66,43.62,8000 -76.19,43.38,8000 -75.85,43.20,8000 -75.64,43.16,8000 -75.22,43.16,8000 -74.83,43.29,8000 -74.63,43.41,8000 -74.25,43.55,8000 -73.83,43.62,8000 -73.45,43.63,8000 -73.16,43.85,8000 -72.98,44.06,8000 -72.68,44.17,8000 -72.18,44.06,8000 -71.88,44.14,8000 -71.65,44.31,8000 -71.36,44.46,8000 -71.01,44.53,8000 -70.77,44.69,8000 -70.68,44.88,8000 -70.63,45.10,8000 -70.47,45.31,8000 -70.06,45.44,8000 -69.79,45.58,8000 -69.57,45.85,8000 -69.15,46.35,8000 -68.71,46.83,8000 -68.43,46.94,8000 -68.11,46.96,8000 -67.66,46.98,8000 -67.46,47.01,8000 -67.35,47.17,8000 -67.39,47.50,8000 -67.33,47.78,8000 -67.03,47.96,8000 -66.66,48.07,8000 -66.32,48.12,8000 -65.84,48.08,8000 -65.64,48.13,8000 -65.60,48.30,8000 -65.77,48.50,8000 -66.16,48.62,8000 -66.71,48.63,8000 -66.96,48.64,8000 -67.23,48.76,8000 -67.24,48.91,8000 -67.13,49.06,8000 -66.96,49.20,8000 -66.64,49.48,8000 -66.37,49.60,8000 -65.92,49.58,8000 -65.60,49.48,8000 -64.91,49.19,8000 -64.30,48.94,8000 -63.75,48.69,8000 -63.45,48.47,8000 -63.30,48.26,8000 -63.08,48.06,8000 -62.64,47.85,8000 -62.41,47.74,8000 -62.25,47.62,8000 -62.18,47.42,8000 -62.40,46.75,8000 -62.62,46.12,8000 -62.84,45.48,8000 -62.98,45.07,8000 -63.10,44.75,8000 -63.37,44.25,8000 -63.61,43.96,8000 -63.89,43.80,8000 -64.35,43.49,8000 -65.00,43.19,8000 -65.49,43.00,8000 -66.24,42.82,8000 -66.92,42.71,8000 -67.78,42.50,8000 -68.59,42.30,8000 -68.86,42.24,8000 -69.18,42.11,8000 -69.58,41.73,8000 -69.69,41.56,8000 -69.83,41.21,8000 -70.03,41.01,8000 -70.28,40.87,8000 -70.74,40.63,8000 -71.33,40.34,8000 -72.01,40.07,8000 -72.63,39.83,8000 -73.16,39.55,8000 -73.59,39.22,8000 -74.13,38.88,8000 -74.54,38.52,8000 -74.96,38.00,8000 -75.17,37.80,8000 -75.42,37.65,8000 -75.72,37.62,8000 -75.92,37.73,8000 -76.11,37.91,8000 -76.20,38.02,8000 -76.30,37.93,8000 -76.51,37.59,8000 -76.78,37.58,8000 -77.07,37.81,8000 -77.16,38.03,8000 -77.07,38.24,8000 -77.09,38.41,8000 -77.38,38.69,8000 -77.91,38.74,8000 -78.28,38.82,8000 -78.42,38.98,8000 -78.58,39.17,8000 -78.66,39.53,8000 -78.97,39.44,8000 -79.10,39.13,8000 -79.25,38.74,8000 -79.41,38.55,8000 -79.89,38.28,8000 -80.41,37.98,8000 -80.85,37.61,8000 -81.07,37.39,8000 -81.28,37.07,8000 -81.55,36.58,8000 -81.65,36.37,8000 -81.88,36.13,8000 -82.34,35.94,8000 -82.61,35.98,8000 -82.42,36.16,8000 -82.20,36.34,8000 -82.09,36.55,8000 -82.12,36.76,8000 -82.36,36.99,8000 -82.69,37.05,8000 -82.52,37.11,8000 -82.22,37.40,8000 -82.08,37.71,8000 -81.89,38.08,8000 -81.54,38.43,8000 -81.13,38.81,8000 -80.69,39.28,8000 -80.29,39.70,8000 -79.93,40.10,8000 -79.73,40.39,8000 -79.69,40.55,8000 -79.81,40.75,8000 -80.18,40.93,8000 -80.45,41.02,8000 -80.89,41.06,8000 -81.52,40.88,8000 -81.89,40.75,8000 -82.17,40.58,8000 -82.49,40.43,8000 -82.75,40.42,8000 -82.99,40.56,8000 -83.21,40.78,8000 -83.28,40.94,8000 -83.24,41.13,8000 -82.95,41.36,8000 -82.61,41.49,8000 -82.42,41.72,8000 -82.31,41.97,8000 -82.34,42.07,8000 -82.72,42.54,8000 -82.91,42.63,8000 -83.27,42.61,8000 -83.59,42.56,8000 -83.90,42.63,8000 -84.09,42.94,8000 -84.11,43.12,8000 -84.25,43.52,8000 -84.54,43.70,8000 -84.79,43.69,8000 -85.00,43.62,8000 -85.25,43.50,8000 -85.85,43.27,8000 -86.09,43.11,8000 -86.19,42.94,8000 -86.19,42.76,8000 -85.94,42.15,8000 -86.00,41.75,8000 -86.12,41.45,8000 -86.45,41.26,8000 -86.77,41.27,8000 -86.96,41.40,8000 -87.07,41.59,8000 -87.06,41.98,8000 -87.09,42.69,8000 -87.17,43.32,8000 -87.25,43.89,8000 -87.32,44.19,8000 -87.46,44.42,8000 -87.76,44.75,8000 -87.98,44.94,8000 -88.30,45.07,8000 -89.11,45.18,8000 -89.56,45.29,8000 -89.93,45.44,8000 -90.52,45.67,8000 -91.19,45.99,8000 -91.58,46.36,8000 -91.81,46.86,8000 -92.11,46.98,8000 -92.33,47.14,8000 -92.84,47.51,8000 -93.53,48.03,8000 -94.17,48.60,8000 -94.71,49.27,8000 -95.19,49.99,8000 -95.54,50.55,8000 -95.61,50.99,8000 -95.67,51.19,8000 -95.48,51.32,8000 -94.98,51.51,8000 -94.74,51.55,8000 
          </coordinates>
        </LinearRing>
      </innerBoundaryIs>
  </Polygon>
 </MultiGeometry>
</Placemark>
<Placemark>
  <name>60%</name>
  <visibility>1</visibility>
  <styleUrl>#poly_60</styleUrl>
  <MultiGeometry>
    <Polygon>
      <outerBoundaryIs>
        <LinearRing>
          <coordinates>
-118.99,51.35,7000 -118.68,51.40,7000 -118.37,51.45,7000 -118.06,51.49,7000 -117.75,51.52,7000 -117.44,51.55,7000 -117.12,51.58,7000 -116.76,51.62,7000 -116.39,51.65,7000 -116.11,51.67,7000 -115.88,51.59,7000 -115.83,51.48,7000 -115.79,51.34,7000 -115.74,51.19,7000 -115.67,51.06,7000 -115.42,50.90,7000 -115.16,50.76,7000 -115.05,50.67,7000 -114.95,50.54,7000 -114.88,50.40,7000 -114.80,50.23,7000 -114.72,50.05,7000 -114.67,49.87,7000 -114.61,49.68,7000 -114.48,49.48,7000 -114.27,49.32,7000 -114.00,49.14,7000 -113.72,48.98,7000 -113.53,48.86,7000 -113.40,48.74,7000 -113.32,48.60,7000 -113.20,48.43,7000 -113.06,48.32,7000 -112.90,48.21,7000 -112.79,48.03,7000 -112.75,47.86,7000 -112.73,47.65,7000 -112.73,47.43,7000 -112.75,47.23,7000 -112.79,47.10,7000 -113.04,47.08,7000 -113.36,47.16,7000 -113.64,47.12,7000 -113.86,47.11,7000 -113.93,47.20,7000 -113.95,47.34,7000 -113.98,47.49,7000 -114.00,47.64,7000 -113.96,47.82,7000 -113.94,47.95,7000 -113.95,48.09,7000 -114.01,48.23,7000 -114.11,48.36,7000 -114.38,48.49,7000 -114.64,48.46,7000 -114.89,48.33,7000 -115.05,48.24,7000 -115.06,48.08,7000 -115.01,47.94,7000 -114.98,47.79,7000 -115.10,47.62,7000 -115.11,47.47,7000 -115.00,47.34,7000 -114.79,47.21,7000 -114.55,47.07,7000 -114.46,46.93,7000 -114.39,46.79,7000 -114.23,46.62,7000 -114.22,46.46,7000 -114.24,46.28,7000 -114.27,46.06,7000 -114.32,45.86,7000 -114.43,45.63,7000 -114.57,45.53,7000 -114.68,45.66,7000 -114.79,45.88,7000 -114.90,46.05,7000 -115.17,46.09,7000 -115.28,46.20,7000 -115.40,46.35,7000 -115.50,46.49,7000 -115.60,46.64,7000 -115.73,46.77,7000 -116.01,46.89,7000 -116.24,47.00,7000 -116.24,47.15,7000 -116.15,47.29,7000 -116.07,47.40,7000 -115.98,47.50,7000 -115.87,47.71,7000 -116.04,47.90,7000 -116.11,48.06,7000 -116.19,48.26,7000 -116.27,48.41,7000 -116.53,48.50,7000 -116.68,48.50,7000 -116.92,48.57,7000 -117.14,48.70,7000 -117.41,48.87,7000 -117.68,49.05,7000 -117.88,49.16,7000 -118.08,49.12,7000 -118.29,49.21,7000 -118.55,49.36,7000 -118.74,49.55,7000 -118.91,49.74,7000 -119.01,49.90,7000 -118.95,50.04,7000 -118.78,50.11,7000 -118.62,50.19,7000 -118.60,50.31,7000 -118.64,50.43,7000 -118.78,50.57,7000 -118.87,50.73,7000 -118.95,50.88,7000 -119.03,51.02,7000 -119.23,51.11,7000 -119.12,51.31,7000 -118.99,51.35,7000 
          </coordinates>
        </LinearRing>
      </outerBoundaryIs>
      <innerBoundaryIs>
        <LinearRing>
          <coordinates>
-116.26,50.94,7000 -116.19,50.92,7000 -116.11,50.90,7000 -116.04,50.87,7000 -115.96,50.83,7000 -115.91,50.79,7000 -115.85,50.75,7000 -115.79,50.69,7000 -115.73,50.64,7000 -115.68,50.59,7000 -115.64,50.55,7000 -115.59,50.48,7000 -115.56,50.43,7000 -115.54,50.37,7000 -115.53,50.31,7000 -115.53,50.25,7000 -115.54,50.19,7000 -115.54,50.13,7000 -115.54,50.07,7000 -115.55,50.01,7000 -115.56,49.95,7000 -115.55,49.88,7000 -115.54,49.83,7000 -115.52,49.77,7000 -115.51,49.71,7000 -115.49,49.65,7000 -115.46,49.60,7000 -115.44,49.55,7000 -115.38,49.49,7000 -115.31,49.44,7000 -115.26,49.40,7000 -115.22,49.35,7000 -115.20,49.30,7000 -115.20,49.25,7000 -115.23,49.18,7000 -115.31,49.16,7000 -115.37,49.19,7000 -115.45,49.23,7000 -115.53,49.28,7000 -115.61,49.33,7000 -115.69,49.36,7000 -115.77,49.39,7000 -115.84,49.41,7000 -115.90,49.45,7000 -115.95,49.50,7000 -115.99,49.55,7000 -116.02,49.61,7000 -116.04,49.66,7000 -116.03,49.71,7000 -116.00,49.76,7000 -115.98,49.83,7000 -115.98,49.89,7000 -115.98,49.95,7000 -115.98,50.02,7000 -115.99,50.09,7000 -116.00,50.16,7000 -116.02,50.23,7000 -116.04,50.30,7000 -116.06,50.36,7000 -116.09,50.43,7000 -116.12,50.48,7000 -116.17,50.54,7000 -116.22,50.59,7000 -116.27,50.63,7000 -116.30,50.68,7000 -116.32,50.74,7000 -116.34,50.79,7000 -116.26,50.94,7000 
          </coordinates>
        </LinearRing>
      </innerBoundaryIs>
      <innerBoundaryIs>
        <LinearRing>
          <coordinates>
-117.92,50.32,7000 -117.91,50.32,7000 -117.89,50.30,7000 -117.88,50.29,7000 -117.87,50.28,7000 -117.85,50.27,7000 -117.84,50.25,7000 -117.82,50.23,7000 -117.81,50.22,7000 -117.79,50.20,7000 -117.78,50.18,7000 -117.77,50.17,7000 -117.76,50.15,7000 -117.76,50.13,7000 -117.76,50.12,7000 -117.76,50.10,7000 -117.76,50.08,7000 -117.77,50.06,7000 -117.77,50.04,7000 -117.78,50.02,7000 -117.78,50.01,7000 -117.79,49.99,7000 -117.79,49.98,7000 -117.79,49.96,7000 -117.79,49.95,7000 -117.82,49.94,7000 -117.83,49.93,7000 -117.85,49.93,7000 -117.87,49.92,7000 -117.90,49.91,7000 -117.92,49.90,7000 -117.95,49.89,7000 -117.97,49.88,7000 -118.00,49.87,7000 -118.02,49.87,7000 -118.04,49.86,7000 -118.06,49.86,7000 -118.08,49.86,7000 -118.11,49.87,7000 -118.12,49.87,7000 -118.14,49.89,7000 -118.16,49.90,7000 -118.17,49.91,7000 -118.18,49.93,7000 -118.19,49.94,7000 -118.19,49.96,7000 -118.20,49.98,7000 -118.20,50.00,7000 -118.21,50.01,7000 -118.21,50.03,7000 -118.21,50.05,7000 -118.21,50.07,7000 -118.21,50.09,7000 -118.21,50.10,7000 -118.21,50.12,7000 -118.20,50.13,7000 -118.19,50.14,7000 -118.18,50.15,7000 -118.17,50.17,7000 -118.15,50.18,7000 -118.14,50.19,7000 -118.12,50.20,7000 -118.11,50.21,7000 -118.09,50.22,7000 -118.07,50.23,7000 -118.05,50.24,7000 -118.03,50.25,7000 -118.01,50.27,7000 -117.99,50.28,7000 -117.97,50.29,7000 -117.92,50.32,7000 
          </coordinates>
        </LinearRing>
      </innerBoundaryIs>
      <innerBoundaryIs>
        <LinearRing>
          <coordinates>
-115.72,47.60,8000 -115.63,47.64,8000 -115.55,47.67,8000 -115.49,47.68,8000 -115.46,47.65,8000 -115.44,47.60,8000 -115.40,47.54,8000 -115.35,47.50,8000 -115.29,47.45,8000 -115.23,47.40,8000 -115.16,47.35,8000 -115.10,47.31,8000 -115.04,47.26,8000 -114.97,47.22,8000 -114.91,47.18,8000 -114.86,47.15,8000 -114.78,47.12,8000 -114.73,47.10,8000 -114.70,47.05,8000 -114.67,47.00,8000 -114.64,46.94,8000 -114.60,46.89,8000 -114.54,46.83,8000 -114.49,46.78,8000 -114.43,46.73,8000 -114.37,46.68,8000 -114.32,46.63,8000 -114.30,46.58,8000 -114.30,46.53,8000 -114.31,46.46,8000 -114.32,46.41,8000 -114.32,46.35,8000 -114.34,46.29,8000 -114.35,46.22,8000 -114.36,46.16,8000 -114.38,46.11,8000 -114.41,46.05,8000 -114.45,45.99,8000 -114.49,45.95,8000 -114.53,45.92,8000 -114.62,45.91,8000 -114.66,45.95,8000 -114.72,46.00,8000 -114.78,46.06,8000 -114.84,46.12,8000 -114.90,46.16,8000 -114.99,46.18,8000 -115.08,46.17,8000 -115.17,46.20,8000 -115.21,46.24,8000 -115.25,46.29,8000 -115.29,46.35,8000 -115.33,46.41,8000 -115.37,46.47,8000 -115.40,46.52,8000 -115.44,46.59,8000 -115.46,46.64,8000 -115.51,46.69,8000 -115.56,46.73,8000 -115.62,46.77,8000 -115.68,46.82,8000 -115.75,46.86,8000 -115.81,46.89,8000 -115.89,46.91,8000 -115.98,46.92,8000 -116.06,46.93,8000 -116.11,46.95,8000 -116.14,47.00,8000 -116.15,47.05,8000 -116.14,47.12,8000 -116.12,47.18,8000 -116.09,47.24,8000 -116.04,47.29,8000 -115.98,47.35,8000 -115.92,47.40,8000 -115.72,47.60,8000 
          </coordinates>
        </LinearRing>
      </innerBoundaryIs>
      <innerBoundaryIs>
        <LinearRing>
          <coordinates>
-116.58,51.16,8000 -116.47,51.13,8000 -116.35,51.10,8000 -116.25,51.07,8000 -116.14,51.03,8000 -116.05,50.99,8000 -115.97,50.94,8000 -115.89,50.90,8000 -115.82,50.84,8000 -115.75,50.79,8000 -115.69,50.73,8000 -115.63,50.67,8000 -115.56,50.61,8000 -115.50,50.54,8000 -115.46,50.47,8000 -115.42,50.39,8000 -115.41,50.32,8000 -115.40,50.25,8000 -115.40,50.17,8000 -115.41,50.09,8000 -115.42,50.02,8000 -115.42,49.95,8000 -115.42,49.89,8000 -115.41,49.81,8000 -115.40,49.75,8000 -115.39,49.70,8000 -115.36,49.65,8000 -115.31,49.59,8000 -115.25,49.54,8000 -115.18,49.48,8000 -115.13,49.42,8000 -115.09,49.35,8000 -115.06,49.28,8000 -115.05,49.21,8000 -115.06,49.16,8000 -115.12,49.10,8000 -115.21,49.06,8000 -115.33,49.06,8000 -115.40,49.09,8000 -115.49,49.14,8000 -115.58,49.19,8000 -115.67,49.25,8000 -115.75,49.31,8000 -115.81,49.35,8000 -115.91,49.39,8000 -115.96,49.43,8000 -116.00,49.47,8000 -116.05,49.53,8000 -116.09,49.59,8000 -116.12,49.65,8000 -116.12,49.71,8000 -116.10,49.77,8000 -116.08,49.84,8000 -116.07,49.90,8000 -116.07,49.96,8000 -116.08,50.03,8000 -116.10,50.09,8000 -116.11,50.15,8000 -116.13,50.21,8000 -116.14,50.27,8000 -116.16,50.33,8000 -116.19,50.39,8000 -116.22,50.45,8000 -116.26,50.50,8000 -116.31,50.56,8000 -116.36,50.62,8000 -116.41,50.68,8000 -116.48,50.74,8000 -116.55,50.80,8000 -116.61,50.87,8000 -116.65,50.92,8000 -116.68,51.00,8000 -116.68,51.06,8000 -116.67,51.12,8000 -116.58,51.16,8000 
          </coordinates>
        </LinearRing>
      </innerBoundaryIs>
      <innerBoundaryIs>
        <LinearRing>
          <coordinates>
-118.48,51.41,8000 -118.20,51.44,8000 -117.93,51.47,8000 -117.66,51.50,8000 -117.41,51.53,8000 -117.18,51.55,8000 -116.98,51.57,8000 -116.66,51.61,8000 -116.42,51.64,8000 -116.23,51.64,8000 -116.00,51.59,8000 -115.86,51.50,8000 -115.86,51.34,8000 -115.90,51.17,8000 -115.86,51.08,8000 -115.79,51.01,8000 -115.71,50.95,8000 -115.58,50.88,8000 -115.44,50.82,8000 -115.28,50.75,8000 -115.14,50.66,8000 -115.07,50.56,8000 -115.02,50.44,8000 -114.95,50.27,8000 -114.88,50.13,8000 -114.80,49.96,8000 -114.71,49.78,8000 -114.63,49.61,8000 -114.57,49.49,8000 -114.47,49.35,8000 -114.40,49.30,8000 -114.21,49.19,8000 -114.07,49.12,8000 -113.89,49.03,8000 -113.74,48.94,8000 -113.57,48.82,8000 -113.43,48.68,8000 -113.33,48.55,8000 -113.23,48.41,8000 -113.13,48.28,8000 -113.01,48.17,8000 -112.88,48.06,8000 -112.80,47.94,8000 -112.80,47.77,8000 -112.83,47.59,8000 -112.86,47.44,8000 -112.83,47.30,8000 -112.81,47.22,8000 -112.92,47.15,8000 -113.11,47.18,8000 -113.31,47.18,8000 -113.56,47.17,8000 -113.75,47.19,8000 -113.85,47.30,8000 -113.88,47.45,8000 -113.91,47.58,8000 -113.91,47.71,8000 -113.88,47.83,8000 -113.86,47.94,8000 -113.87,48.05,8000 -113.91,48.19,8000 -113.97,48.33,8000 -114.06,48.48,8000 -114.17,48.59,8000 -114.33,48.63,8000 -114.52,48.63,8000 -114.68,48.64,8000 -114.80,48.74,8000 -114.88,48.84,8000 -115.06,48.88,8000 -115.23,48.77,8000 -115.34,48.66,8000 -115.41,48.47,8000 -115.39,48.35,8000 -115.35,48.20,8000 -115.30,48.03,8000 -115.26,47.89,8000 -115.25,47.79,8000 -115.37,47.71,8000 -115.54,47.74,8000 -115.66,47.80,8000 -115.77,47.91,8000 -115.86,48.04,8000 -115.96,48.19,8000 -116.03,48.32,8000 -116.07,48.45,8000 -116.10,48.55,8000 -116.16,48.66,8000 -116.23,48.73,8000 -116.31,48.68,8000 -116.41,48.61,8000 -116.52,48.58,8000 -116.68,48.58,8000 -116.87,48.59,8000 -117.09,48.62,8000 -117.25,48.67,8000 -117.31,48.81,8000 -117.31,48.96,8000 -117.34,49.08,8000 -117.38,49.18,8000 -117.48,49.29,8000 -117.58,49.37,8000 -117.70,49.43,8000 -117.84,49.32,8000 -118.01,49.28,8000 -118.20,49.29,8000 -118.30,49.36,8000 -118.40,49.46,8000 -118.51,49.56,8000 -118.64,49.66,8000 -118.78,49.76,8000 -118.88,49.85,8000 -118.85,49.99,8000 -118.66,50.07,8000 -118.51,50.09,8000 -118.38,50.07,8000 -118.31,49.91,8000 -118.22,49.82,8000 -118.11,49.75,8000 -117.88,49.80,8000 -117.74,49.89,8000 -117.67,50.01,8000 -117.63,50.15,8000 -117.70,50.27,8000 -117.81,50.36,8000 -117.99,50.43,8000 -118.16,50.34,8000 -118.32,50.34,8000 -118.47,50.37,8000 -118.54,50.43,8000 -118.60,50.52,8000 -118.71,50.64,8000 -118.80,50.77,8000 -118.83,50.90,8000 -118.84,51.02,8000 -118.87,51.13,8000 -118.87,51.22,8000 -118.81,51.30,8000 -118.71,51.36,8000 -118.48,51.41,8000 
          </coordinates>
        </LinearRing>
      </innerBoundaryIs>
  </Polygon>
 </MultiGeometry>
</Placemark>
<Placemark>
  <name>60%</name>
  <visibility>1</visibility>
  <styleUrl>#poly_60</styleUrl>
  <MultiGeometry>
    <Polygon>
      <outerBoundaryIs>
        <LinearRing>
          <coordinates>
-124.83,50.63,7000 -124.59,50.67,7000 -124.34,50.71,7000 -124.10,50.75,7000 -123.85,50.78,7000 -123.60,50.82,7000 -123.33,50.86,7000 -123.04,50.90,7000 -122.76,50.94,7000 -122.51,50.96,7000 -122.31,50.97,7000 -122.10,50.89,7000 -122.02,50.77,7000 -121.87,50.70,7000 -121.69,50.64,7000 -121.46,50.59,7000 -121.22,50.54,7000 -120.96,50.52,7000 -120.76,50.47,7000 -120.76,50.35,7000 -120.82,50.21,7000 -120.80,50.03,7000 -120.67,49.91,7000 -120.51,49.89,7000 -120.33,49.88,7000 -120.06,49.90,7000 -120.04,49.78,7000 -120.06,49.61,7000 -120.07,49.45,7000 -120.06,49.30,7000 -119.97,49.19,7000 -119.87,49.08,7000 -119.83,48.96,7000 -119.80,48.83,7000 -119.79,48.70,7000 -119.84,48.55,7000 -119.94,48.38,7000 -120.02,48.26,7000 -120.12,48.11,7000 -120.22,47.97,7000 -120.31,47.85,7000 -120.43,47.73,7000 -120.52,47.63,7000 -120.59,47.45,7000 -120.65,47.27,7000 -120.74,47.16,7000 -120.83,47.05,7000 -120.90,46.89,7000 -120.95,46.73,7000 -120.98,46.58,7000 -121.01,46.44,7000 -121.05,46.30,7000 -121.15,46.17,7000 -121.31,46.11,7000 -121.52,46.06,7000 -121.69,46.03,7000 -121.87,46.05,7000 -121.99,46.11,7000 -122.06,46.20,7000 -121.99,46.35,7000 -121.89,46.53,7000 -121.88,46.67,7000 -121.88,46.81,7000 -121.87,46.94,7000 -121.79,47.06,7000 -121.69,47.17,7000 -121.62,47.28,7000 -121.59,47.47,7000 -121.60,47.60,7000 -121.62,47.76,7000 -121.65,47.94,7000 -121.68,48.11,7000 -121.72,48.26,7000 -121.81,48.46,7000 -121.91,48.64,7000 -121.97,48.78,7000 -121.95,48.92,7000 -121.88,49.04,7000 -121.67,49.19,7000 -121.70,49.34,7000 -121.87,49.38,7000 -122.13,49.41,7000 -122.43,49.45,7000 -122.76,49.48,7000 -123.08,49.51,7000 -123.37,49.55,7000 -123.59,49.59,7000 -123.83,49.68,7000 -123.96,49.79,7000 -124.05,49.90,7000 -124.17,50.01,7000 -124.34,50.12,7000 -124.53,50.24,7000 -124.70,50.34,7000 -124.83,50.43,7000 -124.91,50.60,7000 -124.83,50.63,7000 
          </coordinates>
        </LinearRing>
      </outerBoundaryIs>
      <innerBoundaryIs>
        <LinearRing>
          <coordinates>
-124.57,50.65,8000 -124.29,50.69,8000 -124.02,50.73,8000 -123.77,50.76,8000 -123.53,50.79,8000 -123.33,50.82,8000 -123.07,50.85,8000 -122.89,50.88,8000 -122.72,50.90,8000 -122.49,50.94,8000 -122.29,50.93,8000 -122.12,50.80,8000 -121.95,50.65,8000 -121.73,50.58,8000 -121.53,50.54,8000 -121.30,50.44,8000 -121.04,50.44,8000 -121.02,50.30,8000 -120.98,50.10,8000 -120.86,49.95,8000 -120.70,49.78,8000 -120.59,49.65,8000 -120.59,49.48,8000 -120.47,49.37,8000 -120.30,49.30,8000 -120.11,49.21,8000 -119.96,49.06,8000 -119.86,48.91,8000 -119.86,48.74,8000 -119.91,48.62,8000 -119.98,48.47,8000 -120.07,48.30,8000 -120.16,48.15,8000 -120.27,48.01,8000 -120.39,47.87,8000 -120.51,47.74,8000 -120.60,47.63,8000 -120.68,47.46,8000 -120.72,47.32,8000 -120.81,47.22,8000 -120.91,47.07,8000 -120.96,46.92,8000 -121.00,46.72,8000 -121.05,46.52,8000 -121.10,46.37,8000 -121.21,46.22,8000 -121.36,46.15,8000 -121.60,46.09,8000 -121.82,46.08,8000 -121.92,46.16,8000 -121.95,46.28,8000 -121.87,46.43,8000 -121.78,46.59,8000 -121.79,46.76,8000 -121.80,46.92,8000 -121.72,47.02,8000 -121.63,47.14,8000 -121.59,47.27,8000 -121.55,47.42,8000 -121.53,47.56,8000 -121.53,47.69,8000 -121.55,47.82,8000 -121.57,47.96,8000 -121.59,48.12,8000 -121.62,48.26,8000 -121.65,48.39,8000 -121.69,48.47,8000 -121.82,48.58,8000 -121.88,48.69,8000 -121.91,48.83,8000 -121.83,48.99,8000 -121.74,49.13,8000 -121.68,49.21,8000 -121.61,49.33,8000 -121.69,49.44,8000 -121.83,49.52,8000 -122.10,49.49,8000 -122.29,49.49,8000 -122.53,49.49,8000 -122.74,49.50,8000 -122.95,49.52,8000 -123.14,49.55,8000 -123.40,49.60,8000 -123.63,49.68,8000 -123.73,49.78,8000 -123.84,49.90,8000 -124.03,50.01,8000 -124.26,50.13,8000 -124.46,50.24,8000 -124.64,50.39,8000 -124.76,50.54,8000 -124.57,50.65,8000 
          </coordinates>
        </LinearRing>
      </innerBoundaryIs>
  </Polygon>
 </MultiGeometry>
</Placemark>
<Placemark>
  <name>60%</name>
  <visibility>1</visibility>
  <styleUrl>#poly_60</styleUrl>
  <MultiGeometry>
    <Polygon>
      <outerBoundaryIs>
        <LinearRing>
          <coordinates>
-116.43,45.28,7000 -116.32,45.31,7000 -116.22,45.34,7000 -116.11,45.36,7000 -116.01,45.38,7000 -115.91,45.39,7000 -115.81,45.40,7000 -115.72,45.40,7000 -115.62,45.39,7000 -115.52,45.36,7000 -115.42,45.32,7000 -115.34,45.28,7000 -115.26,45.24,7000 -115.19,45.19,7000 -115.14,45.14,7000 -115.10,45.08,7000 -115.08,45.01,7000 -115.05,44.95,7000 -115.02,44.89,7000 -114.98,44.84,7000 -114.91,44.81,7000 -114.82,44.79,7000 -114.72,44.78,7000 -114.64,44.76,7000 -114.57,44.71,7000 -114.54,44.66,7000 -114.52,44.60,7000 -114.50,44.54,7000 -114.49,44.47,7000 -114.48,44.39,7000 -114.47,44.32,7000 -114.45,44.26,7000 -114.43,44.20,7000 -114.39,44.14,7000 -114.33,44.08,7000 -114.27,44.03,7000 -114.21,43.98,7000 -114.16,43.93,7000 -114.13,43.89,7000 -114.10,43.81,7000 -114.09,43.75,7000 -114.12,43.70,7000 -114.18,43.67,7000 -114.26,43.64,7000 -114.37,43.61,7000 -114.43,43.58,7000 -114.50,43.55,7000 -114.58,43.51,7000 -114.66,43.48,7000 -114.74,43.45,7000 -114.82,43.44,7000 -114.90,43.44,7000 -114.99,43.44,7000 -115.08,43.46,7000 -115.17,43.48,7000 -115.25,43.51,7000 -115.32,43.54,7000 -115.38,43.59,7000 -115.44,43.64,7000 -115.48,43.71,7000 -115.53,43.77,7000 -115.57,43.84,7000 -115.61,43.90,7000 -115.65,43.97,7000 -115.69,44.03,7000 -115.73,44.10,7000 -115.77,44.17,7000 -115.81,44.23,7000 -115.85,44.28,7000 -115.89,44.34,7000 -115.94,44.39,7000 -115.99,44.44,7000 -116.03,44.50,7000 -116.08,44.55,7000 -116.13,44.61,7000 -116.17,44.67,7000 -116.22,44.73,7000 -116.26,44.79,7000 -116.31,44.85,7000 -116.35,44.90,7000 -116.41,44.96,7000 -116.46,45.01,7000 -116.51,45.06,7000 -116.56,45.10,7000 -116.43,45.28,7000 
          </coordinates>
        </LinearRing>
      </outerBoundaryIs>
      <innerBoundaryIs>
        <LinearRing>
          <coordinates>
-116.42,45.23,8000 -116.33,45.25,8000 -116.24,45.27,8000 -116.15,45.28,8000 -116.07,45.29,8000 -115.99,45.29,8000 -115.93,45.29,8000 -115.85,45.28,8000 -115.77,45.27,8000 -115.69,45.26,8000 -115.60,45.24,8000 -115.50,45.22,8000 -115.42,45.19,8000 -115.34,45.15,8000 -115.29,45.11,8000 -115.25,45.05,8000 -115.21,44.99,8000 -115.17,44.93,8000 -115.14,44.88,8000 -115.10,44.83,8000 -115.04,44.77,8000 -114.99,44.73,8000 -114.93,44.69,8000 -114.87,44.66,8000 -114.79,44.64,8000 -114.71,44.63,8000 -114.63,44.62,8000 -114.57,44.58,8000 -114.55,44.53,8000 -114.53,44.47,8000 -114.52,44.40,8000 -114.52,44.33,8000 -114.51,44.26,8000 -114.49,44.20,8000 -114.46,44.14,8000 -114.41,44.09,8000 -114.37,44.04,8000 -114.32,44.00,8000 -114.29,43.96,8000 -114.24,43.90,8000 -114.21,43.85,8000 -114.19,43.81,8000 -114.18,43.76,8000 -114.24,43.70,8000 -114.29,43.67,8000 -114.35,43.64,8000 -114.42,43.61,8000 -114.51,43.57,8000 -114.59,43.54,8000 -114.68,43.51,8000 -114.76,43.49,8000 -114.83,43.48,8000 -114.92,43.48,8000 -115.01,43.48,8000 -115.10,43.50,8000 -115.19,43.52,8000 -115.27,43.56,8000 -115.34,43.60,8000 -115.39,43.64,8000 -115.43,43.70,8000 -115.47,43.76,8000 -115.51,43.82,8000 -115.54,43.89,8000 -115.58,43.95,8000 -115.61,44.02,8000 -115.64,44.07,8000 -115.68,44.13,8000 -115.71,44.19,8000 -115.75,44.24,8000 -115.78,44.30,8000 -115.81,44.35,8000 -115.85,44.40,8000 -115.89,44.45,8000 -115.94,44.51,8000 -115.98,44.56,8000 -116.03,44.61,8000 -116.08,44.67,8000 -116.13,44.72,8000 -116.18,44.77,8000 -116.23,44.82,8000 -116.28,44.88,8000 -116.33,44.93,8000 -116.38,44.98,8000 -116.43,45.03,8000 -116.42,45.23,8000 
          </coordinates>
        </LinearRing>
      </innerBoundaryIs>
  </Polygon>
 </MultiGeometry>
</Placemark>
<Placemark>
  <name>60%</name>
  <visibility>1</visibility>
  <styleUrl>#poly_60</styleUrl>
  <MultiGeometry>
    <Polygon>
      <outerBoundaryIs>
        <LinearRing>
          <coordinates>
-113.69,46.28,7000 -113.65,46.29,7000 -113.61,46.29,7000 -113.57,46.30,7000 -113.53,46.31,7000 -113.49,46.31,7000 -113.45,46.31,7000 -113.41,46.31,7000 -113.37,46.31,7000 -113.33,46.30,7000 -113.29,46.30,7000 -113.25,46.29,7000 -113.22,46.29,7000 -113.19,46.28,7000 -113.15,46.26,7000 -113.15,46.23,7000 -113.15,46.21,7000 -113.14,46.18,7000 -113.14,46.15,7000 -113.14,46.11,7000 -113.14,46.08,7000 -113.14,46.06,7000 -113.14,46.03,7000 -113.14,46.00,7000 -113.14,45.98,7000 -113.15,45.96,7000 -113.15,45.93,7000 -113.16,45.91,7000 -113.16,45.88,7000 -113.15,45.86,7000 -113.14,45.83,7000 -113.13,45.80,7000 -113.12,45.77,7000 -113.11,45.74,7000 -113.10,45.72,7000 -113.09,45.70,7000 -113.08,45.68,7000 -113.07,45.66,7000 -113.07,45.63,7000 -113.06,45.60,7000 -113.05,45.57,7000 -113.05,45.55,7000 -113.05,45.54,7000 -113.08,45.54,7000 -113.12,45.53,7000 -113.17,45.53,7000 -113.22,45.52,7000 -113.26,45.52,7000 -113.29,45.52,7000 -113.30,45.53,7000 -113.31,45.55,7000 -113.33,45.58,7000 -113.34,45.61,7000 -113.36,45.64,7000 -113.39,45.67,7000 -113.41,45.69,7000 -113.44,45.71,7000 -113.48,45.72,7000 -113.52,45.74,7000 -113.56,45.75,7000 -113.59,45.76,7000 -113.63,45.78,7000 -113.66,45.79,7000 -113.69,45.81,7000 -113.71,45.83,7000 -113.72,45.85,7000 -113.74,45.88,7000 -113.75,45.91,7000 -113.76,45.94,7000 -113.77,45.97,7000 -113.77,46.00,7000 -113.77,46.03,7000 -113.77,46.06,7000 -113.76,46.08,7000 -113.75,46.11,7000 -113.74,46.14,7000 -113.73,46.17,7000 -113.69,46.28,7000 
          </coordinates>
        </LinearRing>
      </outerBoundaryIs>
      <innerBoundaryIs>
        <LinearRing>
          <coordinates>
-113.65,46.07,8000 -113.63,46.08,8000 -113.62,46.08,8000 -113.60,46.09,8000 -113.58,46.09,8000 -113.57,46.10,8000 -113.55,46.10,8000 -113.53,46.11,8000 -113.52,46.11,8000 -113.50,46.12,8000 -113.49,46.12,8000 -113.47,46.12,8000 -113.46,46.13,8000 -113.45,46.13,8000 -113.43,46.13,8000 -113.42,46.13,8000 -113.41,46.13,8000 -113.39,46.13,8000 -113.38,46.12,8000 -113.36,46.12,8000 -113.35,46.11,8000 -113.34,46.10,8000 -113.33,46.09,8000 -113.32,46.08,8000 -113.31,46.07,8000 -113.30,46.06,8000 -113.29,46.05,8000 -113.29,46.04,8000 -113.29,46.03,8000 -113.29,46.02,8000 -113.29,46.01,8000 -113.29,46.00,8000 -113.29,45.98,8000 -113.30,45.97,8000 -113.30,45.96,8000 -113.30,45.95,8000 -113.31,45.93,8000 -113.31,45.92,8000 -113.32,45.91,8000 -113.32,45.90,8000 -113.32,45.89,8000 -113.33,45.88,8000 -113.33,45.87,8000 -113.33,45.85,8000 -113.34,45.84,8000 -113.34,45.83,8000 -113.34,45.82,8000 -113.35,45.82,8000 -113.36,45.82,8000 -113.37,45.82,8000 -113.38,45.82,8000 -113.40,45.83,8000 -113.41,45.83,8000 -113.43,45.84,8000 -113.44,45.84,8000 -113.46,45.85,8000 -113.47,45.85,8000 -113.49,45.86,8000 -113.50,45.86,8000 -113.51,45.87,8000 -113.53,45.88,8000 -113.54,45.88,8000 -113.56,45.89,8000 -113.57,45.89,8000 -113.59,45.90,8000 -113.60,45.91,8000 -113.61,45.91,8000 -113.62,45.92,8000 -113.63,45.93,8000 -113.64,45.94,8000 -113.64,45.95,8000 -113.65,45.96,8000 -113.65,45.97,8000 -113.66,45.98,8000 -113.66,45.99,8000 -113.66,46.00,8000 -113.66,46.01,8000 -113.65,46.07,8000 
          </coordinates>
        </LinearRing>
      </innerBoundaryIs>
  </Polygon>
 </MultiGeometry>
</Placemark>
<Placemark>
  <name>60%</name>
  <visibility>1</visibility>
  <styleUrl>#poly_60</styleUrl>
  <MultiGeometry>
    <Polygon>
      <outerBoundaryIs>
        <LinearRing>
          <coordinates>
-123.67,47.95,7000 -123.65,47.95,7000 -123.62,47.96,7000 -123.60,47.96,7000 -123.58,47.96,7000 -123.56,47.96,7000 -123.53,47.96,7000 -123.51,47.97,7000 -123.49,47.97,7000 -123.47,47.97,7000 -123.45,47.97,7000 -123.44,47.97,7000 -123.42,47.97,7000 -123.39,47.97,7000 -123.37,47.97,7000 -123.35,47.96,7000 -123.34,47.96,7000 -123.32,47.96,7000 -123.30,47.95,7000 -123.28,47.94,7000 -123.27,47.93,7000 -123.25,47.92,7000 -123.23,47.91,7000 -123.22,47.90,7000 -123.20,47.89,7000 -123.18,47.88,7000 -123.17,47.87,7000 -123.15,47.86,7000 -123.14,47.85,7000 -123.13,47.84,7000 -123.12,47.83,7000 -123.10,47.81,7000 -123.09,47.81,7000 -123.09,47.80,7000 -123.09,47.79,7000 -123.09,47.78,7000 -123.10,47.76,7000 -123.11,47.75,7000 -123.12,47.74,7000 -123.13,47.73,7000 -123.14,47.72,7000 -123.15,47.70,7000 -123.16,47.69,7000 -123.17,47.67,7000 -123.19,47.66,7000 -123.20,47.64,7000 -123.21,47.63,7000 -123.22,47.62,7000 -123.23,47.61,7000 -123.24,47.60,7000 -123.26,47.58,7000 -123.27,47.58,7000 -123.29,47.58,7000 -123.31,47.58,7000 -123.32,47.58,7000 -123.34,47.58,7000 -123.36,47.58,7000 -123.39,47.58,7000 -123.41,47.58,7000 -123.42,47.58,7000 -123.44,47.59,7000 -123.46,47.59,7000 -123.48,47.59,7000 -123.50,47.59,7000 -123.52,47.60,7000 -123.54,47.60,7000 -123.56,47.61,7000 -123.58,47.62,7000 -123.59,47.62,7000 -123.61,47.63,7000 -123.63,47.64,7000 -123.64,47.65,7000 -123.66,47.66,7000 -123.67,47.67,7000 -123.69,47.69,7000 -123.70,47.70,7000 -123.71,47.71,7000 -123.72,47.72,7000 -123.72,47.73,7000 -123.73,47.75,7000 -123.73,47.76,7000 -123.74,47.77,7000 -123.74,47.78,7000 -123.74,47.80,7000 -123.74,47.81,7000 -123.75,47.83,7000 -123.75,47.84,7000 -123.75,47.86,7000 -123.75,47.87,7000 -123.67,47.95,7000 
          </coordinates>
        </LinearRing>
      </outerBoundaryIs>
      <innerBoundaryIs>
        <LinearRing>
          <coordinates>
-123.65,47.90,8000 -123.63,47.90,8000 -123.61,47.91,8000 -123.59,47.91,8000 -123.57,47.91,8000 -123.55,47.91,8000 -123.54,47.91,8000 -123.52,47.92,8000 -123.50,47.92,8000 -123.49,47.92,8000 -123.47,47.92,8000 -123.46,47.92,8000 -123.44,47.93,8000 -123.43,47.93,8000 -123.42,47.93,8000 -123.41,47.93,8000 -123.39,47.94,8000 -123.38,47.93,8000 -123.37,47.93,8000 -123.36,47.92,8000 -123.35,47.91,8000 -123.34,47.91,8000 -123.33,47.90,8000 -123.31,47.89,8000 -123.30,47.89,8000 -123.29,47.88,8000 -123.27,47.87,8000 -123.26,47.86,8000 -123.24,47.85,8000 -123.23,47.84,8000 -123.22,47.83,8000 -123.20,47.82,8000 -123.19,47.81,8000 -123.19,47.81,8000 -123.18,47.80,8000 -123.17,47.79,8000 -123.17,47.78,8000 -123.17,47.77,8000 -123.17,47.76,8000 -123.17,47.75,8000 -123.18,47.74,8000 -123.18,47.73,8000 -123.19,47.72,8000 -123.20,47.70,8000 -123.21,47.69,8000 -123.22,47.68,8000 -123.23,47.67,8000 -123.24,47.66,8000 -123.26,47.65,8000 -123.27,47.65,8000 -123.28,47.64,8000 -123.30,47.63,8000 -123.31,47.63,8000 -123.32,47.63,8000 -123.34,47.63,8000 -123.35,47.63,8000 -123.37,47.63,8000 -123.39,47.63,8000 -123.40,47.63,8000 -123.42,47.63,8000 -123.44,47.64,8000 -123.46,47.64,8000 -123.48,47.64,8000 -123.49,47.65,8000 -123.51,47.65,8000 -123.53,47.66,8000 -123.54,47.66,8000 -123.56,47.66,8000 -123.57,47.67,8000 -123.58,47.67,8000 -123.60,47.68,8000 -123.62,47.68,8000 -123.63,47.68,8000 -123.63,47.69,8000 -123.64,47.70,8000 -123.64,47.71,8000 -123.65,47.72,8000 -123.65,47.73,8000 -123.66,47.74,8000 -123.66,47.74,8000 -123.66,47.75,8000 -123.66,47.76,8000 -123.66,47.77,8000 -123.66,47.78,8000 -123.67,47.80,8000 -123.67,47.81,8000 -123.67,47.82,8000 -123.67,47.83,8000 -123.67,47.84,8000 -123.67,47.86,8000 -123.67,47.87,8000 -123.67,47.88,8000 -123.65,47.90,8000 
          </coordinates>
        </LinearRing>
      </innerBoundaryIs>
  </Polygon>
 </MultiGeometry>
</Placemark>
<Placemark>
  <name>60%</name>
  <visibility>1</visibility>
  <styleUrl>#poly_60</styleUrl>
  <MultiGeometry>
    <Polygon>
      <outerBoundaryIs>
        <LinearRing>
          <coordinates>
-110.32,45.35,7000 -110.17,45.37,7000 -110.03,45.37,7000 -109.93,45.35,7000 -109.83,45.31,7000 -109.74,45.27,7000 -109.63,45.22,7000 -109.55,45.16,7000 -109.47,45.06,7000 -109.44,44.96,7000 -109.44,44.88,7000 -109.48,44.78,7000 -109.52,44.71,7000 -109.58,44.64,7000 -109.64,44.56,7000 -109.65,44.46,7000 -109.62,44.37,7000 -109.56,44.25,7000 -109.48,44.14,7000 -109.42,44.03,7000 -109.38,43.95,7000 -109.40,43.83,7000 -109.47,43.76,7000 -109.55,43.70,7000 -109.63,43.64,7000 -109.67,43.55,7000 -109.67,43.46,7000 -109.61,43.38,7000 -109.52,43.30,7000 -109.44,43.22,7000 -109.36,43.12,7000 -109.29,43.04,7000 -109.18,42.93,7000 -109.22,42.86,7000 -109.31,42.86,7000 -109.44,42.87,7000 -109.59,42.89,7000 -109.75,42.91,7000 -109.92,42.93,7000 -110.06,42.92,7000 -110.18,42.90,7000 -110.28,42.84,7000 -110.36,42.74,7000 -110.42,42.63,7000 -110.47,42.52,7000 -110.52,42.43,7000 -110.57,42.36,7000 -110.72,42.31,7000 -110.85,42.34,7000 -110.96,42.39,7000 -111.05,42.45,7000 -111.14,42.50,7000 -111.19,42.57,7000 -111.17,42.67,7000 -111.13,42.78,7000 -111.12,42.87,7000 -111.14,42.97,7000 -111.20,43.06,7000 -111.28,43.17,7000 -111.33,43.28,7000 -111.34,43.37,7000 -111.32,43.46,7000 -111.30,43.56,7000 -111.27,43.65,7000 -111.23,43.74,7000 -111.17,43.82,7000 -111.12,43.91,7000 -111.10,44.00,7000 -111.14,44.10,7000 -111.22,44.19,7000 -111.30,44.30,7000 -111.35,44.40,7000 -111.36,44.52,7000 -111.35,44.64,7000 -111.33,44.76,7000 -111.30,44.85,7000 -111.25,44.92,7000 -111.17,44.93,7000 -111.03,44.93,7000 -110.87,44.92,7000 -110.76,44.94,7000 -110.65,44.96,7000 -110.56,44.99,7000 -110.50,45.04,7000 -110.48,45.09,7000 -110.32,45.35,7000 
          </coordinates>
        </LinearRing>
      </outerBoundaryIs>
      <innerBoundaryIs>
        <LinearRing>
          <coordinates>
-110.31,45.28,8000 -110.17,45.32,8000 -110.05,45.33,8000 -109.98,45.32,8000 -109.90,45.27,8000 -109.79,45.21,8000 -109.65,45.14,8000 -109.55,45.06,8000 -109.51,44.99,8000 -109.50,44.92,8000 -109.52,44.84,8000 -109.56,44.76,8000 -109.61,44.67,8000 -109.66,44.58,8000 -109.70,44.50,8000 -109.71,44.41,8000 -109.67,44.32,8000 -109.62,44.24,8000 -109.54,44.15,8000 -109.48,44.05,8000 -109.45,43.96,8000 -109.48,43.88,8000 -109.55,43.81,8000 -109.62,43.73,8000 -109.68,43.67,8000 -109.74,43.56,8000 -109.75,43.47,8000 -109.71,43.40,8000 -109.63,43.33,8000 -109.56,43.26,8000 -109.48,43.18,8000 -109.41,43.10,8000 -109.36,43.02,8000 -109.36,42.92,8000 -109.41,42.86,8000 -109.51,42.86,8000 -109.66,42.90,8000 -109.79,42.93,8000 -109.93,42.96,8000 -110.06,42.98,8000 -110.19,42.95,8000 -110.28,42.89,8000 -110.34,42.83,8000 -110.39,42.74,8000 -110.44,42.65,8000 -110.50,42.54,8000 -110.57,42.46,8000 -110.68,42.43,8000 -110.81,42.43,8000 -110.91,42.45,8000 -110.97,42.50,8000 -111.02,42.57,8000 -111.04,42.65,8000 -111.03,42.72,8000 -111.01,42.79,8000 -111.01,42.87,8000 -111.04,42.95,8000 -111.09,43.04,8000 -111.14,43.13,8000 -111.18,43.21,8000 -111.22,43.31,8000 -111.24,43.39,8000 -111.24,43.49,8000 -111.21,43.57,8000 -111.16,43.66,8000 -111.11,43.75,8000 -111.07,43.83,8000 -111.04,43.92,8000 -111.04,43.99,8000 -111.05,44.07,8000 -111.11,44.15,8000 -111.19,44.23,8000 -111.24,44.33,8000 -111.25,44.42,8000 -111.25,44.53,8000 -111.23,44.63,8000 -111.21,44.71,8000 -111.15,44.79,8000 -111.05,44.82,8000 -110.95,44.82,8000 -110.83,44.81,8000 -110.72,44.81,8000 -110.58,44.83,8000 -110.47,44.87,8000 -110.42,44.93,8000 -110.40,45.00,8000 -110.31,45.28,8000 
          </coordinates>
        </LinearRing>
      </innerBoundaryIs>
  </Polygon>
 </MultiGeometry>
</Placemark>
<Placemark>
  <name>60%</name>
  <visibility>1</visibility>
  <styleUrl>#poly_60</styleUrl>
  <MultiGeometry>
    <Polygon>
      <outerBoundaryIs>
        <LinearRing>
          <coordinates>
-126.57,50.35,7000 -126.52,50.35,7000 -126.47,50.36,7000 -126.42,50.36,7000 -126.37,50.36,7000 -126.31,50.35,7000 -126.26,50.34,7000 -126.21,50.33,7000 -126.16,50.32,7000 -126.11,50.31,7000 -126.05,50.29,7000 -126.00,50.26,7000 -125.96,50.24,7000 -125.92,50.21,7000 -125.88,50.18,7000 -125.85,50.15,7000 -125.81,50.12,7000 -125.77,50.09,7000 -125.73,50.05,7000 -125.69,50.03,7000 -125.66,50.00,7000 -125.61,49.97,7000 -125.57,49.94,7000 -125.53,49.91,7000 -125.49,49.89,7000 -125.46,49.86,7000 -125.42,49.84,7000 -125.38,49.81,7000 -125.34,49.78,7000 -125.30,49.76,7000 -125.26,49.73,7000 -125.23,49.70,7000 -125.20,49.67,7000 -125.17,49.64,7000 -125.14,49.61,7000 -125.11,49.58,7000 -125.10,49.55,7000 -125.09,49.51,7000 -125.09,49.48,7000 -125.09,49.44,7000 -125.11,49.40,7000 -125.13,49.37,7000 -125.16,49.35,7000 -125.21,49.33,7000 -125.26,49.32,7000 -125.31,49.30,7000 -125.36,49.29,7000 -125.41,49.29,7000 -125.46,49.29,7000 -125.52,49.30,7000 -125.57,49.31,7000 -125.62,49.33,7000 -125.68,49.35,7000 -125.72,49.37,7000 -125.77,49.39,7000 -125.82,49.41,7000 -125.87,49.44,7000 -125.92,49.47,7000 -125.97,49.49,7000 -126.01,49.52,7000 -126.05,49.55,7000 -126.08,49.58,7000 -126.11,49.61,7000 -126.13,49.64,7000 -126.16,49.67,7000 -126.19,49.69,7000 -126.22,49.72,7000 -126.26,49.74,7000 -126.30,49.76,7000 -126.34,49.78,7000 -126.38,49.80,7000 -126.42,49.82,7000 -126.46,49.85,7000 -126.49,49.87,7000 -126.53,49.90,7000 -126.57,49.94,7000 -126.61,49.97,7000 -126.64,50.00,7000 -126.68,50.03,7000 -126.71,50.06,7000 -126.73,50.08,7000 -126.76,50.12,7000 -126.77,50.15,7000 -126.77,50.17,7000 -126.57,50.35,7000 
          </coordinates>
        </LinearRing>
      </outerBoundaryIs>
      <innerBoundaryIs>
        <LinearRing>
          <coordinates>
-126.53,50.24,8000 -126.48,50.25,8000 -126.43,50.27,8000 -126.38,50.28,8000 -126.33,50.29,8000 -126.29,50.29,8000 -126.24,50.28,8000 -126.19,50.27,8000 -126.15,50.25,8000 -126.11,50.24,8000 -126.06,50.22,8000 -126.03,50.21,8000 -125.99,50.19,8000 -125.96,50.17,8000 -125.93,50.14,8000 -125.89,50.11,8000 -125.86,50.09,8000 -125.83,50.06,8000 -125.79,50.04,8000 -125.75,50.01,8000 -125.72,49.99,8000 -125.69,49.97,8000 -125.66,49.95,8000 -125.63,49.93,8000 -125.60,49.91,8000 -125.56,49.89,8000 -125.52,49.86,8000 -125.48,49.83,8000 -125.45,49.81,8000 -125.41,49.78,8000 -125.38,49.75,8000 -125.34,49.73,8000 -125.31,49.71,8000 -125.29,49.69,8000 -125.28,49.68,8000 -125.26,49.66,8000 -125.24,49.63,8000 -125.21,49.60,8000 -125.18,49.57,8000 -125.17,49.54,8000 -125.16,49.51,8000 -125.17,49.48,8000 -125.20,49.45,8000 -125.23,49.43,8000 -125.26,49.41,8000 -125.30,49.39,8000 -125.34,49.37,8000 -125.39,49.36,8000 -125.43,49.35,8000 -125.47,49.35,8000 -125.52,49.36,8000 -125.57,49.37,8000 -125.62,49.38,8000 -125.66,49.39,8000 -125.70,49.40,8000 -125.74,49.41,8000 -125.77,49.42,8000 -125.80,49.44,8000 -125.83,49.46,8000 -125.87,49.48,8000 -125.90,49.51,8000 -125.94,49.54,8000 -125.97,49.56,8000 -126.00,49.58,8000 -126.03,49.60,8000 -126.04,49.61,8000 -126.06,49.63,8000 -126.08,49.66,8000 -126.11,49.70,8000 -126.15,49.73,8000 -126.19,49.75,8000 -126.23,49.77,8000 -126.28,49.80,8000 -126.32,49.82,8000 -126.36,49.84,8000 -126.39,49.85,8000 -126.40,49.86,8000 -126.42,49.88,8000 -126.46,49.91,8000 -126.50,49.94,8000 -126.53,49.97,8000 -126.56,50.00,8000 -126.58,50.03,8000 -126.59,50.07,8000 -126.60,50.10,8000 -126.61,50.13,8000 -126.61,50.17,8000 -126.53,50.24,8000 
          </coordinates>
        </LinearRing>
      </innerBoundaryIs>
  </Polygon>
 </MultiGeometry>
</Placemark>
<Placemark>
  <name>70%</name>
  <visibility>1</visibility>
  <styleUrl>#poly_70</styleUrl>
  <MultiGeometry>
    <Polygon>
      <outerBoundaryIs>
        <LinearRing>
          <coordinates>
-124.57,50.65,8000 -124.29,50.69,8000 -124.02,50.73,8000 -123.77,50.76,8000 -123.53,50.79,8000 -123.33,50.82,8000 -123.07,50.85,8000 -122.89,50.88,8000 -122.72,50.90,8000 -122.49,50.94,8000 -122.29,50.93,8000 -122.12,50.80,8000 -121.95,50.65,8000 -121.73,50.58,8000 -121.53,50.54,8000 -121.30,50.44,8000 -121.04,50.44,8000 -121.02,50.30,8000 -120.98,50.10,8000 -120.86,49.95,8000 -120.70,49.78,8000 -120.59,49.65,8000 -120.59,49.48,8000 -120.47,49.37,8000 -120.30,49.30,8000 -120.11,49.21,8000 -119.96,49.06,8000 -119.86,48.91,8000 -119.86,48.74,8000 -119.91,48.62,8000 -119.98,48.47,8000 -120.07,48.30,8000 -120.16,48.15,8000 -120.27,48.01,8000 -120.39,47.87,8000 -120.51,47.74,8000 -120.60,47.63,8000 -120.68,47.46,8000 -120.72,47.32,8000 -120.81,47.22,8000 -120.91,47.07,8000 -120.96,46.92,8000 -121.00,46.72,8000 -121.05,46.52,8000 -121.10,46.37,8000 -121.21,46.22,8000 -121.36,46.15,8000 -121.60,46.09,8000 -121.82,46.08,8000 -121.92,46.16,8000 -121.95,46.28,8000 -121.87,46.43,8000 -121.78,46.59,8000 -121.79,46.76,8000 -121.80,46.92,8000 -121.72,47.02,8000 -121.63,47.14,8000 -121.59,47.27,8000 -121.55,47.42,8000 -121.53,47.56,8000 -121.53,47.69,8000 -121.55,47.82,8000 -121.57,47.96,8000 -121.59,48.12,8000 -121.62,48.26,8000 -121.65,48.39,8000 -121.69,48.47,8000 -121.82,48.58,8000 -121.88,48.69,8000 -121.91,48.83,8000 -121.83,48.99,8000 -121.74,49.13,8000 -121.68,49.21,8000 -121.61,49.33,8000 -121.69,49.44,8000 -121.83,49.52,8000 -122.10,49.49,8000 -122.29,49.49,8000 -122.53,49.49,8000 -122.74,49.50,8000 -122.95,49.52,8000 -123.14,49.55,8000 -123.40,49.60,8000 -123.63,49.68,8000 -123.73,49.78,8000 -123.84,49.90,8000 -124.03,50.01,8000 -124.26,50.13,8000 -124.46,50.24,8000 -124.64,50.39,8000 -124.76,50.54,8000 -124.57,50.65,8000 
          </coordinates>
        </LinearRing>
      </outerBoundaryIs>
      <innerBoundaryIs>
        <LinearRing>
          <coordinates>
-124.55,50.59,9000 -124.30,50.63,9000 -124.06,50.66,9000 -123.83,50.69,9000 -123.62,50.72,9000 -123.44,50.75,9000 -123.21,50.78,9000 -123.03,50.81,9000 -122.89,50.83,9000 -122.72,50.86,9000 -122.58,50.87,9000 -122.41,50.87,9000 -122.26,50.83,9000 -122.16,50.73,9000 -122.05,50.62,9000 -121.86,50.56,9000 -121.66,50.50,9000 -121.48,50.40,9000 -121.33,50.29,9000 -121.22,50.19,9000 -121.13,50.09,9000 -121.01,49.97,9000 -120.90,49.84,9000 -120.82,49.70,9000 -120.75,49.56,9000 -120.71,49.46,9000 -120.67,49.38,9000 -120.50,49.26,9000 -120.35,49.22,9000 -120.20,49.18,9000 -120.04,49.04,9000 -119.98,48.96,9000 -119.95,48.85,9000 -119.96,48.69,9000 -120.00,48.53,9000 -120.08,48.40,9000 -120.18,48.28,9000 -120.24,48.15,9000 -120.33,47.99,9000 -120.44,47.86,9000 -120.58,47.71,9000 -120.71,47.55,9000 -120.79,47.43,9000 -120.88,47.31,9000 -120.95,47.18,9000 -121.01,47.05,9000 -121.06,46.90,9000 -121.09,46.73,9000 -121.12,46.57,9000 -121.15,46.45,9000 -121.21,46.33,9000 -121.29,46.27,9000 -121.42,46.19,9000 -121.57,46.15,9000 -121.75,46.18,9000 -121.88,46.25,9000 -121.80,46.36,9000 -121.69,46.51,9000 -121.70,46.68,9000 -121.72,46.86,9000 -121.63,47.00,9000 -121.53,47.14,9000 -121.49,47.28,9000 -121.47,47.42,9000 -121.45,47.56,9000 -121.44,47.72,9000 -121.46,47.83,9000 -121.49,47.95,9000 -121.52,48.08,9000 -121.53,48.22,9000 -121.54,48.36,9000 -121.56,48.48,9000 -121.65,48.58,9000 -121.75,48.65,9000 -121.82,48.71,9000 -121.83,48.82,9000 -121.77,48.93,9000 -121.67,49.08,9000 -121.57,49.23,9000 -121.51,49.34,9000 -121.51,49.45,9000 -121.59,49.51,9000 -121.83,49.59,9000 -121.96,49.58,9000 -122.12,49.56,9000 -122.38,49.55,9000 -122.65,49.54,9000 -122.84,49.55,9000 -123.01,49.58,9000 -123.23,49.61,9000 -123.43,49.65,9000 -123.64,49.75,9000 -123.70,49.83,9000 -123.76,49.91,9000 -123.85,49.98,9000 -123.98,50.06,9000 -124.16,50.14,9000 -124.35,50.22,9000 -124.49,50.32,9000 -124.61,50.43,9000 -124.55,50.59,9000 
          </coordinates>
        </LinearRing>
      </innerBoundaryIs>
  </Polygon>
 </MultiGeometry>
</Placemark>
<Placemark>
  <name>70%</name>
  <visibility>1</visibility>
  <styleUrl>#poly_70</styleUrl>
  <MultiGeometry>
    <Polygon>
      <outerBoundaryIs>
        <LinearRing>
          <coordinates>
-115.72,47.60,8000 -115.63,47.64,8000 -115.55,47.67,8000 -115.49,47.68,8000 -115.46,47.65,8000 -115.44,47.60,8000 -115.40,47.54,8000 -115.35,47.50,8000 -115.29,47.45,8000 -115.23,47.40,8000 -115.16,47.35,8000 -115.10,47.31,8000 -115.04,47.26,8000 -114.97,47.22,8000 -114.91,47.18,8000 -114.86,47.15,8000 -114.78,47.12,8000 -114.73,47.10,8000 -114.70,47.05,8000 -114.67,47.00,8000 -114.64,46.94,8000 -114.60,46.89,8000 -114.54,46.83,8000 -114.49,46.78,8000 -114.43,46.73,8000 -114.37,46.68,8000 -114.32,46.63,8000 -114.30,46.58,8000 -114.30,46.53,8000 -114.31,46.46,8000 -114.32,46.41,8000 -114.32,46.35,8000 -114.34,46.29,8000 -114.35,46.22,8000 -114.36,46.16,8000 -114.38,46.11,8000 -114.41,46.05,8000 -114.45,45.99,8000 -114.49,45.95,8000 -114.53,45.92,8000 -114.62,45.91,8000 -114.66,45.95,8000 -114.72,46.00,8000 -114.78,46.06,8000 -114.84,46.12,8000 -114.90,46.16,8000 -114.99,46.18,8000 -115.08,46.17,8000 -115.17,46.20,8000 -115.21,46.24,8000 -115.25,46.29,8000 -115.29,46.35,8000 -115.33,46.41,8000 -115.37,46.47,8000 -115.40,46.52,8000 -115.44,46.59,8000 -115.46,46.64,8000 -115.51,46.69,8000 -115.56,46.73,8000 -115.62,46.77,8000 -115.68,46.82,8000 -115.75,46.86,8000 -115.81,46.89,8000 -115.89,46.91,8000 -115.98,46.92,8000 -116.06,46.93,8000 -116.11,46.95,8000 -116.14,47.00,8000 -116.15,47.05,8000 -116.14,47.12,8000 -116.12,47.18,8000 -116.09,47.24,8000 -116.04,47.29,8000 -115.98,47.35,8000 -115.92,47.40,8000 -115.72,47.60,8000 
          </coordinates>
        </LinearRing>
      </outerBoundaryIs>
      <innerBoundaryIs>
        <LinearRing>
          <coordinates>
-115.68,47.42,9000 -115.62,47.42,9000 -115.56,47.41,9000 -115.50,47.40,9000 -115.45,47.39,9000 -115.39,47.37,9000 -115.34,47.34,9000 -115.29,47.31,9000 -115.24,47.28,9000 -115.18,47.24,9000 -115.13,47.20,9000 -115.08,47.17,9000 -115.03,47.14,9000 -114.98,47.10,9000 -114.92,47.07,9000 -114.87,47.04,9000 -114.83,47.00,9000 -114.79,46.96,9000 -114.76,46.92,9000 -114.73,46.88,9000 -114.70,46.84,9000 -114.67,46.80,9000 -114.64,46.77,9000 -114.59,46.74,9000 -114.54,46.71,9000 -114.49,46.69,9000 -114.44,46.66,9000 -114.41,46.62,9000 -114.40,46.58,9000 -114.39,46.54,9000 -114.40,46.49,9000 -114.40,46.44,9000 -114.41,46.39,9000 -114.42,46.34,9000 -114.44,46.30,9000 -114.47,46.25,9000 -114.50,46.20,9000 -114.55,46.15,9000 -114.59,46.12,9000 -114.64,46.11,9000 -114.68,46.12,9000 -114.73,46.15,9000 -114.78,46.18,9000 -114.84,46.22,9000 -114.89,46.26,9000 -114.93,46.29,9000 -114.99,46.32,9000 -115.04,46.33,9000 -115.09,46.35,9000 -115.13,46.37,9000 -115.17,46.41,9000 -115.19,46.45,9000 -115.22,46.50,9000 -115.24,46.54,9000 -115.26,46.58,9000 -115.28,46.62,9000 -115.30,46.66,9000 -115.33,46.70,9000 -115.37,46.74,9000 -115.41,46.78,9000 -115.45,46.82,9000 -115.50,46.85,9000 -115.56,46.88,9000 -115.62,46.90,9000 -115.68,46.91,9000 -115.75,46.93,9000 -115.82,46.94,9000 -115.87,46.95,9000 -115.92,46.97,9000 -115.97,47.01,9000 -115.99,47.05,9000 -116.01,47.09,9000 -116.01,47.13,9000 -116.00,47.17,9000 -115.97,47.20,9000 -115.93,47.24,9000 -115.89,47.27,9000 -115.68,47.42,9000 
          </coordinates>
        </LinearRing>
      </innerBoundaryIs>
  </Polygon>
 </MultiGeometry>
</Placemark>
<Placemark>
  <name>70%</name>
  <visibility>1</visibility>
  <styleUrl>#poly_70</styleUrl>
  <MultiGeometry>
    <Polygon>
      <outerBoundaryIs>
        <LinearRing>
          <coordinates>
-118.48,51.41,8000 -118.20,51.44,8000 -117.93,51.47,8000 -117.66,51.50,8000 -117.41,51.53,8000 -117.18,51.55,8000 -116.98,51.57,8000 -116.66,51.61,8000 -116.42,51.64,8000 -116.23,51.64,8000 -116.00,51.59,8000 -115.86,51.50,8000 -115.86,51.34,8000 -115.90,51.17,8000 -115.86,51.08,8000 -115.79,51.01,8000 -115.71,50.95,8000 -115.58,50.88,8000 -115.44,50.82,8000 -115.28,50.75,8000 -115.14,50.66,8000 -115.07,50.56,8000 -115.02,50.44,8000 -114.95,50.27,8000 -114.88,50.13,8000 -114.80,49.96,8000 -114.71,49.78,8000 -114.63,49.61,8000 -114.57,49.49,8000 -114.47,49.35,8000 -114.40,49.30,8000 -114.21,49.19,8000 -114.07,49.12,8000 -113.89,49.03,8000 -113.74,48.94,8000 -113.57,48.82,8000 -113.43,48.68,8000 -113.33,48.55,8000 -113.23,48.41,8000 -113.13,48.28,8000 -113.01,48.17,8000 -112.88,48.06,8000 -112.80,47.94,8000 -112.80,47.77,8000 -112.83,47.59,8000 -112.86,47.44,8000 -112.83,47.30,8000 -112.81,47.22,8000 -112.92,47.15,8000 -113.11,47.18,8000 -113.31,47.18,8000 -113.56,47.17,8000 -113.75,47.19,8000 -113.85,47.30,8000 -113.88,47.45,8000 -113.91,47.58,8000 -113.91,47.71,8000 -113.88,47.83,8000 -113.86,47.94,8000 -113.87,48.05,8000 -113.91,48.19,8000 -113.97,48.33,8000 -114.06,48.48,8000 -114.17,48.59,8000 -114.33,48.63,8000 -114.52,48.63,8000 -114.68,48.64,8000 -114.80,48.74,8000 -114.88,48.84,8000 -115.06,48.88,8000 -115.23,48.77,8000 -115.34,48.66,8000 -115.41,48.47,8000 -115.39,48.35,8000 -115.35,48.20,8000 -115.30,48.03,8000 -115.26,47.89,8000 -115.25,47.79,8000 -115.37,47.71,8000 -115.54,47.74,8000 -115.66,47.80,8000 -115.77,47.91,8000 -115.86,48.04,8000 -115.96,48.19,8000 -116.03,48.32,8000 -116.07,48.45,8000 -116.10,48.55,8000 -116.16,48.66,8000 -116.23,48.73,8000 -116.31,48.68,8000 -116.41,48.61,8000 -116.52,48.58,8000 -116.68,48.58,8000 -116.87,48.59,8000 -117.09,48.62,8000 -117.25,48.67,8000 -117.31,48.81,8000 -117.31,48.96,8000 -117.34,49.08,8000 -117.38,49.18,8000 -117.48,49.29,8000 -117.58,49.37,8000 -117.70,49.43,8000 -117.84,49.32,8000 -118.01,49.28,8000 -118.20,49.29,8000 -118.30,49.36,8000 -118.40,49.46,8000 -118.51,49.56,8000 -118.64,49.66,8000 -118.78,49.76,8000 -118.88,49.85,8000 -118.85,49.99,8000 -118.66,50.07,8000 -118.51,50.09,8000 -118.38,50.07,8000 -118.31,49.91,8000 -118.22,49.82,8000 -118.11,49.75,8000 -117.88,49.80,8000 -117.74,49.89,8000 -117.67,50.01,8000 -117.63,50.15,8000 -117.70,50.27,8000 -117.81,50.36,8000 -117.99,50.43,8000 -118.16,50.34,8000 -118.32,50.34,8000 -118.47,50.37,8000 -118.54,50.43,8000 -118.60,50.52,8000 -118.71,50.64,8000 -118.80,50.77,8000 -118.83,50.90,8000 -118.84,51.02,8000 -118.87,51.13,8000 -118.87,51.22,8000 -118.81,51.30,8000 -118.71,51.36,8000 -118.48,51.41,8000 
          </coordinates>
        </LinearRing>
      </outerBoundaryIs>
      <innerBoundaryIs>
        <LinearRing>
          <coordinates>
-116.58,51.16,8000 -116.47,51.13,8000 -116.35,51.10,8000 -116.25,51.07,8000 -116.14,51.03,8000 -116.05,50.99,8000 -115.97,50.94,8000 -115.89,50.90,8000 -115.82,50.84,8000 -115.75,50.79,8000 -115.69,50.73,8000 -115.63,50.67,8000 -115.56,50.61,8000 -115.50,50.54,8000 -115.46,50.47,8000 -115.42,50.39,8000 -115.41,50.32,8000 -115.40,50.25,8000 -115.40,50.17,8000 -115.41,50.09,8000 -115.42,50.02,8000 -115.42,49.95,8000 -115.42,49.89,8000 -115.41,49.81,8000 -115.40,49.75,8000 -115.39,49.70,8000 -115.36,49.65,8000 -115.31,49.59,8000 -115.25,49.54,8000 -115.18,49.48,8000 -115.13,49.42,8000 -115.09,49.35,8000 -115.06,49.28,8000 -115.05,49.21,8000 -115.06,49.16,8000 -115.12,49.10,8000 -115.21,49.06,8000 -115.33,49.06,8000 -115.40,49.09,8000 -115.49,49.14,8000 -115.58,49.19,8000 -115.67,49.25,8000 -115.75,49.31,8000 -115.81,49.35,8000 -115.91,49.39,8000 -115.96,49.43,8000 -116.00,49.47,8000 -116.05,49.53,8000 -116.09,49.59,8000 -116.12,49.65,8000 -116.12,49.71,8000 -116.10,49.77,8000 -116.08,49.84,8000 -116.07,49.90,8000 -116.07,49.96,8000 -116.08,50.03,8000 -116.10,50.09,8000 -116.11,50.15,8000 -116.13,50.21,8000 -116.14,50.27,8000 -116.16,50.33,8000 -116.19,50.39,8000 -116.22,50.45,8000 -116.26,50.50,8000 -116.31,50.56,8000 -116.36,50.62,8000 -116.41,50.68,8000 -116.48,50.74,8000 -116.55,50.80,8000 -116.61,50.87,8000 -116.65,50.92,8000 -116.68,51.00,8000 -116.68,51.06,8000 -116.67,51.12,8000 -116.58,51.16,8000 
          </coordinates>
        </LinearRing>
      </innerBoundaryIs>
      <innerBoundaryIs>
        <LinearRing>
          <coordinates>
-115.27,50.05,9000 -115.22,50.05,9000 -115.16,50.04,9000 -115.11,50.04,9000 -115.07,50.04,9000 -115.03,50.03,9000 -115.00,50.02,9000 -114.97,50.00,9000 -114.96,49.97,9000 -114.95,49.93,9000 -114.94,49.90,9000 -114.92,49.87,9000 -114.91,49.84,9000 -114.89,49.80,9000 -114.88,49.77,9000 -114.87,49.74,9000 -114.85,49.71,9000 -114.84,49.68,9000 -114.83,49.65,9000 -114.81,49.62,9000 -114.79,49.59,9000 -114.77,49.56,9000 -114.75,49.54,9000 -114.72,49.51,9000 -114.70,49.48,9000 -114.68,49.46,9000 -114.65,49.43,9000 -114.62,49.40,9000 -114.60,49.38,9000 -114.58,49.36,9000 -114.56,49.34,9000 -114.55,49.31,9000 -114.54,49.28,9000 -114.53,49.25,9000 -114.53,49.22,9000 -114.55,49.19,9000 -114.58,49.17,9000 -114.64,49.15,9000 -114.69,49.13,9000 -114.75,49.12,9000 -114.79,49.12,9000 -114.82,49.14,9000 -114.84,49.16,9000 -114.86,49.20,9000 -114.88,49.24,9000 -114.90,49.27,9000 -114.92,49.30,9000 -114.93,49.34,9000 -114.94,49.37,9000 -114.96,49.40,9000 -114.98,49.43,9000 -115.01,49.46,9000 -115.05,49.49,9000 -115.09,49.51,9000 -115.12,49.53,9000 -115.15,49.55,9000 -115.17,49.56,9000 -115.18,49.58,9000 -115.20,49.60,9000 -115.22,49.63,9000 -115.24,49.67,9000 -115.26,49.71,9000 -115.27,49.74,9000 -115.28,49.77,9000 -115.28,49.80,9000 -115.28,49.84,9000 -115.28,49.87,9000 -115.28,49.90,9000 -115.27,50.05,9000 
          </coordinates>
        </LinearRing>
      </innerBoundaryIs>
      <innerBoundaryIs>
        <LinearRing>
          <coordinates>
-114.28,49.10,9000 -114.19,49.08,9000 -114.09,49.06,9000 -114.00,49.03,9000 -113.93,49.00,9000 -113.87,48.97,9000 -113.81,48.93,9000 -113.74,48.88,9000 -113.69,48.84,9000 -113.65,48.79,9000 -113.60,48.74,9000 -113.55,48.68,9000 -113.50,48.62,9000 -113.46,48.57,9000 -113.41,48.51,9000 -113.37,48.45,9000 -113.32,48.38,9000 -113.27,48.32,9000 -113.22,48.26,9000 -113.17,48.21,9000 -113.11,48.16,9000 -113.04,48.11,9000 -112.98,48.06,9000 -112.93,48.01,9000 -112.90,47.95,9000 -112.89,47.89,9000 -112.89,47.83,9000 -112.91,47.76,9000 -112.93,47.70,9000 -112.95,47.64,9000 -112.95,47.58,9000 -112.93,47.51,9000 -112.90,47.44,9000 -112.87,47.37,9000 -112.85,47.31,9000 -112.86,47.27,9000 -112.91,47.24,9000 -112.99,47.23,9000 -113.09,47.23,9000 -113.20,47.24,9000 -113.28,47.25,9000 -113.38,47.27,9000 -113.48,47.29,9000 -113.57,47.31,9000 -113.66,47.34,9000 -113.72,47.37,9000 -113.77,47.42,9000 -113.79,47.48,9000 -113.80,47.55,9000 -113.80,47.61,9000 -113.80,47.67,9000 -113.79,47.73,9000 -113.78,47.80,9000 -113.78,47.87,9000 -113.79,47.93,9000 -113.79,48.00,9000 -113.81,48.06,9000 -113.82,48.13,9000 -113.83,48.19,9000 -113.84,48.25,9000 -113.85,48.31,9000 -113.86,48.37,9000 -113.87,48.43,9000 -113.89,48.48,9000 -113.91,48.54,9000 -113.94,48.59,9000 -113.97,48.64,9000 -114.01,48.69,9000 -114.07,48.73,9000 -114.15,48.76,9000 -114.23,48.79,9000 -114.29,48.82,9000 -114.35,48.87,9000 -114.39,48.92,9000 -114.42,48.98,9000 -114.28,49.10,9000 
          </coordinates>
        </LinearRing>
      </innerBoundaryIs>
      <innerBoundaryIs>
        <LinearRing>
          <coordinates>
-118.70,51.25,9000 -118.59,51.30,9000 -118.47,51.34,9000 -118.35,51.37,9000 -118.24,51.39,9000 -118.13,51.40,9000 -117.97,51.41,9000 -117.84,51.42,9000 -117.69,51.44,9000 -117.52,51.46,9000 -117.35,51.47,9000 -117.19,51.49,9000 -117.03,51.51,9000 -116.86,51.53,9000 -116.70,51.55,9000 -116.56,51.56,9000 -116.43,51.57,9000 -116.27,51.57,9000 -116.16,51.57,9000 -116.08,51.55,9000 -116.01,51.51,9000 -115.98,51.45,9000 -115.94,51.38,9000 -116.02,51.32,9000 -116.15,51.30,9000 -116.34,51.29,9000 -116.55,51.28,9000 -116.74,51.26,9000 -116.87,51.23,9000 -116.94,51.16,9000 -116.91,51.06,9000 -116.87,50.99,9000 -116.84,50.95,9000 -116.77,50.90,9000 -116.70,50.84,9000 -116.61,50.76,9000 -116.51,50.66,9000 -116.43,50.57,9000 -116.38,50.49,9000 -116.33,50.40,9000 -116.29,50.31,9000 -116.25,50.22,9000 -116.22,50.15,9000 -116.19,50.06,9000 -116.17,49.99,9000 -116.16,49.92,9000 -116.17,49.83,9000 -116.19,49.74,9000 -116.19,49.65,9000 -116.16,49.56,9000 -116.11,49.48,9000 -116.06,49.41,9000 -115.97,49.34,9000 -115.86,49.28,9000 -115.75,49.21,9000 -115.63,49.12,9000 -115.53,49.04,9000 -115.47,48.96,9000 -115.44,48.88,9000 -115.42,48.81,9000 -115.42,48.74,9000 -115.46,48.69,9000 -115.59,48.66,9000 -115.75,48.66,9000 -115.87,48.70,9000 -115.99,48.79,9000 -116.06,48.87,9000 -116.13,48.96,9000 -116.20,49.06,9000 -116.26,49.13,9000 -116.36,49.19,9000 -116.45,49.20,9000 -116.55,49.21,9000 -116.64,49.19,9000 -116.71,49.15,9000 -116.75,49.09,9000 -116.72,49.02,9000 -116.67,48.93,9000 -116.64,48.85,9000 -116.66,48.75,9000 -116.73,48.69,9000 -116.86,48.69,9000 -117.01,48.72,9000 -117.10,48.74,9000 -117.20,48.87,9000 -117.23,48.94,9000 -117.26,49.02,9000 -117.29,49.12,9000 -117.32,49.23,9000 -117.36,49.35,9000 -117.39,49.46,9000 -117.42,49.58,9000 -117.45,49.68,9000 -117.47,49.77,9000 -117.49,49.84,9000 -117.50,49.98,9000 -117.46,50.03,9000 -117.45,50.09,9000 -117.48,50.17,9000 -117.52,50.25,9000 -117.57,50.32,9000 -117.64,50.41,9000 -117.72,50.48,9000 -117.86,50.55,9000 -118.00,50.59,9000 -118.09,50.56,9000 -118.16,50.51,9000 -118.26,50.51,9000 -118.36,50.52,9000 -118.51,50.56,9000 -118.57,50.63,9000 -118.63,50.71,9000 -118.67,50.80,9000 -118.69,50.88,9000 -118.71,50.96,9000 -118.71,51.04,9000 -118.70,51.25,9000 
          </coordinates>
        </LinearRing>
      </innerBoundaryIs>
  </Polygon>
 </MultiGeometry>
</Placemark>
<Placemark>
  <name>70%</name>
  <visibility>1</visibility>
  <styleUrl>#poly_70</styleUrl>
  <MultiGeometry>
    <Polygon>
      <outerBoundaryIs>
        <LinearRing>
          <coordinates>
-123.65,47.90,8000 -123.63,47.90,8000 -123.61,47.91,8000 -123.59,47.91,8000 -123.57,47.91,8000 -123.55,47.91,8000 -123.54,47.91,8000 -123.52,47.92,8000 -123.50,47.92,8000 -123.49,47.92,8000 -123.47,47.92,8000 -123.46,47.92,8000 -123.44,47.93,8000 -123.43,47.93,8000 -123.42,47.93,8000 -123.41,47.93,8000 -123.39,47.94,8000 -123.38,47.93,8000 -123.37,47.93,8000 -123.36,47.92,8000 -123.35,47.91,8000 -123.34,47.91,8000 -123.33,47.90,8000 -123.31,47.89,8000 -123.30,47.89,8000 -123.29,47.88,8000 -123.27,47.87,8000 -123.26,47.86,8000 -123.24,47.85,8000 -123.23,47.84,8000 -123.22,47.83,8000 -123.20,47.82,8000 -123.19,47.81,8000 -123.19,47.81,8000 -123.18,47.80,8000 -123.17,47.79,8000 -123.17,47.78,8000 -123.17,47.77,8000 -123.17,47.76,8000 -123.17,47.75,8000 -123.18,47.74,8000 -123.18,47.73,8000 -123.19,47.72,8000 -123.20,47.70,8000 -123.21,47.69,8000 -123.22,47.68,8000 -123.23,47.67,8000 -123.24,47.66,8000 -123.26,47.65,8000 -123.27,47.65,8000 -123.28,47.64,8000 -123.30,47.63,8000 -123.31,47.63,8000 -123.32,47.63,8000 -123.34,47.63,8000 -123.35,47.63,8000 -123.37,47.63,8000 -123.39,47.63,8000 -123.40,47.63,8000 -123.42,47.63,8000 -123.44,47.64,8000 -123.46,47.64,8000 -123.48,47.64,8000 -123.49,47.65,8000 -123.51,47.65,8000 -123.53,47.66,8000 -123.54,47.66,8000 -123.56,47.66,8000 -123.57,47.67,8000 -123.58,47.67,8000 -123.60,47.68,8000 -123.62,47.68,8000 -123.63,47.68,8000 -123.63,47.69,8000 -123.64,47.70,8000 -123.64,47.71,8000 -123.65,47.72,8000 -123.65,47.73,8000 -123.66,47.74,8000 -123.66,47.74,8000 -123.66,47.75,8000 -123.66,47.76,8000 -123.66,47.77,8000 -123.66,47.78,8000 -123.67,47.80,8000 -123.67,47.81,8000 -123.67,47.82,8000 -123.67,47.83,8000 -123.67,47.84,8000 -123.67,47.86,8000 -123.67,47.87,8000 -123.67,47.88,8000 -123.65,47.90,8000 
          </coordinates>
        </LinearRing>
      </outerBoundaryIs>
  </Polygon>
 </MultiGeometry>
</Placemark>
<Placemark>
  <name>70%</name>
  <visibility>1</visibility>
  <styleUrl>#poly_70</styleUrl>
  <MultiGeometry>
    <Polygon>
      <outerBoundaryIs>
        <LinearRing>
          <coordinates>
-126.53,50.24,8000 -126.48,50.25,8000 -126.43,50.27,8000 -126.38,50.28,8000 -126.33,50.29,8000 -126.29,50.29,8000 -126.24,50.28,8000 -126.19,50.27,8000 -126.15,50.25,8000 -126.11,50.24,8000 -126.06,50.22,8000 -126.03,50.21,8000 -125.99,50.19,8000 -125.96,50.17,8000 -125.93,50.14,8000 -125.89,50.11,8000 -125.86,50.09,8000 -125.83,50.06,8000 -125.79,50.04,8000 -125.75,50.01,8000 -125.72,49.99,8000 -125.69,49.97,8000 -125.66,49.95,8000 -125.63,49.93,8000 -125.60,49.91,8000 -125.56,49.89,8000 -125.52,49.86,8000 -125.48,49.83,8000 -125.45,49.81,8000 -125.41,49.78,8000 -125.38,49.75,8000 -125.34,49.73,8000 -125.31,49.71,8000 -125.29,49.69,8000 -125.28,49.68,8000 -125.26,49.66,8000 -125.24,49.63,8000 -125.21,49.60,8000 -125.18,49.57,8000 -125.17,49.54,8000 -125.16,49.51,8000 -125.17,49.48,8000 -125.20,49.45,8000 -125.23,49.43,8000 -125.26,49.41,8000 -125.30,49.39,8000 -125.34,49.37,8000 -125.39,49.36,8000 -125.43,49.35,8000 -125.47,49.35,8000 -125.52,49.36,8000 -125.57,49.37,8000 -125.62,49.38,8000 -125.66,49.39,8000 -125.70,49.40,8000 -125.74,49.41,8000 -125.77,49.42,8000 -125.80,49.44,8000 -125.83,49.46,8000 -125.87,49.48,8000 -125.90,49.51,8000 -125.94,49.54,8000 -125.97,49.56,8000 -126.00,49.58,8000 -126.03,49.60,8000 -126.04,49.61,8000 -126.06,49.63,8000 -126.08,49.66,8000 -126.11,49.70,8000 -126.15,49.73,8000 -126.19,49.75,8000 -126.23,49.77,8000 -126.28,49.80,8000 -126.32,49.82,8000 -126.36,49.84,8000 -126.39,49.85,8000 -126.40,49.86,8000 -126.42,49.88,8000 -126.46,49.91,8000 -126.50,49.94,8000 -126.53,49.97,8000 -126.56,50.00,8000 -126.58,50.03,8000 -126.59,50.07,8000 -126.60,50.10,8000 -126.61,50.13,8000 -126.61,50.17,8000 -126.53,50.24,8000 
          </coordinates>
        </LinearRing>
      </outerBoundaryIs>
      <innerBoundaryIs>
        <LinearRing>
          <coordinates>
-126.26,50.23,9000 -126.24,50.22,9000 -126.21,50.21,9000 -126.17,50.19,9000 -126.12,50.17,9000 -126.08,50.16,9000 -126.03,50.14,9000 -125.99,50.12,9000 -125.96,50.11,9000 -125.94,50.10,9000 -125.92,50.08,9000 -125.90,50.06,9000 -125.87,50.03,9000 -125.84,50.00,9000 -125.81,49.97,9000 -125.78,49.95,9000 -125.75,49.93,9000 -125.72,49.91,9000 -125.68,49.89,9000 -125.65,49.88,9000 -125.62,49.86,9000 -125.60,49.85,9000 -125.57,49.84,9000 -125.55,49.82,9000 -125.53,49.80,9000 -125.50,49.78,9000 -125.47,49.75,9000 -125.44,49.72,9000 -125.41,49.70,9000 -125.39,49.67,9000 -125.37,49.64,9000 -125.34,49.62,9000 -125.32,49.59,9000 -125.30,49.57,9000 -125.29,49.54,9000 -125.29,49.52,9000 -125.30,49.49,9000 -125.33,49.47,9000 -125.37,49.45,9000 -125.41,49.43,9000 -125.45,49.42,9000 -125.49,49.42,9000 -125.53,49.42,9000 -125.58,49.43,9000 -125.63,49.43,9000 -125.68,49.45,9000 -125.72,49.46,9000 -125.75,49.47,9000 -125.78,49.49,9000 -125.81,49.51,9000 -125.83,49.53,9000 -125.86,49.56,9000 -125.88,49.58,9000 -125.91,49.60,9000 -125.94,49.62,9000 -125.97,49.65,9000 -126.01,49.68,9000 -126.04,49.70,9000 -126.06,49.72,9000 -126.08,49.74,9000 -126.09,49.74,9000 -126.11,49.75,9000 -126.13,49.77,9000 -126.16,49.79,9000 -126.20,49.81,9000 -126.23,49.84,9000 -126.26,49.86,9000 -126.29,49.88,9000 -126.32,49.90,9000 -126.35,49.93,9000 -126.38,49.95,9000 -126.40,49.97,9000 -126.42,49.99,9000 -126.44,50.00,9000 -126.46,50.02,9000 -126.46,50.05,9000 -126.45,50.07,9000 -126.43,50.08,9000 -126.41,50.11,9000 -126.39,50.13,9000 -126.36,50.16,9000 -126.34,50.18,9000 -126.31,50.21,9000 -126.26,50.23,9000 
          </coordinates>
        </LinearRing>
      </innerBoundaryIs>
  </Polygon>
 </MultiGeometry>
</Placemark>
<Placemark>
  <name>70%</name>
  <visibility>1</visibility>
  <styleUrl>#poly_70</styleUrl>
  <MultiGeometry>
    <Polygon>
      <outerBoundaryIs>
        <LinearRing>
          <coordinates>
-116.42,45.23,8000 -116.33,45.25,8000 -116.24,45.27,8000 -116.15,45.28,8000 -116.07,45.29,8000 -115.99,45.29,8000 -115.93,45.29,8000 -115.85,45.28,8000 -115.77,45.27,8000 -115.69,45.26,8000 -115.60,45.24,8000 -115.50,45.22,8000 -115.42,45.19,8000 -115.34,45.15,8000 -115.29,45.11,8000 -115.25,45.05,8000 -115.21,44.99,8000 -115.17,44.93,8000 -115.14,44.88,8000 -115.10,44.83,8000 -115.04,44.77,8000 -114.99,44.73,8000 -114.93,44.69,8000 -114.87,44.66,8000 -114.79,44.64,8000 -114.71,44.63,8000 -114.63,44.62,8000 -114.57,44.58,8000 -114.55,44.53,8000 -114.53,44.47,8000 -114.52,44.40,8000 -114.52,44.33,8000 -114.51,44.26,8000 -114.49,44.20,8000 -114.46,44.14,8000 -114.41,44.09,8000 -114.37,44.04,8000 -114.32,44.00,8000 -114.29,43.96,8000 -114.24,43.90,8000 -114.21,43.85,8000 -114.19,43.81,8000 -114.18,43.76,8000 -114.24,43.70,8000 -114.29,43.67,8000 -114.35,43.64,8000 -114.42,43.61,8000 -114.51,43.57,8000 -114.59,43.54,8000 -114.68,43.51,8000 -114.76,43.49,8000 -114.83,43.48,8000 -114.92,43.48,8000 -115.01,43.48,8000 -115.10,43.50,8000 -115.19,43.52,8000 -115.27,43.56,8000 -115.34,43.60,8000 -115.39,43.64,8000 -115.43,43.70,8000 -115.47,43.76,8000 -115.51,43.82,8000 -115.54,43.89,8000 -115.58,43.95,8000 -115.61,44.02,8000 -115.64,44.07,8000 -115.68,44.13,8000 -115.71,44.19,8000 -115.75,44.24,8000 -115.78,44.30,8000 -115.81,44.35,8000 -115.85,44.40,8000 -115.89,44.45,8000 -115.94,44.51,8000 -115.98,44.56,8000 -116.03,44.61,8000 -116.08,44.67,8000 -116.13,44.72,8000 -116.18,44.77,8000 -116.23,44.82,8000 -116.28,44.88,8000 -116.33,44.93,8000 -116.38,44.98,8000 -116.43,45.03,8000 -116.42,45.23,8000 
          </coordinates>
        </LinearRing>
      </outerBoundaryIs>
      <innerBoundaryIs>
        <LinearRing>
          <coordinates>
-116.17,45.21,9000 -116.09,45.22,9000 -116.01,45.23,9000 -115.93,45.22,9000 -115.86,45.20,9000 -115.80,45.18,9000 -115.73,45.16,9000 -115.66,45.13,9000 -115.59,45.11,9000 -115.52,45.09,9000 -115.46,45.06,9000 -115.40,45.03,9000 -115.35,44.98,9000 -115.31,44.92,9000 -115.28,44.86,9000 -115.24,44.81,9000 -115.20,44.76,9000 -115.17,44.72,9000 -115.13,44.68,9000 -115.07,44.64,9000 -115.00,44.62,9000 -114.92,44.60,9000 -114.83,44.58,9000 -114.75,44.56,9000 -114.69,44.52,9000 -114.66,44.48,9000 -114.64,44.42,9000 -114.63,44.36,9000 -114.62,44.30,9000 -114.61,44.24,9000 -114.59,44.19,9000 -114.56,44.14,9000 -114.52,44.10,9000 -114.49,44.07,9000 -114.45,44.03,9000 -114.41,43.99,9000 -114.37,43.95,9000 -114.33,43.91,9000 -114.31,43.87,9000 -114.32,43.82,9000 -114.35,43.77,9000 -114.40,43.73,9000 -114.45,43.70,9000 -114.50,43.67,9000 -114.56,43.64,9000 -114.62,43.61,9000 -114.69,43.58,9000 -114.76,43.56,9000 -114.84,43.55,9000 -114.92,43.55,9000 -115.00,43.55,9000 -115.09,43.57,9000 -115.15,43.59,9000 -115.21,43.63,9000 -115.27,43.66,9000 -115.33,43.70,9000 -115.37,43.74,9000 -115.40,43.78,9000 -115.42,43.82,9000 -115.43,43.86,9000 -115.45,43.92,9000 -115.48,43.97,9000 -115.51,44.03,9000 -115.54,44.09,9000 -115.58,44.15,9000 -115.61,44.20,9000 -115.64,44.25,9000 -115.68,44.31,9000 -115.71,44.35,9000 -115.76,44.41,9000 -115.80,44.46,9000 -115.84,44.51,9000 -115.89,44.57,9000 -115.94,44.63,9000 -115.98,44.68,9000 -116.02,44.73,9000 -116.07,44.80,9000 -116.10,44.84,9000 -116.14,44.89,9000 -116.19,44.94,9000 -116.24,44.99,9000 -116.30,45.04,9000 -116.17,45.21,9000 
          </coordinates>
        </LinearRing>
      </innerBoundaryIs>
  </Polygon>
 </MultiGeometry>
</Placemark>
<Placemark>
  <name>70%</name>
  <visibility>1</visibility>
  <styleUrl>#poly_70</styleUrl>
  <MultiGeometry>
    <Polygon>
      <outerBoundaryIs>
        <LinearRing>
          <coordinates>
-113.65,46.07,8000 -113.63,46.08,8000 -113.62,46.08,8000 -113.60,46.09,8000 -113.58,46.09,8000 -113.57,46.10,8000 -113.55,46.10,8000 -113.53,46.11,8000 -113.52,46.11,8000 -113.50,46.12,8000 -113.49,46.12,8000 -113.47,46.12,8000 -113.46,46.13,8000 -113.45,46.13,8000 -113.43,46.13,8000 -113.42,46.13,8000 -113.41,46.13,8000 -113.39,46.13,8000 -113.38,46.12,8000 -113.36,46.12,8000 -113.35,46.11,8000 -113.34,46.10,8000 -113.33,46.09,8000 -113.32,46.08,8000 -113.31,46.07,8000 -113.30,46.06,8000 -113.29,46.05,8000 -113.29,46.04,8000 -113.29,46.03,8000 -113.29,46.02,8000 -113.29,46.01,8000 -113.29,46.00,8000 -113.29,45.98,8000 -113.30,45.97,8000 -113.30,45.96,8000 -113.30,45.95,8000 -113.31,45.93,8000 -113.31,45.92,8000 -113.32,45.91,8000 -113.32,45.90,8000 -113.32,45.89,8000 -113.33,45.88,8000 -113.33,45.87,8000 -113.33,45.85,8000 -113.34,45.84,8000 -113.34,45.83,8000 -113.34,45.82,8000 -113.35,45.82,8000 -113.36,45.82,8000 -113.37,45.82,8000 -113.38,45.82,8000 -113.40,45.83,8000 -113.41,45.83,8000 -113.43,45.84,8000 -113.44,45.84,8000 -113.46,45.85,8000 -113.47,45.85,8000 -113.49,45.86,8000 -113.50,45.86,8000 -113.51,45.87,8000 -113.53,45.88,8000 -113.54,45.88,8000 -113.56,45.89,8000 -113.57,45.89,8000 -113.59,45.90,8000 -113.60,45.91,8000 -113.61,45.91,8000 -113.62,45.92,8000 -113.63,45.93,8000 -113.64,45.94,8000 -113.64,45.95,8000 -113.65,45.96,8000 -113.65,45.97,8000 -113.66,45.98,8000 -113.66,45.99,8000 -113.66,46.00,8000 -113.66,46.01,8000 -113.65,46.07,8000 
          </coordinates>
        </LinearRing>
      </outerBoundaryIs>
  </Polygon>
 </MultiGeometry>
</Placemark>
<Placemark>
  <name>70%</name>
  <visibility>1</visibility>
  <styleUrl>#poly_70</styleUrl>
  <MultiGeometry>
    <Polygon>
      <outerBoundaryIs>
        <LinearRing>
          <coordinates>
-110.31,45.28,8000 -110.17,45.32,8000 -110.05,45.33,8000 -109.98,45.32,8000 -109.90,45.27,8000 -109.79,45.21,8000 -109.65,45.14,8000 -109.55,45.06,8000 -109.51,44.99,8000 -109.50,44.92,8000 -109.52,44.84,8000 -109.56,44.76,8000 -109.61,44.67,8000 -109.66,44.58,8000 -109.70,44.50,8000 -109.71,44.41,8000 -109.67,44.32,8000 -109.62,44.24,8000 -109.54,44.15,8000 -109.48,44.05,8000 -109.45,43.96,8000 -109.48,43.88,8000 -109.55,43.81,8000 -109.62,43.73,8000 -109.68,43.67,8000 -109.74,43.56,8000 -109.75,43.47,8000 -109.71,43.40,8000 -109.63,43.33,8000 -109.56,43.26,8000 -109.48,43.18,8000 -109.41,43.10,8000 -109.36,43.02,8000 -109.36,42.92,8000 -109.41,42.86,8000 -109.51,42.86,8000 -109.66,42.90,8000 -109.79,42.93,8000 -109.93,42.96,8000 -110.06,42.98,8000 -110.19,42.95,8000 -110.28,42.89,8000 -110.34,42.83,8000 -110.39,42.74,8000 -110.44,42.65,8000 -110.50,42.54,8000 -110.57,42.46,8000 -110.68,42.43,8000 -110.81,42.43,8000 -110.91,42.45,8000 -110.97,42.50,8000 -111.02,42.57,8000 -111.04,42.65,8000 -111.03,42.72,8000 -111.01,42.79,8000 -111.01,42.87,8000 -111.04,42.95,8000 -111.09,43.04,8000 -111.14,43.13,8000 -111.18,43.21,8000 -111.22,43.31,8000 -111.24,43.39,8000 -111.24,43.49,8000 -111.21,43.57,8000 -111.16,43.66,8000 -111.11,43.75,8000 -111.07,43.83,8000 -111.04,43.92,8000 -111.04,43.99,8000 -111.05,44.07,8000 -111.11,44.15,8000 -111.19,44.23,8000 -111.24,44.33,8000 -111.25,44.42,8000 -111.25,44.53,8000 -111.23,44.63,8000 -111.21,44.71,8000 -111.15,44.79,8000 -111.05,44.82,8000 -110.95,44.82,8000 -110.83,44.81,8000 -110.72,44.81,8000 -110.58,44.83,8000 -110.47,44.87,8000 -110.42,44.93,8000 -110.40,45.00,8000 -110.31,45.28,8000 
          </coordinates>
        </LinearRing>
      </outerBoundaryIs>
      <innerBoundaryIs>
        <LinearRing>
          <coordinates>
-110.07,45.27,9000 -109.95,45.22,9000 -109.84,45.17,9000 -109.75,45.12,9000 -109.68,45.07,9000 -109.62,44.97,9000 -109.62,44.87,9000 -109.64,44.79,9000 -109.68,44.71,9000 -109.72,44.63,9000 -109.76,44.54,9000 -109.80,44.46,9000 -109.81,44.37,9000 -109.76,44.28,9000 -109.68,44.20,9000 -109.61,44.12,9000 -109.56,44.01,9000 -109.55,43.92,9000 -109.57,43.86,9000 -109.64,43.80,9000 -109.73,43.74,9000 -109.84,43.66,9000 -109.90,43.58,9000 -109.88,43.50,9000 -109.80,43.41,9000 -109.72,43.32,9000 -109.63,43.24,9000 -109.54,43.16,9000 -109.47,43.09,9000 -109.44,42.97,9000 -109.49,42.90,9000 -109.58,42.92,9000 -109.71,42.96,9000 -109.85,43.02,9000 -109.95,43.05,9000 -110.04,43.07,9000 -110.11,43.04,9000 -110.21,42.99,9000 -110.32,42.91,9000 -110.41,42.84,9000 -110.47,42.77,9000 -110.52,42.69,9000 -110.56,42.63,9000 -110.63,42.57,9000 -110.71,42.54,9000 -110.80,42.56,9000 -110.88,42.61,9000 -110.90,42.70,9000 -110.89,42.80,9000 -110.88,42.88,9000 -110.90,42.98,9000 -110.94,43.05,9000 -111.00,43.14,9000 -111.06,43.22,9000 -111.10,43.30,9000 -111.13,43.38,9000 -111.13,43.45,9000 -111.13,43.51,9000 -111.11,43.60,9000 -111.07,43.70,9000 -111.03,43.77,9000 -110.98,43.85,9000 -110.93,43.93,9000 -110.92,44.01,9000 -110.95,44.09,9000 -111.02,44.17,9000 -111.09,44.25,9000 -111.14,44.32,9000 -111.17,44.40,9000 -111.18,44.47,9000 -111.16,44.53,9000 -111.11,44.60,9000 -111.04,44.66,9000 -110.97,44.71,9000 -110.84,44.72,9000 -110.74,44.73,9000 -110.61,44.73,9000 -110.47,44.74,9000 -110.07,45.27,9000 
          </coordinates>
        </LinearRing>
      </innerBoundaryIs>
  </Polygon>
 </MultiGeometry>
</Placemark>
<Placemark>
  <name>70%</name>
  <visibility>1</visibility>
  <styleUrl>#poly_70</styleUrl>
  <MultiGeometry>
    <Polygon>
      <outerBoundaryIs>
        <LinearRing>
          <coordinates>
-94.74,51.55,8000 -93.81,51.54,8000 -93.41,51.52,8000 -93.00,51.45,8000 -92.39,51.37,8000 -91.82,51.36,8000 -91.36,51.34,8000 -91.05,51.25,8000 -90.12,50.99,8000 -89.38,50.85,8000 -88.65,50.73,8000 -88.27,50.63,8000 -88.02,50.48,8000 -87.82,50.04,8000 -87.60,49.80,8000 -87.37,49.70,8000 -86.71,49.44,8000 -86.38,49.24,8000 -86.21,49.04,8000 -85.85,48.59,8000 -85.54,48.45,8000 -85.11,48.36,8000 -84.73,48.27,8000 -84.33,48.08,8000 -84.06,47.90,8000 -83.61,47.75,8000 -83.33,47.62,8000 -82.91,47.60,8000 -82.11,47.71,8000 -81.41,47.96,8000 -80.96,47.98,8000 -80.51,47.88,8000 -79.79,47.66,8000 -79.44,47.47,8000 -79.29,47.29,8000 -79.38,47.03,8000 -79.80,47.13,8000 -80.19,47.04,8000 -80.32,46.79,8000 -80.30,46.50,8000 -80.00,46.33,8000 -79.70,46.19,8000 -79.58,46.09,8000 -79.61,45.93,8000 -79.72,45.72,8000 -79.68,45.58,8000 -79.42,45.32,8000 -78.88,45.00,8000 -78.45,44.86,8000 -77.99,44.85,8000 -77.53,44.50,8000 -77.22,44.35,8000 -76.93,44.17,8000 -76.66,43.62,8000 -76.19,43.38,8000 -75.85,43.20,8000 -75.64,43.16,8000 -75.22,43.16,8000 -74.83,43.29,8000 -74.63,43.41,8000 -74.25,43.55,8000 -73.83,43.62,8000 -73.45,43.63,8000 -73.16,43.85,8000 -72.98,44.06,8000 -72.68,44.17,8000 -72.18,44.06,8000 -71.88,44.14,8000 -71.65,44.31,8000 -71.36,44.46,8000 -71.01,44.53,8000 -70.77,44.69,8000 -70.68,44.88,8000 -70.63,45.10,8000 -70.47,45.31,8000 -70.06,45.44,8000 -69.79,45.58,8000 -69.57,45.85,8000 -69.15,46.35,8000 -68.71,46.83,8000 -68.43,46.94,8000 -68.11,46.96,8000 -67.66,46.98,8000 -67.46,47.01,8000 -67.35,47.17,8000 -67.39,47.50,8000 -67.33,47.78,8000 -67.03,47.96,8000 -66.66,48.07,8000 -66.32,48.12,8000 -65.84,48.08,8000 -65.64,48.13,8000 -65.60,48.30,8000 -65.77,48.50,8000 -66.16,48.62,8000 -66.71,48.63,8000 -66.96,48.64,8000 -67.23,48.76,8000 -67.24,48.91,8000 -67.13,49.06,8000 -66.96,49.20,8000 -66.64,49.48,8000 -66.37,49.60,8000 -65.92,49.58,8000 -65.60,49.48,8000 -64.91,49.19,8000 -64.30,48.94,8000 -63.75,48.69,8000 -63.45,48.47,8000 -63.30,48.26,8000 -63.08,48.06,8000 -62.64,47.85,8000 -62.41,47.74,8000 -62.25,47.62,8000 -62.18,47.42,8000 -62.40,46.75,8000 -62.62,46.12,8000 -62.84,45.48,8000 -62.98,45.07,8000 -63.10,44.75,8000 -63.37,44.25,8000 -63.61,43.96,8000 -63.89,43.80,8000 -64.35,43.49,8000 -65.00,43.19,8000 -65.49,43.00,8000 -66.24,42.82,8000 -66.92,42.71,8000 -67.78,42.50,8000 -68.59,42.30,8000 -68.86,42.24,8000 -69.18,42.11,8000 -69.58,41.73,8000 -69.69,41.56,8000 -69.83,41.21,8000 -70.03,41.01,8000 -70.28,40.87,8000 -70.74,40.63,8000 -71.33,40.34,8000 -72.01,40.07,8000 -72.63,39.83,8000 -73.16,39.55,8000 -73.59,39.22,8000 -74.13,38.88,8000 -74.54,38.52,8000 -74.96,38.00,8000 -75.17,37.80,8000 -75.42,37.65,8000 -75.72,37.62,8000 -75.92,37.73,8000 -76.11,37.91,8000 -76.20,38.02,8000 -76.30,37.93,8000 -76.51,37.59,8000 -76.78,37.58,8000 -77.07,37.81,8000 -77.16,38.03,8000 -77.07,38.24,8000 -77.09,38.41,8000 -77.38,38.69,8000 -77.91,38.74,8000 -78.28,38.82,8000 -78.42,38.98,8000 -78.58,39.17,8000 -78.66,39.53,8000 -78.97,39.44,8000 -79.10,39.13,8000 -79.25,38.74,8000 -79.41,38.55,8000 -79.89,38.28,8000 -80.41,37.98,8000 -80.85,37.61,8000 -81.07,37.39,8000 -81.28,37.07,8000 -81.55,36.58,8000 -81.65,36.37,8000 -81.88,36.13,8000 -82.34,35.94,8000 -82.61,35.98,8000 -82.42,36.16,8000 -82.20,36.34,8000 -82.09,36.55,8000 -82.12,36.76,8000 -82.36,36.99,8000 -82.69,37.05,8000 -82.52,37.11,8000 -82.22,37.40,8000 -82.08,37.71,8000 -81.89,38.08,8000 -81.54,38.43,8000 -81.13,38.81,8000 -80.69,39.28,8000 -80.29,39.70,8000 -79.93,40.10,8000 -79.73,40.39,8000 -79.69,40.55,8000 -79.81,40.75,8000 -80.18,40.93,8000 -80.45,41.02,8000 -80.89,41.06,8000 -81.52,40.88,8000 -81.89,40.75,8000 -82.17,40.58,8000 -82.49,40.43,8000 -82.75,40.42,8000 -82.99,40.56,8000 -83.21,40.78,8000 -83.28,40.94,8000 -83.24,41.13,8000 -82.95,41.36,8000 -82.61,41.49,8000 -82.42,41.72,8000 -82.31,41.97,8000 -82.34,42.07,8000 -82.72,42.54,8000 -82.91,42.63,8000 -83.27,42.61,8000 -83.59,42.56,8000 -83.90,42.63,8000 -84.09,42.94,8000 -84.11,43.12,8000 -84.25,43.52,8000 -84.54,43.70,8000 -84.79,43.69,8000 -85.00,43.62,8000 -85.25,43.50,8000 -85.85,43.27,8000 -86.09,43.11,8000 -86.19,42.94,8000 -86.19,42.76,8000 -85.94,42.15,8000 -86.00,41.75,8000 -86.12,41.45,8000 -86.45,41.26,8000 -86.77,41.27,8000 -86.96,41.40,8000 -87.07,41.59,8000 -87.06,41.98,8000 -87.09,42.69,8000 -87.17,43.32,8000 -87.25,43.89,8000 -87.32,44.19,8000 -87.46,44.42,8000 -87.76,44.75,8000 -87.98,44.94,8000 -88.30,45.07,8000 -89.11,45.18,8000 -89.56,45.29,8000 -89.93,45.44,8000 -90.52,45.67,8000 -91.19,45.99,8000 -91.58,46.36,8000 -91.81,46.86,8000 -92.11,46.98,8000 -92.33,47.14,8000 -92.84,47.51,8000 -93.53,48.03,8000 -94.17,48.60,8000 -94.71,49.27,8000 -95.19,49.99,8000 -95.54,50.55,8000 -95.61,50.99,8000 -95.67,51.19,8000 -95.48,51.32,8000 -94.98,51.51,8000 -94.74,51.55,8000 
          </coordinates>
        </LinearRing>
      </outerBoundaryIs>
      <innerBoundaryIs>
        <LinearRing>
          <coordinates>
-66.06,49.56,9000 -65.83,49.50,9000 -65.47,49.34,9000 -64.76,49.05,9000 -64.01,48.73,9000 -63.56,48.44,9000 -63.20,48.04,9000 -62.43,47.67,9000 -62.28,47.45,9000 -62.35,47.13,9000 -62.57,46.54,9000 -62.80,45.87,9000 -63.01,45.23,9000 -63.16,44.84,9000 -63.37,44.40,9000 -63.55,44.13,9000 -63.85,43.96,9000 -64.33,43.65,9000 -64.64,43.44,9000 -64.95,43.31,9000 -65.54,43.09,9000 -66.13,42.96,9000 -66.79,42.86,9000 -67.58,42.71,9000 -68.31,42.57,9000 -68.97,42.42,9000 -69.27,42.27,9000 -69.50,42.04,9000 -69.67,41.84,9000 -69.87,41.50,9000 -69.96,41.28,9000 -70.20,41.04,9000 -70.71,40.77,9000 -71.21,40.51,9000 -71.80,40.23,9000 -72.47,39.98,9000 -73.12,39.69,9000 -73.68,39.32,9000 -74.20,38.94,9000 -74.62,38.60,9000 -74.99,38.13,9000 -75.33,37.81,9000 -75.69,37.75,9000 -75.94,37.97,9000 -76.17,38.23,9000 -76.42,38.40,9000 -76.65,38.35,9000 -76.83,38.40,9000 -77.01,38.69,9000 -77.16,38.91,9000 -77.42,39.02,9000 -77.63,39.07,9000 -77.83,39.04,9000 -78.03,39.24,9000 -78.28,39.37,9000 -78.26,39.51,9000 -78.39,39.68,9000 -78.64,39.74,9000 -78.92,39.62,9000 -79.12,39.38,9000 -79.36,38.81,9000 -79.54,38.56,9000 -79.79,38.41,9000 -80.29,38.13,9000 -80.74,37.80,9000 -81.14,37.44,9000 -81.32,37.13,9000 -81.60,36.81,9000 -81.77,36.62,9000 -81.82,36.26,9000 -82.11,36.12,9000 -82.12,36.30,9000 -81.97,36.45,9000 -81.87,36.74,9000 -82.09,36.98,9000 -82.12,37.15,9000 -82.05,37.32,9000 -81.89,37.86,9000 -81.64,38.17,9000 -81.39,38.40,9000 -81.01,38.76,9000 -80.61,39.14,9000 -80.17,39.56,9000 -79.79,40.06,9000 -79.47,40.54,9000 -79.43,40.77,9000 -79.60,41.04,9000 -80.19,41.16,9000 -80.58,41.25,9000 -81.03,41.23,9000 -81.63,40.99,9000 -82.21,40.74,9000 -82.49,40.60,9000 -82.75,40.62,9000 -83.00,40.90,9000 -82.88,41.19,9000 -82.31,41.44,9000 -81.74,41.75,9000 -81.40,41.88,9000 -81.11,41.93,9000 -80.75,42.06,9000 -80.46,42.22,9000 -79.84,42.50,9000 -79.71,42.64,9000 -79.79,42.86,9000 -80.03,42.94,9000 -80.62,42.80,9000 -81.37,42.70,9000 -81.96,42.49,9000 -82.12,42.51,9000 -82.44,42.70,9000 -82.66,42.87,9000 -82.86,42.93,9000 -83.14,42.90,9000 -83.42,42.85,9000 -83.63,42.92,9000 -83.75,43.22,9000 -83.80,43.49,9000 -83.77,43.89,9000 -84.03,44.08,9000 -84.28,44.11,9000 -84.56,44.08,9000 -85.19,43.84,9000 -85.71,43.60,9000 -86.22,43.28,9000 -86.45,42.94,9000 -86.43,42.56,9000 -86.27,42.38,9000 -86.08,42.01,9000 -86.22,41.60,9000 -86.46,41.38,9000 -86.78,41.38,9000 -86.93,41.54,9000 -86.89,42.14,9000 -86.86,42.52,9000 -86.89,42.85,9000 -87.00,43.35,9000 -87.12,43.86,9000 -87.16,44.26,9000 -87.28,44.55,9000 -87.71,45.08,9000 -87.90,45.25,9000 -88.29,45.39,9000 -89.17,45.45,9000 -89.88,45.64,9000 -90.61,45.90,9000 -91.09,46.18,9000 -91.26,46.44,9000 -91.32,46.64,9000 -91.25,46.87,9000 -91.35,47.04,9000 -91.80,47.13,9000 -92.05,47.30,9000 -92.47,47.74,9000 -92.92,48.19,9000 -93.33,48.47,9000 -93.57,48.64,9000 -93.75,48.85,9000 -93.93,49.45,9000 -94.23,49.89,9000 -94.53,50.26,9000 -94.55,50.57,9000 -94.42,50.76,9000 -94.31,50.95,9000 -94.31,51.14,9000 -94.25,51.35,9000 -94.12,51.38,9000 -93.56,51.41,9000 -93.00,51.36,9000 -92.25,51.26,9000 -91.38,51.12,9000 -90.60,50.92,9000 -89.92,50.73,9000 -89.04,50.60,9000 -88.56,50.47,9000 -88.34,50.28,9000 -88.16,49.77,9000 -87.95,49.60,9000 -87.48,49.45,9000 -86.91,49.22,9000 -86.45,48.88,9000 -85.99,48.40,9000 -85.77,48.27,9000 -85.23,48.18,9000 -84.98,48.09,9000 -84.83,47.96,9000 -84.89,47.80,9000 -84.94,47.63,9000 -84.88,47.47,9000 -84.69,47.24,9000 -84.46,47.09,9000 -84.12,46.94,9000 -83.54,46.73,9000 -83.12,46.70,9000 -82.74,46.71,9000 -82.45,46.64,9000 -82.21,46.58,9000 -81.98,46.46,9000 -81.58,46.47,9000 -80.83,46.31,9000 -80.53,46.15,9000 -80.48,45.82,9000 -80.37,45.57,9000 -80.19,45.31,9000 -79.80,44.84,9000 -79.33,44.51,9000 -78.55,44.34,9000 -77.83,44.20,9000 -77.47,44.04,9000 -77.32,43.85,9000 -76.95,43.45,9000 -76.29,43.15,9000 -75.99,43.06,9000 -75.70,43.04,9000 -75.06,43.04,9000 -74.81,43.12,9000 -74.53,43.27,9000 -74.26,43.39,9000 -73.90,43.44,9000 -73.44,43.42,9000 -73.16,43.58,9000 -72.93,43.82,9000 -72.67,43.88,9000 -72.48,43.79,9000 -72.09,43.71,9000 -71.74,43.85,9000 -71.55,44.04,9000 -71.34,44.24,9000 -70.94,44.21,9000 -70.59,44.37,9000 -70.30,44.63,9000 -70.01,44.75,9000 -69.76,44.91,9000 -69.61,45.04,9000 -69.46,45.17,9000 -69.40,45.35,9000 -69.23,46.00,9000 -68.72,46.39,9000 -68.46,46.61,9000 -68.10,46.70,9000 -67.44,46.76,9000 -67.14,46.93,9000 -67.07,47.24,9000 -67.09,47.54,9000 -66.89,47.80,9000 -66.62,47.94,9000 -66.22,47.97,9000 -65.78,47.94,9000 -65.47,48.03,9000 -65.40,48.28,9000 -65.54,48.49,9000 -65.86,48.67,9000 -66.33,48.76,9000 -66.86,48.79,9000 -67.00,48.94,9000 -66.78,49.20,9000 -66.64,49.37,9000 -66.37,49.54,9000 -66.06,49.56,9000 
          </coordinates>
        </LinearRing>
      </innerBoundaryIs>
      <innerBoundaryIs>
        <LinearRing>
          <coordinates>
-79.47,43.62,9000 -79.45,43.62,9000 -79.42,43.62,9000 -79.40,43.62,9000 -79.38,43.61,9000 -79.36,43.61,9000 -79.33,43.61,9000 -79.31,43.61,9000 -79.29,43.60,9000 -79.27,43.60,9000 -79.25,43.60,9000 -79.23,43.59,9000 -79.21,43.58,9000 -79.19,43.58,9000 -79.16,43.57,9000 -79.14,43.56,9000 -79.12,43.55,9000 -79.10,43.54,9000 -79.08,43.53,9000 -79.07,43.52,9000 -79.06,43.50,9000 -79.05,43.49,9000 -79.05,43.48,9000 -79.05,43.46,9000 -79.05,43.45,9000 -79.06,43.43,9000 -79.07,43.41,9000 -79.08,43.39,9000 -79.09,43.38,9000 -79.10,43.36,9000 -79.12,43.35,9000 -79.13,43.33,9000 -79.14,43.32,9000 -79.16,43.31,9000 -79.17,43.30,9000 -79.19,43.29,9000 -79.20,43.28,9000 -79.22,43.27,9000 -79.24,43.27,9000 -79.27,43.26,9000 -79.29,43.25,9000 -79.31,43.24,9000 -79.33,43.24,9000 -79.35,43.23,9000 -79.37,43.22,9000 -79.40,43.22,9000 -79.42,43.21,9000 -79.45,43.20,9000 -79.47,43.20,9000 -79.49,43.19,9000 -79.51,43.19,9000 -79.53,43.18,9000 -79.54,43.18,9000 -79.55,43.18,9000 -79.56,43.18,9000 -79.58,43.19,9000 -79.61,43.19,9000 -79.63,43.19,9000 -79.66,43.20,9000 -79.68,43.20,9000 -79.71,43.21,9000 -79.73,43.21,9000 -79.75,43.22,9000 -79.77,43.23,9000 -79.78,43.24,9000 -79.79,43.25,9000 -79.80,43.27,9000 -79.81,43.29,9000 -79.81,43.30,9000 -79.82,43.32,9000 -79.82,43.34,9000 -79.82,43.35,9000 -79.82,43.37,9000 -79.82,43.38,9000 -79.82,43.40,9000 -79.81,43.41,9000 -79.80,43.42,9000 -79.78,43.44,9000 -79.77,43.45,9000 -79.76,43.46,9000 -79.74,43.47,9000 -79.73,43.48,9000 -79.71,43.49,9000 -79.70,43.51,9000 -79.68,43.52,9000 -79.67,43.53,9000 -79.65,43.54,9000 -79.47,43.62,9000 
          </coordinates>
        </LinearRing>
      </innerBoundaryIs>
      <innerBoundaryIs>
        <LinearRing>
          <coordinates>
-81.02,47.78,9000 -80.94,47.78,9000 -80.87,47.78,9000 -80.80,47.78,9000 -80.73,47.78,9000 -80.66,47.78,9000 -80.59,47.78,9000 -80.53,47.77,9000 -80.45,47.76,9000 -80.38,47.75,9000 -80.32,47.73,9000 -80.25,47.71,9000 -80.19,47.69,9000 -80.13,47.66,9000 -80.06,47.63,9000 -79.98,47.60,9000 -79.92,47.56,9000 -79.88,47.53,9000 -79.87,47.50,9000 -79.89,47.47,9000 -79.95,47.45,9000 -80.02,47.42,9000 -80.10,47.40,9000 -80.18,47.38,9000 -80.25,47.36,9000 -80.31,47.34,9000 -80.36,47.33,9000 -80.42,47.31,9000 -80.47,47.30,9000 -80.53,47.29,9000 -80.60,47.28,9000 -80.67,47.28,9000 -80.74,47.28,9000 -80.82,47.28,9000 -80.89,47.28,9000 -80.97,47.28,9000 -81.04,47.28,9000 -81.10,47.28,9000 -81.18,47.27,9000 -81.24,47.26,9000 -81.29,47.25,9000 -81.36,47.23,9000 -81.41,47.22,9000 -81.47,47.21,9000 -81.53,47.19,9000 -81.59,47.17,9000 -81.65,47.15,9000 -81.70,47.12,9000 -81.73,47.09,9000 -81.76,47.05,9000 -81.79,47.00,9000 -81.81,46.96,9000 -81.83,46.91,9000 -81.86,46.87,9000 -81.88,46.83,9000 -81.91,46.80,9000 -81.97,46.76,9000 -82.04,46.74,9000 -82.11,46.74,9000 -82.17,46.75,9000 -82.20,46.77,9000 -82.23,46.80,9000 -82.25,46.85,9000 -82.27,46.89,9000 -82.29,46.94,9000 -82.30,46.99,9000 -82.31,47.04,9000 -82.31,47.09,9000 -82.31,47.14,9000 -82.31,47.20,9000 -82.30,47.25,9000 -82.28,47.29,9000 -82.25,47.33,9000 -82.21,47.36,9000 -82.15,47.38,9000 -82.09,47.39,9000 -82.02,47.40,9000 -81.95,47.41,9000 -81.89,47.42,9000 -81.83,47.43,9000 -81.77,47.46,9000 -81.71,47.48,9000 -81.66,47.51,9000 -81.61,47.54,9000 -81.56,47.57,9000 -81.50,47.60,9000 -81.45,47.63,9000 -81.39,47.66,9000 -81.34,47.69,9000 -81.28,47.72,9000 -81.02,47.78,9000 
          </coordinates>
        </LinearRing>
      </innerBoundaryIs>
  </Polygon>
 </MultiGeometry>
</Placemark>
<Placemark>
  <name>80%</name>
  <visibility>1</visibility>
  <styleUrl>#poly_80</styleUrl>
  <MultiGeometry>
    <Polygon>
      <outerBoundaryIs>
        <LinearRing>
          <coordinates>
-66.06,49.56,9000 -65.83,49.50,9000 -65.47,49.34,9000 -64.76,49.05,9000 -64.01,48.73,9000 -63.56,48.44,9000 -63.20,48.04,9000 -62.43,47.67,9000 -62.28,47.45,9000 -62.35,47.13,9000 -62.57,46.54,9000 -62.80,45.87,9000 -63.01,45.23,9000 -63.16,44.84,9000 -63.37,44.40,9000 -63.55,44.13,9000 -63.85,43.96,9000 -64.33,43.65,9000 -64.64,43.44,9000 -64.95,43.31,9000 -65.54,43.09,9000 -66.13,42.96,9000 -66.79,42.86,9000 -67.58,42.71,9000 -68.31,42.57,9000 -68.97,42.42,9000 -69.27,42.27,9000 -69.50,42.04,9000 -69.67,41.84,9000 -69.87,41.50,9000 -69.96,41.28,9000 -70.20,41.04,9000 -70.71,40.77,9000 -71.21,40.51,9000 -71.80,40.23,9000 -72.47,39.98,9000 -73.12,39.69,9000 -73.68,39.32,9000 -74.20,38.94,9000 -74.62,38.60,9000 -74.99,38.13,9000 -75.33,37.81,9000 -75.69,37.75,9000 -75.94,37.97,9000 -76.17,38.23,9000 -76.42,38.40,9000 -76.65,38.35,9000 -76.83,38.40,9000 -77.01,38.69,9000 -77.16,38.91,9000 -77.42,39.02,9000 -77.63,39.07,9000 -77.83,39.04,9000 -78.03,39.24,9000 -78.28,39.37,9000 -78.26,39.51,9000 -78.39,39.68,9000 -78.64,39.74,9000 -78.92,39.62,9000 -79.12,39.38,9000 -79.36,38.81,9000 -79.54,38.56,9000 -79.79,38.41,9000 -80.29,38.13,9000 -80.74,37.80,9000 -81.14,37.44,9000 -81.32,37.13,9000 -81.60,36.81,9000 -81.77,36.62,9000 -81.82,36.26,9000 -82.11,36.12,9000 -82.12,36.30,9000 -81.97,36.45,9000 -81.87,36.74,9000 -82.09,36.98,9000 -82.12,37.15,9000 -82.05,37.32,9000 -81.89,37.86,9000 -81.64,38.17,9000 -81.39,38.40,9000 -81.01,38.76,9000 -80.61,39.14,9000 -80.17,39.56,9000 -79.79,40.06,9000 -79.47,40.54,9000 -79.43,40.77,9000 -79.60,41.04,9000 -80.19,41.16,9000 -80.58,41.25,9000 -81.03,41.23,9000 -81.63,40.99,9000 -82.21,40.74,9000 -82.49,40.60,9000 -82.75,40.62,9000 -83.00,40.90,9000 -82.88,41.19,9000 -82.31,41.44,9000 -81.74,41.75,9000 -81.40,41.88,9000 -81.11,41.93,9000 -80.75,42.06,9000 -80.46,42.22,9000 -79.84,42.50,9000 -79.71,42.64,9000 -79.79,42.86,9000 -80.03,42.94,9000 -80.62,42.80,9000 -81.37,42.70,9000 -81.96,42.49,9000 -82.12,42.51,9000 -82.44,42.70,9000 -82.66,42.87,9000 -82.86,42.93,9000 -83.14,42.90,9000 -83.42,42.85,9000 -83.63,42.92,9000 -83.75,43.22,9000 -83.80,43.49,9000 -83.77,43.89,9000 -84.03,44.08,9000 -84.28,44.11,9000 -84.56,44.08,9000 -85.19,43.84,9000 -85.71,43.60,9000 -86.22,43.28,9000 -86.45,42.94,9000 -86.43,42.56,9000 -86.27,42.38,9000 -86.08,42.01,9000 -86.22,41.60,9000 -86.46,41.38,9000 -86.78,41.38,9000 -86.93,41.54,9000 -86.89,42.14,9000 -86.86,42.52,9000 -86.89,42.85,9000 -87.00,43.35,9000 -87.12,43.86,9000 -87.16,44.26,9000 -87.28,44.55,9000 -87.71,45.08,9000 -87.90,45.25,9000 -88.29,45.39,9000 -89.17,45.45,9000 -89.88,45.64,9000 -90.61,45.90,9000 -91.09,46.18,9000 -91.26,46.44,9000 -91.32,46.64,9000 -91.25,46.87,9000 -91.35,47.04,9000 -91.80,47.13,9000 -92.05,47.30,9000 -92.47,47.74,9000 -92.92,48.19,9000 -93.33,48.47,9000 -93.57,48.64,9000 -93.75,48.85,9000 -93.93,49.45,9000 -94.23,49.89,9000 -94.53,50.26,9000 -94.55,50.57,9000 -94.42,50.76,9000 -94.31,50.95,9000 -94.31,51.14,9000 -94.25,51.35,9000 -94.12,51.38,9000 -93.56,51.41,9000 -93.00,51.36,9000 -92.25,51.26,9000 -91.38,51.12,9000 -90.60,50.92,9000 -89.92,50.73,9000 -89.04,50.60,9000 -88.56,50.47,9000 -88.34,50.28,9000 -88.16,49.77,9000 -87.95,49.60,9000 -87.48,49.45,9000 -86.91,49.22,9000 -86.45,48.88,9000 -85.99,48.40,9000 -85.77,48.27,9000 -85.23,48.18,9000 -84.98,48.09,9000 -84.83,47.96,9000 -84.89,47.80,9000 -84.94,47.63,9000 -84.88,47.47,9000 -84.69,47.24,9000 -84.46,47.09,9000 -84.12,46.94,9000 -83.54,46.73,9000 -83.12,46.70,9000 -82.74,46.71,9000 -82.45,46.64,9000 -82.21,46.58,9000 -81.98,46.46,9000 -81.58,46.47,9000 -80.83,46.31,9000 -80.53,46.15,9000 -80.48,45.82,9000 -80.37,45.57,9000 -80.19,45.31,9000 -79.80,44.84,9000 -79.33,44.51,9000 -78.55,44.34,9000 -77.83,44.20,9000 -77.47,44.04,9000 -77.32,43.85,9000 -76.95,43.45,9000 -76.29,43.15,9000 -75.99,43.06,9000 -75.70,43.04,9000 -75.06,43.04,9000 -74.81,43.12,9000 -74.53,43.27,9000 -74.26,43.39,9000 -73.90,43.44,9000 -73.44,43.42,9000 -73.16,43.58,9000 -72.93,43.82,9000 -72.67,43.88,9000 -72.48,43.79,9000 -72.09,43.71,9000 -71.74,43.85,9000 -71.55,44.04,9000 -71.34,44.24,9000 -70.94,44.21,9000 -70.59,44.37,9000 -70.30,44.63,9000 -70.01,44.75,9000 -69.76,44.91,9000 -69.61,45.04,9000 -69.46,45.17,9000 -69.40,45.35,9000 -69.23,46.00,9000 -68.72,46.39,9000 -68.46,46.61,9000 -68.10,46.70,9000 -67.44,46.76,9000 -67.14,46.93,9000 -67.07,47.24,9000 -67.09,47.54,9000 -66.89,47.80,9000 -66.62,47.94,9000 -66.22,47.97,9000 -65.78,47.94,9000 -65.47,48.03,9000 -65.40,48.28,9000 -65.54,48.49,9000 -65.86,48.67,9000 -66.33,48.76,9000 -66.86,48.79,9000 -67.00,48.94,9000 -66.78,49.20,9000 -66.64,49.37,9000 -66.37,49.54,9000 -66.06,49.56,9000 
          </coordinates>
        </LinearRing>
      </outerBoundaryIs>
      <innerBoundaryIs>
        <LinearRing>
          <coordinates>
-79.47,43.62,9000 -79.45,43.62,9000 -79.42,43.62,9000 -79.40,43.62,9000 -79.38,43.61,9000 -79.36,43.61,9000 -79.33,43.61,9000 -79.31,43.61,9000 -79.29,43.60,9000 -79.27,43.60,9000 -79.25,43.60,9000 -79.23,43.59,9000 -79.21,43.58,9000 -79.19,43.58,9000 -79.16,43.57,9000 -79.14,43.56,9000 -79.12,43.55,9000 -79.10,43.54,9000 -79.08,43.53,9000 -79.07,43.52,9000 -79.06,43.50,9000 -79.05,43.49,9000 -79.05,43.48,9000 -79.05,43.46,9000 -79.05,43.45,9000 -79.06,43.43,9000 -79.07,43.41,9000 -79.08,43.39,9000 -79.09,43.38,9000 -79.10,43.36,9000 -79.12,43.35,9000 -79.13,43.33,9000 -79.14,43.32,9000 -79.16,43.31,9000 -79.17,43.30,9000 -79.19,43.29,9000 -79.20,43.28,9000 -79.22,43.27,9000 -79.24,43.27,9000 -79.27,43.26,9000 -79.29,43.25,9000 -79.31,43.24,9000 -79.33,43.24,9000 -79.35,43.23,9000 -79.37,43.22,9000 -79.40,43.22,9000 -79.42,43.21,9000 -79.45,43.20,9000 -79.47,43.20,9000 -79.49,43.19,9000 -79.51,43.19,9000 -79.53,43.18,9000 -79.54,43.18,9000 -79.55,43.18,9000 -79.56,43.18,9000 -79.58,43.19,9000 -79.61,43.19,9000 -79.63,43.19,9000 -79.66,43.20,9000 -79.68,43.20,9000 -79.71,43.21,9000 -79.73,43.21,9000 -79.75,43.22,9000 -79.77,43.23,9000 -79.78,43.24,9000 -79.79,43.25,9000 -79.80,43.27,9000 -79.81,43.29,9000 -79.81,43.30,9000 -79.82,43.32,9000 -79.82,43.34,9000 -79.82,43.35,9000 -79.82,43.37,9000 -79.82,43.38,9000 -79.82,43.40,9000 -79.81,43.41,9000 -79.80,43.42,9000 -79.78,43.44,9000 -79.77,43.45,9000 -79.76,43.46,9000 -79.74,43.47,9000 -79.73,43.48,9000 -79.71,43.49,9000 -79.70,43.51,9000 -79.68,43.52,9000 -79.67,43.53,9000 -79.65,43.54,9000 -79.47,43.62,9000 
          </coordinates>
        </LinearRing>
      </innerBoundaryIs>
      <innerBoundaryIs>
        <LinearRing>
          <coordinates>
-86.55,41.97,10000 -86.53,41.96,10000 -86.51,41.96,10000 -86.50,41.95,10000 -86.48,41.94,10000 -86.46,41.93,10000 -86.45,41.92,10000 -86.44,41.90,10000 -86.43,41.89,10000 -86.43,41.88,10000 -86.42,41.87,10000 -86.42,41.85,10000 -86.42,41.84,10000 -86.41,41.83,10000 -86.41,41.81,10000 -86.41,41.79,10000 -86.41,41.78,10000 -86.42,41.76,10000 -86.42,41.75,10000 -86.42,41.73,10000 -86.43,41.72,10000 -86.44,41.71,10000 -86.45,41.69,10000 -86.46,41.68,10000 -86.47,41.66,10000 -86.48,41.64,10000 -86.50,41.63,10000 -86.51,41.61,10000 -86.52,41.60,10000 -86.54,41.58,10000 -86.55,41.57,10000 -86.57,41.57,10000 -86.58,41.56,10000 -86.59,41.56,10000 -86.60,41.56,10000 -86.61,41.57,10000 -86.62,41.58,10000 -86.63,41.59,10000 -86.65,41.60,10000 -86.66,41.62,10000 -86.67,41.63,10000 -86.68,41.65,10000 -86.68,41.67,10000 -86.69,41.68,10000 -86.70,41.70,10000 -86.70,41.72,10000 -86.70,41.73,10000 -86.70,41.74,10000 -86.70,41.76,10000 -86.69,41.77,10000 -86.69,41.78,10000 -86.68,41.80,10000 -86.67,41.81,10000 -86.67,41.82,10000 -86.66,41.83,10000 -86.65,41.85,10000 -86.63,41.86,10000 -86.62,41.87,10000 -86.61,41.89,10000 -86.60,41.90,10000 -86.55,41.97,10000 
          </coordinates>
        </LinearRing>
      </innerBoundaryIs>
      <innerBoundaryIs>
        <LinearRing>
          <coordinates>
-92.93,50.94,10000 -92.65,51.01,10000 -92.33,50.97,10000 -92.13,50.88,10000 -91.92,50.77,10000 -91.74,50.66,10000 -91.56,50.56,10000 -91.20,50.47,10000 -90.93,50.38,10000 -90.60,50.26,10000 -90.35,50.17,10000 -90.14,50.11,10000 -89.85,50.10,10000 -89.45,50.13,10000 -89.12,50.09,10000 -88.86,49.87,10000 -88.76,49.69,10000 -88.66,49.52,10000 -88.34,49.37,10000 -88.15,49.32,10000 -87.92,49.26,10000 -87.64,49.19,10000 -87.36,49.10,10000 -87.17,49.02,10000 -86.99,48.90,10000 -86.72,48.70,10000 -86.46,48.49,10000 -86.20,48.27,10000 -86.11,48.10,10000 -86.02,47.93,10000 -85.75,47.75,10000 -85.54,47.52,10000 -85.41,47.30,10000 -85.27,47.03,10000 -85.15,46.81,10000 -84.98,46.57,10000 -84.76,46.47,10000 -84.43,46.48,10000 -84.19,46.46,10000 -83.93,46.42,10000 -83.71,46.37,10000 -83.48,46.32,10000 -83.20,46.28,10000 -82.92,46.24,10000 -82.76,46.19,10000 -82.54,46.11,10000 -82.23,46.01,10000 -81.85,45.88,10000 -81.55,45.77,10000 -81.30,45.59,10000 -81.22,45.43,10000 -81.15,45.26,10000 -81.02,45.02,10000 -80.77,44.94,10000 -80.50,44.87,10000 -80.25,44.68,10000 -80.04,44.44,10000 -79.95,44.23,10000 -79.98,43.98,10000 -80.13,43.75,10000 -80.23,43.71,10000 -80.45,43.68,10000 -80.71,43.63,10000 -80.94,43.56,10000 -81.16,43.49,10000 -81.34,43.39,10000 -81.51,43.34,10000 -81.65,43.47,10000 -81.86,43.60,10000 -82.15,43.59,10000 -82.50,43.55,10000 -82.79,43.52,10000 -83.10,43.57,10000 -83.22,43.72,10000 -83.24,43.88,10000 -83.26,44.05,10000 -83.33,44.21,10000 -83.42,44.35,10000 -83.62,44.47,10000 -83.86,44.53,10000 -84.18,44.55,10000 -84.37,44.56,10000 -84.62,44.52,10000 -84.86,44.42,10000 -85.13,44.28,10000 -85.36,44.16,10000 -85.59,44.07,10000 -85.77,44.00,10000 -85.94,43.89,10000 -86.09,43.78,10000 -86.35,43.58,10000 -86.57,43.50,10000 -86.79,43.65,10000 -86.88,43.88,10000 -86.87,44.09,10000 -86.85,44.32,10000 -86.86,44.53,10000 -86.89,44.73,10000 -86.96,44.88,10000 -87.06,45.02,10000 -87.20,45.18,10000 -87.35,45.33,10000 -87.51,45.46,10000 -87.66,45.58,10000 -87.92,45.76,10000 -88.11,45.83,10000 -88.41,45.83,10000 -88.67,45.81,10000 -88.98,45.79,10000 -89.30,45.81,10000 -89.61,45.85,10000 -89.90,45.90,10000 -90.16,45.96,10000 -90.38,46.04,10000 -90.55,46.11,10000 -90.68,46.20,10000 -90.74,46.45,10000 -90.69,46.68,10000 -90.58,46.86,10000 -90.46,47.00,10000 -90.36,47.15,10000 -90.41,47.34,10000 -90.54,47.37,10000 -90.91,47.36,10000 -91.30,47.36,10000 -91.54,47.43,10000 -91.67,47.57,10000 -91.70,47.78,10000 -91.74,48.01,10000 -91.83,48.15,10000 -91.95,48.27,10000 -92.10,48.40,10000 -92.25,48.52,10000 -92.49,48.71,10000 -92.48,48.96,10000 -92.36,49.21,10000 -92.35,49.38,10000 -92.40,49.57,10000 -92.57,49.76,10000 -92.76,49.94,10000 -92.88,50.07,10000 -92.97,50.20,10000 -93.04,50.36,10000 -93.09,50.52,10000 -93.10,50.68,10000 -93.08,50.84,10000 -92.93,50.94,10000 
          </coordinates>
        </LinearRing>
      </innerBoundaryIs>
      <innerBoundaryIs>
        <LinearRing>
          <coordinates>
-66.35,49.48,10000 -65.84,49.39,10000 -65.51,49.25,10000 -65.07,49.07,10000 -64.59,48.86,10000 -64.20,48.70,10000 -63.88,48.53,10000 -63.64,48.29,10000 -63.45,48.06,10000 -63.16,47.88,10000 -62.67,47.66,10000 -62.38,47.48,10000 -62.43,47.17,10000 -62.58,46.77,10000 -62.75,46.31,10000 -62.89,45.88,10000 -63.03,45.46,10000 -63.18,45.05,10000 -63.32,44.71,10000 -63.50,44.41,10000 -63.85,44.24,10000 -64.15,44.02,10000 -64.43,43.79,10000 -64.71,43.60,10000 -65.03,43.44,10000 -65.47,43.27,10000 -65.82,43.18,10000 -66.17,43.12,10000 -66.59,43.05,10000 -67.05,42.98,10000 -67.53,42.91,10000 -68.05,42.85,10000 -68.49,42.80,10000 -68.86,42.72,10000 -69.19,42.59,10000 -69.49,42.38,10000 -69.73,42.07,10000 -69.96,41.77,10000 -70.15,41.34,10000 -70.39,41.12,10000 -70.67,40.97,10000 -70.98,40.81,10000 -71.31,40.63,10000 -71.73,40.40,10000 -72.06,40.26,10000 -72.39,40.13,10000 -72.76,39.99,10000 -73.06,39.86,10000 -73.35,39.71,10000 -73.63,39.50,10000 -73.92,39.27,10000 -74.25,39.05,10000 -74.54,38.85,10000 -74.78,38.64,10000 -75.01,38.31,10000 -75.26,38.09,10000 -75.57,37.91,10000 -75.78,38.01,10000 -75.90,38.15,10000 -76.10,38.43,10000 -76.18,38.74,10000 -76.23,39.02,10000 -76.25,39.14,10000 -76.41,39.24,10000 -76.71,38.98,10000 -77.04,39.12,10000 -77.20,39.25,10000 -77.29,39.45,10000 -77.50,39.66,10000 -77.72,39.86,10000 -77.90,39.95,10000 -78.21,40.00,10000 -78.65,39.95,10000 -78.91,39.79,10000 -79.20,39.50,10000 -79.36,39.14,10000 -79.51,38.79,10000 -79.79,38.51,10000 -80.11,38.33,10000 -80.42,38.14,10000 -80.72,37.94,10000 -80.98,37.73,10000 -81.26,37.44,10000 -81.43,37.22,10000 -81.54,37.10,10000 -81.77,37.15,10000 -81.70,37.58,10000 -81.68,37.88,10000 -81.46,38.12,10000 -81.15,38.40,10000 -80.76,38.76,10000 -80.44,39.04,10000 -80.15,39.32,10000 -79.89,39.63,10000 -79.69,39.91,10000 -79.49,40.18,10000 -79.23,40.46,10000 -79.05,40.78,10000 -79.06,41.18,10000 -79.16,41.40,10000 -79.35,41.53,10000 -79.58,41.55,10000 -80.00,41.46,10000 -80.56,41.45,10000 -80.82,41.47,10000 -81.07,41.42,10000 -81.43,41.23,10000 -81.83,41.11,10000 -82.17,40.98,10000 -82.48,40.89,10000 -82.58,41.02,10000 -82.43,41.14,10000 -82.04,41.30,10000 -81.70,41.47,10000 -81.36,41.64,10000 -80.98,41.74,10000 -80.59,41.90,10000 -80.24,42.12,10000 -79.92,42.28,10000 -79.64,42.38,10000 -79.36,42.61,10000 -79.22,43.00,10000 -78.88,43.18,10000 -78.56,43.33,10000 -78.11,43.42,10000 -77.76,43.38,10000 -77.34,43.24,10000 -77.15,43.15,10000 -77.09,43.01,10000 -76.95,42.69,10000 -76.64,42.57,10000 -76.26,42.80,10000 -76.00,42.86,10000 -75.40,42.87,10000 -74.96,42.91,10000 -74.54,43.01,10000 -74.26,43.13,10000 -73.98,43.17,10000 -73.56,43.07,10000 -73.27,43.24,10000 -73.01,43.43,10000 -72.72,43.51,10000 -72.39,43.44,10000 -72.04,43.46,10000 -71.56,43.57,10000 -71.26,43.72,10000 -70.84,43.85,10000 -70.49,44.00,10000 -70.13,44.17,10000 -69.85,44.34,10000 -69.58,44.54,10000 -69.23,44.85,10000 -68.93,45.13,10000 -68.79,45.32,10000 -68.67,45.50,10000 -68.63,45.72,10000 -68.59,45.96,10000 -68.42,46.04,10000 -68.15,46.31,10000 -67.57,46.30,10000 -67.28,46.46,10000 -66.99,46.70,10000 -66.81,46.95,10000 -66.81,47.26,10000 -66.75,47.57,10000 -66.47,47.78,10000 -66.16,47.82,10000 -65.85,47.81,10000 -65.44,47.83,10000 -65.20,47.90,10000 -65.06,48.09,10000 -65.19,48.38,10000 -65.36,48.60,10000 -65.63,48.74,10000 -65.97,48.83,10000 -66.51,48.93,10000 -66.58,49.09,10000 -66.51,49.32,10000 -66.35,49.48,10000 
          </coordinates>
        </LinearRing>
      </innerBoundaryIs>
  </Polygon>
 </MultiGeometry>
</Placemark>
<Placemark>
  <name>80%</name>
  <visibility>1</visibility>
  <styleUrl>#poly_80</styleUrl>
  <MultiGeometry>
    <Polygon>
      <outerBoundaryIs>
        <LinearRing>
          <coordinates>
-115.68,47.42,9000 -115.62,47.42,9000 -115.56,47.41,9000 -115.50,47.40,9000 -115.45,47.39,9000 -115.39,47.37,9000 -115.34,47.34,9000 -115.29,47.31,9000 -115.24,47.28,9000 -115.18,47.24,9000 -115.13,47.20,9000 -115.08,47.17,9000 -115.03,47.14,9000 -114.98,47.10,9000 -114.92,47.07,9000 -114.87,47.04,9000 -114.83,47.00,9000 -114.79,46.96,9000 -114.76,46.92,9000 -114.73,46.88,9000 -114.70,46.84,9000 -114.67,46.80,9000 -114.64,46.77,9000 -114.59,46.74,9000 -114.54,46.71,9000 -114.49,46.69,9000 -114.44,46.66,9000 -114.41,46.62,9000 -114.40,46.58,9000 -114.39,46.54,9000 -114.40,46.49,9000 -114.40,46.44,9000 -114.41,46.39,9000 -114.42,46.34,9000 -114.44,46.30,9000 -114.47,46.25,9000 -114.50,46.20,9000 -114.55,46.15,9000 -114.59,46.12,9000 -114.64,46.11,9000 -114.68,46.12,9000 -114.73,46.15,9000 -114.78,46.18,9000 -114.84,46.22,9000 -114.89,46.26,9000 -114.93,46.29,9000 -114.99,46.32,9000 -115.04,46.33,9000 -115.09,46.35,9000 -115.13,46.37,9000 -115.17,46.41,9000 -115.19,46.45,9000 -115.22,46.50,9000 -115.24,46.54,9000 -115.26,46.58,9000 -115.28,46.62,9000 -115.30,46.66,9000 -115.33,46.70,9000 -115.37,46.74,9000 -115.41,46.78,9000 -115.45,46.82,9000 -115.50,46.85,9000 -115.56,46.88,9000 -115.62,46.90,9000 -115.68,46.91,9000 -115.75,46.93,9000 -115.82,46.94,9000 -115.87,46.95,9000 -115.92,46.97,9000 -115.97,47.01,9000 -115.99,47.05,9000 -116.01,47.09,9000 -116.01,47.13,9000 -116.00,47.17,9000 -115.97,47.20,9000 -115.93,47.24,9000 -115.89,47.27,9000 -115.68,47.42,9000 
          </coordinates>
        </LinearRing>
      </outerBoundaryIs>
      <innerBoundaryIs>
        <LinearRing>
          <coordinates>
-115.63,47.20,10000 -115.60,47.20,10000 -115.58,47.20,10000 -115.55,47.20,10000 -115.53,47.20,10000 -115.50,47.20,10000 -115.48,47.20,10000 -115.46,47.20,10000 -115.45,47.20,10000 -115.43,47.20,10000 -115.41,47.20,10000 -115.40,47.20,10000 -115.38,47.19,10000 -115.37,47.18,10000 -115.35,47.17,10000 -115.34,47.16,10000 -115.32,47.15,10000 -115.30,47.14,10000 -115.28,47.13,10000 -115.26,47.12,10000 -115.24,47.10,10000 -115.22,47.09,10000 -115.20,47.08,10000 -115.19,47.07,10000 -115.17,47.06,10000 -115.16,47.05,10000 -115.14,47.04,10000 -115.12,47.03,10000 -115.11,47.02,10000 -115.09,47.01,10000 -115.08,47.00,10000 -115.07,46.99,10000 -115.05,46.98,10000 -115.04,46.96,10000 -115.03,46.95,10000 -115.01,46.93,10000 -115.01,46.92,10000 -115.00,46.90,10000 -115.00,46.88,10000 -115.00,46.87,10000 -114.99,46.85,10000 -114.99,46.83,10000 -115.00,46.81,10000 -115.00,46.79,10000 -115.01,46.78,10000 -115.02,46.76,10000 -115.03,46.76,10000 -115.04,46.76,10000 -115.06,46.77,10000 -115.08,46.77,10000 -115.10,46.78,10000 -115.13,46.79,10000 -115.15,46.81,10000 -115.17,46.82,10000 -115.20,46.83,10000 -115.22,46.84,10000 -115.24,46.85,10000 -115.26,46.86,10000 -115.27,46.87,10000 -115.29,46.87,10000 -115.31,46.88,10000 -115.32,46.89,10000 -115.34,46.89,10000 -115.35,46.90,10000 -115.37,46.92,10000 -115.39,46.93,10000 -115.41,46.94,10000 -115.43,46.95,10000 -115.45,46.96,10000 -115.47,46.98,10000 -115.49,46.99,10000 -115.50,47.00,10000 -115.52,47.01,10000 -115.53,47.02,10000 -115.55,47.04,10000 -115.57,47.05,10000 -115.58,47.06,10000 -115.59,47.08,10000 -115.60,47.09,10000 -115.61,47.10,10000 -115.62,47.11,10000 -115.64,47.12,10000 -115.65,47.14,10000 -115.66,47.15,10000 -115.68,47.16,10000 -115.69,47.17,10000 -115.63,47.20,10000 
          </coordinates>
        </LinearRing>
      </innerBoundaryIs>
      <innerBoundaryIs>
        <LinearRing>
          <coordinates>
-114.76,46.65,10000 -114.74,46.65,10000 -114.73,46.65,10000 -114.71,46.64,10000 -114.69,46.64,10000 -114.68,46.64,10000 -114.66,46.63,10000 -114.65,46.63,10000 -114.63,46.62,10000 -114.62,46.62,10000 -114.61,46.61,10000 -114.60,46.60,10000 -114.59,46.59,10000 -114.59,46.58,10000 -114.58,46.57,10000 -114.58,46.56,10000 -114.57,46.55,10000 -114.57,46.54,10000 -114.56,46.52,10000 -114.56,46.51,10000 -114.56,46.50,10000 -114.56,46.49,10000 -114.56,46.47,10000 -114.56,46.46,10000 -114.56,46.45,10000 -114.56,46.44,10000 -114.56,46.43,10000 -114.57,46.42,10000 -114.57,46.41,10000 -114.58,46.40,10000 -114.59,46.38,10000 -114.61,46.37,10000 -114.62,46.37,10000 -114.64,46.36,10000 -114.65,46.35,10000 -114.66,46.35,10000 -114.68,46.34,10000 -114.69,46.34,10000 -114.70,46.34,10000 -114.72,46.34,10000 -114.73,46.35,10000 -114.74,46.35,10000 -114.76,46.36,10000 -114.77,46.37,10000 -114.79,46.38,10000 -114.80,46.39,10000 -114.81,46.40,10000 -114.82,46.41,10000 -114.83,46.42,10000 -114.83,46.43,10000 -114.84,46.44,10000 -114.84,46.45,10000 -114.85,46.45,10000 -114.85,46.47,10000 -114.86,46.48,10000 -114.86,46.49,10000 -114.87,46.50,10000 -114.87,46.51,10000 -114.88,46.52,10000 -114.88,46.53,10000 -114.88,46.55,10000 -114.89,46.56,10000 -114.89,46.57,10000 -114.76,46.65,10000 
          </coordinates>
        </LinearRing>
      </innerBoundaryIs>
  </Polygon>
 </MultiGeometry>
</Placemark>
<Placemark>
  <name>80%</name>
  <visibility>1</visibility>
  <styleUrl>#poly_80</styleUrl>
  <MultiGeometry>
    <Polygon>
      <outerBoundaryIs>
        <LinearRing>
          <coordinates>
-126.26,50.23,9000 -126.24,50.22,9000 -126.21,50.21,9000 -126.17,50.19,9000 -126.12,50.17,9000 -126.08,50.16,9000 -126.03,50.14,9000 -125.99,50.12,9000 -125.96,50.11,9000 -125.94,50.10,9000 -125.92,50.08,9000 -125.90,50.06,9000 -125.87,50.03,9000 -125.84,50.00,9000 -125.81,49.97,9000 -125.78,49.95,9000 -125.75,49.93,9000 -125.72,49.91,9000 -125.68,49.89,9000 -125.65,49.88,9000 -125.62,49.86,9000 -125.60,49.85,9000 -125.57,49.84,9000 -125.55,49.82,9000 -125.53,49.80,9000 -125.50,49.78,9000 -125.47,49.75,9000 -125.44,49.72,9000 -125.41,49.70,9000 -125.39,49.67,9000 -125.37,49.64,9000 -125.34,49.62,9000 -125.32,49.59,9000 -125.30,49.57,9000 -125.29,49.54,9000 -125.29,49.52,9000 -125.30,49.49,9000 -125.33,49.47,9000 -125.37,49.45,9000 -125.41,49.43,9000 -125.45,49.42,9000 -125.49,49.42,9000 -125.53,49.42,9000 -125.58,49.43,9000 -125.63,49.43,9000 -125.68,49.45,9000 -125.72,49.46,9000 -125.75,49.47,9000 -125.78,49.49,9000 -125.81,49.51,9000 -125.83,49.53,9000 -125.86,49.56,9000 -125.88,49.58,9000 -125.91,49.60,9000 -125.94,49.62,9000 -125.97,49.65,9000 -126.01,49.68,9000 -126.04,49.70,9000 -126.06,49.72,9000 -126.08,49.74,9000 -126.09,49.74,9000 -126.11,49.75,9000 -126.13,49.77,9000 -126.16,49.79,9000 -126.20,49.81,9000 -126.23,49.84,9000 -126.26,49.86,9000 -126.29,49.88,9000 -126.32,49.90,9000 -126.35,49.93,9000 -126.38,49.95,9000 -126.40,49.97,9000 -126.42,49.99,9000 -126.44,50.00,9000 -126.46,50.02,9000 -126.46,50.05,9000 -126.45,50.07,9000 -126.43,50.08,9000 -126.41,50.11,9000 -126.39,50.13,9000 -126.36,50.16,9000 -126.34,50.18,9000 -126.31,50.21,9000 -126.26,50.23,9000 
          </coordinates>
        </LinearRing>
      </outerBoundaryIs>
      <innerBoundaryIs>
        <LinearRing>
          <coordinates>
-126.22,50.11,10000 -126.21,50.10,10000 -126.19,50.10,10000 -126.16,50.08,10000 -126.13,50.07,10000 -126.11,50.06,10000 -126.08,50.05,10000 -126.05,50.03,10000 -126.02,50.02,10000 -125.98,50.01,10000 -125.95,49.99,10000 -125.93,49.98,10000 -125.91,49.97,10000 -125.89,49.96,10000 -125.88,49.94,10000 -125.87,49.93,10000 -125.85,49.91,10000 -125.83,49.90,10000 -125.80,49.88,10000 -125.78,49.86,10000 -125.75,49.85,10000 -125.73,49.83,10000 -125.71,49.81,10000 -125.69,49.80,10000 -125.66,49.78,10000 -125.63,49.77,10000 -125.60,49.75,10000 -125.58,49.74,10000 -125.56,49.73,10000 -125.54,49.71,10000 -125.52,49.70,10000 -125.50,49.68,10000 -125.49,49.66,10000 -125.48,49.64,10000 -125.47,49.61,10000 -125.47,49.59,10000 -125.46,49.56,10000 -125.46,49.53,10000 -125.47,49.51,10000 -125.48,49.50,10000 -125.50,49.50,10000 -125.53,49.50,10000 -125.56,49.51,10000 -125.60,49.52,10000 -125.64,49.53,10000 -125.67,49.54,10000 -125.71,49.55,10000 -125.74,49.56,10000 -125.76,49.57,10000 -125.79,49.58,10000 -125.80,49.59,10000 -125.81,49.61,10000 -125.82,49.62,10000 -125.83,49.64,10000 -125.85,49.66,10000 -125.86,49.68,10000 -125.88,49.70,10000 -125.89,49.72,10000 -125.91,49.74,10000 -125.93,49.76,10000 -125.95,49.78,10000 -125.98,49.79,10000 -126.01,49.80,10000 -126.03,49.82,10000 -126.06,49.83,10000 -126.09,49.84,10000 -126.11,49.85,10000 -126.13,49.86,10000 -126.16,49.87,10000 -126.18,49.89,10000 -126.19,49.90,10000 -126.20,49.92,10000 -126.21,49.94,10000 -126.23,49.96,10000 -126.24,49.98,10000 -126.25,50.00,10000 -126.27,50.03,10000 -126.28,50.05,10000 -126.22,50.11,10000 
          </coordinates>
        </LinearRing>
      </innerBoundaryIs>
  </Polygon>
 </MultiGeometry>
</Placemark>
<Placemark>
  <name>80%</name>
  <visibility>1</visibility>
  <styleUrl>#poly_80</styleUrl>
  <MultiGeometry>
    <Polygon>
      <outerBoundaryIs>
        <LinearRing>
          <coordinates>
-116.17,45.21,9000 -116.09,45.22,9000 -116.01,45.23,9000 -115.93,45.22,9000 -115.86,45.20,9000 -115.80,45.18,9000 -115.73,45.16,9000 -115.66,45.13,9000 -115.59,45.11,9000 -115.52,45.09,9000 -115.46,45.06,9000 -115.40,45.03,9000 -115.35,44.98,9000 -115.31,44.92,9000 -115.28,44.86,9000 -115.24,44.81,9000 -115.20,44.76,9000 -115.17,44.72,9000 -115.13,44.68,9000 -115.07,44.64,9000 -115.00,44.62,9000 -114.92,44.60,9000 -114.83,44.58,9000 -114.75,44.56,9000 -114.69,44.52,9000 -114.66,44.48,9000 -114.64,44.42,9000 -114.63,44.36,9000 -114.62,44.30,9000 -114.61,44.24,9000 -114.59,44.19,9000 -114.56,44.14,9000 -114.52,44.10,9000 -114.49,44.07,9000 -114.45,44.03,9000 -114.41,43.99,9000 -114.37,43.95,9000 -114.33,43.91,9000 -114.31,43.87,9000 -114.32,43.82,9000 -114.35,43.77,9000 -114.40,43.73,9000 -114.45,43.70,9000 -114.50,43.67,9000 -114.56,43.64,9000 -114.62,43.61,9000 -114.69,43.58,9000 -114.76,43.56,9000 -114.84,43.55,9000 -114.92,43.55,9000 -115.00,43.55,9000 -115.09,43.57,9000 -115.15,43.59,9000 -115.21,43.63,9000 -115.27,43.66,9000 -115.33,43.70,9000 -115.37,43.74,9000 -115.40,43.78,9000 -115.42,43.82,9000 -115.43,43.86,9000 -115.45,43.92,9000 -115.48,43.97,9000 -115.51,44.03,9000 -115.54,44.09,9000 -115.58,44.15,9000 -115.61,44.20,9000 -115.64,44.25,9000 -115.68,44.31,9000 -115.71,44.35,9000 -115.76,44.41,9000 -115.80,44.46,9000 -115.84,44.51,9000 -115.89,44.57,9000 -115.94,44.63,9000 -115.98,44.68,9000 -116.02,44.73,9000 -116.07,44.80,9000 -116.10,44.84,9000 -116.14,44.89,9000 -116.19,44.94,9000 -116.24,44.99,9000 -116.30,45.04,9000 -116.17,45.21,9000 
          </coordinates>
        </LinearRing>
      </outerBoundaryIs>
      <innerBoundaryIs>
        <LinearRing>
          <coordinates>
-116.14,45.07,10000 -116.05,45.09,10000 -115.97,45.10,10000 -115.90,45.10,10000 -115.85,45.09,10000 -115.83,45.05,10000 -115.84,44.99,10000 -115.83,44.93,10000 -115.79,44.90,10000 -115.73,44.88,10000 -115.67,44.85,10000 -115.60,44.83,10000 -115.54,44.81,10000 -115.47,44.79,10000 -115.40,44.76,10000 -115.33,44.73,10000 -115.28,44.70,10000 -115.23,44.66,10000 -115.18,44.62,10000 -115.14,44.58,10000 -115.09,44.54,10000 -115.04,44.51,10000 -114.97,44.48,10000 -114.90,44.47,10000 -114.83,44.46,10000 -114.78,44.43,10000 -114.76,44.39,10000 -114.74,44.35,10000 -114.74,44.29,10000 -114.73,44.24,10000 -114.70,44.18,10000 -114.67,44.14,10000 -114.63,44.08,10000 -114.58,44.03,10000 -114.54,43.98,10000 -114.49,43.93,10000 -114.46,43.89,10000 -114.43,43.86,10000 -114.42,43.86,10000 -114.45,43.84,10000 -114.49,43.80,10000 -114.55,43.76,10000 -114.60,43.71,10000 -114.66,43.68,10000 -114.71,43.65,10000 -114.77,43.63,10000 -114.84,43.62,10000 -114.90,43.61,10000 -114.96,43.61,10000 -115.02,43.62,10000 -115.08,43.64,10000 -115.13,43.67,10000 -115.18,43.72,10000 -115.23,43.77,10000 -115.26,43.81,10000 -115.29,43.86,10000 -115.33,43.91,10000 -115.36,43.96,10000 -115.39,44.01,10000 -115.42,44.06,10000 -115.44,44.10,10000 -115.47,44.15,10000 -115.48,44.18,10000 -115.49,44.21,10000 -115.51,44.26,10000 -115.53,44.30,10000 -115.55,44.35,10000 -115.58,44.40,10000 -115.60,44.45,10000 -115.63,44.50,10000 -115.66,44.55,10000 -115.68,44.59,10000 -115.72,44.65,10000 -115.76,44.69,10000 -115.80,44.73,10000 -115.83,44.77,10000 -115.85,44.82,10000 -115.86,44.87,10000 -115.89,44.91,10000 -115.94,44.94,10000 -115.99,44.98,10000 -116.06,45.01,10000 -116.13,45.04,10000 -116.14,45.07,10000 
          </coordinates>
        </LinearRing>
      </innerBoundaryIs>
  </Polygon>
 </MultiGeometry>
</Placemark>
<Placemark>
  <name>80%</name>
  <visibility>1</visibility>
  <styleUrl>#poly_80</styleUrl>
  <MultiGeometry>
    <Polygon>
      <outerBoundaryIs>
        <LinearRing>
          <coordinates>
-110.07,45.27,9000 -109.95,45.22,9000 -109.84,45.17,9000 -109.75,45.12,9000 -109.68,45.07,9000 -109.62,44.97,9000 -109.62,44.87,9000 -109.64,44.79,9000 -109.68,44.71,9000 -109.72,44.63,9000 -109.76,44.54,9000 -109.80,44.46,9000 -109.81,44.37,9000 -109.76,44.28,9000 -109.68,44.20,9000 -109.61,44.12,9000 -109.56,44.01,9000 -109.55,43.92,9000 -109.57,43.86,9000 -109.64,43.80,9000 -109.73,43.74,9000 -109.84,43.66,9000 -109.90,43.58,9000 -109.88,43.50,9000 -109.80,43.41,9000 -109.72,43.32,9000 -109.63,43.24,9000 -109.54,43.16,9000 -109.47,43.09,9000 -109.44,42.97,9000 -109.49,42.90,9000 -109.58,42.92,9000 -109.71,42.96,9000 -109.85,43.02,9000 -109.95,43.05,9000 -110.04,43.07,9000 -110.11,43.04,9000 -110.21,42.99,9000 -110.32,42.91,9000 -110.41,42.84,9000 -110.47,42.77,9000 -110.52,42.69,9000 -110.56,42.63,9000 -110.63,42.57,9000 -110.71,42.54,9000 -110.80,42.56,9000 -110.88,42.61,9000 -110.90,42.70,9000 -110.89,42.80,9000 -110.88,42.88,9000 -110.90,42.98,9000 -110.94,43.05,9000 -111.00,43.14,9000 -111.06,43.22,9000 -111.10,43.30,9000 -111.13,43.38,9000 -111.13,43.45,9000 -111.13,43.51,9000 -111.11,43.60,9000 -111.07,43.70,9000 -111.03,43.77,9000 -110.98,43.85,9000 -110.93,43.93,9000 -110.92,44.01,9000 -110.95,44.09,9000 -111.02,44.17,9000 -111.09,44.25,9000 -111.14,44.32,9000 -111.17,44.40,9000 -111.18,44.47,9000 -111.16,44.53,9000 -111.11,44.60,9000 -111.04,44.66,9000 -110.97,44.71,9000 -110.84,44.72,9000 -110.74,44.73,9000 -110.61,44.73,9000 -110.47,44.74,9000 -110.07,45.27,9000 
          </coordinates>
        </LinearRing>
      </outerBoundaryIs>
      <innerBoundaryIs>
        <LinearRing>
          <coordinates>
-110.04,45.13,10000 -109.94,45.11,10000 -109.85,45.08,10000 -109.79,45.04,10000 -109.75,44.97,10000 -109.73,44.88,10000 -109.74,44.80,10000 -109.79,44.74,10000 -109.86,44.68,10000 -109.93,44.62,10000 -109.99,44.57,10000 -110.04,44.51,10000 -110.03,44.43,10000 -109.99,44.38,10000 -109.93,44.31,10000 -109.85,44.24,10000 -109.77,44.16,10000 -109.70,44.09,10000 -109.65,44.03,10000 -109.62,43.97,10000 -109.65,43.90,10000 -109.73,43.84,10000 -109.83,43.80,10000 -109.91,43.75,10000 -109.97,43.69,10000 -110.00,43.63,10000 -110.02,43.57,10000 -110.02,43.49,10000 -109.97,43.41,10000 -109.88,43.36,10000 -109.76,43.30,10000 -109.75,43.24,10000 -109.80,43.21,10000 -109.89,43.18,10000 -109.99,43.14,10000 -110.11,43.11,10000 -110.22,43.07,10000 -110.33,43.04,10000 -110.41,43.01,10000 -110.51,42.95,10000 -110.59,42.88,10000 -110.64,42.83,10000 -110.69,42.82,10000 -110.72,42.87,10000 -110.73,42.96,10000 -110.75,43.06,10000 -110.77,43.15,10000 -110.82,43.21,10000 -110.87,43.27,10000 -110.93,43.32,10000 -110.97,43.37,10000 -111.00,43.44,10000 -111.02,43.51,10000 -111.01,43.58,10000 -110.98,43.65,10000 -110.92,43.72,10000 -110.86,43.79,10000 -110.82,43.85,10000 -110.79,43.94,10000 -110.79,44.02,10000 -110.81,44.08,10000 -110.85,44.13,10000 -110.89,44.19,10000 -110.94,44.27,10000 -110.97,44.35,10000 -110.97,44.41,10000 -110.96,44.48,10000 -110.92,44.53,10000 -110.81,44.55,10000 -110.68,44.55,10000 -110.56,44.54,10000 -110.45,44.55,10000 -110.37,44.57,10000 -110.29,44.60,10000 -110.21,44.65,10000 -110.16,44.71,10000 -110.12,44.78,10000 -110.08,44.86,10000 -110.04,44.94,10000 -110.04,45.13,10000 
          </coordinates>
        </LinearRing>
      </innerBoundaryIs>
  </Polygon>
 </MultiGeometry>
</Placemark>
<Placemark>
  <name>80%</name>
  <visibility>1</visibility>
  <styleUrl>#poly_80</styleUrl>
  <MultiGeometry>
    <Polygon>
      <outerBoundaryIs>
        <LinearRing>
          <coordinates>
-81.02,47.78,9000 -80.94,47.78,9000 -80.87,47.78,9000 -80.80,47.78,9000 -80.73,47.78,9000 -80.66,47.78,9000 -80.59,47.78,9000 -80.53,47.77,9000 -80.45,47.76,9000 -80.38,47.75,9000 -80.32,47.73,9000 -80.25,47.71,9000 -80.19,47.69,9000 -80.13,47.66,9000 -80.06,47.63,9000 -79.98,47.60,9000 -79.92,47.56,9000 -79.88,47.53,9000 -79.87,47.50,9000 -79.89,47.47,9000 -79.95,47.45,9000 -80.02,47.42,9000 -80.10,47.40,9000 -80.18,47.38,9000 -80.25,47.36,9000 -80.31,47.34,9000 -80.36,47.33,9000 -80.42,47.31,9000 -80.47,47.30,9000 -80.53,47.29,9000 -80.60,47.28,9000 -80.67,47.28,9000 -80.74,47.28,9000 -80.82,47.28,9000 -80.89,47.28,9000 -80.97,47.28,9000 -81.04,47.28,9000 -81.10,47.28,9000 -81.18,47.27,9000 -81.24,47.26,9000 -81.29,47.25,9000 -81.36,47.23,9000 -81.41,47.22,9000 -81.47,47.21,9000 -81.53,47.19,9000 -81.59,47.17,9000 -81.65,47.15,9000 -81.70,47.12,9000 -81.73,47.09,9000 -81.76,47.05,9000 -81.79,47.00,9000 -81.81,46.96,9000 -81.83,46.91,9000 -81.86,46.87,9000 -81.88,46.83,9000 -81.91,46.80,9000 -81.97,46.76,9000 -82.04,46.74,9000 -82.11,46.74,9000 -82.17,46.75,9000 -82.20,46.77,9000 -82.23,46.80,9000 -82.25,46.85,9000 -82.27,46.89,9000 -82.29,46.94,9000 -82.30,46.99,9000 -82.31,47.04,9000 -82.31,47.09,9000 -82.31,47.14,9000 -82.31,47.20,9000 -82.30,47.25,9000 -82.28,47.29,9000 -82.25,47.33,9000 -82.21,47.36,9000 -82.15,47.38,9000 -82.09,47.39,9000 -82.02,47.40,9000 -81.95,47.41,9000 -81.89,47.42,9000 -81.83,47.43,9000 -81.77,47.46,9000 -81.71,47.48,9000 -81.66,47.51,9000 -81.61,47.54,9000 -81.56,47.57,9000 -81.50,47.60,9000 -81.45,47.63,9000 -81.39,47.66,9000 -81.34,47.69,9000 -81.28,47.72,9000 -81.02,47.78,9000 
          </coordinates>
        </LinearRing>
      </outerBoundaryIs>
  </Polygon>
 </MultiGeometry>
</Placemark>
<Placemark>
  <name>80%</name>
  <visibility>1</visibility>
  <styleUrl>#poly_80</styleUrl>
  <MultiGeometry>
    <Polygon>
      <outerBoundaryIs>
        <LinearRing>
          <coordinates>
-115.27,50.05,9000 -115.22,50.05,9000 -115.16,50.04,9000 -115.11,50.04,9000 -115.07,50.04,9000 -115.03,50.03,9000 -115.00,50.02,9000 -114.97,50.00,9000 -114.96,49.97,9000 -114.95,49.93,9000 -114.94,49.90,9000 -114.92,49.87,9000 -114.91,49.84,9000 -114.89,49.80,9000 -114.88,49.77,9000 -114.87,49.74,9000 -114.85,49.71,9000 -114.84,49.68,9000 -114.83,49.65,9000 -114.81,49.62,9000 -114.79,49.59,9000 -114.77,49.56,9000 -114.75,49.54,9000 -114.72,49.51,9000 -114.70,49.48,9000 -114.68,49.46,9000 -114.65,49.43,9000 -114.62,49.40,9000 -114.60,49.38,9000 -114.58,49.36,9000 -114.56,49.34,9000 -114.55,49.31,9000 -114.54,49.28,9000 -114.53,49.25,9000 -114.53,49.22,9000 -114.55,49.19,9000 -114.58,49.17,9000 -114.64,49.15,9000 -114.69,49.13,9000 -114.75,49.12,9000 -114.79,49.12,9000 -114.82,49.14,9000 -114.84,49.16,9000 -114.86,49.20,9000 -114.88,49.24,9000 -114.90,49.27,9000 -114.92,49.30,9000 -114.93,49.34,9000 -114.94,49.37,9000 -114.96,49.40,9000 -114.98,49.43,9000 -115.01,49.46,9000 -115.05,49.49,9000 -115.09,49.51,9000 -115.12,49.53,9000 -115.15,49.55,9000 -115.17,49.56,9000 -115.18,49.58,9000 -115.20,49.60,9000 -115.22,49.63,9000 -115.24,49.67,9000 -115.26,49.71,9000 -115.27,49.74,9000 -115.28,49.77,9000 -115.28,49.80,9000 -115.28,49.84,9000 -115.28,49.87,9000 -115.28,49.90,9000 -115.27,50.05,9000 
          </coordinates>
        </LinearRing>
      </outerBoundaryIs>
  </Polygon>
 </MultiGeometry>
</Placemark>
<Placemark>
  <name>80%</name>
  <visibility>1</visibility>
  <styleUrl>#poly_80</styleUrl>
  <MultiGeometry>
    <Polygon>
      <outerBoundaryIs>
        <LinearRing>
          <coordinates>
-124.55,50.59,9000 -124.30,50.63,9000 -124.06,50.66,9000 -123.83,50.69,9000 -123.62,50.72,9000 -123.44,50.75,9000 -123.21,50.78,9000 -123.03,50.81,9000 -122.89,50.83,9000 -122.72,50.86,9000 -122.58,50.87,9000 -122.41,50.87,9000 -122.26,50.83,9000 -122.16,50.73,9000 -122.05,50.62,9000 -121.86,50.56,9000 -121.66,50.50,9000 -121.48,50.40,9000 -121.33,50.29,9000 -121.22,50.19,9000 -121.13,50.09,9000 -121.01,49.97,9000 -120.90,49.84,9000 -120.82,49.70,9000 -120.75,49.56,9000 -120.71,49.46,9000 -120.67,49.38,9000 -120.50,49.26,9000 -120.35,49.22,9000 -120.20,49.18,9000 -120.04,49.04,9000 -119.98,48.96,9000 -119.95,48.85,9000 -119.96,48.69,9000 -120.00,48.53,9000 -120.08,48.40,9000 -120.18,48.28,9000 -120.24,48.15,9000 -120.33,47.99,9000 -120.44,47.86,9000 -120.58,47.71,9000 -120.71,47.55,9000 -120.79,47.43,9000 -120.88,47.31,9000 -120.95,47.18,9000 -121.01,47.05,9000 -121.06,46.90,9000 -121.09,46.73,9000 -121.12,46.57,9000 -121.15,46.45,9000 -121.21,46.33,9000 -121.29,46.27,9000 -121.42,46.19,9000 -121.57,46.15,9000 -121.75,46.18,9000 -121.88,46.25,9000 -121.80,46.36,9000 -121.69,46.51,9000 -121.70,46.68,9000 -121.72,46.86,9000 -121.63,47.00,9000 -121.53,47.14,9000 -121.49,47.28,9000 -121.47,47.42,9000 -121.45,47.56,9000 -121.44,47.72,9000 -121.46,47.83,9000 -121.49,47.95,9000 -121.52,48.08,9000 -121.53,48.22,9000 -121.54,48.36,9000 -121.56,48.48,9000 -121.65,48.58,9000 -121.75,48.65,9000 -121.82,48.71,9000 -121.83,48.82,9000 -121.77,48.93,9000 -121.67,49.08,9000 -121.57,49.23,9000 -121.51,49.34,9000 -121.51,49.45,9000 -121.59,49.51,9000 -121.83,49.59,9000 -121.96,49.58,9000 -122.12,49.56,9000 -122.38,49.55,9000 -122.65,49.54,9000 -122.84,49.55,9000 -123.01,49.58,9000 -123.23,49.61,9000 -123.43,49.65,9000 -123.64,49.75,9000 -123.70,49.83,9000 -123.76,49.91,9000 -123.85,49.98,9000 -123.98,50.06,9000 -124.16,50.14,9000 -124.35,50.22,9000 -124.49,50.32,9000 -124.61,50.43,9000 -124.55,50.59,9000 
          </coordinates>
        </LinearRing>
      </outerBoundaryIs>
      <innerBoundaryIs>
        <LinearRing>
          <coordinates>
-124.52,50.50,10000 -124.34,50.54,10000 -124.16,50.58,10000 -123.98,50.61,10000 -123.80,50.64,10000 -123.61,50.66,10000 -123.42,50.69,10000 -123.21,50.72,10000 -123.00,50.75,10000 -122.82,50.77,10000 -122.65,50.80,10000 -122.53,50.81,10000 -122.33,50.77,10000 -122.23,50.67,10000 -122.12,50.56,10000 -121.99,50.51,10000 -121.81,50.43,10000 -121.67,50.33,10000 -121.50,50.20,10000 -121.33,50.06,10000 -121.20,49.95,10000 -121.09,49.83,10000 -121.03,49.73,10000 -120.98,49.62,10000 -120.93,49.49,10000 -120.87,49.38,10000 -120.75,49.26,10000 -120.59,49.17,10000 -120.36,49.11,10000 -120.16,49.05,10000 -120.07,48.95,10000 -120.05,48.84,10000 -120.06,48.73,10000 -120.11,48.61,10000 -120.21,48.49,10000 -120.31,48.36,10000 -120.34,48.23,10000 -120.39,48.08,10000 -120.47,47.98,10000 -120.58,47.87,10000 -120.69,47.75,10000 -120.79,47.62,10000 -120.88,47.47,10000 -120.97,47.32,10000 -121.05,47.16,10000 -121.11,47.04,10000 -121.17,46.91,10000 -121.20,46.82,10000 -121.21,46.67,10000 -121.22,46.52,10000 -121.28,46.39,10000 -121.38,46.29,10000 -121.55,46.25,10000 -121.69,46.27,10000 -121.63,46.36,10000 -121.54,46.50,10000 -121.55,46.61,10000 -121.59,46.74,10000 -121.60,46.86,10000 -121.52,47.00,10000 -121.42,47.12,10000 -121.36,47.23,10000 -121.32,47.35,10000 -121.32,47.47,10000 -121.33,47.60,10000 -121.35,47.73,10000 -121.38,47.85,10000 -121.41,47.96,10000 -121.42,48.07,10000 -121.37,48.21,10000 -121.32,48.34,10000 -121.33,48.44,10000 -121.37,48.53,10000 -121.48,48.54,10000 -121.58,48.65,10000 -121.59,48.78,10000 -121.60,48.96,10000 -121.60,49.16,10000 -121.60,49.36,10000 -121.61,49.54,10000 -121.63,49.66,10000 -121.76,49.74,10000 -121.96,49.69,10000 -122.13,49.67,10000 -122.32,49.64,10000 -122.51,49.62,10000 -122.71,49.62,10000 -122.91,49.63,10000 -123.09,49.65,10000 -123.31,49.68,10000 -123.47,49.73,10000 -123.58,49.84,10000 -123.65,49.96,10000 -123.77,50.09,10000 -123.98,50.14,10000 -124.17,50.18,10000 -124.31,50.30,10000 -124.42,50.38,10000 -124.55,50.47,10000 -124.52,50.50,10000 
          </coordinates>
        </LinearRing>
      </innerBoundaryIs>
  </Polygon>
 </MultiGeometry>
</Placemark>
<Placemark>
  <name>80%</name>
  <visibility>1</visibility>
  <styleUrl>#poly_80</styleUrl>
  <MultiGeometry>
    <Polygon>
      <outerBoundaryIs>
        <LinearRing>
          <coordinates>
-114.28,49.10,9000 -114.19,49.08,9000 -114.09,49.06,9000 -114.00,49.03,9000 -113.93,49.00,9000 -113.87,48.97,9000 -113.81,48.93,9000 -113.74,48.88,9000 -113.69,48.84,9000 -113.65,48.79,9000 -113.60,48.74,9000 -113.55,48.68,9000 -113.50,48.62,9000 -113.46,48.57,9000 -113.41,48.51,9000 -113.37,48.45,9000 -113.32,48.38,9000 -113.27,48.32,9000 -113.22,48.26,9000 -113.17,48.21,9000 -113.11,48.16,9000 -113.04,48.11,9000 -112.98,48.06,9000 -112.93,48.01,9000 -112.90,47.95,9000 -112.89,47.89,9000 -112.89,47.83,9000 -112.91,47.76,9000 -112.93,47.70,9000 -112.95,47.64,9000 -112.95,47.58,9000 -112.93,47.51,9000 -112.90,47.44,9000 -112.87,47.37,9000 -112.85,47.31,9000 -112.86,47.27,9000 -112.91,47.24,9000 -112.99,47.23,9000 -113.09,47.23,9000 -113.20,47.24,9000 -113.28,47.25,9000 -113.38,47.27,9000 -113.48,47.29,9000 -113.57,47.31,9000 -113.66,47.34,9000 -113.72,47.37,9000 -113.77,47.42,9000 -113.79,47.48,9000 -113.80,47.55,9000 -113.80,47.61,9000 -113.80,47.67,9000 -113.79,47.73,9000 -113.78,47.80,9000 -113.78,47.87,9000 -113.79,47.93,9000 -113.79,48.00,9000 -113.81,48.06,9000 -113.82,48.13,9000 -113.83,48.19,9000 -113.84,48.25,9000 -113.85,48.31,9000 -113.86,48.37,9000 -113.87,48.43,9000 -113.89,48.48,9000 -113.91,48.54,9000 -113.94,48.59,9000 -113.97,48.64,9000 -114.01,48.69,9000 -114.07,48.73,9000 -114.15,48.76,9000 -114.23,48.79,9000 -114.29,48.82,9000 -114.35,48.87,9000 -114.39,48.92,9000 -114.42,48.98,9000 -114.28,49.10,9000 
          </coordinates>
        </LinearRing>
      </outerBoundaryIs>
      <innerBoundaryIs>
        <LinearRing>
          <coordinates>
-113.68,48.66,10000 -113.67,48.63,10000 -113.65,48.59,10000 -113.63,48.55,10000 -113.61,48.51,10000 -113.59,48.48,10000 -113.56,48.44,10000 -113.53,48.40,10000 -113.48,48.37,10000 -113.43,48.33,10000 -113.38,48.30,10000 -113.34,48.28,10000 -113.32,48.25,10000 -113.29,48.22,10000 -113.26,48.17,10000 -113.22,48.13,10000 -113.18,48.09,10000 -113.13,48.05,10000 -113.08,48.03,10000 -113.04,48.00,10000 -113.01,47.97,10000 -112.99,47.94,10000 -112.98,47.90,10000 -112.98,47.85,10000 -112.98,47.80,10000 -112.98,47.77,10000 -112.99,47.76,10000 -113.01,47.74,10000 -113.05,47.70,10000 -113.08,47.67,10000 -113.12,47.63,10000 -113.14,47.59,10000 -113.15,47.54,10000 -113.15,47.50,10000 -113.15,47.45,10000 -113.15,47.42,10000 -113.16,47.39,10000 -113.22,47.39,10000 -113.29,47.41,10000 -113.34,47.43,10000 -113.39,47.45,10000 -113.43,47.48,10000 -113.48,47.51,10000 -113.52,47.55,10000 -113.55,47.58,10000 -113.59,47.62,10000 -113.63,47.67,10000 -113.65,47.71,10000 -113.65,47.75,10000 -113.63,47.80,10000 -113.60,47.85,10000 -113.59,47.89,10000 -113.59,47.93,10000 -113.59,47.97,10000 -113.59,48.01,10000 -113.60,48.05,10000 -113.61,48.09,10000 -113.63,48.13,10000 -113.65,48.18,10000 -113.66,48.22,10000 -113.67,48.26,10000 -113.68,48.30,10000 -113.69,48.34,10000 -113.69,48.38,10000 -113.69,48.42,10000 -113.69,48.46,10000 -113.68,48.51,10000 -113.68,48.55,10000 -113.68,48.66,10000 
          </coordinates>
        </LinearRing>
      </innerBoundaryIs>
  </Polygon>
 </MultiGeometry>
</Placemark>
<Placemark>
  <name>80%</name>
  <visibility>1</visibility>
  <styleUrl>#poly_80</styleUrl>
  <MultiGeometry>
    <Polygon>
      <outerBoundaryIs>
        <LinearRing>
          <coordinates>
-118.70,51.25,9000 -118.59,51.30,9000 -118.47,51.34,9000 -118.35,51.37,9000 -118.24,51.39,9000 -118.13,51.40,9000 -117.97,51.41,9000 -117.84,51.42,9000 -117.69,51.44,9000 -117.52,51.46,9000 -117.35,51.47,9000 -117.19,51.49,9000 -117.03,51.51,9000 -116.86,51.53,9000 -116.70,51.55,9000 -116.56,51.56,9000 -116.43,51.57,9000 -116.27,51.57,9000 -116.16,51.57,9000 -116.08,51.55,9000 -116.01,51.51,9000 -115.98,51.45,9000 -115.94,51.38,9000 -116.02,51.32,9000 -116.15,51.30,9000 -116.34,51.29,9000 -116.55,51.28,9000 -116.74,51.26,9000 -116.87,51.23,9000 -116.94,51.16,9000 -116.91,51.06,9000 -116.87,50.99,9000 -116.84,50.95,9000 -116.77,50.90,9000 -116.70,50.84,9000 -116.61,50.76,9000 -116.51,50.66,9000 -116.43,50.57,9000 -116.38,50.49,9000 -116.33,50.40,9000 -116.29,50.31,9000 -116.25,50.22,9000 -116.22,50.15,9000 -116.19,50.06,9000 -116.17,49.99,9000 -116.16,49.92,9000 -116.17,49.83,9000 -116.19,49.74,9000 -116.19,49.65,9000 -116.16,49.56,9000 -116.11,49.48,9000 -116.06,49.41,9000 -115.97,49.34,9000 -115.86,49.28,9000 -115.75,49.21,9000 -115.63,49.12,9000 -115.53,49.04,9000 -115.47,48.96,9000 -115.44,48.88,9000 -115.42,48.81,9000 -115.42,48.74,9000 -115.46,48.69,9000 -115.59,48.66,9000 -115.75,48.66,9000 -115.87,48.70,9000 -115.99,48.79,9000 -116.06,48.87,9000 -116.13,48.96,9000 -116.20,49.06,9000 -116.26,49.13,9000 -116.36,49.19,9000 -116.45,49.20,9000 -116.55,49.21,9000 -116.64,49.19,9000 -116.71,49.15,9000 -116.75,49.09,9000 -116.72,49.02,9000 -116.67,48.93,9000 -116.64,48.85,9000 -116.66,48.75,9000 -116.73,48.69,9000 -116.86,48.69,9000 -117.01,48.72,9000 -117.10,48.74,9000 -117.20,48.87,9000 -117.23,48.94,9000 -117.26,49.02,9000 -117.29,49.12,9000 -117.32,49.23,9000 -117.36,49.35,9000 -117.39,49.46,9000 -117.42,49.58,9000 -117.45,49.68,9000 -117.47,49.77,9000 -117.49,49.84,9000 -117.50,49.98,9000 -117.46,50.03,9000 -117.45,50.09,9000 -117.48,50.17,9000 -117.52,50.25,9000 -117.57,50.32,9000 -117.64,50.41,9000 -117.72,50.48,9000 -117.86,50.55,9000 -118.00,50.59,9000 -118.09,50.56,9000 -118.16,50.51,9000 -118.26,50.51,9000 -118.36,50.52,9000 -118.51,50.56,9000 -118.57,50.63,9000 -118.63,50.71,9000 -118.67,50.80,9000 -118.69,50.88,9000 -118.71,50.96,9000 -118.71,51.04,9000 -118.70,51.25,9000 
          </coordinates>
        </LinearRing>
      </outerBoundaryIs>
      <innerBoundaryIs>
        <LinearRing>
          <coordinates>
-118.45,51.29,10000 -118.31,51.31,10000 -118.16,51.32,10000 -118.02,51.34,10000 -117.88,51.35,10000 -117.75,51.36,10000 -117.62,51.38,10000 -117.50,51.39,10000 -117.38,51.40,10000 -117.27,51.41,10000 -117.17,51.42,10000 -117.00,51.44,10000 -116.86,51.45,10000 -116.75,51.46,10000 -116.65,51.46,10000 -116.54,51.47,10000 -116.38,51.48,10000 -116.20,51.49,10000 -116.08,51.50,10000 -116.07,51.48,10000 -116.13,51.46,10000 -116.22,51.44,10000 -116.35,51.41,10000 -116.49,51.37,10000 -116.64,51.34,10000 -116.79,51.30,10000 -116.92,51.27,10000 -117.03,51.24,10000 -117.11,51.21,10000 -117.18,51.13,10000 -117.08,51.04,10000 -117.04,50.99,10000 -116.98,50.95,10000 -116.91,50.89,10000 -116.84,50.83,10000 -116.76,50.75,10000 -116.71,50.69,10000 -116.65,50.61,10000 -116.59,50.53,10000 -116.52,50.44,10000 -116.46,50.35,10000 -116.41,50.27,10000 -116.36,50.20,10000 -116.32,50.14,10000 -116.27,50.04,10000 -116.25,49.99,10000 -116.26,49.93,10000 -116.28,49.86,10000 -116.31,49.78,10000 -116.35,49.70,10000 -116.37,49.63,10000 -116.36,49.55,10000 -116.34,49.49,10000 -116.34,49.44,10000 -116.40,49.40,10000 -116.51,49.36,10000 -116.59,49.33,10000 -116.69,49.30,10000 -116.78,49.27,10000 -116.87,49.24,10000 -116.97,49.20,10000 -117.05,49.16,10000 -117.11,49.14,10000 -117.15,49.17,10000 -117.14,49.26,10000 -117.11,49.32,10000 -117.06,49.40,10000 -117.01,49.48,10000 -116.98,49.56,10000 -116.99,49.64,10000 -117.01,49.73,10000 -117.04,49.81,10000 -117.04,49.89,10000 -116.98,49.97,10000 -116.90,50.04,10000 -116.83,50.11,10000 -116.80,50.17,10000 -116.80,50.23,10000 -116.80,50.29,10000 -116.81,50.38,10000 -116.88,50.43,10000 -116.97,50.42,10000 -117.10,50.40,10000 -117.22,50.37,10000 -117.32,50.36,10000 -117.41,50.37,10000 -117.46,50.42,10000 -117.49,50.47,10000 -117.53,50.54,10000 -117.57,50.61,10000 -117.63,50.67,10000 -117.70,50.74,10000 -117.79,50.78,10000 -117.90,50.80,10000 -118.01,50.80,10000 -118.12,50.80,10000 -118.25,50.76,10000 -118.35,50.75,10000 -118.41,50.79,10000 -118.46,50.86,10000 -118.50,50.93,10000 -118.53,50.99,10000 -118.54,51.06,10000 -118.55,51.13,10000 -118.45,51.29,10000 
          </coordinates>
        </LinearRing>
      </innerBoundaryIs>
  </Polygon>
 </MultiGeometry>
</Placemark>
<Placemark>
  <name>90%</name>
  <visibility>1</visibility>
  <styleUrl>#poly_90</styleUrl>
  <MultiGeometry>
    <Polygon>
      <outerBoundaryIs>
        <LinearRing>
          <coordinates>
-115.63,47.20,10000 -115.60,47.20,10000 -115.58,47.20,10000 -115.55,47.20,10000 -115.53,47.20,10000 -115.50,47.20,10000 -115.48,47.20,10000 -115.46,47.20,10000 -115.45,47.20,10000 -115.43,47.20,10000 -115.41,47.20,10000 -115.40,47.20,10000 -115.38,47.19,10000 -115.37,47.18,10000 -115.35,47.17,10000 -115.34,47.16,10000 -115.32,47.15,10000 -115.30,47.14,10000 -115.28,47.13,10000 -115.26,47.12,10000 -115.24,47.10,10000 -115.22,47.09,10000 -115.20,47.08,10000 -115.19,47.07,10000 -115.17,47.06,10000 -115.16,47.05,10000 -115.14,47.04,10000 -115.12,47.03,10000 -115.11,47.02,10000 -115.09,47.01,10000 -115.08,47.00,10000 -115.07,46.99,10000 -115.05,46.98,10000 -115.04,46.96,10000 -115.03,46.95,10000 -115.01,46.93,10000 -115.01,46.92,10000 -115.00,46.90,10000 -115.00,46.88,10000 -115.00,46.87,10000 -114.99,46.85,10000 -114.99,46.83,10000 -115.00,46.81,10000 -115.00,46.79,10000 -115.01,46.78,10000 -115.02,46.76,10000 -115.03,46.76,10000 -115.04,46.76,10000 -115.06,46.77,10000 -115.08,46.77,10000 -115.10,46.78,10000 -115.13,46.79,10000 -115.15,46.81,10000 -115.17,46.82,10000 -115.20,46.83,10000 -115.22,46.84,10000 -115.24,46.85,10000 -115.26,46.86,10000 -115.27,46.87,10000 -115.29,46.87,10000 -115.31,46.88,10000 -115.32,46.89,10000 -115.34,46.89,10000 -115.35,46.90,10000 -115.37,46.92,10000 -115.39,46.93,10000 -115.41,46.94,10000 -115.43,46.95,10000 -115.45,46.96,10000 -115.47,46.98,10000 -115.49,46.99,10000 -115.50,47.00,10000 -115.52,47.01,10000 -115.53,47.02,10000 -115.55,47.04,10000 -115.57,47.05,10000 -115.58,47.06,10000 -115.59,47.08,10000 -115.60,47.09,10000 -115.61,47.10,10000 -115.62,47.11,10000 -115.64,47.12,10000 -115.65,47.14,10000 -115.66,47.15,10000 -115.68,47.16,10000 -115.69,47.17,10000 -115.63,47.20,10000 
          </coordinates>
        </LinearRing>
      </outerBoundaryIs>
  </Polygon>
 </MultiGeometry>
</Placemark>
<Placemark>
  <name>90%</name>
  <visibility>1</visibility>
  <styleUrl>#poly_90</styleUrl>
  <MultiGeometry>
    <Polygon>
      <outerBoundaryIs>
        <LinearRing>
          <coordinates>
-110.04,45.13,10000 -109.94,45.11,10000 -109.85,45.08,10000 -109.79,45.04,10000 -109.75,44.97,10000 -109.73,44.88,10000 -109.74,44.80,10000 -109.79,44.74,10000 -109.86,44.68,10000 -109.93,44.62,10000 -109.99,44.57,10000 -110.04,44.51,10000 -110.03,44.43,10000 -109.99,44.38,10000 -109.93,44.31,10000 -109.85,44.24,10000 -109.77,44.16,10000 -109.70,44.09,10000 -109.65,44.03,10000 -109.62,43.97,10000 -109.65,43.90,10000 -109.73,43.84,10000 -109.83,43.80,10000 -109.91,43.75,10000 -109.97,43.69,10000 -110.00,43.63,10000 -110.02,43.57,10000 -110.02,43.49,10000 -109.97,43.41,10000 -109.88,43.36,10000 -109.76,43.30,10000 -109.75,43.24,10000 -109.80,43.21,10000 -109.89,43.18,10000 -109.99,43.14,10000 -110.11,43.11,10000 -110.22,43.07,10000 -110.33,43.04,10000 -110.41,43.01,10000 -110.51,42.95,10000 -110.59,42.88,10000 -110.64,42.83,10000 -110.69,42.82,10000 -110.72,42.87,10000 -110.73,42.96,10000 -110.75,43.06,10000 -110.77,43.15,10000 -110.82,43.21,10000 -110.87,43.27,10000 -110.93,43.32,10000 -110.97,43.37,10000 -111.00,43.44,10000 -111.02,43.51,10000 -111.01,43.58,10000 -110.98,43.65,10000 -110.92,43.72,10000 -110.86,43.79,10000 -110.82,43.85,10000 -110.79,43.94,10000 -110.79,44.02,10000 -110.81,44.08,10000 -110.85,44.13,10000 -110.89,44.19,10000 -110.94,44.27,10000 -110.97,44.35,10000 -110.97,44.41,10000 -110.96,44.48,10000 -110.92,44.53,10000 -110.81,44.55,10000 -110.68,44.55,10000 -110.56,44.54,10000 -110.45,44.55,10000 -110.37,44.57,10000 -110.29,44.60,10000 -110.21,44.65,10000 -110.16,44.71,10000 -110.12,44.78,10000 -110.08,44.86,10000 -110.04,44.94,10000 -110.04,45.13,10000 
          </coordinates>
        </LinearRing>
      </outerBoundaryIs>
      <innerBoundaryIs>
        <LinearRing>
          <coordinates>
-110.64,44.29,11000 -110.58,44.29,11000 -110.52,44.28,11000 -110.46,44.28,11000 -110.40,44.28,11000 -110.35,44.28,11000 -110.30,44.29,11000 -110.25,44.30,11000 -110.20,44.31,11000 -110.16,44.31,11000 -110.11,44.29,11000 -110.07,44.26,11000 -110.03,44.25,11000 -109.98,44.23,11000 -109.94,44.22,11000 -109.90,44.20,11000 -109.87,44.17,11000 -109.85,44.14,11000 -109.83,44.10,11000 -109.81,44.06,11000 -109.78,44.02,11000 -109.77,43.97,11000 -109.76,43.94,11000 -109.77,43.92,11000 -109.81,43.90,11000 -109.85,43.88,11000 -109.89,43.86,11000 -109.93,43.82,11000 -109.98,43.79,11000 -110.02,43.76,11000 -110.05,43.74,11000 -110.07,43.71,11000 -110.09,43.68,11000 -110.12,43.64,11000 -110.15,43.60,11000 -110.16,43.56,11000 -110.15,43.53,11000 -110.14,43.49,11000 -110.12,43.46,11000 -110.10,43.42,11000 -110.10,43.39,11000 -110.11,43.36,11000 -110.14,43.32,11000 -110.17,43.29,11000 -110.20,43.26,11000 -110.23,43.24,11000 -110.27,43.21,11000 -110.32,43.20,11000 -110.37,43.18,11000 -110.42,43.17,11000 -110.46,43.16,11000 -110.50,43.16,11000 -110.54,43.18,11000 -110.56,43.20,11000 -110.59,43.24,11000 -110.62,43.28,11000 -110.65,43.31,11000 -110.67,43.34,11000 -110.70,43.37,11000 -110.73,43.39,11000 -110.76,43.41,11000 -110.79,43.44,11000 -110.82,43.47,11000 -110.84,43.50,11000 -110.84,43.53,11000 -110.83,43.57,11000 -110.82,43.62,11000 -110.81,43.65,11000 -110.80,43.68,11000 -110.78,43.70,11000 -110.75,43.72,11000 -110.72,43.75,11000 -110.68,43.78,11000 -110.64,43.81,11000 -110.60,43.84,11000 -110.58,43.87,11000 -110.57,43.91,11000 -110.58,43.95,11000 -110.60,44.00,11000 -110.62,44.04,11000 -110.63,44.07,11000 -110.64,44.11,11000 -110.65,44.14,11000 -110.67,44.18,11000 -110.68,44.21,11000 -110.64,44.29,11000 
          </coordinates>
        </LinearRing>
      </innerBoundaryIs>
  </Polygon>
 </MultiGeometry>
</Placemark>
<Placemark>
  <name>90%</name>
  <visibility>1</visibility>
  <styleUrl>#poly_90</styleUrl>
  <MultiGeometry>
    <Polygon>
      <outerBoundaryIs>
        <LinearRing>
          <coordinates>
-124.52,50.50,10000 -124.34,50.54,10000 -124.16,50.58,10000 -123.98,50.61,10000 -123.80,50.64,10000 -123.61,50.66,10000 -123.42,50.69,10000 -123.21,50.72,10000 -123.00,50.75,10000 -122.82,50.77,10000 -122.65,50.80,10000 -122.53,50.81,10000 -122.33,50.77,10000 -122.23,50.67,10000 -122.12,50.56,10000 -121.99,50.51,10000 -121.81,50.43,10000 -121.67,50.33,10000 -121.50,50.20,10000 -121.33,50.06,10000 -121.20,49.95,10000 -121.09,49.83,10000 -121.03,49.73,10000 -120.98,49.62,10000 -120.93,49.49,10000 -120.87,49.38,10000 -120.75,49.26,10000 -120.59,49.17,10000 -120.36,49.11,10000 -120.16,49.05,10000 -120.07,48.95,10000 -120.05,48.84,10000 -120.06,48.73,10000 -120.11,48.61,10000 -120.21,48.49,10000 -120.31,48.36,10000 -120.34,48.23,10000 -120.39,48.08,10000 -120.47,47.98,10000 -120.58,47.87,10000 -120.69,47.75,10000 -120.79,47.62,10000 -120.88,47.47,10000 -120.97,47.32,10000 -121.05,47.16,10000 -121.11,47.04,10000 -121.17,46.91,10000 -121.20,46.82,10000 -121.21,46.67,10000 -121.22,46.52,10000 -121.28,46.39,10000 -121.38,46.29,10000 -121.55,46.25,10000 -121.69,46.27,10000 -121.63,46.36,10000 -121.54,46.50,10000 -121.55,46.61,10000 -121.59,46.74,10000 -121.60,46.86,10000 -121.52,47.00,10000 -121.42,47.12,10000 -121.36,47.23,10000 -121.32,47.35,10000 -121.32,47.47,10000 -121.33,47.60,10000 -121.35,47.73,10000 -121.38,47.85,10000 -121.41,47.96,10000 -121.42,48.07,10000 -121.37,48.21,10000 -121.32,48.34,10000 -121.33,48.44,10000 -121.37,48.53,10000 -121.48,48.54,10000 -121.58,48.65,10000 -121.59,48.78,10000 -121.60,48.96,10000 -121.60,49.16,10000 -121.60,49.36,10000 -121.61,49.54,10000 -121.63,49.66,10000 -121.76,49.74,10000 -121.96,49.69,10000 -122.13,49.67,10000 -122.32,49.64,10000 -122.51,49.62,10000 -122.71,49.62,10000 -122.91,49.63,10000 -123.09,49.65,10000 -123.31,49.68,10000 -123.47,49.73,10000 -123.58,49.84,10000 -123.65,49.96,10000 -123.77,50.09,10000 -123.98,50.14,10000 -124.17,50.18,10000 -124.31,50.30,10000 -124.42,50.38,10000 -124.55,50.47,10000 -124.52,50.50,10000 
          </coordinates>
        </LinearRing>
      </outerBoundaryIs>
      <innerBoundaryIs>
        <LinearRing>
          <coordinates>
-121.55,46.83,11000 -121.54,46.83,11000 -121.53,46.84,11000 -121.52,46.84,11000 -121.51,46.85,11000 -121.51,46.85,11000 -121.50,46.86,11000 -121.49,46.86,11000 -121.48,46.86,11000 -121.47,46.87,11000 -121.46,46.87,11000 -121.46,46.88,11000 -121.45,46.88,11000 -121.44,46.88,11000 -121.43,46.89,11000 -121.42,46.89,11000 -121.42,46.89,11000 -121.41,46.90,11000 -121.40,46.90,11000 -121.39,46.90,11000 -121.39,46.91,11000 -121.38,46.91,11000 -121.37,46.91,11000 -121.37,46.91,11000 -121.36,46.91,11000 -121.36,46.92,11000 -121.35,46.92,11000 -121.34,46.92,11000 -121.34,46.92,11000 -121.33,46.92,11000 -121.33,46.92,11000 -121.32,46.92,11000 -121.32,46.92,11000 -121.31,46.91,11000 -121.31,46.91,11000 -121.30,46.91,11000 -121.30,46.90,11000 -121.30,46.89,11000 -121.30,46.89,11000 -121.30,46.88,11000 -121.29,46.87,11000 -121.29,46.87,11000 -121.29,46.86,11000 -121.29,46.85,11000 -121.29,46.85,11000 -121.29,46.84,11000 -121.29,46.83,11000 -121.28,46.83,11000 -121.28,46.82,11000 -121.28,46.81,11000 -121.27,46.81,11000 -121.27,46.80,11000 -121.27,46.79,11000 -121.26,46.79,11000 -121.26,46.78,11000 -121.26,46.78,11000 -121.26,46.77,11000 -121.27,46.77,11000 -121.27,46.76,11000 -121.28,46.76,11000 -121.28,46.76,11000 -121.29,46.76,11000 -121.30,46.76,11000 -121.30,46.76,11000 -121.31,46.75,11000 -121.32,46.75,11000 -121.33,46.75,11000 -121.34,46.75,11000 -121.35,46.75,11000 -121.36,46.75,11000 -121.37,46.75,11000 -121.38,46.75,11000 -121.39,46.75,11000 -121.40,46.75,11000 -121.41,46.75,11000 -121.42,46.75,11000 -121.43,46.75,11000 -121.44,46.75,11000 -121.45,46.75,11000 -121.46,46.75,11000 -121.47,46.75,11000 -121.48,46.75,11000 -121.49,46.76,11000 -121.50,46.76,11000 -121.50,46.76,11000 -121.51,46.76,11000 -121.52,46.76,11000 -121.52,46.76,11000 -121.53,46.76,11000 -121.54,46.76,11000 -121.55,46.77,11000 -121.56,46.77,11000 -121.56,46.78,11000 -121.57,46.78,11000 -121.57,46.79,11000 -121.56,46.80,11000 -121.56,46.80,11000 -121.56,46.81,11000 -121.55,46.83,11000 
          </coordinates>
        </LinearRing>
      </innerBoundaryIs>
      <innerBoundaryIs>
        <LinearRing>
          <coordinates>
-124.27,50.54,11000 -124.05,50.59,11000 -123.83,50.64,11000 -123.61,50.68,11000 -123.40,50.72,11000 -123.20,50.76,11000 -123.01,50.78,11000 -122.83,50.79,11000 -122.66,50.79,11000 -122.51,50.78,11000 -122.34,50.74,11000 -122.20,50.66,11000 -122.08,50.57,11000 -121.98,50.47,11000 -121.89,50.37,11000 -121.81,50.27,11000 -121.73,50.18,11000 -121.61,50.05,11000 -121.53,49.92,11000 -121.46,49.81,11000 -121.39,49.72,11000 -121.23,49.65,11000 -121.10,49.61,11000 -121.05,49.53,11000 -121.02,49.43,11000 -120.97,49.34,11000 -120.90,49.24,11000 -120.83,49.16,11000 -120.70,49.09,11000 -120.56,49.04,11000 -120.42,49.00,11000 -120.29,48.96,11000 -120.19,48.90,11000 -120.13,48.83,11000 -120.15,48.79,11000 -120.23,48.68,11000 -120.27,48.60,11000 -120.32,48.50,11000 -120.38,48.39,11000 -120.44,48.27,11000 -120.50,48.14,11000 -120.56,48.03,11000 -120.61,47.94,11000 -120.70,47.81,11000 -120.79,47.70,11000 -120.88,47.61,11000 -120.96,47.53,11000 -121.11,47.40,11000 -121.22,47.37,11000 -121.25,47.44,11000 -121.27,47.55,11000 -121.27,47.67,11000 -121.28,47.78,11000 -121.29,47.89,11000 -121.30,47.98,11000 -121.29,48.06,11000 -121.25,48.16,11000 -121.21,48.26,11000 -121.19,48.39,11000 -121.20,48.51,11000 -121.26,48.60,11000 -121.36,48.67,11000 -121.50,48.74,11000 -121.63,48.80,11000 -121.65,48.89,11000 -121.58,48.97,11000 -121.47,49.08,11000 -121.36,49.18,11000 -121.27,49.27,11000 -121.19,49.36,11000 -121.17,49.43,11000 -121.17,49.51,11000 -121.20,49.59,11000 -121.28,49.65,11000 -121.39,49.70,11000 -121.48,49.75,11000 -121.60,49.79,11000 -121.73,49.79,11000 -121.88,49.78,11000 -122.04,49.77,11000 -122.19,49.75,11000 -122.35,49.72,11000 -122.50,49.70,11000 -122.65,49.68,11000 -122.80,49.67,11000 -122.93,49.67,11000 -123.05,49.71,11000 -123.16,49.75,11000 -123.33,49.75,11000 -123.49,49.77,11000 -123.55,49.87,11000 -123.58,49.98,11000 -123.62,50.05,11000 -123.67,50.11,11000 -123.77,50.17,11000 -123.89,50.21,11000 -124.07,50.22,11000 -124.17,50.26,11000 -124.26,50.33,11000 -124.32,50.41,11000 -124.36,50.51,11000 -124.27,50.54,11000 
          </coordinates>
        </LinearRing>
      </innerBoundaryIs>
  </Polygon>
 </MultiGeometry>
</Placemark>
<Placemark>
  <name>90%</name>
  <visibility>1</visibility>
  <styleUrl>#poly_90</styleUrl>
  <MultiGeometry>
    <Polygon>
      <outerBoundaryIs>
        <LinearRing>
          <coordinates>
-86.55,41.97,10000 -86.53,41.96,10000 -86.51,41.96,10000 -86.50,41.95,10000 -86.48,41.94,10000 -86.46,41.93,10000 -86.45,41.92,10000 -86.44,41.90,10000 -86.43,41.89,10000 -86.43,41.88,10000 -86.42,41.87,10000 -86.42,41.85,10000 -86.42,41.84,10000 -86.41,41.83,10000 -86.41,41.81,10000 -86.41,41.79,10000 -86.41,41.78,10000 -86.42,41.76,10000 -86.42,41.75,10000 -86.42,41.73,10000 -86.43,41.72,10000 -86.44,41.71,10000 -86.45,41.69,10000 -86.46,41.68,10000 -86.47,41.66,10000 -86.48,41.64,10000 -86.50,41.63,10000 -86.51,41.61,10000 -86.52,41.60,10000 -86.54,41.58,10000 -86.55,41.57,10000 -86.57,41.57,10000 -86.58,41.56,10000 -86.59,41.56,10000 -86.60,41.56,10000 -86.61,41.57,10000 -86.62,41.58,10000 -86.63,41.59,10000 -86.65,41.60,10000 -86.66,41.62,10000 -86.67,41.63,10000 -86.68,41.65,10000 -86.68,41.67,10000 -86.69,41.68,10000 -86.70,41.70,10000 -86.70,41.72,10000 -86.70,41.73,10000 -86.70,41.74,10000 -86.70,41.76,10000 -86.69,41.77,10000 -86.69,41.78,10000 -86.68,41.80,10000 -86.67,41.81,10000 -86.67,41.82,10000 -86.66,41.83,10000 -86.65,41.85,10000 -86.63,41.86,10000 -86.62,41.87,10000 -86.61,41.89,10000 -86.60,41.90,10000 -86.55,41.97,10000 
          </coordinates>
        </LinearRing>
      </outerBoundaryIs>
  </Polygon>
 </MultiGeometry>
</Placemark>
<Placemark>
  <name>90%</name>
  <visibility>1</visibility>
  <styleUrl>#poly_90</styleUrl>
  <MultiGeometry>
    <Polygon>
      <outerBoundaryIs>
        <LinearRing>
          <coordinates>
-114.76,46.65,10000 -114.74,46.65,10000 -114.73,46.65,10000 -114.71,46.64,10000 -114.69,46.64,10000 -114.68,46.64,10000 -114.66,46.63,10000 -114.65,46.63,10000 -114.63,46.62,10000 -114.62,46.62,10000 -114.61,46.61,10000 -114.60,46.60,10000 -114.59,46.59,10000 -114.59,46.58,10000 -114.58,46.57,10000 -114.58,46.56,10000 -114.57,46.55,10000 -114.57,46.54,10000 -114.56,46.52,10000 -114.56,46.51,10000 -114.56,46.50,10000 -114.56,46.49,10000 -114.56,46.47,10000 -114.56,46.46,10000 -114.56,46.45,10000 -114.56,46.44,10000 -114.56,46.43,10000 -114.57,46.42,10000 -114.57,46.41,10000 -114.58,46.40,10000 -114.59,46.38,10000 -114.61,46.37,10000 -114.62,46.37,10000 -114.64,46.36,10000 -114.65,46.35,10000 -114.66,46.35,10000 -114.68,46.34,10000 -114.69,46.34,10000 -114.70,46.34,10000 -114.72,46.34,10000 -114.73,46.35,10000 -114.74,46.35,10000 -114.76,46.36,10000 -114.77,46.37,10000 -114.79,46.38,10000 -114.80,46.39,10000 -114.81,46.40,10000 -114.82,46.41,10000 -114.83,46.42,10000 -114.83,46.43,10000 -114.84,46.44,10000 -114.84,46.45,10000 -114.85,46.45,10000 -114.85,46.47,10000 -114.86,46.48,10000 -114.86,46.49,10000 -114.87,46.50,10000 -114.87,46.51,10000 -114.88,46.52,10000 -114.88,46.53,10000 -114.88,46.55,10000 -114.89,46.56,10000 -114.89,46.57,10000 -114.76,46.65,10000 
          </coordinates>
        </LinearRing>
      </outerBoundaryIs>
  </Polygon>
 </MultiGeometry>
</Placemark>
<Placemark>
  <name>90%</name>
  <visibility>1</visibility>
  <styleUrl>#poly_90</styleUrl>
  <MultiGeometry>
    <Polygon>
      <outerBoundaryIs>
        <LinearRing>
          <coordinates>
-92.93,50.94,10000 -92.65,51.01,10000 -92.33,50.97,10000 -92.13,50.88,10000 -91.92,50.77,10000 -91.74,50.66,10000 -91.56,50.56,10000 -91.20,50.47,10000 -90.93,50.38,10000 -90.60,50.26,10000 -90.35,50.17,10000 -90.14,50.11,10000 -89.85,50.10,10000 -89.45,50.13,10000 -89.12,50.09,10000 -88.86,49.87,10000 -88.76,49.69,10000 -88.66,49.52,10000 -88.34,49.37,10000 -88.15,49.32,10000 -87.92,49.26,10000 -87.64,49.19,10000 -87.36,49.10,10000 -87.17,49.02,10000 -86.99,48.90,10000 -86.72,48.70,10000 -86.46,48.49,10000 -86.20,48.27,10000 -86.11,48.10,10000 -86.02,47.93,10000 -85.75,47.75,10000 -85.54,47.52,10000 -85.41,47.30,10000 -85.27,47.03,10000 -85.15,46.81,10000 -84.98,46.57,10000 -84.76,46.47,10000 -84.43,46.48,10000 -84.19,46.46,10000 -83.93,46.42,10000 -83.71,46.37,10000 -83.48,46.32,10000 -83.20,46.28,10000 -82.92,46.24,10000 -82.76,46.19,10000 -82.54,46.11,10000 -82.23,46.01,10000 -81.85,45.88,10000 -81.55,45.77,10000 -81.30,45.59,10000 -81.22,45.43,10000 -81.15,45.26,10000 -81.02,45.02,10000 -80.77,44.94,10000 -80.50,44.87,10000 -80.25,44.68,10000 -80.04,44.44,10000 -79.95,44.23,10000 -79.98,43.98,10000 -80.13,43.75,10000 -80.23,43.71,10000 -80.45,43.68,10000 -80.71,43.63,10000 -80.94,43.56,10000 -81.16,43.49,10000 -81.34,43.39,10000 -81.51,43.34,10000 -81.65,43.47,10000 -81.86,43.60,10000 -82.15,43.59,10000 -82.50,43.55,10000 -82.79,43.52,10000 -83.10,43.57,10000 -83.22,43.72,10000 -83.24,43.88,10000 -83.26,44.05,10000 -83.33,44.21,10000 -83.42,44.35,10000 -83.62,44.47,10000 -83.86,44.53,10000 -84.18,44.55,10000 -84.37,44.56,10000 -84.62,44.52,10000 -84.86,44.42,10000 -85.13,44.28,10000 -85.36,44.16,10000 -85.59,44.07,10000 -85.77,44.00,10000 -85.94,43.89,10000 -86.09,43.78,10000 -86.35,43.58,10000 -86.57,43.50,10000 -86.79,43.65,10000 -86.88,43.88,10000 -86.87,44.09,10000 -86.85,44.32,10000 -86.86,44.53,10000 -86.89,44.73,10000 -86.96,44.88,10000 -87.06,45.02,10000 -87.20,45.18,10000 -87.35,45.33,10000 -87.51,45.46,10000 -87.66,45.58,10000 -87.92,45.76,10000 -88.11,45.83,10000 -88.41,45.83,10000 -88.67,45.81,10000 -88.98,45.79,10000 -89.30,45.81,10000 -89.61,45.85,10000 -89.90,45.90,10000 -90.16,45.96,10000 -90.38,46.04,10000 -90.55,46.11,10000 -90.68,46.20,10000 -90.74,46.45,10000 -90.69,46.68,10000 -90.58,46.86,10000 -90.46,47.00,10000 -90.36,47.15,10000 -90.41,47.34,10000 -90.54,47.37,10000 -90.91,47.36,10000 -91.30,47.36,10000 -91.54,47.43,10000 -91.67,47.57,10000 -91.70,47.78,10000 -91.74,48.01,10000 -91.83,48.15,10000 -91.95,48.27,10000 -92.10,48.40,10000 -92.25,48.52,10000 -92.49,48.71,10000 -92.48,48.96,10000 -92.36,49.21,10000 -92.35,49.38,10000 -92.40,49.57,10000 -92.57,49.76,10000 -92.76,49.94,10000 -92.88,50.07,10000 -92.97,50.20,10000 -93.04,50.36,10000 -93.09,50.52,10000 -93.10,50.68,10000 -93.08,50.84,10000 -92.93,50.94,10000 
          </coordinates>
        </LinearRing>
      </outerBoundaryIs>
      <innerBoundaryIs>
        <LinearRing>
          <coordinates>
-83.98,46.13,11000 -83.87,46.12,11000 -83.75,46.11,11000 -83.65,46.11,11000 -83.54,46.10,11000 -83.44,46.09,11000 -83.34,46.07,11000 -83.25,46.06,11000 -83.14,46.04,11000 -83.04,46.02,11000 -82.95,45.99,11000 -82.86,45.96,11000 -82.77,45.93,11000 -82.67,45.89,11000 -82.57,45.84,11000 -82.47,45.79,11000 -82.38,45.74,11000 -82.31,45.70,11000 -82.23,45.64,11000 -82.18,45.59,11000 -82.14,45.54,11000 -82.11,45.49,11000 -82.11,45.41,11000 -82.11,45.35,11000 -82.12,45.28,11000 -82.13,45.20,11000 -82.14,45.11,11000 -82.15,45.03,11000 -82.16,44.94,11000 -82.16,44.87,11000 -82.17,44.79,11000 -82.17,44.71,11000 -82.17,44.63,11000 -82.18,44.55,11000 -82.18,44.48,11000 -82.18,44.42,11000 -82.18,44.34,11000 -82.19,44.27,11000 -82.19,44.22,11000 -82.20,44.17,11000 -82.23,44.09,11000 -82.29,44.03,11000 -82.36,43.99,11000 -82.45,43.95,11000 -82.54,43.93,11000 -82.64,43.91,11000 -82.74,43.94,11000 -82.78,43.99,11000 -82.81,44.06,11000 -82.85,44.14,11000 -82.89,44.23,11000 -82.93,44.30,11000 -82.97,44.36,11000 -83.02,44.43,11000 -83.07,44.49,11000 -83.12,44.54,11000 -83.19,44.60,11000 -83.27,44.65,11000 -83.37,44.70,11000 -83.47,44.75,11000 -83.56,44.79,11000 -83.64,44.84,11000 -83.72,44.90,11000 -83.78,44.95,11000 -83.84,45.00,11000 -83.89,45.05,11000 -83.96,45.12,11000 -84.02,45.18,11000 -84.07,45.24,11000 -84.11,45.31,11000 -84.11,45.40,11000 -84.09,45.46,11000 -84.06,45.52,11000 -84.03,45.59,11000 -84.01,45.67,11000 -84.00,45.74,11000 -84.01,45.81,11000 -84.04,45.88,11000 -84.08,45.95,11000 -84.13,46.02,11000 -84.18,46.09,11000 -83.98,46.13,11000 
          </coordinates>
        </LinearRing>
      </innerBoundaryIs>
      <innerBoundaryIs>
        <LinearRing>
          <coordinates>
-88.68,49.08,11000 -88.53,49.07,11000 -88.39,49.05,11000 -88.16,48.96,11000 -87.95,48.89,11000 -87.71,48.82,11000 -87.50,48.76,11000 -87.30,48.69,11000 -87.13,48.61,11000 -86.96,48.49,11000 -86.81,48.34,11000 -86.65,48.16,11000 -86.51,48.00,11000 -86.40,47.83,11000 -86.31,47.70,11000 -86.19,47.59,11000 -86.06,47.47,11000 -85.95,47.30,11000 -85.86,47.13,11000 -85.84,47.00,11000 -85.83,46.87,11000 -85.73,46.70,11000 -85.64,46.52,11000 -85.61,46.36,11000 -85.65,46.16,11000 -85.72,46.01,11000 -85.81,45.82,11000 -85.91,45.65,11000 -85.98,45.51,11000 -86.02,45.38,11000 -86.02,45.32,11000 -86.02,45.20,11000 -85.97,45.09,11000 -85.87,44.98,11000 -85.69,44.89,11000 -85.51,44.81,11000 -85.38,44.72,11000 -85.33,44.62,11000 -85.41,44.51,11000 -85.56,44.41,11000 -85.72,44.36,11000 -85.91,44.29,11000 -86.08,44.18,11000 -86.26,44.05,11000 -86.40,43.97,11000 -86.48,44.03,11000 -86.50,44.15,11000 -86.49,44.25,11000 -86.47,44.38,11000 -86.46,44.52,11000 -86.45,44.68,11000 -86.45,44.84,11000 -86.45,45.04,11000 -86.48,45.21,11000 -86.58,45.35,11000 -86.71,45.48,11000 -86.81,45.60,11000 -86.95,45.71,11000 -87.16,45.79,11000 -87.43,45.87,11000 -87.66,45.96,11000 -87.91,46.07,11000 -88.12,46.15,11000 -88.39,46.18,11000 -88.52,46.17,11000 -88.67,46.14,11000 -88.88,46.11,11000 -89.13,46.08,11000 -89.32,46.08,11000 -89.53,46.09,11000 -89.73,46.10,11000 -89.99,46.13,11000 -90.20,46.16,11000 -90.37,46.24,11000 -90.43,46.32,11000 -90.46,46.43,11000 -90.42,46.57,11000 -90.32,46.71,11000 -90.15,46.82,11000 -89.95,46.92,11000 -89.76,47.00,11000 -89.58,47.08,11000 -89.41,47.17,11000 -89.26,47.28,11000 -89.18,47.40,11000 -89.11,47.53,11000 -89.05,47.65,11000 -88.99,47.78,11000 -88.92,47.89,11000 -88.77,48.01,11000 -88.63,48.12,11000 -88.58,48.23,11000 -88.60,48.33,11000 -88.69,48.40,11000 -88.82,48.47,11000 -89.01,48.55,11000 -89.15,48.65,11000 -89.09,48.80,11000 -88.93,48.97,11000 -88.68,49.08,11000 
          </coordinates>
        </LinearRing>
      </innerBoundaryIs>
      <innerBoundaryIs>
        <LinearRing>
          <coordinates>
-80.76,44.67,11000 -80.73,44.67,11000 -80.71,44.67,11000 -80.68,44.66,11000 -80.66,44.66,11000 -80.64,44.66,11000 -80.61,44.65,11000 -80.59,44.64,11000 -80.56,44.64,11000 -80.54,44.63,11000 -80.52,44.62,11000 -80.50,44.61,11000 -80.48,44.60,11000 -80.46,44.58,11000 -80.44,44.56,11000 -80.42,44.55,11000 -80.40,44.53,11000 -80.38,44.51,11000 -80.37,44.50,11000 -80.35,44.48,11000 -80.34,44.47,11000 -80.33,44.46,11000 -80.31,44.44,11000 -80.31,44.44,11000 -80.31,44.42,11000 -80.31,44.41,11000 -80.30,44.39,11000 -80.30,44.37,11000 -80.29,44.35,11000 -80.29,44.33,11000 -80.28,44.31,11000 -80.28,44.30,11000 -80.28,44.28,11000 -80.28,44.26,11000 -80.29,44.24,11000 -80.29,44.23,11000 -80.30,44.21,11000 -80.32,44.20,11000 -80.34,44.19,11000 -80.36,44.18,11000 -80.38,44.18,11000 -80.40,44.17,11000 -80.43,44.17,11000 -80.46,44.16,11000 -80.48,44.16,11000 -80.51,44.16,11000 -80.54,44.16,11000 -80.57,44.16,11000 -80.59,44.16,11000 -80.61,44.17,11000 -80.63,44.17,11000 -80.66,44.18,11000 -80.68,44.20,11000 -80.70,44.21,11000 -80.72,44.22,11000 -80.74,44.24,11000 -80.76,44.25,11000 -80.78,44.26,11000 -80.79,44.27,11000 -80.81,44.28,11000 -80.84,44.29,11000 -80.86,44.30,11000 -80.88,44.30,11000 -80.90,44.31,11000 -80.92,44.33,11000 -80.93,44.34,11000 -80.94,44.36,11000 -80.95,44.37,11000 -80.95,44.39,11000 -80.96,44.41,11000 -80.97,44.43,11000 -80.98,44.45,11000 -80.99,44.47,11000 -80.99,44.49,11000 -81.00,44.51,11000 -80.76,44.67,11000 
          </coordinates>
        </LinearRing>
      </innerBoundaryIs>
      <innerBoundaryIs>
        <LinearRing>
          <coordinates>
-90.48,48.56,11000 -90.43,48.57,11000 -90.38,48.57,11000 -90.32,48.58,11000 -90.27,48.59,11000 -90.22,48.59,11000 -90.17,48.59,11000 -90.12,48.60,11000 -90.07,48.60,11000 -90.02,48.60,11000 -89.97,48.60,11000 -89.92,48.60,11000 -89.87,48.61,11000 -89.82,48.61,11000 -89.77,48.61,11000 -89.72,48.61,11000 -89.67,48.61,11000 -89.62,48.60,11000 -89.57,48.60,11000 -89.52,48.59,11000 -89.47,48.58,11000 -89.42,48.57,11000 -89.36,48.56,11000 -89.31,48.54,11000 -89.26,48.53,11000 -89.22,48.52,11000 -89.16,48.51,11000 -89.14,48.49,11000 -89.15,48.46,11000 -89.16,48.43,11000 -89.19,48.39,11000 -89.21,48.36,11000 -89.22,48.32,11000 -89.22,48.28,11000 -89.22,48.25,11000 -89.22,48.21,11000 -89.22,48.18,11000 -89.22,48.15,11000 -89.23,48.11,11000 -89.24,48.08,11000 -89.25,48.05,11000 -89.25,48.02,11000 -89.28,47.99,11000 -89.31,47.97,11000 -89.35,47.94,11000 -89.39,47.92,11000 -89.44,47.89,11000 -89.48,47.87,11000 -89.51,47.85,11000 -89.54,47.83,11000 -89.56,47.83,11000 -89.59,47.82,11000 -89.63,47.81,11000 -89.68,47.80,11000 -89.72,47.79,11000 -89.77,47.78,11000 -89.82,47.77,11000 -89.87,47.77,11000 -89.92,47.76,11000 -89.97,47.76,11000 -90.02,47.75,11000 -90.07,47.75,11000 -90.12,47.74,11000 -90.17,47.74,11000 -90.22,47.74,11000 -90.27,47.73,11000 -90.32,47.72,11000 -90.38,47.71,11000 -90.44,47.70,11000 -90.48,47.70,11000 -90.52,47.69,11000 -90.56,47.69,11000 -90.60,47.69,11000 -90.66,47.68,11000 -90.72,47.67,11000 -90.77,47.67,11000 -90.82,47.67,11000 -90.86,47.67,11000 -90.90,47.67,11000 -90.93,47.69,11000 -90.94,47.71,11000 -90.94,47.75,11000 -90.94,47.78,11000 -90.93,47.82,11000 -90.92,47.86,11000 -90.91,47.89,11000 -90.90,47.93,11000 -90.88,47.96,11000 -90.87,48.00,11000 -90.85,48.03,11000 -90.83,48.06,11000 -90.81,48.10,11000 -90.79,48.13,11000 -90.77,48.17,11000 -90.76,48.19,11000 -90.75,48.22,11000 -90.74,48.24,11000 -90.73,48.26,11000 -90.71,48.29,11000 -90.68,48.33,11000 -90.66,48.36,11000 -90.64,48.39,11000 -90.62,48.42,11000 -90.59,48.45,11000 -90.57,48.49,11000 -90.54,48.52,11000 -90.48,48.56,11000 
          </coordinates>
        </LinearRing>
      </innerBoundaryIs>
  </Polygon>
 </MultiGeometry>
</Placemark>
<Placemark>
  <name>90%</name>
  <visibility>1</visibility>
  <styleUrl>#poly_90</styleUrl>
  <MultiGeometry>
    <Polygon>
      <outerBoundaryIs>
        <LinearRing>
          <coordinates>
-116.14,45.07,10000 -116.05,45.09,10000 -115.97,45.10,10000 -115.90,45.10,10000 -115.85,45.09,10000 -115.83,45.05,10000 -115.84,44.99,10000 -115.83,44.93,10000 -115.79,44.90,10000 -115.73,44.88,10000 -115.67,44.85,10000 -115.60,44.83,10000 -115.54,44.81,10000 -115.47,44.79,10000 -115.40,44.76,10000 -115.33,44.73,10000 -115.28,44.70,10000 -115.23,44.66,10000 -115.18,44.62,10000 -115.14,44.58,10000 -115.09,44.54,10000 -115.04,44.51,10000 -114.97,44.48,10000 -114.90,44.47,10000 -114.83,44.46,10000 -114.78,44.43,10000 -114.76,44.39,10000 -114.74,44.35,10000 -114.74,44.29,10000 -114.73,44.24,10000 -114.70,44.18,10000 -114.67,44.14,10000 -114.63,44.08,10000 -114.58,44.03,10000 -114.54,43.98,10000 -114.49,43.93,10000 -114.46,43.89,10000 -114.43,43.86,10000 -114.42,43.86,10000 -114.45,43.84,10000 -114.49,43.80,10000 -114.55,43.76,10000 -114.60,43.71,10000 -114.66,43.68,10000 -114.71,43.65,10000 -114.77,43.63,10000 -114.84,43.62,10000 -114.90,43.61,10000 -114.96,43.61,10000 -115.02,43.62,10000 -115.08,43.64,10000 -115.13,43.67,10000 -115.18,43.72,10000 -115.23,43.77,10000 -115.26,43.81,10000 -115.29,43.86,10000 -115.33,43.91,10000 -115.36,43.96,10000 -115.39,44.01,10000 -115.42,44.06,10000 -115.44,44.10,10000 -115.47,44.15,10000 -115.48,44.18,10000 -115.49,44.21,10000 -115.51,44.26,10000 -115.53,44.30,10000 -115.55,44.35,10000 -115.58,44.40,10000 -115.60,44.45,10000 -115.63,44.50,10000 -115.66,44.55,10000 -115.68,44.59,10000 -115.72,44.65,10000 -115.76,44.69,10000 -115.80,44.73,10000 -115.83,44.77,10000 -115.85,44.82,10000 -115.86,44.87,10000 -115.89,44.91,10000 -115.94,44.94,10000 -115.99,44.98,10000 -116.06,45.01,10000 -116.13,45.04,10000 -116.14,45.07,10000 
          </coordinates>
        </LinearRing>
      </outerBoundaryIs>
      <innerBoundaryIs>
        <LinearRing>
          <coordinates>
-115.28,44.49,11000 -115.28,44.49,11000 -115.24,44.47,11000 -115.22,44.46,11000 -115.19,44.45,11000 -115.16,44.43,11000 -115.12,44.42,11000 -115.08,44.40,11000 -115.05,44.39,11000 -115.02,44.38,11000 -114.98,44.37,11000 -114.95,44.36,11000 -114.91,44.36,11000 -114.88,44.35,11000 -114.86,44.33,11000 -114.85,44.31,11000 -114.84,44.28,11000 -114.84,44.25,11000 -114.84,44.22,11000 -114.84,44.19,11000 -114.83,44.16,11000 -114.81,44.13,11000 -114.78,44.11,11000 -114.76,44.09,11000 -114.73,44.08,11000 -114.71,44.06,11000 -114.69,44.04,11000 -114.69,44.03,11000 -114.68,44.00,11000 -114.67,43.98,11000 -114.66,43.95,11000 -114.64,43.92,11000 -114.63,43.89,11000 -114.62,43.86,11000 -114.61,43.84,11000 -114.62,43.82,11000 -114.66,43.80,11000 -114.68,43.79,11000 -114.71,43.77,11000 -114.74,43.75,11000 -114.77,43.73,11000 -114.80,43.71,11000 -114.84,43.70,11000 -114.87,43.69,11000 -114.91,43.69,11000 -114.95,43.70,11000 -114.99,43.71,11000 -115.03,43.72,11000 -115.07,43.74,11000 -115.10,43.75,11000 -115.13,43.76,11000 -115.15,43.78,11000 -115.16,43.80,11000 -115.16,43.83,11000 -115.17,43.86,11000 -115.18,43.89,11000 -115.19,43.92,11000 -115.20,43.95,11000 -115.21,43.98,11000 -115.21,44.01,11000 -115.22,44.04,11000 -115.22,44.06,11000 -115.23,44.09,11000 -115.24,44.12,11000 -115.25,44.15,11000 -115.27,44.17,11000 -115.28,44.20,11000 -115.30,44.23,11000 -115.31,44.25,11000 -115.32,44.28,11000 -115.33,44.31,11000 -115.33,44.34,11000 -115.34,44.36,11000 -115.34,44.39,11000 -115.35,44.42,11000 -115.35,44.45,11000 -115.28,44.49,11000 
          </coordinates>
        </LinearRing>
      </innerBoundaryIs>
  </Polygon>
 </MultiGeometry>
</Placemark>
<Placemark>
  <name>90%</name>
  <visibility>1</visibility>
  <styleUrl>#poly_90</styleUrl>
  <MultiGeometry>
    <Polygon>
      <outerBoundaryIs>
        <LinearRing>
          <coordinates>
-118.45,51.29,10000 -118.31,51.31,10000 -118.16,51.32,10000 -118.02,51.34,10000 -117.88,51.35,10000 -117.75,51.36,10000 -117.62,51.38,10000 -117.50,51.39,10000 -117.38,51.40,10000 -117.27,51.41,10000 -117.17,51.42,10000 -117.00,51.44,10000 -116.86,51.45,10000 -116.75,51.46,10000 -116.65,51.46,10000 -116.54,51.47,10000 -116.38,51.48,10000 -116.20,51.49,10000 -116.08,51.50,10000 -116.07,51.48,10000 -116.13,51.46,10000 -116.22,51.44,10000 -116.35,51.41,10000 -116.49,51.37,10000 -116.64,51.34,10000 -116.79,51.30,10000 -116.92,51.27,10000 -117.03,51.24,10000 -117.11,51.21,10000 -117.18,51.13,10000 -117.08,51.04,10000 -117.04,50.99,10000 -116.98,50.95,10000 -116.91,50.89,10000 -116.84,50.83,10000 -116.76,50.75,10000 -116.71,50.69,10000 -116.65,50.61,10000 -116.59,50.53,10000 -116.52,50.44,10000 -116.46,50.35,10000 -116.41,50.27,10000 -116.36,50.20,10000 -116.32,50.14,10000 -116.27,50.04,10000 -116.25,49.99,10000 -116.26,49.93,10000 -116.28,49.86,10000 -116.31,49.78,10000 -116.35,49.70,10000 -116.37,49.63,10000 -116.36,49.55,10000 -116.34,49.49,10000 -116.34,49.44,10000 -116.40,49.40,10000 -116.51,49.36,10000 -116.59,49.33,10000 -116.69,49.30,10000 -116.78,49.27,10000 -116.87,49.24,10000 -116.97,49.20,10000 -117.05,49.16,10000 -117.11,49.14,10000 -117.15,49.17,10000 -117.14,49.26,10000 -117.11,49.32,10000 -117.06,49.40,10000 -117.01,49.48,10000 -116.98,49.56,10000 -116.99,49.64,10000 -117.01,49.73,10000 -117.04,49.81,10000 -117.04,49.89,10000 -116.98,49.97,10000 -116.90,50.04,10000 -116.83,50.11,10000 -116.80,50.17,10000 -116.80,50.23,10000 -116.80,50.29,10000 -116.81,50.38,10000 -116.88,50.43,10000 -116.97,50.42,10000 -117.10,50.40,10000 -117.22,50.37,10000 -117.32,50.36,10000 -117.41,50.37,10000 -117.46,50.42,10000 -117.49,50.47,10000 -117.53,50.54,10000 -117.57,50.61,10000 -117.63,50.67,10000 -117.70,50.74,10000 -117.79,50.78,10000 -117.90,50.80,10000 -118.01,50.80,10000 -118.12,50.80,10000 -118.25,50.76,10000 -118.35,50.75,10000 -118.41,50.79,10000 -118.46,50.86,10000 -118.50,50.93,10000 -118.53,50.99,10000 -118.54,51.06,10000 -118.55,51.13,10000 -118.45,51.29,10000 
          </coordinates>
        </LinearRing>
      </outerBoundaryIs>
      <innerBoundaryIs>
        <LinearRing>
          <coordinates>
-118.44,51.26,11000 -118.40,51.27,11000 -118.36,51.27,11000 -118.32,51.28,11000 -118.27,51.28,11000 -118.23,51.29,11000 -118.19,51.29,11000 -118.15,51.29,11000 -118.10,51.30,11000 -118.06,51.30,11000 -118.02,51.30,11000 -117.97,51.31,11000 -117.93,51.31,11000 -117.89,51.31,11000 -117.85,51.32,11000 -117.80,51.32,11000 -117.76,51.33,11000 -117.72,51.33,11000 -117.68,51.34,11000 -117.64,51.35,11000 -117.59,51.35,11000 -117.55,51.36,11000 -117.51,51.36,11000 -117.46,51.37,11000 -117.42,51.37,11000 -117.38,51.37,11000 -117.33,51.38,11000 -117.28,51.38,11000 -117.24,51.38,11000 -117.20,51.38,11000 -117.16,51.38,11000 -117.11,51.38,11000 -117.06,51.38,11000 -117.02,51.38,11000 -117.01,51.38,11000 -117.02,51.37,11000 -117.06,51.36,11000 -117.11,51.34,11000 -117.15,51.32,11000 -117.18,51.30,11000 -117.21,51.28,11000 -117.23,51.26,11000 -117.26,51.24,11000 -117.28,51.21,11000 -117.30,51.19,11000 -117.31,51.16,11000 -117.31,51.14,11000 -117.31,51.11,11000 -117.31,51.08,11000 -117.30,51.05,11000 -117.29,51.02,11000 -117.28,50.99,11000 -117.26,50.97,11000 -117.24,50.94,11000 -117.22,50.92,11000 -117.19,50.89,11000 -117.17,50.87,11000 -117.15,50.85,11000 -117.12,50.83,11000 -117.09,50.80,11000 -117.06,50.78,11000 -117.03,50.76,11000 -117.01,50.74,11000 -116.99,50.73,11000 -116.99,50.72,11000 -117.03,50.72,11000 -117.06,50.72,11000 -117.09,50.72,11000 -117.13,50.72,11000 -117.18,50.73,11000 -117.22,50.73,11000 -117.26,50.74,11000 -117.30,50.75,11000 -117.34,50.77,11000 -117.37,50.79,11000 -117.41,50.81,11000 -117.44,50.83,11000 -117.47,50.84,11000 -117.50,50.86,11000 -117.52,50.86,11000 -117.55,50.88,11000 -117.58,50.89,11000 -117.61,50.91,11000 -117.64,50.93,11000 -117.68,50.95,11000 -117.71,50.97,11000 -117.74,50.98,11000 -117.78,50.99,11000 -117.81,51.00,11000 -117.85,51.00,11000 -117.88,51.00,11000 -117.93,51.00,11000 -117.97,51.01,11000 -118.02,51.01,11000 -118.06,51.01,11000 -118.11,51.01,11000 -118.16,51.01,11000 -118.21,51.01,11000 -118.26,51.01,11000 -118.31,51.01,11000 -118.35,51.02,11000 -118.38,51.02,11000 -118.41,51.04,11000 -118.41,51.07,11000 -118.42,51.09,11000 -118.43,51.11,11000 -118.45,51.14,11000 -118.47,51.16,11000 -118.48,51.19,11000 -118.50,51.22,11000 -118.44,51.26,11000 
          </coordinates>
        </LinearRing>
      </innerBoundaryIs>
      <innerBoundaryIs>
        <LinearRing>
          <coordinates>
-116.54,49.97,11000 -116.54,49.97,11000 -116.53,49.97,11000 -116.53,49.97,11000 -116.52,49.95,11000 -116.52,49.95,11000 -116.52,49.94,11000 -116.52,49.93,11000 -116.51,49.93,11000 -116.51,49.92,11000 -116.51,49.91,11000 -116.51,49.90,11000 -116.51,49.90,11000 -116.51,49.89,11000 -116.51,49.88,11000 -116.50,49.87,11000 -116.50,49.86,11000 -116.50,49.85,11000 -116.50,49.84,11000 -116.50,49.83,11000 -116.50,49.82,11000 -116.50,49.82,11000 -116.49,49.81,11000 -116.49,49.80,11000 -116.49,49.80,11000 -116.49,49.79,11000 -116.49,49.78,11000 -116.49,49.78,11000 -116.49,49.76,11000 -116.49,49.77,11000 -116.49,49.76,11000 -116.50,49.78,11000 -116.50,49.78,11000 -116.50,49.79,11000 -116.50,49.79,11000 -116.51,49.80,11000 -116.51,49.80,11000 -116.51,49.81,11000 -116.51,49.82,11000 -116.51,49.82,11000 -116.52,49.83,11000 -116.52,49.84,11000 -116.52,49.85,11000 -116.52,49.85,11000 -116.53,49.86,11000 -116.53,49.87,11000 -116.53,49.88,11000 -116.53,49.89,11000 -116.54,49.90,11000 -116.54,49.90,11000 -116.54,49.91,11000 -116.54,49.92,11000 -116.55,49.93,11000 -116.55,49.94,11000 -116.54,49.97,11000 
          </coordinates>
        </LinearRing>
      </innerBoundaryIs>
      <innerBoundaryIs>
        <LinearRing>
          <coordinates>
-116.39,51.45,11000 -116.37,51.45,11000 -116.35,51.45,11000 -116.34,51.46,11000 -116.32,51.46,11000 -116.30,51.46,11000 -116.28,51.46,11000 -116.27,51.46,11000 -116.25,51.46,11000 -116.23,51.46,11000 -116.22,51.47,11000 -116.21,51.47,11000 -116.19,51.47,11000 -116.18,51.47,11000 -116.17,51.47,11000 -116.16,51.47,11000 -116.15,51.47,11000 -116.14,51.47,11000 -116.14,51.47,11000 -116.13,51.47,11000 -116.13,51.47,11000 -116.13,51.47,11000 -116.13,51.47,11000 -116.13,51.47,11000 -116.14,51.47,11000 -116.15,51.46,11000 -116.16,51.46,11000 -116.17,51.46,11000 -116.18,51.46,11000 -116.19,51.45,11000 -116.21,51.45,11000 -116.22,51.45,11000 -116.24,51.44,11000 -116.25,51.44,11000 -116.27,51.44,11000 -116.28,51.43,11000 -116.30,51.43,11000 -116.31,51.43,11000 -116.33,51.43,11000 -116.34,51.42,11000 -116.36,51.42,11000 -116.37,51.42,11000 -116.38,51.42,11000 -116.40,51.42,11000 -116.41,51.42,11000 -116.42,51.42,11000 -116.44,51.42,11000 -116.45,51.42,11000 -116.46,51.42,11000 -116.48,51.42,11000 -116.49,51.42,11000 -116.50,51.42,11000 -116.51,51.42,11000 -116.52,51.42,11000 -116.54,51.43,11000 -116.55,51.43,11000 -116.56,51.43,11000 -116.39,51.45,11000 
          </coordinates>
        </LinearRing>
      </innerBoundaryIs>
  </Polygon>
 </MultiGeometry>
</Placemark>
<Placemark>
  <name>90%</name>
  <visibility>1</visibility>
  <styleUrl>#poly_90</styleUrl>
  <MultiGeometry>
    <Polygon>
      <outerBoundaryIs>
        <LinearRing>
          <coordinates>
-126.22,50.11,10000 -126.21,50.10,10000 -126.19,50.10,10000 -126.16,50.08,10000 -126.13,50.07,10000 -126.11,50.06,10000 -126.08,50.05,10000 -126.05,50.03,10000 -126.02,50.02,10000 -125.98,50.01,10000 -125.95,49.99,10000 -125.93,49.98,10000 -125.91,49.97,10000 -125.89,49.96,10000 -125.88,49.94,10000 -125.87,49.93,10000 -125.85,49.91,10000 -125.83,49.90,10000 -125.80,49.88,10000 -125.78,49.86,10000 -125.75,49.85,10000 -125.73,49.83,10000 -125.71,49.81,10000 -125.69,49.80,10000 -125.66,49.78,10000 -125.63,49.77,10000 -125.60,49.75,10000 -125.58,49.74,10000 -125.56,49.73,10000 -125.54,49.71,10000 -125.52,49.70,10000 -125.50,49.68,10000 -125.49,49.66,10000 -125.48,49.64,10000 -125.47,49.61,10000 -125.47,49.59,10000 -125.46,49.56,10000 -125.46,49.53,10000 -125.47,49.51,10000 -125.48,49.50,10000 -125.50,49.50,10000 -125.53,49.50,10000 -125.56,49.51,10000 -125.60,49.52,10000 -125.64,49.53,10000 -125.67,49.54,10000 -125.71,49.55,10000 -125.74,49.56,10000 -125.76,49.57,10000 -125.79,49.58,10000 -125.80,49.59,10000 -125.81,49.61,10000 -125.82,49.62,10000 -125.83,49.64,10000 -125.85,49.66,10000 -125.86,49.68,10000 -125.88,49.70,10000 -125.89,49.72,10000 -125.91,49.74,10000 -125.93,49.76,10000 -125.95,49.78,10000 -125.98,49.79,10000 -126.01,49.80,10000 -126.03,49.82,10000 -126.06,49.83,10000 -126.09,49.84,10000 -126.11,49.85,10000 -126.13,49.86,10000 -126.16,49.87,10000 -126.18,49.89,10000 -126.19,49.90,10000 -126.20,49.92,10000 -126.21,49.94,10000 -126.23,49.96,10000 -126.24,49.98,10000 -126.25,50.00,10000 -126.27,50.03,10000 -126.28,50.05,10000 -126.22,50.11,10000 
          </coordinates>
        </LinearRing>
      </outerBoundaryIs>
  </Polygon>
 </MultiGeometry>
</Placemark>
<Placemark>
  <name>90%</name>
  <visibility>1</visibility>
  <styleUrl>#poly_90</styleUrl>
  <MultiGeometry>
    <Polygon>
      <outerBoundaryIs>
        <LinearRing>
          <coordinates>
-113.68,48.66,10000 -113.67,48.63,10000 -113.65,48.59,10000 -113.63,48.55,10000 -113.61,48.51,10000 -113.59,48.48,10000 -113.56,48.44,10000 -113.53,48.40,10000 -113.48,48.37,10000 -113.43,48.33,10000 -113.38,48.30,10000 -113.34,48.28,10000 -113.32,48.25,10000 -113.29,48.22,10000 -113.26,48.17,10000 -113.22,48.13,10000 -113.18,48.09,10000 -113.13,48.05,10000 -113.08,48.03,10000 -113.04,48.00,10000 -113.01,47.97,10000 -112.99,47.94,10000 -112.98,47.90,10000 -112.98,47.85,10000 -112.98,47.80,10000 -112.98,47.77,10000 -112.99,47.76,10000 -113.01,47.74,10000 -113.05,47.70,10000 -113.08,47.67,10000 -113.12,47.63,10000 -113.14,47.59,10000 -113.15,47.54,10000 -113.15,47.50,10000 -113.15,47.45,10000 -113.15,47.42,10000 -113.16,47.39,10000 -113.22,47.39,10000 -113.29,47.41,10000 -113.34,47.43,10000 -113.39,47.45,10000 -113.43,47.48,10000 -113.48,47.51,10000 -113.52,47.55,10000 -113.55,47.58,10000 -113.59,47.62,10000 -113.63,47.67,10000 -113.65,47.71,10000 -113.65,47.75,10000 -113.63,47.80,10000 -113.60,47.85,10000 -113.59,47.89,10000 -113.59,47.93,10000 -113.59,47.97,10000 -113.59,48.01,10000 -113.60,48.05,10000 -113.61,48.09,10000 -113.63,48.13,10000 -113.65,48.18,10000 -113.66,48.22,10000 -113.67,48.26,10000 -113.68,48.30,10000 -113.69,48.34,10000 -113.69,48.38,10000 -113.69,48.42,10000 -113.69,48.46,10000 -113.68,48.51,10000 -113.68,48.55,10000 -113.68,48.66,10000 
          </coordinates>
        </LinearRing>
      </outerBoundaryIs>
      <innerBoundaryIs>
        <LinearRing>
          <coordinates>
-113.30,48.08,11000 -113.29,48.07,11000 -113.28,48.06,11000 -113.28,48.05,11000 -113.27,48.03,11000 -113.26,48.02,11000 -113.25,48.01,11000 -113.25,48.00,11000 -113.24,47.99,11000 -113.23,47.98,11000 -113.23,47.97,11000 -113.22,47.96,11000 -113.22,47.94,11000 -113.21,47.93,11000 -113.21,47.92,11000 -113.21,47.91,11000 -113.21,47.89,11000 -113.21,47.88,11000 -113.21,47.86,11000 -113.21,47.85,11000 -113.21,47.83,11000 -113.21,47.82,11000 -113.21,47.80,11000 -113.21,47.79,11000 -113.22,47.78,11000 -113.22,47.77,11000 -113.22,47.76,11000 -113.22,47.75,11000 -113.22,47.73,11000 -113.23,47.73,11000 -113.24,47.73,11000 -113.25,47.73,11000 -113.26,47.75,11000 -113.26,47.76,11000 -113.27,47.77,11000 -113.27,47.78,11000 -113.28,47.79,11000 -113.28,47.80,11000 -113.29,47.81,11000 -113.30,47.83,11000 -113.30,47.84,11000 -113.31,47.86,11000 -113.31,47.87,11000 -113.31,47.88,11000 -113.32,47.90,11000 -113.32,47.91,11000 -113.32,47.92,11000 -113.32,47.94,11000 -113.32,47.95,11000 -113.32,47.96,11000 -113.32,47.97,11000 -113.32,47.99,11000 -113.32,48.00,11000 -113.32,48.01,11000 -113.32,48.03,11000 -113.32,48.04,11000 -113.31,48.05,11000 -113.31,48.07,11000 -113.31,48.08,11000 -113.30,48.08,11000 
          </coordinates>
        </LinearRing>
      </innerBoundaryIs>
  </Polygon>
 </MultiGeometry>
</Placemark>
<Placemark>
  <name>90%</name>
  <visibility>1</visibility>
  <styleUrl>#poly_90</styleUrl>
  <MultiGeometry>
    <Polygon>
      <outerBoundaryIs>
        <LinearRing>
          <coordinates>
-66.35,49.48,10000 -65.84,49.39,10000 -65.51,49.25,10000 -65.07,49.07,10000 -64.59,48.86,10000 -64.20,48.70,10000 -63.88,48.53,10000 -63.64,48.29,10000 -63.45,48.06,10000 -63.16,47.88,10000 -62.67,47.66,10000 -62.38,47.48,10000 -62.43,47.17,10000 -62.58,46.77,10000 -62.75,46.31,10000 -62.89,45.88,10000 -63.03,45.46,10000 -63.18,45.05,10000 -63.32,44.71,10000 -63.50,44.41,10000 -63.85,44.24,10000 -64.15,44.02,10000 -64.43,43.79,10000 -64.71,43.60,10000 -65.03,43.44,10000 -65.47,43.27,10000 -65.82,43.18,10000 -66.17,43.12,10000 -66.59,43.05,10000 -67.05,42.98,10000 -67.53,42.91,10000 -68.05,42.85,10000 -68.49,42.80,10000 -68.86,42.72,10000 -69.19,42.59,10000 -69.49,42.38,10000 -69.73,42.07,10000 -69.96,41.77,10000 -70.15,41.34,10000 -70.39,41.12,10000 -70.67,40.97,10000 -70.98,40.81,10000 -71.31,40.63,10000 -71.73,40.40,10000 -72.06,40.26,10000 -72.39,40.13,10000 -72.76,39.99,10000 -73.06,39.86,10000 -73.35,39.71,10000 -73.63,39.50,10000 -73.92,39.27,10000 -74.25,39.05,10000 -74.54,38.85,10000 -74.78,38.64,10000 -75.01,38.31,10000 -75.26,38.09,10000 -75.57,37.91,10000 -75.78,38.01,10000 -75.90,38.15,10000 -76.10,38.43,10000 -76.18,38.74,10000 -76.23,39.02,10000 -76.25,39.14,10000 -76.41,39.24,10000 -76.71,38.98,10000 -77.04,39.12,10000 -77.20,39.25,10000 -77.29,39.45,10000 -77.50,39.66,10000 -77.72,39.86,10000 -77.90,39.95,10000 -78.21,40.00,10000 -78.65,39.95,10000 -78.91,39.79,10000 -79.20,39.50,10000 -79.36,39.14,10000 -79.51,38.79,10000 -79.79,38.51,10000 -80.11,38.33,10000 -80.42,38.14,10000 -80.72,37.94,10000 -80.98,37.73,10000 -81.26,37.44,10000 -81.43,37.22,10000 -81.54,37.10,10000 -81.77,37.15,10000 -81.70,37.58,10000 -81.68,37.88,10000 -81.46,38.12,10000 -81.15,38.40,10000 -80.76,38.76,10000 -80.44,39.04,10000 -80.15,39.32,10000 -79.89,39.63,10000 -79.69,39.91,10000 -79.49,40.18,10000 -79.23,40.46,10000 -79.05,40.78,10000 -79.06,41.18,10000 -79.16,41.40,10000 -79.35,41.53,10000 -79.58,41.55,10000 -80.00,41.46,10000 -80.56,41.45,10000 -80.82,41.47,10000 -81.07,41.42,10000 -81.43,41.23,10000 -81.83,41.11,10000 -82.17,40.98,10000 -82.48,40.89,10000 -82.58,41.02,10000 -82.43,41.14,10000 -82.04,41.30,10000 -81.70,41.47,10000 -81.36,41.64,10000 -80.98,41.74,10000 -80.59,41.90,10000 -80.24,42.12,10000 -79.92,42.28,10000 -79.64,42.38,10000 -79.36,42.61,10000 -79.22,43.00,10000 -78.88,43.18,10000 -78.56,43.33,10000 -78.11,43.42,10000 -77.76,43.38,10000 -77.34,43.24,10000 -77.15,43.15,10000 -77.09,43.01,10000 -76.95,42.69,10000 -76.64,42.57,10000 -76.26,42.80,10000 -76.00,42.86,10000 -75.40,42.87,10000 -74.96,42.91,10000 -74.54,43.01,10000 -74.26,43.13,10000 -73.98,43.17,10000 -73.56,43.07,10000 -73.27,43.24,10000 -73.01,43.43,10000 -72.72,43.51,10000 -72.39,43.44,10000 -72.04,43.46,10000 -71.56,43.57,10000 -71.26,43.72,10000 -70.84,43.85,10000 -70.49,44.00,10000 -70.13,44.17,10000 -69.85,44.34,10000 -69.58,44.54,10000 -69.23,44.85,10000 -68.93,45.13,10000 -68.79,45.32,10000 -68.67,45.50,10000 -68.63,45.72,10000 -68.59,45.96,10000 -68.42,46.04,10000 -68.15,46.31,10000 -67.57,46.30,10000 -67.28,46.46,10000 -66.99,46.70,10000 -66.81,46.95,10000 -66.81,47.26,10000 -66.75,47.57,10000 -66.47,47.78,10000 -66.16,47.82,10000 -65.85,47.81,10000 -65.44,47.83,10000 -65.20,47.90,10000 -65.06,48.09,10000 -65.19,48.38,10000 -65.36,48.60,10000 -65.63,48.74,10000 -65.97,48.83,10000 -66.51,48.93,10000 -66.58,49.09,10000 -66.51,49.32,10000 -66.35,49.48,10000 
          </coordinates>
        </LinearRing>
      </outerBoundaryIs>
      <innerBoundaryIs>
        <LinearRing>
          <coordinates>
-66.36,49.44,11000 -65.92,49.35,11000 -65.53,49.17,11000 -65.15,49.03,11000 -64.74,48.85,11000 -64.37,48.65,11000 -64.04,48.43,11000 -63.80,48.20,11000 -63.56,47.98,11000 -63.20,47.77,11000 -62.85,47.60,11000 -62.42,47.45,11000 -62.48,47.18,11000 -62.58,46.91,11000 -62.70,46.57,11000 -62.82,46.25,11000 -62.95,45.85,11000 -63.08,45.47,11000 -63.21,45.07,11000 -63.35,44.74,11000 -63.69,44.56,11000 -64.03,44.44,11000 -64.31,44.11,11000 -64.57,43.90,11000 -64.88,43.68,11000 -65.19,43.53,11000 -65.54,43.40,11000 -66.02,43.31,11000 -66.44,43.24,11000 -66.91,43.16,11000 -67.35,43.09,11000 -67.73,43.03,11000 -68.18,43.03,11000 -68.57,42.99,11000 -69.01,42.87,11000 -69.33,42.75,11000 -69.64,42.58,11000 -69.92,42.28,11000 -70.10,41.91,11000 -70.27,41.54,11000 -70.41,41.29,11000 -70.72,41.12,11000 -71.13,40.93,11000 -71.52,40.75,11000 -71.76,40.59,11000 -72.14,40.41,11000 -72.49,40.27,11000 -72.87,40.10,11000 -73.21,39.93,11000 -73.53,39.74,11000 -73.78,39.55,11000 -74.03,39.35,11000 -74.33,39.14,11000 -74.63,38.93,11000 -74.88,38.69,11000 -75.09,38.47,11000 -75.37,38.22,11000 -75.50,38.11,11000 -75.73,38.16,11000 -75.94,38.40,11000 -75.98,38.78,11000 -76.04,38.97,11000 -75.97,39.22,11000 -75.87,39.38,11000 -75.90,39.56,11000 -76.20,39.60,11000 -76.39,39.52,11000 -76.87,39.41,11000 -76.92,39.59,11000 -76.91,39.77,11000 -76.78,39.83,11000 -76.46,40.00,11000 -76.41,40.24,11000 -76.52,40.35,11000 -76.72,40.59,11000 -76.55,40.84,11000 -76.56,41.16,11000 -76.86,41.19,11000 -77.08,41.00,11000 -77.24,40.85,11000 -77.41,40.82,11000 -77.76,40.96,11000 -78.12,40.78,11000 -78.45,40.55,11000 -78.60,40.29,11000 -78.87,40.00,11000 -79.12,39.76,11000 -79.34,39.47,11000 -79.43,39.11,11000 -79.60,38.86,11000 -79.80,38.58,11000 -80.15,38.36,11000 -80.51,38.13,11000 -80.95,37.84,11000 -81.29,37.64,11000 -81.48,37.68,11000 -81.48,37.76,11000 -81.33,38.05,11000 -81.12,38.25,11000 -80.85,38.48,11000 -80.56,38.74,11000 -80.27,39.00,11000 -80.02,39.27,11000 -79.81,39.51,11000 -79.59,39.85,11000 -79.36,40.10,11000 -79.09,40.34,11000 -78.81,40.59,11000 -78.58,40.85,11000 -78.54,41.04,11000 -78.60,41.25,11000 -78.73,41.53,11000 -79.00,41.74,11000 -79.47,41.73,11000 -80.07,41.69,11000 -80.47,41.69,11000 -80.19,42.00,11000 -79.91,42.16,11000 -79.54,42.27,11000 -79.23,42.46,11000 -79.05,42.71,11000 -78.87,42.96,11000 -78.54,43.11,11000 -78.24,43.16,11000 -77.97,43.15,11000 -77.43,43.00,11000 -77.27,42.74,11000 -77.09,42.44,11000 -77.06,42.23,11000 -76.99,42.04,11000 -76.72,41.94,11000 -76.46,41.88,11000 -76.17,41.98,11000 -75.82,42.21,11000 -75.49,42.45,11000 -75.32,42.62,11000 -75.13,42.76,11000 -74.94,42.78,11000 -74.53,42.84,11000 -74.09,42.88,11000 -73.61,42.79,11000 -73.25,43.00,11000 -72.91,43.22,11000 -72.44,43.20,11000 -71.96,43.26,11000 -71.46,43.34,11000 -71.11,43.44,11000 -70.78,43.56,11000 -70.37,43.69,11000 -70.01,43.80,11000 -69.69,43.93,11000 -69.43,44.11,11000 -69.13,44.40,11000 -68.83,44.62,11000 -68.50,44.90,11000 -68.27,45.22,11000 -68.07,45.50,11000 -67.81,45.78,11000 -67.45,45.95,11000 -67.12,46.08,11000 -66.84,46.34,11000 -66.65,46.58,11000 -66.57,46.79,11000 -66.51,47.01,11000 -66.56,47.26,11000 -66.46,47.57,11000 -66.15,47.69,11000 -65.65,47.67,11000 -65.21,47.73,11000 -64.84,47.85,11000 -64.61,48.04,11000 -64.66,48.27,11000 -64.96,48.51,11000 -65.30,48.74,11000 -65.69,48.89,11000 -66.28,49.04,11000 -66.42,49.17,11000 -66.43,49.31,11000 -66.36,49.44,11000 
          </coordinates>
        </LinearRing>
      </innerBoundaryIs>
  </Polygon>
 </MultiGeometry>
</Placemark>
<Placemark>
  <name>95%</name>
  <visibility>1</visibility>
  <styleUrl>#poly_95</styleUrl>
  <MultiGeometry>
    <Polygon>
      <outerBoundaryIs>
        <LinearRing>
          <coordinates>
-118.44,51.26,11000 -118.40,51.27,11000 -118.36,51.27,11000 -118.32,51.28,11000 -118.27,51.28,11000 -118.23,51.29,11000 -118.19,51.29,11000 -118.15,51.29,11000 -118.10,51.30,11000 -118.06,51.30,11000 -118.02,51.30,11000 -117.97,51.31,11000 -117.93,51.31,11000 -117.89,51.31,11000 -117.85,51.32,11000 -117.80,51.32,11000 -117.76,51.33,11000 -117.72,51.33,11000 -117.68,51.34,11000 -117.64,51.35,11000 -117.59,51.35,11000 -117.55,51.36,11000 -117.51,51.36,11000 -117.46,51.37,11000 -117.42,51.37,11000 -117.38,51.37,11000 -117.33,51.38,11000 -117.28,51.38,11000 -117.24,51.38,11000 -117.20,51.38,11000 -117.16,51.38,11000 -117.11,51.38,11000 -117.06,51.38,11000 -117.02,51.38,11000 -117.01,51.38,11000 -117.02,51.37,11000 -117.06,51.36,11000 -117.11,51.34,11000 -117.15,51.32,11000 -117.18,51.30,11000 -117.21,51.28,11000 -117.23,51.26,11000 -117.26,51.24,11000 -117.28,51.21,11000 -117.30,51.19,11000 -117.31,51.16,11000 -117.31,51.14,11000 -117.31,51.11,11000 -117.31,51.08,11000 -117.30,51.05,11000 -117.29,51.02,11000 -117.28,50.99,11000 -117.26,50.97,11000 -117.24,50.94,11000 -117.22,50.92,11000 -117.19,50.89,11000 -117.17,50.87,11000 -117.15,50.85,11000 -117.12,50.83,11000 -117.09,50.80,11000 -117.06,50.78,11000 -117.03,50.76,11000 -117.01,50.74,11000 -116.99,50.73,11000 -116.99,50.72,11000 -117.03,50.72,11000 -117.06,50.72,11000 -117.09,50.72,11000 -117.13,50.72,11000 -117.18,50.73,11000 -117.22,50.73,11000 -117.26,50.74,11000 -117.30,50.75,11000 -117.34,50.77,11000 -117.37,50.79,11000 -117.41,50.81,11000 -117.44,50.83,11000 -117.47,50.84,11000 -117.50,50.86,11000 -117.52,50.86,11000 -117.55,50.88,11000 -117.58,50.89,11000 -117.61,50.91,11000 -117.64,50.93,11000 -117.68,50.95,11000 -117.71,50.97,11000 -117.74,50.98,11000 -117.78,50.99,11000 -117.81,51.00,11000 -117.85,51.00,11000 -117.88,51.00,11000 -117.93,51.00,11000 -117.97,51.01,11000 -118.02,51.01,11000 -118.06,51.01,11000 -118.11,51.01,11000 -118.16,51.01,11000 -118.21,51.01,11000 -118.26,51.01,11000 -118.31,51.01,11000 -118.35,51.02,11000 -118.38,51.02,11000 -118.41,51.04,11000 -118.41,51.07,11000 -118.42,51.09,11000 -118.43,51.11,11000 -118.45,51.14,11000 -118.47,51.16,11000 -118.48,51.19,11000 -118.50,51.22,11000 -118.44,51.26,11000 
          </coordinates>
        </LinearRing>
      </outerBoundaryIs>
  </Polygon>
 </MultiGeometry>
</Placemark>
<Placemark>
  <name>95%</name>
  <visibility>1</visibility>
  <styleUrl>#poly_95</styleUrl>
  <MultiGeometry>
    <Polygon>
      <outerBoundaryIs>
        <LinearRing>
          <coordinates>
-115.28,44.49,11000 -115.28,44.49,11000 -115.24,44.47,11000 -115.22,44.46,11000 -115.19,44.45,11000 -115.16,44.43,11000 -115.12,44.42,11000 -115.08,44.40,11000 -115.05,44.39,11000 -115.02,44.38,11000 -114.98,44.37,11000 -114.95,44.36,11000 -114.91,44.36,11000 -114.88,44.35,11000 -114.86,44.33,11000 -114.85,44.31,11000 -114.84,44.28,11000 -114.84,44.25,11000 -114.84,44.22,11000 -114.84,44.19,11000 -114.83,44.16,11000 -114.81,44.13,11000 -114.78,44.11,11000 -114.76,44.09,11000 -114.73,44.08,11000 -114.71,44.06,11000 -114.69,44.04,11000 -114.69,44.03,11000 -114.68,44.00,11000 -114.67,43.98,11000 -114.66,43.95,11000 -114.64,43.92,11000 -114.63,43.89,11000 -114.62,43.86,11000 -114.61,43.84,11000 -114.62,43.82,11000 -114.66,43.80,11000 -114.68,43.79,11000 -114.71,43.77,11000 -114.74,43.75,11000 -114.77,43.73,11000 -114.80,43.71,11000 -114.84,43.70,11000 -114.87,43.69,11000 -114.91,43.69,11000 -114.95,43.70,11000 -114.99,43.71,11000 -115.03,43.72,11000 -115.07,43.74,11000 -115.10,43.75,11000 -115.13,43.76,11000 -115.15,43.78,11000 -115.16,43.80,11000 -115.16,43.83,11000 -115.17,43.86,11000 -115.18,43.89,11000 -115.19,43.92,11000 -115.20,43.95,11000 -115.21,43.98,11000 -115.21,44.01,11000 -115.22,44.04,11000 -115.22,44.06,11000 -115.23,44.09,11000 -115.24,44.12,11000 -115.25,44.15,11000 -115.27,44.17,11000 -115.28,44.20,11000 -115.30,44.23,11000 -115.31,44.25,11000 -115.32,44.28,11000 -115.33,44.31,11000 -115.33,44.34,11000 -115.34,44.36,11000 -115.34,44.39,11000 -115.35,44.42,11000 -115.35,44.45,11000 -115.28,44.49,11000 
          </coordinates>
        </LinearRing>
      </outerBoundaryIs>
  </Polygon>
 </MultiGeometry>
</Placemark>
<Placemark>
  <name>95%</name>
  <visibility>1</visibility>
  <styleUrl>#poly_95</styleUrl>
  <MultiGeometry>
    <Polygon>
      <outerBoundaryIs>
        <LinearRing>
          <coordinates>
-66.36,49.44,11000 -65.92,49.35,11000 -65.53,49.17,11000 -65.15,49.03,11000 -64.74,48.85,11000 -64.37,48.65,11000 -64.04,48.43,11000 -63.80,48.20,11000 -63.56,47.98,11000 -63.20,47.77,11000 -62.85,47.60,11000 -62.42,47.45,11000 -62.48,47.18,11000 -62.58,46.91,11000 -62.70,46.57,11000 -62.82,46.25,11000 -62.95,45.85,11000 -63.08,45.47,11000 -63.21,45.07,11000 -63.35,44.74,11000 -63.69,44.56,11000 -64.03,44.44,11000 -64.31,44.11,11000 -64.57,43.90,11000 -64.88,43.68,11000 -65.19,43.53,11000 -65.54,43.40,11000 -66.02,43.31,11000 -66.44,43.24,11000 -66.91,43.16,11000 -67.35,43.09,11000 -67.73,43.03,11000 -68.18,43.03,11000 -68.57,42.99,11000 -69.01,42.87,11000 -69.33,42.75,11000 -69.64,42.58,11000 -69.92,42.28,11000 -70.10,41.91,11000 -70.27,41.54,11000 -70.41,41.29,11000 -70.72,41.12,11000 -71.13,40.93,11000 -71.52,40.75,11000 -71.76,40.59,11000 -72.14,40.41,11000 -72.49,40.27,11000 -72.87,40.10,11000 -73.21,39.93,11000 -73.53,39.74,11000 -73.78,39.55,11000 -74.03,39.35,11000 -74.33,39.14,11000 -74.63,38.93,11000 -74.88,38.69,11000 -75.09,38.47,11000 -75.37,38.22,11000 -75.50,38.11,11000 -75.73,38.16,11000 -75.94,38.40,11000 -75.98,38.78,11000 -76.04,38.97,11000 -75.97,39.22,11000 -75.87,39.38,11000 -75.90,39.56,11000 -76.20,39.60,11000 -76.39,39.52,11000 -76.87,39.41,11000 -76.92,39.59,11000 -76.91,39.77,11000 -76.78,39.83,11000 -76.46,40.00,11000 -76.41,40.24,11000 -76.52,40.35,11000 -76.72,40.59,11000 -76.55,40.84,11000 -76.56,41.16,11000 -76.86,41.19,11000 -77.08,41.00,11000 -77.24,40.85,11000 -77.41,40.82,11000 -77.76,40.96,11000 -78.12,40.78,11000 -78.45,40.55,11000 -78.60,40.29,11000 -78.87,40.00,11000 -79.12,39.76,11000 -79.34,39.47,11000 -79.43,39.11,11000 -79.60,38.86,11000 -79.80,38.58,11000 -80.15,38.36,11000 -80.51,38.13,11000 -80.95,37.84,11000 -81.29,37.64,11000 -81.48,37.68,11000 -81.48,37.76,11000 -81.33,38.05,11000 -81.12,38.25,11000 -80.85,38.48,11000 -80.56,38.74,11000 -80.27,39.00,11000 -80.02,39.27,11000 -79.81,39.51,11000 -79.59,39.85,11000 -79.36,40.10,11000 -79.09,40.34,11000 -78.81,40.59,11000 -78.58,40.85,11000 -78.54,41.04,11000 -78.60,41.25,11000 -78.73,41.53,11000 -79.00,41.74,11000 -79.47,41.73,11000 -80.07,41.69,11000 -80.47,41.69,11000 -80.19,42.00,11000 -79.91,42.16,11000 -79.54,42.27,11000 -79.23,42.46,11000 -79.05,42.71,11000 -78.87,42.96,11000 -78.54,43.11,11000 -78.24,43.16,11000 -77.97,43.15,11000 -77.43,43.00,11000 -77.27,42.74,11000 -77.09,42.44,11000 -77.06,42.23,11000 -76.99,42.04,11000 -76.72,41.94,11000 -76.46,41.88,11000 -76.17,41.98,11000 -75.82,42.21,11000 -75.49,42.45,11000 -75.32,42.62,11000 -75.13,42.76,11000 -74.94,42.78,11000 -74.53,42.84,11000 -74.09,42.88,11000 -73.61,42.79,11000 -73.25,43.00,11000 -72.91,43.22,11000 -72.44,43.20,11000 -71.96,43.26,11000 -71.46,43.34,11000 -71.11,43.44,11000 -70.78,43.56,11000 -70.37,43.69,11000 -70.01,43.80,11000 -69.69,43.93,11000 -69.43,44.11,11000 -69.13,44.40,11000 -68.83,44.62,11000 -68.50,44.90,11000 -68.27,45.22,11000 -68.07,45.50,11000 -67.81,45.78,11000 -67.45,45.95,11000 -67.12,46.08,11000 -66.84,46.34,11000 -66.65,46.58,11000 -66.57,46.79,11000 -66.51,47.01,11000 -66.56,47.26,11000 -66.46,47.57,11000 -66.15,47.69,11000 -65.65,47.67,11000 -65.21,47.73,11000 -64.84,47.85,11000 -64.61,48.04,11000 -64.66,48.27,11000 -64.96,48.51,11000 -65.30,48.74,11000 -65.69,48.89,11000 -66.28,49.04,11000 -66.42,49.17,11000 -66.43,49.31,11000 -66.36,49.44,11000 
          </coordinates>
        </LinearRing>
      </outerBoundaryIs>
  </Polygon>
 </MultiGeometry>
</Placemark>
<Placemark>
  <name>95%</name>
  <visibility>1</visibility>
  <styleUrl>#poly_95</styleUrl>
  <MultiGeometry>
    <Polygon>
      <outerBoundaryIs>
        <LinearRing>
          <coordinates>
-113.30,48.08,11000 -113.29,48.07,11000 -113.28,48.06,11000 -113.28,48.05,11000 -113.27,48.03,11000 -113.26,48.02,11000 -113.25,48.01,11000 -113.25,48.00,11000 -113.24,47.99,11000 -113.23,47.98,11000 -113.23,47.97,11000 -113.22,47.96,11000 -113.22,47.94,11000 -113.21,47.93,11000 -113.21,47.92,11000 -113.21,47.91,11000 -113.21,47.89,11000 -113.21,47.88,11000 -113.21,47.86,11000 -113.21,47.85,11000 -113.21,47.83,11000 -113.21,47.82,11000 -113.21,47.80,11000 -113.21,47.79,11000 -113.22,47.78,11000 -113.22,47.77,11000 -113.22,47.76,11000 -113.22,47.75,11000 -113.22,47.73,11000 -113.23,47.73,11000 -113.24,47.73,11000 -113.25,47.73,11000 -113.26,47.75,11000 -113.26,47.76,11000 -113.27,47.77,11000 -113.27,47.78,11000 -113.28,47.79,11000 -113.28,47.80,11000 -113.29,47.81,11000 -113.30,47.83,11000 -113.30,47.84,11000 -113.31,47.86,11000 -113.31,47.87,11000 -113.31,47.88,11000 -113.32,47.90,11000 -113.32,47.91,11000 -113.32,47.92,11000 -113.32,47.94,11000 -113.32,47.95,11000 -113.32,47.96,11000 -113.32,47.97,11000 -113.32,47.99,11000 -113.32,48.00,11000 -113.32,48.01,11000 -113.32,48.03,11000 -113.32,48.04,11000 -113.31,48.05,11000 -113.31,48.07,11000 -113.31,48.08,11000 -113.30,48.08,11000 
          </coordinates>
        </LinearRing>
      </outerBoundaryIs>
  </Polygon>
 </MultiGeometry>
</Placemark>
<Placemark>
  <name>95%</name>
  <visibility>1</visibility>
  <styleUrl>#poly_95</styleUrl>
  <MultiGeometry>
    <Polygon>
      <outerBoundaryIs>
        <LinearRing>
          <coordinates>
-83.98,46.13,11000 -83.87,46.12,11000 -83.75,46.11,11000 -83.65,46.11,11000 -83.54,46.10,11000 -83.44,46.09,11000 -83.34,46.07,11000 -83.25,46.06,11000 -83.14,46.04,11000 -83.04,46.02,11000 -82.95,45.99,11000 -82.86,45.96,11000 -82.77,45.93,11000 -82.67,45.89,11000 -82.57,45.84,11000 -82.47,45.79,11000 -82.38,45.74,11000 -82.31,45.70,11000 -82.23,45.64,11000 -82.18,45.59,11000 -82.14,45.54,11000 -82.11,45.49,11000 -82.11,45.41,11000 -82.11,45.35,11000 -82.12,45.28,11000 -82.13,45.20,11000 -82.14,45.11,11000 -82.15,45.03,11000 -82.16,44.94,11000 -82.16,44.87,11000 -82.17,44.79,11000 -82.17,44.71,11000 -82.17,44.63,11000 -82.18,44.55,11000 -82.18,44.48,11000 -82.18,44.42,11000 -82.18,44.34,11000 -82.19,44.27,11000 -82.19,44.22,11000 -82.20,44.17,11000 -82.23,44.09,11000 -82.29,44.03,11000 -82.36,43.99,11000 -82.45,43.95,11000 -82.54,43.93,11000 -82.64,43.91,11000 -82.74,43.94,11000 -82.78,43.99,11000 -82.81,44.06,11000 -82.85,44.14,11000 -82.89,44.23,11000 -82.93,44.30,11000 -82.97,44.36,11000 -83.02,44.43,11000 -83.07,44.49,11000 -83.12,44.54,11000 -83.19,44.60,11000 -83.27,44.65,11000 -83.37,44.70,11000 -83.47,44.75,11000 -83.56,44.79,11000 -83.64,44.84,11000 -83.72,44.90,11000 -83.78,44.95,11000 -83.84,45.00,11000 -83.89,45.05,11000 -83.96,45.12,11000 -84.02,45.18,11000 -84.07,45.24,11000 -84.11,45.31,11000 -84.11,45.40,11000 -84.09,45.46,11000 -84.06,45.52,11000 -84.03,45.59,11000 -84.01,45.67,11000 -84.00,45.74,11000 -84.01,45.81,11000 -84.04,45.88,11000 -84.08,45.95,11000 -84.13,46.02,11000 -84.18,46.09,11000 -83.98,46.13,11000 
          </coordinates>
        </LinearRing>
      </outerBoundaryIs>
  </Polygon>
 </MultiGeometry>
</Placemark>
<Placemark>
  <name>95%</name>
  <visibility>1</visibility>
  <styleUrl>#poly_95</styleUrl>
  <MultiGeometry>
    <Polygon>
      <outerBoundaryIs>
        <LinearRing>
          <coordinates>
-110.64,44.29,11000 -110.58,44.29,11000 -110.52,44.28,11000 -110.46,44.28,11000 -110.40,44.28,11000 -110.35,44.28,11000 -110.30,44.29,11000 -110.25,44.30,11000 -110.20,44.31,11000 -110.16,44.31,11000 -110.11,44.29,11000 -110.07,44.26,11000 -110.03,44.25,11000 -109.98,44.23,11000 -109.94,44.22,11000 -109.90,44.20,11000 -109.87,44.17,11000 -109.85,44.14,11000 -109.83,44.10,11000 -109.81,44.06,11000 -109.78,44.02,11000 -109.77,43.97,11000 -109.76,43.94,11000 -109.77,43.92,11000 -109.81,43.90,11000 -109.85,43.88,11000 -109.89,43.86,11000 -109.93,43.82,11000 -109.98,43.79,11000 -110.02,43.76,11000 -110.05,43.74,11000 -110.07,43.71,11000 -110.09,43.68,11000 -110.12,43.64,11000 -110.15,43.60,11000 -110.16,43.56,11000 -110.15,43.53,11000 -110.14,43.49,11000 -110.12,43.46,11000 -110.10,43.42,11000 -110.10,43.39,11000 -110.11,43.36,11000 -110.14,43.32,11000 -110.17,43.29,11000 -110.20,43.26,11000 -110.23,43.24,11000 -110.27,43.21,11000 -110.32,43.20,11000 -110.37,43.18,11000 -110.42,43.17,11000 -110.46,43.16,11000 -110.50,43.16,11000 -110.54,43.18,11000 -110.56,43.20,11000 -110.59,43.24,11000 -110.62,43.28,11000 -110.65,43.31,11000 -110.67,43.34,11000 -110.70,43.37,11000 -110.73,43.39,11000 -110.76,43.41,11000 -110.79,43.44,11000 -110.82,43.47,11000 -110.84,43.50,11000 -110.84,43.53,11000 -110.83,43.57,11000 -110.82,43.62,11000 -110.81,43.65,11000 -110.80,43.68,11000 -110.78,43.70,11000 -110.75,43.72,11000 -110.72,43.75,11000 -110.68,43.78,11000 -110.64,43.81,11000 -110.60,43.84,11000 -110.58,43.87,11000 -110.57,43.91,11000 -110.58,43.95,11000 -110.60,44.00,11000 -110.62,44.04,11000 -110.63,44.07,11000 -110.64,44.11,11000 -110.65,44.14,11000 -110.67,44.18,11000 -110.68,44.21,11000 -110.64,44.29,11000 
          </coordinates>
        </LinearRing>
      </outerBoundaryIs>
  </Polygon>
 </MultiGeometry>
</Placemark>
<Placemark>
  <name>95%</name>
  <visibility>1</visibility>
  <styleUrl>#poly_95</styleUrl>
  <MultiGeometry>
    <Polygon>
      <outerBoundaryIs>
        <LinearRing>
          <coordinates>
-116.54,49.97,11000 -116.54,49.97,11000 -116.53,49.97,11000 -116.53,49.97,11000 -116.52,49.95,11000 -116.52,49.95,11000 -116.52,49.94,11000 -116.52,49.93,11000 -116.51,49.93,11000 -116.51,49.92,11000 -116.51,49.91,11000 -116.51,49.90,11000 -116.51,49.90,11000 -116.51,49.89,11000 -116.51,49.88,11000 -116.50,49.87,11000 -116.50,49.86,11000 -116.50,49.85,11000 -116.50,49.84,11000 -116.50,49.83,11000 -116.50,49.82,11000 -116.50,49.82,11000 -116.49,49.81,11000 -116.49,49.80,11000 -116.49,49.80,11000 -116.49,49.79,11000 -116.49,49.78,11000 -116.49,49.78,11000 -116.49,49.76,11000 -116.49,49.77,11000 -116.49,49.76,11000 -116.50,49.78,11000 -116.50,49.78,11000 -116.50,49.79,11000 -116.50,49.79,11000 -116.51,49.80,11000 -116.51,49.80,11000 -116.51,49.81,11000 -116.51,49.82,11000 -116.51,49.82,11000 -116.52,49.83,11000 -116.52,49.84,11000 -116.52,49.85,11000 -116.52,49.85,11000 -116.53,49.86,11000 -116.53,49.87,11000 -116.53,49.88,11000 -116.53,49.89,11000 -116.54,49.90,11000 -116.54,49.90,11000 -116.54,49.91,11000 -116.54,49.92,11000 -116.55,49.93,11000 -116.55,49.94,11000 -116.54,49.97,11000 
          </coordinates>
        </LinearRing>
      </outerBoundaryIs>
  </Polygon>
 </MultiGeometry>
</Placemark>
<Placemark>
  <name>95%</name>
  <visibility>1</visibility>
  <styleUrl>#poly_95</styleUrl>
  <MultiGeometry>
    <Polygon>
      <outerBoundaryIs>
        <LinearRing>
          <coordinates>
-116.39,51.45,11000 -116.37,51.45,11000 -116.35,51.45,11000 -116.34,51.46,11000 -116.32,51.46,11000 -116.30,51.46,11000 -116.28,51.46,11000 -116.27,51.46,11000 -116.25,51.46,11000 -116.23,51.46,11000 -116.22,51.47,11000 -116.21,51.47,11000 -116.19,51.47,11000 -116.18,51.47,11000 -116.17,51.47,11000 -116.16,51.47,11000 -116.15,51.47,11000 -116.14,51.47,11000 -116.14,51.47,11000 -116.13,51.47,11000 -116.13,51.47,11000 -116.13,51.47,11000 -116.13,51.47,11000 -116.13,51.47,11000 -116.14,51.47,11000 -116.15,51.46,11000 -116.16,51.46,11000 -116.17,51.46,11000 -116.18,51.46,11000 -116.19,51.45,11000 -116.21,51.45,11000 -116.22,51.45,11000 -116.24,51.44,11000 -116.25,51.44,11000 -116.27,51.44,11000 -116.28,51.43,11000 -116.30,51.43,11000 -116.31,51.43,11000 -116.33,51.43,11000 -116.34,51.42,11000 -116.36,51.42,11000 -116.37,51.42,11000 -116.38,51.42,11000 -116.40,51.42,11000 -116.41,51.42,11000 -116.42,51.42,11000 -116.44,51.42,11000 -116.45,51.42,11000 -116.46,51.42,11000 -116.48,51.42,11000 -116.49,51.42,11000 -116.50,51.42,11000 -116.51,51.42,11000 -116.52,51.42,11000 -116.54,51.43,11000 -116.55,51.43,11000 -116.56,51.43,11000 -116.39,51.45,11000 
          </coordinates>
        </LinearRing>
      </outerBoundaryIs>
  </Polygon>
 </MultiGeometry>
</Placemark>
<Placemark>
  <name>95%</name>
  <visibility>1</visibility>
  <styleUrl>#poly_95</styleUrl>
  <MultiGeometry>
    <Polygon>
      <outerBoundaryIs>
        <LinearRing>
          <coordinates>
-88.68,49.08,11000 -88.53,49.07,11000 -88.39,49.05,11000 -88.16,48.96,11000 -87.95,48.89,11000 -87.71,48.82,11000 -87.50,48.76,11000 -87.30,48.69,11000 -87.13,48.61,11000 -86.96,48.49,11000 -86.81,48.34,11000 -86.65,48.16,11000 -86.51,48.00,11000 -86.40,47.83,11000 -86.31,47.70,11000 -86.19,47.59,11000 -86.06,47.47,11000 -85.95,47.30,11000 -85.86,47.13,11000 -85.84,47.00,11000 -85.83,46.87,11000 -85.73,46.70,11000 -85.64,46.52,11000 -85.61,46.36,11000 -85.65,46.16,11000 -85.72,46.01,11000 -85.81,45.82,11000 -85.91,45.65,11000 -85.98,45.51,11000 -86.02,45.38,11000 -86.02,45.32,11000 -86.02,45.20,11000 -85.97,45.09,11000 -85.87,44.98,11000 -85.69,44.89,11000 -85.51,44.81,11000 -85.38,44.72,11000 -85.33,44.62,11000 -85.41,44.51,11000 -85.56,44.41,11000 -85.72,44.36,11000 -85.91,44.29,11000 -86.08,44.18,11000 -86.26,44.05,11000 -86.40,43.97,11000 -86.48,44.03,11000 -86.50,44.15,11000 -86.49,44.25,11000 -86.47,44.38,11000 -86.46,44.52,11000 -86.45,44.68,11000 -86.45,44.84,11000 -86.45,45.04,11000 -86.48,45.21,11000 -86.58,45.35,11000 -86.71,45.48,11000 -86.81,45.60,11000 -86.95,45.71,11000 -87.16,45.79,11000 -87.43,45.87,11000 -87.66,45.96,11000 -87.91,46.07,11000 -88.12,46.15,11000 -88.39,46.18,11000 -88.52,46.17,11000 -88.67,46.14,11000 -88.88,46.11,11000 -89.13,46.08,11000 -89.32,46.08,11000 -89.53,46.09,11000 -89.73,46.10,11000 -89.99,46.13,11000 -90.20,46.16,11000 -90.37,46.24,11000 -90.43,46.32,11000 -90.46,46.43,11000 -90.42,46.57,11000 -90.32,46.71,11000 -90.15,46.82,11000 -89.95,46.92,11000 -89.76,47.00,11000 -89.58,47.08,11000 -89.41,47.17,11000 -89.26,47.28,11000 -89.18,47.40,11000 -89.11,47.53,11000 -89.05,47.65,11000 -88.99,47.78,11000 -88.92,47.89,11000 -88.77,48.01,11000 -88.63,48.12,11000 -88.58,48.23,11000 -88.60,48.33,11000 -88.69,48.40,11000 -88.82,48.47,11000 -89.01,48.55,11000 -89.15,48.65,11000 -89.09,48.80,11000 -88.93,48.97,11000 -88.68,49.08,11000 
          </coordinates>
        </LinearRing>
      </outerBoundaryIs>
  </Polygon>
 </MultiGeometry>
</Placemark>
<Placemark>
  <name>95%</name>
  <visibility>1</visibility>
  <styleUrl>#poly_95</styleUrl>
  <MultiGeometry>
    <Polygon>
      <outerBoundaryIs>
        <LinearRing>
          <coordinates>
-121.55,46.83,11000 -121.54,46.83,11000 -121.53,46.84,11000 -121.52,46.84,11000 -121.51,46.85,11000 -121.51,46.85,11000 -121.50,46.86,11000 -121.49,46.86,11000 -121.48,46.86,11000 -121.47,46.87,11000 -121.46,46.87,11000 -121.46,46.88,11000 -121.45,46.88,11000 -121.44,46.88,11000 -121.43,46.89,11000 -121.42,46.89,11000 -121.42,46.89,11000 -121.41,46.90,11000 -121.40,46.90,11000 -121.39,46.90,11000 -121.39,46.91,11000 -121.38,46.91,11000 -121.37,46.91,11000 -121.37,46.91,11000 -121.36,46.91,11000 -121.36,46.92,11000 -121.35,46.92,11000 -121.34,46.92,11000 -121.34,46.92,11000 -121.33,46.92,11000 -121.33,46.92,11000 -121.32,46.92,11000 -121.32,46.92,11000 -121.31,46.91,11000 -121.31,46.91,11000 -121.30,46.91,11000 -121.30,46.90,11000 -121.30,46.89,11000 -121.30,46.89,11000 -121.30,46.88,11000 -121.29,46.87,11000 -121.29,46.87,11000 -121.29,46.86,11000 -121.29,46.85,11000 -121.29,46.85,11000 -121.29,46.84,11000 -121.29,46.83,11000 -121.28,46.83,11000 -121.28,46.82,11000 -121.28,46.81,11000 -121.27,46.81,11000 -121.27,46.80,11000 -121.27,46.79,11000 -121.26,46.79,11000 -121.26,46.78,11000 -121.26,46.78,11000 -121.26,46.77,11000 -121.27,46.77,11000 -121.27,46.76,11000 -121.28,46.76,11000 -121.28,46.76,11000 -121.29,46.76,11000 -121.30,46.76,11000 -121.30,46.76,11000 -121.31,46.75,11000 -121.32,46.75,11000 -121.33,46.75,11000 -121.34,46.75,11000 -121.35,46.75,11000 -121.36,46.75,11000 -121.37,46.75,11000 -121.38,46.75,11000 -121.39,46.75,11000 -121.40,46.75,11000 -121.41,46.75,11000 -121.42,46.75,11000 -121.43,46.75,11000 -121.44,46.75,11000 -121.45,46.75,11000 -121.46,46.75,11000 -121.47,46.75,11000 -121.48,46.75,11000 -121.49,46.76,11000 -121.50,46.76,11000 -121.50,46.76,11000 -121.51,46.76,11000 -121.52,46.76,11000 -121.52,46.76,11000 -121.53,46.76,11000 -121.54,46.76,11000 -121.55,46.77,11000 -121.56,46.77,11000 -121.56,46.78,11000 -121.57,46.78,11000 -121.57,46.79,11000 -121.56,46.80,11000 -121.56,46.80,11000 -121.56,46.81,11000 -121.55,46.83,11000 
          </coordinates>
        </LinearRing>
      </outerBoundaryIs>
  </Polygon>
 </MultiGeometry>
</Placemark>
<Placemark>
  <name>95%</name>
  <visibility>1</visibility>
  <styleUrl>#poly_95</styleUrl>
  <MultiGeometry>
    <Polygon>
      <outerBoundaryIs>
        <LinearRing>
          <coordinates>
-124.27,50.54,11000 -124.05,50.59,11000 -123.83,50.64,11000 -123.61,50.68,11000 -123.40,50.72,11000 -123.20,50.76,11000 -123.01,50.78,11000 -122.83,50.79,11000 -122.66,50.79,11000 -122.51,50.78,11000 -122.34,50.74,11000 -122.20,50.66,11000 -122.08,50.57,11000 -121.98,50.47,11000 -121.89,50.37,11000 -121.81,50.27,11000 -121.73,50.18,11000 -121.61,50.05,11000 -121.53,49.92,11000 -121.46,49.81,11000 -121.39,49.72,11000 -121.23,49.65,11000 -121.10,49.61,11000 -121.05,49.53,11000 -121.02,49.43,11000 -120.97,49.34,11000 -120.90,49.24,11000 -120.83,49.16,11000 -120.70,49.09,11000 -120.56,49.04,11000 -120.42,49.00,11000 -120.29,48.96,11000 -120.19,48.90,11000 -120.13,48.83,11000 -120.15,48.79,11000 -120.23,48.68,11000 -120.27,48.60,11000 -120.32,48.50,11000 -120.38,48.39,11000 -120.44,48.27,11000 -120.50,48.14,11000 -120.56,48.03,11000 -120.61,47.94,11000 -120.70,47.81,11000 -120.79,47.70,11000 -120.88,47.61,11000 -120.96,47.53,11000 -121.11,47.40,11000 -121.22,47.37,11000 -121.25,47.44,11000 -121.27,47.55,11000 -121.27,47.67,11000 -121.28,47.78,11000 -121.29,47.89,11000 -121.30,47.98,11000 -121.29,48.06,11000 -121.25,48.16,11000 -121.21,48.26,11000 -121.19,48.39,11000 -121.20,48.51,11000 -121.26,48.60,11000 -121.36,48.67,11000 -121.50,48.74,11000 -121.63,48.80,11000 -121.65,48.89,11000 -121.58,48.97,11000 -121.47,49.08,11000 -121.36,49.18,11000 -121.27,49.27,11000 -121.19,49.36,11000 -121.17,49.43,11000 -121.17,49.51,11000 -121.20,49.59,11000 -121.28,49.65,11000 -121.39,49.70,11000 -121.48,49.75,11000 -121.60,49.79,11000 -121.73,49.79,11000 -121.88,49.78,11000 -122.04,49.77,11000 -122.19,49.75,11000 -122.35,49.72,11000 -122.50,49.70,11000 -122.65,49.68,11000 -122.80,49.67,11000 -122.93,49.67,11000 -123.05,49.71,11000 -123.16,49.75,11000 -123.33,49.75,11000 -123.49,49.77,11000 -123.55,49.87,11000 -123.58,49.98,11000 -123.62,50.05,11000 -123.67,50.11,11000 -123.77,50.17,11000 -123.89,50.21,11000 -124.07,50.22,11000 -124.17,50.26,11000 -124.26,50.33,11000 -124.32,50.41,11000 -124.36,50.51,11000 -124.27,50.54,11000 
          </coordinates>
        </LinearRing>
      </outerBoundaryIs>
  </Polygon>
 </MultiGeometry>
</Placemark>
<Placemark>
  <name>95%</name>
  <visibility>1</visibility>
  <styleUrl>#poly_95</styleUrl>
  <MultiGeometry>
    <Polygon>
      <outerBoundaryIs>
        <LinearRing>
          <coordinates>
-80.76,44.67,11000 -80.73,44.67,11000 -80.71,44.67,11000 -80.68,44.66,11000 -80.66,44.66,11000 -80.64,44.66,11000 -80.61,44.65,11000 -80.59,44.64,11000 -80.56,44.64,11000 -80.54,44.63,11000 -80.52,44.62,11000 -80.50,44.61,11000 -80.48,44.60,11000 -80.46,44.58,11000 -80.44,44.56,11000 -80.42,44.55,11000 -80.40,44.53,11000 -80.38,44.51,11000 -80.37,44.50,11000 -80.35,44.48,11000 -80.34,44.47,11000 -80.33,44.46,11000 -80.31,44.44,11000 -80.31,44.44,11000 -80.31,44.42,11000 -80.31,44.41,11000 -80.30,44.39,11000 -80.30,44.37,11000 -80.29,44.35,11000 -80.29,44.33,11000 -80.28,44.31,11000 -80.28,44.30,11000 -80.28,44.28,11000 -80.28,44.26,11000 -80.29,44.24,11000 -80.29,44.23,11000 -80.30,44.21,11000 -80.32,44.20,11000 -80.34,44.19,11000 -80.36,44.18,11000 -80.38,44.18,11000 -80.40,44.17,11000 -80.43,44.17,11000 -80.46,44.16,11000 -80.48,44.16,11000 -80.51,44.16,11000 -80.54,44.16,11000 -80.57,44.16,11000 -80.59,44.16,11000 -80.61,44.17,11000 -80.63,44.17,11000 -80.66,44.18,11000 -80.68,44.20,11000 -80.70,44.21,11000 -80.72,44.22,11000 -80.74,44.24,11000 -80.76,44.25,11000 -80.78,44.26,11000 -80.79,44.27,11000 -80.81,44.28,11000 -80.84,44.29,11000 -80.86,44.30,11000 -80.88,44.30,11000 -80.90,44.31,11000 -80.92,44.33,11000 -80.93,44.34,11000 -80.94,44.36,11000 -80.95,44.37,11000 -80.95,44.39,11000 -80.96,44.41,11000 -80.97,44.43,11000 -80.98,44.45,11000 -80.99,44.47,11000 -80.99,44.49,11000 -81.00,44.51,11000 -80.76,44.67,11000 
          </coordinates>
        </LinearRing>
      </outerBoundaryIs>
  </Polygon>
 </MultiGeometry>
</Placemark>
<Placemark>
  <name>95%</name>
  <visibility>1</visibility>
  <styleUrl>#poly_95</styleUrl>
  <MultiGeometry>
    <Polygon>
      <outerBoundaryIs>
        <LinearRing>
          <coordinates>
-90.48,48.56,11000 -90.43,48.57,11000 -90.38,48.57,11000 -90.32,48.58,11000 -90.27,48.59,11000 -90.22,48.59,11000 -90.17,48.59,11000 -90.12,48.60,11000 -90.07,48.60,11000 -90.02,48.60,11000 -89.97,48.60,11000 -89.92,48.60,11000 -89.87,48.61,11000 -89.82,48.61,11000 -89.77,48.61,11000 -89.72,48.61,11000 -89.67,48.61,11000 -89.62,48.60,11000 -89.57,48.60,11000 -89.52,48.59,11000 -89.47,48.58,11000 -89.42,48.57,11000 -89.36,48.56,11000 -89.31,48.54,11000 -89.26,48.53,11000 -89.22,48.52,11000 -89.16,48.51,11000 -89.14,48.49,11000 -89.15,48.46,11000 -89.16,48.43,11000 -89.19,48.39,11000 -89.21,48.36,11000 -89.22,48.32,11000 -89.22,48.28,11000 -89.22,48.25,11000 -89.22,48.21,11000 -89.22,48.18,11000 -89.22,48.15,11000 -89.23,48.11,11000 -89.24,48.08,11000 -89.25,48.05,11000 -89.25,48.02,11000 -89.28,47.99,11000 -89.31,47.97,11000 -89.35,47.94,11000 -89.39,47.92,11000 -89.44,47.89,11000 -89.48,47.87,11000 -89.51,47.85,11000 -89.54,47.83,11000 -89.56,47.83,11000 -89.59,47.82,11000 -89.63,47.81,11000 -89.68,47.80,11000 -89.72,47.79,11000 -89.77,47.78,11000 -89.82,47.77,11000 -89.87,47.77,11000 -89.92,47.76,11000 -89.97,47.76,11000 -90.02,47.75,11000 -90.07,47.75,11000 -90.12,47.74,11000 -90.17,47.74,11000 -90.22,47.74,11000 -90.27,47.73,11000 -90.32,47.72,11000 -90.38,47.71,11000 -90.44,47.70,11000 -90.48,47.70,11000 -90.52,47.69,11000 -90.56,47.69,11000 -90.60,47.69,11000 -90.66,47.68,11000 -90.72,47.67,11000 -90.77,47.67,11000 -90.82,47.67,11000 -90.86,47.67,11000 -90.90,47.67,11000 -90.93,47.69,11000 -90.94,47.71,11000 -90.94,47.75,11000 -90.94,47.78,11000 -90.93,47.82,11000 -90.92,47.86,11000 -90.91,47.89,11000 -90.90,47.93,11000 -90.88,47.96,11000 -90.87,48.00,11000 -90.85,48.03,11000 -90.83,48.06,11000 -90.81,48.10,11000 -90.79,48.13,11000 -90.77,48.17,11000 -90.76,48.19,11000 -90.75,48.22,11000 -90.74,48.24,11000 -90.73,48.26,11000 -90.71,48.29,11000 -90.68,48.33,11000 -90.66,48.36,11000 -90.64,48.39,11000 -90.62,48.42,11000 -90.59,48.45,11000 -90.57,48.49,11000 -90.54,48.52,11000 -90.48,48.56,11000 
          </coordinates>
        </LinearRing>
      </outerBoundaryIs>
  </Polygon>
 </MultiGeometry>
</Placemark>
    </Folder>
  </Document>
</kml>
