<?xml version="1.0" encoding="UTF-8"?>
<kml xmlns="http://www.opengis.net/kml/2.2">
<Document id="prb_72hsnow_ge02_f072">
<name>WPC 72-Hr Prob of Snow > 2"</name>
  <open>1</open>
  <snippet>Valid 12Z 03/14/2026 - 12Z 03/17/2026</snippet>
  <description></description>
    <Style id="poly_1">
        <IconStyle>
           <color>00000000</color>
           <scale>1</scale>
        </IconStyle>
        <LabelStyle>
            <color>ff26478b</color>
            <scale>0.8</scale>
        </LabelStyle>
        <LineStyle>
            <color>6626478b</color>
            <width>0</width>
        </LineStyle>
	<PolyStyle>
            <color>6626478b</color>
	</PolyStyle>
        <BalloonStyle>
            <text>
                <![CDATA[ <table border=0 width="300"><tr><td style="font-size:10pt;">
                During this forecast period, there is a <b>1-5%</b> probability of snowfall exceeding the depicted amount in the enclosed area.
                <br/><br/>
                *<span style="font-size:8pt;">Note that in cases where this contour is embedded within a 5% contour, 
                the probability of snowfall exceeding the depicted amount is &lt;1%.</span>
                </td></tr></table>]]>
            </text>
        </BalloonStyle>
    </Style>

    <Style id="poly_5">
        <IconStyle>
           <color>00000000</color>
           <scale>1</scale>
        </IconStyle>
        <LabelStyle>
            <color>ff00eeee</color>
            <scale>0.8</scale>
        </LabelStyle>
        <LineStyle>
            <color>6600eeee</color>
            <width>0.4</width>
        </LineStyle>
	<PolyStyle>
	    <color>6600eeee</color>
	</PolyStyle>
        <BalloonStyle>
            <text>
                <![CDATA[ <table border=0 width="300"><tr><td style="font-size:10pt;">
                During this forecast period, there is a <b>5-10%</b> probability of snowfall exceeding the depicted amount in the enclosed area.
                <br/><br/>
                *<span style="font-size:8pt;">Note that in cases where this contour is embedded within a 10% contour, 
                the probability of snowfall exceeding the depicted amount is &lt;5%.</span>
                </td></tr></table>]]>
            </text>
        </BalloonStyle>
    </Style>

    <Style id="poly_10">
        <IconStyle>
           <color>00000000</color>
           <scale>1</scale>
        </IconStyle>
        <LabelStyle>
            <color>ff00ff7f</color>
            <scale>0.8</scale>
        </LabelStyle>
        <LineStyle>
            <color>6600ff7f</color>
            <width>0.4</width>
        </LineStyle>
	<PolyStyle>
	    <color>6600ff7f</color>
	</PolyStyle>
        <BalloonStyle>
            <text>
                <![CDATA[ <table border=0 width="300"><tr><td style="font-size:10pt;">
                During this forecast period, there is a <b>10-20%</b> probability of snowfall exceeding the depicted amount in the enclosed area.
                <br/><br/>
                *<span style="font-size:8pt;">Note that in cases where this contour is embedded within a 20% contour, 
                the probability of snowfall exceeding the depicted amount is &lt;10%.</span>
                </td></tr></table>]]>
            </text>
        </BalloonStyle>
    </Style>
    
    <Style id="poly_20">
        <IconStyle>
            <color>00000000</color>
            <scale>1</scale>
        </IconStyle>
        <LabelStyle>
            <color>ff00cd00</color>
            <scale>0.8</scale>
        </LabelStyle>
        <LineStyle>
            <color>6600cd00</color>
	    <width>0.4</width>
	</LineStyle>
	<PolyStyle>
	    <color>6600cd00</color>
	</PolyStyle>
        <BalloonStyle>
            <text>
                <![CDATA[ <table border=0 width="300"><tr><td style="font-size:10pt;">
                During this forecast period, there is a <b>20-30%</b> probability of snowfall exceeding the depicted amount in the enclosed area.
                <br/><br/>
                *<span style="font-size:8pt;">Note that in cases where this contour is embedded within a 30% contour, 
                the probability of snowfall exceeding the depicted amount is &lt;20%.</span>
                </td></tr></table>]]>
            </text>
        </BalloonStyle>
    </Style>

    <Style id="poly_30">
        <IconStyle>
            <color>00000000</color>
            <scale>1</scale>
        </IconStyle>
        <LabelStyle>
            <color>ff008b00</color>
            <scale>0.8</scale>
        </LabelStyle>
        <LineStyle>
            <color>66008b00</color>
	    <width>0.4</width>
	</LineStyle>
	<PolyStyle>
	    <color>66008b00</color>
	</PolyStyle>
        <BalloonStyle>
            <text>
                <![CDATA[ <table border=0 width="300"><tr><td style="font-size:10pt;">
                During this forecast period, there is a <b>30-40%</b> probability of snowfall exceeding the depicted amount in the enclosed area.
                <br/><br/>
                *<span style="font-size:8pt;">Note that in cases where this contour is embedded within a 40% contour, 
                the probability of snowfall exceeding the depicted amount is &lt;30%.</span>
                </td></tr></table>]]>
            </text>
        </BalloonStyle>
    </Style>

    <Style id="poly_40">
        <IconStyle>
            <color>00000000</color>
            <scale>1</scale>
        </IconStyle>
        <LabelStyle>
            <color>ff8b4e10</color>
            <scale>0.8</scale>
        </LabelStyle>
        <LineStyle>
            <color>668b4e10</color>
	    <width>0.4</width>
	</LineStyle>
	<PolyStyle>
	    <color>668b4e10</color>
	</PolyStyle>
        <BalloonStyle>
            <text>
                <![CDATA[ <table border=0 width="300"><tr><td style="font-size:10pt;">
                During this forecast period, there is a <b>40-50%</b> probability of snowfall exceeding the depicted amount in the enclosed area.
                <br/><br/>
                *<span style="font-size:8pt;">Note that in cases where this contour is embedded within a 50% contour, 
                the probability of snowfall exceeding the depicted amount is &lt;40%.</span>
                </td></tr></table>]]>
            </text>
        </BalloonStyle>
    </Style>

    <Style id="poly_50">
        <IconStyle>
            <color>00000000</color>
            <scale>1</scale>
        </IconStyle>
        <LabelStyle>
            <color>ffff901e</color>
            <scale>0.8</scale>
        </LabelStyle>
        <LineStyle>
            <color>66ff901e</color>
	    <width>0.4</width>
	</LineStyle>
	<PolyStyle>
	    <color>66ff901e</color>
	</PolyStyle>
        <BalloonStyle>
            <text>
                <![CDATA[ <table border=0 width="300"><tr><td style="font-size:10pt;">
                During this forecast period, there is a <b>50-60%</b> probability of snowfall exceeding the depicted amount in the enclosed area.
                <br/><br/>
                *<span style="font-size:8pt;">Note that in cases where this contour is embedded within a 60% contour, 
                the probability of snowfall exceeding the depicted amount is &lt;50%.</span>
                </td></tr></table>]]>
            </text>
        </BalloonStyle>
    </Style>

    <Style id="poly_60">
        <IconStyle>
            <color>00000000</color>
            <scale>1</scale>
        </IconStyle>
        <LabelStyle>
            <color>ffeeb200</color>
            <scale>0.8</scale>
        </LabelStyle>
        <LineStyle>
            <color>66eeb200</color>
	    <width>0.4</width>
	</LineStyle>
	<PolyStyle>
	    <color>66eeb200</color>
	</PolyStyle>
        <BalloonStyle>
            <text>
                <![CDATA[ <table border=0 width="300"><tr><td style="font-size:10pt;">
                During this forecast period, there is a <b>60-70%</b> probability of snowfall exceeding the depicted amount in the enclosed area.
                <br/><br/>
                *<span style="font-size:8pt;">Note that in cases where this contour is embedded within a 70% contour, 
                the probability of snowfall exceeding the depicted amount is &lt;60%.</span>
                </td></tr></table>]]>
            </text>
        </BalloonStyle>
    </Style>
    
    <Style id="poly_70">
        <IconStyle>
            <color>00000000</color>
            <scale>1</scale>
        </IconStyle>
        <LabelStyle>
            <color>ffeeee00</color>
            <scale>0.8</scale>
        </LabelStyle>
        <LineStyle>
            <color>66eeee00</color>
	    <width>0.4</width>
	</LineStyle>
	<PolyStyle>
	    <color>66eeee00</color>
	</PolyStyle>
        <BalloonStyle>
            <text>
                <![CDATA[ <table border=0 width="300"><tr><td style="font-size:10pt;">
                During this forecast period, there is a <b>70-80%</b> probability of snowfall exceeding the depicted amount in the enclosed area.
                <br/><br/>
                *<span style="font-size:8pt;">Note that in cases where this contour is embedded within a 80% contour, 
                the probability of snowfall exceeding the depicted amount is &lt;70%.</span>
                </td></tr></table>]]>
            </text>
        </BalloonStyle>
    </Style>

    <Style id="poly_80">
        <IconStyle>
            <color>00000000</color>
            <scale>1</scale>
        </IconStyle>
        <LabelStyle>
            <color>ff4782ff</color>
            <scale>0.8</scale>
        </LabelStyle>
        <LineStyle>
            <color>664782ff</color>
	    <width>0.4</width>
	</LineStyle>
	<PolyStyle>
	    <color>664782ff</color>
	</PolyStyle>
        <BalloonStyle>
            <text>
                <![CDATA[ <table border=0 width="300"><tr><td style="font-size:10pt;">
                During this forecast period, there is a <b>80-90%</b> probability of snowfall exceeding the depicted amount in the enclosed area.
                <br/><br/>
                *<span style="font-size:8pt;">Note that in cases where this contour is embedded within a 90% contour, 
                the probability of snowfall exceeding the depicted amount is &lt;80%.</span>
                </td></tr></table>]]>
            </text>
        </BalloonStyle>
    </Style>

    <Style id="poly_90">
        <IconStyle>
            <color>00000000</color>
            <scale>1</scale>
        </IconStyle>
        <LabelStyle>
            <color>ff2c2cee</color>
            <scale>0.8</scale>
        </LabelStyle>
        <LineStyle>
            <color>662c2cee</color>
            <width>0.4</width>
        </LineStyle>
        <PolyStyle>
            <color>662c2cee</color>
        </PolyStyle>
        <BalloonStyle>
            <text>
                <![CDATA[ <table border=0 width="300"><tr><td style="font-size:10pt;">
                During this forecast period, there is a <b>90-95%</b> probability of snowfall exceeding the depicted amount in the enclosed area.
                <br/><br/>
                *<span style="font-size:8pt;">Note that in cases where this contour is embedded within a 95% contour, 
                the probability of snowfall exceeding the depicted amount is &lt;90%.</span>
                </td></tr></table>]]>
            </text>
        </BalloonStyle>
    </Style>

    <Style id="poly_95">
        <IconStyle>
            <color>00000000</color>
            <scale>1</scale>
        </IconStyle>
        <LabelStyle>
            <color>ff00008b</color>
            <scale>0.8</scale>
        </LabelStyle>
        <LineStyle>
            <color>6600008b</color>
	    <width>0.4</width>
	</LineStyle>
	<PolyStyle>
	    <color>6600008b</color>
	</PolyStyle>
        <BalloonStyle>
            <text>
                <![CDATA[ <table border=0 width="300"><tr><td style="font-size:10pt;">
                The probability of snowfall exceeding the depicted amount is <b>&ge;95%</b> in the enclosed area during this forecast period.
                </td></tr></table>]]>
            </text>
        </BalloonStyle>
    </Style>

  <ScreenOverlay>
    <name>Logos</name>
    <description></description>
    <Icon>
      <href>https://www.wpc.ncep.noaa.gov/images/noaa_and_nws_logo.png</href>
    </Icon>
   <overlayXY x=".01" y=".01" xunits="fraction" yunits="fraction" />
   <screenXY x=".01" y=".01" xunits="fraction" yunits="fraction" />
   <rotationXY x="0" y="0" xunits="fraction" yunits="fraction" />
   <size x="-1" y="-1" xunits="fraction" yunits="fraction" />
  </ScreenOverlay>
    <Folder>
      <name>Snow Probabilities</name>
      <open>0</open>
<Placemark>
  <name>1%</name>
  <visibility>1</visibility>
  <styleUrl>#poly_1</styleUrl>
  <MultiGeometry>
    <Polygon>
      <outerBoundaryIs>
        <LinearRing>
          <coordinates>
-127.93,50.44,0 -127.21,50.57,0 -126.43,50.69,0 -124.60,50.95,0 -123.79,51.07,0 -122.88,51.16,0 -122.60,51.06,0 -122.21,51.02,0 -121.73,50.80,0 -121.44,50.70,0 -121.33,50.75,0 -121.22,50.89,0 -121.28,51.12,0 -121.24,51.28,0 -121.04,51.41,0 -120.54,51.48,0 -119.69,51.58,0 -118.19,51.74,0 -116.44,51.92,0 -116.05,51.95,0 -115.73,51.83,0 -115.40,51.56,0 -115.28,51.20,0 -115.13,51.09,0 -114.96,50.85,0 -114.66,50.60,0 -114.36,50.65,0 -113.91,50.91,0 -113.60,51.03,0 -113.18,51.05,0 -112.51,50.90,0 -112.00,50.73,0 -111.53,50.54,0 -111.00,50.41,0 -110.40,50.29,0 -109.89,50.36,0 -109.57,50.50,0 -109.17,50.51,0 -108.61,50.28,0 -108.27,50.14,0 -107.94,49.82,0 -106.63,49.54,0 -105.14,49.40,0 -104.22,49.38,0 -103.64,49.34,0 -102.86,49.27,0 -102.19,49.26,0 -101.72,49.25,0 -101.32,49.14,0 -100.76,48.96,0 -100.30,48.83,0 -99.90,48.77,0 -99.61,48.69,0 -99.05,48.54,0 -98.44,48.43,0 -97.94,48.39,0 -97.70,48.35,0 -97.36,48.24,0 -96.86,48.07,0 -96.27,47.99,0 -95.55,48.06,0 -94.75,48.07,0 -93.40,48.28,0 -92.34,48.48,0 -91.76,48.55,0 -91.28,48.71,0 -90.96,48.86,0 -90.44,49.17,0 -89.91,49.68,0 -89.08,50.14,0 -89.04,50.69,0 -88.91,50.98,0 -88.51,51.09,0 -87.75,51.18,0 -87.27,51.17,0 -86.86,51.13,0 -85.45,50.94,0 -85.05,50.88,0 -84.78,50.79,0 -84.37,50.55,0 -84.17,50.42,0 -83.74,50.32,0 -83.23,50.05,0 -83.02,49.88,0 -82.82,49.82,0 -82.31,49.66,0 -81.91,49.37,0 -81.70,49.27,0 -81.28,49.16,0 -80.20,48.87,0 -79.66,48.77,0 -79.13,48.61,0 -78.37,48.43,0 -78.13,48.35,0 -77.69,48.32,0 -77.18,48.39,0 -76.55,48.40,0 -75.56,48.64,0 -74.73,48.89,0 -74.24,49.14,0 -73.75,49.32,0 -73.32,49.44,0 -72.99,49.81,0 -72.58,50.01,0 -72.36,50.10,0 -72.18,50.31,0 -71.82,50.66,0 -71.30,50.91,0 -70.56,51.09,0 -69.98,51.20,0 -69.31,51.29,0 -68.66,51.29,0 -67.84,51.24,0 -67.45,51.16,0 -67.20,51.03,0 -65.87,50.54,0 -65.55,50.31,0 -65.19,49.93,0 -64.69,49.76,0 -64.52,49.64,0 -64.37,49.42,0 -64.48,49.18,0 -64.36,49.07,0 -63.98,48.89,0 -63.35,48.79,0 -63.02,48.72,0 -62.74,48.56,0 -61.90,48.17,0 -61.58,47.85,0 -61.70,47.35,0 -62.08,46.29,0 -62.46,45.23,0 -62.68,44.76,0 -62.92,44.62,0 -63.14,44.59,0 -63.68,44.50,0 -64.23,44.35,0 -64.56,44.35,0 -64.92,44.40,0 -65.25,44.53,0 -65.32,44.79,0 -65.13,45.08,0 -65.24,45.13,0 -65.58,45.03,0 -66.00,45.08,0 -66.22,45.01,0 -66.65,45.02,0 -67.33,45.09,0 -67.96,45.00,0 -68.27,45.01,0 -68.45,45.08,0 -68.95,45.02,0 -69.71,45.08,0 -70.54,44.68,0 -70.83,44.45,0 -70.91,44.18,0 -71.06,43.91,0 -71.35,43.77,0 -71.80,43.78,0 -72.20,43.83,0 -72.27,43.61,0 -72.50,42.65,0 -72.82,42.35,0 -73.15,42.16,0 -73.43,42.10,0 -73.71,42.14,0 -74.04,41.91,0 -74.35,41.58,0 -74.77,41.32,0 -75.13,40.95,0 -75.60,40.71,0 -76.03,40.60,0 -76.45,40.42,0 -76.68,40.36,0 -76.87,40.42,0 -77.03,40.37,0 -77.11,40.13,0 -77.10,39.87,0 -77.23,39.62,0 -77.42,39.53,0 -77.83,39.60,0 -78.15,39.54,0 -78.34,39.22,0 -78.53,39.03,0 -78.80,38.91,0 -79.05,38.51,0 -79.16,38.31,0 -79.39,38.07,0 -79.67,37.86,0 -79.90,37.66,0 -79.96,37.44,0 -80.11,37.17,0 -80.29,37.04,0 -80.60,36.90,0 -80.77,36.74,0 -81.02,36.39,0 -81.39,36.00,0 -81.73,35.73,0 -82.24,35.44,0 -82.43,35.43,0 -82.66,35.28,0 -82.99,35.09,0 -83.48,34.87,0 -83.82,34.81,0 -84.10,34.70,0 -84.41,34.69,0 -84.69,34.82,0 -84.73,35.21,0 -84.89,35.26,0 -85.12,35.10,0 -85.57,34.92,0 -85.87,34.75,0 -86.08,34.70,0 -86.26,34.75,0 -86.65,34.97,0 -87.00,35.04,0 -87.39,35.22,0 -87.70,35.35,0 -87.81,35.45,0 -87.93,35.70,0 -87.92,35.88,0 -87.75,36.29,0 -87.42,36.54,0 -87.17,37.05,0 -87.08,37.49,0 -87.09,38.02,0 -87.17,38.09,0 -87.33,38.20,0 -87.51,38.12,0 -87.90,37.89,0 -88.07,37.89,0 -88.12,38.22,0 -88.15,38.46,0 -88.38,38.44,0 -88.86,38.27,0 -89.49,38.27,0 -90.13,38.35,0 -90.69,38.25,0 -91.10,38.33,0 -91.53,38.32,0 -91.93,38.32,0 -92.37,38.27,0 -92.68,38.23,0 -93.04,38.28,0 -93.26,38.39,0 -93.40,38.60,0 -93.50,38.74,0 -93.76,38.84,0 -94.09,38.91,0 -94.19,39.04,0 -94.32,39.27,0 -94.51,39.39,0 -95.02,39.59,0 -95.28,39.81,0 -95.52,40.10,0 -96.10,40.79,0 -96.27,41.20,0 -96.63,41.50,0 -96.85,41.62,0 -97.27,41.70,0 -97.76,41.75,0 -98.75,41.92,0 -99.84,42.21,0 -100.40,42.36,0 -100.83,42.37,0 -102.27,42.30,0 -102.73,42.15,0 -103.07,42.12,0 -103.46,42.13,0 -103.97,42.38,0 -104.30,42.50,0 -104.69,42.39,0 -104.96,42.14,0 -105.27,41.98,0 -105.15,41.69,0 -104.99,40.42,0 -104.93,40.22,0 -104.71,40.07,0 -104.43,39.95,0 -104.22,39.79,0 -103.94,39.53,0 -103.84,39.33,0 -103.90,39.17,0 -104.21,38.88,0 -104.60,38.66,0 -104.98,38.46,0 -105.30,38.54,0 -105.49,38.72,0 -105.66,38.83,0 -105.93,38.81,0 -106.11,38.55,0 -106.36,38.40,0 -106.72,38.49,0 -107.14,38.63,0 -107.49,38.90,0 -107.66,39.20,0 -107.84,39.52,0 -108.15,39.78,0 -107.99,40.64,0 -107.77,41.49,0 -107.63,41.65,0 -107.34,41.82,0 -107.36,42.02,0 -107.63,42.08,0 -107.98,42.07,0 -108.32,42.00,0 -108.69,41.94,0 -108.90,41.97,0 -109.09,42.07,0 -109.85,42.54,0 -110.33,41.87,0 -110.69,41.79,0 -110.90,41.86,0 -111.01,41.81,0 -111.00,41.52,0 -110.91,41.34,0 -110.49,41.39,0 -110.16,41.29,0 -109.95,41.12,0 -109.68,41.02,0 -109.53,40.87,0 -109.56,40.62,0 -109.70,40.53,0 -110.04,40.43,0 -110.35,40.39,0 -110.57,40.27,0 -110.89,40.17,0 -111.24,40.22,0 -111.46,40.43,0 -111.70,40.49,0 -111.85,40.59,0 -111.76,40.72,0 -111.49,40.79,0 -111.41,41.05,0 -111.38,41.18,0 -111.54,41.21,0 -111.73,41.39,0 -111.83,41.71,0 -111.93,41.99,0 -111.94,42.26,0 -111.72,42.70,0 -111.70,42.97,0 -111.81,43.21,0 -111.71,43.56,0 -111.70,43.78,0 -111.55,43.95,0 -111.62,44.19,0 -112.05,44.44,0 -112.38,44.51,0 -112.61,44.64,0 -112.79,44.35,0 -113.03,44.16,0 -113.41,43.89,0 -113.87,43.72,0 -114.58,43.18,0 -115.01,43.13,0 -115.33,43.20,0 -115.91,43.35,0 -116.07,43.83,0 -116.14,44.06,0 -116.33,44.17,0 -116.52,44.31,0 -116.66,44.56,0 -116.71,44.85,0 -117.13,44.80,0 -117.54,44.77,0 -117.82,44.91,0 -118.28,44.64,0 -118.48,44.57,0 -118.72,44.68,0 -118.77,44.92,0 -118.50,45.31,0 -118.67,45.57,0 -118.55,45.83,0 -118.54,45.98,0 -118.37,46.18,0 -118.07,46.38,0 -117.86,46.43,0 -117.59,46.47,0 -117.40,46.42,0 -117.17,46.20,0 -117.09,45.99,0 -116.97,46.02,0 -116.91,46.22,0 -116.75,46.40,0 -116.47,46.51,0 -116.48,46.58,0 -116.74,46.73,0 -116.99,47.04,0 -116.91,47.36,0 -117.00,47.80,0 -117.11,48.24,0 -117.22,48.35,0 -117.45,48.38,0 -117.80,48.63,0 -118.06,48.75,0 -118.29,48.74,0 -118.80,48.88,0 -119.34,48.99,0 -119.98,48.46,0 -119.99,48.27,0 -120.13,48.02,0 -120.43,47.75,0 -120.53,47.63,0 -120.53,47.37,0 -120.83,46.93,0 -121.07,46.67,0 -121.01,46.43,0 -121.21,46.21,0 -121.53,46.17,0 -121.80,46.26,0 -121.92,46.44,0 -122.17,46.55,0 -122.32,46.98,0 -122.17,47.24,0 -122.17,47.47,0 -122.08,47.64,0 -122.12,47.93,0 -122.54,48.55,0 -122.42,48.89,0 -122.48,49.07,0 -122.82,49.05,0 -123.14,49.11,0 -123.55,49.18,0 -123.48,48.83,0 -123.46,48.63,0 -123.57,48.43,0 -123.94,48.30,0 -124.32,48.38,0 -125.07,48.70,0 -125.81,48.96,0 -126.68,49.31,0 -126.77,49.47,0 -126.94,49.55,0 -127.34,49.71,0 -128.04,50.11,0 -127.93,50.44,0 -127.93,50.44,0 
          </coordinates>
        </LinearRing>
      </outerBoundaryIs>
      <innerBoundaryIs>
        <LinearRing>
          <coordinates>
-83.93,42.29,0 -83.88,42.29,0 -83.84,42.29,0 -83.79,42.28,0 -83.75,42.28,0 -83.70,42.28,0 -83.66,42.28,0 -83.61,42.27,0 -83.57,42.27,0 -83.53,42.27,0 -83.49,42.26,0 -83.46,42.26,0 -83.42,42.26,0 -83.39,42.25,0 -83.36,42.24,0 -83.32,42.23,0 -83.28,42.22,0 -83.23,42.20,0 -83.20,42.19,0 -83.16,42.17,0 -83.12,42.16,0 -83.09,42.14,0 -83.05,42.12,0 -83.01,42.11,0 -82.97,42.10,0 -82.93,42.08,0 -82.88,42.07,0 -82.84,42.06,0 -82.81,42.05,0 -82.78,42.04,0 -82.78,42.03,0 -82.78,42.01,0 -82.79,41.97,0 -82.79,41.95,0 -82.79,41.92,0 -82.80,41.89,0 -82.82,41.86,0 -82.84,41.84,0 -82.87,41.81,0 -82.90,41.78,0 -82.94,41.76,0 -82.97,41.73,0 -82.99,41.70,0 -83.01,41.67,0 -83.02,41.64,0 -83.02,41.60,0 -83.03,41.57,0 -83.03,41.54,0 -83.04,41.52,0 -83.05,41.49,0 -83.06,41.48,0 -83.09,41.46,0 -83.12,41.45,0 -83.16,41.43,0 -83.20,41.41,0 -83.24,41.39,0 -83.29,41.38,0 -83.33,41.37,0 -83.37,41.37,0 -83.41,41.37,0 -83.45,41.37,0 -83.48,41.38,0 -83.52,41.39,0 -83.56,41.40,0 -83.59,41.41,0 -83.63,41.43,0 -83.66,41.45,0 -83.70,41.47,0 -83.73,41.50,0 -83.76,41.51,0 -83.78,41.53,0 -83.81,41.55,0 -83.83,41.56,0 -83.85,41.58,0 -83.87,41.60,0 -83.90,41.63,0 -83.92,41.66,0 -83.95,41.69,0 -83.97,41.72,0 -83.99,41.74,0 -84.00,41.76,0 -84.00,41.78,0 -84.01,41.81,0 -84.02,41.84,0 -84.03,41.87,0 -84.03,41.91,0 -84.04,41.94,0 -84.05,41.97,0 -84.06,42.01,0 -84.08,42.04,0 -84.08,42.08,0 -84.08,42.11,0 -84.07,42.14,0 -84.05,42.17,0 -84.04,42.20,0 -84.01,42.22,0 -83.99,42.25,0 -83.96,42.28,0 -83.93,42.29,0 
          </coordinates>
        </LinearRing>
      </innerBoundaryIs>
      <innerBoundaryIs>
        <LinearRing>
          <coordinates>
-104.54,43.59,0 -104.51,43.59,0 -104.48,43.60,0 -104.46,43.60,0 -104.43,43.60,0 -104.40,43.60,0 -104.38,43.60,0 -104.36,43.61,0 -104.34,43.61,0 -104.32,43.61,0 -104.30,43.61,0 -104.27,43.61,0 -104.25,43.61,0 -104.23,43.60,0 -104.22,43.59,0 -104.20,43.58,0 -104.18,43.57,0 -104.16,43.56,0 -104.14,43.55,0 -104.12,43.53,0 -104.09,43.52,0 -104.08,43.51,0 -104.06,43.50,0 -104.03,43.49,0 -104.01,43.48,0 -103.99,43.47,0 -103.97,43.46,0 -103.96,43.44,0 -103.96,43.43,0 -103.96,43.41,0 -103.96,43.39,0 -103.97,43.37,0 -103.97,43.35,0 -103.98,43.33,0 -103.98,43.31,0 -103.99,43.29,0 -104.00,43.27,0 -104.00,43.26,0 -104.00,43.24,0 -104.01,43.23,0 -104.03,43.22,0 -104.04,43.21,0 -104.06,43.20,0 -104.08,43.19,0 -104.10,43.18,0 -104.12,43.17,0 -104.14,43.16,0 -104.17,43.14,0 -104.19,43.14,0 -104.21,43.13,0 -104.24,43.12,0 -104.26,43.12,0 -104.28,43.12,0 -104.30,43.13,0 -104.33,43.13,0 -104.35,43.14,0 -104.38,43.15,0 -104.40,43.16,0 -104.42,43.17,0 -104.44,43.19,0 -104.46,43.20,0 -104.48,43.20,0 -104.50,43.21,0 -104.53,43.22,0 -104.56,43.22,0 -104.57,43.22,0 -104.60,43.23,0 -104.62,43.24,0 -104.64,43.25,0 -104.66,43.26,0 -104.68,43.28,0 -104.70,43.29,0 -104.72,43.31,0 -104.73,43.32,0 -104.75,43.33,0 -104.77,43.34,0 -104.79,43.36,0 -104.81,43.37,0 -104.82,43.38,0 -104.83,43.39,0 -104.83,43.40,0 -104.82,43.42,0 -104.80,43.43,0 -104.77,43.45,0 -104.76,43.46,0 -104.74,43.47,0 -104.73,43.48,0 -104.71,43.50,0 -104.70,43.51,0 -104.68,43.52,0 -104.66,43.54,0 -104.64,43.55,0 -104.62,43.57,0 -104.60,43.58,0 -104.54,43.59,0 
          </coordinates>
        </LinearRing>
      </innerBoundaryIs>
      <innerBoundaryIs>
        <LinearRing>
          <coordinates>
-108.27,44.60,0 -108.27,44.59,0 -108.24,44.57,0 -108.22,44.56,0 -108.20,44.55,0 -108.17,44.53,0 -108.14,44.51,0 -108.10,44.50,0 -108.07,44.48,0 -108.04,44.46,0 -108.02,44.45,0 -108.00,44.44,0 -107.98,44.43,0 -107.98,44.41,0 -107.97,44.39,0 -107.96,44.37,0 -107.96,44.35,0 -107.94,44.32,0 -107.93,44.30,0 -107.92,44.27,0 -107.90,44.25,0 -107.88,44.23,0 -107.85,44.21,0 -107.82,44.20,0 -107.79,44.18,0 -107.76,44.17,0 -107.74,44.15,0 -107.72,44.14,0 -107.70,44.12,0 -107.70,44.09,0 -107.70,44.07,0 -107.69,44.04,0 -107.68,44.01,0 -107.68,43.98,0 -107.67,43.95,0 -107.68,43.93,0 -107.69,43.91,0 -107.71,43.90,0 -107.75,43.89,0 -107.79,43.89,0 -107.83,43.89,0 -107.87,43.89,0 -107.90,43.89,0 -107.93,43.89,0 -107.95,43.88,0 -107.97,43.90,0 -107.99,43.91,0 -108.01,43.92,0 -108.04,43.94,0 -108.07,43.96,0 -108.09,43.97,0 -108.12,43.99,0 -108.15,44.01,0 -108.17,44.03,0 -108.19,44.05,0 -108.21,44.07,0 -108.21,44.10,0 -108.22,44.12,0 -108.22,44.15,0 -108.22,44.17,0 -108.23,44.20,0 -108.23,44.22,0 -108.23,44.24,0 -108.24,44.27,0 -108.24,44.29,0 -108.25,44.32,0 -108.25,44.34,0 -108.26,44.37,0 -108.26,44.39,0 -108.26,44.41,0 -108.27,44.44,0 -108.27,44.46,0 -108.27,44.49,0 -108.27,44.51,0 -108.28,44.54,0 -108.28,44.56,0 -108.27,44.60,0 
          </coordinates>
        </LinearRing>
      </innerBoundaryIs>
      <innerBoundaryIs>
        <LinearRing>
          <coordinates>
-108.53,44.73,1000 -108.47,44.74,1000 -108.42,44.75,1000 -108.37,44.75,1000 -108.32,44.76,1000 -108.29,44.76,1000 -108.26,44.74,1000 -108.24,44.72,1000 -108.20,44.69,1000 -108.17,44.66,1000 -108.13,44.63,1000 -108.10,44.60,1000 -108.07,44.58,1000 -108.04,44.56,1000 -108.02,44.55,1000 -108.00,44.53,1000 -107.98,44.50,1000 -107.95,44.48,1000 -107.93,44.45,1000 -107.90,44.42,1000 -107.87,44.39,1000 -107.83,44.37,1000 -107.80,44.34,1000 -107.76,44.32,1000 -107.74,44.30,1000 -107.73,44.28,1000 -107.72,44.26,1000 -107.71,44.23,1000 -107.69,44.20,1000 -107.67,44.16,1000 -107.65,44.13,1000 -107.64,44.09,1000 -107.63,44.05,1000 -107.62,44.02,1000 -107.62,43.98,1000 -107.62,43.95,1000 -107.62,43.92,1000 -107.63,43.88,1000 -107.64,43.85,1000 -107.68,43.82,1000 -107.71,43.81,1000 -107.76,43.79,1000 -107.81,43.78,1000 -107.86,43.77,1000 -107.91,43.77,1000 -107.95,43.77,1000 -108.00,43.78,1000 -108.05,43.79,1000 -108.09,43.80,1000 -108.13,43.81,1000 -108.16,43.82,1000 -108.20,43.84,1000 -108.22,43.88,1000 -108.24,43.91,1000 -108.26,43.94,1000 -108.28,43.97,1000 -108.29,44.01,1000 -108.31,44.04,1000 -108.32,44.07,1000 -108.33,44.11,1000 -108.34,44.14,1000 -108.35,44.18,1000 -108.36,44.21,1000 -108.37,44.24,1000 -108.38,44.28,1000 -108.39,44.31,1000 -108.40,44.35,1000 -108.41,44.38,1000 -108.42,44.42,1000 -108.44,44.45,1000 -108.45,44.49,1000 -108.47,44.52,1000 -108.48,44.55,1000 -108.50,44.59,1000 -108.51,44.62,1000 -108.52,44.65,1000 -108.53,44.69,1000 -108.53,44.72,1000 -108.53,44.73,1000 
          </coordinates>
        </LinearRing>
      </innerBoundaryIs>
      <innerBoundaryIs>
        <LinearRing>
          <coordinates>
-86.08,39.32,1000 -86.07,39.31,1000 -86.06,39.30,1000 -86.05,39.30,1000 -86.04,39.29,1000 -86.04,39.28,1000 -86.03,39.27,1000 -86.03,39.26,1000 -86.02,39.24,1000 -86.02,39.23,1000 -86.02,39.22,1000 -86.02,39.21,1000 -86.02,39.20,1000 -86.02,39.19,1000 -86.02,39.18,1000 -86.03,39.16,1000 -86.03,39.15,1000 -86.03,39.14,1000 -86.04,39.12,1000 -86.04,39.11,1000 -86.04,39.10,1000 -86.05,39.09,1000 -86.05,39.08,1000 -86.05,39.07,1000 -86.06,39.06,1000 -86.06,39.05,1000 -86.07,39.03,1000 -86.07,39.02,1000 -86.08,39.01,1000 -86.08,39.00,1000 -86.09,39.00,1000 -86.11,39.00,1000 -86.12,39.00,1000 -86.13,39.00,1000 -86.15,39.01,1000 -86.16,39.01,1000 -86.18,39.01,1000 -86.19,39.02,1000 -86.21,39.02,1000 -86.23,39.03,1000 -86.24,39.03,1000 -86.26,39.04,1000 -86.27,39.05,1000 -86.28,39.05,1000 -86.29,39.06,1000 -86.30,39.07,1000 -86.30,39.08,1000 -86.31,39.09,1000 -86.31,39.10,1000 -86.31,39.11,1000 -86.31,39.12,1000 -86.31,39.13,1000 -86.31,39.14,1000 -86.30,39.15,1000 -86.30,39.16,1000 -86.30,39.18,1000 -86.29,39.19,1000 -86.29,39.20,1000 -86.28,39.21,1000 -86.28,39.23,1000 -86.27,39.24,1000 -86.08,39.32,1000 
          </coordinates>
        </LinearRing>
      </innerBoundaryIs>
      <innerBoundaryIs>
        <LinearRing>
          <coordinates>
-83.18,42.68,1000 -83.10,42.69,1000 -83.02,42.69,1000 -82.95,42.69,1000 -82.87,42.69,1000 -82.80,42.69,1000 -82.73,42.68,1000 -82.66,42.67,1000 -82.59,42.66,1000 -82.53,42.65,1000 -82.47,42.63,1000 -82.40,42.61,1000 -82.33,42.59,1000 -82.28,42.56,1000 -82.24,42.53,1000 -82.22,42.49,1000 -82.22,42.46,1000 -82.23,42.41,1000 -82.25,42.35,1000 -82.26,42.31,1000 -82.27,42.26,1000 -82.29,42.21,1000 -82.31,42.16,1000 -82.33,42.10,1000 -82.35,42.05,1000 -82.38,42.00,1000 -82.41,41.95,1000 -82.45,41.91,1000 -82.49,41.86,1000 -82.53,41.81,1000 -82.57,41.77,1000 -82.61,41.72,1000 -82.65,41.67,1000 -82.68,41.62,1000 -82.72,41.56,1000 -82.75,41.50,1000 -82.78,41.44,1000 -82.81,41.39,1000 -82.84,41.34,1000 -82.87,41.30,1000 -82.93,41.25,1000 -82.98,41.21,1000 -83.04,41.18,1000 -83.10,41.16,1000 -83.16,41.14,1000 -83.23,41.12,1000 -83.29,41.10,1000 -83.36,41.10,1000 -83.42,41.11,1000 -83.49,41.12,1000 -83.56,41.14,1000 -83.62,41.16,1000 -83.67,41.18,1000 -83.72,41.21,1000 -83.75,41.23,1000 -83.81,41.28,1000 -83.85,41.30,1000 -83.91,41.33,1000 -83.97,41.36,1000 -84.03,41.40,1000 -84.10,41.43,1000 -84.16,41.47,1000 -84.21,41.51,1000 -84.25,41.55,1000 -84.28,41.60,1000 -84.30,41.66,1000 -84.32,41.72,1000 -84.32,41.78,1000 -84.33,41.84,1000 -84.34,41.90,1000 -84.35,41.96,1000 -84.37,42.01,1000 -84.39,42.07,1000 -84.41,42.12,1000 -84.42,42.17,1000 -84.44,42.22,1000 -84.45,42.27,1000 -84.46,42.31,1000 -84.46,42.37,1000 -84.45,42.43,1000 -84.43,42.47,1000 -84.40,42.51,1000 -84.36,42.54,1000 -84.31,42.56,1000 -84.23,42.58,1000 -84.13,42.59,1000 -84.07,42.59,1000 -84.01,42.59,1000 -83.94,42.59,1000 -83.86,42.59,1000 -83.78,42.58,1000 -83.70,42.58,1000 -83.61,42.57,1000 -83.52,42.57,1000 -83.43,42.56,1000 -83.18,42.68,1000 
          </coordinates>
        </LinearRing>
      </innerBoundaryIs>
      <innerBoundaryIs>
        <LinearRing>
          <coordinates>
-127.89,50.34,1000 -127.59,50.48,1000 -127.20,50.55,1000 -126.42,50.66,1000 -125.95,50.65,1000 -125.54,50.73,1000 -125.04,50.87,1000 -124.59,50.93,1000 -123.66,51.06,1000 -123.20,51.11,1000 -122.84,51.05,1000 -122.25,50.95,1000 -121.72,50.69,1000 -120.20,51.49,1000 -118.57,51.68,1000 -116.95,51.85,1000 -116.21,51.90,1000 -115.93,51.83,1000 -115.66,51.67,1000 -115.51,51.55,1000 -115.43,51.34,1000 -115.22,50.91,1000 -114.98,50.63,1000 -114.84,50.45,1000 -114.57,50.30,1000 -113.80,50.71,1000 -113.38,50.91,1000 -112.89,50.86,1000 -112.40,50.71,1000 -111.95,50.53,1000 -111.48,50.38,1000 -110.96,50.27,1000 -110.38,50.15,1000 -109.87,50.16,1000 -109.42,50.36,1000 -109.05,50.32,1000 -108.85,50.23,1000 -107.92,49.62,1000 -107.21,49.46,1000 -106.56,49.35,1000 -105.15,49.21,1000 -103.82,49.15,1000 -103.19,49.08,1000 -102.61,49.07,1000 -102.16,49.07,1000 -101.66,49.01,1000 -101.07,48.88,1000 -100.50,48.67,1000 -99.79,48.51,1000 -99.25,48.40,1000 -98.65,48.25,1000 -98.00,48.23,1000 -97.52,48.14,1000 -96.91,47.94,1000 -96.72,47.87,1000 -96.30,47.81,1000 -95.51,47.90,1000 -94.98,47.92,1000 -94.65,47.91,1000 -94.31,47.96,1000 -93.68,48.05,1000 -92.71,48.22,1000 -91.60,48.41,1000 -91.00,48.60,1000 -90.50,48.85,1000 -90.20,49.02,1000 -89.90,49.34,1000 -89.68,49.56,1000 -89.45,49.70,1000 -88.85,49.94,1000 -88.60,50.11,1000 -88.56,50.28,1000 -88.51,50.54,1000 -88.38,50.78,1000 -87.95,50.95,1000 -87.44,51.01,1000 -87.00,50.99,1000 -86.04,50.91,1000 -85.35,50.79,1000 -84.97,50.74,1000 -84.71,50.62,1000 -84.31,50.36,1000 -83.89,50.22,1000 -83.39,50.00,1000 -82.95,49.71,1000 -82.63,49.64,1000 -82.31,49.50,1000 -82.03,49.30,1000 -81.67,49.12,1000 -81.32,49.06,1000 -80.98,48.94,1000 -80.47,48.85,1000 -79.96,48.69,1000 -79.49,48.61,1000 -78.94,48.43,1000 -78.30,48.29,1000 -77.87,48.18,1000 -77.52,48.24,1000 -77.10,48.25,1000 -76.57,48.28,1000 -75.89,48.45,1000 -74.83,48.73,1000 -73.92,49.14,1000 -73.45,49.27,1000 -73.07,49.49,1000 -72.92,49.68,1000 -72.67,49.84,1000 -72.13,50.08,1000 -71.99,50.29,1000 -71.77,50.48,1000 -71.42,50.73,1000 -70.79,50.93,1000 -70.05,51.05,1000 -69.48,51.15,1000 -69.18,51.21,1000 -68.73,51.17,1000 -67.96,51.13,1000 -67.56,51.05,1000 -67.21,50.93,1000 -66.23,50.56,1000 -65.89,50.40,1000 -65.73,50.27,1000 -65.35,49.90,1000 -64.98,49.71,1000 -64.67,49.57,1000 -64.59,49.33,1000 -64.74,49.17,1000 -64.48,49.00,1000 -63.98,48.86,1000 -63.19,48.68,1000 -62.75,48.43,1000 -62.23,48.19,1000 -61.78,47.88,1000 -61.70,47.50,1000 -61.86,47.04,1000 -62.24,46.01,1000 -62.58,45.09,1000 -62.70,44.90,1000 -62.87,44.78,1000 -63.06,44.70,1000 -63.39,44.66,1000 -64.43,44.49,1000 -64.80,44.56,1000 -64.97,44.66,1000 -65.03,44.80,1000 -64.76,45.06,1000 -64.44,45.16,1000 -64.71,45.29,1000 -65.05,45.27,1000 -65.37,45.18,1000 -66.69,45.15,1000 -68.63,45.21,1000 -69.16,45.17,1000 -69.95,45.17,1000 -70.17,45.08,1000 -70.42,44.86,1000 -70.83,44.65,1000 -70.95,44.23,1000 -71.09,44.01,1000 -71.28,43.90,1000 -71.53,43.82,1000 -71.92,43.89,1000 -72.24,44.01,1000 -72.44,43.80,1000 -72.36,43.52,1000 -72.44,43.20,1000 -72.48,42.90,1000 -72.61,42.65,1000 -73.03,42.36,1000 -73.97,42.20,1000 -74.21,41.90,1000 -74.52,41.66,1000 -74.91,41.49,1000 -75.25,41.15,1000 -75.41,41.00,1000 -75.71,40.90,1000 -76.13,40.93,1000 -76.34,40.94,1000 -76.69,40.92,1000 -76.90,40.83,1000 -77.37,40.50,1000 -77.49,40.29,1000 -77.71,40.05,1000 -78.61,39.64,1000 -78.77,39.48,1000 -78.93,39.17,1000 -79.10,38.74,1000 -79.36,38.33,1000 -79.81,37.94,1000 -80.13,37.57,1000 -80.32,37.26,1000 -80.68,37.05,1000 -80.89,36.89,1000 -80.99,36.72,1000 -81.25,36.34,1000 -81.70,35.91,1000 -82.02,35.67,1000 -82.57,35.48,1000 -83.32,35.08,1000 -83.75,34.96,1000 -84.00,34.92,1000 -84.32,34.98,1000 -84.43,35.20,1000 -84.41,35.44,1000 -84.40,35.79,1000 -84.80,35.59,1000 -85.06,35.38,1000 -85.41,35.16,1000 -85.81,35.05,1000 -86.34,35.21,1000 -86.77,35.38,1000 -86.95,35.53,1000 -87.02,35.67,1000 -86.96,35.83,1000 -86.57,36.10,1000 -86.50,36.93,1000 -86.47,37.30,1000 -86.69,37.72,1000 -86.77,38.02,1000 -86.76,38.29,1000 -86.81,38.57,1000 -87.07,38.61,1000 -87.39,38.76,1000 -87.51,38.93,1000 -87.74,39.11,1000 -88.15,38.99,1000 -88.64,38.86,1000 -89.26,38.84,1000 -89.78,38.68,1000 -90.32,38.57,1000 -91.10,38.61,1000 -91.59,38.53,1000 -92.34,38.54,1000 -92.74,38.55,1000 -92.98,38.67,1000 -93.18,38.94,1000 -93.63,39.13,1000 -94.31,39.72,1000 -94.80,39.92,1000 -95.11,40.32,1000 -95.33,40.67,1000 -95.69,40.90,1000 -96.19,41.53,1000 -96.57,41.78,1000 -97.26,41.90,1000 -97.73,41.92,1000 -98.09,41.94,1000 -98.45,42.00,1000 -99.35,42.21,1000 -99.85,42.37,1000 -100.42,42.49,1000 -100.65,42.53,1000 -101.04,42.53,1000 -101.91,42.50,1000 -102.24,42.47,1000 -102.53,42.38,1000 -102.90,42.28,1000 -103.26,42.27,1000 -103.62,42.37,1000 -103.77,42.47,1000 -103.97,42.75,1000 -103.89,43.09,1000 -103.63,43.46,1000 -104.19,43.69,1000 -104.58,43.73,1000 -105.02,43.59,1000 -105.25,43.35,1000 -105.19,43.21,1000 -104.99,43.02,1000 -104.72,42.96,1000 -104.58,42.90,1000 -104.59,42.77,1000 -104.77,42.67,1000 -104.93,42.61,1000 -104.95,42.48,1000 -105.08,42.23,1000 -105.21,42.13,1000 -105.52,42.00,1000 -105.81,41.96,1000 -105.61,41.78,1000 -105.39,41.49,1000 -105.35,41.01,1000 -105.09,40.21,1000 -104.88,39.89,1000 -104.47,39.71,1000 -104.28,39.58,1000 -104.17,39.31,1000 -104.32,39.03,1000 -104.56,38.87,1000 -104.87,38.66,1000 -105.02,38.61,1000 -105.22,38.67,1000 -105.58,38.98,1000 -105.91,38.97,1000 -106.08,38.84,1000 -106.25,38.70,1000 -106.55,38.61,1000 -107.06,38.75,1000 -107.38,39.01,1000 -107.42,39.26,1000 -107.41,39.40,1000 -107.61,39.51,1000 -107.99,39.82,1000 -108.04,40.15,1000 -107.93,40.36,1000 -107.74,40.57,1000 -107.72,40.76,1000 -107.58,41.23,1000 -106.91,41.87,1000 -106.97,42.08,1000 -107.18,42.22,1000 -107.50,42.42,1000 -108.28,42.25,1000 -108.64,42.14,1000 -108.99,42.24,1000 -109.39,42.40,1000 -109.66,42.55,1000 -109.83,42.63,1000 -110.03,42.58,1000 -110.13,42.46,1000 -110.23,42.13,1000 -111.81,42.06,1000 -111.74,42.37,1000 -111.54,42.65,1000 -111.48,42.85,1000 -111.56,43.07,1000 -111.62,43.53,1000 -111.45,43.98,1000 -111.64,44.40,1000 -112.17,44.58,1000 -112.51,44.85,1000 -112.56,45.11,1000 -112.75,45.17,1000 -112.87,45.06,1000 -112.96,44.92,1000 -112.96,44.70,1000 -112.93,44.46,1000 -113.04,44.27,1000 -113.33,44.15,1000 -113.49,44.03,1000 -113.74,43.93,1000 -113.96,43.93,1000 -114.07,43.72,1000 -114.44,43.39,1000 -114.69,43.29,1000 -115.04,43.25,1000 -115.55,43.33,1000 -115.80,43.53,1000 -115.85,43.76,1000 -116.42,44.67,1000 -116.54,44.92,1000 -116.72,45.01,1000 -117.27,44.85,1000 -117.54,44.90,1000 -117.78,45.01,1000 -117.93,45.11,1000 -118.08,45.33,1000 -118.25,45.42,1000 -118.43,45.50,1000 -118.46,45.62,1000 -118.44,45.89,1000 -118.34,46.05,1000 -118.16,46.24,1000 -117.76,46.38,1000 -117.42,46.27,1000 -117.33,46.11,1000 -117.30,45.85,1000 -117.03,45.68,1000 -116.62,45.71,1000 -116.34,45.91,1000 -116.23,46.06,1000 -116.15,46.21,1000 -116.18,46.38,1000 -116.78,47.10,1000 -116.84,47.57,1000 -116.87,47.82,1000 -116.82,48.02,1000 -116.90,48.23,1000 -117.11,48.40,1000 -117.32,48.50,1000 -118.06,48.88,1000 -118.98,49.05,1000 -119.31,49.14,1000 -119.53,49.13,1000 -119.82,48.77,1000 -120.10,48.50,1000 -120.24,48.12,1000 -120.57,47.81,1000 -120.62,47.45,1000 -120.92,47.03,1000 -121.07,46.82,1000 -121.31,46.67,1000 -121.17,46.51,1000 -121.34,46.31,1000 -121.48,46.30,1000 -121.73,46.44,1000 -122.01,46.61,1000 -122.18,46.73,1000 -122.22,46.93,1000 -122.05,47.43,1000 -122.00,47.63,1000 -122.07,47.97,1000 -122.20,48.26,1000 -122.36,48.41,1000 -122.35,48.96,1000 -122.36,49.09,1000 -122.52,49.12,1000 -122.95,49.18,1000 -123.64,49.29,1000 -124.04,49.37,1000 -124.23,49.64,1000 -124.51,49.68,1000 -124.47,49.46,1000 -123.87,49.22,1000 -123.72,49.05,1000 -123.63,48.90,1000 -123.64,48.73,1000 -123.74,48.56,1000 -123.84,48.48,1000 -124.09,48.47,1000 -124.71,48.66,1000 -125.00,48.87,1000 -125.26,48.89,1000 -125.62,48.98,1000 -125.96,49.11,1000 -126.53,49.33,1000 -126.82,49.58,1000 -127.14,49.72,1000 -127.38,49.88,1000 -127.74,49.96,1000 -127.85,50.03,1000 -127.94,50.24,1000 -127.89,50.34,1000 -127.89,50.34,1000 
          </coordinates>
        </LinearRing>
      </innerBoundaryIs>
      <innerBoundaryIs>
        <LinearRing>
          <coordinates>
-125.16,50.09,1000 -125.15,50.09,1000 -125.14,50.09,1000 -125.13,50.09,1000 -125.12,50.09,1000 -125.11,50.09,1000 -125.10,50.09,1000 -125.09,50.09,1000 -125.08,50.09,1000 -125.07,50.09,1000 -125.06,50.09,1000 -125.05,50.09,1000 -125.04,50.09,1000 -125.03,50.09,1000 -125.02,50.09,1000 -125.01,50.09,1000 -125.00,50.09,1000 -124.99,50.09,1000 -124.99,50.09,1000 -124.98,50.09,1000 -124.97,50.09,1000 -124.96,50.09,1000 -124.95,50.09,1000 -124.95,50.09,1000 -124.94,50.08,1000 -124.93,50.08,1000 -124.93,50.08,1000 -124.92,50.08,1000 -124.92,50.08,1000 -124.91,50.08,1000 -124.90,50.08,1000 -124.90,50.08,1000 -124.88,50.08,1000 -124.87,50.07,1000 -124.86,50.07,1000 -124.86,50.06,1000 -124.86,50.05,1000 -124.86,50.05,1000 -124.87,50.04,1000 -124.88,50.04,1000 -124.88,50.04,1000 -124.89,50.04,1000 -124.90,50.04,1000 -124.90,50.04,1000 -124.91,50.04,1000 -124.92,50.04,1000 -124.92,50.04,1000 -124.93,50.04,1000 -124.94,50.04,1000 -124.95,50.04,1000 -124.96,50.04,1000 -124.97,50.04,1000 -124.98,50.04,1000 -124.99,50.04,1000 -125.00,50.04,1000 -125.01,50.04,1000 -125.02,50.04,1000 -125.03,50.04,1000 -125.04,50.04,1000 -125.05,50.04,1000 -125.06,50.04,1000 -125.07,50.04,1000 -125.08,50.04,1000 -125.09,50.04,1000 -125.10,50.04,1000 -125.11,50.04,1000 -125.12,50.04,1000 -125.12,50.04,1000 -125.13,50.04,1000 -125.14,50.04,1000 -125.14,50.04,1000 -125.17,50.04,1000 -125.17,50.05,1000 -125.15,50.05,1000 -125.16,50.09,1000 
          </coordinates>
        </LinearRing>
      </innerBoundaryIs>
      <innerBoundaryIs>
        <LinearRing>
          <coordinates>
-73.34,44.14,1000 -73.34,44.13,1000 -73.34,44.11,1000 -73.35,44.07,1000 -73.35,44.04,1000 -73.36,44.00,1000 -73.36,43.96,1000 -73.36,43.93,1000 -73.37,43.89,1000 -73.37,43.86,1000 -73.37,43.82,1000 -73.37,43.79,1000 -73.36,43.75,1000 -73.34,43.72,1000 -73.32,43.68,1000 -73.30,43.65,1000 -73.30,43.61,1000 -73.31,43.58,1000 -73.33,43.54,1000 -73.36,43.51,1000 -73.39,43.47,1000 -73.41,43.44,1000 -73.43,43.41,1000 -73.45,43.38,1000 -73.47,43.34,1000 -73.49,43.31,1000 -73.51,43.28,1000 -73.52,43.24,1000 -73.54,43.20,1000 -73.55,43.15,1000 -73.55,43.12,1000 -73.56,43.11,1000 -73.56,43.12,1000 -73.56,43.16,1000 -73.56,43.20,1000 -73.56,43.25,1000 -73.56,43.29,1000 -73.56,43.32,1000 -73.56,43.36,1000 -73.56,43.39,1000 -73.55,43.43,1000 -73.55,43.46,1000 -73.54,43.49,1000 -73.54,43.53,1000 -73.53,43.56,1000 -73.52,43.60,1000 -73.51,43.63,1000 -73.50,43.66,1000 -73.48,43.70,1000 -73.47,43.73,1000 -73.45,43.77,1000 -73.44,43.80,1000 -73.43,43.83,1000 -73.42,43.87,1000 -73.41,43.90,1000 -73.40,43.94,1000 -73.39,43.97,1000 -73.38,44.00,1000 -73.37,44.03,1000 -73.36,44.07,1000 -73.35,44.10,1000 -73.34,44.13,1000 -73.34,44.14,1000 
          </coordinates>
        </LinearRing>
      </innerBoundaryIs>
      <innerBoundaryIs>
        <LinearRing>
          <coordinates>
-110.64,41.25,1000 -110.61,41.25,1000 -110.56,41.25,1000 -110.53,41.25,1000 -110.49,41.26,1000 -110.45,41.26,1000 -110.40,41.25,1000 -110.36,41.24,1000 -110.32,41.22,1000 -110.27,41.20,1000 -110.22,41.17,1000 -110.18,41.16,1000 -110.15,41.14,1000 -110.13,41.13,1000 -110.11,41.11,1000 -110.08,41.09,1000 -110.04,41.07,1000 -110.00,41.04,1000 -109.96,41.01,1000 -109.92,40.99,1000 -109.89,40.97,1000 -109.87,40.95,1000 -109.85,40.93,1000 -109.81,40.91,1000 -109.78,40.88,1000 -109.74,40.85,1000 -109.71,40.82,1000 -109.70,40.79,1000 -109.70,40.76,1000 -109.72,40.73,1000 -109.75,40.69,1000 -109.78,40.66,1000 -109.80,40.63,1000 -109.82,40.61,1000 -109.84,40.59,1000 -109.87,40.57,1000 -109.91,40.55,1000 -109.96,40.53,1000 -110.00,40.51,1000 -110.05,40.49,1000 -110.09,40.48,1000 -110.14,40.47,1000 -110.19,40.46,1000 -110.23,40.46,1000 -110.28,40.45,1000 -110.33,40.44,1000 -110.37,40.43,1000 -110.42,40.42,1000 -110.47,40.41,1000 -110.51,40.40,1000 -110.55,40.39,1000 -110.60,40.38,1000 -110.64,40.37,1000 -110.68,40.36,1000 -110.71,40.35,1000 -110.73,40.34,1000 -110.76,40.33,1000 -110.81,40.31,1000 -110.86,40.30,1000 -110.91,40.29,1000 -110.95,40.28,1000 -111.00,40.29,1000 -111.03,40.30,1000 -111.07,40.32,1000 -111.11,40.33,1000 -111.16,40.34,1000 -111.20,40.36,1000 -111.23,40.38,1000 -111.27,40.41,1000 -111.30,40.44,1000 -111.33,40.47,1000 -111.35,40.50,1000 -111.37,40.53,1000 -111.38,40.57,1000 -111.39,40.60,1000 -111.40,40.64,1000 -111.40,40.68,1000 -111.40,40.71,1000 -111.39,40.75,1000 -111.38,40.79,1000 -111.37,40.82,1000 -111.35,40.85,1000 -111.33,40.88,1000 -111.31,40.91,1000 -111.29,40.93,1000 -111.26,40.96,1000 -111.23,40.98,1000 -111.20,41.01,1000 -111.17,41.03,1000 -111.15,41.06,1000 -111.12,41.09,1000 -111.08,41.11,1000 -111.04,41.13,1000 -111.00,41.14,1000 -110.95,41.16,1000 -110.90,41.18,1000 -110.86,41.19,1000 -110.82,41.20,1000 -110.78,41.21,1000 -110.74,41.22,1000 -110.70,41.23,1000 -110.66,41.24,1000 -110.64,41.25,1000 
          </coordinates>
        </LinearRing>
      </innerBoundaryIs>
  </Polygon>
 </MultiGeometry>
</Placemark>
<Placemark>
  <name>1%</name>
  <visibility>1</visibility>
  <styleUrl>#poly_1</styleUrl>
  <MultiGeometry>
    <Polygon>
      <outerBoundaryIs>
        <LinearRing>
          <coordinates>
-109.01,41.38,0 -108.99,41.38,0 -108.98,41.37,0 -108.96,41.37,0 -108.94,41.36,0 -108.92,41.35,0 -108.90,41.33,0 -108.88,41.32,0 -108.85,41.31,0 -108.83,41.30,0 -108.81,41.29,0 -108.79,41.28,0 -108.77,41.27,0 -108.76,41.26,0 -108.73,41.25,0 -108.73,41.24,0 -108.73,41.22,0 -108.73,41.21,0 -108.73,41.19,0 -108.72,41.17,0 -108.72,41.15,0 -108.72,41.13,0 -108.72,41.11,0 -108.72,41.09,0 -108.72,41.08,0 -108.72,41.06,0 -108.72,41.05,0 -108.71,41.04,0 -108.73,41.03,0 -108.74,41.02,0 -108.75,41.01,0 -108.77,41.00,0 -108.78,40.98,0 -108.80,40.97,0 -108.82,40.95,0 -108.84,40.93,0 -108.86,40.92,0 -108.88,40.90,0 -108.90,40.89,0 -108.92,40.88,0 -108.94,40.88,0 -108.96,40.88,0 -108.99,40.88,0 -109.01,40.89,0 -109.04,40.89,0 -109.06,40.90,0 -109.09,40.91,0 -109.11,40.92,0 -109.14,40.93,0 -109.16,40.94,0 -109.17,40.95,0 -109.19,40.96,0 -109.22,40.97,0 -109.23,40.98,0 -109.23,40.99,0 -109.24,41.01,0 -109.25,41.02,0 -109.25,41.04,0 -109.26,41.06,0 -109.27,41.07,0 -109.27,41.09,0 -109.28,41.11,0 -109.28,41.13,0 -109.29,41.15,0 -109.29,41.17,0 -109.29,41.18,0 -109.29,41.20,0 -109.28,41.22,0 -109.27,41.23,0 -109.25,41.24,0 -109.23,41.26,0 -109.22,41.27,0 -109.20,41.28,0 -109.18,41.29,0 -109.16,41.30,0 -109.14,41.31,0 -109.12,41.32,0 -109.10,41.33,0 -109.08,41.35,0 -109.05,41.36,0 -109.03,41.37,0 -109.01,41.38,0 
          </coordinates>
        </LinearRing>
      </outerBoundaryIs>
  </Polygon>
 </MultiGeometry>
</Placemark>
<Placemark>
  <name>1%</name>
  <visibility>1</visibility>
  <styleUrl>#poly_1</styleUrl>
  <MultiGeometry>
    <Polygon>
      <outerBoundaryIs>
        <LinearRing>
          <coordinates>
-122.10,44.42,0 -122.06,44.44,0 -122.01,44.45,0 -121.97,44.47,0 -121.93,44.48,0 -121.88,44.49,0 -121.83,44.50,0 -121.78,44.50,0 -121.73,44.50,0 -121.68,44.50,0 -121.63,44.49,0 -121.59,44.48,0 -121.54,44.46,0 -121.51,44.44,0 -121.47,44.42,0 -121.44,44.39,0 -121.41,44.36,0 -121.39,44.33,0 -121.38,44.30,0 -121.36,44.26,0 -121.35,44.23,0 -121.34,44.20,0 -121.32,44.16,0 -121.31,44.13,0 -121.31,44.10,0 -121.31,44.06,0 -121.32,44.02,0 -121.33,43.98,0 -121.35,43.94,0 -121.37,43.90,0 -121.39,43.87,0 -121.41,43.84,0 -121.45,43.82,0 -121.48,43.80,0 -121.52,43.77,0 -121.57,43.74,0 -121.61,43.71,0 -121.65,43.69,0 -121.69,43.67,0 -121.72,43.67,0 -121.75,43.65,0 -121.77,43.63,0 -121.79,43.59,0 -121.82,43.56,0 -121.85,43.53,0 -121.88,43.51,0 -121.92,43.48,0 -121.96,43.46,0 -122.00,43.44,0 -122.03,43.43,0 -122.06,43.41,0 -122.11,43.42,0 -122.14,43.44,0 -122.17,43.46,0 -122.21,43.49,0 -122.25,43.51,0 -122.28,43.54,0 -122.30,43.57,0 -122.31,43.60,0 -122.31,43.64,0 -122.31,43.67,0 -122.30,43.71,0 -122.29,43.74,0 -122.28,43.78,0 -122.26,43.82,0 -122.24,43.86,0 -122.22,43.89,0 -122.21,43.92,0 -122.21,43.93,0 -122.21,43.95,0 -122.22,43.99,0 -122.22,44.02,0 -122.23,44.06,0 -122.23,44.10,0 -122.23,44.14,0 -122.23,44.17,0 -122.23,44.21,0 -122.23,44.24,0 -122.23,44.28,0 -122.10,44.42,0 
          </coordinates>
        </LinearRing>
      </outerBoundaryIs>
      <innerBoundaryIs>
        <LinearRing>
          <coordinates>
-121.84,44.37,1000 -121.83,44.37,1000 -121.81,44.36,1000 -121.79,44.36,1000 -121.76,44.35,1000 -121.74,44.34,1000 -121.72,44.34,1000 -121.69,44.33,1000 -121.66,44.32,1000 -121.64,44.31,1000 -121.61,44.30,1000 -121.59,44.29,1000 -121.57,44.28,1000 -121.55,44.27,1000 -121.53,44.26,1000 -121.51,44.25,1000 -121.50,44.23,1000 -121.49,44.21,1000 -121.49,44.19,1000 -121.48,44.18,1000 -121.48,44.16,1000 -121.48,44.13,1000 -121.48,44.11,1000 -121.48,44.09,1000 -121.48,44.07,1000 -121.48,44.05,1000 -121.48,44.04,1000 -121.48,44.02,1000 -121.50,44.01,1000 -121.51,44.00,1000 -121.52,43.99,1000 -121.54,43.98,1000 -121.55,43.96,1000 -121.57,43.94,1000 -121.59,43.93,1000 -121.60,43.91,1000 -121.62,43.90,1000 -121.64,43.88,1000 -121.66,43.87,1000 -121.68,43.86,1000 -121.70,43.85,1000 -121.73,43.84,1000 -121.75,43.84,1000 -121.78,43.83,1000 -121.81,43.83,1000 -121.84,43.83,1000 -121.87,43.84,1000 -121.89,43.84,1000 -121.92,43.84,1000 -121.94,43.85,1000 -121.96,43.86,1000 -121.99,43.87,1000 -122.00,43.88,1000 -122.02,43.90,1000 -122.04,43.91,1000 -122.05,43.93,1000 -122.06,43.95,1000 -122.07,43.97,1000 -122.08,43.98,1000 -122.08,44.00,1000 -122.09,44.02,1000 -122.09,44.04,1000 -122.10,44.07,1000 -122.10,44.08,1000 -122.10,44.10,1000 -122.10,44.12,1000 -122.10,44.14,1000 -122.09,44.16,1000 -122.09,44.18,1000 -122.08,44.20,1000 -122.06,44.21,1000 -122.05,44.23,1000 -122.04,44.24,1000 -122.02,44.26,1000 -122.01,44.27,1000 -121.99,44.28,1000 -121.97,44.29,1000 -121.95,44.31,1000 -121.93,44.32,1000 -121.91,44.33,1000 -121.84,44.37,1000 
          </coordinates>
        </LinearRing>
      </innerBoundaryIs>
  </Polygon>
 </MultiGeometry>
</Placemark>
<Placemark>
  <name>1%</name>
  <visibility>1</visibility>
  <styleUrl>#poly_1</styleUrl>
  <MultiGeometry>
    <Polygon>
      <outerBoundaryIs>
        <LinearRing>
          <coordinates>
-107.70,38.36,0 -107.67,38.37,0 -107.64,38.39,0 -107.61,38.40,0 -107.58,38.41,0 -107.54,38.42,0 -107.51,38.43,0 -107.48,38.43,0 -107.45,38.43,0 -107.41,38.43,0 -107.38,38.42,0 -107.34,38.41,0 -107.31,38.41,0 -107.28,38.40,0 -107.25,38.39,0 -107.22,38.38,0 -107.19,38.37,0 -107.17,38.35,0 -107.15,38.33,0 -107.13,38.31,0 -107.12,38.29,0 -107.10,38.26,0 -107.08,38.23,0 -107.07,38.20,0 -107.05,38.18,0 -107.04,38.15,0 -107.03,38.12,0 -107.02,38.09,0 -107.01,38.06,0 -107.01,38.04,0 -107.01,38.01,0 -107.01,37.98,0 -107.01,37.95,0 -107.02,37.93,0 -107.02,37.90,0 -107.03,37.87,0 -107.04,37.85,0 -107.05,37.82,0 -107.06,37.80,0 -107.08,37.77,0 -107.09,37.75,0 -107.12,37.73,0 -107.14,37.71,0 -107.17,37.69,0 -107.20,37.68,0 -107.22,37.67,0 -107.26,37.66,0 -107.29,37.65,0 -107.32,37.64,0 -107.36,37.63,0 -107.39,37.63,0 -107.43,37.63,0 -107.46,37.62,0 -107.50,37.62,0 -107.54,37.62,0 -107.57,37.62,0 -107.61,37.63,0 -107.64,37.64,0 -107.67,37.65,0 -107.70,37.67,0 -107.74,37.68,0 -107.77,37.70,0 -107.80,37.71,0 -107.82,37.73,0 -107.84,37.74,0 -107.86,37.76,0 -107.86,37.78,0 -107.87,37.80,0 -107.89,37.82,0 -107.92,37.84,0 -107.94,37.86,0 -107.95,37.89,0 -107.96,37.91,0 -107.96,37.93,0 -107.95,37.96,0 -107.93,37.99,0 -107.91,38.01,0 -107.90,38.03,0 -107.89,38.05,0 -107.89,38.07,0 -107.89,38.09,0 -107.88,38.11,0 -107.87,38.13,0 -107.85,38.16,0 -107.84,38.19,0 -107.82,38.22,0 -107.80,38.25,0 -107.78,38.28,0 -107.70,38.36,0 
          </coordinates>
        </LinearRing>
      </outerBoundaryIs>
      <innerBoundaryIs>
        <LinearRing>
          <coordinates>
-107.68,38.18,1000 -107.66,38.19,1000 -107.64,38.21,1000 -107.62,38.22,1000 -107.60,38.23,1000 -107.58,38.24,1000 -107.56,38.25,1000 -107.54,38.26,1000 -107.52,38.26,1000 -107.50,38.27,1000 -107.48,38.27,1000 -107.46,38.27,1000 -107.44,38.27,1000 -107.42,38.26,1000 -107.40,38.25,1000 -107.37,38.24,1000 -107.35,38.23,1000 -107.33,38.22,1000 -107.31,38.21,1000 -107.28,38.20,1000 -107.26,38.19,1000 -107.25,38.18,1000 -107.23,38.17,1000 -107.22,38.16,1000 -107.20,38.15,1000 -107.20,38.14,1000 -107.20,38.13,1000 -107.19,38.11,1000 -107.19,38.10,1000 -107.19,38.08,1000 -107.18,38.06,1000 -107.18,38.04,1000 -107.17,38.02,1000 -107.17,38.00,1000 -107.17,37.98,1000 -107.17,37.97,1000 -107.17,37.95,1000 -107.18,37.94,1000 -107.20,37.92,1000 -107.21,37.91,1000 -107.23,37.90,1000 -107.24,37.89,1000 -107.26,37.87,1000 -107.28,37.86,1000 -107.30,37.84,1000 -107.32,37.83,1000 -107.34,37.81,1000 -107.36,37.80,1000 -107.38,37.79,1000 -107.39,37.78,1000 -107.40,37.77,1000 -107.41,37.77,1000 -107.42,37.77,1000 -107.44,37.77,1000 -107.46,37.77,1000 -107.49,37.78,1000 -107.51,37.78,1000 -107.54,37.78,1000 -107.56,37.78,1000 -107.59,37.79,1000 -107.61,37.79,1000 -107.63,37.80,1000 -107.65,37.81,1000 -107.67,37.82,1000 -107.69,37.83,1000 -107.71,37.84,1000 -107.72,37.86,1000 -107.74,37.87,1000 -107.75,37.89,1000 -107.76,37.90,1000 -107.77,37.92,1000 -107.77,37.94,1000 -107.78,37.95,1000 -107.78,37.97,1000 -107.77,37.99,1000 -107.77,38.00,1000 -107.77,38.02,1000 -107.76,38.04,1000 -107.75,38.06,1000 -107.75,38.08,1000 -107.74,38.10,1000 -107.68,38.18,1000 
          </coordinates>
        </LinearRing>
      </innerBoundaryIs>
  </Polygon>
 </MultiGeometry>
</Placemark>
<Placemark>
  <name>1%</name>
  <visibility>1</visibility>
  <styleUrl>#poly_1</styleUrl>
  <MultiGeometry>
    <Polygon>
      <outerBoundaryIs>
        <LinearRing>
          <coordinates>
-123.98,48.11,0 -123.95,48.12,0 -123.91,48.14,0 -123.88,48.15,0 -123.84,48.16,0 -123.81,48.17,0 -123.77,48.18,0 -123.74,48.19,0 -123.70,48.20,0 -123.66,48.21,0 -123.62,48.21,0 -123.57,48.21,0 -123.53,48.21,0 -123.49,48.21,0 -123.45,48.20,0 -123.41,48.19,0 -123.37,48.18,0 -123.33,48.16,0 -123.29,48.14,0 -123.25,48.13,0 -123.23,48.12,0 -123.21,48.10,0 -123.19,48.09,0 -123.16,48.07,0 -123.12,48.06,0 -123.08,48.04,0 -123.05,48.02,0 -123.02,48.00,0 -122.99,47.98,0 -122.97,47.96,0 -122.95,47.93,0 -122.94,47.90,0 -122.93,47.88,0 -122.92,47.85,0 -122.92,47.82,0 -122.92,47.79,0 -122.92,47.76,0 -122.92,47.73,0 -122.92,47.70,0 -122.93,47.67,0 -122.94,47.65,0 -122.95,47.62,0 -122.97,47.59,0 -123.00,47.57,0 -123.03,47.55,0 -123.06,47.54,0 -123.09,47.52,0 -123.12,47.51,0 -123.15,47.49,0 -123.19,47.48,0 -123.23,47.47,0 -123.26,47.46,0 -123.30,47.45,0 -123.34,47.44,0 -123.38,47.43,0 -123.42,47.43,0 -123.46,47.42,0 -123.50,47.42,0 -123.54,47.42,0 -123.58,47.42,0 -123.62,47.43,0 -123.66,47.43,0 -123.69,47.44,0 -123.73,47.44,0 -123.76,47.45,0 -123.80,47.46,0 -123.83,47.47,0 -123.86,47.49,0 -123.89,47.51,0 -123.91,47.53,0 -123.93,47.55,0 -123.96,47.57,0 -123.98,47.59,0 -124.00,47.61,0 -124.02,47.64,0 -124.04,47.66,0 -124.06,47.69,0 -124.07,47.71,0 -124.08,47.74,0 -124.09,47.77,0 -124.10,47.79,0 -124.10,47.82,0 -124.10,47.85,0 -124.10,47.88,0 -124.10,47.90,0 -124.10,47.93,0 -124.09,47.96,0 -124.09,47.99,0 -123.98,48.11,0 
          </coordinates>
        </LinearRing>
      </outerBoundaryIs>
      <innerBoundaryIs>
        <LinearRing>
          <coordinates>
-123.71,48.07,1000 -123.68,48.07,1000 -123.66,48.07,1000 -123.63,48.07,1000 -123.61,48.07,1000 -123.58,48.07,1000 -123.56,48.07,1000 -123.53,48.08,1000 -123.51,48.08,1000 -123.48,48.08,1000 -123.45,48.07,1000 -123.43,48.06,1000 -123.41,48.06,1000 -123.39,48.05,1000 -123.36,48.04,1000 -123.33,48.03,1000 -123.31,48.01,1000 -123.28,48.00,1000 -123.26,47.99,1000 -123.24,47.98,1000 -123.22,47.96,1000 -123.20,47.95,1000 -123.18,47.93,1000 -123.17,47.92,1000 -123.15,47.90,1000 -123.14,47.88,1000 -123.13,47.87,1000 -123.12,47.85,1000 -123.12,47.83,1000 -123.12,47.81,1000 -123.12,47.79,1000 -123.12,47.77,1000 -123.13,47.76,1000 -123.14,47.74,1000 -123.16,47.72,1000 -123.17,47.70,1000 -123.19,47.69,1000 -123.20,47.67,1000 -123.22,47.65,1000 -123.24,47.64,1000 -123.25,47.62,1000 -123.26,47.61,1000 -123.27,47.60,1000 -123.28,47.58,1000 -123.30,47.58,1000 -123.32,47.58,1000 -123.34,47.57,1000 -123.37,47.57,1000 -123.40,47.57,1000 -123.44,47.56,1000 -123.47,47.56,1000 -123.50,47.55,1000 -123.52,47.55,1000 -123.54,47.55,1000 -123.55,47.55,1000 -123.57,47.56,1000 -123.59,47.57,1000 -123.61,47.57,1000 -123.63,47.58,1000 -123.66,47.59,1000 -123.69,47.60,1000 -123.72,47.61,1000 -123.75,47.62,1000 -123.78,47.63,1000 -123.80,47.64,1000 -123.82,47.65,1000 -123.85,47.66,1000 -123.87,47.66,1000 -123.88,47.68,1000 -123.89,47.69,1000 -123.90,47.71,1000 -123.91,47.73,1000 -123.92,47.75,1000 -123.93,47.77,1000 -123.94,47.79,1000 -123.95,47.81,1000 -123.96,47.83,1000 -123.96,47.84,1000 -123.96,47.86,1000 -123.95,47.88,1000 -123.94,47.89,1000 -123.93,47.90,1000 -123.91,47.92,1000 -123.90,47.93,1000 -123.88,47.94,1000 -123.87,47.96,1000 -123.85,47.97,1000 -123.84,47.98,1000 -123.82,48.00,1000 -123.80,48.01,1000 -123.78,48.03,1000 -123.76,48.04,1000 -123.71,48.07,1000 
          </coordinates>
        </LinearRing>
      </innerBoundaryIs>
  </Polygon>
 </MultiGeometry>
</Placemark>
<Placemark>
  <name>5%</name>
  <visibility>1</visibility>
  <styleUrl>#poly_5</styleUrl>
  <MultiGeometry>
    <Polygon>
      <outerBoundaryIs>
        <LinearRing>
          <coordinates>
-107.68,38.18,1000 -107.66,38.19,1000 -107.64,38.21,1000 -107.62,38.22,1000 -107.60,38.23,1000 -107.58,38.24,1000 -107.56,38.25,1000 -107.54,38.26,1000 -107.52,38.26,1000 -107.50,38.27,1000 -107.48,38.27,1000 -107.46,38.27,1000 -107.44,38.27,1000 -107.42,38.26,1000 -107.40,38.25,1000 -107.37,38.24,1000 -107.35,38.23,1000 -107.33,38.22,1000 -107.31,38.21,1000 -107.28,38.20,1000 -107.26,38.19,1000 -107.25,38.18,1000 -107.23,38.17,1000 -107.22,38.16,1000 -107.20,38.15,1000 -107.20,38.14,1000 -107.20,38.13,1000 -107.19,38.11,1000 -107.19,38.10,1000 -107.19,38.08,1000 -107.18,38.06,1000 -107.18,38.04,1000 -107.17,38.02,1000 -107.17,38.00,1000 -107.17,37.98,1000 -107.17,37.97,1000 -107.17,37.95,1000 -107.18,37.94,1000 -107.20,37.92,1000 -107.21,37.91,1000 -107.23,37.90,1000 -107.24,37.89,1000 -107.26,37.87,1000 -107.28,37.86,1000 -107.30,37.84,1000 -107.32,37.83,1000 -107.34,37.81,1000 -107.36,37.80,1000 -107.38,37.79,1000 -107.39,37.78,1000 -107.40,37.77,1000 -107.41,37.77,1000 -107.42,37.77,1000 -107.44,37.77,1000 -107.46,37.77,1000 -107.49,37.78,1000 -107.51,37.78,1000 -107.54,37.78,1000 -107.56,37.78,1000 -107.59,37.79,1000 -107.61,37.79,1000 -107.63,37.80,1000 -107.65,37.81,1000 -107.67,37.82,1000 -107.69,37.83,1000 -107.71,37.84,1000 -107.72,37.86,1000 -107.74,37.87,1000 -107.75,37.89,1000 -107.76,37.90,1000 -107.77,37.92,1000 -107.77,37.94,1000 -107.78,37.95,1000 -107.78,37.97,1000 -107.77,37.99,1000 -107.77,38.00,1000 -107.77,38.02,1000 -107.76,38.04,1000 -107.75,38.06,1000 -107.75,38.08,1000 -107.74,38.10,1000 -107.68,38.18,1000 
          </coordinates>
        </LinearRing>
      </outerBoundaryIs>
      <innerBoundaryIs>
        <LinearRing>
          <coordinates>
-107.45,38.16,2000 -107.44,38.16,2000 -107.43,38.16,2000 -107.42,38.16,2000 -107.41,38.15,2000 -107.40,38.14,2000 -107.39,38.13,2000 -107.39,38.12,2000 -107.38,38.12,2000 -107.38,38.11,2000 -107.37,38.10,2000 -107.36,38.09,2000 -107.36,38.08,2000 -107.35,38.07,2000 -107.35,38.05,2000 -107.34,38.04,2000 -107.34,38.03,2000 -107.33,38.02,2000 -107.33,38.01,2000 -107.32,38.00,2000 -107.32,37.99,2000 -107.32,37.98,2000 -107.32,37.97,2000 -107.32,37.96,2000 -107.32,37.95,2000 -107.33,37.94,2000 -107.33,37.93,2000 -107.34,37.92,2000 -107.35,37.91,2000 -107.36,37.90,2000 -107.37,37.89,2000 -107.38,37.89,2000 -107.39,37.88,2000 -107.41,37.88,2000 -107.42,37.88,2000 -107.43,37.88,2000 -107.44,37.88,2000 -107.45,37.88,2000 -107.47,37.88,2000 -107.48,37.89,2000 -107.50,37.89,2000 -107.51,37.89,2000 -107.53,37.90,2000 -107.54,37.90,2000 -107.56,37.91,2000 -107.57,37.91,2000 -107.58,37.92,2000 -107.59,37.92,2000 -107.60,37.93,2000 -107.60,37.94,2000 -107.60,37.95,2000 -107.60,37.95,2000 -107.60,37.96,2000 -107.60,37.97,2000 -107.60,37.98,2000 -107.60,37.99,2000 -107.60,38.00,2000 -107.59,38.01,2000 -107.59,38.02,2000 -107.58,38.03,2000 -107.58,38.04,2000 -107.57,38.05,2000 -107.57,38.06,2000 -107.56,38.07,2000 -107.55,38.09,2000 -107.54,38.10,2000 -107.54,38.11,2000 -107.53,38.12,2000 -107.45,38.16,2000 
          </coordinates>
        </LinearRing>
      </innerBoundaryIs>
  </Polygon>
 </MultiGeometry>
</Placemark>
<Placemark>
  <name>5%</name>
  <visibility>1</visibility>
  <styleUrl>#poly_5</styleUrl>
  <MultiGeometry>
    <Polygon>
      <outerBoundaryIs>
        <LinearRing>
          <coordinates>
-127.89,50.34,1000 -127.59,50.48,1000 -127.20,50.55,1000 -126.42,50.66,1000 -125.95,50.65,1000 -125.54,50.73,1000 -125.04,50.87,1000 -124.59,50.93,1000 -123.66,51.06,1000 -123.20,51.11,1000 -122.84,51.05,1000 -122.25,50.95,1000 -121.72,50.69,1000 -120.20,51.49,1000 -118.57,51.68,1000 -116.95,51.85,1000 -116.21,51.90,1000 -115.93,51.83,1000 -115.66,51.67,1000 -115.51,51.55,1000 -115.43,51.34,1000 -115.22,50.91,1000 -114.98,50.63,1000 -114.84,50.45,1000 -114.57,50.30,1000 -113.80,50.71,1000 -113.38,50.91,1000 -112.89,50.86,1000 -112.40,50.71,1000 -111.95,50.53,1000 -111.48,50.38,1000 -110.96,50.27,1000 -110.38,50.15,1000 -109.87,50.16,1000 -109.42,50.36,1000 -109.05,50.32,1000 -108.85,50.23,1000 -107.92,49.62,1000 -107.21,49.46,1000 -106.56,49.35,1000 -105.15,49.21,1000 -103.82,49.15,1000 -103.19,49.08,1000 -102.61,49.07,1000 -102.16,49.07,1000 -101.66,49.01,1000 -101.07,48.88,1000 -100.50,48.67,1000 -99.79,48.51,1000 -99.25,48.40,1000 -98.65,48.25,1000 -98.00,48.23,1000 -97.52,48.14,1000 -96.91,47.94,1000 -96.72,47.87,1000 -96.30,47.81,1000 -95.51,47.90,1000 -94.98,47.92,1000 -94.65,47.91,1000 -94.31,47.96,1000 -93.68,48.05,1000 -92.71,48.22,1000 -91.60,48.41,1000 -91.00,48.60,1000 -90.50,48.85,1000 -90.20,49.02,1000 -89.90,49.34,1000 -89.68,49.56,1000 -89.45,49.70,1000 -88.85,49.94,1000 -88.60,50.11,1000 -88.56,50.28,1000 -88.51,50.54,1000 -88.38,50.78,1000 -87.95,50.95,1000 -87.44,51.01,1000 -87.00,50.99,1000 -86.04,50.91,1000 -85.35,50.79,1000 -84.97,50.74,1000 -84.71,50.62,1000 -84.31,50.36,1000 -83.89,50.22,1000 -83.39,50.00,1000 -82.95,49.71,1000 -82.63,49.64,1000 -82.31,49.50,1000 -82.03,49.30,1000 -81.67,49.12,1000 -81.32,49.06,1000 -80.98,48.94,1000 -80.47,48.85,1000 -79.96,48.69,1000 -79.49,48.61,1000 -78.94,48.43,1000 -78.30,48.29,1000 -77.87,48.18,1000 -77.52,48.24,1000 -77.10,48.25,1000 -76.57,48.28,1000 -75.89,48.45,1000 -74.83,48.73,1000 -73.92,49.14,1000 -73.45,49.27,1000 -73.07,49.49,1000 -72.92,49.68,1000 -72.67,49.84,1000 -72.13,50.08,1000 -71.99,50.29,1000 -71.77,50.48,1000 -71.42,50.73,1000 -70.79,50.93,1000 -70.05,51.05,1000 -69.48,51.15,1000 -69.18,51.21,1000 -68.73,51.17,1000 -67.96,51.13,1000 -67.56,51.05,1000 -67.21,50.93,1000 -66.23,50.56,1000 -65.89,50.40,1000 -65.73,50.27,1000 -65.35,49.90,1000 -64.98,49.71,1000 -64.67,49.57,1000 -64.59,49.33,1000 -64.74,49.17,1000 -64.48,49.00,1000 -63.98,48.86,1000 -63.19,48.68,1000 -62.75,48.43,1000 -62.23,48.19,1000 -61.78,47.88,1000 -61.70,47.50,1000 -61.86,47.04,1000 -62.24,46.01,1000 -62.58,45.09,1000 -62.70,44.90,1000 -62.87,44.78,1000 -63.06,44.70,1000 -63.39,44.66,1000 -64.43,44.49,1000 -64.80,44.56,1000 -64.97,44.66,1000 -65.03,44.80,1000 -64.76,45.06,1000 -64.44,45.16,1000 -64.71,45.29,1000 -65.05,45.27,1000 -65.37,45.18,1000 -66.69,45.15,1000 -68.63,45.21,1000 -69.16,45.17,1000 -69.95,45.17,1000 -70.17,45.08,1000 -70.42,44.86,1000 -70.83,44.65,1000 -70.95,44.23,1000 -71.09,44.01,1000 -71.28,43.90,1000 -71.53,43.82,1000 -71.92,43.89,1000 -72.24,44.01,1000 -72.44,43.80,1000 -72.36,43.52,1000 -72.44,43.20,1000 -72.48,42.90,1000 -72.61,42.65,1000 -73.03,42.36,1000 -73.97,42.20,1000 -74.21,41.90,1000 -74.52,41.66,1000 -74.91,41.49,1000 -75.25,41.15,1000 -75.41,41.00,1000 -75.71,40.90,1000 -76.13,40.93,1000 -76.34,40.94,1000 -76.69,40.92,1000 -76.90,40.83,1000 -77.37,40.50,1000 -77.49,40.29,1000 -77.71,40.05,1000 -78.61,39.64,1000 -78.77,39.48,1000 -78.93,39.17,1000 -79.10,38.74,1000 -79.36,38.33,1000 -79.81,37.94,1000 -80.13,37.57,1000 -80.32,37.26,1000 -80.68,37.05,1000 -80.89,36.89,1000 -80.99,36.72,1000 -81.25,36.34,1000 -81.70,35.91,1000 -82.02,35.67,1000 -82.57,35.48,1000 -83.32,35.08,1000 -83.75,34.96,1000 -84.00,34.92,1000 -84.32,34.98,1000 -84.43,35.20,1000 -84.41,35.44,1000 -84.40,35.79,1000 -84.80,35.59,1000 -85.06,35.38,1000 -85.41,35.16,1000 -85.81,35.05,1000 -86.34,35.21,1000 -86.77,35.38,1000 -86.95,35.53,1000 -87.02,35.67,1000 -86.96,35.83,1000 -86.57,36.10,1000 -86.50,36.93,1000 -86.47,37.30,1000 -86.69,37.72,1000 -86.77,38.02,1000 -86.76,38.29,1000 -86.81,38.57,1000 -87.07,38.61,1000 -87.39,38.76,1000 -87.51,38.93,1000 -87.74,39.11,1000 -88.15,38.99,1000 -88.64,38.86,1000 -89.26,38.84,1000 -89.78,38.68,1000 -90.32,38.57,1000 -91.10,38.61,1000 -91.59,38.53,1000 -92.34,38.54,1000 -92.74,38.55,1000 -92.98,38.67,1000 -93.18,38.94,1000 -93.63,39.13,1000 -94.31,39.72,1000 -94.80,39.92,1000 -95.11,40.32,1000 -95.33,40.67,1000 -95.69,40.90,1000 -96.19,41.53,1000 -96.57,41.78,1000 -97.26,41.90,1000 -97.73,41.92,1000 -98.09,41.94,1000 -98.45,42.00,1000 -99.35,42.21,1000 -99.85,42.37,1000 -100.42,42.49,1000 -100.65,42.53,1000 -101.04,42.53,1000 -101.91,42.50,1000 -102.24,42.47,1000 -102.53,42.38,1000 -102.90,42.28,1000 -103.26,42.27,1000 -103.62,42.37,1000 -103.77,42.47,1000 -103.97,42.75,1000 -103.89,43.09,1000 -103.63,43.46,1000 -104.19,43.69,1000 -104.58,43.73,1000 -105.02,43.59,1000 -105.25,43.35,1000 -105.19,43.21,1000 -104.99,43.02,1000 -104.72,42.96,1000 -104.58,42.90,1000 -104.59,42.77,1000 -104.77,42.67,1000 -104.93,42.61,1000 -104.95,42.48,1000 -105.08,42.23,1000 -105.21,42.13,1000 -105.52,42.00,1000 -105.81,41.96,1000 -105.61,41.78,1000 -105.39,41.49,1000 -105.35,41.01,1000 -105.09,40.21,1000 -104.88,39.89,1000 -104.47,39.71,1000 -104.28,39.58,1000 -104.17,39.31,1000 -104.32,39.03,1000 -104.56,38.87,1000 -104.87,38.66,1000 -105.02,38.61,1000 -105.22,38.67,1000 -105.58,38.98,1000 -105.91,38.97,1000 -106.08,38.84,1000 -106.25,38.70,1000 -106.55,38.61,1000 -107.06,38.75,1000 -107.38,39.01,1000 -107.42,39.26,1000 -107.41,39.40,1000 -107.61,39.51,1000 -107.99,39.82,1000 -108.04,40.15,1000 -107.93,40.36,1000 -107.74,40.57,1000 -107.72,40.76,1000 -107.58,41.23,1000 -106.91,41.87,1000 -106.97,42.08,1000 -107.18,42.22,1000 -107.50,42.42,1000 -108.28,42.25,1000 -108.64,42.14,1000 -108.99,42.24,1000 -109.39,42.40,1000 -109.66,42.55,1000 -109.83,42.63,1000 -110.03,42.58,1000 -110.13,42.46,1000 -110.23,42.13,1000 -111.81,42.06,1000 -111.74,42.37,1000 -111.54,42.65,1000 -111.48,42.85,1000 -111.56,43.07,1000 -111.62,43.53,1000 -111.45,43.98,1000 -111.64,44.40,1000 -112.17,44.58,1000 -112.51,44.85,1000 -112.56,45.11,1000 -112.75,45.17,1000 -112.87,45.06,1000 -112.96,44.92,1000 -112.96,44.70,1000 -112.93,44.46,1000 -113.04,44.27,1000 -113.33,44.15,1000 -113.49,44.03,1000 -113.74,43.93,1000 -113.96,43.93,1000 -114.07,43.72,1000 -114.44,43.39,1000 -114.69,43.29,1000 -115.04,43.25,1000 -115.55,43.33,1000 -115.80,43.53,1000 -115.85,43.76,1000 -116.42,44.67,1000 -116.54,44.92,1000 -116.72,45.01,1000 -117.27,44.85,1000 -117.54,44.90,1000 -117.78,45.01,1000 -117.93,45.11,1000 -118.08,45.33,1000 -118.25,45.42,1000 -118.43,45.50,1000 -118.46,45.62,1000 -118.44,45.89,1000 -118.34,46.05,1000 -118.16,46.24,1000 -117.76,46.38,1000 -117.42,46.27,1000 -117.33,46.11,1000 -117.30,45.85,1000 -117.03,45.68,1000 -116.62,45.71,1000 -116.34,45.91,1000 -116.23,46.06,1000 -116.15,46.21,1000 -116.18,46.38,1000 -116.78,47.10,1000 -116.84,47.57,1000 -116.87,47.82,1000 -116.82,48.02,1000 -116.90,48.23,1000 -117.11,48.40,1000 -117.32,48.50,1000 -118.06,48.88,1000 -118.98,49.05,1000 -119.31,49.14,1000 -119.53,49.13,1000 -119.82,48.77,1000 -120.10,48.50,1000 -120.24,48.12,1000 -120.57,47.81,1000 -120.62,47.45,1000 -120.92,47.03,1000 -121.07,46.82,1000 -121.31,46.67,1000 -121.17,46.51,1000 -121.34,46.31,1000 -121.48,46.30,1000 -121.73,46.44,1000 -122.01,46.61,1000 -122.18,46.73,1000 -122.22,46.93,1000 -122.05,47.43,1000 -122.00,47.63,1000 -122.07,47.97,1000 -122.20,48.26,1000 -122.36,48.41,1000 -122.35,48.96,1000 -122.36,49.09,1000 -122.52,49.12,1000 -122.95,49.18,1000 -123.64,49.29,1000 -124.04,49.37,1000 -124.23,49.64,1000 -124.51,49.68,1000 -124.47,49.46,1000 -123.87,49.22,1000 -123.72,49.05,1000 -123.63,48.90,1000 -123.64,48.73,1000 -123.74,48.56,1000 -123.84,48.48,1000 -124.09,48.47,1000 -124.71,48.66,1000 -125.00,48.87,1000 -125.26,48.89,1000 -125.62,48.98,1000 -125.96,49.11,1000 -126.53,49.33,1000 -126.82,49.58,1000 -127.14,49.72,1000 -127.38,49.88,1000 -127.74,49.96,1000 -127.85,50.03,1000 -127.94,50.24,1000 -127.89,50.34,1000 -127.89,50.34,1000 
          </coordinates>
        </LinearRing>
      </outerBoundaryIs>
      <innerBoundaryIs>
        <LinearRing>
          <coordinates>
-108.53,44.73,1000 -108.47,44.74,1000 -108.42,44.75,1000 -108.37,44.75,1000 -108.32,44.76,1000 -108.29,44.76,1000 -108.26,44.74,1000 -108.24,44.72,1000 -108.20,44.69,1000 -108.17,44.66,1000 -108.13,44.63,1000 -108.10,44.60,1000 -108.07,44.58,1000 -108.04,44.56,1000 -108.02,44.55,1000 -108.00,44.53,1000 -107.98,44.50,1000 -107.95,44.48,1000 -107.93,44.45,1000 -107.90,44.42,1000 -107.87,44.39,1000 -107.83,44.37,1000 -107.80,44.34,1000 -107.76,44.32,1000 -107.74,44.30,1000 -107.73,44.28,1000 -107.72,44.26,1000 -107.71,44.23,1000 -107.69,44.20,1000 -107.67,44.16,1000 -107.65,44.13,1000 -107.64,44.09,1000 -107.63,44.05,1000 -107.62,44.02,1000 -107.62,43.98,1000 -107.62,43.95,1000 -107.62,43.92,1000 -107.63,43.88,1000 -107.64,43.85,1000 -107.68,43.82,1000 -107.71,43.81,1000 -107.76,43.79,1000 -107.81,43.78,1000 -107.86,43.77,1000 -107.91,43.77,1000 -107.95,43.77,1000 -108.00,43.78,1000 -108.05,43.79,1000 -108.09,43.80,1000 -108.13,43.81,1000 -108.16,43.82,1000 -108.20,43.84,1000 -108.22,43.88,1000 -108.24,43.91,1000 -108.26,43.94,1000 -108.28,43.97,1000 -108.29,44.01,1000 -108.31,44.04,1000 -108.32,44.07,1000 -108.33,44.11,1000 -108.34,44.14,1000 -108.35,44.18,1000 -108.36,44.21,1000 -108.37,44.24,1000 -108.38,44.28,1000 -108.39,44.31,1000 -108.40,44.35,1000 -108.41,44.38,1000 -108.42,44.42,1000 -108.44,44.45,1000 -108.45,44.49,1000 -108.47,44.52,1000 -108.48,44.55,1000 -108.50,44.59,1000 -108.51,44.62,1000 -108.52,44.65,1000 -108.53,44.69,1000 -108.53,44.72,1000 -108.53,44.73,1000 
          </coordinates>
        </LinearRing>
      </innerBoundaryIs>
      <innerBoundaryIs>
        <LinearRing>
          <coordinates>
-86.08,39.32,1000 -86.07,39.31,1000 -86.06,39.30,1000 -86.05,39.30,1000 -86.04,39.29,1000 -86.04,39.28,1000 -86.03,39.27,1000 -86.03,39.26,1000 -86.02,39.24,1000 -86.02,39.23,1000 -86.02,39.22,1000 -86.02,39.21,1000 -86.02,39.20,1000 -86.02,39.19,1000 -86.02,39.18,1000 -86.03,39.16,1000 -86.03,39.15,1000 -86.03,39.14,1000 -86.04,39.12,1000 -86.04,39.11,1000 -86.04,39.10,1000 -86.05,39.09,1000 -86.05,39.08,1000 -86.05,39.07,1000 -86.06,39.06,1000 -86.06,39.05,1000 -86.07,39.03,1000 -86.07,39.02,1000 -86.08,39.01,1000 -86.08,39.00,1000 -86.09,39.00,1000 -86.11,39.00,1000 -86.12,39.00,1000 -86.13,39.00,1000 -86.15,39.01,1000 -86.16,39.01,1000 -86.18,39.01,1000 -86.19,39.02,1000 -86.21,39.02,1000 -86.23,39.03,1000 -86.24,39.03,1000 -86.26,39.04,1000 -86.27,39.05,1000 -86.28,39.05,1000 -86.29,39.06,1000 -86.30,39.07,1000 -86.30,39.08,1000 -86.31,39.09,1000 -86.31,39.10,1000 -86.31,39.11,1000 -86.31,39.12,1000 -86.31,39.13,1000 -86.31,39.14,1000 -86.30,39.15,1000 -86.30,39.16,1000 -86.30,39.18,1000 -86.29,39.19,1000 -86.29,39.20,1000 -86.28,39.21,1000 -86.28,39.23,1000 -86.27,39.24,1000 -86.08,39.32,1000 
          </coordinates>
        </LinearRing>
      </innerBoundaryIs>
      <innerBoundaryIs>
        <LinearRing>
          <coordinates>
-83.18,42.68,1000 -83.10,42.69,1000 -83.02,42.69,1000 -82.95,42.69,1000 -82.87,42.69,1000 -82.80,42.69,1000 -82.73,42.68,1000 -82.66,42.67,1000 -82.59,42.66,1000 -82.53,42.65,1000 -82.47,42.63,1000 -82.40,42.61,1000 -82.33,42.59,1000 -82.28,42.56,1000 -82.24,42.53,1000 -82.22,42.49,1000 -82.22,42.46,1000 -82.23,42.41,1000 -82.25,42.35,1000 -82.26,42.31,1000 -82.27,42.26,1000 -82.29,42.21,1000 -82.31,42.16,1000 -82.33,42.10,1000 -82.35,42.05,1000 -82.38,42.00,1000 -82.41,41.95,1000 -82.45,41.91,1000 -82.49,41.86,1000 -82.53,41.81,1000 -82.57,41.77,1000 -82.61,41.72,1000 -82.65,41.67,1000 -82.68,41.62,1000 -82.72,41.56,1000 -82.75,41.50,1000 -82.78,41.44,1000 -82.81,41.39,1000 -82.84,41.34,1000 -82.87,41.30,1000 -82.93,41.25,1000 -82.98,41.21,1000 -83.04,41.18,1000 -83.10,41.16,1000 -83.16,41.14,1000 -83.23,41.12,1000 -83.29,41.10,1000 -83.36,41.10,1000 -83.42,41.11,1000 -83.49,41.12,1000 -83.56,41.14,1000 -83.62,41.16,1000 -83.67,41.18,1000 -83.72,41.21,1000 -83.75,41.23,1000 -83.81,41.28,1000 -83.85,41.30,1000 -83.91,41.33,1000 -83.97,41.36,1000 -84.03,41.40,1000 -84.10,41.43,1000 -84.16,41.47,1000 -84.21,41.51,1000 -84.25,41.55,1000 -84.28,41.60,1000 -84.30,41.66,1000 -84.32,41.72,1000 -84.32,41.78,1000 -84.33,41.84,1000 -84.34,41.90,1000 -84.35,41.96,1000 -84.37,42.01,1000 -84.39,42.07,1000 -84.41,42.12,1000 -84.42,42.17,1000 -84.44,42.22,1000 -84.45,42.27,1000 -84.46,42.31,1000 -84.46,42.37,1000 -84.45,42.43,1000 -84.43,42.47,1000 -84.40,42.51,1000 -84.36,42.54,1000 -84.31,42.56,1000 -84.23,42.58,1000 -84.13,42.59,1000 -84.07,42.59,1000 -84.01,42.59,1000 -83.94,42.59,1000 -83.86,42.59,1000 -83.78,42.58,1000 -83.70,42.58,1000 -83.61,42.57,1000 -83.52,42.57,1000 -83.43,42.56,1000 -83.18,42.68,1000 
          </coordinates>
        </LinearRing>
      </innerBoundaryIs>
      <innerBoundaryIs>
        <LinearRing>
          <coordinates>
-125.16,50.09,1000 -125.15,50.09,1000 -125.14,50.09,1000 -125.13,50.09,1000 -125.12,50.09,1000 -125.11,50.09,1000 -125.10,50.09,1000 -125.09,50.09,1000 -125.08,50.09,1000 -125.07,50.09,1000 -125.06,50.09,1000 -125.05,50.09,1000 -125.04,50.09,1000 -125.03,50.09,1000 -125.02,50.09,1000 -125.01,50.09,1000 -125.00,50.09,1000 -124.99,50.09,1000 -124.99,50.09,1000 -124.98,50.09,1000 -124.97,50.09,1000 -124.96,50.09,1000 -124.95,50.09,1000 -124.95,50.09,1000 -124.94,50.08,1000 -124.93,50.08,1000 -124.93,50.08,1000 -124.92,50.08,1000 -124.92,50.08,1000 -124.91,50.08,1000 -124.90,50.08,1000 -124.90,50.08,1000 -124.88,50.08,1000 -124.87,50.07,1000 -124.86,50.07,1000 -124.86,50.06,1000 -124.86,50.05,1000 -124.86,50.05,1000 -124.87,50.04,1000 -124.88,50.04,1000 -124.88,50.04,1000 -124.89,50.04,1000 -124.90,50.04,1000 -124.90,50.04,1000 -124.91,50.04,1000 -124.92,50.04,1000 -124.92,50.04,1000 -124.93,50.04,1000 -124.94,50.04,1000 -124.95,50.04,1000 -124.96,50.04,1000 -124.97,50.04,1000 -124.98,50.04,1000 -124.99,50.04,1000 -125.00,50.04,1000 -125.01,50.04,1000 -125.02,50.04,1000 -125.03,50.04,1000 -125.04,50.04,1000 -125.05,50.04,1000 -125.06,50.04,1000 -125.07,50.04,1000 -125.08,50.04,1000 -125.09,50.04,1000 -125.10,50.04,1000 -125.11,50.04,1000 -125.12,50.04,1000 -125.12,50.04,1000 -125.13,50.04,1000 -125.14,50.04,1000 -125.14,50.04,1000 -125.17,50.04,1000 -125.17,50.05,1000 -125.15,50.05,1000 -125.16,50.09,1000 
          </coordinates>
        </LinearRing>
      </innerBoundaryIs>
      <innerBoundaryIs>
        <LinearRing>
          <coordinates>
-73.34,44.14,1000 -73.34,44.13,1000 -73.34,44.11,1000 -73.35,44.07,1000 -73.35,44.04,1000 -73.36,44.00,1000 -73.36,43.96,1000 -73.36,43.93,1000 -73.37,43.89,1000 -73.37,43.86,1000 -73.37,43.82,1000 -73.37,43.79,1000 -73.36,43.75,1000 -73.34,43.72,1000 -73.32,43.68,1000 -73.30,43.65,1000 -73.30,43.61,1000 -73.31,43.58,1000 -73.33,43.54,1000 -73.36,43.51,1000 -73.39,43.47,1000 -73.41,43.44,1000 -73.43,43.41,1000 -73.45,43.38,1000 -73.47,43.34,1000 -73.49,43.31,1000 -73.51,43.28,1000 -73.52,43.24,1000 -73.54,43.20,1000 -73.55,43.15,1000 -73.55,43.12,1000 -73.56,43.11,1000 -73.56,43.12,1000 -73.56,43.16,1000 -73.56,43.20,1000 -73.56,43.25,1000 -73.56,43.29,1000 -73.56,43.32,1000 -73.56,43.36,1000 -73.56,43.39,1000 -73.55,43.43,1000 -73.55,43.46,1000 -73.54,43.49,1000 -73.54,43.53,1000 -73.53,43.56,1000 -73.52,43.60,1000 -73.51,43.63,1000 -73.50,43.66,1000 -73.48,43.70,1000 -73.47,43.73,1000 -73.45,43.77,1000 -73.44,43.80,1000 -73.43,43.83,1000 -73.42,43.87,1000 -73.41,43.90,1000 -73.40,43.94,1000 -73.39,43.97,1000 -73.38,44.00,1000 -73.37,44.03,1000 -73.36,44.07,1000 -73.35,44.10,1000 -73.34,44.13,1000 -73.34,44.14,1000 
          </coordinates>
        </LinearRing>
      </innerBoundaryIs>
      <innerBoundaryIs>
        <LinearRing>
          <coordinates>
-108.54,44.83,2000 -108.47,44.83,2000 -108.41,44.82,2000 -108.35,44.82,2000 -108.30,44.81,2000 -108.26,44.79,2000 -108.23,44.77,2000 -108.20,44.74,2000 -108.16,44.71,2000 -108.11,44.68,2000 -108.06,44.65,2000 -108.03,44.62,2000 -108.01,44.60,2000 -107.99,44.58,2000 -107.96,44.56,2000 -107.91,44.52,2000 -107.87,44.49,2000 -107.82,44.45,2000 -107.79,44.43,2000 -107.76,44.40,2000 -107.74,44.37,2000 -107.72,44.34,2000 -107.69,44.30,2000 -107.67,44.26,2000 -107.64,44.22,2000 -107.62,44.18,2000 -107.59,44.14,2000 -107.57,44.10,2000 -107.56,44.07,2000 -107.54,44.03,2000 -107.53,43.99,2000 -107.53,43.96,2000 -107.53,43.92,2000 -107.55,43.88,2000 -107.57,43.84,2000 -107.60,43.80,2000 -107.63,43.77,2000 -107.65,43.74,2000 -107.67,43.72,2000 -107.70,43.71,2000 -107.75,43.70,2000 -107.80,43.68,2000 -107.85,43.67,2000 -107.90,43.66,2000 -107.96,43.66,2000 -108.03,43.66,2000 -108.09,43.67,2000 -108.14,43.68,2000 -108.17,43.71,2000 -108.20,43.73,2000 -108.24,43.77,2000 -108.28,43.80,2000 -108.32,43.84,2000 -108.35,43.87,2000 -108.38,43.91,2000 -108.40,43.94,2000 -108.41,43.97,2000 -108.42,44.00,2000 -108.44,44.04,2000 -108.45,44.07,2000 -108.46,44.12,2000 -108.47,44.17,2000 -108.48,44.21,2000 -108.49,44.25,2000 -108.50,44.29,2000 -108.51,44.33,2000 -108.52,44.37,2000 -108.53,44.41,2000 -108.55,44.45,2000 -108.57,44.50,2000 -108.58,44.54,2000 -108.59,44.58,2000 -108.61,44.62,2000 -108.62,44.67,2000 -108.63,44.71,2000 -108.54,44.83,2000 
          </coordinates>
        </LinearRing>
      </innerBoundaryIs>
      <innerBoundaryIs>
        <LinearRing>
          <coordinates>
-84.09,43.01,2000 -84.00,43.05,2000 -83.91,43.08,2000 -83.82,43.10,2000 -83.75,43.10,2000 -83.67,43.10,2000 -83.58,43.08,2000 -83.49,43.06,2000 -83.38,43.04,2000 -83.26,43.02,2000 -83.14,43.00,2000 -83.04,42.99,2000 -82.93,42.98,2000 -82.82,42.97,2000 -82.72,42.97,2000 -82.64,42.97,2000 -82.54,43.00,2000 -82.48,43.04,2000 -82.41,43.05,2000 -82.34,43.02,2000 -82.27,42.97,2000 -82.20,42.91,2000 -82.14,42.86,2000 -82.09,42.80,2000 -82.03,42.74,2000 -81.99,42.68,2000 -81.94,42.63,2000 -81.90,42.58,2000 -81.91,42.50,2000 -81.93,42.44,2000 -81.97,42.38,2000 -82.01,42.30,2000 -82.06,42.23,2000 -82.12,42.14,2000 -82.17,42.07,2000 -82.22,41.99,2000 -82.27,41.92,2000 -82.32,41.84,2000 -82.38,41.76,2000 -82.43,41.68,2000 -82.48,41.61,2000 -82.52,41.55,2000 -82.56,41.49,2000 -82.60,41.40,2000 -82.62,41.35,2000 -82.65,41.30,2000 -82.70,41.25,2000 -82.76,41.20,2000 -82.82,41.15,2000 -82.89,41.10,2000 -82.98,41.05,2000 -83.08,41.01,2000 -83.17,40.97,2000 -83.25,40.94,2000 -83.32,40.91,2000 -83.39,40.89,2000 -83.46,40.88,2000 -83.53,40.88,2000 -83.62,40.91,2000 -83.68,40.95,2000 -83.74,41.01,2000 -83.81,41.08,2000 -83.89,41.15,2000 -83.96,41.21,2000 -84.04,41.26,2000 -84.14,41.29,2000 -84.24,41.31,2000 -84.35,41.32,2000 -84.44,41.33,2000 -84.51,41.36,2000 -84.56,41.41,2000 -84.58,41.47,2000 -84.58,41.54,2000 -84.58,41.62,2000 -84.58,41.69,2000 -84.57,41.77,2000 -84.56,41.85,2000 -84.55,41.92,2000 -84.55,41.99,2000 -84.57,42.06,2000 -84.60,42.12,2000 -84.63,42.17,2000 -84.65,42.23,2000 -84.67,42.30,2000 -84.68,42.38,2000 -84.68,42.46,2000 -84.68,42.52,2000 -84.66,42.60,2000 -84.60,42.67,2000 -84.54,42.71,2000 -84.46,42.75,2000 -84.37,42.80,2000 -84.27,42.84,2000 -84.09,43.01,2000 
          </coordinates>
        </LinearRing>
      </innerBoundaryIs>
      <innerBoundaryIs>
        <LinearRing>
          <coordinates>
-85.95,38.19,2000 -85.92,38.19,2000 -85.89,38.18,2000 -85.86,38.18,2000 -85.83,38.17,2000 -85.81,38.17,2000 -85.78,38.17,2000 -85.76,38.17,2000 -85.75,38.16,2000 -85.73,38.16,2000 -85.71,38.15,2000 -85.70,38.14,2000 -85.69,38.13,2000 -85.68,38.11,2000 -85.66,38.09,2000 -85.65,38.08,2000 -85.63,38.06,2000 -85.62,38.04,2000 -85.60,38.02,2000 -85.59,38.00,2000 -85.58,37.98,2000 -85.57,37.96,2000 -85.56,37.94,2000 -85.55,37.92,2000 -85.54,37.90,2000 -85.53,37.88,2000 -85.53,37.86,2000 -85.53,37.84,2000 -85.53,37.82,2000 -85.53,37.80,2000 -85.54,37.78,2000 -85.55,37.77,2000 -85.56,37.75,2000 -85.58,37.74,2000 -85.60,37.72,2000 -85.62,37.71,2000 -85.64,37.70,2000 -85.66,37.68,2000 -85.69,37.67,2000 -85.71,37.66,2000 -85.73,37.66,2000 -85.75,37.65,2000 -85.77,37.65,2000 -85.79,37.65,2000 -85.81,37.66,2000 -85.83,37.67,2000 -85.86,37.68,2000 -85.88,37.69,2000 -85.90,37.71,2000 -85.92,37.72,2000 -85.94,37.74,2000 -85.95,37.75,2000 -85.97,37.76,2000 -85.98,37.77,2000 -86.00,37.78,2000 -85.99,37.79,2000 -86.00,37.81,2000 -86.01,37.82,2000 -86.02,37.83,2000 -86.03,37.85,2000 -86.05,37.87,2000 -86.06,37.88,2000 -86.07,37.90,2000 -86.09,37.92,2000 -86.10,37.94,2000 -86.11,37.96,2000 -86.12,37.97,2000 -86.12,37.99,2000 -86.12,38.01,2000 -86.12,38.02,2000 -86.11,38.04,2000 -86.10,38.06,2000 -86.09,38.08,2000 -86.08,38.09,2000 -86.07,38.11,2000 -86.06,38.13,2000 -86.04,38.14,2000 -86.03,38.16,2000 -85.95,38.19,2000 
          </coordinates>
        </LinearRing>
      </innerBoundaryIs>
      <innerBoundaryIs>
        <LinearRing>
          <coordinates>
-111.67,46.06,2000 -111.66,46.06,2000 -111.64,46.06,2000 -111.63,46.07,2000 -111.61,46.07,2000 -111.60,46.07,2000 -111.58,46.07,2000 -111.57,46.07,2000 -111.55,46.07,2000 -111.54,46.08,2000 -111.53,46.08,2000 -111.51,46.08,2000 -111.50,46.08,2000 -111.49,46.08,2000 -111.48,46.08,2000 -111.47,46.08,2000 -111.46,46.08,2000 -111.45,46.08,2000 -111.44,46.08,2000 -111.43,46.08,2000 -111.41,46.08,2000 -111.40,46.08,2000 -111.39,46.07,2000 -111.38,46.07,2000 -111.38,46.06,2000 -111.37,46.05,2000 -111.37,46.04,2000 -111.37,46.03,2000 -111.37,46.03,2000 -111.36,46.02,2000 -111.36,46.01,2000 -111.36,46.00,2000 -111.36,45.99,2000 -111.36,45.98,2000 -111.36,45.97,2000 -111.35,45.96,2000 -111.35,45.95,2000 -111.35,45.94,2000 -111.35,45.93,2000 -111.35,45.92,2000 -111.35,45.91,2000 -111.35,45.90,2000 -111.35,45.89,2000 -111.35,45.88,2000 -111.35,45.88,2000 -111.35,45.87,2000 -111.35,45.85,2000 -111.35,45.85,2000 -111.36,45.84,2000 -111.37,45.84,2000 -111.39,45.84,2000 -111.40,45.84,2000 -111.41,45.84,2000 -111.42,45.84,2000 -111.43,45.84,2000 -111.44,45.84,2000 -111.46,45.84,2000 -111.47,45.84,2000 -111.49,45.84,2000 -111.50,45.84,2000 -111.52,45.84,2000 -111.53,45.84,2000 -111.55,45.84,2000 -111.56,45.84,2000 -111.58,45.84,2000 -111.59,45.84,2000 -111.60,45.84,2000 -111.61,45.84,2000 -111.62,45.84,2000 -111.63,45.84,2000 -111.65,45.84,2000 -111.65,45.84,2000 -111.66,45.85,2000 -111.66,45.85,2000 -111.67,45.86,2000 -111.67,45.87,2000 -111.68,45.87,2000 -111.68,45.88,2000 -111.69,45.88,2000 -111.69,45.89,2000 -111.70,45.90,2000 -111.70,45.91,2000 -111.71,45.92,2000 -111.71,45.92,2000 -111.72,45.93,2000 -111.73,45.94,2000 -111.73,45.95,2000 -111.74,45.96,2000 -111.74,45.97,2000 -111.75,45.98,2000 -111.76,45.99,2000 -111.76,46.00,2000 -111.77,46.01,2000 -111.67,46.06,2000 
          </coordinates>
        </LinearRing>
      </innerBoundaryIs>
      <innerBoundaryIs>
        <LinearRing>
          <coordinates>
-117.91,46.30,2000 -117.83,46.30,2000 -117.76,46.30,2000 -117.69,46.30,2000 -117.62,46.29,2000 -117.57,46.28,2000 -117.52,46.25,2000 -117.47,46.20,2000 -117.44,46.16,2000 -117.42,46.11,2000 -117.41,46.07,2000 -117.41,46.03,2000 -117.42,45.99,2000 -117.43,45.95,2000 -117.46,45.91,2000 -117.50,45.86,2000 -117.54,45.81,2000 -117.54,45.77,2000 -117.51,45.74,2000 -117.46,45.71,2000 -117.40,45.68,2000 -117.33,45.65,2000 -117.28,45.62,2000 -117.23,45.59,2000 -117.19,45.57,2000 -117.15,45.54,2000 -117.11,45.51,2000 -117.07,45.47,2000 -117.05,45.43,2000 -117.02,45.38,2000 -117.00,45.33,2000 -116.98,45.28,2000 -116.96,45.23,2000 -116.95,45.18,2000 -116.95,45.14,2000 -116.97,45.09,2000 -117.01,45.05,2000 -117.07,45.02,2000 -117.12,44.99,2000 -117.17,44.97,2000 -117.22,44.95,2000 -117.27,44.94,2000 -117.33,44.93,2000 -117.39,44.93,2000 -117.46,44.94,2000 -117.53,44.95,2000 -117.59,44.96,2000 -117.64,44.98,2000 -117.69,45.00,2000 -117.73,45.02,2000 -117.77,45.05,2000 -117.81,45.08,2000 -117.84,45.12,2000 -117.88,45.16,2000 -117.90,45.20,2000 -117.91,45.24,2000 -117.91,45.29,2000 -117.91,45.33,2000 -117.93,45.37,2000 -117.97,45.39,2000 -118.02,45.41,2000 -118.08,45.43,2000 -118.15,45.45,2000 -118.20,45.47,2000 -118.25,45.50,2000 -118.30,45.53,2000 -118.35,45.57,2000 -118.39,45.61,2000 -118.41,45.66,2000 -118.41,45.70,2000 -118.41,45.75,2000 -118.39,45.80,2000 -118.37,45.85,2000 -118.34,45.90,2000 -118.32,45.95,2000 -118.29,45.99,2000 -118.27,46.03,2000 -118.23,46.07,2000 -118.20,46.11,2000 -118.17,46.14,2000 -118.13,46.18,2000 -117.91,46.30,2000 
          </coordinates>
        </LinearRing>
      </innerBoundaryIs>
      <innerBoundaryIs>
        <LinearRing>
          <coordinates>
-73.26,44.49,2000 -73.25,44.47,2000 -73.25,44.42,2000 -73.25,44.36,2000 -73.25,44.30,2000 -73.25,44.24,2000 -73.26,44.18,2000 -73.26,44.12,2000 -73.27,44.06,2000 -73.28,44.01,2000 -73.28,43.95,2000 -73.27,43.89,2000 -73.26,43.82,2000 -73.24,43.77,2000 -73.21,43.72,2000 -73.19,43.69,2000 -73.18,43.65,2000 -73.18,43.59,2000 -73.20,43.54,2000 -73.23,43.47,2000 -73.25,43.43,2000 -73.25,43.42,2000 -73.28,43.39,2000 -73.34,43.36,2000 -73.39,43.31,2000 -73.43,43.27,2000 -73.46,43.21,2000 -73.49,43.16,2000 -73.51,43.10,2000 -73.53,43.04,2000 -73.55,42.99,2000 -73.57,42.94,2000 -73.58,42.89,2000 -73.60,42.85,2000 -73.63,42.82,2000 -73.70,42.82,2000 -73.80,42.84,2000 -73.86,42.86,2000 -73.87,42.91,2000 -73.84,42.97,2000 -73.83,43.01,2000 -73.81,43.04,2000 -73.78,43.08,2000 -73.75,43.13,2000 -73.73,43.18,2000 -73.71,43.24,2000 -73.70,43.30,2000 -73.69,43.36,2000 -73.68,43.41,2000 -73.67,43.47,2000 -73.65,43.53,2000 -73.63,43.58,2000 -73.61,43.64,2000 -73.58,43.70,2000 -73.55,43.75,2000 -73.52,43.81,2000 -73.49,43.86,2000 -73.47,43.92,2000 -73.45,43.97,2000 -73.43,44.03,2000 -73.42,44.08,2000 -73.41,44.14,2000 -73.40,44.20,2000 -73.39,44.25,2000 -73.38,44.31,2000 -73.36,44.37,2000 -73.32,44.42,2000 -73.29,44.48,2000 -73.26,44.49,2000 
          </coordinates>
        </LinearRing>
      </innerBoundaryIs>
      <innerBoundaryIs>
        <LinearRing>
          <coordinates>
-127.65,50.42,2000 -126.94,50.55,2000 -126.15,50.65,2000 -125.89,50.59,2000 -125.57,50.64,2000 -125.28,50.79,2000 -124.83,50.86,2000 -123.22,51.07,2000 -122.48,50.96,2000 -121.98,50.78,2000 -121.57,50.51,2000 -121.34,50.37,2000 -121.15,50.44,2000 -120.91,50.65,2000 -120.93,50.78,2000 -121.11,50.95,2000 -121.08,51.19,2000 -120.71,51.39,2000 -119.94,51.49,2000 -118.22,51.68,2000 -116.57,51.85,2000 -116.22,51.86,2000 -115.98,51.79,2000 -115.72,51.66,2000 -115.62,51.52,2000 -115.46,51.11,2000 -115.21,50.70,2000 -114.94,50.40,2000 -114.81,50.27,2000 -114.52,50.14,2000 -114.25,50.29,2000 -114.07,50.47,2000 -113.89,50.54,2000 -113.43,50.79,2000 -113.09,50.82,2000 -112.90,50.76,2000 -111.97,50.46,2000 -111.45,50.29,2000 -110.91,50.20,2000 -110.41,50.11,2000 -110.03,50.09,2000 -109.61,50.16,2000 -109.41,50.26,2000 -109.11,50.24,2000 -108.59,49.92,2000 -108.36,49.62,2000 -107.79,49.45,2000 -107.16,49.31,2000 -106.42,49.20,2000 -104.91,49.06,2000 -103.63,49.01,2000 -102.09,48.94,2000 -101.71,48.90,2000 -101.30,48.82,2000 -100.81,48.65,2000 -100.39,48.51,2000 -99.83,48.40,2000 -99.30,48.30,2000 -98.77,48.15,2000 -98.41,48.11,2000 -97.99,48.13,2000 -97.42,48.01,2000 -96.72,47.78,2000 -96.52,47.71,2000 -96.14,47.69,2000 -95.64,47.78,2000 -95.31,47.83,2000 -94.93,47.83,2000 -94.53,47.82,2000 -94.18,47.86,2000 -93.68,47.94,2000 -92.99,48.05,2000 -92.60,48.14,2000 -91.49,48.32,2000 -91.01,48.46,2000 -90.51,48.69,2000 -90.07,48.94,2000 -89.69,49.33,2000 -89.51,49.50,2000 -89.24,49.65,2000 -88.74,49.85,2000 -88.52,49.99,2000 -88.37,50.25,2000 -88.24,50.60,2000 -88.04,50.76,2000 -87.72,50.86,2000 -87.01,50.89,2000 -86.53,50.87,2000 -85.75,50.79,2000 -84.96,50.64,2000 -84.55,50.44,2000 -84.13,50.21,2000 -83.73,50.09,2000 -83.46,49.97,2000 -83.14,49.73,2000 -82.54,49.53,2000 -81.84,49.10,2000 -81.21,48.93,2000 -80.39,48.75,2000 -79.32,48.47,2000 -78.68,48.32,2000 -78.21,48.19,2000 -77.82,48.14,2000 -77.51,48.15,2000 -76.92,48.18,2000 -76.41,48.24,2000 -75.90,48.38,2000 -75.04,48.60,2000 -74.53,48.77,2000 -74.10,49.01,2000 -73.50,49.19,2000 -73.22,49.29,2000 -73.01,49.44,2000 -72.76,49.68,2000 -72.47,49.83,2000 -72.12,49.98,2000 -71.79,50.34,2000 -71.57,50.57,2000 -71.32,50.70,2000 -70.86,50.83,2000 -70.34,50.93,2000 -69.74,51.04,2000 -69.28,51.11,2000 -69.03,51.11,2000 -68.34,51.08,2000 -67.92,51.07,2000 -67.48,50.96,2000 -66.21,50.48,2000 -65.84,50.28,2000 -65.57,49.98,2000 -65.24,49.75,2000 -64.75,49.53,2000 -64.79,49.30,2000 -65.02,49.22,2000 -64.60,48.99,2000 -63.26,48.62,2000 -62.84,48.38,2000 -62.37,48.16,2000 -62.00,47.99,2000 -61.79,47.71,2000 -61.78,47.46,2000 -61.86,47.19,2000 -62.03,46.74,2000 -62.45,45.72,2000 -62.60,45.24,2000 -62.82,44.90,2000 -63.10,44.77,2000 -63.52,44.71,2000 -64.17,44.63,2000 -64.76,45.40,2000 -65.20,45.29,2000 -65.66,45.20,2000 -66.00,45.25,2000 -66.71,45.23,2000 -67.64,45.31,2000 -68.84,45.30,2000 -69.96,45.26,2000 -70.22,45.15,2000 -70.42,44.96,2000 -70.69,44.85,2000 -70.86,44.73,2000 -71.01,44.55,2000 -71.00,44.31,2000 -71.24,44.01,2000 -71.46,43.91,2000 -71.73,43.90,2000 -72.07,44.16,2000 -72.33,44.11,2000 -72.45,44.00,2000 -72.50,43.79,2000 -72.49,43.40,2000 -72.55,42.89,2000 -72.86,42.58,2000 -73.25,42.37,2000 -73.51,42.40,2000 -73.71,42.53,2000 -73.93,42.41,2000 -74.05,42.26,2000 -74.31,41.94,2000 -74.52,41.76,2000 -74.77,41.67,2000 -75.10,41.53,2000 -75.44,41.21,2000 -76.85,41.05,2000 -77.23,40.78,2000 -77.68,40.55,2000 -77.99,40.41,2000 -78.12,40.22,2000 -78.25,40.03,2000 -78.43,39.92,2000 -78.67,39.77,2000 -78.84,39.58,2000 -78.96,39.44,2000 -79.03,39.19,2000 -79.13,38.89,2000 -79.30,38.57,2000 -79.58,38.19,2000 -79.91,37.95,2000 -80.20,37.66,2000 -80.34,37.40,2000 -80.51,37.26,2000 -80.91,37.00,2000 -81.33,36.37,2000 -81.59,36.08,2000 -81.94,35.80,2000 -82.81,35.45,2000 -83.17,35.24,2000 -83.69,35.05,2000 -83.99,35.03,2000 -84.24,35.13,2000 -84.31,35.35,2000 -84.23,35.60,2000 -83.45,36.22,2000 -83.50,36.43,2000 -83.87,36.37,2000 -84.33,36.12,2000 -84.60,35.93,2000 -85.30,35.36,2000 -85.51,35.26,2000 -85.82,35.25,2000 -86.36,35.52,2000 -86.44,35.70,2000 -86.36,35.85,2000 -86.19,36.12,2000 -86.11,36.44,2000 -86.07,36.57,2000 -85.87,36.79,2000 -85.82,37.10,2000 -86.02,37.56,2000 -86.24,37.63,2000 -86.36,37.82,2000 -86.27,38.41,2000 -85.95,38.74,2000 -85.81,39.12,2000 -85.81,39.40,2000 -85.91,39.56,2000 -86.03,39.87,2000 -86.24,39.65,2000 -86.54,39.25,2000 -86.76,38.91,2000 -87.08,38.90,2000 -87.31,39.22,2000 -87.48,39.40,2000 -87.80,39.37,2000 -88.12,39.23,2000 -88.51,39.13,2000 -89.20,39.04,2000 -89.64,38.88,2000 -90.19,38.75,2000 -90.59,38.75,2000 -90.97,38.81,2000 -91.44,38.66,2000 -91.81,38.64,2000 -92.25,38.70,2000 -93.04,39.15,2000 -93.81,39.63,2000 -94.07,39.91,2000 -94.54,40.12,2000 -94.87,40.45,2000 -95.20,40.88,2000 -95.69,41.16,2000 -95.97,41.51,2000 -96.28,41.82,2000 -96.47,41.93,2000 -96.86,41.97,2000 -97.61,42.00,2000 -98.26,42.07,2000 -99.00,42.22,2000 -99.56,42.38,2000 -100.11,42.54,2000 -100.69,42.61,2000 -102.15,42.58,2000 -103.18,42.33,2000 -103.49,42.41,2000 -103.65,42.53,2000 -103.76,42.67,2000 -103.79,42.91,2000 -103.58,43.20,2000 -103.33,43.47,2000 -103.84,43.65,2000 -104.42,43.80,2000 -105.03,43.73,2000 -105.22,43.67,2000 -105.38,43.52,2000 -105.42,43.25,2000 -105.37,43.00,2000 -105.16,42.68,2000 -105.07,42.43,2000 -105.12,42.30,2000 -105.34,42.15,2000 -105.52,42.09,2000 -106.00,42.11,2000 -106.27,41.95,2000 -105.68,41.60,2000 -105.54,41.02,2000 -105.41,40.86,2000 -105.24,40.52,2000 -105.12,40.05,2000 -104.90,39.74,2000 -104.77,39.68,2000 -104.47,39.54,2000 -104.34,39.40,2000 -104.35,39.20,2000 -104.50,39.03,2000 -104.81,38.81,2000 -104.96,38.74,2000 -105.12,38.76,2000 -105.24,38.82,2000 -105.45,39.03,2000 -105.58,39.10,2000 -105.81,39.09,2000 -106.25,38.82,2000 -106.44,38.74,2000 -106.64,38.73,2000 -107.08,38.86,2000 -107.22,38.99,2000 -107.27,39.14,2000 -107.21,39.32,2000 -107.41,39.51,2000 -107.61,39.59,2000 -107.83,39.77,2000 -107.90,39.92,2000 -107.92,40.10,2000 -107.83,40.31,2000 -107.69,40.48,2000 -107.61,40.74,2000 -107.52,41.08,2000 -107.44,41.33,2000 -107.23,41.46,2000 -106.89,41.67,2000 -106.69,41.86,2000 -106.68,42.07,2000 -107.01,42.31,2000 -107.28,42.56,2000 -107.61,42.77,2000 -107.58,43.05,2000 -107.83,43.24,2000 -108.06,43.29,2000 -108.33,43.20,2000 -108.23,42.49,2000 -108.66,42.27,2000 -109.15,42.34,2000 -109.92,42.74,2000 -110.59,42.03,2000 -110.86,42.09,2000 -111.14,42.23,2000 -111.26,42.24,2000 -111.31,42.11,2000 -111.50,41.96,2000 -111.65,42.07,2000 -111.65,42.23,2000 -111.35,42.73,2000 -111.49,43.57,2000 -111.36,43.93,2000 -111.42,44.22,2000 -111.59,44.45,2000 -112.02,44.62,2000 -112.27,44.73,2000 -112.38,44.95,2000 -112.41,45.22,2000 -112.51,45.45,2000 -112.84,45.19,2000 -113.09,44.87,2000 -113.07,44.39,2000 -113.47,44.17,2000 -113.85,44.09,2000 -113.92,44.35,2000 -114.09,44.52,2000 -114.10,44.28,2000 -114.05,44.03,2000 -114.30,43.60,2000 -114.44,43.47,2000 -114.77,43.32,2000 -115.17,43.32,2000 -115.48,43.39,2000 -115.63,43.47,2000 -115.78,43.72,2000 -115.92,44.08,2000 -116.09,44.29,2000 -116.22,44.54,2000 -116.34,44.87,2000 -116.69,45.11,2000 -116.85,45.27,2000 -116.82,45.52,2000 -116.43,45.72,2000 -116.10,46.06,2000 -116.08,46.21,2000 -116.16,46.49,2000 -116.63,47.07,2000 -116.69,47.49,2000 -116.75,47.74,2000 -116.72,48.05,2000 -116.81,48.27,2000 -116.95,48.38,2000 -117.19,48.55,2000 -117.46,48.67,2000 -117.54,48.83,2000 -117.78,48.98,2000 -118.09,48.97,2000 -118.50,49.05,2000 -119.06,49.16,2000 -119.47,49.35,2000 -119.75,49.28,2000 -119.74,49.00,2000 -119.85,48.83,2000 -120.05,48.68,2000 -120.46,47.98,2000 -120.62,47.81,2000 -120.69,47.54,2000 -120.93,47.24,2000 -121.37,46.49,2000 -121.50,46.45,2000 -121.76,46.58,2000 -122.02,46.69,2000 -122.14,46.88,2000 -121.97,47.25,2000 -121.93,47.61,2000 -121.97,47.90,2000 -122.07,48.19,2000 -122.25,48.43,2000 -122.29,48.73,2000 -122.21,49.10,2000 -122.74,49.20,2000 -122.97,49.21,2000 -123.31,49.30,2000 -123.61,49.33,2000 -123.88,49.42,2000 -124.24,49.70,2000 -124.57,49.78,2000 -124.79,49.93,2000 -124.90,50.12,2000 -125.17,50.22,2000 -125.25,50.19,2000 -125.13,49.97,2000 -124.40,49.38,2000 -123.90,49.13,2000 -123.75,48.90,2000 -123.86,48.61,2000 -124.20,48.58,2000 -124.40,48.64,2000 -124.71,48.75,2000 -124.94,48.89,2000 -125.51,48.99,2000 -126.08,49.21,2000 -126.47,49.38,2000 -126.83,49.64,2000 -127.30,49.88,2000 -127.77,50.07,2000 -127.83,50.24,2000 -127.65,50.42,2000 -127.65,50.42,2000 
          </coordinates>
        </LinearRing>
      </innerBoundaryIs>
      <innerBoundaryIs>
        <LinearRing>
          <coordinates>
-115.94,50.71,2000 -115.94,50.71,2000 -115.93,50.70,2000 -115.92,50.70,2000 -115.92,50.70,2000 -115.90,50.69,2000 -115.89,50.68,2000 -115.87,50.67,2000 -115.86,50.67,2000 -115.85,50.66,2000 -115.85,50.66,2000 -115.83,50.65,2000 -115.82,50.64,2000 -115.81,50.64,2000 -115.80,50.63,2000 -115.79,50.62,2000 -115.78,50.62,2000 -115.76,50.61,2000 -115.75,50.60,2000 -115.74,50.60,2000 -115.73,50.59,2000 -115.71,50.58,2000 -115.70,50.58,2000 -115.69,50.57,2000 -115.68,50.56,2000 -115.67,50.56,2000 -115.66,50.55,2000 -115.65,50.55,2000 -115.65,50.54,2000 -115.64,50.54,2000 -115.62,50.53,2000 -115.62,50.53,2000 -115.61,50.52,2000 -115.61,50.52,2000 -115.63,50.51,2000 -115.64,50.51,2000 -115.65,50.51,2000 -115.66,50.50,2000 -115.67,50.50,2000 -115.68,50.50,2000 -115.70,50.50,2000 -115.71,50.49,2000 -115.73,50.49,2000 -115.75,50.49,2000 -115.76,50.49,2000 -115.78,50.48,2000 -115.79,50.48,2000 -115.81,50.48,2000 -115.82,50.48,2000 -115.84,50.47,2000 -115.85,50.47,2000 -115.86,50.47,2000 -115.87,50.47,2000 -115.88,50.47,2000 -115.90,50.47,2000 -115.91,50.47,2000 -115.91,50.48,2000 -115.91,50.50,2000 -115.91,50.51,2000 -115.91,50.51,2000 -115.92,50.52,2000 -115.92,50.52,2000 -115.92,50.53,2000 -115.92,50.54,2000 -115.93,50.55,2000 -115.93,50.55,2000 -115.93,50.56,2000 -115.93,50.57,2000 -115.94,50.58,2000 -115.94,50.59,2000 -115.94,50.60,2000 -115.95,50.61,2000 -115.95,50.62,2000 -115.95,50.63,2000 -115.95,50.64,2000 -115.96,50.65,2000 -115.96,50.66,2000 -115.94,50.71,2000 
          </coordinates>
        </LinearRing>
      </innerBoundaryIs>
  </Polygon>
 </MultiGeometry>
</Placemark>
<Placemark>
  <name>5%</name>
  <visibility>1</visibility>
  <styleUrl>#poly_5</styleUrl>
  <MultiGeometry>
    <Polygon>
      <outerBoundaryIs>
        <LinearRing>
          <coordinates>
-121.84,44.37,1000 -121.83,44.37,1000 -121.81,44.36,1000 -121.79,44.36,1000 -121.76,44.35,1000 -121.74,44.34,1000 -121.72,44.34,1000 -121.69,44.33,1000 -121.66,44.32,1000 -121.64,44.31,1000 -121.61,44.30,1000 -121.59,44.29,1000 -121.57,44.28,1000 -121.55,44.27,1000 -121.53,44.26,1000 -121.51,44.25,1000 -121.50,44.23,1000 -121.49,44.21,1000 -121.49,44.19,1000 -121.48,44.18,1000 -121.48,44.16,1000 -121.48,44.13,1000 -121.48,44.11,1000 -121.48,44.09,1000 -121.48,44.07,1000 -121.48,44.05,1000 -121.48,44.04,1000 -121.48,44.02,1000 -121.50,44.01,1000 -121.51,44.00,1000 -121.52,43.99,1000 -121.54,43.98,1000 -121.55,43.96,1000 -121.57,43.94,1000 -121.59,43.93,1000 -121.60,43.91,1000 -121.62,43.90,1000 -121.64,43.88,1000 -121.66,43.87,1000 -121.68,43.86,1000 -121.70,43.85,1000 -121.73,43.84,1000 -121.75,43.84,1000 -121.78,43.83,1000 -121.81,43.83,1000 -121.84,43.83,1000 -121.87,43.84,1000 -121.89,43.84,1000 -121.92,43.84,1000 -121.94,43.85,1000 -121.96,43.86,1000 -121.99,43.87,1000 -122.00,43.88,1000 -122.02,43.90,1000 -122.04,43.91,1000 -122.05,43.93,1000 -122.06,43.95,1000 -122.07,43.97,1000 -122.08,43.98,1000 -122.08,44.00,1000 -122.09,44.02,1000 -122.09,44.04,1000 -122.10,44.07,1000 -122.10,44.08,1000 -122.10,44.10,1000 -122.10,44.12,1000 -122.10,44.14,1000 -122.09,44.16,1000 -122.09,44.18,1000 -122.08,44.20,1000 -122.06,44.21,1000 -122.05,44.23,1000 -122.04,44.24,1000 -122.02,44.26,1000 -122.01,44.27,1000 -121.99,44.28,1000 -121.97,44.29,1000 -121.95,44.31,1000 -121.93,44.32,1000 -121.91,44.33,1000 -121.84,44.37,1000 
          </coordinates>
        </LinearRing>
      </outerBoundaryIs>
      <innerBoundaryIs>
        <LinearRing>
          <coordinates>
-121.81,44.25,2000 -121.79,44.25,2000 -121.78,44.24,2000 -121.76,44.24,2000 -121.75,44.24,2000 -121.73,44.24,2000 -121.72,44.23,2000 -121.71,44.23,2000 -121.70,44.22,2000 -121.68,44.21,2000 -121.67,44.21,2000 -121.67,44.20,2000 -121.66,44.19,2000 -121.66,44.18,2000 -121.65,44.17,2000 -121.65,44.16,2000 -121.65,44.15,2000 -121.65,44.14,2000 -121.65,44.13,2000 -121.65,44.12,2000 -121.65,44.11,2000 -121.65,44.09,2000 -121.65,44.08,2000 -121.66,44.07,2000 -121.66,44.06,2000 -121.66,44.05,2000 -121.66,44.04,2000 -121.67,44.03,2000 -121.67,44.02,2000 -121.67,44.01,2000 -121.68,44.00,2000 -121.68,43.98,2000 -121.69,43.98,2000 -121.70,43.97,2000 -121.71,43.96,2000 -121.72,43.96,2000 -121.73,43.96,2000 -121.74,43.96,2000 -121.75,43.96,2000 -121.77,43.96,2000 -121.78,43.96,2000 -121.80,43.97,2000 -121.81,43.97,2000 -121.83,43.98,2000 -121.84,43.99,2000 -121.85,44.00,2000 -121.85,44.00,2000 -121.86,44.01,2000 -121.86,44.02,2000 -121.87,44.03,2000 -121.88,44.04,2000 -121.88,44.05,2000 -121.89,44.06,2000 -121.89,44.07,2000 -121.90,44.08,2000 -121.90,44.09,2000 -121.91,44.10,2000 -121.91,44.11,2000 -121.92,44.13,2000 -121.92,44.14,2000 -121.93,44.15,2000 -121.81,44.25,2000 
          </coordinates>
        </LinearRing>
      </innerBoundaryIs>
  </Polygon>
 </MultiGeometry>
</Placemark>
<Placemark>
  <name>5%</name>
  <visibility>1</visibility>
  <styleUrl>#poly_5</styleUrl>
  <MultiGeometry>
    <Polygon>
      <outerBoundaryIs>
        <LinearRing>
          <coordinates>
-110.64,41.25,1000 -110.61,41.25,1000 -110.56,41.25,1000 -110.53,41.25,1000 -110.49,41.26,1000 -110.45,41.26,1000 -110.40,41.25,1000 -110.36,41.24,1000 -110.32,41.22,1000 -110.27,41.20,1000 -110.22,41.17,1000 -110.18,41.16,1000 -110.15,41.14,1000 -110.13,41.13,1000 -110.11,41.11,1000 -110.08,41.09,1000 -110.04,41.07,1000 -110.00,41.04,1000 -109.96,41.01,1000 -109.92,40.99,1000 -109.89,40.97,1000 -109.87,40.95,1000 -109.85,40.93,1000 -109.81,40.91,1000 -109.78,40.88,1000 -109.74,40.85,1000 -109.71,40.82,1000 -109.70,40.79,1000 -109.70,40.76,1000 -109.72,40.73,1000 -109.75,40.69,1000 -109.78,40.66,1000 -109.80,40.63,1000 -109.82,40.61,1000 -109.84,40.59,1000 -109.87,40.57,1000 -109.91,40.55,1000 -109.96,40.53,1000 -110.00,40.51,1000 -110.05,40.49,1000 -110.09,40.48,1000 -110.14,40.47,1000 -110.19,40.46,1000 -110.23,40.46,1000 -110.28,40.45,1000 -110.33,40.44,1000 -110.37,40.43,1000 -110.42,40.42,1000 -110.47,40.41,1000 -110.51,40.40,1000 -110.55,40.39,1000 -110.60,40.38,1000 -110.64,40.37,1000 -110.68,40.36,1000 -110.71,40.35,1000 -110.73,40.34,1000 -110.76,40.33,1000 -110.81,40.31,1000 -110.86,40.30,1000 -110.91,40.29,1000 -110.95,40.28,1000 -111.00,40.29,1000 -111.03,40.30,1000 -111.07,40.32,1000 -111.11,40.33,1000 -111.16,40.34,1000 -111.20,40.36,1000 -111.23,40.38,1000 -111.27,40.41,1000 -111.30,40.44,1000 -111.33,40.47,1000 -111.35,40.50,1000 -111.37,40.53,1000 -111.38,40.57,1000 -111.39,40.60,1000 -111.40,40.64,1000 -111.40,40.68,1000 -111.40,40.71,1000 -111.39,40.75,1000 -111.38,40.79,1000 -111.37,40.82,1000 -111.35,40.85,1000 -111.33,40.88,1000 -111.31,40.91,1000 -111.29,40.93,1000 -111.26,40.96,1000 -111.23,40.98,1000 -111.20,41.01,1000 -111.17,41.03,1000 -111.15,41.06,1000 -111.12,41.09,1000 -111.08,41.11,1000 -111.04,41.13,1000 -111.00,41.14,1000 -110.95,41.16,1000 -110.90,41.18,1000 -110.86,41.19,1000 -110.82,41.20,1000 -110.78,41.21,1000 -110.74,41.22,1000 -110.70,41.23,1000 -110.66,41.24,1000 -110.64,41.25,1000 
          </coordinates>
        </LinearRing>
      </outerBoundaryIs>
      <innerBoundaryIs>
        <LinearRing>
          <coordinates>
-110.85,41.14,2000 -110.81,41.15,2000 -110.78,41.16,2000 -110.74,41.18,2000 -110.71,41.19,2000 -110.67,41.19,2000 -110.63,41.20,2000 -110.59,41.20,2000 -110.55,41.21,2000 -110.51,41.21,2000 -110.47,41.21,2000 -110.43,41.21,2000 -110.39,41.20,2000 -110.35,41.19,2000 -110.31,41.16,2000 -110.28,41.14,2000 -110.25,41.12,2000 -110.22,41.10,2000 -110.19,41.08,2000 -110.17,41.07,2000 -110.14,41.05,2000 -110.11,41.03,2000 -110.08,41.02,2000 -110.04,41.00,2000 -110.00,40.97,2000 -109.97,40.95,2000 -109.95,40.93,2000 -109.93,40.90,2000 -109.91,40.87,2000 -109.90,40.84,2000 -109.88,40.82,2000 -109.87,40.80,2000 -109.84,40.78,2000 -109.86,40.76,2000 -109.88,40.74,2000 -109.90,40.72,2000 -109.93,40.69,2000 -109.96,40.66,2000 -109.99,40.63,2000 -110.01,40.61,2000 -110.03,40.59,2000 -110.05,40.57,2000 -110.07,40.57,2000 -110.10,40.56,2000 -110.13,40.55,2000 -110.17,40.54,2000 -110.21,40.52,2000 -110.25,40.51,2000 -110.29,40.50,2000 -110.33,40.49,2000 -110.36,40.48,2000 -110.40,40.47,2000 -110.44,40.47,2000 -110.47,40.46,2000 -110.51,40.45,2000 -110.55,40.44,2000 -110.59,40.43,2000 -110.63,40.42,2000 -110.66,40.41,2000 -110.70,40.40,2000 -110.74,40.39,2000 -110.78,40.38,2000 -110.81,40.37,2000 -110.85,40.36,2000 -110.89,40.36,2000 -110.92,40.36,2000 -110.96,40.36,2000 -111.00,40.37,2000 -111.03,40.39,2000 -111.07,40.40,2000 -111.11,40.42,2000 -111.15,40.45,2000 -111.18,40.46,2000 -111.20,40.48,2000 -111.22,40.51,2000 -111.22,40.54,2000 -111.24,40.56,2000 -111.26,40.59,2000 -111.28,40.62,2000 -111.29,40.65,2000 -111.29,40.68,2000 -111.28,40.71,2000 -111.27,40.74,2000 -111.26,40.76,2000 -111.26,40.78,2000 -111.27,40.80,2000 -111.25,40.83,2000 -111.23,40.85,2000 -111.21,40.88,2000 -111.18,40.91,2000 -111.15,40.94,2000 -111.12,40.97,2000 -111.09,40.99,2000 -111.07,41.01,2000 -111.04,41.03,2000 -111.03,41.03,2000 -110.85,41.14,2000 
          </coordinates>
        </LinearRing>
      </innerBoundaryIs>
  </Polygon>
 </MultiGeometry>
</Placemark>
<Placemark>
  <name>5%</name>
  <visibility>1</visibility>
  <styleUrl>#poly_5</styleUrl>
  <MultiGeometry>
    <Polygon>
      <outerBoundaryIs>
        <LinearRing>
          <coordinates>
-123.71,48.07,1000 -123.68,48.07,1000 -123.66,48.07,1000 -123.63,48.07,1000 -123.61,48.07,1000 -123.58,48.07,1000 -123.56,48.07,1000 -123.53,48.08,1000 -123.51,48.08,1000 -123.48,48.08,1000 -123.45,48.07,1000 -123.43,48.06,1000 -123.41,48.06,1000 -123.39,48.05,1000 -123.36,48.04,1000 -123.33,48.03,1000 -123.31,48.01,1000 -123.28,48.00,1000 -123.26,47.99,1000 -123.24,47.98,1000 -123.22,47.96,1000 -123.20,47.95,1000 -123.18,47.93,1000 -123.17,47.92,1000 -123.15,47.90,1000 -123.14,47.88,1000 -123.13,47.87,1000 -123.12,47.85,1000 -123.12,47.83,1000 -123.12,47.81,1000 -123.12,47.79,1000 -123.12,47.77,1000 -123.13,47.76,1000 -123.14,47.74,1000 -123.16,47.72,1000 -123.17,47.70,1000 -123.19,47.69,1000 -123.20,47.67,1000 -123.22,47.65,1000 -123.24,47.64,1000 -123.25,47.62,1000 -123.26,47.61,1000 -123.27,47.60,1000 -123.28,47.58,1000 -123.30,47.58,1000 -123.32,47.58,1000 -123.34,47.57,1000 -123.37,47.57,1000 -123.40,47.57,1000 -123.44,47.56,1000 -123.47,47.56,1000 -123.50,47.55,1000 -123.52,47.55,1000 -123.54,47.55,1000 -123.55,47.55,1000 -123.57,47.56,1000 -123.59,47.57,1000 -123.61,47.57,1000 -123.63,47.58,1000 -123.66,47.59,1000 -123.69,47.60,1000 -123.72,47.61,1000 -123.75,47.62,1000 -123.78,47.63,1000 -123.80,47.64,1000 -123.82,47.65,1000 -123.85,47.66,1000 -123.87,47.66,1000 -123.88,47.68,1000 -123.89,47.69,1000 -123.90,47.71,1000 -123.91,47.73,1000 -123.92,47.75,1000 -123.93,47.77,1000 -123.94,47.79,1000 -123.95,47.81,1000 -123.96,47.83,1000 -123.96,47.84,1000 -123.96,47.86,1000 -123.95,47.88,1000 -123.94,47.89,1000 -123.93,47.90,1000 -123.91,47.92,1000 -123.90,47.93,1000 -123.88,47.94,1000 -123.87,47.96,1000 -123.85,47.97,1000 -123.84,47.98,1000 -123.82,48.00,1000 -123.80,48.01,1000 -123.78,48.03,1000 -123.76,48.04,1000 -123.71,48.07,1000 
          </coordinates>
        </LinearRing>
      </outerBoundaryIs>
      <innerBoundaryIs>
        <LinearRing>
          <coordinates>
-123.68,47.99,2000 -123.66,47.99,2000 -123.63,47.99,2000 -123.61,47.99,2000 -123.59,47.99,2000 -123.57,47.99,2000 -123.55,47.99,2000 -123.52,47.99,2000 -123.50,47.99,2000 -123.49,47.99,2000 -123.47,47.99,2000 -123.45,47.98,2000 -123.43,47.98,2000 -123.42,47.98,2000 -123.40,47.98,2000 -123.38,47.97,2000 -123.36,47.97,2000 -123.35,47.96,2000 -123.34,47.95,2000 -123.33,47.94,2000 -123.32,47.93,2000 -123.31,47.92,2000 -123.30,47.91,2000 -123.30,47.90,2000 -123.29,47.89,2000 -123.28,47.87,2000 -123.27,47.86,2000 -123.26,47.85,2000 -123.26,47.83,2000 -123.25,47.82,2000 -123.25,47.80,2000 -123.24,47.79,2000 -123.24,47.78,2000 -123.24,47.77,2000 -123.24,47.76,2000 -123.25,47.74,2000 -123.25,47.73,2000 -123.26,47.72,2000 -123.27,47.71,2000 -123.28,47.70,2000 -123.30,47.70,2000 -123.31,47.69,2000 -123.33,47.68,2000 -123.34,47.67,2000 -123.36,47.67,2000 -123.37,47.66,2000 -123.39,47.66,2000 -123.41,47.65,2000 -123.43,47.65,2000 -123.45,47.64,2000 -123.47,47.64,2000 -123.49,47.64,2000 -123.51,47.63,2000 -123.53,47.63,2000 -123.54,47.63,2000 -123.56,47.63,2000 -123.58,47.63,2000 -123.60,47.63,2000 -123.62,47.64,2000 -123.64,47.64,2000 -123.66,47.65,2000 -123.67,47.66,2000 -123.69,47.66,2000 -123.71,47.67,2000 -123.72,47.68,2000 -123.74,47.69,2000 -123.75,47.70,2000 -123.76,47.71,2000 -123.77,47.72,2000 -123.78,47.73,2000 -123.78,47.74,2000 -123.79,47.75,2000 -123.79,47.77,2000 -123.80,47.78,2000 -123.80,47.79,2000 -123.81,47.80,2000 -123.81,47.82,2000 -123.81,47.83,2000 -123.82,47.85,2000 -123.82,47.86,2000 -123.68,47.99,2000 
          </coordinates>
        </LinearRing>
      </innerBoundaryIs>
  </Polygon>
 </MultiGeometry>
</Placemark>
<Placemark>
  <name>10%</name>
  <visibility>1</visibility>
  <styleUrl>#poly_10</styleUrl>
  <MultiGeometry>
    <Polygon>
      <outerBoundaryIs>
        <LinearRing>
          <coordinates>
-123.68,47.99,2000 -123.66,47.99,2000 -123.63,47.99,2000 -123.61,47.99,2000 -123.59,47.99,2000 -123.57,47.99,2000 -123.55,47.99,2000 -123.52,47.99,2000 -123.50,47.99,2000 -123.49,47.99,2000 -123.47,47.99,2000 -123.45,47.98,2000 -123.43,47.98,2000 -123.42,47.98,2000 -123.40,47.98,2000 -123.38,47.97,2000 -123.36,47.97,2000 -123.35,47.96,2000 -123.34,47.95,2000 -123.33,47.94,2000 -123.32,47.93,2000 -123.31,47.92,2000 -123.30,47.91,2000 -123.30,47.90,2000 -123.29,47.89,2000 -123.28,47.87,2000 -123.27,47.86,2000 -123.26,47.85,2000 -123.26,47.83,2000 -123.25,47.82,2000 -123.25,47.80,2000 -123.24,47.79,2000 -123.24,47.78,2000 -123.24,47.77,2000 -123.24,47.76,2000 -123.25,47.74,2000 -123.25,47.73,2000 -123.26,47.72,2000 -123.27,47.71,2000 -123.28,47.70,2000 -123.30,47.70,2000 -123.31,47.69,2000 -123.33,47.68,2000 -123.34,47.67,2000 -123.36,47.67,2000 -123.37,47.66,2000 -123.39,47.66,2000 -123.41,47.65,2000 -123.43,47.65,2000 -123.45,47.64,2000 -123.47,47.64,2000 -123.49,47.64,2000 -123.51,47.63,2000 -123.53,47.63,2000 -123.54,47.63,2000 -123.56,47.63,2000 -123.58,47.63,2000 -123.60,47.63,2000 -123.62,47.64,2000 -123.64,47.64,2000 -123.66,47.65,2000 -123.67,47.66,2000 -123.69,47.66,2000 -123.71,47.67,2000 -123.72,47.68,2000 -123.74,47.69,2000 -123.75,47.70,2000 -123.76,47.71,2000 -123.77,47.72,2000 -123.78,47.73,2000 -123.78,47.74,2000 -123.79,47.75,2000 -123.79,47.77,2000 -123.80,47.78,2000 -123.80,47.79,2000 -123.81,47.80,2000 -123.81,47.82,2000 -123.81,47.83,2000 -123.82,47.85,2000 -123.82,47.86,2000 -123.68,47.99,2000 
          </coordinates>
        </LinearRing>
      </outerBoundaryIs>
  </Polygon>
 </MultiGeometry>
</Placemark>
<Placemark>
  <name>10%</name>
  <visibility>1</visibility>
  <styleUrl>#poly_10</styleUrl>
  <MultiGeometry>
    <Polygon>
      <outerBoundaryIs>
        <LinearRing>
          <coordinates>
-107.45,38.16,2000 -107.44,38.16,2000 -107.43,38.16,2000 -107.42,38.16,2000 -107.41,38.15,2000 -107.40,38.14,2000 -107.39,38.13,2000 -107.39,38.12,2000 -107.38,38.12,2000 -107.38,38.11,2000 -107.37,38.10,2000 -107.36,38.09,2000 -107.36,38.08,2000 -107.35,38.07,2000 -107.35,38.05,2000 -107.34,38.04,2000 -107.34,38.03,2000 -107.33,38.02,2000 -107.33,38.01,2000 -107.32,38.00,2000 -107.32,37.99,2000 -107.32,37.98,2000 -107.32,37.97,2000 -107.32,37.96,2000 -107.32,37.95,2000 -107.33,37.94,2000 -107.33,37.93,2000 -107.34,37.92,2000 -107.35,37.91,2000 -107.36,37.90,2000 -107.37,37.89,2000 -107.38,37.89,2000 -107.39,37.88,2000 -107.41,37.88,2000 -107.42,37.88,2000 -107.43,37.88,2000 -107.44,37.88,2000 -107.45,37.88,2000 -107.47,37.88,2000 -107.48,37.89,2000 -107.50,37.89,2000 -107.51,37.89,2000 -107.53,37.90,2000 -107.54,37.90,2000 -107.56,37.91,2000 -107.57,37.91,2000 -107.58,37.92,2000 -107.59,37.92,2000 -107.60,37.93,2000 -107.60,37.94,2000 -107.60,37.95,2000 -107.60,37.95,2000 -107.60,37.96,2000 -107.60,37.97,2000 -107.60,37.98,2000 -107.60,37.99,2000 -107.60,38.00,2000 -107.59,38.01,2000 -107.59,38.02,2000 -107.58,38.03,2000 -107.58,38.04,2000 -107.57,38.05,2000 -107.57,38.06,2000 -107.56,38.07,2000 -107.55,38.09,2000 -107.54,38.10,2000 -107.54,38.11,2000 -107.53,38.12,2000 -107.45,38.16,2000 
          </coordinates>
        </LinearRing>
      </outerBoundaryIs>
  </Polygon>
 </MultiGeometry>
</Placemark>
<Placemark>
  <name>10%</name>
  <visibility>1</visibility>
  <styleUrl>#poly_10</styleUrl>
  <MultiGeometry>
    <Polygon>
      <outerBoundaryIs>
        <LinearRing>
          <coordinates>
-117.91,46.30,2000 -117.83,46.30,2000 -117.76,46.30,2000 -117.69,46.30,2000 -117.62,46.29,2000 -117.57,46.28,2000 -117.52,46.25,2000 -117.47,46.20,2000 -117.44,46.16,2000 -117.42,46.11,2000 -117.41,46.07,2000 -117.41,46.03,2000 -117.42,45.99,2000 -117.43,45.95,2000 -117.46,45.91,2000 -117.50,45.86,2000 -117.54,45.81,2000 -117.54,45.77,2000 -117.51,45.74,2000 -117.46,45.71,2000 -117.40,45.68,2000 -117.33,45.65,2000 -117.28,45.62,2000 -117.23,45.59,2000 -117.19,45.57,2000 -117.15,45.54,2000 -117.11,45.51,2000 -117.07,45.47,2000 -117.05,45.43,2000 -117.02,45.38,2000 -117.00,45.33,2000 -116.98,45.28,2000 -116.96,45.23,2000 -116.95,45.18,2000 -116.95,45.14,2000 -116.97,45.09,2000 -117.01,45.05,2000 -117.07,45.02,2000 -117.12,44.99,2000 -117.17,44.97,2000 -117.22,44.95,2000 -117.27,44.94,2000 -117.33,44.93,2000 -117.39,44.93,2000 -117.46,44.94,2000 -117.53,44.95,2000 -117.59,44.96,2000 -117.64,44.98,2000 -117.69,45.00,2000 -117.73,45.02,2000 -117.77,45.05,2000 -117.81,45.08,2000 -117.84,45.12,2000 -117.88,45.16,2000 -117.90,45.20,2000 -117.91,45.24,2000 -117.91,45.29,2000 -117.91,45.33,2000 -117.93,45.37,2000 -117.97,45.39,2000 -118.02,45.41,2000 -118.08,45.43,2000 -118.15,45.45,2000 -118.20,45.47,2000 -118.25,45.50,2000 -118.30,45.53,2000 -118.35,45.57,2000 -118.39,45.61,2000 -118.41,45.66,2000 -118.41,45.70,2000 -118.41,45.75,2000 -118.39,45.80,2000 -118.37,45.85,2000 -118.34,45.90,2000 -118.32,45.95,2000 -118.29,45.99,2000 -118.27,46.03,2000 -118.23,46.07,2000 -118.20,46.11,2000 -118.17,46.14,2000 -118.13,46.18,2000 -117.91,46.30,2000 
          </coordinates>
        </LinearRing>
      </outerBoundaryIs>
      <innerBoundaryIs>
        <LinearRing>
          <coordinates>
-118.11,46.09,3000 -118.09,46.11,3000 -118.06,46.12,3000 -118.04,46.14,3000 -118.02,46.15,3000 -117.99,46.16,3000 -117.97,46.18,3000 -117.94,46.19,3000 -117.92,46.19,3000 -117.89,46.20,3000 -117.86,46.20,3000 -117.82,46.20,3000 -117.79,46.20,3000 -117.75,46.20,3000 -117.72,46.19,3000 -117.68,46.18,3000 -117.65,46.18,3000 -117.63,46.17,3000 -117.59,46.16,3000 -117.57,46.15,3000 -117.56,46.13,3000 -117.55,46.11,3000 -117.55,46.09,3000 -117.55,46.07,3000 -117.56,46.05,3000 -117.56,46.02,3000 -117.57,46.00,3000 -117.58,45.98,3000 -117.58,45.96,3000 -117.57,45.95,3000 -117.58,45.93,3000 -117.59,45.92,3000 -117.60,45.90,3000 -117.61,45.88,3000 -117.63,45.86,3000 -117.64,45.83,3000 -117.66,45.81,3000 -117.68,45.79,3000 -117.69,45.77,3000 -117.70,45.75,3000 -117.71,45.73,3000 -117.72,45.71,3000 -117.72,45.69,3000 -117.73,45.68,3000 -117.75,45.66,3000 -117.77,45.65,3000 -117.79,45.64,3000 -117.82,45.62,3000 -117.85,45.61,3000 -117.88,45.60,3000 -117.92,45.59,3000 -117.95,45.58,3000 -117.98,45.58,3000 -118.01,45.58,3000 -118.04,45.59,3000 -118.08,45.60,3000 -118.11,45.61,3000 -118.14,45.62,3000 -118.18,45.63,3000 -118.21,45.64,3000 -118.23,45.65,3000 -118.25,45.66,3000 -118.28,45.67,3000 -118.27,45.68,3000 -118.27,45.69,3000 -118.26,45.71,3000 -118.26,45.72,3000 -118.26,45.74,3000 -118.26,45.76,3000 -118.27,45.78,3000 -118.27,45.80,3000 -118.27,45.83,3000 -118.26,45.85,3000 -118.25,45.87,3000 -118.25,45.89,3000 -118.24,45.91,3000 -118.23,45.93,3000 -118.21,45.95,3000 -118.20,45.97,3000 -118.19,46.00,3000 -118.17,46.02,3000 -118.16,46.04,3000 -118.11,46.09,3000 
          </coordinates>
        </LinearRing>
      </innerBoundaryIs>
      <innerBoundaryIs>
        <LinearRing>
          <coordinates>
-117.71,45.50,3000 -117.68,45.51,3000 -117.66,45.52,3000 -117.63,45.52,3000 -117.60,45.53,3000 -117.58,45.53,3000 -117.55,45.54,3000 -117.53,45.54,3000 -117.50,45.54,3000 -117.48,45.54,3000 -117.45,45.54,3000 -117.43,45.53,3000 -117.40,45.52,3000 -117.38,45.50,3000 -117.35,45.49,3000 -117.33,45.48,3000 -117.31,45.46,3000 -117.29,45.45,3000 -117.27,45.43,3000 -117.25,45.42,3000 -117.23,45.40,3000 -117.22,45.38,3000 -117.20,45.37,3000 -117.19,45.35,3000 -117.18,45.34,3000 -117.16,45.32,3000 -117.15,45.31,3000 -117.14,45.29,3000 -117.14,45.28,3000 -117.13,45.26,3000 -117.13,45.24,3000 -117.12,45.22,3000 -117.12,45.20,3000 -117.12,45.18,3000 -117.12,45.16,3000 -117.12,45.14,3000 -117.13,45.12,3000 -117.14,45.10,3000 -117.16,45.09,3000 -117.18,45.07,3000 -117.20,45.06,3000 -117.22,45.04,3000 -117.25,45.03,3000 -117.27,45.01,3000 -117.30,45.00,3000 -117.33,45.00,3000 -117.35,44.99,3000 -117.38,44.99,3000 -117.40,44.99,3000 -117.43,45.00,3000 -117.46,45.00,3000 -117.49,45.01,3000 -117.52,45.02,3000 -117.55,45.03,3000 -117.57,45.04,3000 -117.59,45.05,3000 -117.61,45.05,3000 -117.63,45.05,3000 -117.64,45.06,3000 -117.65,45.07,3000 -117.67,45.08,3000 -117.69,45.10,3000 -117.71,45.11,3000 -117.73,45.13,3000 -117.75,45.15,3000 -117.77,45.17,3000 -117.79,45.18,3000 -117.80,45.20,3000 -117.81,45.22,3000 -117.82,45.24,3000 -117.82,45.26,3000 -117.82,45.28,3000 -117.82,45.29,3000 -117.82,45.31,3000 -117.81,45.33,3000 -117.80,45.35,3000 -117.80,45.37,3000 -117.79,45.39,3000 -117.71,45.50,3000 
          </coordinates>
        </LinearRing>
      </innerBoundaryIs>
  </Polygon>
 </MultiGeometry>
</Placemark>
<Placemark>
  <name>10%</name>
  <visibility>1</visibility>
  <styleUrl>#poly_10</styleUrl>
  <MultiGeometry>
    <Polygon>
      <outerBoundaryIs>
        <LinearRing>
          <coordinates>
-121.81,44.25,2000 -121.79,44.25,2000 -121.78,44.24,2000 -121.76,44.24,2000 -121.75,44.24,2000 -121.73,44.24,2000 -121.72,44.23,2000 -121.71,44.23,2000 -121.70,44.22,2000 -121.68,44.21,2000 -121.67,44.21,2000 -121.67,44.20,2000 -121.66,44.19,2000 -121.66,44.18,2000 -121.65,44.17,2000 -121.65,44.16,2000 -121.65,44.15,2000 -121.65,44.14,2000 -121.65,44.13,2000 -121.65,44.12,2000 -121.65,44.11,2000 -121.65,44.09,2000 -121.65,44.08,2000 -121.66,44.07,2000 -121.66,44.06,2000 -121.66,44.05,2000 -121.66,44.04,2000 -121.67,44.03,2000 -121.67,44.02,2000 -121.67,44.01,2000 -121.68,44.00,2000 -121.68,43.98,2000 -121.69,43.98,2000 -121.70,43.97,2000 -121.71,43.96,2000 -121.72,43.96,2000 -121.73,43.96,2000 -121.74,43.96,2000 -121.75,43.96,2000 -121.77,43.96,2000 -121.78,43.96,2000 -121.80,43.97,2000 -121.81,43.97,2000 -121.83,43.98,2000 -121.84,43.99,2000 -121.85,44.00,2000 -121.85,44.00,2000 -121.86,44.01,2000 -121.86,44.02,2000 -121.87,44.03,2000 -121.88,44.04,2000 -121.88,44.05,2000 -121.89,44.06,2000 -121.89,44.07,2000 -121.90,44.08,2000 -121.90,44.09,2000 -121.91,44.10,2000 -121.91,44.11,2000 -121.92,44.13,2000 -121.92,44.14,2000 -121.93,44.15,2000 -121.81,44.25,2000 
          </coordinates>
        </LinearRing>
      </outerBoundaryIs>
  </Polygon>
 </MultiGeometry>
</Placemark>
<Placemark>
  <name>10%</name>
  <visibility>1</visibility>
  <styleUrl>#poly_10</styleUrl>
  <MultiGeometry>
    <Polygon>
      <outerBoundaryIs>
        <LinearRing>
          <coordinates>
-127.65,50.42,2000 -126.94,50.55,2000 -126.15,50.65,2000 -125.89,50.59,2000 -125.57,50.64,2000 -125.28,50.79,2000 -124.83,50.86,2000 -123.22,51.07,2000 -122.48,50.96,2000 -121.98,50.78,2000 -121.57,50.51,2000 -121.34,50.37,2000 -121.15,50.44,2000 -120.91,50.65,2000 -120.93,50.78,2000 -121.11,50.95,2000 -121.08,51.19,2000 -120.71,51.39,2000 -119.94,51.49,2000 -118.22,51.68,2000 -116.57,51.85,2000 -116.22,51.86,2000 -115.98,51.79,2000 -115.72,51.66,2000 -115.62,51.52,2000 -115.46,51.11,2000 -115.21,50.70,2000 -114.94,50.40,2000 -114.81,50.27,2000 -114.52,50.14,2000 -114.25,50.29,2000 -114.07,50.47,2000 -113.89,50.54,2000 -113.43,50.79,2000 -113.09,50.82,2000 -112.90,50.76,2000 -111.97,50.46,2000 -111.45,50.29,2000 -110.91,50.20,2000 -110.41,50.11,2000 -110.03,50.09,2000 -109.61,50.16,2000 -109.41,50.26,2000 -109.11,50.24,2000 -108.59,49.92,2000 -108.36,49.62,2000 -107.79,49.45,2000 -107.16,49.31,2000 -106.42,49.20,2000 -104.91,49.06,2000 -103.63,49.01,2000 -102.09,48.94,2000 -101.71,48.90,2000 -101.30,48.82,2000 -100.81,48.65,2000 -100.39,48.51,2000 -99.83,48.40,2000 -99.30,48.30,2000 -98.77,48.15,2000 -98.41,48.11,2000 -97.99,48.13,2000 -97.42,48.01,2000 -96.72,47.78,2000 -96.52,47.71,2000 -96.14,47.69,2000 -95.64,47.78,2000 -95.31,47.83,2000 -94.93,47.83,2000 -94.53,47.82,2000 -94.18,47.86,2000 -93.68,47.94,2000 -92.99,48.05,2000 -92.60,48.14,2000 -91.49,48.32,2000 -91.01,48.46,2000 -90.51,48.69,2000 -90.07,48.94,2000 -89.69,49.33,2000 -89.51,49.50,2000 -89.24,49.65,2000 -88.74,49.85,2000 -88.52,49.99,2000 -88.37,50.25,2000 -88.24,50.60,2000 -88.04,50.76,2000 -87.72,50.86,2000 -87.01,50.89,2000 -86.53,50.87,2000 -85.75,50.79,2000 -84.96,50.64,2000 -84.55,50.44,2000 -84.13,50.21,2000 -83.73,50.09,2000 -83.46,49.97,2000 -83.14,49.73,2000 -82.54,49.53,2000 -81.84,49.10,2000 -81.21,48.93,2000 -80.39,48.75,2000 -79.32,48.47,2000 -78.68,48.32,2000 -78.21,48.19,2000 -77.82,48.14,2000 -77.51,48.15,2000 -76.92,48.18,2000 -76.41,48.24,2000 -75.90,48.38,2000 -75.04,48.60,2000 -74.53,48.77,2000 -74.10,49.01,2000 -73.50,49.19,2000 -73.22,49.29,2000 -73.01,49.44,2000 -72.76,49.68,2000 -72.47,49.83,2000 -72.12,49.98,2000 -71.79,50.34,2000 -71.57,50.57,2000 -71.32,50.70,2000 -70.86,50.83,2000 -70.34,50.93,2000 -69.74,51.04,2000 -69.28,51.11,2000 -69.03,51.11,2000 -68.34,51.08,2000 -67.92,51.07,2000 -67.48,50.96,2000 -66.21,50.48,2000 -65.84,50.28,2000 -65.57,49.98,2000 -65.24,49.75,2000 -64.75,49.53,2000 -64.79,49.30,2000 -65.02,49.22,2000 -64.60,48.99,2000 -63.26,48.62,2000 -62.84,48.38,2000 -62.37,48.16,2000 -62.00,47.99,2000 -61.79,47.71,2000 -61.78,47.46,2000 -61.86,47.19,2000 -62.03,46.74,2000 -62.45,45.72,2000 -62.60,45.24,2000 -62.82,44.90,2000 -63.10,44.77,2000 -63.52,44.71,2000 -64.17,44.63,2000 -64.76,45.40,2000 -65.20,45.29,2000 -65.66,45.20,2000 -66.00,45.25,2000 -66.71,45.23,2000 -67.64,45.31,2000 -68.84,45.30,2000 -69.96,45.26,2000 -70.22,45.15,2000 -70.42,44.96,2000 -70.69,44.85,2000 -70.86,44.73,2000 -71.01,44.55,2000 -71.00,44.31,2000 -71.24,44.01,2000 -71.46,43.91,2000 -71.73,43.90,2000 -72.07,44.16,2000 -72.33,44.11,2000 -72.45,44.00,2000 -72.50,43.79,2000 -72.49,43.40,2000 -72.55,42.89,2000 -72.86,42.58,2000 -73.25,42.37,2000 -73.51,42.40,2000 -73.71,42.53,2000 -73.93,42.41,2000 -74.05,42.26,2000 -74.31,41.94,2000 -74.52,41.76,2000 -74.77,41.67,2000 -75.10,41.53,2000 -75.44,41.21,2000 -76.85,41.05,2000 -77.23,40.78,2000 -77.68,40.55,2000 -77.99,40.41,2000 -78.12,40.22,2000 -78.25,40.03,2000 -78.43,39.92,2000 -78.67,39.77,2000 -78.84,39.58,2000 -78.96,39.44,2000 -79.03,39.19,2000 -79.13,38.89,2000 -79.30,38.57,2000 -79.58,38.19,2000 -79.91,37.95,2000 -80.20,37.66,2000 -80.34,37.40,2000 -80.51,37.26,2000 -80.91,37.00,2000 -81.33,36.37,2000 -81.59,36.08,2000 -81.94,35.80,2000 -82.81,35.45,2000 -83.17,35.24,2000 -83.69,35.05,2000 -83.99,35.03,2000 -84.24,35.13,2000 -84.31,35.35,2000 -84.23,35.60,2000 -83.45,36.22,2000 -83.50,36.43,2000 -83.87,36.37,2000 -84.33,36.12,2000 -84.60,35.93,2000 -85.30,35.36,2000 -85.51,35.26,2000 -85.82,35.25,2000 -86.36,35.52,2000 -86.44,35.70,2000 -86.36,35.85,2000 -86.19,36.12,2000 -86.11,36.44,2000 -86.07,36.57,2000 -85.87,36.79,2000 -85.82,37.10,2000 -86.02,37.56,2000 -86.24,37.63,2000 -86.36,37.82,2000 -86.27,38.41,2000 -85.95,38.74,2000 -85.81,39.12,2000 -85.81,39.40,2000 -85.91,39.56,2000 -86.03,39.87,2000 -86.24,39.65,2000 -86.54,39.25,2000 -86.76,38.91,2000 -87.08,38.90,2000 -87.31,39.22,2000 -87.48,39.40,2000 -87.80,39.37,2000 -88.12,39.23,2000 -88.51,39.13,2000 -89.20,39.04,2000 -89.64,38.88,2000 -90.19,38.75,2000 -90.59,38.75,2000 -90.97,38.81,2000 -91.44,38.66,2000 -91.81,38.64,2000 -92.25,38.70,2000 -93.04,39.15,2000 -93.81,39.63,2000 -94.07,39.91,2000 -94.54,40.12,2000 -94.87,40.45,2000 -95.20,40.88,2000 -95.69,41.16,2000 -95.97,41.51,2000 -96.28,41.82,2000 -96.47,41.93,2000 -96.86,41.97,2000 -97.61,42.00,2000 -98.26,42.07,2000 -99.00,42.22,2000 -99.56,42.38,2000 -100.11,42.54,2000 -100.69,42.61,2000 -102.15,42.58,2000 -103.18,42.33,2000 -103.49,42.41,2000 -103.65,42.53,2000 -103.76,42.67,2000 -103.79,42.91,2000 -103.58,43.20,2000 -103.33,43.47,2000 -103.84,43.65,2000 -104.42,43.80,2000 -105.03,43.73,2000 -105.22,43.67,2000 -105.38,43.52,2000 -105.42,43.25,2000 -105.37,43.00,2000 -105.16,42.68,2000 -105.07,42.43,2000 -105.12,42.30,2000 -105.34,42.15,2000 -105.52,42.09,2000 -106.00,42.11,2000 -106.27,41.95,2000 -105.68,41.60,2000 -105.54,41.02,2000 -105.41,40.86,2000 -105.24,40.52,2000 -105.12,40.05,2000 -104.90,39.74,2000 -104.77,39.68,2000 -104.47,39.54,2000 -104.34,39.40,2000 -104.35,39.20,2000 -104.50,39.03,2000 -104.81,38.81,2000 -104.96,38.74,2000 -105.12,38.76,2000 -105.24,38.82,2000 -105.45,39.03,2000 -105.58,39.10,2000 -105.81,39.09,2000 -106.25,38.82,2000 -106.44,38.74,2000 -106.64,38.73,2000 -107.08,38.86,2000 -107.22,38.99,2000 -107.27,39.14,2000 -107.21,39.32,2000 -107.41,39.51,2000 -107.61,39.59,2000 -107.83,39.77,2000 -107.90,39.92,2000 -107.92,40.10,2000 -107.83,40.31,2000 -107.69,40.48,2000 -107.61,40.74,2000 -107.52,41.08,2000 -107.44,41.33,2000 -107.23,41.46,2000 -106.89,41.67,2000 -106.69,41.86,2000 -106.68,42.07,2000 -107.01,42.31,2000 -107.28,42.56,2000 -107.61,42.77,2000 -107.58,43.05,2000 -107.83,43.24,2000 -108.06,43.29,2000 -108.33,43.20,2000 -108.23,42.49,2000 -108.66,42.27,2000 -109.15,42.34,2000 -109.92,42.74,2000 -110.59,42.03,2000 -110.86,42.09,2000 -111.14,42.23,2000 -111.26,42.24,2000 -111.31,42.11,2000 -111.50,41.96,2000 -111.65,42.07,2000 -111.65,42.23,2000 -111.35,42.73,2000 -111.49,43.57,2000 -111.36,43.93,2000 -111.42,44.22,2000 -111.59,44.45,2000 -112.02,44.62,2000 -112.27,44.73,2000 -112.38,44.95,2000 -112.41,45.22,2000 -112.51,45.45,2000 -112.84,45.19,2000 -113.09,44.87,2000 -113.07,44.39,2000 -113.47,44.17,2000 -113.85,44.09,2000 -113.92,44.35,2000 -114.09,44.52,2000 -114.10,44.28,2000 -114.05,44.03,2000 -114.30,43.60,2000 -114.44,43.47,2000 -114.77,43.32,2000 -115.17,43.32,2000 -115.48,43.39,2000 -115.63,43.47,2000 -115.78,43.72,2000 -115.92,44.08,2000 -116.09,44.29,2000 -116.22,44.54,2000 -116.34,44.87,2000 -116.69,45.11,2000 -116.85,45.27,2000 -116.82,45.52,2000 -116.43,45.72,2000 -116.10,46.06,2000 -116.08,46.21,2000 -116.16,46.49,2000 -116.63,47.07,2000 -116.69,47.49,2000 -116.75,47.74,2000 -116.72,48.05,2000 -116.81,48.27,2000 -116.95,48.38,2000 -117.19,48.55,2000 -117.46,48.67,2000 -117.54,48.83,2000 -117.78,48.98,2000 -118.09,48.97,2000 -118.50,49.05,2000 -119.06,49.16,2000 -119.47,49.35,2000 -119.75,49.28,2000 -119.74,49.00,2000 -119.85,48.83,2000 -120.05,48.68,2000 -120.46,47.98,2000 -120.62,47.81,2000 -120.69,47.54,2000 -120.93,47.24,2000 -121.37,46.49,2000 -121.50,46.45,2000 -121.76,46.58,2000 -122.02,46.69,2000 -122.14,46.88,2000 -121.97,47.25,2000 -121.93,47.61,2000 -121.97,47.90,2000 -122.07,48.19,2000 -122.25,48.43,2000 -122.29,48.73,2000 -122.21,49.10,2000 -122.74,49.20,2000 -122.97,49.21,2000 -123.31,49.30,2000 -123.61,49.33,2000 -123.88,49.42,2000 -124.24,49.70,2000 -124.57,49.78,2000 -124.79,49.93,2000 -124.90,50.12,2000 -125.17,50.22,2000 -125.25,50.19,2000 -125.13,49.97,2000 -124.40,49.38,2000 -123.90,49.13,2000 -123.75,48.90,2000 -123.86,48.61,2000 -124.20,48.58,2000 -124.40,48.64,2000 -124.71,48.75,2000 -124.94,48.89,2000 -125.51,48.99,2000 -126.08,49.21,2000 -126.47,49.38,2000 -126.83,49.64,2000 -127.30,49.88,2000 -127.77,50.07,2000 -127.83,50.24,2000 -127.65,50.42,2000 -127.65,50.42,2000 
          </coordinates>
        </LinearRing>
      </outerBoundaryIs>
      <innerBoundaryIs>
        <LinearRing>
          <coordinates>
-108.54,44.83,2000 -108.47,44.83,2000 -108.41,44.82,2000 -108.35,44.82,2000 -108.30,44.81,2000 -108.26,44.79,2000 -108.23,44.77,2000 -108.20,44.74,2000 -108.16,44.71,2000 -108.11,44.68,2000 -108.06,44.65,2000 -108.03,44.62,2000 -108.01,44.60,2000 -107.99,44.58,2000 -107.96,44.56,2000 -107.91,44.52,2000 -107.87,44.49,2000 -107.82,44.45,2000 -107.79,44.43,2000 -107.76,44.40,2000 -107.74,44.37,2000 -107.72,44.34,2000 -107.69,44.30,2000 -107.67,44.26,2000 -107.64,44.22,2000 -107.62,44.18,2000 -107.59,44.14,2000 -107.57,44.10,2000 -107.56,44.07,2000 -107.54,44.03,2000 -107.53,43.99,2000 -107.53,43.96,2000 -107.53,43.92,2000 -107.55,43.88,2000 -107.57,43.84,2000 -107.60,43.80,2000 -107.63,43.77,2000 -107.65,43.74,2000 -107.67,43.72,2000 -107.70,43.71,2000 -107.75,43.70,2000 -107.80,43.68,2000 -107.85,43.67,2000 -107.90,43.66,2000 -107.96,43.66,2000 -108.03,43.66,2000 -108.09,43.67,2000 -108.14,43.68,2000 -108.17,43.71,2000 -108.20,43.73,2000 -108.24,43.77,2000 -108.28,43.80,2000 -108.32,43.84,2000 -108.35,43.87,2000 -108.38,43.91,2000 -108.40,43.94,2000 -108.41,43.97,2000 -108.42,44.00,2000 -108.44,44.04,2000 -108.45,44.07,2000 -108.46,44.12,2000 -108.47,44.17,2000 -108.48,44.21,2000 -108.49,44.25,2000 -108.50,44.29,2000 -108.51,44.33,2000 -108.52,44.37,2000 -108.53,44.41,2000 -108.55,44.45,2000 -108.57,44.50,2000 -108.58,44.54,2000 -108.59,44.58,2000 -108.61,44.62,2000 -108.62,44.67,2000 -108.63,44.71,2000 -108.54,44.83,2000 
          </coordinates>
        </LinearRing>
      </innerBoundaryIs>
      <innerBoundaryIs>
        <LinearRing>
          <coordinates>
-84.09,43.01,2000 -84.00,43.05,2000 -83.91,43.08,2000 -83.82,43.10,2000 -83.75,43.10,2000 -83.67,43.10,2000 -83.58,43.08,2000 -83.49,43.06,2000 -83.38,43.04,2000 -83.26,43.02,2000 -83.14,43.00,2000 -83.04,42.99,2000 -82.93,42.98,2000 -82.82,42.97,2000 -82.72,42.97,2000 -82.64,42.97,2000 -82.54,43.00,2000 -82.48,43.04,2000 -82.41,43.05,2000 -82.34,43.02,2000 -82.27,42.97,2000 -82.20,42.91,2000 -82.14,42.86,2000 -82.09,42.80,2000 -82.03,42.74,2000 -81.99,42.68,2000 -81.94,42.63,2000 -81.90,42.58,2000 -81.91,42.50,2000 -81.93,42.44,2000 -81.97,42.38,2000 -82.01,42.30,2000 -82.06,42.23,2000 -82.12,42.14,2000 -82.17,42.07,2000 -82.22,41.99,2000 -82.27,41.92,2000 -82.32,41.84,2000 -82.38,41.76,2000 -82.43,41.68,2000 -82.48,41.61,2000 -82.52,41.55,2000 -82.56,41.49,2000 -82.60,41.40,2000 -82.62,41.35,2000 -82.65,41.30,2000 -82.70,41.25,2000 -82.76,41.20,2000 -82.82,41.15,2000 -82.89,41.10,2000 -82.98,41.05,2000 -83.08,41.01,2000 -83.17,40.97,2000 -83.25,40.94,2000 -83.32,40.91,2000 -83.39,40.89,2000 -83.46,40.88,2000 -83.53,40.88,2000 -83.62,40.91,2000 -83.68,40.95,2000 -83.74,41.01,2000 -83.81,41.08,2000 -83.89,41.15,2000 -83.96,41.21,2000 -84.04,41.26,2000 -84.14,41.29,2000 -84.24,41.31,2000 -84.35,41.32,2000 -84.44,41.33,2000 -84.51,41.36,2000 -84.56,41.41,2000 -84.58,41.47,2000 -84.58,41.54,2000 -84.58,41.62,2000 -84.58,41.69,2000 -84.57,41.77,2000 -84.56,41.85,2000 -84.55,41.92,2000 -84.55,41.99,2000 -84.57,42.06,2000 -84.60,42.12,2000 -84.63,42.17,2000 -84.65,42.23,2000 -84.67,42.30,2000 -84.68,42.38,2000 -84.68,42.46,2000 -84.68,42.52,2000 -84.66,42.60,2000 -84.60,42.67,2000 -84.54,42.71,2000 -84.46,42.75,2000 -84.37,42.80,2000 -84.27,42.84,2000 -84.09,43.01,2000 
          </coordinates>
        </LinearRing>
      </innerBoundaryIs>
      <innerBoundaryIs>
        <LinearRing>
          <coordinates>
-85.95,38.19,2000 -85.92,38.19,2000 -85.89,38.18,2000 -85.86,38.18,2000 -85.83,38.17,2000 -85.81,38.17,2000 -85.78,38.17,2000 -85.76,38.17,2000 -85.75,38.16,2000 -85.73,38.16,2000 -85.71,38.15,2000 -85.70,38.14,2000 -85.69,38.13,2000 -85.68,38.11,2000 -85.66,38.09,2000 -85.65,38.08,2000 -85.63,38.06,2000 -85.62,38.04,2000 -85.60,38.02,2000 -85.59,38.00,2000 -85.58,37.98,2000 -85.57,37.96,2000 -85.56,37.94,2000 -85.55,37.92,2000 -85.54,37.90,2000 -85.53,37.88,2000 -85.53,37.86,2000 -85.53,37.84,2000 -85.53,37.82,2000 -85.53,37.80,2000 -85.54,37.78,2000 -85.55,37.77,2000 -85.56,37.75,2000 -85.58,37.74,2000 -85.60,37.72,2000 -85.62,37.71,2000 -85.64,37.70,2000 -85.66,37.68,2000 -85.69,37.67,2000 -85.71,37.66,2000 -85.73,37.66,2000 -85.75,37.65,2000 -85.77,37.65,2000 -85.79,37.65,2000 -85.81,37.66,2000 -85.83,37.67,2000 -85.86,37.68,2000 -85.88,37.69,2000 -85.90,37.71,2000 -85.92,37.72,2000 -85.94,37.74,2000 -85.95,37.75,2000 -85.97,37.76,2000 -85.98,37.77,2000 -86.00,37.78,2000 -85.99,37.79,2000 -86.00,37.81,2000 -86.01,37.82,2000 -86.02,37.83,2000 -86.03,37.85,2000 -86.05,37.87,2000 -86.06,37.88,2000 -86.07,37.90,2000 -86.09,37.92,2000 -86.10,37.94,2000 -86.11,37.96,2000 -86.12,37.97,2000 -86.12,37.99,2000 -86.12,38.01,2000 -86.12,38.02,2000 -86.11,38.04,2000 -86.10,38.06,2000 -86.09,38.08,2000 -86.08,38.09,2000 -86.07,38.11,2000 -86.06,38.13,2000 -86.04,38.14,2000 -86.03,38.16,2000 -85.95,38.19,2000 
          </coordinates>
        </LinearRing>
      </innerBoundaryIs>
      <innerBoundaryIs>
        <LinearRing>
          <coordinates>
-111.67,46.06,2000 -111.66,46.06,2000 -111.64,46.06,2000 -111.63,46.07,2000 -111.61,46.07,2000 -111.60,46.07,2000 -111.58,46.07,2000 -111.57,46.07,2000 -111.55,46.07,2000 -111.54,46.08,2000 -111.53,46.08,2000 -111.51,46.08,2000 -111.50,46.08,2000 -111.49,46.08,2000 -111.48,46.08,2000 -111.47,46.08,2000 -111.46,46.08,2000 -111.45,46.08,2000 -111.44,46.08,2000 -111.43,46.08,2000 -111.41,46.08,2000 -111.40,46.08,2000 -111.39,46.07,2000 -111.38,46.07,2000 -111.38,46.06,2000 -111.37,46.05,2000 -111.37,46.04,2000 -111.37,46.03,2000 -111.37,46.03,2000 -111.36,46.02,2000 -111.36,46.01,2000 -111.36,46.00,2000 -111.36,45.99,2000 -111.36,45.98,2000 -111.36,45.97,2000 -111.35,45.96,2000 -111.35,45.95,2000 -111.35,45.94,2000 -111.35,45.93,2000 -111.35,45.92,2000 -111.35,45.91,2000 -111.35,45.90,2000 -111.35,45.89,2000 -111.35,45.88,2000 -111.35,45.88,2000 -111.35,45.87,2000 -111.35,45.85,2000 -111.35,45.85,2000 -111.36,45.84,2000 -111.37,45.84,2000 -111.39,45.84,2000 -111.40,45.84,2000 -111.41,45.84,2000 -111.42,45.84,2000 -111.43,45.84,2000 -111.44,45.84,2000 -111.46,45.84,2000 -111.47,45.84,2000 -111.49,45.84,2000 -111.50,45.84,2000 -111.52,45.84,2000 -111.53,45.84,2000 -111.55,45.84,2000 -111.56,45.84,2000 -111.58,45.84,2000 -111.59,45.84,2000 -111.60,45.84,2000 -111.61,45.84,2000 -111.62,45.84,2000 -111.63,45.84,2000 -111.65,45.84,2000 -111.65,45.84,2000 -111.66,45.85,2000 -111.66,45.85,2000 -111.67,45.86,2000 -111.67,45.87,2000 -111.68,45.87,2000 -111.68,45.88,2000 -111.69,45.88,2000 -111.69,45.89,2000 -111.70,45.90,2000 -111.70,45.91,2000 -111.71,45.92,2000 -111.71,45.92,2000 -111.72,45.93,2000 -111.73,45.94,2000 -111.73,45.95,2000 -111.74,45.96,2000 -111.74,45.97,2000 -111.75,45.98,2000 -111.76,45.99,2000 -111.76,46.00,2000 -111.77,46.01,2000 -111.67,46.06,2000 
          </coordinates>
        </LinearRing>
      </innerBoundaryIs>
      <innerBoundaryIs>
        <LinearRing>
          <coordinates>
-73.26,44.49,2000 -73.25,44.47,2000 -73.25,44.42,2000 -73.25,44.36,2000 -73.25,44.30,2000 -73.25,44.24,2000 -73.26,44.18,2000 -73.26,44.12,2000 -73.27,44.06,2000 -73.28,44.01,2000 -73.28,43.95,2000 -73.27,43.89,2000 -73.26,43.82,2000 -73.24,43.77,2000 -73.21,43.72,2000 -73.19,43.69,2000 -73.18,43.65,2000 -73.18,43.59,2000 -73.20,43.54,2000 -73.23,43.47,2000 -73.25,43.43,2000 -73.25,43.42,2000 -73.28,43.39,2000 -73.34,43.36,2000 -73.39,43.31,2000 -73.43,43.27,2000 -73.46,43.21,2000 -73.49,43.16,2000 -73.51,43.10,2000 -73.53,43.04,2000 -73.55,42.99,2000 -73.57,42.94,2000 -73.58,42.89,2000 -73.60,42.85,2000 -73.63,42.82,2000 -73.70,42.82,2000 -73.80,42.84,2000 -73.86,42.86,2000 -73.87,42.91,2000 -73.84,42.97,2000 -73.83,43.01,2000 -73.81,43.04,2000 -73.78,43.08,2000 -73.75,43.13,2000 -73.73,43.18,2000 -73.71,43.24,2000 -73.70,43.30,2000 -73.69,43.36,2000 -73.68,43.41,2000 -73.67,43.47,2000 -73.65,43.53,2000 -73.63,43.58,2000 -73.61,43.64,2000 -73.58,43.70,2000 -73.55,43.75,2000 -73.52,43.81,2000 -73.49,43.86,2000 -73.47,43.92,2000 -73.45,43.97,2000 -73.43,44.03,2000 -73.42,44.08,2000 -73.41,44.14,2000 -73.40,44.20,2000 -73.39,44.25,2000 -73.38,44.31,2000 -73.36,44.37,2000 -73.32,44.42,2000 -73.29,44.48,2000 -73.26,44.49,2000 
          </coordinates>
        </LinearRing>
      </innerBoundaryIs>
      <innerBoundaryIs>
        <LinearRing>
          <coordinates>
-115.94,50.71,2000 -115.94,50.71,2000 -115.93,50.70,2000 -115.92,50.70,2000 -115.92,50.70,2000 -115.90,50.69,2000 -115.89,50.68,2000 -115.87,50.67,2000 -115.86,50.67,2000 -115.85,50.66,2000 -115.85,50.66,2000 -115.83,50.65,2000 -115.82,50.64,2000 -115.81,50.64,2000 -115.80,50.63,2000 -115.79,50.62,2000 -115.78,50.62,2000 -115.76,50.61,2000 -115.75,50.60,2000 -115.74,50.60,2000 -115.73,50.59,2000 -115.71,50.58,2000 -115.70,50.58,2000 -115.69,50.57,2000 -115.68,50.56,2000 -115.67,50.56,2000 -115.66,50.55,2000 -115.65,50.55,2000 -115.65,50.54,2000 -115.64,50.54,2000 -115.62,50.53,2000 -115.62,50.53,2000 -115.61,50.52,2000 -115.61,50.52,2000 -115.63,50.51,2000 -115.64,50.51,2000 -115.65,50.51,2000 -115.66,50.50,2000 -115.67,50.50,2000 -115.68,50.50,2000 -115.70,50.50,2000 -115.71,50.49,2000 -115.73,50.49,2000 -115.75,50.49,2000 -115.76,50.49,2000 -115.78,50.48,2000 -115.79,50.48,2000 -115.81,50.48,2000 -115.82,50.48,2000 -115.84,50.47,2000 -115.85,50.47,2000 -115.86,50.47,2000 -115.87,50.47,2000 -115.88,50.47,2000 -115.90,50.47,2000 -115.91,50.47,2000 -115.91,50.48,2000 -115.91,50.50,2000 -115.91,50.51,2000 -115.91,50.51,2000 -115.92,50.52,2000 -115.92,50.52,2000 -115.92,50.53,2000 -115.92,50.54,2000 -115.93,50.55,2000 -115.93,50.55,2000 -115.93,50.56,2000 -115.93,50.57,2000 -115.94,50.58,2000 -115.94,50.59,2000 -115.94,50.60,2000 -115.95,50.61,2000 -115.95,50.62,2000 -115.95,50.63,2000 -115.95,50.64,2000 -115.96,50.65,2000 -115.96,50.66,2000 -115.94,50.71,2000 
          </coordinates>
        </LinearRing>
      </innerBoundaryIs>
      <innerBoundaryIs>
        <LinearRing>
          <coordinates>
-83.43,38.45,3000 -83.42,38.44,3000 -83.41,38.43,3000 -83.40,38.42,3000 -83.38,38.41,3000 -83.37,38.40,3000 -83.36,38.39,3000 -83.35,38.38,3000 -83.34,38.36,3000 -83.33,38.35,3000 -83.32,38.34,3000 -83.31,38.32,3000 -83.31,38.31,3000 -83.30,38.30,3000 -83.29,38.28,3000 -83.28,38.27,3000 -83.27,38.25,3000 -83.26,38.24,3000 -83.26,38.22,3000 -83.26,38.21,3000 -83.26,38.19,3000 -83.26,38.18,3000 -83.27,38.17,3000 -83.27,38.16,3000 -83.28,38.14,3000 -83.30,38.13,3000 -83.31,38.12,3000 -83.32,38.10,3000 -83.34,38.09,3000 -83.36,38.08,3000 -83.37,38.07,3000 -83.39,38.06,3000 -83.41,38.05,3000 -83.42,38.04,3000 -83.44,38.03,3000 -83.46,38.03,3000 -83.47,38.03,3000 -83.48,38.03,3000 -83.50,38.04,3000 -83.52,38.04,3000 -83.53,38.05,3000 -83.55,38.07,3000 -83.56,38.08,3000 -83.58,38.09,3000 -83.60,38.11,3000 -83.61,38.12,3000 -83.62,38.14,3000 -83.64,38.15,3000 -83.65,38.16,3000 -83.66,38.17,3000 -83.67,38.18,3000 -83.68,38.19,3000 -83.69,38.20,3000 -83.69,38.21,3000 -83.68,38.23,3000 -83.67,38.24,3000 -83.67,38.25,3000 -83.66,38.26,3000 -83.65,38.27,3000 -83.65,38.29,3000 -83.64,38.30,3000 -83.63,38.32,3000 -83.62,38.33,3000 -83.61,38.35,3000 -83.60,38.36,3000 -83.59,38.38,3000 -83.43,38.45,3000 
          </coordinates>
        </LinearRing>
      </innerBoundaryIs>
      <innerBoundaryIs>
        <LinearRing>
          <coordinates>
-84.14,40.38,3000 -84.10,40.34,3000 -84.05,40.31,3000 -83.98,40.28,3000 -83.91,40.27,3000 -83.82,40.27,3000 -83.73,40.26,3000 -83.65,40.25,3000 -83.56,40.21,3000 -83.49,40.16,3000 -83.47,40.11,3000 -83.51,40.07,3000 -83.58,40.02,3000 -83.66,39.98,3000 -83.72,39.96,3000 -83.76,40.01,3000 -83.82,40.04,3000 -83.90,40.08,3000 -83.99,40.11,3000 -84.06,40.12,3000 -84.13,40.10,3000 -84.18,40.06,3000 -84.23,40.01,3000 -84.27,39.96,3000 -84.31,39.91,3000 -84.35,39.86,3000 -84.40,39.81,3000 -84.46,39.78,3000 -84.52,39.75,3000 -84.59,39.72,3000 -84.67,39.69,3000 -84.74,39.66,3000 -84.83,39.63,3000 -84.91,39.60,3000 -84.99,39.57,3000 -85.04,39.53,3000 -85.07,39.47,3000 -85.07,39.40,3000 -85.06,39.32,3000 -85.05,39.25,3000 -85.04,39.18,3000 -85.03,39.11,3000 -85.01,39.05,3000 -84.97,39.00,3000 -84.90,38.96,3000 -84.80,38.95,3000 -84.69,38.98,3000 -84.63,39.01,3000 -84.57,39.05,3000 -84.51,39.10,3000 -84.44,39.15,3000 -84.37,39.20,3000 -84.31,39.26,3000 -84.26,39.31,3000 -84.21,39.37,3000 -84.17,39.43,3000 -84.13,39.49,3000 -84.10,39.55,3000 -84.06,39.61,3000 -84.03,39.65,3000 -83.96,39.71,3000 -83.89,39.74,3000 -83.83,39.76,3000 -83.75,39.77,3000 -83.69,39.75,3000 -83.65,39.71,3000 -83.62,39.66,3000 -83.59,39.59,3000 -83.57,39.53,3000 -83.55,39.47,3000 -83.53,39.40,3000 -83.51,39.33,3000 -83.50,39.26,3000 -83.49,39.18,3000 -83.47,39.10,3000 -83.47,39.03,3000 -83.48,38.97,3000 -83.51,38.91,3000 -83.57,38.86,3000 -83.65,38.81,3000 -83.72,38.78,3000 -83.81,38.76,3000 -83.91,38.74,3000 -84.00,38.71,3000 -84.09,38.68,3000 -84.15,38.64,3000 -84.22,38.59,3000 -84.28,38.54,3000 -84.33,38.49,3000 -84.39,38.44,3000 -84.44,38.41,3000 -84.54,38.37,3000 -84.62,38.35,3000 -84.70,38.35,3000 -84.78,38.37,3000 -84.85,38.41,3000 -84.91,38.46,3000 -84.97,38.52,3000 -85.02,38.58,3000 -85.07,38.63,3000 -85.13,38.65,3000 -85.19,38.66,3000 -85.26,38.68,3000 -85.33,38.71,3000 -85.41,38.74,3000 -85.47,38.79,3000 -85.49,38.83,3000 -85.50,38.88,3000 -85.51,38.95,3000 -85.51,39.03,3000 -85.51,39.09,3000 -85.51,39.15,3000 -85.50,39.23,3000 -85.50,39.30,3000 -85.50,39.38,3000 -85.49,39.46,3000 -85.49,39.52,3000 -85.49,39.58,3000 -85.50,39.66,3000 -85.51,39.72,3000 -85.52,39.77,3000 -85.52,39.83,3000 -85.52,39.89,3000 -85.51,39.95,3000 -85.48,40.02,3000 -85.38,40.08,3000 -85.32,40.10,3000 -85.26,40.13,3000 -85.18,40.15,3000 -85.10,40.18,3000 -85.00,40.20,3000 -84.91,40.23,3000 -84.81,40.25,3000 -84.70,40.28,3000 -84.59,40.30,3000 -84.48,40.33,3000 -84.37,40.35,3000 -84.14,40.38,3000 
          </coordinates>
        </LinearRing>
      </innerBoundaryIs>
      <innerBoundaryIs>
        <LinearRing>
          <coordinates>
-127.39,50.42,3000 -126.67,50.53,3000 -126.13,50.57,3000 -125.56,50.48,3000 -125.36,50.68,3000 -125.06,50.76,3000 -123.35,51.00,3000 -122.75,50.94,3000 -122.14,50.80,3000 -121.29,50.23,3000 -121.02,50.21,3000 -120.75,50.07,3000 -120.48,50.16,3000 -120.61,50.26,3000 -120.69,50.48,3000 -120.43,50.64,3000 -120.65,50.73,3000 -120.83,50.85,3000 -121.01,51.08,3000 -120.79,51.29,3000 -120.51,51.36,3000 -119.05,51.53,3000 -117.52,51.69,3000 -116.73,51.77,3000 -116.33,51.79,3000 -116.07,51.74,3000 -115.83,51.64,3000 -115.68,51.41,3000 -115.57,50.88,3000 -115.74,50.80,3000 -115.94,50.86,3000 -116.24,50.86,3000 -116.23,50.78,3000 -116.00,50.46,3000 -115.88,50.30,3000 -115.68,50.25,3000 -115.35,50.34,3000 -115.08,50.25,3000 -114.66,49.99,3000 -114.40,49.86,3000 -114.21,50.00,3000 -113.93,50.36,3000 -113.42,50.56,3000 -113.23,50.64,3000 -112.86,50.62,3000 -112.33,50.47,3000 -111.67,50.25,3000 -111.14,50.10,3000 -110.35,50.00,3000 -109.67,49.97,3000 -109.29,49.97,3000 -109.05,49.86,3000 -108.71,49.58,3000 -108.45,49.43,3000 -108.06,49.33,3000 -107.62,49.18,3000 -107.03,49.05,3000 -105.73,48.96,3000 -104.18,48.86,3000 -102.73,48.79,3000 -101.57,48.72,3000 -101.07,48.58,3000 -100.51,48.39,3000 -99.15,48.11,3000 -98.72,47.98,3000 -98.39,47.94,3000 -98.01,47.98,3000 -97.39,47.88,3000 -96.94,47.72,3000 -96.49,47.56,3000 -95.95,47.56,3000 -95.40,47.69,3000 -94.75,47.67,3000 -94.42,47.66,3000 -94.03,47.71,3000 -93.51,47.80,3000 -92.84,47.91,3000 -92.14,48.06,3000 -91.28,48.20,3000 -90.77,48.36,3000 -90.28,48.58,3000 -89.82,48.83,3000 -89.52,49.18,3000 -89.15,49.47,3000 -88.63,49.70,3000 -88.36,49.87,3000 -88.19,50.08,3000 -88.04,50.42,3000 -87.84,50.61,3000 -87.61,50.70,3000 -87.09,50.77,3000 -86.16,50.75,3000 -85.57,50.66,3000 -85.24,50.62,3000 -84.84,50.49,3000 -84.51,50.27,3000 -84.03,50.08,3000 -83.72,49.99,3000 -83.53,49.89,3000 -83.21,49.66,3000 -82.79,49.51,3000 -82.46,49.38,3000 -82.29,49.26,3000 -82.10,49.12,3000 -81.81,48.99,3000 -81.29,48.88,3000 -79.95,48.54,3000 -78.92,48.28,3000 -78.42,48.16,3000 -78.08,48.07,3000 -77.71,48.04,3000 -77.37,48.09,3000 -76.98,48.08,3000 -76.43,48.15,3000 -75.20,48.46,3000 -74.55,48.65,3000 -74.10,48.90,3000 -73.09,49.23,3000 -72.73,49.56,3000 -72.51,49.71,3000 -72.23,49.81,3000 -71.88,50.06,3000 -71.61,50.39,3000 -71.41,50.55,3000 -71.09,50.68,3000 -70.51,50.81,3000 -69.90,50.93,3000 -69.18,51.03,3000 -68.56,50.99,3000 -68.00,50.98,3000 -67.72,50.93,3000 -67.12,50.72,3000 -66.25,50.39,3000 -65.95,50.22,3000 -65.80,50.07,3000 -65.49,49.77,3000 -65.02,49.52,3000 -64.94,49.41,3000 -65.04,49.35,3000 -65.22,49.23,3000 -65.14,49.08,3000 -64.83,49.00,3000 -64.12,48.76,3000 -63.52,48.63,3000 -63.05,48.42,3000 -62.65,48.18,3000 -62.08,47.91,3000 -61.97,47.81,3000 -61.89,47.56,3000 -61.96,47.20,3000 -62.37,46.18,3000 -62.61,45.57,3000 -62.71,45.26,3000 -62.88,45.01,3000 -63.12,44.87,3000 -63.45,44.84,3000 -63.65,44.83,3000 -63.96,44.91,3000 -63.91,45.20,3000 -63.95,45.27,3000 -64.59,45.53,3000 -65.21,45.36,3000 -65.41,45.30,3000 -65.76,45.30,3000 -66.10,45.38,3000 -66.49,45.33,3000 -66.89,45.40,3000 -67.10,45.39,3000 -67.92,45.41,3000 -68.38,45.44,3000 -68.68,45.38,3000 -69.14,45.32,3000 -69.83,45.39,3000 -70.12,45.34,3000 -70.31,45.21,3000 -70.60,45.00,3000 -71.01,44.75,3000 -71.15,44.59,3000 -71.12,44.36,3000 -71.25,44.09,3000 -71.51,43.98,3000 -71.76,44.06,3000 -71.80,44.29,3000 -71.93,44.42,3000 -72.17,44.34,3000 -72.40,44.22,3000 -72.59,43.97,3000 -72.59,43.51,3000 -72.65,43.25,3000 -72.65,42.97,3000 -72.81,42.71,3000 -73.07,42.57,3000 -73.21,42.52,3000 -73.45,42.57,3000 -73.47,42.83,3000 -73.39,43.08,3000 -73.14,43.41,3000 -73.11,44.28,3000 -73.23,44.65,3000 -73.50,44.53,3000 -73.55,44.30,3000 -73.82,43.49,3000 -74.10,42.65,3000 -74.28,42.21,3000 -74.44,41.98,3000 -74.64,41.85,3000 -75.68,41.54,3000 -76.04,41.47,3000 -76.16,41.34,3000 -76.41,41.24,3000 -76.84,41.22,3000 -77.62,40.86,3000 -78.05,40.66,3000 -78.34,40.36,3000 -78.90,39.79,3000 -79.09,39.44,3000 -79.25,38.93,3000 -79.46,38.49,3000 -79.79,38.16,3000 -80.10,37.96,3000 -80.36,37.70,3000 -80.55,37.45,3000 -80.73,37.32,3000 -81.06,37.02,3000 -81.29,36.63,3000 -81.58,36.25,3000 -81.89,35.96,3000 -82.19,35.77,3000 -82.75,35.63,3000 -83.09,35.40,3000 -83.68,35.18,3000 -84.04,35.25,3000 -84.11,35.42,3000 -84.04,35.58,3000 -83.68,35.82,3000 -83.24,36.05,3000 -82.94,36.38,3000 -82.84,36.53,3000 -82.94,36.59,3000 -83.34,36.75,3000 -83.78,37.01,3000 -84.10,37.11,3000 -84.26,37.26,3000 -84.22,37.44,3000 -84.01,37.53,3000 -83.66,37.34,3000 -83.37,37.32,3000 -82.67,37.39,3000 -82.54,37.47,3000 -82.38,37.73,3000 -82.18,38.15,3000 -82.04,38.45,3000 -81.98,38.70,3000 -82.00,38.91,3000 -82.13,39.02,3000 -82.48,39.13,3000 -82.65,39.20,3000 -82.86,39.40,3000 -82.96,39.73,3000 -82.93,39.94,3000 -82.98,40.14,3000 -82.98,40.33,3000 -82.85,40.73,3000 -82.51,41.02,3000 -82.35,41.35,3000 -82.27,41.63,3000 -82.11,41.84,3000 -81.80,42.15,3000 -81.63,42.38,3000 -81.65,42.67,3000 -81.94,43.04,3000 -82.13,43.22,3000 -82.39,43.24,3000 -82.89,43.13,3000 -83.56,43.19,3000 -83.91,43.22,3000 -84.31,43.17,3000 -84.73,42.98,3000 -84.92,42.79,3000 -84.94,42.46,3000 -84.81,42.12,3000 -84.77,41.80,3000 -84.85,41.51,3000 -84.95,41.27,3000 -85.11,41.12,3000 -85.63,40.80,3000 -86.00,40.47,3000 -86.29,40.06,3000 -86.46,39.80,3000 -86.62,39.67,3000 -86.75,39.58,3000 -86.99,39.62,3000 -87.37,39.88,3000 -87.67,39.87,3000 -87.86,39.71,3000 -88.17,39.51,3000 -88.82,39.35,3000 -89.29,39.24,3000 -89.75,39.06,3000 -90.27,38.98,3000 -90.72,39.07,3000 -91.05,39.04,3000 -91.36,38.89,3000 -91.70,38.85,3000 -92.00,38.89,3000 -92.32,39.06,3000 -92.72,39.38,3000 -92.91,39.51,3000 -93.19,39.62,3000 -93.48,39.82,3000 -93.84,40.16,3000 -94.20,40.36,3000 -94.57,40.60,3000 -94.88,40.96,3000 -95.06,41.15,3000 -95.23,41.25,3000 -95.49,41.36,3000 -95.68,41.53,3000 -95.94,41.83,3000 -96.21,42.24,3000 -96.44,42.29,3000 -96.71,42.18,3000 -97.07,42.12,3000 -97.39,42.13,3000 -98.21,42.18,3000 -98.78,42.27,3000 -99.20,42.39,3000 -99.47,42.51,3000 -99.69,42.59,3000 -100.12,42.66,3000 -100.76,42.73,3000 -101.54,42.73,3000 -101.87,42.74,3000 -102.23,42.70,3000 -102.73,42.54,3000 -103.10,42.45,3000 -103.44,42.58,3000 -103.53,42.91,3000 -103.40,43.02,3000 -103.06,43.11,3000 -102.98,43.26,3000 -103.06,43.48,3000 -103.35,43.66,3000 -104.39,43.89,3000 -105.01,43.90,3000 -105.26,43.93,3000 -105.46,43.87,3000 -105.64,43.50,3000 -105.70,43.17,3000 -105.72,42.97,3000 -105.52,42.81,3000 -105.34,42.68,3000 -105.23,42.40,3000 -105.38,42.23,3000 -105.76,42.19,3000 -106.48,42.20,3000 -106.81,42.40,3000 -107.18,42.76,3000 -107.36,43.08,3000 -107.76,43.39,3000 -107.72,43.58,3000 -107.52,43.74,3000 -107.43,43.88,3000 -107.45,44.10,3000 -107.75,44.48,3000 -108.14,44.79,3000 -108.31,44.92,3000 -108.60,44.93,3000 -108.79,44.86,3000 -108.76,44.59,3000 -108.37,43.58,3000 -108.34,43.50,3000 -108.54,43.33,3000 -108.82,43.14,3000 -108.76,42.96,3000 -108.58,42.76,3000 -108.59,42.50,3000 -108.78,42.40,3000 -109.09,42.43,3000 -109.37,42.53,3000 -109.78,42.75,3000 -109.94,42.82,3000 -110.11,42.79,3000 -110.25,42.59,3000 -110.34,42.35,3000 -110.60,42.15,3000 -110.88,42.23,3000 -111.07,42.39,3000 -111.22,42.58,3000 -111.21,42.88,3000 -111.40,43.42,3000 -111.38,43.67,3000 -111.30,43.83,3000 -111.25,44.02,3000 -111.35,44.31,3000 -111.43,44.43,3000 -111.68,44.61,3000 -112.14,44.83,3000 -112.26,45.34,3000 -112.42,45.62,3000 -112.58,45.61,3000 -112.71,45.41,3000 -113.23,44.89,3000 -113.23,44.42,3000 -113.55,44.29,3000 -113.83,44.53,3000 -114.01,44.63,3000 -114.18,44.58,3000 -114.27,44.19,3000 -114.23,43.94,3000 -114.34,43.67,3000 -114.59,43.46,3000 -114.93,43.38,3000 -115.25,43.42,3000 -115.57,43.55,3000 -115.67,43.77,3000 -115.99,44.40,3000 -116.25,44.88,3000 -116.67,45.35,3000 -116.21,45.79,3000 -116.05,45.96,3000 -115.94,46.15,3000 -115.98,46.36,3000 -116.10,46.65,3000 -116.32,46.84,3000 -116.50,47.10,3000 -116.55,47.42,3000 -116.64,47.77,3000 -116.57,48.05,3000 -116.59,48.27,3000 -116.86,48.46,3000 -117.86,49.08,3000 -118.22,49.10,3000 -118.68,49.19,3000 -119.30,49.40,3000 -119.58,49.58,3000 -119.80,49.59,3000 -119.88,49.38,3000 -119.84,49.07,3000 -119.95,48.88,3000 -120.23,48.67,3000 -120.36,48.47,3000 -120.45,48.19,3000 -120.76,47.75,3000 -120.80,47.56,3000 -120.94,47.33,3000 -121.11,47.04,3000 -121.35,46.87,3000 -121.58,46.75,3000 -121.81,46.71,3000 -121.96,46.83,3000 -121.86,47.35,3000 -121.82,47.80,3000 -121.91,48.15,3000 -122.03,48.35,3000 -122.19,48.63,3000 -122.15,48.89,3000 -122.10,49.15,3000 -122.44,49.25,3000 -122.82,49.26,3000 -123.15,49.32,3000 -123.63,49.42,3000 -123.92,49.56,3000 -124.12,49.71,3000 -124.48,49.84,3000 -124.70,49.98,3000 -124.95,50.24,3000 -125.25,50.28,3000 -125.38,50.18,3000 -125.28,50.03,3000 -124.77,49.55,3000 -124.63,49.38,3000 -124.26,49.24,3000 -124.03,49.10,3000 -123.88,48.87,3000 -123.95,48.76,3000 -124.19,48.69,3000 -124.56,48.78,3000 -124.82,48.93,3000 -125.21,49.03,3000 -125.61,49.08,3000 -125.94,49.22,3000 -127.00,49.77,3000 -127.32,49.96,3000 -127.68,50.13,3000 -127.58,50.35,3000 -127.39,50.42,3000 -127.39,50.42,3000 
          </coordinates>
        </LinearRing>
      </innerBoundaryIs>
      <innerBoundaryIs>
        <LinearRing>
          <coordinates>
-106.32,44.45,3000 -106.28,44.47,3000 -106.24,44.48,3000 -106.20,44.50,3000 -106.17,44.51,3000 -106.14,44.52,3000 -106.11,44.52,3000 -106.08,44.52,3000 -106.06,44.51,3000 -106.04,44.49,3000 -106.03,44.46,3000 -106.01,44.43,3000 -106.00,44.40,3000 -105.99,44.37,3000 -105.98,44.35,3000 -105.96,44.32,3000 -105.95,44.30,3000 -105.93,44.27,3000 -105.92,44.25,3000 -105.91,44.22,3000 -105.90,44.20,3000 -105.89,44.17,3000 -105.89,44.14,3000 -105.89,44.11,3000 -105.89,44.09,3000 -105.89,44.06,3000 -105.90,44.03,3000 -105.91,44.01,3000 -105.93,43.98,3000 -105.94,43.95,3000 -105.96,43.93,3000 -105.98,43.91,3000 -106.00,43.89,3000 -106.01,43.87,3000 -106.02,43.86,3000 -106.04,43.85,3000 -106.06,43.84,3000 -106.09,43.82,3000 -106.13,43.79,3000 -106.16,43.77,3000 -106.20,43.76,3000 -106.23,43.75,3000 -106.26,43.75,3000 -106.29,43.77,3000 -106.32,43.79,3000 -106.35,43.81,3000 -106.38,43.83,3000 -106.41,43.85,3000 -106.44,43.87,3000 -106.46,43.90,3000 -106.48,43.92,3000 -106.50,43.94,3000 -106.51,43.96,3000 -106.51,43.99,3000 -106.51,44.01,3000 -106.52,44.04,3000 -106.53,44.08,3000 -106.53,44.11,3000 -106.54,44.14,3000 -106.54,44.16,3000 -106.54,44.18,3000 -106.53,44.20,3000 -106.52,44.22,3000 -106.50,44.24,3000 -106.48,44.26,3000 -106.46,44.29,3000 -106.44,44.31,3000 -106.42,44.34,3000 -106.32,44.45,3000 
          </coordinates>
        </LinearRing>
      </innerBoundaryIs>
      <innerBoundaryIs>
        <LinearRing>
          <coordinates>
-106.48,41.77,3000 -106.33,41.75,3000 -106.18,41.73,3000 -106.07,41.70,3000 -105.97,41.66,3000 -105.90,41.61,3000 -105.84,41.52,3000 -105.81,41.42,3000 -105.82,41.34,3000 -105.84,41.26,3000 -105.85,41.18,3000 -105.82,41.10,3000 -105.75,41.01,3000 -105.68,40.95,3000 -105.60,40.88,3000 -105.52,40.81,3000 -105.45,40.74,3000 -105.40,40.65,3000 -105.36,40.56,3000 -105.33,40.46,3000 -105.30,40.37,3000 -105.27,40.26,3000 -105.24,40.15,3000 -105.21,40.05,3000 -105.19,39.94,3000 -105.17,39.84,3000 -105.15,39.74,3000 -105.11,39.65,3000 -105.03,39.57,3000 -104.94,39.50,3000 -104.85,39.45,3000 -104.73,39.38,3000 -104.65,39.31,3000 -104.65,39.24,3000 -104.68,39.15,3000 -104.74,39.08,3000 -104.82,39.01,3000 -104.93,38.94,3000 -105.03,38.92,3000 -105.12,38.97,3000 -105.20,39.07,3000 -105.28,39.15,3000 -105.37,39.20,3000 -105.47,39.23,3000 -105.58,39.25,3000 -105.74,39.22,3000 -105.83,39.18,3000 -105.94,39.11,3000 -106.06,39.04,3000 -106.18,38.96,3000 -106.29,38.90,3000 -106.39,38.86,3000 -106.52,38.84,3000 -106.64,38.85,3000 -106.74,38.88,3000 -106.83,38.90,3000 -106.95,38.95,3000 -107.02,39.02,3000 -107.06,39.11,3000 -107.06,39.22,3000 -107.04,39.30,3000 -107.00,39.39,3000 -106.99,39.46,3000 -107.03,39.54,3000 -107.11,39.59,3000 -107.21,39.60,3000 -107.34,39.60,3000 -107.44,39.62,3000 -107.54,39.66,3000 -107.63,39.71,3000 -107.71,39.79,3000 -107.77,39.89,3000 -107.80,39.99,3000 -107.79,40.08,3000 -107.76,40.18,3000 -107.70,40.27,3000 -107.64,40.34,3000 -107.55,40.40,3000 -107.48,40.47,3000 -107.42,40.55,3000 -107.40,40.65,3000 -107.41,40.76,3000 -107.42,40.87,3000 -107.41,40.97,3000 -107.37,41.08,3000 -107.31,41.18,3000 -107.24,41.26,3000 -107.14,41.33,3000 -107.03,41.38,3000 -106.91,41.43,3000 -106.48,41.77,3000 
          </coordinates>
        </LinearRing>
      </innerBoundaryIs>
      <innerBoundaryIs>
        <LinearRing>
          <coordinates>
-111.45,46.21,3000 -111.44,46.21,3000 -111.43,46.20,3000 -111.42,46.19,3000 -111.40,46.18,3000 -111.38,46.17,3000 -111.37,46.16,3000 -111.35,46.15,3000 -111.33,46.13,3000 -111.31,46.12,3000 -111.29,46.11,3000 -111.27,46.09,3000 -111.25,46.08,3000 -111.24,46.06,3000 -111.23,46.05,3000 -111.22,46.03,3000 -111.21,46.02,3000 -111.20,46.00,3000 -111.20,45.98,3000 -111.20,45.96,3000 -111.20,45.95,3000 -111.20,45.93,3000 -111.20,45.91,3000 -111.20,45.90,3000 -111.21,45.88,3000 -111.22,45.86,3000 -111.23,45.85,3000 -111.24,45.83,3000 -111.26,45.82,3000 -111.27,45.81,3000 -111.29,45.79,3000 -111.31,45.78,3000 -111.33,45.77,3000 -111.35,45.76,3000 -111.37,45.75,3000 -111.39,45.74,3000 -111.41,45.74,3000 -111.44,45.74,3000 -111.46,45.73,3000 -111.49,45.73,3000 -111.52,45.73,3000 -111.54,45.73,3000 -111.57,45.74,3000 -111.59,45.74,3000 -111.62,45.74,3000 -111.64,45.74,3000 -111.67,45.75,3000 -111.69,45.75,3000 -111.72,45.76,3000 -111.74,45.76,3000 -111.76,45.77,3000 -111.79,45.78,3000 -111.81,45.78,3000 -111.83,45.79,3000 -111.85,45.80,3000 -111.87,45.80,3000 -111.90,45.80,3000 -111.93,45.80,3000 -111.95,45.80,3000 -111.97,45.80,3000 -111.99,45.80,3000 -112.01,45.81,3000 -112.02,45.82,3000 -112.03,45.83,3000 -112.03,45.85,3000 -112.03,45.86,3000 -112.03,45.88,3000 -112.03,45.90,3000 -112.02,45.92,3000 -112.02,45.94,3000 -112.01,45.96,3000 -112.01,45.98,3000 -112.00,45.99,3000 -111.99,46.00,3000 -111.98,46.01,3000 -111.96,46.01,3000 -111.94,46.02,3000 -111.91,46.03,3000 -111.90,46.04,3000 -111.88,46.05,3000 -111.86,46.06,3000 -111.84,46.07,3000 -111.82,46.08,3000 -111.80,46.10,3000 -111.78,46.11,3000 -111.76,46.12,3000 -111.74,46.13,3000 -111.72,46.14,3000 -111.71,46.15,3000 -111.69,46.16,3000 -111.66,46.17,3000 -111.64,46.18,3000 -111.62,46.19,3000 -111.59,46.19,3000 -111.57,46.19,3000 -111.55,46.20,3000 -111.53,46.20,3000 -111.45,46.21,3000 
          </coordinates>
        </LinearRing>
      </innerBoundaryIs>
      <innerBoundaryIs>
        <LinearRing>
          <coordinates>
-84.51,36.71,3000 -84.47,36.70,3000 -84.43,36.69,3000 -84.40,36.68,3000 -84.37,36.66,3000 -84.35,36.64,3000 -84.34,36.62,3000 -84.32,36.59,3000 -84.32,36.56,3000 -84.31,36.52,3000 -84.32,36.49,3000 -84.33,36.46,3000 -84.35,36.43,3000 -84.38,36.41,3000 -84.42,36.38,3000 -84.46,36.36,3000 -84.50,36.33,3000 -84.53,36.31,3000 -84.55,36.30,3000 -84.55,36.29,3000 -84.57,36.27,3000 -84.59,36.25,3000 -84.63,36.22,3000 -84.66,36.19,3000 -84.69,36.17,3000 -84.72,36.14,3000 -84.74,36.12,3000 -84.76,36.09,3000 -84.77,36.08,3000 -84.79,36.06,3000 -84.81,36.04,3000 -84.83,36.02,3000 -84.85,36.00,3000 -84.88,35.97,3000 -84.90,35.95,3000 -84.92,35.93,3000 -84.95,35.91,3000 -84.97,35.89,3000 -85.00,35.87,3000 -85.03,35.85,3000 -85.06,35.83,3000 -85.10,35.82,3000 -85.14,35.80,3000 -85.19,35.79,3000 -85.23,35.79,3000 -85.26,35.79,3000 -85.29,35.80,3000 -85.31,35.83,3000 -85.34,35.85,3000 -85.36,35.89,3000 -85.38,35.92,3000 -85.40,35.95,3000 -85.41,35.98,3000 -85.42,36.01,3000 -85.43,36.04,3000 -85.43,36.07,3000 -85.43,36.10,3000 -85.43,36.13,3000 -85.42,36.16,3000 -85.41,36.19,3000 -85.39,36.22,3000 -85.37,36.26,3000 -85.34,36.29,3000 -85.32,36.32,3000 -85.30,36.34,3000 -85.27,36.37,3000 -85.25,36.38,3000 -85.21,36.40,3000 -85.18,36.42,3000 -85.15,36.43,3000 -85.12,36.45,3000 -85.08,36.47,3000 -85.05,36.49,3000 -85.03,36.50,3000 -85.00,36.51,3000 -84.97,36.53,3000 -84.94,36.54,3000 -84.91,36.56,3000 -84.88,36.57,3000 -84.84,36.59,3000 -84.80,36.60,3000 -84.77,36.62,3000 -84.74,36.63,3000 -84.70,36.65,3000 -84.67,36.66,3000 -84.65,36.66,3000 -84.51,36.71,3000 
          </coordinates>
        </LinearRing>
      </innerBoundaryIs>
      <innerBoundaryIs>
        <LinearRing>
          <coordinates>
-108.72,46.08,3000 -108.70,46.08,3000 -108.69,46.08,3000 -108.67,46.08,3000 -108.65,46.08,3000 -108.63,46.08,3000 -108.61,46.08,3000 -108.59,46.08,3000 -108.56,46.08,3000 -108.54,46.08,3000 -108.52,46.07,3000 -108.49,46.07,3000 -108.47,46.07,3000 -108.45,46.07,3000 -108.43,46.06,3000 -108.41,46.06,3000 -108.39,46.05,3000 -108.36,46.05,3000 -108.34,46.04,3000 -108.32,46.04,3000 -108.30,46.03,3000 -108.28,46.03,3000 -108.26,46.02,3000 -108.24,46.02,3000 -108.22,46.01,3000 -108.20,46.00,3000 -108.17,46.00,3000 -108.15,45.99,3000 -108.12,45.99,3000 -108.10,45.98,3000 -108.08,45.98,3000 -108.07,45.97,3000 -108.05,45.96,3000 -108.05,45.95,3000 -108.05,45.94,3000 -108.06,45.93,3000 -108.06,45.92,3000 -108.07,45.90,3000 -108.09,45.89,3000 -108.10,45.87,3000 -108.12,45.86,3000 -108.13,45.85,3000 -108.15,45.83,3000 -108.16,45.82,3000 -108.18,45.81,3000 -108.19,45.80,3000 -108.21,45.79,3000 -108.23,45.78,3000 -108.25,45.77,3000 -108.26,45.77,3000 -108.28,45.76,3000 -108.30,45.76,3000 -108.32,45.76,3000 -108.34,45.75,3000 -108.36,45.75,3000 -108.38,45.75,3000 -108.40,45.75,3000 -108.43,45.75,3000 -108.45,45.75,3000 -108.47,45.75,3000 -108.49,45.75,3000 -108.52,45.75,3000 -108.54,45.74,3000 -108.57,45.74,3000 -108.59,45.74,3000 -108.61,45.74,3000 -108.63,45.74,3000 -108.64,45.74,3000 -108.66,45.73,3000 -108.67,45.75,3000 -108.68,45.76,3000 -108.69,45.77,3000 -108.70,45.78,3000 -108.71,45.79,3000 -108.73,45.80,3000 -108.74,45.81,3000 -108.75,45.83,3000 -108.77,45.84,3000 -108.78,45.86,3000 -108.79,45.87,3000 -108.80,45.89,3000 -108.80,45.90,3000 -108.80,45.91,3000 -108.80,45.93,3000 -108.80,45.94,3000 -108.80,45.96,3000 -108.79,45.97,3000 -108.78,45.99,3000 -108.78,46.00,3000 -108.77,46.02,3000 -108.76,46.03,3000 -108.75,46.05,3000 -108.74,46.06,3000 -108.73,46.08,3000 -108.72,46.08,3000 
          </coordinates>
        </LinearRing>
      </innerBoundaryIs>
  </Polygon>
 </MultiGeometry>
</Placemark>
<Placemark>
  <name>10%</name>
  <visibility>1</visibility>
  <styleUrl>#poly_10</styleUrl>
  <MultiGeometry>
    <Polygon>
      <outerBoundaryIs>
        <LinearRing>
          <coordinates>
-110.85,41.14,2000 -110.81,41.15,2000 -110.78,41.16,2000 -110.74,41.18,2000 -110.71,41.19,2000 -110.67,41.19,2000 -110.63,41.20,2000 -110.59,41.20,2000 -110.55,41.21,2000 -110.51,41.21,2000 -110.47,41.21,2000 -110.43,41.21,2000 -110.39,41.20,2000 -110.35,41.19,2000 -110.31,41.16,2000 -110.28,41.14,2000 -110.25,41.12,2000 -110.22,41.10,2000 -110.19,41.08,2000 -110.17,41.07,2000 -110.14,41.05,2000 -110.11,41.03,2000 -110.08,41.02,2000 -110.04,41.00,2000 -110.00,40.97,2000 -109.97,40.95,2000 -109.95,40.93,2000 -109.93,40.90,2000 -109.91,40.87,2000 -109.90,40.84,2000 -109.88,40.82,2000 -109.87,40.80,2000 -109.84,40.78,2000 -109.86,40.76,2000 -109.88,40.74,2000 -109.90,40.72,2000 -109.93,40.69,2000 -109.96,40.66,2000 -109.99,40.63,2000 -110.01,40.61,2000 -110.03,40.59,2000 -110.05,40.57,2000 -110.07,40.57,2000 -110.10,40.56,2000 -110.13,40.55,2000 -110.17,40.54,2000 -110.21,40.52,2000 -110.25,40.51,2000 -110.29,40.50,2000 -110.33,40.49,2000 -110.36,40.48,2000 -110.40,40.47,2000 -110.44,40.47,2000 -110.47,40.46,2000 -110.51,40.45,2000 -110.55,40.44,2000 -110.59,40.43,2000 -110.63,40.42,2000 -110.66,40.41,2000 -110.70,40.40,2000 -110.74,40.39,2000 -110.78,40.38,2000 -110.81,40.37,2000 -110.85,40.36,2000 -110.89,40.36,2000 -110.92,40.36,2000 -110.96,40.36,2000 -111.00,40.37,2000 -111.03,40.39,2000 -111.07,40.40,2000 -111.11,40.42,2000 -111.15,40.45,2000 -111.18,40.46,2000 -111.20,40.48,2000 -111.22,40.51,2000 -111.22,40.54,2000 -111.24,40.56,2000 -111.26,40.59,2000 -111.28,40.62,2000 -111.29,40.65,2000 -111.29,40.68,2000 -111.28,40.71,2000 -111.27,40.74,2000 -111.26,40.76,2000 -111.26,40.78,2000 -111.27,40.80,2000 -111.25,40.83,2000 -111.23,40.85,2000 -111.21,40.88,2000 -111.18,40.91,2000 -111.15,40.94,2000 -111.12,40.97,2000 -111.09,40.99,2000 -111.07,41.01,2000 -111.04,41.03,2000 -111.03,41.03,2000 -110.85,41.14,2000 
          </coordinates>
        </LinearRing>
      </outerBoundaryIs>
      <innerBoundaryIs>
        <LinearRing>
          <coordinates>
-110.61,41.12,3000 -110.57,41.12,3000 -110.53,41.11,3000 -110.50,41.11,3000 -110.46,41.10,3000 -110.43,41.10,3000 -110.41,41.09,3000 -110.39,41.09,3000 -110.38,41.08,3000 -110.36,41.07,3000 -110.34,41.06,3000 -110.31,41.04,3000 -110.29,41.02,3000 -110.25,41.01,3000 -110.22,40.99,3000 -110.19,40.97,3000 -110.17,40.95,3000 -110.15,40.94,3000 -110.13,40.93,3000 -110.12,40.91,3000 -110.11,40.90,3000 -110.09,40.88,3000 -110.07,40.86,3000 -110.05,40.83,3000 -110.03,40.81,3000 -110.02,40.79,3000 -110.01,40.77,3000 -110.01,40.75,3000 -110.02,40.73,3000 -110.05,40.71,3000 -110.08,40.69,3000 -110.10,40.68,3000 -110.12,40.67,3000 -110.15,40.66,3000 -110.18,40.64,3000 -110.21,40.63,3000 -110.24,40.62,3000 -110.27,40.61,3000 -110.30,40.60,3000 -110.33,40.59,3000 -110.36,40.58,3000 -110.39,40.58,3000 -110.41,40.57,3000 -110.44,40.56,3000 -110.47,40.56,3000 -110.50,40.55,3000 -110.53,40.54,3000 -110.56,40.53,3000 -110.59,40.52,3000 -110.62,40.51,3000 -110.66,40.50,3000 -110.69,40.49,3000 -110.72,40.48,3000 -110.75,40.47,3000 -110.78,40.47,3000 -110.82,40.46,3000 -110.86,40.46,3000 -110.89,40.46,3000 -110.93,40.47,3000 -110.96,40.47,3000 -110.98,40.47,3000 -111.01,40.47,3000 -111.02,40.48,3000 -111.04,40.50,3000 -111.05,40.51,3000 -111.07,40.53,3000 -111.09,40.55,3000 -111.11,40.57,3000 -111.13,40.59,3000 -111.15,40.62,3000 -111.16,40.64,3000 -111.17,40.66,3000 -111.17,40.69,3000 -111.17,40.71,3000 -111.17,40.74,3000 -111.16,40.77,3000 -111.15,40.80,3000 -111.14,40.82,3000 -111.13,40.84,3000 -111.12,40.87,3000 -111.10,40.88,3000 -111.08,40.90,3000 -111.05,40.92,3000 -111.03,40.93,3000 -111.00,40.95,3000 -110.97,40.96,3000 -110.94,40.98,3000 -110.91,40.99,3000 -110.89,41.01,3000 -110.86,41.02,3000 -110.84,41.03,3000 -110.80,41.05,3000 -110.78,41.05,3000 -110.61,41.12,3000 
          </coordinates>
        </LinearRing>
      </innerBoundaryIs>
  </Polygon>
 </MultiGeometry>
</Placemark>
<Placemark>
  <name>20%</name>
  <visibility>1</visibility>
  <styleUrl>#poly_20</styleUrl>
  <MultiGeometry>
    <Polygon>
      <outerBoundaryIs>
        <LinearRing>
          <coordinates>
-83.43,38.45,3000 -83.42,38.44,3000 -83.41,38.43,3000 -83.40,38.42,3000 -83.38,38.41,3000 -83.37,38.40,3000 -83.36,38.39,3000 -83.35,38.38,3000 -83.34,38.36,3000 -83.33,38.35,3000 -83.32,38.34,3000 -83.31,38.32,3000 -83.31,38.31,3000 -83.30,38.30,3000 -83.29,38.28,3000 -83.28,38.27,3000 -83.27,38.25,3000 -83.26,38.24,3000 -83.26,38.22,3000 -83.26,38.21,3000 -83.26,38.19,3000 -83.26,38.18,3000 -83.27,38.17,3000 -83.27,38.16,3000 -83.28,38.14,3000 -83.30,38.13,3000 -83.31,38.12,3000 -83.32,38.10,3000 -83.34,38.09,3000 -83.36,38.08,3000 -83.37,38.07,3000 -83.39,38.06,3000 -83.41,38.05,3000 -83.42,38.04,3000 -83.44,38.03,3000 -83.46,38.03,3000 -83.47,38.03,3000 -83.48,38.03,3000 -83.50,38.04,3000 -83.52,38.04,3000 -83.53,38.05,3000 -83.55,38.07,3000 -83.56,38.08,3000 -83.58,38.09,3000 -83.60,38.11,3000 -83.61,38.12,3000 -83.62,38.14,3000 -83.64,38.15,3000 -83.65,38.16,3000 -83.66,38.17,3000 -83.67,38.18,3000 -83.68,38.19,3000 -83.69,38.20,3000 -83.69,38.21,3000 -83.68,38.23,3000 -83.67,38.24,3000 -83.67,38.25,3000 -83.66,38.26,3000 -83.65,38.27,3000 -83.65,38.29,3000 -83.64,38.30,3000 -83.63,38.32,3000 -83.62,38.33,3000 -83.61,38.35,3000 -83.60,38.36,3000 -83.59,38.38,3000 -83.43,38.45,3000 
          </coordinates>
        </LinearRing>
      </outerBoundaryIs>
  </Polygon>
 </MultiGeometry>
</Placemark>
<Placemark>
  <name>20%</name>
  <visibility>1</visibility>
  <styleUrl>#poly_20</styleUrl>
  <MultiGeometry>
    <Polygon>
      <outerBoundaryIs>
        <LinearRing>
          <coordinates>
-84.14,40.38,3000 -84.10,40.34,3000 -84.05,40.31,3000 -83.98,40.28,3000 -83.91,40.27,3000 -83.82,40.27,3000 -83.73,40.26,3000 -83.65,40.25,3000 -83.56,40.21,3000 -83.49,40.16,3000 -83.47,40.11,3000 -83.51,40.07,3000 -83.58,40.02,3000 -83.66,39.98,3000 -83.72,39.96,3000 -83.76,40.01,3000 -83.82,40.04,3000 -83.90,40.08,3000 -83.99,40.11,3000 -84.06,40.12,3000 -84.13,40.10,3000 -84.18,40.06,3000 -84.23,40.01,3000 -84.27,39.96,3000 -84.31,39.91,3000 -84.35,39.86,3000 -84.40,39.81,3000 -84.46,39.78,3000 -84.52,39.75,3000 -84.59,39.72,3000 -84.67,39.69,3000 -84.74,39.66,3000 -84.83,39.63,3000 -84.91,39.60,3000 -84.99,39.57,3000 -85.04,39.53,3000 -85.07,39.47,3000 -85.07,39.40,3000 -85.06,39.32,3000 -85.05,39.25,3000 -85.04,39.18,3000 -85.03,39.11,3000 -85.01,39.05,3000 -84.97,39.00,3000 -84.90,38.96,3000 -84.80,38.95,3000 -84.69,38.98,3000 -84.63,39.01,3000 -84.57,39.05,3000 -84.51,39.10,3000 -84.44,39.15,3000 -84.37,39.20,3000 -84.31,39.26,3000 -84.26,39.31,3000 -84.21,39.37,3000 -84.17,39.43,3000 -84.13,39.49,3000 -84.10,39.55,3000 -84.06,39.61,3000 -84.03,39.65,3000 -83.96,39.71,3000 -83.89,39.74,3000 -83.83,39.76,3000 -83.75,39.77,3000 -83.69,39.75,3000 -83.65,39.71,3000 -83.62,39.66,3000 -83.59,39.59,3000 -83.57,39.53,3000 -83.55,39.47,3000 -83.53,39.40,3000 -83.51,39.33,3000 -83.50,39.26,3000 -83.49,39.18,3000 -83.47,39.10,3000 -83.47,39.03,3000 -83.48,38.97,3000 -83.51,38.91,3000 -83.57,38.86,3000 -83.65,38.81,3000 -83.72,38.78,3000 -83.81,38.76,3000 -83.91,38.74,3000 -84.00,38.71,3000 -84.09,38.68,3000 -84.15,38.64,3000 -84.22,38.59,3000 -84.28,38.54,3000 -84.33,38.49,3000 -84.39,38.44,3000 -84.44,38.41,3000 -84.54,38.37,3000 -84.62,38.35,3000 -84.70,38.35,3000 -84.78,38.37,3000 -84.85,38.41,3000 -84.91,38.46,3000 -84.97,38.52,3000 -85.02,38.58,3000 -85.07,38.63,3000 -85.13,38.65,3000 -85.19,38.66,3000 -85.26,38.68,3000 -85.33,38.71,3000 -85.41,38.74,3000 -85.47,38.79,3000 -85.49,38.83,3000 -85.50,38.88,3000 -85.51,38.95,3000 -85.51,39.03,3000 -85.51,39.09,3000 -85.51,39.15,3000 -85.50,39.23,3000 -85.50,39.30,3000 -85.50,39.38,3000 -85.49,39.46,3000 -85.49,39.52,3000 -85.49,39.58,3000 -85.50,39.66,3000 -85.51,39.72,3000 -85.52,39.77,3000 -85.52,39.83,3000 -85.52,39.89,3000 -85.51,39.95,3000 -85.48,40.02,3000 -85.38,40.08,3000 -85.32,40.10,3000 -85.26,40.13,3000 -85.18,40.15,3000 -85.10,40.18,3000 -85.00,40.20,3000 -84.91,40.23,3000 -84.81,40.25,3000 -84.70,40.28,3000 -84.59,40.30,3000 -84.48,40.33,3000 -84.37,40.35,3000 -84.14,40.38,3000 
          </coordinates>
        </LinearRing>
      </outerBoundaryIs>
  </Polygon>
 </MultiGeometry>
</Placemark>
<Placemark>
  <name>20%</name>
  <visibility>1</visibility>
  <styleUrl>#poly_20</styleUrl>
  <MultiGeometry>
    <Polygon>
      <outerBoundaryIs>
        <LinearRing>
          <coordinates>
-110.61,41.12,3000 -110.57,41.12,3000 -110.53,41.11,3000 -110.50,41.11,3000 -110.46,41.10,3000 -110.43,41.10,3000 -110.41,41.09,3000 -110.39,41.09,3000 -110.38,41.08,3000 -110.36,41.07,3000 -110.34,41.06,3000 -110.31,41.04,3000 -110.29,41.02,3000 -110.25,41.01,3000 -110.22,40.99,3000 -110.19,40.97,3000 -110.17,40.95,3000 -110.15,40.94,3000 -110.13,40.93,3000 -110.12,40.91,3000 -110.11,40.90,3000 -110.09,40.88,3000 -110.07,40.86,3000 -110.05,40.83,3000 -110.03,40.81,3000 -110.02,40.79,3000 -110.01,40.77,3000 -110.01,40.75,3000 -110.02,40.73,3000 -110.05,40.71,3000 -110.08,40.69,3000 -110.10,40.68,3000 -110.12,40.67,3000 -110.15,40.66,3000 -110.18,40.64,3000 -110.21,40.63,3000 -110.24,40.62,3000 -110.27,40.61,3000 -110.30,40.60,3000 -110.33,40.59,3000 -110.36,40.58,3000 -110.39,40.58,3000 -110.41,40.57,3000 -110.44,40.56,3000 -110.47,40.56,3000 -110.50,40.55,3000 -110.53,40.54,3000 -110.56,40.53,3000 -110.59,40.52,3000 -110.62,40.51,3000 -110.66,40.50,3000 -110.69,40.49,3000 -110.72,40.48,3000 -110.75,40.47,3000 -110.78,40.47,3000 -110.82,40.46,3000 -110.86,40.46,3000 -110.89,40.46,3000 -110.93,40.47,3000 -110.96,40.47,3000 -110.98,40.47,3000 -111.01,40.47,3000 -111.02,40.48,3000 -111.04,40.50,3000 -111.05,40.51,3000 -111.07,40.53,3000 -111.09,40.55,3000 -111.11,40.57,3000 -111.13,40.59,3000 -111.15,40.62,3000 -111.16,40.64,3000 -111.17,40.66,3000 -111.17,40.69,3000 -111.17,40.71,3000 -111.17,40.74,3000 -111.16,40.77,3000 -111.15,40.80,3000 -111.14,40.82,3000 -111.13,40.84,3000 -111.12,40.87,3000 -111.10,40.88,3000 -111.08,40.90,3000 -111.05,40.92,3000 -111.03,40.93,3000 -111.00,40.95,3000 -110.97,40.96,3000 -110.94,40.98,3000 -110.91,40.99,3000 -110.89,41.01,3000 -110.86,41.02,3000 -110.84,41.03,3000 -110.80,41.05,3000 -110.78,41.05,3000 -110.61,41.12,3000 
          </coordinates>
        </LinearRing>
      </outerBoundaryIs>
      <innerBoundaryIs>
        <LinearRing>
          <coordinates>
-110.83,40.97,4000 -110.80,40.98,4000 -110.78,40.99,4000 -110.75,41.00,4000 -110.73,41.01,4000 -110.70,41.02,4000 -110.68,41.03,4000 -110.65,41.03,4000 -110.63,41.04,4000 -110.60,41.04,4000 -110.57,41.04,4000 -110.55,41.04,4000 -110.52,41.04,4000 -110.49,41.04,4000 -110.46,41.03,4000 -110.43,41.03,4000 -110.41,41.02,4000 -110.38,41.02,4000 -110.36,41.01,4000 -110.34,41.00,4000 -110.31,40.99,4000 -110.29,40.98,4000 -110.28,40.97,4000 -110.26,40.95,4000 -110.24,40.94,4000 -110.23,40.92,4000 -110.22,40.90,4000 -110.21,40.89,4000 -110.19,40.87,4000 -110.18,40.85,4000 -110.17,40.82,4000 -110.16,40.80,4000 -110.16,40.78,4000 -110.16,40.77,4000 -110.16,40.75,4000 -110.17,40.73,4000 -110.18,40.72,4000 -110.20,40.70,4000 -110.23,40.69,4000 -110.25,40.68,4000 -110.28,40.67,4000 -110.31,40.66,4000 -110.33,40.65,4000 -110.36,40.64,4000 -110.38,40.64,4000 -110.41,40.63,4000 -110.43,40.62,4000 -110.46,40.62,4000 -110.49,40.61,4000 -110.51,40.61,4000 -110.54,40.60,4000 -110.56,40.59,4000 -110.59,40.59,4000 -110.61,40.58,4000 -110.64,40.57,4000 -110.66,40.57,4000 -110.69,40.56,4000 -110.71,40.55,4000 -110.73,40.55,4000 -110.76,40.55,4000 -110.79,40.55,4000 -110.82,40.55,4000 -110.84,40.56,4000 -110.87,40.56,4000 -110.90,40.56,4000 -110.93,40.57,4000 -110.96,40.58,4000 -110.98,40.58,4000 -111.00,40.59,4000 -111.03,40.60,4000 -111.05,40.62,4000 -111.07,40.63,4000 -111.07,40.65,4000 -111.08,40.67,4000 -111.08,40.69,4000 -111.07,40.71,4000 -111.07,40.73,4000 -111.06,40.75,4000 -111.05,40.77,4000 -111.04,40.79,4000 -111.03,40.81,4000 -111.02,40.83,4000 -111.01,40.85,4000 -111.01,40.86,4000 -110.83,40.97,4000 
          </coordinates>
        </LinearRing>
      </innerBoundaryIs>
  </Polygon>
 </MultiGeometry>
</Placemark>
<Placemark>
  <name>20%</name>
  <visibility>1</visibility>
  <styleUrl>#poly_20</styleUrl>
  <MultiGeometry>
    <Polygon>
      <outerBoundaryIs>
        <LinearRing>
          <coordinates>
-127.39,50.42,3000 -126.67,50.53,3000 -126.13,50.57,3000 -125.56,50.48,3000 -125.36,50.68,3000 -125.06,50.76,3000 -123.35,51.00,3000 -122.75,50.94,3000 -122.14,50.80,3000 -121.29,50.23,3000 -121.02,50.21,3000 -120.75,50.07,3000 -120.48,50.16,3000 -120.61,50.26,3000 -120.69,50.48,3000 -120.43,50.64,3000 -120.65,50.73,3000 -120.83,50.85,3000 -121.01,51.08,3000 -120.79,51.29,3000 -120.51,51.36,3000 -119.05,51.53,3000 -117.52,51.69,3000 -116.73,51.77,3000 -116.33,51.79,3000 -116.07,51.74,3000 -115.83,51.64,3000 -115.68,51.41,3000 -115.57,50.88,3000 -115.74,50.80,3000 -115.94,50.86,3000 -116.24,50.86,3000 -116.23,50.78,3000 -116.00,50.46,3000 -115.88,50.30,3000 -115.68,50.25,3000 -115.35,50.34,3000 -115.08,50.25,3000 -114.66,49.99,3000 -114.40,49.86,3000 -114.21,50.00,3000 -113.93,50.36,3000 -113.42,50.56,3000 -113.23,50.64,3000 -112.86,50.62,3000 -112.33,50.47,3000 -111.67,50.25,3000 -111.14,50.10,3000 -110.35,50.00,3000 -109.67,49.97,3000 -109.29,49.97,3000 -109.05,49.86,3000 -108.71,49.58,3000 -108.45,49.43,3000 -108.06,49.33,3000 -107.62,49.18,3000 -107.03,49.05,3000 -105.73,48.96,3000 -104.18,48.86,3000 -102.73,48.79,3000 -101.57,48.72,3000 -101.07,48.58,3000 -100.51,48.39,3000 -99.15,48.11,3000 -98.72,47.98,3000 -98.39,47.94,3000 -98.01,47.98,3000 -97.39,47.88,3000 -96.94,47.72,3000 -96.49,47.56,3000 -95.95,47.56,3000 -95.40,47.69,3000 -94.75,47.67,3000 -94.42,47.66,3000 -94.03,47.71,3000 -93.51,47.80,3000 -92.84,47.91,3000 -92.14,48.06,3000 -91.28,48.20,3000 -90.77,48.36,3000 -90.28,48.58,3000 -89.82,48.83,3000 -89.52,49.18,3000 -89.15,49.47,3000 -88.63,49.70,3000 -88.36,49.87,3000 -88.19,50.08,3000 -88.04,50.42,3000 -87.84,50.61,3000 -87.61,50.70,3000 -87.09,50.77,3000 -86.16,50.75,3000 -85.57,50.66,3000 -85.24,50.62,3000 -84.84,50.49,3000 -84.51,50.27,3000 -84.03,50.08,3000 -83.72,49.99,3000 -83.53,49.89,3000 -83.21,49.66,3000 -82.79,49.51,3000 -82.46,49.38,3000 -82.29,49.26,3000 -82.10,49.12,3000 -81.81,48.99,3000 -81.29,48.88,3000 -79.95,48.54,3000 -78.92,48.28,3000 -78.42,48.16,3000 -78.08,48.07,3000 -77.71,48.04,3000 -77.37,48.09,3000 -76.98,48.08,3000 -76.43,48.15,3000 -75.20,48.46,3000 -74.55,48.65,3000 -74.10,48.90,3000 -73.09,49.23,3000 -72.73,49.56,3000 -72.51,49.71,3000 -72.23,49.81,3000 -71.88,50.06,3000 -71.61,50.39,3000 -71.41,50.55,3000 -71.09,50.68,3000 -70.51,50.81,3000 -69.90,50.93,3000 -69.18,51.03,3000 -68.56,50.99,3000 -68.00,50.98,3000 -67.72,50.93,3000 -67.12,50.72,3000 -66.25,50.39,3000 -65.95,50.22,3000 -65.80,50.07,3000 -65.49,49.77,3000 -65.02,49.52,3000 -64.94,49.41,3000 -65.04,49.35,3000 -65.22,49.23,3000 -65.14,49.08,3000 -64.83,49.00,3000 -64.12,48.76,3000 -63.52,48.63,3000 -63.05,48.42,3000 -62.65,48.18,3000 -62.08,47.91,3000 -61.97,47.81,3000 -61.89,47.56,3000 -61.96,47.20,3000 -62.37,46.18,3000 -62.61,45.57,3000 -62.71,45.26,3000 -62.88,45.01,3000 -63.12,44.87,3000 -63.45,44.84,3000 -63.65,44.83,3000 -63.96,44.91,3000 -63.91,45.20,3000 -63.95,45.27,3000 -64.59,45.53,3000 -65.21,45.36,3000 -65.41,45.30,3000 -65.76,45.30,3000 -66.10,45.38,3000 -66.49,45.33,3000 -66.89,45.40,3000 -67.10,45.39,3000 -67.92,45.41,3000 -68.38,45.44,3000 -68.68,45.38,3000 -69.14,45.32,3000 -69.83,45.39,3000 -70.12,45.34,3000 -70.31,45.21,3000 -70.60,45.00,3000 -71.01,44.75,3000 -71.15,44.59,3000 -71.12,44.36,3000 -71.25,44.09,3000 -71.51,43.98,3000 -71.76,44.06,3000 -71.80,44.29,3000 -71.93,44.42,3000 -72.17,44.34,3000 -72.40,44.22,3000 -72.59,43.97,3000 -72.59,43.51,3000 -72.65,43.25,3000 -72.65,42.97,3000 -72.81,42.71,3000 -73.07,42.57,3000 -73.21,42.52,3000 -73.45,42.57,3000 -73.47,42.83,3000 -73.39,43.08,3000 -73.14,43.41,3000 -73.11,44.28,3000 -73.23,44.65,3000 -73.50,44.53,3000 -73.55,44.30,3000 -73.82,43.49,3000 -74.10,42.65,3000 -74.28,42.21,3000 -74.44,41.98,3000 -74.64,41.85,3000 -75.68,41.54,3000 -76.04,41.47,3000 -76.16,41.34,3000 -76.41,41.24,3000 -76.84,41.22,3000 -77.62,40.86,3000 -78.05,40.66,3000 -78.34,40.36,3000 -78.90,39.79,3000 -79.09,39.44,3000 -79.25,38.93,3000 -79.46,38.49,3000 -79.79,38.16,3000 -80.10,37.96,3000 -80.36,37.70,3000 -80.55,37.45,3000 -80.73,37.32,3000 -81.06,37.02,3000 -81.29,36.63,3000 -81.58,36.25,3000 -81.89,35.96,3000 -82.19,35.77,3000 -82.75,35.63,3000 -83.09,35.40,3000 -83.68,35.18,3000 -84.04,35.25,3000 -84.11,35.42,3000 -84.04,35.58,3000 -83.68,35.82,3000 -83.24,36.05,3000 -82.94,36.38,3000 -82.84,36.53,3000 -82.94,36.59,3000 -83.34,36.75,3000 -83.78,37.01,3000 -84.10,37.11,3000 -84.26,37.26,3000 -84.22,37.44,3000 -84.01,37.53,3000 -83.66,37.34,3000 -83.37,37.32,3000 -82.67,37.39,3000 -82.54,37.47,3000 -82.38,37.73,3000 -82.18,38.15,3000 -82.04,38.45,3000 -81.98,38.70,3000 -82.00,38.91,3000 -82.13,39.02,3000 -82.48,39.13,3000 -82.65,39.20,3000 -82.86,39.40,3000 -82.96,39.73,3000 -82.93,39.94,3000 -82.98,40.14,3000 -82.98,40.33,3000 -82.85,40.73,3000 -82.51,41.02,3000 -82.35,41.35,3000 -82.27,41.63,3000 -82.11,41.84,3000 -81.80,42.15,3000 -81.63,42.38,3000 -81.65,42.67,3000 -81.94,43.04,3000 -82.13,43.22,3000 -82.39,43.24,3000 -82.89,43.13,3000 -83.56,43.19,3000 -83.91,43.22,3000 -84.31,43.17,3000 -84.73,42.98,3000 -84.92,42.79,3000 -84.94,42.46,3000 -84.81,42.12,3000 -84.77,41.80,3000 -84.85,41.51,3000 -84.95,41.27,3000 -85.11,41.12,3000 -85.63,40.80,3000 -86.00,40.47,3000 -86.29,40.06,3000 -86.46,39.80,3000 -86.62,39.67,3000 -86.75,39.58,3000 -86.99,39.62,3000 -87.37,39.88,3000 -87.67,39.87,3000 -87.86,39.71,3000 -88.17,39.51,3000 -88.82,39.35,3000 -89.29,39.24,3000 -89.75,39.06,3000 -90.27,38.98,3000 -90.72,39.07,3000 -91.05,39.04,3000 -91.36,38.89,3000 -91.70,38.85,3000 -92.00,38.89,3000 -92.32,39.06,3000 -92.72,39.38,3000 -92.91,39.51,3000 -93.19,39.62,3000 -93.48,39.82,3000 -93.84,40.16,3000 -94.20,40.36,3000 -94.57,40.60,3000 -94.88,40.96,3000 -95.06,41.15,3000 -95.23,41.25,3000 -95.49,41.36,3000 -95.68,41.53,3000 -95.94,41.83,3000 -96.21,42.24,3000 -96.44,42.29,3000 -96.71,42.18,3000 -97.07,42.12,3000 -97.39,42.13,3000 -98.21,42.18,3000 -98.78,42.27,3000 -99.20,42.39,3000 -99.47,42.51,3000 -99.69,42.59,3000 -100.12,42.66,3000 -100.76,42.73,3000 -101.54,42.73,3000 -101.87,42.74,3000 -102.23,42.70,3000 -102.73,42.54,3000 -103.10,42.45,3000 -103.44,42.58,3000 -103.53,42.91,3000 -103.40,43.02,3000 -103.06,43.11,3000 -102.98,43.26,3000 -103.06,43.48,3000 -103.35,43.66,3000 -104.39,43.89,3000 -105.01,43.90,3000 -105.26,43.93,3000 -105.46,43.87,3000 -105.64,43.50,3000 -105.70,43.17,3000 -105.72,42.97,3000 -105.52,42.81,3000 -105.34,42.68,3000 -105.23,42.40,3000 -105.38,42.23,3000 -105.76,42.19,3000 -106.48,42.20,3000 -106.81,42.40,3000 -107.18,42.76,3000 -107.36,43.08,3000 -107.76,43.39,3000 -107.72,43.58,3000 -107.52,43.74,3000 -107.43,43.88,3000 -107.45,44.10,3000 -107.75,44.48,3000 -108.14,44.79,3000 -108.31,44.92,3000 -108.60,44.93,3000 -108.79,44.86,3000 -108.76,44.59,3000 -108.37,43.58,3000 -108.34,43.50,3000 -108.54,43.33,3000 -108.82,43.14,3000 -108.76,42.96,3000 -108.58,42.76,3000 -108.59,42.50,3000 -108.78,42.40,3000 -109.09,42.43,3000 -109.37,42.53,3000 -109.78,42.75,3000 -109.94,42.82,3000 -110.11,42.79,3000 -110.25,42.59,3000 -110.34,42.35,3000 -110.60,42.15,3000 -110.88,42.23,3000 -111.07,42.39,3000 -111.22,42.58,3000 -111.21,42.88,3000 -111.40,43.42,3000 -111.38,43.67,3000 -111.30,43.83,3000 -111.25,44.02,3000 -111.35,44.31,3000 -111.43,44.43,3000 -111.68,44.61,3000 -112.14,44.83,3000 -112.26,45.34,3000 -112.42,45.62,3000 -112.58,45.61,3000 -112.71,45.41,3000 -113.23,44.89,3000 -113.23,44.42,3000 -113.55,44.29,3000 -113.83,44.53,3000 -114.01,44.63,3000 -114.18,44.58,3000 -114.27,44.19,3000 -114.23,43.94,3000 -114.34,43.67,3000 -114.59,43.46,3000 -114.93,43.38,3000 -115.25,43.42,3000 -115.57,43.55,3000 -115.67,43.77,3000 -115.99,44.40,3000 -116.25,44.88,3000 -116.67,45.35,3000 -116.21,45.79,3000 -116.05,45.96,3000 -115.94,46.15,3000 -115.98,46.36,3000 -116.10,46.65,3000 -116.32,46.84,3000 -116.50,47.10,3000 -116.55,47.42,3000 -116.64,47.77,3000 -116.57,48.05,3000 -116.59,48.27,3000 -116.86,48.46,3000 -117.86,49.08,3000 -118.22,49.10,3000 -118.68,49.19,3000 -119.30,49.40,3000 -119.58,49.58,3000 -119.80,49.59,3000 -119.88,49.38,3000 -119.84,49.07,3000 -119.95,48.88,3000 -120.23,48.67,3000 -120.36,48.47,3000 -120.45,48.19,3000 -120.76,47.75,3000 -120.80,47.56,3000 -120.94,47.33,3000 -121.11,47.04,3000 -121.35,46.87,3000 -121.58,46.75,3000 -121.81,46.71,3000 -121.96,46.83,3000 -121.86,47.35,3000 -121.82,47.80,3000 -121.91,48.15,3000 -122.03,48.35,3000 -122.19,48.63,3000 -122.15,48.89,3000 -122.10,49.15,3000 -122.44,49.25,3000 -122.82,49.26,3000 -123.15,49.32,3000 -123.63,49.42,3000 -123.92,49.56,3000 -124.12,49.71,3000 -124.48,49.84,3000 -124.70,49.98,3000 -124.95,50.24,3000 -125.25,50.28,3000 -125.38,50.18,3000 -125.28,50.03,3000 -124.77,49.55,3000 -124.63,49.38,3000 -124.26,49.24,3000 -124.03,49.10,3000 -123.88,48.87,3000 -123.95,48.76,3000 -124.19,48.69,3000 -124.56,48.78,3000 -124.82,48.93,3000 -125.21,49.03,3000 -125.61,49.08,3000 -125.94,49.22,3000 -127.00,49.77,3000 -127.32,49.96,3000 -127.68,50.13,3000 -127.58,50.35,3000 -127.39,50.42,3000 -127.39,50.42,3000 
          </coordinates>
        </LinearRing>
      </outerBoundaryIs>
      <innerBoundaryIs>
        <LinearRing>
          <coordinates>
-106.32,44.45,3000 -106.28,44.47,3000 -106.24,44.48,3000 -106.20,44.50,3000 -106.17,44.51,3000 -106.14,44.52,3000 -106.11,44.52,3000 -106.08,44.52,3000 -106.06,44.51,3000 -106.04,44.49,3000 -106.03,44.46,3000 -106.01,44.43,3000 -106.00,44.40,3000 -105.99,44.37,3000 -105.98,44.35,3000 -105.96,44.32,3000 -105.95,44.30,3000 -105.93,44.27,3000 -105.92,44.25,3000 -105.91,44.22,3000 -105.90,44.20,3000 -105.89,44.17,3000 -105.89,44.14,3000 -105.89,44.11,3000 -105.89,44.09,3000 -105.89,44.06,3000 -105.90,44.03,3000 -105.91,44.01,3000 -105.93,43.98,3000 -105.94,43.95,3000 -105.96,43.93,3000 -105.98,43.91,3000 -106.00,43.89,3000 -106.01,43.87,3000 -106.02,43.86,3000 -106.04,43.85,3000 -106.06,43.84,3000 -106.09,43.82,3000 -106.13,43.79,3000 -106.16,43.77,3000 -106.20,43.76,3000 -106.23,43.75,3000 -106.26,43.75,3000 -106.29,43.77,3000 -106.32,43.79,3000 -106.35,43.81,3000 -106.38,43.83,3000 -106.41,43.85,3000 -106.44,43.87,3000 -106.46,43.90,3000 -106.48,43.92,3000 -106.50,43.94,3000 -106.51,43.96,3000 -106.51,43.99,3000 -106.51,44.01,3000 -106.52,44.04,3000 -106.53,44.08,3000 -106.53,44.11,3000 -106.54,44.14,3000 -106.54,44.16,3000 -106.54,44.18,3000 -106.53,44.20,3000 -106.52,44.22,3000 -106.50,44.24,3000 -106.48,44.26,3000 -106.46,44.29,3000 -106.44,44.31,3000 -106.42,44.34,3000 -106.32,44.45,3000 
          </coordinates>
        </LinearRing>
      </innerBoundaryIs>
      <innerBoundaryIs>
        <LinearRing>
          <coordinates>
-111.45,46.21,3000 -111.44,46.21,3000 -111.43,46.20,3000 -111.42,46.19,3000 -111.40,46.18,3000 -111.38,46.17,3000 -111.37,46.16,3000 -111.35,46.15,3000 -111.33,46.13,3000 -111.31,46.12,3000 -111.29,46.11,3000 -111.27,46.09,3000 -111.25,46.08,3000 -111.24,46.06,3000 -111.23,46.05,3000 -111.22,46.03,3000 -111.21,46.02,3000 -111.20,46.00,3000 -111.20,45.98,3000 -111.20,45.96,3000 -111.20,45.95,3000 -111.20,45.93,3000 -111.20,45.91,3000 -111.20,45.90,3000 -111.21,45.88,3000 -111.22,45.86,3000 -111.23,45.85,3000 -111.24,45.83,3000 -111.26,45.82,3000 -111.27,45.81,3000 -111.29,45.79,3000 -111.31,45.78,3000 -111.33,45.77,3000 -111.35,45.76,3000 -111.37,45.75,3000 -111.39,45.74,3000 -111.41,45.74,3000 -111.44,45.74,3000 -111.46,45.73,3000 -111.49,45.73,3000 -111.52,45.73,3000 -111.54,45.73,3000 -111.57,45.74,3000 -111.59,45.74,3000 -111.62,45.74,3000 -111.64,45.74,3000 -111.67,45.75,3000 -111.69,45.75,3000 -111.72,45.76,3000 -111.74,45.76,3000 -111.76,45.77,3000 -111.79,45.78,3000 -111.81,45.78,3000 -111.83,45.79,3000 -111.85,45.80,3000 -111.87,45.80,3000 -111.90,45.80,3000 -111.93,45.80,3000 -111.95,45.80,3000 -111.97,45.80,3000 -111.99,45.80,3000 -112.01,45.81,3000 -112.02,45.82,3000 -112.03,45.83,3000 -112.03,45.85,3000 -112.03,45.86,3000 -112.03,45.88,3000 -112.03,45.90,3000 -112.02,45.92,3000 -112.02,45.94,3000 -112.01,45.96,3000 -112.01,45.98,3000 -112.00,45.99,3000 -111.99,46.00,3000 -111.98,46.01,3000 -111.96,46.01,3000 -111.94,46.02,3000 -111.91,46.03,3000 -111.90,46.04,3000 -111.88,46.05,3000 -111.86,46.06,3000 -111.84,46.07,3000 -111.82,46.08,3000 -111.80,46.10,3000 -111.78,46.11,3000 -111.76,46.12,3000 -111.74,46.13,3000 -111.72,46.14,3000 -111.71,46.15,3000 -111.69,46.16,3000 -111.66,46.17,3000 -111.64,46.18,3000 -111.62,46.19,3000 -111.59,46.19,3000 -111.57,46.19,3000 -111.55,46.20,3000 -111.53,46.20,3000 -111.45,46.21,3000 
          </coordinates>
        </LinearRing>
      </innerBoundaryIs>
      <innerBoundaryIs>
        <LinearRing>
          <coordinates>
-108.72,46.08,3000 -108.70,46.08,3000 -108.69,46.08,3000 -108.67,46.08,3000 -108.65,46.08,3000 -108.63,46.08,3000 -108.61,46.08,3000 -108.59,46.08,3000 -108.56,46.08,3000 -108.54,46.08,3000 -108.52,46.07,3000 -108.49,46.07,3000 -108.47,46.07,3000 -108.45,46.07,3000 -108.43,46.06,3000 -108.41,46.06,3000 -108.39,46.05,3000 -108.36,46.05,3000 -108.34,46.04,3000 -108.32,46.04,3000 -108.30,46.03,3000 -108.28,46.03,3000 -108.26,46.02,3000 -108.24,46.02,3000 -108.22,46.01,3000 -108.20,46.00,3000 -108.17,46.00,3000 -108.15,45.99,3000 -108.12,45.99,3000 -108.10,45.98,3000 -108.08,45.98,3000 -108.07,45.97,3000 -108.05,45.96,3000 -108.05,45.95,3000 -108.05,45.94,3000 -108.06,45.93,3000 -108.06,45.92,3000 -108.07,45.90,3000 -108.09,45.89,3000 -108.10,45.87,3000 -108.12,45.86,3000 -108.13,45.85,3000 -108.15,45.83,3000 -108.16,45.82,3000 -108.18,45.81,3000 -108.19,45.80,3000 -108.21,45.79,3000 -108.23,45.78,3000 -108.25,45.77,3000 -108.26,45.77,3000 -108.28,45.76,3000 -108.30,45.76,3000 -108.32,45.76,3000 -108.34,45.75,3000 -108.36,45.75,3000 -108.38,45.75,3000 -108.40,45.75,3000 -108.43,45.75,3000 -108.45,45.75,3000 -108.47,45.75,3000 -108.49,45.75,3000 -108.52,45.75,3000 -108.54,45.74,3000 -108.57,45.74,3000 -108.59,45.74,3000 -108.61,45.74,3000 -108.63,45.74,3000 -108.64,45.74,3000 -108.66,45.73,3000 -108.67,45.75,3000 -108.68,45.76,3000 -108.69,45.77,3000 -108.70,45.78,3000 -108.71,45.79,3000 -108.73,45.80,3000 -108.74,45.81,3000 -108.75,45.83,3000 -108.77,45.84,3000 -108.78,45.86,3000 -108.79,45.87,3000 -108.80,45.89,3000 -108.80,45.90,3000 -108.80,45.91,3000 -108.80,45.93,3000 -108.80,45.94,3000 -108.80,45.96,3000 -108.79,45.97,3000 -108.78,45.99,3000 -108.78,46.00,3000 -108.77,46.02,3000 -108.76,46.03,3000 -108.75,46.05,3000 -108.74,46.06,3000 -108.73,46.08,3000 -108.72,46.08,3000 
          </coordinates>
        </LinearRing>
      </innerBoundaryIs>
      <innerBoundaryIs>
        <LinearRing>
          <coordinates>
-109.51,46.38,4000 -109.44,46.39,4000 -109.37,46.39,4000 -109.31,46.39,4000 -109.24,46.40,4000 -109.18,46.40,4000 -109.12,46.40,4000 -109.07,46.40,4000 -109.02,46.40,4000 -108.95,46.39,4000 -108.90,46.38,4000 -108.85,46.37,4000 -108.81,46.35,4000 -108.76,46.33,4000 -108.71,46.31,4000 -108.66,46.29,4000 -108.61,46.27,4000 -108.56,46.24,4000 -108.50,46.22,4000 -108.45,46.21,4000 -108.40,46.19,4000 -108.34,46.18,4000 -108.28,46.17,4000 -108.22,46.15,4000 -108.16,46.14,4000 -108.11,46.12,4000 -108.05,46.10,4000 -108.00,46.07,4000 -107.95,46.05,4000 -107.90,46.02,4000 -107.86,46.00,4000 -107.82,45.97,4000 -107.78,45.94,4000 -107.75,45.91,4000 -107.72,45.88,4000 -107.70,45.84,4000 -107.68,45.81,4000 -107.66,45.77,4000 -107.65,45.73,4000 -107.64,45.69,4000 -107.65,45.65,4000 -107.68,45.62,4000 -107.72,45.61,4000 -107.77,45.60,4000 -107.83,45.60,4000 -107.90,45.60,4000 -107.98,45.60,4000 -108.04,45.60,4000 -108.11,45.60,4000 -108.16,45.60,4000 -108.22,45.60,4000 -108.27,45.61,4000 -108.30,45.61,4000 -108.35,45.62,4000 -108.41,45.62,4000 -108.45,45.62,4000 -108.51,45.61,4000 -108.56,45.60,4000 -108.62,45.58,4000 -108.68,45.57,4000 -108.74,45.56,4000 -108.79,45.56,4000 -108.84,45.56,4000 -108.89,45.57,4000 -108.93,45.59,4000 -108.96,45.62,4000 -109.00,45.65,4000 -109.02,45.69,4000 -109.05,45.73,4000 -109.08,45.77,4000 -109.10,45.81,4000 -109.13,45.84,4000 -109.16,45.87,4000 -109.20,45.90,4000 -109.25,45.93,4000 -109.29,45.96,4000 -109.33,45.98,4000 -109.38,46.01,4000 -109.42,46.03,4000 -109.47,46.05,4000 -109.51,46.08,4000 -109.56,46.10,4000 -109.61,46.12,4000 -109.66,46.15,4000 -109.71,46.17,4000 -109.51,46.38,4000 
          </coordinates>
        </LinearRing>
      </innerBoundaryIs>
      <innerBoundaryIs>
        <LinearRing>
          <coordinates>
-115.34,49.26,4000 -115.32,49.27,4000 -115.31,49.28,4000 -115.29,49.29,4000 -115.27,49.30,4000 -115.26,49.31,4000 -115.24,49.32,4000 -115.23,49.33,4000 -115.21,49.34,4000 -115.20,49.35,4000 -115.18,49.35,4000 -115.17,49.36,4000 -115.15,49.36,4000 -115.14,49.37,4000 -115.12,49.37,4000 -115.11,49.37,4000 -115.09,49.37,4000 -115.07,49.37,4000 -115.06,49.36,4000 -115.04,49.35,4000 -115.02,49.34,4000 -115.01,49.33,4000 -114.99,49.32,4000 -114.98,49.31,4000 -114.97,49.30,4000 -114.96,49.28,4000 -114.95,49.27,4000 -114.94,49.26,4000 -114.94,49.25,4000 -114.93,49.23,4000 -114.93,49.22,4000 -114.93,49.21,4000 -114.92,49.19,4000 -114.92,49.18,4000 -114.92,49.16,4000 -114.92,49.15,4000 -114.92,49.13,4000 -114.93,49.12,4000 -114.93,49.11,4000 -114.93,49.10,4000 -114.94,49.08,4000 -114.95,49.07,4000 -114.96,49.06,4000 -114.97,49.05,4000 -114.99,49.04,4000 -115.00,49.03,4000 -115.02,49.02,4000 -115.03,49.02,4000 -115.04,49.02,4000 -115.06,49.02,4000 -115.07,49.03,4000 -115.09,49.04,4000 -115.10,49.05,4000 -115.12,49.06,4000 -115.13,49.07,4000 -115.15,49.08,4000 -115.16,49.09,4000 -115.18,49.10,4000 -115.19,49.11,4000 -115.21,49.12,4000 -115.22,49.13,4000 -115.24,49.14,4000 -115.26,49.15,4000 -115.27,49.16,4000 -115.29,49.17,4000 -115.30,49.18,4000 -115.31,49.18,4000 -115.32,49.19,4000 -115.34,49.21,4000 -115.34,49.22,4000 -115.34,49.22,4000 -115.34,49.23,4000 -115.34,49.26,4000 
          </coordinates>
        </LinearRing>
      </innerBoundaryIs>
      <innerBoundaryIs>
        <LinearRing>
          <coordinates>
-127.59,50.25,4000 -127.51,50.29,4000 -127.43,50.33,4000 -127.35,50.36,4000 -127.27,50.38,4000 -127.19,50.39,4000 -127.09,50.41,4000 -127.01,50.42,4000 -126.92,50.44,4000 -126.82,50.45,4000 -126.72,50.47,4000 -126.62,50.48,4000 -126.53,50.49,4000 -126.44,50.50,4000 -126.34,50.51,4000 -126.24,50.52,4000 -126.16,50.52,4000 -126.08,50.52,4000 -125.97,50.52,4000 -125.89,50.51,4000 -125.79,50.46,4000 -125.74,50.42,4000 -125.69,50.37,4000 -125.64,50.32,4000 -125.59,50.26,4000 -125.53,50.19,4000 -125.48,50.13,4000 -125.42,50.07,4000 -125.36,50.01,4000 -125.30,49.95,4000 -125.23,49.90,4000 -125.16,49.84,4000 -125.09,49.79,4000 -125.03,49.73,4000 -124.96,49.68,4000 -124.91,49.63,4000 -124.86,49.58,4000 -124.80,49.51,4000 -124.77,49.43,4000 -124.74,49.37,4000 -124.71,49.31,4000 -124.67,49.27,4000 -124.60,49.24,4000 -124.51,49.24,4000 -124.42,49.24,4000 -124.34,49.22,4000 -124.28,49.19,4000 -124.21,49.14,4000 -124.15,49.09,4000 -124.10,49.04,4000 -124.06,49.00,4000 -124.04,48.94,4000 -124.05,48.89,4000 -124.08,48.85,4000 -124.12,48.80,4000 -124.20,48.78,4000 -124.29,48.79,4000 -124.39,48.81,4000 -124.49,48.84,4000 -124.56,48.87,4000 -124.63,48.90,4000 -124.68,48.94,4000 -124.72,48.99,4000 -124.74,49.04,4000 -124.79,49.08,4000 -124.88,49.09,4000 -125.00,49.09,4000 -125.10,49.08,4000 -125.18,49.07,4000 -125.25,49.06,4000 -125.33,49.06,4000 -125.40,49.07,4000 -125.48,49.09,4000 -125.60,49.13,4000 -125.67,49.16,4000 -125.75,49.19,4000 -125.85,49.22,4000 -125.94,49.26,4000 -126.04,49.30,4000 -126.13,49.34,4000 -126.21,49.38,4000 -126.29,49.42,4000 -126.36,49.47,4000 -126.43,49.51,4000 -126.50,49.55,4000 -126.57,49.60,4000 -126.65,49.65,4000 -126.72,49.69,4000 -126.79,49.73,4000 -126.86,49.78,4000 -126.94,49.82,4000 -127.02,49.87,4000 -127.09,49.91,4000 -127.16,49.95,4000 -127.22,49.98,4000 -127.32,50.03,4000 -127.41,50.07,4000 -127.48,50.10,4000 -127.55,50.13,4000 -127.59,50.25,4000 
          </coordinates>
        </LinearRing>
      </innerBoundaryIs>
      <innerBoundaryIs>
        <LinearRing>
          <coordinates>
-125.35,50.61,4000 -125.03,50.71,4000 -124.65,50.77,4000 -123.86,50.88,4000 -123.41,50.94,4000 -122.97,50.94,4000 -122.24,50.78,4000 -121.90,50.59,4000 -121.50,50.22,4000 -120.95,50.02,4000 -120.68,49.90,4000 -120.42,50.01,4000 -120.27,50.37,4000 -120.18,50.62,4000 -120.40,50.77,4000 -120.64,50.83,4000 -120.92,51.00,4000 -120.84,51.21,4000 -120.46,51.31,4000 -118.71,51.51,4000 -116.91,51.70,4000 -116.22,51.74,4000 -115.93,51.63,4000 -115.79,51.50,4000 -115.77,51.08,4000 -116.03,50.99,4000 -116.37,50.98,4000 -116.29,50.75,4000 -116.10,50.43,4000 -115.89,50.17,4000 -115.80,50.07,4000 -115.62,50.10,4000 -115.22,50.15,4000 -115.01,50.06,4000 -114.69,49.75,4000 -114.30,49.73,4000 -114.09,49.86,4000 -113.87,50.20,4000 -113.67,50.32,4000 -113.38,50.40,4000 -112.89,50.49,4000 -112.43,50.41,4000 -111.44,50.07,4000 -110.90,49.97,4000 -110.34,49.91,4000 -109.88,49.91,4000 -109.60,49.85,4000 -109.30,49.65,4000 -109.23,49.43,4000 -108.08,49.17,4000 -107.52,48.99,4000 -106.87,48.85,4000 -106.07,48.85,4000 -105.47,48.79,4000 -103.86,48.69,4000 -102.97,48.64,4000 -102.23,48.67,4000 -101.69,48.62,4000 -101.12,48.47,4000 -100.21,48.17,4000 -99.58,48.08,4000 -99.02,47.94,4000 -98.75,47.86,4000 -98.36,47.80,4000 -97.96,47.84,4000 -97.51,47.81,4000 -96.39,47.42,4000 -96.06,47.41,4000 -95.73,47.49,4000 -95.34,47.58,4000 -94.22,47.53,4000 -93.10,47.69,4000 -92.01,47.94,4000 -91.37,48.03,4000 -90.81,48.19,4000 -89.69,48.62,4000 -89.02,49.32,4000 -88.51,49.59,4000 -88.12,49.89,4000 -87.89,50.26,4000 -87.77,50.42,4000 -87.51,50.57,4000 -87.19,50.65,4000 -86.72,50.69,4000 -86.22,50.68,4000 -85.69,50.62,4000 -84.98,50.47,4000 -84.62,50.26,4000 -84.23,50.07,4000 -83.68,49.88,4000 -83.35,49.65,4000 -83.01,49.50,4000 -82.56,49.35,4000 -82.20,49.09,4000 -81.81,48.93,4000 -81.16,48.77,4000 -79.96,48.48,4000 -78.80,48.19,4000 -78.26,48.04,4000 -77.93,47.98,4000 -77.61,47.99,4000 -76.45,48.07,4000 -75.11,48.41,4000 -74.63,48.55,4000 -74.28,48.71,4000 -74.00,48.87,4000 -73.70,48.96,4000 -73.11,49.15,4000 -72.85,49.32,4000 -72.67,49.52,4000 -72.22,49.75,4000 -71.84,49.98,4000 -71.48,50.39,4000 -71.25,50.55,4000 -70.93,50.65,4000 -70.38,50.77,4000 -69.83,50.87,4000 -69.19,50.96,4000 -68.45,50.92,4000 -68.08,50.92,4000 -67.69,50.86,4000 -66.49,50.41,4000 -66.02,50.17,4000 -65.72,49.83,4000 -65.30,49.59,4000 -65.14,49.41,4000 -65.31,49.29,4000 -65.32,49.14,4000 -64.36,48.78,4000 -63.73,48.63,4000 -63.41,48.54,4000 -63.19,48.43,4000 -62.79,48.17,4000 -62.28,47.94,4000 -62.06,47.81,4000 -61.97,47.65,4000 -61.98,47.38,4000 -62.06,47.15,4000 -62.43,46.20,4000 -62.80,45.25,4000 -62.95,45.06,4000 -63.17,44.97,4000 -63.59,45.03,4000 -63.69,45.23,4000 -64.00,45.37,4000 -64.27,45.57,4000 -64.38,45.65,4000 -64.61,45.62,4000 -65.11,45.45,4000 -65.63,45.35,4000 -65.78,45.43,4000 -65.98,45.53,4000 -66.22,45.52,4000 -66.83,45.50,4000 -67.59,45.48,4000 -68.17,45.53,4000 -68.72,45.45,4000 -69.02,45.40,4000 -69.42,45.46,4000 -69.83,45.52,4000 -70.10,45.43,4000 -70.35,45.30,4000 -70.60,45.10,4000 -71.00,44.85,4000 -71.34,44.58,4000 -71.24,44.42,4000 -71.28,44.16,4000 -71.42,44.05,4000 -71.70,44.09,4000 -71.70,44.51,4000 -72.13,44.47,4000 -72.59,44.21,4000 -72.73,44.05,4000 -72.76,43.78,4000 -72.73,43.46,4000 -72.74,42.88,4000 -72.95,42.70,4000 -73.11,42.66,4000 -73.32,42.76,4000 -73.31,43.04,4000 -73.02,43.40,4000 -72.91,43.50,4000 -72.96,43.67,4000 -72.98,44.13,4000 -73.04,44.48,4000 -73.15,44.68,4000 -73.42,44.73,4000 -73.55,44.60,4000 -73.63,44.34,4000 -73.65,44.11,4000 -73.75,43.85,4000 -73.97,43.46,4000 -74.08,43.21,4000 -74.27,42.95,4000 -74.35,42.81,4000 -74.34,42.62,4000 -74.38,42.33,4000 -74.49,42.12,4000 -74.72,41.95,4000 -75.00,41.86,4000 -75.48,41.73,4000 -76.21,41.75,4000 -76.29,41.56,4000 -76.53,41.35,4000 -77.13,41.28,4000 -77.66,41.15,4000 -78.05,40.90,4000 -78.42,40.55,4000 -78.58,40.31,4000 -78.74,40.18,4000 -79.04,39.84,4000 -79.22,39.41,4000 -79.33,38.93,4000 -79.54,38.53,4000 -79.87,38.20,4000 -80.27,37.93,4000 -80.79,37.45,4000 -81.07,37.20,4000 -81.31,36.85,4000 -81.55,36.44,4000 -81.85,36.10,4000 -82.06,35.93,4000 -82.35,35.79,4000 -82.83,35.73,4000 -83.13,35.50,4000 -83.54,35.32,4000 -83.83,35.31,4000 -83.95,35.36,4000 -83.92,35.49,4000 -83.71,35.68,4000 -83.49,35.78,4000 -83.06,35.99,4000 -82.77,36.28,4000 -82.55,36.40,4000 -82.42,36.48,4000 -82.41,36.61,4000 -82.62,36.76,4000 -82.99,36.84,4000 -83.12,36.95,4000 -83.04,37.09,4000 -82.67,37.21,4000 -82.24,37.45,4000 -82.03,37.83,4000 -81.70,38.23,4000 -81.57,38.74,4000 -81.31,39.14,4000 -81.21,39.29,4000 -81.14,39.44,4000 -81.17,39.62,4000 -81.24,40.02,4000 -80.85,40.66,4000 -80.83,40.40,4000 -80.72,40.12,4000 -80.35,39.91,4000 -80.03,39.89,4000 -79.68,40.20,4000 -79.61,40.48,4000 -79.76,40.61,4000 -80.32,40.80,4000 -80.81,40.87,4000 -81.12,40.94,4000 -81.30,41.04,4000 -81.87,41.11,4000 -82.02,41.20,4000 -82.11,41.36,4000 -82.07,41.65,4000 -81.70,42.04,4000 -81.41,42.37,4000 -81.40,42.60,4000 -81.51,42.78,4000 -81.78,43.07,4000 -82.13,43.39,4000 -82.48,43.35,4000 -82.78,43.25,4000 -83.11,43.22,4000 -83.79,43.31,4000 -84.14,43.30,4000 -84.54,43.23,4000 -84.77,43.17,4000 -85.02,43.02,4000 -85.16,42.78,4000 -85.11,42.51,4000 -84.93,41.99,4000 -84.96,41.68,4000 -85.08,41.40,4000 -85.22,41.25,4000 -85.45,41.12,4000 -85.94,40.88,4000 -86.20,40.64,4000 -86.36,40.71,4000 -86.56,40.89,4000 -86.85,40.93,4000 -87.06,40.75,4000 -87.13,40.50,4000 -87.26,40.33,4000 -87.74,40.17,4000 -88.10,39.85,4000 -88.56,39.65,4000 -89.11,39.51,4000 -89.97,39.20,4000 -90.37,39.27,4000 -90.66,39.33,4000 -90.95,39.30,4000 -91.42,39.18,4000 -91.77,39.17,4000 -91.98,39.27,4000 -92.69,39.73,4000 -93.22,39.92,4000 -93.59,40.22,4000 -94.30,40.69,4000 -94.55,40.94,4000 -94.87,41.32,4000 -95.27,41.56,4000 -95.48,41.69,4000 -95.70,41.92,4000 -95.98,42.61,4000 -96.18,42.79,4000 -96.49,42.81,4000 -96.66,42.70,4000 -96.75,42.39,4000 -96.94,42.26,4000 -97.34,42.23,4000 -97.84,42.27,4000 -98.60,42.33,4000 -98.89,42.40,4000 -99.23,42.55,4000 -99.69,42.73,4000 -100.20,42.77,4000 -101.64,42.84,4000 -102.20,42.82,4000 -102.78,42.67,4000 -102.93,42.59,4000 -103.18,42.66,4000 -102.76,43.02,4000 -102.74,43.28,4000 -102.86,43.49,4000 -103.06,43.65,4000 -103.29,43.74,4000 -104.33,43.95,4000 -104.97,44.04,4000 -105.39,44.16,4000 -105.57,44.22,4000 -105.64,44.42,4000 -105.69,44.93,4000 -105.87,45.15,4000 -106.09,45.25,4000 -106.39,45.32,4000 -106.66,45.21,4000 -106.74,45.03,4000 -106.52,44.89,4000 -106.38,44.72,4000 -106.49,44.47,4000 -106.62,44.13,4000 -106.59,43.90,4000 -106.47,43.68,4000 -106.37,43.62,4000 -105.97,43.58,4000 -105.89,43.42,4000 -105.93,43.21,4000 -106.02,43.10,4000 -106.09,42.97,4000 -105.92,42.90,4000 -105.46,42.66,4000 -105.33,42.51,4000 -105.39,42.33,4000 -105.68,42.26,4000 -106.00,42.29,4000 -106.27,42.32,4000 -106.57,42.42,4000 -106.82,42.78,4000 -107.20,43.11,4000 -107.44,43.28,4000 -107.59,43.42,4000 -107.57,43.57,4000 -107.41,43.73,4000 -107.34,43.93,4000 -107.45,44.22,4000 -107.56,44.36,4000 -107.90,44.67,4000 -108.24,44.93,4000 -108.53,45.00,4000 -108.86,44.97,4000 -108.94,44.69,4000 -108.81,44.39,4000 -108.65,43.90,4000 -108.59,43.63,4000 -108.68,43.48,4000 -109.01,43.37,4000 -109.07,43.28,4000 -108.85,42.96,4000 -108.69,42.66,4000 -108.74,42.56,4000 -109.05,42.48,4000 -109.42,42.61,4000 -109.81,42.83,4000 -109.94,42.90,4000 -110.19,42.87,4000 -110.36,42.51,4000 -110.46,42.33,4000 -110.72,42.25,4000 -110.86,42.32,4000 -111.06,42.57,4000 -111.15,43.11,4000 -111.32,43.45,4000 -111.24,43.79,4000 -111.18,44.08,4000 -111.28,44.33,4000 -111.40,44.53,4000 -111.65,44.67,4000 -111.94,44.79,4000 -112.07,44.95,4000 -112.07,45.22,4000 -112.21,45.49,4000 -112.14,45.70,4000 -111.80,45.71,4000 -111.35,45.68,4000 -111.09,45.89,4000 -111.09,46.07,4000 -111.22,46.16,4000 -111.35,46.25,4000 -111.59,46.27,4000 -112.20,45.97,4000 -112.56,45.76,4000 -112.69,45.56,4000 -113.04,45.21,4000 -113.29,44.98,4000 -113.48,44.85,4000 -113.48,44.73,4000 -113.31,44.54,4000 -113.32,44.45,4000 -113.55,44.39,4000 -113.77,44.64,4000 -113.87,44.76,4000 -114.11,44.75,4000 -114.31,44.53,4000 -114.35,44.21,4000 -114.32,43.83,4000 -114.52,43.60,4000 -114.81,43.46,4000 -115.06,43.45,4000 -115.45,43.56,4000 -115.61,43.90,4000 -115.91,44.39,4000 -116.04,44.74,4000 -116.24,44.97,4000 -116.45,45.17,4000 -116.46,45.40,4000 -116.26,45.59,4000 -116.07,45.84,4000 -115.87,46.07,4000 -115.86,46.30,4000 -115.97,46.64,4000 -116.21,46.86,4000 -116.36,47.06,4000 -116.39,47.26,4000 -116.53,47.76,4000 -116.45,48.28,4000 -117.04,48.69,4000 -117.58,49.16,4000 -118.36,49.22,4000 -118.96,49.36,4000 -119.31,49.51,4000 -119.57,49.83,4000 -119.84,49.74,4000 -120.01,49.43,4000 -120.07,48.88,4000 -120.32,48.70,4000 -120.46,48.49,4000 -120.96,47.42,4000 -121.23,47.03,4000 -121.54,46.88,4000 -121.77,46.83,4000 -121.88,46.94,4000 -121.78,47.16,4000 -121.76,47.49,4000 -121.75,47.74,4000 -121.83,48.13,4000 -122.09,48.61,4000 -122.09,48.80,4000 -121.97,49.09,4000 -122.04,49.26,4000 -122.43,49.29,4000 -122.92,49.32,4000 -123.36,49.41,4000 -124.57,49.96,4000 -124.75,50.17,4000 -125.18,50.34,4000 -125.42,50.47,4000 -125.35,50.61,4000 -125.35,50.61,4000 
          </coordinates>
        </LinearRing>
      </innerBoundaryIs>
      <innerBoundaryIs>
        <LinearRing>
          <coordinates>
-86.68,40.37,4000 -86.65,40.38,4000 -86.62,40.38,4000 -86.60,40.39,4000 -86.57,40.39,4000 -86.55,40.40,4000 -86.52,40.40,4000 -86.50,40.40,4000 -86.48,40.40,4000 -86.46,40.40,4000 -86.45,40.40,4000 -86.43,40.39,4000 -86.42,40.38,4000 -86.42,40.36,4000 -86.43,40.34,4000 -86.43,40.31,4000 -86.43,40.30,4000 -86.43,40.28,4000 -86.44,40.26,4000 -86.44,40.24,4000 -86.44,40.22,4000 -86.45,40.20,4000 -86.45,40.18,4000 -86.45,40.17,4000 -86.46,40.15,4000 -86.46,40.14,4000 -86.46,40.13,4000 -86.47,40.12,4000 -86.48,40.11,4000 -86.49,40.10,4000 -86.51,40.09,4000 -86.52,40.07,4000 -86.54,40.06,4000 -86.56,40.04,4000 -86.58,40.02,4000 -86.60,40.01,4000 -86.61,39.99,4000 -86.63,39.98,4000 -86.64,39.97,4000 -86.66,39.95,4000 -86.68,39.93,4000 -86.69,39.92,4000 -86.70,39.91,4000 -86.72,39.91,4000 -86.74,39.91,4000 -86.76,39.92,4000 -86.78,39.93,4000 -86.80,39.94,4000 -86.82,39.95,4000 -86.84,39.96,4000 -86.86,39.98,4000 -86.87,39.99,4000 -86.88,40.01,4000 -86.89,40.02,4000 -86.90,40.04,4000 -86.90,40.05,4000 -86.91,40.07,4000 -86.92,40.09,4000 -86.92,40.11,4000 -86.92,40.13,4000 -86.92,40.14,4000 -86.92,40.16,4000 -86.92,40.18,4000 -86.91,40.19,4000 -86.90,40.21,4000 -86.89,40.22,4000 -86.88,40.24,4000 -86.86,40.25,4000 -86.85,40.27,4000 -86.83,40.28,4000 -86.81,40.30,4000 -86.80,40.31,4000 -86.78,40.33,4000 -86.68,40.37,4000 
          </coordinates>
        </LinearRing>
      </innerBoundaryIs>
  </Polygon>
 </MultiGeometry>
</Placemark>
<Placemark>
  <name>20%</name>
  <visibility>1</visibility>
  <styleUrl>#poly_20</styleUrl>
  <MultiGeometry>
    <Polygon>
      <outerBoundaryIs>
        <LinearRing>
          <coordinates>
-106.48,41.77,3000 -106.33,41.75,3000 -106.18,41.73,3000 -106.07,41.70,3000 -105.97,41.66,3000 -105.90,41.61,3000 -105.84,41.52,3000 -105.81,41.42,3000 -105.82,41.34,3000 -105.84,41.26,3000 -105.85,41.18,3000 -105.82,41.10,3000 -105.75,41.01,3000 -105.68,40.95,3000 -105.60,40.88,3000 -105.52,40.81,3000 -105.45,40.74,3000 -105.40,40.65,3000 -105.36,40.56,3000 -105.33,40.46,3000 -105.30,40.37,3000 -105.27,40.26,3000 -105.24,40.15,3000 -105.21,40.05,3000 -105.19,39.94,3000 -105.17,39.84,3000 -105.15,39.74,3000 -105.11,39.65,3000 -105.03,39.57,3000 -104.94,39.50,3000 -104.85,39.45,3000 -104.73,39.38,3000 -104.65,39.31,3000 -104.65,39.24,3000 -104.68,39.15,3000 -104.74,39.08,3000 -104.82,39.01,3000 -104.93,38.94,3000 -105.03,38.92,3000 -105.12,38.97,3000 -105.20,39.07,3000 -105.28,39.15,3000 -105.37,39.20,3000 -105.47,39.23,3000 -105.58,39.25,3000 -105.74,39.22,3000 -105.83,39.18,3000 -105.94,39.11,3000 -106.06,39.04,3000 -106.18,38.96,3000 -106.29,38.90,3000 -106.39,38.86,3000 -106.52,38.84,3000 -106.64,38.85,3000 -106.74,38.88,3000 -106.83,38.90,3000 -106.95,38.95,3000 -107.02,39.02,3000 -107.06,39.11,3000 -107.06,39.22,3000 -107.04,39.30,3000 -107.00,39.39,3000 -106.99,39.46,3000 -107.03,39.54,3000 -107.11,39.59,3000 -107.21,39.60,3000 -107.34,39.60,3000 -107.44,39.62,3000 -107.54,39.66,3000 -107.63,39.71,3000 -107.71,39.79,3000 -107.77,39.89,3000 -107.80,39.99,3000 -107.79,40.08,3000 -107.76,40.18,3000 -107.70,40.27,3000 -107.64,40.34,3000 -107.55,40.40,3000 -107.48,40.47,3000 -107.42,40.55,3000 -107.40,40.65,3000 -107.41,40.76,3000 -107.42,40.87,3000 -107.41,40.97,3000 -107.37,41.08,3000 -107.31,41.18,3000 -107.24,41.26,3000 -107.14,41.33,3000 -107.03,41.38,3000 -106.91,41.43,3000 -106.48,41.77,3000 
          </coordinates>
        </LinearRing>
      </outerBoundaryIs>
      <innerBoundaryIs>
        <LinearRing>
          <coordinates>
-106.47,41.67,4000 -106.36,41.67,4000 -106.26,41.67,4000 -106.17,41.65,4000 -106.07,41.61,4000 -106.00,41.54,4000 -105.98,41.48,4000 -105.96,41.40,4000 -105.96,41.32,4000 -105.97,41.24,4000 -105.98,41.16,4000 -105.99,41.08,4000 -105.97,41.01,4000 -105.89,40.95,4000 -105.78,40.91,4000 -105.68,40.87,4000 -105.61,40.81,4000 -105.55,40.75,4000 -105.50,40.68,4000 -105.47,40.61,4000 -105.44,40.53,4000 -105.42,40.45,4000 -105.40,40.38,4000 -105.38,40.31,4000 -105.36,40.21,4000 -105.34,40.13,4000 -105.32,40.03,4000 -105.29,39.93,4000 -105.27,39.83,4000 -105.26,39.75,4000 -105.25,39.65,4000 -105.26,39.56,4000 -105.31,39.49,4000 -105.40,39.44,4000 -105.52,39.40,4000 -105.64,39.35,4000 -105.76,39.31,4000 -105.86,39.26,4000 -105.95,39.21,4000 -106.04,39.16,4000 -106.13,39.11,4000 -106.23,39.06,4000 -106.34,39.01,4000 -106.45,38.97,4000 -106.55,38.95,4000 -106.68,38.96,4000 -106.81,39.00,4000 -106.89,39.06,4000 -106.91,39.15,4000 -106.88,39.25,4000 -106.86,39.35,4000 -106.84,39.43,4000 -106.82,39.50,4000 -106.82,39.56,4000 -106.86,39.64,4000 -106.94,39.69,4000 -107.03,39.69,4000 -107.15,39.68,4000 -107.25,39.67,4000 -107.37,39.67,4000 -107.47,39.70,4000 -107.55,39.75,4000 -107.63,39.81,4000 -107.68,39.89,4000 -107.68,39.99,4000 -107.65,40.10,4000 -107.62,40.19,4000 -107.57,40.27,4000 -107.50,40.32,4000 -107.37,40.35,4000 -107.26,40.41,4000 -107.25,40.47,4000 -107.27,40.56,4000 -107.29,40.65,4000 -107.31,40.74,4000 -107.31,40.83,4000 -107.29,40.93,4000 -107.25,41.04,4000 -107.21,41.13,4000 -107.15,41.21,4000 -107.05,41.28,4000 -106.94,41.33,4000 -106.81,41.36,4000 -106.47,41.67,4000 
          </coordinates>
        </LinearRing>
      </innerBoundaryIs>
  </Polygon>
 </MultiGeometry>
</Placemark>
<Placemark>
  <name>20%</name>
  <visibility>1</visibility>
  <styleUrl>#poly_20</styleUrl>
  <MultiGeometry>
    <Polygon>
      <outerBoundaryIs>
        <LinearRing>
          <coordinates>
-84.51,36.71,3000 -84.47,36.70,3000 -84.43,36.69,3000 -84.40,36.68,3000 -84.37,36.66,3000 -84.35,36.64,3000 -84.34,36.62,3000 -84.32,36.59,3000 -84.32,36.56,3000 -84.31,36.52,3000 -84.32,36.49,3000 -84.33,36.46,3000 -84.35,36.43,3000 -84.38,36.41,3000 -84.42,36.38,3000 -84.46,36.36,3000 -84.50,36.33,3000 -84.53,36.31,3000 -84.55,36.30,3000 -84.55,36.29,3000 -84.57,36.27,3000 -84.59,36.25,3000 -84.63,36.22,3000 -84.66,36.19,3000 -84.69,36.17,3000 -84.72,36.14,3000 -84.74,36.12,3000 -84.76,36.09,3000 -84.77,36.08,3000 -84.79,36.06,3000 -84.81,36.04,3000 -84.83,36.02,3000 -84.85,36.00,3000 -84.88,35.97,3000 -84.90,35.95,3000 -84.92,35.93,3000 -84.95,35.91,3000 -84.97,35.89,3000 -85.00,35.87,3000 -85.03,35.85,3000 -85.06,35.83,3000 -85.10,35.82,3000 -85.14,35.80,3000 -85.19,35.79,3000 -85.23,35.79,3000 -85.26,35.79,3000 -85.29,35.80,3000 -85.31,35.83,3000 -85.34,35.85,3000 -85.36,35.89,3000 -85.38,35.92,3000 -85.40,35.95,3000 -85.41,35.98,3000 -85.42,36.01,3000 -85.43,36.04,3000 -85.43,36.07,3000 -85.43,36.10,3000 -85.43,36.13,3000 -85.42,36.16,3000 -85.41,36.19,3000 -85.39,36.22,3000 -85.37,36.26,3000 -85.34,36.29,3000 -85.32,36.32,3000 -85.30,36.34,3000 -85.27,36.37,3000 -85.25,36.38,3000 -85.21,36.40,3000 -85.18,36.42,3000 -85.15,36.43,3000 -85.12,36.45,3000 -85.08,36.47,3000 -85.05,36.49,3000 -85.03,36.50,3000 -85.00,36.51,3000 -84.97,36.53,3000 -84.94,36.54,3000 -84.91,36.56,3000 -84.88,36.57,3000 -84.84,36.59,3000 -84.80,36.60,3000 -84.77,36.62,3000 -84.74,36.63,3000 -84.70,36.65,3000 -84.67,36.66,3000 -84.65,36.66,3000 -84.51,36.71,3000 
          </coordinates>
        </LinearRing>
      </outerBoundaryIs>
  </Polygon>
 </MultiGeometry>
</Placemark>
<Placemark>
  <name>20%</name>
  <visibility>1</visibility>
  <styleUrl>#poly_20</styleUrl>
  <MultiGeometry>
    <Polygon>
      <outerBoundaryIs>
        <LinearRing>
          <coordinates>
-118.11,46.09,3000 -118.09,46.11,3000 -118.06,46.12,3000 -118.04,46.14,3000 -118.02,46.15,3000 -117.99,46.16,3000 -117.97,46.18,3000 -117.94,46.19,3000 -117.92,46.19,3000 -117.89,46.20,3000 -117.86,46.20,3000 -117.82,46.20,3000 -117.79,46.20,3000 -117.75,46.20,3000 -117.72,46.19,3000 -117.68,46.18,3000 -117.65,46.18,3000 -117.63,46.17,3000 -117.59,46.16,3000 -117.57,46.15,3000 -117.56,46.13,3000 -117.55,46.11,3000 -117.55,46.09,3000 -117.55,46.07,3000 -117.56,46.05,3000 -117.56,46.02,3000 -117.57,46.00,3000 -117.58,45.98,3000 -117.58,45.96,3000 -117.57,45.95,3000 -117.58,45.93,3000 -117.59,45.92,3000 -117.60,45.90,3000 -117.61,45.88,3000 -117.63,45.86,3000 -117.64,45.83,3000 -117.66,45.81,3000 -117.68,45.79,3000 -117.69,45.77,3000 -117.70,45.75,3000 -117.71,45.73,3000 -117.72,45.71,3000 -117.72,45.69,3000 -117.73,45.68,3000 -117.75,45.66,3000 -117.77,45.65,3000 -117.79,45.64,3000 -117.82,45.62,3000 -117.85,45.61,3000 -117.88,45.60,3000 -117.92,45.59,3000 -117.95,45.58,3000 -117.98,45.58,3000 -118.01,45.58,3000 -118.04,45.59,3000 -118.08,45.60,3000 -118.11,45.61,3000 -118.14,45.62,3000 -118.18,45.63,3000 -118.21,45.64,3000 -118.23,45.65,3000 -118.25,45.66,3000 -118.28,45.67,3000 -118.27,45.68,3000 -118.27,45.69,3000 -118.26,45.71,3000 -118.26,45.72,3000 -118.26,45.74,3000 -118.26,45.76,3000 -118.27,45.78,3000 -118.27,45.80,3000 -118.27,45.83,3000 -118.26,45.85,3000 -118.25,45.87,3000 -118.25,45.89,3000 -118.24,45.91,3000 -118.23,45.93,3000 -118.21,45.95,3000 -118.20,45.97,3000 -118.19,46.00,3000 -118.17,46.02,3000 -118.16,46.04,3000 -118.11,46.09,3000 
          </coordinates>
        </LinearRing>
      </outerBoundaryIs>
      <innerBoundaryIs>
        <LinearRing>
          <coordinates>
-117.87,46.13,4000 -117.84,46.13,4000 -117.82,46.13,4000 -117.79,46.12,4000 -117.77,46.12,4000 -117.74,46.11,4000 -117.72,46.10,4000 -117.71,46.09,4000 -117.70,46.08,4000 -117.70,46.06,4000 -117.69,46.05,4000 -117.69,46.03,4000 -117.68,46.01,4000 -117.68,45.99,4000 -117.68,45.97,4000 -117.68,45.95,4000 -117.69,45.94,4000 -117.69,45.92,4000 -117.70,45.90,4000 -117.70,45.89,4000 -117.71,45.87,4000 -117.73,45.86,4000 -117.74,45.84,4000 -117.75,45.83,4000 -117.76,45.81,4000 -117.78,45.80,4000 -117.79,45.79,4000 -117.81,45.77,4000 -117.83,45.76,4000 -117.84,45.75,4000 -117.86,45.74,4000 -117.88,45.73,4000 -117.90,45.72,4000 -117.92,45.71,4000 -117.93,45.70,4000 -117.95,45.68,4000 -117.97,45.67,4000 -117.98,45.66,4000 -118.00,45.66,4000 -118.02,45.66,4000 -118.04,45.66,4000 -118.06,45.67,4000 -118.08,45.68,4000 -118.10,45.70,4000 -118.11,45.71,4000 -118.12,45.72,4000 -118.13,45.74,4000 -118.13,45.76,4000 -118.14,45.77,4000 -118.15,45.79,4000 -118.15,45.81,4000 -118.16,45.83,4000 -118.16,45.84,4000 -118.16,45.86,4000 -118.16,45.88,4000 -118.15,45.89,4000 -118.14,45.91,4000 -118.13,45.92,4000 -118.12,45.94,4000 -118.11,45.95,4000 -118.10,45.97,4000 -118.09,45.98,4000 -118.08,45.99,4000 -118.07,46.01,4000 -118.05,46.02,4000 -118.04,46.03,4000 -118.02,46.04,4000 -118.01,46.05,4000 -117.87,46.13,4000 
          </coordinates>
        </LinearRing>
      </innerBoundaryIs>
  </Polygon>
 </MultiGeometry>
</Placemark>
<Placemark>
  <name>20%</name>
  <visibility>1</visibility>
  <styleUrl>#poly_20</styleUrl>
  <MultiGeometry>
    <Polygon>
      <outerBoundaryIs>
        <LinearRing>
          <coordinates>
-117.71,45.50,3000 -117.68,45.51,3000 -117.66,45.52,3000 -117.63,45.52,3000 -117.60,45.53,3000 -117.58,45.53,3000 -117.55,45.54,3000 -117.53,45.54,3000 -117.50,45.54,3000 -117.48,45.54,3000 -117.45,45.54,3000 -117.43,45.53,3000 -117.40,45.52,3000 -117.38,45.50,3000 -117.35,45.49,3000 -117.33,45.48,3000 -117.31,45.46,3000 -117.29,45.45,3000 -117.27,45.43,3000 -117.25,45.42,3000 -117.23,45.40,3000 -117.22,45.38,3000 -117.20,45.37,3000 -117.19,45.35,3000 -117.18,45.34,3000 -117.16,45.32,3000 -117.15,45.31,3000 -117.14,45.29,3000 -117.14,45.28,3000 -117.13,45.26,3000 -117.13,45.24,3000 -117.12,45.22,3000 -117.12,45.20,3000 -117.12,45.18,3000 -117.12,45.16,3000 -117.12,45.14,3000 -117.13,45.12,3000 -117.14,45.10,3000 -117.16,45.09,3000 -117.18,45.07,3000 -117.20,45.06,3000 -117.22,45.04,3000 -117.25,45.03,3000 -117.27,45.01,3000 -117.30,45.00,3000 -117.33,45.00,3000 -117.35,44.99,3000 -117.38,44.99,3000 -117.40,44.99,3000 -117.43,45.00,3000 -117.46,45.00,3000 -117.49,45.01,3000 -117.52,45.02,3000 -117.55,45.03,3000 -117.57,45.04,3000 -117.59,45.05,3000 -117.61,45.05,3000 -117.63,45.05,3000 -117.64,45.06,3000 -117.65,45.07,3000 -117.67,45.08,3000 -117.69,45.10,3000 -117.71,45.11,3000 -117.73,45.13,3000 -117.75,45.15,3000 -117.77,45.17,3000 -117.79,45.18,3000 -117.80,45.20,3000 -117.81,45.22,3000 -117.82,45.24,3000 -117.82,45.26,3000 -117.82,45.28,3000 -117.82,45.29,3000 -117.82,45.31,3000 -117.81,45.33,3000 -117.80,45.35,3000 -117.80,45.37,3000 -117.79,45.39,3000 -117.71,45.50,3000 
          </coordinates>
        </LinearRing>
      </outerBoundaryIs>
      <innerBoundaryIs>
        <LinearRing>
          <coordinates>
-117.46,45.45,4000 -117.46,45.45,4000 -117.45,45.45,4000 -117.42,45.43,4000 -117.41,45.42,4000 -117.40,45.42,4000 -117.39,45.41,4000 -117.37,45.40,4000 -117.36,45.39,4000 -117.34,45.38,4000 -117.32,45.37,4000 -117.31,45.35,4000 -117.29,45.34,4000 -117.28,45.33,4000 -117.27,45.32,4000 -117.25,45.30,4000 -117.25,45.29,4000 -117.24,45.28,4000 -117.24,45.27,4000 -117.23,45.25,4000 -117.24,45.24,4000 -117.24,45.22,4000 -117.24,45.21,4000 -117.25,45.19,4000 -117.25,45.18,4000 -117.26,45.16,4000 -117.27,45.15,4000 -117.27,45.13,4000 -117.28,45.12,4000 -117.28,45.11,4000 -117.29,45.10,4000 -117.30,45.08,4000 -117.32,45.07,4000 -117.33,45.06,4000 -117.34,45.06,4000 -117.36,45.06,4000 -117.37,45.06,4000 -117.39,45.06,4000 -117.40,45.06,4000 -117.42,45.07,4000 -117.44,45.07,4000 -117.46,45.08,4000 -117.47,45.08,4000 -117.49,45.09,4000 -117.51,45.10,4000 -117.53,45.10,4000 -117.55,45.11,4000 -117.56,45.12,4000 -117.58,45.13,4000 -117.60,45.13,4000 -117.62,45.14,4000 -117.63,45.15,4000 -117.65,45.16,4000 -117.67,45.17,4000 -117.68,45.18,4000 -117.69,45.19,4000 -117.71,45.20,4000 -117.71,45.22,4000 -117.72,45.23,4000 -117.72,45.24,4000 -117.72,45.26,4000 -117.72,45.27,4000 -117.72,45.29,4000 -117.71,45.30,4000 -117.71,45.32,4000 -117.70,45.33,4000 -117.70,45.35,4000 -117.69,45.36,4000 -117.68,45.37,4000 -117.67,45.38,4000 -117.65,45.39,4000 -117.64,45.40,4000 -117.62,45.41,4000 -117.60,45.41,4000 -117.58,45.42,4000 -117.56,45.42,4000 -117.46,45.45,4000 
          </coordinates>
        </LinearRing>
      </innerBoundaryIs>
  </Polygon>
 </MultiGeometry>
</Placemark>
<Placemark>
  <name>30%</name>
  <visibility>1</visibility>
  <styleUrl>#poly_30</styleUrl>
  <MultiGeometry>
    <Polygon>
      <outerBoundaryIs>
        <LinearRing>
          <coordinates>
-110.83,40.97,4000 -110.80,40.98,4000 -110.78,40.99,4000 -110.75,41.00,4000 -110.73,41.01,4000 -110.70,41.02,4000 -110.68,41.03,4000 -110.65,41.03,4000 -110.63,41.04,4000 -110.60,41.04,4000 -110.57,41.04,4000 -110.55,41.04,4000 -110.52,41.04,4000 -110.49,41.04,4000 -110.46,41.03,4000 -110.43,41.03,4000 -110.41,41.02,4000 -110.38,41.02,4000 -110.36,41.01,4000 -110.34,41.00,4000 -110.31,40.99,4000 -110.29,40.98,4000 -110.28,40.97,4000 -110.26,40.95,4000 -110.24,40.94,4000 -110.23,40.92,4000 -110.22,40.90,4000 -110.21,40.89,4000 -110.19,40.87,4000 -110.18,40.85,4000 -110.17,40.82,4000 -110.16,40.80,4000 -110.16,40.78,4000 -110.16,40.77,4000 -110.16,40.75,4000 -110.17,40.73,4000 -110.18,40.72,4000 -110.20,40.70,4000 -110.23,40.69,4000 -110.25,40.68,4000 -110.28,40.67,4000 -110.31,40.66,4000 -110.33,40.65,4000 -110.36,40.64,4000 -110.38,40.64,4000 -110.41,40.63,4000 -110.43,40.62,4000 -110.46,40.62,4000 -110.49,40.61,4000 -110.51,40.61,4000 -110.54,40.60,4000 -110.56,40.59,4000 -110.59,40.59,4000 -110.61,40.58,4000 -110.64,40.57,4000 -110.66,40.57,4000 -110.69,40.56,4000 -110.71,40.55,4000 -110.73,40.55,4000 -110.76,40.55,4000 -110.79,40.55,4000 -110.82,40.55,4000 -110.84,40.56,4000 -110.87,40.56,4000 -110.90,40.56,4000 -110.93,40.57,4000 -110.96,40.58,4000 -110.98,40.58,4000 -111.00,40.59,4000 -111.03,40.60,4000 -111.05,40.62,4000 -111.07,40.63,4000 -111.07,40.65,4000 -111.08,40.67,4000 -111.08,40.69,4000 -111.07,40.71,4000 -111.07,40.73,4000 -111.06,40.75,4000 -111.05,40.77,4000 -111.04,40.79,4000 -111.03,40.81,4000 -111.02,40.83,4000 -111.01,40.85,4000 -111.01,40.86,4000 -110.83,40.97,4000 
          </coordinates>
        </LinearRing>
      </outerBoundaryIs>
      <innerBoundaryIs>
        <LinearRing>
          <coordinates>
-110.82,40.91,5000 -110.80,40.92,5000 -110.79,40.92,5000 -110.77,40.93,5000 -110.75,40.94,5000 -110.73,40.94,5000 -110.71,40.95,5000 -110.70,40.95,5000 -110.68,40.96,5000 -110.66,40.96,5000 -110.64,40.96,5000 -110.63,40.97,5000 -110.61,40.97,5000 -110.59,40.97,5000 -110.57,40.97,5000 -110.55,40.97,5000 -110.53,40.97,5000 -110.51,40.96,5000 -110.49,40.96,5000 -110.47,40.96,5000 -110.45,40.95,5000 -110.43,40.95,5000 -110.41,40.94,5000 -110.39,40.94,5000 -110.37,40.94,5000 -110.36,40.93,5000 -110.35,40.93,5000 -110.33,40.93,5000 -110.33,40.91,5000 -110.33,40.90,5000 -110.32,40.89,5000 -110.32,40.87,5000 -110.32,40.86,5000 -110.32,40.84,5000 -110.31,40.82,5000 -110.31,40.81,5000 -110.31,40.79,5000 -110.30,40.77,5000 -110.30,40.76,5000 -110.30,40.75,5000 -110.30,40.74,5000 -110.29,40.73,5000 -110.32,40.73,5000 -110.33,40.73,5000 -110.34,40.72,5000 -110.36,40.72,5000 -110.37,40.71,5000 -110.39,40.71,5000 -110.41,40.70,5000 -110.43,40.69,5000 -110.45,40.69,5000 -110.47,40.68,5000 -110.48,40.68,5000 -110.50,40.67,5000 -110.52,40.66,5000 -110.54,40.66,5000 -110.56,40.66,5000 -110.58,40.65,5000 -110.60,40.65,5000 -110.62,40.64,5000 -110.64,40.64,5000 -110.66,40.63,5000 -110.68,40.63,5000 -110.70,40.62,5000 -110.72,40.62,5000 -110.73,40.62,5000 -110.75,40.62,5000 -110.77,40.62,5000 -110.79,40.62,5000 -110.81,40.62,5000 -110.83,40.63,5000 -110.85,40.63,5000 -110.87,40.63,5000 -110.89,40.64,5000 -110.91,40.64,5000 -110.93,40.65,5000 -110.94,40.66,5000 -110.95,40.67,5000 -110.96,40.68,5000 -110.96,40.69,5000 -110.96,40.70,5000 -110.96,40.71,5000 -110.96,40.72,5000 -110.96,40.74,5000 -110.95,40.75,5000 -110.95,40.76,5000 -110.94,40.78,5000 -110.93,40.79,5000 -110.92,40.81,5000 -110.91,40.82,5000 -110.90,40.84,5000 -110.89,40.85,5000 -110.88,40.87,5000 -110.82,40.91,5000 
          </coordinates>
        </LinearRing>
      </innerBoundaryIs>
  </Polygon>
 </MultiGeometry>
</Placemark>
<Placemark>
  <name>30%</name>
  <visibility>1</visibility>
  <styleUrl>#poly_30</styleUrl>
  <MultiGeometry>
    <Polygon>
      <outerBoundaryIs>
        <LinearRing>
          <coordinates>
-127.59,50.25,4000 -127.51,50.29,4000 -127.43,50.33,4000 -127.35,50.36,4000 -127.27,50.38,4000 -127.19,50.39,4000 -127.09,50.41,4000 -127.01,50.42,4000 -126.92,50.44,4000 -126.82,50.45,4000 -126.72,50.47,4000 -126.62,50.48,4000 -126.53,50.49,4000 -126.44,50.50,4000 -126.34,50.51,4000 -126.24,50.52,4000 -126.16,50.52,4000 -126.08,50.52,4000 -125.97,50.52,4000 -125.89,50.51,4000 -125.79,50.46,4000 -125.74,50.42,4000 -125.69,50.37,4000 -125.64,50.32,4000 -125.59,50.26,4000 -125.53,50.19,4000 -125.48,50.13,4000 -125.42,50.07,4000 -125.36,50.01,4000 -125.30,49.95,4000 -125.23,49.90,4000 -125.16,49.84,4000 -125.09,49.79,4000 -125.03,49.73,4000 -124.96,49.68,4000 -124.91,49.63,4000 -124.86,49.58,4000 -124.80,49.51,4000 -124.77,49.43,4000 -124.74,49.37,4000 -124.71,49.31,4000 -124.67,49.27,4000 -124.60,49.24,4000 -124.51,49.24,4000 -124.42,49.24,4000 -124.34,49.22,4000 -124.28,49.19,4000 -124.21,49.14,4000 -124.15,49.09,4000 -124.10,49.04,4000 -124.06,49.00,4000 -124.04,48.94,4000 -124.05,48.89,4000 -124.08,48.85,4000 -124.12,48.80,4000 -124.20,48.78,4000 -124.29,48.79,4000 -124.39,48.81,4000 -124.49,48.84,4000 -124.56,48.87,4000 -124.63,48.90,4000 -124.68,48.94,4000 -124.72,48.99,4000 -124.74,49.04,4000 -124.79,49.08,4000 -124.88,49.09,4000 -125.00,49.09,4000 -125.10,49.08,4000 -125.18,49.07,4000 -125.25,49.06,4000 -125.33,49.06,4000 -125.40,49.07,4000 -125.48,49.09,4000 -125.60,49.13,4000 -125.67,49.16,4000 -125.75,49.19,4000 -125.85,49.22,4000 -125.94,49.26,4000 -126.04,49.30,4000 -126.13,49.34,4000 -126.21,49.38,4000 -126.29,49.42,4000 -126.36,49.47,4000 -126.43,49.51,4000 -126.50,49.55,4000 -126.57,49.60,4000 -126.65,49.65,4000 -126.72,49.69,4000 -126.79,49.73,4000 -126.86,49.78,4000 -126.94,49.82,4000 -127.02,49.87,4000 -127.09,49.91,4000 -127.16,49.95,4000 -127.22,49.98,4000 -127.32,50.03,4000 -127.41,50.07,4000 -127.48,50.10,4000 -127.55,50.13,4000 -127.59,50.25,4000 
          </coordinates>
        </LinearRing>
      </outerBoundaryIs>
      <innerBoundaryIs>
        <LinearRing>
          <coordinates>
-127.35,50.31,5000 -127.28,50.33,5000 -127.21,50.34,5000 -127.14,50.35,5000 -127.07,50.37,5000 -127.00,50.38,5000 -126.93,50.40,5000 -126.86,50.41,5000 -126.79,50.42,5000 -126.72,50.44,5000 -126.64,50.45,5000 -126.57,50.47,5000 -126.50,50.48,5000 -126.43,50.49,5000 -126.36,50.49,5000 -126.28,50.49,5000 -126.19,50.49,5000 -126.11,50.48,5000 -126.03,50.47,5000 -125.96,50.45,5000 -125.89,50.44,5000 -125.82,50.42,5000 -125.76,50.40,5000 -125.71,50.38,5000 -125.66,50.35,5000 -125.61,50.31,5000 -125.58,50.27,5000 -125.55,50.23,5000 -125.53,50.18,5000 -125.50,50.13,5000 -125.48,50.08,5000 -125.45,50.04,5000 -125.43,50.00,5000 -125.39,49.96,5000 -125.34,49.93,5000 -125.30,49.90,5000 -125.25,49.86,5000 -125.21,49.83,5000 -125.17,49.79,5000 -125.12,49.74,5000 -125.08,49.70,5000 -125.04,49.66,5000 -125.00,49.62,5000 -124.96,49.58,5000 -124.92,49.54,5000 -124.89,49.50,5000 -124.86,49.46,5000 -124.84,49.42,5000 -124.83,49.37,5000 -124.84,49.32,5000 -124.85,49.28,5000 -124.88,49.24,5000 -124.92,49.20,5000 -124.98,49.17,5000 -125.04,49.14,5000 -125.10,49.12,5000 -125.16,49.11,5000 -125.22,49.10,5000 -125.28,49.10,5000 -125.34,49.10,5000 -125.41,49.11,5000 -125.48,49.13,5000 -125.56,49.15,5000 -125.63,49.18,5000 -125.69,49.20,5000 -125.75,49.23,5000 -125.81,49.26,5000 -125.87,49.28,5000 -125.93,49.31,5000 -125.99,49.33,5000 -126.05,49.36,5000 -126.11,49.38,5000 -126.18,49.41,5000 -126.24,49.44,5000 -126.29,49.47,5000 -126.35,49.51,5000 -126.41,49.55,5000 -126.46,49.59,5000 -126.52,49.63,5000 -126.57,49.66,5000 -126.63,49.69,5000 -126.68,49.72,5000 -126.73,49.74,5000 -126.78,49.76,5000 -126.83,49.79,5000 -126.89,49.82,5000 -126.95,49.86,5000 -127.01,49.90,5000 -127.07,49.93,5000 -127.13,49.96,5000 -127.18,49.99,5000 -127.23,50.03,5000 -127.29,50.06,5000 -127.35,50.09,5000 -127.40,50.13,5000 -127.46,50.16,5000 -127.52,50.20,5000 -127.35,50.31,5000 
          </coordinates>
        </LinearRing>
      </innerBoundaryIs>
      <innerBoundaryIs>
        <LinearRing>
          <coordinates>
-124.58,49.16,5000 -124.56,49.16,5000 -124.54,49.16,5000 -124.53,49.16,5000 -124.51,49.16,5000 -124.49,49.16,5000 -124.47,49.16,5000 -124.46,49.15,5000 -124.44,49.15,5000 -124.42,49.15,5000 -124.41,49.15,5000 -124.40,49.15,5000 -124.38,49.15,5000 -124.37,49.15,5000 -124.36,49.15,5000 -124.35,49.15,5000 -124.34,49.15,5000 -124.32,49.16,5000 -124.32,49.15,5000 -124.31,49.15,5000 -124.31,49.14,5000 -124.30,49.13,5000 -124.29,49.13,5000 -124.28,49.12,5000 -124.27,49.11,5000 -124.26,49.10,5000 -124.25,49.09,5000 -124.24,49.08,5000 -124.23,49.07,5000 -124.22,49.06,5000 -124.21,49.05,5000 -124.20,49.04,5000 -124.19,49.03,5000 -124.18,49.02,5000 -124.18,49.02,5000 -124.17,49.01,5000 -124.17,49.00,5000 -124.17,48.99,5000 -124.17,48.98,5000 -124.17,48.97,5000 -124.17,48.96,5000 -124.17,48.94,5000 -124.17,48.93,5000 -124.18,48.92,5000 -124.19,48.92,5000 -124.20,48.91,5000 -124.21,48.90,5000 -124.22,48.89,5000 -124.23,48.89,5000 -124.24,48.89,5000 -124.25,48.89,5000 -124.27,48.89,5000 -124.28,48.89,5000 -124.30,48.89,5000 -124.31,48.89,5000 -124.33,48.89,5000 -124.35,48.89,5000 -124.36,48.89,5000 -124.38,48.89,5000 -124.40,48.89,5000 -124.42,48.90,5000 -124.43,48.90,5000 -124.45,48.90,5000 -124.46,48.90,5000 -124.48,48.91,5000 -124.49,48.91,5000 -124.50,48.91,5000 -124.52,48.91,5000 -124.53,48.92,5000 -124.54,48.92,5000 -124.55,48.92,5000 -124.56,48.93,5000 -124.56,48.94,5000 -124.57,48.95,5000 -124.57,48.96,5000 -124.58,48.96,5000 -124.58,48.97,5000 -124.59,48.98,5000 -124.59,48.99,5000 -124.59,49.00,5000 -124.60,49.00,5000 -124.60,49.01,5000 -124.61,49.02,5000 -124.61,49.03,5000 -124.62,49.04,5000 -124.62,49.05,5000 -124.62,49.07,5000 -124.63,49.08,5000 -124.63,49.09,5000 -124.64,49.10,5000 -124.64,49.11,5000 -124.58,49.16,5000 
          </coordinates>
        </LinearRing>
      </innerBoundaryIs>
  </Polygon>
 </MultiGeometry>
</Placemark>
<Placemark>
  <name>30%</name>
  <visibility>1</visibility>
  <styleUrl>#poly_30</styleUrl>
  <MultiGeometry>
    <Polygon>
      <outerBoundaryIs>
        <LinearRing>
          <coordinates>
-125.35,50.61,4000 -125.03,50.71,4000 -124.65,50.77,4000 -123.86,50.88,4000 -123.41,50.94,4000 -122.97,50.94,4000 -122.24,50.78,4000 -121.90,50.59,4000 -121.50,50.22,4000 -120.95,50.02,4000 -120.68,49.90,4000 -120.42,50.01,4000 -120.27,50.37,4000 -120.18,50.62,4000 -120.40,50.77,4000 -120.64,50.83,4000 -120.92,51.00,4000 -120.84,51.21,4000 -120.46,51.31,4000 -118.71,51.51,4000 -116.91,51.70,4000 -116.22,51.74,4000 -115.93,51.63,4000 -115.79,51.50,4000 -115.77,51.08,4000 -116.03,50.99,4000 -116.37,50.98,4000 -116.29,50.75,4000 -116.10,50.43,4000 -115.89,50.17,4000 -115.80,50.07,4000 -115.62,50.10,4000 -115.22,50.15,4000 -115.01,50.06,4000 -114.69,49.75,4000 -114.30,49.73,4000 -114.09,49.86,4000 -113.87,50.20,4000 -113.67,50.32,4000 -113.38,50.40,4000 -112.89,50.49,4000 -112.43,50.41,4000 -111.44,50.07,4000 -110.90,49.97,4000 -110.34,49.91,4000 -109.88,49.91,4000 -109.60,49.85,4000 -109.30,49.65,4000 -109.23,49.43,4000 -108.08,49.17,4000 -107.52,48.99,4000 -106.87,48.85,4000 -106.07,48.85,4000 -105.47,48.79,4000 -103.86,48.69,4000 -102.97,48.64,4000 -102.23,48.67,4000 -101.69,48.62,4000 -101.12,48.47,4000 -100.21,48.17,4000 -99.58,48.08,4000 -99.02,47.94,4000 -98.75,47.86,4000 -98.36,47.80,4000 -97.96,47.84,4000 -97.51,47.81,4000 -96.39,47.42,4000 -96.06,47.41,4000 -95.73,47.49,4000 -95.34,47.58,4000 -94.22,47.53,4000 -93.10,47.69,4000 -92.01,47.94,4000 -91.37,48.03,4000 -90.81,48.19,4000 -89.69,48.62,4000 -89.02,49.32,4000 -88.51,49.59,4000 -88.12,49.89,4000 -87.89,50.26,4000 -87.77,50.42,4000 -87.51,50.57,4000 -87.19,50.65,4000 -86.72,50.69,4000 -86.22,50.68,4000 -85.69,50.62,4000 -84.98,50.47,4000 -84.62,50.26,4000 -84.23,50.07,4000 -83.68,49.88,4000 -83.35,49.65,4000 -83.01,49.50,4000 -82.56,49.35,4000 -82.20,49.09,4000 -81.81,48.93,4000 -81.16,48.77,4000 -79.96,48.48,4000 -78.80,48.19,4000 -78.26,48.04,4000 -77.93,47.98,4000 -77.61,47.99,4000 -76.45,48.07,4000 -75.11,48.41,4000 -74.63,48.55,4000 -74.28,48.71,4000 -74.00,48.87,4000 -73.70,48.96,4000 -73.11,49.15,4000 -72.85,49.32,4000 -72.67,49.52,4000 -72.22,49.75,4000 -71.84,49.98,4000 -71.48,50.39,4000 -71.25,50.55,4000 -70.93,50.65,4000 -70.38,50.77,4000 -69.83,50.87,4000 -69.19,50.96,4000 -68.45,50.92,4000 -68.08,50.92,4000 -67.69,50.86,4000 -66.49,50.41,4000 -66.02,50.17,4000 -65.72,49.83,4000 -65.30,49.59,4000 -65.14,49.41,4000 -65.31,49.29,4000 -65.32,49.14,4000 -64.36,48.78,4000 -63.73,48.63,4000 -63.41,48.54,4000 -63.19,48.43,4000 -62.79,48.17,4000 -62.28,47.94,4000 -62.06,47.81,4000 -61.97,47.65,4000 -61.98,47.38,4000 -62.06,47.15,4000 -62.43,46.20,4000 -62.80,45.25,4000 -62.95,45.06,4000 -63.17,44.97,4000 -63.59,45.03,4000 -63.69,45.23,4000 -64.00,45.37,4000 -64.27,45.57,4000 -64.38,45.65,4000 -64.61,45.62,4000 -65.11,45.45,4000 -65.63,45.35,4000 -65.78,45.43,4000 -65.98,45.53,4000 -66.22,45.52,4000 -66.83,45.50,4000 -67.59,45.48,4000 -68.17,45.53,4000 -68.72,45.45,4000 -69.02,45.40,4000 -69.42,45.46,4000 -69.83,45.52,4000 -70.10,45.43,4000 -70.35,45.30,4000 -70.60,45.10,4000 -71.00,44.85,4000 -71.34,44.58,4000 -71.24,44.42,4000 -71.28,44.16,4000 -71.42,44.05,4000 -71.70,44.09,4000 -71.70,44.51,4000 -72.13,44.47,4000 -72.59,44.21,4000 -72.73,44.05,4000 -72.76,43.78,4000 -72.73,43.46,4000 -72.74,42.88,4000 -72.95,42.70,4000 -73.11,42.66,4000 -73.32,42.76,4000 -73.31,43.04,4000 -73.02,43.40,4000 -72.91,43.50,4000 -72.96,43.67,4000 -72.98,44.13,4000 -73.04,44.48,4000 -73.15,44.68,4000 -73.42,44.73,4000 -73.55,44.60,4000 -73.63,44.34,4000 -73.65,44.11,4000 -73.75,43.85,4000 -73.97,43.46,4000 -74.08,43.21,4000 -74.27,42.95,4000 -74.35,42.81,4000 -74.34,42.62,4000 -74.38,42.33,4000 -74.49,42.12,4000 -74.72,41.95,4000 -75.00,41.86,4000 -75.48,41.73,4000 -76.21,41.75,4000 -76.29,41.56,4000 -76.53,41.35,4000 -77.13,41.28,4000 -77.66,41.15,4000 -78.05,40.90,4000 -78.42,40.55,4000 -78.58,40.31,4000 -78.74,40.18,4000 -79.04,39.84,4000 -79.22,39.41,4000 -79.33,38.93,4000 -79.54,38.53,4000 -79.87,38.20,4000 -80.27,37.93,4000 -80.79,37.45,4000 -81.07,37.20,4000 -81.31,36.85,4000 -81.55,36.44,4000 -81.85,36.10,4000 -82.06,35.93,4000 -82.35,35.79,4000 -82.83,35.73,4000 -83.13,35.50,4000 -83.54,35.32,4000 -83.83,35.31,4000 -83.95,35.36,4000 -83.92,35.49,4000 -83.71,35.68,4000 -83.49,35.78,4000 -83.06,35.99,4000 -82.77,36.28,4000 -82.55,36.40,4000 -82.42,36.48,4000 -82.41,36.61,4000 -82.62,36.76,4000 -82.99,36.84,4000 -83.12,36.95,4000 -83.04,37.09,4000 -82.67,37.21,4000 -82.24,37.45,4000 -82.03,37.83,4000 -81.70,38.23,4000 -81.57,38.74,4000 -81.31,39.14,4000 -81.21,39.29,4000 -81.14,39.44,4000 -81.17,39.62,4000 -81.24,40.02,4000 -80.85,40.66,4000 -80.83,40.40,4000 -80.72,40.12,4000 -80.35,39.91,4000 -80.03,39.89,4000 -79.68,40.20,4000 -79.61,40.48,4000 -79.76,40.61,4000 -80.32,40.80,4000 -80.81,40.87,4000 -81.12,40.94,4000 -81.30,41.04,4000 -81.87,41.11,4000 -82.02,41.20,4000 -82.11,41.36,4000 -82.07,41.65,4000 -81.70,42.04,4000 -81.41,42.37,4000 -81.40,42.60,4000 -81.51,42.78,4000 -81.78,43.07,4000 -82.13,43.39,4000 -82.48,43.35,4000 -82.78,43.25,4000 -83.11,43.22,4000 -83.79,43.31,4000 -84.14,43.30,4000 -84.54,43.23,4000 -84.77,43.17,4000 -85.02,43.02,4000 -85.16,42.78,4000 -85.11,42.51,4000 -84.93,41.99,4000 -84.96,41.68,4000 -85.08,41.40,4000 -85.22,41.25,4000 -85.45,41.12,4000 -85.94,40.88,4000 -86.20,40.64,4000 -86.36,40.71,4000 -86.56,40.89,4000 -86.85,40.93,4000 -87.06,40.75,4000 -87.13,40.50,4000 -87.26,40.33,4000 -87.74,40.17,4000 -88.10,39.85,4000 -88.56,39.65,4000 -89.11,39.51,4000 -89.97,39.20,4000 -90.37,39.27,4000 -90.66,39.33,4000 -90.95,39.30,4000 -91.42,39.18,4000 -91.77,39.17,4000 -91.98,39.27,4000 -92.69,39.73,4000 -93.22,39.92,4000 -93.59,40.22,4000 -94.30,40.69,4000 -94.55,40.94,4000 -94.87,41.32,4000 -95.27,41.56,4000 -95.48,41.69,4000 -95.70,41.92,4000 -95.98,42.61,4000 -96.18,42.79,4000 -96.49,42.81,4000 -96.66,42.70,4000 -96.75,42.39,4000 -96.94,42.26,4000 -97.34,42.23,4000 -97.84,42.27,4000 -98.60,42.33,4000 -98.89,42.40,4000 -99.23,42.55,4000 -99.69,42.73,4000 -100.20,42.77,4000 -101.64,42.84,4000 -102.20,42.82,4000 -102.78,42.67,4000 -102.93,42.59,4000 -103.18,42.66,4000 -102.76,43.02,4000 -102.74,43.28,4000 -102.86,43.49,4000 -103.06,43.65,4000 -103.29,43.74,4000 -104.33,43.95,4000 -104.97,44.04,4000 -105.39,44.16,4000 -105.57,44.22,4000 -105.64,44.42,4000 -105.69,44.93,4000 -105.87,45.15,4000 -106.09,45.25,4000 -106.39,45.32,4000 -106.66,45.21,4000 -106.74,45.03,4000 -106.52,44.89,4000 -106.38,44.72,4000 -106.49,44.47,4000 -106.62,44.13,4000 -106.59,43.90,4000 -106.47,43.68,4000 -106.37,43.62,4000 -105.97,43.58,4000 -105.89,43.42,4000 -105.93,43.21,4000 -106.02,43.10,4000 -106.09,42.97,4000 -105.92,42.90,4000 -105.46,42.66,4000 -105.33,42.51,4000 -105.39,42.33,4000 -105.68,42.26,4000 -106.00,42.29,4000 -106.27,42.32,4000 -106.57,42.42,4000 -106.82,42.78,4000 -107.20,43.11,4000 -107.44,43.28,4000 -107.59,43.42,4000 -107.57,43.57,4000 -107.41,43.73,4000 -107.34,43.93,4000 -107.45,44.22,4000 -107.56,44.36,4000 -107.90,44.67,4000 -108.24,44.93,4000 -108.53,45.00,4000 -108.86,44.97,4000 -108.94,44.69,4000 -108.81,44.39,4000 -108.65,43.90,4000 -108.59,43.63,4000 -108.68,43.48,4000 -109.01,43.37,4000 -109.07,43.28,4000 -108.85,42.96,4000 -108.69,42.66,4000 -108.74,42.56,4000 -109.05,42.48,4000 -109.42,42.61,4000 -109.81,42.83,4000 -109.94,42.90,4000 -110.19,42.87,4000 -110.36,42.51,4000 -110.46,42.33,4000 -110.72,42.25,4000 -110.86,42.32,4000 -111.06,42.57,4000 -111.15,43.11,4000 -111.32,43.45,4000 -111.24,43.79,4000 -111.18,44.08,4000 -111.28,44.33,4000 -111.40,44.53,4000 -111.65,44.67,4000 -111.94,44.79,4000 -112.07,44.95,4000 -112.07,45.22,4000 -112.21,45.49,4000 -112.14,45.70,4000 -111.80,45.71,4000 -111.35,45.68,4000 -111.09,45.89,4000 -111.09,46.07,4000 -111.22,46.16,4000 -111.35,46.25,4000 -111.59,46.27,4000 -112.20,45.97,4000 -112.56,45.76,4000 -112.69,45.56,4000 -113.04,45.21,4000 -113.29,44.98,4000 -113.48,44.85,4000 -113.48,44.73,4000 -113.31,44.54,4000 -113.32,44.45,4000 -113.55,44.39,4000 -113.77,44.64,4000 -113.87,44.76,4000 -114.11,44.75,4000 -114.31,44.53,4000 -114.35,44.21,4000 -114.32,43.83,4000 -114.52,43.60,4000 -114.81,43.46,4000 -115.06,43.45,4000 -115.45,43.56,4000 -115.61,43.90,4000 -115.91,44.39,4000 -116.04,44.74,4000 -116.24,44.97,4000 -116.45,45.17,4000 -116.46,45.40,4000 -116.26,45.59,4000 -116.07,45.84,4000 -115.87,46.07,4000 -115.86,46.30,4000 -115.97,46.64,4000 -116.21,46.86,4000 -116.36,47.06,4000 -116.39,47.26,4000 -116.53,47.76,4000 -116.45,48.28,4000 -117.04,48.69,4000 -117.58,49.16,4000 -118.36,49.22,4000 -118.96,49.36,4000 -119.31,49.51,4000 -119.57,49.83,4000 -119.84,49.74,4000 -120.01,49.43,4000 -120.07,48.88,4000 -120.32,48.70,4000 -120.46,48.49,4000 -120.96,47.42,4000 -121.23,47.03,4000 -121.54,46.88,4000 -121.77,46.83,4000 -121.88,46.94,4000 -121.78,47.16,4000 -121.76,47.49,4000 -121.75,47.74,4000 -121.83,48.13,4000 -122.09,48.61,4000 -122.09,48.80,4000 -121.97,49.09,4000 -122.04,49.26,4000 -122.43,49.29,4000 -122.92,49.32,4000 -123.36,49.41,4000 -124.57,49.96,4000 -124.75,50.17,4000 -125.18,50.34,4000 -125.42,50.47,4000 -125.35,50.61,4000 -125.35,50.61,4000 
          </coordinates>
        </LinearRing>
      </outerBoundaryIs>
      <innerBoundaryIs>
        <LinearRing>
          <coordinates>
-109.51,46.38,4000 -109.44,46.39,4000 -109.37,46.39,4000 -109.31,46.39,4000 -109.24,46.40,4000 -109.18,46.40,4000 -109.12,46.40,4000 -109.07,46.40,4000 -109.02,46.40,4000 -108.95,46.39,4000 -108.90,46.38,4000 -108.85,46.37,4000 -108.81,46.35,4000 -108.76,46.33,4000 -108.71,46.31,4000 -108.66,46.29,4000 -108.61,46.27,4000 -108.56,46.24,4000 -108.50,46.22,4000 -108.45,46.21,4000 -108.40,46.19,4000 -108.34,46.18,4000 -108.28,46.17,4000 -108.22,46.15,4000 -108.16,46.14,4000 -108.11,46.12,4000 -108.05,46.10,4000 -108.00,46.07,4000 -107.95,46.05,4000 -107.90,46.02,4000 -107.86,46.00,4000 -107.82,45.97,4000 -107.78,45.94,4000 -107.75,45.91,4000 -107.72,45.88,4000 -107.70,45.84,4000 -107.68,45.81,4000 -107.66,45.77,4000 -107.65,45.73,4000 -107.64,45.69,4000 -107.65,45.65,4000 -107.68,45.62,4000 -107.72,45.61,4000 -107.77,45.60,4000 -107.83,45.60,4000 -107.90,45.60,4000 -107.98,45.60,4000 -108.04,45.60,4000 -108.11,45.60,4000 -108.16,45.60,4000 -108.22,45.60,4000 -108.27,45.61,4000 -108.30,45.61,4000 -108.35,45.62,4000 -108.41,45.62,4000 -108.45,45.62,4000 -108.51,45.61,4000 -108.56,45.60,4000 -108.62,45.58,4000 -108.68,45.57,4000 -108.74,45.56,4000 -108.79,45.56,4000 -108.84,45.56,4000 -108.89,45.57,4000 -108.93,45.59,4000 -108.96,45.62,4000 -109.00,45.65,4000 -109.02,45.69,4000 -109.05,45.73,4000 -109.08,45.77,4000 -109.10,45.81,4000 -109.13,45.84,4000 -109.16,45.87,4000 -109.20,45.90,4000 -109.25,45.93,4000 -109.29,45.96,4000 -109.33,45.98,4000 -109.38,46.01,4000 -109.42,46.03,4000 -109.47,46.05,4000 -109.51,46.08,4000 -109.56,46.10,4000 -109.61,46.12,4000 -109.66,46.15,4000 -109.71,46.17,4000 -109.51,46.38,4000 
          </coordinates>
        </LinearRing>
      </innerBoundaryIs>
      <innerBoundaryIs>
        <LinearRing>
          <coordinates>
-115.34,49.26,4000 -115.32,49.27,4000 -115.31,49.28,4000 -115.29,49.29,4000 -115.27,49.30,4000 -115.26,49.31,4000 -115.24,49.32,4000 -115.23,49.33,4000 -115.21,49.34,4000 -115.20,49.35,4000 -115.18,49.35,4000 -115.17,49.36,4000 -115.15,49.36,4000 -115.14,49.37,4000 -115.12,49.37,4000 -115.11,49.37,4000 -115.09,49.37,4000 -115.07,49.37,4000 -115.06,49.36,4000 -115.04,49.35,4000 -115.02,49.34,4000 -115.01,49.33,4000 -114.99,49.32,4000 -114.98,49.31,4000 -114.97,49.30,4000 -114.96,49.28,4000 -114.95,49.27,4000 -114.94,49.26,4000 -114.94,49.25,4000 -114.93,49.23,4000 -114.93,49.22,4000 -114.93,49.21,4000 -114.92,49.19,4000 -114.92,49.18,4000 -114.92,49.16,4000 -114.92,49.15,4000 -114.92,49.13,4000 -114.93,49.12,4000 -114.93,49.11,4000 -114.93,49.10,4000 -114.94,49.08,4000 -114.95,49.07,4000 -114.96,49.06,4000 -114.97,49.05,4000 -114.99,49.04,4000 -115.00,49.03,4000 -115.02,49.02,4000 -115.03,49.02,4000 -115.04,49.02,4000 -115.06,49.02,4000 -115.07,49.03,4000 -115.09,49.04,4000 -115.10,49.05,4000 -115.12,49.06,4000 -115.13,49.07,4000 -115.15,49.08,4000 -115.16,49.09,4000 -115.18,49.10,4000 -115.19,49.11,4000 -115.21,49.12,4000 -115.22,49.13,4000 -115.24,49.14,4000 -115.26,49.15,4000 -115.27,49.16,4000 -115.29,49.17,4000 -115.30,49.18,4000 -115.31,49.18,4000 -115.32,49.19,4000 -115.34,49.21,4000 -115.34,49.22,4000 -115.34,49.22,4000 -115.34,49.23,4000 -115.34,49.26,4000 
          </coordinates>
        </LinearRing>
      </innerBoundaryIs>
      <innerBoundaryIs>
        <LinearRing>
          <coordinates>
-79.32,40.03,5000 -79.29,39.95,5000 -79.28,39.84,5000 -79.29,39.75,5000 -79.31,39.65,5000 -79.33,39.52,5000 -79.34,39.39,5000 -79.36,39.24,5000 -79.38,39.08,5000 -79.41,38.94,5000 -79.46,38.81,5000 -79.52,38.69,5000 -79.59,38.58,5000 -79.67,38.48,5000 -79.77,38.37,5000 -79.89,38.28,5000 -80.05,38.16,5000 -80.16,38.08,5000 -80.30,37.98,5000 -80.44,37.88,5000 -80.58,37.78,5000 -80.71,37.69,5000 -80.81,37.62,5000 -80.96,37.51,5000 -81.05,37.44,5000 -81.15,37.33,5000 -81.26,37.19,5000 -81.36,37.06,5000 -81.46,36.92,5000 -81.54,36.79,5000 -81.58,36.66,5000 -81.61,36.55,5000 -81.68,36.45,5000 -81.79,36.33,5000 -81.90,36.22,5000 -82.02,36.09,5000 -82.13,35.99,5000 -82.23,35.91,5000 -82.34,35.88,5000 -82.47,35.88,5000 -82.62,35.89,5000 -82.74,35.91,5000 -82.83,36.01,5000 -82.81,36.08,5000 -82.71,36.17,5000 -82.59,36.23,5000 -82.44,36.30,5000 -82.29,36.36,5000 -82.17,36.43,5000 -82.06,36.55,5000 -82.05,36.67,5000 -82.13,36.81,5000 -82.23,36.94,5000 -82.25,37.06,5000 -82.14,37.15,5000 -81.99,37.25,5000 -81.87,37.36,5000 -81.83,37.47,5000 -81.82,37.59,5000 -81.80,37.69,5000 -81.75,37.80,5000 -81.68,37.90,5000 -81.59,38.00,5000 -81.48,38.11,5000 -81.39,38.22,5000 -81.34,38.33,5000 -81.31,38.44,5000 -81.27,38.54,5000 -81.22,38.64,5000 -81.12,38.74,5000 -81.02,38.81,5000 -80.90,38.89,5000 -80.77,38.97,5000 -80.66,39.05,5000 -80.54,39.15,5000 -80.43,39.26,5000 -80.31,39.36,5000 -80.20,39.44,5000 -80.08,39.53,5000 -79.97,39.61,5000 -79.86,39.69,5000 -79.74,39.78,5000 -79.63,39.86,5000 -79.53,39.94,5000 -79.32,40.03,5000 
          </coordinates>
        </LinearRing>
      </innerBoundaryIs>
      <innerBoundaryIs>
        <LinearRing>
          <coordinates>
-116.58,49.09,5000 -116.56,49.08,5000 -116.55,49.07,5000 -116.53,49.06,5000 -116.52,49.05,5000 -116.50,49.05,5000 -116.49,49.04,5000 -116.47,49.03,5000 -116.46,49.02,5000 -116.45,49.01,5000 -116.44,49.00,5000 -116.43,48.99,5000 -116.42,48.98,5000 -116.41,48.97,5000 -116.40,48.96,5000 -116.40,48.95,5000 -116.40,48.94,5000 -116.40,48.93,5000 -116.40,48.92,5000 -116.40,48.90,5000 -116.41,48.89,5000 -116.42,48.88,5000 -116.42,48.86,5000 -116.43,48.85,5000 -116.44,48.84,5000 -116.45,48.83,5000 -116.46,48.82,5000 -116.46,48.80,5000 -116.47,48.80,5000 -116.48,48.79,5000 -116.48,48.78,5000 -116.49,48.76,5000 -116.50,48.76,5000 -116.50,48.76,5000 -116.51,48.78,5000 -116.51,48.79,5000 -116.52,48.79,5000 -116.53,48.80,5000 -116.53,48.81,5000 -116.54,48.82,5000 -116.55,48.83,5000 -116.56,48.84,5000 -116.56,48.85,5000 -116.57,48.87,5000 -116.58,48.88,5000 -116.59,48.89,5000 -116.60,48.90,5000 -116.61,48.92,5000 -116.62,48.93,5000 -116.58,49.09,5000 
          </coordinates>
        </LinearRing>
      </innerBoundaryIs>
      <innerBoundaryIs>
        <LinearRing>
          <coordinates>
-73.05,43.28,5000 -73.02,43.27,5000 -72.99,43.26,5000 -72.97,43.25,5000 -72.94,43.24,5000 -72.92,43.23,5000 -72.89,43.22,5000 -72.87,43.21,5000 -72.85,43.21,5000 -72.84,43.20,5000 -72.82,43.19,5000 -72.81,43.18,5000 -72.81,43.16,5000 -72.80,43.15,5000 -72.79,43.13,5000 -72.78,43.10,5000 -72.77,43.08,5000 -72.77,43.06,5000 -72.76,43.04,5000 -72.76,43.02,5000 -72.76,43.00,5000 -72.76,42.98,5000 -72.77,42.96,5000 -72.77,42.94,5000 -72.78,42.92,5000 -72.78,42.90,5000 -72.79,42.88,5000 -72.80,42.86,5000 -72.81,42.85,5000 -72.82,42.83,5000 -72.84,42.81,5000 -72.85,42.80,5000 -72.87,42.79,5000 -72.89,42.78,5000 -72.92,42.77,5000 -72.94,42.76,5000 -72.96,42.76,5000 -72.99,42.75,5000 -73.02,42.75,5000 -73.05,42.74,5000 -73.07,42.74,5000 -73.10,42.73,5000 -73.13,42.73,5000 -73.15,42.74,5000 -73.17,42.74,5000 -73.19,42.75,5000 -73.20,42.76,5000 -73.22,42.78,5000 -73.23,42.80,5000 -73.24,42.82,5000 -73.24,42.84,5000 -73.25,42.86,5000 -73.26,42.88,5000 -73.26,42.90,5000 -73.26,42.92,5000 -73.26,42.94,5000 -73.26,42.96,5000 -73.26,42.98,5000 -73.26,42.99,5000 -73.25,43.01,5000 -73.25,43.03,5000 -73.24,43.05,5000 -73.23,43.07,5000 -73.22,43.09,5000 -73.21,43.10,5000 -73.20,43.12,5000 -73.19,43.13,5000 -73.17,43.15,5000 -73.16,43.17,5000 -73.15,43.18,5000 -73.13,43.20,5000 -73.12,43.21,5000 -73.10,43.23,5000 -73.05,43.28,5000 
          </coordinates>
        </LinearRing>
      </innerBoundaryIs>
      <innerBoundaryIs>
        <LinearRing>
          <coordinates>
-106.36,42.76,5000 -106.33,42.77,5000 -106.30,42.77,5000 -106.27,42.78,5000 -106.25,42.79,5000 -106.22,42.79,5000 -106.19,42.80,5000 -106.16,42.80,5000 -106.13,42.80,5000 -106.10,42.80,5000 -106.08,42.80,5000 -106.05,42.80,5000 -106.02,42.79,5000 -106.00,42.79,5000 -105.97,42.79,5000 -105.94,42.78,5000 -105.92,42.78,5000 -105.89,42.77,5000 -105.86,42.76,5000 -105.84,42.76,5000 -105.81,42.75,5000 -105.78,42.74,5000 -105.75,42.73,5000 -105.73,42.72,5000 -105.70,42.71,5000 -105.68,42.70,5000 -105.66,42.70,5000 -105.64,42.69,5000 -105.61,42.68,5000 -105.60,42.68,5000 -105.58,42.66,5000 -105.57,42.65,5000 -105.55,42.63,5000 -105.53,42.62,5000 -105.52,42.60,5000 -105.50,42.58,5000 -105.48,42.56,5000 -105.46,42.54,5000 -105.45,42.53,5000 -105.44,42.51,5000 -105.44,42.49,5000 -105.44,42.47,5000 -105.45,42.45,5000 -105.46,42.44,5000 -105.48,42.42,5000 -105.50,42.40,5000 -105.52,42.38,5000 -105.54,42.37,5000 -105.56,42.35,5000 -105.58,42.34,5000 -105.60,42.33,5000 -105.62,42.32,5000 -105.65,42.32,5000 -105.67,42.32,5000 -105.70,42.32,5000 -105.73,42.32,5000 -105.76,42.32,5000 -105.79,42.32,5000 -105.81,42.33,5000 -105.84,42.33,5000 -105.87,42.33,5000 -105.89,42.34,5000 -105.92,42.34,5000 -105.95,42.34,5000 -105.97,42.35,5000 -106.00,42.35,5000 -106.03,42.36,5000 -106.05,42.36,5000 -106.08,42.37,5000 -106.11,42.38,5000 -106.14,42.38,5000 -106.17,42.39,5000 -106.20,42.40,5000 -106.23,42.41,5000 -106.26,42.42,5000 -106.28,42.43,5000 -106.30,42.43,5000 -106.32,42.44,5000 -106.32,42.45,5000 -106.33,42.46,5000 -106.34,42.47,5000 -106.35,42.49,5000 -106.36,42.51,5000 -106.37,42.53,5000 -106.39,42.55,5000 -106.40,42.57,5000 -106.41,42.59,5000 -106.43,42.61,5000 -106.36,42.76,5000 
          </coordinates>
        </LinearRing>
      </innerBoundaryIs>
      <innerBoundaryIs>
        <LinearRing>
          <coordinates>
-125.33,50.55,5000 -125.02,50.68,5000 -124.63,50.74,5000 -123.85,50.85,5000 -123.40,50.91,5000 -122.97,50.90,5000 -122.29,50.76,5000 -121.89,50.52,5000 -121.54,50.15,5000 -121.01,49.93,5000 -120.75,49.81,5000 -120.60,49.69,5000 -120.50,49.82,5000 -120.24,50.00,5000 -120.10,50.17,5000 -119.92,50.63,5000 -120.87,51.05,5000 -120.81,51.18,5000 -120.46,51.28,5000 -119.67,51.37,5000 -117.93,51.57,5000 -116.46,51.71,5000 -116.13,51.68,5000 -115.91,51.53,5000 -115.85,51.34,5000 -115.98,51.12,5000 -116.32,51.11,5000 -116.52,51.13,5000 -116.62,51.05,5000 -116.34,50.69,5000 -116.10,50.27,5000 -115.66,49.68,5000 -115.59,49.91,5000 -115.26,50.04,5000 -115.00,49.83,5000 -114.96,49.59,5000 -115.43,49.41,5000 -115.45,49.20,5000 -115.33,49.01,5000 -114.94,48.81,5000 -114.60,48.87,5000 -114.44,48.98,5000 -114.54,49.15,5000 -114.72,49.27,5000 -114.76,49.50,5000 -114.39,49.61,5000 -114.07,49.68,5000 -113.92,49.86,5000 -113.74,50.06,5000 -113.47,50.22,5000 -112.84,50.37,5000 -112.29,50.29,5000 -111.64,50.07,5000 -111.11,49.85,5000 -110.84,49.77,5000 -110.62,49.69,5000 -110.41,49.78,5000 -110.23,49.84,5000 -109.91,49.84,5000 -109.59,49.73,5000 -109.56,49.50,5000 -109.47,49.32,5000 -109.23,49.23,5000 -108.62,49.15,5000 -108.07,49.03,5000 -106.89,48.72,5000 -105.60,48.67,5000 -104.49,48.57,5000 -103.28,48.51,5000 -102.60,48.50,5000 -102.19,48.54,5000 -101.80,48.53,5000 -101.19,48.38,5000 -100.69,48.21,5000 -100.03,48.01,5000 -99.44,47.92,5000 -98.48,47.66,5000 -97.94,47.71,5000 -97.49,47.71,5000 -96.99,47.54,5000 -96.49,47.33,5000 -96.04,47.29,5000 -95.70,47.39,5000 -95.37,47.48,5000 -94.93,47.47,5000 -94.33,47.40,5000 -93.84,47.43,5000 -93.01,47.56,5000 -92.31,47.71,5000 -91.71,47.84,5000 -91.05,47.94,5000 -90.04,48.33,5000 -89.47,48.47,5000 -89.24,48.65,5000 -89.18,48.78,5000 -89.04,48.99,5000 -88.85,49.12,5000 -88.39,49.44,5000 -88.09,49.70,5000 -87.78,50.06,5000 -87.51,50.37,5000 -87.04,50.57,5000 -86.33,50.62,5000 -85.51,50.54,5000 -85.11,50.45,5000 -84.71,50.23,5000 -84.31,50.03,5000 -83.80,49.87,5000 -83.35,49.56,5000 -82.79,49.38,5000 -81.98,48.92,5000 -80.89,48.65,5000 -79.67,48.35,5000 -78.40,48.02,5000 -78.02,47.93,5000 -77.61,47.93,5000 -77.04,47.96,5000 -76.54,48.00,5000 -76.28,48.06,5000 -75.67,48.21,5000 -74.54,48.51,5000 -74.06,48.76,5000 -73.48,48.96,5000 -72.99,49.13,5000 -72.62,49.45,5000 -71.75,49.97,5000 -71.53,50.23,5000 -71.14,50.53,5000 -70.70,50.65,5000 -70.17,50.75,5000 -69.61,50.85,5000 -69.29,50.90,5000 -68.91,50.88,5000 -68.33,50.86,5000 -67.96,50.86,5000 -67.62,50.77,5000 -66.72,50.44,5000 -66.22,50.22,5000 -65.90,49.93,5000 -65.32,49.40,5000 -64.74,48.88,5000 -64.31,48.72,5000 -63.57,48.54,5000 -62.52,47.98,5000 -62.08,47.73,5000 -62.02,47.50,5000 -62.09,47.21,5000 -62.55,46.09,5000 -62.69,45.85,5000 -62.76,45.56,5000 -62.84,45.32,5000 -62.99,45.13,5000 -63.17,45.09,5000 -63.38,45.17,5000 -63.86,45.40,5000 -64.04,45.51,5000 -64.07,45.68,5000 -63.97,45.79,5000 -64.15,45.86,5000 -65.26,45.46,5000 -65.56,45.43,5000 -65.75,45.61,5000 -65.77,45.79,5000 -66.02,45.77,5000 -66.56,45.69,5000 -67.05,45.55,5000 -68.34,45.61,5000 -68.84,45.49,5000 -69.34,45.52,5000 -69.65,45.76,5000 -69.76,45.79,5000 -69.91,45.66,5000 -70.27,45.45,5000 -70.59,45.18,5000 -71.45,44.67,5000 -71.97,44.60,5000 -72.49,44.38,5000 -72.84,44.18,5000 -72.99,44.58,5000 -73.12,44.77,5000 -73.32,44.86,5000 -73.52,44.76,5000 -73.69,44.47,5000 -73.77,43.98,5000 -74.04,43.57,5000 -74.28,43.14,5000 -74.50,42.89,5000 -74.54,42.53,5000 -74.63,42.24,5000 -74.74,42.11,5000 -75.23,41.93,5000 -75.43,41.89,5000 -75.78,41.93,5000 -76.26,42.02,5000 -76.47,42.03,5000 -76.61,41.79,5000 -76.62,41.51,5000 -76.92,41.45,5000 -77.52,41.39,5000 -77.99,41.36,5000 -78.21,41.18,5000 -78.49,40.94,5000 -78.83,40.85,5000 -79.16,40.96,5000 -79.44,41.01,5000 -79.73,40.99,5000 -80.09,40.99,5000 -80.38,41.10,5000 -80.82,41.21,5000 -81.41,41.23,5000 -81.74,41.28,5000 -81.92,41.44,5000 -81.91,41.61,5000 -81.62,41.93,5000 -81.30,42.21,5000 -81.16,42.41,5000 -81.20,42.64,5000 -81.50,42.94,5000 -82.09,43.55,5000 -82.29,43.59,5000 -82.50,43.50,5000 -82.65,43.40,5000 -83.10,43.31,5000 -83.78,43.38,5000 -84.44,43.35,5000 -85.01,43.20,5000 -85.24,43.03,5000 -85.34,42.83,5000 -85.04,41.98,5000 -85.07,41.73,5000 -85.18,41.47,5000 -85.37,41.31,5000 -85.67,41.19,5000 -86.21,41.06,5000 -86.64,41.14,5000 -87.05,41.08,5000 -87.34,40.87,5000 -87.59,40.52,5000 -88.37,39.99,5000 -88.90,39.82,5000 -89.28,39.75,5000 -89.55,39.64,5000 -89.72,39.53,5000 -90.04,39.46,5000 -90.43,39.55,5000 -90.81,39.55,5000 -91.96,39.77,5000 -92.77,40.01,5000 -93.23,40.18,5000 -93.63,40.46,5000 -93.94,40.67,5000 -94.28,40.99,5000 -94.55,41.31,5000 -94.87,41.63,5000 -95.28,41.88,5000 -95.50,42.20,5000 -95.68,42.64,5000 -95.95,42.94,5000 -96.26,43.13,5000 -96.66,43.30,5000 -97.09,43.32,5000 -97.31,43.19,5000 -97.37,43.11,5000 -97.32,42.90,5000 -97.01,42.57,5000 -96.99,42.43,5000 -97.12,42.37,5000 -97.51,42.37,5000 -97.85,42.41,5000 -98.01,42.68,5000 -98.13,42.81,5000 -98.12,42.60,5000 -99.23,42.73,5000 -100.44,42.88,5000 -101.11,42.89,5000 -101.84,42.93,5000 -102.22,42.93,5000 -102.52,43.03,5000 -102.59,43.36,5000 -102.73,43.54,5000 -103.08,43.76,5000 -103.44,43.85,5000 -104.10,43.94,5000 -104.60,44.07,5000 -105.10,44.23,5000 -105.36,44.50,5000 -105.49,44.93,5000 -105.58,45.23,5000 -105.83,45.34,5000 -106.40,45.47,5000 -106.68,45.39,5000 -106.80,45.21,5000 -106.90,45.04,5000 -106.85,44.83,5000 -106.57,44.66,5000 -106.69,44.24,5000 -106.66,43.79,5000 -106.43,43.34,5000 -106.58,43.12,5000 -106.88,43.10,5000 -107.38,43.33,5000 -107.45,43.55,5000 -107.34,43.71,5000 -107.29,44.03,5000 -107.45,44.31,5000 -107.74,44.61,5000 -108.10,44.91,5000 -108.60,45.10,5000 -108.82,45.21,5000 -108.81,45.37,5000 -108.65,45.47,5000 -108.41,45.52,5000 -107.89,45.45,5000 -107.64,45.47,5000 -107.38,45.61,5000 -107.59,45.92,5000 -107.77,46.09,5000 -108.05,46.19,5000 -108.34,46.27,5000 -108.61,46.40,5000 -108.84,46.46,5000 -109.28,46.49,5000 -109.67,46.45,5000 -109.86,46.38,5000 -109.93,46.26,5000 -109.86,46.03,5000 -109.63,45.88,5000 -109.43,45.82,5000 -109.27,45.66,5000 -108.93,45.37,5000 -108.87,45.25,5000 -108.93,45.12,5000 -109.04,44.98,5000 -109.04,44.59,5000 -108.76,43.93,5000 -109.14,43.23,5000 -108.91,42.90,5000 -108.80,42.64,5000 -109.05,42.53,5000 -109.45,42.67,5000 -109.88,42.91,5000 -110.21,42.93,5000 -110.37,42.69,5000 -110.61,42.33,5000 -110.87,42.42,5000 -110.99,42.68,5000 -111.02,43.00,5000 -111.17,43.30,5000 -111.24,43.54,5000 -111.09,44.00,5000 -111.19,44.30,5000 -111.36,44.59,5000 -111.85,44.85,5000 -111.94,44.97,5000 -111.90,45.14,5000 -111.92,45.30,5000 -112.04,45.38,5000 -112.09,45.64,5000 -111.41,45.61,5000 -111.13,45.72,5000 -110.99,45.90,5000 -110.96,46.03,5000 -111.05,46.16,5000 -111.22,46.27,5000 -111.47,46.39,5000 -111.62,46.34,5000 -112.13,46.06,5000 -112.63,45.84,5000 -112.82,45.49,5000 -113.17,45.17,5000 -113.45,45.00,5000 -113.91,45.05,5000 -114.31,44.72,5000 -114.42,44.31,5000 -114.40,43.83,5000 -114.67,43.57,5000 -115.03,43.51,5000 -115.34,43.57,5000 -115.48,43.73,5000 -115.57,43.99,5000 -115.77,44.29,5000 -116.02,44.84,5000 -116.35,45.17,5000 -116.32,45.40,5000 -116.22,45.51,5000 -116.05,45.78,5000 -115.76,46.14,5000 -115.89,46.66,5000 -116.21,46.94,5000 -116.29,47.22,5000 -116.30,47.51,5000 -116.39,47.74,5000 -116.41,47.98,5000 -116.34,48.29,5000 -116.43,48.44,5000 -116.64,48.60,5000 -117.06,48.81,5000 -117.35,49.10,5000 -117.56,49.21,5000 -117.90,49.24,5000 -118.25,49.27,5000 -118.71,49.36,5000 -119.28,49.60,5000 -119.36,50.00,5000 -119.47,50.25,5000 -119.50,50.12,5000 -119.66,50.02,5000 -120.11,49.59,5000 -120.29,49.49,5000 -120.58,49.60,5000 -120.50,49.39,5000 -120.21,49.29,5000 -120.06,49.04,5000 -120.21,48.86,5000 -120.48,48.64,5000 -120.56,48.44,5000 -120.67,48.15,5000 -120.82,47.93,5000 -121.01,47.46,5000 -121.36,47.02,5000 -121.60,46.97,5000 -121.68,47.17,5000 -121.67,47.65,5000 -121.77,48.35,5000 -122.00,48.64,5000 -121.98,48.97,5000 -121.81,49.18,5000 -121.77,49.34,5000 -122.57,49.35,5000 -122.88,49.36,5000 -123.36,49.46,5000 -123.67,49.52,5000 -123.93,49.71,5000 -124.52,50.01,5000 -124.69,50.21,5000 -124.98,50.32,5000 -125.34,50.50,5000 -125.33,50.55,5000 -125.33,50.55,5000 
          </coordinates>
        </LinearRing>
      </innerBoundaryIs>
  </Polygon>
 </MultiGeometry>
</Placemark>
<Placemark>
  <name>30%</name>
  <visibility>1</visibility>
  <styleUrl>#poly_30</styleUrl>
  <MultiGeometry>
    <Polygon>
      <outerBoundaryIs>
        <LinearRing>
          <coordinates>
-117.87,46.13,4000 -117.84,46.13,4000 -117.82,46.13,4000 -117.79,46.12,4000 -117.77,46.12,4000 -117.74,46.11,4000 -117.72,46.10,4000 -117.71,46.09,4000 -117.70,46.08,4000 -117.70,46.06,4000 -117.69,46.05,4000 -117.69,46.03,4000 -117.68,46.01,4000 -117.68,45.99,4000 -117.68,45.97,4000 -117.68,45.95,4000 -117.69,45.94,4000 -117.69,45.92,4000 -117.70,45.90,4000 -117.70,45.89,4000 -117.71,45.87,4000 -117.73,45.86,4000 -117.74,45.84,4000 -117.75,45.83,4000 -117.76,45.81,4000 -117.78,45.80,4000 -117.79,45.79,4000 -117.81,45.77,4000 -117.83,45.76,4000 -117.84,45.75,4000 -117.86,45.74,4000 -117.88,45.73,4000 -117.90,45.72,4000 -117.92,45.71,4000 -117.93,45.70,4000 -117.95,45.68,4000 -117.97,45.67,4000 -117.98,45.66,4000 -118.00,45.66,4000 -118.02,45.66,4000 -118.04,45.66,4000 -118.06,45.67,4000 -118.08,45.68,4000 -118.10,45.70,4000 -118.11,45.71,4000 -118.12,45.72,4000 -118.13,45.74,4000 -118.13,45.76,4000 -118.14,45.77,4000 -118.15,45.79,4000 -118.15,45.81,4000 -118.16,45.83,4000 -118.16,45.84,4000 -118.16,45.86,4000 -118.16,45.88,4000 -118.15,45.89,4000 -118.14,45.91,4000 -118.13,45.92,4000 -118.12,45.94,4000 -118.11,45.95,4000 -118.10,45.97,4000 -118.09,45.98,4000 -118.08,45.99,4000 -118.07,46.01,4000 -118.05,46.02,4000 -118.04,46.03,4000 -118.02,46.04,4000 -118.01,46.05,4000 -117.87,46.13,4000 
          </coordinates>
        </LinearRing>
      </outerBoundaryIs>
      <innerBoundaryIs>
        <LinearRing>
          <coordinates>
-118.06,45.89,5000 -118.05,45.89,5000 -118.04,45.90,5000 -118.03,45.90,5000 -118.03,45.91,5000 -118.02,45.91,5000 -118.01,45.91,5000 -118.00,45.92,5000 -117.99,45.92,5000 -117.98,45.92,5000 -117.98,45.93,5000 -117.97,45.93,5000 -117.96,45.94,5000 -117.95,45.94,5000 -117.95,45.94,5000 -117.94,45.95,5000 -117.93,45.95,5000 -117.92,45.95,5000 -117.92,45.95,5000 -117.91,45.96,5000 -117.90,45.96,5000 -117.89,45.96,5000 -117.89,45.96,5000 -117.88,45.97,5000 -117.88,45.97,5000 -117.87,45.97,5000 -117.86,45.97,5000 -117.86,45.97,5000 -117.85,45.98,5000 -117.85,45.98,5000 -117.84,45.98,5000 -117.84,45.98,5000 -117.83,45.98,5000 -117.83,45.98,5000 -117.82,45.98,5000 -117.81,45.98,5000 -117.81,45.97,5000 -117.80,45.97,5000 -117.80,45.96,5000 -117.80,45.96,5000 -117.80,45.95,5000 -117.80,45.94,5000 -117.80,45.93,5000 -117.80,45.93,5000 -117.80,45.92,5000 -117.80,45.91,5000 -117.80,45.91,5000 -117.79,45.90,5000 -117.79,45.90,5000 -117.79,45.90,5000 -117.81,45.89,5000 -117.81,45.89,5000 -117.82,45.89,5000 -117.82,45.89,5000 -117.83,45.88,5000 -117.84,45.88,5000 -117.85,45.88,5000 -117.85,45.88,5000 -117.86,45.88,5000 -117.87,45.87,5000 -117.88,45.87,5000 -117.89,45.87,5000 -117.90,45.87,5000 -117.91,45.87,5000 -117.91,45.86,5000 -117.92,45.86,5000 -117.93,45.86,5000 -117.94,45.86,5000 -117.95,45.86,5000 -117.96,45.85,5000 -117.97,45.85,5000 -117.98,45.85,5000 -117.99,45.85,5000 -118.00,45.85,5000 -118.00,45.84,5000 -118.01,45.84,5000 -118.02,45.84,5000 -118.02,45.84,5000 -118.03,45.84,5000 -118.04,45.84,5000 -118.04,45.84,5000 -118.05,45.84,5000 -118.06,45.84,5000 -118.07,45.85,5000 -118.07,45.85,5000 -118.07,45.86,5000 -118.07,45.86,5000 -118.07,45.87,5000 -118.07,45.88,5000 -118.06,45.89,5000 
          </coordinates>
        </LinearRing>
      </innerBoundaryIs>
  </Polygon>
 </MultiGeometry>
</Placemark>
<Placemark>
  <name>30%</name>
  <visibility>1</visibility>
  <styleUrl>#poly_30</styleUrl>
  <MultiGeometry>
    <Polygon>
      <outerBoundaryIs>
        <LinearRing>
          <coordinates>
-117.46,45.45,4000 -117.46,45.45,4000 -117.45,45.45,4000 -117.42,45.43,4000 -117.41,45.42,4000 -117.40,45.42,4000 -117.39,45.41,4000 -117.37,45.40,4000 -117.36,45.39,4000 -117.34,45.38,4000 -117.32,45.37,4000 -117.31,45.35,4000 -117.29,45.34,4000 -117.28,45.33,4000 -117.27,45.32,4000 -117.25,45.30,4000 -117.25,45.29,4000 -117.24,45.28,4000 -117.24,45.27,4000 -117.23,45.25,4000 -117.24,45.24,4000 -117.24,45.22,4000 -117.24,45.21,4000 -117.25,45.19,4000 -117.25,45.18,4000 -117.26,45.16,4000 -117.27,45.15,4000 -117.27,45.13,4000 -117.28,45.12,4000 -117.28,45.11,4000 -117.29,45.10,4000 -117.30,45.08,4000 -117.32,45.07,4000 -117.33,45.06,4000 -117.34,45.06,4000 -117.36,45.06,4000 -117.37,45.06,4000 -117.39,45.06,4000 -117.40,45.06,4000 -117.42,45.07,4000 -117.44,45.07,4000 -117.46,45.08,4000 -117.47,45.08,4000 -117.49,45.09,4000 -117.51,45.10,4000 -117.53,45.10,4000 -117.55,45.11,4000 -117.56,45.12,4000 -117.58,45.13,4000 -117.60,45.13,4000 -117.62,45.14,4000 -117.63,45.15,4000 -117.65,45.16,4000 -117.67,45.17,4000 -117.68,45.18,4000 -117.69,45.19,4000 -117.71,45.20,4000 -117.71,45.22,4000 -117.72,45.23,4000 -117.72,45.24,4000 -117.72,45.26,4000 -117.72,45.27,4000 -117.72,45.29,4000 -117.71,45.30,4000 -117.71,45.32,4000 -117.70,45.33,4000 -117.70,45.35,4000 -117.69,45.36,4000 -117.68,45.37,4000 -117.67,45.38,4000 -117.65,45.39,4000 -117.64,45.40,4000 -117.62,45.41,4000 -117.60,45.41,4000 -117.58,45.42,4000 -117.56,45.42,4000 -117.46,45.45,4000 
          </coordinates>
        </LinearRing>
      </outerBoundaryIs>
  </Polygon>
 </MultiGeometry>
</Placemark>
<Placemark>
  <name>30%</name>
  <visibility>1</visibility>
  <styleUrl>#poly_30</styleUrl>
  <MultiGeometry>
    <Polygon>
      <outerBoundaryIs>
        <LinearRing>
          <coordinates>
-86.68,40.37,4000 -86.65,40.38,4000 -86.62,40.38,4000 -86.60,40.39,4000 -86.57,40.39,4000 -86.55,40.40,4000 -86.52,40.40,4000 -86.50,40.40,4000 -86.48,40.40,4000 -86.46,40.40,4000 -86.45,40.40,4000 -86.43,40.39,4000 -86.42,40.38,4000 -86.42,40.36,4000 -86.43,40.34,4000 -86.43,40.31,4000 -86.43,40.30,4000 -86.43,40.28,4000 -86.44,40.26,4000 -86.44,40.24,4000 -86.44,40.22,4000 -86.45,40.20,4000 -86.45,40.18,4000 -86.45,40.17,4000 -86.46,40.15,4000 -86.46,40.14,4000 -86.46,40.13,4000 -86.47,40.12,4000 -86.48,40.11,4000 -86.49,40.10,4000 -86.51,40.09,4000 -86.52,40.07,4000 -86.54,40.06,4000 -86.56,40.04,4000 -86.58,40.02,4000 -86.60,40.01,4000 -86.61,39.99,4000 -86.63,39.98,4000 -86.64,39.97,4000 -86.66,39.95,4000 -86.68,39.93,4000 -86.69,39.92,4000 -86.70,39.91,4000 -86.72,39.91,4000 -86.74,39.91,4000 -86.76,39.92,4000 -86.78,39.93,4000 -86.80,39.94,4000 -86.82,39.95,4000 -86.84,39.96,4000 -86.86,39.98,4000 -86.87,39.99,4000 -86.88,40.01,4000 -86.89,40.02,4000 -86.90,40.04,4000 -86.90,40.05,4000 -86.91,40.07,4000 -86.92,40.09,4000 -86.92,40.11,4000 -86.92,40.13,4000 -86.92,40.14,4000 -86.92,40.16,4000 -86.92,40.18,4000 -86.91,40.19,4000 -86.90,40.21,4000 -86.89,40.22,4000 -86.88,40.24,4000 -86.86,40.25,4000 -86.85,40.27,4000 -86.83,40.28,4000 -86.81,40.30,4000 -86.80,40.31,4000 -86.78,40.33,4000 -86.68,40.37,4000 
          </coordinates>
        </LinearRing>
      </outerBoundaryIs>
  </Polygon>
 </MultiGeometry>
</Placemark>
<Placemark>
  <name>30%</name>
  <visibility>1</visibility>
  <styleUrl>#poly_30</styleUrl>
  <MultiGeometry>
    <Polygon>
      <outerBoundaryIs>
        <LinearRing>
          <coordinates>
-106.47,41.67,4000 -106.36,41.67,4000 -106.26,41.67,4000 -106.17,41.65,4000 -106.07,41.61,4000 -106.00,41.54,4000 -105.98,41.48,4000 -105.96,41.40,4000 -105.96,41.32,4000 -105.97,41.24,4000 -105.98,41.16,4000 -105.99,41.08,4000 -105.97,41.01,4000 -105.89,40.95,4000 -105.78,40.91,4000 -105.68,40.87,4000 -105.61,40.81,4000 -105.55,40.75,4000 -105.50,40.68,4000 -105.47,40.61,4000 -105.44,40.53,4000 -105.42,40.45,4000 -105.40,40.38,4000 -105.38,40.31,4000 -105.36,40.21,4000 -105.34,40.13,4000 -105.32,40.03,4000 -105.29,39.93,4000 -105.27,39.83,4000 -105.26,39.75,4000 -105.25,39.65,4000 -105.26,39.56,4000 -105.31,39.49,4000 -105.40,39.44,4000 -105.52,39.40,4000 -105.64,39.35,4000 -105.76,39.31,4000 -105.86,39.26,4000 -105.95,39.21,4000 -106.04,39.16,4000 -106.13,39.11,4000 -106.23,39.06,4000 -106.34,39.01,4000 -106.45,38.97,4000 -106.55,38.95,4000 -106.68,38.96,4000 -106.81,39.00,4000 -106.89,39.06,4000 -106.91,39.15,4000 -106.88,39.25,4000 -106.86,39.35,4000 -106.84,39.43,4000 -106.82,39.50,4000 -106.82,39.56,4000 -106.86,39.64,4000 -106.94,39.69,4000 -107.03,39.69,4000 -107.15,39.68,4000 -107.25,39.67,4000 -107.37,39.67,4000 -107.47,39.70,4000 -107.55,39.75,4000 -107.63,39.81,4000 -107.68,39.89,4000 -107.68,39.99,4000 -107.65,40.10,4000 -107.62,40.19,4000 -107.57,40.27,4000 -107.50,40.32,4000 -107.37,40.35,4000 -107.26,40.41,4000 -107.25,40.47,4000 -107.27,40.56,4000 -107.29,40.65,4000 -107.31,40.74,4000 -107.31,40.83,4000 -107.29,40.93,4000 -107.25,41.04,4000 -107.21,41.13,4000 -107.15,41.21,4000 -107.05,41.28,4000 -106.94,41.33,4000 -106.81,41.36,4000 -106.47,41.67,4000 
          </coordinates>
        </LinearRing>
      </outerBoundaryIs>
      <innerBoundaryIs>
        <LinearRing>
          <coordinates>
-106.46,41.59,5000 -106.36,41.60,5000 -106.27,41.61,5000 -106.20,41.60,5000 -106.12,41.55,5000 -106.07,41.47,5000 -106.06,41.41,5000 -106.07,41.34,5000 -106.08,41.27,5000 -106.11,41.21,5000 -106.15,41.14,5000 -106.17,41.08,5000 -106.16,41.02,5000 -106.12,40.96,5000 -106.05,40.91,5000 -105.97,40.88,5000 -105.86,40.86,5000 -105.76,40.83,5000 -105.67,40.79,5000 -105.61,40.72,5000 -105.56,40.64,5000 -105.52,40.55,5000 -105.48,40.45,5000 -105.45,40.37,5000 -105.43,40.28,5000 -105.40,40.19,5000 -105.38,40.11,5000 -105.37,40.04,5000 -105.35,39.93,5000 -105.35,39.86,5000 -105.35,39.79,5000 -105.37,39.72,5000 -105.39,39.66,5000 -105.43,39.59,5000 -105.53,39.50,5000 -105.60,39.45,5000 -105.69,39.40,5000 -105.79,39.35,5000 -105.90,39.29,5000 -106.01,39.24,5000 -106.11,39.19,5000 -106.19,39.15,5000 -106.31,39.10,5000 -106.41,39.07,5000 -106.49,39.05,5000 -106.56,39.04,5000 -106.65,39.03,5000 -106.70,39.06,5000 -106.75,39.13,5000 -106.78,39.24,5000 -106.76,39.32,5000 -106.73,39.41,5000 -106.70,39.50,5000 -106.68,39.58,5000 -106.67,39.67,5000 -106.67,39.75,5000 -106.72,39.80,5000 -106.81,39.80,5000 -106.93,39.78,5000 -107.05,39.76,5000 -107.16,39.74,5000 -107.26,39.73,5000 -107.34,39.73,5000 -107.41,39.75,5000 -107.48,39.80,5000 -107.55,39.87,5000 -107.59,39.95,5000 -107.59,40.03,5000 -107.57,40.11,5000 -107.52,40.18,5000 -107.44,40.23,5000 -107.35,40.28,5000 -107.25,40.32,5000 -107.16,40.35,5000 -107.06,40.38,5000 -107.00,40.42,5000 -106.97,40.49,5000 -107.00,40.58,5000 -107.05,40.65,5000 -107.12,40.72,5000 -107.15,40.81,5000 -107.14,40.89,5000 -107.12,40.97,5000 -107.08,41.06,5000 -107.02,41.13,5000 -106.95,41.19,5000 -106.86,41.24,5000 -106.76,41.28,5000 -106.66,41.32,5000 -106.46,41.59,5000 
          </coordinates>
        </LinearRing>
      </innerBoundaryIs>
  </Polygon>
 </MultiGeometry>
</Placemark>
<Placemark>
  <name>40%</name>
  <visibility>1</visibility>
  <styleUrl>#poly_40</styleUrl>
  <MultiGeometry>
    <Polygon>
      <outerBoundaryIs>
        <LinearRing>
          <coordinates>
-106.46,41.59,5000 -106.36,41.60,5000 -106.27,41.61,5000 -106.20,41.60,5000 -106.12,41.55,5000 -106.07,41.47,5000 -106.06,41.41,5000 -106.07,41.34,5000 -106.08,41.27,5000 -106.11,41.21,5000 -106.15,41.14,5000 -106.17,41.08,5000 -106.16,41.02,5000 -106.12,40.96,5000 -106.05,40.91,5000 -105.97,40.88,5000 -105.86,40.86,5000 -105.76,40.83,5000 -105.67,40.79,5000 -105.61,40.72,5000 -105.56,40.64,5000 -105.52,40.55,5000 -105.48,40.45,5000 -105.45,40.37,5000 -105.43,40.28,5000 -105.40,40.19,5000 -105.38,40.11,5000 -105.37,40.04,5000 -105.35,39.93,5000 -105.35,39.86,5000 -105.35,39.79,5000 -105.37,39.72,5000 -105.39,39.66,5000 -105.43,39.59,5000 -105.53,39.50,5000 -105.60,39.45,5000 -105.69,39.40,5000 -105.79,39.35,5000 -105.90,39.29,5000 -106.01,39.24,5000 -106.11,39.19,5000 -106.19,39.15,5000 -106.31,39.10,5000 -106.41,39.07,5000 -106.49,39.05,5000 -106.56,39.04,5000 -106.65,39.03,5000 -106.70,39.06,5000 -106.75,39.13,5000 -106.78,39.24,5000 -106.76,39.32,5000 -106.73,39.41,5000 -106.70,39.50,5000 -106.68,39.58,5000 -106.67,39.67,5000 -106.67,39.75,5000 -106.72,39.80,5000 -106.81,39.80,5000 -106.93,39.78,5000 -107.05,39.76,5000 -107.16,39.74,5000 -107.26,39.73,5000 -107.34,39.73,5000 -107.41,39.75,5000 -107.48,39.80,5000 -107.55,39.87,5000 -107.59,39.95,5000 -107.59,40.03,5000 -107.57,40.11,5000 -107.52,40.18,5000 -107.44,40.23,5000 -107.35,40.28,5000 -107.25,40.32,5000 -107.16,40.35,5000 -107.06,40.38,5000 -107.00,40.42,5000 -106.97,40.49,5000 -107.00,40.58,5000 -107.05,40.65,5000 -107.12,40.72,5000 -107.15,40.81,5000 -107.14,40.89,5000 -107.12,40.97,5000 -107.08,41.06,5000 -107.02,41.13,5000 -106.95,41.19,5000 -106.86,41.24,5000 -106.76,41.28,5000 -106.66,41.32,5000 -106.46,41.59,5000 
          </coordinates>
        </LinearRing>
      </outerBoundaryIs>
      <innerBoundaryIs>
        <LinearRing>
          <coordinates>
-106.87,41.07,6000 -106.79,41.10,6000 -106.71,41.13,6000 -106.63,41.13,6000 -106.56,41.11,6000 -106.49,41.07,6000 -106.44,41.01,6000 -106.43,40.95,6000 -106.44,40.88,6000 -106.45,40.81,6000 -106.46,40.73,6000 -106.46,40.68,6000 -106.41,40.60,6000 -106.34,40.58,6000 -106.29,40.60,6000 -106.24,40.65,6000 -106.17,40.70,6000 -106.09,40.74,6000 -106.00,40.78,6000 -105.91,40.80,6000 -105.84,40.79,6000 -105.77,40.77,6000 -105.71,40.74,6000 -105.65,40.69,6000 -105.62,40.64,6000 -105.59,40.58,6000 -105.57,40.52,6000 -105.55,40.45,6000 -105.53,40.38,6000 -105.51,40.32,6000 -105.50,40.26,6000 -105.48,40.20,6000 -105.47,40.13,6000 -105.46,40.07,6000 -105.45,40.01,6000 -105.45,39.94,6000 -105.45,39.87,6000 -105.46,39.80,6000 -105.47,39.74,6000 -105.49,39.68,6000 -105.53,39.62,6000 -105.59,39.57,6000 -105.65,39.52,6000 -105.71,39.48,6000 -105.77,39.44,6000 -105.84,39.41,6000 -105.91,39.37,6000 -105.98,39.34,6000 -106.04,39.31,6000 -106.10,39.27,6000 -106.16,39.24,6000 -106.22,39.21,6000 -106.29,39.18,6000 -106.36,39.15,6000 -106.43,39.14,6000 -106.52,39.14,6000 -106.61,39.17,6000 -106.66,39.25,6000 -106.66,39.30,6000 -106.65,39.37,6000 -106.63,39.44,6000 -106.61,39.53,6000 -106.58,39.61,6000 -106.55,39.69,6000 -106.53,39.77,6000 -106.51,39.84,6000 -106.50,39.89,6000 -106.49,40.00,6000 -106.54,40.03,6000 -106.60,40.02,6000 -106.69,39.99,6000 -106.79,39.95,6000 -106.87,39.92,6000 -106.95,39.89,6000 -107.04,39.85,6000 -107.13,39.82,6000 -107.21,39.81,6000 -107.30,39.81,6000 -107.39,39.83,6000 -107.46,39.86,6000 -107.50,39.90,6000 -107.52,39.95,6000 -107.51,40.02,6000 -107.48,40.09,6000 -107.43,40.15,6000 -107.37,40.18,6000 -107.28,40.21,6000 -107.18,40.23,6000 -107.09,40.25,6000 -107.01,40.27,6000 -106.91,40.31,6000 -106.84,40.36,6000 -106.78,40.40,6000 -106.71,40.45,6000 -106.69,40.49,6000 -106.73,40.51,6000 -106.81,40.56,6000 -106.84,40.60,6000 -106.87,40.65,6000 -106.90,40.71,6000 -106.94,40.77,6000 -106.97,40.84,6000 -106.87,41.07,6000 
          </coordinates>
        </LinearRing>
      </innerBoundaryIs>
      <innerBoundaryIs>
        <LinearRing>
          <coordinates>
-106.45,41.49,6000 -106.43,41.50,6000 -106.40,41.50,6000 -106.38,41.51,6000 -106.36,41.51,6000 -106.33,41.52,6000 -106.31,41.52,6000 -106.29,41.52,6000 -106.27,41.52,6000 -106.25,41.52,6000 -106.24,41.52,6000 -106.22,41.52,6000 -106.20,41.51,6000 -106.19,41.50,6000 -106.17,41.49,6000 -106.16,41.48,6000 -106.15,41.46,6000 -106.14,41.45,6000 -106.13,41.43,6000 -106.12,41.42,6000 -106.12,41.40,6000 -106.12,41.38,6000 -106.12,41.37,6000 -106.13,41.35,6000 -106.14,41.33,6000 -106.15,41.31,6000 -106.16,41.30,6000 -106.17,41.28,6000 -106.17,41.26,6000 -106.18,41.25,6000 -106.19,41.24,6000 -106.20,41.23,6000 -106.22,41.23,6000 -106.24,41.22,6000 -106.25,41.21,6000 -106.26,41.20,6000 -106.27,41.19,6000 -106.29,41.17,6000 -106.30,41.15,6000 -106.31,41.14,6000 -106.33,41.12,6000 -106.34,41.10,6000 -106.36,41.09,6000 -106.37,41.08,6000 -106.39,41.07,6000 -106.40,41.07,6000 -106.42,41.07,6000 -106.43,41.08,6000 -106.45,41.08,6000 -106.47,41.09,6000 -106.48,41.11,6000 -106.50,41.12,6000 -106.51,41.14,6000 -106.53,41.15,6000 -106.54,41.17,6000 -106.55,41.19,6000 -106.56,41.20,6000 -106.57,41.21,6000 -106.57,41.23,6000 -106.57,41.24,6000 -106.57,41.26,6000 -106.57,41.28,6000 -106.57,41.29,6000 -106.56,41.31,6000 -106.56,41.33,6000 -106.55,41.35,6000 -106.55,41.36,6000 -106.54,41.38,6000 -106.45,41.49,6000 
          </coordinates>
        </LinearRing>
      </innerBoundaryIs>
  </Polygon>
 </MultiGeometry>
</Placemark>
<Placemark>
  <name>40%</name>
  <visibility>1</visibility>
  <styleUrl>#poly_40</styleUrl>
  <MultiGeometry>
    <Polygon>
      <outerBoundaryIs>
        <LinearRing>
          <coordinates>
-79.32,40.03,5000 -79.29,39.95,5000 -79.28,39.84,5000 -79.29,39.75,5000 -79.31,39.65,5000 -79.33,39.52,5000 -79.34,39.39,5000 -79.36,39.24,5000 -79.38,39.08,5000 -79.41,38.94,5000 -79.46,38.81,5000 -79.52,38.69,5000 -79.59,38.58,5000 -79.67,38.48,5000 -79.77,38.37,5000 -79.89,38.28,5000 -80.05,38.16,5000 -80.16,38.08,5000 -80.30,37.98,5000 -80.44,37.88,5000 -80.58,37.78,5000 -80.71,37.69,5000 -80.81,37.62,5000 -80.96,37.51,5000 -81.05,37.44,5000 -81.15,37.33,5000 -81.26,37.19,5000 -81.36,37.06,5000 -81.46,36.92,5000 -81.54,36.79,5000 -81.58,36.66,5000 -81.61,36.55,5000 -81.68,36.45,5000 -81.79,36.33,5000 -81.90,36.22,5000 -82.02,36.09,5000 -82.13,35.99,5000 -82.23,35.91,5000 -82.34,35.88,5000 -82.47,35.88,5000 -82.62,35.89,5000 -82.74,35.91,5000 -82.83,36.01,5000 -82.81,36.08,5000 -82.71,36.17,5000 -82.59,36.23,5000 -82.44,36.30,5000 -82.29,36.36,5000 -82.17,36.43,5000 -82.06,36.55,5000 -82.05,36.67,5000 -82.13,36.81,5000 -82.23,36.94,5000 -82.25,37.06,5000 -82.14,37.15,5000 -81.99,37.25,5000 -81.87,37.36,5000 -81.83,37.47,5000 -81.82,37.59,5000 -81.80,37.69,5000 -81.75,37.80,5000 -81.68,37.90,5000 -81.59,38.00,5000 -81.48,38.11,5000 -81.39,38.22,5000 -81.34,38.33,5000 -81.31,38.44,5000 -81.27,38.54,5000 -81.22,38.64,5000 -81.12,38.74,5000 -81.02,38.81,5000 -80.90,38.89,5000 -80.77,38.97,5000 -80.66,39.05,5000 -80.54,39.15,5000 -80.43,39.26,5000 -80.31,39.36,5000 -80.20,39.44,5000 -80.08,39.53,5000 -79.97,39.61,5000 -79.86,39.69,5000 -79.74,39.78,5000 -79.63,39.86,5000 -79.53,39.94,5000 -79.32,40.03,5000 
          </coordinates>
        </LinearRing>
      </outerBoundaryIs>
      <innerBoundaryIs>
        <LinearRing>
          <coordinates>
-79.62,39.54,6000 -79.57,39.48,6000 -79.53,39.42,6000 -79.49,39.36,6000 -79.46,39.30,6000 -79.44,39.24,6000 -79.43,39.18,6000 -79.43,39.13,6000 -79.44,39.08,6000 -79.46,39.02,6000 -79.49,38.95,6000 -79.52,38.90,6000 -79.55,38.83,6000 -79.58,38.77,6000 -79.62,38.70,6000 -79.66,38.63,6000 -79.70,38.56,6000 -79.74,38.50,6000 -79.78,38.45,6000 -79.83,38.39,6000 -79.88,38.35,6000 -79.92,38.32,6000 -79.98,38.28,6000 -80.04,38.24,6000 -80.10,38.20,6000 -80.16,38.16,6000 -80.23,38.12,6000 -80.31,38.08,6000 -80.38,38.03,6000 -80.44,38.00,6000 -80.50,37.96,6000 -80.58,37.91,6000 -80.64,37.86,6000 -80.70,37.82,6000 -80.78,37.78,6000 -80.85,37.75,6000 -80.94,37.72,6000 -81.03,37.68,6000 -81.12,37.66,6000 -81.20,37.64,6000 -81.26,37.63,6000 -81.33,37.65,6000 -81.36,37.71,6000 -81.36,37.78,6000 -81.35,37.83,6000 -81.33,37.89,6000 -81.30,37.96,6000 -81.26,38.03,6000 -81.23,38.08,6000 -81.19,38.14,6000 -81.15,38.19,6000 -81.11,38.25,6000 -81.07,38.31,6000 -81.02,38.37,6000 -80.97,38.43,6000 -80.92,38.48,6000 -80.87,38.54,6000 -80.82,38.60,6000 -80.76,38.65,6000 -80.71,38.70,6000 -80.65,38.75,6000 -80.59,38.80,6000 -80.53,38.85,6000 -80.47,38.89,6000 -80.40,38.94,6000 -80.34,38.98,6000 -80.28,39.01,6000 -80.22,39.05,6000 -80.16,39.09,6000 -80.10,39.13,6000 -80.04,39.17,6000 -79.99,39.21,6000 -79.94,39.26,6000 -79.89,39.30,6000 -79.83,39.35,6000 -79.78,39.40,6000 -79.73,39.45,6000 -79.68,39.50,6000 -79.62,39.54,6000 
          </coordinates>
        </LinearRing>
      </innerBoundaryIs>
  </Polygon>
 </MultiGeometry>
</Placemark>
<Placemark>
  <name>40%</name>
  <visibility>1</visibility>
  <styleUrl>#poly_40</styleUrl>
  <MultiGeometry>
    <Polygon>
      <outerBoundaryIs>
        <LinearRing>
          <coordinates>
-110.82,40.91,5000 -110.80,40.92,5000 -110.79,40.92,5000 -110.77,40.93,5000 -110.75,40.94,5000 -110.73,40.94,5000 -110.71,40.95,5000 -110.70,40.95,5000 -110.68,40.96,5000 -110.66,40.96,5000 -110.64,40.96,5000 -110.63,40.97,5000 -110.61,40.97,5000 -110.59,40.97,5000 -110.57,40.97,5000 -110.55,40.97,5000 -110.53,40.97,5000 -110.51,40.96,5000 -110.49,40.96,5000 -110.47,40.96,5000 -110.45,40.95,5000 -110.43,40.95,5000 -110.41,40.94,5000 -110.39,40.94,5000 -110.37,40.94,5000 -110.36,40.93,5000 -110.35,40.93,5000 -110.33,40.93,5000 -110.33,40.91,5000 -110.33,40.90,5000 -110.32,40.89,5000 -110.32,40.87,5000 -110.32,40.86,5000 -110.32,40.84,5000 -110.31,40.82,5000 -110.31,40.81,5000 -110.31,40.79,5000 -110.30,40.77,5000 -110.30,40.76,5000 -110.30,40.75,5000 -110.30,40.74,5000 -110.29,40.73,5000 -110.32,40.73,5000 -110.33,40.73,5000 -110.34,40.72,5000 -110.36,40.72,5000 -110.37,40.71,5000 -110.39,40.71,5000 -110.41,40.70,5000 -110.43,40.69,5000 -110.45,40.69,5000 -110.47,40.68,5000 -110.48,40.68,5000 -110.50,40.67,5000 -110.52,40.66,5000 -110.54,40.66,5000 -110.56,40.66,5000 -110.58,40.65,5000 -110.60,40.65,5000 -110.62,40.64,5000 -110.64,40.64,5000 -110.66,40.63,5000 -110.68,40.63,5000 -110.70,40.62,5000 -110.72,40.62,5000 -110.73,40.62,5000 -110.75,40.62,5000 -110.77,40.62,5000 -110.79,40.62,5000 -110.81,40.62,5000 -110.83,40.63,5000 -110.85,40.63,5000 -110.87,40.63,5000 -110.89,40.64,5000 -110.91,40.64,5000 -110.93,40.65,5000 -110.94,40.66,5000 -110.95,40.67,5000 -110.96,40.68,5000 -110.96,40.69,5000 -110.96,40.70,5000 -110.96,40.71,5000 -110.96,40.72,5000 -110.96,40.74,5000 -110.95,40.75,5000 -110.95,40.76,5000 -110.94,40.78,5000 -110.93,40.79,5000 -110.92,40.81,5000 -110.91,40.82,5000 -110.90,40.84,5000 -110.89,40.85,5000 -110.88,40.87,5000 -110.82,40.91,5000 
          </coordinates>
        </LinearRing>
      </outerBoundaryIs>
      <innerBoundaryIs>
        <LinearRing>
          <coordinates>
-110.58,40.91,6000 -110.57,40.92,6000 -110.55,40.92,6000 -110.54,40.92,6000 -110.54,40.91,6000 -110.53,40.90,6000 -110.53,40.90,6000 -110.53,40.89,6000 -110.53,40.88,6000 -110.53,40.88,6000 -110.53,40.87,6000 -110.53,40.86,6000 -110.53,40.85,6000 -110.53,40.84,6000 -110.53,40.83,6000 -110.53,40.82,6000 -110.53,40.81,6000 -110.53,40.80,6000 -110.53,40.79,6000 -110.53,40.78,6000 -110.53,40.77,6000 -110.54,40.76,6000 -110.54,40.75,6000 -110.54,40.74,6000 -110.54,40.74,6000 -110.54,40.73,6000 -110.54,40.72,6000 -110.54,40.72,6000 -110.55,40.72,6000 -110.56,40.72,6000 -110.56,40.72,6000 -110.57,40.72,6000 -110.58,40.72,6000 -110.59,40.71,6000 -110.60,40.71,6000 -110.61,40.71,6000 -110.63,40.71,6000 -110.64,40.71,6000 -110.65,40.71,6000 -110.66,40.70,6000 -110.68,40.70,6000 -110.69,40.70,6000 -110.70,40.70,6000 -110.71,40.70,6000 -110.73,40.70,6000 -110.74,40.69,6000 -110.75,40.69,6000 -110.76,40.69,6000 -110.77,40.69,6000 -110.77,40.69,6000 -110.78,40.69,6000 -110.80,40.69,6000 -110.80,40.69,6000 -110.80,40.70,6000 -110.80,40.70,6000 -110.80,40.71,6000 -110.80,40.71,6000 -110.80,40.72,6000 -110.79,40.74,6000 -110.79,40.74,6000 -110.78,40.75,6000 -110.78,40.75,6000 -110.77,40.76,6000 -110.77,40.77,6000 -110.76,40.77,6000 -110.76,40.78,6000 -110.75,40.78,6000 -110.75,40.79,6000 -110.74,40.80,6000 -110.74,40.80,6000 -110.73,40.81,6000 -110.72,40.82,6000 -110.72,40.83,6000 -110.71,40.83,6000 -110.70,40.84,6000 -110.70,40.85,6000 -110.69,40.86,6000 -110.68,40.87,6000 -110.67,40.87,6000 -110.67,40.88,6000 -110.66,40.89,6000 -110.58,40.91,6000 
          </coordinates>
        </LinearRing>
      </innerBoundaryIs>
  </Polygon>
 </MultiGeometry>
</Placemark>
<Placemark>
  <name>40%</name>
  <visibility>1</visibility>
  <styleUrl>#poly_40</styleUrl>
  <MultiGeometry>
    <Polygon>
      <outerBoundaryIs>
        <LinearRing>
          <coordinates>
-118.06,45.89,5000 -118.05,45.89,5000 -118.04,45.90,5000 -118.03,45.90,5000 -118.03,45.91,5000 -118.02,45.91,5000 -118.01,45.91,5000 -118.00,45.92,5000 -117.99,45.92,5000 -117.98,45.92,5000 -117.98,45.93,5000 -117.97,45.93,5000 -117.96,45.94,5000 -117.95,45.94,5000 -117.95,45.94,5000 -117.94,45.95,5000 -117.93,45.95,5000 -117.92,45.95,5000 -117.92,45.95,5000 -117.91,45.96,5000 -117.90,45.96,5000 -117.89,45.96,5000 -117.89,45.96,5000 -117.88,45.97,5000 -117.88,45.97,5000 -117.87,45.97,5000 -117.86,45.97,5000 -117.86,45.97,5000 -117.85,45.98,5000 -117.85,45.98,5000 -117.84,45.98,5000 -117.84,45.98,5000 -117.83,45.98,5000 -117.83,45.98,5000 -117.82,45.98,5000 -117.81,45.98,5000 -117.81,45.97,5000 -117.80,45.97,5000 -117.80,45.96,5000 -117.80,45.96,5000 -117.80,45.95,5000 -117.80,45.94,5000 -117.80,45.93,5000 -117.80,45.93,5000 -117.80,45.92,5000 -117.80,45.91,5000 -117.80,45.91,5000 -117.79,45.90,5000 -117.79,45.90,5000 -117.79,45.90,5000 -117.81,45.89,5000 -117.81,45.89,5000 -117.82,45.89,5000 -117.82,45.89,5000 -117.83,45.88,5000 -117.84,45.88,5000 -117.85,45.88,5000 -117.85,45.88,5000 -117.86,45.88,5000 -117.87,45.87,5000 -117.88,45.87,5000 -117.89,45.87,5000 -117.90,45.87,5000 -117.91,45.87,5000 -117.91,45.86,5000 -117.92,45.86,5000 -117.93,45.86,5000 -117.94,45.86,5000 -117.95,45.86,5000 -117.96,45.85,5000 -117.97,45.85,5000 -117.98,45.85,5000 -117.99,45.85,5000 -118.00,45.85,5000 -118.00,45.84,5000 -118.01,45.84,5000 -118.02,45.84,5000 -118.02,45.84,5000 -118.03,45.84,5000 -118.04,45.84,5000 -118.04,45.84,5000 -118.05,45.84,5000 -118.06,45.84,5000 -118.07,45.85,5000 -118.07,45.85,5000 -118.07,45.86,5000 -118.07,45.86,5000 -118.07,45.87,5000 -118.07,45.88,5000 -118.06,45.89,5000 
          </coordinates>
        </LinearRing>
      </outerBoundaryIs>
  </Polygon>
 </MultiGeometry>
</Placemark>
<Placemark>
  <name>40%</name>
  <visibility>1</visibility>
  <styleUrl>#poly_40</styleUrl>
  <MultiGeometry>
    <Polygon>
      <outerBoundaryIs>
        <LinearRing>
          <coordinates>
-127.35,50.31,5000 -127.28,50.33,5000 -127.21,50.34,5000 -127.14,50.35,5000 -127.07,50.37,5000 -127.00,50.38,5000 -126.93,50.40,5000 -126.86,50.41,5000 -126.79,50.42,5000 -126.72,50.44,5000 -126.64,50.45,5000 -126.57,50.47,5000 -126.50,50.48,5000 -126.43,50.49,5000 -126.36,50.49,5000 -126.28,50.49,5000 -126.19,50.49,5000 -126.11,50.48,5000 -126.03,50.47,5000 -125.96,50.45,5000 -125.89,50.44,5000 -125.82,50.42,5000 -125.76,50.40,5000 -125.71,50.38,5000 -125.66,50.35,5000 -125.61,50.31,5000 -125.58,50.27,5000 -125.55,50.23,5000 -125.53,50.18,5000 -125.50,50.13,5000 -125.48,50.08,5000 -125.45,50.04,5000 -125.43,50.00,5000 -125.39,49.96,5000 -125.34,49.93,5000 -125.30,49.90,5000 -125.25,49.86,5000 -125.21,49.83,5000 -125.17,49.79,5000 -125.12,49.74,5000 -125.08,49.70,5000 -125.04,49.66,5000 -125.00,49.62,5000 -124.96,49.58,5000 -124.92,49.54,5000 -124.89,49.50,5000 -124.86,49.46,5000 -124.84,49.42,5000 -124.83,49.37,5000 -124.84,49.32,5000 -124.85,49.28,5000 -124.88,49.24,5000 -124.92,49.20,5000 -124.98,49.17,5000 -125.04,49.14,5000 -125.10,49.12,5000 -125.16,49.11,5000 -125.22,49.10,5000 -125.28,49.10,5000 -125.34,49.10,5000 -125.41,49.11,5000 -125.48,49.13,5000 -125.56,49.15,5000 -125.63,49.18,5000 -125.69,49.20,5000 -125.75,49.23,5000 -125.81,49.26,5000 -125.87,49.28,5000 -125.93,49.31,5000 -125.99,49.33,5000 -126.05,49.36,5000 -126.11,49.38,5000 -126.18,49.41,5000 -126.24,49.44,5000 -126.29,49.47,5000 -126.35,49.51,5000 -126.41,49.55,5000 -126.46,49.59,5000 -126.52,49.63,5000 -126.57,49.66,5000 -126.63,49.69,5000 -126.68,49.72,5000 -126.73,49.74,5000 -126.78,49.76,5000 -126.83,49.79,5000 -126.89,49.82,5000 -126.95,49.86,5000 -127.01,49.90,5000 -127.07,49.93,5000 -127.13,49.96,5000 -127.18,49.99,5000 -127.23,50.03,5000 -127.29,50.06,5000 -127.35,50.09,5000 -127.40,50.13,5000 -127.46,50.16,5000 -127.52,50.20,5000 -127.35,50.31,5000 
          </coordinates>
        </LinearRing>
      </outerBoundaryIs>
      <innerBoundaryIs>
        <LinearRing>
          <coordinates>
-127.33,50.26,6000 -127.26,50.28,6000 -127.19,50.30,6000 -127.13,50.31,6000 -127.06,50.33,6000 -126.99,50.35,6000 -126.92,50.37,6000 -126.85,50.38,6000 -126.78,50.39,6000 -126.71,50.41,6000 -126.63,50.42,6000 -126.56,50.44,6000 -126.48,50.45,6000 -126.42,50.45,6000 -126.35,50.46,6000 -126.26,50.46,6000 -126.18,50.46,6000 -126.11,50.45,6000 -126.04,50.44,6000 -125.97,50.43,6000 -125.90,50.41,6000 -125.84,50.39,6000 -125.78,50.37,6000 -125.73,50.34,6000 -125.68,50.30,6000 -125.65,50.26,6000 -125.62,50.22,6000 -125.59,50.18,6000 -125.57,50.13,6000 -125.54,50.08,6000 -125.52,50.04,6000 -125.49,50.00,6000 -125.45,49.96,6000 -125.41,49.92,6000 -125.36,49.89,6000 -125.31,49.85,6000 -125.28,49.82,6000 -125.24,49.78,6000 -125.19,49.75,6000 -125.15,49.71,6000 -125.11,49.66,6000 -125.06,49.63,6000 -125.03,49.59,6000 -125.00,49.56,6000 -124.96,49.51,6000 -124.93,49.48,6000 -124.91,49.45,6000 -124.91,49.41,6000 -124.91,49.37,6000 -124.92,49.33,6000 -124.94,49.29,6000 -124.97,49.25,6000 -125.01,49.22,6000 -125.06,49.19,6000 -125.13,49.17,6000 -125.21,49.15,6000 -125.28,49.14,6000 -125.35,49.14,6000 -125.41,49.15,6000 -125.47,49.16,6000 -125.52,49.18,6000 -125.58,49.21,6000 -125.64,49.23,6000 -125.70,49.25,6000 -125.76,49.27,6000 -125.83,49.30,6000 -125.89,49.32,6000 -125.95,49.35,6000 -126.01,49.38,6000 -126.07,49.40,6000 -126.13,49.43,6000 -126.19,49.46,6000 -126.25,49.49,6000 -126.30,49.52,6000 -126.36,49.56,6000 -126.41,49.60,6000 -126.46,49.64,6000 -126.51,49.67,6000 -126.56,49.70,6000 -126.61,49.73,6000 -126.67,49.75,6000 -126.72,49.77,6000 -126.77,49.80,6000 -126.82,49.82,6000 -126.87,49.85,6000 -126.92,49.87,6000 -126.97,49.90,6000 -127.02,49.93,6000 -127.06,49.96,6000 -127.11,50.00,6000 -127.15,50.03,6000 -127.19,50.07,6000 -127.24,50.11,6000 -127.28,50.15,6000 -127.33,50.26,6000 
          </coordinates>
        </LinearRing>
      </innerBoundaryIs>
  </Polygon>
 </MultiGeometry>
</Placemark>
<Placemark>
  <name>40%</name>
  <visibility>1</visibility>
  <styleUrl>#poly_40</styleUrl>
  <MultiGeometry>
    <Polygon>
      <outerBoundaryIs>
        <LinearRing>
          <coordinates>
-73.05,43.28,5000 -73.02,43.27,5000 -72.99,43.26,5000 -72.97,43.25,5000 -72.94,43.24,5000 -72.92,43.23,5000 -72.89,43.22,5000 -72.87,43.21,5000 -72.85,43.21,5000 -72.84,43.20,5000 -72.82,43.19,5000 -72.81,43.18,5000 -72.81,43.16,5000 -72.80,43.15,5000 -72.79,43.13,5000 -72.78,43.10,5000 -72.77,43.08,5000 -72.77,43.06,5000 -72.76,43.04,5000 -72.76,43.02,5000 -72.76,43.00,5000 -72.76,42.98,5000 -72.77,42.96,5000 -72.77,42.94,5000 -72.78,42.92,5000 -72.78,42.90,5000 -72.79,42.88,5000 -72.80,42.86,5000 -72.81,42.85,5000 -72.82,42.83,5000 -72.84,42.81,5000 -72.85,42.80,5000 -72.87,42.79,5000 -72.89,42.78,5000 -72.92,42.77,5000 -72.94,42.76,5000 -72.96,42.76,5000 -72.99,42.75,5000 -73.02,42.75,5000 -73.05,42.74,5000 -73.07,42.74,5000 -73.10,42.73,5000 -73.13,42.73,5000 -73.15,42.74,5000 -73.17,42.74,5000 -73.19,42.75,5000 -73.20,42.76,5000 -73.22,42.78,5000 -73.23,42.80,5000 -73.24,42.82,5000 -73.24,42.84,5000 -73.25,42.86,5000 -73.26,42.88,5000 -73.26,42.90,5000 -73.26,42.92,5000 -73.26,42.94,5000 -73.26,42.96,5000 -73.26,42.98,5000 -73.26,42.99,5000 -73.25,43.01,5000 -73.25,43.03,5000 -73.24,43.05,5000 -73.23,43.07,5000 -73.22,43.09,5000 -73.21,43.10,5000 -73.20,43.12,5000 -73.19,43.13,5000 -73.17,43.15,5000 -73.16,43.17,5000 -73.15,43.18,5000 -73.13,43.20,5000 -73.12,43.21,5000 -73.10,43.23,5000 -73.05,43.28,5000 
          </coordinates>
        </LinearRing>
      </outerBoundaryIs>
      <innerBoundaryIs>
        <LinearRing>
          <coordinates>
-73.07,43.17,6000 -73.05,43.16,6000 -73.03,43.16,6000 -73.02,43.15,6000 -73.00,43.15,6000 -72.98,43.14,6000 -72.97,43.14,6000 -72.95,43.13,6000 -72.93,43.13,6000 -72.92,43.12,6000 -72.90,43.12,6000 -72.89,43.11,6000 -72.88,43.11,6000 -72.87,43.10,6000 -72.86,43.10,6000 -72.85,43.09,6000 -72.83,43.08,6000 -72.83,43.07,6000 -72.82,43.06,6000 -72.82,43.05,6000 -72.83,43.04,6000 -72.83,43.02,6000 -72.83,43.01,6000 -72.83,43.00,6000 -72.84,42.99,6000 -72.84,42.97,6000 -72.84,42.96,6000 -72.85,42.95,6000 -72.85,42.93,6000 -72.86,42.92,6000 -72.86,42.90,6000 -72.87,42.89,6000 -72.87,42.88,6000 -72.87,42.87,6000 -72.88,42.86,6000 -72.88,42.85,6000 -72.88,42.83,6000 -72.91,42.84,6000 -72.92,42.84,6000 -72.94,42.84,6000 -72.95,42.84,6000 -72.97,42.84,6000 -72.99,42.83,6000 -73.01,42.83,6000 -73.03,42.83,6000 -73.05,42.83,6000 -73.07,42.83,6000 -73.09,42.83,6000 -73.11,42.83,6000 -73.12,42.83,6000 -73.14,42.83,6000 -73.15,42.83,6000 -73.17,42.83,6000 -73.18,42.84,6000 -73.18,42.85,6000 -73.18,42.86,6000 -73.18,42.87,6000 -73.18,42.89,6000 -73.18,42.90,6000 -73.18,42.91,6000 -73.18,42.92,6000 -73.18,42.93,6000 -73.18,42.94,6000 -73.18,42.95,6000 -73.17,42.96,6000 -73.17,42.98,6000 -73.17,42.99,6000 -73.17,43.00,6000 -73.17,43.02,6000 -73.16,43.03,6000 -73.16,43.05,6000 -73.16,43.06,6000 -73.07,43.17,6000 
          </coordinates>
        </LinearRing>
      </innerBoundaryIs>
  </Polygon>
 </MultiGeometry>
</Placemark>
<Placemark>
  <name>40%</name>
  <visibility>1</visibility>
  <styleUrl>#poly_40</styleUrl>
  <MultiGeometry>
    <Polygon>
      <outerBoundaryIs>
        <LinearRing>
          <coordinates>
-106.36,42.76,5000 -106.33,42.77,5000 -106.30,42.77,5000 -106.27,42.78,5000 -106.25,42.79,5000 -106.22,42.79,5000 -106.19,42.80,5000 -106.16,42.80,5000 -106.13,42.80,5000 -106.10,42.80,5000 -106.08,42.80,5000 -106.05,42.80,5000 -106.02,42.79,5000 -106.00,42.79,5000 -105.97,42.79,5000 -105.94,42.78,5000 -105.92,42.78,5000 -105.89,42.77,5000 -105.86,42.76,5000 -105.84,42.76,5000 -105.81,42.75,5000 -105.78,42.74,5000 -105.75,42.73,5000 -105.73,42.72,5000 -105.70,42.71,5000 -105.68,42.70,5000 -105.66,42.70,5000 -105.64,42.69,5000 -105.61,42.68,5000 -105.60,42.68,5000 -105.58,42.66,5000 -105.57,42.65,5000 -105.55,42.63,5000 -105.53,42.62,5000 -105.52,42.60,5000 -105.50,42.58,5000 -105.48,42.56,5000 -105.46,42.54,5000 -105.45,42.53,5000 -105.44,42.51,5000 -105.44,42.49,5000 -105.44,42.47,5000 -105.45,42.45,5000 -105.46,42.44,5000 -105.48,42.42,5000 -105.50,42.40,5000 -105.52,42.38,5000 -105.54,42.37,5000 -105.56,42.35,5000 -105.58,42.34,5000 -105.60,42.33,5000 -105.62,42.32,5000 -105.65,42.32,5000 -105.67,42.32,5000 -105.70,42.32,5000 -105.73,42.32,5000 -105.76,42.32,5000 -105.79,42.32,5000 -105.81,42.33,5000 -105.84,42.33,5000 -105.87,42.33,5000 -105.89,42.34,5000 -105.92,42.34,5000 -105.95,42.34,5000 -105.97,42.35,5000 -106.00,42.35,5000 -106.03,42.36,5000 -106.05,42.36,5000 -106.08,42.37,5000 -106.11,42.38,5000 -106.14,42.38,5000 -106.17,42.39,5000 -106.20,42.40,5000 -106.23,42.41,5000 -106.26,42.42,5000 -106.28,42.43,5000 -106.30,42.43,5000 -106.32,42.44,5000 -106.32,42.45,5000 -106.33,42.46,5000 -106.34,42.47,5000 -106.35,42.49,5000 -106.36,42.51,5000 -106.37,42.53,5000 -106.39,42.55,5000 -106.40,42.57,5000 -106.41,42.59,5000 -106.43,42.61,5000 -106.36,42.76,5000 
          </coordinates>
        </LinearRing>
      </outerBoundaryIs>
      <innerBoundaryIs>
        <LinearRing>
          <coordinates>
-106.11,42.70,6000 -106.09,42.70,6000 -106.07,42.70,6000 -106.05,42.70,6000 -106.03,42.70,6000 -106.01,42.70,6000 -105.99,42.70,6000 -105.97,42.70,6000 -105.95,42.70,6000 -105.93,42.70,6000 -105.91,42.70,6000 -105.90,42.70,6000 -105.88,42.70,6000 -105.86,42.70,6000 -105.84,42.69,6000 -105.82,42.69,6000 -105.81,42.68,6000 -105.79,42.68,6000 -105.77,42.67,6000 -105.76,42.66,6000 -105.74,42.66,6000 -105.73,42.65,6000 -105.71,42.64,6000 -105.70,42.63,6000 -105.69,42.62,6000 -105.67,42.61,6000 -105.66,42.59,6000 -105.65,42.58,6000 -105.64,42.57,6000 -105.63,42.56,6000 -105.62,42.55,6000 -105.60,42.54,6000 -105.59,42.52,6000 -105.58,42.51,6000 -105.57,42.50,6000 -105.56,42.49,6000 -105.56,42.48,6000 -105.56,42.47,6000 -105.57,42.46,6000 -105.58,42.45,6000 -105.61,42.44,6000 -105.62,42.44,6000 -105.64,42.43,6000 -105.65,42.43,6000 -105.67,42.42,6000 -105.69,42.42,6000 -105.71,42.42,6000 -105.73,42.41,6000 -105.76,42.41,6000 -105.78,42.41,6000 -105.80,42.40,6000 -105.82,42.40,6000 -105.84,42.40,6000 -105.86,42.40,6000 -105.88,42.40,6000 -105.90,42.40,6000 -105.93,42.41,6000 -105.95,42.41,6000 -105.97,42.41,6000 -105.99,42.41,6000 -106.01,42.42,6000 -106.03,42.42,6000 -106.05,42.42,6000 -106.07,42.43,6000 -106.08,42.43,6000 -106.11,42.43,6000 -106.12,42.43,6000 -106.13,42.43,6000 -106.14,42.45,6000 -106.15,42.46,6000 -106.15,42.47,6000 -106.16,42.48,6000 -106.17,42.49,6000 -106.17,42.50,6000 -106.18,42.51,6000 -106.19,42.53,6000 -106.20,42.54,6000 -106.21,42.56,6000 -106.21,42.57,6000 -106.22,42.59,6000 -106.23,42.60,6000 -106.24,42.62,6000 -106.11,42.70,6000 
          </coordinates>
        </LinearRing>
      </innerBoundaryIs>
  </Polygon>
 </MultiGeometry>
</Placemark>
<Placemark>
  <name>40%</name>
  <visibility>1</visibility>
  <styleUrl>#poly_40</styleUrl>
  <MultiGeometry>
    <Polygon>
      <outerBoundaryIs>
        <LinearRing>
          <coordinates>
-125.33,50.55,5000 -125.02,50.68,5000 -124.63,50.74,5000 -123.85,50.85,5000 -123.40,50.91,5000 -122.97,50.90,5000 -122.29,50.76,5000 -121.89,50.52,5000 -121.54,50.15,5000 -121.01,49.93,5000 -120.75,49.81,5000 -120.60,49.69,5000 -120.50,49.82,5000 -120.24,50.00,5000 -120.10,50.17,5000 -119.92,50.63,5000 -120.87,51.05,5000 -120.81,51.18,5000 -120.46,51.28,5000 -119.67,51.37,5000 -117.93,51.57,5000 -116.46,51.71,5000 -116.13,51.68,5000 -115.91,51.53,5000 -115.85,51.34,5000 -115.98,51.12,5000 -116.32,51.11,5000 -116.52,51.13,5000 -116.62,51.05,5000 -116.34,50.69,5000 -116.10,50.27,5000 -115.66,49.68,5000 -115.59,49.91,5000 -115.26,50.04,5000 -115.00,49.83,5000 -114.96,49.59,5000 -115.43,49.41,5000 -115.45,49.20,5000 -115.33,49.01,5000 -114.94,48.81,5000 -114.60,48.87,5000 -114.44,48.98,5000 -114.54,49.15,5000 -114.72,49.27,5000 -114.76,49.50,5000 -114.39,49.61,5000 -114.07,49.68,5000 -113.92,49.86,5000 -113.74,50.06,5000 -113.47,50.22,5000 -112.84,50.37,5000 -112.29,50.29,5000 -111.64,50.07,5000 -111.11,49.85,5000 -110.84,49.77,5000 -110.62,49.69,5000 -110.41,49.78,5000 -110.23,49.84,5000 -109.91,49.84,5000 -109.59,49.73,5000 -109.56,49.50,5000 -109.47,49.32,5000 -109.23,49.23,5000 -108.62,49.15,5000 -108.07,49.03,5000 -106.89,48.72,5000 -105.60,48.67,5000 -104.49,48.57,5000 -103.28,48.51,5000 -102.60,48.50,5000 -102.19,48.54,5000 -101.80,48.53,5000 -101.19,48.38,5000 -100.69,48.21,5000 -100.03,48.01,5000 -99.44,47.92,5000 -98.48,47.66,5000 -97.94,47.71,5000 -97.49,47.71,5000 -96.99,47.54,5000 -96.49,47.33,5000 -96.04,47.29,5000 -95.70,47.39,5000 -95.37,47.48,5000 -94.93,47.47,5000 -94.33,47.40,5000 -93.84,47.43,5000 -93.01,47.56,5000 -92.31,47.71,5000 -91.71,47.84,5000 -91.05,47.94,5000 -90.04,48.33,5000 -89.47,48.47,5000 -89.24,48.65,5000 -89.18,48.78,5000 -89.04,48.99,5000 -88.85,49.12,5000 -88.39,49.44,5000 -88.09,49.70,5000 -87.78,50.06,5000 -87.51,50.37,5000 -87.04,50.57,5000 -86.33,50.62,5000 -85.51,50.54,5000 -85.11,50.45,5000 -84.71,50.23,5000 -84.31,50.03,5000 -83.80,49.87,5000 -83.35,49.56,5000 -82.79,49.38,5000 -81.98,48.92,5000 -80.89,48.65,5000 -79.67,48.35,5000 -78.40,48.02,5000 -78.02,47.93,5000 -77.61,47.93,5000 -77.04,47.96,5000 -76.54,48.00,5000 -76.28,48.06,5000 -75.67,48.21,5000 -74.54,48.51,5000 -74.06,48.76,5000 -73.48,48.96,5000 -72.99,49.13,5000 -72.62,49.45,5000 -71.75,49.97,5000 -71.53,50.23,5000 -71.14,50.53,5000 -70.70,50.65,5000 -70.17,50.75,5000 -69.61,50.85,5000 -69.29,50.90,5000 -68.91,50.88,5000 -68.33,50.86,5000 -67.96,50.86,5000 -67.62,50.77,5000 -66.72,50.44,5000 -66.22,50.22,5000 -65.90,49.93,5000 -65.32,49.40,5000 -64.74,48.88,5000 -64.31,48.72,5000 -63.57,48.54,5000 -62.52,47.98,5000 -62.08,47.73,5000 -62.02,47.50,5000 -62.09,47.21,5000 -62.55,46.09,5000 -62.69,45.85,5000 -62.76,45.56,5000 -62.84,45.32,5000 -62.99,45.13,5000 -63.17,45.09,5000 -63.38,45.17,5000 -63.86,45.40,5000 -64.04,45.51,5000 -64.07,45.68,5000 -63.97,45.79,5000 -64.15,45.86,5000 -65.26,45.46,5000 -65.56,45.43,5000 -65.75,45.61,5000 -65.77,45.79,5000 -66.02,45.77,5000 -66.56,45.69,5000 -67.05,45.55,5000 -68.34,45.61,5000 -68.84,45.49,5000 -69.34,45.52,5000 -69.65,45.76,5000 -69.76,45.79,5000 -69.91,45.66,5000 -70.27,45.45,5000 -70.59,45.18,5000 -71.45,44.67,5000 -71.97,44.60,5000 -72.49,44.38,5000 -72.84,44.18,5000 -72.99,44.58,5000 -73.12,44.77,5000 -73.32,44.86,5000 -73.52,44.76,5000 -73.69,44.47,5000 -73.77,43.98,5000 -74.04,43.57,5000 -74.28,43.14,5000 -74.50,42.89,5000 -74.54,42.53,5000 -74.63,42.24,5000 -74.74,42.11,5000 -75.23,41.93,5000 -75.43,41.89,5000 -75.78,41.93,5000 -76.26,42.02,5000 -76.47,42.03,5000 -76.61,41.79,5000 -76.62,41.51,5000 -76.92,41.45,5000 -77.52,41.39,5000 -77.99,41.36,5000 -78.21,41.18,5000 -78.49,40.94,5000 -78.83,40.85,5000 -79.16,40.96,5000 -79.44,41.01,5000 -79.73,40.99,5000 -80.09,40.99,5000 -80.38,41.10,5000 -80.82,41.21,5000 -81.41,41.23,5000 -81.74,41.28,5000 -81.92,41.44,5000 -81.91,41.61,5000 -81.62,41.93,5000 -81.30,42.21,5000 -81.16,42.41,5000 -81.20,42.64,5000 -81.50,42.94,5000 -82.09,43.55,5000 -82.29,43.59,5000 -82.50,43.50,5000 -82.65,43.40,5000 -83.10,43.31,5000 -83.78,43.38,5000 -84.44,43.35,5000 -85.01,43.20,5000 -85.24,43.03,5000 -85.34,42.83,5000 -85.04,41.98,5000 -85.07,41.73,5000 -85.18,41.47,5000 -85.37,41.31,5000 -85.67,41.19,5000 -86.21,41.06,5000 -86.64,41.14,5000 -87.05,41.08,5000 -87.34,40.87,5000 -87.59,40.52,5000 -88.37,39.99,5000 -88.90,39.82,5000 -89.28,39.75,5000 -89.55,39.64,5000 -89.72,39.53,5000 -90.04,39.46,5000 -90.43,39.55,5000 -90.81,39.55,5000 -91.96,39.77,5000 -92.77,40.01,5000 -93.23,40.18,5000 -93.63,40.46,5000 -93.94,40.67,5000 -94.28,40.99,5000 -94.55,41.31,5000 -94.87,41.63,5000 -95.28,41.88,5000 -95.50,42.20,5000 -95.68,42.64,5000 -95.95,42.94,5000 -96.26,43.13,5000 -96.66,43.30,5000 -97.09,43.32,5000 -97.31,43.19,5000 -97.37,43.11,5000 -97.32,42.90,5000 -97.01,42.57,5000 -96.99,42.43,5000 -97.12,42.37,5000 -97.51,42.37,5000 -97.85,42.41,5000 -98.01,42.68,5000 -98.13,42.81,5000 -98.12,42.60,5000 -99.23,42.73,5000 -100.44,42.88,5000 -101.11,42.89,5000 -101.84,42.93,5000 -102.22,42.93,5000 -102.52,43.03,5000 -102.59,43.36,5000 -102.73,43.54,5000 -103.08,43.76,5000 -103.44,43.85,5000 -104.10,43.94,5000 -104.60,44.07,5000 -105.10,44.23,5000 -105.36,44.50,5000 -105.49,44.93,5000 -105.58,45.23,5000 -105.83,45.34,5000 -106.40,45.47,5000 -106.68,45.39,5000 -106.80,45.21,5000 -106.90,45.04,5000 -106.85,44.83,5000 -106.57,44.66,5000 -106.69,44.24,5000 -106.66,43.79,5000 -106.43,43.34,5000 -106.58,43.12,5000 -106.88,43.10,5000 -107.38,43.33,5000 -107.45,43.55,5000 -107.34,43.71,5000 -107.29,44.03,5000 -107.45,44.31,5000 -107.74,44.61,5000 -108.10,44.91,5000 -108.60,45.10,5000 -108.82,45.21,5000 -108.81,45.37,5000 -108.65,45.47,5000 -108.41,45.52,5000 -107.89,45.45,5000 -107.64,45.47,5000 -107.38,45.61,5000 -107.59,45.92,5000 -107.77,46.09,5000 -108.05,46.19,5000 -108.34,46.27,5000 -108.61,46.40,5000 -108.84,46.46,5000 -109.28,46.49,5000 -109.67,46.45,5000 -109.86,46.38,5000 -109.93,46.26,5000 -109.86,46.03,5000 -109.63,45.88,5000 -109.43,45.82,5000 -109.27,45.66,5000 -108.93,45.37,5000 -108.87,45.25,5000 -108.93,45.12,5000 -109.04,44.98,5000 -109.04,44.59,5000 -108.76,43.93,5000 -109.14,43.23,5000 -108.91,42.90,5000 -108.80,42.64,5000 -109.05,42.53,5000 -109.45,42.67,5000 -109.88,42.91,5000 -110.21,42.93,5000 -110.37,42.69,5000 -110.61,42.33,5000 -110.87,42.42,5000 -110.99,42.68,5000 -111.02,43.00,5000 -111.17,43.30,5000 -111.24,43.54,5000 -111.09,44.00,5000 -111.19,44.30,5000 -111.36,44.59,5000 -111.85,44.85,5000 -111.94,44.97,5000 -111.90,45.14,5000 -111.92,45.30,5000 -112.04,45.38,5000 -112.09,45.64,5000 -111.41,45.61,5000 -111.13,45.72,5000 -110.99,45.90,5000 -110.96,46.03,5000 -111.05,46.16,5000 -111.22,46.27,5000 -111.47,46.39,5000 -111.62,46.34,5000 -112.13,46.06,5000 -112.63,45.84,5000 -112.82,45.49,5000 -113.17,45.17,5000 -113.45,45.00,5000 -113.91,45.05,5000 -114.31,44.72,5000 -114.42,44.31,5000 -114.40,43.83,5000 -114.67,43.57,5000 -115.03,43.51,5000 -115.34,43.57,5000 -115.48,43.73,5000 -115.57,43.99,5000 -115.77,44.29,5000 -116.02,44.84,5000 -116.35,45.17,5000 -116.32,45.40,5000 -116.22,45.51,5000 -116.05,45.78,5000 -115.76,46.14,5000 -115.89,46.66,5000 -116.21,46.94,5000 -116.29,47.22,5000 -116.30,47.51,5000 -116.39,47.74,5000 -116.41,47.98,5000 -116.34,48.29,5000 -116.43,48.44,5000 -116.64,48.60,5000 -117.06,48.81,5000 -117.35,49.10,5000 -117.56,49.21,5000 -117.90,49.24,5000 -118.25,49.27,5000 -118.71,49.36,5000 -119.28,49.60,5000 -119.36,50.00,5000 -119.47,50.25,5000 -119.50,50.12,5000 -119.66,50.02,5000 -120.11,49.59,5000 -120.29,49.49,5000 -120.58,49.60,5000 -120.50,49.39,5000 -120.21,49.29,5000 -120.06,49.04,5000 -120.21,48.86,5000 -120.48,48.64,5000 -120.56,48.44,5000 -120.67,48.15,5000 -120.82,47.93,5000 -121.01,47.46,5000 -121.36,47.02,5000 -121.60,46.97,5000 -121.68,47.17,5000 -121.67,47.65,5000 -121.77,48.35,5000 -122.00,48.64,5000 -121.98,48.97,5000 -121.81,49.18,5000 -121.77,49.34,5000 -122.57,49.35,5000 -122.88,49.36,5000 -123.36,49.46,5000 -123.67,49.52,5000 -123.93,49.71,5000 -124.52,50.01,5000 -124.69,50.21,5000 -124.98,50.32,5000 -125.34,50.50,5000 -125.33,50.55,5000 -125.33,50.55,5000 
          </coordinates>
        </LinearRing>
      </outerBoundaryIs>
      <innerBoundaryIs>
        <LinearRing>
          <coordinates>
-116.58,49.09,5000 -116.56,49.08,5000 -116.55,49.07,5000 -116.53,49.06,5000 -116.52,49.05,5000 -116.50,49.05,5000 -116.49,49.04,5000 -116.47,49.03,5000 -116.46,49.02,5000 -116.45,49.01,5000 -116.44,49.00,5000 -116.43,48.99,5000 -116.42,48.98,5000 -116.41,48.97,5000 -116.40,48.96,5000 -116.40,48.95,5000 -116.40,48.94,5000 -116.40,48.93,5000 -116.40,48.92,5000 -116.40,48.90,5000 -116.41,48.89,5000 -116.42,48.88,5000 -116.42,48.86,5000 -116.43,48.85,5000 -116.44,48.84,5000 -116.45,48.83,5000 -116.46,48.82,5000 -116.46,48.80,5000 -116.47,48.80,5000 -116.48,48.79,5000 -116.48,48.78,5000 -116.49,48.76,5000 -116.50,48.76,5000 -116.50,48.76,5000 -116.51,48.78,5000 -116.51,48.79,5000 -116.52,48.79,5000 -116.53,48.80,5000 -116.53,48.81,5000 -116.54,48.82,5000 -116.55,48.83,5000 -116.56,48.84,5000 -116.56,48.85,5000 -116.57,48.87,5000 -116.58,48.88,5000 -116.59,48.89,5000 -116.60,48.90,5000 -116.61,48.92,5000 -116.62,48.93,5000 -116.58,49.09,5000 
          </coordinates>
        </LinearRing>
      </innerBoundaryIs>
      <innerBoundaryIs>
        <LinearRing>
          <coordinates>
-79.21,43.76,6000 -79.18,43.76,6000 -79.15,43.76,6000 -79.12,43.77,6000 -79.09,43.77,6000 -79.06,43.77,6000 -79.03,43.77,6000 -79.00,43.76,6000 -78.97,43.76,6000 -78.94,43.75,6000 -78.91,43.74,6000 -78.88,43.73,6000 -78.84,43.72,6000 -78.81,43.71,6000 -78.79,43.70,6000 -78.76,43.69,6000 -78.74,43.68,6000 -78.71,43.67,6000 -78.68,43.66,6000 -78.67,43.65,6000 -78.66,43.63,6000 -78.66,43.61,6000 -78.66,43.59,6000 -78.66,43.57,6000 -78.66,43.55,6000 -78.67,43.52,6000 -78.68,43.50,6000 -78.68,43.48,6000 -78.69,43.46,6000 -78.71,43.44,6000 -78.73,43.42,6000 -78.75,43.41,6000 -78.77,43.39,6000 -78.79,43.38,6000 -78.80,43.36,6000 -78.81,43.34,6000 -78.83,43.32,6000 -78.85,43.30,6000 -78.87,43.29,6000 -78.89,43.27,6000 -78.91,43.26,6000 -78.94,43.24,6000 -78.97,43.23,6000 -78.99,43.21,6000 -79.02,43.20,6000 -79.04,43.19,6000 -79.06,43.18,6000 -79.09,43.17,6000 -79.11,43.16,6000 -79.13,43.15,6000 -79.16,43.15,6000 -79.19,43.14,6000 -79.21,43.14,6000 -79.24,43.13,6000 -79.27,43.13,6000 -79.31,43.13,6000 -79.34,43.13,6000 -79.37,43.13,6000 -79.40,43.14,6000 -79.43,43.14,6000 -79.46,43.15,6000 -79.49,43.15,6000 -79.52,43.16,6000 -79.54,43.16,6000 -79.57,43.17,6000 -79.59,43.19,6000 -79.60,43.20,6000 -79.61,43.22,6000 -79.63,43.24,6000 -79.64,43.26,6000 -79.65,43.28,6000 -79.67,43.31,6000 -79.68,43.33,6000 -79.69,43.35,6000 -79.69,43.37,6000 -79.69,43.39,6000 -79.69,43.41,6000 -79.68,43.44,6000 -79.67,43.46,6000 -79.66,43.48,6000 -79.65,43.50,6000 -79.63,43.52,6000 -79.62,43.54,6000 -79.60,43.56,6000 -79.58,43.58,6000 -79.56,43.60,6000 -79.54,43.62,6000 -79.51,43.64,6000 -79.49,43.65,6000 -79.47,43.67,6000 -79.46,43.68,6000 -79.43,43.70,6000 -79.43,43.70,6000 -79.21,43.76,6000 
          </coordinates>
        </LinearRing>
      </innerBoundaryIs>
      <innerBoundaryIs>
        <LinearRing>
          <coordinates>
-67.33,47.20,6000 -67.31,47.20,6000 -67.29,47.19,6000 -67.28,47.19,6000 -67.26,47.19,6000 -67.24,47.18,6000 -67.23,47.18,6000 -67.21,47.18,6000 -67.20,47.17,6000 -67.18,47.17,6000 -67.17,47.17,6000 -67.15,47.16,6000 -67.14,47.16,6000 -67.13,47.16,6000 -67.12,47.16,6000 -67.11,47.15,6000 -67.10,47.15,6000 -67.09,47.15,6000 -67.09,47.14,6000 -67.09,47.13,6000 -67.09,47.13,6000 -67.10,47.12,6000 -67.10,47.11,6000 -67.11,47.10,6000 -67.11,47.09,6000 -67.11,47.08,6000 -67.12,47.07,6000 -67.12,47.06,6000 -67.13,47.05,6000 -67.13,47.04,6000 -67.13,47.03,6000 -67.13,47.02,6000 -67.13,47.01,6000 -67.13,47.00,6000 -67.13,46.99,6000 -67.14,46.98,6000 -67.15,46.98,6000 -67.16,46.97,6000 -67.17,46.97,6000 -67.18,46.96,6000 -67.19,46.96,6000 -67.20,46.96,6000 -67.22,46.95,6000 -67.23,46.95,6000 -67.25,46.95,6000 -67.27,46.94,6000 -67.28,46.94,6000 -67.30,46.94,6000 -67.32,46.93,6000 -67.33,46.93,6000 -67.35,46.93,6000 -67.36,46.93,6000 -67.38,46.93,6000 -67.39,46.93,6000 -67.40,46.93,6000 -67.41,46.93,6000 -67.42,46.93,6000 -67.44,46.94,6000 -67.44,46.95,6000 -67.45,46.95,6000 -67.46,46.96,6000 -67.46,46.97,6000 -67.46,46.98,6000 -67.46,47.00,6000 -67.46,47.01,6000 -67.46,47.02,6000 -67.46,47.03,6000 -67.46,47.03,6000 -67.45,47.04,6000 -67.45,47.05,6000 -67.44,47.06,6000 -67.44,47.07,6000 -67.43,47.08,6000 -67.43,47.08,6000 -67.42,47.09,6000 -67.41,47.10,6000 -67.41,47.11,6000 -67.40,47.12,6000 -67.39,47.13,6000 -67.38,47.14,6000 -67.38,47.15,6000 -67.37,47.16,6000 -67.36,47.17,6000 -67.33,47.20,6000 
          </coordinates>
        </LinearRing>
      </innerBoundaryIs>
      <innerBoundaryIs>
        <LinearRing>
          <coordinates>
-125.09,50.63,6000 -124.85,50.67,6000 -124.62,50.70,6000 -124.40,50.74,6000 -124.20,50.77,6000 -124.03,50.79,6000 -123.83,50.82,6000 -123.70,50.84,6000 -123.56,50.85,6000 -123.41,50.87,6000 -123.25,50.88,6000 -123.07,50.88,6000 -122.90,50.86,6000 -122.70,50.82,6000 -122.51,50.78,6000 -122.36,50.74,6000 -122.19,50.68,6000 -122.09,50.62,6000 -121.98,50.52,6000 -121.87,50.41,6000 -121.80,50.33,6000 -121.73,50.24,6000 -121.66,50.16,6000 -121.54,50.06,6000 -121.42,49.99,6000 -121.30,49.95,6000 -121.17,49.91,6000 -121.06,49.85,6000 -120.95,49.77,6000 -120.86,49.69,6000 -120.78,49.56,6000 -120.73,49.44,6000 -120.68,49.36,6000 -120.62,49.30,6000 -120.54,49.27,6000 -120.43,49.23,6000 -120.27,49.14,6000 -120.16,49.03,6000 -120.20,48.97,6000 -120.35,48.83,6000 -120.41,48.75,6000 -120.48,48.64,6000 -120.56,48.52,6000 -120.64,48.38,6000 -120.72,48.25,6000 -120.80,48.12,6000 -120.86,48.01,6000 -120.91,47.92,6000 -120.97,47.76,6000 -120.98,47.65,6000 -121.00,47.57,6000 -121.10,47.46,6000 -121.20,47.37,6000 -121.29,47.26,6000 -121.37,47.17,6000 -121.47,47.16,6000 -121.51,47.25,6000 -121.56,47.38,6000 -121.60,47.51,6000 -121.62,47.63,6000 -121.62,47.75,6000 -121.63,47.86,6000 -121.66,47.99,6000 -121.68,48.11,6000 -121.64,48.23,6000 -121.62,48.34,6000 -121.71,48.45,6000 -121.82,48.56,6000 -121.89,48.64,6000 -121.94,48.73,6000 -121.96,48.83,6000 -121.90,48.94,6000 -121.79,49.07,6000 -121.71,49.17,6000 -121.65,49.28,6000 -121.65,49.36,6000 -121.72,49.43,6000 -121.86,49.46,6000 -122.00,49.44,6000 -122.18,49.40,6000 -122.38,49.38,6000 -122.55,49.38,6000 -122.74,49.39,6000 -122.94,49.41,6000 -123.12,49.44,6000 -123.29,49.47,6000 -123.46,49.51,6000 -123.61,49.56,6000 -123.74,49.61,6000 -123.86,49.69,6000 -123.95,49.78,6000 -124.04,49.85,6000 -124.18,49.89,6000 -124.33,49.95,6000 -124.43,50.03,6000 -124.55,50.13,6000 -124.66,50.23,6000 -124.77,50.31,6000 -124.96,50.37,6000 -125.12,50.40,6000 -125.21,50.46,6000 -125.25,50.53,6000 -125.09,50.63,6000 
          </coordinates>
        </LinearRing>
      </innerBoundaryIs>
      <innerBoundaryIs>
        <LinearRing>
          <coordinates>
-110.06,49.74,6000 -110.05,49.74,6000 -110.03,49.74,6000 -110.02,49.74,6000 -110.00,49.73,6000 -109.99,49.73,6000 -109.97,49.73,6000 -109.96,49.73,6000 -109.95,49.73,6000 -109.93,49.73,6000 -109.92,49.72,6000 -109.91,49.72,6000 -109.90,49.72,6000 -109.88,49.72,6000 -109.87,49.72,6000 -109.86,49.72,6000 -109.85,49.72,6000 -109.84,49.72,6000 -109.83,49.71,6000 -109.82,49.71,6000 -109.81,49.71,6000 -109.81,49.71,6000 -109.80,49.71,6000 -109.77,49.71,6000 -109.77,49.71,6000 -109.77,49.70,6000 -109.77,49.69,6000 -109.76,49.69,6000 -109.76,49.68,6000 -109.76,49.67,6000 -109.76,49.67,6000 -109.76,49.66,6000 -109.77,49.65,6000 -109.78,49.64,6000 -109.79,49.64,6000 -109.79,49.63,6000 -109.80,49.63,6000 -109.81,49.63,6000 -109.82,49.62,6000 -109.83,49.62,6000 -109.84,49.61,6000 -109.85,49.61,6000 -109.87,49.61,6000 -109.88,49.60,6000 -109.89,49.60,6000 -109.90,49.59,6000 -109.92,49.59,6000 -109.93,49.59,6000 -109.94,49.58,6000 -109.95,49.58,6000 -109.97,49.58,6000 -109.98,49.57,6000 -109.99,49.57,6000 -110.00,49.57,6000 -110.01,49.57,6000 -110.02,49.57,6000 -110.03,49.57,6000 -110.04,49.57,6000 -110.05,49.57,6000 -110.06,49.58,6000 -110.07,49.58,6000 -110.08,49.58,6000 -110.09,49.59,6000 -110.09,49.59,6000 -110.10,49.60,6000 -110.11,49.60,6000 -110.12,49.61,6000 -110.12,49.62,6000 -110.13,49.62,6000 -110.14,49.63,6000 -110.14,49.64,6000 -110.15,49.65,6000 -110.16,49.65,6000 -110.16,49.66,6000 -110.17,49.67,6000 -110.06,49.74,6000 
          </coordinates>
        </LinearRing>
      </innerBoundaryIs>
      <innerBoundaryIs>
        <LinearRing>
          <coordinates>
-120.78,51.15,6000 -120.48,51.24,6000 -120.11,51.29,6000 -119.36,51.38,6000 -117.61,51.57,6000 -116.71,51.66,6000 -116.25,51.66,6000 -116.08,51.60,6000 -115.95,51.49,6000 -115.96,51.34,6000 -116.17,51.18,6000 -116.58,51.20,6000 -116.72,51.02,6000 -116.38,50.64,6000 -116.09,50.10,6000 -116.00,49.88,6000 -116.03,49.68,6000 -115.95,49.49,6000 -115.61,49.30,6000 -115.42,48.95,6000 -114.94,48.66,6000 -114.39,48.58,6000 -114.16,48.63,6000 -114.14,48.76,6000 -114.26,49.04,6000 -114.56,49.41,6000 -114.37,49.54,6000 -114.06,49.60,6000 -113.41,50.06,6000 -113.14,50.18,6000 -112.76,50.27,6000 -112.15,50.18,6000 -111.23,49.76,6000 -110.33,49.33,6000 -109.71,49.21,6000 -109.38,49.09,6000 -108.34,48.97,6000 -107.29,48.71,6000 -106.74,48.57,6000 -106.41,48.55,6000 -105.95,48.58,6000 -104.49,48.44,6000 -103.72,48.42,6000 -103.19,48.38,6000 -102.43,48.35,6000 -102.06,48.40,6000 -101.73,48.39,6000 -101.25,48.29,6000 -100.79,48.13,6000 -100.14,47.92,6000 -99.59,47.81,6000 -98.45,47.53,6000 -98.02,47.57,6000 -97.69,47.61,6000 -97.34,47.56,6000 -96.93,47.42,6000 -96.50,47.23,6000 -96.01,47.16,6000 -95.51,47.34,6000 -93.90,47.30,6000 -92.81,47.45,6000 -91.89,47.67,6000 -91.41,47.75,6000 -91.04,47.76,6000 -90.71,47.81,6000 -90.41,48.02,6000 -89.99,48.19,6000 -89.42,48.32,6000 -89.21,48.40,6000 -89.00,48.57,6000 -88.71,48.91,6000 -88.31,49.21,6000 -87.97,49.60,6000 -87.65,49.91,6000 -87.35,50.26,6000 -86.94,50.47,6000 -86.43,50.55,6000 -85.75,50.51,6000 -85.04,50.36,6000 -84.62,50.09,6000 -84.15,49.93,6000 -83.67,49.71,6000 -83.30,49.47,6000 -82.79,49.31,6000 -82.19,48.93,6000 -81.75,48.80,6000 -81.19,48.67,6000 -80.06,48.39,6000 -78.95,48.11,6000 -78.53,48.00,6000 -77.84,47.86,6000 -76.99,47.90,6000 -76.51,47.94,6000 -75.39,48.23,6000 -74.84,48.36,6000 -74.34,48.53,6000 -74.05,48.70,6000 -73.57,48.88,6000 -72.99,49.06,6000 -72.60,49.38,6000 -71.69,49.93,6000 -71.40,50.27,6000 -71.01,50.51,6000 -69.98,50.73,6000 -69.48,50.82,6000 -68.90,50.83,6000 -67.98,50.80,6000 -67.25,50.58,6000 -66.64,50.35,6000 -66.14,50.10,6000 -65.95,49.87,6000 -65.62,49.61,6000 -65.34,49.01,6000 -64.33,48.68,6000 -63.63,48.50,6000 -63.18,48.26,6000 -62.77,48.03,6000 -62.33,47.83,6000 -62.08,47.57,6000 -62.19,47.07,6000 -62.51,46.31,6000 -62.82,45.58,6000 -62.95,45.29,6000 -63.22,45.21,6000 -63.47,45.35,6000 -63.90,45.60,6000 -63.40,45.84,6000 -63.48,45.94,6000 -63.91,46.06,6000 -64.19,46.00,6000 -64.44,45.89,6000 -64.78,45.70,6000 -65.34,45.48,6000 -65.58,45.58,6000 -65.54,45.70,6000 -65.35,45.84,6000 -65.18,45.96,6000 -65.21,46.05,6000 -65.50,46.07,6000 -65.70,46.01,6000 -66.78,45.71,6000 -67.31,45.61,6000 -67.90,45.70,6000 -68.17,45.71,6000 -68.61,45.63,6000 -68.83,45.58,6000 -69.15,45.60,6000 -69.32,45.71,6000 -69.35,45.94,6000 -69.38,46.11,6000 -69.59,46.12,6000 -69.94,45.97,6000 -70.63,45.23,6000 -70.93,45.03,6000 -71.42,44.77,6000 -72.00,44.68,6000 -72.39,44.53,6000 -72.76,44.40,6000 -72.93,44.65,6000 -73.16,44.97,6000 -73.48,44.93,6000 -73.68,44.69,6000 -73.79,44.41,6000 -73.81,44.08,6000 -74.10,43.69,6000 -74.32,43.29,6000 -74.67,42.89,6000 -74.89,42.37,6000 -75.21,42.12,6000 -75.43,42.07,6000 -75.65,42.12,6000 -76.22,42.19,6000 -76.56,42.24,6000 -76.78,42.20,6000 -76.98,42.01,6000 -76.92,41.78,6000 -76.94,41.68,6000 -77.27,41.69,6000 -78.30,41.50,6000 -79.38,41.30,6000 -80.23,41.28,6000 -80.60,41.35,6000 -81.06,41.38,6000 -81.50,41.40,6000 -81.68,41.62,6000 -81.39,41.94,6000 -81.07,42.16,6000 -80.81,42.42,6000 -80.99,42.69,6000 -81.63,43.22,6000 -81.88,43.54,6000 -82.06,43.73,6000 -82.31,43.79,6000 -82.53,43.72,6000 -82.70,43.57,6000 -82.87,43.44,6000 -83.09,43.40,6000 -83.73,43.44,6000 -84.43,43.44,6000 -85.01,43.31,6000 -85.24,43.19,6000 -85.46,42.98,6000 -85.16,42.02,6000 -85.18,41.78,6000 -85.33,41.50,6000 -85.76,41.29,6000 -86.13,41.21,6000 -86.46,41.24,6000 -86.83,41.26,6000 -87.13,41.24,6000 -87.56,41.02,6000 -87.89,40.65,6000 -88.25,40.37,6000 -88.54,40.22,6000 -89.00,40.05,6000 -89.34,40.00,6000 -89.62,39.90,6000 -89.94,39.74,6000 -90.29,39.79,6000 -90.61,39.82,6000 -90.89,39.80,6000 -91.49,39.96,6000 -92.51,40.15,6000 -93.07,40.34,6000 -93.45,40.55,6000 -93.82,40.81,6000 -94.04,41.07,6000 -94.37,41.62,6000 -94.52,41.86,6000 -94.68,41.94,6000 -95.00,42.03,6000 -95.09,42.17,6000 -95.25,42.52,6000 -95.47,42.80,6000 -96.14,43.35,6000 -96.62,43.51,6000 -97.06,43.54,6000 -97.44,43.49,6000 -97.84,43.14,6000 -98.26,43.14,6000 -98.47,43.08,6000 -98.74,42.73,6000 -99.10,42.80,6000 -99.58,42.92,6000 -100.31,42.95,6000 -101.81,43.01,6000 -102.13,43.03,6000 -102.40,43.14,6000 -102.55,43.57,6000 -102.90,43.77,6000 -103.40,43.92,6000 -103.88,43.95,6000 -104.27,44.04,6000 -104.68,44.17,6000 -105.05,44.36,6000 -105.25,44.63,6000 -105.35,45.11,6000 -105.43,45.37,6000 -105.57,45.45,6000 -106.16,45.57,6000 -106.77,45.66,6000 -107.24,45.80,6000 -107.59,46.09,6000 -107.81,46.22,6000 -108.09,46.28,6000 -108.51,46.46,6000 -109.05,46.56,6000 -109.63,46.56,6000 -110.22,46.48,6000 -110.02,46.03,6000 -109.98,45.81,6000 -109.74,45.75,6000 -109.34,45.52,6000 -109.11,45.24,6000 -109.14,44.93,6000 -109.17,44.46,6000 -108.90,44.04,6000 -108.85,43.81,6000 -108.90,43.67,6000 -109.23,43.53,6000 -109.35,43.39,6000 -109.04,42.97,6000 -108.94,42.84,6000 -108.93,42.60,6000 -109.29,42.65,6000 -109.71,42.88,6000 -110.14,43.01,6000 -110.38,42.83,6000 -110.45,42.71,6000 -110.55,42.47,6000 -110.72,42.45,6000 -110.86,42.55,6000 -110.92,42.82,6000 -111.13,43.72,6000 -111.02,44.02,6000 -111.13,44.33,6000 -111.25,44.64,6000 -111.69,44.82,6000 -111.84,45.45,6000 -111.81,45.51,6000 -111.44,45.55,6000 -111.10,45.67,6000 -110.96,45.80,6000 -110.82,45.91,6000 -110.81,46.17,6000 -111.27,46.39,6000 -111.54,46.47,6000 -111.73,46.36,6000 -112.10,46.15,6000 -112.65,45.96,6000 -112.82,45.63,6000 -113.01,45.37,6000 -113.38,45.12,6000 -113.97,45.19,6000 -114.33,44.88,6000 -114.49,44.68,6000 -114.49,44.38,6000 -114.47,44.10,6000 -114.52,43.78,6000 -114.62,43.65,6000 -114.93,43.56,6000 -115.20,43.59,6000 -115.38,43.71,6000 -115.63,44.22,6000 -116.05,44.96,6000 -116.17,45.06,6000 -116.24,45.30,6000 -116.07,45.63,6000 -115.81,45.93,6000 -115.69,46.19,6000 -115.78,46.50,6000 -116.19,47.20,6000 -116.16,47.48,6000 -116.30,47.80,6000 -116.11,48.61,6000 -116.10,48.82,6000 -116.24,49.03,6000 -116.33,49.14,6000 -116.63,49.16,6000 -116.76,48.99,6000 -117.01,48.89,6000 -117.36,49.19,6000 -117.68,49.32,6000 -118.27,49.36,6000 -118.80,49.48,6000 -119.20,49.70,6000 -119.24,50.48,6000 -119.64,50.68,6000 -120.20,50.86,6000 -120.76,50.96,6000 -120.78,51.15,6000 
          </coordinates>
        </LinearRing>
      </innerBoundaryIs>
      <innerBoundaryIs>
        <LinearRing>
          <coordinates>
-115.46,49.79,6000 -115.45,49.79,6000 -115.43,49.80,6000 -115.42,49.80,6000 -115.40,49.81,6000 -115.39,49.81,6000 -115.37,49.82,6000 -115.36,49.82,6000 -115.34,49.82,6000 -115.33,49.83,6000 -115.32,49.83,6000 -115.30,49.83,6000 -115.29,49.83,6000 -115.28,49.84,6000 -115.27,49.84,6000 -115.26,49.84,6000 -115.25,49.84,6000 -115.24,49.84,6000 -115.23,49.84,6000 -115.22,49.84,6000 -115.21,49.84,6000 -115.20,49.83,6000 -115.19,49.83,6000 -115.18,49.82,6000 -115.17,49.81,6000 -115.17,49.80,6000 -115.16,49.79,6000 -115.16,49.78,6000 -115.16,49.78,6000 -115.15,49.77,6000 -115.15,49.76,6000 -115.15,49.75,6000 -115.15,49.74,6000 -115.15,49.73,6000 -115.15,49.72,6000 -115.14,49.72,6000 -115.15,49.71,6000 -115.15,49.70,6000 -115.15,49.69,6000 -115.16,49.69,6000 -115.17,49.68,6000 -115.18,49.67,6000 -115.19,49.67,6000 -115.20,49.66,6000 -115.21,49.66,6000 -115.22,49.65,6000 -115.23,49.65,6000 -115.25,49.64,6000 -115.26,49.64,6000 -115.27,49.63,6000 -115.29,49.63,6000 -115.30,49.62,6000 -115.32,49.62,6000 -115.33,49.61,6000 -115.35,49.61,6000 -115.36,49.60,6000 -115.38,49.60,6000 -115.39,49.60,6000 -115.40,49.60,6000 -115.41,49.60,6000 -115.42,49.60,6000 -115.43,49.60,6000 -115.44,49.61,6000 -115.45,49.61,6000 -115.45,49.62,6000 -115.46,49.62,6000 -115.47,49.63,6000 -115.47,49.64,6000 -115.48,49.65,6000 -115.48,49.66,6000 -115.49,49.67,6000 -115.49,49.68,6000 -115.49,49.69,6000 -115.49,49.70,6000 -115.50,49.71,6000 -115.50,49.72,6000 -115.46,49.79,6000 
          </coordinates>
        </LinearRing>
      </innerBoundaryIs>
      <innerBoundaryIs>
        <LinearRing>
          <coordinates>
-108.38,45.44,6000 -108.28,45.42,6000 -108.18,45.40,6000 -108.08,45.39,6000 -107.98,45.38,6000 -107.89,45.37,6000 -107.78,45.37,6000 -107.69,45.38,6000 -107.59,45.39,6000 -107.50,45.40,6000 -107.38,45.42,6000 -107.27,45.45,6000 -107.17,45.46,6000 -107.07,45.44,6000 -106.97,45.40,6000 -106.90,45.36,6000 -106.90,45.31,6000 -106.92,45.26,6000 -106.95,45.20,6000 -106.98,45.13,6000 -107.00,45.06,6000 -107.01,44.98,6000 -107.00,44.89,6000 -106.98,44.82,6000 -106.93,44.77,6000 -106.85,44.73,6000 -106.79,44.68,6000 -106.75,44.63,6000 -106.72,44.57,6000 -106.71,44.50,6000 -106.72,44.44,6000 -106.74,44.38,6000 -106.77,44.30,6000 -106.80,44.22,6000 -106.81,44.14,6000 -106.81,44.07,6000 -106.80,44.00,6000 -106.79,43.92,6000 -106.78,43.84,6000 -106.77,43.76,6000 -106.76,43.69,6000 -106.76,43.63,6000 -106.76,43.54,6000 -106.77,43.47,6000 -106.79,43.41,6000 -106.83,43.36,6000 -106.92,43.32,6000 -107.04,43.31,6000 -107.14,43.31,6000 -107.24,43.34,6000 -107.31,43.40,6000 -107.34,43.45,6000 -107.34,43.52,6000 -107.32,43.57,6000 -107.28,43.64,6000 -107.24,43.70,6000 -107.21,43.77,6000 -107.20,43.83,6000 -107.20,43.89,6000 -107.20,43.95,6000 -107.23,44.03,6000 -107.26,44.09,6000 -107.30,44.16,6000 -107.35,44.24,6000 -107.40,44.31,6000 -107.45,44.38,6000 -107.50,44.44,6000 -107.56,44.50,6000 -107.62,44.55,6000 -107.68,44.60,6000 -107.74,44.65,6000 -107.80,44.70,6000 -107.85,44.75,6000 -107.90,44.81,6000 -107.95,44.87,6000 -108.00,44.92,6000 -108.07,44.97,6000 -108.15,45.01,6000 -108.24,45.05,6000 -108.34,45.09,6000 -108.44,45.13,6000 -108.53,45.16,6000 -108.59,45.19,6000 -108.66,45.25,6000 -108.64,45.29,6000 -108.59,45.35,6000 -108.50,45.41,6000 -108.38,45.44,6000 
          </coordinates>
        </LinearRing>
      </innerBoundaryIs>
  </Polygon>
 </MultiGeometry>
</Placemark>
<Placemark>
  <name>40%</name>
  <visibility>1</visibility>
  <styleUrl>#poly_40</styleUrl>
  <MultiGeometry>
    <Polygon>
      <outerBoundaryIs>
        <LinearRing>
          <coordinates>
-124.58,49.16,5000 -124.56,49.16,5000 -124.54,49.16,5000 -124.53,49.16,5000 -124.51,49.16,5000 -124.49,49.16,5000 -124.47,49.16,5000 -124.46,49.15,5000 -124.44,49.15,5000 -124.42,49.15,5000 -124.41,49.15,5000 -124.40,49.15,5000 -124.38,49.15,5000 -124.37,49.15,5000 -124.36,49.15,5000 -124.35,49.15,5000 -124.34,49.15,5000 -124.32,49.16,5000 -124.32,49.15,5000 -124.31,49.15,5000 -124.31,49.14,5000 -124.30,49.13,5000 -124.29,49.13,5000 -124.28,49.12,5000 -124.27,49.11,5000 -124.26,49.10,5000 -124.25,49.09,5000 -124.24,49.08,5000 -124.23,49.07,5000 -124.22,49.06,5000 -124.21,49.05,5000 -124.20,49.04,5000 -124.19,49.03,5000 -124.18,49.02,5000 -124.18,49.02,5000 -124.17,49.01,5000 -124.17,49.00,5000 -124.17,48.99,5000 -124.17,48.98,5000 -124.17,48.97,5000 -124.17,48.96,5000 -124.17,48.94,5000 -124.17,48.93,5000 -124.18,48.92,5000 -124.19,48.92,5000 -124.20,48.91,5000 -124.21,48.90,5000 -124.22,48.89,5000 -124.23,48.89,5000 -124.24,48.89,5000 -124.25,48.89,5000 -124.27,48.89,5000 -124.28,48.89,5000 -124.30,48.89,5000 -124.31,48.89,5000 -124.33,48.89,5000 -124.35,48.89,5000 -124.36,48.89,5000 -124.38,48.89,5000 -124.40,48.89,5000 -124.42,48.90,5000 -124.43,48.90,5000 -124.45,48.90,5000 -124.46,48.90,5000 -124.48,48.91,5000 -124.49,48.91,5000 -124.50,48.91,5000 -124.52,48.91,5000 -124.53,48.92,5000 -124.54,48.92,5000 -124.55,48.92,5000 -124.56,48.93,5000 -124.56,48.94,5000 -124.57,48.95,5000 -124.57,48.96,5000 -124.58,48.96,5000 -124.58,48.97,5000 -124.59,48.98,5000 -124.59,48.99,5000 -124.59,49.00,5000 -124.60,49.00,5000 -124.60,49.01,5000 -124.61,49.02,5000 -124.61,49.03,5000 -124.62,49.04,5000 -124.62,49.05,5000 -124.62,49.07,5000 -124.63,49.08,5000 -124.63,49.09,5000 -124.64,49.10,5000 -124.64,49.11,5000 -124.58,49.16,5000 
          </coordinates>
        </LinearRing>
      </outerBoundaryIs>
  </Polygon>
 </MultiGeometry>
</Placemark>
<Placemark>
  <name>50%</name>
  <visibility>1</visibility>
  <styleUrl>#poly_50</styleUrl>
  <MultiGeometry>
    <Polygon>
      <outerBoundaryIs>
        <LinearRing>
          <coordinates>
-79.62,39.54,6000 -79.57,39.48,6000 -79.53,39.42,6000 -79.49,39.36,6000 -79.46,39.30,6000 -79.44,39.24,6000 -79.43,39.18,6000 -79.43,39.13,6000 -79.44,39.08,6000 -79.46,39.02,6000 -79.49,38.95,6000 -79.52,38.90,6000 -79.55,38.83,6000 -79.58,38.77,6000 -79.62,38.70,6000 -79.66,38.63,6000 -79.70,38.56,6000 -79.74,38.50,6000 -79.78,38.45,6000 -79.83,38.39,6000 -79.88,38.35,6000 -79.92,38.32,6000 -79.98,38.28,6000 -80.04,38.24,6000 -80.10,38.20,6000 -80.16,38.16,6000 -80.23,38.12,6000 -80.31,38.08,6000 -80.38,38.03,6000 -80.44,38.00,6000 -80.50,37.96,6000 -80.58,37.91,6000 -80.64,37.86,6000 -80.70,37.82,6000 -80.78,37.78,6000 -80.85,37.75,6000 -80.94,37.72,6000 -81.03,37.68,6000 -81.12,37.66,6000 -81.20,37.64,6000 -81.26,37.63,6000 -81.33,37.65,6000 -81.36,37.71,6000 -81.36,37.78,6000 -81.35,37.83,6000 -81.33,37.89,6000 -81.30,37.96,6000 -81.26,38.03,6000 -81.23,38.08,6000 -81.19,38.14,6000 -81.15,38.19,6000 -81.11,38.25,6000 -81.07,38.31,6000 -81.02,38.37,6000 -80.97,38.43,6000 -80.92,38.48,6000 -80.87,38.54,6000 -80.82,38.60,6000 -80.76,38.65,6000 -80.71,38.70,6000 -80.65,38.75,6000 -80.59,38.80,6000 -80.53,38.85,6000 -80.47,38.89,6000 -80.40,38.94,6000 -80.34,38.98,6000 -80.28,39.01,6000 -80.22,39.05,6000 -80.16,39.09,6000 -80.10,39.13,6000 -80.04,39.17,6000 -79.99,39.21,6000 -79.94,39.26,6000 -79.89,39.30,6000 -79.83,39.35,6000 -79.78,39.40,6000 -79.73,39.45,6000 -79.68,39.50,6000 -79.62,39.54,6000 
          </coordinates>
        </LinearRing>
      </outerBoundaryIs>
      <innerBoundaryIs>
        <LinearRing>
          <coordinates>
-79.68,39.15,7000 -79.68,39.14,7000 -79.67,39.11,7000 -79.66,39.08,7000 -79.65,39.04,7000 -79.64,39.00,7000 -79.64,38.96,7000 -79.64,38.92,7000 -79.65,38.87,7000 -79.67,38.83,7000 -79.68,38.79,7000 -79.69,38.75,7000 -79.71,38.71,7000 -79.72,38.67,7000 -79.74,38.64,7000 -79.75,38.61,7000 -79.76,38.60,7000 -79.78,38.58,7000 -79.81,38.55,7000 -79.84,38.51,7000 -79.87,38.48,7000 -79.90,38.45,7000 -79.93,38.42,7000 -79.97,38.39,7000 -80.00,38.36,7000 -80.03,38.34,7000 -80.07,38.31,7000 -80.12,38.29,7000 -80.15,38.27,7000 -80.19,38.25,7000 -80.23,38.22,7000 -80.27,38.20,7000 -80.32,38.18,7000 -80.37,38.16,7000 -80.41,38.14,7000 -80.45,38.12,7000 -80.48,38.10,7000 -80.52,38.07,7000 -80.56,38.05,7000 -80.61,38.02,7000 -80.66,38.00,7000 -80.70,37.98,7000 -80.73,37.96,7000 -80.76,37.95,7000 -80.81,37.95,7000 -80.87,37.96,7000 -80.93,37.98,7000 -80.96,38.00,7000 -80.96,38.03,7000 -80.95,38.06,7000 -80.93,38.10,7000 -80.90,38.14,7000 -80.88,38.18,7000 -80.86,38.22,7000 -80.84,38.25,7000 -80.82,38.29,7000 -80.80,38.32,7000 -80.78,38.35,7000 -80.75,38.39,7000 -80.72,38.43,7000 -80.69,38.46,7000 -80.67,38.48,7000 -80.65,38.51,7000 -80.62,38.54,7000 -80.59,38.58,7000 -80.55,38.62,7000 -80.51,38.65,7000 -80.48,38.68,7000 -80.45,38.70,7000 -80.43,38.72,7000 -80.40,38.75,7000 -80.35,38.78,7000 -80.31,38.81,7000 -80.27,38.84,7000 -80.23,38.87,7000 -80.18,38.89,7000 -80.14,38.91,7000 -80.10,38.93,7000 -80.05,38.95,7000 -80.00,38.97,7000 -79.97,38.99,7000 -79.93,39.01,7000 -79.90,39.02,7000 -79.87,39.04,7000 -79.83,39.06,7000 -79.78,39.09,7000 -79.74,39.11,7000 -79.69,39.14,7000 -79.68,39.15,7000 
          </coordinates>
        </LinearRing>
      </innerBoundaryIs>
  </Polygon>
 </MultiGeometry>
</Placemark>
<Placemark>
  <name>50%</name>
  <visibility>1</visibility>
  <styleUrl>#poly_50</styleUrl>
  <MultiGeometry>
    <Polygon>
      <outerBoundaryIs>
        <LinearRing>
          <coordinates>
-106.87,41.07,6000 -106.79,41.10,6000 -106.71,41.13,6000 -106.63,41.13,6000 -106.56,41.11,6000 -106.49,41.07,6000 -106.44,41.01,6000 -106.43,40.95,6000 -106.44,40.88,6000 -106.45,40.81,6000 -106.46,40.73,6000 -106.46,40.68,6000 -106.41,40.60,6000 -106.34,40.58,6000 -106.29,40.60,6000 -106.24,40.65,6000 -106.17,40.70,6000 -106.09,40.74,6000 -106.00,40.78,6000 -105.91,40.80,6000 -105.84,40.79,6000 -105.77,40.77,6000 -105.71,40.74,6000 -105.65,40.69,6000 -105.62,40.64,6000 -105.59,40.58,6000 -105.57,40.52,6000 -105.55,40.45,6000 -105.53,40.38,6000 -105.51,40.32,6000 -105.50,40.26,6000 -105.48,40.20,6000 -105.47,40.13,6000 -105.46,40.07,6000 -105.45,40.01,6000 -105.45,39.94,6000 -105.45,39.87,6000 -105.46,39.80,6000 -105.47,39.74,6000 -105.49,39.68,6000 -105.53,39.62,6000 -105.59,39.57,6000 -105.65,39.52,6000 -105.71,39.48,6000 -105.77,39.44,6000 -105.84,39.41,6000 -105.91,39.37,6000 -105.98,39.34,6000 -106.04,39.31,6000 -106.10,39.27,6000 -106.16,39.24,6000 -106.22,39.21,6000 -106.29,39.18,6000 -106.36,39.15,6000 -106.43,39.14,6000 -106.52,39.14,6000 -106.61,39.17,6000 -106.66,39.25,6000 -106.66,39.30,6000 -106.65,39.37,6000 -106.63,39.44,6000 -106.61,39.53,6000 -106.58,39.61,6000 -106.55,39.69,6000 -106.53,39.77,6000 -106.51,39.84,6000 -106.50,39.89,6000 -106.49,40.00,6000 -106.54,40.03,6000 -106.60,40.02,6000 -106.69,39.99,6000 -106.79,39.95,6000 -106.87,39.92,6000 -106.95,39.89,6000 -107.04,39.85,6000 -107.13,39.82,6000 -107.21,39.81,6000 -107.30,39.81,6000 -107.39,39.83,6000 -107.46,39.86,6000 -107.50,39.90,6000 -107.52,39.95,6000 -107.51,40.02,6000 -107.48,40.09,6000 -107.43,40.15,6000 -107.37,40.18,6000 -107.28,40.21,6000 -107.18,40.23,6000 -107.09,40.25,6000 -107.01,40.27,6000 -106.91,40.31,6000 -106.84,40.36,6000 -106.78,40.40,6000 -106.71,40.45,6000 -106.69,40.49,6000 -106.73,40.51,6000 -106.81,40.56,6000 -106.84,40.60,6000 -106.87,40.65,6000 -106.90,40.71,6000 -106.94,40.77,6000 -106.97,40.84,6000 -106.87,41.07,6000 
          </coordinates>
        </LinearRing>
      </outerBoundaryIs>
      <innerBoundaryIs>
        <LinearRing>
          <coordinates>
-107.23,40.16,7000 -107.21,40.16,7000 -107.20,40.16,7000 -107.18,40.16,7000 -107.16,40.16,7000 -107.15,40.16,7000 -107.13,40.16,7000 -107.11,40.16,7000 -107.10,40.16,7000 -107.08,40.16,7000 -107.07,40.16,7000 -107.05,40.15,7000 -107.04,40.15,7000 -107.03,40.15,7000 -107.01,40.15,7000 -107.00,40.15,7000 -106.99,40.15,7000 -106.97,40.15,7000 -106.95,40.15,7000 -106.93,40.14,7000 -106.91,40.14,7000 -106.90,40.14,7000 -106.89,40.13,7000 -106.88,40.13,7000 -106.88,40.12,7000 -106.88,40.11,7000 -106.89,40.11,7000 -106.90,40.10,7000 -106.91,40.09,7000 -106.92,40.08,7000 -106.93,40.07,7000 -106.95,40.06,7000 -106.96,40.05,7000 -106.97,40.04,7000 -106.98,40.03,7000 -106.99,40.02,7000 -106.99,40.01,7000 -107.00,40.00,7000 -107.00,39.99,7000 -107.01,39.98,7000 -107.01,39.97,7000 -107.02,39.96,7000 -107.02,39.95,7000 -107.03,39.94,7000 -107.04,39.93,7000 -107.05,39.92,7000 -107.06,39.92,7000 -107.07,39.91,7000 -107.09,39.90,7000 -107.10,39.89,7000 -107.11,39.89,7000 -107.13,39.88,7000 -107.14,39.88,7000 -107.16,39.87,7000 -107.17,39.87,7000 -107.19,39.87,7000 -107.20,39.87,7000 -107.22,39.87,7000 -107.24,39.87,7000 -107.25,39.87,7000 -107.27,39.87,7000 -107.29,39.87,7000 -107.31,39.88,7000 -107.32,39.88,7000 -107.34,39.88,7000 -107.36,39.89,7000 -107.37,39.89,7000 -107.38,39.90,7000 -107.39,39.90,7000 -107.40,39.91,7000 -107.40,39.92,7000 -107.41,39.93,7000 -107.41,39.93,7000 -107.41,39.94,7000 -107.41,39.95,7000 -107.41,39.96,7000 -107.41,39.98,7000 -107.41,39.99,7000 -107.40,40.00,7000 -107.40,40.01,7000 -107.40,40.02,7000 -107.39,40.04,7000 -107.39,40.05,7000 -107.38,40.06,7000 -107.38,40.08,7000 -107.37,40.09,7000 -107.23,40.16,7000 
          </coordinates>
        </LinearRing>
      </innerBoundaryIs>
      <innerBoundaryIs>
        <LinearRing>
          <coordinates>
-105.90,40.73,7000 -105.84,40.71,7000 -105.78,40.69,7000 -105.73,40.67,7000 -105.69,40.64,7000 -105.65,40.61,7000 -105.63,40.57,7000 -105.61,40.53,7000 -105.61,40.49,7000 -105.60,40.44,7000 -105.59,40.38,7000 -105.58,40.34,7000 -105.57,40.29,7000 -105.55,40.24,7000 -105.54,40.18,7000 -105.53,40.13,7000 -105.52,40.08,7000 -105.52,40.03,7000 -105.52,39.98,7000 -105.52,39.92,7000 -105.52,39.87,7000 -105.53,39.82,7000 -105.54,39.77,7000 -105.56,39.73,7000 -105.59,39.68,7000 -105.63,39.64,7000 -105.68,39.61,7000 -105.72,39.57,7000 -105.77,39.54,7000 -105.82,39.51,7000 -105.87,39.48,7000 -105.92,39.45,7000 -105.99,39.42,7000 -106.04,39.40,7000 -106.10,39.38,7000 -106.16,39.35,7000 -106.23,39.33,7000 -106.29,39.30,7000 -106.34,39.28,7000 -106.38,39.27,7000 -106.45,39.26,7000 -106.46,39.29,7000 -106.47,39.34,7000 -106.47,39.39,7000 -106.47,39.45,7000 -106.47,39.50,7000 -106.47,39.55,7000 -106.46,39.60,7000 -106.44,39.66,7000 -106.42,39.71,7000 -106.39,39.75,7000 -106.36,39.80,7000 -106.32,39.84,7000 -106.26,39.87,7000 -106.20,39.91,7000 -106.16,39.95,7000 -106.14,39.99,7000 -106.15,40.03,7000 -106.17,40.08,7000 -106.20,40.13,7000 -106.23,40.18,7000 -106.27,40.23,7000 -106.30,40.27,7000 -106.32,40.30,7000 -106.34,40.34,7000 -106.32,40.36,7000 -106.29,40.39,7000 -106.26,40.43,7000 -106.22,40.48,7000 -106.17,40.53,7000 -106.12,40.58,7000 -105.90,40.73,7000 
          </coordinates>
        </LinearRing>
      </innerBoundaryIs>
  </Polygon>
 </MultiGeometry>
</Placemark>
<Placemark>
  <name>50%</name>
  <visibility>1</visibility>
  <styleUrl>#poly_50</styleUrl>
  <MultiGeometry>
    <Polygon>
      <outerBoundaryIs>
        <LinearRing>
          <coordinates>
-125.09,50.63,6000 -124.85,50.67,6000 -124.62,50.70,6000 -124.40,50.74,6000 -124.20,50.77,6000 -124.03,50.79,6000 -123.83,50.82,6000 -123.70,50.84,6000 -123.56,50.85,6000 -123.41,50.87,6000 -123.25,50.88,6000 -123.07,50.88,6000 -122.90,50.86,6000 -122.70,50.82,6000 -122.51,50.78,6000 -122.36,50.74,6000 -122.19,50.68,6000 -122.09,50.62,6000 -121.98,50.52,6000 -121.87,50.41,6000 -121.80,50.33,6000 -121.73,50.24,6000 -121.66,50.16,6000 -121.54,50.06,6000 -121.42,49.99,6000 -121.30,49.95,6000 -121.17,49.91,6000 -121.06,49.85,6000 -120.95,49.77,6000 -120.86,49.69,6000 -120.78,49.56,6000 -120.73,49.44,6000 -120.68,49.36,6000 -120.62,49.30,6000 -120.54,49.27,6000 -120.43,49.23,6000 -120.27,49.14,6000 -120.16,49.03,6000 -120.20,48.97,6000 -120.35,48.83,6000 -120.41,48.75,6000 -120.48,48.64,6000 -120.56,48.52,6000 -120.64,48.38,6000 -120.72,48.25,6000 -120.80,48.12,6000 -120.86,48.01,6000 -120.91,47.92,6000 -120.97,47.76,6000 -120.98,47.65,6000 -121.00,47.57,6000 -121.10,47.46,6000 -121.20,47.37,6000 -121.29,47.26,6000 -121.37,47.17,6000 -121.47,47.16,6000 -121.51,47.25,6000 -121.56,47.38,6000 -121.60,47.51,6000 -121.62,47.63,6000 -121.62,47.75,6000 -121.63,47.86,6000 -121.66,47.99,6000 -121.68,48.11,6000 -121.64,48.23,6000 -121.62,48.34,6000 -121.71,48.45,6000 -121.82,48.56,6000 -121.89,48.64,6000 -121.94,48.73,6000 -121.96,48.83,6000 -121.90,48.94,6000 -121.79,49.07,6000 -121.71,49.17,6000 -121.65,49.28,6000 -121.65,49.36,6000 -121.72,49.43,6000 -121.86,49.46,6000 -122.00,49.44,6000 -122.18,49.40,6000 -122.38,49.38,6000 -122.55,49.38,6000 -122.74,49.39,6000 -122.94,49.41,6000 -123.12,49.44,6000 -123.29,49.47,6000 -123.46,49.51,6000 -123.61,49.56,6000 -123.74,49.61,6000 -123.86,49.69,6000 -123.95,49.78,6000 -124.04,49.85,6000 -124.18,49.89,6000 -124.33,49.95,6000 -124.43,50.03,6000 -124.55,50.13,6000 -124.66,50.23,6000 -124.77,50.31,6000 -124.96,50.37,6000 -125.12,50.40,6000 -125.21,50.46,6000 -125.25,50.53,6000 -125.09,50.63,6000 
          </coordinates>
        </LinearRing>
      </outerBoundaryIs>
      <innerBoundaryIs>
        <LinearRing>
          <coordinates>
-125.08,50.59,7000 -124.88,50.62,7000 -124.68,50.66,7000 -124.50,50.69,7000 -124.32,50.71,7000 -124.16,50.74,7000 -124.02,50.76,7000 -123.82,50.79,7000 -123.69,50.81,7000 -123.55,50.82,7000 -123.39,50.84,7000 -123.24,50.85,7000 -123.06,50.85,7000 -122.90,50.83,7000 -122.73,50.79,7000 -122.56,50.76,7000 -122.42,50.72,7000 -122.27,50.67,7000 -122.16,50.61,7000 -122.07,50.54,7000 -121.98,50.44,7000 -121.87,50.33,7000 -121.77,50.22,7000 -121.66,50.10,7000 -121.55,49.97,7000 -121.45,49.88,7000 -121.28,49.80,7000 -121.14,49.76,7000 -121.04,49.69,7000 -120.96,49.60,7000 -120.91,49.50,7000 -120.86,49.38,7000 -120.79,49.28,7000 -120.65,49.20,7000 -120.50,49.15,7000 -120.37,49.08,7000 -120.31,49.01,7000 -120.37,48.96,7000 -120.52,48.82,7000 -120.57,48.74,7000 -120.63,48.63,7000 -120.70,48.50,7000 -120.77,48.37,7000 -120.84,48.23,7000 -120.90,48.11,7000 -120.96,48.00,7000 -121.00,47.91,7000 -121.05,47.76,7000 -121.06,47.69,7000 -121.12,47.60,7000 -121.20,47.50,7000 -121.27,47.42,7000 -121.37,47.35,7000 -121.45,47.33,7000 -121.50,47.38,7000 -121.53,47.50,7000 -121.54,47.59,7000 -121.55,47.70,7000 -121.56,47.82,7000 -121.57,47.94,7000 -121.57,48.04,7000 -121.55,48.17,7000 -121.51,48.27,7000 -121.49,48.35,7000 -121.49,48.45,7000 -121.54,48.52,7000 -121.68,48.59,7000 -121.82,48.66,7000 -121.90,48.72,7000 -121.90,48.81,7000 -121.84,48.89,7000 -121.76,49.00,7000 -121.66,49.10,7000 -121.59,49.19,7000 -121.52,49.30,7000 -121.51,49.38,7000 -121.55,49.47,7000 -121.69,49.53,7000 -121.81,49.52,7000 -121.97,49.48,7000 -122.15,49.44,7000 -122.33,49.42,7000 -122.48,49.42,7000 -122.65,49.43,7000 -122.83,49.44,7000 -122.99,49.46,7000 -123.14,49.48,7000 -123.30,49.51,7000 -123.45,49.55,7000 -123.59,49.59,7000 -123.70,49.64,7000 -123.81,49.72,7000 -123.89,49.81,7000 -123.98,49.88,7000 -124.15,49.93,7000 -124.33,50.00,7000 -124.43,50.08,7000 -124.53,50.17,7000 -124.64,50.27,7000 -124.73,50.34,7000 -124.89,50.38,7000 -125.01,50.39,7000 -125.11,50.49,7000 -125.08,50.59,7000 
          </coordinates>
        </LinearRing>
      </innerBoundaryIs>
  </Polygon>
 </MultiGeometry>
</Placemark>
<Placemark>
  <name>50%</name>
  <visibility>1</visibility>
  <styleUrl>#poly_50</styleUrl>
  <MultiGeometry>
    <Polygon>
      <outerBoundaryIs>
        <LinearRing>
          <coordinates>
-106.11,42.70,6000 -106.09,42.70,6000 -106.07,42.70,6000 -106.05,42.70,6000 -106.03,42.70,6000 -106.01,42.70,6000 -105.99,42.70,6000 -105.97,42.70,6000 -105.95,42.70,6000 -105.93,42.70,6000 -105.91,42.70,6000 -105.90,42.70,6000 -105.88,42.70,6000 -105.86,42.70,6000 -105.84,42.69,6000 -105.82,42.69,6000 -105.81,42.68,6000 -105.79,42.68,6000 -105.77,42.67,6000 -105.76,42.66,6000 -105.74,42.66,6000 -105.73,42.65,6000 -105.71,42.64,6000 -105.70,42.63,6000 -105.69,42.62,6000 -105.67,42.61,6000 -105.66,42.59,6000 -105.65,42.58,6000 -105.64,42.57,6000 -105.63,42.56,6000 -105.62,42.55,6000 -105.60,42.54,6000 -105.59,42.52,6000 -105.58,42.51,6000 -105.57,42.50,6000 -105.56,42.49,6000 -105.56,42.48,6000 -105.56,42.47,6000 -105.57,42.46,6000 -105.58,42.45,6000 -105.61,42.44,6000 -105.62,42.44,6000 -105.64,42.43,6000 -105.65,42.43,6000 -105.67,42.42,6000 -105.69,42.42,6000 -105.71,42.42,6000 -105.73,42.41,6000 -105.76,42.41,6000 -105.78,42.41,6000 -105.80,42.40,6000 -105.82,42.40,6000 -105.84,42.40,6000 -105.86,42.40,6000 -105.88,42.40,6000 -105.90,42.40,6000 -105.93,42.41,6000 -105.95,42.41,6000 -105.97,42.41,6000 -105.99,42.41,6000 -106.01,42.42,6000 -106.03,42.42,6000 -106.05,42.42,6000 -106.07,42.43,6000 -106.08,42.43,6000 -106.11,42.43,6000 -106.12,42.43,6000 -106.13,42.43,6000 -106.14,42.45,6000 -106.15,42.46,6000 -106.15,42.47,6000 -106.16,42.48,6000 -106.17,42.49,6000 -106.17,42.50,6000 -106.18,42.51,6000 -106.19,42.53,6000 -106.20,42.54,6000 -106.21,42.56,6000 -106.21,42.57,6000 -106.22,42.59,6000 -106.23,42.60,6000 -106.24,42.62,6000 -106.11,42.70,6000 
          </coordinates>
        </LinearRing>
      </outerBoundaryIs>
  </Polygon>
 </MultiGeometry>
</Placemark>
<Placemark>
  <name>50%</name>
  <visibility>1</visibility>
  <styleUrl>#poly_50</styleUrl>
  <MultiGeometry>
    <Polygon>
      <outerBoundaryIs>
        <LinearRing>
          <coordinates>
-110.06,49.74,6000 -110.05,49.74,6000 -110.03,49.74,6000 -110.02,49.74,6000 -110.00,49.73,6000 -109.99,49.73,6000 -109.97,49.73,6000 -109.96,49.73,6000 -109.95,49.73,6000 -109.93,49.73,6000 -109.92,49.72,6000 -109.91,49.72,6000 -109.90,49.72,6000 -109.88,49.72,6000 -109.87,49.72,6000 -109.86,49.72,6000 -109.85,49.72,6000 -109.84,49.72,6000 -109.83,49.71,6000 -109.82,49.71,6000 -109.81,49.71,6000 -109.81,49.71,6000 -109.80,49.71,6000 -109.77,49.71,6000 -109.77,49.71,6000 -109.77,49.70,6000 -109.77,49.69,6000 -109.76,49.69,6000 -109.76,49.68,6000 -109.76,49.67,6000 -109.76,49.67,6000 -109.76,49.66,6000 -109.77,49.65,6000 -109.78,49.64,6000 -109.79,49.64,6000 -109.79,49.63,6000 -109.80,49.63,6000 -109.81,49.63,6000 -109.82,49.62,6000 -109.83,49.62,6000 -109.84,49.61,6000 -109.85,49.61,6000 -109.87,49.61,6000 -109.88,49.60,6000 -109.89,49.60,6000 -109.90,49.59,6000 -109.92,49.59,6000 -109.93,49.59,6000 -109.94,49.58,6000 -109.95,49.58,6000 -109.97,49.58,6000 -109.98,49.57,6000 -109.99,49.57,6000 -110.00,49.57,6000 -110.01,49.57,6000 -110.02,49.57,6000 -110.03,49.57,6000 -110.04,49.57,6000 -110.05,49.57,6000 -110.06,49.58,6000 -110.07,49.58,6000 -110.08,49.58,6000 -110.09,49.59,6000 -110.09,49.59,6000 -110.10,49.60,6000 -110.11,49.60,6000 -110.12,49.61,6000 -110.12,49.62,6000 -110.13,49.62,6000 -110.14,49.63,6000 -110.14,49.64,6000 -110.15,49.65,6000 -110.16,49.65,6000 -110.16,49.66,6000 -110.17,49.67,6000 -110.06,49.74,6000 
          </coordinates>
        </LinearRing>
      </outerBoundaryIs>
  </Polygon>
 </MultiGeometry>
</Placemark>
<Placemark>
  <name>50%</name>
  <visibility>1</visibility>
  <styleUrl>#poly_50</styleUrl>
  <MultiGeometry>
    <Polygon>
      <outerBoundaryIs>
        <LinearRing>
          <coordinates>
-110.58,40.91,6000 -110.57,40.92,6000 -110.55,40.92,6000 -110.54,40.92,6000 -110.54,40.91,6000 -110.53,40.90,6000 -110.53,40.90,6000 -110.53,40.89,6000 -110.53,40.88,6000 -110.53,40.88,6000 -110.53,40.87,6000 -110.53,40.86,6000 -110.53,40.85,6000 -110.53,40.84,6000 -110.53,40.83,6000 -110.53,40.82,6000 -110.53,40.81,6000 -110.53,40.80,6000 -110.53,40.79,6000 -110.53,40.78,6000 -110.53,40.77,6000 -110.54,40.76,6000 -110.54,40.75,6000 -110.54,40.74,6000 -110.54,40.74,6000 -110.54,40.73,6000 -110.54,40.72,6000 -110.54,40.72,6000 -110.55,40.72,6000 -110.56,40.72,6000 -110.56,40.72,6000 -110.57,40.72,6000 -110.58,40.72,6000 -110.59,40.71,6000 -110.60,40.71,6000 -110.61,40.71,6000 -110.63,40.71,6000 -110.64,40.71,6000 -110.65,40.71,6000 -110.66,40.70,6000 -110.68,40.70,6000 -110.69,40.70,6000 -110.70,40.70,6000 -110.71,40.70,6000 -110.73,40.70,6000 -110.74,40.69,6000 -110.75,40.69,6000 -110.76,40.69,6000 -110.77,40.69,6000 -110.77,40.69,6000 -110.78,40.69,6000 -110.80,40.69,6000 -110.80,40.69,6000 -110.80,40.70,6000 -110.80,40.70,6000 -110.80,40.71,6000 -110.80,40.71,6000 -110.80,40.72,6000 -110.79,40.74,6000 -110.79,40.74,6000 -110.78,40.75,6000 -110.78,40.75,6000 -110.77,40.76,6000 -110.77,40.77,6000 -110.76,40.77,6000 -110.76,40.78,6000 -110.75,40.78,6000 -110.75,40.79,6000 -110.74,40.80,6000 -110.74,40.80,6000 -110.73,40.81,6000 -110.72,40.82,6000 -110.72,40.83,6000 -110.71,40.83,6000 -110.70,40.84,6000 -110.70,40.85,6000 -110.69,40.86,6000 -110.68,40.87,6000 -110.67,40.87,6000 -110.67,40.88,6000 -110.66,40.89,6000 -110.58,40.91,6000 
          </coordinates>
        </LinearRing>
      </outerBoundaryIs>
  </Polygon>
 </MultiGeometry>
</Placemark>
<Placemark>
  <name>50%</name>
  <visibility>1</visibility>
  <styleUrl>#poly_50</styleUrl>
  <MultiGeometry>
    <Polygon>
      <outerBoundaryIs>
        <LinearRing>
          <coordinates>
-73.07,43.17,6000 -73.05,43.16,6000 -73.03,43.16,6000 -73.02,43.15,6000 -73.00,43.15,6000 -72.98,43.14,6000 -72.97,43.14,6000 -72.95,43.13,6000 -72.93,43.13,6000 -72.92,43.12,6000 -72.90,43.12,6000 -72.89,43.11,6000 -72.88,43.11,6000 -72.87,43.10,6000 -72.86,43.10,6000 -72.85,43.09,6000 -72.83,43.08,6000 -72.83,43.07,6000 -72.82,43.06,6000 -72.82,43.05,6000 -72.83,43.04,6000 -72.83,43.02,6000 -72.83,43.01,6000 -72.83,43.00,6000 -72.84,42.99,6000 -72.84,42.97,6000 -72.84,42.96,6000 -72.85,42.95,6000 -72.85,42.93,6000 -72.86,42.92,6000 -72.86,42.90,6000 -72.87,42.89,6000 -72.87,42.88,6000 -72.87,42.87,6000 -72.88,42.86,6000 -72.88,42.85,6000 -72.88,42.83,6000 -72.91,42.84,6000 -72.92,42.84,6000 -72.94,42.84,6000 -72.95,42.84,6000 -72.97,42.84,6000 -72.99,42.83,6000 -73.01,42.83,6000 -73.03,42.83,6000 -73.05,42.83,6000 -73.07,42.83,6000 -73.09,42.83,6000 -73.11,42.83,6000 -73.12,42.83,6000 -73.14,42.83,6000 -73.15,42.83,6000 -73.17,42.83,6000 -73.18,42.84,6000 -73.18,42.85,6000 -73.18,42.86,6000 -73.18,42.87,6000 -73.18,42.89,6000 -73.18,42.90,6000 -73.18,42.91,6000 -73.18,42.92,6000 -73.18,42.93,6000 -73.18,42.94,6000 -73.18,42.95,6000 -73.17,42.96,6000 -73.17,42.98,6000 -73.17,42.99,6000 -73.17,43.00,6000 -73.17,43.02,6000 -73.16,43.03,6000 -73.16,43.05,6000 -73.16,43.06,6000 -73.07,43.17,6000 
          </coordinates>
        </LinearRing>
      </outerBoundaryIs>
  </Polygon>
 </MultiGeometry>
</Placemark>
<Placemark>
  <name>50%</name>
  <visibility>1</visibility>
  <styleUrl>#poly_50</styleUrl>
  <MultiGeometry>
    <Polygon>
      <outerBoundaryIs>
        <LinearRing>
          <coordinates>
-127.33,50.26,6000 -127.26,50.28,6000 -127.19,50.30,6000 -127.13,50.31,6000 -127.06,50.33,6000 -126.99,50.35,6000 -126.92,50.37,6000 -126.85,50.38,6000 -126.78,50.39,6000 -126.71,50.41,6000 -126.63,50.42,6000 -126.56,50.44,6000 -126.48,50.45,6000 -126.42,50.45,6000 -126.35,50.46,6000 -126.26,50.46,6000 -126.18,50.46,6000 -126.11,50.45,6000 -126.04,50.44,6000 -125.97,50.43,6000 -125.90,50.41,6000 -125.84,50.39,6000 -125.78,50.37,6000 -125.73,50.34,6000 -125.68,50.30,6000 -125.65,50.26,6000 -125.62,50.22,6000 -125.59,50.18,6000 -125.57,50.13,6000 -125.54,50.08,6000 -125.52,50.04,6000 -125.49,50.00,6000 -125.45,49.96,6000 -125.41,49.92,6000 -125.36,49.89,6000 -125.31,49.85,6000 -125.28,49.82,6000 -125.24,49.78,6000 -125.19,49.75,6000 -125.15,49.71,6000 -125.11,49.66,6000 -125.06,49.63,6000 -125.03,49.59,6000 -125.00,49.56,6000 -124.96,49.51,6000 -124.93,49.48,6000 -124.91,49.45,6000 -124.91,49.41,6000 -124.91,49.37,6000 -124.92,49.33,6000 -124.94,49.29,6000 -124.97,49.25,6000 -125.01,49.22,6000 -125.06,49.19,6000 -125.13,49.17,6000 -125.21,49.15,6000 -125.28,49.14,6000 -125.35,49.14,6000 -125.41,49.15,6000 -125.47,49.16,6000 -125.52,49.18,6000 -125.58,49.21,6000 -125.64,49.23,6000 -125.70,49.25,6000 -125.76,49.27,6000 -125.83,49.30,6000 -125.89,49.32,6000 -125.95,49.35,6000 -126.01,49.38,6000 -126.07,49.40,6000 -126.13,49.43,6000 -126.19,49.46,6000 -126.25,49.49,6000 -126.30,49.52,6000 -126.36,49.56,6000 -126.41,49.60,6000 -126.46,49.64,6000 -126.51,49.67,6000 -126.56,49.70,6000 -126.61,49.73,6000 -126.67,49.75,6000 -126.72,49.77,6000 -126.77,49.80,6000 -126.82,49.82,6000 -126.87,49.85,6000 -126.92,49.87,6000 -126.97,49.90,6000 -127.02,49.93,6000 -127.06,49.96,6000 -127.11,50.00,6000 -127.15,50.03,6000 -127.19,50.07,6000 -127.24,50.11,6000 -127.28,50.15,6000 -127.33,50.26,6000 
          </coordinates>
        </LinearRing>
      </outerBoundaryIs>
      <innerBoundaryIs>
        <LinearRing>
          <coordinates>
-127.08,50.30,7000 -127.01,50.31,7000 -126.94,50.33,7000 -126.87,50.34,7000 -126.80,50.36,7000 -126.73,50.37,7000 -126.66,50.38,7000 -126.59,50.39,7000 -126.52,50.40,7000 -126.46,50.41,7000 -126.39,50.41,7000 -126.32,50.42,7000 -126.25,50.42,7000 -126.19,50.42,7000 -126.13,50.42,7000 -126.07,50.42,7000 -125.99,50.41,7000 -125.92,50.39,7000 -125.86,50.37,7000 -125.81,50.34,7000 -125.76,50.31,7000 -125.72,50.28,7000 -125.70,50.25,7000 -125.68,50.22,7000 -125.66,50.18,7000 -125.63,50.14,7000 -125.60,50.11,7000 -125.57,50.07,7000 -125.54,50.03,7000 -125.51,49.99,7000 -125.47,49.95,7000 -125.44,49.91,7000 -125.41,49.87,7000 -125.38,49.84,7000 -125.33,49.80,7000 -125.29,49.77,7000 -125.25,49.74,7000 -125.21,49.70,7000 -125.18,49.67,7000 -125.15,49.63,7000 -125.12,49.59,7000 -125.08,49.55,7000 -125.05,49.50,7000 -125.02,49.46,7000 -125.00,49.42,7000 -124.99,49.39,7000 -124.99,49.34,7000 -125.02,49.31,7000 -125.05,49.27,7000 -125.09,49.24,7000 -125.13,49.22,7000 -125.18,49.20,7000 -125.24,49.18,7000 -125.30,49.18,7000 -125.37,49.18,7000 -125.42,49.19,7000 -125.47,49.21,7000 -125.53,49.23,7000 -125.59,49.25,7000 -125.65,49.27,7000 -125.70,49.29,7000 -125.76,49.31,7000 -125.82,49.34,7000 -125.88,49.36,7000 -125.94,49.39,7000 -126.00,49.41,7000 -126.06,49.43,7000 -126.11,49.46,7000 -126.16,49.48,7000 -126.22,49.51,7000 -126.28,49.54,7000 -126.33,49.57,7000 -126.37,49.60,7000 -126.42,49.64,7000 -126.47,49.67,7000 -126.52,49.71,7000 -126.57,49.74,7000 -126.62,49.77,7000 -126.68,49.80,7000 -126.73,49.83,7000 -126.79,49.86,7000 -126.84,49.88,7000 -126.89,49.90,7000 -126.94,49.93,7000 -126.99,49.96,7000 -127.04,49.99,7000 -127.08,50.02,7000 -127.12,50.05,7000 -127.15,50.08,7000 -127.18,50.12,7000 -127.20,50.16,7000 -127.22,50.20,7000 -127.23,50.24,7000 -127.08,50.30,7000 
          </coordinates>
        </LinearRing>
      </innerBoundaryIs>
  </Polygon>
 </MultiGeometry>
</Placemark>
<Placemark>
  <name>50%</name>
  <visibility>1</visibility>
  <styleUrl>#poly_50</styleUrl>
  <MultiGeometry>
    <Polygon>
      <outerBoundaryIs>
        <LinearRing>
          <coordinates>
-120.78,51.15,6000 -120.48,51.24,6000 -120.11,51.29,6000 -119.36,51.38,6000 -117.61,51.57,6000 -116.71,51.66,6000 -116.25,51.66,6000 -116.08,51.60,6000 -115.95,51.49,6000 -115.96,51.34,6000 -116.17,51.18,6000 -116.58,51.20,6000 -116.72,51.02,6000 -116.38,50.64,6000 -116.09,50.10,6000 -116.00,49.88,6000 -116.03,49.68,6000 -115.95,49.49,6000 -115.61,49.30,6000 -115.42,48.95,6000 -114.94,48.66,6000 -114.39,48.58,6000 -114.16,48.63,6000 -114.14,48.76,6000 -114.26,49.04,6000 -114.56,49.41,6000 -114.37,49.54,6000 -114.06,49.60,6000 -113.41,50.06,6000 -113.14,50.18,6000 -112.76,50.27,6000 -112.15,50.18,6000 -111.23,49.76,6000 -110.33,49.33,6000 -109.71,49.21,6000 -109.38,49.09,6000 -108.34,48.97,6000 -107.29,48.71,6000 -106.74,48.57,6000 -106.41,48.55,6000 -105.95,48.58,6000 -104.49,48.44,6000 -103.72,48.42,6000 -103.19,48.38,6000 -102.43,48.35,6000 -102.06,48.40,6000 -101.73,48.39,6000 -101.25,48.29,6000 -100.79,48.13,6000 -100.14,47.92,6000 -99.59,47.81,6000 -98.45,47.53,6000 -98.02,47.57,6000 -97.69,47.61,6000 -97.34,47.56,6000 -96.93,47.42,6000 -96.50,47.23,6000 -96.01,47.16,6000 -95.51,47.34,6000 -93.90,47.30,6000 -92.81,47.45,6000 -91.89,47.67,6000 -91.41,47.75,6000 -91.04,47.76,6000 -90.71,47.81,6000 -90.41,48.02,6000 -89.99,48.19,6000 -89.42,48.32,6000 -89.21,48.40,6000 -89.00,48.57,6000 -88.71,48.91,6000 -88.31,49.21,6000 -87.97,49.60,6000 -87.65,49.91,6000 -87.35,50.26,6000 -86.94,50.47,6000 -86.43,50.55,6000 -85.75,50.51,6000 -85.04,50.36,6000 -84.62,50.09,6000 -84.15,49.93,6000 -83.67,49.71,6000 -83.30,49.47,6000 -82.79,49.31,6000 -82.19,48.93,6000 -81.75,48.80,6000 -81.19,48.67,6000 -80.06,48.39,6000 -78.95,48.11,6000 -78.53,48.00,6000 -77.84,47.86,6000 -76.99,47.90,6000 -76.51,47.94,6000 -75.39,48.23,6000 -74.84,48.36,6000 -74.34,48.53,6000 -74.05,48.70,6000 -73.57,48.88,6000 -72.99,49.06,6000 -72.60,49.38,6000 -71.69,49.93,6000 -71.40,50.27,6000 -71.01,50.51,6000 -69.98,50.73,6000 -69.48,50.82,6000 -68.90,50.83,6000 -67.98,50.80,6000 -67.25,50.58,6000 -66.64,50.35,6000 -66.14,50.10,6000 -65.95,49.87,6000 -65.62,49.61,6000 -65.34,49.01,6000 -64.33,48.68,6000 -63.63,48.50,6000 -63.18,48.26,6000 -62.77,48.03,6000 -62.33,47.83,6000 -62.08,47.57,6000 -62.19,47.07,6000 -62.51,46.31,6000 -62.82,45.58,6000 -62.95,45.29,6000 -63.22,45.21,6000 -63.47,45.35,6000 -63.90,45.60,6000 -63.40,45.84,6000 -63.48,45.94,6000 -63.91,46.06,6000 -64.19,46.00,6000 -64.44,45.89,6000 -64.78,45.70,6000 -65.34,45.48,6000 -65.58,45.58,6000 -65.54,45.70,6000 -65.35,45.84,6000 -65.18,45.96,6000 -65.21,46.05,6000 -65.50,46.07,6000 -65.70,46.01,6000 -66.78,45.71,6000 -67.31,45.61,6000 -67.90,45.70,6000 -68.17,45.71,6000 -68.61,45.63,6000 -68.83,45.58,6000 -69.15,45.60,6000 -69.32,45.71,6000 -69.35,45.94,6000 -69.38,46.11,6000 -69.59,46.12,6000 -69.94,45.97,6000 -70.63,45.23,6000 -70.93,45.03,6000 -71.42,44.77,6000 -72.00,44.68,6000 -72.39,44.53,6000 -72.76,44.40,6000 -72.93,44.65,6000 -73.16,44.97,6000 -73.48,44.93,6000 -73.68,44.69,6000 -73.79,44.41,6000 -73.81,44.08,6000 -74.10,43.69,6000 -74.32,43.29,6000 -74.67,42.89,6000 -74.89,42.37,6000 -75.21,42.12,6000 -75.43,42.07,6000 -75.65,42.12,6000 -76.22,42.19,6000 -76.56,42.24,6000 -76.78,42.20,6000 -76.98,42.01,6000 -76.92,41.78,6000 -76.94,41.68,6000 -77.27,41.69,6000 -78.30,41.50,6000 -79.38,41.30,6000 -80.23,41.28,6000 -80.60,41.35,6000 -81.06,41.38,6000 -81.50,41.40,6000 -81.68,41.62,6000 -81.39,41.94,6000 -81.07,42.16,6000 -80.81,42.42,6000 -80.99,42.69,6000 -81.63,43.22,6000 -81.88,43.54,6000 -82.06,43.73,6000 -82.31,43.79,6000 -82.53,43.72,6000 -82.70,43.57,6000 -82.87,43.44,6000 -83.09,43.40,6000 -83.73,43.44,6000 -84.43,43.44,6000 -85.01,43.31,6000 -85.24,43.19,6000 -85.46,42.98,6000 -85.16,42.02,6000 -85.18,41.78,6000 -85.33,41.50,6000 -85.76,41.29,6000 -86.13,41.21,6000 -86.46,41.24,6000 -86.83,41.26,6000 -87.13,41.24,6000 -87.56,41.02,6000 -87.89,40.65,6000 -88.25,40.37,6000 -88.54,40.22,6000 -89.00,40.05,6000 -89.34,40.00,6000 -89.62,39.90,6000 -89.94,39.74,6000 -90.29,39.79,6000 -90.61,39.82,6000 -90.89,39.80,6000 -91.49,39.96,6000 -92.51,40.15,6000 -93.07,40.34,6000 -93.45,40.55,6000 -93.82,40.81,6000 -94.04,41.07,6000 -94.37,41.62,6000 -94.52,41.86,6000 -94.68,41.94,6000 -95.00,42.03,6000 -95.09,42.17,6000 -95.25,42.52,6000 -95.47,42.80,6000 -96.14,43.35,6000 -96.62,43.51,6000 -97.06,43.54,6000 -97.44,43.49,6000 -97.84,43.14,6000 -98.26,43.14,6000 -98.47,43.08,6000 -98.74,42.73,6000 -99.10,42.80,6000 -99.58,42.92,6000 -100.31,42.95,6000 -101.81,43.01,6000 -102.13,43.03,6000 -102.40,43.14,6000 -102.55,43.57,6000 -102.90,43.77,6000 -103.40,43.92,6000 -103.88,43.95,6000 -104.27,44.04,6000 -104.68,44.17,6000 -105.05,44.36,6000 -105.25,44.63,6000 -105.35,45.11,6000 -105.43,45.37,6000 -105.57,45.45,6000 -106.16,45.57,6000 -106.77,45.66,6000 -107.24,45.80,6000 -107.59,46.09,6000 -107.81,46.22,6000 -108.09,46.28,6000 -108.51,46.46,6000 -109.05,46.56,6000 -109.63,46.56,6000 -110.22,46.48,6000 -110.02,46.03,6000 -109.98,45.81,6000 -109.74,45.75,6000 -109.34,45.52,6000 -109.11,45.24,6000 -109.14,44.93,6000 -109.17,44.46,6000 -108.90,44.04,6000 -108.85,43.81,6000 -108.90,43.67,6000 -109.23,43.53,6000 -109.35,43.39,6000 -109.04,42.97,6000 -108.94,42.84,6000 -108.93,42.60,6000 -109.29,42.65,6000 -109.71,42.88,6000 -110.14,43.01,6000 -110.38,42.83,6000 -110.45,42.71,6000 -110.55,42.47,6000 -110.72,42.45,6000 -110.86,42.55,6000 -110.92,42.82,6000 -111.13,43.72,6000 -111.02,44.02,6000 -111.13,44.33,6000 -111.25,44.64,6000 -111.69,44.82,6000 -111.84,45.45,6000 -111.81,45.51,6000 -111.44,45.55,6000 -111.10,45.67,6000 -110.96,45.80,6000 -110.82,45.91,6000 -110.81,46.17,6000 -111.27,46.39,6000 -111.54,46.47,6000 -111.73,46.36,6000 -112.10,46.15,6000 -112.65,45.96,6000 -112.82,45.63,6000 -113.01,45.37,6000 -113.38,45.12,6000 -113.97,45.19,6000 -114.33,44.88,6000 -114.49,44.68,6000 -114.49,44.38,6000 -114.47,44.10,6000 -114.52,43.78,6000 -114.62,43.65,6000 -114.93,43.56,6000 -115.20,43.59,6000 -115.38,43.71,6000 -115.63,44.22,6000 -116.05,44.96,6000 -116.17,45.06,6000 -116.24,45.30,6000 -116.07,45.63,6000 -115.81,45.93,6000 -115.69,46.19,6000 -115.78,46.50,6000 -116.19,47.20,6000 -116.16,47.48,6000 -116.30,47.80,6000 -116.11,48.61,6000 -116.10,48.82,6000 -116.24,49.03,6000 -116.33,49.14,6000 -116.63,49.16,6000 -116.76,48.99,6000 -117.01,48.89,6000 -117.36,49.19,6000 -117.68,49.32,6000 -118.27,49.36,6000 -118.80,49.48,6000 -119.20,49.70,6000 -119.24,50.48,6000 -119.64,50.68,6000 -120.20,50.86,6000 -120.76,50.96,6000 -120.78,51.15,6000 
          </coordinates>
        </LinearRing>
      </outerBoundaryIs>
      <innerBoundaryIs>
        <LinearRing>
          <coordinates>
-79.21,43.76,6000 -79.18,43.76,6000 -79.15,43.76,6000 -79.12,43.77,6000 -79.09,43.77,6000 -79.06,43.77,6000 -79.03,43.77,6000 -79.00,43.76,6000 -78.97,43.76,6000 -78.94,43.75,6000 -78.91,43.74,6000 -78.88,43.73,6000 -78.84,43.72,6000 -78.81,43.71,6000 -78.79,43.70,6000 -78.76,43.69,6000 -78.74,43.68,6000 -78.71,43.67,6000 -78.68,43.66,6000 -78.67,43.65,6000 -78.66,43.63,6000 -78.66,43.61,6000 -78.66,43.59,6000 -78.66,43.57,6000 -78.66,43.55,6000 -78.67,43.52,6000 -78.68,43.50,6000 -78.68,43.48,6000 -78.69,43.46,6000 -78.71,43.44,6000 -78.73,43.42,6000 -78.75,43.41,6000 -78.77,43.39,6000 -78.79,43.38,6000 -78.80,43.36,6000 -78.81,43.34,6000 -78.83,43.32,6000 -78.85,43.30,6000 -78.87,43.29,6000 -78.89,43.27,6000 -78.91,43.26,6000 -78.94,43.24,6000 -78.97,43.23,6000 -78.99,43.21,6000 -79.02,43.20,6000 -79.04,43.19,6000 -79.06,43.18,6000 -79.09,43.17,6000 -79.11,43.16,6000 -79.13,43.15,6000 -79.16,43.15,6000 -79.19,43.14,6000 -79.21,43.14,6000 -79.24,43.13,6000 -79.27,43.13,6000 -79.31,43.13,6000 -79.34,43.13,6000 -79.37,43.13,6000 -79.40,43.14,6000 -79.43,43.14,6000 -79.46,43.15,6000 -79.49,43.15,6000 -79.52,43.16,6000 -79.54,43.16,6000 -79.57,43.17,6000 -79.59,43.19,6000 -79.60,43.20,6000 -79.61,43.22,6000 -79.63,43.24,6000 -79.64,43.26,6000 -79.65,43.28,6000 -79.67,43.31,6000 -79.68,43.33,6000 -79.69,43.35,6000 -79.69,43.37,6000 -79.69,43.39,6000 -79.69,43.41,6000 -79.68,43.44,6000 -79.67,43.46,6000 -79.66,43.48,6000 -79.65,43.50,6000 -79.63,43.52,6000 -79.62,43.54,6000 -79.60,43.56,6000 -79.58,43.58,6000 -79.56,43.60,6000 -79.54,43.62,6000 -79.51,43.64,6000 -79.49,43.65,6000 -79.47,43.67,6000 -79.46,43.68,6000 -79.43,43.70,6000 -79.43,43.70,6000 -79.21,43.76,6000 
          </coordinates>
        </LinearRing>
      </innerBoundaryIs>
      <innerBoundaryIs>
        <LinearRing>
          <coordinates>
-67.33,47.20,6000 -67.31,47.20,6000 -67.29,47.19,6000 -67.28,47.19,6000 -67.26,47.19,6000 -67.24,47.18,6000 -67.23,47.18,6000 -67.21,47.18,6000 -67.20,47.17,6000 -67.18,47.17,6000 -67.17,47.17,6000 -67.15,47.16,6000 -67.14,47.16,6000 -67.13,47.16,6000 -67.12,47.16,6000 -67.11,47.15,6000 -67.10,47.15,6000 -67.09,47.15,6000 -67.09,47.14,6000 -67.09,47.13,6000 -67.09,47.13,6000 -67.10,47.12,6000 -67.10,47.11,6000 -67.11,47.10,6000 -67.11,47.09,6000 -67.11,47.08,6000 -67.12,47.07,6000 -67.12,47.06,6000 -67.13,47.05,6000 -67.13,47.04,6000 -67.13,47.03,6000 -67.13,47.02,6000 -67.13,47.01,6000 -67.13,47.00,6000 -67.13,46.99,6000 -67.14,46.98,6000 -67.15,46.98,6000 -67.16,46.97,6000 -67.17,46.97,6000 -67.18,46.96,6000 -67.19,46.96,6000 -67.20,46.96,6000 -67.22,46.95,6000 -67.23,46.95,6000 -67.25,46.95,6000 -67.27,46.94,6000 -67.28,46.94,6000 -67.30,46.94,6000 -67.32,46.93,6000 -67.33,46.93,6000 -67.35,46.93,6000 -67.36,46.93,6000 -67.38,46.93,6000 -67.39,46.93,6000 -67.40,46.93,6000 -67.41,46.93,6000 -67.42,46.93,6000 -67.44,46.94,6000 -67.44,46.95,6000 -67.45,46.95,6000 -67.46,46.96,6000 -67.46,46.97,6000 -67.46,46.98,6000 -67.46,47.00,6000 -67.46,47.01,6000 -67.46,47.02,6000 -67.46,47.03,6000 -67.46,47.03,6000 -67.45,47.04,6000 -67.45,47.05,6000 -67.44,47.06,6000 -67.44,47.07,6000 -67.43,47.08,6000 -67.43,47.08,6000 -67.42,47.09,6000 -67.41,47.10,6000 -67.41,47.11,6000 -67.40,47.12,6000 -67.39,47.13,6000 -67.38,47.14,6000 -67.38,47.15,6000 -67.37,47.16,6000 -67.36,47.17,6000 -67.33,47.20,6000 
          </coordinates>
        </LinearRing>
      </innerBoundaryIs>
      <innerBoundaryIs>
        <LinearRing>
          <coordinates>
-110.50,46.39,7000 -110.48,46.38,7000 -110.46,46.36,7000 -110.43,46.35,7000 -110.41,46.33,7000 -110.39,46.32,7000 -110.37,46.31,7000 -110.35,46.30,7000 -110.32,46.29,7000 -110.30,46.28,7000 -110.28,46.28,7000 -110.25,46.27,7000 -110.23,46.26,7000 -110.21,46.25,7000 -110.20,46.23,7000 -110.18,46.22,7000 -110.16,46.20,7000 -110.15,46.18,7000 -110.14,46.16,7000 -110.13,46.14,7000 -110.13,46.12,7000 -110.13,46.10,7000 -110.13,46.08,7000 -110.13,46.05,7000 -110.14,46.03,7000 -110.14,46.01,7000 -110.15,45.99,7000 -110.15,45.97,7000 -110.15,45.94,7000 -110.15,45.93,7000 -110.17,45.91,7000 -110.19,45.90,7000 -110.21,45.89,7000 -110.24,45.87,7000 -110.26,45.86,7000 -110.29,45.84,7000 -110.32,45.83,7000 -110.35,45.82,7000 -110.38,45.81,7000 -110.40,45.81,7000 -110.42,45.82,7000 -110.44,45.83,7000 -110.46,45.85,7000 -110.47,45.87,7000 -110.48,45.89,7000 -110.50,45.92,7000 -110.51,45.94,7000 -110.52,45.96,7000 -110.53,45.98,7000 -110.54,45.99,7000 -110.55,46.01,7000 -110.56,46.03,7000 -110.56,46.05,7000 -110.57,46.07,7000 -110.58,46.09,7000 -110.58,46.11,7000 -110.58,46.13,7000 -110.59,46.15,7000 -110.59,46.17,7000 -110.59,46.19,7000 -110.59,46.22,7000 -110.58,46.24,7000 -110.58,46.26,7000 -110.58,46.28,7000 -110.50,46.39,7000 
          </coordinates>
        </LinearRing>
      </innerBoundaryIs>
      <innerBoundaryIs>
        <LinearRing>
          <coordinates>
-75.74,45.46,7000 -75.70,45.47,7000 -75.65,45.48,7000 -75.61,45.49,7000 -75.57,45.50,7000 -75.52,45.51,7000 -75.48,45.52,7000 -75.44,45.53,7000 -75.40,45.53,7000 -75.35,45.54,7000 -75.31,45.54,7000 -75.27,45.54,7000 -75.23,45.54,7000 -75.19,45.54,7000 -75.15,45.54,7000 -75.11,45.53,7000 -75.06,45.52,7000 -75.03,45.51,7000 -74.99,45.50,7000 -74.96,45.48,7000 -74.92,45.45,7000 -74.89,45.43,7000 -74.86,45.40,7000 -74.84,45.37,7000 -74.82,45.34,7000 -74.81,45.31,7000 -74.80,45.28,7000 -74.81,45.25,7000 -74.81,45.22,7000 -74.81,45.20,7000 -74.80,45.17,7000 -74.80,45.16,7000 -74.82,45.15,7000 -74.84,45.13,7000 -74.86,45.11,7000 -74.88,45.08,7000 -74.91,45.05,7000 -74.93,45.03,7000 -74.96,45.01,7000 -75.00,44.99,7000 -75.03,44.98,7000 -75.07,44.97,7000 -75.11,44.96,7000 -75.14,44.94,7000 -75.17,44.92,7000 -75.19,44.90,7000 -75.22,44.88,7000 -75.25,44.86,7000 -75.29,44.84,7000 -75.32,44.82,7000 -75.36,44.80,7000 -75.39,44.78,7000 -75.42,44.76,7000 -75.45,44.75,7000 -75.48,44.74,7000 -75.51,44.72,7000 -75.54,44.70,7000 -75.56,44.68,7000 -75.59,44.66,7000 -75.62,44.64,7000 -75.66,44.63,7000 -75.70,44.62,7000 -75.74,44.62,7000 -75.79,44.62,7000 -75.83,44.62,7000 -75.88,44.62,7000 -75.91,44.63,7000 -75.94,44.65,7000 -75.97,44.67,7000 -75.99,44.70,7000 -76.00,44.74,7000 -76.02,44.77,7000 -76.03,44.80,7000 -76.04,44.83,7000 -76.05,44.86,7000 -76.06,44.89,7000 -76.06,44.92,7000 -76.06,44.95,7000 -76.06,44.98,7000 -76.05,45.01,7000 -76.04,45.04,7000 -76.03,45.06,7000 -76.02,45.09,7000 -76.01,45.12,7000 -76.00,45.15,7000 -75.99,45.18,7000 -75.97,45.22,7000 -75.96,45.25,7000 -75.94,45.28,7000 -75.92,45.31,7000 -75.90,45.33,7000 -75.87,45.36,7000 -75.85,45.39,7000 -75.82,45.41,7000 -75.79,45.44,7000 -75.74,45.46,7000 
          </coordinates>
        </LinearRing>
      </innerBoundaryIs>
      <innerBoundaryIs>
        <LinearRing>
          <coordinates>
-110.64,45.77,7000 -110.50,45.77,7000 -110.36,45.77,7000 -110.23,45.76,7000 -110.10,45.74,7000 -109.97,45.71,7000 -109.85,45.67,7000 -109.74,45.63,7000 -109.63,45.58,7000 -109.49,45.50,7000 -109.37,45.41,7000 -109.27,45.32,7000 -109.20,45.20,7000 -109.19,45.09,7000 -109.20,45.01,7000 -109.24,44.93,7000 -109.27,44.84,7000 -109.30,44.75,7000 -109.33,44.65,7000 -109.35,44.55,7000 -109.35,44.46,7000 -109.29,44.35,7000 -109.20,44.25,7000 -109.12,44.16,7000 -109.05,44.07,7000 -109.00,43.98,7000 -108.97,43.89,7000 -108.98,43.81,7000 -109.03,43.73,7000 -109.10,43.65,7000 -109.23,43.58,7000 -109.39,43.52,7000 -109.47,43.44,7000 -109.44,43.36,7000 -109.36,43.26,7000 -109.27,43.16,7000 -109.19,43.08,7000 -109.12,42.99,7000 -109.06,42.92,7000 -109.03,42.85,7000 -109.05,42.72,7000 -109.19,42.67,7000 -109.29,42.71,7000 -109.42,42.77,7000 -109.57,42.86,7000 -109.72,42.94,7000 -109.86,43.01,7000 -109.97,43.06,7000 -110.16,43.08,7000 -110.27,43.04,7000 -110.36,43.00,7000 -110.43,42.91,7000 -110.47,42.81,7000 -110.50,42.67,7000 -110.54,42.57,7000 -110.60,42.55,7000 -110.64,42.61,7000 -110.70,42.70,7000 -110.75,42.83,7000 -110.81,42.97,7000 -110.87,43.10,7000 -110.92,43.23,7000 -110.96,43.32,7000 -111.02,43.45,7000 -111.06,43.52,7000 -111.08,43.58,7000 -111.07,43.69,7000 -111.03,43.78,7000 -111.00,43.85,7000 -110.97,43.93,7000 -110.97,44.00,7000 -110.97,44.07,7000 -110.99,44.18,7000 -111.00,44.27,7000 -111.02,44.39,7000 -111.03,44.51,7000 -111.06,44.62,7000 -111.11,44.70,7000 -111.24,44.77,7000 -111.41,44.80,7000 -111.54,44.83,7000 -111.64,44.89,7000 -111.68,44.95,7000 -111.70,45.01,7000 -111.69,45.09,7000 -111.68,45.17,7000 -111.66,45.26,7000 -111.61,45.35,7000 -111.53,45.42,7000 -111.42,45.48,7000 -111.29,45.54,7000 -111.18,45.59,7000 -111.07,45.64,7000 -110.94,45.70,7000 -110.81,45.75,7000 -110.64,45.77,7000 
          </coordinates>
        </LinearRing>
      </innerBoundaryIs>
      <innerBoundaryIs>
        <LinearRing>
          <coordinates>
-67.26,47.42,7000 -67.22,47.42,7000 -67.19,47.42,7000 -67.15,47.43,7000 -67.12,47.43,7000 -67.08,47.42,7000 -67.06,47.42,7000 -67.03,47.42,7000 -67.01,47.41,7000 -66.99,47.40,7000 -66.98,47.38,7000 -66.97,47.36,7000 -66.96,47.34,7000 -66.96,47.31,7000 -66.96,47.29,7000 -66.96,47.27,7000 -66.96,47.25,7000 -66.96,47.23,7000 -66.96,47.21,7000 -66.96,47.19,7000 -66.96,47.16,7000 -66.97,47.14,7000 -66.97,47.12,7000 -66.98,47.10,7000 -66.98,47.07,7000 -66.99,47.05,7000 -67.00,47.03,7000 -67.01,47.01,7000 -67.03,46.98,7000 -67.04,46.96,7000 -67.05,46.94,7000 -67.07,46.92,7000 -67.09,46.89,7000 -67.11,46.87,7000 -67.13,46.85,7000 -67.14,46.83,7000 -67.16,46.81,7000 -67.17,46.80,7000 -67.18,46.78,7000 -67.20,46.78,7000 -67.22,46.78,7000 -67.25,46.78,7000 -67.29,46.78,7000 -67.33,46.77,7000 -67.36,46.77,7000 -67.40,46.77,7000 -67.43,46.78,7000 -67.46,46.78,7000 -67.49,46.79,7000 -67.52,46.80,7000 -67.54,46.82,7000 -67.55,46.84,7000 -67.57,46.86,7000 -67.58,46.88,7000 -67.60,46.90,7000 -67.61,46.93,7000 -67.62,46.95,7000 -67.63,46.97,7000 -67.64,46.99,7000 -67.66,47.01,7000 -67.68,47.03,7000 -67.69,47.05,7000 -67.68,47.07,7000 -67.66,47.08,7000 -67.63,47.10,7000 -67.61,47.12,7000 -67.60,47.14,7000 -67.58,47.15,7000 -67.57,47.17,7000 -67.55,47.20,7000 -67.54,47.22,7000 -67.52,47.23,7000 -67.50,47.25,7000 -67.48,47.27,7000 -67.46,47.29,7000 -67.44,47.31,7000 -67.41,47.33,7000 -67.39,47.35,7000 -67.26,47.42,7000 
          </coordinates>
        </LinearRing>
      </innerBoundaryIs>
      <innerBoundaryIs>
        <LinearRing>
          <coordinates>
-63.03,45.72,7000 -63.02,45.71,7000 -63.02,45.70,7000 -63.01,45.69,7000 -63.01,45.68,7000 -63.00,45.66,7000 -62.99,45.65,7000 -62.99,45.63,7000 -62.99,45.62,7000 -62.98,45.61,7000 -62.98,45.59,7000 -62.98,45.58,7000 -62.97,45.57,7000 -62.97,45.55,7000 -62.96,45.53,7000 -62.96,45.52,7000 -62.96,45.50,7000 -62.96,45.49,7000 -62.96,45.48,7000 -62.96,45.46,7000 -62.97,45.45,7000 -62.98,45.44,7000 -62.99,45.42,7000 -63.00,45.41,7000 -63.02,45.40,7000 -63.03,45.38,7000 -63.05,45.37,7000 -63.07,45.36,7000 -63.08,45.35,7000 -63.10,45.34,7000 -63.12,45.33,7000 -63.14,45.33,7000 -63.15,45.32,7000 -63.17,45.32,7000 -63.19,45.32,7000 -63.20,45.33,7000 -63.22,45.33,7000 -63.23,45.34,7000 -63.25,45.35,7000 -63.26,45.36,7000 -63.28,45.38,7000 -63.29,45.39,7000 -63.31,45.40,7000 -63.32,45.42,7000 -63.34,45.43,7000 -63.35,45.44,7000 -63.37,45.45,7000 -63.39,45.46,7000 -63.40,45.47,7000 -63.42,45.48,7000 -63.44,45.49,7000 -63.46,45.49,7000 -63.48,45.50,7000 -63.50,45.51,7000 -63.52,45.52,7000 -63.54,45.53,7000 -63.55,45.53,7000 -63.57,45.54,7000 -63.58,45.55,7000 -63.59,45.55,7000 -63.60,45.56,7000 -63.61,45.56,7000 -63.58,45.57,7000 -63.57,45.57,7000 -63.55,45.58,7000 -63.54,45.58,7000 -63.52,45.59,7000 -63.50,45.60,7000 -63.48,45.60,7000 -63.45,45.61,7000 -63.43,45.62,7000 -63.41,45.63,7000 -63.39,45.63,7000 -63.37,45.64,7000 -63.35,45.65,7000 -63.33,45.65,7000 -63.31,45.66,7000 -63.30,45.66,7000 -63.26,45.67,7000 -63.25,45.68,7000 -63.25,45.68,7000 -63.03,45.72,7000 
          </coordinates>
        </LinearRing>
      </innerBoundaryIs>
      <innerBoundaryIs>
        <LinearRing>
          <coordinates>
-120.53,51.21,7000 -118.89,51.40,7000 -117.65,51.53,7000 -116.98,51.60,7000 -116.24,51.63,7000 -116.12,51.56,7000 -116.07,51.33,7000 -116.19,51.27,7000 -116.56,51.26,7000 -116.79,51.20,7000 -116.86,51.07,7000 -116.78,50.98,7000 -116.47,50.67,7000 -116.33,50.44,7000 -116.12,49.89,7000 -116.15,49.65,7000 -116.02,49.42,7000 -115.74,49.15,7000 -115.69,48.91,7000 -115.43,48.80,7000 -115.08,48.60,7000 -114.69,48.45,7000 -114.26,48.38,7000 -114.10,48.49,7000 -113.96,48.67,7000 -114.15,49.07,7000 -114.39,49.33,7000 -113.73,49.65,7000 -113.38,49.89,7000 -112.97,50.11,7000 -112.45,50.16,7000 -112.00,50.04,7000 -111.66,49.86,7000 -111.30,49.62,7000 -110.70,49.30,7000 -110.25,49.15,7000 -109.77,49.03,7000 -109.27,48.90,7000 -108.56,48.89,7000 -107.99,48.79,7000 -107.48,48.66,7000 -106.55,48.40,7000 -105.88,48.43,7000 -105.23,48.38,7000 -104.25,48.30,7000 -102.99,48.24,7000 -102.24,48.14,7000 -102.00,48.13,7000 -101.82,48.19,7000 -101.42,48.20,7000 -101.04,48.10,7000 -100.58,47.94,7000 -100.24,47.83,7000 -99.70,47.70,7000 -98.69,47.45,7000 -98.38,47.40,7000 -98.06,47.43,7000 -97.71,47.48,7000 -97.36,47.45,7000 -96.73,47.22,7000 -96.27,47.06,7000 -95.92,47.06,7000 -95.49,47.22,7000 -95.00,47.26,7000 -94.61,47.20,7000 -94.01,47.18,7000 -92.99,47.29,7000 -92.40,47.38,7000 -91.81,47.55,7000 -91.26,47.61,7000 -90.87,47.56,7000 -90.50,47.60,7000 -90.30,47.70,7000 -90.19,47.83,7000 -89.99,47.99,7000 -89.76,48.06,7000 -89.29,48.20,7000 -88.84,48.45,7000 -88.53,48.72,7000 -88.20,48.91,7000 -87.83,49.49,7000 -87.19,50.14,7000 -86.96,50.33,7000 -86.51,50.47,7000 -85.84,50.45,7000 -85.20,50.36,7000 -84.48,49.96,7000 -83.93,49.80,7000 -83.57,49.55,7000 -83.24,49.39,7000 -82.75,49.23,7000 -82.18,48.87,7000 -81.27,48.63,7000 -80.18,48.37,7000 -79.09,48.08,7000 -78.18,47.85,7000 -77.60,47.82,7000 -77.02,47.85,7000 -76.48,47.89,7000 -75.95,48.03,7000 -74.92,48.28,7000 -74.47,48.42,7000 -74.02,48.65,7000 -73.64,48.80,7000 -73.17,48.93,7000 -72.90,49.03,7000 -72.74,49.15,7000 -72.47,49.40,7000 -71.70,49.83,7000 -71.39,50.18,7000 -71.09,50.41,7000 -70.73,50.53,7000 -70.25,50.62,7000 -69.71,50.72,7000 -69.12,50.79,7000 -68.63,50.75,7000 -68.02,50.75,7000 -67.44,50.59,7000 -67.07,50.45,7000 -66.33,50.14,7000 -65.86,49.68,7000 -65.55,49.48,7000 -65.56,49.12,7000 -65.32,48.96,7000 -65.08,48.89,7000 -64.47,48.68,7000 -63.97,48.54,7000 -63.38,48.32,7000 -62.98,48.06,7000 -62.54,47.86,7000 -62.20,47.64,7000 -62.14,47.52,7000 -62.16,47.33,7000 -62.53,46.42,7000 -62.82,46.07,7000 -62.95,45.99,7000 -63.12,46.05,7000 -63.42,46.11,7000 -63.99,46.21,7000 -64.42,46.04,7000 -64.74,45.84,7000 -64.90,45.99,7000 -64.91,46.12,7000 -65.15,46.22,7000 -65.39,46.21,7000 -65.81,46.08,7000 -66.19,45.96,7000 -66.60,45.87,7000 -66.98,45.74,7000 -67.45,45.73,7000 -67.76,45.81,7000 -68.11,45.83,7000 -68.51,45.75,7000 -69.02,45.68,7000 -69.13,45.89,7000 -69.13,46.19,7000 -69.24,46.57,7000 -69.44,46.56,7000 -69.83,46.37,7000 -70.22,46.28,7000 -70.53,46.28,7000 -70.70,46.22,7000 -70.72,46.01,7000 -70.44,45.94,7000 -70.44,45.72,7000 -70.53,45.48,7000 -70.82,45.17,7000 -71.20,44.92,7000 -71.61,44.80,7000 -72.21,44.74,7000 -72.51,44.56,7000 -72.73,44.53,7000 -72.81,44.61,7000 -72.99,44.95,7000 -73.10,45.15,7000 -73.23,45.21,7000 -73.43,45.20,7000 -73.62,45.03,7000 -73.77,44.71,7000 -73.87,44.47,7000 -73.89,44.20,7000 -74.03,43.92,7000 -74.17,43.76,7000 -74.53,43.17,7000 -75.06,42.68,7000 -75.80,42.43,7000 -76.04,42.37,7000 -76.33,42.39,7000 -76.55,42.55,7000 -76.60,42.68,7000 -76.70,42.93,7000 -76.82,42.98,7000 -77.14,43.06,7000 -77.25,43.21,7000 -77.31,43.37,7000 -77.51,43.51,7000 -77.98,43.70,7000 -78.30,43.80,7000 -78.88,43.94,7000 -79.18,43.96,7000 -79.50,43.92,7000 -79.71,43.72,7000 -80.09,43.04,7000 -80.24,42.87,7000 -80.54,42.81,7000 -80.90,42.89,7000 -81.11,42.98,7000 -81.51,43.26,7000 -81.73,43.55,7000 -81.84,43.73,7000 -82.08,43.89,7000 -82.52,44.04,7000 -82.93,44.16,7000 -83.34,44.00,7000 -83.33,43.80,7000 -83.14,43.79,7000 -82.99,43.64,7000 -83.07,43.57,7000 -83.34,43.50,7000 -83.66,43.54,7000 -84.31,43.54,7000 -84.86,43.46,7000 -85.30,43.28,7000 -85.55,43.11,7000 -85.63,42.96,7000 -85.59,42.78,7000 -85.32,42.24,7000 -85.28,42.02,7000 -85.32,41.78,7000 -85.51,41.52,7000 -85.97,41.36,7000 -86.42,41.33,7000 -87.34,41.41,7000 -87.53,41.38,7000 -87.76,41.24,7000 -88.03,40.90,7000 -88.24,40.71,7000 -88.53,40.54,7000 -88.87,40.37,7000 -89.15,40.30,7000 -89.46,40.29,7000 -89.94,40.28,7000 -90.41,40.14,7000 -90.90,40.07,7000 -91.38,40.17,7000 -92.55,40.41,7000 -93.37,40.74,7000 -93.66,40.97,7000 -93.81,41.50,7000 -93.98,41.85,7000 -94.30,42.22,7000 -94.62,42.42,7000 -94.83,42.63,7000 -95.51,43.09,7000 -95.78,43.30,7000 -96.17,43.52,7000 -96.66,43.66,7000 -97.27,43.71,7000 -97.67,43.64,7000 -97.98,43.38,7000 -98.64,43.29,7000 -98.91,43.02,7000 -99.14,42.97,7000 -99.37,42.99,7000 -99.90,43.01,7000 -100.92,43.04,7000 -101.97,43.12,7000 -102.17,43.15,7000 -102.27,43.31,7000 -102.32,43.68,7000 -103.16,43.95,7000 -104.34,44.11,7000 -104.71,44.27,7000 -105.06,44.56,7000 -105.17,44.93,7000 -105.20,45.33,7000 -105.28,45.55,7000 -105.51,45.63,7000 -105.88,45.65,7000 -106.38,45.78,7000 -107.01,45.86,7000 -107.36,46.07,7000 -107.68,46.31,7000 -108.16,46.43,7000 -108.59,46.58,7000 -108.99,46.62,7000 -109.69,46.64,7000 -110.23,46.59,7000 -110.53,46.50,7000 -110.78,46.60,7000 -111.42,46.59,7000 -111.73,46.54,7000 -111.79,46.46,7000 -111.96,46.27,7000 -112.24,46.15,7000 -112.67,46.07,7000 -112.87,45.80,7000 -113.00,45.46,7000 -113.36,45.23,7000 -113.86,45.30,7000 -114.03,45.40,7000 -114.18,45.26,7000 -114.40,45.05,7000 -114.68,45.11,7000 -114.94,45.09,7000 -115.06,44.96,7000 -115.18,44.84,7000 -115.11,44.65,7000 -114.56,44.54,7000 -114.58,44.31,7000 -114.54,43.88,7000 -114.69,43.69,7000 -114.84,43.62,7000 -115.05,43.62,7000 -115.25,43.71,7000 -115.44,44.10,7000 -115.60,44.34,7000 -115.70,44.61,7000 -115.93,44.96,7000 -116.18,45.23,7000 -116.01,45.50,7000 -115.88,45.76,7000 -115.66,46.03,7000 -115.60,46.17,7000 -115.66,46.41,7000 -115.77,46.83,7000 -116.08,47.09,7000 -116.03,47.45,7000 -116.02,47.67,7000 -116.15,47.88,7000 -116.14,48.30,7000 -115.78,48.72,7000 -116.05,48.98,7000 -116.16,49.16,7000 -116.41,49.27,7000 -116.67,49.24,7000 -117.08,49.05,7000 -117.40,49.30,7000 -117.86,49.40,7000 -118.74,49.56,7000 -119.08,49.73,7000 -119.15,50.03,7000 -119.04,50.33,7000 -119.17,50.65,7000 -119.36,50.86,7000 -119.88,50.85,7000 -120.56,50.94,7000 -120.71,51.04,7000 -120.67,51.16,7000 -120.53,51.21,7000 
          </coordinates>
        </LinearRing>
      </innerBoundaryIs>
      <innerBoundaryIs>
        <LinearRing>
          <coordinates>
-78.35,43.15,7000 -78.26,43.15,7000 -78.17,43.14,7000 -78.10,43.13,7000 -78.02,43.10,7000 -77.95,43.04,7000 -77.88,42.98,7000 -77.80,42.91,7000 -77.72,42.85,7000 -77.62,42.82,7000 -77.52,42.80,7000 -77.43,42.77,7000 -77.35,42.73,7000 -77.28,42.68,7000 -77.23,42.63,7000 -77.21,42.57,7000 -77.20,42.50,7000 -77.21,42.44,7000 -77.25,42.39,7000 -77.32,42.36,7000 -77.39,42.35,7000 -77.48,42.35,7000 -77.57,42.31,7000 -77.62,42.26,7000 -77.66,42.19,7000 -77.71,42.11,7000 -77.75,42.03,7000 -77.79,41.97,7000 -77.84,41.91,7000 -77.88,41.87,7000 -77.97,41.82,7000 -78.04,41.79,7000 -78.12,41.75,7000 -78.21,41.72,7000 -78.31,41.68,7000 -78.41,41.64,7000 -78.51,41.61,7000 -78.61,41.59,7000 -78.71,41.58,7000 -78.80,41.57,7000 -78.90,41.56,7000 -79.00,41.56,7000 -79.10,41.56,7000 -79.21,41.56,7000 -79.32,41.56,7000 -79.42,41.55,7000 -79.52,41.55,7000 -79.64,41.54,7000 -79.75,41.53,7000 -79.87,41.52,7000 -79.98,41.51,7000 -80.09,41.51,7000 -80.18,41.50,7000 -80.27,41.50,7000 -80.40,41.50,7000 -80.50,41.52,7000 -80.58,41.53,7000 -80.66,41.55,7000 -80.75,41.57,7000 -80.87,41.59,7000 -81.00,41.62,7000 -81.11,41.65,7000 -81.18,41.68,7000 -81.21,41.73,7000 -81.15,41.78,7000 -81.10,41.82,7000 -81.02,41.87,7000 -80.91,41.94,7000 -80.84,41.98,7000 -80.76,42.03,7000 -80.67,42.09,7000 -80.57,42.15,7000 -80.48,42.21,7000 -80.39,42.27,7000 -80.31,42.33,7000 -80.24,42.39,7000 -80.16,42.46,7000 -80.08,42.52,7000 -80.01,42.59,7000 -79.94,42.64,7000 -79.89,42.69,7000 -79.82,42.77,7000 -79.79,42.82,7000 -79.73,42.86,7000 -79.66,42.88,7000 -79.57,42.90,7000 -79.47,42.92,7000 -79.34,42.94,7000 -79.25,42.96,7000 -79.16,42.98,7000 -79.06,43.00,7000 -78.95,43.02,7000 -78.83,43.04,7000 -78.72,43.07,7000 -78.60,43.09,7000 -78.35,43.15,7000 
          </coordinates>
        </LinearRing>
      </innerBoundaryIs>
  </Polygon>
 </MultiGeometry>
</Placemark>
<Placemark>
  <name>50%</name>
  <visibility>1</visibility>
  <styleUrl>#poly_50</styleUrl>
  <MultiGeometry>
    <Polygon>
      <outerBoundaryIs>
        <LinearRing>
          <coordinates>
-106.45,41.49,6000 -106.43,41.50,6000 -106.40,41.50,6000 -106.38,41.51,6000 -106.36,41.51,6000 -106.33,41.52,6000 -106.31,41.52,6000 -106.29,41.52,6000 -106.27,41.52,6000 -106.25,41.52,6000 -106.24,41.52,6000 -106.22,41.52,6000 -106.20,41.51,6000 -106.19,41.50,6000 -106.17,41.49,6000 -106.16,41.48,6000 -106.15,41.46,6000 -106.14,41.45,6000 -106.13,41.43,6000 -106.12,41.42,6000 -106.12,41.40,6000 -106.12,41.38,6000 -106.12,41.37,6000 -106.13,41.35,6000 -106.14,41.33,6000 -106.15,41.31,6000 -106.16,41.30,6000 -106.17,41.28,6000 -106.17,41.26,6000 -106.18,41.25,6000 -106.19,41.24,6000 -106.20,41.23,6000 -106.22,41.23,6000 -106.24,41.22,6000 -106.25,41.21,6000 -106.26,41.20,6000 -106.27,41.19,6000 -106.29,41.17,6000 -106.30,41.15,6000 -106.31,41.14,6000 -106.33,41.12,6000 -106.34,41.10,6000 -106.36,41.09,6000 -106.37,41.08,6000 -106.39,41.07,6000 -106.40,41.07,6000 -106.42,41.07,6000 -106.43,41.08,6000 -106.45,41.08,6000 -106.47,41.09,6000 -106.48,41.11,6000 -106.50,41.12,6000 -106.51,41.14,6000 -106.53,41.15,6000 -106.54,41.17,6000 -106.55,41.19,6000 -106.56,41.20,6000 -106.57,41.21,6000 -106.57,41.23,6000 -106.57,41.24,6000 -106.57,41.26,6000 -106.57,41.28,6000 -106.57,41.29,6000 -106.56,41.31,6000 -106.56,41.33,6000 -106.55,41.35,6000 -106.55,41.36,6000 -106.54,41.38,6000 -106.45,41.49,6000 
          </coordinates>
        </LinearRing>
      </outerBoundaryIs>
  </Polygon>
 </MultiGeometry>
</Placemark>
<Placemark>
  <name>50%</name>
  <visibility>1</visibility>
  <styleUrl>#poly_50</styleUrl>
  <MultiGeometry>
    <Polygon>
      <outerBoundaryIs>
        <LinearRing>
          <coordinates>
-115.46,49.79,6000 -115.45,49.79,6000 -115.43,49.80,6000 -115.42,49.80,6000 -115.40,49.81,6000 -115.39,49.81,6000 -115.37,49.82,6000 -115.36,49.82,6000 -115.34,49.82,6000 -115.33,49.83,6000 -115.32,49.83,6000 -115.30,49.83,6000 -115.29,49.83,6000 -115.28,49.84,6000 -115.27,49.84,6000 -115.26,49.84,6000 -115.25,49.84,6000 -115.24,49.84,6000 -115.23,49.84,6000 -115.22,49.84,6000 -115.21,49.84,6000 -115.20,49.83,6000 -115.19,49.83,6000 -115.18,49.82,6000 -115.17,49.81,6000 -115.17,49.80,6000 -115.16,49.79,6000 -115.16,49.78,6000 -115.16,49.78,6000 -115.15,49.77,6000 -115.15,49.76,6000 -115.15,49.75,6000 -115.15,49.74,6000 -115.15,49.73,6000 -115.15,49.72,6000 -115.14,49.72,6000 -115.15,49.71,6000 -115.15,49.70,6000 -115.15,49.69,6000 -115.16,49.69,6000 -115.17,49.68,6000 -115.18,49.67,6000 -115.19,49.67,6000 -115.20,49.66,6000 -115.21,49.66,6000 -115.22,49.65,6000 -115.23,49.65,6000 -115.25,49.64,6000 -115.26,49.64,6000 -115.27,49.63,6000 -115.29,49.63,6000 -115.30,49.62,6000 -115.32,49.62,6000 -115.33,49.61,6000 -115.35,49.61,6000 -115.36,49.60,6000 -115.38,49.60,6000 -115.39,49.60,6000 -115.40,49.60,6000 -115.41,49.60,6000 -115.42,49.60,6000 -115.43,49.60,6000 -115.44,49.61,6000 -115.45,49.61,6000 -115.45,49.62,6000 -115.46,49.62,6000 -115.47,49.63,6000 -115.47,49.64,6000 -115.48,49.65,6000 -115.48,49.66,6000 -115.49,49.67,6000 -115.49,49.68,6000 -115.49,49.69,6000 -115.49,49.70,6000 -115.50,49.71,6000 -115.50,49.72,6000 -115.46,49.79,6000 
          </coordinates>
        </LinearRing>
      </outerBoundaryIs>
  </Polygon>
 </MultiGeometry>
</Placemark>
<Placemark>
  <name>50%</name>
  <visibility>1</visibility>
  <styleUrl>#poly_50</styleUrl>
  <MultiGeometry>
    <Polygon>
      <outerBoundaryIs>
        <LinearRing>
          <coordinates>
-108.38,45.44,6000 -108.28,45.42,6000 -108.18,45.40,6000 -108.08,45.39,6000 -107.98,45.38,6000 -107.89,45.37,6000 -107.78,45.37,6000 -107.69,45.38,6000 -107.59,45.39,6000 -107.50,45.40,6000 -107.38,45.42,6000 -107.27,45.45,6000 -107.17,45.46,6000 -107.07,45.44,6000 -106.97,45.40,6000 -106.90,45.36,6000 -106.90,45.31,6000 -106.92,45.26,6000 -106.95,45.20,6000 -106.98,45.13,6000 -107.00,45.06,6000 -107.01,44.98,6000 -107.00,44.89,6000 -106.98,44.82,6000 -106.93,44.77,6000 -106.85,44.73,6000 -106.79,44.68,6000 -106.75,44.63,6000 -106.72,44.57,6000 -106.71,44.50,6000 -106.72,44.44,6000 -106.74,44.38,6000 -106.77,44.30,6000 -106.80,44.22,6000 -106.81,44.14,6000 -106.81,44.07,6000 -106.80,44.00,6000 -106.79,43.92,6000 -106.78,43.84,6000 -106.77,43.76,6000 -106.76,43.69,6000 -106.76,43.63,6000 -106.76,43.54,6000 -106.77,43.47,6000 -106.79,43.41,6000 -106.83,43.36,6000 -106.92,43.32,6000 -107.04,43.31,6000 -107.14,43.31,6000 -107.24,43.34,6000 -107.31,43.40,6000 -107.34,43.45,6000 -107.34,43.52,6000 -107.32,43.57,6000 -107.28,43.64,6000 -107.24,43.70,6000 -107.21,43.77,6000 -107.20,43.83,6000 -107.20,43.89,6000 -107.20,43.95,6000 -107.23,44.03,6000 -107.26,44.09,6000 -107.30,44.16,6000 -107.35,44.24,6000 -107.40,44.31,6000 -107.45,44.38,6000 -107.50,44.44,6000 -107.56,44.50,6000 -107.62,44.55,6000 -107.68,44.60,6000 -107.74,44.65,6000 -107.80,44.70,6000 -107.85,44.75,6000 -107.90,44.81,6000 -107.95,44.87,6000 -108.00,44.92,6000 -108.07,44.97,6000 -108.15,45.01,6000 -108.24,45.05,6000 -108.34,45.09,6000 -108.44,45.13,6000 -108.53,45.16,6000 -108.59,45.19,6000 -108.66,45.25,6000 -108.64,45.29,6000 -108.59,45.35,6000 -108.50,45.41,6000 -108.38,45.44,6000 
          </coordinates>
        </LinearRing>
      </outerBoundaryIs>
      <innerBoundaryIs>
        <LinearRing>
          <coordinates>
-108.37,45.31,7000 -108.26,45.31,7000 -108.15,45.30,7000 -108.05,45.30,7000 -107.94,45.29,7000 -107.85,45.29,7000 -107.75,45.29,7000 -107.67,45.29,7000 -107.56,45.29,7000 -107.47,45.30,7000 -107.38,45.31,7000 -107.31,45.31,7000 -107.25,45.32,7000 -107.17,45.34,7000 -107.14,45.33,7000 -107.11,45.29,7000 -107.09,45.24,7000 -107.08,45.16,7000 -107.09,45.10,7000 -107.10,45.03,7000 -107.12,44.96,7000 -107.12,44.88,7000 -107.11,44.81,7000 -107.08,44.76,7000 -107.02,44.71,7000 -106.96,44.66,7000 -106.90,44.61,7000 -106.85,44.56,7000 -106.82,44.49,7000 -106.82,44.43,7000 -106.83,44.37,7000 -106.84,44.30,7000 -106.87,44.23,7000 -106.89,44.16,7000 -106.92,44.09,7000 -106.94,44.02,7000 -106.95,43.96,7000 -106.95,43.88,7000 -106.94,43.80,7000 -106.93,43.72,7000 -106.92,43.65,7000 -106.92,43.59,7000 -106.93,43.54,7000 -107.00,43.47,7000 -107.10,43.43,7000 -107.18,43.43,7000 -107.21,43.48,7000 -107.21,43.55,7000 -107.19,43.63,7000 -107.15,43.67,7000 -107.08,43.71,7000 -107.02,43.74,7000 -106.98,43.79,7000 -106.98,43.85,7000 -107.01,43.92,7000 -107.04,43.99,7000 -107.08,44.05,7000 -107.13,44.10,7000 -107.18,44.13,7000 -107.25,44.19,7000 -107.29,44.24,7000 -107.34,44.30,7000 -107.38,44.36,7000 -107.43,44.42,7000 -107.48,44.49,7000 -107.53,44.54,7000 -107.59,44.59,7000 -107.64,44.64,7000 -107.69,44.68,7000 -107.75,44.72,7000 -107.81,44.77,7000 -107.86,44.82,7000 -107.92,44.88,7000 -107.98,44.94,7000 -108.04,44.99,7000 -108.10,45.05,7000 -108.15,45.09,7000 -108.22,45.14,7000 -108.29,45.17,7000 -108.36,45.20,7000 -108.42,45.22,7000 -108.37,45.31,7000 
          </coordinates>
        </LinearRing>
      </innerBoundaryIs>
  </Polygon>
 </MultiGeometry>
</Placemark>
<Placemark>
  <name>60%</name>
  <visibility>1</visibility>
  <styleUrl>#poly_60</styleUrl>
  <MultiGeometry>
    <Polygon>
      <outerBoundaryIs>
        <LinearRing>
          <coordinates>
-110.50,46.39,7000 -110.48,46.38,7000 -110.46,46.36,7000 -110.43,46.35,7000 -110.41,46.33,7000 -110.39,46.32,7000 -110.37,46.31,7000 -110.35,46.30,7000 -110.32,46.29,7000 -110.30,46.28,7000 -110.28,46.28,7000 -110.25,46.27,7000 -110.23,46.26,7000 -110.21,46.25,7000 -110.20,46.23,7000 -110.18,46.22,7000 -110.16,46.20,7000 -110.15,46.18,7000 -110.14,46.16,7000 -110.13,46.14,7000 -110.13,46.12,7000 -110.13,46.10,7000 -110.13,46.08,7000 -110.13,46.05,7000 -110.14,46.03,7000 -110.14,46.01,7000 -110.15,45.99,7000 -110.15,45.97,7000 -110.15,45.94,7000 -110.15,45.93,7000 -110.17,45.91,7000 -110.19,45.90,7000 -110.21,45.89,7000 -110.24,45.87,7000 -110.26,45.86,7000 -110.29,45.84,7000 -110.32,45.83,7000 -110.35,45.82,7000 -110.38,45.81,7000 -110.40,45.81,7000 -110.42,45.82,7000 -110.44,45.83,7000 -110.46,45.85,7000 -110.47,45.87,7000 -110.48,45.89,7000 -110.50,45.92,7000 -110.51,45.94,7000 -110.52,45.96,7000 -110.53,45.98,7000 -110.54,45.99,7000 -110.55,46.01,7000 -110.56,46.03,7000 -110.56,46.05,7000 -110.57,46.07,7000 -110.58,46.09,7000 -110.58,46.11,7000 -110.58,46.13,7000 -110.59,46.15,7000 -110.59,46.17,7000 -110.59,46.19,7000 -110.59,46.22,7000 -110.58,46.24,7000 -110.58,46.26,7000 -110.58,46.28,7000 -110.50,46.39,7000 
          </coordinates>
        </LinearRing>
      </outerBoundaryIs>
  </Polygon>
 </MultiGeometry>
</Placemark>
<Placemark>
  <name>60%</name>
  <visibility>1</visibility>
  <styleUrl>#poly_60</styleUrl>
  <MultiGeometry>
    <Polygon>
      <outerBoundaryIs>
        <LinearRing>
          <coordinates>
-107.23,40.16,7000 -107.21,40.16,7000 -107.20,40.16,7000 -107.18,40.16,7000 -107.16,40.16,7000 -107.15,40.16,7000 -107.13,40.16,7000 -107.11,40.16,7000 -107.10,40.16,7000 -107.08,40.16,7000 -107.07,40.16,7000 -107.05,40.15,7000 -107.04,40.15,7000 -107.03,40.15,7000 -107.01,40.15,7000 -107.00,40.15,7000 -106.99,40.15,7000 -106.97,40.15,7000 -106.95,40.15,7000 -106.93,40.14,7000 -106.91,40.14,7000 -106.90,40.14,7000 -106.89,40.13,7000 -106.88,40.13,7000 -106.88,40.12,7000 -106.88,40.11,7000 -106.89,40.11,7000 -106.90,40.10,7000 -106.91,40.09,7000 -106.92,40.08,7000 -106.93,40.07,7000 -106.95,40.06,7000 -106.96,40.05,7000 -106.97,40.04,7000 -106.98,40.03,7000 -106.99,40.02,7000 -106.99,40.01,7000 -107.00,40.00,7000 -107.00,39.99,7000 -107.01,39.98,7000 -107.01,39.97,7000 -107.02,39.96,7000 -107.02,39.95,7000 -107.03,39.94,7000 -107.04,39.93,7000 -107.05,39.92,7000 -107.06,39.92,7000 -107.07,39.91,7000 -107.09,39.90,7000 -107.10,39.89,7000 -107.11,39.89,7000 -107.13,39.88,7000 -107.14,39.88,7000 -107.16,39.87,7000 -107.17,39.87,7000 -107.19,39.87,7000 -107.20,39.87,7000 -107.22,39.87,7000 -107.24,39.87,7000 -107.25,39.87,7000 -107.27,39.87,7000 -107.29,39.87,7000 -107.31,39.88,7000 -107.32,39.88,7000 -107.34,39.88,7000 -107.36,39.89,7000 -107.37,39.89,7000 -107.38,39.90,7000 -107.39,39.90,7000 -107.40,39.91,7000 -107.40,39.92,7000 -107.41,39.93,7000 -107.41,39.93,7000 -107.41,39.94,7000 -107.41,39.95,7000 -107.41,39.96,7000 -107.41,39.98,7000 -107.41,39.99,7000 -107.40,40.00,7000 -107.40,40.01,7000 -107.40,40.02,7000 -107.39,40.04,7000 -107.39,40.05,7000 -107.38,40.06,7000 -107.38,40.08,7000 -107.37,40.09,7000 -107.23,40.16,7000 
          </coordinates>
        </LinearRing>
      </outerBoundaryIs>
  </Polygon>
 </MultiGeometry>
</Placemark>
<Placemark>
  <name>60%</name>
  <visibility>1</visibility>
  <styleUrl>#poly_60</styleUrl>
  <MultiGeometry>
    <Polygon>
      <outerBoundaryIs>
        <LinearRing>
          <coordinates>
-105.90,40.73,7000 -105.84,40.71,7000 -105.78,40.69,7000 -105.73,40.67,7000 -105.69,40.64,7000 -105.65,40.61,7000 -105.63,40.57,7000 -105.61,40.53,7000 -105.61,40.49,7000 -105.60,40.44,7000 -105.59,40.38,7000 -105.58,40.34,7000 -105.57,40.29,7000 -105.55,40.24,7000 -105.54,40.18,7000 -105.53,40.13,7000 -105.52,40.08,7000 -105.52,40.03,7000 -105.52,39.98,7000 -105.52,39.92,7000 -105.52,39.87,7000 -105.53,39.82,7000 -105.54,39.77,7000 -105.56,39.73,7000 -105.59,39.68,7000 -105.63,39.64,7000 -105.68,39.61,7000 -105.72,39.57,7000 -105.77,39.54,7000 -105.82,39.51,7000 -105.87,39.48,7000 -105.92,39.45,7000 -105.99,39.42,7000 -106.04,39.40,7000 -106.10,39.38,7000 -106.16,39.35,7000 -106.23,39.33,7000 -106.29,39.30,7000 -106.34,39.28,7000 -106.38,39.27,7000 -106.45,39.26,7000 -106.46,39.29,7000 -106.47,39.34,7000 -106.47,39.39,7000 -106.47,39.45,7000 -106.47,39.50,7000 -106.47,39.55,7000 -106.46,39.60,7000 -106.44,39.66,7000 -106.42,39.71,7000 -106.39,39.75,7000 -106.36,39.80,7000 -106.32,39.84,7000 -106.26,39.87,7000 -106.20,39.91,7000 -106.16,39.95,7000 -106.14,39.99,7000 -106.15,40.03,7000 -106.17,40.08,7000 -106.20,40.13,7000 -106.23,40.18,7000 -106.27,40.23,7000 -106.30,40.27,7000 -106.32,40.30,7000 -106.34,40.34,7000 -106.32,40.36,7000 -106.29,40.39,7000 -106.26,40.43,7000 -106.22,40.48,7000 -106.17,40.53,7000 -106.12,40.58,7000 -105.90,40.73,7000 
          </coordinates>
        </LinearRing>
      </outerBoundaryIs>
      <innerBoundaryIs>
        <LinearRing>
          <coordinates>
-105.89,40.64,8000 -105.84,40.62,8000 -105.79,40.60,8000 -105.75,40.58,8000 -105.72,40.55,8000 -105.70,40.52,8000 -105.69,40.48,8000 -105.68,40.45,8000 -105.67,40.41,8000 -105.67,40.37,8000 -105.67,40.33,8000 -105.69,40.30,8000 -105.70,40.26,8000 -105.71,40.23,8000 -105.71,40.19,8000 -105.70,40.16,8000 -105.67,40.12,8000 -105.64,40.09,8000 -105.62,40.05,8000 -105.60,40.02,8000 -105.59,39.98,8000 -105.60,39.94,8000 -105.60,39.89,8000 -105.62,39.85,8000 -105.64,39.81,8000 -105.66,39.77,8000 -105.69,39.73,8000 -105.72,39.69,8000 -105.74,39.66,8000 -105.78,39.63,8000 -105.81,39.61,8000 -105.86,39.59,8000 -105.91,39.56,8000 -105.96,39.54,8000 -106.00,39.52,8000 -106.05,39.50,8000 -106.10,39.48,8000 -106.15,39.47,8000 -106.18,39.46,8000 -106.22,39.44,8000 -106.25,39.45,8000 -106.26,39.48,8000 -106.27,39.51,8000 -106.29,39.56,8000 -106.30,39.60,8000 -106.30,39.63,8000 -106.28,39.67,8000 -106.25,39.71,8000 -106.22,39.74,8000 -106.19,39.78,8000 -106.16,39.81,8000 -106.12,39.84,8000 -106.08,39.87,8000 -106.04,39.90,8000 -106.01,39.92,8000 -105.97,39.94,8000 -105.94,39.97,8000 -105.92,40.00,8000 -105.91,40.03,8000 -105.92,40.07,8000 -105.92,40.11,8000 -105.94,40.15,8000 -105.95,40.18,8000 -105.98,40.21,8000 -106.01,40.24,8000 -106.05,40.27,8000 -106.08,40.29,8000 -106.13,40.32,8000 -106.15,40.34,8000 -106.13,40.37,8000 -106.10,40.41,8000 -106.08,40.45,8000 -106.05,40.49,8000 -106.03,40.53,8000 -105.89,40.64,8000 
          </coordinates>
        </LinearRing>
      </innerBoundaryIs>
  </Polygon>
 </MultiGeometry>
</Placemark>
<Placemark>
  <name>60%</name>
  <visibility>1</visibility>
  <styleUrl>#poly_60</styleUrl>
  <MultiGeometry>
    <Polygon>
      <outerBoundaryIs>
        <LinearRing>
          <coordinates>
-110.64,45.77,7000 -110.50,45.77,7000 -110.36,45.77,7000 -110.23,45.76,7000 -110.10,45.74,7000 -109.97,45.71,7000 -109.85,45.67,7000 -109.74,45.63,7000 -109.63,45.58,7000 -109.49,45.50,7000 -109.37,45.41,7000 -109.27,45.32,7000 -109.20,45.20,7000 -109.19,45.09,7000 -109.20,45.01,7000 -109.24,44.93,7000 -109.27,44.84,7000 -109.30,44.75,7000 -109.33,44.65,7000 -109.35,44.55,7000 -109.35,44.46,7000 -109.29,44.35,7000 -109.20,44.25,7000 -109.12,44.16,7000 -109.05,44.07,7000 -109.00,43.98,7000 -108.97,43.89,7000 -108.98,43.81,7000 -109.03,43.73,7000 -109.10,43.65,7000 -109.23,43.58,7000 -109.39,43.52,7000 -109.47,43.44,7000 -109.44,43.36,7000 -109.36,43.26,7000 -109.27,43.16,7000 -109.19,43.08,7000 -109.12,42.99,7000 -109.06,42.92,7000 -109.03,42.85,7000 -109.05,42.72,7000 -109.19,42.67,7000 -109.29,42.71,7000 -109.42,42.77,7000 -109.57,42.86,7000 -109.72,42.94,7000 -109.86,43.01,7000 -109.97,43.06,7000 -110.16,43.08,7000 -110.27,43.04,7000 -110.36,43.00,7000 -110.43,42.91,7000 -110.47,42.81,7000 -110.50,42.67,7000 -110.54,42.57,7000 -110.60,42.55,7000 -110.64,42.61,7000 -110.70,42.70,7000 -110.75,42.83,7000 -110.81,42.97,7000 -110.87,43.10,7000 -110.92,43.23,7000 -110.96,43.32,7000 -111.02,43.45,7000 -111.06,43.52,7000 -111.08,43.58,7000 -111.07,43.69,7000 -111.03,43.78,7000 -111.00,43.85,7000 -110.97,43.93,7000 -110.97,44.00,7000 -110.97,44.07,7000 -110.99,44.18,7000 -111.00,44.27,7000 -111.02,44.39,7000 -111.03,44.51,7000 -111.06,44.62,7000 -111.11,44.70,7000 -111.24,44.77,7000 -111.41,44.80,7000 -111.54,44.83,7000 -111.64,44.89,7000 -111.68,44.95,7000 -111.70,45.01,7000 -111.69,45.09,7000 -111.68,45.17,7000 -111.66,45.26,7000 -111.61,45.35,7000 -111.53,45.42,7000 -111.42,45.48,7000 -111.29,45.54,7000 -111.18,45.59,7000 -111.07,45.64,7000 -110.94,45.70,7000 -110.81,45.75,7000 -110.64,45.77,7000 
          </coordinates>
        </LinearRing>
      </outerBoundaryIs>
      <innerBoundaryIs>
        <LinearRing>
          <coordinates>
-111.09,45.55,8000 -110.97,45.59,8000 -110.85,45.63,8000 -110.72,45.65,8000 -110.59,45.66,8000 -110.47,45.66,8000 -110.33,45.65,8000 -110.22,45.64,8000 -110.10,45.63,8000 -109.99,45.61,8000 -109.87,45.58,8000 -109.75,45.53,8000 -109.62,45.46,8000 -109.50,45.39,8000 -109.41,45.33,8000 -109.33,45.27,8000 -109.30,45.22,8000 -109.27,45.13,8000 -109.28,45.01,8000 -109.31,44.92,8000 -109.35,44.82,8000 -109.39,44.72,8000 -109.43,44.64,8000 -109.48,44.56,8000 -109.51,44.51,8000 -109.52,44.41,8000 -109.47,44.30,8000 -109.40,44.23,8000 -109.31,44.16,8000 -109.22,44.08,8000 -109.15,44.01,8000 -109.10,43.92,8000 -109.08,43.84,8000 -109.11,43.76,8000 -109.20,43.71,8000 -109.35,43.66,8000 -109.48,43.62,8000 -109.57,43.56,8000 -109.58,43.47,8000 -109.52,43.38,8000 -109.45,43.27,8000 -109.38,43.18,8000 -109.29,43.08,8000 -109.21,42.99,8000 -109.16,42.91,8000 -109.17,42.80,8000 -109.27,42.76,8000 -109.37,42.80,8000 -109.50,42.87,8000 -109.63,42.95,8000 -109.74,43.01,8000 -109.84,43.07,8000 -109.92,43.10,8000 -110.01,43.13,8000 -110.12,43.15,8000 -110.22,43.15,8000 -110.33,43.12,8000 -110.43,43.08,8000 -110.52,43.02,8000 -110.59,42.90,8000 -110.63,42.82,8000 -110.67,42.87,8000 -110.70,42.99,8000 -110.70,43.08,8000 -110.71,43.17,8000 -110.73,43.27,8000 -110.81,43.35,8000 -110.91,43.42,8000 -110.98,43.52,8000 -110.98,43.60,8000 -110.96,43.69,8000 -110.92,43.79,8000 -110.89,43.90,8000 -110.88,44.02,8000 -110.88,44.12,8000 -110.88,44.23,8000 -110.88,44.35,8000 -110.88,44.47,8000 -110.90,44.58,8000 -110.92,44.67,8000 -110.96,44.75,8000 -111.07,44.83,8000 -111.22,44.86,8000 -111.38,44.87,8000 -111.49,44.90,8000 -111.57,44.99,8000 -111.58,45.09,8000 -111.57,45.18,8000 -111.53,45.26,8000 -111.09,45.55,8000 
          </coordinates>
        </LinearRing>
      </innerBoundaryIs>
  </Polygon>
 </MultiGeometry>
</Placemark>
<Placemark>
  <name>60%</name>
  <visibility>1</visibility>
  <styleUrl>#poly_60</styleUrl>
  <MultiGeometry>
    <Polygon>
      <outerBoundaryIs>
        <LinearRing>
          <coordinates>
-108.37,45.31,7000 -108.26,45.31,7000 -108.15,45.30,7000 -108.05,45.30,7000 -107.94,45.29,7000 -107.85,45.29,7000 -107.75,45.29,7000 -107.67,45.29,7000 -107.56,45.29,7000 -107.47,45.30,7000 -107.38,45.31,7000 -107.31,45.31,7000 -107.25,45.32,7000 -107.17,45.34,7000 -107.14,45.33,7000 -107.11,45.29,7000 -107.09,45.24,7000 -107.08,45.16,7000 -107.09,45.10,7000 -107.10,45.03,7000 -107.12,44.96,7000 -107.12,44.88,7000 -107.11,44.81,7000 -107.08,44.76,7000 -107.02,44.71,7000 -106.96,44.66,7000 -106.90,44.61,7000 -106.85,44.56,7000 -106.82,44.49,7000 -106.82,44.43,7000 -106.83,44.37,7000 -106.84,44.30,7000 -106.87,44.23,7000 -106.89,44.16,7000 -106.92,44.09,7000 -106.94,44.02,7000 -106.95,43.96,7000 -106.95,43.88,7000 -106.94,43.80,7000 -106.93,43.72,7000 -106.92,43.65,7000 -106.92,43.59,7000 -106.93,43.54,7000 -107.00,43.47,7000 -107.10,43.43,7000 -107.18,43.43,7000 -107.21,43.48,7000 -107.21,43.55,7000 -107.19,43.63,7000 -107.15,43.67,7000 -107.08,43.71,7000 -107.02,43.74,7000 -106.98,43.79,7000 -106.98,43.85,7000 -107.01,43.92,7000 -107.04,43.99,7000 -107.08,44.05,7000 -107.13,44.10,7000 -107.18,44.13,7000 -107.25,44.19,7000 -107.29,44.24,7000 -107.34,44.30,7000 -107.38,44.36,7000 -107.43,44.42,7000 -107.48,44.49,7000 -107.53,44.54,7000 -107.59,44.59,7000 -107.64,44.64,7000 -107.69,44.68,7000 -107.75,44.72,7000 -107.81,44.77,7000 -107.86,44.82,7000 -107.92,44.88,7000 -107.98,44.94,7000 -108.04,44.99,7000 -108.10,45.05,7000 -108.15,45.09,7000 -108.22,45.14,7000 -108.29,45.17,7000 -108.36,45.20,7000 -108.42,45.22,7000 -108.37,45.31,7000 
          </coordinates>
        </LinearRing>
      </outerBoundaryIs>
      <innerBoundaryIs>
        <LinearRing>
          <coordinates>
-107.86,45.19,8000 -107.81,45.19,8000 -107.76,45.19,8000 -107.72,45.19,8000 -107.67,45.19,8000 -107.62,45.19,8000 -107.57,45.18,8000 -107.51,45.18,8000 -107.45,45.17,8000 -107.41,45.16,8000 -107.37,45.15,8000 -107.34,45.14,8000 -107.33,45.12,8000 -107.32,45.09,8000 -107.31,45.05,8000 -107.29,45.02,8000 -107.28,44.98,8000 -107.27,44.95,8000 -107.26,44.91,8000 -107.25,44.88,8000 -107.24,44.84,8000 -107.22,44.81,8000 -107.19,44.78,8000 -107.16,44.74,8000 -107.12,44.71,8000 -107.09,44.68,8000 -107.07,44.66,8000 -107.05,44.65,8000 -107.03,44.63,8000 -107.00,44.59,8000 -106.97,44.56,8000 -106.94,44.52,8000 -106.92,44.48,8000 -106.91,44.45,8000 -106.92,44.41,8000 -106.92,44.38,8000 -106.93,44.34,8000 -106.94,44.31,8000 -106.95,44.27,8000 -106.95,44.23,8000 -106.96,44.19,8000 -106.98,44.16,8000 -107.00,44.15,8000 -107.03,44.16,8000 -107.07,44.18,8000 -107.12,44.21,8000 -107.16,44.24,8000 -107.20,44.27,8000 -107.23,44.29,8000 -107.26,44.31,8000 -107.27,44.33,8000 -107.29,44.36,8000 -107.31,44.39,8000 -107.33,44.42,8000 -107.36,44.45,8000 -107.39,44.48,8000 -107.42,44.51,8000 -107.46,44.54,8000 -107.49,44.57,8000 -107.52,44.59,8000 -107.54,44.61,8000 -107.54,44.62,8000 -107.56,44.64,8000 -107.59,44.67,8000 -107.62,44.70,8000 -107.66,44.73,8000 -107.69,44.76,8000 -107.72,44.78,8000 -107.76,44.81,8000 -107.79,44.84,8000 -107.82,44.86,8000 -107.84,44.88,8000 -107.87,44.91,8000 -107.89,44.94,8000 -107.91,44.97,8000 -107.93,45.00,8000 -107.95,45.03,8000 -107.97,45.06,8000 -107.99,45.10,8000 -107.86,45.19,8000 
          </coordinates>
        </LinearRing>
      </innerBoundaryIs>
  </Polygon>
 </MultiGeometry>
</Placemark>
<Placemark>
  <name>60%</name>
  <visibility>1</visibility>
  <styleUrl>#poly_60</styleUrl>
  <MultiGeometry>
    <Polygon>
      <outerBoundaryIs>
        <LinearRing>
          <coordinates>
-125.08,50.59,7000 -124.88,50.62,7000 -124.68,50.66,7000 -124.50,50.69,7000 -124.32,50.71,7000 -124.16,50.74,7000 -124.02,50.76,7000 -123.82,50.79,7000 -123.69,50.81,7000 -123.55,50.82,7000 -123.39,50.84,7000 -123.24,50.85,7000 -123.06,50.85,7000 -122.90,50.83,7000 -122.73,50.79,7000 -122.56,50.76,7000 -122.42,50.72,7000 -122.27,50.67,7000 -122.16,50.61,7000 -122.07,50.54,7000 -121.98,50.44,7000 -121.87,50.33,7000 -121.77,50.22,7000 -121.66,50.10,7000 -121.55,49.97,7000 -121.45,49.88,7000 -121.28,49.80,7000 -121.14,49.76,7000 -121.04,49.69,7000 -120.96,49.60,7000 -120.91,49.50,7000 -120.86,49.38,7000 -120.79,49.28,7000 -120.65,49.20,7000 -120.50,49.15,7000 -120.37,49.08,7000 -120.31,49.01,7000 -120.37,48.96,7000 -120.52,48.82,7000 -120.57,48.74,7000 -120.63,48.63,7000 -120.70,48.50,7000 -120.77,48.37,7000 -120.84,48.23,7000 -120.90,48.11,7000 -120.96,48.00,7000 -121.00,47.91,7000 -121.05,47.76,7000 -121.06,47.69,7000 -121.12,47.60,7000 -121.20,47.50,7000 -121.27,47.42,7000 -121.37,47.35,7000 -121.45,47.33,7000 -121.50,47.38,7000 -121.53,47.50,7000 -121.54,47.59,7000 -121.55,47.70,7000 -121.56,47.82,7000 -121.57,47.94,7000 -121.57,48.04,7000 -121.55,48.17,7000 -121.51,48.27,7000 -121.49,48.35,7000 -121.49,48.45,7000 -121.54,48.52,7000 -121.68,48.59,7000 -121.82,48.66,7000 -121.90,48.72,7000 -121.90,48.81,7000 -121.84,48.89,7000 -121.76,49.00,7000 -121.66,49.10,7000 -121.59,49.19,7000 -121.52,49.30,7000 -121.51,49.38,7000 -121.55,49.47,7000 -121.69,49.53,7000 -121.81,49.52,7000 -121.97,49.48,7000 -122.15,49.44,7000 -122.33,49.42,7000 -122.48,49.42,7000 -122.65,49.43,7000 -122.83,49.44,7000 -122.99,49.46,7000 -123.14,49.48,7000 -123.30,49.51,7000 -123.45,49.55,7000 -123.59,49.59,7000 -123.70,49.64,7000 -123.81,49.72,7000 -123.89,49.81,7000 -123.98,49.88,7000 -124.15,49.93,7000 -124.33,50.00,7000 -124.43,50.08,7000 -124.53,50.17,7000 -124.64,50.27,7000 -124.73,50.34,7000 -124.89,50.38,7000 -125.01,50.39,7000 -125.11,50.49,7000 -125.08,50.59,7000 
          </coordinates>
        </LinearRing>
      </outerBoundaryIs>
      <innerBoundaryIs>
        <LinearRing>
          <coordinates>
-124.82,50.61,8000 -124.62,50.64,8000 -124.43,50.67,8000 -124.24,50.69,8000 -124.06,50.72,8000 -123.89,50.74,8000 -123.70,50.77,8000 -123.54,50.79,8000 -123.38,50.81,8000 -123.21,50.82,8000 -123.03,50.81,8000 -122.84,50.78,8000 -122.66,50.74,8000 -122.52,50.71,8000 -122.34,50.65,8000 -122.23,50.59,8000 -122.16,50.55,8000 -122.08,50.47,8000 -122.02,50.39,8000 -121.95,50.29,8000 -121.88,50.17,8000 -121.80,50.06,8000 -121.73,49.96,8000 -121.65,49.87,8000 -121.57,49.80,8000 -121.48,49.73,8000 -121.36,49.63,8000 -121.26,49.55,8000 -121.15,49.45,8000 -121.02,49.34,8000 -120.89,49.24,8000 -120.77,49.13,8000 -120.67,49.04,8000 -120.61,48.97,8000 -120.63,48.86,8000 -120.74,48.81,8000 -120.76,48.72,8000 -120.79,48.59,8000 -120.81,48.50,8000 -120.83,48.39,8000 -120.87,48.27,8000 -120.92,48.14,8000 -120.97,48.04,8000 -121.04,47.91,8000 -121.11,47.79,8000 -121.18,47.67,8000 -121.25,47.58,8000 -121.30,47.53,8000 -121.36,47.56,8000 -121.40,47.70,8000 -121.42,47.83,8000 -121.44,47.93,8000 -121.46,48.03,8000 -121.46,48.14,8000 -121.44,48.24,8000 -121.41,48.35,8000 -121.39,48.46,8000 -121.39,48.54,8000 -121.50,48.62,8000 -121.64,48.67,8000 -121.71,48.72,8000 -121.75,48.78,8000 -121.76,48.86,8000 -121.73,48.95,8000 -121.65,49.03,8000 -121.54,49.13,8000 -121.45,49.21,8000 -121.38,49.30,8000 -121.35,49.37,8000 -121.35,49.45,8000 -121.38,49.53,8000 -121.46,49.59,8000 -121.56,49.63,8000 -121.67,49.65,8000 -121.81,49.64,8000 -121.93,49.61,8000 -122.06,49.56,8000 -122.20,49.52,8000 -122.34,49.50,8000 -122.47,49.49,8000 -122.61,49.49,8000 -122.74,49.49,8000 -122.87,49.49,8000 -123.00,49.50,8000 -123.17,49.52,8000 -123.34,49.57,8000 -123.48,49.62,8000 -123.63,49.68,8000 -123.76,49.74,8000 -123.87,49.81,8000 -123.96,49.89,8000 -124.05,49.96,8000 -124.18,50.01,8000 -124.33,50.08,8000 -124.43,50.15,8000 -124.54,50.24,8000 -124.65,50.33,8000 -124.74,50.39,8000 -124.92,50.43,8000 -124.97,50.49,8000 -125.00,50.57,8000 -124.82,50.61,8000 
          </coordinates>
        </LinearRing>
      </innerBoundaryIs>
  </Polygon>
 </MultiGeometry>
</Placemark>
<Placemark>
  <name>60%</name>
  <visibility>1</visibility>
  <styleUrl>#poly_60</styleUrl>
  <MultiGeometry>
    <Polygon>
      <outerBoundaryIs>
        <LinearRing>
          <coordinates>
-63.03,45.72,7000 -63.02,45.71,7000 -63.02,45.70,7000 -63.01,45.69,7000 -63.01,45.68,7000 -63.00,45.66,7000 -62.99,45.65,7000 -62.99,45.63,7000 -62.99,45.62,7000 -62.98,45.61,7000 -62.98,45.59,7000 -62.98,45.58,7000 -62.97,45.57,7000 -62.97,45.55,7000 -62.96,45.53,7000 -62.96,45.52,7000 -62.96,45.50,7000 -62.96,45.49,7000 -62.96,45.48,7000 -62.96,45.46,7000 -62.97,45.45,7000 -62.98,45.44,7000 -62.99,45.42,7000 -63.00,45.41,7000 -63.02,45.40,7000 -63.03,45.38,7000 -63.05,45.37,7000 -63.07,45.36,7000 -63.08,45.35,7000 -63.10,45.34,7000 -63.12,45.33,7000 -63.14,45.33,7000 -63.15,45.32,7000 -63.17,45.32,7000 -63.19,45.32,7000 -63.20,45.33,7000 -63.22,45.33,7000 -63.23,45.34,7000 -63.25,45.35,7000 -63.26,45.36,7000 -63.28,45.38,7000 -63.29,45.39,7000 -63.31,45.40,7000 -63.32,45.42,7000 -63.34,45.43,7000 -63.35,45.44,7000 -63.37,45.45,7000 -63.39,45.46,7000 -63.40,45.47,7000 -63.42,45.48,7000 -63.44,45.49,7000 -63.46,45.49,7000 -63.48,45.50,7000 -63.50,45.51,7000 -63.52,45.52,7000 -63.54,45.53,7000 -63.55,45.53,7000 -63.57,45.54,7000 -63.58,45.55,7000 -63.59,45.55,7000 -63.60,45.56,7000 -63.61,45.56,7000 -63.58,45.57,7000 -63.57,45.57,7000 -63.55,45.58,7000 -63.54,45.58,7000 -63.52,45.59,7000 -63.50,45.60,7000 -63.48,45.60,7000 -63.45,45.61,7000 -63.43,45.62,7000 -63.41,45.63,7000 -63.39,45.63,7000 -63.37,45.64,7000 -63.35,45.65,7000 -63.33,45.65,7000 -63.31,45.66,7000 -63.30,45.66,7000 -63.26,45.67,7000 -63.25,45.68,7000 -63.25,45.68,7000 -63.03,45.72,7000 
          </coordinates>
        </LinearRing>
      </outerBoundaryIs>
  </Polygon>
 </MultiGeometry>
</Placemark>
<Placemark>
  <name>60%</name>
  <visibility>1</visibility>
  <styleUrl>#poly_60</styleUrl>
  <MultiGeometry>
    <Polygon>
      <outerBoundaryIs>
        <LinearRing>
          <coordinates>
-120.53,51.21,7000 -118.89,51.40,7000 -117.65,51.53,7000 -116.98,51.60,7000 -116.24,51.63,7000 -116.12,51.56,7000 -116.07,51.33,7000 -116.19,51.27,7000 -116.56,51.26,7000 -116.79,51.20,7000 -116.86,51.07,7000 -116.78,50.98,7000 -116.47,50.67,7000 -116.33,50.44,7000 -116.12,49.89,7000 -116.15,49.65,7000 -116.02,49.42,7000 -115.74,49.15,7000 -115.69,48.91,7000 -115.43,48.80,7000 -115.08,48.60,7000 -114.69,48.45,7000 -114.26,48.38,7000 -114.10,48.49,7000 -113.96,48.67,7000 -114.15,49.07,7000 -114.39,49.33,7000 -113.73,49.65,7000 -113.38,49.89,7000 -112.97,50.11,7000 -112.45,50.16,7000 -112.00,50.04,7000 -111.66,49.86,7000 -111.30,49.62,7000 -110.70,49.30,7000 -110.25,49.15,7000 -109.77,49.03,7000 -109.27,48.90,7000 -108.56,48.89,7000 -107.99,48.79,7000 -107.48,48.66,7000 -106.55,48.40,7000 -105.88,48.43,7000 -105.23,48.38,7000 -104.25,48.30,7000 -102.99,48.24,7000 -102.24,48.14,7000 -102.00,48.13,7000 -101.82,48.19,7000 -101.42,48.20,7000 -101.04,48.10,7000 -100.58,47.94,7000 -100.24,47.83,7000 -99.70,47.70,7000 -98.69,47.45,7000 -98.38,47.40,7000 -98.06,47.43,7000 -97.71,47.48,7000 -97.36,47.45,7000 -96.73,47.22,7000 -96.27,47.06,7000 -95.92,47.06,7000 -95.49,47.22,7000 -95.00,47.26,7000 -94.61,47.20,7000 -94.01,47.18,7000 -92.99,47.29,7000 -92.40,47.38,7000 -91.81,47.55,7000 -91.26,47.61,7000 -90.87,47.56,7000 -90.50,47.60,7000 -90.30,47.70,7000 -90.19,47.83,7000 -89.99,47.99,7000 -89.76,48.06,7000 -89.29,48.20,7000 -88.84,48.45,7000 -88.53,48.72,7000 -88.20,48.91,7000 -87.83,49.49,7000 -87.19,50.14,7000 -86.96,50.33,7000 -86.51,50.47,7000 -85.84,50.45,7000 -85.20,50.36,7000 -84.48,49.96,7000 -83.93,49.80,7000 -83.57,49.55,7000 -83.24,49.39,7000 -82.75,49.23,7000 -82.18,48.87,7000 -81.27,48.63,7000 -80.18,48.37,7000 -79.09,48.08,7000 -78.18,47.85,7000 -77.60,47.82,7000 -77.02,47.85,7000 -76.48,47.89,7000 -75.95,48.03,7000 -74.92,48.28,7000 -74.47,48.42,7000 -74.02,48.65,7000 -73.64,48.80,7000 -73.17,48.93,7000 -72.90,49.03,7000 -72.74,49.15,7000 -72.47,49.40,7000 -71.70,49.83,7000 -71.39,50.18,7000 -71.09,50.41,7000 -70.73,50.53,7000 -70.25,50.62,7000 -69.71,50.72,7000 -69.12,50.79,7000 -68.63,50.75,7000 -68.02,50.75,7000 -67.44,50.59,7000 -67.07,50.45,7000 -66.33,50.14,7000 -65.86,49.68,7000 -65.55,49.48,7000 -65.56,49.12,7000 -65.32,48.96,7000 -65.08,48.89,7000 -64.47,48.68,7000 -63.97,48.54,7000 -63.38,48.32,7000 -62.98,48.06,7000 -62.54,47.86,7000 -62.20,47.64,7000 -62.14,47.52,7000 -62.16,47.33,7000 -62.53,46.42,7000 -62.82,46.07,7000 -62.95,45.99,7000 -63.12,46.05,7000 -63.42,46.11,7000 -63.99,46.21,7000 -64.42,46.04,7000 -64.74,45.84,7000 -64.90,45.99,7000 -64.91,46.12,7000 -65.15,46.22,7000 -65.39,46.21,7000 -65.81,46.08,7000 -66.19,45.96,7000 -66.60,45.87,7000 -66.98,45.74,7000 -67.45,45.73,7000 -67.76,45.81,7000 -68.11,45.83,7000 -68.51,45.75,7000 -69.02,45.68,7000 -69.13,45.89,7000 -69.13,46.19,7000 -69.24,46.57,7000 -69.44,46.56,7000 -69.83,46.37,7000 -70.22,46.28,7000 -70.53,46.28,7000 -70.70,46.22,7000 -70.72,46.01,7000 -70.44,45.94,7000 -70.44,45.72,7000 -70.53,45.48,7000 -70.82,45.17,7000 -71.20,44.92,7000 -71.61,44.80,7000 -72.21,44.74,7000 -72.51,44.56,7000 -72.73,44.53,7000 -72.81,44.61,7000 -72.99,44.95,7000 -73.10,45.15,7000 -73.23,45.21,7000 -73.43,45.20,7000 -73.62,45.03,7000 -73.77,44.71,7000 -73.87,44.47,7000 -73.89,44.20,7000 -74.03,43.92,7000 -74.17,43.76,7000 -74.53,43.17,7000 -75.06,42.68,7000 -75.80,42.43,7000 -76.04,42.37,7000 -76.33,42.39,7000 -76.55,42.55,7000 -76.60,42.68,7000 -76.70,42.93,7000 -76.82,42.98,7000 -77.14,43.06,7000 -77.25,43.21,7000 -77.31,43.37,7000 -77.51,43.51,7000 -77.98,43.70,7000 -78.30,43.80,7000 -78.88,43.94,7000 -79.18,43.96,7000 -79.50,43.92,7000 -79.71,43.72,7000 -80.09,43.04,7000 -80.24,42.87,7000 -80.54,42.81,7000 -80.90,42.89,7000 -81.11,42.98,7000 -81.51,43.26,7000 -81.73,43.55,7000 -81.84,43.73,7000 -82.08,43.89,7000 -82.52,44.04,7000 -82.93,44.16,7000 -83.34,44.00,7000 -83.33,43.80,7000 -83.14,43.79,7000 -82.99,43.64,7000 -83.07,43.57,7000 -83.34,43.50,7000 -83.66,43.54,7000 -84.31,43.54,7000 -84.86,43.46,7000 -85.30,43.28,7000 -85.55,43.11,7000 -85.63,42.96,7000 -85.59,42.78,7000 -85.32,42.24,7000 -85.28,42.02,7000 -85.32,41.78,7000 -85.51,41.52,7000 -85.97,41.36,7000 -86.42,41.33,7000 -87.34,41.41,7000 -87.53,41.38,7000 -87.76,41.24,7000 -88.03,40.90,7000 -88.24,40.71,7000 -88.53,40.54,7000 -88.87,40.37,7000 -89.15,40.30,7000 -89.46,40.29,7000 -89.94,40.28,7000 -90.41,40.14,7000 -90.90,40.07,7000 -91.38,40.17,7000 -92.55,40.41,7000 -93.37,40.74,7000 -93.66,40.97,7000 -93.81,41.50,7000 -93.98,41.85,7000 -94.30,42.22,7000 -94.62,42.42,7000 -94.83,42.63,7000 -95.51,43.09,7000 -95.78,43.30,7000 -96.17,43.52,7000 -96.66,43.66,7000 -97.27,43.71,7000 -97.67,43.64,7000 -97.98,43.38,7000 -98.64,43.29,7000 -98.91,43.02,7000 -99.14,42.97,7000 -99.37,42.99,7000 -99.90,43.01,7000 -100.92,43.04,7000 -101.97,43.12,7000 -102.17,43.15,7000 -102.27,43.31,7000 -102.32,43.68,7000 -103.16,43.95,7000 -104.34,44.11,7000 -104.71,44.27,7000 -105.06,44.56,7000 -105.17,44.93,7000 -105.20,45.33,7000 -105.28,45.55,7000 -105.51,45.63,7000 -105.88,45.65,7000 -106.38,45.78,7000 -107.01,45.86,7000 -107.36,46.07,7000 -107.68,46.31,7000 -108.16,46.43,7000 -108.59,46.58,7000 -108.99,46.62,7000 -109.69,46.64,7000 -110.23,46.59,7000 -110.53,46.50,7000 -110.78,46.60,7000 -111.42,46.59,7000 -111.73,46.54,7000 -111.79,46.46,7000 -111.96,46.27,7000 -112.24,46.15,7000 -112.67,46.07,7000 -112.87,45.80,7000 -113.00,45.46,7000 -113.36,45.23,7000 -113.86,45.30,7000 -114.03,45.40,7000 -114.18,45.26,7000 -114.40,45.05,7000 -114.68,45.11,7000 -114.94,45.09,7000 -115.06,44.96,7000 -115.18,44.84,7000 -115.11,44.65,7000 -114.56,44.54,7000 -114.58,44.31,7000 -114.54,43.88,7000 -114.69,43.69,7000 -114.84,43.62,7000 -115.05,43.62,7000 -115.25,43.71,7000 -115.44,44.10,7000 -115.60,44.34,7000 -115.70,44.61,7000 -115.93,44.96,7000 -116.18,45.23,7000 -116.01,45.50,7000 -115.88,45.76,7000 -115.66,46.03,7000 -115.60,46.17,7000 -115.66,46.41,7000 -115.77,46.83,7000 -116.08,47.09,7000 -116.03,47.45,7000 -116.02,47.67,7000 -116.15,47.88,7000 -116.14,48.30,7000 -115.78,48.72,7000 -116.05,48.98,7000 -116.16,49.16,7000 -116.41,49.27,7000 -116.67,49.24,7000 -117.08,49.05,7000 -117.40,49.30,7000 -117.86,49.40,7000 -118.74,49.56,7000 -119.08,49.73,7000 -119.15,50.03,7000 -119.04,50.33,7000 -119.17,50.65,7000 -119.36,50.86,7000 -119.88,50.85,7000 -120.56,50.94,7000 -120.71,51.04,7000 -120.67,51.16,7000 -120.53,51.21,7000 
          </coordinates>
        </LinearRing>
      </outerBoundaryIs>
      <innerBoundaryIs>
        <LinearRing>
          <coordinates>
-75.74,45.46,7000 -75.70,45.47,7000 -75.65,45.48,7000 -75.61,45.49,7000 -75.57,45.50,7000 -75.52,45.51,7000 -75.48,45.52,7000 -75.44,45.53,7000 -75.40,45.53,7000 -75.35,45.54,7000 -75.31,45.54,7000 -75.27,45.54,7000 -75.23,45.54,7000 -75.19,45.54,7000 -75.15,45.54,7000 -75.11,45.53,7000 -75.06,45.52,7000 -75.03,45.51,7000 -74.99,45.50,7000 -74.96,45.48,7000 -74.92,45.45,7000 -74.89,45.43,7000 -74.86,45.40,7000 -74.84,45.37,7000 -74.82,45.34,7000 -74.81,45.31,7000 -74.80,45.28,7000 -74.81,45.25,7000 -74.81,45.22,7000 -74.81,45.20,7000 -74.80,45.17,7000 -74.80,45.16,7000 -74.82,45.15,7000 -74.84,45.13,7000 -74.86,45.11,7000 -74.88,45.08,7000 -74.91,45.05,7000 -74.93,45.03,7000 -74.96,45.01,7000 -75.00,44.99,7000 -75.03,44.98,7000 -75.07,44.97,7000 -75.11,44.96,7000 -75.14,44.94,7000 -75.17,44.92,7000 -75.19,44.90,7000 -75.22,44.88,7000 -75.25,44.86,7000 -75.29,44.84,7000 -75.32,44.82,7000 -75.36,44.80,7000 -75.39,44.78,7000 -75.42,44.76,7000 -75.45,44.75,7000 -75.48,44.74,7000 -75.51,44.72,7000 -75.54,44.70,7000 -75.56,44.68,7000 -75.59,44.66,7000 -75.62,44.64,7000 -75.66,44.63,7000 -75.70,44.62,7000 -75.74,44.62,7000 -75.79,44.62,7000 -75.83,44.62,7000 -75.88,44.62,7000 -75.91,44.63,7000 -75.94,44.65,7000 -75.97,44.67,7000 -75.99,44.70,7000 -76.00,44.74,7000 -76.02,44.77,7000 -76.03,44.80,7000 -76.04,44.83,7000 -76.05,44.86,7000 -76.06,44.89,7000 -76.06,44.92,7000 -76.06,44.95,7000 -76.06,44.98,7000 -76.05,45.01,7000 -76.04,45.04,7000 -76.03,45.06,7000 -76.02,45.09,7000 -76.01,45.12,7000 -76.00,45.15,7000 -75.99,45.18,7000 -75.97,45.22,7000 -75.96,45.25,7000 -75.94,45.28,7000 -75.92,45.31,7000 -75.90,45.33,7000 -75.87,45.36,7000 -75.85,45.39,7000 -75.82,45.41,7000 -75.79,45.44,7000 -75.74,45.46,7000 
          </coordinates>
        </LinearRing>
      </innerBoundaryIs>
      <innerBoundaryIs>
        <LinearRing>
          <coordinates>
-67.26,47.42,7000 -67.22,47.42,7000 -67.19,47.42,7000 -67.15,47.43,7000 -67.12,47.43,7000 -67.08,47.42,7000 -67.06,47.42,7000 -67.03,47.42,7000 -67.01,47.41,7000 -66.99,47.40,7000 -66.98,47.38,7000 -66.97,47.36,7000 -66.96,47.34,7000 -66.96,47.31,7000 -66.96,47.29,7000 -66.96,47.27,7000 -66.96,47.25,7000 -66.96,47.23,7000 -66.96,47.21,7000 -66.96,47.19,7000 -66.96,47.16,7000 -66.97,47.14,7000 -66.97,47.12,7000 -66.98,47.10,7000 -66.98,47.07,7000 -66.99,47.05,7000 -67.00,47.03,7000 -67.01,47.01,7000 -67.03,46.98,7000 -67.04,46.96,7000 -67.05,46.94,7000 -67.07,46.92,7000 -67.09,46.89,7000 -67.11,46.87,7000 -67.13,46.85,7000 -67.14,46.83,7000 -67.16,46.81,7000 -67.17,46.80,7000 -67.18,46.78,7000 -67.20,46.78,7000 -67.22,46.78,7000 -67.25,46.78,7000 -67.29,46.78,7000 -67.33,46.77,7000 -67.36,46.77,7000 -67.40,46.77,7000 -67.43,46.78,7000 -67.46,46.78,7000 -67.49,46.79,7000 -67.52,46.80,7000 -67.54,46.82,7000 -67.55,46.84,7000 -67.57,46.86,7000 -67.58,46.88,7000 -67.60,46.90,7000 -67.61,46.93,7000 -67.62,46.95,7000 -67.63,46.97,7000 -67.64,46.99,7000 -67.66,47.01,7000 -67.68,47.03,7000 -67.69,47.05,7000 -67.68,47.07,7000 -67.66,47.08,7000 -67.63,47.10,7000 -67.61,47.12,7000 -67.60,47.14,7000 -67.58,47.15,7000 -67.57,47.17,7000 -67.55,47.20,7000 -67.54,47.22,7000 -67.52,47.23,7000 -67.50,47.25,7000 -67.48,47.27,7000 -67.46,47.29,7000 -67.44,47.31,7000 -67.41,47.33,7000 -67.39,47.35,7000 -67.26,47.42,7000 
          </coordinates>
        </LinearRing>
      </innerBoundaryIs>
      <innerBoundaryIs>
        <LinearRing>
          <coordinates>
-120.53,51.17,8000 -120.39,51.19,8000 -120.25,51.20,8000 -120.11,51.22,8000 -119.97,51.24,8000 -119.84,51.25,8000 -119.70,51.27,8000 -119.56,51.29,8000 -119.42,51.30,8000 -119.28,51.32,8000 -119.14,51.33,8000 -119.00,51.35,8000 -118.86,51.37,8000 -118.71,51.38,8000 -118.56,51.40,8000 -118.41,51.42,8000 -118.26,51.43,8000 -118.11,51.45,8000 -117.97,51.47,8000 -117.83,51.48,8000 -117.70,51.50,8000 -117.57,51.51,8000 -117.46,51.52,8000 -117.28,51.54,8000 -117.11,51.55,8000 -116.97,51.56,8000 -116.85,51.57,8000 -116.74,51.58,8000 -116.65,51.59,8000 -116.50,51.61,8000 -116.41,51.61,8000 -116.31,51.58,8000 -116.21,51.54,8000 -116.14,51.50,8000 -116.12,51.45,8000 -116.19,51.41,8000 -116.29,51.35,8000 -116.40,51.31,8000 -116.52,51.30,8000 -116.64,51.30,8000 -116.75,51.30,8000 -116.87,51.28,8000 -116.93,51.23,8000 -116.93,51.15,8000 -116.90,51.05,8000 -116.86,50.97,8000 -116.82,50.93,8000 -116.75,50.87,8000 -116.70,50.82,8000 -116.65,50.75,8000 -116.58,50.68,8000 -116.52,50.60,8000 -116.46,50.52,8000 -116.41,50.45,8000 -116.36,50.36,8000 -116.33,50.27,8000 -116.31,50.19,8000 -116.29,50.11,8000 -116.26,50.03,8000 -116.24,49.95,8000 -116.22,49.86,8000 -116.23,49.78,8000 -116.25,49.71,8000 -116.29,49.63,8000 -116.33,49.55,8000 -116.39,49.48,8000 -116.45,49.42,8000 -116.53,49.35,8000 -116.62,49.29,8000 -116.73,49.24,8000 -116.87,49.23,8000 -116.97,49.25,8000 -117.09,49.28,8000 -117.21,49.32,8000 -117.34,49.37,8000 -117.48,49.42,8000 -117.60,49.46,8000 -117.71,49.50,8000 -117.85,49.54,8000 -117.97,49.56,8000 -118.08,49.59,8000 -118.19,49.61,8000 -118.30,49.63,8000 -118.44,49.65,8000 -118.57,49.66,8000 -118.69,49.67,8000 -118.79,49.70,8000 -118.87,49.75,8000 -118.94,49.81,8000 -118.99,49.88,8000 -119.02,49.94,8000 -119.02,50.02,8000 -118.98,50.10,8000 -118.95,50.19,8000 -118.93,50.27,8000 -118.92,50.35,8000 -118.91,50.44,8000 -118.91,50.52,8000 -118.93,50.61,8000 -118.97,50.70,8000 -119.01,50.77,8000 -119.08,50.85,8000 -119.16,50.90,8000 -119.25,50.95,8000 -119.36,50.98,8000 -119.44,50.98,8000 -119.53,50.96,8000 -119.67,50.95,8000 -119.78,50.95,8000 -119.93,50.95,8000 -120.09,50.95,8000 -120.24,50.96,8000 -120.38,50.96,8000 -120.48,50.97,8000 -120.60,51.02,8000 -120.59,51.08,8000 -120.53,51.17,8000 
          </coordinates>
        </LinearRing>
      </innerBoundaryIs>
      <innerBoundaryIs>
        <LinearRing>
          <coordinates>
-68.31,50.70,8000 -67.74,50.63,8000 -67.36,50.49,8000 -66.37,50.10,8000 -66.10,49.83,8000 -65.76,49.54,8000 -65.61,49.30,8000 -65.58,49.07,8000 -65.47,48.95,8000 -64.40,48.62,8000 -63.90,48.45,8000 -63.57,48.34,8000 -63.42,48.25,8000 -63.02,47.99,8000 -62.61,47.82,8000 -62.28,47.63,8000 -62.21,47.44,8000 -62.26,47.21,8000 -62.57,46.57,8000 -62.80,46.24,8000 -63.00,46.20,8000 -63.25,46.25,8000 -63.84,46.46,8000 -64.41,46.39,8000 -64.65,46.34,8000 -64.96,46.35,8000 -65.40,46.32,8000 -65.83,46.19,8000 -66.21,46.05,8000 -66.72,45.93,8000 -67.14,45.86,8000 -67.41,45.96,8000 -67.35,46.16,8000 -67.37,46.43,8000 -67.24,46.64,8000 -67.02,46.79,8000 -66.91,46.99,8000 -66.82,47.42,8000 -66.97,47.64,8000 -67.50,47.54,8000 -67.74,47.39,8000 -67.87,47.41,8000 -68.17,47.64,8000 -68.35,47.76,8000 -68.66,47.78,8000 -68.71,47.54,8000 -68.63,47.33,8000 -68.47,47.24,8000 -68.16,47.07,8000 -67.83,46.83,8000 -67.64,46.71,8000 -67.67,46.53,8000 -67.80,46.13,8000 -67.91,46.03,8000 -68.22,45.95,8000 -68.73,45.81,8000 -68.97,45.93,8000 -68.88,46.27,8000 -68.99,46.57,8000 -69.14,46.90,8000 -69.12,47.10,8000 -69.20,47.16,8000 -69.43,47.06,8000 -69.71,46.79,8000 -70.00,46.61,8000 -70.36,46.53,8000 -70.73,46.53,8000 -71.06,46.46,8000 -71.37,46.57,8000 -71.73,46.55,8000 -72.60,46.44,8000 -73.05,46.28,8000 -73.38,46.07,8000 -73.62,45.85,8000 -73.97,45.67,8000 -74.25,45.63,8000 -74.55,45.67,8000 -74.84,45.73,8000 -75.16,45.73,8000 -75.68,45.66,8000 -76.14,45.50,8000 -76.35,45.30,8000 -76.45,44.82,8000 -76.34,44.49,8000 -76.16,44.33,8000 -75.75,44.36,8000 -75.16,44.68,8000 -74.37,44.94,8000 -74.04,45.05,8000 -73.87,45.02,8000 -73.84,44.92,8000 -73.98,44.44,8000 -74.05,44.03,8000 -74.36,43.68,8000 -74.49,43.43,8000 -74.80,43.10,8000 -75.04,42.93,8000 -75.43,42.77,8000 -75.80,42.63,8000 -76.09,42.56,8000 -76.31,42.66,8000 -76.38,42.98,8000 -76.54,43.21,8000 -76.56,43.41,8000 -76.45,43.60,8000 -76.44,43.80,8000 -76.58,43.91,8000 -77.01,43.81,8000 -77.41,43.85,8000 -78.37,44.07,8000 -78.77,44.18,8000 -79.25,44.37,8000 -79.46,44.38,8000 -79.72,44.36,8000 -79.93,44.27,8000 -80.02,44.03,8000 -80.00,43.80,8000 -80.14,43.53,8000 -80.25,43.42,8000 -80.66,43.13,8000 -80.99,43.12,8000 -81.39,43.33,8000 -81.61,43.65,8000 -81.81,43.90,8000 -81.92,44.01,8000 -81.95,44.20,8000 -82.02,44.32,8000 -82.36,44.39,8000 -82.96,44.45,8000 -83.78,44.05,8000 -84.56,43.63,8000 -84.95,43.54,8000 -85.30,43.41,8000 -85.59,43.24,8000 -85.77,43.02,8000 -85.73,42.79,8000 -85.56,42.52,8000 -85.43,42.15,8000 -85.43,41.94,8000 -85.52,41.74,8000 -85.79,41.53,8000 -86.23,41.44,8000 -86.89,41.50,8000 -87.10,41.56,8000 -87.28,41.72,8000 -87.42,41.80,8000 -87.68,41.83,8000 -87.99,41.62,8000 -88.22,41.43,8000 -88.42,41.10,8000 -88.96,40.69,8000 -89.25,40.64,8000 -89.58,40.69,8000 -89.92,40.67,8000 -90.11,40.58,8000 -90.56,40.40,8000 -90.83,40.36,8000 -91.15,40.40,8000 -91.54,40.48,8000 -92.19,40.66,8000 -92.49,40.83,8000 -92.86,41.09,8000 -93.00,41.40,8000 -93.23,41.62,8000 -93.69,42.17,8000 -94.04,42.44,8000 -94.40,42.65,8000 -94.85,42.98,8000 -95.50,43.29,8000 -95.85,43.50,8000 -96.20,43.65,8000 -96.67,43.79,8000 -97.04,43.84,8000 -97.62,43.87,8000 -97.98,43.67,8000 -98.30,43.54,8000 -98.67,43.62,8000 -99.06,43.61,8000 -99.22,43.17,8000 -99.53,43.11,8000 -99.84,43.11,8000 -100.46,43.14,8000 -101.58,43.19,8000 -102.02,43.30,8000 -102.01,43.54,8000 -101.87,43.69,8000 -101.90,43.87,8000 -102.12,43.89,8000 -102.80,43.96,8000 -103.23,44.04,8000 -103.84,44.06,8000 -104.27,44.15,8000 -104.64,44.34,8000 -104.93,44.60,8000 -104.98,45.13,8000 -104.92,45.42,8000 -104.88,45.63,8000 -105.01,45.79,8000 -106.00,45.90,8000 -106.30,45.96,8000 -106.79,45.99,8000 -107.00,46.00,8000 -107.12,46.09,8000 -107.26,46.40,8000 -107.57,46.49,8000 -108.21,46.58,8000 -108.56,46.66,8000 -109.19,46.68,8000 -110.23,46.72,8000 -111.28,46.73,8000 -111.95,46.63,8000 -111.96,46.33,8000 -112.43,46.18,8000 -112.70,46.20,8000 -112.88,46.07,8000 -113.00,45.75,8000 -113.02,45.54,8000 -113.20,45.47,8000 -113.75,45.62,8000 -114.05,45.63,8000 -114.37,45.42,8000 -114.58,45.31,8000 -114.79,45.37,8000 -115.40,45.47,8000 -115.78,45.52,8000 -115.75,45.77,8000 -115.56,46.04,8000 -115.52,46.28,8000 -115.58,46.49,8000 -115.58,46.69,8000 -115.71,46.89,8000 -115.86,46.98,8000 -115.97,47.17,8000 -115.86,47.50,8000 -115.88,47.75,8000 -115.98,48.03,8000 -115.91,48.35,8000 -115.50,48.53,8000 -115.27,48.52,8000 -114.89,48.42,8000 -114.33,48.13,8000 -114.09,48.26,8000 -113.88,48.51,8000 -113.83,48.67,8000 -113.88,48.89,8000 -114.07,49.14,8000 -114.18,49.34,8000 -113.95,49.42,8000 -113.49,49.60,8000 -113.17,49.80,8000 -112.80,49.96,8000 -112.33,50.02,8000 -111.88,49.88,8000 -111.31,49.46,8000 -110.49,49.09,8000 -110.08,48.93,8000 -109.64,48.83,8000 -109.10,48.75,8000 -108.40,48.74,8000 -107.87,48.66,8000 -107.39,48.52,8000 -106.92,48.38,8000 -106.35,48.25,8000 -105.78,48.27,8000 -105.21,48.26,8000 -104.20,48.19,8000 -102.92,48.10,8000 -102.02,47.91,8000 -101.56,47.98,8000 -101.13,47.98,8000 -100.18,47.69,8000 -98.76,47.34,8000 -98.48,47.28,8000 -98.19,47.28,8000 -97.64,47.34,8000 -97.11,47.25,8000 -96.73,47.09,8000 -96.40,46.97,8000 -96.10,46.93,8000 -95.77,46.97,8000 -95.33,47.10,8000 -94.93,47.10,8000 -94.56,47.07,8000 -93.77,47.08,8000 -92.48,47.21,8000 -91.51,47.47,8000 -90.83,47.42,8000 -90.28,47.52,8000 -89.55,47.94,8000 -89.13,48.12,8000 -88.75,48.31,8000 -88.21,48.66,8000 -87.92,48.82,8000 -87.73,49.14,8000 -87.63,49.40,8000 -87.38,49.67,8000 -86.81,50.23,8000 -86.52,50.38,8000 -85.97,50.40,8000 -85.36,50.33,8000 -84.98,50.17,8000 -84.70,49.98,8000 -84.28,49.84,8000 -83.88,49.69,8000 -83.56,49.46,8000 -82.83,49.21,8000 -82.46,48.93,8000 -81.94,48.73,8000 -80.86,48.47,8000 -79.73,48.19,8000 -78.72,47.93,8000 -78.37,47.83,8000 -77.78,47.74,8000 -77.27,47.80,8000 -76.74,47.79,8000 -76.14,47.91,8000 -75.63,48.04,8000 -74.86,48.24,8000 -74.37,48.38,8000 -74.07,48.53,8000 -73.61,48.75,8000 -73.21,48.85,8000 -72.80,49.01,8000 -72.46,49.31,8000 -72.23,49.48,8000 -71.88,49.62,8000 -71.64,49.77,8000 -71.38,50.08,8000 -71.13,50.30,8000 -70.76,50.46,8000 -69.90,50.62,8000 -69.51,50.70,8000 -68.90,50.71,8000 -68.31,50.70,8000 
          </coordinates>
        </LinearRing>
      </innerBoundaryIs>
      <innerBoundaryIs>
        <LinearRing>
          <coordinates>
-65.66,48.44,8000 -65.64,48.42,8000 -65.62,48.40,8000 -65.59,48.39,8000 -65.57,48.37,8000 -65.55,48.35,8000 -65.53,48.34,8000 -65.51,48.32,8000 -65.50,48.31,8000 -65.48,48.30,8000 -65.47,48.29,8000 -65.46,48.28,8000 -65.45,48.27,8000 -65.45,48.26,8000 -65.44,48.24,8000 -65.43,48.23,8000 -65.42,48.21,8000 -65.41,48.19,8000 -65.40,48.17,8000 -65.39,48.15,8000 -65.39,48.13,8000 -65.39,48.11,8000 -65.39,48.09,8000 -65.40,48.07,8000 -65.41,48.06,8000 -65.42,48.04,8000 -65.44,48.02,8000 -65.46,48.00,8000 -65.48,47.99,8000 -65.50,47.97,8000 -65.51,47.96,8000 -65.53,47.95,8000 -65.54,47.94,8000 -65.55,47.92,8000 -65.57,47.93,8000 -65.59,47.93,8000 -65.62,47.94,8000 -65.65,47.94,8000 -65.68,47.95,8000 -65.71,47.95,8000 -65.75,47.96,8000 -65.78,47.96,8000 -65.80,47.97,8000 -65.82,47.97,8000 -65.84,47.98,8000 -65.85,47.99,8000 -65.85,48.00,8000 -65.86,48.02,8000 -65.87,48.04,8000 -65.88,48.06,8000 -65.89,48.08,8000 -65.90,48.10,8000 -65.91,48.12,8000 -65.91,48.13,8000 -65.92,48.15,8000 -65.92,48.17,8000 -65.92,48.19,8000 -65.92,48.21,8000 -65.91,48.23,8000 -65.90,48.24,8000 -65.89,48.26,8000 -65.88,48.28,8000 -65.87,48.30,8000 -65.86,48.31,8000 -65.85,48.33,8000 -65.66,48.44,8000 
          </coordinates>
        </LinearRing>
      </innerBoundaryIs>
      <innerBoundaryIs>
        <LinearRing>
          <coordinates>
-115.60,44.83,8000 -115.54,44.82,8000 -115.49,44.80,8000 -115.44,44.79,8000 -115.40,44.78,8000 -115.37,44.76,8000 -115.34,44.74,8000 -115.32,44.71,8000 -115.31,44.68,8000 -115.28,44.64,8000 -115.25,44.62,8000 -115.20,44.60,8000 -115.15,44.57,8000 -115.10,44.55,8000 -115.05,44.54,8000 -115.00,44.53,8000 -114.94,44.53,8000 -114.88,44.52,8000 -114.84,44.52,8000 -114.80,44.52,8000 -114.78,44.52,8000 -114.76,44.50,8000 -114.74,44.46,8000 -114.72,44.43,8000 -114.70,44.39,8000 -114.68,44.35,8000 -114.67,44.31,8000 -114.67,44.26,8000 -114.67,44.22,8000 -114.66,44.18,8000 -114.65,44.15,8000 -114.64,44.11,8000 -114.63,44.08,8000 -114.62,44.04,8000 -114.61,44.01,8000 -114.61,43.96,8000 -114.61,43.92,8000 -114.61,43.87,8000 -114.62,43.84,8000 -114.62,43.82,8000 -114.65,43.80,8000 -114.68,43.78,8000 -114.72,43.75,8000 -114.77,43.73,8000 -114.82,43.70,8000 -114.87,43.69,8000 -114.92,43.69,8000 -114.97,43.69,8000 -115.03,43.69,8000 -115.08,43.70,8000 -115.12,43.71,8000 -115.17,43.72,8000 -115.19,43.74,8000 -115.22,43.77,8000 -115.24,43.80,8000 -115.25,43.83,8000 -115.27,43.87,8000 -115.28,43.90,8000 -115.29,43.94,8000 -115.30,43.97,8000 -115.30,44.01,8000 -115.31,44.04,8000 -115.32,44.08,8000 -115.33,44.11,8000 -115.35,44.14,8000 -115.38,44.18,8000 -115.40,44.21,8000 -115.43,44.24,8000 -115.45,44.27,8000 -115.47,44.31,8000 -115.49,44.34,8000 -115.51,44.37,8000 -115.52,44.39,8000 -115.54,44.43,8000 -115.55,44.46,8000 -115.56,44.49,8000 -115.57,44.53,8000 -115.57,44.56,8000 -115.58,44.60,8000 -115.59,44.63,8000 -115.59,44.67,8000 -115.60,44.70,8000 -115.60,44.74,8000 -115.61,44.77,8000 -115.60,44.83,8000 
          </coordinates>
        </LinearRing>
      </innerBoundaryIs>
      <innerBoundaryIs>
        <LinearRing>
          <coordinates>
-114.03,46.73,8000 -114.01,46.71,8000 -113.98,46.69,8000 -113.96,46.66,8000 -113.95,46.64,8000 -113.94,46.61,8000 -113.93,46.59,8000 -113.92,46.56,8000 -113.92,46.53,8000 -113.91,46.50,8000 -113.90,46.47,8000 -113.90,46.44,8000 -113.90,46.42,8000 -113.89,46.39,8000 -113.89,46.36,8000 -113.89,46.33,8000 -113.89,46.30,8000 -113.89,46.27,8000 -113.89,46.24,8000 -113.90,46.21,8000 -113.90,46.18,8000 -113.91,46.15,8000 -113.92,46.12,8000 -113.94,46.09,8000 -113.96,46.06,8000 -113.97,46.02,8000 -113.99,46.00,8000 -114.01,45.97,8000 -114.03,45.93,8000 -114.06,45.90,8000 -114.08,45.88,8000 -114.10,45.87,8000 -114.12,45.88,8000 -114.14,45.90,8000 -114.16,45.93,8000 -114.18,45.96,8000 -114.19,45.98,8000 -114.21,46.01,8000 -114.22,46.03,8000 -114.23,46.06,8000 -114.24,46.09,8000 -114.25,46.12,8000 -114.25,46.15,8000 -114.26,46.18,8000 -114.26,46.21,8000 -114.26,46.24,8000 -114.25,46.27,8000 -114.25,46.29,8000 -114.24,46.33,8000 -114.22,46.35,8000 -114.20,46.38,8000 -114.18,46.40,8000 -114.15,46.42,8000 -114.12,46.43,8000 -114.10,46.46,8000 -114.08,46.48,8000 -114.07,46.50,8000 -114.06,46.53,8000 -114.06,46.56,8000 -114.06,46.59,8000 -114.06,46.62,8000 -114.06,46.65,8000 -114.03,46.73,8000 
          </coordinates>
        </LinearRing>
      </innerBoundaryIs>
      <innerBoundaryIs>
        <LinearRing>
          <coordinates>
-115.95,45.32,8000 -115.93,45.33,8000 -115.90,45.34,8000 -115.88,45.35,8000 -115.85,45.36,8000 -115.83,45.37,8000 -115.81,45.37,8000 -115.79,45.38,8000 -115.77,45.39,8000 -115.75,45.39,8000 -115.73,45.39,8000 -115.72,45.39,8000 -115.70,45.38,8000 -115.69,45.37,8000 -115.69,45.36,8000 -115.68,45.34,8000 -115.68,45.32,8000 -115.67,45.30,8000 -115.65,45.29,8000 -115.63,45.28,8000 -115.62,45.27,8000 -115.60,45.26,8000 -115.58,45.26,8000 -115.56,45.25,8000 -115.53,45.24,8000 -115.51,45.23,8000 -115.49,45.23,8000 -115.46,45.22,8000 -115.44,45.22,8000 -115.42,45.22,8000 -115.39,45.22,8000 -115.37,45.22,8000 -115.34,45.22,8000 -115.32,45.22,8000 -115.29,45.22,8000 -115.27,45.22,8000 -115.24,45.22,8000 -115.22,45.22,8000 -115.20,45.22,8000 -115.19,45.22,8000 -115.17,45.21,8000 -115.17,45.19,8000 -115.17,45.17,8000 -115.16,45.17,8000 -115.18,45.15,8000 -115.19,45.14,8000 -115.20,45.13,8000 -115.22,45.12,8000 -115.23,45.10,8000 -115.25,45.09,8000 -115.27,45.07,8000 -115.29,45.06,8000 -115.31,45.05,8000 -115.33,45.03,8000 -115.35,45.02,8000 -115.37,45.01,8000 -115.39,45.01,8000 -115.41,45.01,8000 -115.43,45.01,8000 -115.45,45.02,8000 -115.47,45.02,8000 -115.50,45.03,8000 -115.52,45.04,8000 -115.54,45.05,8000 -115.56,45.06,8000 -115.59,45.07,8000 -115.61,45.07,8000 -115.63,45.08,8000 -115.65,45.08,8000 -115.68,45.08,8000 -115.70,45.08,8000 -115.73,45.07,8000 -115.76,45.07,8000 -115.78,45.06,8000 -115.81,45.06,8000 -115.83,45.05,8000 -115.85,45.04,8000 -115.87,45.04,8000 -115.89,45.04,8000 -115.92,45.04,8000 -115.93,45.05,8000 -115.94,45.06,8000 -115.95,45.08,8000 -115.96,45.09,8000 -115.96,45.10,8000 -115.97,45.12,8000 -115.97,45.14,8000 -115.98,45.15,8000 -115.98,45.17,8000 -115.99,45.19,8000 -115.99,45.21,8000 -116.00,45.23,8000 -116.00,45.25,8000 -115.95,45.32,8000 
          </coordinates>
        </LinearRing>
      </innerBoundaryIs>
      <innerBoundaryIs>
        <LinearRing>
          <coordinates>
-71.31,46.43,8000 -71.23,46.44,8000 -71.16,46.45,8000 -71.11,46.45,8000 -71.07,46.42,8000 -71.06,46.36,8000 -71.07,46.31,8000 -71.09,46.25,8000 -71.11,46.18,8000 -71.12,46.12,8000 -71.11,46.06,8000 -71.08,46.00,8000 -71.05,45.94,8000 -71.01,45.89,8000 -70.97,45.85,8000 -70.91,45.81,8000 -70.86,45.77,8000 -70.82,45.74,8000 -70.78,45.70,8000 -70.74,45.65,8000 -70.72,45.60,8000 -70.71,45.55,8000 -70.70,45.49,8000 -70.70,45.43,8000 -70.71,45.38,8000 -70.74,45.33,8000 -70.78,45.29,8000 -70.82,45.25,8000 -70.87,45.21,8000 -70.93,45.16,8000 -71.00,45.12,8000 -71.08,45.08,8000 -71.14,45.05,8000 -71.20,45.01,8000 -71.26,44.97,8000 -71.34,44.94,8000 -71.44,44.92,8000 -71.52,44.91,8000 -71.61,44.91,8000 -71.71,44.92,8000 -71.81,44.92,8000 -71.92,44.93,8000 -72.02,44.93,8000 -72.11,44.93,8000 -72.18,44.92,8000 -72.27,44.88,8000 -72.33,44.83,8000 -72.38,44.77,8000 -72.43,44.72,8000 -72.48,44.69,8000 -72.56,44.67,8000 -72.63,44.68,8000 -72.71,44.69,8000 -72.76,44.72,8000 -72.79,44.76,8000 -72.81,44.81,8000 -72.82,44.87,8000 -72.83,44.94,8000 -72.84,44.99,8000 -72.85,45.05,8000 -72.86,45.11,8000 -72.86,45.17,8000 -72.87,45.23,8000 -72.86,45.29,8000 -72.85,45.35,8000 -72.84,45.40,8000 -72.82,45.46,8000 -72.79,45.51,8000 -72.76,45.57,8000 -72.72,45.62,8000 -72.68,45.66,8000 -72.63,45.71,8000 -72.57,45.75,8000 -72.51,45.79,8000 -72.44,45.84,8000 -72.38,45.88,8000 -72.32,45.92,8000 -72.26,45.96,8000 -72.19,46.01,8000 -72.13,46.05,8000 -72.06,46.10,8000 -72.00,46.14,8000 -71.94,46.18,8000 -71.88,46.21,8000 -71.80,46.25,8000 -71.73,46.28,8000 -71.66,46.30,8000 -71.60,46.32,8000 -71.53,46.34,8000 -71.31,46.43,8000 
          </coordinates>
        </LinearRing>
      </innerBoundaryIs>
  </Polygon>
 </MultiGeometry>
</Placemark>
<Placemark>
  <name>60%</name>
  <visibility>1</visibility>
  <styleUrl>#poly_60</styleUrl>
  <MultiGeometry>
    <Polygon>
      <outerBoundaryIs>
        <LinearRing>
          <coordinates>
-78.35,43.15,7000 -78.26,43.15,7000 -78.17,43.14,7000 -78.10,43.13,7000 -78.02,43.10,7000 -77.95,43.04,7000 -77.88,42.98,7000 -77.80,42.91,7000 -77.72,42.85,7000 -77.62,42.82,7000 -77.52,42.80,7000 -77.43,42.77,7000 -77.35,42.73,7000 -77.28,42.68,7000 -77.23,42.63,7000 -77.21,42.57,7000 -77.20,42.50,7000 -77.21,42.44,7000 -77.25,42.39,7000 -77.32,42.36,7000 -77.39,42.35,7000 -77.48,42.35,7000 -77.57,42.31,7000 -77.62,42.26,7000 -77.66,42.19,7000 -77.71,42.11,7000 -77.75,42.03,7000 -77.79,41.97,7000 -77.84,41.91,7000 -77.88,41.87,7000 -77.97,41.82,7000 -78.04,41.79,7000 -78.12,41.75,7000 -78.21,41.72,7000 -78.31,41.68,7000 -78.41,41.64,7000 -78.51,41.61,7000 -78.61,41.59,7000 -78.71,41.58,7000 -78.80,41.57,7000 -78.90,41.56,7000 -79.00,41.56,7000 -79.10,41.56,7000 -79.21,41.56,7000 -79.32,41.56,7000 -79.42,41.55,7000 -79.52,41.55,7000 -79.64,41.54,7000 -79.75,41.53,7000 -79.87,41.52,7000 -79.98,41.51,7000 -80.09,41.51,7000 -80.18,41.50,7000 -80.27,41.50,7000 -80.40,41.50,7000 -80.50,41.52,7000 -80.58,41.53,7000 -80.66,41.55,7000 -80.75,41.57,7000 -80.87,41.59,7000 -81.00,41.62,7000 -81.11,41.65,7000 -81.18,41.68,7000 -81.21,41.73,7000 -81.15,41.78,7000 -81.10,41.82,7000 -81.02,41.87,7000 -80.91,41.94,7000 -80.84,41.98,7000 -80.76,42.03,7000 -80.67,42.09,7000 -80.57,42.15,7000 -80.48,42.21,7000 -80.39,42.27,7000 -80.31,42.33,7000 -80.24,42.39,7000 -80.16,42.46,7000 -80.08,42.52,7000 -80.01,42.59,7000 -79.94,42.64,7000 -79.89,42.69,7000 -79.82,42.77,7000 -79.79,42.82,7000 -79.73,42.86,7000 -79.66,42.88,7000 -79.57,42.90,7000 -79.47,42.92,7000 -79.34,42.94,7000 -79.25,42.96,7000 -79.16,42.98,7000 -79.06,43.00,7000 -78.95,43.02,7000 -78.83,43.04,7000 -78.72,43.07,7000 -78.60,43.09,7000 -78.35,43.15,7000 
          </coordinates>
        </LinearRing>
      </outerBoundaryIs>
      <innerBoundaryIs>
        <LinearRing>
          <coordinates>
-78.65,42.80,8000 -78.58,42.81,8000 -78.52,42.83,8000 -78.45,42.84,8000 -78.39,42.84,8000 -78.33,42.84,8000 -78.27,42.84,8000 -78.22,42.84,8000 -78.17,42.81,8000 -78.14,42.78,8000 -78.10,42.74,8000 -78.07,42.69,8000 -78.05,42.64,8000 -78.03,42.58,8000 -78.02,42.53,8000 -78.02,42.48,8000 -78.03,42.43,8000 -78.05,42.38,8000 -78.07,42.33,8000 -78.09,42.28,8000 -78.11,42.23,8000 -78.14,42.19,8000 -78.18,42.15,8000 -78.23,42.11,8000 -78.28,42.08,8000 -78.33,42.06,8000 -78.38,42.03,8000 -78.43,42.00,8000 -78.48,41.96,8000 -78.53,41.93,8000 -78.59,41.90,8000 -78.65,41.88,8000 -78.71,41.87,8000 -78.78,41.86,8000 -78.85,41.86,8000 -78.92,41.86,8000 -78.98,41.86,8000 -79.04,41.86,8000 -79.11,41.86,8000 -79.17,41.87,8000 -79.22,41.88,8000 -79.28,41.88,8000 -79.34,41.87,8000 -79.39,41.86,8000 -79.45,41.84,8000 -79.51,41.83,8000 -79.57,41.81,8000 -79.62,41.80,8000 -79.68,41.78,8000 -79.76,41.77,8000 -79.82,41.77,8000 -79.89,41.77,8000 -79.96,41.77,8000 -80.04,41.77,8000 -80.11,41.78,8000 -80.17,41.78,8000 -80.22,41.79,8000 -80.29,41.81,8000 -80.31,41.83,8000 -80.32,41.86,8000 -80.32,41.89,8000 -80.31,41.93,8000 -80.29,41.98,8000 -80.26,42.02,8000 -80.23,42.05,8000 -80.20,42.08,8000 -80.16,42.12,8000 -80.12,42.15,8000 -80.08,42.18,8000 -80.04,42.21,8000 -79.99,42.24,8000 -79.94,42.28,8000 -79.88,42.31,8000 -79.83,42.34,8000 -79.78,42.36,8000 -79.73,42.39,8000 -79.68,42.41,8000 -79.62,42.43,8000 -79.57,42.46,8000 -79.52,42.48,8000 -79.47,42.51,8000 -79.42,42.54,8000 -79.37,42.58,8000 -79.32,42.61,8000 -79.26,42.64,8000 -79.21,42.66,8000 -79.15,42.68,8000 -79.09,42.70,8000 -79.02,42.72,8000 -78.96,42.74,8000 -78.89,42.76,8000 -78.65,42.80,8000 
          </coordinates>
        </LinearRing>
      </innerBoundaryIs>
  </Polygon>
 </MultiGeometry>
</Placemark>
<Placemark>
  <name>60%</name>
  <visibility>1</visibility>
  <styleUrl>#poly_60</styleUrl>
  <MultiGeometry>
    <Polygon>
      <outerBoundaryIs>
        <LinearRing>
          <coordinates>
-127.08,50.30,7000 -127.01,50.31,7000 -126.94,50.33,7000 -126.87,50.34,7000 -126.80,50.36,7000 -126.73,50.37,7000 -126.66,50.38,7000 -126.59,50.39,7000 -126.52,50.40,7000 -126.46,50.41,7000 -126.39,50.41,7000 -126.32,50.42,7000 -126.25,50.42,7000 -126.19,50.42,7000 -126.13,50.42,7000 -126.07,50.42,7000 -125.99,50.41,7000 -125.92,50.39,7000 -125.86,50.37,7000 -125.81,50.34,7000 -125.76,50.31,7000 -125.72,50.28,7000 -125.70,50.25,7000 -125.68,50.22,7000 -125.66,50.18,7000 -125.63,50.14,7000 -125.60,50.11,7000 -125.57,50.07,7000 -125.54,50.03,7000 -125.51,49.99,7000 -125.47,49.95,7000 -125.44,49.91,7000 -125.41,49.87,7000 -125.38,49.84,7000 -125.33,49.80,7000 -125.29,49.77,7000 -125.25,49.74,7000 -125.21,49.70,7000 -125.18,49.67,7000 -125.15,49.63,7000 -125.12,49.59,7000 -125.08,49.55,7000 -125.05,49.50,7000 -125.02,49.46,7000 -125.00,49.42,7000 -124.99,49.39,7000 -124.99,49.34,7000 -125.02,49.31,7000 -125.05,49.27,7000 -125.09,49.24,7000 -125.13,49.22,7000 -125.18,49.20,7000 -125.24,49.18,7000 -125.30,49.18,7000 -125.37,49.18,7000 -125.42,49.19,7000 -125.47,49.21,7000 -125.53,49.23,7000 -125.59,49.25,7000 -125.65,49.27,7000 -125.70,49.29,7000 -125.76,49.31,7000 -125.82,49.34,7000 -125.88,49.36,7000 -125.94,49.39,7000 -126.00,49.41,7000 -126.06,49.43,7000 -126.11,49.46,7000 -126.16,49.48,7000 -126.22,49.51,7000 -126.28,49.54,7000 -126.33,49.57,7000 -126.37,49.60,7000 -126.42,49.64,7000 -126.47,49.67,7000 -126.52,49.71,7000 -126.57,49.74,7000 -126.62,49.77,7000 -126.68,49.80,7000 -126.73,49.83,7000 -126.79,49.86,7000 -126.84,49.88,7000 -126.89,49.90,7000 -126.94,49.93,7000 -126.99,49.96,7000 -127.04,49.99,7000 -127.08,50.02,7000 -127.12,50.05,7000 -127.15,50.08,7000 -127.18,50.12,7000 -127.20,50.16,7000 -127.22,50.20,7000 -127.23,50.24,7000 -127.08,50.30,7000 
          </coordinates>
        </LinearRing>
      </outerBoundaryIs>
      <innerBoundaryIs>
        <LinearRing>
          <coordinates>
-126.82,50.32,8000 -126.75,50.33,8000 -126.68,50.34,8000 -126.61,50.35,8000 -126.55,50.36,8000 -126.49,50.37,8000 -126.43,50.38,8000 -126.37,50.39,8000 -126.32,50.39,8000 -126.24,50.40,8000 -126.17,50.40,8000 -126.12,50.40,8000 -126.05,50.38,8000 -126.01,50.36,8000 -125.96,50.34,8000 -125.91,50.32,8000 -125.86,50.29,8000 -125.81,50.26,8000 -125.77,50.23,8000 -125.73,50.20,8000 -125.70,50.17,8000 -125.68,50.13,8000 -125.66,50.10,8000 -125.65,50.06,8000 -125.63,50.02,8000 -125.60,49.98,8000 -125.57,49.95,8000 -125.53,49.91,8000 -125.49,49.88,8000 -125.45,49.84,8000 -125.40,49.81,8000 -125.36,49.77,8000 -125.32,49.74,8000 -125.29,49.71,8000 -125.25,49.67,8000 -125.21,49.63,8000 -125.19,49.60,8000 -125.16,49.57,8000 -125.14,49.54,8000 -125.11,49.50,8000 -125.09,49.45,8000 -125.08,49.41,8000 -125.07,49.38,8000 -125.08,49.34,8000 -125.10,49.31,8000 -125.14,49.29,8000 -125.18,49.28,8000 -125.23,49.26,8000 -125.29,49.25,8000 -125.35,49.24,8000 -125.40,49.24,8000 -125.45,49.25,8000 -125.50,49.26,8000 -125.55,49.28,8000 -125.61,49.30,8000 -125.65,49.32,8000 -125.70,49.34,8000 -125.75,49.36,8000 -125.81,49.38,8000 -125.86,49.41,8000 -125.91,49.43,8000 -125.96,49.45,8000 -126.01,49.47,8000 -126.06,49.49,8000 -126.11,49.51,8000 -126.16,49.53,8000 -126.20,49.55,8000 -126.25,49.58,8000 -126.28,49.60,8000 -126.32,49.63,8000 -126.36,49.66,8000 -126.40,49.69,8000 -126.44,49.72,8000 -126.49,49.74,8000 -126.54,49.77,8000 -126.59,49.80,8000 -126.64,49.83,8000 -126.68,49.85,8000 -126.73,49.88,8000 -126.79,49.91,8000 -126.84,49.94,8000 -126.89,49.96,8000 -126.93,49.99,8000 -126.97,50.01,8000 -127.03,50.04,8000 -127.06,50.07,8000 -127.08,50.10,8000 -127.09,50.13,8000 -127.08,50.17,8000 -127.07,50.21,8000 -127.06,50.25,8000 -126.82,50.32,8000 
          </coordinates>
        </LinearRing>
      </innerBoundaryIs>
  </Polygon>
 </MultiGeometry>
</Placemark>
<Placemark>
  <name>60%</name>
  <visibility>1</visibility>
  <styleUrl>#poly_60</styleUrl>
  <MultiGeometry>
    <Polygon>
      <outerBoundaryIs>
        <LinearRing>
          <coordinates>
-79.68,39.15,7000 -79.68,39.14,7000 -79.67,39.11,7000 -79.66,39.08,7000 -79.65,39.04,7000 -79.64,39.00,7000 -79.64,38.96,7000 -79.64,38.92,7000 -79.65,38.87,7000 -79.67,38.83,7000 -79.68,38.79,7000 -79.69,38.75,7000 -79.71,38.71,7000 -79.72,38.67,7000 -79.74,38.64,7000 -79.75,38.61,7000 -79.76,38.60,7000 -79.78,38.58,7000 -79.81,38.55,7000 -79.84,38.51,7000 -79.87,38.48,7000 -79.90,38.45,7000 -79.93,38.42,7000 -79.97,38.39,7000 -80.00,38.36,7000 -80.03,38.34,7000 -80.07,38.31,7000 -80.12,38.29,7000 -80.15,38.27,7000 -80.19,38.25,7000 -80.23,38.22,7000 -80.27,38.20,7000 -80.32,38.18,7000 -80.37,38.16,7000 -80.41,38.14,7000 -80.45,38.12,7000 -80.48,38.10,7000 -80.52,38.07,7000 -80.56,38.05,7000 -80.61,38.02,7000 -80.66,38.00,7000 -80.70,37.98,7000 -80.73,37.96,7000 -80.76,37.95,7000 -80.81,37.95,7000 -80.87,37.96,7000 -80.93,37.98,7000 -80.96,38.00,7000 -80.96,38.03,7000 -80.95,38.06,7000 -80.93,38.10,7000 -80.90,38.14,7000 -80.88,38.18,7000 -80.86,38.22,7000 -80.84,38.25,7000 -80.82,38.29,7000 -80.80,38.32,7000 -80.78,38.35,7000 -80.75,38.39,7000 -80.72,38.43,7000 -80.69,38.46,7000 -80.67,38.48,7000 -80.65,38.51,7000 -80.62,38.54,7000 -80.59,38.58,7000 -80.55,38.62,7000 -80.51,38.65,7000 -80.48,38.68,7000 -80.45,38.70,7000 -80.43,38.72,7000 -80.40,38.75,7000 -80.35,38.78,7000 -80.31,38.81,7000 -80.27,38.84,7000 -80.23,38.87,7000 -80.18,38.89,7000 -80.14,38.91,7000 -80.10,38.93,7000 -80.05,38.95,7000 -80.00,38.97,7000 -79.97,38.99,7000 -79.93,39.01,7000 -79.90,39.02,7000 -79.87,39.04,7000 -79.83,39.06,7000 -79.78,39.09,7000 -79.74,39.11,7000 -79.69,39.14,7000 -79.68,39.15,7000 
          </coordinates>
        </LinearRing>
      </outerBoundaryIs>
      <innerBoundaryIs>
        <LinearRing>
          <coordinates>
-80.20,38.71,8000 -80.18,38.72,8000 -80.15,38.73,8000 -80.13,38.74,8000 -80.11,38.75,8000 -80.08,38.76,8000 -80.06,38.77,8000 -80.04,38.77,8000 -80.02,38.78,8000 -80.00,38.78,8000 -79.99,38.78,8000 -79.97,38.78,8000 -79.96,38.78,8000 -79.95,38.77,8000 -79.93,38.76,8000 -79.92,38.75,8000 -79.92,38.73,8000 -79.91,38.71,8000 -79.91,38.69,8000 -79.91,38.67,8000 -79.91,38.65,8000 -79.91,38.63,8000 -79.91,38.62,8000 -79.92,38.60,8000 -79.92,38.58,8000 -79.93,38.57,8000 -79.94,38.55,8000 -79.95,38.54,8000 -79.96,38.52,8000 -79.97,38.50,8000 -79.98,38.49,8000 -79.99,38.47,8000 -80.01,38.46,8000 -80.02,38.45,8000 -80.04,38.44,8000 -80.06,38.42,8000 -80.07,38.41,8000 -80.09,38.40,8000 -80.11,38.38,8000 -80.13,38.37,8000 -80.15,38.36,8000 -80.17,38.35,8000 -80.19,38.34,8000 -80.21,38.33,8000 -80.23,38.32,8000 -80.24,38.32,8000 -80.26,38.32,8000 -80.28,38.32,8000 -80.29,38.33,8000 -80.31,38.34,8000 -80.33,38.35,8000 -80.35,38.36,8000 -80.36,38.38,8000 -80.38,38.39,8000 -80.39,38.41,8000 -80.40,38.43,8000 -80.41,38.44,8000 -80.42,38.46,8000 -80.43,38.48,8000 -80.43,38.49,8000 -80.43,38.50,8000 -80.43,38.52,8000 -80.42,38.53,8000 -80.41,38.54,8000 -80.40,38.56,8000 -80.39,38.57,8000 -80.37,38.58,8000 -80.36,38.59,8000 -80.34,38.61,8000 -80.33,38.62,8000 -80.31,38.63,8000 -80.29,38.65,8000 -80.27,38.66,8000 -80.20,38.71,8000 
          </coordinates>
        </LinearRing>
      </innerBoundaryIs>
  </Polygon>
 </MultiGeometry>
</Placemark>
<Placemark>
  <name>70%</name>
  <visibility>1</visibility>
  <styleUrl>#poly_70</styleUrl>
  <MultiGeometry>
    <Polygon>
      <outerBoundaryIs>
        <LinearRing>
          <coordinates>
-120.53,51.17,8000 -120.39,51.19,8000 -120.25,51.20,8000 -120.11,51.22,8000 -119.97,51.24,8000 -119.84,51.25,8000 -119.70,51.27,8000 -119.56,51.29,8000 -119.42,51.30,8000 -119.28,51.32,8000 -119.14,51.33,8000 -119.00,51.35,8000 -118.86,51.37,8000 -118.71,51.38,8000 -118.56,51.40,8000 -118.41,51.42,8000 -118.26,51.43,8000 -118.11,51.45,8000 -117.97,51.47,8000 -117.83,51.48,8000 -117.70,51.50,8000 -117.57,51.51,8000 -117.46,51.52,8000 -117.28,51.54,8000 -117.11,51.55,8000 -116.97,51.56,8000 -116.85,51.57,8000 -116.74,51.58,8000 -116.65,51.59,8000 -116.50,51.61,8000 -116.41,51.61,8000 -116.31,51.58,8000 -116.21,51.54,8000 -116.14,51.50,8000 -116.12,51.45,8000 -116.19,51.41,8000 -116.29,51.35,8000 -116.40,51.31,8000 -116.52,51.30,8000 -116.64,51.30,8000 -116.75,51.30,8000 -116.87,51.28,8000 -116.93,51.23,8000 -116.93,51.15,8000 -116.90,51.05,8000 -116.86,50.97,8000 -116.82,50.93,8000 -116.75,50.87,8000 -116.70,50.82,8000 -116.65,50.75,8000 -116.58,50.68,8000 -116.52,50.60,8000 -116.46,50.52,8000 -116.41,50.45,8000 -116.36,50.36,8000 -116.33,50.27,8000 -116.31,50.19,8000 -116.29,50.11,8000 -116.26,50.03,8000 -116.24,49.95,8000 -116.22,49.86,8000 -116.23,49.78,8000 -116.25,49.71,8000 -116.29,49.63,8000 -116.33,49.55,8000 -116.39,49.48,8000 -116.45,49.42,8000 -116.53,49.35,8000 -116.62,49.29,8000 -116.73,49.24,8000 -116.87,49.23,8000 -116.97,49.25,8000 -117.09,49.28,8000 -117.21,49.32,8000 -117.34,49.37,8000 -117.48,49.42,8000 -117.60,49.46,8000 -117.71,49.50,8000 -117.85,49.54,8000 -117.97,49.56,8000 -118.08,49.59,8000 -118.19,49.61,8000 -118.30,49.63,8000 -118.44,49.65,8000 -118.57,49.66,8000 -118.69,49.67,8000 -118.79,49.70,8000 -118.87,49.75,8000 -118.94,49.81,8000 -118.99,49.88,8000 -119.02,49.94,8000 -119.02,50.02,8000 -118.98,50.10,8000 -118.95,50.19,8000 -118.93,50.27,8000 -118.92,50.35,8000 -118.91,50.44,8000 -118.91,50.52,8000 -118.93,50.61,8000 -118.97,50.70,8000 -119.01,50.77,8000 -119.08,50.85,8000 -119.16,50.90,8000 -119.25,50.95,8000 -119.36,50.98,8000 -119.44,50.98,8000 -119.53,50.96,8000 -119.67,50.95,8000 -119.78,50.95,8000 -119.93,50.95,8000 -120.09,50.95,8000 -120.24,50.96,8000 -120.38,50.96,8000 -120.48,50.97,8000 -120.60,51.02,8000 -120.59,51.08,8000 -120.53,51.17,8000 
          </coordinates>
        </LinearRing>
      </outerBoundaryIs>
      <innerBoundaryIs>
        <LinearRing>
          <coordinates>
-120.24,51.11,9000 -120.13,51.13,9000 -120.01,51.15,9000 -119.90,51.17,9000 -119.78,51.18,9000 -119.67,51.20,9000 -119.56,51.22,9000 -119.44,51.24,9000 -119.33,51.25,9000 -119.21,51.27,9000 -119.10,51.28,9000 -118.98,51.30,9000 -118.86,51.31,9000 -118.75,51.33,9000 -118.63,51.34,9000 -118.52,51.36,9000 -118.40,51.37,9000 -118.28,51.38,9000 -118.17,51.40,9000 -118.05,51.41,9000 -117.93,51.42,9000 -117.82,51.43,9000 -117.70,51.44,9000 -117.58,51.45,9000 -117.45,51.46,9000 -117.32,51.47,9000 -117.18,51.48,9000 -117.05,51.49,9000 -116.92,51.50,9000 -116.79,51.51,9000 -116.68,51.51,9000 -116.57,51.52,9000 -116.48,51.52,9000 -116.41,51.52,9000 -116.26,51.48,9000 -116.30,51.43,9000 -116.35,51.41,9000 -116.44,51.39,9000 -116.54,51.38,9000 -116.64,51.37,9000 -116.74,51.37,9000 -116.83,51.35,9000 -116.92,51.31,9000 -116.99,51.27,9000 -117.04,51.21,9000 -117.05,51.14,9000 -117.03,51.07,9000 -116.99,51.00,9000 -116.94,50.94,9000 -116.87,50.88,9000 -116.80,50.82,9000 -116.75,50.77,9000 -116.71,50.73,9000 -116.66,50.67,9000 -116.62,50.60,9000 -116.59,50.54,9000 -116.57,50.46,9000 -116.55,50.38,9000 -116.52,50.30,9000 -116.51,50.23,9000 -116.49,50.17,9000 -116.47,50.09,9000 -116.45,50.04,9000 -116.45,49.99,9000 -116.45,49.92,9000 -116.46,49.86,9000 -116.50,49.81,9000 -116.60,49.80,9000 -116.73,49.82,9000 -116.85,49.82,9000 -116.95,49.79,9000 -117.04,49.76,9000 -117.16,49.73,9000 -117.25,49.72,9000 -117.36,49.71,9000 -117.48,49.70,9000 -117.60,49.70,9000 -117.69,49.70,9000 -117.76,49.71,9000 -117.80,49.77,9000 -117.76,49.85,9000 -117.73,49.93,9000 -117.71,50.00,9000 -117.69,50.06,9000 -117.69,50.12,9000 -117.71,50.19,9000 -117.75,50.26,9000 -117.80,50.31,9000 -117.90,50.35,9000 -118.00,50.36,9000 -118.07,50.33,9000 -118.14,50.25,9000 -118.18,50.20,9000 -118.22,50.13,9000 -118.26,50.06,9000 -118.31,50.00,9000 -118.34,49.95,9000 -118.38,49.89,9000 -118.44,49.87,9000 -118.53,49.85,9000 -118.63,49.83,9000 -118.72,49.84,9000 -118.79,49.88,9000 -118.84,49.93,9000 -118.86,49.99,9000 -118.81,50.04,9000 -118.73,50.10,9000 -118.66,50.15,9000 -118.62,50.21,9000 -118.61,50.27,9000 -118.63,50.33,9000 -118.67,50.41,9000 -118.71,50.48,9000 -118.74,50.55,9000 -118.77,50.62,9000 -118.81,50.69,9000 -118.85,50.76,9000 -118.89,50.84,9000 -118.94,50.90,9000 -119.00,50.95,9000 -119.06,50.98,9000 -119.13,51.01,9000 -119.21,51.03,9000 -119.29,51.04,9000 -119.38,51.05,9000 -119.47,51.04,9000 -119.56,51.03,9000 -119.69,51.02,9000 -119.78,51.02,9000 -119.88,51.01,9000 -119.99,51.01,9000 -120.11,51.01,9000 -120.23,51.00,9000 -120.36,51.00,9000 -120.24,51.11,9000 
          </coordinates>
        </LinearRing>
      </innerBoundaryIs>
  </Polygon>
 </MultiGeometry>
</Placemark>
<Placemark>
  <name>70%</name>
  <visibility>1</visibility>
  <styleUrl>#poly_70</styleUrl>
  <MultiGeometry>
    <Polygon>
      <outerBoundaryIs>
        <LinearRing>
          <coordinates>
-78.65,42.80,8000 -78.58,42.81,8000 -78.52,42.83,8000 -78.45,42.84,8000 -78.39,42.84,8000 -78.33,42.84,8000 -78.27,42.84,8000 -78.22,42.84,8000 -78.17,42.81,8000 -78.14,42.78,8000 -78.10,42.74,8000 -78.07,42.69,8000 -78.05,42.64,8000 -78.03,42.58,8000 -78.02,42.53,8000 -78.02,42.48,8000 -78.03,42.43,8000 -78.05,42.38,8000 -78.07,42.33,8000 -78.09,42.28,8000 -78.11,42.23,8000 -78.14,42.19,8000 -78.18,42.15,8000 -78.23,42.11,8000 -78.28,42.08,8000 -78.33,42.06,8000 -78.38,42.03,8000 -78.43,42.00,8000 -78.48,41.96,8000 -78.53,41.93,8000 -78.59,41.90,8000 -78.65,41.88,8000 -78.71,41.87,8000 -78.78,41.86,8000 -78.85,41.86,8000 -78.92,41.86,8000 -78.98,41.86,8000 -79.04,41.86,8000 -79.11,41.86,8000 -79.17,41.87,8000 -79.22,41.88,8000 -79.28,41.88,8000 -79.34,41.87,8000 -79.39,41.86,8000 -79.45,41.84,8000 -79.51,41.83,8000 -79.57,41.81,8000 -79.62,41.80,8000 -79.68,41.78,8000 -79.76,41.77,8000 -79.82,41.77,8000 -79.89,41.77,8000 -79.96,41.77,8000 -80.04,41.77,8000 -80.11,41.78,8000 -80.17,41.78,8000 -80.22,41.79,8000 -80.29,41.81,8000 -80.31,41.83,8000 -80.32,41.86,8000 -80.32,41.89,8000 -80.31,41.93,8000 -80.29,41.98,8000 -80.26,42.02,8000 -80.23,42.05,8000 -80.20,42.08,8000 -80.16,42.12,8000 -80.12,42.15,8000 -80.08,42.18,8000 -80.04,42.21,8000 -79.99,42.24,8000 -79.94,42.28,8000 -79.88,42.31,8000 -79.83,42.34,8000 -79.78,42.36,8000 -79.73,42.39,8000 -79.68,42.41,8000 -79.62,42.43,8000 -79.57,42.46,8000 -79.52,42.48,8000 -79.47,42.51,8000 -79.42,42.54,8000 -79.37,42.58,8000 -79.32,42.61,8000 -79.26,42.64,8000 -79.21,42.66,8000 -79.15,42.68,8000 -79.09,42.70,8000 -79.02,42.72,8000 -78.96,42.74,8000 -78.89,42.76,8000 -78.65,42.80,8000 
          </coordinates>
        </LinearRing>
      </outerBoundaryIs>
  </Polygon>
 </MultiGeometry>
</Placemark>
<Placemark>
  <name>70%</name>
  <visibility>1</visibility>
  <styleUrl>#poly_70</styleUrl>
  <MultiGeometry>
    <Polygon>
      <outerBoundaryIs>
        <LinearRing>
          <coordinates>
-68.31,50.70,8000 -67.74,50.63,8000 -67.36,50.49,8000 -66.37,50.10,8000 -66.10,49.83,8000 -65.76,49.54,8000 -65.61,49.30,8000 -65.58,49.07,8000 -65.47,48.95,8000 -64.40,48.62,8000 -63.90,48.45,8000 -63.57,48.34,8000 -63.42,48.25,8000 -63.02,47.99,8000 -62.61,47.82,8000 -62.28,47.63,8000 -62.21,47.44,8000 -62.26,47.21,8000 -62.57,46.57,8000 -62.80,46.24,8000 -63.00,46.20,8000 -63.25,46.25,8000 -63.84,46.46,8000 -64.41,46.39,8000 -64.65,46.34,8000 -64.96,46.35,8000 -65.40,46.32,8000 -65.83,46.19,8000 -66.21,46.05,8000 -66.72,45.93,8000 -67.14,45.86,8000 -67.41,45.96,8000 -67.35,46.16,8000 -67.37,46.43,8000 -67.24,46.64,8000 -67.02,46.79,8000 -66.91,46.99,8000 -66.82,47.42,8000 -66.97,47.64,8000 -67.50,47.54,8000 -67.74,47.39,8000 -67.87,47.41,8000 -68.17,47.64,8000 -68.35,47.76,8000 -68.66,47.78,8000 -68.71,47.54,8000 -68.63,47.33,8000 -68.47,47.24,8000 -68.16,47.07,8000 -67.83,46.83,8000 -67.64,46.71,8000 -67.67,46.53,8000 -67.80,46.13,8000 -67.91,46.03,8000 -68.22,45.95,8000 -68.73,45.81,8000 -68.97,45.93,8000 -68.88,46.27,8000 -68.99,46.57,8000 -69.14,46.90,8000 -69.12,47.10,8000 -69.20,47.16,8000 -69.43,47.06,8000 -69.71,46.79,8000 -70.00,46.61,8000 -70.36,46.53,8000 -70.73,46.53,8000 -71.06,46.46,8000 -71.37,46.57,8000 -71.73,46.55,8000 -72.60,46.44,8000 -73.05,46.28,8000 -73.38,46.07,8000 -73.62,45.85,8000 -73.97,45.67,8000 -74.25,45.63,8000 -74.55,45.67,8000 -74.84,45.73,8000 -75.16,45.73,8000 -75.68,45.66,8000 -76.14,45.50,8000 -76.35,45.30,8000 -76.45,44.82,8000 -76.34,44.49,8000 -76.16,44.33,8000 -75.75,44.36,8000 -75.16,44.68,8000 -74.37,44.94,8000 -74.04,45.05,8000 -73.87,45.02,8000 -73.84,44.92,8000 -73.98,44.44,8000 -74.05,44.03,8000 -74.36,43.68,8000 -74.49,43.43,8000 -74.80,43.10,8000 -75.04,42.93,8000 -75.43,42.77,8000 -75.80,42.63,8000 -76.09,42.56,8000 -76.31,42.66,8000 -76.38,42.98,8000 -76.54,43.21,8000 -76.56,43.41,8000 -76.45,43.60,8000 -76.44,43.80,8000 -76.58,43.91,8000 -77.01,43.81,8000 -77.41,43.85,8000 -78.37,44.07,8000 -78.77,44.18,8000 -79.25,44.37,8000 -79.46,44.38,8000 -79.72,44.36,8000 -79.93,44.27,8000 -80.02,44.03,8000 -80.00,43.80,8000 -80.14,43.53,8000 -80.25,43.42,8000 -80.66,43.13,8000 -80.99,43.12,8000 -81.39,43.33,8000 -81.61,43.65,8000 -81.81,43.90,8000 -81.92,44.01,8000 -81.95,44.20,8000 -82.02,44.32,8000 -82.36,44.39,8000 -82.96,44.45,8000 -83.78,44.05,8000 -84.56,43.63,8000 -84.95,43.54,8000 -85.30,43.41,8000 -85.59,43.24,8000 -85.77,43.02,8000 -85.73,42.79,8000 -85.56,42.52,8000 -85.43,42.15,8000 -85.43,41.94,8000 -85.52,41.74,8000 -85.79,41.53,8000 -86.23,41.44,8000 -86.89,41.50,8000 -87.10,41.56,8000 -87.28,41.72,8000 -87.42,41.80,8000 -87.68,41.83,8000 -87.99,41.62,8000 -88.22,41.43,8000 -88.42,41.10,8000 -88.96,40.69,8000 -89.25,40.64,8000 -89.58,40.69,8000 -89.92,40.67,8000 -90.11,40.58,8000 -90.56,40.40,8000 -90.83,40.36,8000 -91.15,40.40,8000 -91.54,40.48,8000 -92.19,40.66,8000 -92.49,40.83,8000 -92.86,41.09,8000 -93.00,41.40,8000 -93.23,41.62,8000 -93.69,42.17,8000 -94.04,42.44,8000 -94.40,42.65,8000 -94.85,42.98,8000 -95.50,43.29,8000 -95.85,43.50,8000 -96.20,43.65,8000 -96.67,43.79,8000 -97.04,43.84,8000 -97.62,43.87,8000 -97.98,43.67,8000 -98.30,43.54,8000 -98.67,43.62,8000 -99.06,43.61,8000 -99.22,43.17,8000 -99.53,43.11,8000 -99.84,43.11,8000 -100.46,43.14,8000 -101.58,43.19,8000 -102.02,43.30,8000 -102.01,43.54,8000 -101.87,43.69,8000 -101.90,43.87,8000 -102.12,43.89,8000 -102.80,43.96,8000 -103.23,44.04,8000 -103.84,44.06,8000 -104.27,44.15,8000 -104.64,44.34,8000 -104.93,44.60,8000 -104.98,45.13,8000 -104.92,45.42,8000 -104.88,45.63,8000 -105.01,45.79,8000 -106.00,45.90,8000 -106.30,45.96,8000 -106.79,45.99,8000 -107.00,46.00,8000 -107.12,46.09,8000 -107.26,46.40,8000 -107.57,46.49,8000 -108.21,46.58,8000 -108.56,46.66,8000 -109.19,46.68,8000 -110.23,46.72,8000 -111.28,46.73,8000 -111.95,46.63,8000 -111.96,46.33,8000 -112.43,46.18,8000 -112.70,46.20,8000 -112.88,46.07,8000 -113.00,45.75,8000 -113.02,45.54,8000 -113.20,45.47,8000 -113.75,45.62,8000 -114.05,45.63,8000 -114.37,45.42,8000 -114.58,45.31,8000 -114.79,45.37,8000 -115.40,45.47,8000 -115.78,45.52,8000 -115.75,45.77,8000 -115.56,46.04,8000 -115.52,46.28,8000 -115.58,46.49,8000 -115.58,46.69,8000 -115.71,46.89,8000 -115.86,46.98,8000 -115.97,47.17,8000 -115.86,47.50,8000 -115.88,47.75,8000 -115.98,48.03,8000 -115.91,48.35,8000 -115.50,48.53,8000 -115.27,48.52,8000 -114.89,48.42,8000 -114.33,48.13,8000 -114.09,48.26,8000 -113.88,48.51,8000 -113.83,48.67,8000 -113.88,48.89,8000 -114.07,49.14,8000 -114.18,49.34,8000 -113.95,49.42,8000 -113.49,49.60,8000 -113.17,49.80,8000 -112.80,49.96,8000 -112.33,50.02,8000 -111.88,49.88,8000 -111.31,49.46,8000 -110.49,49.09,8000 -110.08,48.93,8000 -109.64,48.83,8000 -109.10,48.75,8000 -108.40,48.74,8000 -107.87,48.66,8000 -107.39,48.52,8000 -106.92,48.38,8000 -106.35,48.25,8000 -105.78,48.27,8000 -105.21,48.26,8000 -104.20,48.19,8000 -102.92,48.10,8000 -102.02,47.91,8000 -101.56,47.98,8000 -101.13,47.98,8000 -100.18,47.69,8000 -98.76,47.34,8000 -98.48,47.28,8000 -98.19,47.28,8000 -97.64,47.34,8000 -97.11,47.25,8000 -96.73,47.09,8000 -96.40,46.97,8000 -96.10,46.93,8000 -95.77,46.97,8000 -95.33,47.10,8000 -94.93,47.10,8000 -94.56,47.07,8000 -93.77,47.08,8000 -92.48,47.21,8000 -91.51,47.47,8000 -90.83,47.42,8000 -90.28,47.52,8000 -89.55,47.94,8000 -89.13,48.12,8000 -88.75,48.31,8000 -88.21,48.66,8000 -87.92,48.82,8000 -87.73,49.14,8000 -87.63,49.40,8000 -87.38,49.67,8000 -86.81,50.23,8000 -86.52,50.38,8000 -85.97,50.40,8000 -85.36,50.33,8000 -84.98,50.17,8000 -84.70,49.98,8000 -84.28,49.84,8000 -83.88,49.69,8000 -83.56,49.46,8000 -82.83,49.21,8000 -82.46,48.93,8000 -81.94,48.73,8000 -80.86,48.47,8000 -79.73,48.19,8000 -78.72,47.93,8000 -78.37,47.83,8000 -77.78,47.74,8000 -77.27,47.80,8000 -76.74,47.79,8000 -76.14,47.91,8000 -75.63,48.04,8000 -74.86,48.24,8000 -74.37,48.38,8000 -74.07,48.53,8000 -73.61,48.75,8000 -73.21,48.85,8000 -72.80,49.01,8000 -72.46,49.31,8000 -72.23,49.48,8000 -71.88,49.62,8000 -71.64,49.77,8000 -71.38,50.08,8000 -71.13,50.30,8000 -70.76,50.46,8000 -69.90,50.62,8000 -69.51,50.70,8000 -68.90,50.71,8000 -68.31,50.70,8000 
          </coordinates>
        </LinearRing>
      </outerBoundaryIs>
      <innerBoundaryIs>
        <LinearRing>
          <coordinates>
-65.66,48.44,8000 -65.64,48.42,8000 -65.62,48.40,8000 -65.59,48.39,8000 -65.57,48.37,8000 -65.55,48.35,8000 -65.53,48.34,8000 -65.51,48.32,8000 -65.50,48.31,8000 -65.48,48.30,8000 -65.47,48.29,8000 -65.46,48.28,8000 -65.45,48.27,8000 -65.45,48.26,8000 -65.44,48.24,8000 -65.43,48.23,8000 -65.42,48.21,8000 -65.41,48.19,8000 -65.40,48.17,8000 -65.39,48.15,8000 -65.39,48.13,8000 -65.39,48.11,8000 -65.39,48.09,8000 -65.40,48.07,8000 -65.41,48.06,8000 -65.42,48.04,8000 -65.44,48.02,8000 -65.46,48.00,8000 -65.48,47.99,8000 -65.50,47.97,8000 -65.51,47.96,8000 -65.53,47.95,8000 -65.54,47.94,8000 -65.55,47.92,8000 -65.57,47.93,8000 -65.59,47.93,8000 -65.62,47.94,8000 -65.65,47.94,8000 -65.68,47.95,8000 -65.71,47.95,8000 -65.75,47.96,8000 -65.78,47.96,8000 -65.80,47.97,8000 -65.82,47.97,8000 -65.84,47.98,8000 -65.85,47.99,8000 -65.85,48.00,8000 -65.86,48.02,8000 -65.87,48.04,8000 -65.88,48.06,8000 -65.89,48.08,8000 -65.90,48.10,8000 -65.91,48.12,8000 -65.91,48.13,8000 -65.92,48.15,8000 -65.92,48.17,8000 -65.92,48.19,8000 -65.92,48.21,8000 -65.91,48.23,8000 -65.90,48.24,8000 -65.89,48.26,8000 -65.88,48.28,8000 -65.87,48.30,8000 -65.86,48.31,8000 -65.85,48.33,8000 -65.66,48.44,8000 
          </coordinates>
        </LinearRing>
      </innerBoundaryIs>
      <innerBoundaryIs>
        <LinearRing>
          <coordinates>
-114.03,46.73,8000 -114.01,46.71,8000 -113.98,46.69,8000 -113.96,46.66,8000 -113.95,46.64,8000 -113.94,46.61,8000 -113.93,46.59,8000 -113.92,46.56,8000 -113.92,46.53,8000 -113.91,46.50,8000 -113.90,46.47,8000 -113.90,46.44,8000 -113.90,46.42,8000 -113.89,46.39,8000 -113.89,46.36,8000 -113.89,46.33,8000 -113.89,46.30,8000 -113.89,46.27,8000 -113.89,46.24,8000 -113.90,46.21,8000 -113.90,46.18,8000 -113.91,46.15,8000 -113.92,46.12,8000 -113.94,46.09,8000 -113.96,46.06,8000 -113.97,46.02,8000 -113.99,46.00,8000 -114.01,45.97,8000 -114.03,45.93,8000 -114.06,45.90,8000 -114.08,45.88,8000 -114.10,45.87,8000 -114.12,45.88,8000 -114.14,45.90,8000 -114.16,45.93,8000 -114.18,45.96,8000 -114.19,45.98,8000 -114.21,46.01,8000 -114.22,46.03,8000 -114.23,46.06,8000 -114.24,46.09,8000 -114.25,46.12,8000 -114.25,46.15,8000 -114.26,46.18,8000 -114.26,46.21,8000 -114.26,46.24,8000 -114.25,46.27,8000 -114.25,46.29,8000 -114.24,46.33,8000 -114.22,46.35,8000 -114.20,46.38,8000 -114.18,46.40,8000 -114.15,46.42,8000 -114.12,46.43,8000 -114.10,46.46,8000 -114.08,46.48,8000 -114.07,46.50,8000 -114.06,46.53,8000 -114.06,46.56,8000 -114.06,46.59,8000 -114.06,46.62,8000 -114.06,46.65,8000 -114.03,46.73,8000 
          </coordinates>
        </LinearRing>
      </innerBoundaryIs>
      <innerBoundaryIs>
        <LinearRing>
          <coordinates>
-69.37,50.65,9000 -68.12,50.63,9000 -67.80,50.57,9000 -67.47,50.45,9000 -66.97,50.26,9000 -66.49,50.07,9000 -66.20,49.79,9000 -65.88,49.53,9000 -65.72,49.22,9000 -65.63,48.94,9000 -65.41,48.82,9000 -65.11,48.76,9000 -64.66,48.64,9000 -63.98,48.40,9000 -63.64,48.26,9000 -63.31,48.04,9000 -62.42,47.64,9000 -62.32,47.48,9000 -62.42,47.08,9000 -62.63,46.69,9000 -62.74,46.52,9000 -62.98,46.61,9000 -63.38,46.75,9000 -63.69,46.78,9000 -64.78,46.62,9000 -65.56,46.43,9000 -66.18,46.16,9000 -66.66,46.06,9000 -66.98,46.06,9000 -67.14,46.24,9000 -67.14,46.42,9000 -67.01,46.59,9000 -66.85,46.81,9000 -66.68,47.22,9000 -66.64,47.70,9000 -66.81,48.03,9000 -66.82,48.13,9000 -66.67,48.22,9000 -66.50,48.40,9000 -66.33,48.44,9000 -65.93,47.91,9000 -65.62,47.81,9000 -65.33,47.88,9000 -65.20,47.98,9000 -65.21,48.18,9000 -65.36,48.50,9000 -65.52,48.64,9000 -65.76,48.71,9000 -66.00,48.75,9000 -66.21,48.88,9000 -66.40,49.10,9000 -66.66,49.18,9000 -66.95,49.16,9000 -67.28,48.92,9000 -67.45,48.72,9000 -67.44,48.50,9000 -67.29,48.18,9000 -67.21,48.06,9000 -67.25,47.89,9000 -67.90,47.73,9000 -68.18,47.90,9000 -68.52,48.02,9000 -68.91,47.92,9000 -69.21,47.63,9000 -69.53,47.39,9000 -69.78,47.50,9000 -70.08,47.40,9000 -69.97,47.16,9000 -70.18,46.84,9000 -70.46,46.90,9000 -70.68,46.97,9000 -70.85,46.94,9000 -71.26,46.83,9000 -71.78,46.73,9000 -72.40,46.64,9000 -72.88,46.53,9000 -73.26,46.37,9000 -73.94,45.95,9000 -74.15,45.87,9000 -74.49,45.88,9000 -74.76,45.96,9000 -75.08,45.96,9000 -75.63,45.88,9000 -76.08,45.77,9000 -76.49,45.67,9000 -76.82,45.48,9000 -76.87,45.05,9000 -76.91,44.83,9000 -77.02,44.57,9000 -77.14,44.47,9000 -77.44,44.46,9000 -77.77,44.49,9000 -78.08,44.57,9000 -78.38,44.66,9000 -78.91,44.70,9000 -79.32,44.69,9000 -79.84,44.71,9000 -80.12,44.55,9000 -80.33,44.29,9000 -80.93,43.83,9000 -81.15,43.64,9000 -81.45,43.82,9000 -81.60,44.07,9000 -81.52,44.26,9000 -81.50,44.39,9000 -81.66,44.49,9000 -81.93,44.57,9000 -82.22,44.59,9000 -82.93,44.64,9000 -83.40,44.48,9000 -83.85,44.23,9000 -84.50,43.83,9000 -84.97,43.67,9000 -85.38,43.50,9000 -85.73,43.30,9000 -85.87,43.16,9000 -85.96,42.92,9000 -85.57,42.19,9000 -85.64,41.89,9000 -85.86,41.66,9000 -86.16,41.57,9000 -86.44,41.55,9000 -86.69,41.60,9000 -86.91,41.71,9000 -87.01,41.99,9000 -87.21,42.28,9000 -87.33,42.35,9000 -87.45,42.41,9000 -87.58,42.34,9000 -87.85,42.12,9000 -88.52,41.67,9000 -88.87,41.42,9000 -89.17,41.29,9000 -89.67,41.17,9000 -89.95,41.03,9000 -90.26,40.85,9000 -90.64,40.76,9000 -91.47,40.86,9000 -91.76,41.01,9000 -91.97,41.27,9000 -92.39,41.86,9000 -92.77,42.02,9000 -93.11,42.27,9000 -93.40,42.47,9000 -93.84,42.72,9000 -94.56,43.13,9000 -95.00,43.26,9000 -95.47,43.44,9000 -96.36,43.82,9000 -96.77,43.95,9000 -97.19,44.00,9000 -97.71,44.03,9000 -98.05,43.89,9000 -98.37,43.78,9000 -98.80,43.85,9000 -99.11,43.90,9000 -99.37,43.80,9000 -99.46,43.40,9000 -99.65,43.27,9000 -99.94,43.25,9000 -100.55,43.33,9000 -100.92,43.49,9000 -101.42,43.37,9000 -101.51,43.48,9000 -101.32,43.71,9000 -101.27,43.88,9000 -101.33,44.03,9000 -101.65,44.11,9000 -102.17,44.16,9000 -102.29,44.37,9000 -102.53,44.46,9000 -102.70,44.48,9000 -102.83,44.39,9000 -102.92,44.17,9000 -103.92,44.13,9000 -104.38,44.28,9000 -104.71,44.55,9000 -104.71,44.78,9000 -104.62,44.87,9000 -104.44,44.97,9000 -104.18,45.02,9000 -103.94,44.99,9000 -104.17,45.21,9000 -104.68,45.77,9000 -105.03,46.06,9000 -105.47,46.16,9000 -105.83,46.21,9000 -106.17,46.19,9000 -106.38,46.22,9000 -106.41,46.38,9000 -106.62,46.57,9000 -107.07,46.71,9000 -107.47,46.85,9000 -107.63,46.90,9000 -107.88,46.87,9000 -108.15,46.76,9000 -108.59,46.77,9000 -109.08,46.77,9000 -109.41,46.77,9000 -109.66,46.83,9000 -110.02,46.94,9000 -110.33,46.81,9000 -110.69,46.79,9000 -111.22,46.86,9000 -112.06,46.84,9000 -112.14,46.73,9000 -112.08,46.48,9000 -112.19,46.31,9000 -112.42,46.28,9000 -112.78,46.33,9000 -113.08,46.06,9000 -113.24,45.83,9000 -113.46,45.76,9000 -113.71,45.82,9000 -113.77,46.04,9000 -113.73,46.27,9000 -113.69,46.63,9000 -113.80,46.86,9000 -114.30,47.02,9000 -114.61,47.01,9000 -114.61,46.90,9000 -114.43,46.76,9000 -114.29,46.53,9000 -114.37,45.65,9000 -114.49,45.52,9000 -114.77,45.52,9000 -115.17,45.61,9000 -115.54,45.71,9000 -115.54,45.87,9000 -115.43,46.11,9000 -115.44,46.34,9000 -115.43,46.64,9000 -115.44,46.80,9000 -115.55,46.95,9000 -115.74,47.12,9000 -115.64,47.41,9000 -115.41,47.48,9000 -115.40,47.60,9000 -115.57,47.78,9000 -115.71,47.98,9000 -115.73,48.18,9000 -115.53,48.27,9000 -115.22,48.29,9000 -114.89,48.26,9000 -114.77,48.20,9000 -114.51,48.00,9000 -114.53,47.80,9000 -114.56,47.60,9000 -114.45,47.45,9000 -114.19,47.50,9000 -113.95,48.18,9000 -113.66,48.72,9000 -113.81,49.25,9000 -112.90,49.64,9000 -112.33,49.82,9000 -112.04,49.76,9000 -111.89,49.57,9000 -111.82,49.37,9000 -111.59,49.32,9000 -111.08,49.20,9000 -110.33,48.85,9000 -109.95,48.65,9000 -109.22,48.62,9000 -108.25,48.56,9000 -107.78,48.49,9000 -107.31,48.36,9000 -106.45,48.10,9000 -105.61,48.10,9000 -105.07,48.10,9000 -104.45,48.07,9000 -103.35,47.99,9000 -102.14,47.82,9000 -100.63,47.59,9000 -99.47,47.39,9000 -98.72,47.19,9000 -98.44,47.13,9000 -98.09,47.14,9000 -97.73,47.18,9000 -97.31,47.14,9000 -96.45,46.84,9000 -96.16,46.80,9000 -95.82,46.82,9000 -95.34,46.92,9000 -94.06,46.92,9000 -93.28,46.97,9000 -92.60,47.04,9000 -91.79,47.22,9000 -91.50,47.29,9000 -91.20,47.29,9000 -90.61,47.33,9000 -89.98,47.52,9000 -89.25,47.89,9000 -88.47,48.29,9000 -87.71,48.71,9000 -87.53,48.94,9000 -87.39,49.22,9000 -87.18,49.55,9000 -86.96,49.78,9000 -86.53,50.19,9000 -86.09,50.30,9000 -85.51,50.27,9000 -85.09,50.13,9000 -84.80,49.94,9000 -84.29,49.78,9000 -83.84,49.55,9000 -83.43,49.31,9000 -82.99,49.18,9000 -82.64,48.95,9000 -82.24,48.74,9000 -81.24,48.50,9000 -80.06,48.21,9000 -78.98,47.93,9000 -78.10,47.71,9000 -77.55,47.69,9000 -76.93,47.71,9000 -76.55,47.74,9000 -76.17,47.83,9000 -74.65,48.22,9000 -74.21,48.36,9000 -73.87,48.55,9000 -73.49,48.70,9000 -72.95,48.84,9000 -72.64,49.01,9000 -72.34,49.32,9000 -71.75,49.59,9000 -71.21,50.12,9000 -70.98,50.30,9000 -70.51,50.45,9000 -69.37,50.65,9000 
          </coordinates>
        </LinearRing>
      </innerBoundaryIs>
      <innerBoundaryIs>
        <LinearRing>
          <coordinates>
-68.67,46.92,9000 -68.63,46.91,9000 -68.59,46.89,9000 -68.55,46.88,9000 -68.51,46.86,9000 -68.48,46.85,9000 -68.45,46.84,9000 -68.42,46.83,9000 -68.39,46.81,9000 -68.37,46.80,9000 -68.34,46.79,9000 -68.31,46.78,9000 -68.29,46.77,9000 -68.26,46.76,9000 -68.22,46.75,9000 -68.19,46.74,9000 -68.16,46.73,9000 -68.12,46.71,9000 -68.09,46.69,9000 -68.05,46.68,9000 -68.02,46.66,9000 -68.00,46.65,9000 -67.97,46.63,9000 -67.96,46.60,9000 -67.96,46.57,9000 -67.96,46.55,9000 -67.95,46.52,9000 -67.95,46.49,9000 -67.95,46.46,9000 -67.96,46.43,9000 -67.96,46.40,9000 -67.96,46.37,9000 -67.97,46.35,9000 -67.98,46.32,9000 -67.99,46.30,9000 -68.00,46.27,9000 -68.01,46.25,9000 -68.02,46.23,9000 -68.04,46.20,9000 -68.07,46.18,9000 -68.10,46.16,9000 -68.14,46.15,9000 -68.17,46.15,9000 -68.21,46.16,9000 -68.24,46.16,9000 -68.28,46.18,9000 -68.32,46.19,9000 -68.36,46.20,9000 -68.38,46.21,9000 -68.41,46.23,9000 -68.41,46.26,9000 -68.42,46.29,9000 -68.43,46.31,9000 -68.44,46.34,9000 -68.46,46.37,9000 -68.47,46.40,9000 -68.49,46.43,9000 -68.50,46.45,9000 -68.51,46.47,9000 -68.52,46.50,9000 -68.54,46.52,9000 -68.56,46.53,9000 -68.59,46.55,9000 -68.63,46.56,9000 -68.67,46.58,9000 -68.70,46.59,9000 -68.74,46.61,9000 -68.76,46.62,9000 -68.79,46.64,9000 -68.80,46.65,9000 -68.80,46.68,9000 -68.80,46.70,9000 -68.80,46.73,9000 -68.80,46.75,9000 -68.79,46.79,9000 -68.79,46.82,9000 -68.78,46.85,9000 -68.67,46.92,9000 
          </coordinates>
        </LinearRing>
      </innerBoundaryIs>
      <innerBoundaryIs>
        <LinearRing>
          <coordinates>
-74.15,44.85,9000 -74.13,44.80,9000 -74.11,44.75,9000 -74.09,44.69,9000 -74.09,44.64,9000 -74.10,44.58,9000 -74.12,44.52,9000 -74.15,44.46,9000 -74.17,44.40,9000 -74.18,44.35,9000 -74.19,44.29,9000 -74.20,44.23,9000 -74.22,44.18,9000 -74.23,44.13,9000 -74.26,44.08,9000 -74.29,44.04,9000 -74.34,43.98,9000 -74.37,43.93,9000 -74.40,43.88,9000 -74.44,43.82,9000 -74.47,43.75,9000 -74.51,43.69,9000 -74.54,43.63,9000 -74.57,43.58,9000 -74.61,43.51,9000 -74.63,43.45,9000 -74.66,43.40,9000 -74.69,43.36,9000 -74.73,43.32,9000 -74.78,43.29,9000 -74.85,43.26,9000 -74.91,43.23,9000 -74.99,43.20,9000 -75.07,43.17,9000 -75.16,43.14,9000 -75.24,43.12,9000 -75.32,43.10,9000 -75.40,43.09,9000 -75.48,43.08,9000 -75.56,43.07,9000 -75.63,43.07,9000 -75.72,43.08,9000 -75.81,43.10,9000 -75.89,43.13,9000 -75.96,43.15,9000 -76.04,43.17,9000 -76.10,43.20,9000 -76.15,43.23,9000 -76.19,43.26,9000 -76.24,43.29,9000 -76.27,43.34,9000 -76.28,43.41,9000 -76.27,43.46,9000 -76.26,43.52,9000 -76.24,43.59,9000 -76.22,43.66,9000 -76.20,43.73,9000 -76.17,43.80,9000 -76.15,43.86,9000 -76.13,43.91,9000 -76.10,43.99,9000 -76.07,44.04,9000 -76.02,44.08,9000 -75.97,44.11,9000 -75.90,44.12,9000 -75.83,44.14,9000 -75.75,44.17,9000 -75.68,44.20,9000 -75.61,44.24,9000 -75.53,44.27,9000 -75.45,44.32,9000 -75.37,44.36,9000 -75.30,44.40,9000 -75.23,44.44,9000 -75.16,44.49,9000 -75.09,44.53,9000 -75.02,44.57,9000 -74.94,44.61,9000 -74.87,44.64,9000 -74.80,44.66,9000 -74.72,44.69,9000 -74.65,44.71,9000 -74.57,44.73,9000 -74.49,44.75,9000 -74.41,44.77,9000 -74.15,44.85,9000 
          </coordinates>
        </LinearRing>
      </innerBoundaryIs>
  </Polygon>
 </MultiGeometry>
</Placemark>
<Placemark>
  <name>70%</name>
  <visibility>1</visibility>
  <styleUrl>#poly_70</styleUrl>
  <MultiGeometry>
    <Polygon>
      <outerBoundaryIs>
        <LinearRing>
          <coordinates>
-124.82,50.61,8000 -124.62,50.64,8000 -124.43,50.67,8000 -124.24,50.69,8000 -124.06,50.72,8000 -123.89,50.74,8000 -123.70,50.77,8000 -123.54,50.79,8000 -123.38,50.81,8000 -123.21,50.82,8000 -123.03,50.81,8000 -122.84,50.78,8000 -122.66,50.74,8000 -122.52,50.71,8000 -122.34,50.65,8000 -122.23,50.59,8000 -122.16,50.55,8000 -122.08,50.47,8000 -122.02,50.39,8000 -121.95,50.29,8000 -121.88,50.17,8000 -121.80,50.06,8000 -121.73,49.96,8000 -121.65,49.87,8000 -121.57,49.80,8000 -121.48,49.73,8000 -121.36,49.63,8000 -121.26,49.55,8000 -121.15,49.45,8000 -121.02,49.34,8000 -120.89,49.24,8000 -120.77,49.13,8000 -120.67,49.04,8000 -120.61,48.97,8000 -120.63,48.86,8000 -120.74,48.81,8000 -120.76,48.72,8000 -120.79,48.59,8000 -120.81,48.50,8000 -120.83,48.39,8000 -120.87,48.27,8000 -120.92,48.14,8000 -120.97,48.04,8000 -121.04,47.91,8000 -121.11,47.79,8000 -121.18,47.67,8000 -121.25,47.58,8000 -121.30,47.53,8000 -121.36,47.56,8000 -121.40,47.70,8000 -121.42,47.83,8000 -121.44,47.93,8000 -121.46,48.03,8000 -121.46,48.14,8000 -121.44,48.24,8000 -121.41,48.35,8000 -121.39,48.46,8000 -121.39,48.54,8000 -121.50,48.62,8000 -121.64,48.67,8000 -121.71,48.72,8000 -121.75,48.78,8000 -121.76,48.86,8000 -121.73,48.95,8000 -121.65,49.03,8000 -121.54,49.13,8000 -121.45,49.21,8000 -121.38,49.30,8000 -121.35,49.37,8000 -121.35,49.45,8000 -121.38,49.53,8000 -121.46,49.59,8000 -121.56,49.63,8000 -121.67,49.65,8000 -121.81,49.64,8000 -121.93,49.61,8000 -122.06,49.56,8000 -122.20,49.52,8000 -122.34,49.50,8000 -122.47,49.49,8000 -122.61,49.49,8000 -122.74,49.49,8000 -122.87,49.49,8000 -123.00,49.50,8000 -123.17,49.52,8000 -123.34,49.57,8000 -123.48,49.62,8000 -123.63,49.68,8000 -123.76,49.74,8000 -123.87,49.81,8000 -123.96,49.89,8000 -124.05,49.96,8000 -124.18,50.01,8000 -124.33,50.08,8000 -124.43,50.15,8000 -124.54,50.24,8000 -124.65,50.33,8000 -124.74,50.39,8000 -124.92,50.43,8000 -124.97,50.49,8000 -125.00,50.57,8000 -124.82,50.61,8000 
          </coordinates>
        </LinearRing>
      </outerBoundaryIs>
      <innerBoundaryIs>
        <LinearRing>
          <coordinates>
-121.44,49.04,9000 -121.43,49.05,9000 -121.41,49.04,9000 -121.40,49.04,9000 -121.40,49.03,9000 -121.39,49.02,9000 -121.38,49.01,9000 -121.38,49.01,9000 -121.37,49.00,9000 -121.36,48.99,9000 -121.35,48.98,9000 -121.34,48.97,9000 -121.33,48.96,9000 -121.32,48.95,9000 -121.31,48.94,9000 -121.31,48.93,9000 -121.30,48.92,9000 -121.30,48.91,9000 -121.29,48.90,9000 -121.29,48.89,9000 -121.29,48.88,9000 -121.29,48.87,9000 -121.29,48.86,9000 -121.29,48.85,9000 -121.29,48.83,9000 -121.30,48.82,9000 -121.30,48.81,9000 -121.31,48.80,9000 -121.32,48.79,9000 -121.33,48.79,9000 -121.34,48.78,9000 -121.35,48.77,9000 -121.36,48.77,9000 -121.37,48.77,9000 -121.38,48.77,9000 -121.40,48.77,9000 -121.41,48.77,9000 -121.43,48.77,9000 -121.44,48.77,9000 -121.46,48.77,9000 -121.48,48.77,9000 -121.50,48.78,9000 -121.51,48.78,9000 -121.53,48.78,9000 -121.55,48.78,9000 -121.57,48.79,9000 -121.58,48.79,9000 -121.60,48.79,9000 -121.61,48.80,9000 -121.62,48.80,9000 -121.63,48.80,9000 -121.65,48.81,9000 -121.67,48.82,9000 -121.67,48.82,9000 -121.67,48.83,9000 -121.67,48.84,9000 -121.67,48.85,9000 -121.67,48.85,9000 -121.67,48.86,9000 -121.67,48.86,9000 -121.65,48.88,9000 -121.64,48.88,9000 -121.64,48.89,9000 -121.63,48.90,9000 -121.62,48.90,9000 -121.62,48.91,9000 -121.61,48.92,9000 -121.60,48.92,9000 -121.59,48.93,9000 -121.58,48.94,9000 -121.57,48.94,9000 -121.56,48.95,9000 -121.55,48.96,9000 -121.54,48.97,9000 -121.53,48.98,9000 -121.52,48.99,9000 -121.51,49.00,9000 -121.50,49.00,9000 -121.48,49.01,9000 -121.47,49.02,9000 -121.46,49.03,9000 -121.45,49.04,9000 -121.44,49.04,9000 
          </coordinates>
        </LinearRing>
      </innerBoundaryIs>
      <innerBoundaryIs>
        <LinearRing>
          <coordinates>
-121.08,48.69,9000 -121.07,48.68,9000 -121.05,48.67,9000 -121.04,48.66,9000 -121.03,48.65,9000 -121.02,48.64,9000 -121.01,48.63,9000 -121.00,48.62,9000 -120.99,48.60,9000 -120.98,48.59,9000 -120.97,48.58,9000 -120.97,48.57,9000 -120.97,48.55,9000 -120.96,48.54,9000 -120.96,48.52,9000 -120.96,48.51,9000 -120.96,48.49,9000 -120.95,48.48,9000 -120.95,48.46,9000 -120.95,48.45,9000 -120.95,48.43,9000 -120.95,48.42,9000 -120.95,48.40,9000 -120.95,48.39,9000 -120.95,48.37,9000 -120.94,48.35,9000 -120.94,48.34,9000 -120.95,48.32,9000 -120.95,48.31,9000 -120.96,48.30,9000 -120.97,48.30,9000 -120.98,48.30,9000 -121.00,48.30,9000 -121.02,48.31,9000 -121.04,48.31,9000 -121.06,48.32,9000 -121.08,48.33,9000 -121.11,48.34,9000 -121.13,48.35,9000 -121.15,48.36,9000 -121.16,48.37,9000 -121.18,48.38,9000 -121.19,48.39,9000 -121.20,48.40,9000 -121.20,48.41,9000 -121.20,48.42,9000 -121.21,48.44,9000 -121.21,48.45,9000 -121.20,48.46,9000 -121.20,48.48,9000 -121.20,48.49,9000 -121.19,48.51,9000 -121.19,48.52,9000 -121.18,48.54,9000 -121.18,48.55,9000 -121.17,48.57,9000 -121.08,48.69,9000 
          </coordinates>
        </LinearRing>
      </innerBoundaryIs>
      <innerBoundaryIs>
        <LinearRing>
          <coordinates>
-124.77,50.47,9000 -124.70,50.50,9000 -124.63,50.54,9000 -124.55,50.57,9000 -124.48,50.60,9000 -124.41,50.62,9000 -124.34,50.64,9000 -124.28,50.64,9000 -124.22,50.65,9000 -124.15,50.66,9000 -124.05,50.67,9000 -123.98,50.68,9000 -123.91,50.69,9000 -123.82,50.71,9000 -123.73,50.72,9000 -123.64,50.73,9000 -123.55,50.75,9000 -123.46,50.76,9000 -123.38,50.77,9000 -123.30,50.77,9000 -123.21,50.77,9000 -123.12,50.77,9000 -123.03,50.76,9000 -122.95,50.75,9000 -122.87,50.73,9000 -122.80,50.72,9000 -122.73,50.71,9000 -122.65,50.70,9000 -122.58,50.68,9000 -122.51,50.66,9000 -122.46,50.64,9000 -122.40,50.62,9000 -122.35,50.59,9000 -122.30,50.56,9000 -122.26,50.53,9000 -122.21,50.49,9000 -122.17,50.45,9000 -122.13,50.41,9000 -122.10,50.36,9000 -122.06,50.31,9000 -122.03,50.25,9000 -122.00,50.20,9000 -121.97,50.15,9000 -121.95,50.09,9000 -121.93,50.04,9000 -121.91,49.98,9000 -121.91,49.93,9000 -121.90,49.89,9000 -121.90,49.84,9000 -121.90,49.81,9000 -121.93,49.78,9000 -121.97,49.74,9000 -122.03,49.70,9000 -122.10,49.66,9000 -122.16,49.63,9000 -122.22,49.60,9000 -122.29,49.57,9000 -122.38,49.55,9000 -122.44,49.54,9000 -122.50,49.54,9000 -122.58,49.53,9000 -122.65,49.53,9000 -122.73,49.52,9000 -122.81,49.53,9000 -122.89,49.53,9000 -122.97,49.54,9000 -123.05,49.55,9000 -123.13,49.56,9000 -123.22,49.58,9000 -123.30,49.59,9000 -123.37,49.62,9000 -123.44,49.64,9000 -123.50,49.67,9000 -123.55,49.70,9000 -123.60,49.74,9000 -123.64,49.78,9000 -123.69,49.82,9000 -123.74,49.86,9000 -123.80,49.90,9000 -123.86,49.93,9000 -123.93,49.97,9000 -124.01,50.00,9000 -124.08,50.04,9000 -124.16,50.07,9000 -124.23,50.10,9000 -124.29,50.13,9000 -124.34,50.16,9000 -124.40,50.21,9000 -124.42,50.25,9000 -124.46,50.29,9000 -124.51,50.32,9000 -124.56,50.35,9000 -124.62,50.37,9000 -124.69,50.40,9000 -124.76,50.43,9000 -124.77,50.47,9000 
          </coordinates>
        </LinearRing>
      </innerBoundaryIs>
      <innerBoundaryIs>
        <LinearRing>
          <coordinates>
-121.24,48.35,9000 -121.22,48.34,9000 -121.20,48.34,9000 -121.18,48.33,9000 -121.16,48.33,9000 -121.14,48.32,9000 -121.12,48.32,9000 -121.11,48.31,9000 -121.09,48.30,9000 -121.08,48.29,9000 -121.06,48.29,9000 -121.05,48.28,9000 -121.04,48.27,9000 -121.04,48.26,9000 -121.03,48.25,9000 -121.03,48.24,9000 -121.03,48.23,9000 -121.03,48.22,9000 -121.03,48.21,9000 -121.04,48.19,9000 -121.04,48.18,9000 -121.05,48.17,9000 -121.06,48.15,9000 -121.06,48.14,9000 -121.07,48.12,9000 -121.08,48.11,9000 -121.09,48.10,9000 -121.09,48.09,9000 -121.10,48.08,9000 -121.11,48.07,9000 -121.11,48.06,9000 -121.12,48.04,9000 -121.12,48.03,9000 -121.12,48.02,9000 -121.14,48.02,9000 -121.15,48.02,9000 -121.17,48.02,9000 -121.19,48.02,9000 -121.21,48.02,9000 -121.23,48.02,9000 -121.26,48.02,9000 -121.28,48.02,9000 -121.30,48.03,9000 -121.31,48.03,9000 -121.32,48.04,9000 -121.32,48.05,9000 -121.33,48.06,9000 -121.33,48.07,9000 -121.33,48.08,9000 -121.32,48.09,9000 -121.32,48.10,9000 -121.32,48.11,9000 -121.31,48.12,9000 -121.31,48.14,9000 -121.30,48.15,9000 -121.29,48.17,9000 -121.29,48.18,9000 -121.28,48.20,9000 -121.27,48.21,9000 -121.24,48.35,9000 
          </coordinates>
        </LinearRing>
      </innerBoundaryIs>
  </Polygon>
 </MultiGeometry>
</Placemark>
<Placemark>
  <name>70%</name>
  <visibility>1</visibility>
  <styleUrl>#poly_70</styleUrl>
  <MultiGeometry>
    <Polygon>
      <outerBoundaryIs>
        <LinearRing>
          <coordinates>
-115.60,44.83,8000 -115.54,44.82,8000 -115.49,44.80,8000 -115.44,44.79,8000 -115.40,44.78,8000 -115.37,44.76,8000 -115.34,44.74,8000 -115.32,44.71,8000 -115.31,44.68,8000 -115.28,44.64,8000 -115.25,44.62,8000 -115.20,44.60,8000 -115.15,44.57,8000 -115.10,44.55,8000 -115.05,44.54,8000 -115.00,44.53,8000 -114.94,44.53,8000 -114.88,44.52,8000 -114.84,44.52,8000 -114.80,44.52,8000 -114.78,44.52,8000 -114.76,44.50,8000 -114.74,44.46,8000 -114.72,44.43,8000 -114.70,44.39,8000 -114.68,44.35,8000 -114.67,44.31,8000 -114.67,44.26,8000 -114.67,44.22,8000 -114.66,44.18,8000 -114.65,44.15,8000 -114.64,44.11,8000 -114.63,44.08,8000 -114.62,44.04,8000 -114.61,44.01,8000 -114.61,43.96,8000 -114.61,43.92,8000 -114.61,43.87,8000 -114.62,43.84,8000 -114.62,43.82,8000 -114.65,43.80,8000 -114.68,43.78,8000 -114.72,43.75,8000 -114.77,43.73,8000 -114.82,43.70,8000 -114.87,43.69,8000 -114.92,43.69,8000 -114.97,43.69,8000 -115.03,43.69,8000 -115.08,43.70,8000 -115.12,43.71,8000 -115.17,43.72,8000 -115.19,43.74,8000 -115.22,43.77,8000 -115.24,43.80,8000 -115.25,43.83,8000 -115.27,43.87,8000 -115.28,43.90,8000 -115.29,43.94,8000 -115.30,43.97,8000 -115.30,44.01,8000 -115.31,44.04,8000 -115.32,44.08,8000 -115.33,44.11,8000 -115.35,44.14,8000 -115.38,44.18,8000 -115.40,44.21,8000 -115.43,44.24,8000 -115.45,44.27,8000 -115.47,44.31,8000 -115.49,44.34,8000 -115.51,44.37,8000 -115.52,44.39,8000 -115.54,44.43,8000 -115.55,44.46,8000 -115.56,44.49,8000 -115.57,44.53,8000 -115.57,44.56,8000 -115.58,44.60,8000 -115.59,44.63,8000 -115.59,44.67,8000 -115.60,44.70,8000 -115.60,44.74,8000 -115.61,44.77,8000 -115.60,44.83,8000 
          </coordinates>
        </LinearRing>
      </outerBoundaryIs>
      <innerBoundaryIs>
        <LinearRing>
          <coordinates>
-115.26,44.38,9000 -115.23,44.39,9000 -115.20,44.39,9000 -115.17,44.40,9000 -115.14,44.40,9000 -115.11,44.41,9000 -115.08,44.41,9000 -115.05,44.41,9000 -115.02,44.41,9000 -114.99,44.41,9000 -114.95,44.40,9000 -114.92,44.39,9000 -114.89,44.38,9000 -114.86,44.37,9000 -114.83,44.36,9000 -114.81,44.34,9000 -114.80,44.32,9000 -114.79,44.30,9000 -114.78,44.28,9000 -114.78,44.26,9000 -114.77,44.23,9000 -114.77,44.21,9000 -114.77,44.19,9000 -114.76,44.17,9000 -114.75,44.15,9000 -114.74,44.12,9000 -114.73,44.10,9000 -114.72,44.09,9000 -114.71,44.07,9000 -114.70,44.04,9000 -114.69,44.02,9000 -114.69,44.00,9000 -114.69,43.98,9000 -114.70,43.97,9000 -114.71,43.95,9000 -114.72,43.93,9000 -114.73,43.90,9000 -114.74,43.88,9000 -114.75,43.86,9000 -114.77,43.84,9000 -114.78,43.82,9000 -114.80,43.80,9000 -114.83,43.78,9000 -114.86,43.77,9000 -114.89,43.77,9000 -114.92,43.77,9000 -114.95,43.77,9000 -114.98,43.77,9000 -115.01,43.78,9000 -115.04,43.78,9000 -115.07,43.79,9000 -115.10,43.80,9000 -115.12,43.81,9000 -115.14,43.83,9000 -115.15,43.85,9000 -115.16,43.87,9000 -115.17,43.88,9000 -115.18,43.90,9000 -115.18,43.92,9000 -115.19,43.95,9000 -115.19,43.97,9000 -115.20,43.99,9000 -115.20,44.01,9000 -115.20,44.03,9000 -115.21,44.05,9000 -115.21,44.08,9000 -115.22,44.10,9000 -115.22,44.12,9000 -115.23,44.14,9000 -115.23,44.16,9000 -115.24,44.18,9000 -115.24,44.20,9000 -115.25,44.23,9000 -115.26,44.25,9000 -115.26,44.27,9000 -115.27,44.29,9000 -115.26,44.38,9000 
          </coordinates>
        </LinearRing>
      </innerBoundaryIs>
  </Polygon>
 </MultiGeometry>
</Placemark>
<Placemark>
  <name>70%</name>
  <visibility>1</visibility>
  <styleUrl>#poly_70</styleUrl>
  <MultiGeometry>
    <Polygon>
      <outerBoundaryIs>
        <LinearRing>
          <coordinates>
-126.82,50.32,8000 -126.75,50.33,8000 -126.68,50.34,8000 -126.61,50.35,8000 -126.55,50.36,8000 -126.49,50.37,8000 -126.43,50.38,8000 -126.37,50.39,8000 -126.32,50.39,8000 -126.24,50.40,8000 -126.17,50.40,8000 -126.12,50.40,8000 -126.05,50.38,8000 -126.01,50.36,8000 -125.96,50.34,8000 -125.91,50.32,8000 -125.86,50.29,8000 -125.81,50.26,8000 -125.77,50.23,8000 -125.73,50.20,8000 -125.70,50.17,8000 -125.68,50.13,8000 -125.66,50.10,8000 -125.65,50.06,8000 -125.63,50.02,8000 -125.60,49.98,8000 -125.57,49.95,8000 -125.53,49.91,8000 -125.49,49.88,8000 -125.45,49.84,8000 -125.40,49.81,8000 -125.36,49.77,8000 -125.32,49.74,8000 -125.29,49.71,8000 -125.25,49.67,8000 -125.21,49.63,8000 -125.19,49.60,8000 -125.16,49.57,8000 -125.14,49.54,8000 -125.11,49.50,8000 -125.09,49.45,8000 -125.08,49.41,8000 -125.07,49.38,8000 -125.08,49.34,8000 -125.10,49.31,8000 -125.14,49.29,8000 -125.18,49.28,8000 -125.23,49.26,8000 -125.29,49.25,8000 -125.35,49.24,8000 -125.40,49.24,8000 -125.45,49.25,8000 -125.50,49.26,8000 -125.55,49.28,8000 -125.61,49.30,8000 -125.65,49.32,8000 -125.70,49.34,8000 -125.75,49.36,8000 -125.81,49.38,8000 -125.86,49.41,8000 -125.91,49.43,8000 -125.96,49.45,8000 -126.01,49.47,8000 -126.06,49.49,8000 -126.11,49.51,8000 -126.16,49.53,8000 -126.20,49.55,8000 -126.25,49.58,8000 -126.28,49.60,8000 -126.32,49.63,8000 -126.36,49.66,8000 -126.40,49.69,8000 -126.44,49.72,8000 -126.49,49.74,8000 -126.54,49.77,8000 -126.59,49.80,8000 -126.64,49.83,8000 -126.68,49.85,8000 -126.73,49.88,8000 -126.79,49.91,8000 -126.84,49.94,8000 -126.89,49.96,8000 -126.93,49.99,8000 -126.97,50.01,8000 -127.03,50.04,8000 -127.06,50.07,8000 -127.08,50.10,8000 -127.09,50.13,8000 -127.08,50.17,8000 -127.07,50.21,8000 -127.06,50.25,8000 -126.82,50.32,8000 
          </coordinates>
        </LinearRing>
      </outerBoundaryIs>
      <innerBoundaryIs>
        <LinearRing>
          <coordinates>
-127.01,50.12,9000 -126.97,50.15,9000 -126.94,50.18,9000 -126.90,50.21,9000 -126.86,50.23,9000 -126.83,50.25,9000 -126.79,50.27,9000 -126.75,50.29,9000 -126.71,50.29,9000 -126.67,50.30,9000 -126.62,50.30,9000 -126.56,50.31,9000 -126.51,50.31,9000 -126.46,50.32,9000 -126.40,50.33,9000 -126.34,50.33,9000 -126.27,50.34,9000 -126.21,50.34,9000 -126.15,50.34,9000 -126.09,50.34,9000 -126.04,50.33,9000 -125.99,50.32,9000 -125.95,50.29,9000 -125.91,50.27,9000 -125.87,50.24,9000 -125.84,50.21,9000 -125.80,50.18,9000 -125.78,50.16,9000 -125.75,50.13,9000 -125.72,50.10,9000 -125.71,50.07,9000 -125.69,50.04,9000 -125.68,50.02,9000 -125.67,49.98,9000 -125.64,49.95,9000 -125.62,49.92,9000 -125.59,49.89,9000 -125.56,49.86,9000 -125.52,49.83,9000 -125.49,49.80,9000 -125.46,49.76,9000 -125.43,49.73,9000 -125.40,49.71,9000 -125.37,49.68,9000 -125.33,49.64,9000 -125.29,49.61,9000 -125.26,49.59,9000 -125.23,49.56,9000 -125.21,49.53,9000 -125.19,49.49,9000 -125.17,49.45,9000 -125.15,49.41,9000 -125.15,49.38,9000 -125.17,49.35,9000 -125.21,49.33,9000 -125.26,49.32,9000 -125.32,49.32,9000 -125.39,49.31,9000 -125.45,49.31,9000 -125.51,49.32,9000 -125.55,49.33,9000 -125.60,49.34,9000 -125.64,49.36,9000 -125.68,49.38,9000 -125.73,49.40,9000 -125.77,49.42,9000 -125.81,49.44,9000 -125.85,49.46,9000 -125.90,49.48,9000 -125.94,49.50,9000 -125.99,49.51,9000 -126.03,49.53,9000 -126.07,49.55,9000 -126.11,49.57,9000 -126.15,49.59,9000 -126.19,49.61,9000 -126.22,49.63,9000 -126.26,49.65,9000 -126.30,49.67,9000 -126.34,49.70,9000 -126.38,49.72,9000 -126.42,49.74,9000 -126.46,49.77,9000 -126.50,49.79,9000 -126.54,49.82,9000 -126.59,49.84,9000 -126.63,49.87,9000 -126.67,49.89,9000 -126.71,49.91,9000 -126.75,49.94,9000 -126.79,49.96,9000 -126.83,49.99,9000 -126.88,50.01,9000 -126.92,50.04,9000 -126.96,50.06,9000 -127.00,50.09,9000 -127.01,50.12,9000 
          </coordinates>
        </LinearRing>
      </innerBoundaryIs>
  </Polygon>
 </MultiGeometry>
</Placemark>
<Placemark>
  <name>70%</name>
  <visibility>1</visibility>
  <styleUrl>#poly_70</styleUrl>
  <MultiGeometry>
    <Polygon>
      <outerBoundaryIs>
        <LinearRing>
          <coordinates>
-80.20,38.71,8000 -80.18,38.72,8000 -80.15,38.73,8000 -80.13,38.74,8000 -80.11,38.75,8000 -80.08,38.76,8000 -80.06,38.77,8000 -80.04,38.77,8000 -80.02,38.78,8000 -80.00,38.78,8000 -79.99,38.78,8000 -79.97,38.78,8000 -79.96,38.78,8000 -79.95,38.77,8000 -79.93,38.76,8000 -79.92,38.75,8000 -79.92,38.73,8000 -79.91,38.71,8000 -79.91,38.69,8000 -79.91,38.67,8000 -79.91,38.65,8000 -79.91,38.63,8000 -79.91,38.62,8000 -79.92,38.60,8000 -79.92,38.58,8000 -79.93,38.57,8000 -79.94,38.55,8000 -79.95,38.54,8000 -79.96,38.52,8000 -79.97,38.50,8000 -79.98,38.49,8000 -79.99,38.47,8000 -80.01,38.46,8000 -80.02,38.45,8000 -80.04,38.44,8000 -80.06,38.42,8000 -80.07,38.41,8000 -80.09,38.40,8000 -80.11,38.38,8000 -80.13,38.37,8000 -80.15,38.36,8000 -80.17,38.35,8000 -80.19,38.34,8000 -80.21,38.33,8000 -80.23,38.32,8000 -80.24,38.32,8000 -80.26,38.32,8000 -80.28,38.32,8000 -80.29,38.33,8000 -80.31,38.34,8000 -80.33,38.35,8000 -80.35,38.36,8000 -80.36,38.38,8000 -80.38,38.39,8000 -80.39,38.41,8000 -80.40,38.43,8000 -80.41,38.44,8000 -80.42,38.46,8000 -80.43,38.48,8000 -80.43,38.49,8000 -80.43,38.50,8000 -80.43,38.52,8000 -80.42,38.53,8000 -80.41,38.54,8000 -80.40,38.56,8000 -80.39,38.57,8000 -80.37,38.58,8000 -80.36,38.59,8000 -80.34,38.61,8000 -80.33,38.62,8000 -80.31,38.63,8000 -80.29,38.65,8000 -80.27,38.66,8000 -80.20,38.71,8000 
          </coordinates>
        </LinearRing>
      </outerBoundaryIs>
  </Polygon>
 </MultiGeometry>
</Placemark>
<Placemark>
  <name>70%</name>
  <visibility>1</visibility>
  <styleUrl>#poly_70</styleUrl>
  <MultiGeometry>
    <Polygon>
      <outerBoundaryIs>
        <LinearRing>
          <coordinates>
-111.09,45.55,8000 -110.97,45.59,8000 -110.85,45.63,8000 -110.72,45.65,8000 -110.59,45.66,8000 -110.47,45.66,8000 -110.33,45.65,8000 -110.22,45.64,8000 -110.10,45.63,8000 -109.99,45.61,8000 -109.87,45.58,8000 -109.75,45.53,8000 -109.62,45.46,8000 -109.50,45.39,8000 -109.41,45.33,8000 -109.33,45.27,8000 -109.30,45.22,8000 -109.27,45.13,8000 -109.28,45.01,8000 -109.31,44.92,8000 -109.35,44.82,8000 -109.39,44.72,8000 -109.43,44.64,8000 -109.48,44.56,8000 -109.51,44.51,8000 -109.52,44.41,8000 -109.47,44.30,8000 -109.40,44.23,8000 -109.31,44.16,8000 -109.22,44.08,8000 -109.15,44.01,8000 -109.10,43.92,8000 -109.08,43.84,8000 -109.11,43.76,8000 -109.20,43.71,8000 -109.35,43.66,8000 -109.48,43.62,8000 -109.57,43.56,8000 -109.58,43.47,8000 -109.52,43.38,8000 -109.45,43.27,8000 -109.38,43.18,8000 -109.29,43.08,8000 -109.21,42.99,8000 -109.16,42.91,8000 -109.17,42.80,8000 -109.27,42.76,8000 -109.37,42.80,8000 -109.50,42.87,8000 -109.63,42.95,8000 -109.74,43.01,8000 -109.84,43.07,8000 -109.92,43.10,8000 -110.01,43.13,8000 -110.12,43.15,8000 -110.22,43.15,8000 -110.33,43.12,8000 -110.43,43.08,8000 -110.52,43.02,8000 -110.59,42.90,8000 -110.63,42.82,8000 -110.67,42.87,8000 -110.70,42.99,8000 -110.70,43.08,8000 -110.71,43.17,8000 -110.73,43.27,8000 -110.81,43.35,8000 -110.91,43.42,8000 -110.98,43.52,8000 -110.98,43.60,8000 -110.96,43.69,8000 -110.92,43.79,8000 -110.89,43.90,8000 -110.88,44.02,8000 -110.88,44.12,8000 -110.88,44.23,8000 -110.88,44.35,8000 -110.88,44.47,8000 -110.90,44.58,8000 -110.92,44.67,8000 -110.96,44.75,8000 -111.07,44.83,8000 -111.22,44.86,8000 -111.38,44.87,8000 -111.49,44.90,8000 -111.57,44.99,8000 -111.58,45.09,8000 -111.57,45.18,8000 -111.53,45.26,8000 -111.09,45.55,8000 
          </coordinates>
        </LinearRing>
      </outerBoundaryIs>
      <innerBoundaryIs>
        <LinearRing>
          <coordinates>
-111.31,45.37,9000 -111.21,45.41,9000 -111.10,45.45,9000 -111.00,45.48,9000 -110.91,45.50,9000 -110.81,45.52,9000 -110.69,45.53,9000 -110.59,45.54,9000 -110.47,45.55,9000 -110.34,45.56,9000 -110.22,45.56,9000 -110.11,45.55,9000 -109.99,45.52,9000 -109.88,45.48,9000 -109.78,45.44,9000 -109.68,45.39,9000 -109.58,45.34,9000 -109.49,45.30,9000 -109.41,45.24,9000 -109.37,45.17,9000 -109.37,45.10,9000 -109.38,45.02,9000 -109.42,44.93,9000 -109.45,44.85,9000 -109.49,44.77,9000 -109.54,44.68,9000 -109.61,44.60,9000 -109.66,44.53,9000 -109.70,44.47,9000 -109.70,44.40,9000 -109.64,44.35,9000 -109.57,44.29,9000 -109.48,44.21,9000 -109.40,44.14,9000 -109.34,44.06,9000 -109.28,43.99,9000 -109.25,43.92,9000 -109.24,43.84,9000 -109.31,43.77,9000 -109.41,43.74,9000 -109.56,43.71,9000 -109.69,43.67,9000 -109.75,43.59,9000 -109.73,43.53,9000 -109.68,43.44,9000 -109.62,43.35,9000 -109.54,43.25,9000 -109.46,43.15,9000 -109.39,43.06,9000 -109.33,42.99,9000 -109.30,42.93,9000 -109.35,42.87,9000 -109.47,42.90,9000 -109.54,42.94,9000 -109.64,43.01,9000 -109.71,43.06,9000 -109.80,43.11,9000 -109.89,43.16,9000 -109.99,43.20,9000 -110.12,43.22,9000 -110.26,43.22,9000 -110.39,43.25,9000 -110.48,43.30,9000 -110.57,43.37,9000 -110.65,43.44,9000 -110.71,43.51,9000 -110.77,43.60,9000 -110.81,43.70,9000 -110.83,43.79,9000 -110.82,43.87,9000 -110.78,43.95,9000 -110.76,44.03,9000 -110.78,44.10,9000 -110.82,44.18,9000 -110.84,44.25,9000 -110.83,44.33,9000 -110.80,44.40,9000 -110.77,44.48,9000 -110.72,44.56,9000 -110.66,44.65,9000 -110.62,44.73,9000 -110.64,44.83,9000 -110.71,44.91,9000 -110.79,44.93,9000 -110.90,44.92,9000 -111.03,44.91,9000 -111.17,44.91,9000 -111.27,44.93,9000 -111.37,44.96,9000 -111.48,45.00,9000 -111.31,45.37,9000 
          </coordinates>
        </LinearRing>
      </innerBoundaryIs>
  </Polygon>
 </MultiGeometry>
</Placemark>
<Placemark>
  <name>70%</name>
  <visibility>1</visibility>
  <styleUrl>#poly_70</styleUrl>
  <MultiGeometry>
    <Polygon>
      <outerBoundaryIs>
        <LinearRing>
          <coordinates>
-115.95,45.32,8000 -115.93,45.33,8000 -115.90,45.34,8000 -115.88,45.35,8000 -115.85,45.36,8000 -115.83,45.37,8000 -115.81,45.37,8000 -115.79,45.38,8000 -115.77,45.39,8000 -115.75,45.39,8000 -115.73,45.39,8000 -115.72,45.39,8000 -115.70,45.38,8000 -115.69,45.37,8000 -115.69,45.36,8000 -115.68,45.34,8000 -115.68,45.32,8000 -115.67,45.30,8000 -115.65,45.29,8000 -115.63,45.28,8000 -115.62,45.27,8000 -115.60,45.26,8000 -115.58,45.26,8000 -115.56,45.25,8000 -115.53,45.24,8000 -115.51,45.23,8000 -115.49,45.23,8000 -115.46,45.22,8000 -115.44,45.22,8000 -115.42,45.22,8000 -115.39,45.22,8000 -115.37,45.22,8000 -115.34,45.22,8000 -115.32,45.22,8000 -115.29,45.22,8000 -115.27,45.22,8000 -115.24,45.22,8000 -115.22,45.22,8000 -115.20,45.22,8000 -115.19,45.22,8000 -115.17,45.21,8000 -115.17,45.19,8000 -115.17,45.17,8000 -115.16,45.17,8000 -115.18,45.15,8000 -115.19,45.14,8000 -115.20,45.13,8000 -115.22,45.12,8000 -115.23,45.10,8000 -115.25,45.09,8000 -115.27,45.07,8000 -115.29,45.06,8000 -115.31,45.05,8000 -115.33,45.03,8000 -115.35,45.02,8000 -115.37,45.01,8000 -115.39,45.01,8000 -115.41,45.01,8000 -115.43,45.01,8000 -115.45,45.02,8000 -115.47,45.02,8000 -115.50,45.03,8000 -115.52,45.04,8000 -115.54,45.05,8000 -115.56,45.06,8000 -115.59,45.07,8000 -115.61,45.07,8000 -115.63,45.08,8000 -115.65,45.08,8000 -115.68,45.08,8000 -115.70,45.08,8000 -115.73,45.07,8000 -115.76,45.07,8000 -115.78,45.06,8000 -115.81,45.06,8000 -115.83,45.05,8000 -115.85,45.04,8000 -115.87,45.04,8000 -115.89,45.04,8000 -115.92,45.04,8000 -115.93,45.05,8000 -115.94,45.06,8000 -115.95,45.08,8000 -115.96,45.09,8000 -115.96,45.10,8000 -115.97,45.12,8000 -115.97,45.14,8000 -115.98,45.15,8000 -115.98,45.17,8000 -115.99,45.19,8000 -115.99,45.21,8000 -116.00,45.23,8000 -116.00,45.25,8000 -115.95,45.32,8000 
          </coordinates>
        </LinearRing>
      </outerBoundaryIs>
  </Polygon>
 </MultiGeometry>
</Placemark>
<Placemark>
  <name>70%</name>
  <visibility>1</visibility>
  <styleUrl>#poly_70</styleUrl>
  <MultiGeometry>
    <Polygon>
      <outerBoundaryIs>
        <LinearRing>
          <coordinates>
-71.31,46.43,8000 -71.23,46.44,8000 -71.16,46.45,8000 -71.11,46.45,8000 -71.07,46.42,8000 -71.06,46.36,8000 -71.07,46.31,8000 -71.09,46.25,8000 -71.11,46.18,8000 -71.12,46.12,8000 -71.11,46.06,8000 -71.08,46.00,8000 -71.05,45.94,8000 -71.01,45.89,8000 -70.97,45.85,8000 -70.91,45.81,8000 -70.86,45.77,8000 -70.82,45.74,8000 -70.78,45.70,8000 -70.74,45.65,8000 -70.72,45.60,8000 -70.71,45.55,8000 -70.70,45.49,8000 -70.70,45.43,8000 -70.71,45.38,8000 -70.74,45.33,8000 -70.78,45.29,8000 -70.82,45.25,8000 -70.87,45.21,8000 -70.93,45.16,8000 -71.00,45.12,8000 -71.08,45.08,8000 -71.14,45.05,8000 -71.20,45.01,8000 -71.26,44.97,8000 -71.34,44.94,8000 -71.44,44.92,8000 -71.52,44.91,8000 -71.61,44.91,8000 -71.71,44.92,8000 -71.81,44.92,8000 -71.92,44.93,8000 -72.02,44.93,8000 -72.11,44.93,8000 -72.18,44.92,8000 -72.27,44.88,8000 -72.33,44.83,8000 -72.38,44.77,8000 -72.43,44.72,8000 -72.48,44.69,8000 -72.56,44.67,8000 -72.63,44.68,8000 -72.71,44.69,8000 -72.76,44.72,8000 -72.79,44.76,8000 -72.81,44.81,8000 -72.82,44.87,8000 -72.83,44.94,8000 -72.84,44.99,8000 -72.85,45.05,8000 -72.86,45.11,8000 -72.86,45.17,8000 -72.87,45.23,8000 -72.86,45.29,8000 -72.85,45.35,8000 -72.84,45.40,8000 -72.82,45.46,8000 -72.79,45.51,8000 -72.76,45.57,8000 -72.72,45.62,8000 -72.68,45.66,8000 -72.63,45.71,8000 -72.57,45.75,8000 -72.51,45.79,8000 -72.44,45.84,8000 -72.38,45.88,8000 -72.32,45.92,8000 -72.26,45.96,8000 -72.19,46.01,8000 -72.13,46.05,8000 -72.06,46.10,8000 -72.00,46.14,8000 -71.94,46.18,8000 -71.88,46.21,8000 -71.80,46.25,8000 -71.73,46.28,8000 -71.66,46.30,8000 -71.60,46.32,8000 -71.53,46.34,8000 -71.31,46.43,8000 
          </coordinates>
        </LinearRing>
      </outerBoundaryIs>
      <innerBoundaryIs>
        <LinearRing>
          <coordinates>
-72.28,45.53,9000 -72.26,45.51,9000 -72.25,45.49,9000 -72.23,45.47,9000 -72.22,45.45,9000 -72.21,45.43,9000 -72.20,45.41,9000 -72.20,45.39,9000 -72.20,45.37,9000 -72.21,45.35,9000 -72.22,45.33,9000 -72.23,45.31,9000 -72.24,45.29,9000 -72.26,45.27,9000 -72.27,45.25,9000 -72.28,45.23,9000 -72.29,45.21,9000 -72.30,45.19,9000 -72.31,45.17,9000 -72.31,45.14,9000 -72.32,45.12,9000 -72.33,45.10,9000 -72.34,45.08,9000 -72.35,45.06,9000 -72.36,45.04,9000 -72.37,45.02,9000 -72.37,44.99,9000 -72.38,44.97,9000 -72.39,44.95,9000 -72.40,44.93,9000 -72.41,44.91,9000 -72.43,44.90,9000 -72.45,44.89,9000 -72.49,44.89,9000 -72.52,44.88,9000 -72.56,44.88,9000 -72.60,44.88,9000 -72.63,44.89,9000 -72.66,44.89,9000 -72.68,44.89,9000 -72.70,44.90,9000 -72.68,44.93,9000 -72.68,44.95,9000 -72.67,44.97,9000 -72.67,44.99,9000 -72.66,45.02,9000 -72.65,45.05,9000 -72.65,45.07,9000 -72.64,45.09,9000 -72.63,45.12,9000 -72.63,45.13,9000 -72.62,45.15,9000 -72.61,45.17,9000 -72.59,45.18,9000 -72.58,45.20,9000 -72.55,45.21,9000 -72.53,45.23,9000 -72.51,45.25,9000 -72.50,45.27,9000 -72.48,45.28,9000 -72.47,45.30,9000 -72.46,45.32,9000 -72.44,45.34,9000 -72.43,45.37,9000 -72.41,45.39,9000 -72.40,45.41,9000 -72.28,45.53,9000 
          </coordinates>
        </LinearRing>
      </innerBoundaryIs>
      <innerBoundaryIs>
        <LinearRing>
          <coordinates>
-71.67,45.98,9000 -71.63,45.97,9000 -71.59,45.96,9000 -71.55,45.94,9000 -71.51,45.93,9000 -71.48,45.92,9000 -71.44,45.90,9000 -71.40,45.88,9000 -71.36,45.85,9000 -71.32,45.83,9000 -71.29,45.81,9000 -71.26,45.79,9000 -71.23,45.78,9000 -71.20,45.76,9000 -71.17,45.74,9000 -71.13,45.71,9000 -71.08,45.68,9000 -71.05,45.65,9000 -71.02,45.63,9000 -70.99,45.61,9000 -70.97,45.59,9000 -70.95,45.57,9000 -70.93,45.54,9000 -70.90,45.50,9000 -70.88,45.47,9000 -70.87,45.43,9000 -70.86,45.40,9000 -70.87,45.37,9000 -70.88,45.34,9000 -70.91,45.31,9000 -70.94,45.29,9000 -70.96,45.26,9000 -70.99,45.24,9000 -71.02,45.21,9000 -71.06,45.19,9000 -71.09,45.17,9000 -71.12,45.15,9000 -71.15,45.13,9000 -71.19,45.11,9000 -71.23,45.10,9000 -71.27,45.09,9000 -71.31,45.07,9000 -71.36,45.05,9000 -71.41,45.04,9000 -71.46,45.04,9000 -71.51,45.04,9000 -71.56,45.04,9000 -71.61,45.05,9000 -71.65,45.06,9000 -71.69,45.08,9000 -71.72,45.10,9000 -71.75,45.13,9000 -71.77,45.16,9000 -71.78,45.19,9000 -71.78,45.22,9000 -71.78,45.25,9000 -71.77,45.29,9000 -71.77,45.32,9000 -71.77,45.34,9000 -71.77,45.37,9000 -71.78,45.39,9000 -71.81,45.41,9000 -71.84,45.42,9000 -71.89,45.44,9000 -71.94,45.45,9000 -72.00,45.47,9000 -72.04,45.48,9000 -72.09,45.50,9000 -72.14,45.51,9000 -72.18,45.53,9000 -72.20,45.56,9000 -72.19,45.58,9000 -72.17,45.61,9000 -72.13,45.64,9000 -72.10,45.67,9000 -72.07,45.70,9000 -72.04,45.72,9000 -72.01,45.75,9000 -71.99,45.77,9000 -71.97,45.79,9000 -71.95,45.81,9000 -71.92,45.83,9000 -71.90,45.85,9000 -71.87,45.87,9000 -71.67,45.98,9000 
          </coordinates>
        </LinearRing>
      </innerBoundaryIs>
  </Polygon>
 </MultiGeometry>
</Placemark>
<Placemark>
  <name>70%</name>
  <visibility>1</visibility>
  <styleUrl>#poly_70</styleUrl>
  <MultiGeometry>
    <Polygon>
      <outerBoundaryIs>
        <LinearRing>
          <coordinates>
-105.89,40.64,8000 -105.84,40.62,8000 -105.79,40.60,8000 -105.75,40.58,8000 -105.72,40.55,8000 -105.70,40.52,8000 -105.69,40.48,8000 -105.68,40.45,8000 -105.67,40.41,8000 -105.67,40.37,8000 -105.67,40.33,8000 -105.69,40.30,8000 -105.70,40.26,8000 -105.71,40.23,8000 -105.71,40.19,8000 -105.70,40.16,8000 -105.67,40.12,8000 -105.64,40.09,8000 -105.62,40.05,8000 -105.60,40.02,8000 -105.59,39.98,8000 -105.60,39.94,8000 -105.60,39.89,8000 -105.62,39.85,8000 -105.64,39.81,8000 -105.66,39.77,8000 -105.69,39.73,8000 -105.72,39.69,8000 -105.74,39.66,8000 -105.78,39.63,8000 -105.81,39.61,8000 -105.86,39.59,8000 -105.91,39.56,8000 -105.96,39.54,8000 -106.00,39.52,8000 -106.05,39.50,8000 -106.10,39.48,8000 -106.15,39.47,8000 -106.18,39.46,8000 -106.22,39.44,8000 -106.25,39.45,8000 -106.26,39.48,8000 -106.27,39.51,8000 -106.29,39.56,8000 -106.30,39.60,8000 -106.30,39.63,8000 -106.28,39.67,8000 -106.25,39.71,8000 -106.22,39.74,8000 -106.19,39.78,8000 -106.16,39.81,8000 -106.12,39.84,8000 -106.08,39.87,8000 -106.04,39.90,8000 -106.01,39.92,8000 -105.97,39.94,8000 -105.94,39.97,8000 -105.92,40.00,8000 -105.91,40.03,8000 -105.92,40.07,8000 -105.92,40.11,8000 -105.94,40.15,8000 -105.95,40.18,8000 -105.98,40.21,8000 -106.01,40.24,8000 -106.05,40.27,8000 -106.08,40.29,8000 -106.13,40.32,8000 -106.15,40.34,8000 -106.13,40.37,8000 -106.10,40.41,8000 -106.08,40.45,8000 -106.05,40.49,8000 -106.03,40.53,8000 -105.89,40.64,8000 
          </coordinates>
        </LinearRing>
      </outerBoundaryIs>
  </Polygon>
 </MultiGeometry>
</Placemark>
<Placemark>
  <name>70%</name>
  <visibility>1</visibility>
  <styleUrl>#poly_70</styleUrl>
  <MultiGeometry>
    <Polygon>
      <outerBoundaryIs>
        <LinearRing>
          <coordinates>
-107.86,45.19,8000 -107.81,45.19,8000 -107.76,45.19,8000 -107.72,45.19,8000 -107.67,45.19,8000 -107.62,45.19,8000 -107.57,45.18,8000 -107.51,45.18,8000 -107.45,45.17,8000 -107.41,45.16,8000 -107.37,45.15,8000 -107.34,45.14,8000 -107.33,45.12,8000 -107.32,45.09,8000 -107.31,45.05,8000 -107.29,45.02,8000 -107.28,44.98,8000 -107.27,44.95,8000 -107.26,44.91,8000 -107.25,44.88,8000 -107.24,44.84,8000 -107.22,44.81,8000 -107.19,44.78,8000 -107.16,44.74,8000 -107.12,44.71,8000 -107.09,44.68,8000 -107.07,44.66,8000 -107.05,44.65,8000 -107.03,44.63,8000 -107.00,44.59,8000 -106.97,44.56,8000 -106.94,44.52,8000 -106.92,44.48,8000 -106.91,44.45,8000 -106.92,44.41,8000 -106.92,44.38,8000 -106.93,44.34,8000 -106.94,44.31,8000 -106.95,44.27,8000 -106.95,44.23,8000 -106.96,44.19,8000 -106.98,44.16,8000 -107.00,44.15,8000 -107.03,44.16,8000 -107.07,44.18,8000 -107.12,44.21,8000 -107.16,44.24,8000 -107.20,44.27,8000 -107.23,44.29,8000 -107.26,44.31,8000 -107.27,44.33,8000 -107.29,44.36,8000 -107.31,44.39,8000 -107.33,44.42,8000 -107.36,44.45,8000 -107.39,44.48,8000 -107.42,44.51,8000 -107.46,44.54,8000 -107.49,44.57,8000 -107.52,44.59,8000 -107.54,44.61,8000 -107.54,44.62,8000 -107.56,44.64,8000 -107.59,44.67,8000 -107.62,44.70,8000 -107.66,44.73,8000 -107.69,44.76,8000 -107.72,44.78,8000 -107.76,44.81,8000 -107.79,44.84,8000 -107.82,44.86,8000 -107.84,44.88,8000 -107.87,44.91,8000 -107.89,44.94,8000 -107.91,44.97,8000 -107.93,45.00,8000 -107.95,45.03,8000 -107.97,45.06,8000 -107.99,45.10,8000 -107.86,45.19,8000 
          </coordinates>
        </LinearRing>
      </outerBoundaryIs>
      <innerBoundaryIs>
        <LinearRing>
          <coordinates>
-107.60,45.07,9000 -107.57,45.05,9000 -107.55,45.04,9000 -107.52,45.02,9000 -107.50,45.00,9000 -107.47,44.98,9000 -107.45,44.96,9000 -107.43,44.94,9000 -107.41,44.91,9000 -107.39,44.89,9000 -107.37,44.86,9000 -107.36,44.84,9000 -107.34,44.81,9000 -107.33,44.80,9000 -107.32,44.80,9000 -107.31,44.79,9000 -107.30,44.77,9000 -107.29,44.74,9000 -107.27,44.71,9000 -107.26,44.69,9000 -107.24,44.66,9000 -107.22,44.64,9000 -107.20,44.62,9000 -107.17,44.60,9000 -107.14,44.58,9000 -107.12,44.56,9000 -107.09,44.54,9000 -107.07,44.52,9000 -107.05,44.51,9000 -107.02,44.49,9000 -107.02,44.48,9000 -107.02,44.46,9000 -107.01,44.42,9000 -107.01,44.39,9000 -107.01,44.36,9000 -107.03,44.35,9000 -107.05,44.35,9000 -107.08,44.36,9000 -107.12,44.37,9000 -107.15,44.39,9000 -107.19,44.40,9000 -107.23,44.42,9000 -107.26,44.43,9000 -107.28,44.44,9000 -107.29,44.46,9000 -107.30,44.48,9000 -107.31,44.50,9000 -107.32,44.53,9000 -107.33,44.55,9000 -107.35,44.58,9000 -107.36,44.61,9000 -107.38,44.63,9000 -107.40,44.65,9000 -107.43,44.67,9000 -107.46,44.68,9000 -107.49,44.69,9000 -107.51,44.71,9000 -107.54,44.72,9000 -107.56,44.73,9000 -107.59,44.75,9000 -107.60,44.76,9000 -107.62,44.78,9000 -107.63,44.79,9000 -107.65,44.81,9000 -107.67,44.83,9000 -107.69,44.85,9000 -107.71,44.87,9000 -107.73,44.89,9000 -107.76,44.92,9000 -107.78,44.94,9000 -107.60,45.07,9000 
          </coordinates>
        </LinearRing>
      </innerBoundaryIs>
  </Polygon>
 </MultiGeometry>
</Placemark>
<Placemark>
  <name>80%</name>
  <visibility>1</visibility>
  <styleUrl>#poly_80</styleUrl>
  <MultiGeometry>
    <Polygon>
      <outerBoundaryIs>
        <LinearRing>
          <coordinates>
-69.37,50.65,9000 -68.12,50.63,9000 -67.80,50.57,9000 -67.47,50.45,9000 -66.97,50.26,9000 -66.49,50.07,9000 -66.20,49.79,9000 -65.88,49.53,9000 -65.72,49.22,9000 -65.63,48.94,9000 -65.41,48.82,9000 -65.11,48.76,9000 -64.66,48.64,9000 -63.98,48.40,9000 -63.64,48.26,9000 -63.31,48.04,9000 -62.42,47.64,9000 -62.32,47.48,9000 -62.42,47.08,9000 -62.63,46.69,9000 -62.74,46.52,9000 -62.98,46.61,9000 -63.38,46.75,9000 -63.69,46.78,9000 -64.78,46.62,9000 -65.56,46.43,9000 -66.18,46.16,9000 -66.66,46.06,9000 -66.98,46.06,9000 -67.14,46.24,9000 -67.14,46.42,9000 -67.01,46.59,9000 -66.85,46.81,9000 -66.68,47.22,9000 -66.64,47.70,9000 -66.81,48.03,9000 -66.82,48.13,9000 -66.67,48.22,9000 -66.50,48.40,9000 -66.33,48.44,9000 -65.93,47.91,9000 -65.62,47.81,9000 -65.33,47.88,9000 -65.20,47.98,9000 -65.21,48.18,9000 -65.36,48.50,9000 -65.52,48.64,9000 -65.76,48.71,9000 -66.00,48.75,9000 -66.21,48.88,9000 -66.40,49.10,9000 -66.66,49.18,9000 -66.95,49.16,9000 -67.28,48.92,9000 -67.45,48.72,9000 -67.44,48.50,9000 -67.29,48.18,9000 -67.21,48.06,9000 -67.25,47.89,9000 -67.90,47.73,9000 -68.18,47.90,9000 -68.52,48.02,9000 -68.91,47.92,9000 -69.21,47.63,9000 -69.53,47.39,9000 -69.78,47.50,9000 -70.08,47.40,9000 -69.97,47.16,9000 -70.18,46.84,9000 -70.46,46.90,9000 -70.68,46.97,9000 -70.85,46.94,9000 -71.26,46.83,9000 -71.78,46.73,9000 -72.40,46.64,9000 -72.88,46.53,9000 -73.26,46.37,9000 -73.94,45.95,9000 -74.15,45.87,9000 -74.49,45.88,9000 -74.76,45.96,9000 -75.08,45.96,9000 -75.63,45.88,9000 -76.08,45.77,9000 -76.49,45.67,9000 -76.82,45.48,9000 -76.87,45.05,9000 -76.91,44.83,9000 -77.02,44.57,9000 -77.14,44.47,9000 -77.44,44.46,9000 -77.77,44.49,9000 -78.08,44.57,9000 -78.38,44.66,9000 -78.91,44.70,9000 -79.32,44.69,9000 -79.84,44.71,9000 -80.12,44.55,9000 -80.33,44.29,9000 -80.93,43.83,9000 -81.15,43.64,9000 -81.45,43.82,9000 -81.60,44.07,9000 -81.52,44.26,9000 -81.50,44.39,9000 -81.66,44.49,9000 -81.93,44.57,9000 -82.22,44.59,9000 -82.93,44.64,9000 -83.40,44.48,9000 -83.85,44.23,9000 -84.50,43.83,9000 -84.97,43.67,9000 -85.38,43.50,9000 -85.73,43.30,9000 -85.87,43.16,9000 -85.96,42.92,9000 -85.57,42.19,9000 -85.64,41.89,9000 -85.86,41.66,9000 -86.16,41.57,9000 -86.44,41.55,9000 -86.69,41.60,9000 -86.91,41.71,9000 -87.01,41.99,9000 -87.21,42.28,9000 -87.33,42.35,9000 -87.45,42.41,9000 -87.58,42.34,9000 -87.85,42.12,9000 -88.52,41.67,9000 -88.87,41.42,9000 -89.17,41.29,9000 -89.67,41.17,9000 -89.95,41.03,9000 -90.26,40.85,9000 -90.64,40.76,9000 -91.47,40.86,9000 -91.76,41.01,9000 -91.97,41.27,9000 -92.39,41.86,9000 -92.77,42.02,9000 -93.11,42.27,9000 -93.40,42.47,9000 -93.84,42.72,9000 -94.56,43.13,9000 -95.00,43.26,9000 -95.47,43.44,9000 -96.36,43.82,9000 -96.77,43.95,9000 -97.19,44.00,9000 -97.71,44.03,9000 -98.05,43.89,9000 -98.37,43.78,9000 -98.80,43.85,9000 -99.11,43.90,9000 -99.37,43.80,9000 -99.46,43.40,9000 -99.65,43.27,9000 -99.94,43.25,9000 -100.55,43.33,9000 -100.92,43.49,9000 -101.42,43.37,9000 -101.51,43.48,9000 -101.32,43.71,9000 -101.27,43.88,9000 -101.33,44.03,9000 -101.65,44.11,9000 -102.17,44.16,9000 -102.29,44.37,9000 -102.53,44.46,9000 -102.70,44.48,9000 -102.83,44.39,9000 -102.92,44.17,9000 -103.92,44.13,9000 -104.38,44.28,9000 -104.71,44.55,9000 -104.71,44.78,9000 -104.62,44.87,9000 -104.44,44.97,9000 -104.18,45.02,9000 -103.94,44.99,9000 -104.17,45.21,9000 -104.68,45.77,9000 -105.03,46.06,9000 -105.47,46.16,9000 -105.83,46.21,9000 -106.17,46.19,9000 -106.38,46.22,9000 -106.41,46.38,9000 -106.62,46.57,9000 -107.07,46.71,9000 -107.47,46.85,9000 -107.63,46.90,9000 -107.88,46.87,9000 -108.15,46.76,9000 -108.59,46.77,9000 -109.08,46.77,9000 -109.41,46.77,9000 -109.66,46.83,9000 -110.02,46.94,9000 -110.33,46.81,9000 -110.69,46.79,9000 -111.22,46.86,9000 -112.06,46.84,9000 -112.14,46.73,9000 -112.08,46.48,9000 -112.19,46.31,9000 -112.42,46.28,9000 -112.78,46.33,9000 -113.08,46.06,9000 -113.24,45.83,9000 -113.46,45.76,9000 -113.71,45.82,9000 -113.77,46.04,9000 -113.73,46.27,9000 -113.69,46.63,9000 -113.80,46.86,9000 -114.30,47.02,9000 -114.61,47.01,9000 -114.61,46.90,9000 -114.43,46.76,9000 -114.29,46.53,9000 -114.37,45.65,9000 -114.49,45.52,9000 -114.77,45.52,9000 -115.17,45.61,9000 -115.54,45.71,9000 -115.54,45.87,9000 -115.43,46.11,9000 -115.44,46.34,9000 -115.43,46.64,9000 -115.44,46.80,9000 -115.55,46.95,9000 -115.74,47.12,9000 -115.64,47.41,9000 -115.41,47.48,9000 -115.40,47.60,9000 -115.57,47.78,9000 -115.71,47.98,9000 -115.73,48.18,9000 -115.53,48.27,9000 -115.22,48.29,9000 -114.89,48.26,9000 -114.77,48.20,9000 -114.51,48.00,9000 -114.53,47.80,9000 -114.56,47.60,9000 -114.45,47.45,9000 -114.19,47.50,9000 -113.95,48.18,9000 -113.66,48.72,9000 -113.81,49.25,9000 -112.90,49.64,9000 -112.33,49.82,9000 -112.04,49.76,9000 -111.89,49.57,9000 -111.82,49.37,9000 -111.59,49.32,9000 -111.08,49.20,9000 -110.33,48.85,9000 -109.95,48.65,9000 -109.22,48.62,9000 -108.25,48.56,9000 -107.78,48.49,9000 -107.31,48.36,9000 -106.45,48.10,9000 -105.61,48.10,9000 -105.07,48.10,9000 -104.45,48.07,9000 -103.35,47.99,9000 -102.14,47.82,9000 -100.63,47.59,9000 -99.47,47.39,9000 -98.72,47.19,9000 -98.44,47.13,9000 -98.09,47.14,9000 -97.73,47.18,9000 -97.31,47.14,9000 -96.45,46.84,9000 -96.16,46.80,9000 -95.82,46.82,9000 -95.34,46.92,9000 -94.06,46.92,9000 -93.28,46.97,9000 -92.60,47.04,9000 -91.79,47.22,9000 -91.50,47.29,9000 -91.20,47.29,9000 -90.61,47.33,9000 -89.98,47.52,9000 -89.25,47.89,9000 -88.47,48.29,9000 -87.71,48.71,9000 -87.53,48.94,9000 -87.39,49.22,9000 -87.18,49.55,9000 -86.96,49.78,9000 -86.53,50.19,9000 -86.09,50.30,9000 -85.51,50.27,9000 -85.09,50.13,9000 -84.80,49.94,9000 -84.29,49.78,9000 -83.84,49.55,9000 -83.43,49.31,9000 -82.99,49.18,9000 -82.64,48.95,9000 -82.24,48.74,9000 -81.24,48.50,9000 -80.06,48.21,9000 -78.98,47.93,9000 -78.10,47.71,9000 -77.55,47.69,9000 -76.93,47.71,9000 -76.55,47.74,9000 -76.17,47.83,9000 -74.65,48.22,9000 -74.21,48.36,9000 -73.87,48.55,9000 -73.49,48.70,9000 -72.95,48.84,9000 -72.64,49.01,9000 -72.34,49.32,9000 -71.75,49.59,9000 -71.21,50.12,9000 -70.98,50.30,9000 -70.51,50.45,9000 -69.37,50.65,9000 
          </coordinates>
        </LinearRing>
      </outerBoundaryIs>
      <innerBoundaryIs>
        <LinearRing>
          <coordinates>
-104.41,44.69,10000 -104.38,44.69,10000 -104.35,44.69,10000 -104.32,44.69,10000 -104.29,44.69,10000 -104.26,44.69,10000 -104.23,44.69,10000 -104.20,44.69,10000 -104.17,44.69,10000 -104.14,44.69,10000 -104.11,44.69,10000 -104.08,44.68,10000 -104.04,44.68,10000 -104.01,44.68,10000 -103.98,44.67,10000 -103.95,44.67,10000 -103.92,44.67,10000 -103.89,44.67,10000 -103.85,44.67,10000 -103.82,44.67,10000 -103.78,44.66,10000 -103.75,44.66,10000 -103.72,44.66,10000 -103.70,44.66,10000 -103.68,44.66,10000 -103.67,44.66,10000 -103.65,44.65,10000 -103.62,44.65,10000 -103.59,44.64,10000 -103.55,44.63,10000 -103.52,44.62,10000 -103.48,44.61,10000 -103.45,44.60,10000 -103.43,44.59,10000 -103.40,44.57,10000 -103.38,44.56,10000 -103.37,44.54,10000 -103.36,44.52,10000 -103.35,44.50,10000 -103.35,44.48,10000 -103.34,44.46,10000 -103.34,44.44,10000 -103.34,44.41,10000 -103.34,44.39,10000 -103.34,44.36,10000 -103.35,44.34,10000 -103.35,44.33,10000 -103.36,44.31,10000 -103.41,44.31,10000 -103.43,44.30,10000 -103.46,44.30,10000 -103.49,44.29,10000 -103.52,44.29,10000 -103.55,44.28,10000 -103.59,44.27,10000 -103.62,44.27,10000 -103.65,44.26,10000 -103.68,44.26,10000 -103.72,44.25,10000 -103.75,44.25,10000 -103.78,44.24,10000 -103.81,44.24,10000 -103.85,44.24,10000 -103.88,44.24,10000 -103.91,44.24,10000 -103.95,44.24,10000 -103.98,44.25,10000 -104.02,44.25,10000 -104.05,44.26,10000 -104.08,44.26,10000 -104.11,44.27,10000 -104.13,44.27,10000 -104.16,44.27,10000 -104.18,44.29,10000 -104.20,44.30,10000 -104.22,44.32,10000 -104.24,44.33,10000 -104.27,44.35,10000 -104.29,44.37,10000 -104.32,44.39,10000 -104.34,44.40,10000 -104.36,44.42,10000 -104.38,44.43,10000 -104.41,44.44,10000 -104.42,44.45,10000 -104.43,44.46,10000 -104.43,44.48,10000 -104.44,44.50,10000 -104.45,44.52,10000 -104.46,44.54,10000 -104.46,44.57,10000 -104.47,44.59,10000 -104.48,44.62,10000 -104.41,44.69,10000 
          </coordinates>
        </LinearRing>
      </innerBoundaryIs>
      <innerBoundaryIs>
        <LinearRing>
          <coordinates>
-86.26,42.63,10000 -86.24,42.61,10000 -86.21,42.60,10000 -86.18,42.58,10000 -86.15,42.57,10000 -86.11,42.56,10000 -86.06,42.55,10000 -86.03,42.53,10000 -86.01,42.51,10000 -86.00,42.49,10000 -85.98,42.47,10000 -85.97,42.44,10000 -85.96,42.42,10000 -85.94,42.39,10000 -85.92,42.36,10000 -85.90,42.33,10000 -85.87,42.30,10000 -85.85,42.27,10000 -85.83,42.25,10000 -85.82,42.23,10000 -85.82,42.21,10000 -85.82,42.19,10000 -85.83,42.16,10000 -85.83,42.13,10000 -85.84,42.11,10000 -85.84,42.09,10000 -85.84,42.07,10000 -85.86,42.04,10000 -85.88,42.02,10000 -85.90,41.99,10000 -85.93,41.97,10000 -85.96,41.94,10000 -85.98,41.91,10000 -86.01,41.89,10000 -86.03,41.87,10000 -86.06,41.85,10000 -86.10,41.84,10000 -86.13,41.83,10000 -86.17,41.83,10000 -86.21,41.82,10000 -86.25,41.81,10000 -86.29,41.81,10000 -86.33,41.81,10000 -86.37,41.82,10000 -86.41,41.83,10000 -86.44,41.85,10000 -86.47,41.87,10000 -86.50,41.89,10000 -86.52,41.91,10000 -86.53,41.94,10000 -86.54,41.97,10000 -86.54,42.00,10000 -86.55,42.02,10000 -86.55,42.04,10000 -86.55,42.07,10000 -86.55,42.09,10000 -86.55,42.12,10000 -86.55,42.15,10000 -86.55,42.18,10000 -86.55,42.21,10000 -86.55,42.24,10000 -86.54,42.27,10000 -86.54,42.29,10000 -86.53,42.31,10000 -86.52,42.33,10000 -86.51,42.35,10000 -86.51,42.37,10000 -86.50,42.39,10000 -86.48,42.42,10000 -86.46,42.44,10000 -86.45,42.46,10000 -86.43,42.48,10000 -86.40,42.51,10000 -86.38,42.53,10000 -86.36,42.55,10000 -86.33,42.58,10000 -86.26,42.63,10000 
          </coordinates>
        </LinearRing>
      </innerBoundaryIs>
      <innerBoundaryIs>
        <LinearRing>
          <coordinates>
-64.85,48.55,10000 -64.83,48.55,10000 -64.81,48.55,10000 -64.80,48.54,10000 -64.78,48.54,10000 -64.76,48.54,10000 -64.74,48.53,10000 -64.73,48.53,10000 -64.71,48.53,10000 -64.69,48.53,10000 -64.68,48.52,10000 -64.66,48.52,10000 -64.64,48.52,10000 -64.63,48.51,10000 -64.61,48.51,10000 -64.59,48.51,10000 -64.57,48.50,10000 -64.55,48.50,10000 -64.53,48.50,10000 -64.51,48.49,10000 -64.49,48.49,10000 -64.47,48.48,10000 -64.46,48.48,10000 -64.44,48.48,10000 -64.43,48.47,10000 -64.42,48.46,10000 -64.41,48.46,10000 -64.41,48.45,10000 -64.41,48.44,10000 -64.42,48.44,10000 -64.42,48.43,10000 -64.43,48.42,10000 -64.44,48.41,10000 -64.46,48.40,10000 -64.47,48.39,10000 -64.49,48.38,10000 -64.50,48.37,10000 -64.52,48.36,10000 -64.53,48.35,10000 -64.55,48.34,10000 -64.56,48.34,10000 -64.58,48.33,10000 -64.59,48.32,10000 -64.60,48.31,10000 -64.61,48.31,10000 -64.64,48.30,10000 -64.65,48.30,10000 -64.67,48.31,10000 -64.68,48.31,10000 -64.69,48.31,10000 -64.70,48.31,10000 -64.72,48.32,10000 -64.73,48.32,10000 -64.75,48.33,10000 -64.76,48.33,10000 -64.77,48.34,10000 -64.79,48.34,10000 -64.80,48.35,10000 -64.82,48.35,10000 -64.84,48.35,10000 -64.85,48.36,10000 -64.87,48.37,10000 -64.88,48.37,10000 -64.90,48.38,10000 -64.91,48.39,10000 -64.92,48.40,10000 -64.93,48.41,10000 -64.93,48.42,10000 -64.94,48.42,10000 -64.95,48.44,10000 -64.96,48.45,10000 -64.96,48.46,10000 -64.97,48.47,10000 -64.97,48.48,10000 -64.98,48.49,10000 -64.98,48.50,10000 -64.99,48.52,10000 -64.99,48.53,10000 -65.00,48.54,10000 -64.85,48.55,10000 
          </coordinates>
        </LinearRing>
      </innerBoundaryIs>
      <innerBoundaryIs>
        <LinearRing>
          <coordinates>
-64.02,47.98,10000 -63.90,47.98,10000 -63.79,47.98,10000 -63.68,47.97,10000 -63.58,47.94,10000 -63.49,47.90,10000 -63.39,47.86,10000 -63.30,47.83,10000 -63.20,47.80,10000 -63.09,47.76,10000 -62.98,47.72,10000 -62.88,47.68,10000 -62.77,47.63,10000 -62.66,47.58,10000 -62.57,47.53,10000 -62.50,47.48,10000 -62.45,47.41,10000 -62.44,47.35,10000 -62.45,47.28,10000 -62.47,47.21,10000 -62.50,47.13,10000 -62.54,47.08,10000 -62.61,47.06,10000 -62.71,47.08,10000 -62.79,47.13,10000 -62.89,47.20,10000 -63.00,47.25,10000 -63.10,47.26,10000 -63.22,47.26,10000 -63.33,47.24,10000 -63.44,47.23,10000 -63.55,47.20,10000 -63.65,47.16,10000 -63.80,47.15,10000 -63.90,47.17,10000 -64.03,47.20,10000 -64.16,47.24,10000 -64.30,47.27,10000 -64.44,47.29,10000 -64.56,47.28,10000 -64.66,47.24,10000 -64.75,47.19,10000 -64.84,47.12,10000 -64.93,47.04,10000 -65.01,46.96,10000 -65.09,46.90,10000 -65.17,46.84,10000 -65.27,46.78,10000 -65.37,46.74,10000 -65.47,46.71,10000 -65.56,46.68,10000 -65.64,46.64,10000 -65.73,46.59,10000 -65.81,46.54,10000 -65.89,46.50,10000 -65.97,46.45,10000 -66.05,46.40,10000 -66.14,46.36,10000 -66.22,46.32,10000 -66.30,46.29,10000 -66.39,46.27,10000 -66.47,46.26,10000 -66.56,46.26,10000 -66.67,46.26,10000 -66.78,46.27,10000 -66.84,46.34,10000 -66.83,46.39,10000 -66.81,46.47,10000 -66.77,46.55,10000 -66.72,46.64,10000 -66.68,46.73,10000 -66.63,46.81,10000 -66.60,46.89,10000 -66.57,46.97,10000 -66.55,47.05,10000 -66.52,47.13,10000 -66.50,47.20,10000 -66.49,47.27,10000 -66.47,47.33,10000 -66.45,47.42,10000 -66.45,47.49,10000 -66.44,47.56,10000 -66.43,47.63,10000 -66.42,47.71,10000 -66.41,47.79,10000 -66.39,47.86,10000 -66.36,47.90,10000 -66.25,47.90,10000 -66.11,47.85,10000 -66.02,47.80,10000 -65.92,47.75,10000 -65.82,47.70,10000 -65.72,47.67,10000 -65.61,47.66,10000 -65.50,47.66,10000 -65.41,47.68,10000 -65.32,47.71,10000 -65.23,47.74,10000 -65.12,47.76,10000 -65.02,47.77,10000 -64.90,47.77,10000 -64.79,47.77,10000 -64.68,47.78,10000 -64.58,47.79,10000 -64.45,47.82,10000 -64.35,47.87,10000 -64.26,47.92,10000 -64.02,47.98,10000 
          </coordinates>
        </LinearRing>
      </innerBoundaryIs>
      <innerBoundaryIs>
        <LinearRing>
          <coordinates>
-68.36,50.53,10000 -67.95,50.51,10000 -67.63,50.43,10000 -66.94,50.16,10000 -66.45,49.91,10000 -66.08,49.51,10000 -65.83,49.34,10000 -65.94,49.10,10000 -66.53,49.32,10000 -66.92,49.33,10000 -67.22,49.25,10000 -67.72,49.05,10000 -68.22,48.85,10000 -68.43,48.71,10000 -68.55,48.50,10000 -68.78,48.22,10000 -68.99,48.18,10000 -69.35,48.13,10000 -69.64,47.99,10000 -70.00,47.72,10000 -70.38,47.49,10000 -70.59,47.26,10000 -70.83,47.16,10000 -71.28,47.00,10000 -71.84,46.89,10000 -72.24,46.88,10000 -72.70,46.82,10000 -73.27,46.60,10000 -73.81,46.36,10000 -74.09,46.23,10000 -74.51,46.25,10000 -74.78,46.38,10000 -75.13,46.43,10000 -75.82,46.34,10000 -76.27,46.09,10000 -76.46,46.01,10000 -76.81,45.97,10000 -77.23,45.95,10000 -77.41,45.90,10000 -77.79,45.51,10000 -78.23,45.14,10000 -78.88,45.18,10000 -79.46,45.36,10000 -79.79,45.40,10000 -80.14,45.34,10000 -80.25,44.97,10000 -80.45,44.73,10000 -80.62,44.64,10000 -81.08,44.64,10000 -81.33,44.75,10000 -81.55,44.83,10000 -81.80,44.83,10000 -82.27,44.85,10000 -82.71,44.90,10000 -83.08,44.83,10000 -84.15,44.35,10000 -85.08,43.84,10000 -85.56,43.61,10000 -85.98,43.34,10000 -86.39,42.94,10000 -86.63,42.89,10000 -86.99,42.95,10000 -87.18,43.00,10000 -87.56,43.02,10000 -87.92,42.77,10000 -88.54,42.15,10000 -89.02,41.99,10000 -89.93,41.86,10000 -90.54,41.79,10000 -91.00,41.85,10000 -91.24,41.93,10000 -91.50,42.06,10000 -91.73,42.23,10000 -91.94,42.41,10000 -92.21,42.57,10000 -92.63,42.94,10000 -92.83,43.02,10000 -93.23,43.09,10000 -94.18,43.34,10000 -95.52,43.69,10000 -96.89,44.01,10000 -97.88,44.20,10000 -98.43,43.99,10000 -98.88,44.04,10000 -99.27,44.13,10000 -99.58,44.15,10000 -99.82,44.06,10000 -100.05,43.93,10000 -100.49,43.90,10000 -100.71,43.95,10000 -100.90,44.14,10000 -101.02,44.24,10000 -101.38,44.34,10000 -101.65,44.46,10000 -101.79,44.69,10000 -102.11,44.77,10000 -102.62,44.81,10000 -102.80,44.89,10000 -102.99,45.13,10000 -103.13,45.23,10000 -103.50,45.34,10000 -103.99,45.55,10000 -104.41,45.86,10000 -104.75,46.15,10000 -105.19,46.38,10000 -105.71,46.53,10000 -106.16,46.75,10000 -106.85,46.88,10000 -107.14,46.99,10000 -107.40,47.16,10000 -107.63,47.34,10000 -107.91,47.33,10000 -108.15,47.20,10000 -108.45,47.11,10000 -109.05,46.90,10000 -109.30,46.87,10000 -109.46,46.97,10000 -109.75,47.16,10000 -110.00,47.19,10000 -110.28,47.12,10000 -110.55,46.94,10000 -111.64,47.03,10000 -111.66,47.23,10000 -111.57,47.38,10000 -111.69,47.98,10000 -111.64,48.23,10000 -111.39,48.27,10000 -110.83,48.26,10000 -110.52,48.18,10000 -110.25,48.01,10000 -109.99,47.95,10000 -109.68,48.04,10000 -109.60,48.29,10000 -109.46,48.41,10000 -109.02,48.45,10000 -108.73,48.39,10000 -107.96,48.23,10000 -107.51,48.00,10000 -107.34,48.06,10000 -106.95,48.07,10000 -106.66,47.92,10000 -106.27,47.80,10000 -105.45,47.82,10000 -104.60,47.90,10000 -104.21,47.87,10000 -103.94,47.80,10000 -103.18,47.77,10000 -102.63,47.75,10000 -102.10,47.59,10000 -101.48,47.46,10000 -100.96,47.30,10000 -100.53,47.22,10000 -100.13,47.18,10000 -99.91,47.14,10000 -99.70,47.09,10000 -99.45,47.14,10000 -99.06,47.08,10000 -98.81,47.01,10000 -98.38,46.92,10000 -97.87,46.92,10000 -97.37,46.90,10000 -97.13,46.86,10000 -96.49,46.65,10000 -96.05,46.63,10000 -95.64,46.67,10000 -95.11,46.74,10000 -94.14,46.74,10000 -93.14,46.79,10000 -91.85,46.99,10000 -90.60,47.19,10000 -89.98,47.34,10000 -89.35,47.63,10000 -88.50,48.05,10000 -88.00,48.29,10000 -87.45,48.58,10000 -87.17,48.94,10000 -86.88,49.41,10000 -86.49,49.81,10000 -86.07,50.10,10000 -85.58,50.17,10000 -85.12,49.99,10000 -84.65,49.76,10000 -83.68,49.32,10000 -82.74,48.88,10000 -82.33,48.67,10000 -81.56,48.48,10000 -80.88,48.31,10000 -80.21,48.14,10000 -79.51,47.98,10000 -78.72,47.76,10000 -78.06,47.59,10000 -77.57,47.57,10000 -77.29,47.63,10000 -76.80,47.61,10000 -76.36,47.68,10000 -75.77,47.84,10000 -74.53,48.15,10000 -74.07,48.30,10000 -73.82,48.47,10000 -73.54,48.58,10000 -73.00,48.72,10000 -72.65,48.85,10000 -72.26,49.17,10000 -72.08,49.33,10000 -71.80,49.44,10000 -71.52,49.59,10000 -71.33,49.75,10000 -70.98,50.17,10000 -70.70,50.31,10000 -70.23,50.41,10000 -69.65,50.51,10000 -68.36,50.53,10000 
          </coordinates>
        </LinearRing>
      </innerBoundaryIs>
      <innerBoundaryIs>
        <LinearRing>
          <coordinates>
-115.03,46.75,10000 -114.99,46.73,10000 -114.96,46.72,10000 -114.92,46.72,10000 -114.87,46.71,10000 -114.82,46.70,10000 -114.77,46.69,10000 -114.73,46.68,10000 -114.68,46.67,10000 -114.63,46.66,10000 -114.58,46.65,10000 -114.54,46.64,10000 -114.51,46.63,10000 -114.47,46.61,10000 -114.46,46.58,10000 -114.45,46.55,10000 -114.45,46.51,10000 -114.44,46.47,10000 -114.44,46.44,10000 -114.44,46.42,10000 -114.46,46.40,10000 -114.47,46.38,10000 -114.49,46.35,10000 -114.52,46.32,10000 -114.54,46.29,10000 -114.55,46.26,10000 -114.56,46.23,10000 -114.56,46.19,10000 -114.57,46.16,10000 -114.57,46.12,10000 -114.57,46.09,10000 -114.57,46.06,10000 -114.57,46.02,10000 -114.57,45.98,10000 -114.57,45.95,10000 -114.57,45.92,10000 -114.57,45.88,10000 -114.57,45.85,10000 -114.57,45.82,10000 -114.58,45.81,10000 -114.60,45.82,10000 -114.62,45.84,10000 -114.64,45.88,10000 -114.67,45.91,10000 -114.69,45.93,10000 -114.72,45.96,10000 -114.74,45.99,10000 -114.77,46.01,10000 -114.79,46.04,10000 -114.81,46.06,10000 -114.83,46.09,10000 -114.85,46.11,10000 -114.89,46.12,10000 -114.93,46.12,10000 -114.99,46.12,10000 -115.05,46.11,10000 -115.10,46.11,10000 -115.14,46.11,10000 -115.17,46.13,10000 -115.17,46.16,10000 -115.18,46.20,10000 -115.19,46.23,10000 -115.20,46.26,10000 -115.21,46.30,10000 -115.21,46.33,10000 -115.22,46.36,10000 -115.22,46.39,10000 -115.22,46.43,10000 -115.22,46.46,10000 -115.22,46.48,10000 -115.21,46.51,10000 -115.19,46.54,10000 -115.17,46.56,10000 -115.15,46.59,10000 -115.13,46.62,10000 -115.10,46.65,10000 -115.08,46.69,10000 -115.05,46.72,10000 -115.03,46.75,10000 
          </coordinates>
        </LinearRing>
      </innerBoundaryIs>
      <innerBoundaryIs>
        <LinearRing>
          <coordinates>
-113.38,48.47,10000 -113.28,48.45,10000 -113.18,48.43,10000 -113.09,48.41,10000 -113.00,48.39,10000 -112.92,48.37,10000 -112.85,48.35,10000 -112.74,48.32,10000 -112.66,48.29,10000 -112.60,48.26,10000 -112.54,48.23,10000 -112.48,48.19,10000 -112.46,48.15,10000 -112.48,48.11,10000 -112.54,48.08,10000 -112.58,48.03,10000 -112.60,47.98,10000 -112.60,47.92,10000 -112.61,47.86,10000 -112.61,47.80,10000 -112.61,47.74,10000 -112.61,47.67,10000 -112.60,47.60,10000 -112.58,47.54,10000 -112.54,47.49,10000 -112.49,47.44,10000 -112.44,47.39,10000 -112.40,47.33,10000 -112.38,47.28,10000 -112.36,47.23,10000 -112.35,47.18,10000 -112.35,47.12,10000 -112.35,47.05,10000 -112.36,46.99,10000 -112.38,46.92,10000 -112.40,46.85,10000 -112.42,46.78,10000 -112.45,46.71,10000 -112.47,46.66,10000 -112.50,46.63,10000 -112.57,46.63,10000 -112.64,46.70,10000 -112.70,46.78,10000 -112.73,46.84,10000 -112.75,46.90,10000 -112.76,46.97,10000 -112.78,47.02,10000 -112.81,47.07,10000 -112.88,47.10,10000 -112.94,47.12,10000 -113.02,47.15,10000 -113.10,47.18,10000 -113.19,47.20,10000 -113.27,47.21,10000 -113.36,47.20,10000 -113.45,47.18,10000 -113.53,47.15,10000 -113.61,47.13,10000 -113.70,47.12,10000 -113.78,47.12,10000 -113.86,47.12,10000 -113.92,47.14,10000 -113.96,47.19,10000 -113.96,47.26,10000 -113.96,47.34,10000 -113.96,47.40,10000 -113.96,47.46,10000 -113.95,47.54,10000 -113.94,47.61,10000 -113.93,47.68,10000 -113.91,47.74,10000 -113.89,47.80,10000 -113.87,47.86,10000 -113.84,47.92,10000 -113.81,47.98,10000 -113.78,48.04,10000 -113.75,48.10,10000 -113.72,48.16,10000 -113.68,48.22,10000 -113.65,48.27,10000 -113.62,48.33,10000 -113.58,48.39,10000 -113.38,48.47,10000 
          </coordinates>
        </LinearRing>
      </innerBoundaryIs>
      <innerBoundaryIs>
        <LinearRing>
          <coordinates>
-111.45,48.97,10000 -111.44,48.97,10000 -111.43,48.97,10000 -111.41,48.97,10000 -111.40,48.97,10000 -111.39,48.97,10000 -111.38,48.98,10000 -111.37,48.98,10000 -111.36,48.98,10000 -111.34,48.98,10000 -111.33,48.98,10000 -111.32,48.98,10000 -111.31,48.98,10000 -111.30,48.98,10000 -111.29,48.98,10000 -111.28,48.98,10000 -111.27,48.98,10000 -111.26,48.98,10000 -111.25,48.98,10000 -111.24,48.98,10000 -111.23,48.98,10000 -111.22,48.98,10000 -111.22,48.98,10000 -111.21,48.98,10000 -111.20,48.98,10000 -111.18,48.98,10000 -111.17,48.98,10000 -111.16,48.97,10000 -111.14,48.97,10000 -111.13,48.97,10000 -111.12,48.96,10000 -111.12,48.96,10000 -111.11,48.95,10000 -111.11,48.95,10000 -111.10,48.94,10000 -111.10,48.94,10000 -111.10,48.94,10000 -111.10,48.93,10000 -111.10,48.93,10000 -111.11,48.92,10000 -111.11,48.91,10000 -111.12,48.91,10000 -111.13,48.90,10000 -111.14,48.90,10000 -111.15,48.90,10000 -111.17,48.89,10000 -111.18,48.89,10000 -111.19,48.89,10000 -111.20,48.89,10000 -111.20,48.89,10000 -111.21,48.89,10000 -111.22,48.89,10000 -111.24,48.89,10000 -111.25,48.89,10000 -111.26,48.89,10000 -111.27,48.89,10000 -111.28,48.89,10000 -111.29,48.89,10000 -111.31,48.89,10000 -111.32,48.89,10000 -111.33,48.89,10000 -111.34,48.89,10000 -111.36,48.89,10000 -111.37,48.89,10000 -111.38,48.90,10000 -111.39,48.90,10000 -111.40,48.90,10000 -111.41,48.90,10000 -111.42,48.90,10000 -111.43,48.90,10000 -111.43,48.90,10000 -111.44,48.90,10000 -111.47,48.90,10000 -111.47,48.91,10000 -111.46,48.91,10000 -111.45,48.97,10000 
          </coordinates>
        </LinearRing>
      </innerBoundaryIs>
  </Polygon>
 </MultiGeometry>
</Placemark>
<Placemark>
  <name>80%</name>
  <visibility>1</visibility>
  <styleUrl>#poly_80</styleUrl>
  <MultiGeometry>
    <Polygon>
      <outerBoundaryIs>
        <LinearRing>
          <coordinates>
-107.60,45.07,9000 -107.57,45.05,9000 -107.55,45.04,9000 -107.52,45.02,9000 -107.50,45.00,9000 -107.47,44.98,9000 -107.45,44.96,9000 -107.43,44.94,9000 -107.41,44.91,9000 -107.39,44.89,9000 -107.37,44.86,9000 -107.36,44.84,9000 -107.34,44.81,9000 -107.33,44.80,9000 -107.32,44.80,9000 -107.31,44.79,9000 -107.30,44.77,9000 -107.29,44.74,9000 -107.27,44.71,9000 -107.26,44.69,9000 -107.24,44.66,9000 -107.22,44.64,9000 -107.20,44.62,9000 -107.17,44.60,9000 -107.14,44.58,9000 -107.12,44.56,9000 -107.09,44.54,9000 -107.07,44.52,9000 -107.05,44.51,9000 -107.02,44.49,9000 -107.02,44.48,9000 -107.02,44.46,9000 -107.01,44.42,9000 -107.01,44.39,9000 -107.01,44.36,9000 -107.03,44.35,9000 -107.05,44.35,9000 -107.08,44.36,9000 -107.12,44.37,9000 -107.15,44.39,9000 -107.19,44.40,9000 -107.23,44.42,9000 -107.26,44.43,9000 -107.28,44.44,9000 -107.29,44.46,9000 -107.30,44.48,9000 -107.31,44.50,9000 -107.32,44.53,9000 -107.33,44.55,9000 -107.35,44.58,9000 -107.36,44.61,9000 -107.38,44.63,9000 -107.40,44.65,9000 -107.43,44.67,9000 -107.46,44.68,9000 -107.49,44.69,9000 -107.51,44.71,9000 -107.54,44.72,9000 -107.56,44.73,9000 -107.59,44.75,9000 -107.60,44.76,9000 -107.62,44.78,9000 -107.63,44.79,9000 -107.65,44.81,9000 -107.67,44.83,9000 -107.69,44.85,9000 -107.71,44.87,9000 -107.73,44.89,9000 -107.76,44.92,9000 -107.78,44.94,9000 -107.60,45.07,9000 
          </coordinates>
        </LinearRing>
      </outerBoundaryIs>
  </Polygon>
 </MultiGeometry>
</Placemark>
<Placemark>
  <name>80%</name>
  <visibility>1</visibility>
  <styleUrl>#poly_80</styleUrl>
  <MultiGeometry>
    <Polygon>
      <outerBoundaryIs>
        <LinearRing>
          <coordinates>
-121.44,49.04,9000 -121.43,49.05,9000 -121.41,49.04,9000 -121.40,49.04,9000 -121.40,49.03,9000 -121.39,49.02,9000 -121.38,49.01,9000 -121.38,49.01,9000 -121.37,49.00,9000 -121.36,48.99,9000 -121.35,48.98,9000 -121.34,48.97,9000 -121.33,48.96,9000 -121.32,48.95,9000 -121.31,48.94,9000 -121.31,48.93,9000 -121.30,48.92,9000 -121.30,48.91,9000 -121.29,48.90,9000 -121.29,48.89,9000 -121.29,48.88,9000 -121.29,48.87,9000 -121.29,48.86,9000 -121.29,48.85,9000 -121.29,48.83,9000 -121.30,48.82,9000 -121.30,48.81,9000 -121.31,48.80,9000 -121.32,48.79,9000 -121.33,48.79,9000 -121.34,48.78,9000 -121.35,48.77,9000 -121.36,48.77,9000 -121.37,48.77,9000 -121.38,48.77,9000 -121.40,48.77,9000 -121.41,48.77,9000 -121.43,48.77,9000 -121.44,48.77,9000 -121.46,48.77,9000 -121.48,48.77,9000 -121.50,48.78,9000 -121.51,48.78,9000 -121.53,48.78,9000 -121.55,48.78,9000 -121.57,48.79,9000 -121.58,48.79,9000 -121.60,48.79,9000 -121.61,48.80,9000 -121.62,48.80,9000 -121.63,48.80,9000 -121.65,48.81,9000 -121.67,48.82,9000 -121.67,48.82,9000 -121.67,48.83,9000 -121.67,48.84,9000 -121.67,48.85,9000 -121.67,48.85,9000 -121.67,48.86,9000 -121.67,48.86,9000 -121.65,48.88,9000 -121.64,48.88,9000 -121.64,48.89,9000 -121.63,48.90,9000 -121.62,48.90,9000 -121.62,48.91,9000 -121.61,48.92,9000 -121.60,48.92,9000 -121.59,48.93,9000 -121.58,48.94,9000 -121.57,48.94,9000 -121.56,48.95,9000 -121.55,48.96,9000 -121.54,48.97,9000 -121.53,48.98,9000 -121.52,48.99,9000 -121.51,49.00,9000 -121.50,49.00,9000 -121.48,49.01,9000 -121.47,49.02,9000 -121.46,49.03,9000 -121.45,49.04,9000 -121.44,49.04,9000 
          </coordinates>
        </LinearRing>
      </outerBoundaryIs>
  </Polygon>
 </MultiGeometry>
</Placemark>
<Placemark>
  <name>80%</name>
  <visibility>1</visibility>
  <styleUrl>#poly_80</styleUrl>
  <MultiGeometry>
    <Polygon>
      <outerBoundaryIs>
        <LinearRing>
          <coordinates>
-68.67,46.92,9000 -68.63,46.91,9000 -68.59,46.89,9000 -68.55,46.88,9000 -68.51,46.86,9000 -68.48,46.85,9000 -68.45,46.84,9000 -68.42,46.83,9000 -68.39,46.81,9000 -68.37,46.80,9000 -68.34,46.79,9000 -68.31,46.78,9000 -68.29,46.77,9000 -68.26,46.76,9000 -68.22,46.75,9000 -68.19,46.74,9000 -68.16,46.73,9000 -68.12,46.71,9000 -68.09,46.69,9000 -68.05,46.68,9000 -68.02,46.66,9000 -68.00,46.65,9000 -67.97,46.63,9000 -67.96,46.60,9000 -67.96,46.57,9000 -67.96,46.55,9000 -67.95,46.52,9000 -67.95,46.49,9000 -67.95,46.46,9000 -67.96,46.43,9000 -67.96,46.40,9000 -67.96,46.37,9000 -67.97,46.35,9000 -67.98,46.32,9000 -67.99,46.30,9000 -68.00,46.27,9000 -68.01,46.25,9000 -68.02,46.23,9000 -68.04,46.20,9000 -68.07,46.18,9000 -68.10,46.16,9000 -68.14,46.15,9000 -68.17,46.15,9000 -68.21,46.16,9000 -68.24,46.16,9000 -68.28,46.18,9000 -68.32,46.19,9000 -68.36,46.20,9000 -68.38,46.21,9000 -68.41,46.23,9000 -68.41,46.26,9000 -68.42,46.29,9000 -68.43,46.31,9000 -68.44,46.34,9000 -68.46,46.37,9000 -68.47,46.40,9000 -68.49,46.43,9000 -68.50,46.45,9000 -68.51,46.47,9000 -68.52,46.50,9000 -68.54,46.52,9000 -68.56,46.53,9000 -68.59,46.55,9000 -68.63,46.56,9000 -68.67,46.58,9000 -68.70,46.59,9000 -68.74,46.61,9000 -68.76,46.62,9000 -68.79,46.64,9000 -68.80,46.65,9000 -68.80,46.68,9000 -68.80,46.70,9000 -68.80,46.73,9000 -68.80,46.75,9000 -68.79,46.79,9000 -68.79,46.82,9000 -68.78,46.85,9000 -68.67,46.92,9000 
          </coordinates>
        </LinearRing>
      </outerBoundaryIs>
  </Polygon>
 </MultiGeometry>
</Placemark>
<Placemark>
  <name>80%</name>
  <visibility>1</visibility>
  <styleUrl>#poly_80</styleUrl>
  <MultiGeometry>
    <Polygon>
      <outerBoundaryIs>
        <LinearRing>
          <coordinates>
-72.28,45.53,9000 -72.26,45.51,9000 -72.25,45.49,9000 -72.23,45.47,9000 -72.22,45.45,9000 -72.21,45.43,9000 -72.20,45.41,9000 -72.20,45.39,9000 -72.20,45.37,9000 -72.21,45.35,9000 -72.22,45.33,9000 -72.23,45.31,9000 -72.24,45.29,9000 -72.26,45.27,9000 -72.27,45.25,9000 -72.28,45.23,9000 -72.29,45.21,9000 -72.30,45.19,9000 -72.31,45.17,9000 -72.31,45.14,9000 -72.32,45.12,9000 -72.33,45.10,9000 -72.34,45.08,9000 -72.35,45.06,9000 -72.36,45.04,9000 -72.37,45.02,9000 -72.37,44.99,9000 -72.38,44.97,9000 -72.39,44.95,9000 -72.40,44.93,9000 -72.41,44.91,9000 -72.43,44.90,9000 -72.45,44.89,9000 -72.49,44.89,9000 -72.52,44.88,9000 -72.56,44.88,9000 -72.60,44.88,9000 -72.63,44.89,9000 -72.66,44.89,9000 -72.68,44.89,9000 -72.70,44.90,9000 -72.68,44.93,9000 -72.68,44.95,9000 -72.67,44.97,9000 -72.67,44.99,9000 -72.66,45.02,9000 -72.65,45.05,9000 -72.65,45.07,9000 -72.64,45.09,9000 -72.63,45.12,9000 -72.63,45.13,9000 -72.62,45.15,9000 -72.61,45.17,9000 -72.59,45.18,9000 -72.58,45.20,9000 -72.55,45.21,9000 -72.53,45.23,9000 -72.51,45.25,9000 -72.50,45.27,9000 -72.48,45.28,9000 -72.47,45.30,9000 -72.46,45.32,9000 -72.44,45.34,9000 -72.43,45.37,9000 -72.41,45.39,9000 -72.40,45.41,9000 -72.28,45.53,9000 
          </coordinates>
        </LinearRing>
      </outerBoundaryIs>
  </Polygon>
 </MultiGeometry>
</Placemark>
<Placemark>
  <name>80%</name>
  <visibility>1</visibility>
  <styleUrl>#poly_80</styleUrl>
  <MultiGeometry>
    <Polygon>
      <outerBoundaryIs>
        <LinearRing>
          <coordinates>
-120.24,51.11,9000 -120.13,51.13,9000 -120.01,51.15,9000 -119.90,51.17,9000 -119.78,51.18,9000 -119.67,51.20,9000 -119.56,51.22,9000 -119.44,51.24,9000 -119.33,51.25,9000 -119.21,51.27,9000 -119.10,51.28,9000 -118.98,51.30,9000 -118.86,51.31,9000 -118.75,51.33,9000 -118.63,51.34,9000 -118.52,51.36,9000 -118.40,51.37,9000 -118.28,51.38,9000 -118.17,51.40,9000 -118.05,51.41,9000 -117.93,51.42,9000 -117.82,51.43,9000 -117.70,51.44,9000 -117.58,51.45,9000 -117.45,51.46,9000 -117.32,51.47,9000 -117.18,51.48,9000 -117.05,51.49,9000 -116.92,51.50,9000 -116.79,51.51,9000 -116.68,51.51,9000 -116.57,51.52,9000 -116.48,51.52,9000 -116.41,51.52,9000 -116.26,51.48,9000 -116.30,51.43,9000 -116.35,51.41,9000 -116.44,51.39,9000 -116.54,51.38,9000 -116.64,51.37,9000 -116.74,51.37,9000 -116.83,51.35,9000 -116.92,51.31,9000 -116.99,51.27,9000 -117.04,51.21,9000 -117.05,51.14,9000 -117.03,51.07,9000 -116.99,51.00,9000 -116.94,50.94,9000 -116.87,50.88,9000 -116.80,50.82,9000 -116.75,50.77,9000 -116.71,50.73,9000 -116.66,50.67,9000 -116.62,50.60,9000 -116.59,50.54,9000 -116.57,50.46,9000 -116.55,50.38,9000 -116.52,50.30,9000 -116.51,50.23,9000 -116.49,50.17,9000 -116.47,50.09,9000 -116.45,50.04,9000 -116.45,49.99,9000 -116.45,49.92,9000 -116.46,49.86,9000 -116.50,49.81,9000 -116.60,49.80,9000 -116.73,49.82,9000 -116.85,49.82,9000 -116.95,49.79,9000 -117.04,49.76,9000 -117.16,49.73,9000 -117.25,49.72,9000 -117.36,49.71,9000 -117.48,49.70,9000 -117.60,49.70,9000 -117.69,49.70,9000 -117.76,49.71,9000 -117.80,49.77,9000 -117.76,49.85,9000 -117.73,49.93,9000 -117.71,50.00,9000 -117.69,50.06,9000 -117.69,50.12,9000 -117.71,50.19,9000 -117.75,50.26,9000 -117.80,50.31,9000 -117.90,50.35,9000 -118.00,50.36,9000 -118.07,50.33,9000 -118.14,50.25,9000 -118.18,50.20,9000 -118.22,50.13,9000 -118.26,50.06,9000 -118.31,50.00,9000 -118.34,49.95,9000 -118.38,49.89,9000 -118.44,49.87,9000 -118.53,49.85,9000 -118.63,49.83,9000 -118.72,49.84,9000 -118.79,49.88,9000 -118.84,49.93,9000 -118.86,49.99,9000 -118.81,50.04,9000 -118.73,50.10,9000 -118.66,50.15,9000 -118.62,50.21,9000 -118.61,50.27,9000 -118.63,50.33,9000 -118.67,50.41,9000 -118.71,50.48,9000 -118.74,50.55,9000 -118.77,50.62,9000 -118.81,50.69,9000 -118.85,50.76,9000 -118.89,50.84,9000 -118.94,50.90,9000 -119.00,50.95,9000 -119.06,50.98,9000 -119.13,51.01,9000 -119.21,51.03,9000 -119.29,51.04,9000 -119.38,51.05,9000 -119.47,51.04,9000 -119.56,51.03,9000 -119.69,51.02,9000 -119.78,51.02,9000 -119.88,51.01,9000 -119.99,51.01,9000 -120.11,51.01,9000 -120.23,51.00,9000 -120.36,51.00,9000 -120.24,51.11,9000 
          </coordinates>
        </LinearRing>
      </outerBoundaryIs>
      <innerBoundaryIs>
        <LinearRing>
          <coordinates>
-119.21,51.17,10000 -119.14,51.18,10000 -119.07,51.19,10000 -119.00,51.20,10000 -118.93,51.22,10000 -118.86,51.23,10000 -118.80,51.24,10000 -118.73,51.25,10000 -118.66,51.26,10000 -118.59,51.27,10000 -118.52,51.28,10000 -118.45,51.29,10000 -118.38,51.30,10000 -118.31,51.31,10000 -118.23,51.32,10000 -118.16,51.33,10000 -118.08,51.34,10000 -118.01,51.35,10000 -117.94,51.35,10000 -117.87,51.36,10000 -117.81,51.37,10000 -117.75,51.37,10000 -117.69,51.38,10000 -117.60,51.39,10000 -117.52,51.40,10000 -117.46,51.40,10000 -117.40,51.41,10000 -117.34,51.41,10000 -117.28,51.41,10000 -117.20,51.41,10000 -117.12,51.41,10000 -117.05,51.41,10000 -117.00,51.40,10000 -116.97,51.39,10000 -116.98,51.37,10000 -117.02,51.34,10000 -117.08,51.30,10000 -117.13,51.27,10000 -117.17,51.23,10000 -117.19,51.20,10000 -117.20,51.16,10000 -117.20,51.13,10000 -117.19,51.09,10000 -117.17,51.04,10000 -117.15,51.01,10000 -117.12,50.97,10000 -117.08,50.93,10000 -117.04,50.88,10000 -117.00,50.84,10000 -116.97,50.80,10000 -116.94,50.76,10000 -116.92,50.73,10000 -116.91,50.68,10000 -116.92,50.64,10000 -116.95,50.61,10000 -116.98,50.57,10000 -117.01,50.54,10000 -117.05,50.51,10000 -117.09,50.49,10000 -117.13,50.46,10000 -117.17,50.42,10000 -117.20,50.38,10000 -117.23,50.33,10000 -117.26,50.27,10000 -117.30,50.22,10000 -117.33,50.19,10000 -117.37,50.18,10000 -117.40,50.19,10000 -117.44,50.22,10000 -117.47,50.26,10000 -117.51,50.31,10000 -117.55,50.36,10000 -117.59,50.41,10000 -117.63,50.45,10000 -117.67,50.49,10000 -117.73,50.53,10000 -117.79,50.56,10000 -117.85,50.60,10000 -117.91,50.62,10000 -117.96,50.64,10000 -118.01,50.65,10000 -118.06,50.64,10000 -118.10,50.61,10000 -118.14,50.58,10000 -118.18,50.56,10000 -118.24,50.55,10000 -118.30,50.55,10000 -118.37,50.56,10000 -118.42,50.57,10000 -118.46,50.59,10000 -118.50,50.62,10000 -118.53,50.65,10000 -118.56,50.69,10000 -118.58,50.72,10000 -118.59,50.76,10000 -118.59,50.80,10000 -118.61,50.84,10000 -118.63,50.88,10000 -118.66,50.92,10000 -118.71,50.95,10000 -118.75,50.99,10000 -118.80,51.02,10000 -118.86,51.05,10000 -118.92,51.07,10000 -118.98,51.09,10000 -119.05,51.10,10000 -119.12,51.11,10000 -119.19,51.12,10000 -119.21,51.17,10000 
          </coordinates>
        </LinearRing>
      </innerBoundaryIs>
  </Polygon>
 </MultiGeometry>
</Placemark>
<Placemark>
  <name>80%</name>
  <visibility>1</visibility>
  <styleUrl>#poly_80</styleUrl>
  <MultiGeometry>
    <Polygon>
      <outerBoundaryIs>
        <LinearRing>
          <coordinates>
-115.26,44.38,9000 -115.23,44.39,9000 -115.20,44.39,9000 -115.17,44.40,9000 -115.14,44.40,9000 -115.11,44.41,9000 -115.08,44.41,9000 -115.05,44.41,9000 -115.02,44.41,9000 -114.99,44.41,9000 -114.95,44.40,9000 -114.92,44.39,9000 -114.89,44.38,9000 -114.86,44.37,9000 -114.83,44.36,9000 -114.81,44.34,9000 -114.80,44.32,9000 -114.79,44.30,9000 -114.78,44.28,9000 -114.78,44.26,9000 -114.77,44.23,9000 -114.77,44.21,9000 -114.77,44.19,9000 -114.76,44.17,9000 -114.75,44.15,9000 -114.74,44.12,9000 -114.73,44.10,9000 -114.72,44.09,9000 -114.71,44.07,9000 -114.70,44.04,9000 -114.69,44.02,9000 -114.69,44.00,9000 -114.69,43.98,9000 -114.70,43.97,9000 -114.71,43.95,9000 -114.72,43.93,9000 -114.73,43.90,9000 -114.74,43.88,9000 -114.75,43.86,9000 -114.77,43.84,9000 -114.78,43.82,9000 -114.80,43.80,9000 -114.83,43.78,9000 -114.86,43.77,9000 -114.89,43.77,9000 -114.92,43.77,9000 -114.95,43.77,9000 -114.98,43.77,9000 -115.01,43.78,9000 -115.04,43.78,9000 -115.07,43.79,9000 -115.10,43.80,9000 -115.12,43.81,9000 -115.14,43.83,9000 -115.15,43.85,9000 -115.16,43.87,9000 -115.17,43.88,9000 -115.18,43.90,9000 -115.18,43.92,9000 -115.19,43.95,9000 -115.19,43.97,9000 -115.20,43.99,9000 -115.20,44.01,9000 -115.20,44.03,9000 -115.21,44.05,9000 -115.21,44.08,9000 -115.22,44.10,9000 -115.22,44.12,9000 -115.23,44.14,9000 -115.23,44.16,9000 -115.24,44.18,9000 -115.24,44.20,9000 -115.25,44.23,9000 -115.26,44.25,9000 -115.26,44.27,9000 -115.27,44.29,9000 -115.26,44.38,9000 
          </coordinates>
        </LinearRing>
      </outerBoundaryIs>
  </Polygon>
 </MultiGeometry>
</Placemark>
<Placemark>
  <name>80%</name>
  <visibility>1</visibility>
  <styleUrl>#poly_80</styleUrl>
  <MultiGeometry>
    <Polygon>
      <outerBoundaryIs>
        <LinearRing>
          <coordinates>
-71.67,45.98,9000 -71.63,45.97,9000 -71.59,45.96,9000 -71.55,45.94,9000 -71.51,45.93,9000 -71.48,45.92,9000 -71.44,45.90,9000 -71.40,45.88,9000 -71.36,45.85,9000 -71.32,45.83,9000 -71.29,45.81,9000 -71.26,45.79,9000 -71.23,45.78,9000 -71.20,45.76,9000 -71.17,45.74,9000 -71.13,45.71,9000 -71.08,45.68,9000 -71.05,45.65,9000 -71.02,45.63,9000 -70.99,45.61,9000 -70.97,45.59,9000 -70.95,45.57,9000 -70.93,45.54,9000 -70.90,45.50,9000 -70.88,45.47,9000 -70.87,45.43,9000 -70.86,45.40,9000 -70.87,45.37,9000 -70.88,45.34,9000 -70.91,45.31,9000 -70.94,45.29,9000 -70.96,45.26,9000 -70.99,45.24,9000 -71.02,45.21,9000 -71.06,45.19,9000 -71.09,45.17,9000 -71.12,45.15,9000 -71.15,45.13,9000 -71.19,45.11,9000 -71.23,45.10,9000 -71.27,45.09,9000 -71.31,45.07,9000 -71.36,45.05,9000 -71.41,45.04,9000 -71.46,45.04,9000 -71.51,45.04,9000 -71.56,45.04,9000 -71.61,45.05,9000 -71.65,45.06,9000 -71.69,45.08,9000 -71.72,45.10,9000 -71.75,45.13,9000 -71.77,45.16,9000 -71.78,45.19,9000 -71.78,45.22,9000 -71.78,45.25,9000 -71.77,45.29,9000 -71.77,45.32,9000 -71.77,45.34,9000 -71.77,45.37,9000 -71.78,45.39,9000 -71.81,45.41,9000 -71.84,45.42,9000 -71.89,45.44,9000 -71.94,45.45,9000 -72.00,45.47,9000 -72.04,45.48,9000 -72.09,45.50,9000 -72.14,45.51,9000 -72.18,45.53,9000 -72.20,45.56,9000 -72.19,45.58,9000 -72.17,45.61,9000 -72.13,45.64,9000 -72.10,45.67,9000 -72.07,45.70,9000 -72.04,45.72,9000 -72.01,45.75,9000 -71.99,45.77,9000 -71.97,45.79,9000 -71.95,45.81,9000 -71.92,45.83,9000 -71.90,45.85,9000 -71.87,45.87,9000 -71.67,45.98,9000 
          </coordinates>
        </LinearRing>
      </outerBoundaryIs>
  </Polygon>
 </MultiGeometry>
</Placemark>
<Placemark>
  <name>80%</name>
  <visibility>1</visibility>
  <styleUrl>#poly_80</styleUrl>
  <MultiGeometry>
    <Polygon>
      <outerBoundaryIs>
        <LinearRing>
          <coordinates>
-121.08,48.69,9000 -121.07,48.68,9000 -121.05,48.67,9000 -121.04,48.66,9000 -121.03,48.65,9000 -121.02,48.64,9000 -121.01,48.63,9000 -121.00,48.62,9000 -120.99,48.60,9000 -120.98,48.59,9000 -120.97,48.58,9000 -120.97,48.57,9000 -120.97,48.55,9000 -120.96,48.54,9000 -120.96,48.52,9000 -120.96,48.51,9000 -120.96,48.49,9000 -120.95,48.48,9000 -120.95,48.46,9000 -120.95,48.45,9000 -120.95,48.43,9000 -120.95,48.42,9000 -120.95,48.40,9000 -120.95,48.39,9000 -120.95,48.37,9000 -120.94,48.35,9000 -120.94,48.34,9000 -120.95,48.32,9000 -120.95,48.31,9000 -120.96,48.30,9000 -120.97,48.30,9000 -120.98,48.30,9000 -121.00,48.30,9000 -121.02,48.31,9000 -121.04,48.31,9000 -121.06,48.32,9000 -121.08,48.33,9000 -121.11,48.34,9000 -121.13,48.35,9000 -121.15,48.36,9000 -121.16,48.37,9000 -121.18,48.38,9000 -121.19,48.39,9000 -121.20,48.40,9000 -121.20,48.41,9000 -121.20,48.42,9000 -121.21,48.44,9000 -121.21,48.45,9000 -121.20,48.46,9000 -121.20,48.48,9000 -121.20,48.49,9000 -121.19,48.51,9000 -121.19,48.52,9000 -121.18,48.54,9000 -121.18,48.55,9000 -121.17,48.57,9000 -121.08,48.69,9000 
          </coordinates>
        </LinearRing>
      </outerBoundaryIs>
  </Polygon>
 </MultiGeometry>
</Placemark>
<Placemark>
  <name>80%</name>
  <visibility>1</visibility>
  <styleUrl>#poly_80</styleUrl>
  <MultiGeometry>
    <Polygon>
      <outerBoundaryIs>
        <LinearRing>
          <coordinates>
-124.77,50.47,9000 -124.70,50.50,9000 -124.63,50.54,9000 -124.55,50.57,9000 -124.48,50.60,9000 -124.41,50.62,9000 -124.34,50.64,9000 -124.28,50.64,9000 -124.22,50.65,9000 -124.15,50.66,9000 -124.05,50.67,9000 -123.98,50.68,9000 -123.91,50.69,9000 -123.82,50.71,9000 -123.73,50.72,9000 -123.64,50.73,9000 -123.55,50.75,9000 -123.46,50.76,9000 -123.38,50.77,9000 -123.30,50.77,9000 -123.21,50.77,9000 -123.12,50.77,9000 -123.03,50.76,9000 -122.95,50.75,9000 -122.87,50.73,9000 -122.80,50.72,9000 -122.73,50.71,9000 -122.65,50.70,9000 -122.58,50.68,9000 -122.51,50.66,9000 -122.46,50.64,9000 -122.40,50.62,9000 -122.35,50.59,9000 -122.30,50.56,9000 -122.26,50.53,9000 -122.21,50.49,9000 -122.17,50.45,9000 -122.13,50.41,9000 -122.10,50.36,9000 -122.06,50.31,9000 -122.03,50.25,9000 -122.00,50.20,9000 -121.97,50.15,9000 -121.95,50.09,9000 -121.93,50.04,9000 -121.91,49.98,9000 -121.91,49.93,9000 -121.90,49.89,9000 -121.90,49.84,9000 -121.90,49.81,9000 -121.93,49.78,9000 -121.97,49.74,9000 -122.03,49.70,9000 -122.10,49.66,9000 -122.16,49.63,9000 -122.22,49.60,9000 -122.29,49.57,9000 -122.38,49.55,9000 -122.44,49.54,9000 -122.50,49.54,9000 -122.58,49.53,9000 -122.65,49.53,9000 -122.73,49.52,9000 -122.81,49.53,9000 -122.89,49.53,9000 -122.97,49.54,9000 -123.05,49.55,9000 -123.13,49.56,9000 -123.22,49.58,9000 -123.30,49.59,9000 -123.37,49.62,9000 -123.44,49.64,9000 -123.50,49.67,9000 -123.55,49.70,9000 -123.60,49.74,9000 -123.64,49.78,9000 -123.69,49.82,9000 -123.74,49.86,9000 -123.80,49.90,9000 -123.86,49.93,9000 -123.93,49.97,9000 -124.01,50.00,9000 -124.08,50.04,9000 -124.16,50.07,9000 -124.23,50.10,9000 -124.29,50.13,9000 -124.34,50.16,9000 -124.40,50.21,9000 -124.42,50.25,9000 -124.46,50.29,9000 -124.51,50.32,9000 -124.56,50.35,9000 -124.62,50.37,9000 -124.69,50.40,9000 -124.76,50.43,9000 -124.77,50.47,9000 
          </coordinates>
        </LinearRing>
      </outerBoundaryIs>
      <innerBoundaryIs>
        <LinearRing>
          <coordinates>
-124.52,50.50,10000 -124.46,50.52,10000 -124.40,50.53,10000 -124.34,50.54,10000 -124.28,50.56,10000 -124.21,50.57,10000 -124.15,50.59,10000 -124.09,50.60,10000 -124.03,50.61,10000 -123.97,50.62,10000 -123.91,50.63,10000 -123.84,50.64,10000 -123.78,50.65,10000 -123.72,50.66,10000 -123.66,50.67,10000 -123.59,50.67,10000 -123.53,50.68,10000 -123.46,50.69,10000 -123.40,50.69,10000 -123.33,50.70,10000 -123.26,50.70,10000 -123.19,50.70,10000 -123.12,50.70,10000 -123.06,50.70,10000 -123.01,50.70,10000 -122.94,50.69,10000 -122.88,50.68,10000 -122.82,50.66,10000 -122.77,50.64,10000 -122.72,50.63,10000 -122.66,50.62,10000 -122.60,50.62,10000 -122.54,50.62,10000 -122.48,50.61,10000 -122.44,50.59,10000 -122.42,50.56,10000 -122.40,50.53,10000 -122.38,50.48,10000 -122.36,50.44,10000 -122.35,50.39,10000 -122.34,50.35,10000 -122.34,50.31,10000 -122.35,50.28,10000 -122.38,50.26,10000 -122.44,50.25,10000 -122.51,50.25,10000 -122.57,50.25,10000 -122.60,50.23,10000 -122.61,50.20,10000 -122.60,50.17,10000 -122.58,50.13,10000 -122.56,50.08,10000 -122.54,50.04,10000 -122.52,50.00,10000 -122.50,49.97,10000 -122.47,49.93,10000 -122.44,49.89,10000 -122.41,49.86,10000 -122.39,49.82,10000 -122.38,49.79,10000 -122.38,49.76,10000 -122.40,49.73,10000 -122.44,49.70,10000 -122.48,49.68,10000 -122.54,49.66,10000 -122.60,49.64,10000 -122.66,49.63,10000 -122.71,49.63,10000 -122.76,49.63,10000 -122.82,49.63,10000 -122.89,49.63,10000 -122.95,49.64,10000 -123.01,49.65,10000 -123.07,49.65,10000 -123.12,49.66,10000 -123.19,49.67,10000 -123.25,49.68,10000 -123.31,49.68,10000 -123.37,49.70,10000 -123.42,49.71,10000 -123.47,49.73,10000 -123.51,49.76,10000 -123.54,49.79,10000 -123.57,49.82,10000 -123.59,49.85,10000 -123.62,49.89,10000 -123.65,49.92,10000 -123.69,49.95,10000 -123.72,49.99,10000 -123.76,50.02,10000 -123.80,50.05,10000 -123.85,50.08,10000 -123.89,50.10,10000 -123.95,50.11,10000 -124.00,50.12,10000 -124.06,50.13,10000 -124.12,50.14,10000 -124.17,50.16,10000 -124.22,50.18,10000 -124.26,50.20,10000 -124.30,50.23,10000 -124.33,50.26,10000 -124.36,50.29,10000 -124.40,50.32,10000 -124.43,50.35,10000 -124.46,50.39,10000 -124.49,50.42,10000 -124.52,50.50,10000 
          </coordinates>
        </LinearRing>
      </innerBoundaryIs>
  </Polygon>
 </MultiGeometry>
</Placemark>
<Placemark>
  <name>80%</name>
  <visibility>1</visibility>
  <styleUrl>#poly_80</styleUrl>
  <MultiGeometry>
    <Polygon>
      <outerBoundaryIs>
        <LinearRing>
          <coordinates>
-74.15,44.85,9000 -74.13,44.80,9000 -74.11,44.75,9000 -74.09,44.69,9000 -74.09,44.64,9000 -74.10,44.58,9000 -74.12,44.52,9000 -74.15,44.46,9000 -74.17,44.40,9000 -74.18,44.35,9000 -74.19,44.29,9000 -74.20,44.23,9000 -74.22,44.18,9000 -74.23,44.13,9000 -74.26,44.08,9000 -74.29,44.04,9000 -74.34,43.98,9000 -74.37,43.93,9000 -74.40,43.88,9000 -74.44,43.82,9000 -74.47,43.75,9000 -74.51,43.69,9000 -74.54,43.63,9000 -74.57,43.58,9000 -74.61,43.51,9000 -74.63,43.45,9000 -74.66,43.40,9000 -74.69,43.36,9000 -74.73,43.32,9000 -74.78,43.29,9000 -74.85,43.26,9000 -74.91,43.23,9000 -74.99,43.20,9000 -75.07,43.17,9000 -75.16,43.14,9000 -75.24,43.12,9000 -75.32,43.10,9000 -75.40,43.09,9000 -75.48,43.08,9000 -75.56,43.07,9000 -75.63,43.07,9000 -75.72,43.08,9000 -75.81,43.10,9000 -75.89,43.13,9000 -75.96,43.15,9000 -76.04,43.17,9000 -76.10,43.20,9000 -76.15,43.23,9000 -76.19,43.26,9000 -76.24,43.29,9000 -76.27,43.34,9000 -76.28,43.41,9000 -76.27,43.46,9000 -76.26,43.52,9000 -76.24,43.59,9000 -76.22,43.66,9000 -76.20,43.73,9000 -76.17,43.80,9000 -76.15,43.86,9000 -76.13,43.91,9000 -76.10,43.99,9000 -76.07,44.04,9000 -76.02,44.08,9000 -75.97,44.11,9000 -75.90,44.12,9000 -75.83,44.14,9000 -75.75,44.17,9000 -75.68,44.20,9000 -75.61,44.24,9000 -75.53,44.27,9000 -75.45,44.32,9000 -75.37,44.36,9000 -75.30,44.40,9000 -75.23,44.44,9000 -75.16,44.49,9000 -75.09,44.53,9000 -75.02,44.57,9000 -74.94,44.61,9000 -74.87,44.64,9000 -74.80,44.66,9000 -74.72,44.69,9000 -74.65,44.71,9000 -74.57,44.73,9000 -74.49,44.75,9000 -74.41,44.77,9000 -74.15,44.85,9000 
          </coordinates>
        </LinearRing>
      </outerBoundaryIs>
      <innerBoundaryIs>
        <LinearRing>
          <coordinates>
-74.72,44.47,10000 -74.68,44.47,10000 -74.65,44.45,10000 -74.64,44.43,10000 -74.63,44.39,10000 -74.62,44.36,10000 -74.61,44.32,10000 -74.61,44.28,10000 -74.61,44.25,10000 -74.62,44.21,10000 -74.63,44.18,10000 -74.64,44.14,10000 -74.65,44.11,10000 -74.66,44.08,10000 -74.66,44.04,10000 -74.67,44.01,10000 -74.67,43.97,10000 -74.68,43.94,10000 -74.69,43.91,10000 -74.69,43.87,10000 -74.70,43.84,10000 -74.71,43.80,10000 -74.72,43.77,10000 -74.73,43.73,10000 -74.75,43.70,10000 -74.77,43.66,10000 -74.79,43.63,10000 -74.81,43.60,10000 -74.83,43.57,10000 -74.86,43.54,10000 -74.89,43.52,10000 -74.92,43.50,10000 -74.96,43.49,10000 -75.01,43.48,10000 -75.05,43.47,10000 -75.09,43.46,10000 -75.13,43.45,10000 -75.18,43.44,10000 -75.22,43.43,10000 -75.27,43.41,10000 -75.32,43.39,10000 -75.38,43.37,10000 -75.43,43.36,10000 -75.48,43.35,10000 -75.53,43.35,10000 -75.58,43.34,10000 -75.63,43.35,10000 -75.68,43.35,10000 -75.73,43.36,10000 -75.78,43.37,10000 -75.83,43.39,10000 -75.87,43.41,10000 -75.90,43.43,10000 -75.93,43.47,10000 -75.95,43.50,10000 -75.95,43.55,10000 -75.95,43.58,10000 -75.94,43.62,10000 -75.93,43.65,10000 -75.92,43.69,10000 -75.91,43.72,10000 -75.89,43.76,10000 -75.86,43.81,10000 -75.84,43.84,10000 -75.82,43.87,10000 -75.79,43.88,10000 -75.76,43.90,10000 -75.72,43.92,10000 -75.67,43.95,10000 -75.62,43.97,10000 -75.58,43.99,10000 -75.55,44.01,10000 -75.51,44.02,10000 -75.48,44.04,10000 -75.44,44.06,10000 -75.39,44.09,10000 -75.35,44.12,10000 -75.31,44.15,10000 -75.28,44.17,10000 -75.27,44.19,10000 -75.24,44.21,10000 -75.19,44.24,10000 -75.14,44.27,10000 -75.10,44.30,10000 -75.06,44.32,10000 -75.03,44.35,10000 -74.99,44.37,10000 -74.95,44.39,10000 -74.91,44.41,10000 -74.86,44.43,10000 -74.81,44.45,10000 -74.75,44.47,10000 -74.72,44.47,10000 
          </coordinates>
        </LinearRing>
      </innerBoundaryIs>
  </Polygon>
 </MultiGeometry>
</Placemark>
<Placemark>
  <name>80%</name>
  <visibility>1</visibility>
  <styleUrl>#poly_80</styleUrl>
  <MultiGeometry>
    <Polygon>
      <outerBoundaryIs>
        <LinearRing>
          <coordinates>
-121.24,48.35,9000 -121.22,48.34,9000 -121.20,48.34,9000 -121.18,48.33,9000 -121.16,48.33,9000 -121.14,48.32,9000 -121.12,48.32,9000 -121.11,48.31,9000 -121.09,48.30,9000 -121.08,48.29,9000 -121.06,48.29,9000 -121.05,48.28,9000 -121.04,48.27,9000 -121.04,48.26,9000 -121.03,48.25,9000 -121.03,48.24,9000 -121.03,48.23,9000 -121.03,48.22,9000 -121.03,48.21,9000 -121.04,48.19,9000 -121.04,48.18,9000 -121.05,48.17,9000 -121.06,48.15,9000 -121.06,48.14,9000 -121.07,48.12,9000 -121.08,48.11,9000 -121.09,48.10,9000 -121.09,48.09,9000 -121.10,48.08,9000 -121.11,48.07,9000 -121.11,48.06,9000 -121.12,48.04,9000 -121.12,48.03,9000 -121.12,48.02,9000 -121.14,48.02,9000 -121.15,48.02,9000 -121.17,48.02,9000 -121.19,48.02,9000 -121.21,48.02,9000 -121.23,48.02,9000 -121.26,48.02,9000 -121.28,48.02,9000 -121.30,48.03,9000 -121.31,48.03,9000 -121.32,48.04,9000 -121.32,48.05,9000 -121.33,48.06,9000 -121.33,48.07,9000 -121.33,48.08,9000 -121.32,48.09,9000 -121.32,48.10,9000 -121.32,48.11,9000 -121.31,48.12,9000 -121.31,48.14,9000 -121.30,48.15,9000 -121.29,48.17,9000 -121.29,48.18,9000 -121.28,48.20,9000 -121.27,48.21,9000 -121.24,48.35,9000 
          </coordinates>
        </LinearRing>
      </outerBoundaryIs>
  </Polygon>
 </MultiGeometry>
</Placemark>
<Placemark>
  <name>80%</name>
  <visibility>1</visibility>
  <styleUrl>#poly_80</styleUrl>
  <MultiGeometry>
    <Polygon>
      <outerBoundaryIs>
        <LinearRing>
          <coordinates>
-127.01,50.12,9000 -126.97,50.15,9000 -126.94,50.18,9000 -126.90,50.21,9000 -126.86,50.23,9000 -126.83,50.25,9000 -126.79,50.27,9000 -126.75,50.29,9000 -126.71,50.29,9000 -126.67,50.30,9000 -126.62,50.30,9000 -126.56,50.31,9000 -126.51,50.31,9000 -126.46,50.32,9000 -126.40,50.33,9000 -126.34,50.33,9000 -126.27,50.34,9000 -126.21,50.34,9000 -126.15,50.34,9000 -126.09,50.34,9000 -126.04,50.33,9000 -125.99,50.32,9000 -125.95,50.29,9000 -125.91,50.27,9000 -125.87,50.24,9000 -125.84,50.21,9000 -125.80,50.18,9000 -125.78,50.16,9000 -125.75,50.13,9000 -125.72,50.10,9000 -125.71,50.07,9000 -125.69,50.04,9000 -125.68,50.02,9000 -125.67,49.98,9000 -125.64,49.95,9000 -125.62,49.92,9000 -125.59,49.89,9000 -125.56,49.86,9000 -125.52,49.83,9000 -125.49,49.80,9000 -125.46,49.76,9000 -125.43,49.73,9000 -125.40,49.71,9000 -125.37,49.68,9000 -125.33,49.64,9000 -125.29,49.61,9000 -125.26,49.59,9000 -125.23,49.56,9000 -125.21,49.53,9000 -125.19,49.49,9000 -125.17,49.45,9000 -125.15,49.41,9000 -125.15,49.38,9000 -125.17,49.35,9000 -125.21,49.33,9000 -125.26,49.32,9000 -125.32,49.32,9000 -125.39,49.31,9000 -125.45,49.31,9000 -125.51,49.32,9000 -125.55,49.33,9000 -125.60,49.34,9000 -125.64,49.36,9000 -125.68,49.38,9000 -125.73,49.40,9000 -125.77,49.42,9000 -125.81,49.44,9000 -125.85,49.46,9000 -125.90,49.48,9000 -125.94,49.50,9000 -125.99,49.51,9000 -126.03,49.53,9000 -126.07,49.55,9000 -126.11,49.57,9000 -126.15,49.59,9000 -126.19,49.61,9000 -126.22,49.63,9000 -126.26,49.65,9000 -126.30,49.67,9000 -126.34,49.70,9000 -126.38,49.72,9000 -126.42,49.74,9000 -126.46,49.77,9000 -126.50,49.79,9000 -126.54,49.82,9000 -126.59,49.84,9000 -126.63,49.87,9000 -126.67,49.89,9000 -126.71,49.91,9000 -126.75,49.94,9000 -126.79,49.96,9000 -126.83,49.99,9000 -126.88,50.01,9000 -126.92,50.04,9000 -126.96,50.06,9000 -127.00,50.09,9000 -127.01,50.12,9000 
          </coordinates>
        </LinearRing>
      </outerBoundaryIs>
      <innerBoundaryIs>
        <LinearRing>
          <coordinates>
-126.78,50.21,10000 -126.73,50.22,10000 -126.68,50.22,10000 -126.63,50.23,10000 -126.58,50.23,10000 -126.53,50.24,10000 -126.48,50.25,10000 -126.43,50.26,10000 -126.38,50.27,10000 -126.33,50.28,10000 -126.28,50.28,10000 -126.23,50.28,10000 -126.17,50.28,10000 -126.11,50.28,10000 -126.06,50.27,10000 -126.02,50.27,10000 -125.98,50.26,10000 -125.96,50.24,10000 -125.94,50.22,10000 -125.92,50.19,10000 -125.89,50.17,10000 -125.87,50.14,10000 -125.85,50.11,10000 -125.83,50.08,10000 -125.82,50.05,10000 -125.81,50.01,10000 -125.80,49.98,10000 -125.78,49.95,10000 -125.75,49.92,10000 -125.72,49.89,10000 -125.69,49.86,10000 -125.66,49.83,10000 -125.63,49.81,10000 -125.60,49.79,10000 -125.57,49.77,10000 -125.55,49.75,10000 -125.52,49.72,10000 -125.50,49.69,10000 -125.47,49.66,10000 -125.45,49.63,10000 -125.42,49.60,10000 -125.39,49.57,10000 -125.37,49.54,10000 -125.36,49.51,10000 -125.36,49.48,10000 -125.37,49.44,10000 -125.38,49.41,10000 -125.40,49.38,10000 -125.43,49.37,10000 -125.47,49.37,10000 -125.52,49.39,10000 -125.57,49.41,10000 -125.63,49.43,10000 -125.68,49.45,10000 -125.71,49.46,10000 -125.73,49.46,10000 -125.76,49.47,10000 -125.80,49.49,10000 -125.85,49.51,10000 -125.90,49.53,10000 -125.95,49.55,10000 -125.99,49.57,10000 -126.02,49.58,10000 -126.03,49.58,10000 -126.05,49.60,10000 -126.07,49.62,10000 -126.10,49.64,10000 -126.14,49.67,10000 -126.17,49.70,10000 -126.20,49.72,10000 -126.24,49.74,10000 -126.27,49.76,10000 -126.31,49.78,10000 -126.34,49.80,10000 -126.37,49.81,10000 -126.39,49.83,10000 -126.43,49.86,10000 -126.46,49.87,10000 -126.51,49.89,10000 -126.56,49.91,10000 -126.61,49.93,10000 -126.66,49.95,10000 -126.69,49.96,10000 -126.73,49.98,10000 -126.75,50.00,10000 -126.77,50.02,10000 -126.80,50.04,10000 -126.83,50.06,10000 -126.86,50.09,10000 -126.89,50.12,10000 -126.78,50.21,10000 
          </coordinates>
        </LinearRing>
      </innerBoundaryIs>
  </Polygon>
 </MultiGeometry>
</Placemark>
<Placemark>
  <name>80%</name>
  <visibility>1</visibility>
  <styleUrl>#poly_80</styleUrl>
  <MultiGeometry>
    <Polygon>
      <outerBoundaryIs>
        <LinearRing>
          <coordinates>
-111.31,45.37,9000 -111.21,45.41,9000 -111.10,45.45,9000 -111.00,45.48,9000 -110.91,45.50,9000 -110.81,45.52,9000 -110.69,45.53,9000 -110.59,45.54,9000 -110.47,45.55,9000 -110.34,45.56,9000 -110.22,45.56,9000 -110.11,45.55,9000 -109.99,45.52,9000 -109.88,45.48,9000 -109.78,45.44,9000 -109.68,45.39,9000 -109.58,45.34,9000 -109.49,45.30,9000 -109.41,45.24,9000 -109.37,45.17,9000 -109.37,45.10,9000 -109.38,45.02,9000 -109.42,44.93,9000 -109.45,44.85,9000 -109.49,44.77,9000 -109.54,44.68,9000 -109.61,44.60,9000 -109.66,44.53,9000 -109.70,44.47,9000 -109.70,44.40,9000 -109.64,44.35,9000 -109.57,44.29,9000 -109.48,44.21,9000 -109.40,44.14,9000 -109.34,44.06,9000 -109.28,43.99,9000 -109.25,43.92,9000 -109.24,43.84,9000 -109.31,43.77,9000 -109.41,43.74,9000 -109.56,43.71,9000 -109.69,43.67,9000 -109.75,43.59,9000 -109.73,43.53,9000 -109.68,43.44,9000 -109.62,43.35,9000 -109.54,43.25,9000 -109.46,43.15,9000 -109.39,43.06,9000 -109.33,42.99,9000 -109.30,42.93,9000 -109.35,42.87,9000 -109.47,42.90,9000 -109.54,42.94,9000 -109.64,43.01,9000 -109.71,43.06,9000 -109.80,43.11,9000 -109.89,43.16,9000 -109.99,43.20,9000 -110.12,43.22,9000 -110.26,43.22,9000 -110.39,43.25,9000 -110.48,43.30,9000 -110.57,43.37,9000 -110.65,43.44,9000 -110.71,43.51,9000 -110.77,43.60,9000 -110.81,43.70,9000 -110.83,43.79,9000 -110.82,43.87,9000 -110.78,43.95,9000 -110.76,44.03,9000 -110.78,44.10,9000 -110.82,44.18,9000 -110.84,44.25,9000 -110.83,44.33,9000 -110.80,44.40,9000 -110.77,44.48,9000 -110.72,44.56,9000 -110.66,44.65,9000 -110.62,44.73,9000 -110.64,44.83,9000 -110.71,44.91,9000 -110.79,44.93,9000 -110.90,44.92,9000 -111.03,44.91,9000 -111.17,44.91,9000 -111.27,44.93,9000 -111.37,44.96,9000 -111.48,45.00,9000 -111.31,45.37,9000 
          </coordinates>
        </LinearRing>
      </outerBoundaryIs>
      <innerBoundaryIs>
        <LinearRing>
          <coordinates>
-110.34,45.46,10000 -110.25,45.47,10000 -110.16,45.47,10000 -110.07,45.45,10000 -110.00,45.42,10000 -109.92,45.39,10000 -109.84,45.35,10000 -109.77,45.31,10000 -109.67,45.26,10000 -109.57,45.20,10000 -109.51,45.14,10000 -109.48,45.09,10000 -109.49,45.04,10000 -109.53,44.95,10000 -109.57,44.89,10000 -109.64,44.83,10000 -109.72,44.75,10000 -109.79,44.67,10000 -109.86,44.59,10000 -109.90,44.51,10000 -109.91,44.44,10000 -109.88,44.38,10000 -109.82,44.32,10000 -109.74,44.25,10000 -109.64,44.19,10000 -109.55,44.13,10000 -109.47,44.07,10000 -109.42,44.02,10000 -109.40,43.96,10000 -109.43,43.90,10000 -109.51,43.84,10000 -109.61,43.78,10000 -109.73,43.73,10000 -109.83,43.68,10000 -109.92,43.62,10000 -109.97,43.57,10000 -109.97,43.49,10000 -109.91,43.40,10000 -109.84,43.32,10000 -109.77,43.26,10000 -109.75,43.22,10000 -109.81,43.23,10000 -109.93,43.30,10000 -110.04,43.35,10000 -110.14,43.36,10000 -110.24,43.36,10000 -110.32,43.37,10000 -110.39,43.42,10000 -110.44,43.48,10000 -110.47,43.54,10000 -110.48,43.60,10000 -110.48,43.66,10000 -110.47,43.72,10000 -110.44,43.78,10000 -110.40,43.83,10000 -110.39,43.89,10000 -110.42,43.94,10000 -110.48,44.00,10000 -110.54,44.05,10000 -110.59,44.11,10000 -110.64,44.16,10000 -110.65,44.22,10000 -110.62,44.27,10000 -110.55,44.32,10000 -110.48,44.40,10000 -110.44,44.47,10000 -110.40,44.55,10000 -110.35,44.64,10000 -110.31,44.73,10000 -110.27,44.81,10000 -110.25,44.87,10000 -110.23,44.94,10000 -110.28,44.98,10000 -110.34,45.03,10000 -110.42,45.10,10000 -110.50,45.17,10000 -110.55,45.22,10000 -110.58,45.28,10000 -110.55,45.31,10000 -110.34,45.46,10000 
          </coordinates>
        </LinearRing>
      </innerBoundaryIs>
  </Polygon>
 </MultiGeometry>
</Placemark>
<Placemark>
  <name>90%</name>
  <visibility>1</visibility>
  <styleUrl>#poly_90</styleUrl>
  <MultiGeometry>
    <Polygon>
      <outerBoundaryIs>
        <LinearRing>
          <coordinates>
-104.41,44.69,10000 -104.38,44.69,10000 -104.35,44.69,10000 -104.32,44.69,10000 -104.29,44.69,10000 -104.26,44.69,10000 -104.23,44.69,10000 -104.20,44.69,10000 -104.17,44.69,10000 -104.14,44.69,10000 -104.11,44.69,10000 -104.08,44.68,10000 -104.04,44.68,10000 -104.01,44.68,10000 -103.98,44.67,10000 -103.95,44.67,10000 -103.92,44.67,10000 -103.89,44.67,10000 -103.85,44.67,10000 -103.82,44.67,10000 -103.78,44.66,10000 -103.75,44.66,10000 -103.72,44.66,10000 -103.70,44.66,10000 -103.68,44.66,10000 -103.67,44.66,10000 -103.65,44.65,10000 -103.62,44.65,10000 -103.59,44.64,10000 -103.55,44.63,10000 -103.52,44.62,10000 -103.48,44.61,10000 -103.45,44.60,10000 -103.43,44.59,10000 -103.40,44.57,10000 -103.38,44.56,10000 -103.37,44.54,10000 -103.36,44.52,10000 -103.35,44.50,10000 -103.35,44.48,10000 -103.34,44.46,10000 -103.34,44.44,10000 -103.34,44.41,10000 -103.34,44.39,10000 -103.34,44.36,10000 -103.35,44.34,10000 -103.35,44.33,10000 -103.36,44.31,10000 -103.41,44.31,10000 -103.43,44.30,10000 -103.46,44.30,10000 -103.49,44.29,10000 -103.52,44.29,10000 -103.55,44.28,10000 -103.59,44.27,10000 -103.62,44.27,10000 -103.65,44.26,10000 -103.68,44.26,10000 -103.72,44.25,10000 -103.75,44.25,10000 -103.78,44.24,10000 -103.81,44.24,10000 -103.85,44.24,10000 -103.88,44.24,10000 -103.91,44.24,10000 -103.95,44.24,10000 -103.98,44.25,10000 -104.02,44.25,10000 -104.05,44.26,10000 -104.08,44.26,10000 -104.11,44.27,10000 -104.13,44.27,10000 -104.16,44.27,10000 -104.18,44.29,10000 -104.20,44.30,10000 -104.22,44.32,10000 -104.24,44.33,10000 -104.27,44.35,10000 -104.29,44.37,10000 -104.32,44.39,10000 -104.34,44.40,10000 -104.36,44.42,10000 -104.38,44.43,10000 -104.41,44.44,10000 -104.42,44.45,10000 -104.43,44.46,10000 -104.43,44.48,10000 -104.44,44.50,10000 -104.45,44.52,10000 -104.46,44.54,10000 -104.46,44.57,10000 -104.47,44.59,10000 -104.48,44.62,10000 -104.41,44.69,10000 
          </coordinates>
        </LinearRing>
      </outerBoundaryIs>
      <innerBoundaryIs>
        <LinearRing>
          <coordinates>
-104.15,44.48,11000 -104.14,44.48,11000 -104.13,44.48,11000 -104.11,44.48,11000 -104.10,44.48,11000 -104.09,44.48,11000 -104.08,44.48,11000 -104.07,44.48,11000 -104.06,44.49,11000 -104.05,44.49,11000 -104.03,44.49,11000 -104.02,44.49,11000 -104.01,44.49,11000 -104.00,44.49,11000 -103.99,44.49,11000 -103.98,44.49,11000 -103.97,44.49,11000 -103.96,44.49,11000 -103.95,44.49,11000 -103.94,44.49,11000 -103.93,44.49,11000 -103.93,44.49,11000 -103.92,44.49,11000 -103.91,44.49,11000 -103.89,44.49,11000 -103.88,44.49,11000 -103.87,44.49,11000 -103.85,44.49,11000 -103.84,44.50,11000 -103.83,44.50,11000 -103.82,44.50,11000 -103.81,44.49,11000 -103.81,44.49,11000 -103.80,44.49,11000 -103.80,44.48,11000 -103.80,44.48,11000 -103.80,44.47,11000 -103.80,44.46,11000 -103.80,44.46,11000 -103.80,44.45,11000 -103.80,44.44,11000 -103.81,44.43,11000 -103.81,44.43,11000 -103.81,44.42,11000 -103.82,44.41,11000 -103.82,44.40,11000 -103.82,44.39,11000 -103.83,44.38,11000 -103.83,44.37,11000 -103.83,44.36,11000 -103.84,44.36,11000 -103.84,44.35,11000 -103.85,44.34,11000 -103.85,44.33,11000 -103.85,44.33,11000 -103.86,44.32,11000 -103.86,44.31,11000 -103.86,44.31,11000 -103.87,44.30,11000 -103.88,44.29,11000 -103.88,44.30,11000 -103.89,44.30,11000 -103.90,44.30,11000 -103.90,44.30,11000 -103.91,44.31,11000 -103.92,44.31,11000 -103.92,44.31,11000 -103.93,44.32,11000 -103.94,44.32,11000 -103.94,44.33,11000 -103.95,44.33,11000 -103.96,44.34,11000 -103.97,44.34,11000 -103.98,44.35,11000 -103.99,44.36,11000 -104.00,44.36,11000 -104.01,44.37,11000 -104.02,44.37,11000 -104.03,44.38,11000 -104.04,44.39,11000 -104.05,44.39,11000 -104.06,44.40,11000 -104.07,44.40,11000 -104.08,44.41,11000 -104.09,44.42,11000 -104.09,44.42,11000 -104.10,44.43,11000 -104.11,44.43,11000 -104.12,44.44,11000 -104.12,44.44,11000 -104.13,44.44,11000 -104.14,44.45,11000 -104.14,44.45,11000 -104.17,44.47,11000 -104.17,44.47,11000 -104.16,44.46,11000 -104.15,44.48,11000 
          </coordinates>
        </LinearRing>
      </innerBoundaryIs>
  </Polygon>
 </MultiGeometry>
</Placemark>
<Placemark>
  <name>90%</name>
  <visibility>1</visibility>
  <styleUrl>#poly_90</styleUrl>
  <MultiGeometry>
    <Polygon>
      <outerBoundaryIs>
        <LinearRing>
          <coordinates>
-86.26,42.63,10000 -86.24,42.61,10000 -86.21,42.60,10000 -86.18,42.58,10000 -86.15,42.57,10000 -86.11,42.56,10000 -86.06,42.55,10000 -86.03,42.53,10000 -86.01,42.51,10000 -86.00,42.49,10000 -85.98,42.47,10000 -85.97,42.44,10000 -85.96,42.42,10000 -85.94,42.39,10000 -85.92,42.36,10000 -85.90,42.33,10000 -85.87,42.30,10000 -85.85,42.27,10000 -85.83,42.25,10000 -85.82,42.23,10000 -85.82,42.21,10000 -85.82,42.19,10000 -85.83,42.16,10000 -85.83,42.13,10000 -85.84,42.11,10000 -85.84,42.09,10000 -85.84,42.07,10000 -85.86,42.04,10000 -85.88,42.02,10000 -85.90,41.99,10000 -85.93,41.97,10000 -85.96,41.94,10000 -85.98,41.91,10000 -86.01,41.89,10000 -86.03,41.87,10000 -86.06,41.85,10000 -86.10,41.84,10000 -86.13,41.83,10000 -86.17,41.83,10000 -86.21,41.82,10000 -86.25,41.81,10000 -86.29,41.81,10000 -86.33,41.81,10000 -86.37,41.82,10000 -86.41,41.83,10000 -86.44,41.85,10000 -86.47,41.87,10000 -86.50,41.89,10000 -86.52,41.91,10000 -86.53,41.94,10000 -86.54,41.97,10000 -86.54,42.00,10000 -86.55,42.02,10000 -86.55,42.04,10000 -86.55,42.07,10000 -86.55,42.09,10000 -86.55,42.12,10000 -86.55,42.15,10000 -86.55,42.18,10000 -86.55,42.21,10000 -86.55,42.24,10000 -86.54,42.27,10000 -86.54,42.29,10000 -86.53,42.31,10000 -86.52,42.33,10000 -86.51,42.35,10000 -86.51,42.37,10000 -86.50,42.39,10000 -86.48,42.42,10000 -86.46,42.44,10000 -86.45,42.46,10000 -86.43,42.48,10000 -86.40,42.51,10000 -86.38,42.53,10000 -86.36,42.55,10000 -86.33,42.58,10000 -86.26,42.63,10000 
          </coordinates>
        </LinearRing>
      </outerBoundaryIs>
  </Polygon>
 </MultiGeometry>
</Placemark>
<Placemark>
  <name>90%</name>
  <visibility>1</visibility>
  <styleUrl>#poly_90</styleUrl>
  <MultiGeometry>
    <Polygon>
      <outerBoundaryIs>
        <LinearRing>
          <coordinates>
-64.85,48.55,10000 -64.83,48.55,10000 -64.81,48.55,10000 -64.80,48.54,10000 -64.78,48.54,10000 -64.76,48.54,10000 -64.74,48.53,10000 -64.73,48.53,10000 -64.71,48.53,10000 -64.69,48.53,10000 -64.68,48.52,10000 -64.66,48.52,10000 -64.64,48.52,10000 -64.63,48.51,10000 -64.61,48.51,10000 -64.59,48.51,10000 -64.57,48.50,10000 -64.55,48.50,10000 -64.53,48.50,10000 -64.51,48.49,10000 -64.49,48.49,10000 -64.47,48.48,10000 -64.46,48.48,10000 -64.44,48.48,10000 -64.43,48.47,10000 -64.42,48.46,10000 -64.41,48.46,10000 -64.41,48.45,10000 -64.41,48.44,10000 -64.42,48.44,10000 -64.42,48.43,10000 -64.43,48.42,10000 -64.44,48.41,10000 -64.46,48.40,10000 -64.47,48.39,10000 -64.49,48.38,10000 -64.50,48.37,10000 -64.52,48.36,10000 -64.53,48.35,10000 -64.55,48.34,10000 -64.56,48.34,10000 -64.58,48.33,10000 -64.59,48.32,10000 -64.60,48.31,10000 -64.61,48.31,10000 -64.64,48.30,10000 -64.65,48.30,10000 -64.67,48.31,10000 -64.68,48.31,10000 -64.69,48.31,10000 -64.70,48.31,10000 -64.72,48.32,10000 -64.73,48.32,10000 -64.75,48.33,10000 -64.76,48.33,10000 -64.77,48.34,10000 -64.79,48.34,10000 -64.80,48.35,10000 -64.82,48.35,10000 -64.84,48.35,10000 -64.85,48.36,10000 -64.87,48.37,10000 -64.88,48.37,10000 -64.90,48.38,10000 -64.91,48.39,10000 -64.92,48.40,10000 -64.93,48.41,10000 -64.93,48.42,10000 -64.94,48.42,10000 -64.95,48.44,10000 -64.96,48.45,10000 -64.96,48.46,10000 -64.97,48.47,10000 -64.97,48.48,10000 -64.98,48.49,10000 -64.98,48.50,10000 -64.99,48.52,10000 -64.99,48.53,10000 -65.00,48.54,10000 -64.85,48.55,10000 
          </coordinates>
        </LinearRing>
      </outerBoundaryIs>
  </Polygon>
 </MultiGeometry>
</Placemark>
<Placemark>
  <name>90%</name>
  <visibility>1</visibility>
  <styleUrl>#poly_90</styleUrl>
  <MultiGeometry>
    <Polygon>
      <outerBoundaryIs>
        <LinearRing>
          <coordinates>
-64.02,47.98,10000 -63.90,47.98,10000 -63.79,47.98,10000 -63.68,47.97,10000 -63.58,47.94,10000 -63.49,47.90,10000 -63.39,47.86,10000 -63.30,47.83,10000 -63.20,47.80,10000 -63.09,47.76,10000 -62.98,47.72,10000 -62.88,47.68,10000 -62.77,47.63,10000 -62.66,47.58,10000 -62.57,47.53,10000 -62.50,47.48,10000 -62.45,47.41,10000 -62.44,47.35,10000 -62.45,47.28,10000 -62.47,47.21,10000 -62.50,47.13,10000 -62.54,47.08,10000 -62.61,47.06,10000 -62.71,47.08,10000 -62.79,47.13,10000 -62.89,47.20,10000 -63.00,47.25,10000 -63.10,47.26,10000 -63.22,47.26,10000 -63.33,47.24,10000 -63.44,47.23,10000 -63.55,47.20,10000 -63.65,47.16,10000 -63.80,47.15,10000 -63.90,47.17,10000 -64.03,47.20,10000 -64.16,47.24,10000 -64.30,47.27,10000 -64.44,47.29,10000 -64.56,47.28,10000 -64.66,47.24,10000 -64.75,47.19,10000 -64.84,47.12,10000 -64.93,47.04,10000 -65.01,46.96,10000 -65.09,46.90,10000 -65.17,46.84,10000 -65.27,46.78,10000 -65.37,46.74,10000 -65.47,46.71,10000 -65.56,46.68,10000 -65.64,46.64,10000 -65.73,46.59,10000 -65.81,46.54,10000 -65.89,46.50,10000 -65.97,46.45,10000 -66.05,46.40,10000 -66.14,46.36,10000 -66.22,46.32,10000 -66.30,46.29,10000 -66.39,46.27,10000 -66.47,46.26,10000 -66.56,46.26,10000 -66.67,46.26,10000 -66.78,46.27,10000 -66.84,46.34,10000 -66.83,46.39,10000 -66.81,46.47,10000 -66.77,46.55,10000 -66.72,46.64,10000 -66.68,46.73,10000 -66.63,46.81,10000 -66.60,46.89,10000 -66.57,46.97,10000 -66.55,47.05,10000 -66.52,47.13,10000 -66.50,47.20,10000 -66.49,47.27,10000 -66.47,47.33,10000 -66.45,47.42,10000 -66.45,47.49,10000 -66.44,47.56,10000 -66.43,47.63,10000 -66.42,47.71,10000 -66.41,47.79,10000 -66.39,47.86,10000 -66.36,47.90,10000 -66.25,47.90,10000 -66.11,47.85,10000 -66.02,47.80,10000 -65.92,47.75,10000 -65.82,47.70,10000 -65.72,47.67,10000 -65.61,47.66,10000 -65.50,47.66,10000 -65.41,47.68,10000 -65.32,47.71,10000 -65.23,47.74,10000 -65.12,47.76,10000 -65.02,47.77,10000 -64.90,47.77,10000 -64.79,47.77,10000 -64.68,47.78,10000 -64.58,47.79,10000 -64.45,47.82,10000 -64.35,47.87,10000 -64.26,47.92,10000 -64.02,47.98,10000 
          </coordinates>
        </LinearRing>
      </outerBoundaryIs>
      <innerBoundaryIs>
        <LinearRing>
          <coordinates>
-66.15,47.73,11000 -66.10,47.71,11000 -66.05,47.70,11000 -66.01,47.68,11000 -65.97,47.67,11000 -65.94,47.66,11000 -65.92,47.64,11000 -65.90,47.62,11000 -65.87,47.60,11000 -65.83,47.57,11000 -65.80,47.54,11000 -65.76,47.52,11000 -65.72,47.50,11000 -65.67,47.49,11000 -65.62,47.49,11000 -65.56,47.49,11000 -65.51,47.49,11000 -65.46,47.50,11000 -65.41,47.51,11000 -65.37,47.53,11000 -65.33,47.55,11000 -65.29,47.56,11000 -65.25,47.57,11000 -65.22,47.58,11000 -65.18,47.58,11000 -65.14,47.57,11000 -65.09,47.56,11000 -65.05,47.54,11000 -65.03,47.52,11000 -65.03,47.49,11000 -65.03,47.46,11000 -65.04,47.43,11000 -65.06,47.39,11000 -65.08,47.36,11000 -65.10,47.33,11000 -65.14,47.30,11000 -65.17,47.28,11000 -65.20,47.25,11000 -65.24,47.23,11000 -65.26,47.21,11000 -65.28,47.19,11000 -65.31,47.18,11000 -65.34,47.17,11000 -65.39,47.16,11000 -65.44,47.16,11000 -65.49,47.15,11000 -65.54,47.14,11000 -65.58,47.13,11000 -65.63,47.12,11000 -65.65,47.11,11000 -65.69,47.10,11000 -65.73,47.08,11000 -65.78,47.06,11000 -65.83,47.04,11000 -65.87,47.02,11000 -65.91,47.00,11000 -65.94,46.97,11000 -65.97,46.95,11000 -66.00,46.91,11000 -66.03,46.88,11000 -66.07,46.85,11000 -66.10,46.82,11000 -66.13,46.79,11000 -66.17,46.75,11000 -66.19,46.73,11000 -66.22,46.72,11000 -66.24,46.74,11000 -66.26,46.77,11000 -66.28,46.81,11000 -66.29,46.85,11000 -66.30,46.88,11000 -66.31,46.92,11000 -66.32,46.96,11000 -66.32,47.00,11000 -66.33,47.03,11000 -66.34,47.06,11000 -66.35,47.09,11000 -66.35,47.12,11000 -66.35,47.16,11000 -66.34,47.20,11000 -66.33,47.23,11000 -66.33,47.26,11000 -66.32,47.30,11000 -66.31,47.34,11000 -66.30,47.37,11000 -66.29,47.40,11000 -66.28,47.43,11000 -66.27,47.47,11000 -66.27,47.50,11000 -66.26,47.53,11000 -66.25,47.56,11000 -66.25,47.60,11000 -66.25,47.63,11000 -66.24,47.67,11000 -66.24,47.70,11000 -66.15,47.73,11000 
          </coordinates>
        </LinearRing>
      </innerBoundaryIs>
  </Polygon>
 </MultiGeometry>
</Placemark>
<Placemark>
  <name>90%</name>
  <visibility>1</visibility>
  <styleUrl>#poly_90</styleUrl>
  <MultiGeometry>
    <Polygon>
      <outerBoundaryIs>
        <LinearRing>
          <coordinates>
-68.36,50.53,10000 -67.95,50.51,10000 -67.63,50.43,10000 -66.94,50.16,10000 -66.45,49.91,10000 -66.08,49.51,10000 -65.83,49.34,10000 -65.94,49.10,10000 -66.53,49.32,10000 -66.92,49.33,10000 -67.22,49.25,10000 -67.72,49.05,10000 -68.22,48.85,10000 -68.43,48.71,10000 -68.55,48.50,10000 -68.78,48.22,10000 -68.99,48.18,10000 -69.35,48.13,10000 -69.64,47.99,10000 -70.00,47.72,10000 -70.38,47.49,10000 -70.59,47.26,10000 -70.83,47.16,10000 -71.28,47.00,10000 -71.84,46.89,10000 -72.24,46.88,10000 -72.70,46.82,10000 -73.27,46.60,10000 -73.81,46.36,10000 -74.09,46.23,10000 -74.51,46.25,10000 -74.78,46.38,10000 -75.13,46.43,10000 -75.82,46.34,10000 -76.27,46.09,10000 -76.46,46.01,10000 -76.81,45.97,10000 -77.23,45.95,10000 -77.41,45.90,10000 -77.79,45.51,10000 -78.23,45.14,10000 -78.88,45.18,10000 -79.46,45.36,10000 -79.79,45.40,10000 -80.14,45.34,10000 -80.25,44.97,10000 -80.45,44.73,10000 -80.62,44.64,10000 -81.08,44.64,10000 -81.33,44.75,10000 -81.55,44.83,10000 -81.80,44.83,10000 -82.27,44.85,10000 -82.71,44.90,10000 -83.08,44.83,10000 -84.15,44.35,10000 -85.08,43.84,10000 -85.56,43.61,10000 -85.98,43.34,10000 -86.39,42.94,10000 -86.63,42.89,10000 -86.99,42.95,10000 -87.18,43.00,10000 -87.56,43.02,10000 -87.92,42.77,10000 -88.54,42.15,10000 -89.02,41.99,10000 -89.93,41.86,10000 -90.54,41.79,10000 -91.00,41.85,10000 -91.24,41.93,10000 -91.50,42.06,10000 -91.73,42.23,10000 -91.94,42.41,10000 -92.21,42.57,10000 -92.63,42.94,10000 -92.83,43.02,10000 -93.23,43.09,10000 -94.18,43.34,10000 -95.52,43.69,10000 -96.89,44.01,10000 -97.88,44.20,10000 -98.43,43.99,10000 -98.88,44.04,10000 -99.27,44.13,10000 -99.58,44.15,10000 -99.82,44.06,10000 -100.05,43.93,10000 -100.49,43.90,10000 -100.71,43.95,10000 -100.90,44.14,10000 -101.02,44.24,10000 -101.38,44.34,10000 -101.65,44.46,10000 -101.79,44.69,10000 -102.11,44.77,10000 -102.62,44.81,10000 -102.80,44.89,10000 -102.99,45.13,10000 -103.13,45.23,10000 -103.50,45.34,10000 -103.99,45.55,10000 -104.41,45.86,10000 -104.75,46.15,10000 -105.19,46.38,10000 -105.71,46.53,10000 -106.16,46.75,10000 -106.85,46.88,10000 -107.14,46.99,10000 -107.40,47.16,10000 -107.63,47.34,10000 -107.91,47.33,10000 -108.15,47.20,10000 -108.45,47.11,10000 -109.05,46.90,10000 -109.30,46.87,10000 -109.46,46.97,10000 -109.75,47.16,10000 -110.00,47.19,10000 -110.28,47.12,10000 -110.55,46.94,10000 -111.64,47.03,10000 -111.66,47.23,10000 -111.57,47.38,10000 -111.69,47.98,10000 -111.64,48.23,10000 -111.39,48.27,10000 -110.83,48.26,10000 -110.52,48.18,10000 -110.25,48.01,10000 -109.99,47.95,10000 -109.68,48.04,10000 -109.60,48.29,10000 -109.46,48.41,10000 -109.02,48.45,10000 -108.73,48.39,10000 -107.96,48.23,10000 -107.51,48.00,10000 -107.34,48.06,10000 -106.95,48.07,10000 -106.66,47.92,10000 -106.27,47.80,10000 -105.45,47.82,10000 -104.60,47.90,10000 -104.21,47.87,10000 -103.94,47.80,10000 -103.18,47.77,10000 -102.63,47.75,10000 -102.10,47.59,10000 -101.48,47.46,10000 -100.96,47.30,10000 -100.53,47.22,10000 -100.13,47.18,10000 -99.91,47.14,10000 -99.70,47.09,10000 -99.45,47.14,10000 -99.06,47.08,10000 -98.81,47.01,10000 -98.38,46.92,10000 -97.87,46.92,10000 -97.37,46.90,10000 -97.13,46.86,10000 -96.49,46.65,10000 -96.05,46.63,10000 -95.64,46.67,10000 -95.11,46.74,10000 -94.14,46.74,10000 -93.14,46.79,10000 -91.85,46.99,10000 -90.60,47.19,10000 -89.98,47.34,10000 -89.35,47.63,10000 -88.50,48.05,10000 -88.00,48.29,10000 -87.45,48.58,10000 -87.17,48.94,10000 -86.88,49.41,10000 -86.49,49.81,10000 -86.07,50.10,10000 -85.58,50.17,10000 -85.12,49.99,10000 -84.65,49.76,10000 -83.68,49.32,10000 -82.74,48.88,10000 -82.33,48.67,10000 -81.56,48.48,10000 -80.88,48.31,10000 -80.21,48.14,10000 -79.51,47.98,10000 -78.72,47.76,10000 -78.06,47.59,10000 -77.57,47.57,10000 -77.29,47.63,10000 -76.80,47.61,10000 -76.36,47.68,10000 -75.77,47.84,10000 -74.53,48.15,10000 -74.07,48.30,10000 -73.82,48.47,10000 -73.54,48.58,10000 -73.00,48.72,10000 -72.65,48.85,10000 -72.26,49.17,10000 -72.08,49.33,10000 -71.80,49.44,10000 -71.52,49.59,10000 -71.33,49.75,10000 -70.98,50.17,10000 -70.70,50.31,10000 -70.23,50.41,10000 -69.65,50.51,10000 -68.36,50.53,10000 
          </coordinates>
        </LinearRing>
      </outerBoundaryIs>
      <innerBoundaryIs>
        <LinearRing>
          <coordinates>
-109.45,47.58,11000 -109.43,47.59,11000 -109.40,47.59,11000 -109.38,47.60,11000 -109.36,47.60,11000 -109.34,47.61,11000 -109.32,47.61,11000 -109.30,47.62,11000 -109.28,47.62,11000 -109.26,47.63,11000 -109.24,47.63,11000 -109.22,47.63,11000 -109.20,47.63,11000 -109.18,47.63,11000 -109.15,47.62,11000 -109.13,47.62,11000 -109.11,47.61,11000 -109.09,47.60,11000 -109.07,47.60,11000 -109.06,47.59,11000 -109.04,47.58,11000 -109.02,47.57,11000 -109.01,47.56,11000 -108.99,47.55,11000 -108.98,47.54,11000 -108.97,47.53,11000 -108.95,47.52,11000 -108.94,47.51,11000 -108.92,47.50,11000 -108.91,47.49,11000 -108.89,47.48,11000 -108.87,47.46,11000 -108.86,47.45,11000 -108.85,47.44,11000 -108.84,47.43,11000 -108.84,47.42,11000 -108.85,47.41,11000 -108.86,47.40,11000 -108.88,47.39,11000 -108.89,47.37,11000 -108.91,47.36,11000 -108.92,47.35,11000 -108.93,47.34,11000 -108.95,47.32,11000 -108.96,47.31,11000 -108.98,47.30,11000 -108.99,47.28,11000 -109.01,47.27,11000 -109.02,47.26,11000 -109.04,47.25,11000 -109.05,47.24,11000 -109.07,47.23,11000 -109.09,47.22,11000 -109.11,47.21,11000 -109.12,47.21,11000 -109.14,47.21,11000 -109.16,47.21,11000 -109.17,47.21,11000 -109.18,47.22,11000 -109.21,47.23,11000 -109.22,47.24,11000 -109.24,47.24,11000 -109.26,47.25,11000 -109.28,47.26,11000 -109.30,47.27,11000 -109.32,47.28,11000 -109.34,47.29,11000 -109.36,47.30,11000 -109.38,47.31,11000 -109.40,47.32,11000 -109.41,47.33,11000 -109.43,47.34,11000 -109.44,47.35,11000 -109.45,47.35,11000 -109.46,47.36,11000 -109.47,47.38,11000 -109.48,47.39,11000 -109.48,47.40,11000 -109.49,47.41,11000 -109.50,47.43,11000 -109.51,47.44,11000 -109.52,47.46,11000 -109.52,47.47,11000 -109.53,47.49,11000 -109.54,47.51,11000 -109.55,47.52,11000 -109.56,47.54,11000 -109.45,47.58,11000 
          </coordinates>
        </LinearRing>
      </innerBoundaryIs>
      <innerBoundaryIs>
        <LinearRing>
          <coordinates>
-110.49,47.84,11000 -110.45,47.84,11000 -110.41,47.83,11000 -110.37,47.83,11000 -110.34,47.82,11000 -110.31,47.82,11000 -110.28,47.81,11000 -110.23,47.80,11000 -110.20,47.79,11000 -110.16,47.78,11000 -110.12,47.76,11000 -110.08,47.75,11000 -110.04,47.73,11000 -110.00,47.72,11000 -109.97,47.71,11000 -109.92,47.70,11000 -109.88,47.70,11000 -109.87,47.69,11000 -109.87,47.67,11000 -109.88,47.65,11000 -109.90,47.62,11000 -109.91,47.59,11000 -109.93,47.57,11000 -109.94,47.55,11000 -109.95,47.52,11000 -109.97,47.51,11000 -109.99,47.50,11000 -110.03,47.50,11000 -110.06,47.49,11000 -110.10,47.48,11000 -110.14,47.47,11000 -110.18,47.46,11000 -110.21,47.45,11000 -110.25,47.44,11000 -110.28,47.42,11000 -110.32,47.41,11000 -110.35,47.40,11000 -110.38,47.38,11000 -110.41,47.37,11000 -110.45,47.35,11000 -110.47,47.34,11000 -110.50,47.32,11000 -110.52,47.30,11000 -110.54,47.28,11000 -110.56,47.25,11000 -110.57,47.22,11000 -110.59,47.19,11000 -110.61,47.17,11000 -110.62,47.15,11000 -110.64,47.13,11000 -110.67,47.12,11000 -110.70,47.11,11000 -110.74,47.10,11000 -110.78,47.09,11000 -110.82,47.08,11000 -110.86,47.08,11000 -110.90,47.08,11000 -110.93,47.08,11000 -110.96,47.08,11000 -110.99,47.09,11000 -111.02,47.10,11000 -111.06,47.12,11000 -111.09,47.14,11000 -111.12,47.16,11000 -111.15,47.18,11000 -111.17,47.19,11000 -111.20,47.21,11000 -111.22,47.23,11000 -111.23,47.25,11000 -111.23,47.27,11000 -111.21,47.30,11000 -111.18,47.33,11000 -111.16,47.35,11000 -111.14,47.37,11000 -111.13,47.39,11000 -111.11,47.40,11000 -111.09,47.43,11000 -111.07,47.45,11000 -111.06,47.48,11000 -111.04,47.50,11000 -111.02,47.53,11000 -111.00,47.56,11000 -110.98,47.58,11000 -110.97,47.60,11000 -110.97,47.62,11000 -110.95,47.63,11000 -110.93,47.64,11000 -110.90,47.66,11000 -110.87,47.68,11000 -110.84,47.71,11000 -110.81,47.73,11000 -110.78,47.75,11000 -110.75,47.77,11000 -110.73,47.78,11000 -110.70,47.79,11000 -110.49,47.84,11000 
          </coordinates>
        </LinearRing>
      </innerBoundaryIs>
      <innerBoundaryIs>
        <LinearRing>
          <coordinates>
-109.30,48.27,11000 -109.26,48.27,11000 -109.23,48.28,11000 -109.19,48.28,11000 -109.16,48.29,11000 -109.12,48.29,11000 -109.09,48.29,11000 -109.06,48.29,11000 -109.02,48.29,11000 -108.98,48.29,11000 -108.95,48.28,11000 -108.92,48.27,11000 -108.89,48.26,11000 -108.87,48.24,11000 -108.85,48.22,11000 -108.84,48.19,11000 -108.82,48.16,11000 -108.81,48.13,11000 -108.78,48.12,11000 -108.75,48.12,11000 -108.72,48.12,11000 -108.68,48.12,11000 -108.64,48.13,11000 -108.60,48.14,11000 -108.56,48.15,11000 -108.53,48.15,11000 -108.49,48.15,11000 -108.46,48.15,11000 -108.43,48.14,11000 -108.40,48.13,11000 -108.37,48.13,11000 -108.34,48.13,11000 -108.31,48.12,11000 -108.27,48.11,11000 -108.25,48.10,11000 -108.21,48.09,11000 -108.18,48.07,11000 -108.14,48.05,11000 -108.11,48.04,11000 -108.08,48.02,11000 -108.05,48.00,11000 -108.03,47.98,11000 -108.01,47.95,11000 -108.00,47.93,11000 -108.00,47.90,11000 -108.00,47.87,11000 -108.01,47.84,11000 -108.02,47.82,11000 -108.04,47.80,11000 -108.06,47.78,11000 -108.08,47.76,11000 -108.11,47.74,11000 -108.14,47.73,11000 -108.18,47.72,11000 -108.21,47.71,11000 -108.25,47.71,11000 -108.28,47.71,11000 -108.33,47.72,11000 -108.37,47.73,11000 -108.41,47.73,11000 -108.44,47.74,11000 -108.47,47.75,11000 -108.51,47.76,11000 -108.53,47.78,11000 -108.54,47.79,11000 -108.56,47.81,11000 -108.58,47.83,11000 -108.60,47.85,11000 -108.62,47.88,11000 -108.64,47.90,11000 -108.66,47.92,11000 -108.68,47.94,11000 -108.70,47.96,11000 -108.71,47.99,11000 -108.72,48.01,11000 -108.74,48.04,11000 -108.75,48.06,11000 -108.76,48.08,11000 -108.77,48.09,11000 -108.80,48.10,11000 -108.84,48.10,11000 -108.87,48.10,11000 -108.90,48.10,11000 -108.94,48.10,11000 -108.99,48.11,11000 -109.03,48.11,11000 -109.06,48.11,11000 -109.10,48.12,11000 -109.14,48.12,11000 -109.18,48.13,11000 -109.22,48.13,11000 -109.25,48.14,11000 -109.28,48.15,11000 -109.31,48.17,11000 -109.33,48.19,11000 -109.34,48.21,11000 -109.35,48.23,11000 -109.30,48.27,11000 
          </coordinates>
        </LinearRing>
      </innerBoundaryIs>
      <innerBoundaryIs>
        <LinearRing>
          <coordinates>
-69.16,50.49,11000 -68.44,50.44,11000 -68.03,50.44,11000 -67.60,50.31,11000 -67.09,50.13,11000 -66.70,49.98,11000 -66.58,49.88,11000 -66.31,49.58,11000 -66.06,49.39,11000 -66.18,49.35,11000 -66.92,49.43,11000 -67.40,49.35,11000 -67.87,49.25,11000 -68.34,49.08,11000 -68.72,48.81,11000 -69.00,48.41,11000 -69.36,48.28,11000 -69.61,48.19,11000 -69.83,48.01,11000 -70.07,47.83,11000 -70.50,47.59,11000 -70.79,47.32,11000 -71.26,47.16,11000 -71.80,47.06,11000 -71.95,47.08,11000 -72.09,47.28,11000 -72.36,47.46,11000 -72.73,47.44,11000 -72.93,47.30,11000 -73.11,47.06,11000 -73.45,46.85,11000 -73.95,46.65,11000 -74.40,46.53,11000 -74.76,46.67,11000 -75.07,46.72,11000 -75.45,46.71,11000 -75.76,46.65,11000 -75.97,46.61,11000 -76.24,46.46,11000 -76.57,46.28,11000 -77.13,46.26,11000 -77.65,46.22,11000 -77.86,46.16,11000 -78.05,45.99,11000 -78.35,45.72,11000 -78.50,45.65,11000 -78.72,45.59,11000 -78.94,45.62,11000 -79.35,45.73,11000 -79.74,45.73,11000 -80.29,45.63,11000 -80.57,45.50,11000 -80.63,45.27,11000 -80.61,45.06,11000 -80.75,44.87,11000 -81.24,45.13,11000 -81.83,45.30,11000 -82.33,45.23,11000 -82.85,45.11,11000 -83.33,44.96,11000 -83.82,44.71,11000 -84.47,44.41,11000 -85.18,44.02,11000 -85.97,43.55,11000 -86.42,43.28,11000 -87.04,43.30,11000 -87.52,43.35,11000 -87.92,43.19,11000 -88.34,42.92,11000 -88.81,42.72,11000 -89.69,42.56,11000 -90.06,42.54,11000 -90.56,42.65,11000 -91.03,42.74,11000 -91.61,42.90,11000 -92.10,43.06,11000 -92.62,43.28,11000 -93.05,43.38,11000 -93.85,43.42,11000 -94.33,43.55,11000 -94.96,43.66,11000 -95.61,43.79,11000 -96.02,43.95,11000 -96.49,44.16,11000 -96.72,44.26,11000 -97.11,44.32,11000 -97.48,44.36,11000 -97.96,44.30,11000 -98.35,44.14,11000 -98.78,44.13,11000 -99.39,44.28,11000 -99.86,44.28,11000 -100.31,44.24,11000 -100.56,44.43,11000 -101.09,44.57,11000 -101.25,44.76,11000 -101.54,44.89,11000 -101.93,45.13,11000 -102.04,45.25,11000 -102.42,45.35,11000 -103.33,45.69,11000 -104.27,46.06,11000 -104.85,46.47,11000 -105.44,46.99,11000 -105.44,47.17,11000 -105.27,47.31,11000 -104.96,47.51,11000 -104.66,47.66,11000 -104.48,47.68,11000 -103.95,47.55,11000 -103.50,47.51,11000 -102.66,47.55,11000 -102.15,47.39,11000 -101.53,47.25,11000 -100.62,46.85,11000 -100.01,46.74,11000 -99.59,46.73,11000 -99.24,46.81,11000 -98.55,46.72,11000 -98.00,46.69,11000 -97.33,46.64,11000 -96.81,46.53,11000 -96.52,46.46,11000 -96.22,46.44,11000 -95.61,46.48,11000 -94.92,46.55,11000 -94.51,46.56,11000 -93.82,46.58,11000 -92.99,46.63,11000 -92.49,46.73,11000 -91.66,46.84,11000 -91.16,46.92,11000 -90.71,47.03,11000 -90.31,47.09,11000 -90.06,47.18,11000 -89.55,47.33,11000 -88.79,47.70,11000 -87.99,48.10,11000 -87.24,48.46,11000 -86.91,48.75,11000 -86.65,49.13,11000 -86.38,49.43,11000 -86.04,49.73,11000 -85.83,49.89,11000 -85.54,50.01,11000 -85.17,49.87,11000 -84.10,49.48,11000 -83.77,49.25,11000 -83.53,49.15,11000 -83.18,49.07,11000 -82.56,48.67,11000 -81.64,48.41,11000 -80.88,48.22,11000 -79.96,48.00,11000 -79.26,47.82,11000 -78.83,47.70,11000 -78.46,47.59,11000 -78.03,47.52,11000 -77.72,47.50,11000 -76.93,47.50,11000 -76.36,47.58,11000 -75.80,47.73,11000 -74.75,48.00,11000 -74.27,48.13,11000 -73.87,48.32,11000 -73.43,48.51,11000 -72.93,48.63,11000 -72.24,49.00,11000 -71.54,49.42,11000 -71.02,49.93,11000 -70.83,50.17,11000 -70.49,50.28,11000 -69.16,50.49,11000 
          </coordinates>
        </LinearRing>
      </innerBoundaryIs>
      <innerBoundaryIs>
        <LinearRing>
          <coordinates>
-71.01,48.53,11000 -71.00,48.53,11000 -71.00,48.53,11000 -70.99,48.53,11000 -70.98,48.52,11000 -70.97,48.52,11000 -70.96,48.51,11000 -70.95,48.50,11000 -70.94,48.49,11000 -70.94,48.48,11000 -70.93,48.48,11000 -70.93,48.47,11000 -70.92,48.46,11000 -70.92,48.46,11000 -70.91,48.45,11000 -70.90,48.44,11000 -70.90,48.43,11000 -70.89,48.42,11000 -70.89,48.41,11000 -70.88,48.40,11000 -70.87,48.39,11000 -70.87,48.38,11000 -70.86,48.37,11000 -70.86,48.36,11000 -70.85,48.36,11000 -70.84,48.35,11000 -70.84,48.34,11000 -70.83,48.33,11000 -70.83,48.33,11000 -70.83,48.32,11000 -70.82,48.31,11000 -70.82,48.31,11000 -70.81,48.31,11000 -70.80,48.30,11000 -70.82,48.30,11000 -70.83,48.30,11000 -70.84,48.30,11000 -70.85,48.30,11000 -70.86,48.30,11000 -70.87,48.30,11000 -70.88,48.30,11000 -70.90,48.30,11000 -70.91,48.30,11000 -70.93,48.30,11000 -70.94,48.30,11000 -70.96,48.30,11000 -70.97,48.30,11000 -70.99,48.30,11000 -71.00,48.30,11000 -71.02,48.30,11000 -71.03,48.30,11000 -71.04,48.30,11000 -71.05,48.30,11000 -71.06,48.30,11000 -71.07,48.30,11000 -71.09,48.30,11000 -71.10,48.30,11000 -71.11,48.31,11000 -71.11,48.31,11000 -71.12,48.32,11000 -71.12,48.33,11000 -71.12,48.34,11000 -71.12,48.35,11000 -71.12,48.35,11000 -71.12,48.36,11000 -71.12,48.36,11000 -71.12,48.37,11000 -71.12,48.38,11000 -71.12,48.39,11000 -71.12,48.40,11000 -71.11,48.40,11000 -71.11,48.41,11000 -71.11,48.42,11000 -71.11,48.43,11000 -71.11,48.44,11000 -71.10,48.45,11000 -71.10,48.46,11000 -71.10,48.47,11000 -71.10,48.48,11000 -71.09,48.49,11000 -71.09,48.50,11000 -71.09,48.51,11000 -71.01,48.53,11000 
          </coordinates>
        </LinearRing>
      </innerBoundaryIs>
  </Polygon>
 </MultiGeometry>
</Placemark>
<Placemark>
  <name>90%</name>
  <visibility>1</visibility>
  <styleUrl>#poly_90</styleUrl>
  <MultiGeometry>
    <Polygon>
      <outerBoundaryIs>
        <LinearRing>
          <coordinates>
-115.03,46.75,10000 -114.99,46.73,10000 -114.96,46.72,10000 -114.92,46.72,10000 -114.87,46.71,10000 -114.82,46.70,10000 -114.77,46.69,10000 -114.73,46.68,10000 -114.68,46.67,10000 -114.63,46.66,10000 -114.58,46.65,10000 -114.54,46.64,10000 -114.51,46.63,10000 -114.47,46.61,10000 -114.46,46.58,10000 -114.45,46.55,10000 -114.45,46.51,10000 -114.44,46.47,10000 -114.44,46.44,10000 -114.44,46.42,10000 -114.46,46.40,10000 -114.47,46.38,10000 -114.49,46.35,10000 -114.52,46.32,10000 -114.54,46.29,10000 -114.55,46.26,10000 -114.56,46.23,10000 -114.56,46.19,10000 -114.57,46.16,10000 -114.57,46.12,10000 -114.57,46.09,10000 -114.57,46.06,10000 -114.57,46.02,10000 -114.57,45.98,10000 -114.57,45.95,10000 -114.57,45.92,10000 -114.57,45.88,10000 -114.57,45.85,10000 -114.57,45.82,10000 -114.58,45.81,10000 -114.60,45.82,10000 -114.62,45.84,10000 -114.64,45.88,10000 -114.67,45.91,10000 -114.69,45.93,10000 -114.72,45.96,10000 -114.74,45.99,10000 -114.77,46.01,10000 -114.79,46.04,10000 -114.81,46.06,10000 -114.83,46.09,10000 -114.85,46.11,10000 -114.89,46.12,10000 -114.93,46.12,10000 -114.99,46.12,10000 -115.05,46.11,10000 -115.10,46.11,10000 -115.14,46.11,10000 -115.17,46.13,10000 -115.17,46.16,10000 -115.18,46.20,10000 -115.19,46.23,10000 -115.20,46.26,10000 -115.21,46.30,10000 -115.21,46.33,10000 -115.22,46.36,10000 -115.22,46.39,10000 -115.22,46.43,10000 -115.22,46.46,10000 -115.22,46.48,10000 -115.21,46.51,10000 -115.19,46.54,10000 -115.17,46.56,10000 -115.15,46.59,10000 -115.13,46.62,10000 -115.10,46.65,10000 -115.08,46.69,10000 -115.05,46.72,10000 -115.03,46.75,10000 
          </coordinates>
        </LinearRing>
      </outerBoundaryIs>
  </Polygon>
 </MultiGeometry>
</Placemark>
<Placemark>
  <name>90%</name>
  <visibility>1</visibility>
  <styleUrl>#poly_90</styleUrl>
  <MultiGeometry>
    <Polygon>
      <outerBoundaryIs>
        <LinearRing>
          <coordinates>
-126.78,50.21,10000 -126.73,50.22,10000 -126.68,50.22,10000 -126.63,50.23,10000 -126.58,50.23,10000 -126.53,50.24,10000 -126.48,50.25,10000 -126.43,50.26,10000 -126.38,50.27,10000 -126.33,50.28,10000 -126.28,50.28,10000 -126.23,50.28,10000 -126.17,50.28,10000 -126.11,50.28,10000 -126.06,50.27,10000 -126.02,50.27,10000 -125.98,50.26,10000 -125.96,50.24,10000 -125.94,50.22,10000 -125.92,50.19,10000 -125.89,50.17,10000 -125.87,50.14,10000 -125.85,50.11,10000 -125.83,50.08,10000 -125.82,50.05,10000 -125.81,50.01,10000 -125.80,49.98,10000 -125.78,49.95,10000 -125.75,49.92,10000 -125.72,49.89,10000 -125.69,49.86,10000 -125.66,49.83,10000 -125.63,49.81,10000 -125.60,49.79,10000 -125.57,49.77,10000 -125.55,49.75,10000 -125.52,49.72,10000 -125.50,49.69,10000 -125.47,49.66,10000 -125.45,49.63,10000 -125.42,49.60,10000 -125.39,49.57,10000 -125.37,49.54,10000 -125.36,49.51,10000 -125.36,49.48,10000 -125.37,49.44,10000 -125.38,49.41,10000 -125.40,49.38,10000 -125.43,49.37,10000 -125.47,49.37,10000 -125.52,49.39,10000 -125.57,49.41,10000 -125.63,49.43,10000 -125.68,49.45,10000 -125.71,49.46,10000 -125.73,49.46,10000 -125.76,49.47,10000 -125.80,49.49,10000 -125.85,49.51,10000 -125.90,49.53,10000 -125.95,49.55,10000 -125.99,49.57,10000 -126.02,49.58,10000 -126.03,49.58,10000 -126.05,49.60,10000 -126.07,49.62,10000 -126.10,49.64,10000 -126.14,49.67,10000 -126.17,49.70,10000 -126.20,49.72,10000 -126.24,49.74,10000 -126.27,49.76,10000 -126.31,49.78,10000 -126.34,49.80,10000 -126.37,49.81,10000 -126.39,49.83,10000 -126.43,49.86,10000 -126.46,49.87,10000 -126.51,49.89,10000 -126.56,49.91,10000 -126.61,49.93,10000 -126.66,49.95,10000 -126.69,49.96,10000 -126.73,49.98,10000 -126.75,50.00,10000 -126.77,50.02,10000 -126.80,50.04,10000 -126.83,50.06,10000 -126.86,50.09,10000 -126.89,50.12,10000 -126.78,50.21,10000 
          </coordinates>
        </LinearRing>
      </outerBoundaryIs>
      <innerBoundaryIs>
        <LinearRing>
          <coordinates>
-126.77,50.17,11000 -126.73,50.18,11000 -126.69,50.18,11000 -126.65,50.19,11000 -126.60,50.20,11000 -126.56,50.20,11000 -126.52,50.21,11000 -126.48,50.22,11000 -126.44,50.22,11000 -126.39,50.23,11000 -126.35,50.24,11000 -126.31,50.25,11000 -126.27,50.25,11000 -126.22,50.25,11000 -126.18,50.25,11000 -126.13,50.25,11000 -126.09,50.25,11000 -126.06,50.25,11000 -126.02,50.24,11000 -126.00,50.22,11000 -125.98,50.20,11000 -125.96,50.18,11000 -125.94,50.16,11000 -125.92,50.13,11000 -125.90,50.10,11000 -125.89,50.08,11000 -125.88,50.05,11000 -125.87,50.02,11000 -125.86,49.99,11000 -125.85,49.97,11000 -125.84,49.94,11000 -125.83,49.91,11000 -125.82,49.89,11000 -125.81,49.86,11000 -125.80,49.84,11000 -125.78,49.81,11000 -125.76,49.79,11000 -125.73,49.77,11000 -125.70,49.75,11000 -125.66,49.73,11000 -125.62,49.71,11000 -125.58,49.69,11000 -125.55,49.67,11000 -125.53,49.66,11000 -125.53,49.65,11000 -125.52,49.63,11000 -125.51,49.61,11000 -125.49,49.58,11000 -125.47,49.55,11000 -125.46,49.52,11000 -125.45,49.50,11000 -125.45,49.47,11000 -125.47,49.47,11000 -125.48,49.47,11000 -125.52,49.48,11000 -125.55,49.49,11000 -125.58,49.50,11000 -125.62,49.52,11000 -125.66,49.54,11000 -125.71,49.55,11000 -125.74,49.57,11000 -125.77,49.58,11000 -125.81,49.60,11000 -125.84,49.61,11000 -125.87,49.62,11000 -125.91,49.63,11000 -125.95,49.64,11000 -125.99,49.66,11000 -126.03,49.67,11000 -126.06,49.68,11000 -126.09,49.69,11000 -126.10,49.71,11000 -126.13,49.73,11000 -126.15,49.75,11000 -126.18,49.77,11000 -126.22,49.79,11000 -126.25,49.81,11000 -126.29,49.84,11000 -126.32,49.86,11000 -126.34,49.87,11000 -126.37,49.88,11000 -126.40,49.89,11000 -126.43,49.90,11000 -126.46,49.92,11000 -126.50,49.93,11000 -126.55,49.95,11000 -126.59,49.96,11000 -126.62,49.98,11000 -126.65,49.99,11000 -126.69,50.00,11000 -126.71,50.01,11000 -126.73,50.03,11000 -126.75,50.05,11000 -126.77,50.07,11000 -126.80,50.10,11000 -126.82,50.13,11000 -126.77,50.17,11000 
          </coordinates>
        </LinearRing>
      </innerBoundaryIs>
  </Polygon>
 </MultiGeometry>
</Placemark>
<Placemark>
  <name>90%</name>
  <visibility>1</visibility>
  <styleUrl>#poly_90</styleUrl>
  <MultiGeometry>
    <Polygon>
      <outerBoundaryIs>
        <LinearRing>
          <coordinates>
-113.38,48.47,10000 -113.28,48.45,10000 -113.18,48.43,10000 -113.09,48.41,10000 -113.00,48.39,10000 -112.92,48.37,10000 -112.85,48.35,10000 -112.74,48.32,10000 -112.66,48.29,10000 -112.60,48.26,10000 -112.54,48.23,10000 -112.48,48.19,10000 -112.46,48.15,10000 -112.48,48.11,10000 -112.54,48.08,10000 -112.58,48.03,10000 -112.60,47.98,10000 -112.60,47.92,10000 -112.61,47.86,10000 -112.61,47.80,10000 -112.61,47.74,10000 -112.61,47.67,10000 -112.60,47.60,10000 -112.58,47.54,10000 -112.54,47.49,10000 -112.49,47.44,10000 -112.44,47.39,10000 -112.40,47.33,10000 -112.38,47.28,10000 -112.36,47.23,10000 -112.35,47.18,10000 -112.35,47.12,10000 -112.35,47.05,10000 -112.36,46.99,10000 -112.38,46.92,10000 -112.40,46.85,10000 -112.42,46.78,10000 -112.45,46.71,10000 -112.47,46.66,10000 -112.50,46.63,10000 -112.57,46.63,10000 -112.64,46.70,10000 -112.70,46.78,10000 -112.73,46.84,10000 -112.75,46.90,10000 -112.76,46.97,10000 -112.78,47.02,10000 -112.81,47.07,10000 -112.88,47.10,10000 -112.94,47.12,10000 -113.02,47.15,10000 -113.10,47.18,10000 -113.19,47.20,10000 -113.27,47.21,10000 -113.36,47.20,10000 -113.45,47.18,10000 -113.53,47.15,10000 -113.61,47.13,10000 -113.70,47.12,10000 -113.78,47.12,10000 -113.86,47.12,10000 -113.92,47.14,10000 -113.96,47.19,10000 -113.96,47.26,10000 -113.96,47.34,10000 -113.96,47.40,10000 -113.96,47.46,10000 -113.95,47.54,10000 -113.94,47.61,10000 -113.93,47.68,10000 -113.91,47.74,10000 -113.89,47.80,10000 -113.87,47.86,10000 -113.84,47.92,10000 -113.81,47.98,10000 -113.78,48.04,10000 -113.75,48.10,10000 -113.72,48.16,10000 -113.68,48.22,10000 -113.65,48.27,10000 -113.62,48.33,10000 -113.58,48.39,10000 -113.38,48.47,10000 
          </coordinates>
        </LinearRing>
      </outerBoundaryIs>
      <innerBoundaryIs>
        <LinearRing>
          <coordinates>
-113.34,48.26,11000 -113.32,48.26,11000 -113.27,48.25,11000 -113.24,48.24,11000 -113.19,48.23,11000 -113.15,48.22,11000 -113.11,48.20,11000 -113.07,48.19,11000 -113.03,48.17,11000 -113.00,48.16,11000 -112.98,48.14,11000 -112.96,48.11,11000 -112.95,48.08,11000 -112.94,48.05,11000 -112.93,48.02,11000 -112.92,47.98,11000 -112.92,47.95,11000 -112.92,47.92,11000 -112.92,47.88,11000 -112.92,47.85,11000 -112.92,47.81,11000 -112.92,47.78,11000 -112.93,47.75,11000 -112.93,47.71,11000 -112.94,47.68,11000 -112.95,47.64,11000 -112.95,47.61,11000 -112.95,47.57,11000 -112.94,47.54,11000 -112.93,47.50,11000 -112.93,47.47,11000 -112.92,47.44,11000 -112.91,47.40,11000 -112.89,47.38,11000 -112.91,47.36,11000 -112.94,47.35,11000 -112.99,47.35,11000 -113.04,47.34,11000 -113.10,47.34,11000 -113.15,47.34,11000 -113.19,47.34,11000 -113.24,47.34,11000 -113.28,47.34,11000 -113.32,47.35,11000 -113.37,47.35,11000 -113.41,47.35,11000 -113.46,47.35,11000 -113.52,47.35,11000 -113.57,47.34,11000 -113.62,47.34,11000 -113.65,47.34,11000 -113.68,47.34,11000 -113.69,47.37,11000 -113.70,47.39,11000 -113.71,47.42,11000 -113.73,47.46,11000 -113.74,47.50,11000 -113.75,47.53,11000 -113.76,47.56,11000 -113.77,47.60,11000 -113.77,47.64,11000 -113.78,47.67,11000 -113.78,47.70,11000 -113.78,47.74,11000 -113.77,47.77,11000 -113.75,47.80,11000 -113.73,47.82,11000 -113.70,47.85,11000 -113.68,47.88,11000 -113.67,47.90,11000 -113.66,47.93,11000 -113.64,47.96,11000 -113.63,47.99,11000 -113.62,48.02,11000 -113.61,48.05,11000 -113.60,48.08,11000 -113.60,48.12,11000 -113.60,48.15,11000 -113.59,48.18,11000 -113.58,48.20,11000 -113.55,48.22,11000 -113.52,48.23,11000 -113.48,48.23,11000 -113.34,48.26,11000 
          </coordinates>
        </LinearRing>
      </innerBoundaryIs>
  </Polygon>
 </MultiGeometry>
</Placemark>
<Placemark>
  <name>90%</name>
  <visibility>1</visibility>
  <styleUrl>#poly_90</styleUrl>
  <MultiGeometry>
    <Polygon>
      <outerBoundaryIs>
        <LinearRing>
          <coordinates>
-110.34,45.46,10000 -110.25,45.47,10000 -110.16,45.47,10000 -110.07,45.45,10000 -110.00,45.42,10000 -109.92,45.39,10000 -109.84,45.35,10000 -109.77,45.31,10000 -109.67,45.26,10000 -109.57,45.20,10000 -109.51,45.14,10000 -109.48,45.09,10000 -109.49,45.04,10000 -109.53,44.95,10000 -109.57,44.89,10000 -109.64,44.83,10000 -109.72,44.75,10000 -109.79,44.67,10000 -109.86,44.59,10000 -109.90,44.51,10000 -109.91,44.44,10000 -109.88,44.38,10000 -109.82,44.32,10000 -109.74,44.25,10000 -109.64,44.19,10000 -109.55,44.13,10000 -109.47,44.07,10000 -109.42,44.02,10000 -109.40,43.96,10000 -109.43,43.90,10000 -109.51,43.84,10000 -109.61,43.78,10000 -109.73,43.73,10000 -109.83,43.68,10000 -109.92,43.62,10000 -109.97,43.57,10000 -109.97,43.49,10000 -109.91,43.40,10000 -109.84,43.32,10000 -109.77,43.26,10000 -109.75,43.22,10000 -109.81,43.23,10000 -109.93,43.30,10000 -110.04,43.35,10000 -110.14,43.36,10000 -110.24,43.36,10000 -110.32,43.37,10000 -110.39,43.42,10000 -110.44,43.48,10000 -110.47,43.54,10000 -110.48,43.60,10000 -110.48,43.66,10000 -110.47,43.72,10000 -110.44,43.78,10000 -110.40,43.83,10000 -110.39,43.89,10000 -110.42,43.94,10000 -110.48,44.00,10000 -110.54,44.05,10000 -110.59,44.11,10000 -110.64,44.16,10000 -110.65,44.22,10000 -110.62,44.27,10000 -110.55,44.32,10000 -110.48,44.40,10000 -110.44,44.47,10000 -110.40,44.55,10000 -110.35,44.64,10000 -110.31,44.73,10000 -110.27,44.81,10000 -110.25,44.87,10000 -110.23,44.94,10000 -110.28,44.98,10000 -110.34,45.03,10000 -110.42,45.10,10000 -110.50,45.17,10000 -110.55,45.22,10000 -110.58,45.28,10000 -110.55,45.31,10000 -110.34,45.46,10000 
          </coordinates>
        </LinearRing>
      </outerBoundaryIs>
      <innerBoundaryIs>
        <LinearRing>
          <coordinates>
-110.17,44.36,11000 -110.14,44.35,11000 -110.11,44.34,11000 -110.08,44.33,11000 -110.05,44.33,11000 -110.02,44.32,11000 -109.99,44.31,11000 -109.97,44.29,11000 -109.94,44.28,11000 -109.91,44.27,11000 -109.88,44.26,11000 -109.85,44.24,11000 -109.82,44.22,11000 -109.80,44.20,11000 -109.77,44.18,11000 -109.74,44.16,11000 -109.72,44.15,11000 -109.70,44.13,11000 -109.68,44.12,11000 -109.65,44.10,11000 -109.64,44.09,11000 -109.63,44.07,11000 -109.61,44.06,11000 -109.59,44.03,11000 -109.57,44.01,11000 -109.56,43.99,11000 -109.55,43.97,11000 -109.54,43.95,11000 -109.54,43.93,11000 -109.57,43.91,11000 -109.61,43.90,11000 -109.63,43.89,11000 -109.66,43.89,11000 -109.69,43.88,11000 -109.72,43.87,11000 -109.76,43.87,11000 -109.79,43.86,11000 -109.82,43.85,11000 -109.85,43.84,11000 -109.88,43.83,11000 -109.91,43.81,11000 -109.94,43.80,11000 -109.97,43.78,11000 -109.99,43.77,11000 -110.01,43.75,11000 -110.03,43.74,11000 -110.05,43.72,11000 -110.05,43.70,11000 -110.06,43.69,11000 -110.08,43.69,11000 -110.10,43.70,11000 -110.13,43.71,11000 -110.15,43.73,11000 -110.16,43.75,11000 -110.16,43.77,11000 -110.17,43.79,11000 -110.17,43.82,11000 -110.18,43.85,11000 -110.18,43.87,11000 -110.19,43.90,11000 -110.20,43.92,11000 -110.21,43.94,11000 -110.22,43.96,11000 -110.23,43.98,11000 -110.24,44.01,11000 -110.24,44.03,11000 -110.25,44.05,11000 -110.26,44.07,11000 -110.27,44.09,11000 -110.27,44.12,11000 -110.28,44.14,11000 -110.28,44.17,11000 -110.28,44.19,11000 -110.29,44.22,11000 -110.29,44.24,11000 -110.17,44.36,11000 
          </coordinates>
        </LinearRing>
      </innerBoundaryIs>
      <innerBoundaryIs>
        <LinearRing>
          <coordinates>
-110.32,45.34,11000 -110.28,45.34,11000 -110.24,45.35,11000 -110.21,45.35,11000 -110.17,45.35,11000 -110.14,45.35,11000 -110.11,45.35,11000 -110.08,45.35,11000 -110.05,45.34,11000 -110.02,45.34,11000 -110.00,45.32,11000 -109.97,45.31,11000 -109.95,45.30,11000 -109.92,45.29,11000 -109.90,45.27,11000 -109.88,45.26,11000 -109.85,45.24,11000 -109.82,45.23,11000 -109.79,45.22,11000 -109.76,45.21,11000 -109.73,45.20,11000 -109.70,45.19,11000 -109.67,45.18,11000 -109.64,45.17,11000 -109.63,45.15,11000 -109.63,45.13,11000 -109.63,45.11,11000 -109.64,45.09,11000 -109.65,45.07,11000 -109.66,45.04,11000 -109.68,45.02,11000 -109.69,45.00,11000 -109.70,44.98,11000 -109.71,44.96,11000 -109.72,44.93,11000 -109.73,44.91,11000 -109.74,44.89,11000 -109.75,44.88,11000 -109.76,44.86,11000 -109.78,44.84,11000 -109.80,44.83,11000 -109.82,44.82,11000 -109.84,44.81,11000 -109.86,44.79,11000 -109.88,44.77,11000 -109.90,44.75,11000 -109.92,44.73,11000 -109.94,44.71,11000 -109.96,44.70,11000 -109.98,44.69,11000 -110.00,44.69,11000 -110.01,44.71,11000 -110.02,44.73,11000 -110.03,44.75,11000 -110.04,44.78,11000 -110.04,44.80,11000 -110.03,44.82,11000 -110.03,44.85,11000 -110.02,44.87,11000 -110.01,44.90,11000 -110.01,44.93,11000 -110.02,44.95,11000 -110.03,44.97,11000 -110.05,44.99,11000 -110.07,45.01,11000 -110.09,45.03,11000 -110.11,45.05,11000 -110.13,45.07,11000 -110.15,45.08,11000 -110.17,45.10,11000 -110.19,45.11,11000 -110.22,45.13,11000 -110.24,45.14,11000 -110.27,45.15,11000 -110.29,45.16,11000 -110.31,45.17,11000 -110.33,45.19,11000 -110.34,45.21,11000 -110.36,45.23,11000 -110.38,45.25,11000 -110.40,45.27,11000 -110.32,45.34,11000 
          </coordinates>
        </LinearRing>
      </innerBoundaryIs>
  </Polygon>
 </MultiGeometry>
</Placemark>
<Placemark>
  <name>90%</name>
  <visibility>1</visibility>
  <styleUrl>#poly_90</styleUrl>
  <MultiGeometry>
    <Polygon>
      <outerBoundaryIs>
        <LinearRing>
          <coordinates>
-119.21,51.17,10000 -119.14,51.18,10000 -119.07,51.19,10000 -119.00,51.20,10000 -118.93,51.22,10000 -118.86,51.23,10000 -118.80,51.24,10000 -118.73,51.25,10000 -118.66,51.26,10000 -118.59,51.27,10000 -118.52,51.28,10000 -118.45,51.29,10000 -118.38,51.30,10000 -118.31,51.31,10000 -118.23,51.32,10000 -118.16,51.33,10000 -118.08,51.34,10000 -118.01,51.35,10000 -117.94,51.35,10000 -117.87,51.36,10000 -117.81,51.37,10000 -117.75,51.37,10000 -117.69,51.38,10000 -117.60,51.39,10000 -117.52,51.40,10000 -117.46,51.40,10000 -117.40,51.41,10000 -117.34,51.41,10000 -117.28,51.41,10000 -117.20,51.41,10000 -117.12,51.41,10000 -117.05,51.41,10000 -117.00,51.40,10000 -116.97,51.39,10000 -116.98,51.37,10000 -117.02,51.34,10000 -117.08,51.30,10000 -117.13,51.27,10000 -117.17,51.23,10000 -117.19,51.20,10000 -117.20,51.16,10000 -117.20,51.13,10000 -117.19,51.09,10000 -117.17,51.04,10000 -117.15,51.01,10000 -117.12,50.97,10000 -117.08,50.93,10000 -117.04,50.88,10000 -117.00,50.84,10000 -116.97,50.80,10000 -116.94,50.76,10000 -116.92,50.73,10000 -116.91,50.68,10000 -116.92,50.64,10000 -116.95,50.61,10000 -116.98,50.57,10000 -117.01,50.54,10000 -117.05,50.51,10000 -117.09,50.49,10000 -117.13,50.46,10000 -117.17,50.42,10000 -117.20,50.38,10000 -117.23,50.33,10000 -117.26,50.27,10000 -117.30,50.22,10000 -117.33,50.19,10000 -117.37,50.18,10000 -117.40,50.19,10000 -117.44,50.22,10000 -117.47,50.26,10000 -117.51,50.31,10000 -117.55,50.36,10000 -117.59,50.41,10000 -117.63,50.45,10000 -117.67,50.49,10000 -117.73,50.53,10000 -117.79,50.56,10000 -117.85,50.60,10000 -117.91,50.62,10000 -117.96,50.64,10000 -118.01,50.65,10000 -118.06,50.64,10000 -118.10,50.61,10000 -118.14,50.58,10000 -118.18,50.56,10000 -118.24,50.55,10000 -118.30,50.55,10000 -118.37,50.56,10000 -118.42,50.57,10000 -118.46,50.59,10000 -118.50,50.62,10000 -118.53,50.65,10000 -118.56,50.69,10000 -118.58,50.72,10000 -118.59,50.76,10000 -118.59,50.80,10000 -118.61,50.84,10000 -118.63,50.88,10000 -118.66,50.92,10000 -118.71,50.95,10000 -118.75,50.99,10000 -118.80,51.02,10000 -118.86,51.05,10000 -118.92,51.07,10000 -118.98,51.09,10000 -119.05,51.10,10000 -119.12,51.11,10000 -119.19,51.12,10000 -119.21,51.17,10000 
          </coordinates>
        </LinearRing>
      </outerBoundaryIs>
      <innerBoundaryIs>
        <LinearRing>
          <coordinates>
-118.95,51.18,11000 -118.90,51.19,11000 -118.85,51.20,11000 -118.80,51.21,11000 -118.75,51.21,11000 -118.70,51.22,11000 -118.64,51.23,11000 -118.59,51.24,11000 -118.54,51.25,11000 -118.49,51.25,11000 -118.44,51.26,11000 -118.39,51.27,11000 -118.34,51.27,11000 -118.29,51.28,11000 -118.24,51.29,11000 -118.18,51.29,11000 -118.13,51.30,11000 -118.08,51.30,11000 -118.03,51.31,11000 -117.98,51.31,11000 -117.93,51.32,11000 -117.88,51.33,11000 -117.82,51.33,11000 -117.77,51.34,11000 -117.71,51.34,11000 -117.66,51.35,11000 -117.61,51.35,11000 -117.56,51.36,11000 -117.51,51.36,11000 -117.46,51.37,11000 -117.42,51.37,11000 -117.35,51.37,11000 -117.29,51.38,11000 -117.24,51.38,11000 -117.19,51.39,11000 -117.16,51.38,11000 -117.14,51.37,11000 -117.14,51.35,11000 -117.16,51.34,11000 -117.19,51.31,11000 -117.23,51.29,11000 -117.26,51.26,11000 -117.29,51.22,11000 -117.30,51.19,11000 -117.30,51.16,11000 -117.30,51.13,11000 -117.29,51.10,11000 -117.27,51.07,11000 -117.26,51.03,11000 -117.25,50.99,11000 -117.24,50.96,11000 -117.23,50.93,11000 -117.22,50.90,11000 -117.22,50.87,11000 -117.23,50.83,11000 -117.25,50.80,11000 -117.28,50.77,11000 -117.31,50.74,11000 -117.34,50.72,11000 -117.36,50.69,11000 -117.38,50.66,11000 -117.39,50.62,11000 -117.41,50.58,11000 -117.42,50.54,11000 -117.44,50.52,11000 -117.45,50.51,11000 -117.46,50.52,11000 -117.47,50.55,11000 -117.48,50.59,11000 -117.49,50.63,11000 -117.52,50.67,11000 -117.54,50.69,11000 -117.57,50.71,11000 -117.60,50.74,11000 -117.63,50.76,11000 -117.67,50.78,11000 -117.71,50.81,11000 -117.75,50.82,11000 -117.80,50.84,11000 -117.84,50.85,11000 -117.89,50.86,11000 -117.94,50.86,11000 -117.99,50.86,11000 -118.05,50.86,11000 -118.10,50.87,11000 -118.16,50.87,11000 -118.21,50.87,11000 -118.26,50.88,11000 -118.30,50.88,11000 -118.34,50.89,11000 -118.39,50.91,11000 -118.42,50.93,11000 -118.45,50.95,11000 -118.47,50.98,11000 -118.49,51.01,11000 -118.52,51.03,11000 -118.56,51.05,11000 -118.60,51.07,11000 -118.64,51.08,11000 -118.69,51.09,11000 -118.73,51.11,11000 -118.78,51.12,11000 -118.84,51.13,11000 -118.89,51.14,11000 -118.94,51.15,11000 -118.95,51.18,11000 
          </coordinates>
        </LinearRing>
      </innerBoundaryIs>
  </Polygon>
 </MultiGeometry>
</Placemark>
<Placemark>
  <name>90%</name>
  <visibility>1</visibility>
  <styleUrl>#poly_90</styleUrl>
  <MultiGeometry>
    <Polygon>
      <outerBoundaryIs>
        <LinearRing>
          <coordinates>
-111.45,48.97,10000 -111.44,48.97,10000 -111.43,48.97,10000 -111.41,48.97,10000 -111.40,48.97,10000 -111.39,48.97,10000 -111.38,48.98,10000 -111.37,48.98,10000 -111.36,48.98,10000 -111.34,48.98,10000 -111.33,48.98,10000 -111.32,48.98,10000 -111.31,48.98,10000 -111.30,48.98,10000 -111.29,48.98,10000 -111.28,48.98,10000 -111.27,48.98,10000 -111.26,48.98,10000 -111.25,48.98,10000 -111.24,48.98,10000 -111.23,48.98,10000 -111.22,48.98,10000 -111.22,48.98,10000 -111.21,48.98,10000 -111.20,48.98,10000 -111.18,48.98,10000 -111.17,48.98,10000 -111.16,48.97,10000 -111.14,48.97,10000 -111.13,48.97,10000 -111.12,48.96,10000 -111.12,48.96,10000 -111.11,48.95,10000 -111.11,48.95,10000 -111.10,48.94,10000 -111.10,48.94,10000 -111.10,48.94,10000 -111.10,48.93,10000 -111.10,48.93,10000 -111.11,48.92,10000 -111.11,48.91,10000 -111.12,48.91,10000 -111.13,48.90,10000 -111.14,48.90,10000 -111.15,48.90,10000 -111.17,48.89,10000 -111.18,48.89,10000 -111.19,48.89,10000 -111.20,48.89,10000 -111.20,48.89,10000 -111.21,48.89,10000 -111.22,48.89,10000 -111.24,48.89,10000 -111.25,48.89,10000 -111.26,48.89,10000 -111.27,48.89,10000 -111.28,48.89,10000 -111.29,48.89,10000 -111.31,48.89,10000 -111.32,48.89,10000 -111.33,48.89,10000 -111.34,48.89,10000 -111.36,48.89,10000 -111.37,48.89,10000 -111.38,48.90,10000 -111.39,48.90,10000 -111.40,48.90,10000 -111.41,48.90,10000 -111.42,48.90,10000 -111.43,48.90,10000 -111.43,48.90,10000 -111.44,48.90,10000 -111.47,48.90,10000 -111.47,48.91,10000 -111.46,48.91,10000 -111.45,48.97,10000 
          </coordinates>
        </LinearRing>
      </outerBoundaryIs>
  </Polygon>
 </MultiGeometry>
</Placemark>
<Placemark>
  <name>90%</name>
  <visibility>1</visibility>
  <styleUrl>#poly_90</styleUrl>
  <MultiGeometry>
    <Polygon>
      <outerBoundaryIs>
        <LinearRing>
          <coordinates>
-74.72,44.47,10000 -74.68,44.47,10000 -74.65,44.45,10000 -74.64,44.43,10000 -74.63,44.39,10000 -74.62,44.36,10000 -74.61,44.32,10000 -74.61,44.28,10000 -74.61,44.25,10000 -74.62,44.21,10000 -74.63,44.18,10000 -74.64,44.14,10000 -74.65,44.11,10000 -74.66,44.08,10000 -74.66,44.04,10000 -74.67,44.01,10000 -74.67,43.97,10000 -74.68,43.94,10000 -74.69,43.91,10000 -74.69,43.87,10000 -74.70,43.84,10000 -74.71,43.80,10000 -74.72,43.77,10000 -74.73,43.73,10000 -74.75,43.70,10000 -74.77,43.66,10000 -74.79,43.63,10000 -74.81,43.60,10000 -74.83,43.57,10000 -74.86,43.54,10000 -74.89,43.52,10000 -74.92,43.50,10000 -74.96,43.49,10000 -75.01,43.48,10000 -75.05,43.47,10000 -75.09,43.46,10000 -75.13,43.45,10000 -75.18,43.44,10000 -75.22,43.43,10000 -75.27,43.41,10000 -75.32,43.39,10000 -75.38,43.37,10000 -75.43,43.36,10000 -75.48,43.35,10000 -75.53,43.35,10000 -75.58,43.34,10000 -75.63,43.35,10000 -75.68,43.35,10000 -75.73,43.36,10000 -75.78,43.37,10000 -75.83,43.39,10000 -75.87,43.41,10000 -75.90,43.43,10000 -75.93,43.47,10000 -75.95,43.50,10000 -75.95,43.55,10000 -75.95,43.58,10000 -75.94,43.62,10000 -75.93,43.65,10000 -75.92,43.69,10000 -75.91,43.72,10000 -75.89,43.76,10000 -75.86,43.81,10000 -75.84,43.84,10000 -75.82,43.87,10000 -75.79,43.88,10000 -75.76,43.90,10000 -75.72,43.92,10000 -75.67,43.95,10000 -75.62,43.97,10000 -75.58,43.99,10000 -75.55,44.01,10000 -75.51,44.02,10000 -75.48,44.04,10000 -75.44,44.06,10000 -75.39,44.09,10000 -75.35,44.12,10000 -75.31,44.15,10000 -75.28,44.17,10000 -75.27,44.19,10000 -75.24,44.21,10000 -75.19,44.24,10000 -75.14,44.27,10000 -75.10,44.30,10000 -75.06,44.32,10000 -75.03,44.35,10000 -74.99,44.37,10000 -74.95,44.39,10000 -74.91,44.41,10000 -74.86,44.43,10000 -74.81,44.45,10000 -74.75,44.47,10000 -74.72,44.47,10000 
          </coordinates>
        </LinearRing>
      </outerBoundaryIs>
  </Polygon>
 </MultiGeometry>
</Placemark>
<Placemark>
  <name>90%</name>
  <visibility>1</visibility>
  <styleUrl>#poly_90</styleUrl>
  <MultiGeometry>
    <Polygon>
      <outerBoundaryIs>
        <LinearRing>
          <coordinates>
-124.52,50.50,10000 -124.46,50.52,10000 -124.40,50.53,10000 -124.34,50.54,10000 -124.28,50.56,10000 -124.21,50.57,10000 -124.15,50.59,10000 -124.09,50.60,10000 -124.03,50.61,10000 -123.97,50.62,10000 -123.91,50.63,10000 -123.84,50.64,10000 -123.78,50.65,10000 -123.72,50.66,10000 -123.66,50.67,10000 -123.59,50.67,10000 -123.53,50.68,10000 -123.46,50.69,10000 -123.40,50.69,10000 -123.33,50.70,10000 -123.26,50.70,10000 -123.19,50.70,10000 -123.12,50.70,10000 -123.06,50.70,10000 -123.01,50.70,10000 -122.94,50.69,10000 -122.88,50.68,10000 -122.82,50.66,10000 -122.77,50.64,10000 -122.72,50.63,10000 -122.66,50.62,10000 -122.60,50.62,10000 -122.54,50.62,10000 -122.48,50.61,10000 -122.44,50.59,10000 -122.42,50.56,10000 -122.40,50.53,10000 -122.38,50.48,10000 -122.36,50.44,10000 -122.35,50.39,10000 -122.34,50.35,10000 -122.34,50.31,10000 -122.35,50.28,10000 -122.38,50.26,10000 -122.44,50.25,10000 -122.51,50.25,10000 -122.57,50.25,10000 -122.60,50.23,10000 -122.61,50.20,10000 -122.60,50.17,10000 -122.58,50.13,10000 -122.56,50.08,10000 -122.54,50.04,10000 -122.52,50.00,10000 -122.50,49.97,10000 -122.47,49.93,10000 -122.44,49.89,10000 -122.41,49.86,10000 -122.39,49.82,10000 -122.38,49.79,10000 -122.38,49.76,10000 -122.40,49.73,10000 -122.44,49.70,10000 -122.48,49.68,10000 -122.54,49.66,10000 -122.60,49.64,10000 -122.66,49.63,10000 -122.71,49.63,10000 -122.76,49.63,10000 -122.82,49.63,10000 -122.89,49.63,10000 -122.95,49.64,10000 -123.01,49.65,10000 -123.07,49.65,10000 -123.12,49.66,10000 -123.19,49.67,10000 -123.25,49.68,10000 -123.31,49.68,10000 -123.37,49.70,10000 -123.42,49.71,10000 -123.47,49.73,10000 -123.51,49.76,10000 -123.54,49.79,10000 -123.57,49.82,10000 -123.59,49.85,10000 -123.62,49.89,10000 -123.65,49.92,10000 -123.69,49.95,10000 -123.72,49.99,10000 -123.76,50.02,10000 -123.80,50.05,10000 -123.85,50.08,10000 -123.89,50.10,10000 -123.95,50.11,10000 -124.00,50.12,10000 -124.06,50.13,10000 -124.12,50.14,10000 -124.17,50.16,10000 -124.22,50.18,10000 -124.26,50.20,10000 -124.30,50.23,10000 -124.33,50.26,10000 -124.36,50.29,10000 -124.40,50.32,10000 -124.43,50.35,10000 -124.46,50.39,10000 -124.49,50.42,10000 -124.52,50.50,10000 
          </coordinates>
        </LinearRing>
      </outerBoundaryIs>
      <innerBoundaryIs>
        <LinearRing>
          <coordinates>
-124.27,50.54,11000 -124.21,50.55,11000 -124.16,50.56,11000 -124.10,50.56,11000 -124.05,50.57,11000 -123.99,50.58,11000 -123.94,50.59,11000 -123.88,50.59,11000 -123.83,50.60,11000 -123.77,50.61,11000 -123.71,50.62,11000 -123.65,50.63,11000 -123.59,50.64,11000 -123.53,50.65,11000 -123.47,50.66,11000 -123.41,50.67,11000 -123.36,50.67,11000 -123.31,50.68,11000 -123.26,50.68,11000 -123.19,50.68,11000 -123.14,50.67,11000 -123.10,50.66,11000 -123.05,50.64,11000 -122.99,50.63,11000 -122.93,50.62,11000 -122.87,50.62,11000 -122.80,50.61,11000 -122.73,50.60,11000 -122.67,50.59,11000 -122.62,50.58,11000 -122.60,50.56,11000 -122.60,50.54,11000 -122.63,50.52,11000 -122.66,50.49,11000 -122.71,50.47,11000 -122.76,50.44,11000 -122.81,50.41,11000 -122.84,50.38,11000 -122.87,50.36,11000 -122.89,50.32,11000 -122.90,50.29,11000 -122.90,50.26,11000 -122.89,50.22,11000 -122.88,50.19,11000 -122.87,50.16,11000 -122.86,50.13,11000 -122.84,50.10,11000 -122.81,50.07,11000 -122.79,50.03,11000 -122.77,50.00,11000 -122.75,49.97,11000 -122.72,49.93,11000 -122.69,49.89,11000 -122.67,49.85,11000 -122.64,49.82,11000 -122.63,49.78,11000 -122.62,49.75,11000 -122.62,49.73,11000 -122.64,49.71,11000 -122.69,49.69,11000 -122.75,49.68,11000 -122.81,49.68,11000 -122.87,49.68,11000 -122.93,49.68,11000 -122.98,49.69,11000 -123.03,49.71,11000 -123.08,49.73,11000 -123.13,49.75,11000 -123.18,49.77,11000 -123.23,49.78,11000 -123.29,49.78,11000 -123.35,49.77,11000 -123.40,49.76,11000 -123.45,49.75,11000 -123.50,49.77,11000 -123.52,49.79,11000 -123.54,49.82,11000 -123.55,49.86,11000 -123.56,49.90,11000 -123.58,49.94,11000 -123.59,49.99,11000 -123.60,50.03,11000 -123.62,50.06,11000 -123.64,50.09,11000 -123.68,50.12,11000 -123.72,50.14,11000 -123.76,50.16,11000 -123.81,50.17,11000 -123.86,50.18,11000 -123.90,50.19,11000 -123.95,50.19,11000 -124.01,50.19,11000 -124.06,50.18,11000 -124.11,50.17,11000 -124.15,50.18,11000 -124.18,50.20,11000 -124.21,50.23,11000 -124.23,50.27,11000 -124.25,50.31,11000 -124.28,50.34,11000 -124.31,50.37,11000 -124.34,50.40,11000 -124.38,50.43,11000 -124.41,50.45,11000 -124.45,50.48,11000 -124.27,50.54,11000 
          </coordinates>
        </LinearRing>
      </innerBoundaryIs>
  </Polygon>
 </MultiGeometry>
</Placemark>
<Placemark>
  <name>95%</name>
  <visibility>1</visibility>
  <styleUrl>#poly_95</styleUrl>
  <MultiGeometry>
    <Polygon>
      <outerBoundaryIs>
        <LinearRing>
          <coordinates>
-109.45,47.58,11000 -109.43,47.59,11000 -109.40,47.59,11000 -109.38,47.60,11000 -109.36,47.60,11000 -109.34,47.61,11000 -109.32,47.61,11000 -109.30,47.62,11000 -109.28,47.62,11000 -109.26,47.63,11000 -109.24,47.63,11000 -109.22,47.63,11000 -109.20,47.63,11000 -109.18,47.63,11000 -109.15,47.62,11000 -109.13,47.62,11000 -109.11,47.61,11000 -109.09,47.60,11000 -109.07,47.60,11000 -109.06,47.59,11000 -109.04,47.58,11000 -109.02,47.57,11000 -109.01,47.56,11000 -108.99,47.55,11000 -108.98,47.54,11000 -108.97,47.53,11000 -108.95,47.52,11000 -108.94,47.51,11000 -108.92,47.50,11000 -108.91,47.49,11000 -108.89,47.48,11000 -108.87,47.46,11000 -108.86,47.45,11000 -108.85,47.44,11000 -108.84,47.43,11000 -108.84,47.42,11000 -108.85,47.41,11000 -108.86,47.40,11000 -108.88,47.39,11000 -108.89,47.37,11000 -108.91,47.36,11000 -108.92,47.35,11000 -108.93,47.34,11000 -108.95,47.32,11000 -108.96,47.31,11000 -108.98,47.30,11000 -108.99,47.28,11000 -109.01,47.27,11000 -109.02,47.26,11000 -109.04,47.25,11000 -109.05,47.24,11000 -109.07,47.23,11000 -109.09,47.22,11000 -109.11,47.21,11000 -109.12,47.21,11000 -109.14,47.21,11000 -109.16,47.21,11000 -109.17,47.21,11000 -109.18,47.22,11000 -109.21,47.23,11000 -109.22,47.24,11000 -109.24,47.24,11000 -109.26,47.25,11000 -109.28,47.26,11000 -109.30,47.27,11000 -109.32,47.28,11000 -109.34,47.29,11000 -109.36,47.30,11000 -109.38,47.31,11000 -109.40,47.32,11000 -109.41,47.33,11000 -109.43,47.34,11000 -109.44,47.35,11000 -109.45,47.35,11000 -109.46,47.36,11000 -109.47,47.38,11000 -109.48,47.39,11000 -109.48,47.40,11000 -109.49,47.41,11000 -109.50,47.43,11000 -109.51,47.44,11000 -109.52,47.46,11000 -109.52,47.47,11000 -109.53,47.49,11000 -109.54,47.51,11000 -109.55,47.52,11000 -109.56,47.54,11000 -109.45,47.58,11000 
          </coordinates>
        </LinearRing>
      </outerBoundaryIs>
  </Polygon>
 </MultiGeometry>
</Placemark>
<Placemark>
  <name>95%</name>
  <visibility>1</visibility>
  <styleUrl>#poly_95</styleUrl>
  <MultiGeometry>
    <Polygon>
      <outerBoundaryIs>
        <LinearRing>
          <coordinates>
-110.49,47.84,11000 -110.45,47.84,11000 -110.41,47.83,11000 -110.37,47.83,11000 -110.34,47.82,11000 -110.31,47.82,11000 -110.28,47.81,11000 -110.23,47.80,11000 -110.20,47.79,11000 -110.16,47.78,11000 -110.12,47.76,11000 -110.08,47.75,11000 -110.04,47.73,11000 -110.00,47.72,11000 -109.97,47.71,11000 -109.92,47.70,11000 -109.88,47.70,11000 -109.87,47.69,11000 -109.87,47.67,11000 -109.88,47.65,11000 -109.90,47.62,11000 -109.91,47.59,11000 -109.93,47.57,11000 -109.94,47.55,11000 -109.95,47.52,11000 -109.97,47.51,11000 -109.99,47.50,11000 -110.03,47.50,11000 -110.06,47.49,11000 -110.10,47.48,11000 -110.14,47.47,11000 -110.18,47.46,11000 -110.21,47.45,11000 -110.25,47.44,11000 -110.28,47.42,11000 -110.32,47.41,11000 -110.35,47.40,11000 -110.38,47.38,11000 -110.41,47.37,11000 -110.45,47.35,11000 -110.47,47.34,11000 -110.50,47.32,11000 -110.52,47.30,11000 -110.54,47.28,11000 -110.56,47.25,11000 -110.57,47.22,11000 -110.59,47.19,11000 -110.61,47.17,11000 -110.62,47.15,11000 -110.64,47.13,11000 -110.67,47.12,11000 -110.70,47.11,11000 -110.74,47.10,11000 -110.78,47.09,11000 -110.82,47.08,11000 -110.86,47.08,11000 -110.90,47.08,11000 -110.93,47.08,11000 -110.96,47.08,11000 -110.99,47.09,11000 -111.02,47.10,11000 -111.06,47.12,11000 -111.09,47.14,11000 -111.12,47.16,11000 -111.15,47.18,11000 -111.17,47.19,11000 -111.20,47.21,11000 -111.22,47.23,11000 -111.23,47.25,11000 -111.23,47.27,11000 -111.21,47.30,11000 -111.18,47.33,11000 -111.16,47.35,11000 -111.14,47.37,11000 -111.13,47.39,11000 -111.11,47.40,11000 -111.09,47.43,11000 -111.07,47.45,11000 -111.06,47.48,11000 -111.04,47.50,11000 -111.02,47.53,11000 -111.00,47.56,11000 -110.98,47.58,11000 -110.97,47.60,11000 -110.97,47.62,11000 -110.95,47.63,11000 -110.93,47.64,11000 -110.90,47.66,11000 -110.87,47.68,11000 -110.84,47.71,11000 -110.81,47.73,11000 -110.78,47.75,11000 -110.75,47.77,11000 -110.73,47.78,11000 -110.70,47.79,11000 -110.49,47.84,11000 
          </coordinates>
        </LinearRing>
      </outerBoundaryIs>
  </Polygon>
 </MultiGeometry>
</Placemark>
<Placemark>
  <name>95%</name>
  <visibility>1</visibility>
  <styleUrl>#poly_95</styleUrl>
  <MultiGeometry>
    <Polygon>
      <outerBoundaryIs>
        <LinearRing>
          <coordinates>
-126.77,50.17,11000 -126.73,50.18,11000 -126.69,50.18,11000 -126.65,50.19,11000 -126.60,50.20,11000 -126.56,50.20,11000 -126.52,50.21,11000 -126.48,50.22,11000 -126.44,50.22,11000 -126.39,50.23,11000 -126.35,50.24,11000 -126.31,50.25,11000 -126.27,50.25,11000 -126.22,50.25,11000 -126.18,50.25,11000 -126.13,50.25,11000 -126.09,50.25,11000 -126.06,50.25,11000 -126.02,50.24,11000 -126.00,50.22,11000 -125.98,50.20,11000 -125.96,50.18,11000 -125.94,50.16,11000 -125.92,50.13,11000 -125.90,50.10,11000 -125.89,50.08,11000 -125.88,50.05,11000 -125.87,50.02,11000 -125.86,49.99,11000 -125.85,49.97,11000 -125.84,49.94,11000 -125.83,49.91,11000 -125.82,49.89,11000 -125.81,49.86,11000 -125.80,49.84,11000 -125.78,49.81,11000 -125.76,49.79,11000 -125.73,49.77,11000 -125.70,49.75,11000 -125.66,49.73,11000 -125.62,49.71,11000 -125.58,49.69,11000 -125.55,49.67,11000 -125.53,49.66,11000 -125.53,49.65,11000 -125.52,49.63,11000 -125.51,49.61,11000 -125.49,49.58,11000 -125.47,49.55,11000 -125.46,49.52,11000 -125.45,49.50,11000 -125.45,49.47,11000 -125.47,49.47,11000 -125.48,49.47,11000 -125.52,49.48,11000 -125.55,49.49,11000 -125.58,49.50,11000 -125.62,49.52,11000 -125.66,49.54,11000 -125.71,49.55,11000 -125.74,49.57,11000 -125.77,49.58,11000 -125.81,49.60,11000 -125.84,49.61,11000 -125.87,49.62,11000 -125.91,49.63,11000 -125.95,49.64,11000 -125.99,49.66,11000 -126.03,49.67,11000 -126.06,49.68,11000 -126.09,49.69,11000 -126.10,49.71,11000 -126.13,49.73,11000 -126.15,49.75,11000 -126.18,49.77,11000 -126.22,49.79,11000 -126.25,49.81,11000 -126.29,49.84,11000 -126.32,49.86,11000 -126.34,49.87,11000 -126.37,49.88,11000 -126.40,49.89,11000 -126.43,49.90,11000 -126.46,49.92,11000 -126.50,49.93,11000 -126.55,49.95,11000 -126.59,49.96,11000 -126.62,49.98,11000 -126.65,49.99,11000 -126.69,50.00,11000 -126.71,50.01,11000 -126.73,50.03,11000 -126.75,50.05,11000 -126.77,50.07,11000 -126.80,50.10,11000 -126.82,50.13,11000 -126.77,50.17,11000 
          </coordinates>
        </LinearRing>
      </outerBoundaryIs>
  </Polygon>
 </MultiGeometry>
</Placemark>
<Placemark>
  <name>95%</name>
  <visibility>1</visibility>
  <styleUrl>#poly_95</styleUrl>
  <MultiGeometry>
    <Polygon>
      <outerBoundaryIs>
        <LinearRing>
          <coordinates>
-66.15,47.73,11000 -66.10,47.71,11000 -66.05,47.70,11000 -66.01,47.68,11000 -65.97,47.67,11000 -65.94,47.66,11000 -65.92,47.64,11000 -65.90,47.62,11000 -65.87,47.60,11000 -65.83,47.57,11000 -65.80,47.54,11000 -65.76,47.52,11000 -65.72,47.50,11000 -65.67,47.49,11000 -65.62,47.49,11000 -65.56,47.49,11000 -65.51,47.49,11000 -65.46,47.50,11000 -65.41,47.51,11000 -65.37,47.53,11000 -65.33,47.55,11000 -65.29,47.56,11000 -65.25,47.57,11000 -65.22,47.58,11000 -65.18,47.58,11000 -65.14,47.57,11000 -65.09,47.56,11000 -65.05,47.54,11000 -65.03,47.52,11000 -65.03,47.49,11000 -65.03,47.46,11000 -65.04,47.43,11000 -65.06,47.39,11000 -65.08,47.36,11000 -65.10,47.33,11000 -65.14,47.30,11000 -65.17,47.28,11000 -65.20,47.25,11000 -65.24,47.23,11000 -65.26,47.21,11000 -65.28,47.19,11000 -65.31,47.18,11000 -65.34,47.17,11000 -65.39,47.16,11000 -65.44,47.16,11000 -65.49,47.15,11000 -65.54,47.14,11000 -65.58,47.13,11000 -65.63,47.12,11000 -65.65,47.11,11000 -65.69,47.10,11000 -65.73,47.08,11000 -65.78,47.06,11000 -65.83,47.04,11000 -65.87,47.02,11000 -65.91,47.00,11000 -65.94,46.97,11000 -65.97,46.95,11000 -66.00,46.91,11000 -66.03,46.88,11000 -66.07,46.85,11000 -66.10,46.82,11000 -66.13,46.79,11000 -66.17,46.75,11000 -66.19,46.73,11000 -66.22,46.72,11000 -66.24,46.74,11000 -66.26,46.77,11000 -66.28,46.81,11000 -66.29,46.85,11000 -66.30,46.88,11000 -66.31,46.92,11000 -66.32,46.96,11000 -66.32,47.00,11000 -66.33,47.03,11000 -66.34,47.06,11000 -66.35,47.09,11000 -66.35,47.12,11000 -66.35,47.16,11000 -66.34,47.20,11000 -66.33,47.23,11000 -66.33,47.26,11000 -66.32,47.30,11000 -66.31,47.34,11000 -66.30,47.37,11000 -66.29,47.40,11000 -66.28,47.43,11000 -66.27,47.47,11000 -66.27,47.50,11000 -66.26,47.53,11000 -66.25,47.56,11000 -66.25,47.60,11000 -66.25,47.63,11000 -66.24,47.67,11000 -66.24,47.70,11000 -66.15,47.73,11000 
          </coordinates>
        </LinearRing>
      </outerBoundaryIs>
  </Polygon>
 </MultiGeometry>
</Placemark>
<Placemark>
  <name>95%</name>
  <visibility>1</visibility>
  <styleUrl>#poly_95</styleUrl>
  <MultiGeometry>
    <Polygon>
      <outerBoundaryIs>
        <LinearRing>
          <coordinates>
-109.30,48.27,11000 -109.26,48.27,11000 -109.23,48.28,11000 -109.19,48.28,11000 -109.16,48.29,11000 -109.12,48.29,11000 -109.09,48.29,11000 -109.06,48.29,11000 -109.02,48.29,11000 -108.98,48.29,11000 -108.95,48.28,11000 -108.92,48.27,11000 -108.89,48.26,11000 -108.87,48.24,11000 -108.85,48.22,11000 -108.84,48.19,11000 -108.82,48.16,11000 -108.81,48.13,11000 -108.78,48.12,11000 -108.75,48.12,11000 -108.72,48.12,11000 -108.68,48.12,11000 -108.64,48.13,11000 -108.60,48.14,11000 -108.56,48.15,11000 -108.53,48.15,11000 -108.49,48.15,11000 -108.46,48.15,11000 -108.43,48.14,11000 -108.40,48.13,11000 -108.37,48.13,11000 -108.34,48.13,11000 -108.31,48.12,11000 -108.27,48.11,11000 -108.25,48.10,11000 -108.21,48.09,11000 -108.18,48.07,11000 -108.14,48.05,11000 -108.11,48.04,11000 -108.08,48.02,11000 -108.05,48.00,11000 -108.03,47.98,11000 -108.01,47.95,11000 -108.00,47.93,11000 -108.00,47.90,11000 -108.00,47.87,11000 -108.01,47.84,11000 -108.02,47.82,11000 -108.04,47.80,11000 -108.06,47.78,11000 -108.08,47.76,11000 -108.11,47.74,11000 -108.14,47.73,11000 -108.18,47.72,11000 -108.21,47.71,11000 -108.25,47.71,11000 -108.28,47.71,11000 -108.33,47.72,11000 -108.37,47.73,11000 -108.41,47.73,11000 -108.44,47.74,11000 -108.47,47.75,11000 -108.51,47.76,11000 -108.53,47.78,11000 -108.54,47.79,11000 -108.56,47.81,11000 -108.58,47.83,11000 -108.60,47.85,11000 -108.62,47.88,11000 -108.64,47.90,11000 -108.66,47.92,11000 -108.68,47.94,11000 -108.70,47.96,11000 -108.71,47.99,11000 -108.72,48.01,11000 -108.74,48.04,11000 -108.75,48.06,11000 -108.76,48.08,11000 -108.77,48.09,11000 -108.80,48.10,11000 -108.84,48.10,11000 -108.87,48.10,11000 -108.90,48.10,11000 -108.94,48.10,11000 -108.99,48.11,11000 -109.03,48.11,11000 -109.06,48.11,11000 -109.10,48.12,11000 -109.14,48.12,11000 -109.18,48.13,11000 -109.22,48.13,11000 -109.25,48.14,11000 -109.28,48.15,11000 -109.31,48.17,11000 -109.33,48.19,11000 -109.34,48.21,11000 -109.35,48.23,11000 -109.30,48.27,11000 
          </coordinates>
        </LinearRing>
      </outerBoundaryIs>
  </Polygon>
 </MultiGeometry>
</Placemark>
<Placemark>
  <name>95%</name>
  <visibility>1</visibility>
  <styleUrl>#poly_95</styleUrl>
  <MultiGeometry>
    <Polygon>
      <outerBoundaryIs>
        <LinearRing>
          <coordinates>
-113.34,48.26,11000 -113.32,48.26,11000 -113.27,48.25,11000 -113.24,48.24,11000 -113.19,48.23,11000 -113.15,48.22,11000 -113.11,48.20,11000 -113.07,48.19,11000 -113.03,48.17,11000 -113.00,48.16,11000 -112.98,48.14,11000 -112.96,48.11,11000 -112.95,48.08,11000 -112.94,48.05,11000 -112.93,48.02,11000 -112.92,47.98,11000 -112.92,47.95,11000 -112.92,47.92,11000 -112.92,47.88,11000 -112.92,47.85,11000 -112.92,47.81,11000 -112.92,47.78,11000 -112.93,47.75,11000 -112.93,47.71,11000 -112.94,47.68,11000 -112.95,47.64,11000 -112.95,47.61,11000 -112.95,47.57,11000 -112.94,47.54,11000 -112.93,47.50,11000 -112.93,47.47,11000 -112.92,47.44,11000 -112.91,47.40,11000 -112.89,47.38,11000 -112.91,47.36,11000 -112.94,47.35,11000 -112.99,47.35,11000 -113.04,47.34,11000 -113.10,47.34,11000 -113.15,47.34,11000 -113.19,47.34,11000 -113.24,47.34,11000 -113.28,47.34,11000 -113.32,47.35,11000 -113.37,47.35,11000 -113.41,47.35,11000 -113.46,47.35,11000 -113.52,47.35,11000 -113.57,47.34,11000 -113.62,47.34,11000 -113.65,47.34,11000 -113.68,47.34,11000 -113.69,47.37,11000 -113.70,47.39,11000 -113.71,47.42,11000 -113.73,47.46,11000 -113.74,47.50,11000 -113.75,47.53,11000 -113.76,47.56,11000 -113.77,47.60,11000 -113.77,47.64,11000 -113.78,47.67,11000 -113.78,47.70,11000 -113.78,47.74,11000 -113.77,47.77,11000 -113.75,47.80,11000 -113.73,47.82,11000 -113.70,47.85,11000 -113.68,47.88,11000 -113.67,47.90,11000 -113.66,47.93,11000 -113.64,47.96,11000 -113.63,47.99,11000 -113.62,48.02,11000 -113.61,48.05,11000 -113.60,48.08,11000 -113.60,48.12,11000 -113.60,48.15,11000 -113.59,48.18,11000 -113.58,48.20,11000 -113.55,48.22,11000 -113.52,48.23,11000 -113.48,48.23,11000 -113.34,48.26,11000 
          </coordinates>
        </LinearRing>
      </outerBoundaryIs>
  </Polygon>
 </MultiGeometry>
</Placemark>
<Placemark>
  <name>95%</name>
  <visibility>1</visibility>
  <styleUrl>#poly_95</styleUrl>
  <MultiGeometry>
    <Polygon>
      <outerBoundaryIs>
        <LinearRing>
          <coordinates>
-110.17,44.36,11000 -110.14,44.35,11000 -110.11,44.34,11000 -110.08,44.33,11000 -110.05,44.33,11000 -110.02,44.32,11000 -109.99,44.31,11000 -109.97,44.29,11000 -109.94,44.28,11000 -109.91,44.27,11000 -109.88,44.26,11000 -109.85,44.24,11000 -109.82,44.22,11000 -109.80,44.20,11000 -109.77,44.18,11000 -109.74,44.16,11000 -109.72,44.15,11000 -109.70,44.13,11000 -109.68,44.12,11000 -109.65,44.10,11000 -109.64,44.09,11000 -109.63,44.07,11000 -109.61,44.06,11000 -109.59,44.03,11000 -109.57,44.01,11000 -109.56,43.99,11000 -109.55,43.97,11000 -109.54,43.95,11000 -109.54,43.93,11000 -109.57,43.91,11000 -109.61,43.90,11000 -109.63,43.89,11000 -109.66,43.89,11000 -109.69,43.88,11000 -109.72,43.87,11000 -109.76,43.87,11000 -109.79,43.86,11000 -109.82,43.85,11000 -109.85,43.84,11000 -109.88,43.83,11000 -109.91,43.81,11000 -109.94,43.80,11000 -109.97,43.78,11000 -109.99,43.77,11000 -110.01,43.75,11000 -110.03,43.74,11000 -110.05,43.72,11000 -110.05,43.70,11000 -110.06,43.69,11000 -110.08,43.69,11000 -110.10,43.70,11000 -110.13,43.71,11000 -110.15,43.73,11000 -110.16,43.75,11000 -110.16,43.77,11000 -110.17,43.79,11000 -110.17,43.82,11000 -110.18,43.85,11000 -110.18,43.87,11000 -110.19,43.90,11000 -110.20,43.92,11000 -110.21,43.94,11000 -110.22,43.96,11000 -110.23,43.98,11000 -110.24,44.01,11000 -110.24,44.03,11000 -110.25,44.05,11000 -110.26,44.07,11000 -110.27,44.09,11000 -110.27,44.12,11000 -110.28,44.14,11000 -110.28,44.17,11000 -110.28,44.19,11000 -110.29,44.22,11000 -110.29,44.24,11000 -110.17,44.36,11000 
          </coordinates>
        </LinearRing>
      </outerBoundaryIs>
  </Polygon>
 </MultiGeometry>
</Placemark>
<Placemark>
  <name>95%</name>
  <visibility>1</visibility>
  <styleUrl>#poly_95</styleUrl>
  <MultiGeometry>
    <Polygon>
      <outerBoundaryIs>
        <LinearRing>
          <coordinates>
-104.15,44.48,11000 -104.14,44.48,11000 -104.13,44.48,11000 -104.11,44.48,11000 -104.10,44.48,11000 -104.09,44.48,11000 -104.08,44.48,11000 -104.07,44.48,11000 -104.06,44.49,11000 -104.05,44.49,11000 -104.03,44.49,11000 -104.02,44.49,11000 -104.01,44.49,11000 -104.00,44.49,11000 -103.99,44.49,11000 -103.98,44.49,11000 -103.97,44.49,11000 -103.96,44.49,11000 -103.95,44.49,11000 -103.94,44.49,11000 -103.93,44.49,11000 -103.93,44.49,11000 -103.92,44.49,11000 -103.91,44.49,11000 -103.89,44.49,11000 -103.88,44.49,11000 -103.87,44.49,11000 -103.85,44.49,11000 -103.84,44.50,11000 -103.83,44.50,11000 -103.82,44.50,11000 -103.81,44.49,11000 -103.81,44.49,11000 -103.80,44.49,11000 -103.80,44.48,11000 -103.80,44.48,11000 -103.80,44.47,11000 -103.80,44.46,11000 -103.80,44.46,11000 -103.80,44.45,11000 -103.80,44.44,11000 -103.81,44.43,11000 -103.81,44.43,11000 -103.81,44.42,11000 -103.82,44.41,11000 -103.82,44.40,11000 -103.82,44.39,11000 -103.83,44.38,11000 -103.83,44.37,11000 -103.83,44.36,11000 -103.84,44.36,11000 -103.84,44.35,11000 -103.85,44.34,11000 -103.85,44.33,11000 -103.85,44.33,11000 -103.86,44.32,11000 -103.86,44.31,11000 -103.86,44.31,11000 -103.87,44.30,11000 -103.88,44.29,11000 -103.88,44.30,11000 -103.89,44.30,11000 -103.90,44.30,11000 -103.90,44.30,11000 -103.91,44.31,11000 -103.92,44.31,11000 -103.92,44.31,11000 -103.93,44.32,11000 -103.94,44.32,11000 -103.94,44.33,11000 -103.95,44.33,11000 -103.96,44.34,11000 -103.97,44.34,11000 -103.98,44.35,11000 -103.99,44.36,11000 -104.00,44.36,11000 -104.01,44.37,11000 -104.02,44.37,11000 -104.03,44.38,11000 -104.04,44.39,11000 -104.05,44.39,11000 -104.06,44.40,11000 -104.07,44.40,11000 -104.08,44.41,11000 -104.09,44.42,11000 -104.09,44.42,11000 -104.10,44.43,11000 -104.11,44.43,11000 -104.12,44.44,11000 -104.12,44.44,11000 -104.13,44.44,11000 -104.14,44.45,11000 -104.14,44.45,11000 -104.17,44.47,11000 -104.17,44.47,11000 -104.16,44.46,11000 -104.15,44.48,11000 
          </coordinates>
        </LinearRing>
      </outerBoundaryIs>
  </Polygon>
 </MultiGeometry>
</Placemark>
<Placemark>
  <name>95%</name>
  <visibility>1</visibility>
  <styleUrl>#poly_95</styleUrl>
  <MultiGeometry>
    <Polygon>
      <outerBoundaryIs>
        <LinearRing>
          <coordinates>
-110.32,45.34,11000 -110.28,45.34,11000 -110.24,45.35,11000 -110.21,45.35,11000 -110.17,45.35,11000 -110.14,45.35,11000 -110.11,45.35,11000 -110.08,45.35,11000 -110.05,45.34,11000 -110.02,45.34,11000 -110.00,45.32,11000 -109.97,45.31,11000 -109.95,45.30,11000 -109.92,45.29,11000 -109.90,45.27,11000 -109.88,45.26,11000 -109.85,45.24,11000 -109.82,45.23,11000 -109.79,45.22,11000 -109.76,45.21,11000 -109.73,45.20,11000 -109.70,45.19,11000 -109.67,45.18,11000 -109.64,45.17,11000 -109.63,45.15,11000 -109.63,45.13,11000 -109.63,45.11,11000 -109.64,45.09,11000 -109.65,45.07,11000 -109.66,45.04,11000 -109.68,45.02,11000 -109.69,45.00,11000 -109.70,44.98,11000 -109.71,44.96,11000 -109.72,44.93,11000 -109.73,44.91,11000 -109.74,44.89,11000 -109.75,44.88,11000 -109.76,44.86,11000 -109.78,44.84,11000 -109.80,44.83,11000 -109.82,44.82,11000 -109.84,44.81,11000 -109.86,44.79,11000 -109.88,44.77,11000 -109.90,44.75,11000 -109.92,44.73,11000 -109.94,44.71,11000 -109.96,44.70,11000 -109.98,44.69,11000 -110.00,44.69,11000 -110.01,44.71,11000 -110.02,44.73,11000 -110.03,44.75,11000 -110.04,44.78,11000 -110.04,44.80,11000 -110.03,44.82,11000 -110.03,44.85,11000 -110.02,44.87,11000 -110.01,44.90,11000 -110.01,44.93,11000 -110.02,44.95,11000 -110.03,44.97,11000 -110.05,44.99,11000 -110.07,45.01,11000 -110.09,45.03,11000 -110.11,45.05,11000 -110.13,45.07,11000 -110.15,45.08,11000 -110.17,45.10,11000 -110.19,45.11,11000 -110.22,45.13,11000 -110.24,45.14,11000 -110.27,45.15,11000 -110.29,45.16,11000 -110.31,45.17,11000 -110.33,45.19,11000 -110.34,45.21,11000 -110.36,45.23,11000 -110.38,45.25,11000 -110.40,45.27,11000 -110.32,45.34,11000 
          </coordinates>
        </LinearRing>
      </outerBoundaryIs>
  </Polygon>
 </MultiGeometry>
</Placemark>
<Placemark>
  <name>95%</name>
  <visibility>1</visibility>
  <styleUrl>#poly_95</styleUrl>
  <MultiGeometry>
    <Polygon>
      <outerBoundaryIs>
        <LinearRing>
          <coordinates>
-69.16,50.49,11000 -68.44,50.44,11000 -68.03,50.44,11000 -67.60,50.31,11000 -67.09,50.13,11000 -66.70,49.98,11000 -66.58,49.88,11000 -66.31,49.58,11000 -66.06,49.39,11000 -66.18,49.35,11000 -66.92,49.43,11000 -67.40,49.35,11000 -67.87,49.25,11000 -68.34,49.08,11000 -68.72,48.81,11000 -69.00,48.41,11000 -69.36,48.28,11000 -69.61,48.19,11000 -69.83,48.01,11000 -70.07,47.83,11000 -70.50,47.59,11000 -70.79,47.32,11000 -71.26,47.16,11000 -71.80,47.06,11000 -71.95,47.08,11000 -72.09,47.28,11000 -72.36,47.46,11000 -72.73,47.44,11000 -72.93,47.30,11000 -73.11,47.06,11000 -73.45,46.85,11000 -73.95,46.65,11000 -74.40,46.53,11000 -74.76,46.67,11000 -75.07,46.72,11000 -75.45,46.71,11000 -75.76,46.65,11000 -75.97,46.61,11000 -76.24,46.46,11000 -76.57,46.28,11000 -77.13,46.26,11000 -77.65,46.22,11000 -77.86,46.16,11000 -78.05,45.99,11000 -78.35,45.72,11000 -78.50,45.65,11000 -78.72,45.59,11000 -78.94,45.62,11000 -79.35,45.73,11000 -79.74,45.73,11000 -80.29,45.63,11000 -80.57,45.50,11000 -80.63,45.27,11000 -80.61,45.06,11000 -80.75,44.87,11000 -81.24,45.13,11000 -81.83,45.30,11000 -82.33,45.23,11000 -82.85,45.11,11000 -83.33,44.96,11000 -83.82,44.71,11000 -84.47,44.41,11000 -85.18,44.02,11000 -85.97,43.55,11000 -86.42,43.28,11000 -87.04,43.30,11000 -87.52,43.35,11000 -87.92,43.19,11000 -88.34,42.92,11000 -88.81,42.72,11000 -89.69,42.56,11000 -90.06,42.54,11000 -90.56,42.65,11000 -91.03,42.74,11000 -91.61,42.90,11000 -92.10,43.06,11000 -92.62,43.28,11000 -93.05,43.38,11000 -93.85,43.42,11000 -94.33,43.55,11000 -94.96,43.66,11000 -95.61,43.79,11000 -96.02,43.95,11000 -96.49,44.16,11000 -96.72,44.26,11000 -97.11,44.32,11000 -97.48,44.36,11000 -97.96,44.30,11000 -98.35,44.14,11000 -98.78,44.13,11000 -99.39,44.28,11000 -99.86,44.28,11000 -100.31,44.24,11000 -100.56,44.43,11000 -101.09,44.57,11000 -101.25,44.76,11000 -101.54,44.89,11000 -101.93,45.13,11000 -102.04,45.25,11000 -102.42,45.35,11000 -103.33,45.69,11000 -104.27,46.06,11000 -104.85,46.47,11000 -105.44,46.99,11000 -105.44,47.17,11000 -105.27,47.31,11000 -104.96,47.51,11000 -104.66,47.66,11000 -104.48,47.68,11000 -103.95,47.55,11000 -103.50,47.51,11000 -102.66,47.55,11000 -102.15,47.39,11000 -101.53,47.25,11000 -100.62,46.85,11000 -100.01,46.74,11000 -99.59,46.73,11000 -99.24,46.81,11000 -98.55,46.72,11000 -98.00,46.69,11000 -97.33,46.64,11000 -96.81,46.53,11000 -96.52,46.46,11000 -96.22,46.44,11000 -95.61,46.48,11000 -94.92,46.55,11000 -94.51,46.56,11000 -93.82,46.58,11000 -92.99,46.63,11000 -92.49,46.73,11000 -91.66,46.84,11000 -91.16,46.92,11000 -90.71,47.03,11000 -90.31,47.09,11000 -90.06,47.18,11000 -89.55,47.33,11000 -88.79,47.70,11000 -87.99,48.10,11000 -87.24,48.46,11000 -86.91,48.75,11000 -86.65,49.13,11000 -86.38,49.43,11000 -86.04,49.73,11000 -85.83,49.89,11000 -85.54,50.01,11000 -85.17,49.87,11000 -84.10,49.48,11000 -83.77,49.25,11000 -83.53,49.15,11000 -83.18,49.07,11000 -82.56,48.67,11000 -81.64,48.41,11000 -80.88,48.22,11000 -79.96,48.00,11000 -79.26,47.82,11000 -78.83,47.70,11000 -78.46,47.59,11000 -78.03,47.52,11000 -77.72,47.50,11000 -76.93,47.50,11000 -76.36,47.58,11000 -75.80,47.73,11000 -74.75,48.00,11000 -74.27,48.13,11000 -73.87,48.32,11000 -73.43,48.51,11000 -72.93,48.63,11000 -72.24,49.00,11000 -71.54,49.42,11000 -71.02,49.93,11000 -70.83,50.17,11000 -70.49,50.28,11000 -69.16,50.49,11000 
          </coordinates>
        </LinearRing>
      </outerBoundaryIs>
      <innerBoundaryIs>
        <LinearRing>
          <coordinates>
-71.01,48.53,11000 -71.00,48.53,11000 -71.00,48.53,11000 -70.99,48.53,11000 -70.98,48.52,11000 -70.97,48.52,11000 -70.96,48.51,11000 -70.95,48.50,11000 -70.94,48.49,11000 -70.94,48.48,11000 -70.93,48.48,11000 -70.93,48.47,11000 -70.92,48.46,11000 -70.92,48.46,11000 -70.91,48.45,11000 -70.90,48.44,11000 -70.90,48.43,11000 -70.89,48.42,11000 -70.89,48.41,11000 -70.88,48.40,11000 -70.87,48.39,11000 -70.87,48.38,11000 -70.86,48.37,11000 -70.86,48.36,11000 -70.85,48.36,11000 -70.84,48.35,11000 -70.84,48.34,11000 -70.83,48.33,11000 -70.83,48.33,11000 -70.83,48.32,11000 -70.82,48.31,11000 -70.82,48.31,11000 -70.81,48.31,11000 -70.80,48.30,11000 -70.82,48.30,11000 -70.83,48.30,11000 -70.84,48.30,11000 -70.85,48.30,11000 -70.86,48.30,11000 -70.87,48.30,11000 -70.88,48.30,11000 -70.90,48.30,11000 -70.91,48.30,11000 -70.93,48.30,11000 -70.94,48.30,11000 -70.96,48.30,11000 -70.97,48.30,11000 -70.99,48.30,11000 -71.00,48.30,11000 -71.02,48.30,11000 -71.03,48.30,11000 -71.04,48.30,11000 -71.05,48.30,11000 -71.06,48.30,11000 -71.07,48.30,11000 -71.09,48.30,11000 -71.10,48.30,11000 -71.11,48.31,11000 -71.11,48.31,11000 -71.12,48.32,11000 -71.12,48.33,11000 -71.12,48.34,11000 -71.12,48.35,11000 -71.12,48.35,11000 -71.12,48.36,11000 -71.12,48.36,11000 -71.12,48.37,11000 -71.12,48.38,11000 -71.12,48.39,11000 -71.12,48.40,11000 -71.11,48.40,11000 -71.11,48.41,11000 -71.11,48.42,11000 -71.11,48.43,11000 -71.11,48.44,11000 -71.10,48.45,11000 -71.10,48.46,11000 -71.10,48.47,11000 -71.10,48.48,11000 -71.09,48.49,11000 -71.09,48.50,11000 -71.09,48.51,11000 -71.01,48.53,11000 
          </coordinates>
        </LinearRing>
      </innerBoundaryIs>
  </Polygon>
 </MultiGeometry>
</Placemark>
<Placemark>
  <name>95%</name>
  <visibility>1</visibility>
  <styleUrl>#poly_95</styleUrl>
  <MultiGeometry>
    <Polygon>
      <outerBoundaryIs>
        <LinearRing>
          <coordinates>
-124.27,50.54,11000 -124.21,50.55,11000 -124.16,50.56,11000 -124.10,50.56,11000 -124.05,50.57,11000 -123.99,50.58,11000 -123.94,50.59,11000 -123.88,50.59,11000 -123.83,50.60,11000 -123.77,50.61,11000 -123.71,50.62,11000 -123.65,50.63,11000 -123.59,50.64,11000 -123.53,50.65,11000 -123.47,50.66,11000 -123.41,50.67,11000 -123.36,50.67,11000 -123.31,50.68,11000 -123.26,50.68,11000 -123.19,50.68,11000 -123.14,50.67,11000 -123.10,50.66,11000 -123.05,50.64,11000 -122.99,50.63,11000 -122.93,50.62,11000 -122.87,50.62,11000 -122.80,50.61,11000 -122.73,50.60,11000 -122.67,50.59,11000 -122.62,50.58,11000 -122.60,50.56,11000 -122.60,50.54,11000 -122.63,50.52,11000 -122.66,50.49,11000 -122.71,50.47,11000 -122.76,50.44,11000 -122.81,50.41,11000 -122.84,50.38,11000 -122.87,50.36,11000 -122.89,50.32,11000 -122.90,50.29,11000 -122.90,50.26,11000 -122.89,50.22,11000 -122.88,50.19,11000 -122.87,50.16,11000 -122.86,50.13,11000 -122.84,50.10,11000 -122.81,50.07,11000 -122.79,50.03,11000 -122.77,50.00,11000 -122.75,49.97,11000 -122.72,49.93,11000 -122.69,49.89,11000 -122.67,49.85,11000 -122.64,49.82,11000 -122.63,49.78,11000 -122.62,49.75,11000 -122.62,49.73,11000 -122.64,49.71,11000 -122.69,49.69,11000 -122.75,49.68,11000 -122.81,49.68,11000 -122.87,49.68,11000 -122.93,49.68,11000 -122.98,49.69,11000 -123.03,49.71,11000 -123.08,49.73,11000 -123.13,49.75,11000 -123.18,49.77,11000 -123.23,49.78,11000 -123.29,49.78,11000 -123.35,49.77,11000 -123.40,49.76,11000 -123.45,49.75,11000 -123.50,49.77,11000 -123.52,49.79,11000 -123.54,49.82,11000 -123.55,49.86,11000 -123.56,49.90,11000 -123.58,49.94,11000 -123.59,49.99,11000 -123.60,50.03,11000 -123.62,50.06,11000 -123.64,50.09,11000 -123.68,50.12,11000 -123.72,50.14,11000 -123.76,50.16,11000 -123.81,50.17,11000 -123.86,50.18,11000 -123.90,50.19,11000 -123.95,50.19,11000 -124.01,50.19,11000 -124.06,50.18,11000 -124.11,50.17,11000 -124.15,50.18,11000 -124.18,50.20,11000 -124.21,50.23,11000 -124.23,50.27,11000 -124.25,50.31,11000 -124.28,50.34,11000 -124.31,50.37,11000 -124.34,50.40,11000 -124.38,50.43,11000 -124.41,50.45,11000 -124.45,50.48,11000 -124.27,50.54,11000 
          </coordinates>
        </LinearRing>
      </outerBoundaryIs>
  </Polygon>
 </MultiGeometry>
</Placemark>
<Placemark>
  <name>95%</name>
  <visibility>1</visibility>
  <styleUrl>#poly_95</styleUrl>
  <MultiGeometry>
    <Polygon>
      <outerBoundaryIs>
        <LinearRing>
          <coordinates>
-118.95,51.18,11000 -118.90,51.19,11000 -118.85,51.20,11000 -118.80,51.21,11000 -118.75,51.21,11000 -118.70,51.22,11000 -118.64,51.23,11000 -118.59,51.24,11000 -118.54,51.25,11000 -118.49,51.25,11000 -118.44,51.26,11000 -118.39,51.27,11000 -118.34,51.27,11000 -118.29,51.28,11000 -118.24,51.29,11000 -118.18,51.29,11000 -118.13,51.30,11000 -118.08,51.30,11000 -118.03,51.31,11000 -117.98,51.31,11000 -117.93,51.32,11000 -117.88,51.33,11000 -117.82,51.33,11000 -117.77,51.34,11000 -117.71,51.34,11000 -117.66,51.35,11000 -117.61,51.35,11000 -117.56,51.36,11000 -117.51,51.36,11000 -117.46,51.37,11000 -117.42,51.37,11000 -117.35,51.37,11000 -117.29,51.38,11000 -117.24,51.38,11000 -117.19,51.39,11000 -117.16,51.38,11000 -117.14,51.37,11000 -117.14,51.35,11000 -117.16,51.34,11000 -117.19,51.31,11000 -117.23,51.29,11000 -117.26,51.26,11000 -117.29,51.22,11000 -117.30,51.19,11000 -117.30,51.16,11000 -117.30,51.13,11000 -117.29,51.10,11000 -117.27,51.07,11000 -117.26,51.03,11000 -117.25,50.99,11000 -117.24,50.96,11000 -117.23,50.93,11000 -117.22,50.90,11000 -117.22,50.87,11000 -117.23,50.83,11000 -117.25,50.80,11000 -117.28,50.77,11000 -117.31,50.74,11000 -117.34,50.72,11000 -117.36,50.69,11000 -117.38,50.66,11000 -117.39,50.62,11000 -117.41,50.58,11000 -117.42,50.54,11000 -117.44,50.52,11000 -117.45,50.51,11000 -117.46,50.52,11000 -117.47,50.55,11000 -117.48,50.59,11000 -117.49,50.63,11000 -117.52,50.67,11000 -117.54,50.69,11000 -117.57,50.71,11000 -117.60,50.74,11000 -117.63,50.76,11000 -117.67,50.78,11000 -117.71,50.81,11000 -117.75,50.82,11000 -117.80,50.84,11000 -117.84,50.85,11000 -117.89,50.86,11000 -117.94,50.86,11000 -117.99,50.86,11000 -118.05,50.86,11000 -118.10,50.87,11000 -118.16,50.87,11000 -118.21,50.87,11000 -118.26,50.88,11000 -118.30,50.88,11000 -118.34,50.89,11000 -118.39,50.91,11000 -118.42,50.93,11000 -118.45,50.95,11000 -118.47,50.98,11000 -118.49,51.01,11000 -118.52,51.03,11000 -118.56,51.05,11000 -118.60,51.07,11000 -118.64,51.08,11000 -118.69,51.09,11000 -118.73,51.11,11000 -118.78,51.12,11000 -118.84,51.13,11000 -118.89,51.14,11000 -118.94,51.15,11000 -118.95,51.18,11000 
          </coordinates>
        </LinearRing>
      </outerBoundaryIs>
  </Polygon>
 </MultiGeometry>
</Placemark>
    </Folder>
  </Document>
</kml>
