<?xml version="1.0" encoding="UTF-8"?>
<kml xmlns="http://www.opengis.net/kml/2.2">
<Document id="prb_72hsnow_ge02_f072">
<name>WPC 72-Hr Prob of Snow > 2"</name>
  <open>1</open>
  <snippet>Valid 12Z 04/20/2026 - 12Z 04/23/2026</snippet>
  <description></description>
    <Style id="poly_1">
        <IconStyle>
           <color>00000000</color>
           <scale>1</scale>
        </IconStyle>
        <LabelStyle>
            <color>ff26478b</color>
            <scale>0.8</scale>
        </LabelStyle>
        <LineStyle>
            <color>6626478b</color>
            <width>0</width>
        </LineStyle>
	<PolyStyle>
            <color>6626478b</color>
	</PolyStyle>
        <BalloonStyle>
            <text>
                <![CDATA[ <table border=0 width="300"><tr><td style="font-size:10pt;">
                During this forecast period, there is a <b>1-5%</b> probability of snowfall exceeding the depicted amount in the enclosed area.
                <br/><br/>
                *<span style="font-size:8pt;">Note that in cases where this contour is embedded within a 5% contour, 
                the probability of snowfall exceeding the depicted amount is &lt;1%.</span>
                </td></tr></table>]]>
            </text>
        </BalloonStyle>
    </Style>

    <Style id="poly_5">
        <IconStyle>
           <color>00000000</color>
           <scale>1</scale>
        </IconStyle>
        <LabelStyle>
            <color>ff00eeee</color>
            <scale>0.8</scale>
        </LabelStyle>
        <LineStyle>
            <color>6600eeee</color>
            <width>0.4</width>
        </LineStyle>
	<PolyStyle>
	    <color>6600eeee</color>
	</PolyStyle>
        <BalloonStyle>
            <text>
                <![CDATA[ <table border=0 width="300"><tr><td style="font-size:10pt;">
                During this forecast period, there is a <b>5-10%</b> probability of snowfall exceeding the depicted amount in the enclosed area.
                <br/><br/>
                *<span style="font-size:8pt;">Note that in cases where this contour is embedded within a 10% contour, 
                the probability of snowfall exceeding the depicted amount is &lt;5%.</span>
                </td></tr></table>]]>
            </text>
        </BalloonStyle>
    </Style>

    <Style id="poly_10">
        <IconStyle>
           <color>00000000</color>
           <scale>1</scale>
        </IconStyle>
        <LabelStyle>
            <color>ff00ff7f</color>
            <scale>0.8</scale>
        </LabelStyle>
        <LineStyle>
            <color>6600ff7f</color>
            <width>0.4</width>
        </LineStyle>
	<PolyStyle>
	    <color>6600ff7f</color>
	</PolyStyle>
        <BalloonStyle>
            <text>
                <![CDATA[ <table border=0 width="300"><tr><td style="font-size:10pt;">
                During this forecast period, there is a <b>10-20%</b> probability of snowfall exceeding the depicted amount in the enclosed area.
                <br/><br/>
                *<span style="font-size:8pt;">Note that in cases where this contour is embedded within a 20% contour, 
                the probability of snowfall exceeding the depicted amount is &lt;10%.</span>
                </td></tr></table>]]>
            </text>
        </BalloonStyle>
    </Style>
    
    <Style id="poly_20">
        <IconStyle>
            <color>00000000</color>
            <scale>1</scale>
        </IconStyle>
        <LabelStyle>
            <color>ff00cd00</color>
            <scale>0.8</scale>
        </LabelStyle>
        <LineStyle>
            <color>6600cd00</color>
	    <width>0.4</width>
	</LineStyle>
	<PolyStyle>
	    <color>6600cd00</color>
	</PolyStyle>
        <BalloonStyle>
            <text>
                <![CDATA[ <table border=0 width="300"><tr><td style="font-size:10pt;">
                During this forecast period, there is a <b>20-30%</b> probability of snowfall exceeding the depicted amount in the enclosed area.
                <br/><br/>
                *<span style="font-size:8pt;">Note that in cases where this contour is embedded within a 30% contour, 
                the probability of snowfall exceeding the depicted amount is &lt;20%.</span>
                </td></tr></table>]]>
            </text>
        </BalloonStyle>
    </Style>

    <Style id="poly_30">
        <IconStyle>
            <color>00000000</color>
            <scale>1</scale>
        </IconStyle>
        <LabelStyle>
            <color>ff008b00</color>
            <scale>0.8</scale>
        </LabelStyle>
        <LineStyle>
            <color>66008b00</color>
	    <width>0.4</width>
	</LineStyle>
	<PolyStyle>
	    <color>66008b00</color>
	</PolyStyle>
        <BalloonStyle>
            <text>
                <![CDATA[ <table border=0 width="300"><tr><td style="font-size:10pt;">
                During this forecast period, there is a <b>30-40%</b> probability of snowfall exceeding the depicted amount in the enclosed area.
                <br/><br/>
                *<span style="font-size:8pt;">Note that in cases where this contour is embedded within a 40% contour, 
                the probability of snowfall exceeding the depicted amount is &lt;30%.</span>
                </td></tr></table>]]>
            </text>
        </BalloonStyle>
    </Style>

    <Style id="poly_40">
        <IconStyle>
            <color>00000000</color>
            <scale>1</scale>
        </IconStyle>
        <LabelStyle>
            <color>ff8b4e10</color>
            <scale>0.8</scale>
        </LabelStyle>
        <LineStyle>
            <color>668b4e10</color>
	    <width>0.4</width>
	</LineStyle>
	<PolyStyle>
	    <color>668b4e10</color>
	</PolyStyle>
        <BalloonStyle>
            <text>
                <![CDATA[ <table border=0 width="300"><tr><td style="font-size:10pt;">
                During this forecast period, there is a <b>40-50%</b> probability of snowfall exceeding the depicted amount in the enclosed area.
                <br/><br/>
                *<span style="font-size:8pt;">Note that in cases where this contour is embedded within a 50% contour, 
                the probability of snowfall exceeding the depicted amount is &lt;40%.</span>
                </td></tr></table>]]>
            </text>
        </BalloonStyle>
    </Style>

    <Style id="poly_50">
        <IconStyle>
            <color>00000000</color>
            <scale>1</scale>
        </IconStyle>
        <LabelStyle>
            <color>ffff901e</color>
            <scale>0.8</scale>
        </LabelStyle>
        <LineStyle>
            <color>66ff901e</color>
	    <width>0.4</width>
	</LineStyle>
	<PolyStyle>
	    <color>66ff901e</color>
	</PolyStyle>
        <BalloonStyle>
            <text>
                <![CDATA[ <table border=0 width="300"><tr><td style="font-size:10pt;">
                During this forecast period, there is a <b>50-60%</b> probability of snowfall exceeding the depicted amount in the enclosed area.
                <br/><br/>
                *<span style="font-size:8pt;">Note that in cases where this contour is embedded within a 60% contour, 
                the probability of snowfall exceeding the depicted amount is &lt;50%.</span>
                </td></tr></table>]]>
            </text>
        </BalloonStyle>
    </Style>

    <Style id="poly_60">
        <IconStyle>
            <color>00000000</color>
            <scale>1</scale>
        </IconStyle>
        <LabelStyle>
            <color>ffeeb200</color>
            <scale>0.8</scale>
        </LabelStyle>
        <LineStyle>
            <color>66eeb200</color>
	    <width>0.4</width>
	</LineStyle>
	<PolyStyle>
	    <color>66eeb200</color>
	</PolyStyle>
        <BalloonStyle>
            <text>
                <![CDATA[ <table border=0 width="300"><tr><td style="font-size:10pt;">
                During this forecast period, there is a <b>60-70%</b> probability of snowfall exceeding the depicted amount in the enclosed area.
                <br/><br/>
                *<span style="font-size:8pt;">Note that in cases where this contour is embedded within a 70% contour, 
                the probability of snowfall exceeding the depicted amount is &lt;60%.</span>
                </td></tr></table>]]>
            </text>
        </BalloonStyle>
    </Style>
    
    <Style id="poly_70">
        <IconStyle>
            <color>00000000</color>
            <scale>1</scale>
        </IconStyle>
        <LabelStyle>
            <color>ffeeee00</color>
            <scale>0.8</scale>
        </LabelStyle>
        <LineStyle>
            <color>66eeee00</color>
	    <width>0.4</width>
	</LineStyle>
	<PolyStyle>
	    <color>66eeee00</color>
	</PolyStyle>
        <BalloonStyle>
            <text>
                <![CDATA[ <table border=0 width="300"><tr><td style="font-size:10pt;">
                During this forecast period, there is a <b>70-80%</b> probability of snowfall exceeding the depicted amount in the enclosed area.
                <br/><br/>
                *<span style="font-size:8pt;">Note that in cases where this contour is embedded within a 80% contour, 
                the probability of snowfall exceeding the depicted amount is &lt;70%.</span>
                </td></tr></table>]]>
            </text>
        </BalloonStyle>
    </Style>

    <Style id="poly_80">
        <IconStyle>
            <color>00000000</color>
            <scale>1</scale>
        </IconStyle>
        <LabelStyle>
            <color>ff4782ff</color>
            <scale>0.8</scale>
        </LabelStyle>
        <LineStyle>
            <color>664782ff</color>
	    <width>0.4</width>
	</LineStyle>
	<PolyStyle>
	    <color>664782ff</color>
	</PolyStyle>
        <BalloonStyle>
            <text>
                <![CDATA[ <table border=0 width="300"><tr><td style="font-size:10pt;">
                During this forecast period, there is a <b>80-90%</b> probability of snowfall exceeding the depicted amount in the enclosed area.
                <br/><br/>
                *<span style="font-size:8pt;">Note that in cases where this contour is embedded within a 90% contour, 
                the probability of snowfall exceeding the depicted amount is &lt;80%.</span>
                </td></tr></table>]]>
            </text>
        </BalloonStyle>
    </Style>

    <Style id="poly_90">
        <IconStyle>
            <color>00000000</color>
            <scale>1</scale>
        </IconStyle>
        <LabelStyle>
            <color>ff2c2cee</color>
            <scale>0.8</scale>
        </LabelStyle>
        <LineStyle>
            <color>662c2cee</color>
            <width>0.4</width>
        </LineStyle>
        <PolyStyle>
            <color>662c2cee</color>
        </PolyStyle>
        <BalloonStyle>
            <text>
                <![CDATA[ <table border=0 width="300"><tr><td style="font-size:10pt;">
                During this forecast period, there is a <b>90-95%</b> probability of snowfall exceeding the depicted amount in the enclosed area.
                <br/><br/>
                *<span style="font-size:8pt;">Note that in cases where this contour is embedded within a 95% contour, 
                the probability of snowfall exceeding the depicted amount is &lt;90%.</span>
                </td></tr></table>]]>
            </text>
        </BalloonStyle>
    </Style>

    <Style id="poly_95">
        <IconStyle>
            <color>00000000</color>
            <scale>1</scale>
        </IconStyle>
        <LabelStyle>
            <color>ff00008b</color>
            <scale>0.8</scale>
        </LabelStyle>
        <LineStyle>
            <color>6600008b</color>
	    <width>0.4</width>
	</LineStyle>
	<PolyStyle>
	    <color>6600008b</color>
	</PolyStyle>
        <BalloonStyle>
            <text>
                <![CDATA[ <table border=0 width="300"><tr><td style="font-size:10pt;">
                The probability of snowfall exceeding the depicted amount is <b>&ge;95%</b> in the enclosed area during this forecast period.
                </td></tr></table>]]>
            </text>
        </BalloonStyle>
    </Style>

  <ScreenOverlay>
    <name>Logos</name>
    <description></description>
    <Icon>
      <href>https://www.wpc.ncep.noaa.gov/images/noaa_and_nws_logo.png</href>
    </Icon>
   <overlayXY x=".01" y=".01" xunits="fraction" yunits="fraction" />
   <screenXY x=".01" y=".01" xunits="fraction" yunits="fraction" />
   <rotationXY x="0" y="0" xunits="fraction" yunits="fraction" />
   <size x="-1" y="-1" xunits="fraction" yunits="fraction" />
  </ScreenOverlay>
    <Folder>
      <name>Snow Probabilities</name>
      <open>0</open>
<Placemark>
  <name>1%</name>
  <visibility>1</visibility>
  <styleUrl>#poly_1</styleUrl>
  <MultiGeometry>
    <Polygon>
      <outerBoundaryIs>
        <LinearRing>
          <coordinates>
-121.00,48.43,0 -120.98,48.42,0 -120.97,48.41,0 -120.95,48.40,0 -120.93,48.39,0 -120.90,48.38,0 -120.88,48.37,0 -120.85,48.35,0 -120.83,48.34,0 -120.80,48.32,0 -120.78,48.31,0 -120.76,48.29,0 -120.75,48.28,0 -120.74,48.26,0 -120.73,48.24,0 -120.72,48.22,0 -120.72,48.21,0 -120.72,48.19,0 -120.72,48.17,0 -120.72,48.15,0 -120.72,48.13,0 -120.73,48.11,0 -120.74,48.09,0 -120.75,48.07,0 -120.76,48.06,0 -120.78,48.04,0 -120.79,48.02,0 -120.81,48.00,0 -120.83,47.99,0 -120.85,47.97,0 -120.87,47.96,0 -120.89,47.95,0 -120.92,47.94,0 -120.94,47.93,0 -120.97,47.92,0 -121.00,47.91,0 -121.03,47.90,0 -121.05,47.90,0 -121.08,47.90,0 -121.11,47.90,0 -121.13,47.90,0 -121.16,47.91,0 -121.19,47.92,0 -121.21,47.93,0 -121.24,47.94,0 -121.27,47.96,0 -121.29,47.97,0 -121.31,47.99,0 -121.33,48.00,0 -121.35,48.02,0 -121.36,48.03,0 -121.37,48.05,0 -121.37,48.06,0 -121.37,48.08,0 -121.37,48.10,0 -121.36,48.12,0 -121.35,48.14,0 -121.35,48.16,0 -121.34,48.18,0 -121.33,48.20,0 -121.32,48.21,0 -121.31,48.23,0 -121.30,48.24,0 -121.29,48.26,0 -121.27,48.27,0 -121.26,48.28,0 -121.24,48.30,0 -121.22,48.31,0 -121.20,48.32,0 -121.18,48.33,0 -121.16,48.35,0 -121.14,48.36,0 -121.12,48.37,0 -121.09,48.38,0 -121.07,48.40,0 -121.04,48.41,0 -121.02,48.42,0 -121.00,48.43,0 
          </coordinates>
        </LinearRing>
      </outerBoundaryIs>
  </Polygon>
 </MultiGeometry>
</Placemark>
<Placemark>
  <name>1%</name>
  <visibility>1</visibility>
  <styleUrl>#poly_1</styleUrl>
  <MultiGeometry>
    <Polygon>
      <outerBoundaryIs>
        <LinearRing>
          <coordinates>
-108.11,45.23,0 -108.05,45.24,0 -107.99,45.25,0 -107.93,45.26,0 -107.87,45.27,0 -107.81,45.27,0 -107.75,45.27,0 -107.69,45.27,0 -107.63,45.26,0 -107.57,45.24,0 -107.52,45.20,0 -107.47,45.17,0 -107.43,45.14,0 -107.39,45.10,0 -107.36,45.06,0 -107.32,45.03,0 -107.27,45.01,0 -107.22,44.98,0 -107.17,44.95,0 -107.13,44.92,0 -107.09,44.89,0 -107.06,44.87,0 -107.03,44.85,0 -106.99,44.82,0 -106.96,44.79,0 -106.92,44.75,0 -106.88,44.70,0 -106.85,44.66,0 -106.83,44.62,0 -106.82,44.58,0 -106.82,44.53,0 -106.81,44.49,0 -106.80,44.45,0 -106.79,44.40,0 -106.78,44.36,0 -106.78,44.32,0 -106.78,44.28,0 -106.77,44.23,0 -106.77,44.19,0 -106.79,44.15,0 -106.82,44.12,0 -106.85,44.08,0 -106.89,44.04,0 -106.94,44.01,0 -106.98,43.99,0 -107.04,43.97,0 -107.10,43.97,0 -107.16,43.97,0 -107.22,43.97,0 -107.28,43.97,0 -107.35,43.98,0 -107.41,44.00,0 -107.46,44.01,0 -107.51,44.03,0 -107.56,44.06,0 -107.60,44.09,0 -107.63,44.12,0 -107.67,44.15,0 -107.70,44.18,0 -107.73,44.21,0 -107.76,44.23,0 -107.80,44.25,0 -107.83,44.28,0 -107.86,44.31,0 -107.90,44.35,0 -107.93,44.38,0 -107.96,44.41,0 -107.98,44.44,0 -108.01,44.47,0 -108.05,44.49,0 -108.09,44.51,0 -108.14,44.54,0 -108.18,44.57,0 -108.21,44.61,0 -108.23,44.65,0 -108.25,44.70,0 -108.26,44.74,0 -108.27,44.78,0 -108.28,44.82,0 -108.28,44.87,0 -108.28,44.91,0 -108.28,44.95,0 -108.28,44.99,0 -108.27,45.04,0 -108.27,45.08,0 -108.11,45.23,0 
          </coordinates>
        </LinearRing>
      </outerBoundaryIs>
      <innerBoundaryIs>
        <LinearRing>
          <coordinates>
-107.86,45.17,1000 -107.82,45.16,1000 -107.77,45.14,1000 -107.73,45.13,1000 -107.70,45.12,1000 -107.66,45.11,1000 -107.61,45.10,1000 -107.57,45.08,1000 -107.53,45.05,1000 -107.49,45.02,1000 -107.44,44.99,1000 -107.41,44.97,1000 -107.37,44.94,1000 -107.34,44.91,1000 -107.31,44.89,1000 -107.26,44.86,1000 -107.22,44.84,1000 -107.18,44.81,1000 -107.15,44.78,1000 -107.12,44.76,1000 -107.09,44.73,1000 -107.07,44.71,1000 -107.03,44.68,1000 -107.00,44.65,1000 -106.98,44.62,1000 -106.96,44.59,1000 -106.93,44.55,1000 -106.91,44.52,1000 -106.90,44.48,1000 -106.89,44.45,1000 -106.89,44.41,1000 -106.89,44.38,1000 -106.89,44.34,1000 -106.90,44.31,1000 -106.91,44.27,1000 -106.94,44.24,1000 -106.96,44.21,1000 -107.00,44.18,1000 -107.04,44.16,1000 -107.09,44.15,1000 -107.14,44.13,1000 -107.19,44.12,1000 -107.24,44.12,1000 -107.29,44.12,1000 -107.34,44.13,1000 -107.39,44.13,1000 -107.44,44.15,1000 -107.48,44.16,1000 -107.53,44.18,1000 -107.57,44.20,1000 -107.60,44.23,1000 -107.64,44.26,1000 -107.67,44.29,1000 -107.70,44.32,1000 -107.72,44.36,1000 -107.74,44.39,1000 -107.76,44.41,1000 -107.78,44.43,1000 -107.80,44.45,1000 -107.84,44.47,1000 -107.88,44.50,1000 -107.92,44.53,1000 -107.95,44.56,1000 -107.98,44.58,1000 -108.01,44.61,1000 -108.03,44.63,1000 -108.06,44.65,1000 -108.10,44.68,1000 -108.13,44.71,1000 -108.16,44.75,1000 -108.17,44.78,1000 -108.19,44.82,1000 -108.19,44.85,1000 -108.19,44.89,1000 -108.19,44.92,1000 -108.17,44.96,1000 -108.15,45.00,1000 -108.12,45.03,1000 -108.09,45.06,1000 -108.04,45.09,1000 -108.00,45.10,1000 -107.86,45.17,1000 
          </coordinates>
        </LinearRing>
      </innerBoundaryIs>
  </Polygon>
 </MultiGeometry>
</Placemark>
<Placemark>
  <name>1%</name>
  <visibility>1</visibility>
  <styleUrl>#poly_1</styleUrl>
  <MultiGeometry>
    <Polygon>
      <outerBoundaryIs>
        <LinearRing>
          <coordinates>
-121.93,45.55,0 -121.91,45.56,0 -121.90,45.58,0 -121.88,45.59,0 -121.86,45.61,0 -121.84,45.62,0 -121.82,45.63,0 -121.79,45.64,0 -121.77,45.65,0 -121.74,45.66,0 -121.72,45.66,0 -121.70,45.66,0 -121.67,45.66,0 -121.65,45.66,0 -121.62,45.66,0 -121.60,45.65,0 -121.57,45.65,0 -121.54,45.64,0 -121.52,45.64,0 -121.49,45.63,0 -121.47,45.62,0 -121.45,45.61,0 -121.43,45.60,0 -121.41,45.59,0 -121.39,45.57,0 -121.37,45.56,0 -121.35,45.54,0 -121.33,45.53,0 -121.32,45.51,0 -121.31,45.49,0 -121.30,45.48,0 -121.29,45.46,0 -121.29,45.44,0 -121.29,45.42,0 -121.29,45.41,0 -121.29,45.39,0 -121.30,45.37,0 -121.31,45.35,0 -121.32,45.33,0 -121.33,45.31,0 -121.35,45.30,0 -121.36,45.28,0 -121.37,45.27,0 -121.39,45.25,0 -121.41,45.24,0 -121.42,45.22,0 -121.44,45.21,0 -121.46,45.20,0 -121.48,45.19,0 -121.50,45.18,0 -121.53,45.17,0 -121.55,45.16,0 -121.57,45.16,0 -121.59,45.16,0 -121.62,45.16,0 -121.64,45.16,0 -121.67,45.16,0 -121.69,45.17,0 -121.72,45.17,0 -121.75,45.18,0 -121.77,45.18,0 -121.80,45.19,0 -121.82,45.20,0 -121.84,45.21,0 -121.86,45.22,0 -121.88,45.23,0 -121.90,45.25,0 -121.92,45.26,0 -121.94,45.28,0 -121.96,45.29,0 -121.97,45.31,0 -121.98,45.33,0 -121.99,45.34,0 -122.00,45.36,0 -122.00,45.38,0 -122.00,45.39,0 -122.00,45.41,0 -122.00,45.43,0 -121.99,45.45,0 -121.98,45.47,0 -121.98,45.49,0 -121.97,45.50,0 -121.95,45.52,0 -121.94,45.54,0 -121.93,45.55,0 -121.93,45.55,0 
          </coordinates>
        </LinearRing>
      </outerBoundaryIs>
  </Polygon>
 </MultiGeometry>
</Placemark>
<Placemark>
  <name>1%</name>
  <visibility>1</visibility>
  <styleUrl>#poly_1</styleUrl>
  <MultiGeometry>
    <Polygon>
      <outerBoundaryIs>
        <LinearRing>
          <coordinates>
-71.09,45.35,0 -71.06,45.36,0 -71.02,45.37,0 -70.99,45.37,0 -70.96,45.38,0 -70.92,45.38,0 -70.89,45.39,0 -70.86,45.39,0 -70.83,45.39,0 -70.80,45.39,0 -70.76,45.38,0 -70.73,45.38,0 -70.70,45.37,0 -70.66,45.36,0 -70.63,45.35,0 -70.60,45.34,0 -70.57,45.33,0 -70.54,45.32,0 -70.51,45.30,0 -70.48,45.29,0 -70.45,45.27,0 -70.42,45.26,0 -70.40,45.24,0 -70.38,45.23,0 -70.35,45.21,0 -70.33,45.19,0 -70.32,45.18,0 -70.30,45.15,0 -70.29,45.13,0 -70.27,45.11,0 -70.25,45.09,0 -70.24,45.07,0 -70.22,45.04,0 -70.21,45.02,0 -70.20,44.99,0 -70.20,44.97,0 -70.20,44.95,0 -70.22,44.93,0 -70.23,44.90,0 -70.25,44.88,0 -70.27,44.86,0 -70.29,44.84,0 -70.31,44.83,0 -70.33,44.81,0 -70.36,44.79,0 -70.38,44.78,0 -70.41,44.76,0 -70.44,44.75,0 -70.48,44.75,0 -70.51,44.74,0 -70.54,44.74,0 -70.57,44.73,0 -70.61,44.73,0 -70.64,44.73,0 -70.68,44.74,0 -70.72,44.74,0 -70.75,44.74,0 -70.78,44.74,0 -70.82,44.75,0 -70.85,44.75,0 -70.89,44.76,0 -70.92,44.77,0 -70.96,44.77,0 -70.99,44.78,0 -71.02,44.79,0 -71.05,44.79,0 -71.08,44.80,0 -71.11,44.81,0 -71.14,44.82,0 -71.17,44.83,0 -71.20,44.84,0 -71.22,44.85,0 -71.25,44.87,0 -71.28,44.88,0 -71.30,44.90,0 -71.32,44.92,0 -71.34,44.94,0 -71.35,44.96,0 -71.36,44.98,0 -71.37,45.00,0 -71.38,45.03,0 -71.39,45.05,0 -71.39,45.07,0 -71.39,45.10,0 -71.39,45.12,0 -71.38,45.14,0 -71.37,45.17,0 -71.35,45.19,0 -71.33,45.21,0 -71.31,45.23,0 -71.28,45.25,0 -71.26,45.27,0 -71.09,45.35,0 
          </coordinates>
        </LinearRing>
      </outerBoundaryIs>
  </Polygon>
 </MultiGeometry>
</Placemark>
<Placemark>
  <name>1%</name>
  <visibility>1</visibility>
  <styleUrl>#poly_1</styleUrl>
  <MultiGeometry>
    <Polygon>
      <outerBoundaryIs>
        <LinearRing>
          <coordinates>
-117.19,43.24,0 -117.15,43.26,0 -117.12,43.28,0 -117.08,43.30,0 -117.05,43.32,0 -117.01,43.33,0 -116.97,43.34,0 -116.93,43.34,0 -116.88,43.34,0 -116.84,43.33,0 -116.79,43.33,0 -116.75,43.32,0 -116.72,43.31,0 -116.68,43.30,0 -116.66,43.28,0 -116.63,43.26,0 -116.60,43.24,0 -116.57,43.22,0 -116.53,43.20,0 -116.50,43.18,0 -116.46,43.16,0 -116.44,43.14,0 -116.42,43.13,0 -116.40,43.12,0 -116.38,43.10,0 -116.36,43.08,0 -116.33,43.05,0 -116.30,43.02,0 -116.28,42.99,0 -116.27,42.96,0 -116.27,42.93,0 -116.28,42.89,0 -116.29,42.86,0 -116.31,42.82,0 -116.32,42.79,0 -116.33,42.77,0 -116.36,42.75,0 -116.37,42.73,0 -116.37,42.69,0 -116.38,42.66,0 -116.39,42.62,0 -116.40,42.59,0 -116.42,42.56,0 -116.44,42.53,0 -116.47,42.51,0 -116.50,42.48,0 -116.53,42.46,0 -116.56,42.45,0 -116.60,42.43,0 -116.64,42.42,0 -116.68,42.41,0 -116.72,42.41,0 -116.76,42.40,0 -116.80,42.40,0 -116.84,42.40,0 -116.88,42.40,0 -116.92,42.40,0 -116.96,42.40,0 -117.00,42.41,0 -117.04,42.42,0 -117.08,42.44,0 -117.11,42.46,0 -117.14,42.48,0 -117.17,42.50,0 -117.19,42.53,0 -117.21,42.56,0 -117.23,42.59,0 -117.24,42.63,0 -117.25,42.66,0 -117.26,42.69,0 -117.26,42.72,0 -117.27,42.75,0 -117.27,42.78,0 -117.28,42.81,0 -117.28,42.84,0 -117.28,42.87,0 -117.29,42.91,0 -117.29,42.94,0 -117.29,42.98,0 -117.29,43.01,0 -117.29,43.04,0 -117.28,43.07,0 -117.27,43.10,0 -117.26,43.13,0 -117.25,43.16,0 -117.24,43.19,0 -117.19,43.24,0 
          </coordinates>
        </LinearRing>
      </outerBoundaryIs>
      <innerBoundaryIs>
        <LinearRing>
          <coordinates>
-116.92,43.13,1000 -116.89,43.12,1000 -116.85,43.12,1000 -116.82,43.11,1000 -116.79,43.11,1000 -116.76,43.10,1000 -116.73,43.10,1000 -116.71,43.10,1000 -116.69,43.09,1000 -116.67,43.09,1000 -116.66,43.08,1000 -116.65,43.07,1000 -116.63,43.06,1000 -116.61,43.04,1000 -116.59,43.02,1000 -116.57,43.01,1000 -116.55,42.99,1000 -116.53,42.97,1000 -116.51,42.95,1000 -116.50,42.93,1000 -116.49,42.91,1000 -116.49,42.89,1000 -116.48,42.86,1000 -116.49,42.84,1000 -116.49,42.81,1000 -116.49,42.79,1000 -116.50,42.77,1000 -116.50,42.75,1000 -116.51,42.73,1000 -116.52,42.71,1000 -116.53,42.69,1000 -116.54,42.68,1000 -116.56,42.67,1000 -116.58,42.65,1000 -116.60,42.64,1000 -116.62,42.62,1000 -116.65,42.61,1000 -116.67,42.60,1000 -116.70,42.58,1000 -116.72,42.57,1000 -116.74,42.56,1000 -116.76,42.55,1000 -116.78,42.53,1000 -116.79,42.53,1000 -116.79,42.53,1000 -116.82,42.54,1000 -116.84,42.55,1000 -116.86,42.56,1000 -116.88,42.57,1000 -116.91,42.58,1000 -116.94,42.60,1000 -116.97,42.61,1000 -117.00,42.63,1000 -117.02,42.64,1000 -117.04,42.65,1000 -117.06,42.66,1000 -117.09,42.67,1000 -117.08,42.68,1000 -117.08,42.69,1000 -117.07,42.71,1000 -117.07,42.73,1000 -117.07,42.75,1000 -117.07,42.77,1000 -117.07,42.79,1000 -117.07,42.81,1000 -117.07,42.83,1000 -117.07,42.86,1000 -117.07,42.88,1000 -117.06,42.90,1000 -117.06,42.92,1000 -117.05,42.94,1000 -117.04,42.96,1000 -117.03,42.98,1000 -117.03,43.00,1000 -117.02,43.02,1000 -117.01,43.04,1000 -116.92,43.13,1000 
          </coordinates>
        </LinearRing>
      </innerBoundaryIs>
  </Polygon>
 </MultiGeometry>
</Placemark>
<Placemark>
  <name>1%</name>
  <visibility>1</visibility>
  <styleUrl>#poly_1</styleUrl>
  <MultiGeometry>
    <Polygon>
      <outerBoundaryIs>
        <LinearRing>
          <coordinates>
-116.50,51.90,0 -115.86,51.97,0 -115.44,51.85,0 -114.88,51.75,0 -114.42,51.58,0 -114.25,51.26,0 -114.06,50.82,0 -113.88,50.37,0 -113.74,50.05,0 -113.58,49.84,0 -113.44,49.68,0 -113.12,49.62,0 -112.70,49.62,0 -112.27,49.61,0 -111.87,49.49,0 -111.62,49.46,0 -111.37,49.53,0 -111.10,49.66,0 -110.80,49.79,0 -110.37,49.81,0 -110.16,49.71,0 -110.26,49.55,0 -110.68,49.35,0 -110.79,49.27,0 -110.75,49.05,0 -110.76,48.81,0 -110.91,48.67,0 -111.25,48.60,0 -111.59,48.60,0 -112.25,48.55,0 -112.46,48.50,0 -112.41,48.33,0 -112.28,47.99,0 -112.28,47.66,0 -112.27,47.49,0 -112.13,47.46,0 -111.91,47.59,0 -111.80,47.93,0 -111.55,48.02,0 -111.29,48.01,0 -110.84,47.93,0 -110.35,47.82,0 -110.00,47.66,0 -109.69,47.51,0 -109.09,47.45,0 -108.84,47.18,0 -108.83,46.82,0 -108.86,46.63,0 -109.02,46.45,0 -109.32,46.40,0 -109.65,46.43,0 -109.92,46.36,0 -109.83,46.17,0 -109.92,45.89,0 -109.81,45.73,0 -109.53,45.57,0 -109.23,45.40,0 -109.00,45.22,0 -108.89,45.05,0 -108.93,44.86,0 -109.10,44.62,0 -109.17,44.40,0 -109.00,44.17,0 -108.97,43.96,0 -109.06,43.77,0 -109.19,43.65,0 -109.16,43.48,0 -109.05,43.29,0 -108.90,43.17,0 -108.79,42.95,0 -108.78,42.71,0 -108.91,42.51,0 -109.19,42.44,0 -109.46,42.44,0 -109.72,42.52,0 -110.06,42.70,0 -110.15,42.52,0 -110.37,42.21,0 -110.70,42.02,0 -110.95,42.04,0 -111.01,41.91,0 -110.96,41.53,0 -110.95,41.20,0 -110.56,41.13,0 -110.30,40.94,0 -110.32,40.70,0 -110.37,40.53,0 -110.55,40.38,0 -110.91,40.18,0 -111.19,40.13,0 -111.59,40.29,0 -111.99,40.43,0 -112.04,40.68,0 -111.95,40.82,0 -111.83,41.01,0 -111.96,41.21,0 -112.07,41.63,0 -112.12,41.96,0 -112.18,42.26,0 -112.43,42.40,0 -112.70,42.26,0 -113.00,42.41,0 -112.83,42.63,0 -112.59,42.59,0 -112.49,42.61,0 -112.47,42.83,0 -112.37,43.02,0 -112.24,43.09,0 -111.90,43.23,0 -111.68,43.59,0 -111.54,43.94,0 -111.82,44.05,0 -112.20,44.09,0 -112.52,44.06,0 -112.65,43.99,0 -113.20,43.81,0 -113.46,43.60,0 -113.73,43.41,0 -114.06,43.36,0 -114.34,43.35,0 -114.54,43.24,0 -115.05,43.15,0 -115.51,43.19,0 -115.94,43.34,0 -116.09,43.73,0 -116.17,44.11,0 -116.49,44.29,0 -116.77,44.66,0 -117.12,44.78,0 -117.67,44.71,0 -117.98,44.51,0 -117.95,44.16,0 -118.27,43.92,0 -118.65,43.72,0 -119.17,43.67,0 -119.45,43.63,0 -119.75,43.64,0 -119.94,43.77,0 -120.00,43.98,0 -120.20,44.07,0 -120.62,44.16,0 -120.75,44.35,0 -120.70,44.52,0 -120.51,44.64,0 -120.25,44.71,0 -119.88,44.74,0 -119.54,44.68,0 -119.38,44.75,0 -119.28,44.86,0 -119.31,45.06,0 -119.43,45.16,0 -119.33,45.28,0 -119.10,45.31,0 -118.84,45.42,0 -118.22,45.49,0 -118.31,45.87,0 -118.14,46.20,0 -117.87,46.31,0 -117.61,46.24,0 -117.46,46.07,0 -117.48,45.92,0 -117.57,45.75,0 -117.34,45.74,0 -117.10,45.64,0 -116.95,45.61,0 -116.64,45.65,0 -116.33,45.83,0 -115.76,45.96,0 -115.66,46.27,0 -115.67,46.68,0 -116.04,46.98,0 -115.95,47.17,0 -115.71,47.29,0 -115.17,47.36,0 -114.76,47.26,0 -114.50,47.03,0 -114.31,46.96,0 -114.37,47.25,0 -114.43,47.66,0 -114.24,47.95,0 -114.12,48.23,0 -114.13,48.40,0 -114.54,48.54,0 -114.77,48.60,0 -114.94,48.72,0 -115.17,49.03,0 -115.33,49.43,0 -115.61,49.52,0 -115.73,49.34,0 -116.08,49.14,0 -116.47,49.16,0 -116.75,49.24,0 -116.91,49.39,0 -116.99,49.69,0 -117.08,50.09,0 -117.16,50.40,0 -117.26,50.57,0 -117.54,50.87,0 -117.69,50.99,0 -117.71,51.19,0 -117.43,51.42,0 -117.15,51.44,0 -116.93,51.38,0 -116.69,51.47,0 -116.69,51.73,0 -116.50,51.90,0 
          </coordinates>
        </LinearRing>
      </outerBoundaryIs>
      <innerBoundaryIs>
        <LinearRing>
          <coordinates>
-111.67,46.04,0 -111.66,46.04,0 -111.64,46.04,0 -111.63,46.04,0 -111.61,46.04,0 -111.60,46.04,0 -111.58,46.04,0 -111.57,46.04,0 -111.56,46.04,0 -111.54,46.04,0 -111.53,46.03,0 -111.52,46.03,0 -111.51,46.03,0 -111.50,46.02,0 -111.48,46.02,0 -111.47,46.01,0 -111.46,46.00,0 -111.45,46.00,0 -111.44,45.99,0 -111.43,45.98,0 -111.42,45.97,0 -111.42,45.97,0 -111.41,45.96,0 -111.40,45.95,0 -111.40,45.94,0 -111.39,45.93,0 -111.39,45.92,0 -111.39,45.91,0 -111.39,45.90,0 -111.38,45.89,0 -111.38,45.88,0 -111.38,45.88,0 -111.38,45.87,0 -111.37,45.86,0 -111.37,45.85,0 -111.39,45.85,0 -111.40,45.85,0 -111.41,45.85,0 -111.42,45.85,0 -111.43,45.84,0 -111.45,45.84,0 -111.46,45.84,0 -111.48,45.84,0 -111.49,45.84,0 -111.51,45.84,0 -111.52,45.84,0 -111.54,45.83,0 -111.56,45.83,0 -111.57,45.83,0 -111.59,45.83,0 -111.60,45.83,0 -111.61,45.83,0 -111.62,45.83,0 -111.63,45.83,0 -111.65,45.83,0 -111.65,45.83,0 -111.66,45.83,0 -111.67,45.85,0 -111.68,45.85,0 -111.68,45.86,0 -111.69,45.86,0 -111.69,45.87,0 -111.70,45.88,0 -111.71,45.88,0 -111.72,45.89,0 -111.73,45.90,0 -111.73,45.91,0 -111.74,45.91,0 -111.75,45.92,0 -111.76,45.93,0 -111.77,45.94,0 -111.78,45.95,0 -111.79,45.95,0 -111.80,45.96,0 -111.81,45.97,0 -111.82,45.98,0 -111.83,45.99,0 -111.84,46.00,0 -111.67,46.04,0 
          </coordinates>
        </LinearRing>
      </innerBoundaryIs>
      <innerBoundaryIs>
        <LinearRing>
          <coordinates>
-111.91,46.04,1000 -111.89,46.05,1000 -111.87,46.06,1000 -111.85,46.07,1000 -111.83,46.08,1000 -111.81,46.08,1000 -111.79,46.09,1000 -111.76,46.10,1000 -111.74,46.11,1000 -111.72,46.11,1000 -111.70,46.12,1000 -111.68,46.12,1000 -111.66,46.12,1000 -111.63,46.13,1000 -111.61,46.13,1000 -111.59,46.13,1000 -111.56,46.13,1000 -111.54,46.13,1000 -111.52,46.13,1000 -111.49,46.13,1000 -111.47,46.13,1000 -111.46,46.12,1000 -111.44,46.12,1000 -111.42,46.11,1000 -111.40,46.11,1000 -111.39,46.10,1000 -111.38,46.08,1000 -111.37,46.07,1000 -111.36,46.06,1000 -111.35,46.04,1000 -111.34,46.03,1000 -111.34,46.02,1000 -111.33,46.00,1000 -111.32,45.99,1000 -111.32,45.97,1000 -111.31,45.96,1000 -111.31,45.94,1000 -111.30,45.93,1000 -111.30,45.91,1000 -111.30,45.89,1000 -111.30,45.88,1000 -111.30,45.86,1000 -111.30,45.85,1000 -111.31,45.83,1000 -111.31,45.81,1000 -111.31,45.80,1000 -111.32,45.78,1000 -111.33,45.76,1000 -111.33,45.75,1000 -111.34,45.74,1000 -111.36,45.73,1000 -111.37,45.72,1000 -111.39,45.72,1000 -111.40,45.71,1000 -111.43,45.71,1000 -111.45,45.71,1000 -111.47,45.72,1000 -111.50,45.72,1000 -111.52,45.73,1000 -111.55,45.73,1000 -111.57,45.74,1000 -111.60,45.74,1000 -111.62,45.75,1000 -111.64,45.76,1000 -111.67,45.76,1000 -111.69,45.77,1000 -111.71,45.78,1000 -111.74,45.79,1000 -111.76,45.79,1000 -111.78,45.80,1000 -111.80,45.81,1000 -111.82,45.82,1000 -111.84,45.82,1000 -111.85,45.83,1000 -111.87,45.84,1000 -111.88,45.85,1000 -111.89,45.86,1000 -111.90,45.86,1000 -111.92,45.87,1000 -111.93,45.88,1000 -111.95,45.89,1000 -111.96,45.90,1000 -111.98,45.92,1000 -112.00,45.93,1000 -112.02,45.94,1000 -112.04,45.95,1000 -112.06,45.97,1000 -112.08,45.98,1000 -111.91,46.04,1000 
          </coordinates>
        </LinearRing>
      </innerBoundaryIs>
      <innerBoundaryIs>
        <LinearRing>
          <coordinates>
-113.57,46.94,1000 -113.55,46.95,1000 -113.53,46.96,1000 -113.51,46.98,1000 -113.49,46.99,1000 -113.47,47.00,1000 -113.45,47.01,1000 -113.43,47.02,1000 -113.41,47.02,1000 -113.38,47.03,1000 -113.36,47.03,1000 -113.34,47.03,1000 -113.32,47.03,1000 -113.30,47.02,1000 -113.28,47.02,1000 -113.25,47.01,1000 -113.23,47.00,1000 -113.20,46.99,1000 -113.18,46.98,1000 -113.16,46.97,1000 -113.14,46.96,1000 -113.12,46.95,1000 -113.10,46.94,1000 -113.08,46.94,1000 -113.07,46.93,1000 -113.04,46.93,1000 -113.04,46.92,1000 -113.03,46.91,1000 -113.03,46.90,1000 -113.02,46.88,1000 -113.01,46.86,1000 -113.00,46.84,1000 -112.99,46.82,1000 -112.98,46.81,1000 -112.98,46.79,1000 -112.97,46.77,1000 -112.97,46.76,1000 -112.97,46.74,1000 -112.98,46.73,1000 -112.99,46.71,1000 -113.00,46.71,1000 -113.03,46.70,1000 -113.05,46.70,1000 -113.07,46.70,1000 -113.09,46.70,1000 -113.11,46.70,1000 -113.14,46.70,1000 -113.16,46.70,1000 -113.19,46.70,1000 -113.22,46.70,1000 -113.24,46.70,1000 -113.26,46.70,1000 -113.28,46.70,1000 -113.31,46.70,1000 -113.34,46.70,1000 -113.36,46.70,1000 -113.38,46.70,1000 -113.40,46.71,1000 -113.42,46.72,1000 -113.43,46.72,1000 -113.45,46.73,1000 -113.46,46.74,1000 -113.48,46.75,1000 -113.50,46.76,1000 -113.52,46.77,1000 -113.54,46.78,1000 -113.56,46.79,1000 -113.58,46.79,1000 -113.60,46.80,1000 -113.62,46.81,1000 -113.64,46.81,1000 -113.67,46.82,1000 -113.69,46.82,1000 -113.71,46.83,1000 -113.74,46.84,1000 -113.76,46.84,1000 -113.79,46.85,1000 -113.57,46.94,1000 
          </coordinates>
        </LinearRing>
      </innerBoundaryIs>
      <innerBoundaryIs>
        <LinearRing>
          <coordinates>
-116.48,51.80,1000 -116.20,51.91,1000 -115.86,51.90,1000 -115.47,51.79,1000 -115.00,51.65,1000 -114.63,51.41,1000 -114.45,51.16,1000 -114.31,50.95,1000 -114.22,50.72,1000 -114.10,50.38,1000 -113.97,50.03,1000 -113.87,49.65,1000 -113.51,49.51,1000 -112.97,49.48,1000 -112.59,49.46,1000 -112.24,49.42,1000 -111.92,49.27,1000 -111.76,49.19,1000 -111.49,49.17,1000 -111.21,49.13,1000 -111.10,49.03,1000 -111.19,48.76,1000 -111.68,48.73,1000 -112.22,48.73,1000 -112.65,48.64,1000 -112.80,48.47,1000 -112.63,48.29,1000 -112.37,47.98,1000 -112.48,47.67,1000 -112.44,47.43,1000 -112.11,47.28,1000 -111.79,47.37,1000 -111.48,47.58,1000 -111.13,47.72,1000 -110.62,47.76,1000 -110.21,47.66,1000 -109.91,47.35,1000 -109.52,47.29,1000 -109.14,47.22,1000 -108.97,46.85,1000 -109.03,46.66,1000 -109.20,46.55,1000 -109.52,46.54,1000 -109.80,46.69,1000 -110.07,46.49,1000 -110.02,46.08,1000 -110.23,45.81,1000 -109.96,45.67,1000 -109.65,45.51,1000 -109.35,45.34,1000 -109.13,45.19,1000 -109.08,45.02,1000 -109.14,44.81,1000 -109.30,44.55,1000 -109.30,44.35,1000 -109.20,44.15,1000 -109.30,43.82,1000 -109.37,43.49,1000 -109.11,43.23,1000 -108.90,42.92,1000 -108.93,42.73,1000 -109.06,42.60,1000 -109.22,42.53,1000 -109.46,42.55,1000 -109.80,42.74,1000 -110.13,42.87,1000 -110.26,42.69,1000 -110.33,42.45,1000 -110.58,42.22,1000 -111.03,42.15,1000 -111.14,41.94,1000 -111.18,41.72,1000 -111.14,41.53,1000 -111.30,41.18,1000 -110.92,41.04,1000 -110.52,40.92,1000 -110.45,40.72,1000 -110.54,40.57,1000 -110.70,40.43,1000 -111.01,40.33,1000 -111.30,40.39,1000 -111.45,40.60,1000 -111.37,40.85,1000 -111.16,41.00,1000 -111.29,41.12,1000 -111.56,41.10,1000 -111.80,41.39,1000 -111.93,41.62,1000 -112.02,41.84,1000 -111.95,42.11,1000 -111.96,42.41,1000 -112.15,42.64,1000 -112.16,42.84,1000 -112.08,42.91,1000 -111.82,42.72,1000 -111.79,42.89,1000 -111.72,43.22,1000 -111.63,43.56,1000 -111.49,43.85,1000 -111.52,44.10,1000 -111.63,44.16,1000 -111.92,44.18,1000 -112.26,44.17,1000 -112.82,44.05,1000 -113.22,43.95,1000 -113.54,43.70,1000 -113.79,43.49,1000 -114.29,43.43,1000 -114.81,43.30,1000 -115.33,43.28,1000 -115.73,43.37,1000 -115.88,43.56,1000 -115.98,43.98,1000 -116.21,44.36,1000 -116.40,44.59,1000 -116.56,44.88,1000 -116.85,44.86,1000 -117.19,44.82,1000 -117.72,44.88,1000 -117.90,44.72,1000 -118.07,44.45,1000 -118.16,44.13,1000 -118.39,43.98,1000 -118.63,43.91,1000 -119.06,43.81,1000 -119.50,43.73,1000 -119.78,43.84,1000 -119.80,44.07,1000 -119.88,44.15,1000 -120.27,44.22,1000 -120.43,44.30,1000 -120.44,44.46,1000 -120.19,44.60,1000 -119.94,44.61,1000 -119.80,44.54,1000 -119.47,44.44,1000 -119.29,44.52,1000 -119.20,44.65,1000 -119.06,45.01,1000 -118.86,45.26,1000 -118.64,45.36,1000 -118.36,45.35,1000 -118.09,45.36,1000 -117.80,45.59,1000 -117.50,45.65,1000 -117.24,45.59,1000 -116.93,45.46,1000 -116.49,45.54,1000 -116.23,45.73,1000 -116.08,45.84,1000 -115.81,45.90,1000 -115.56,45.95,1000 -115.52,46.06,1000 -115.54,46.26,1000 -115.47,46.48,1000 -115.40,46.77,1000 -115.50,46.96,1000 -115.41,47.14,1000 -115.10,47.21,1000 -114.84,47.10,1000 -114.51,46.91,1000 -114.21,46.95,1000 -114.22,47.11,1000 -114.32,47.33,1000 -114.34,47.55,1000 -114.14,47.82,1000 -113.94,48.09,1000 -113.98,48.36,1000 -114.17,48.60,1000 -114.48,48.76,1000 -114.74,48.97,1000 -115.01,49.22,1000 -115.09,49.60,1000 -115.23,49.67,1000 -115.53,49.65,1000 -115.70,49.67,1000 -115.83,49.58,1000 -115.92,49.51,1000 -116.03,49.32,1000 -116.23,49.27,1000 -116.59,49.37,1000 -116.70,49.44,1000 -116.79,49.67,1000 -116.89,49.87,1000 -116.99,50.10,1000 -117.11,50.51,1000 -117.30,50.83,1000 -117.41,50.96,1000 -117.44,51.16,1000 -117.33,51.23,1000 -117.08,51.25,1000 -116.54,51.06,1000 -116.25,50.84,1000 -116.00,50.60,1000 -115.84,50.19,1000 -115.55,50.18,1000 -115.60,50.39,1000 -115.88,50.67,1000 -116.24,50.95,1000 -116.56,51.25,1000 -116.57,51.64,1000 -116.48,51.80,1000 
          </coordinates>
        </LinearRing>
      </innerBoundaryIs>
  </Polygon>
 </MultiGeometry>
</Placemark>
<Placemark>
  <name>1%</name>
  <visibility>1</visibility>
  <styleUrl>#poly_1</styleUrl>
  <MultiGeometry>
    <Polygon>
      <outerBoundaryIs>
        <LinearRing>
          <coordinates>
-109.55,49.80,0 -109.54,49.81,0 -109.52,49.81,0 -109.51,49.82,0 -109.49,49.83,0 -109.48,49.83,0 -109.46,49.84,0 -109.45,49.85,0 -109.43,49.85,0 -109.42,49.86,0 -109.40,49.86,0 -109.39,49.86,0 -109.38,49.87,0 -109.36,49.87,0 -109.35,49.87,0 -109.34,49.87,0 -109.32,49.87,0 -109.31,49.87,0 -109.30,49.87,0 -109.28,49.86,0 -109.27,49.86,0 -109.25,49.85,0 -109.24,49.85,0 -109.22,49.84,0 -109.21,49.83,0 -109.20,49.82,0 -109.18,49.81,0 -109.17,49.80,0 -109.16,49.80,0 -109.15,49.79,0 -109.14,49.78,0 -109.14,49.77,0 -109.13,49.76,0 -109.13,49.75,0 -109.13,49.74,0 -109.13,49.73,0 -109.13,49.72,0 -109.14,49.71,0 -109.15,49.70,0 -109.15,49.69,0 -109.16,49.68,0 -109.17,49.67,0 -109.18,49.66,0 -109.20,49.65,0 -109.21,49.64,0 -109.22,49.63,0 -109.23,49.63,0 -109.25,49.62,0 -109.26,49.61,0 -109.27,49.61,0 -109.28,49.61,0 -109.30,49.60,0 -109.31,49.60,0 -109.33,49.60,0 -109.34,49.60,0 -109.36,49.60,0 -109.38,49.60,0 -109.39,49.60,0 -109.41,49.60,0 -109.43,49.60,0 -109.45,49.61,0 -109.46,49.61,0 -109.48,49.61,0 -109.49,49.61,0 -109.51,49.62,0 -109.52,49.62,0 -109.53,49.62,0 -109.55,49.63,0 -109.56,49.63,0 -109.58,49.64,0 -109.59,49.65,0 -109.60,49.65,0 -109.61,49.66,0 -109.62,49.67,0 -109.63,49.68,0 -109.64,49.68,0 -109.65,49.69,0 -109.66,49.70,0 -109.67,49.71,0 -109.55,49.80,0 
          </coordinates>
        </LinearRing>
      </outerBoundaryIs>
  </Polygon>
 </MultiGeometry>
</Placemark>
<Placemark>
  <name>1%</name>
  <visibility>1</visibility>
  <styleUrl>#poly_1</styleUrl>
  <MultiGeometry>
    <Polygon>
      <outerBoundaryIs>
        <LinearRing>
          <coordinates>
-107.22,40.11,0 -107.22,40.12,0 -107.21,40.12,0 -107.19,40.10,0 -107.18,40.09,0 -107.18,40.09,0 -107.17,40.08,0 -107.16,40.07,0 -107.15,40.06,0 -107.14,40.05,0 -107.13,40.04,0 -107.12,40.02,0 -107.10,40.01,0 -107.09,40.00,0 -107.09,39.99,0 -107.08,39.97,0 -107.07,39.96,0 -107.06,39.95,0 -107.06,39.94,0 -107.06,39.93,0 -107.06,39.92,0 -107.06,39.91,0 -107.07,39.90,0 -107.07,39.88,0 -107.08,39.87,0 -107.09,39.86,0 -107.10,39.85,0 -107.11,39.84,0 -107.12,39.83,0 -107.13,39.82,0 -107.14,39.81,0 -107.15,39.80,0 -107.17,39.80,0 -107.18,39.79,0 -107.19,39.79,0 -107.21,39.78,0 -107.22,39.78,0 -107.24,39.77,0 -107.25,39.77,0 -107.27,39.77,0 -107.29,39.77,0 -107.30,39.77,0 -107.32,39.77,0 -107.34,39.77,0 -107.36,39.77,0 -107.37,39.77,0 -107.39,39.77,0 -107.40,39.78,0 -107.41,39.78,0 -107.42,39.79,0 -107.44,39.79,0 -107.45,39.80,0 -107.46,39.81,0 -107.47,39.82,0 -107.48,39.83,0 -107.49,39.84,0 -107.49,39.86,0 -107.50,39.87,0 -107.50,39.88,0 -107.51,39.89,0 -107.51,39.90,0 -107.51,39.91,0 -107.51,39.92,0 -107.50,39.93,0 -107.50,39.95,0 -107.49,39.96,0 -107.48,39.97,0 -107.47,39.98,0 -107.46,39.99,0 -107.45,40.00,0 -107.44,40.01,0 -107.43,40.02,0 -107.42,40.02,0 -107.41,40.03,0 -107.40,40.04,0 -107.38,40.04,0 -107.37,40.05,0 -107.36,40.06,0 -107.34,40.06,0 -107.33,40.07,0 -107.31,40.07,0 -107.30,40.08,0 -107.28,40.08,0 -107.27,40.09,0 -107.22,40.11,0 
          </coordinates>
        </LinearRing>
      </outerBoundaryIs>
  </Polygon>
 </MultiGeometry>
</Placemark>
<Placemark>
  <name>1%</name>
  <visibility>1</visibility>
  <styleUrl>#poly_1</styleUrl>
  <MultiGeometry>
    <Polygon>
      <outerBoundaryIs>
        <LinearRing>
          <coordinates>
-121.99,44.90,0 -121.72,44.95,0 -121.51,44.88,0 -121.39,44.77,0 -121.42,44.63,0 -121.38,44.44,0 -121.33,44.24,0 -121.28,44.05,0 -121.07,44.00,0 -120.88,43.91,0 -120.80,43.66,0 -120.91,43.52,0 -121.25,43.41,0 -121.32,43.30,0 -120.90,43.14,0 -120.62,42.99,0 -120.44,42.75,0 -120.17,42.63,0 -119.92,42.65,0 -119.67,42.69,0 -119.42,42.66,0 -119.24,42.53,0 -119.19,42.72,0 -119.03,43.01,0 -118.84,43.14,0 -118.63,43.24,0 -118.37,43.27,0 -118.18,43.16,0 -118.11,43.07,0 -118.07,42.83,0 -118.06,42.58,0 -118.19,42.36,0 -117.92,42.26,0 -117.81,42.16,0 -117.64,42.07,0 -117.28,42.04,0 -117.08,41.80,0 -117.08,41.60,0 -116.78,41.62,0 -116.60,41.74,0 -116.45,42.04,0 -116.28,42.34,0 -115.99,42.41,0 -115.73,42.35,0 -115.55,42.20,0 -115.29,42.31,0 -115.01,42.36,0 -114.75,42.32,0 -114.54,42.27,0 -114.17,42.30,0 -113.81,42.35,0 -113.61,42.39,0 -113.44,42.32,0 -113.34,42.20,0 -113.43,42.06,0 -113.61,41.96,0 -113.92,41.96,0 -114.27,41.87,0 -114.50,41.94,0 -114.72,41.76,0 -114.96,41.53,0 -115.19,41.38,0 -115.31,41.28,0 -114.86,41.29,0 -114.68,41.17,0 -114.62,40.95,0 -114.75,40.72,0 -114.94,40.41,0 -115.14,40.09,0 -115.29,39.87,0 -115.55,39.73,0 -115.84,39.77,0 -116.03,39.80,0 -115.95,39.66,0 -115.86,39.47,0 -115.97,39.14,0 -116.12,38.83,0 -116.42,38.68,0 -116.48,38.57,0 -116.59,38.42,0 -116.82,38.32,0 -117.21,38.40,0 -117.58,38.41,0 -117.84,38.55,0 -118.01,38.73,0 -118.07,38.92,0 -118.13,39.12,0 -118.19,39.33,0 -118.31,39.55,0 -118.13,39.78,0 -117.87,39.85,0 -117.58,39.90,0 -117.19,40.02,0 -116.96,40.19,0 -116.90,40.33,0 -116.83,40.48,0 -116.64,40.44,0 -116.34,40.47,0 -116.30,40.68,0 -116.49,40.79,0 -116.67,40.97,0 -116.86,41.00,0 -117.19,41.05,0 -117.23,40.78,0 -117.31,40.53,0 -117.31,40.34,0 -117.59,40.25,0 -117.94,40.27,0 -118.23,40.20,0 -118.49,40.34,0 -118.42,40.56,0 -118.26,40.65,0 -118.02,40.62,0 -118.01,40.66,0 -117.97,40.84,0 -117.90,41.03,0 -117.70,41.14,0 -117.42,41.11,0 -117.38,41.25,0 -117.60,41.28,0 -117.95,41.37,0 -118.02,41.68,0 -118.35,41.65,0 -118.33,41.44,0 -118.32,41.24,0 -118.76,41.27,0 -119.08,41.25,0 -119.33,41.17,0 -119.53,40.96,0 -119.68,40.74,0 -119.84,40.65,0 -120.15,40.64,0 -120.39,40.66,0 -120.39,40.39,0 -120.20,40.19,0 -119.95,39.95,0 -119.77,39.75,0 -119.57,39.53,0 -119.44,39.35,0 -119.43,39.13,0 -119.29,38.97,0 -119.17,38.86,0 -119.01,38.69,0 -118.85,38.49,0 -118.67,38.26,0 -118.51,38.07,0 -118.22,37.84,0 -118.05,37.76,0 -118.04,37.56,0 -117.99,37.33,0 -117.93,37.03,0 -117.88,36.77,0 -117.83,36.52,0 -117.80,36.35,0 -117.83,36.15,0 -117.94,36.01,0 -118.06,35.74,0 -118.17,35.66,0 -118.48,35.63,0 -118.76,35.82,0 -119.01,36.06,0 -119.10,36.27,0 -119.15,36.45,0 -119.35,36.65,0 -119.57,36.94,0 -119.87,37.12,0 -120.03,37.38,0 -120.10,37.61,0 -120.23,37.75,0 -120.38,37.90,0 -120.63,38.18,0 -120.73,38.43,0 -120.82,38.70,0 -120.88,38.91,0 -120.94,39.09,0 -121.20,39.34,0 -121.49,39.55,0 -121.78,39.81,0 -121.98,40.11,0 -122.11,40.39,0 -122.07,40.71,0 -121.86,40.95,0 -121.59,41.00,0 -121.33,41.02,0 -121.13,41.07,0 -121.02,41.27,0 -121.29,41.25,0 -121.60,41.20,0 -121.76,41.17,0 -121.89,41.02,0 -122.19,40.90,0 -122.59,40.75,0 -122.91,40.64,0 -123.25,40.63,0 -123.47,40.80,0 -123.53,41.01,0 -123.52,41.25,0 -123.60,41.48,0 -123.54,41.68,0 -123.28,41.81,0 -123.20,41.92,0 -123.17,42.19,0 -122.87,42.30,0 -122.53,42.17,0 -122.62,41.92,0 -122.82,41.71,0 -122.42,41.77,0 -122.12,41.82,0 -121.84,41.86,0 -121.53,41.89,0 -121.19,41.78,0 -121.11,41.55,0 -121.05,41.35,0 -120.81,41.48,0 -120.72,41.66,0 -120.67,41.85,0 -120.72,42.04,0 -120.93,42.14,0 -121.27,42.38,0 -121.35,42.63,0 -121.42,42.85,0 -121.63,42.83,0 -121.69,42.73,0 -121.83,42.46,0 -121.95,42.19,0 -122.12,42.10,0 -122.41,42.14,0 -122.71,42.30,0 -122.69,42.45,0 -122.63,42.67,0 -122.65,43.00,0 -122.66,43.35,0 -122.57,43.65,0 -122.45,43.91,0 -122.29,44.23,0 -122.28,44.41,0 -122.31,44.59,0 -121.99,44.90,0 
          </coordinates>
        </LinearRing>
      </outerBoundaryIs>
      <innerBoundaryIs>
        <LinearRing>
          <coordinates>
-121.20,42.90,1000 -121.03,42.98,1000 -120.87,42.95,1000 -120.68,42.86,1000 -120.56,42.74,1000 -120.45,42.61,1000 -120.26,42.48,1000 -120.06,42.42,1000 -119.82,42.36,1000 -119.57,42.32,1000 -119.36,42.27,1000 -119.20,42.15,1000 -119.13,42.03,1000 -119.04,41.89,1000 -118.85,41.74,1000 -118.71,41.60,1000 -118.98,41.44,1000 -119.29,41.39,1000 -119.43,41.32,1000 -119.59,41.15,1000 -119.76,40.96,1000 -119.93,40.81,1000 -120.28,40.78,1000 -120.62,40.72,1000 -120.63,40.57,1000 -120.62,40.44,1000 -120.52,40.25,1000 -120.36,40.10,1000 -120.13,39.93,1000 -119.91,39.75,1000 -119.74,39.59,1000 -119.62,39.33,1000 -119.59,39.14,1000 -119.51,38.96,1000 -119.33,38.83,1000 -119.14,38.66,1000 -118.97,38.48,1000 -118.90,38.32,1000 -118.87,38.20,1000 -118.77,38.10,1000 -118.64,37.98,1000 -118.49,37.82,1000 -118.36,37.60,1000 -118.23,37.36,1000 -118.09,37.18,1000 -117.97,36.99,1000 -117.92,36.81,1000 -117.89,36.60,1000 -117.88,36.42,1000 -117.94,36.24,1000 -118.04,36.10,1000 -118.17,35.92,1000 -118.34,35.80,1000 -118.57,35.88,1000 -118.78,36.02,1000 -118.95,36.15,1000 -119.02,36.27,1000 -119.09,36.41,1000 -119.16,36.58,1000 -119.25,36.75,1000 -119.37,36.90,1000 -119.52,37.04,1000 -119.73,37.17,1000 -119.93,37.33,1000 -120.04,37.54,1000 -120.16,37.80,1000 -120.33,38.01,1000 -120.53,38.23,1000 -120.69,38.45,1000 -120.77,38.65,1000 -120.81,38.85,1000 -120.84,39.01,1000 -120.91,39.18,1000 -120.97,39.29,1000 -121.07,39.38,1000 -121.27,39.52,1000 -121.54,39.72,1000 -121.76,39.91,1000 -121.87,40.10,1000 -121.93,40.29,1000 -121.96,40.46,1000 -121.96,40.64,1000 -121.91,40.76,1000 -121.75,40.88,1000 -121.44,40.90,1000 -121.10,40.94,1000 -120.89,41.04,1000 -120.75,41.18,1000 -120.65,41.36,1000 -120.59,41.58,1000 -120.56,41.77,1000 -120.55,41.97,1000 -120.59,42.13,1000 -120.81,42.24,1000 -121.05,42.32,1000 -121.18,42.48,1000 -121.26,42.66,1000 -121.20,42.90,1000 
          </coordinates>
        </LinearRing>
      </innerBoundaryIs>
      <innerBoundaryIs>
        <LinearRing>
          <coordinates>
-116.24,42.19,1000 -116.11,42.19,1000 -115.99,42.18,1000 -115.87,42.18,1000 -115.75,42.17,1000 -115.64,42.17,1000 -115.54,42.17,1000 -115.44,42.17,1000 -115.35,42.17,1000 -115.28,42.17,1000 -115.14,42.19,1000 -115.08,42.22,1000 -115.01,42.23,1000 -114.93,42.21,1000 -114.83,42.18,1000 -114.75,42.13,1000 -114.71,42.08,1000 -114.71,42.01,1000 -114.75,41.93,1000 -114.81,41.84,1000 -114.87,41.76,1000 -114.93,41.69,1000 -115.00,41.63,1000 -115.07,41.58,1000 -115.15,41.52,1000 -115.24,41.47,1000 -115.34,41.42,1000 -115.43,41.37,1000 -115.51,41.32,1000 -115.60,41.23,1000 -115.67,41.15,1000 -115.65,41.09,1000 -115.58,41.09,1000 -115.47,41.10,1000 -115.34,41.12,1000 -115.20,41.15,1000 -115.07,41.16,1000 -114.98,41.16,1000 -114.87,41.12,1000 -114.81,41.04,1000 -114.79,40.96,1000 -114.81,40.89,1000 -114.87,40.82,1000 -114.93,40.74,1000 -114.98,40.66,1000 -115.01,40.59,1000 -115.03,40.52,1000 -115.05,40.45,1000 -115.07,40.38,1000 -115.10,40.32,1000 -115.14,40.25,1000 -115.19,40.17,1000 -115.23,40.11,1000 -115.27,40.06,1000 -115.32,40.00,1000 -115.39,39.97,1000 -115.48,39.94,1000 -115.59,39.92,1000 -115.69,39.91,1000 -115.78,39.93,1000 -115.86,39.98,1000 -115.91,40.03,1000 -115.97,40.09,1000 -116.01,40.16,1000 -116.04,40.23,1000 -116.07,40.31,1000 -116.07,40.39,1000 -116.05,40.48,1000 -116.00,40.57,1000 -115.97,40.64,1000 -115.93,40.71,1000 -115.99,40.74,1000 -116.08,40.78,1000 -116.19,40.81,1000 -116.29,40.86,1000 -116.38,40.90,1000 -116.47,40.96,1000 -116.55,41.02,1000 -116.63,41.09,1000 -116.70,41.14,1000 -116.82,41.20,1000 -116.93,41.24,1000 -116.99,41.28,1000 -116.95,41.31,1000 -116.86,41.33,1000 -116.77,41.38,1000 -116.71,41.44,1000 -116.65,41.51,1000 -116.60,41.59,1000 -116.55,41.66,1000 -116.51,41.73,1000 -116.48,41.80,1000 -116.45,41.86,1000 -116.42,41.93,1000 -116.24,42.19,1000 
          </coordinates>
        </LinearRing>
      </innerBoundaryIs>
      <innerBoundaryIs>
        <LinearRing>
          <coordinates>
-118.82,43.04,1000 -118.79,43.06,1000 -118.75,43.08,1000 -118.72,43.10,1000 -118.68,43.11,1000 -118.65,43.12,1000 -118.61,43.13,1000 -118.57,43.13,1000 -118.54,43.13,1000 -118.50,43.13,1000 -118.46,43.12,1000 -118.42,43.11,1000 -118.39,43.11,1000 -118.36,43.10,1000 -118.32,43.09,1000 -118.30,43.08,1000 -118.28,43.06,1000 -118.26,43.04,1000 -118.25,43.02,1000 -118.23,43.00,1000 -118.21,42.98,1000 -118.19,42.95,1000 -118.17,42.92,1000 -118.16,42.90,1000 -118.15,42.87,1000 -118.14,42.84,1000 -118.14,42.81,1000 -118.13,42.79,1000 -118.14,42.76,1000 -118.14,42.73,1000 -118.15,42.70,1000 -118.16,42.67,1000 -118.18,42.64,1000 -118.20,42.61,1000 -118.22,42.59,1000 -118.23,42.57,1000 -118.23,42.55,1000 -118.25,42.54,1000 -118.27,42.52,1000 -118.29,42.50,1000 -118.31,42.48,1000 -118.34,42.45,1000 -118.37,42.42,1000 -118.40,42.40,1000 -118.43,42.38,1000 -118.46,42.36,1000 -118.50,42.35,1000 -118.54,42.34,1000 -118.57,42.33,1000 -118.61,42.32,1000 -118.65,42.32,1000 -118.69,42.32,1000 -118.72,42.33,1000 -118.76,42.33,1000 -118.80,42.34,1000 -118.84,42.35,1000 -118.87,42.36,1000 -118.90,42.37,1000 -118.94,42.38,1000 -118.97,42.40,1000 -118.99,42.41,1000 -119.01,42.44,1000 -119.03,42.46,1000 -119.04,42.49,1000 -119.05,42.52,1000 -119.07,42.55,1000 -119.08,42.58,1000 -119.08,42.61,1000 -119.08,42.64,1000 -119.07,42.67,1000 -119.07,42.69,1000 -119.06,42.72,1000 -119.05,42.75,1000 -119.04,42.77,1000 -119.03,42.79,1000 -119.02,42.81,1000 -119.01,42.82,1000 -119.00,42.84,1000 -118.98,42.85,1000 -118.97,42.88,1000 -118.95,42.90,1000 -118.93,42.93,1000 -118.91,42.95,1000 -118.89,42.98,1000 -118.82,43.04,1000 
          </coordinates>
        </LinearRing>
      </innerBoundaryIs>
      <innerBoundaryIs>
        <LinearRing>
          <coordinates>
-117.16,39.89,1000 -117.10,39.91,1000 -117.04,39.93,1000 -116.98,39.95,1000 -116.92,39.96,1000 -116.86,39.97,1000 -116.81,39.97,1000 -116.75,39.96,1000 -116.70,39.94,1000 -116.66,39.91,1000 -116.61,39.88,1000 -116.57,39.84,1000 -116.52,39.79,1000 -116.49,39.74,1000 -116.47,39.70,1000 -116.45,39.65,1000 -116.44,39.60,1000 -116.43,39.54,1000 -116.42,39.49,1000 -116.41,39.44,1000 -116.39,39.40,1000 -116.35,39.35,1000 -116.31,39.31,1000 -116.27,39.27,1000 -116.24,39.23,1000 -116.22,39.18,1000 -116.20,39.14,1000 -116.19,39.09,1000 -116.19,39.05,1000 -116.20,39.01,1000 -116.22,38.98,1000 -116.26,38.94,1000 -116.30,38.91,1000 -116.35,38.87,1000 -116.41,38.83,1000 -116.46,38.79,1000 -116.50,38.75,1000 -116.53,38.71,1000 -116.57,38.67,1000 -116.61,38.62,1000 -116.65,38.59,1000 -116.71,38.56,1000 -116.76,38.53,1000 -116.82,38.50,1000 -116.88,38.49,1000 -116.94,38.49,1000 -117.00,38.49,1000 -117.09,38.50,1000 -117.15,38.50,1000 -117.21,38.50,1000 -117.29,38.50,1000 -117.36,38.49,1000 -117.44,38.50,1000 -117.50,38.50,1000 -117.56,38.51,1000 -117.62,38.53,1000 -117.68,38.57,1000 -117.72,38.60,1000 -117.76,38.64,1000 -117.79,38.68,1000 -117.82,38.72,1000 -117.83,38.75,1000 -117.84,38.80,1000 -117.86,38.85,1000 -117.88,38.89,1000 -117.91,38.93,1000 -117.94,38.98,1000 -117.97,39.03,1000 -117.99,39.08,1000 -118.02,39.13,1000 -118.04,39.18,1000 -118.06,39.23,1000 -118.08,39.28,1000 -118.09,39.34,1000 -118.10,39.39,1000 -118.11,39.44,1000 -118.11,39.49,1000 -118.10,39.53,1000 -118.08,39.57,1000 -118.04,39.61,1000 -117.99,39.64,1000 -117.94,39.66,1000 -117.88,39.69,1000 -117.82,39.71,1000 -117.77,39.73,1000 -117.71,39.74,1000 -117.64,39.75,1000 -117.58,39.76,1000 -117.51,39.77,1000 -117.44,39.77,1000 -117.37,39.78,1000 -117.16,39.89,1000 
          </coordinates>
        </LinearRing>
      </innerBoundaryIs>
      <innerBoundaryIs>
        <LinearRing>
          <coordinates>
-118.39,42.23,1000 -118.37,42.23,1000 -118.34,42.22,1000 -118.32,42.22,1000 -118.30,42.21,1000 -118.28,42.21,1000 -118.26,42.20,1000 -118.24,42.20,1000 -118.22,42.20,1000 -118.20,42.19,1000 -118.19,42.19,1000 -118.17,42.19,1000 -118.16,42.19,1000 -118.14,42.18,1000 -118.13,42.17,1000 -118.12,42.16,1000 -118.10,42.15,1000 -118.09,42.14,1000 -118.07,42.13,1000 -118.05,42.11,1000 -118.04,42.10,1000 -118.03,42.08,1000 -118.01,42.07,1000 -118.01,42.05,1000 -118.00,42.04,1000 -118.00,42.02,1000 -118.00,42.01,1000 -118.00,41.99,1000 -118.01,41.98,1000 -118.02,41.96,1000 -118.03,41.94,1000 -118.04,41.93,1000 -118.05,41.91,1000 -118.06,41.90,1000 -118.07,41.89,1000 -118.08,41.88,1000 -118.10,41.87,1000 -118.12,41.86,1000 -118.13,41.85,1000 -118.15,41.85,1000 -118.17,41.84,1000 -118.19,41.83,1000 -118.20,41.83,1000 -118.22,41.82,1000 -118.24,41.81,1000 -118.26,41.81,1000 -118.27,41.80,1000 -118.29,41.80,1000 -118.31,41.80,1000 -118.32,41.79,1000 -118.34,41.79,1000 -118.36,41.80,1000 -118.38,41.81,1000 -118.39,41.82,1000 -118.41,41.83,1000 -118.42,41.84,1000 -118.44,41.85,1000 -118.46,41.86,1000 -118.47,41.87,1000 -118.49,41.89,1000 -118.51,41.90,1000 -118.52,41.91,1000 -118.54,41.92,1000 -118.55,41.93,1000 -118.56,41.94,1000 -118.58,41.96,1000 -118.58,41.96,1000 -118.58,41.97,1000 -118.58,41.97,1000 -118.57,41.99,1000 -118.56,42.00,1000 -118.56,42.01,1000 -118.55,42.02,1000 -118.55,42.03,1000 -118.54,42.05,1000 -118.53,42.06,1000 -118.52,42.08,1000 -118.51,42.09,1000 -118.50,42.11,1000 -118.49,42.13,1000 -118.48,42.14,1000 -118.47,42.16,1000 -118.39,42.23,1000 
          </coordinates>
        </LinearRing>
      </innerBoundaryIs>
      <innerBoundaryIs>
        <LinearRing>
          <coordinates>
-121.95,44.73,1000 -121.84,44.74,1000 -121.75,44.74,1000 -121.67,44.72,1000 -121.62,44.69,1000 -121.59,44.64,1000 -121.55,44.55,1000 -121.52,44.48,1000 -121.48,44.40,1000 -121.44,44.31,1000 -121.40,44.22,1000 -121.37,44.13,1000 -121.34,44.06,1000 -121.30,43.96,1000 -121.27,43.89,1000 -121.24,43.84,1000 -121.14,43.78,1000 -121.07,43.74,1000 -121.14,43.71,1000 -121.25,43.69,1000 -121.34,43.73,1000 -121.43,43.75,1000 -121.49,43.71,1000 -121.55,43.64,1000 -121.60,43.56,1000 -121.64,43.49,1000 -121.65,43.42,1000 -121.64,43.34,1000 -121.63,43.26,1000 -121.63,43.20,1000 -121.67,43.12,1000 -121.72,43.03,1000 -121.74,42.97,1000 -121.77,42.90,1000 -121.79,42.82,1000 -121.82,42.74,1000 -121.86,42.67,1000 -121.92,42.58,1000 -121.98,42.50,1000 -122.05,42.42,1000 -122.11,42.36,1000 -122.21,42.30,1000 -122.31,42.30,1000 -122.37,42.33,1000 -122.43,42.39,1000 -122.48,42.48,1000 -122.50,42.55,1000 -122.53,42.63,1000 -122.55,42.72,1000 -122.57,42.82,1000 -122.58,42.91,1000 -122.59,42.99,1000 -122.59,43.07,1000 -122.57,43.15,1000 -122.55,43.22,1000 -122.52,43.29,1000 -122.50,43.36,1000 -122.48,43.44,1000 -122.46,43.52,1000 -122.45,43.60,1000 -122.43,43.68,1000 -122.40,43.76,1000 -122.37,43.83,1000 -122.33,43.90,1000 -122.29,43.97,1000 -122.25,44.04,1000 -122.22,44.11,1000 -122.20,44.19,1000 -122.18,44.27,1000 -122.16,44.36,1000 -122.15,44.45,1000 -122.14,44.54,1000 -121.95,44.73,1000 
          </coordinates>
        </LinearRing>
      </innerBoundaryIs>
      <innerBoundaryIs>
        <LinearRing>
          <coordinates>
-117.61,41.95,1000 -117.58,41.95,1000 -117.56,41.94,1000 -117.53,41.94,1000 -117.51,41.94,1000 -117.49,41.94,1000 -117.47,41.93,1000 -117.45,41.93,1000 -117.43,41.93,1000 -117.41,41.93,1000 -117.39,41.92,1000 -117.37,41.91,1000 -117.36,41.90,1000 -117.34,41.89,1000 -117.33,41.88,1000 -117.31,41.87,1000 -117.30,41.85,1000 -117.28,41.84,1000 -117.27,41.82,1000 -117.25,41.81,1000 -117.25,41.79,1000 -117.24,41.78,1000 -117.24,41.76,1000 -117.24,41.75,1000 -117.25,41.73,1000 -117.25,41.71,1000 -117.26,41.70,1000 -117.27,41.68,1000 -117.28,41.67,1000 -117.29,41.65,1000 -117.30,41.64,1000 -117.31,41.62,1000 -117.31,41.61,1000 -117.32,41.60,1000 -117.34,41.59,1000 -117.35,41.58,1000 -117.36,41.57,1000 -117.38,41.56,1000 -117.40,41.55,1000 -117.41,41.54,1000 -117.43,41.52,1000 -117.45,41.51,1000 -117.47,41.50,1000 -117.49,41.50,1000 -117.51,41.49,1000 -117.53,41.49,1000 -117.55,41.49,1000 -117.58,41.49,1000 -117.60,41.49,1000 -117.63,41.49,1000 -117.65,41.49,1000 -117.67,41.50,1000 -117.70,41.50,1000 -117.72,41.50,1000 -117.74,41.51,1000 -117.75,41.51,1000 -117.78,41.51,1000 -117.78,41.52,1000 -117.79,41.54,1000 -117.80,41.55,1000 -117.80,41.56,1000 -117.81,41.58,1000 -117.82,41.60,1000 -117.83,41.62,1000 -117.84,41.63,1000 -117.85,41.65,1000 -117.85,41.67,1000 -117.86,41.69,1000 -117.86,41.70,1000 -117.86,41.72,1000 -117.86,41.73,1000 -117.85,41.75,1000 -117.85,41.76,1000 -117.84,41.77,1000 -117.83,41.79,1000 -117.82,41.80,1000 -117.81,41.81,1000 -117.80,41.83,1000 -117.78,41.84,1000 -117.77,41.85,1000 -117.75,41.86,1000 -117.73,41.88,1000 -117.72,41.89,1000 -117.70,41.90,1000 -117.61,41.95,1000 
          </coordinates>
        </LinearRing>
      </innerBoundaryIs>
      <innerBoundaryIs>
        <LinearRing>
          <coordinates>
-123.25,41.65,1000 -123.19,41.65,1000 -123.14,41.65,1000 -123.08,41.65,1000 -123.02,41.65,1000 -122.97,41.65,1000 -122.91,41.64,1000 -122.85,41.63,1000 -122.80,41.63,1000 -122.75,41.63,1000 -122.70,41.64,1000 -122.66,41.65,1000 -122.62,41.66,1000 -122.55,41.68,1000 -122.51,41.69,1000 -122.46,41.70,1000 -122.40,41.72,1000 -122.34,41.74,1000 -122.28,41.75,1000 -122.22,41.77,1000 -122.16,41.78,1000 -122.10,41.79,1000 -122.04,41.80,1000 -121.98,41.81,1000 -121.92,41.82,1000 -121.85,41.82,1000 -121.79,41.83,1000 -121.73,41.83,1000 -121.68,41.83,1000 -121.63,41.83,1000 -121.56,41.82,1000 -121.51,41.81,1000 -121.46,41.79,1000 -121.41,41.77,1000 -121.37,41.75,1000 -121.32,41.72,1000 -121.27,41.68,1000 -121.24,41.63,1000 -121.22,41.59,1000 -121.22,41.55,1000 -121.23,41.50,1000 -121.25,41.46,1000 -121.28,41.42,1000 -121.31,41.39,1000 -121.34,41.36,1000 -121.38,41.33,1000 -121.42,41.30,1000 -121.48,41.27,1000 -121.53,41.25,1000 -121.58,41.24,1000 -121.64,41.22,1000 -121.71,41.21,1000 -121.77,41.20,1000 -121.83,41.18,1000 -121.88,41.17,1000 -121.93,41.15,1000 -121.98,41.12,1000 -122.02,41.09,1000 -122.05,41.07,1000 -122.09,41.04,1000 -122.13,41.01,1000 -122.18,40.99,1000 -122.24,40.97,1000 -122.30,40.95,1000 -122.36,40.93,1000 -122.42,40.90,1000 -122.47,40.88,1000 -122.52,40.85,1000 -122.57,40.82,1000 -122.62,40.78,1000 -122.66,40.75,1000 -122.71,40.72,1000 -122.75,40.70,1000 -122.82,40.68,1000 -122.88,40.67,1000 -122.94,40.67,1000 -123.00,40.67,1000 -123.06,40.67,1000 -123.12,40.68,1000 -123.17,40.70,1000 -123.23,40.72,1000 -123.28,40.75,1000 -123.33,40.78,1000 -123.38,40.81,1000 -123.42,40.86,1000 -123.44,40.90,1000 -123.44,40.94,1000 -123.43,40.99,1000 -123.41,41.03,1000 -123.39,41.08,1000 -123.37,41.13,1000 -123.36,41.18,1000 -123.36,41.23,1000 -123.36,41.27,1000 -123.36,41.32,1000 -123.37,41.36,1000 -123.38,41.41,1000 -123.39,41.45,1000 -123.25,41.65,1000 
          </coordinates>
        </LinearRing>
      </innerBoundaryIs>
  </Polygon>
 </MultiGeometry>
</Placemark>
<Placemark>
  <name>1%</name>
  <visibility>1</visibility>
  <styleUrl>#poly_1</styleUrl>
  <MultiGeometry>
    <Polygon>
      <outerBoundaryIs>
        <LinearRing>
          <coordinates>
-74.36,43.91,0 -74.33,43.90,0 -74.31,43.88,0 -74.28,43.86,0 -74.25,43.83,0 -74.22,43.79,0 -74.19,43.76,0 -74.17,43.74,0 -74.15,43.72,0 -74.14,43.70,0 -74.16,43.68,0 -74.19,43.67,0 -74.23,43.65,0 -74.28,43.63,0 -74.33,43.61,0 -74.37,43.58,0 -74.40,43.56,0 -74.42,43.53,0 -74.43,43.49,0 -74.43,43.45,0 -74.42,43.42,0 -74.42,43.38,0 -74.41,43.35,0 -74.40,43.32,0 -74.38,43.29,0 -74.37,43.26,0 -74.36,43.23,0 -74.36,43.20,0 -74.37,43.17,0 -74.39,43.14,0 -74.42,43.11,0 -74.44,43.08,0 -74.47,43.06,0 -74.49,43.04,0 -74.51,43.02,0 -74.55,43.01,0 -74.58,43.00,0 -74.62,42.98,0 -74.66,42.97,0 -74.71,42.95,0 -74.76,42.94,0 -74.80,42.93,0 -74.85,42.93,0 -74.90,42.93,0 -74.95,42.93,0 -74.99,42.94,0 -75.04,42.95,0 -75.09,42.96,0 -75.13,42.97,0 -75.18,42.99,0 -75.22,43.00,0 -75.26,43.02,0 -75.29,43.04,0 -75.32,43.07,0 -75.35,43.09,0 -75.37,43.12,0 -75.39,43.14,0 -75.42,43.16,0 -75.44,43.18,0 -75.47,43.20,0 -75.50,43.22,0 -75.53,43.25,0 -75.56,43.28,0 -75.59,43.31,0 -75.61,43.34,0 -75.62,43.37,0 -75.62,43.41,0 -75.62,43.44,0 -75.62,43.48,0 -75.61,43.51,0 -75.60,43.55,0 -75.59,43.58,0 -75.58,43.62,0 -75.56,43.65,0 -75.54,43.68,0 -75.51,43.71,0 -75.48,43.73,0 -75.44,43.75,0 -75.39,43.77,0 -75.35,43.78,0 -75.31,43.79,0 -75.26,43.79,0 -75.21,43.79,0 -75.16,43.78,0 -75.11,43.78,0 -75.06,43.77,0 -75.01,43.76,0 -74.97,43.75,0 -74.92,43.74,0 -74.87,43.74,0 -74.82,43.74,0 -74.77,43.74,0 -74.72,43.75,0 -74.67,43.76,0 -74.64,43.76,0 -74.63,43.78,0 -74.60,43.79,0 -74.57,43.81,0 -74.53,43.83,0 -74.49,43.85,0 -74.44,43.88,0 -74.39,43.90,0 -74.36,43.91,0 
          </coordinates>
        </LinearRing>
      </outerBoundaryIs>
      <innerBoundaryIs>
        <LinearRing>
          <coordinates>
-75.13,43.68,1000 -75.10,43.67,1000 -75.07,43.66,1000 -75.04,43.65,1000 -75.01,43.64,1000 -74.99,43.63,1000 -74.97,43.62,1000 -74.95,43.61,1000 -74.93,43.61,1000 -74.90,43.60,1000 -74.88,43.59,1000 -74.86,43.58,1000 -74.83,43.56,1000 -74.81,43.54,1000 -74.78,43.52,1000 -74.75,43.50,1000 -74.73,43.49,1000 -74.71,43.47,1000 -74.69,43.46,1000 -74.66,43.44,1000 -74.65,43.43,1000 -74.64,43.41,1000 -74.63,43.40,1000 -74.62,43.38,1000 -74.61,43.36,1000 -74.60,43.34,1000 -74.58,43.32,1000 -74.57,43.29,1000 -74.57,43.27,1000 -74.57,43.25,1000 -74.57,43.23,1000 -74.58,43.21,1000 -74.59,43.19,1000 -74.61,43.18,1000 -74.64,43.16,1000 -74.66,43.14,1000 -74.68,43.12,1000 -74.71,43.11,1000 -74.73,43.09,1000 -74.75,43.08,1000 -74.76,43.07,1000 -74.77,43.07,1000 -74.79,43.07,1000 -74.82,43.07,1000 -74.85,43.06,1000 -74.89,43.06,1000 -74.92,43.06,1000 -74.96,43.06,1000 -74.99,43.06,1000 -75.01,43.06,1000 -75.04,43.07,1000 -75.06,43.08,1000 -75.08,43.10,1000 -75.10,43.11,1000 -75.12,43.12,1000 -75.15,43.13,1000 -75.17,43.14,1000 -75.20,43.15,1000 -75.23,43.17,1000 -75.25,43.18,1000 -75.27,43.20,1000 -75.29,43.22,1000 -75.32,43.24,1000 -75.34,43.26,1000 -75.36,43.28,1000 -75.38,43.29,1000 -75.39,43.31,1000 -75.40,43.33,1000 -75.41,43.35,1000 -75.41,43.37,1000 -75.42,43.39,1000 -75.42,43.41,1000 -75.43,43.43,1000 -75.44,43.45,1000 -75.45,43.47,1000 -75.46,43.48,1000 -75.46,43.50,1000 -75.45,43.52,1000 -75.44,43.54,1000 -75.41,43.55,1000 -75.39,43.57,1000 -75.37,43.58,1000 -75.35,43.60,1000 -75.33,43.61,1000 -75.31,43.62,1000 -75.28,43.64,1000 -75.26,43.65,1000 -75.13,43.68,1000 
          </coordinates>
        </LinearRing>
      </innerBoundaryIs>
  </Polygon>
 </MultiGeometry>
</Placemark>
<Placemark>
  <name>1%</name>
  <visibility>1</visibility>
  <styleUrl>#poly_1</styleUrl>
  <MultiGeometry>
    <Polygon>
      <outerBoundaryIs>
        <LinearRing>
          <coordinates>
-71.51,50.49,0 -71.26,50.44,0 -71.01,50.38,0 -70.77,50.33,0 -70.55,50.29,0 -70.35,50.25,0 -70.17,50.21,0 -69.90,50.17,0 -69.70,50.14,0 -69.52,50.11,0 -69.31,50.05,0 -69.11,49.99,0 -68.96,49.93,0 -68.85,49.86,0 -68.79,49.79,0 -68.73,49.66,0 -68.71,49.53,0 -68.79,49.40,0 -68.97,49.31,0 -69.19,49.26,0 -69.35,49.21,0 -69.49,49.16,0 -69.60,49.05,0 -69.63,48.94,0 -69.67,48.75,0 -69.71,48.62,0 -69.76,48.45,0 -69.81,48.27,0 -69.85,48.11,0 -69.89,47.99,0 -69.91,47.87,0 -69.94,47.81,0 -70.04,47.72,0 -70.17,47.62,0 -70.27,47.53,0 -70.32,47.42,0 -70.36,47.31,0 -70.46,47.19,0 -70.61,47.08,0 -70.76,47.02,0 -70.94,46.98,0 -71.10,46.95,0 -71.27,46.93,0 -71.41,46.94,0 -71.57,46.96,0 -71.72,47.00,0 -71.89,47.08,0 -71.99,47.14,0 -72.06,47.26,0 -72.05,47.38,0 -72.01,47.52,0 -71.97,47.68,0 -71.93,47.80,0 -71.89,47.95,0 -71.85,48.07,0 -71.79,48.20,0 -71.69,48.31,0 -71.55,48.36,0 -71.38,48.40,0 -71.24,48.43,0 -71.07,48.50,0 -71.17,48.61,0 -71.26,48.70,0 -71.30,48.84,0 -71.35,49.03,0 -71.41,49.16,0 -71.62,49.13,0 -71.82,49.21,0 -71.98,49.22,0 -72.16,49.18,0 -72.27,49.10,0 -72.38,49.00,0 -72.45,48.90,0 -72.47,48.79,0 -72.44,48.66,0 -72.42,48.55,0 -72.40,48.41,0 -72.38,48.27,0 -72.38,48.16,0 -72.44,48.03,0 -72.56,47.93,0 -72.68,47.85,0 -72.84,47.78,0 -73.00,47.72,0 -73.18,47.67,0 -73.36,47.63,0 -73.52,47.61,0 -73.69,47.62,0 -73.82,47.63,0 -73.95,47.61,0 -74.07,47.58,0 -74.18,47.52,0 -74.31,47.46,0 -74.45,47.40,0 -74.69,47.40,0 -74.83,47.43,0 -75.01,47.48,0 -75.21,47.54,0 -75.41,47.60,0 -75.60,47.65,0 -75.77,47.70,0 -75.99,47.75,0 -76.20,47.79,0 -76.37,47.82,0 -76.51,47.86,0 -76.65,47.96,0 -76.67,48.06,0 -76.61,48.16,0 -76.46,48.25,0 -76.30,48.29,0 -76.10,48.32,0 -75.92,48.35,0 -75.80,48.37,0 -75.52,48.48,0 -75.39,48.53,0 -75.22,48.60,0 -75.02,48.68,0 -74.81,48.77,0 -74.58,48.86,0 -74.36,48.95,0 -74.14,49.03,0 -73.95,49.11,0 -73.78,49.17,0 -73.65,49.22,0 -73.42,49.28,0 -73.39,49.27,0 -73.27,49.33,0 -73.15,49.43,0 -73.06,49.53,0 -72.95,49.64,0 -72.81,49.76,0 -72.65,49.86,0 -72.45,49.96,0 -72.26,50.06,0 -72.12,50.14,0 -72.01,50.26,0 -71.96,50.34,0 -71.77,50.43,0 -71.51,50.49,0 
          </coordinates>
        </LinearRing>
      </outerBoundaryIs>
      <innerBoundaryIs>
        <LinearRing>
          <coordinates>
-71.56,50.32,1000 -71.47,50.32,1000 -71.37,50.32,1000 -71.28,50.31,1000 -71.20,50.30,1000 -71.12,50.28,1000 -71.02,50.25,1000 -70.95,50.23,1000 -70.87,50.21,1000 -70.78,50.18,1000 -70.68,50.15,1000 -70.57,50.13,1000 -70.48,50.11,1000 -70.37,50.10,1000 -70.26,50.08,1000 -70.14,50.07,1000 -70.02,50.05,1000 -69.92,50.03,1000 -69.82,50.01,1000 -69.70,49.98,1000 -69.59,49.95,1000 -69.49,49.91,1000 -69.41,49.88,1000 -69.34,49.84,1000 -69.25,49.77,1000 -69.20,49.71,1000 -69.24,49.63,1000 -69.30,49.59,1000 -69.38,49.56,1000 -69.49,49.52,1000 -69.60,49.48,1000 -69.71,49.44,1000 -69.80,49.40,1000 -69.88,49.37,1000 -69.99,49.31,1000 -70.06,49.26,1000 -70.10,49.21,1000 -70.12,49.15,1000 -70.13,49.08,1000 -70.11,49.00,1000 -70.09,48.94,1000 -70.05,48.88,1000 -70.02,48.81,1000 -69.98,48.74,1000 -69.96,48.69,1000 -69.94,48.63,1000 -69.94,48.58,1000 -69.97,48.54,1000 -70.02,48.50,1000 -70.10,48.46,1000 -70.17,48.42,1000 -70.23,48.39,1000 -70.27,48.35,1000 -70.30,48.33,1000 -70.36,48.34,1000 -70.43,48.36,1000 -70.53,48.40,1000 -70.60,48.43,1000 -70.67,48.48,1000 -70.76,48.53,1000 -70.84,48.58,1000 -70.91,48.63,1000 -70.97,48.67,1000 -71.03,48.74,1000 -71.04,48.79,1000 -71.05,48.85,1000 -71.05,48.91,1000 -71.04,48.96,1000 -71.02,49.03,1000 -71.00,49.08,1000 -70.99,49.15,1000 -70.96,49.21,1000 -70.94,49.28,1000 -70.93,49.33,1000 -70.91,49.40,1000 -70.90,49.46,1000 -70.91,49.50,1000 -70.94,49.53,1000 -71.03,49.55,1000 -71.10,49.56,1000 -71.19,49.56,1000 -71.29,49.57,1000 -71.40,49.57,1000 -71.50,49.58,1000 -71.61,49.59,1000 -71.72,49.61,1000 -71.83,49.62,1000 -71.93,49.64,1000 -72.01,49.66,1000 -72.08,49.70,1000 -72.10,49.75,1000 -72.10,49.80,1000 -72.08,49.85,1000 -72.04,49.90,1000 -72.00,49.95,1000 -71.96,50.00,1000 -71.93,50.05,1000 -71.88,50.10,1000 -71.84,50.16,1000 -71.56,50.32,1000 
          </coordinates>
        </LinearRing>
      </innerBoundaryIs>
      <innerBoundaryIs>
        <LinearRing>
          <coordinates>
-71.35,48.21,1000 -71.29,48.21,1000 -71.22,48.21,1000 -71.16,48.21,1000 -71.10,48.22,1000 -71.03,48.22,1000 -70.97,48.22,1000 -70.90,48.22,1000 -70.84,48.22,1000 -70.77,48.22,1000 -70.71,48.23,1000 -70.64,48.23,1000 -70.57,48.24,1000 -70.50,48.24,1000 -70.44,48.24,1000 -70.38,48.24,1000 -70.33,48.23,1000 -70.28,48.21,1000 -70.23,48.18,1000 -70.19,48.15,1000 -70.16,48.12,1000 -70.14,48.08,1000 -70.12,48.05,1000 -70.10,48.01,1000 -70.09,47.97,1000 -70.09,47.93,1000 -70.09,47.90,1000 -70.10,47.87,1000 -70.12,47.84,1000 -70.16,47.82,1000 -70.20,47.79,1000 -70.22,47.76,1000 -70.25,47.73,1000 -70.28,47.69,1000 -70.31,47.65,1000 -70.34,47.61,1000 -70.37,47.57,1000 -70.40,47.53,1000 -70.42,47.50,1000 -70.45,47.46,1000 -70.48,47.42,1000 -70.51,47.38,1000 -70.54,47.34,1000 -70.58,47.31,1000 -70.62,47.28,1000 -70.66,47.25,1000 -70.70,47.22,1000 -70.75,47.19,1000 -70.79,47.16,1000 -70.84,47.14,1000 -70.88,47.12,1000 -70.93,47.10,1000 -70.98,47.08,1000 -71.02,47.07,1000 -71.07,47.07,1000 -71.14,47.07,1000 -71.19,47.08,1000 -71.24,47.09,1000 -71.30,47.10,1000 -71.36,47.11,1000 -71.42,47.13,1000 -71.48,47.14,1000 -71.53,47.16,1000 -71.58,47.18,1000 -71.62,47.20,1000 -71.67,47.23,1000 -71.70,47.26,1000 -71.72,47.30,1000 -71.74,47.33,1000 -71.76,47.37,1000 -71.77,47.40,1000 -71.78,47.44,1000 -71.79,47.48,1000 -71.79,47.52,1000 -71.78,47.57,1000 -71.77,47.61,1000 -71.76,47.65,1000 -71.75,47.69,1000 -71.74,47.73,1000 -71.73,47.78,1000 -71.71,47.82,1000 -71.69,47.86,1000 -71.67,47.90,1000 -71.65,47.94,1000 -71.63,47.98,1000 -71.60,48.02,1000 -71.58,48.06,1000 -71.35,48.21,1000 
          </coordinates>
        </LinearRing>
      </innerBoundaryIs>
      <innerBoundaryIs>
        <LinearRing>
          <coordinates>
-72.91,49.11,1000 -72.88,49.06,1000 -72.85,49.01,1000 -72.82,48.96,1000 -72.80,48.91,1000 -72.77,48.86,1000 -72.75,48.82,1000 -72.73,48.78,1000 -72.70,48.72,1000 -72.68,48.67,1000 -72.66,48.63,1000 -72.65,48.58,1000 -72.64,48.54,1000 -72.63,48.49,1000 -72.63,48.45,1000 -72.63,48.40,1000 -72.65,48.35,1000 -72.67,48.31,1000 -72.71,48.26,1000 -72.75,48.21,1000 -72.79,48.15,1000 -72.84,48.10,1000 -72.88,48.06,1000 -72.92,48.02,1000 -72.97,47.98,1000 -73.03,47.95,1000 -73.08,47.92,1000 -73.14,47.90,1000 -73.19,47.88,1000 -73.26,47.86,1000 -73.32,47.84,1000 -73.39,47.83,1000 -73.47,47.83,1000 -73.54,47.84,1000 -73.62,47.85,1000 -73.70,47.86,1000 -73.78,47.88,1000 -73.86,47.89,1000 -73.93,47.90,1000 -73.99,47.91,1000 -74.06,47.92,1000 -74.13,47.92,1000 -74.21,47.91,1000 -74.27,47.89,1000 -74.33,47.87,1000 -74.40,47.84,1000 -74.48,47.81,1000 -74.55,47.78,1000 -74.61,47.76,1000 -74.68,47.73,1000 -74.73,47.72,1000 -74.82,47.71,1000 -74.88,47.72,1000 -74.94,47.74,1000 -75.00,47.77,1000 -75.05,47.80,1000 -75.10,47.83,1000 -75.15,47.87,1000 -75.20,47.90,1000 -75.24,47.94,1000 -75.28,47.98,1000 -75.32,48.03,1000 -75.35,48.08,1000 -75.35,48.12,1000 -75.32,48.16,1000 -75.27,48.20,1000 -75.20,48.23,1000 -75.14,48.27,1000 -75.09,48.30,1000 -75.03,48.32,1000 -74.98,48.35,1000 -74.92,48.37,1000 -74.86,48.40,1000 -74.80,48.43,1000 -74.75,48.45,1000 -74.69,48.48,1000 -74.63,48.51,1000 -74.56,48.55,1000 -74.52,48.58,1000 -74.47,48.62,1000 -74.43,48.66,1000 -74.38,48.70,1000 -74.33,48.74,1000 -74.28,48.78,1000 -74.23,48.82,1000 -74.18,48.85,1000 -74.12,48.88,1000 -74.05,48.91,1000 -73.99,48.94,1000 -73.92,48.96,1000 -73.85,48.98,1000 -73.78,49.00,1000 -73.70,49.02,1000 -73.63,49.03,1000 -73.55,49.04,1000 -73.48,49.05,1000 -73.39,49.05,1000 -73.31,49.06,1000 -73.23,49.06,1000 -73.14,49.06,1000 -73.06,49.06,1000 -72.91,49.11,1000 
          </coordinates>
        </LinearRing>
      </innerBoundaryIs>
  </Polygon>
 </MultiGeometry>
</Placemark>
<Placemark>
  <name>1%</name>
  <visibility>1</visibility>
  <styleUrl>#poly_1</styleUrl>
  <MultiGeometry>
    <Polygon>
      <outerBoundaryIs>
        <LinearRing>
          <coordinates>
-121.32,47.76,0 -121.29,47.75,0 -121.27,47.75,0 -121.24,47.74,0 -121.21,47.74,0 -121.19,47.73,0 -121.17,47.73,0 -121.15,47.73,0 -121.13,47.72,0 -121.11,47.72,0 -121.08,47.72,0 -121.07,47.72,0 -121.05,47.71,0 -121.04,47.70,0 -121.02,47.69,0 -121.01,47.68,0 -120.99,47.67,0 -120.97,47.66,0 -120.95,47.65,0 -120.93,47.63,0 -120.92,47.62,0 -120.91,47.61,0 -120.90,47.59,0 -120.89,47.58,0 -120.89,47.57,0 -120.89,47.55,0 -120.90,47.54,0 -120.90,47.52,0 -120.91,47.50,0 -120.92,47.49,0 -120.93,47.47,0 -120.94,47.46,0 -120.95,47.44,0 -120.96,47.43,0 -120.97,47.42,0 -120.98,47.40,0 -121.00,47.40,0 -121.02,47.39,0 -121.03,47.38,0 -121.05,47.38,0 -121.07,47.37,0 -121.09,47.36,0 -121.11,47.35,0 -121.13,47.34,0 -121.15,47.33,0 -121.17,47.32,0 -121.19,47.32,0 -121.21,47.32,0 -121.24,47.32,0 -121.26,47.32,0 -121.28,47.33,0 -121.30,47.34,0 -121.32,47.35,0 -121.34,47.36,0 -121.36,47.37,0 -121.37,47.38,0 -121.39,47.39,0 -121.41,47.40,0 -121.43,47.41,0 -121.45,47.42,0 -121.47,47.43,0 -121.48,47.44,0 -121.50,47.45,0 -121.52,47.47,0 -121.53,47.48,0 -121.54,47.49,0 -121.54,47.50,0 -121.54,47.51,0 -121.54,47.53,0 -121.53,47.54,0 -121.52,47.55,0 -121.51,47.57,0 -121.50,47.58,0 -121.49,47.59,0 -121.48,47.61,0 -121.47,47.62,0 -121.46,47.64,0 -121.45,47.65,0 -121.43,47.67,0 -121.42,47.68,0 -121.32,47.76,0 
          </coordinates>
        </LinearRing>
      </outerBoundaryIs>
  </Polygon>
 </MultiGeometry>
</Placemark>
<Placemark>
  <name>1%</name>
  <visibility>1</visibility>
  <styleUrl>#poly_1</styleUrl>
  <MultiGeometry>
    <Polygon>
      <outerBoundaryIs>
        <LinearRing>
          <coordinates>
-66.16,49.28,0 -66.13,49.28,0 -66.09,49.29,0 -66.06,49.29,0 -66.03,49.29,0 -65.99,49.29,0 -65.96,49.29,0 -65.93,49.29,0 -65.90,49.28,0 -65.87,49.27,0 -65.84,49.26,0 -65.82,49.25,0 -65.79,49.23,0 -65.76,49.22,0 -65.74,49.20,0 -65.71,49.19,0 -65.70,49.18,0 -65.68,49.17,0 -65.66,49.16,0 -65.66,49.15,0 -65.65,49.14,0 -65.64,49.12,0 -65.63,49.10,0 -65.61,49.08,0 -65.60,49.06,0 -65.59,49.03,0 -65.58,49.01,0 -65.57,48.99,0 -65.57,48.97,0 -65.57,48.95,0 -65.58,48.93,0 -65.59,48.91,0 -65.60,48.89,0 -65.61,48.87,0 -65.63,48.86,0 -65.64,48.84,0 -65.66,48.82,0 -65.67,48.81,0 -65.69,48.79,0 -65.71,48.78,0 -65.73,48.76,0 -65.76,48.75,0 -65.79,48.74,0 -65.82,48.73,0 -65.84,48.72,0 -65.87,48.72,0 -65.90,48.72,0 -65.93,48.71,0 -65.97,48.71,0 -66.00,48.71,0 -66.03,48.71,0 -66.06,48.71,0 -66.09,48.71,0 -66.12,48.71,0 -66.15,48.71,0 -66.19,48.72,0 -66.22,48.72,0 -66.25,48.73,0 -66.28,48.74,0 -66.30,48.75,0 -66.33,48.76,0 -66.35,48.77,0 -66.37,48.79,0 -66.39,48.80,0 -66.41,48.82,0 -66.42,48.84,0 -66.44,48.86,0 -66.45,48.88,0 -66.46,48.89,0 -66.47,48.91,0 -66.48,48.93,0 -66.49,48.95,0 -66.49,48.97,0 -66.49,48.99,0 -66.49,49.01,0 -66.48,49.03,0 -66.47,49.05,0 -66.46,49.07,0 -66.45,49.09,0 -66.44,49.11,0 -66.42,49.12,0 -66.41,49.14,0 -66.39,49.16,0 -66.37,49.17,0 -66.35,49.19,0 -66.33,49.21,0 -66.30,49.22,0 -66.28,49.24,0 -66.16,49.28,0 
          </coordinates>
        </LinearRing>
      </outerBoundaryIs>
  </Polygon>
 </MultiGeometry>
</Placemark>
<Placemark>
  <name>1%</name>
  <visibility>1</visibility>
  <styleUrl>#poly_1</styleUrl>
  <MultiGeometry>
    <Polygon>
      <outerBoundaryIs>
        <LinearRing>
          <coordinates>
-73.04,43.29,0 -73.02,43.28,0 -73.00,43.27,0 -72.98,43.26,0 -72.96,43.25,0 -72.94,43.24,0 -72.92,43.23,0 -72.91,43.23,0 -72.89,43.22,0 -72.88,43.21,0 -72.86,43.20,0 -72.85,43.19,0 -72.84,43.18,0 -72.83,43.16,0 -72.82,43.15,0 -72.81,43.13,0 -72.80,43.12,0 -72.79,43.10,0 -72.78,43.09,0 -72.78,43.07,0 -72.77,43.05,0 -72.77,43.04,0 -72.77,43.02,0 -72.78,43.00,0 -72.79,42.99,0 -72.80,42.97,0 -72.81,42.96,0 -72.83,42.94,0 -72.85,42.93,0 -72.86,42.91,0 -72.88,42.90,0 -72.89,42.89,0 -72.91,42.88,0 -72.91,42.87,0 -72.93,42.87,0 -72.95,42.86,0 -72.97,42.86,0 -72.99,42.85,0 -73.01,42.84,0 -73.03,42.84,0 -73.06,42.83,0 -73.08,42.82,0 -73.10,42.82,0 -73.13,42.82,0 -73.15,42.82,0 -73.17,42.82,0 -73.19,42.83,0 -73.21,42.84,0 -73.23,42.85,0 -73.25,42.87,0 -73.27,42.88,0 -73.29,42.89,0 -73.31,42.90,0 -73.32,42.91,0 -73.34,42.92,0 -73.35,42.93,0 -73.36,42.95,0 -73.37,42.96,0 -73.38,42.97,0 -73.39,42.99,0 -73.40,43.01,0 -73.40,43.02,0 -73.41,43.04,0 -73.42,43.06,0 -73.42,43.07,0 -73.42,43.09,0 -73.41,43.11,0 -73.40,43.12,0 -73.39,43.14,0 -73.38,43.15,0 -73.36,43.17,0 -73.34,43.18,0 -73.33,43.20,0 -73.31,43.21,0 -73.30,43.22,0 -73.28,43.24,0 -73.26,43.24,0 -73.25,43.25,0 -73.24,43.25,0 -73.04,43.29,0 
          </coordinates>
        </LinearRing>
      </outerBoundaryIs>
  </Polygon>
 </MultiGeometry>
</Placemark>
<Placemark>
  <name>1%</name>
  <visibility>1</visibility>
  <styleUrl>#poly_1</styleUrl>
  <MultiGeometry>
    <Polygon>
      <outerBoundaryIs>
        <LinearRing>
          <coordinates>
-123.36,40.33,0 -123.33,40.34,0 -123.30,40.35,0 -123.27,40.36,0 -123.24,40.37,0 -123.20,40.38,0 -123.17,40.38,0 -123.14,40.39,0 -123.11,40.40,0 -123.08,40.40,0 -123.04,40.41,0 -123.01,40.41,0 -122.98,40.41,0 -122.94,40.41,0 -122.91,40.41,0 -122.88,40.40,0 -122.85,40.39,0 -122.82,40.38,0 -122.79,40.37,0 -122.76,40.36,0 -122.73,40.34,0 -122.70,40.33,0 -122.68,40.32,0 -122.66,40.31,0 -122.64,40.30,0 -122.64,40.28,0 -122.62,40.27,0 -122.60,40.25,0 -122.58,40.23,0 -122.55,40.21,0 -122.53,40.19,0 -122.50,40.17,0 -122.49,40.15,0 -122.48,40.13,0 -122.48,40.10,0 -122.48,40.08,0 -122.48,40.05,0 -122.48,40.02,0 -122.49,40.00,0 -122.49,39.98,0 -122.50,39.95,0 -122.50,39.94,0 -122.52,39.92,0 -122.54,39.90,0 -122.56,39.89,0 -122.58,39.87,0 -122.60,39.85,0 -122.62,39.83,0 -122.65,39.81,0 -122.68,39.80,0 -122.70,39.78,0 -122.73,39.77,0 -122.76,39.76,0 -122.78,39.75,0 -122.81,39.75,0 -122.84,39.74,0 -122.87,39.74,0 -122.90,39.74,0 -122.93,39.73,0 -122.96,39.73,0 -122.99,39.73,0 -123.03,39.72,0 -123.06,39.72,0 -123.09,39.72,0 -123.13,39.72,0 -123.16,39.72,0 -123.19,39.73,0 -123.22,39.74,0 -123.24,39.75,0 -123.27,39.76,0 -123.30,39.77,0 -123.33,39.78,0 -123.35,39.80,0 -123.37,39.81,0 -123.39,39.83,0 -123.41,39.85,0 -123.42,39.87,0 -123.43,39.89,0 -123.44,39.91,0 -123.45,39.93,0 -123.46,39.96,0 -123.46,39.98,0 -123.47,40.00,0 -123.47,40.02,0 -123.48,40.04,0 -123.48,40.07,0 -123.48,40.09,0 -123.48,40.11,0 -123.48,40.13,0 -123.48,40.16,0 -123.48,40.18,0 -123.36,40.33,0 
          </coordinates>
        </LinearRing>
      </outerBoundaryIs>
      <innerBoundaryIs>
        <LinearRing>
          <coordinates>
-123.11,40.30,1000 -123.08,40.30,1000 -123.06,40.30,1000 -123.03,40.29,1000 -123.00,40.29,1000 -122.98,40.29,1000 -122.96,40.29,1000 -122.94,40.29,1000 -122.92,40.28,1000 -122.90,40.28,1000 -122.88,40.28,1000 -122.87,40.28,1000 -122.86,40.28,1000 -122.85,40.27,1000 -122.84,40.26,1000 -122.82,40.25,1000 -122.80,40.24,1000 -122.79,40.23,1000 -122.77,40.22,1000 -122.75,40.20,1000 -122.73,40.19,1000 -122.71,40.17,1000 -122.70,40.16,1000 -122.69,40.14,1000 -122.68,40.13,1000 -122.67,40.11,1000 -122.67,40.10,1000 -122.67,40.08,1000 -122.67,40.06,1000 -122.68,40.04,1000 -122.68,40.02,1000 -122.69,40.00,1000 -122.69,39.98,1000 -122.70,39.97,1000 -122.71,39.95,1000 -122.71,39.94,1000 -122.72,39.92,1000 -122.72,39.91,1000 -122.73,39.90,1000 -122.75,39.89,1000 -122.77,39.88,1000 -122.79,39.87,1000 -122.80,39.87,1000 -122.82,39.86,1000 -122.84,39.85,1000 -122.87,39.84,1000 -122.89,39.84,1000 -122.91,39.83,1000 -122.94,39.82,1000 -122.96,39.82,1000 -122.98,39.82,1000 -123.00,39.82,1000 -123.03,39.82,1000 -123.05,39.83,1000 -123.07,39.83,1000 -123.09,39.84,1000 -123.12,39.85,1000 -123.14,39.86,1000 -123.15,39.86,1000 -123.17,39.87,1000 -123.19,39.88,1000 -123.21,39.89,1000 -123.22,39.90,1000 -123.24,39.92,1000 -123.25,39.93,1000 -123.26,39.94,1000 -123.28,39.95,1000 -123.29,39.97,1000 -123.31,39.98,1000 -123.32,39.99,1000 -123.33,40.01,1000 -123.34,40.02,1000 -123.34,40.03,1000 -123.34,40.05,1000 -123.33,40.07,1000 -123.33,40.08,1000 -123.32,40.10,1000 -123.31,40.12,1000 -123.30,40.13,1000 -123.29,40.15,1000 -123.28,40.16,1000 -123.27,40.17,1000 -123.26,40.19,1000 -123.25,40.20,1000 -123.24,40.21,1000 -123.11,40.30,1000 
          </coordinates>
        </LinearRing>
      </innerBoundaryIs>
  </Polygon>
 </MultiGeometry>
</Placemark>
<Placemark>
  <name>1%</name>
  <visibility>1</visibility>
  <styleUrl>#poly_1</styleUrl>
  <MultiGeometry>
    <Polygon>
      <outerBoundaryIs>
        <LinearRing>
          <coordinates>
-68.06,48.14,0 -68.02,48.14,0 -67.97,48.13,0 -67.93,48.13,0 -67.90,48.13,0 -67.86,48.13,0 -67.83,48.12,0 -67.81,48.12,0 -67.78,48.12,0 -67.77,48.09,0 -67.76,48.08,0 -67.75,48.06,0 -67.74,48.04,0 -67.73,48.01,0 -67.72,47.99,0 -67.71,47.97,0 -67.70,47.94,0 -67.69,47.92,0 -67.69,47.90,0 -67.69,47.88,0 -67.69,47.85,0 -67.70,47.83,0 -67.71,47.81,0 -67.72,47.78,0 -67.73,47.76,0 -67.74,47.74,0 -67.75,47.72,0 -67.76,47.70,0 -67.78,47.68,0 -67.79,47.65,0 -67.81,47.63,0 -67.83,47.61,0 -67.84,47.60,0 -67.86,47.58,0 -67.88,47.56,0 -67.91,47.54,0 -67.93,47.53,0 -67.96,47.52,0 -68.00,47.51,0 -68.03,47.50,0 -68.06,47.50,0 -68.09,47.49,0 -68.13,47.49,0 -68.16,47.49,0 -68.20,47.48,0 -68.23,47.49,0 -68.26,47.49,0 -68.29,47.50,0 -68.32,47.51,0 -68.35,47.53,0 -68.38,47.54,0 -68.41,47.56,0 -68.43,47.58,0 -68.45,47.60,0 -68.47,47.61,0 -68.49,47.63,0 -68.51,47.64,0 -68.51,47.66,0 -68.52,47.68,0 -68.53,47.70,0 -68.53,47.72,0 -68.54,47.74,0 -68.55,47.76,0 -68.55,47.78,0 -68.56,47.81,0 -68.56,47.83,0 -68.56,47.85,0 -68.56,47.87,0 -68.55,47.90,0 -68.54,47.92,0 -68.53,47.95,0 -68.52,47.97,0 -68.51,47.99,0 -68.49,48.01,0 -68.47,48.03,0 -68.45,48.04,0 -68.42,48.06,0 -68.39,48.07,0 -68.36,48.08,0 -68.33,48.09,0 -68.30,48.10,0 -68.27,48.10,0 -68.24,48.11,0 -68.20,48.12,0 -68.17,48.12,0 -68.14,48.13,0 -68.10,48.13,0 -68.06,48.14,0 
          </coordinates>
        </LinearRing>
      </outerBoundaryIs>
  </Polygon>
 </MultiGeometry>
</Placemark>
<Placemark>
  <name>1%</name>
  <visibility>1</visibility>
  <styleUrl>#poly_1</styleUrl>
  <MultiGeometry>
    <Polygon>
      <outerBoundaryIs>
        <LinearRing>
          <coordinates>
-122.15,47.13,0 -122.11,47.15,0 -122.06,47.17,0 -122.01,47.19,0 -121.97,47.21,0 -121.92,47.22,0 -121.87,47.23,0 -121.82,47.23,0 -121.77,47.24,0 -121.72,47.23,0 -121.67,47.23,0 -121.62,47.22,0 -121.57,47.20,0 -121.53,47.19,0 -121.49,47.16,0 -121.46,47.14,0 -121.43,47.11,0 -121.40,47.08,0 -121.37,47.04,0 -121.35,47.01,0 -121.34,46.97,0 -121.33,46.94,0 -121.32,46.90,0 -121.31,46.86,0 -121.31,46.84,0 -121.30,46.82,0 -121.27,46.80,0 -121.24,46.78,0 -121.19,46.75,0 -121.15,46.72,0 -121.12,46.69,0 -121.09,46.66,0 -121.07,46.63,0 -121.06,46.60,0 -121.04,46.56,0 -121.03,46.53,0 -121.02,46.50,0 -121.02,46.46,0 -121.02,46.42,0 -121.02,46.39,0 -121.03,46.36,0 -121.05,46.33,0 -121.07,46.30,0 -121.10,46.27,0 -121.14,46.25,0 -121.18,46.23,0 -121.22,46.21,0 -121.26,46.19,0 -121.31,46.18,0 -121.36,46.17,0 -121.41,46.16,0 -121.46,46.16,0 -121.51,46.16,0 -121.56,46.16,0 -121.61,46.17,0 -121.66,46.18,0 -121.71,46.20,0 -121.75,46.23,0 -121.79,46.26,0 -121.81,46.29,0 -121.83,46.32,0 -121.84,46.36,0 -121.86,46.39,0 -121.87,46.42,0 -121.90,46.44,0 -121.95,46.46,0 -121.99,46.48,0 -122.04,46.50,0 -122.10,46.52,0 -122.14,46.55,0 -122.17,46.58,0 -122.19,46.61,0 -122.21,46.64,0 -122.23,46.68,0 -122.24,46.71,0 -122.25,46.74,0 -122.27,46.78,0 -122.27,46.81,0 -122.28,46.85,0 -122.28,46.88,0 -122.28,46.92,0 -122.27,46.95,0 -122.25,46.99,0 -122.24,47.02,0 -122.22,47.06,0 -122.15,47.13,0 
          </coordinates>
        </LinearRing>
      </outerBoundaryIs>
      <innerBoundaryIs>
        <LinearRing>
          <coordinates>
-122.09,46.95,1000 -122.07,46.97,1000 -122.04,46.99,1000 -122.02,47.01,1000 -121.99,47.03,1000 -121.96,47.05,1000 -121.94,47.06,1000 -121.91,47.07,1000 -121.88,47.08,1000 -121.84,47.09,1000 -121.81,47.09,1000 -121.77,47.08,1000 -121.72,47.08,1000 -121.69,47.07,1000 -121.65,47.07,1000 -121.62,47.06,1000 -121.58,47.05,1000 -121.56,47.04,1000 -121.53,47.03,1000 -121.51,47.01,1000 -121.49,46.99,1000 -121.48,46.97,1000 -121.46,46.95,1000 -121.45,46.93,1000 -121.44,46.90,1000 -121.43,46.88,1000 -121.43,46.85,1000 -121.42,46.83,1000 -121.42,46.81,1000 -121.41,46.78,1000 -121.41,46.76,1000 -121.41,46.73,1000 -121.41,46.71,1000 -121.41,46.68,1000 -121.40,46.66,1000 -121.39,46.64,1000 -121.37,46.61,1000 -121.35,46.59,1000 -121.33,46.57,1000 -121.31,46.54,1000 -121.30,46.52,1000 -121.30,46.50,1000 -121.31,46.48,1000 -121.32,46.45,1000 -121.33,46.43,1000 -121.35,46.40,1000 -121.38,46.38,1000 -121.40,46.37,1000 -121.42,46.36,1000 -121.45,46.36,1000 -121.48,46.38,1000 -121.51,46.40,1000 -121.54,46.42,1000 -121.57,46.44,1000 -121.60,46.46,1000 -121.63,46.47,1000 -121.66,46.48,1000 -121.68,46.49,1000 -121.71,46.50,1000 -121.74,46.51,1000 -121.77,46.53,1000 -121.80,46.54,1000 -121.83,46.56,1000 -121.86,46.58,1000 -121.89,46.59,1000 -121.92,46.60,1000 -121.95,46.61,1000 -121.97,46.63,1000 -122.00,46.64,1000 -122.03,46.65,1000 -122.05,46.67,1000 -122.08,46.69,1000 -122.10,46.71,1000 -122.12,46.73,1000 -122.13,46.75,1000 -122.13,46.77,1000 -122.13,46.80,1000 -122.14,46.82,1000 -122.13,46.85,1000 -122.13,46.87,1000 -122.13,46.90,1000 -122.09,46.95,1000 
          </coordinates>
        </LinearRing>
      </innerBoundaryIs>
  </Polygon>
 </MultiGeometry>
</Placemark>
<Placemark>
  <name>1%</name>
  <visibility>1</visibility>
  <styleUrl>#poly_1</styleUrl>
  <MultiGeometry>
    <Polygon>
      <outerBoundaryIs>
        <LinearRing>
          <coordinates>
-109.81,48.27,0 -109.80,48.28,0 -109.78,48.28,0 -109.77,48.28,0 -109.76,48.29,0 -109.74,48.29,0 -109.73,48.30,0 -109.72,48.30,0 -109.71,48.31,0 -109.69,48.31,0 -109.68,48.32,0 -109.67,48.32,0 -109.66,48.32,0 -109.64,48.32,0 -109.63,48.33,0 -109.62,48.33,0 -109.61,48.33,0 -109.60,48.33,0 -109.59,48.33,0 -109.58,48.33,0 -109.57,48.33,0 -109.56,48.33,0 -109.55,48.33,0 -109.53,48.32,0 -109.52,48.32,0 -109.51,48.31,0 -109.50,48.30,0 -109.49,48.30,0 -109.48,48.29,0 -109.47,48.28,0 -109.46,48.27,0 -109.45,48.27,0 -109.45,48.26,0 -109.44,48.25,0 -109.44,48.24,0 -109.43,48.24,0 -109.43,48.23,0 -109.43,48.22,0 -109.43,48.21,0 -109.43,48.21,0 -109.44,48.20,0 -109.44,48.19,0 -109.45,48.18,0 -109.46,48.17,0 -109.46,48.17,0 -109.47,48.16,0 -109.48,48.15,0 -109.49,48.14,0 -109.51,48.14,0 -109.52,48.13,0 -109.53,48.13,0 -109.54,48.13,0 -109.55,48.13,0 -109.56,48.12,0 -109.57,48.12,0 -109.58,48.12,0 -109.60,48.12,0 -109.61,48.12,0 -109.63,48.12,0 -109.64,48.12,0 -109.65,48.12,0 -109.67,48.12,0 -109.68,48.12,0 -109.70,48.12,0 -109.71,48.12,0 -109.72,48.12,0 -109.74,48.12,0 -109.75,48.12,0 -109.76,48.13,0 -109.77,48.13,0 -109.78,48.13,0 -109.79,48.13,0 -109.81,48.13,0 -109.82,48.14,0 -109.83,48.14,0 -109.84,48.15,0 -109.85,48.16,0 -109.85,48.17,0 -109.85,48.17,0 -109.86,48.18,0 -109.86,48.19,0 -109.81,48.27,0 
          </coordinates>
        </LinearRing>
      </outerBoundaryIs>
  </Polygon>
 </MultiGeometry>
</Placemark>
<Placemark>
  <name>1%</name>
  <visibility>1</visibility>
  <styleUrl>#poly_1</styleUrl>
  <MultiGeometry>
    <Polygon>
      <outerBoundaryIs>
        <LinearRing>
          <coordinates>
-71.26,44.68,0 -71.23,44.67,0 -71.20,44.65,0 -71.17,44.64,0 -71.15,44.62,0 -71.12,44.60,0 -71.10,44.59,0 -71.07,44.57,0 -71.05,44.55,0 -71.03,44.53,0 -71.01,44.51,0 -70.99,44.48,0 -70.97,44.46,0 -70.95,44.43,0 -70.94,44.41,0 -70.93,44.38,0 -70.92,44.36,0 -70.92,44.33,0 -70.91,44.31,0 -70.92,44.29,0 -70.92,44.26,0 -70.93,44.24,0 -70.94,44.21,0 -70.95,44.19,0 -70.96,44.17,0 -70.98,44.14,0 -71.00,44.11,0 -71.02,44.09,0 -71.04,44.07,0 -71.06,44.05,0 -71.08,44.03,0 -71.11,44.01,0 -71.13,44.00,0 -71.15,43.99,0 -71.19,43.98,0 -71.22,43.97,0 -71.25,43.97,0 -71.29,43.96,0 -71.33,43.96,0 -71.37,43.95,0 -71.40,43.95,0 -71.44,43.95,0 -71.47,43.95,0 -71.51,43.95,0 -71.54,43.96,0 -71.58,43.96,0 -71.61,43.97,0 -71.64,43.98,0 -71.67,43.99,0 -71.70,44.01,0 -71.73,44.02,0 -71.76,44.05,0 -71.78,44.07,0 -71.80,44.09,0 -71.81,44.12,0 -71.82,44.14,0 -71.82,44.17,0 -71.81,44.19,0 -71.81,44.22,0 -71.80,44.25,0 -71.80,44.27,0 -71.79,44.30,0 -71.78,44.32,0 -71.78,44.35,0 -71.77,44.37,0 -71.77,44.39,0 -71.76,44.42,0 -71.75,44.44,0 -71.73,44.46,0 -71.71,44.48,0 -71.68,44.50,0 -71.65,44.52,0 -71.62,44.55,0 -71.59,44.57,0 -71.56,44.58,0 -71.54,44.60,0 -71.52,44.61,0 -71.50,44.61,0 -71.26,44.68,0 
          </coordinates>
        </LinearRing>
      </outerBoundaryIs>
      <innerBoundaryIs>
        <LinearRing>
          <coordinates>
-71.31,44.47,1000 -71.30,44.46,1000 -71.28,44.46,1000 -71.27,44.45,1000 -71.26,44.45,1000 -71.25,44.44,1000 -71.24,44.43,1000 -71.23,44.41,1000 -71.22,44.40,1000 -71.22,44.39,1000 -71.21,44.38,1000 -71.21,44.37,1000 -71.20,44.36,1000 -71.20,44.34,1000 -71.19,44.33,1000 -71.19,44.32,1000 -71.18,44.30,1000 -71.18,44.29,1000 -71.18,44.28,1000 -71.18,44.26,1000 -71.18,44.25,1000 -71.18,44.24,1000 -71.18,44.23,1000 -71.19,44.22,1000 -71.20,44.21,1000 -71.21,44.20,1000 -71.22,44.19,1000 -71.23,44.18,1000 -71.25,44.17,1000 -71.27,44.16,1000 -71.28,44.16,1000 -71.30,44.15,1000 -71.32,44.14,1000 -71.34,44.14,1000 -71.35,44.13,1000 -71.37,44.13,1000 -71.39,44.13,1000 -71.40,44.13,1000 -71.41,44.13,1000 -71.43,44.14,1000 -71.44,44.14,1000 -71.46,44.15,1000 -71.47,44.16,1000 -71.49,44.17,1000 -71.50,44.18,1000 -71.51,44.19,1000 -71.53,44.20,1000 -71.54,44.21,1000 -71.55,44.23,1000 -71.56,44.24,1000 -71.56,44.25,1000 -71.57,44.26,1000 -71.57,44.27,1000 -71.57,44.28,1000 -71.57,44.29,1000 -71.56,44.30,1000 -71.56,44.31,1000 -71.55,44.32,1000 -71.54,44.33,1000 -71.53,44.34,1000 -71.52,44.35,1000 -71.51,44.36,1000 -71.50,44.38,1000 -71.49,44.39,1000 -71.47,44.40,1000 -71.46,44.41,1000 -71.44,44.42,1000 -71.43,44.43,1000 -71.31,44.47,1000 
          </coordinates>
        </LinearRing>
      </innerBoundaryIs>
  </Polygon>
 </MultiGeometry>
</Placemark>
<Placemark>
  <name>5%</name>
  <visibility>1</visibility>
  <styleUrl>#poly_5</styleUrl>
  <MultiGeometry>
    <Polygon>
      <outerBoundaryIs>
        <LinearRing>
          <coordinates>
-123.11,40.30,1000 -123.08,40.30,1000 -123.06,40.30,1000 -123.03,40.29,1000 -123.00,40.29,1000 -122.98,40.29,1000 -122.96,40.29,1000 -122.94,40.29,1000 -122.92,40.28,1000 -122.90,40.28,1000 -122.88,40.28,1000 -122.87,40.28,1000 -122.86,40.28,1000 -122.85,40.27,1000 -122.84,40.26,1000 -122.82,40.25,1000 -122.80,40.24,1000 -122.79,40.23,1000 -122.77,40.22,1000 -122.75,40.20,1000 -122.73,40.19,1000 -122.71,40.17,1000 -122.70,40.16,1000 -122.69,40.14,1000 -122.68,40.13,1000 -122.67,40.11,1000 -122.67,40.10,1000 -122.67,40.08,1000 -122.67,40.06,1000 -122.68,40.04,1000 -122.68,40.02,1000 -122.69,40.00,1000 -122.69,39.98,1000 -122.70,39.97,1000 -122.71,39.95,1000 -122.71,39.94,1000 -122.72,39.92,1000 -122.72,39.91,1000 -122.73,39.90,1000 -122.75,39.89,1000 -122.77,39.88,1000 -122.79,39.87,1000 -122.80,39.87,1000 -122.82,39.86,1000 -122.84,39.85,1000 -122.87,39.84,1000 -122.89,39.84,1000 -122.91,39.83,1000 -122.94,39.82,1000 -122.96,39.82,1000 -122.98,39.82,1000 -123.00,39.82,1000 -123.03,39.82,1000 -123.05,39.83,1000 -123.07,39.83,1000 -123.09,39.84,1000 -123.12,39.85,1000 -123.14,39.86,1000 -123.15,39.86,1000 -123.17,39.87,1000 -123.19,39.88,1000 -123.21,39.89,1000 -123.22,39.90,1000 -123.24,39.92,1000 -123.25,39.93,1000 -123.26,39.94,1000 -123.28,39.95,1000 -123.29,39.97,1000 -123.31,39.98,1000 -123.32,39.99,1000 -123.33,40.01,1000 -123.34,40.02,1000 -123.34,40.03,1000 -123.34,40.05,1000 -123.33,40.07,1000 -123.33,40.08,1000 -123.32,40.10,1000 -123.31,40.12,1000 -123.30,40.13,1000 -123.29,40.15,1000 -123.28,40.16,1000 -123.27,40.17,1000 -123.26,40.19,1000 -123.25,40.20,1000 -123.24,40.21,1000 -123.11,40.30,1000 
          </coordinates>
        </LinearRing>
      </outerBoundaryIs>
      <innerBoundaryIs>
        <LinearRing>
          <coordinates>
-123.08,40.19,2000 -123.06,40.19,2000 -123.05,40.18,2000 -123.03,40.18,2000 -123.02,40.18,2000 -123.00,40.17,2000 -122.99,40.17,2000 -122.98,40.17,2000 -122.96,40.16,2000 -122.95,40.16,2000 -122.93,40.16,2000 -122.92,40.15,2000 -122.91,40.15,2000 -122.90,40.15,2000 -122.89,40.14,2000 -122.87,40.14,2000 -122.86,40.14,2000 -122.85,40.14,2000 -122.85,40.13,2000 -122.84,40.13,2000 -122.83,40.13,2000 -122.81,40.12,2000 -122.80,40.12,2000 -122.80,40.12,2000 -122.80,40.11,2000 -122.80,40.11,2000 -122.80,40.10,2000 -122.80,40.09,2000 -122.80,40.09,2000 -122.82,40.07,2000 -122.83,40.06,2000 -122.83,40.06,2000 -122.84,40.05,2000 -122.85,40.04,2000 -122.85,40.04,2000 -122.86,40.03,2000 -122.87,40.02,2000 -122.88,40.01,2000 -122.89,40.00,2000 -122.90,39.99,2000 -122.91,39.98,2000 -122.92,39.97,2000 -122.93,39.96,2000 -122.94,39.95,2000 -122.95,39.95,2000 -122.96,39.94,2000 -122.97,39.93,2000 -122.98,39.93,2000 -122.99,39.92,2000 -123.00,39.92,2000 -123.01,39.92,2000 -123.02,39.92,2000 -123.03,39.92,2000 -123.04,39.92,2000 -123.05,39.93,2000 -123.06,39.93,2000 -123.07,39.93,2000 -123.08,39.94,2000 -123.09,39.94,2000 -123.10,39.95,2000 -123.11,39.96,2000 -123.12,39.97,2000 -123.13,39.97,2000 -123.14,39.98,2000 -123.15,39.99,2000 -123.16,40.00,2000 -123.17,40.01,2000 -123.18,40.02,2000 -123.19,40.03,2000 -123.20,40.04,2000 -123.08,40.19,2000 
          </coordinates>
        </LinearRing>
      </innerBoundaryIs>
  </Polygon>
 </MultiGeometry>
</Placemark>
<Placemark>
  <name>5%</name>
  <visibility>1</visibility>
  <styleUrl>#poly_5</styleUrl>
  <MultiGeometry>
    <Polygon>
      <outerBoundaryIs>
        <LinearRing>
          <coordinates>
-107.86,45.17,1000 -107.82,45.16,1000 -107.77,45.14,1000 -107.73,45.13,1000 -107.70,45.12,1000 -107.66,45.11,1000 -107.61,45.10,1000 -107.57,45.08,1000 -107.53,45.05,1000 -107.49,45.02,1000 -107.44,44.99,1000 -107.41,44.97,1000 -107.37,44.94,1000 -107.34,44.91,1000 -107.31,44.89,1000 -107.26,44.86,1000 -107.22,44.84,1000 -107.18,44.81,1000 -107.15,44.78,1000 -107.12,44.76,1000 -107.09,44.73,1000 -107.07,44.71,1000 -107.03,44.68,1000 -107.00,44.65,1000 -106.98,44.62,1000 -106.96,44.59,1000 -106.93,44.55,1000 -106.91,44.52,1000 -106.90,44.48,1000 -106.89,44.45,1000 -106.89,44.41,1000 -106.89,44.38,1000 -106.89,44.34,1000 -106.90,44.31,1000 -106.91,44.27,1000 -106.94,44.24,1000 -106.96,44.21,1000 -107.00,44.18,1000 -107.04,44.16,1000 -107.09,44.15,1000 -107.14,44.13,1000 -107.19,44.12,1000 -107.24,44.12,1000 -107.29,44.12,1000 -107.34,44.13,1000 -107.39,44.13,1000 -107.44,44.15,1000 -107.48,44.16,1000 -107.53,44.18,1000 -107.57,44.20,1000 -107.60,44.23,1000 -107.64,44.26,1000 -107.67,44.29,1000 -107.70,44.32,1000 -107.72,44.36,1000 -107.74,44.39,1000 -107.76,44.41,1000 -107.78,44.43,1000 -107.80,44.45,1000 -107.84,44.47,1000 -107.88,44.50,1000 -107.92,44.53,1000 -107.95,44.56,1000 -107.98,44.58,1000 -108.01,44.61,1000 -108.03,44.63,1000 -108.06,44.65,1000 -108.10,44.68,1000 -108.13,44.71,1000 -108.16,44.75,1000 -108.17,44.78,1000 -108.19,44.82,1000 -108.19,44.85,1000 -108.19,44.89,1000 -108.19,44.92,1000 -108.17,44.96,1000 -108.15,45.00,1000 -108.12,45.03,1000 -108.09,45.06,1000 -108.04,45.09,1000 -108.00,45.10,1000 -107.86,45.17,1000 
          </coordinates>
        </LinearRing>
      </outerBoundaryIs>
      <innerBoundaryIs>
        <LinearRing>
          <coordinates>
-107.85,45.08,2000 -107.80,45.07,2000 -107.75,45.06,2000 -107.71,45.05,2000 -107.67,45.04,2000 -107.63,45.03,2000 -107.60,45.02,2000 -107.56,45.00,2000 -107.54,44.99,2000 -107.51,44.96,2000 -107.49,44.94,2000 -107.46,44.92,2000 -107.43,44.89,2000 -107.40,44.86,2000 -107.37,44.84,2000 -107.35,44.82,2000 -107.33,44.80,2000 -107.32,44.80,2000 -107.30,44.79,2000 -107.27,44.76,2000 -107.24,44.74,2000 -107.20,44.71,2000 -107.16,44.69,2000 -107.13,44.66,2000 -107.11,44.64,2000 -107.08,44.61,2000 -107.07,44.57,2000 -107.06,44.54,2000 -107.05,44.52,2000 -107.02,44.50,2000 -107.01,44.48,2000 -107.01,44.46,2000 -107.02,44.43,2000 -107.02,44.40,2000 -107.03,44.37,2000 -107.03,44.35,2000 -107.02,44.32,2000 -107.04,44.30,2000 -107.06,44.28,2000 -107.09,44.26,2000 -107.13,44.24,2000 -107.17,44.21,2000 -107.21,44.20,2000 -107.25,44.19,2000 -107.29,44.19,2000 -107.33,44.20,2000 -107.38,44.21,2000 -107.42,44.23,2000 -107.46,44.25,2000 -107.50,44.27,2000 -107.53,44.29,2000 -107.56,44.31,2000 -107.59,44.34,2000 -107.62,44.36,2000 -107.65,44.39,2000 -107.67,44.41,2000 -107.69,44.43,2000 -107.72,44.46,2000 -107.75,44.49,2000 -107.77,44.51,2000 -107.79,44.53,2000 -107.82,44.54,2000 -107.85,44.56,2000 -107.88,44.59,2000 -107.91,44.61,2000 -107.93,44.64,2000 -107.97,44.66,2000 -108.00,44.69,2000 -108.02,44.72,2000 -108.04,44.75,2000 -108.05,44.78,2000 -108.06,44.81,2000 -108.06,44.83,2000 -108.06,44.86,2000 -108.06,44.89,2000 -108.06,44.92,2000 -107.85,45.08,2000 
          </coordinates>
        </LinearRing>
      </innerBoundaryIs>
  </Polygon>
 </MultiGeometry>
</Placemark>
<Placemark>
  <name>5%</name>
  <visibility>1</visibility>
  <styleUrl>#poly_5</styleUrl>
  <MultiGeometry>
    <Polygon>
      <outerBoundaryIs>
        <LinearRing>
          <coordinates>
-121.20,42.90,1000 -121.03,42.98,1000 -120.87,42.95,1000 -120.68,42.86,1000 -120.56,42.74,1000 -120.45,42.61,1000 -120.26,42.48,1000 -120.06,42.42,1000 -119.82,42.36,1000 -119.57,42.32,1000 -119.36,42.27,1000 -119.20,42.15,1000 -119.13,42.03,1000 -119.04,41.89,1000 -118.85,41.74,1000 -118.71,41.60,1000 -118.98,41.44,1000 -119.29,41.39,1000 -119.43,41.32,1000 -119.59,41.15,1000 -119.76,40.96,1000 -119.93,40.81,1000 -120.28,40.78,1000 -120.62,40.72,1000 -120.63,40.57,1000 -120.62,40.44,1000 -120.52,40.25,1000 -120.36,40.10,1000 -120.13,39.93,1000 -119.91,39.75,1000 -119.74,39.59,1000 -119.62,39.33,1000 -119.59,39.14,1000 -119.51,38.96,1000 -119.33,38.83,1000 -119.14,38.66,1000 -118.97,38.48,1000 -118.90,38.32,1000 -118.87,38.20,1000 -118.77,38.10,1000 -118.64,37.98,1000 -118.49,37.82,1000 -118.36,37.60,1000 -118.23,37.36,1000 -118.09,37.18,1000 -117.97,36.99,1000 -117.92,36.81,1000 -117.89,36.60,1000 -117.88,36.42,1000 -117.94,36.24,1000 -118.04,36.10,1000 -118.17,35.92,1000 -118.34,35.80,1000 -118.57,35.88,1000 -118.78,36.02,1000 -118.95,36.15,1000 -119.02,36.27,1000 -119.09,36.41,1000 -119.16,36.58,1000 -119.25,36.75,1000 -119.37,36.90,1000 -119.52,37.04,1000 -119.73,37.17,1000 -119.93,37.33,1000 -120.04,37.54,1000 -120.16,37.80,1000 -120.33,38.01,1000 -120.53,38.23,1000 -120.69,38.45,1000 -120.77,38.65,1000 -120.81,38.85,1000 -120.84,39.01,1000 -120.91,39.18,1000 -120.97,39.29,1000 -121.07,39.38,1000 -121.27,39.52,1000 -121.54,39.72,1000 -121.76,39.91,1000 -121.87,40.10,1000 -121.93,40.29,1000 -121.96,40.46,1000 -121.96,40.64,1000 -121.91,40.76,1000 -121.75,40.88,1000 -121.44,40.90,1000 -121.10,40.94,1000 -120.89,41.04,1000 -120.75,41.18,1000 -120.65,41.36,1000 -120.59,41.58,1000 -120.56,41.77,1000 -120.55,41.97,1000 -120.59,42.13,1000 -120.81,42.24,1000 -121.05,42.32,1000 -121.18,42.48,1000 -121.26,42.66,1000 -121.20,42.90,1000 
          </coordinates>
        </LinearRing>
      </outerBoundaryIs>
      <innerBoundaryIs>
        <LinearRing>
          <coordinates>
-120.95,42.87,2000 -120.92,42.86,2000 -120.89,42.85,2000 -120.87,42.83,2000 -120.84,42.82,2000 -120.82,42.81,2000 -120.79,42.80,2000 -120.77,42.79,2000 -120.75,42.78,2000 -120.73,42.77,2000 -120.71,42.76,2000 -120.69,42.76,2000 -120.68,42.75,2000 -120.66,42.74,2000 -120.65,42.73,2000 -120.64,42.72,2000 -120.62,42.70,2000 -120.60,42.68,2000 -120.58,42.67,2000 -120.57,42.65,2000 -120.55,42.63,2000 -120.54,42.61,2000 -120.53,42.59,2000 -120.52,42.57,2000 -120.52,42.55,2000 -120.52,42.53,2000 -120.52,42.50,2000 -120.52,42.48,2000 -120.52,42.46,2000 -120.52,42.44,2000 -120.53,42.42,2000 -120.53,42.41,2000 -120.54,42.38,2000 -120.55,42.37,2000 -120.58,42.36,2000 -120.60,42.35,2000 -120.62,42.35,2000 -120.64,42.34,2000 -120.67,42.33,2000 -120.70,42.33,2000 -120.73,42.32,2000 -120.76,42.32,2000 -120.78,42.31,2000 -120.80,42.31,2000 -120.83,42.31,2000 -120.85,42.32,2000 -120.87,42.32,2000 -120.89,42.33,2000 -120.91,42.35,2000 -120.93,42.36,2000 -120.95,42.37,2000 -120.97,42.39,2000 -120.99,42.41,2000 -121.02,42.42,2000 -121.04,42.44,2000 -121.06,42.46,2000 -121.08,42.47,2000 -121.09,42.48,2000 -121.11,42.49,2000 -121.11,42.50,2000 -121.11,42.51,2000 -121.12,42.53,2000 -121.12,42.55,2000 -121.12,42.56,2000 -121.13,42.59,2000 -121.13,42.61,2000 -121.13,42.63,2000 -121.14,42.66,2000 -121.14,42.68,2000 -120.95,42.87,2000 
          </coordinates>
        </LinearRing>
      </innerBoundaryIs>
      <innerBoundaryIs>
        <LinearRing>
          <coordinates>
-121.61,40.85,2000 -121.36,40.86,2000 -121.14,40.86,2000 -120.96,40.85,2000 -120.82,40.81,2000 -120.75,40.73,2000 -120.71,40.58,2000 -120.70,40.43,2000 -120.66,40.27,2000 -120.51,40.15,2000 -120.43,40.08,2000 -120.31,39.99,2000 -120.19,39.91,2000 -120.05,39.81,2000 -119.90,39.65,2000 -119.81,39.51,2000 -119.72,39.33,2000 -119.63,39.14,2000 -119.53,38.96,2000 -119.44,38.81,2000 -119.32,38.67,2000 -119.19,38.57,2000 -119.07,38.47,2000 -118.97,38.38,2000 -118.90,38.27,2000 -118.86,38.16,2000 -118.77,38.00,2000 -118.68,37.88,2000 -118.57,37.74,2000 -118.44,37.59,2000 -118.32,37.44,2000 -118.21,37.30,2000 -118.13,37.19,2000 -118.02,37.00,2000 -117.99,36.87,2000 -117.95,36.69,2000 -117.94,36.53,2000 -117.96,36.41,2000 -118.00,36.31,2000 -118.07,36.20,2000 -118.16,36.10,2000 -118.24,36.01,2000 -118.34,35.95,2000 -118.48,35.97,2000 -118.63,36.02,2000 -118.75,36.09,2000 -118.86,36.18,2000 -118.92,36.24,2000 -118.99,36.34,2000 -119.06,36.49,2000 -119.15,36.68,2000 -119.25,36.85,2000 -119.37,36.97,2000 -119.50,37.08,2000 -119.61,37.16,2000 -119.72,37.24,2000 -119.81,37.32,2000 -119.90,37.45,2000 -120.00,37.60,2000 -120.09,37.71,2000 -120.18,37.84,2000 -120.28,37.97,2000 -120.39,38.11,2000 -120.50,38.27,2000 -120.59,38.43,2000 -120.64,38.56,2000 -120.68,38.70,2000 -120.71,38.85,2000 -120.76,38.98,2000 -120.85,39.15,2000 -120.95,39.32,2000 -121.06,39.46,2000 -121.20,39.58,2000 -121.36,39.69,2000 -121.49,39.77,2000 -121.60,39.84,2000 -121.67,39.91,2000 -121.76,40.05,2000 -121.84,40.21,2000 -121.89,40.35,2000 -121.91,40.48,2000 -121.88,40.62,2000 -121.82,40.75,2000 -121.61,40.85,2000 
          </coordinates>
        </LinearRing>
      </innerBoundaryIs>
      <innerBoundaryIs>
        <LinearRing>
          <coordinates>
-120.31,42.26,2000 -120.24,42.27,2000 -120.18,42.29,2000 -120.12,42.29,2000 -120.07,42.28,2000 -120.03,42.26,2000 -120.00,42.22,2000 -119.97,42.18,2000 -119.94,42.14,2000 -119.90,42.10,2000 -119.85,42.06,2000 -119.80,42.02,2000 -119.75,42.00,2000 -119.69,42.00,2000 -119.61,42.01,2000 -119.55,42.00,2000 -119.48,42.00,2000 -119.41,41.98,2000 -119.34,41.97,2000 -119.28,41.94,2000 -119.23,41.90,2000 -119.19,41.86,2000 -119.16,41.81,2000 -119.15,41.76,2000 -119.15,41.71,2000 -119.17,41.68,2000 -119.21,41.64,2000 -119.26,41.61,2000 -119.31,41.58,2000 -119.37,41.55,2000 -119.41,41.52,2000 -119.45,41.48,2000 -119.49,41.45,2000 -119.53,41.41,2000 -119.56,41.38,2000 -119.60,41.34,2000 -119.64,41.30,2000 -119.68,41.26,2000 -119.71,41.22,2000 -119.75,41.18,2000 -119.79,41.14,2000 -119.83,41.09,2000 -119.86,41.05,2000 -119.89,41.00,2000 -119.93,40.95,2000 -119.97,40.92,2000 -120.03,40.89,2000 -120.09,40.88,2000 -120.16,40.87,2000 -120.22,40.87,2000 -120.28,40.87,2000 -120.33,40.88,2000 -120.39,40.90,2000 -120.44,40.91,2000 -120.49,40.93,2000 -120.55,40.94,2000 -120.60,40.96,2000 -120.63,40.99,2000 -120.65,41.02,2000 -120.66,41.06,2000 -120.66,41.10,2000 -120.65,41.15,2000 -120.64,41.19,2000 -120.63,41.23,2000 -120.62,41.28,2000 -120.61,41.32,2000 -120.59,41.37,2000 -120.57,41.41,2000 -120.54,41.45,2000 -120.51,41.49,2000 -120.48,41.54,2000 -120.44,41.57,2000 -120.41,41.61,2000 -120.39,41.64,2000 -120.35,41.69,2000 -120.35,41.74,2000 -120.37,41.77,2000 -120.40,41.81,2000 -120.43,41.85,2000 -120.45,41.89,2000 -120.45,41.93,2000 -120.45,41.98,2000 -120.44,42.03,2000 -120.43,42.08,2000 -120.31,42.26,2000 
          </coordinates>
        </LinearRing>
      </innerBoundaryIs>
  </Polygon>
 </MultiGeometry>
</Placemark>
<Placemark>
  <name>5%</name>
  <visibility>1</visibility>
  <styleUrl>#poly_5</styleUrl>
  <MultiGeometry>
    <Polygon>
      <outerBoundaryIs>
        <LinearRing>
          <coordinates>
-71.56,50.32,1000 -71.47,50.32,1000 -71.37,50.32,1000 -71.28,50.31,1000 -71.20,50.30,1000 -71.12,50.28,1000 -71.02,50.25,1000 -70.95,50.23,1000 -70.87,50.21,1000 -70.78,50.18,1000 -70.68,50.15,1000 -70.57,50.13,1000 -70.48,50.11,1000 -70.37,50.10,1000 -70.26,50.08,1000 -70.14,50.07,1000 -70.02,50.05,1000 -69.92,50.03,1000 -69.82,50.01,1000 -69.70,49.98,1000 -69.59,49.95,1000 -69.49,49.91,1000 -69.41,49.88,1000 -69.34,49.84,1000 -69.25,49.77,1000 -69.20,49.71,1000 -69.24,49.63,1000 -69.30,49.59,1000 -69.38,49.56,1000 -69.49,49.52,1000 -69.60,49.48,1000 -69.71,49.44,1000 -69.80,49.40,1000 -69.88,49.37,1000 -69.99,49.31,1000 -70.06,49.26,1000 -70.10,49.21,1000 -70.12,49.15,1000 -70.13,49.08,1000 -70.11,49.00,1000 -70.09,48.94,1000 -70.05,48.88,1000 -70.02,48.81,1000 -69.98,48.74,1000 -69.96,48.69,1000 -69.94,48.63,1000 -69.94,48.58,1000 -69.97,48.54,1000 -70.02,48.50,1000 -70.10,48.46,1000 -70.17,48.42,1000 -70.23,48.39,1000 -70.27,48.35,1000 -70.30,48.33,1000 -70.36,48.34,1000 -70.43,48.36,1000 -70.53,48.40,1000 -70.60,48.43,1000 -70.67,48.48,1000 -70.76,48.53,1000 -70.84,48.58,1000 -70.91,48.63,1000 -70.97,48.67,1000 -71.03,48.74,1000 -71.04,48.79,1000 -71.05,48.85,1000 -71.05,48.91,1000 -71.04,48.96,1000 -71.02,49.03,1000 -71.00,49.08,1000 -70.99,49.15,1000 -70.96,49.21,1000 -70.94,49.28,1000 -70.93,49.33,1000 -70.91,49.40,1000 -70.90,49.46,1000 -70.91,49.50,1000 -70.94,49.53,1000 -71.03,49.55,1000 -71.10,49.56,1000 -71.19,49.56,1000 -71.29,49.57,1000 -71.40,49.57,1000 -71.50,49.58,1000 -71.61,49.59,1000 -71.72,49.61,1000 -71.83,49.62,1000 -71.93,49.64,1000 -72.01,49.66,1000 -72.08,49.70,1000 -72.10,49.75,1000 -72.10,49.80,1000 -72.08,49.85,1000 -72.04,49.90,1000 -72.00,49.95,1000 -71.96,50.00,1000 -71.93,50.05,1000 -71.88,50.10,1000 -71.84,50.16,1000 -71.56,50.32,1000 
          </coordinates>
        </LinearRing>
      </outerBoundaryIs>
      <innerBoundaryIs>
        <LinearRing>
          <coordinates>
-70.56,49.24,2000 -70.55,49.22,2000 -70.54,49.20,2000 -70.52,49.17,2000 -70.51,49.15,2000 -70.50,49.13,2000 -70.48,49.11,2000 -70.46,49.09,2000 -70.44,49.06,2000 -70.42,49.04,2000 -70.40,49.02,2000 -70.38,49.00,2000 -70.37,48.98,2000 -70.36,48.96,2000 -70.36,48.95,2000 -70.35,48.93,2000 -70.34,48.91,2000 -70.32,48.90,2000 -70.31,48.88,2000 -70.29,48.85,2000 -70.27,48.83,2000 -70.25,48.81,2000 -70.23,48.78,2000 -70.22,48.76,2000 -70.21,48.74,2000 -70.21,48.71,2000 -70.21,48.69,2000 -70.21,48.66,2000 -70.22,48.64,2000 -70.23,48.61,2000 -70.24,48.60,2000 -70.26,48.58,2000 -70.28,48.57,2000 -70.31,48.56,2000 -70.35,48.56,2000 -70.39,48.55,2000 -70.42,48.56,2000 -70.46,48.56,2000 -70.49,48.56,2000 -70.52,48.57,2000 -70.56,48.58,2000 -70.59,48.59,2000 -70.61,48.61,2000 -70.64,48.62,2000 -70.66,48.63,2000 -70.69,48.64,2000 -70.72,48.66,2000 -70.73,48.67,2000 -70.75,48.69,2000 -70.77,48.71,2000 -70.79,48.74,2000 -70.80,48.76,2000 -70.81,48.79,2000 -70.82,48.81,2000 -70.82,48.83,2000 -70.82,48.86,2000 -70.81,48.88,2000 -70.80,48.91,2000 -70.79,48.93,2000 -70.78,48.96,2000 -70.77,48.98,2000 -70.76,49.00,2000 -70.75,49.02,2000 -70.74,49.05,2000 -70.73,49.07,2000 -70.71,49.09,2000 -70.70,49.11,2000 -70.69,49.13,2000 -70.56,49.24,2000 
          </coordinates>
        </LinearRing>
      </innerBoundaryIs>
      <innerBoundaryIs>
        <LinearRing>
          <coordinates>
-71.60,50.16,2000 -71.54,50.17,2000 -71.49,50.19,2000 -71.44,50.19,2000 -71.38,50.20,2000 -71.33,50.20,2000 -71.28,50.19,2000 -71.23,50.18,2000 -71.18,50.16,2000 -71.14,50.15,2000 -71.09,50.13,2000 -71.04,50.11,2000 -70.99,50.09,2000 -70.95,50.07,2000 -70.90,50.05,2000 -70.85,50.04,2000 -70.80,50.03,2000 -70.75,50.02,2000 -70.70,50.02,2000 -70.65,50.01,2000 -70.60,50.01,2000 -70.55,50.01,2000 -70.50,50.00,2000 -70.45,50.00,2000 -70.40,49.99,2000 -70.35,49.99,2000 -70.30,49.99,2000 -70.25,49.98,2000 -70.20,49.97,2000 -70.15,49.97,2000 -70.10,49.96,2000 -70.05,49.95,2000 -70.00,49.94,2000 -69.95,49.92,2000 -69.90,49.91,2000 -69.86,49.90,2000 -69.80,49.89,2000 -69.76,49.86,2000 -69.74,49.83,2000 -69.72,49.80,2000 -69.70,49.76,2000 -69.69,49.72,2000 -69.70,49.69,2000 -69.73,49.67,2000 -69.77,49.64,2000 -69.83,49.63,2000 -69.89,49.61,2000 -69.94,49.60,2000 -69.99,49.59,2000 -70.05,49.58,2000 -70.10,49.58,2000 -70.16,49.58,2000 -70.21,49.58,2000 -70.27,49.58,2000 -70.33,49.59,2000 -70.39,49.60,2000 -70.45,49.61,2000 -70.50,49.62,2000 -70.55,49.64,2000 -70.60,49.65,2000 -70.65,49.67,2000 -70.70,49.68,2000 -70.75,49.69,2000 -70.80,49.71,2000 -70.84,49.72,2000 -70.89,49.73,2000 -70.94,49.74,2000 -70.99,49.74,2000 -71.04,49.75,2000 -71.09,49.74,2000 -71.14,49.74,2000 -71.19,49.74,2000 -71.24,49.74,2000 -71.30,49.73,2000 -71.36,49.73,2000 -71.40,49.72,2000 -71.44,49.72,2000 -71.46,49.72,2000 -71.49,49.72,2000 -71.53,49.73,2000 -71.58,49.74,2000 -71.65,49.75,2000 -71.70,49.77,2000 -71.72,49.79,2000 -71.75,49.83,2000 -71.76,49.86,2000 -71.78,49.90,2000 -71.78,49.93,2000 -71.78,49.96,2000 -71.77,49.99,2000 -71.75,50.03,2000 -71.73,50.06,2000 -71.71,50.09,2000 -71.60,50.16,2000 
          </coordinates>
        </LinearRing>
      </innerBoundaryIs>
  </Polygon>
 </MultiGeometry>
</Placemark>
<Placemark>
  <name>5%</name>
  <visibility>1</visibility>
  <styleUrl>#poly_5</styleUrl>
  <MultiGeometry>
    <Polygon>
      <outerBoundaryIs>
        <LinearRing>
          <coordinates>
-71.35,48.21,1000 -71.29,48.21,1000 -71.22,48.21,1000 -71.16,48.21,1000 -71.10,48.22,1000 -71.03,48.22,1000 -70.97,48.22,1000 -70.90,48.22,1000 -70.84,48.22,1000 -70.77,48.22,1000 -70.71,48.23,1000 -70.64,48.23,1000 -70.57,48.24,1000 -70.50,48.24,1000 -70.44,48.24,1000 -70.38,48.24,1000 -70.33,48.23,1000 -70.28,48.21,1000 -70.23,48.18,1000 -70.19,48.15,1000 -70.16,48.12,1000 -70.14,48.08,1000 -70.12,48.05,1000 -70.10,48.01,1000 -70.09,47.97,1000 -70.09,47.93,1000 -70.09,47.90,1000 -70.10,47.87,1000 -70.12,47.84,1000 -70.16,47.82,1000 -70.20,47.79,1000 -70.22,47.76,1000 -70.25,47.73,1000 -70.28,47.69,1000 -70.31,47.65,1000 -70.34,47.61,1000 -70.37,47.57,1000 -70.40,47.53,1000 -70.42,47.50,1000 -70.45,47.46,1000 -70.48,47.42,1000 -70.51,47.38,1000 -70.54,47.34,1000 -70.58,47.31,1000 -70.62,47.28,1000 -70.66,47.25,1000 -70.70,47.22,1000 -70.75,47.19,1000 -70.79,47.16,1000 -70.84,47.14,1000 -70.88,47.12,1000 -70.93,47.10,1000 -70.98,47.08,1000 -71.02,47.07,1000 -71.07,47.07,1000 -71.14,47.07,1000 -71.19,47.08,1000 -71.24,47.09,1000 -71.30,47.10,1000 -71.36,47.11,1000 -71.42,47.13,1000 -71.48,47.14,1000 -71.53,47.16,1000 -71.58,47.18,1000 -71.62,47.20,1000 -71.67,47.23,1000 -71.70,47.26,1000 -71.72,47.30,1000 -71.74,47.33,1000 -71.76,47.37,1000 -71.77,47.40,1000 -71.78,47.44,1000 -71.79,47.48,1000 -71.79,47.52,1000 -71.78,47.57,1000 -71.77,47.61,1000 -71.76,47.65,1000 -71.75,47.69,1000 -71.74,47.73,1000 -71.73,47.78,1000 -71.71,47.82,1000 -71.69,47.86,1000 -71.67,47.90,1000 -71.65,47.94,1000 -71.63,47.98,1000 -71.60,48.02,1000 -71.58,48.06,1000 -71.35,48.21,1000 
          </coordinates>
        </LinearRing>
      </outerBoundaryIs>
      <innerBoundaryIs>
        <LinearRing>
          <coordinates>
-70.61,48.12,2000 -70.55,48.11,2000 -70.49,48.11,2000 -70.44,48.10,2000 -70.40,48.09,2000 -70.37,48.09,2000 -70.36,48.08,2000 -70.35,48.06,2000 -70.33,48.03,2000 -70.30,48.00,2000 -70.28,47.96,2000 -70.27,47.93,2000 -70.26,47.90,2000 -70.27,47.87,2000 -70.28,47.83,2000 -70.31,47.80,2000 -70.33,47.77,2000 -70.36,47.74,2000 -70.39,47.71,2000 -70.42,47.68,2000 -70.45,47.65,2000 -70.48,47.63,2000 -70.50,47.61,2000 -70.51,47.59,2000 -70.52,47.57,2000 -70.54,47.54,2000 -70.56,47.50,2000 -70.58,47.46,2000 -70.60,47.43,2000 -70.63,47.40,2000 -70.65,47.36,2000 -70.68,47.33,2000 -70.71,47.30,2000 -70.74,47.28,2000 -70.78,47.25,2000 -70.81,47.24,2000 -70.86,47.22,2000 -70.90,47.21,2000 -70.94,47.20,2000 -70.98,47.19,2000 -71.03,47.19,2000 -71.08,47.18,2000 -71.12,47.18,2000 -71.17,47.18,2000 -71.22,47.18,2000 -71.27,47.19,2000 -71.31,47.20,2000 -71.36,47.22,2000 -71.40,47.24,2000 -71.44,47.27,2000 -71.48,47.30,2000 -71.52,47.33,2000 -71.55,47.35,2000 -71.57,47.37,2000 -71.57,47.38,2000 -71.58,47.40,2000 -71.60,47.44,2000 -71.61,47.47,2000 -71.63,47.51,2000 -71.64,47.55,2000 -71.64,47.58,2000 -71.65,47.62,2000 -71.64,47.65,2000 -71.64,47.69,2000 -71.63,47.72,2000 -71.62,47.75,2000 -71.61,47.78,2000 -71.59,47.82,2000 -71.57,47.85,2000 -71.55,47.88,2000 -71.53,47.91,2000 -71.51,47.94,2000 -71.49,47.96,2000 -71.46,47.99,2000 -71.43,48.02,2000 -71.40,48.04,2000 -71.36,48.06,2000 -71.32,48.08,2000 -71.27,48.10,2000 -71.22,48.11,2000 -71.17,48.12,2000 -71.12,48.13,2000 -71.07,48.13,2000 -71.02,48.13,2000 -70.96,48.13,2000 -70.92,48.12,2000 -70.87,48.12,2000 -70.82,48.12,2000 -70.77,48.12,2000 -70.72,48.12,2000 -70.67,48.12,2000 -70.61,48.12,2000 
          </coordinates>
        </LinearRing>
      </innerBoundaryIs>
  </Polygon>
 </MultiGeometry>
</Placemark>
<Placemark>
  <name>5%</name>
  <visibility>1</visibility>
  <styleUrl>#poly_5</styleUrl>
  <MultiGeometry>
    <Polygon>
      <outerBoundaryIs>
        <LinearRing>
          <coordinates>
-116.24,42.19,1000 -116.11,42.19,1000 -115.99,42.18,1000 -115.87,42.18,1000 -115.75,42.17,1000 -115.64,42.17,1000 -115.54,42.17,1000 -115.44,42.17,1000 -115.35,42.17,1000 -115.28,42.17,1000 -115.14,42.19,1000 -115.08,42.22,1000 -115.01,42.23,1000 -114.93,42.21,1000 -114.83,42.18,1000 -114.75,42.13,1000 -114.71,42.08,1000 -114.71,42.01,1000 -114.75,41.93,1000 -114.81,41.84,1000 -114.87,41.76,1000 -114.93,41.69,1000 -115.00,41.63,1000 -115.07,41.58,1000 -115.15,41.52,1000 -115.24,41.47,1000 -115.34,41.42,1000 -115.43,41.37,1000 -115.51,41.32,1000 -115.60,41.23,1000 -115.67,41.15,1000 -115.65,41.09,1000 -115.58,41.09,1000 -115.47,41.10,1000 -115.34,41.12,1000 -115.20,41.15,1000 -115.07,41.16,1000 -114.98,41.16,1000 -114.87,41.12,1000 -114.81,41.04,1000 -114.79,40.96,1000 -114.81,40.89,1000 -114.87,40.82,1000 -114.93,40.74,1000 -114.98,40.66,1000 -115.01,40.59,1000 -115.03,40.52,1000 -115.05,40.45,1000 -115.07,40.38,1000 -115.10,40.32,1000 -115.14,40.25,1000 -115.19,40.17,1000 -115.23,40.11,1000 -115.27,40.06,1000 -115.32,40.00,1000 -115.39,39.97,1000 -115.48,39.94,1000 -115.59,39.92,1000 -115.69,39.91,1000 -115.78,39.93,1000 -115.86,39.98,1000 -115.91,40.03,1000 -115.97,40.09,1000 -116.01,40.16,1000 -116.04,40.23,1000 -116.07,40.31,1000 -116.07,40.39,1000 -116.05,40.48,1000 -116.00,40.57,1000 -115.97,40.64,1000 -115.93,40.71,1000 -115.99,40.74,1000 -116.08,40.78,1000 -116.19,40.81,1000 -116.29,40.86,1000 -116.38,40.90,1000 -116.47,40.96,1000 -116.55,41.02,1000 -116.63,41.09,1000 -116.70,41.14,1000 -116.82,41.20,1000 -116.93,41.24,1000 -116.99,41.28,1000 -116.95,41.31,1000 -116.86,41.33,1000 -116.77,41.38,1000 -116.71,41.44,1000 -116.65,41.51,1000 -116.60,41.59,1000 -116.55,41.66,1000 -116.51,41.73,1000 -116.48,41.80,1000 -116.45,41.86,1000 -116.42,41.93,1000 -116.24,42.19,1000 
          </coordinates>
        </LinearRing>
      </outerBoundaryIs>
      <innerBoundaryIs>
        <LinearRing>
          <coordinates>
-115.29,41.03,2000 -115.24,41.05,2000 -115.20,41.07,2000 -115.15,41.08,2000 -115.11,41.09,2000 -115.07,41.09,2000 -115.02,41.08,2000 -114.97,41.06,2000 -114.93,41.02,2000 -114.90,40.99,2000 -114.89,40.96,2000 -114.90,40.92,2000 -114.91,40.88,2000 -114.93,40.84,2000 -114.94,40.81,2000 -114.97,40.78,2000 -115.00,40.75,2000 -115.01,40.72,2000 -115.03,40.69,2000 -115.04,40.66,2000 -115.05,40.62,2000 -115.06,40.59,2000 -115.07,40.55,2000 -115.08,40.51,2000 -115.09,40.47,2000 -115.10,40.44,2000 -115.12,40.41,2000 -115.14,40.39,2000 -115.16,40.36,2000 -115.17,40.33,2000 -115.19,40.29,2000 -115.21,40.25,2000 -115.23,40.22,2000 -115.26,40.19,2000 -115.29,40.16,2000 -115.31,40.12,2000 -115.34,40.10,2000 -115.38,40.07,2000 -115.41,40.06,2000 -115.44,40.04,2000 -115.47,40.02,2000 -115.51,39.99,2000 -115.55,39.98,2000 -115.60,39.98,2000 -115.65,40.00,2000 -115.70,40.01,2000 -115.75,40.02,2000 -115.79,40.05,2000 -115.82,40.07,2000 -115.86,40.10,2000 -115.89,40.13,2000 -115.92,40.17,2000 -115.94,40.20,2000 -115.95,40.23,2000 -115.97,40.27,2000 -115.98,40.30,2000 -115.98,40.34,2000 -115.98,40.38,2000 -115.97,40.42,2000 -115.96,40.46,2000 -115.95,40.49,2000 -115.94,40.52,2000 -115.93,40.55,2000 -115.90,40.57,2000 -115.88,40.60,2000 -115.85,40.63,2000 -115.82,40.66,2000 -115.79,40.69,2000 -115.77,40.72,2000 -115.75,40.75,2000 -115.71,40.77,2000 -115.67,40.79,2000 -115.63,40.81,2000 -115.58,40.84,2000 -115.53,40.86,2000 -115.49,40.88,2000 -115.45,40.90,2000 -115.42,40.92,2000 -115.40,40.94,2000 -115.29,41.03,2000 
          </coordinates>
        </LinearRing>
      </innerBoundaryIs>
      <innerBoundaryIs>
        <LinearRing>
          <coordinates>
-116.22,42.09,2000 -116.17,42.12,2000 -116.12,42.15,2000 -116.08,42.17,2000 -116.03,42.19,2000 -115.98,42.20,2000 -115.92,42.20,2000 -115.87,42.18,2000 -115.81,42.16,2000 -115.75,42.14,2000 -115.70,42.13,2000 -115.66,42.11,2000 -115.62,42.09,2000 -115.56,42.08,2000 -115.50,42.08,2000 -115.45,42.08,2000 -115.39,42.09,2000 -115.33,42.10,2000 -115.27,42.12,2000 -115.20,42.13,2000 -115.14,42.14,2000 -115.09,42.15,2000 -115.04,42.15,2000 -114.97,42.14,2000 -114.92,42.11,2000 -114.89,42.08,2000 -114.86,42.05,2000 -114.84,42.01,2000 -114.83,41.97,2000 -114.84,41.93,2000 -114.85,41.88,2000 -114.87,41.84,2000 -114.90,41.81,2000 -114.94,41.77,2000 -114.98,41.73,2000 -115.03,41.69,2000 -115.07,41.66,2000 -115.12,41.63,2000 -115.18,41.60,2000 -115.23,41.57,2000 -115.29,41.54,2000 -115.34,41.51,2000 -115.38,41.48,2000 -115.43,41.45,2000 -115.48,41.42,2000 -115.51,41.40,2000 -115.55,41.37,2000 -115.59,41.34,2000 -115.62,41.30,2000 -115.65,41.26,2000 -115.68,41.22,2000 -115.71,41.17,2000 -115.74,41.13,2000 -115.77,41.09,2000 -115.81,41.05,2000 -115.85,41.01,2000 -115.89,40.97,2000 -115.93,40.94,2000 -115.97,40.92,2000 -116.03,40.90,2000 -116.10,40.90,2000 -116.16,40.90,2000 -116.22,40.91,2000 -116.27,40.92,2000 -116.31,40.94,2000 -116.36,40.97,2000 -116.40,41.00,2000 -116.44,41.03,2000 -116.48,41.05,2000 -116.52,41.08,2000 -116.56,41.12,2000 -116.59,41.15,2000 -116.62,41.19,2000 -116.65,41.24,2000 -116.67,41.29,2000 -116.67,41.33,2000 -116.66,41.37,2000 -116.63,41.40,2000 -116.59,41.43,2000 -116.56,41.47,2000 -116.54,41.51,2000 -116.52,41.56,2000 -116.51,41.61,2000 -116.49,41.66,2000 -116.47,41.70,2000 -116.45,41.74,2000 -116.43,41.78,2000 -116.41,41.82,2000 -116.39,41.85,2000 -116.37,41.89,2000 -116.22,42.09,2000 
          </coordinates>
        </LinearRing>
      </innerBoundaryIs>
  </Polygon>
 </MultiGeometry>
</Placemark>
<Placemark>
  <name>5%</name>
  <visibility>1</visibility>
  <styleUrl>#poly_5</styleUrl>
  <MultiGeometry>
    <Polygon>
      <outerBoundaryIs>
        <LinearRing>
          <coordinates>
-118.82,43.04,1000 -118.79,43.06,1000 -118.75,43.08,1000 -118.72,43.10,1000 -118.68,43.11,1000 -118.65,43.12,1000 -118.61,43.13,1000 -118.57,43.13,1000 -118.54,43.13,1000 -118.50,43.13,1000 -118.46,43.12,1000 -118.42,43.11,1000 -118.39,43.11,1000 -118.36,43.10,1000 -118.32,43.09,1000 -118.30,43.08,1000 -118.28,43.06,1000 -118.26,43.04,1000 -118.25,43.02,1000 -118.23,43.00,1000 -118.21,42.98,1000 -118.19,42.95,1000 -118.17,42.92,1000 -118.16,42.90,1000 -118.15,42.87,1000 -118.14,42.84,1000 -118.14,42.81,1000 -118.13,42.79,1000 -118.14,42.76,1000 -118.14,42.73,1000 -118.15,42.70,1000 -118.16,42.67,1000 -118.18,42.64,1000 -118.20,42.61,1000 -118.22,42.59,1000 -118.23,42.57,1000 -118.23,42.55,1000 -118.25,42.54,1000 -118.27,42.52,1000 -118.29,42.50,1000 -118.31,42.48,1000 -118.34,42.45,1000 -118.37,42.42,1000 -118.40,42.40,1000 -118.43,42.38,1000 -118.46,42.36,1000 -118.50,42.35,1000 -118.54,42.34,1000 -118.57,42.33,1000 -118.61,42.32,1000 -118.65,42.32,1000 -118.69,42.32,1000 -118.72,42.33,1000 -118.76,42.33,1000 -118.80,42.34,1000 -118.84,42.35,1000 -118.87,42.36,1000 -118.90,42.37,1000 -118.94,42.38,1000 -118.97,42.40,1000 -118.99,42.41,1000 -119.01,42.44,1000 -119.03,42.46,1000 -119.04,42.49,1000 -119.05,42.52,1000 -119.07,42.55,1000 -119.08,42.58,1000 -119.08,42.61,1000 -119.08,42.64,1000 -119.07,42.67,1000 -119.07,42.69,1000 -119.06,42.72,1000 -119.05,42.75,1000 -119.04,42.77,1000 -119.03,42.79,1000 -119.02,42.81,1000 -119.01,42.82,1000 -119.00,42.84,1000 -118.98,42.85,1000 -118.97,42.88,1000 -118.95,42.90,1000 -118.93,42.93,1000 -118.91,42.95,1000 -118.89,42.98,1000 -118.82,43.04,1000 
          </coordinates>
        </LinearRing>
      </outerBoundaryIs>
      <innerBoundaryIs>
        <LinearRing>
          <coordinates>
-118.58,43.04,2000 -118.57,43.04,2000 -118.53,43.03,2000 -118.51,43.02,2000 -118.48,43.01,2000 -118.44,43.00,2000 -118.41,42.99,2000 -118.37,42.97,2000 -118.34,42.96,2000 -118.32,42.95,2000 -118.29,42.94,2000 -118.28,42.93,2000 -118.27,42.91,2000 -118.26,42.89,2000 -118.25,42.87,2000 -118.25,42.85,2000 -118.25,42.82,2000 -118.24,42.79,2000 -118.24,42.76,2000 -118.24,42.74,2000 -118.24,42.72,2000 -118.24,42.71,2000 -118.26,42.69,2000 -118.27,42.67,2000 -118.28,42.65,2000 -118.29,42.63,2000 -118.31,42.61,2000 -118.32,42.58,2000 -118.33,42.56,2000 -118.35,42.54,2000 -118.36,42.52,2000 -118.38,42.50,2000 -118.39,42.48,2000 -118.41,42.47,2000 -118.44,42.45,2000 -118.46,42.44,2000 -118.49,42.43,2000 -118.52,42.42,2000 -118.55,42.41,2000 -118.58,42.40,2000 -118.61,42.39,2000 -118.64,42.38,2000 -118.67,42.38,2000 -118.70,42.38,2000 -118.73,42.39,2000 -118.76,42.40,2000 -118.79,42.41,2000 -118.81,42.43,2000 -118.84,42.44,2000 -118.86,42.46,2000 -118.88,42.48,2000 -118.89,42.49,2000 -118.91,42.51,2000 -118.92,42.53,2000 -118.93,42.56,2000 -118.94,42.58,2000 -118.95,42.60,2000 -118.96,42.62,2000 -118.96,42.64,2000 -118.97,42.66,2000 -118.97,42.69,2000 -118.97,42.71,2000 -118.97,42.73,2000 -118.96,42.76,2000 -118.96,42.78,2000 -118.95,42.80,2000 -118.94,42.82,2000 -118.92,42.84,2000 -118.90,42.87,2000 -118.89,42.89,2000 -118.86,42.91,2000 -118.84,42.93,2000 -118.82,42.94,2000 -118.80,42.96,2000 -118.77,42.98,2000 -118.75,42.99,2000 -118.72,43.00,2000 -118.69,43.01,2000 -118.66,43.01,2000 -118.63,43.02,2000 -118.58,43.04,2000 
          </coordinates>
        </LinearRing>
      </innerBoundaryIs>
  </Polygon>
 </MultiGeometry>
</Placemark>
<Placemark>
  <name>5%</name>
  <visibility>1</visibility>
  <styleUrl>#poly_5</styleUrl>
  <MultiGeometry>
    <Polygon>
      <outerBoundaryIs>
        <LinearRing>
          <coordinates>
-117.16,39.89,1000 -117.10,39.91,1000 -117.04,39.93,1000 -116.98,39.95,1000 -116.92,39.96,1000 -116.86,39.97,1000 -116.81,39.97,1000 -116.75,39.96,1000 -116.70,39.94,1000 -116.66,39.91,1000 -116.61,39.88,1000 -116.57,39.84,1000 -116.52,39.79,1000 -116.49,39.74,1000 -116.47,39.70,1000 -116.45,39.65,1000 -116.44,39.60,1000 -116.43,39.54,1000 -116.42,39.49,1000 -116.41,39.44,1000 -116.39,39.40,1000 -116.35,39.35,1000 -116.31,39.31,1000 -116.27,39.27,1000 -116.24,39.23,1000 -116.22,39.18,1000 -116.20,39.14,1000 -116.19,39.09,1000 -116.19,39.05,1000 -116.20,39.01,1000 -116.22,38.98,1000 -116.26,38.94,1000 -116.30,38.91,1000 -116.35,38.87,1000 -116.41,38.83,1000 -116.46,38.79,1000 -116.50,38.75,1000 -116.53,38.71,1000 -116.57,38.67,1000 -116.61,38.62,1000 -116.65,38.59,1000 -116.71,38.56,1000 -116.76,38.53,1000 -116.82,38.50,1000 -116.88,38.49,1000 -116.94,38.49,1000 -117.00,38.49,1000 -117.09,38.50,1000 -117.15,38.50,1000 -117.21,38.50,1000 -117.29,38.50,1000 -117.36,38.49,1000 -117.44,38.50,1000 -117.50,38.50,1000 -117.56,38.51,1000 -117.62,38.53,1000 -117.68,38.57,1000 -117.72,38.60,1000 -117.76,38.64,1000 -117.79,38.68,1000 -117.82,38.72,1000 -117.83,38.75,1000 -117.84,38.80,1000 -117.86,38.85,1000 -117.88,38.89,1000 -117.91,38.93,1000 -117.94,38.98,1000 -117.97,39.03,1000 -117.99,39.08,1000 -118.02,39.13,1000 -118.04,39.18,1000 -118.06,39.23,1000 -118.08,39.28,1000 -118.09,39.34,1000 -118.10,39.39,1000 -118.11,39.44,1000 -118.11,39.49,1000 -118.10,39.53,1000 -118.08,39.57,1000 -118.04,39.61,1000 -117.99,39.64,1000 -117.94,39.66,1000 -117.88,39.69,1000 -117.82,39.71,1000 -117.77,39.73,1000 -117.71,39.74,1000 -117.64,39.75,1000 -117.58,39.76,1000 -117.51,39.77,1000 -117.44,39.77,1000 -117.37,39.78,1000 -117.16,39.89,1000 
          </coordinates>
        </LinearRing>
      </outerBoundaryIs>
      <innerBoundaryIs>
        <LinearRing>
          <coordinates>
-117.80,39.62,2000 -117.74,39.62,2000 -117.68,39.62,2000 -117.63,39.63,2000 -117.57,39.63,2000 -117.51,39.63,2000 -117.45,39.64,2000 -117.40,39.65,2000 -117.34,39.66,2000 -117.30,39.68,2000 -117.26,39.70,2000 -117.21,39.73,2000 -117.17,39.76,2000 -117.13,39.78,2000 -117.08,39.80,2000 -117.02,39.82,2000 -116.97,39.84,2000 -116.91,39.84,2000 -116.86,39.83,2000 -116.81,39.81,2000 -116.76,39.78,2000 -116.71,39.75,2000 -116.68,39.72,2000 -116.66,39.68,2000 -116.65,39.63,2000 -116.64,39.59,2000 -116.64,39.54,2000 -116.63,39.49,2000 -116.62,39.44,2000 -116.62,39.40,2000 -116.61,39.37,2000 -116.58,39.35,2000 -116.55,39.32,2000 -116.50,39.29,2000 -116.46,39.25,2000 -116.42,39.21,2000 -116.39,39.17,2000 -116.37,39.12,2000 -116.36,39.08,2000 -116.36,39.04,2000 -116.38,39.00,2000 -116.42,38.97,2000 -116.46,38.94,2000 -116.49,38.91,2000 -116.53,38.87,2000 -116.57,38.84,2000 -116.59,38.81,2000 -116.62,38.78,2000 -116.65,38.75,2000 -116.68,38.72,2000 -116.72,38.69,2000 -116.76,38.66,2000 -116.81,38.64,2000 -116.84,38.62,2000 -116.88,38.60,2000 -116.93,38.60,2000 -116.99,38.60,2000 -117.03,38.60,2000 -117.07,38.60,2000 -117.12,38.60,2000 -117.17,38.59,2000 -117.22,38.58,2000 -117.28,38.57,2000 -117.34,38.57,2000 -117.40,38.57,2000 -117.46,38.57,2000 -117.52,38.58,2000 -117.57,38.59,2000 -117.61,38.61,2000 -117.65,38.63,2000 -117.68,38.66,2000 -117.71,38.69,2000 -117.74,38.73,2000 -117.76,38.77,2000 -117.78,38.82,2000 -117.80,38.86,2000 -117.82,38.90,2000 -117.83,38.94,2000 -117.85,38.99,2000 -117.86,39.03,2000 -117.88,39.07,2000 -117.89,39.11,2000 -117.91,39.16,2000 -117.92,39.20,2000 -117.94,39.24,2000 -117.95,39.28,2000 -117.97,39.33,2000 -117.97,39.37,2000 -117.96,39.41,2000 -117.95,39.44,2000 -117.93,39.48,2000 -117.91,39.52,2000 -117.89,39.56,2000 -117.80,39.62,2000 
          </coordinates>
        </LinearRing>
      </innerBoundaryIs>
  </Polygon>
 </MultiGeometry>
</Placemark>
<Placemark>
  <name>5%</name>
  <visibility>1</visibility>
  <styleUrl>#poly_5</styleUrl>
  <MultiGeometry>
    <Polygon>
      <outerBoundaryIs>
        <LinearRing>
          <coordinates>
-118.39,42.23,1000 -118.37,42.23,1000 -118.34,42.22,1000 -118.32,42.22,1000 -118.30,42.21,1000 -118.28,42.21,1000 -118.26,42.20,1000 -118.24,42.20,1000 -118.22,42.20,1000 -118.20,42.19,1000 -118.19,42.19,1000 -118.17,42.19,1000 -118.16,42.19,1000 -118.14,42.18,1000 -118.13,42.17,1000 -118.12,42.16,1000 -118.10,42.15,1000 -118.09,42.14,1000 -118.07,42.13,1000 -118.05,42.11,1000 -118.04,42.10,1000 -118.03,42.08,1000 -118.01,42.07,1000 -118.01,42.05,1000 -118.00,42.04,1000 -118.00,42.02,1000 -118.00,42.01,1000 -118.00,41.99,1000 -118.01,41.98,1000 -118.02,41.96,1000 -118.03,41.94,1000 -118.04,41.93,1000 -118.05,41.91,1000 -118.06,41.90,1000 -118.07,41.89,1000 -118.08,41.88,1000 -118.10,41.87,1000 -118.12,41.86,1000 -118.13,41.85,1000 -118.15,41.85,1000 -118.17,41.84,1000 -118.19,41.83,1000 -118.20,41.83,1000 -118.22,41.82,1000 -118.24,41.81,1000 -118.26,41.81,1000 -118.27,41.80,1000 -118.29,41.80,1000 -118.31,41.80,1000 -118.32,41.79,1000 -118.34,41.79,1000 -118.36,41.80,1000 -118.38,41.81,1000 -118.39,41.82,1000 -118.41,41.83,1000 -118.42,41.84,1000 -118.44,41.85,1000 -118.46,41.86,1000 -118.47,41.87,1000 -118.49,41.89,1000 -118.51,41.90,1000 -118.52,41.91,1000 -118.54,41.92,1000 -118.55,41.93,1000 -118.56,41.94,1000 -118.58,41.96,1000 -118.58,41.96,1000 -118.58,41.97,1000 -118.58,41.97,1000 -118.57,41.99,1000 -118.56,42.00,1000 -118.56,42.01,1000 -118.55,42.02,1000 -118.55,42.03,1000 -118.54,42.05,1000 -118.53,42.06,1000 -118.52,42.08,1000 -118.51,42.09,1000 -118.50,42.11,1000 -118.49,42.13,1000 -118.48,42.14,1000 -118.47,42.16,1000 -118.39,42.23,1000 
          </coordinates>
        </LinearRing>
      </outerBoundaryIs>
  </Polygon>
 </MultiGeometry>
</Placemark>
<Placemark>
  <name>5%</name>
  <visibility>1</visibility>
  <styleUrl>#poly_5</styleUrl>
  <MultiGeometry>
    <Polygon>
      <outerBoundaryIs>
        <LinearRing>
          <coordinates>
-121.95,44.73,1000 -121.84,44.74,1000 -121.75,44.74,1000 -121.67,44.72,1000 -121.62,44.69,1000 -121.59,44.64,1000 -121.55,44.55,1000 -121.52,44.48,1000 -121.48,44.40,1000 -121.44,44.31,1000 -121.40,44.22,1000 -121.37,44.13,1000 -121.34,44.06,1000 -121.30,43.96,1000 -121.27,43.89,1000 -121.24,43.84,1000 -121.14,43.78,1000 -121.07,43.74,1000 -121.14,43.71,1000 -121.25,43.69,1000 -121.34,43.73,1000 -121.43,43.75,1000 -121.49,43.71,1000 -121.55,43.64,1000 -121.60,43.56,1000 -121.64,43.49,1000 -121.65,43.42,1000 -121.64,43.34,1000 -121.63,43.26,1000 -121.63,43.20,1000 -121.67,43.12,1000 -121.72,43.03,1000 -121.74,42.97,1000 -121.77,42.90,1000 -121.79,42.82,1000 -121.82,42.74,1000 -121.86,42.67,1000 -121.92,42.58,1000 -121.98,42.50,1000 -122.05,42.42,1000 -122.11,42.36,1000 -122.21,42.30,1000 -122.31,42.30,1000 -122.37,42.33,1000 -122.43,42.39,1000 -122.48,42.48,1000 -122.50,42.55,1000 -122.53,42.63,1000 -122.55,42.72,1000 -122.57,42.82,1000 -122.58,42.91,1000 -122.59,42.99,1000 -122.59,43.07,1000 -122.57,43.15,1000 -122.55,43.22,1000 -122.52,43.29,1000 -122.50,43.36,1000 -122.48,43.44,1000 -122.46,43.52,1000 -122.45,43.60,1000 -122.43,43.68,1000 -122.40,43.76,1000 -122.37,43.83,1000 -122.33,43.90,1000 -122.29,43.97,1000 -122.25,44.04,1000 -122.22,44.11,1000 -122.20,44.19,1000 -122.18,44.27,1000 -122.16,44.36,1000 -122.15,44.45,1000 -122.14,44.54,1000 -121.95,44.73,1000 
          </coordinates>
        </LinearRing>
      </outerBoundaryIs>
      <innerBoundaryIs>
        <LinearRing>
          <coordinates>
-121.91,44.60,2000 -121.83,44.57,2000 -121.75,44.53,2000 -121.68,44.49,2000 -121.62,44.45,2000 -121.56,44.40,2000 -121.52,44.34,2000 -121.48,44.29,2000 -121.45,44.22,2000 -121.44,44.16,2000 -121.44,44.10,2000 -121.44,44.03,2000 -121.45,43.97,2000 -121.47,43.91,2000 -121.51,43.85,2000 -121.56,43.79,2000 -121.61,43.74,2000 -121.65,43.69,2000 -121.68,43.62,2000 -121.70,43.56,2000 -121.71,43.48,2000 -121.72,43.42,2000 -121.73,43.36,2000 -121.74,43.30,2000 -121.75,43.24,2000 -121.76,43.18,2000 -121.77,43.11,2000 -121.77,43.05,2000 -121.78,42.99,2000 -121.80,42.93,2000 -121.84,42.86,2000 -121.89,42.80,2000 -121.94,42.74,2000 -121.99,42.69,2000 -122.04,42.64,2000 -122.10,42.61,2000 -122.18,42.61,2000 -122.27,42.62,2000 -122.34,42.65,2000 -122.40,42.70,2000 -122.44,42.77,2000 -122.47,42.84,2000 -122.48,42.90,2000 -122.48,42.97,2000 -122.47,43.04,2000 -122.46,43.11,2000 -122.45,43.18,2000 -122.45,43.24,2000 -122.44,43.31,2000 -122.43,43.37,2000 -122.42,43.43,2000 -122.41,43.50,2000 -122.39,43.56,2000 -122.37,43.63,2000 -122.34,43.69,2000 -122.31,43.75,2000 -122.27,43.82,2000 -122.24,43.88,2000 -122.21,43.93,2000 -122.19,44.00,2000 -122.18,44.05,2000 -122.17,44.11,2000 -122.15,44.17,2000 -122.13,44.23,2000 -122.11,44.30,2000 -122.09,44.37,2000 -121.91,44.60,2000 
          </coordinates>
        </LinearRing>
      </innerBoundaryIs>
  </Polygon>
 </MultiGeometry>
</Placemark>
<Placemark>
  <name>5%</name>
  <visibility>1</visibility>
  <styleUrl>#poly_5</styleUrl>
  <MultiGeometry>
    <Polygon>
      <outerBoundaryIs>
        <LinearRing>
          <coordinates>
-122.09,46.95,1000 -122.07,46.97,1000 -122.04,46.99,1000 -122.02,47.01,1000 -121.99,47.03,1000 -121.96,47.05,1000 -121.94,47.06,1000 -121.91,47.07,1000 -121.88,47.08,1000 -121.84,47.09,1000 -121.81,47.09,1000 -121.77,47.08,1000 -121.72,47.08,1000 -121.69,47.07,1000 -121.65,47.07,1000 -121.62,47.06,1000 -121.58,47.05,1000 -121.56,47.04,1000 -121.53,47.03,1000 -121.51,47.01,1000 -121.49,46.99,1000 -121.48,46.97,1000 -121.46,46.95,1000 -121.45,46.93,1000 -121.44,46.90,1000 -121.43,46.88,1000 -121.43,46.85,1000 -121.42,46.83,1000 -121.42,46.81,1000 -121.41,46.78,1000 -121.41,46.76,1000 -121.41,46.73,1000 -121.41,46.71,1000 -121.41,46.68,1000 -121.40,46.66,1000 -121.39,46.64,1000 -121.37,46.61,1000 -121.35,46.59,1000 -121.33,46.57,1000 -121.31,46.54,1000 -121.30,46.52,1000 -121.30,46.50,1000 -121.31,46.48,1000 -121.32,46.45,1000 -121.33,46.43,1000 -121.35,46.40,1000 -121.38,46.38,1000 -121.40,46.37,1000 -121.42,46.36,1000 -121.45,46.36,1000 -121.48,46.38,1000 -121.51,46.40,1000 -121.54,46.42,1000 -121.57,46.44,1000 -121.60,46.46,1000 -121.63,46.47,1000 -121.66,46.48,1000 -121.68,46.49,1000 -121.71,46.50,1000 -121.74,46.51,1000 -121.77,46.53,1000 -121.80,46.54,1000 -121.83,46.56,1000 -121.86,46.58,1000 -121.89,46.59,1000 -121.92,46.60,1000 -121.95,46.61,1000 -121.97,46.63,1000 -122.00,46.64,1000 -122.03,46.65,1000 -122.05,46.67,1000 -122.08,46.69,1000 -122.10,46.71,1000 -122.12,46.73,1000 -122.13,46.75,1000 -122.13,46.77,1000 -122.13,46.80,1000 -122.14,46.82,1000 -122.13,46.85,1000 -122.13,46.87,1000 -122.13,46.90,1000 -122.09,46.95,1000 
          </coordinates>
        </LinearRing>
      </outerBoundaryIs>
      <innerBoundaryIs>
        <LinearRing>
          <coordinates>
-121.85,47.00,2000 -121.83,47.00,2000 -121.81,47.00,2000 -121.79,46.99,2000 -121.78,46.99,2000 -121.76,46.99,2000 -121.74,46.98,2000 -121.72,46.98,2000 -121.71,46.97,2000 -121.69,46.96,2000 -121.68,46.95,2000 -121.67,46.94,2000 -121.66,46.94,2000 -121.64,46.93,2000 -121.63,46.91,2000 -121.62,46.90,2000 -121.61,46.89,2000 -121.60,46.88,2000 -121.59,46.87,2000 -121.58,46.86,2000 -121.58,46.84,2000 -121.57,46.83,2000 -121.57,46.82,2000 -121.57,46.81,2000 -121.57,46.80,2000 -121.58,46.79,2000 -121.58,46.78,2000 -121.59,46.76,2000 -121.60,46.75,2000 -121.61,46.74,2000 -121.63,46.73,2000 -121.64,46.71,2000 -121.65,46.70,2000 -121.67,46.69,2000 -121.68,46.68,2000 -121.70,46.67,2000 -121.71,46.66,2000 -121.72,46.66,2000 -121.74,46.65,2000 -121.75,46.65,2000 -121.76,46.65,2000 -121.78,46.65,2000 -121.80,46.65,2000 -121.82,46.66,2000 -121.84,46.66,2000 -121.85,46.67,2000 -121.87,46.68,2000 -121.89,46.69,2000 -121.91,46.70,2000 -121.92,46.71,2000 -121.94,46.72,2000 -121.95,46.73,2000 -121.96,46.74,2000 -121.97,46.75,2000 -121.98,46.76,2000 -121.98,46.77,2000 -121.98,46.78,2000 -121.99,46.79,2000 -121.99,46.81,2000 -121.98,46.82,2000 -121.98,46.83,2000 -121.98,46.85,2000 -121.98,46.86,2000 -121.97,46.87,2000 -121.97,46.89,2000 -121.96,46.90,2000 -121.96,46.92,2000 -121.95,46.93,2000 -121.85,47.00,2000 
          </coordinates>
        </LinearRing>
      </innerBoundaryIs>
  </Polygon>
 </MultiGeometry>
</Placemark>
<Placemark>
  <name>5%</name>
  <visibility>1</visibility>
  <styleUrl>#poly_5</styleUrl>
  <MultiGeometry>
    <Polygon>
      <outerBoundaryIs>
        <LinearRing>
          <coordinates>
-75.13,43.68,1000 -75.10,43.67,1000 -75.07,43.66,1000 -75.04,43.65,1000 -75.01,43.64,1000 -74.99,43.63,1000 -74.97,43.62,1000 -74.95,43.61,1000 -74.93,43.61,1000 -74.90,43.60,1000 -74.88,43.59,1000 -74.86,43.58,1000 -74.83,43.56,1000 -74.81,43.54,1000 -74.78,43.52,1000 -74.75,43.50,1000 -74.73,43.49,1000 -74.71,43.47,1000 -74.69,43.46,1000 -74.66,43.44,1000 -74.65,43.43,1000 -74.64,43.41,1000 -74.63,43.40,1000 -74.62,43.38,1000 -74.61,43.36,1000 -74.60,43.34,1000 -74.58,43.32,1000 -74.57,43.29,1000 -74.57,43.27,1000 -74.57,43.25,1000 -74.57,43.23,1000 -74.58,43.21,1000 -74.59,43.19,1000 -74.61,43.18,1000 -74.64,43.16,1000 -74.66,43.14,1000 -74.68,43.12,1000 -74.71,43.11,1000 -74.73,43.09,1000 -74.75,43.08,1000 -74.76,43.07,1000 -74.77,43.07,1000 -74.79,43.07,1000 -74.82,43.07,1000 -74.85,43.06,1000 -74.89,43.06,1000 -74.92,43.06,1000 -74.96,43.06,1000 -74.99,43.06,1000 -75.01,43.06,1000 -75.04,43.07,1000 -75.06,43.08,1000 -75.08,43.10,1000 -75.10,43.11,1000 -75.12,43.12,1000 -75.15,43.13,1000 -75.17,43.14,1000 -75.20,43.15,1000 -75.23,43.17,1000 -75.25,43.18,1000 -75.27,43.20,1000 -75.29,43.22,1000 -75.32,43.24,1000 -75.34,43.26,1000 -75.36,43.28,1000 -75.38,43.29,1000 -75.39,43.31,1000 -75.40,43.33,1000 -75.41,43.35,1000 -75.41,43.37,1000 -75.42,43.39,1000 -75.42,43.41,1000 -75.43,43.43,1000 -75.44,43.45,1000 -75.45,43.47,1000 -75.46,43.48,1000 -75.46,43.50,1000 -75.45,43.52,1000 -75.44,43.54,1000 -75.41,43.55,1000 -75.39,43.57,1000 -75.37,43.58,1000 -75.35,43.60,1000 -75.33,43.61,1000 -75.31,43.62,1000 -75.28,43.64,1000 -75.26,43.65,1000 -75.13,43.68,1000 
          </coordinates>
        </LinearRing>
      </outerBoundaryIs>
      <innerBoundaryIs>
        <LinearRing>
          <coordinates>
-75.15,43.58,2000 -75.13,43.58,2000 -75.10,43.57,2000 -75.08,43.57,2000 -75.06,43.56,2000 -75.04,43.56,2000 -75.01,43.55,2000 -74.99,43.54,2000 -74.97,43.54,2000 -74.95,43.53,2000 -74.94,43.53,2000 -74.92,43.52,2000 -74.90,43.51,2000 -74.88,43.50,2000 -74.86,43.49,2000 -74.85,43.48,2000 -74.84,43.47,2000 -74.82,43.46,2000 -74.81,43.44,2000 -74.80,43.43,2000 -74.79,43.42,2000 -74.78,43.40,2000 -74.78,43.39,2000 -74.77,43.37,2000 -74.76,43.35,2000 -74.76,43.34,2000 -74.75,43.32,2000 -74.74,43.31,2000 -74.74,43.29,2000 -74.73,43.28,2000 -74.73,43.27,2000 -74.72,43.25,2000 -74.71,43.24,2000 -74.71,43.24,2000 -74.71,43.23,2000 -74.74,43.22,2000 -74.75,43.22,2000 -74.77,43.21,2000 -74.79,43.20,2000 -74.80,43.20,2000 -74.83,43.19,2000 -74.85,43.18,2000 -74.87,43.17,2000 -74.89,43.17,2000 -74.92,43.16,2000 -74.94,43.15,2000 -74.96,43.15,2000 -74.98,43.15,2000 -75.00,43.15,2000 -75.02,43.15,2000 -75.04,43.16,2000 -75.06,43.17,2000 -75.08,43.18,2000 -75.10,43.19,2000 -75.12,43.20,2000 -75.14,43.21,2000 -75.15,43.22,2000 -75.17,43.23,2000 -75.18,43.24,2000 -75.20,43.25,2000 -75.21,43.26,2000 -75.23,43.27,2000 -75.24,43.28,2000 -75.25,43.28,2000 -75.26,43.30,2000 -75.26,43.31,2000 -75.27,43.32,2000 -75.27,43.33,2000 -75.28,43.35,2000 -75.28,43.36,2000 -75.29,43.38,2000 -75.29,43.39,2000 -75.30,43.41,2000 -75.30,43.43,2000 -75.31,43.44,2000 -75.31,43.46,2000 -75.32,43.48,2000 -75.15,43.58,2000 
          </coordinates>
        </LinearRing>
      </innerBoundaryIs>
  </Polygon>
 </MultiGeometry>
</Placemark>
<Placemark>
  <name>5%</name>
  <visibility>1</visibility>
  <styleUrl>#poly_5</styleUrl>
  <MultiGeometry>
    <Polygon>
      <outerBoundaryIs>
        <LinearRing>
          <coordinates>
-117.61,41.95,1000 -117.58,41.95,1000 -117.56,41.94,1000 -117.53,41.94,1000 -117.51,41.94,1000 -117.49,41.94,1000 -117.47,41.93,1000 -117.45,41.93,1000 -117.43,41.93,1000 -117.41,41.93,1000 -117.39,41.92,1000 -117.37,41.91,1000 -117.36,41.90,1000 -117.34,41.89,1000 -117.33,41.88,1000 -117.31,41.87,1000 -117.30,41.85,1000 -117.28,41.84,1000 -117.27,41.82,1000 -117.25,41.81,1000 -117.25,41.79,1000 -117.24,41.78,1000 -117.24,41.76,1000 -117.24,41.75,1000 -117.25,41.73,1000 -117.25,41.71,1000 -117.26,41.70,1000 -117.27,41.68,1000 -117.28,41.67,1000 -117.29,41.65,1000 -117.30,41.64,1000 -117.31,41.62,1000 -117.31,41.61,1000 -117.32,41.60,1000 -117.34,41.59,1000 -117.35,41.58,1000 -117.36,41.57,1000 -117.38,41.56,1000 -117.40,41.55,1000 -117.41,41.54,1000 -117.43,41.52,1000 -117.45,41.51,1000 -117.47,41.50,1000 -117.49,41.50,1000 -117.51,41.49,1000 -117.53,41.49,1000 -117.55,41.49,1000 -117.58,41.49,1000 -117.60,41.49,1000 -117.63,41.49,1000 -117.65,41.49,1000 -117.67,41.50,1000 -117.70,41.50,1000 -117.72,41.50,1000 -117.74,41.51,1000 -117.75,41.51,1000 -117.78,41.51,1000 -117.78,41.52,1000 -117.79,41.54,1000 -117.80,41.55,1000 -117.80,41.56,1000 -117.81,41.58,1000 -117.82,41.60,1000 -117.83,41.62,1000 -117.84,41.63,1000 -117.85,41.65,1000 -117.85,41.67,1000 -117.86,41.69,1000 -117.86,41.70,1000 -117.86,41.72,1000 -117.86,41.73,1000 -117.85,41.75,1000 -117.85,41.76,1000 -117.84,41.77,1000 -117.83,41.79,1000 -117.82,41.80,1000 -117.81,41.81,1000 -117.80,41.83,1000 -117.78,41.84,1000 -117.77,41.85,1000 -117.75,41.86,1000 -117.73,41.88,1000 -117.72,41.89,1000 -117.70,41.90,1000 -117.61,41.95,1000 
          </coordinates>
        </LinearRing>
      </outerBoundaryIs>
  </Polygon>
 </MultiGeometry>
</Placemark>
<Placemark>
  <name>5%</name>
  <visibility>1</visibility>
  <styleUrl>#poly_5</styleUrl>
  <MultiGeometry>
    <Polygon>
      <outerBoundaryIs>
        <LinearRing>
          <coordinates>
-116.92,43.13,1000 -116.89,43.12,1000 -116.85,43.12,1000 -116.82,43.11,1000 -116.79,43.11,1000 -116.76,43.10,1000 -116.73,43.10,1000 -116.71,43.10,1000 -116.69,43.09,1000 -116.67,43.09,1000 -116.66,43.08,1000 -116.65,43.07,1000 -116.63,43.06,1000 -116.61,43.04,1000 -116.59,43.02,1000 -116.57,43.01,1000 -116.55,42.99,1000 -116.53,42.97,1000 -116.51,42.95,1000 -116.50,42.93,1000 -116.49,42.91,1000 -116.49,42.89,1000 -116.48,42.86,1000 -116.49,42.84,1000 -116.49,42.81,1000 -116.49,42.79,1000 -116.50,42.77,1000 -116.50,42.75,1000 -116.51,42.73,1000 -116.52,42.71,1000 -116.53,42.69,1000 -116.54,42.68,1000 -116.56,42.67,1000 -116.58,42.65,1000 -116.60,42.64,1000 -116.62,42.62,1000 -116.65,42.61,1000 -116.67,42.60,1000 -116.70,42.58,1000 -116.72,42.57,1000 -116.74,42.56,1000 -116.76,42.55,1000 -116.78,42.53,1000 -116.79,42.53,1000 -116.79,42.53,1000 -116.82,42.54,1000 -116.84,42.55,1000 -116.86,42.56,1000 -116.88,42.57,1000 -116.91,42.58,1000 -116.94,42.60,1000 -116.97,42.61,1000 -117.00,42.63,1000 -117.02,42.64,1000 -117.04,42.65,1000 -117.06,42.66,1000 -117.09,42.67,1000 -117.08,42.68,1000 -117.08,42.69,1000 -117.07,42.71,1000 -117.07,42.73,1000 -117.07,42.75,1000 -117.07,42.77,1000 -117.07,42.79,1000 -117.07,42.81,1000 -117.07,42.83,1000 -117.07,42.86,1000 -117.07,42.88,1000 -117.06,42.90,1000 -117.06,42.92,1000 -117.05,42.94,1000 -117.04,42.96,1000 -117.03,42.98,1000 -117.03,43.00,1000 -117.02,43.02,1000 -117.01,43.04,1000 -116.92,43.13,1000 
          </coordinates>
        </LinearRing>
      </outerBoundaryIs>
      <innerBoundaryIs>
        <LinearRing>
          <coordinates>
-116.87,42.91,2000 -116.86,42.91,2000 -116.85,42.91,2000 -116.84,42.91,2000 -116.83,42.91,2000 -116.82,42.90,2000 -116.81,42.89,2000 -116.81,42.88,2000 -116.80,42.88,2000 -116.80,42.87,2000 -116.79,42.86,2000 -116.79,42.86,2000 -116.78,42.85,2000 -116.77,42.84,2000 -116.77,42.83,2000 -116.76,42.82,2000 -116.76,42.81,2000 -116.75,42.80,2000 -116.75,42.79,2000 -116.74,42.78,2000 -116.74,42.77,2000 -116.74,42.76,2000 -116.73,42.75,2000 -116.73,42.74,2000 -116.73,42.74,2000 -116.73,42.73,2000 -116.73,42.72,2000 -116.74,42.71,2000 -116.75,42.70,2000 -116.75,42.69,2000 -116.77,42.69,2000 -116.78,42.68,2000 -116.79,42.68,2000 -116.80,42.67,2000 -116.81,42.67,2000 -116.82,42.67,2000 -116.83,42.67,2000 -116.84,42.67,2000 -116.85,42.67,2000 -116.86,42.68,2000 -116.87,42.68,2000 -116.88,42.69,2000 -116.89,42.70,2000 -116.89,42.71,2000 -116.89,42.72,2000 -116.89,42.72,2000 -116.89,42.73,2000 -116.89,42.74,2000 -116.89,42.74,2000 -116.89,42.75,2000 -116.89,42.76,2000 -116.89,42.77,2000 -116.89,42.78,2000 -116.89,42.79,2000 -116.89,42.80,2000 -116.89,42.81,2000 -116.89,42.82,2000 -116.89,42.83,2000 -116.89,42.84,2000 -116.88,42.85,2000 -116.88,42.86,2000 -116.88,42.87,2000 -116.88,42.88,2000 -116.87,42.91,2000 
          </coordinates>
        </LinearRing>
      </innerBoundaryIs>
  </Polygon>
 </MultiGeometry>
</Placemark>
<Placemark>
  <name>5%</name>
  <visibility>1</visibility>
  <styleUrl>#poly_5</styleUrl>
  <MultiGeometry>
    <Polygon>
      <outerBoundaryIs>
        <LinearRing>
          <coordinates>
-116.48,51.80,1000 -116.20,51.91,1000 -115.86,51.90,1000 -115.47,51.79,1000 -115.00,51.65,1000 -114.63,51.41,1000 -114.45,51.16,1000 -114.31,50.95,1000 -114.22,50.72,1000 -114.10,50.38,1000 -113.97,50.03,1000 -113.87,49.65,1000 -113.51,49.51,1000 -112.97,49.48,1000 -112.59,49.46,1000 -112.24,49.42,1000 -111.92,49.27,1000 -111.76,49.19,1000 -111.49,49.17,1000 -111.21,49.13,1000 -111.10,49.03,1000 -111.19,48.76,1000 -111.68,48.73,1000 -112.22,48.73,1000 -112.65,48.64,1000 -112.80,48.47,1000 -112.63,48.29,1000 -112.37,47.98,1000 -112.48,47.67,1000 -112.44,47.43,1000 -112.11,47.28,1000 -111.79,47.37,1000 -111.48,47.58,1000 -111.13,47.72,1000 -110.62,47.76,1000 -110.21,47.66,1000 -109.91,47.35,1000 -109.52,47.29,1000 -109.14,47.22,1000 -108.97,46.85,1000 -109.03,46.66,1000 -109.20,46.55,1000 -109.52,46.54,1000 -109.80,46.69,1000 -110.07,46.49,1000 -110.02,46.08,1000 -110.23,45.81,1000 -109.96,45.67,1000 -109.65,45.51,1000 -109.35,45.34,1000 -109.13,45.19,1000 -109.08,45.02,1000 -109.14,44.81,1000 -109.30,44.55,1000 -109.30,44.35,1000 -109.20,44.15,1000 -109.30,43.82,1000 -109.37,43.49,1000 -109.11,43.23,1000 -108.90,42.92,1000 -108.93,42.73,1000 -109.06,42.60,1000 -109.22,42.53,1000 -109.46,42.55,1000 -109.80,42.74,1000 -110.13,42.87,1000 -110.26,42.69,1000 -110.33,42.45,1000 -110.58,42.22,1000 -111.03,42.15,1000 -111.14,41.94,1000 -111.18,41.72,1000 -111.14,41.53,1000 -111.30,41.18,1000 -110.92,41.04,1000 -110.52,40.92,1000 -110.45,40.72,1000 -110.54,40.57,1000 -110.70,40.43,1000 -111.01,40.33,1000 -111.30,40.39,1000 -111.45,40.60,1000 -111.37,40.85,1000 -111.16,41.00,1000 -111.29,41.12,1000 -111.56,41.10,1000 -111.80,41.39,1000 -111.93,41.62,1000 -112.02,41.84,1000 -111.95,42.11,1000 -111.96,42.41,1000 -112.15,42.64,1000 -112.16,42.84,1000 -112.08,42.91,1000 -111.82,42.72,1000 -111.79,42.89,1000 -111.72,43.22,1000 -111.63,43.56,1000 -111.49,43.85,1000 -111.52,44.10,1000 -111.63,44.16,1000 -111.92,44.18,1000 -112.26,44.17,1000 -112.82,44.05,1000 -113.22,43.95,1000 -113.54,43.70,1000 -113.79,43.49,1000 -114.29,43.43,1000 -114.81,43.30,1000 -115.33,43.28,1000 -115.73,43.37,1000 -115.88,43.56,1000 -115.98,43.98,1000 -116.21,44.36,1000 -116.40,44.59,1000 -116.56,44.88,1000 -116.85,44.86,1000 -117.19,44.82,1000 -117.72,44.88,1000 -117.90,44.72,1000 -118.07,44.45,1000 -118.16,44.13,1000 -118.39,43.98,1000 -118.63,43.91,1000 -119.06,43.81,1000 -119.50,43.73,1000 -119.78,43.84,1000 -119.80,44.07,1000 -119.88,44.15,1000 -120.27,44.22,1000 -120.43,44.30,1000 -120.44,44.46,1000 -120.19,44.60,1000 -119.94,44.61,1000 -119.80,44.54,1000 -119.47,44.44,1000 -119.29,44.52,1000 -119.20,44.65,1000 -119.06,45.01,1000 -118.86,45.26,1000 -118.64,45.36,1000 -118.36,45.35,1000 -118.09,45.36,1000 -117.80,45.59,1000 -117.50,45.65,1000 -117.24,45.59,1000 -116.93,45.46,1000 -116.49,45.54,1000 -116.23,45.73,1000 -116.08,45.84,1000 -115.81,45.90,1000 -115.56,45.95,1000 -115.52,46.06,1000 -115.54,46.26,1000 -115.47,46.48,1000 -115.40,46.77,1000 -115.50,46.96,1000 -115.41,47.14,1000 -115.10,47.21,1000 -114.84,47.10,1000 -114.51,46.91,1000 -114.21,46.95,1000 -114.22,47.11,1000 -114.32,47.33,1000 -114.34,47.55,1000 -114.14,47.82,1000 -113.94,48.09,1000 -113.98,48.36,1000 -114.17,48.60,1000 -114.48,48.76,1000 -114.74,48.97,1000 -115.01,49.22,1000 -115.09,49.60,1000 -115.23,49.67,1000 -115.53,49.65,1000 -115.70,49.67,1000 -115.83,49.58,1000 -115.92,49.51,1000 -116.03,49.32,1000 -116.23,49.27,1000 -116.59,49.37,1000 -116.70,49.44,1000 -116.79,49.67,1000 -116.89,49.87,1000 -116.99,50.10,1000 -117.11,50.51,1000 -117.30,50.83,1000 -117.41,50.96,1000 -117.44,51.16,1000 -117.33,51.23,1000 -117.08,51.25,1000 -116.54,51.06,1000 -116.25,50.84,1000 -116.00,50.60,1000 -115.84,50.19,1000 -115.55,50.18,1000 -115.60,50.39,1000 -115.88,50.67,1000 -116.24,50.95,1000 -116.56,51.25,1000 -116.57,51.64,1000 -116.48,51.80,1000 
          </coordinates>
        </LinearRing>
      </outerBoundaryIs>
      <innerBoundaryIs>
        <LinearRing>
          <coordinates>
-111.91,46.04,1000 -111.89,46.05,1000 -111.87,46.06,1000 -111.85,46.07,1000 -111.83,46.08,1000 -111.81,46.08,1000 -111.79,46.09,1000 -111.76,46.10,1000 -111.74,46.11,1000 -111.72,46.11,1000 -111.70,46.12,1000 -111.68,46.12,1000 -111.66,46.12,1000 -111.63,46.13,1000 -111.61,46.13,1000 -111.59,46.13,1000 -111.56,46.13,1000 -111.54,46.13,1000 -111.52,46.13,1000 -111.49,46.13,1000 -111.47,46.13,1000 -111.46,46.12,1000 -111.44,46.12,1000 -111.42,46.11,1000 -111.40,46.11,1000 -111.39,46.10,1000 -111.38,46.08,1000 -111.37,46.07,1000 -111.36,46.06,1000 -111.35,46.04,1000 -111.34,46.03,1000 -111.34,46.02,1000 -111.33,46.00,1000 -111.32,45.99,1000 -111.32,45.97,1000 -111.31,45.96,1000 -111.31,45.94,1000 -111.30,45.93,1000 -111.30,45.91,1000 -111.30,45.89,1000 -111.30,45.88,1000 -111.30,45.86,1000 -111.30,45.85,1000 -111.31,45.83,1000 -111.31,45.81,1000 -111.31,45.80,1000 -111.32,45.78,1000 -111.33,45.76,1000 -111.33,45.75,1000 -111.34,45.74,1000 -111.36,45.73,1000 -111.37,45.72,1000 -111.39,45.72,1000 -111.40,45.71,1000 -111.43,45.71,1000 -111.45,45.71,1000 -111.47,45.72,1000 -111.50,45.72,1000 -111.52,45.73,1000 -111.55,45.73,1000 -111.57,45.74,1000 -111.60,45.74,1000 -111.62,45.75,1000 -111.64,45.76,1000 -111.67,45.76,1000 -111.69,45.77,1000 -111.71,45.78,1000 -111.74,45.79,1000 -111.76,45.79,1000 -111.78,45.80,1000 -111.80,45.81,1000 -111.82,45.82,1000 -111.84,45.82,1000 -111.85,45.83,1000 -111.87,45.84,1000 -111.88,45.85,1000 -111.89,45.86,1000 -111.90,45.86,1000 -111.92,45.87,1000 -111.93,45.88,1000 -111.95,45.89,1000 -111.96,45.90,1000 -111.98,45.92,1000 -112.00,45.93,1000 -112.02,45.94,1000 -112.04,45.95,1000 -112.06,45.97,1000 -112.08,45.98,1000 -111.91,46.04,1000 
          </coordinates>
        </LinearRing>
      </innerBoundaryIs>
      <innerBoundaryIs>
        <LinearRing>
          <coordinates>
-113.57,46.94,1000 -113.55,46.95,1000 -113.53,46.96,1000 -113.51,46.98,1000 -113.49,46.99,1000 -113.47,47.00,1000 -113.45,47.01,1000 -113.43,47.02,1000 -113.41,47.02,1000 -113.38,47.03,1000 -113.36,47.03,1000 -113.34,47.03,1000 -113.32,47.03,1000 -113.30,47.02,1000 -113.28,47.02,1000 -113.25,47.01,1000 -113.23,47.00,1000 -113.20,46.99,1000 -113.18,46.98,1000 -113.16,46.97,1000 -113.14,46.96,1000 -113.12,46.95,1000 -113.10,46.94,1000 -113.08,46.94,1000 -113.07,46.93,1000 -113.04,46.93,1000 -113.04,46.92,1000 -113.03,46.91,1000 -113.03,46.90,1000 -113.02,46.88,1000 -113.01,46.86,1000 -113.00,46.84,1000 -112.99,46.82,1000 -112.98,46.81,1000 -112.98,46.79,1000 -112.97,46.77,1000 -112.97,46.76,1000 -112.97,46.74,1000 -112.98,46.73,1000 -112.99,46.71,1000 -113.00,46.71,1000 -113.03,46.70,1000 -113.05,46.70,1000 -113.07,46.70,1000 -113.09,46.70,1000 -113.11,46.70,1000 -113.14,46.70,1000 -113.16,46.70,1000 -113.19,46.70,1000 -113.22,46.70,1000 -113.24,46.70,1000 -113.26,46.70,1000 -113.28,46.70,1000 -113.31,46.70,1000 -113.34,46.70,1000 -113.36,46.70,1000 -113.38,46.70,1000 -113.40,46.71,1000 -113.42,46.72,1000 -113.43,46.72,1000 -113.45,46.73,1000 -113.46,46.74,1000 -113.48,46.75,1000 -113.50,46.76,1000 -113.52,46.77,1000 -113.54,46.78,1000 -113.56,46.79,1000 -113.58,46.79,1000 -113.60,46.80,1000 -113.62,46.81,1000 -113.64,46.81,1000 -113.67,46.82,1000 -113.69,46.82,1000 -113.71,46.83,1000 -113.74,46.84,1000 -113.76,46.84,1000 -113.79,46.85,1000 -113.57,46.94,1000 
          </coordinates>
        </LinearRing>
      </innerBoundaryIs>
      <innerBoundaryIs>
        <LinearRing>
          <coordinates>
-111.70,46.21,2000 -111.66,46.21,2000 -111.62,46.22,2000 -111.58,46.22,2000 -111.54,46.23,2000 -111.51,46.23,2000 -111.48,46.23,2000 -111.46,46.23,2000 -111.44,46.23,2000 -111.42,46.21,2000 -111.41,46.20,2000 -111.39,46.18,2000 -111.36,46.17,2000 -111.34,46.15,2000 -111.32,46.13,2000 -111.29,46.11,2000 -111.27,46.09,2000 -111.25,46.07,2000 -111.24,46.05,2000 -111.23,46.03,2000 -111.22,46.01,2000 -111.21,45.99,2000 -111.21,45.97,2000 -111.21,45.94,2000 -111.21,45.92,2000 -111.21,45.90,2000 -111.21,45.88,2000 -111.21,45.86,2000 -111.22,45.83,2000 -111.23,45.81,2000 -111.24,45.79,2000 -111.25,45.76,2000 -111.26,45.74,2000 -111.27,45.73,2000 -111.28,45.71,2000 -111.30,45.69,2000 -111.32,45.68,2000 -111.36,45.67,2000 -111.39,45.67,2000 -111.42,45.67,2000 -111.46,45.67,2000 -111.50,45.67,2000 -111.54,45.67,2000 -111.58,45.67,2000 -111.60,45.67,2000 -111.63,45.68,2000 -111.65,45.69,2000 -111.67,45.70,2000 -111.70,45.71,2000 -111.73,45.73,2000 -111.76,45.74,2000 -111.79,45.76,2000 -111.82,45.77,2000 -111.84,45.78,2000 -111.87,45.79,2000 -111.90,45.80,2000 -111.94,45.80,2000 -111.97,45.80,2000 -112.00,45.80,2000 -112.03,45.81,2000 -112.05,45.81,2000 -112.07,45.82,2000 -112.09,45.83,2000 -112.10,45.84,2000 -112.13,45.86,2000 -112.15,45.87,2000 -112.18,45.88,2000 -112.22,45.89,2000 -112.26,45.90,2000 -112.29,45.91,2000 -112.33,45.92,2000 -112.35,45.93,2000 -112.37,45.94,2000 -112.38,45.95,2000 -112.37,45.96,2000 -112.35,45.97,2000 -112.31,45.98,2000 -112.27,45.98,2000 -112.23,45.99,2000 -112.19,46.00,2000 -112.15,46.01,2000 -112.12,46.02,2000 -112.09,46.03,2000 -112.07,46.04,2000 -112.04,46.05,2000 -112.01,46.07,2000 -111.98,46.08,2000 -111.96,46.09,2000 -111.93,46.10,2000 -111.90,46.11,2000 -111.88,46.12,2000 -111.85,46.14,2000 -111.82,46.15,2000 -111.80,46.16,2000 -111.77,46.17,2000 -111.75,46.18,2000 -111.70,46.21,2000 
          </coordinates>
        </LinearRing>
      </innerBoundaryIs>
      <innerBoundaryIs>
        <LinearRing>
          <coordinates>
-109.62,47.09,2000 -109.59,47.10,2000 -109.56,47.10,2000 -109.53,47.11,2000 -109.50,47.12,2000 -109.47,47.12,2000 -109.44,47.13,2000 -109.41,47.13,2000 -109.39,47.13,2000 -109.37,47.13,2000 -109.35,47.13,2000 -109.33,47.12,2000 -109.31,47.11,2000 -109.30,47.09,2000 -109.29,47.08,2000 -109.27,47.06,2000 -109.26,47.05,2000 -109.24,47.03,2000 -109.23,47.02,2000 -109.21,47.00,2000 -109.19,46.99,2000 -109.18,46.97,2000 -109.16,46.95,2000 -109.15,46.93,2000 -109.14,46.92,2000 -109.13,46.90,2000 -109.12,46.88,2000 -109.12,46.86,2000 -109.11,46.84,2000 -109.11,46.82,2000 -109.10,46.80,2000 -109.11,46.78,2000 -109.11,46.76,2000 -109.11,46.75,2000 -109.12,46.73,2000 -109.13,46.71,2000 -109.14,46.70,2000 -109.16,46.68,2000 -109.18,46.67,2000 -109.20,46.65,2000 -109.22,46.64,2000 -109.24,46.63,2000 -109.27,46.62,2000 -109.29,46.61,2000 -109.31,46.61,2000 -109.34,46.61,2000 -109.37,46.61,2000 -109.40,46.61,2000 -109.42,46.61,2000 -109.45,46.62,2000 -109.48,46.62,2000 -109.51,46.63,2000 -109.53,46.64,2000 -109.55,46.64,2000 -109.58,46.65,2000 -109.60,46.65,2000 -109.61,46.66,2000 -109.62,46.67,2000 -109.64,46.69,2000 -109.65,46.70,2000 -109.66,46.71,2000 -109.67,46.73,2000 -109.69,46.75,2000 -109.70,46.76,2000 -109.71,46.78,2000 -109.72,46.80,2000 -109.73,46.82,2000 -109.74,46.83,2000 -109.75,46.85,2000 -109.76,46.87,2000 -109.76,46.89,2000 -109.77,46.91,2000 -109.77,46.92,2000 -109.77,46.94,2000 -109.78,46.96,2000 -109.78,46.98,2000 -109.78,47.00,2000 -109.78,47.02,2000 -109.62,47.09,2000 
          </coordinates>
        </LinearRing>
      </innerBoundaryIs>
      <innerBoundaryIs>
        <LinearRing>
          <coordinates>
-112.59,45.69,2000 -112.58,45.68,2000 -112.56,45.67,2000 -112.55,45.66,2000 -112.53,45.65,2000 -112.52,45.63,2000 -112.51,45.62,2000 -112.50,45.60,2000 -112.49,45.59,2000 -112.49,45.57,2000 -112.49,45.56,2000 -112.48,45.54,2000 -112.48,45.53,2000 -112.48,45.51,2000 -112.47,45.50,2000 -112.47,45.48,2000 -112.47,45.46,2000 -112.47,45.45,2000 -112.47,45.43,2000 -112.47,45.41,2000 -112.47,45.39,2000 -112.47,45.37,2000 -112.47,45.35,2000 -112.48,45.33,2000 -112.48,45.32,2000 -112.48,45.30,2000 -112.49,45.28,2000 -112.50,45.27,2000 -112.50,45.26,2000 -112.51,45.26,2000 -112.52,45.26,2000 -112.53,45.27,2000 -112.54,45.27,2000 -112.56,45.29,2000 -112.57,45.30,2000 -112.59,45.31,2000 -112.61,45.33,2000 -112.62,45.35,2000 -112.63,45.36,2000 -112.65,45.38,2000 -112.65,45.40,2000 -112.66,45.41,2000 -112.66,45.42,2000 -112.66,45.44,2000 -112.66,45.45,2000 -112.66,45.47,2000 -112.66,45.48,2000 -112.65,45.50,2000 -112.65,45.51,2000 -112.64,45.53,2000 -112.63,45.54,2000 -112.63,45.56,2000 -112.62,45.57,2000 -112.61,45.59,2000 -112.59,45.69,2000 
          </coordinates>
        </LinearRing>
      </innerBoundaryIs>
      <innerBoundaryIs>
        <LinearRing>
          <coordinates>
-120.16,44.47,2000 -120.15,44.47,2000 -120.13,44.47,2000 -120.12,44.47,2000 -120.10,44.47,2000 -120.09,44.47,2000 -120.08,44.47,2000 -120.06,44.47,2000 -120.05,44.47,2000 -120.04,44.47,2000 -120.02,44.47,2000 -120.01,44.47,2000 -120.00,44.47,2000 -119.99,44.47,2000 -119.97,44.47,2000 -119.96,44.46,2000 -119.95,44.46,2000 -119.94,44.46,2000 -119.93,44.46,2000 -119.93,44.46,2000 -119.92,44.46,2000 -119.91,44.46,2000 -119.89,44.46,2000 -119.88,44.45,2000 -119.87,44.45,2000 -119.86,44.44,2000 -119.86,44.44,2000 -119.86,44.43,2000 -119.86,44.42,2000 -119.86,44.42,2000 -119.86,44.41,2000 -119.86,44.41,2000 -119.87,44.40,2000 -119.89,44.39,2000 -119.90,44.39,2000 -119.91,44.38,2000 -119.91,44.38,2000 -119.92,44.38,2000 -119.94,44.37,2000 -119.95,44.37,2000 -119.96,44.37,2000 -119.97,44.36,2000 -119.98,44.36,2000 -120.00,44.35,2000 -120.01,44.35,2000 -120.02,44.35,2000 -120.04,44.34,2000 -120.05,44.34,2000 -120.06,44.34,2000 -120.08,44.34,2000 -120.09,44.33,2000 -120.10,44.33,2000 -120.11,44.33,2000 -120.12,44.33,2000 -120.13,44.33,2000 -120.15,44.33,2000 -120.16,44.33,2000 -120.17,44.33,2000 -120.18,44.34,2000 -120.19,44.34,2000 -120.20,44.34,2000 -120.21,44.35,2000 -120.22,44.35,2000 -120.23,44.36,2000 -120.24,44.36,2000 -120.25,44.37,2000 -120.26,44.37,2000 -120.27,44.38,2000 -120.16,44.47,2000 
          </coordinates>
        </LinearRing>
      </innerBoundaryIs>
      <innerBoundaryIs>
        <LinearRing>
          <coordinates>
-114.09,44.61,2000 -114.08,44.61,2000 -114.07,44.61,2000 -114.06,44.61,2000 -114.05,44.59,2000 -114.05,44.58,2000 -114.04,44.58,2000 -114.04,44.57,2000 -114.03,44.56,2000 -114.03,44.55,2000 -114.02,44.53,2000 -114.01,44.52,2000 -114.01,44.51,2000 -114.00,44.50,2000 -114.00,44.49,2000 -113.99,44.47,2000 -113.99,44.46,2000 -113.99,44.45,2000 -113.98,44.44,2000 -113.98,44.43,2000 -113.98,44.42,2000 -113.98,44.41,2000 -113.98,44.39,2000 -113.98,44.38,2000 -113.98,44.37,2000 -113.99,44.35,2000 -113.99,44.34,2000 -114.00,44.33,2000 -114.00,44.32,2000 -114.01,44.32,2000 -114.02,44.31,2000 -114.03,44.31,2000 -114.04,44.31,2000 -114.05,44.31,2000 -114.06,44.31,2000 -114.08,44.32,2000 -114.09,44.32,2000 -114.11,44.33,2000 -114.12,44.33,2000 -114.14,44.34,2000 -114.16,44.35,2000 -114.17,44.36,2000 -114.18,44.36,2000 -114.20,44.37,2000 -114.21,44.38,2000 -114.21,44.39,2000 -114.22,44.40,2000 -114.22,44.41,2000 -114.22,44.42,2000 -114.22,44.43,2000 -114.22,44.44,2000 -114.22,44.44,2000 -114.22,44.46,2000 -114.21,44.47,2000 -114.21,44.48,2000 -114.20,44.49,2000 -114.20,44.50,2000 -114.19,44.51,2000 -114.18,44.52,2000 -114.17,44.53,2000 -114.17,44.54,2000 -114.16,44.56,2000 -114.15,44.57,2000 -114.14,44.58,2000 -114.09,44.61,2000 
          </coordinates>
        </LinearRing>
      </innerBoundaryIs>
      <innerBoundaryIs>
        <LinearRing>
          <coordinates>
-116.23,51.86,2000 -115.97,51.89,2000 -115.76,51.83,2000 -115.42,51.70,2000 -115.03,51.59,2000 -114.85,51.43,2000 -114.78,51.27,2000 -114.54,51.06,2000 -114.39,50.82,2000 -114.28,50.49,2000 -114.11,50.13,2000 -114.05,49.81,2000 -113.97,49.52,2000 -113.62,49.42,2000 -113.35,49.38,2000 -112.89,49.37,2000 -112.43,49.35,2000 -112.11,49.20,2000 -111.94,49.04,2000 -112.21,48.86,2000 -112.50,48.79,2000 -112.92,48.62,2000 -112.84,48.36,2000 -112.57,48.10,2000 -112.50,47.90,2000 -112.60,47.64,2000 -112.56,47.43,2000 -112.41,47.31,2000 -112.14,47.16,2000 -111.97,47.21,2000 -111.69,47.34,2000 -111.35,47.49,2000 -111.04,47.60,2000 -110.77,47.68,2000 -110.41,47.66,2000 -110.17,47.50,2000 -109.93,47.15,2000 -109.87,46.97,2000 -109.93,46.80,2000 -110.19,46.53,2000 -110.22,46.31,2000 -110.12,46.12,2000 -110.28,45.93,2000 -110.40,45.74,2000 -109.99,45.63,2000 -109.66,45.48,2000 -109.39,45.32,2000 -109.18,45.10,2000 -109.24,44.83,2000 -109.38,44.60,2000 -109.46,44.47,2000 -109.43,44.32,2000 -109.30,44.16,2000 -109.25,43.99,2000 -109.37,43.79,2000 -109.58,43.60,2000 -109.40,43.41,2000 -109.14,43.17,2000 -109.02,42.96,2000 -109.03,42.76,2000 -109.26,42.61,2000 -109.53,42.65,2000 -109.91,42.88,2000 -110.20,42.98,2000 -110.32,42.64,2000 -110.41,42.48,2000 -110.70,42.28,2000 -111.06,42.26,2000 -111.23,42.05,2000 -111.27,41.77,2000 -111.29,41.40,2000 -111.34,41.31,2000 -111.58,41.28,2000 -111.74,41.53,2000 -111.90,41.88,2000 -111.88,42.10,2000 -111.83,42.31,2000 -111.72,42.57,2000 -111.56,42.82,2000 -111.62,43.19,2000 -111.58,43.41,2000 -111.51,43.62,2000 -111.41,43.85,2000 -111.37,44.03,2000 -111.49,44.16,2000 -111.86,44.26,2000 -112.08,44.27,2000 -112.57,44.23,2000 -112.91,44.15,2000 -113.21,44.05,2000 -113.46,43.89,2000 -113.67,43.68,2000 -114.08,43.56,2000 -114.63,43.42,2000 -115.07,43.33,2000 -115.54,43.38,2000 -115.69,43.48,2000 -115.80,43.68,2000 -115.89,44.05,2000 -116.03,44.25,2000 -116.20,44.56,2000 -116.33,44.87,2000 -116.57,44.97,2000 -116.84,44.98,2000 -117.03,44.91,2000 -117.42,44.89,2000 -117.87,45.03,2000 -117.91,44.85,2000 -118.03,44.71,2000 -118.20,44.47,2000 -118.27,44.17,2000 -118.60,43.98,2000 -118.88,43.94,2000 -119.15,43.92,2000 -119.43,43.85,2000 -119.69,43.94,2000 -119.57,44.19,2000 -119.26,44.36,2000 -119.10,44.54,2000 -119.03,44.86,2000 -118.95,45.06,2000 -118.67,45.26,2000 -118.42,45.28,2000 -118.13,45.22,2000 -117.91,45.38,2000 -117.74,45.53,2000 -117.52,45.57,2000 -117.10,45.47,2000 -116.94,45.39,2000 -116.67,45.43,2000 -116.24,45.55,2000 -116.04,45.76,2000 -115.55,45.87,2000 -115.40,46.13,2000 -115.26,46.48,2000 -115.17,46.76,2000 -115.26,47.05,2000 -115.00,47.06,2000 -114.79,46.93,2000 -114.38,46.82,2000 -114.10,46.72,2000 -113.81,46.64,2000 -113.35,46.65,2000 -113.09,46.63,2000 -112.85,46.77,2000 -112.94,46.93,2000 -113.12,47.01,2000 -113.42,47.09,2000 -113.78,46.97,2000 -113.95,47.00,2000 -114.11,47.14,2000 -114.25,47.39,2000 -114.19,47.65,2000 -113.87,47.86,2000 -113.77,48.08,2000 -113.84,48.37,2000 -114.02,48.55,2000 -114.24,48.72,2000 -114.48,48.90,2000 -114.71,49.08,2000 -114.89,49.24,2000 -114.97,49.40,2000 -114.93,49.58,2000 -115.00,49.74,2000 -115.21,49.81,2000 -115.47,49.78,2000 -115.78,49.82,2000 -115.99,49.62,2000 -116.11,49.45,2000 -116.32,49.40,2000 -116.49,49.44,2000 -116.62,49.62,2000 -116.79,49.93,2000 -116.95,50.26,2000 -117.03,50.59,2000 -117.18,50.92,2000 -117.08,51.11,2000 -116.76,51.01,2000 -116.52,50.91,2000 -116.21,50.66,2000 -116.04,50.48,2000 -115.91,50.17,2000 -115.75,49.88,2000 -115.47,50.05,2000 -115.42,50.24,2000 -115.52,50.40,2000 -115.72,50.64,2000 -116.00,50.97,2000 -116.28,51.14,2000 -116.40,51.33,2000 -116.47,51.61,2000 -116.38,51.78,2000 -116.23,51.86,2000 
          </coordinates>
        </LinearRing>
      </innerBoundaryIs>
      <innerBoundaryIs>
        <LinearRing>
          <coordinates>
-111.06,40.97,2000 -111.03,40.97,2000 -111.01,40.97,2000 -110.98,40.98,2000 -110.95,40.98,2000 -110.93,40.98,2000 -110.90,40.98,2000 -110.88,40.98,2000 -110.85,40.97,2000 -110.83,40.97,2000 -110.80,40.96,2000 -110.78,40.96,2000 -110.75,40.95,2000 -110.73,40.94,2000 -110.71,40.93,2000 -110.69,40.92,2000 -110.67,40.90,2000 -110.65,40.89,2000 -110.64,40.88,2000 -110.62,40.86,2000 -110.61,40.84,2000 -110.60,40.82,2000 -110.59,40.80,2000 -110.58,40.78,2000 -110.57,40.76,2000 -110.57,40.74,2000 -110.57,40.72,2000 -110.57,40.70,2000 -110.58,40.68,2000 -110.59,40.67,2000 -110.60,40.65,2000 -110.61,40.63,2000 -110.63,40.61,2000 -110.64,40.59,2000 -110.66,40.57,2000 -110.67,40.56,2000 -110.68,40.54,2000 -110.69,40.53,2000 -110.71,40.51,2000 -110.71,40.50,2000 -110.73,40.49,2000 -110.75,40.48,2000 -110.77,40.47,2000 -110.79,40.46,2000 -110.81,40.45,2000 -110.84,40.44,2000 -110.86,40.43,2000 -110.89,40.42,2000 -110.92,40.42,2000 -110.94,40.41,2000 -110.97,40.41,2000 -110.99,40.41,2000 -111.02,40.42,2000 -111.05,40.42,2000 -111.08,40.43,2000 -111.10,40.44,2000 -111.13,40.45,2000 -111.15,40.46,2000 -111.18,40.47,2000 -111.20,40.47,2000 -111.21,40.48,2000 -111.22,40.49,2000 -111.23,40.50,2000 -111.24,40.52,2000 -111.25,40.53,2000 -111.26,40.55,2000 -111.28,40.57,2000 -111.29,40.60,2000 -111.30,40.62,2000 -111.31,40.63,2000 -111.31,40.65,2000 -111.31,40.67,2000 -111.30,40.69,2000 -111.29,40.70,2000 -111.28,40.72,2000 -111.27,40.73,2000 -111.26,40.75,2000 -111.25,40.77,2000 -111.25,40.79,2000 -111.24,40.80,2000 -111.24,40.82,2000 -111.23,40.84,2000 -111.06,40.97,2000 
          </coordinates>
        </LinearRing>
      </innerBoundaryIs>
  </Polygon>
 </MultiGeometry>
</Placemark>
<Placemark>
  <name>5%</name>
  <visibility>1</visibility>
  <styleUrl>#poly_5</styleUrl>
  <MultiGeometry>
    <Polygon>
      <outerBoundaryIs>
        <LinearRing>
          <coordinates>
-71.31,44.47,1000 -71.30,44.46,1000 -71.28,44.46,1000 -71.27,44.45,1000 -71.26,44.45,1000 -71.25,44.44,1000 -71.24,44.43,1000 -71.23,44.41,1000 -71.22,44.40,1000 -71.22,44.39,1000 -71.21,44.38,1000 -71.21,44.37,1000 -71.20,44.36,1000 -71.20,44.34,1000 -71.19,44.33,1000 -71.19,44.32,1000 -71.18,44.30,1000 -71.18,44.29,1000 -71.18,44.28,1000 -71.18,44.26,1000 -71.18,44.25,1000 -71.18,44.24,1000 -71.18,44.23,1000 -71.19,44.22,1000 -71.20,44.21,1000 -71.21,44.20,1000 -71.22,44.19,1000 -71.23,44.18,1000 -71.25,44.17,1000 -71.27,44.16,1000 -71.28,44.16,1000 -71.30,44.15,1000 -71.32,44.14,1000 -71.34,44.14,1000 -71.35,44.13,1000 -71.37,44.13,1000 -71.39,44.13,1000 -71.40,44.13,1000 -71.41,44.13,1000 -71.43,44.14,1000 -71.44,44.14,1000 -71.46,44.15,1000 -71.47,44.16,1000 -71.49,44.17,1000 -71.50,44.18,1000 -71.51,44.19,1000 -71.53,44.20,1000 -71.54,44.21,1000 -71.55,44.23,1000 -71.56,44.24,1000 -71.56,44.25,1000 -71.57,44.26,1000 -71.57,44.27,1000 -71.57,44.28,1000 -71.57,44.29,1000 -71.56,44.30,1000 -71.56,44.31,1000 -71.55,44.32,1000 -71.54,44.33,1000 -71.53,44.34,1000 -71.52,44.35,1000 -71.51,44.36,1000 -71.50,44.38,1000 -71.49,44.39,1000 -71.47,44.40,1000 -71.46,44.41,1000 -71.44,44.42,1000 -71.43,44.43,1000 -71.31,44.47,1000 
          </coordinates>
        </LinearRing>
      </outerBoundaryIs>
  </Polygon>
 </MultiGeometry>
</Placemark>
<Placemark>
  <name>5%</name>
  <visibility>1</visibility>
  <styleUrl>#poly_5</styleUrl>
  <MultiGeometry>
    <Polygon>
      <outerBoundaryIs>
        <LinearRing>
          <coordinates>
-72.91,49.11,1000 -72.88,49.06,1000 -72.85,49.01,1000 -72.82,48.96,1000 -72.80,48.91,1000 -72.77,48.86,1000 -72.75,48.82,1000 -72.73,48.78,1000 -72.70,48.72,1000 -72.68,48.67,1000 -72.66,48.63,1000 -72.65,48.58,1000 -72.64,48.54,1000 -72.63,48.49,1000 -72.63,48.45,1000 -72.63,48.40,1000 -72.65,48.35,1000 -72.67,48.31,1000 -72.71,48.26,1000 -72.75,48.21,1000 -72.79,48.15,1000 -72.84,48.10,1000 -72.88,48.06,1000 -72.92,48.02,1000 -72.97,47.98,1000 -73.03,47.95,1000 -73.08,47.92,1000 -73.14,47.90,1000 -73.19,47.88,1000 -73.26,47.86,1000 -73.32,47.84,1000 -73.39,47.83,1000 -73.47,47.83,1000 -73.54,47.84,1000 -73.62,47.85,1000 -73.70,47.86,1000 -73.78,47.88,1000 -73.86,47.89,1000 -73.93,47.90,1000 -73.99,47.91,1000 -74.06,47.92,1000 -74.13,47.92,1000 -74.21,47.91,1000 -74.27,47.89,1000 -74.33,47.87,1000 -74.40,47.84,1000 -74.48,47.81,1000 -74.55,47.78,1000 -74.61,47.76,1000 -74.68,47.73,1000 -74.73,47.72,1000 -74.82,47.71,1000 -74.88,47.72,1000 -74.94,47.74,1000 -75.00,47.77,1000 -75.05,47.80,1000 -75.10,47.83,1000 -75.15,47.87,1000 -75.20,47.90,1000 -75.24,47.94,1000 -75.28,47.98,1000 -75.32,48.03,1000 -75.35,48.08,1000 -75.35,48.12,1000 -75.32,48.16,1000 -75.27,48.20,1000 -75.20,48.23,1000 -75.14,48.27,1000 -75.09,48.30,1000 -75.03,48.32,1000 -74.98,48.35,1000 -74.92,48.37,1000 -74.86,48.40,1000 -74.80,48.43,1000 -74.75,48.45,1000 -74.69,48.48,1000 -74.63,48.51,1000 -74.56,48.55,1000 -74.52,48.58,1000 -74.47,48.62,1000 -74.43,48.66,1000 -74.38,48.70,1000 -74.33,48.74,1000 -74.28,48.78,1000 -74.23,48.82,1000 -74.18,48.85,1000 -74.12,48.88,1000 -74.05,48.91,1000 -73.99,48.94,1000 -73.92,48.96,1000 -73.85,48.98,1000 -73.78,49.00,1000 -73.70,49.02,1000 -73.63,49.03,1000 -73.55,49.04,1000 -73.48,49.05,1000 -73.39,49.05,1000 -73.31,49.06,1000 -73.23,49.06,1000 -73.14,49.06,1000 -73.06,49.06,1000 -72.91,49.11,1000 
          </coordinates>
        </LinearRing>
      </outerBoundaryIs>
      <innerBoundaryIs>
        <LinearRing>
          <coordinates>
-73.73,48.89,2000 -73.68,48.90,2000 -73.64,48.90,2000 -73.59,48.91,2000 -73.55,48.91,2000 -73.50,48.92,2000 -73.46,48.92,2000 -73.41,48.92,2000 -73.36,48.92,2000 -73.31,48.92,2000 -73.26,48.92,2000 -73.21,48.91,2000 -73.17,48.90,2000 -73.13,48.89,2000 -73.09,48.87,2000 -73.05,48.85,2000 -73.01,48.84,2000 -72.98,48.82,2000 -72.95,48.80,2000 -72.92,48.77,2000 -72.90,48.74,2000 -72.88,48.71,2000 -72.87,48.68,2000 -72.85,48.65,2000 -72.84,48.62,2000 -72.82,48.59,2000 -72.81,48.56,2000 -72.81,48.53,2000 -72.81,48.50,2000 -72.82,48.46,2000 -72.82,48.43,2000 -72.84,48.40,2000 -72.85,48.37,2000 -72.86,48.34,2000 -72.88,48.31,2000 -72.90,48.27,2000 -72.92,48.24,2000 -72.95,48.21,2000 -72.98,48.18,2000 -73.02,48.15,2000 -73.06,48.13,2000 -73.09,48.10,2000 -73.13,48.08,2000 -73.15,48.06,2000 -73.17,48.05,2000 -73.20,48.04,2000 -73.24,48.03,2000 -73.29,48.02,2000 -73.34,48.00,2000 -73.38,47.99,2000 -73.43,47.99,2000 -73.48,47.99,2000 -73.53,48.00,2000 -73.58,48.01,2000 -73.63,48.03,2000 -73.68,48.04,2000 -73.73,48.05,2000 -73.78,48.07,2000 -73.83,48.09,2000 -73.87,48.11,2000 -73.91,48.12,2000 -73.96,48.14,2000 -74.00,48.15,2000 -74.04,48.16,2000 -74.08,48.17,2000 -74.11,48.19,2000 -74.14,48.21,2000 -74.16,48.23,2000 -74.19,48.26,2000 -74.21,48.29,2000 -74.24,48.32,2000 -74.25,48.35,2000 -74.26,48.38,2000 -74.25,48.42,2000 -74.25,48.45,2000 -74.24,48.49,2000 -74.23,48.52,2000 -74.22,48.55,2000 -74.20,48.58,2000 -74.18,48.61,2000 -74.16,48.64,2000 -74.14,48.67,2000 -74.11,48.70,2000 -74.07,48.73,2000 -74.04,48.75,2000 -74.01,48.77,2000 -73.98,48.79,2000 -73.95,48.81,2000 -73.93,48.82,2000 -73.73,48.89,2000 
          </coordinates>
        </LinearRing>
      </innerBoundaryIs>
  </Polygon>
 </MultiGeometry>
</Placemark>
<Placemark>
  <name>5%</name>
  <visibility>1</visibility>
  <styleUrl>#poly_5</styleUrl>
  <MultiGeometry>
    <Polygon>
      <outerBoundaryIs>
        <LinearRing>
          <coordinates>
-123.25,41.65,1000 -123.19,41.65,1000 -123.14,41.65,1000 -123.08,41.65,1000 -123.02,41.65,1000 -122.97,41.65,1000 -122.91,41.64,1000 -122.85,41.63,1000 -122.80,41.63,1000 -122.75,41.63,1000 -122.70,41.64,1000 -122.66,41.65,1000 -122.62,41.66,1000 -122.55,41.68,1000 -122.51,41.69,1000 -122.46,41.70,1000 -122.40,41.72,1000 -122.34,41.74,1000 -122.28,41.75,1000 -122.22,41.77,1000 -122.16,41.78,1000 -122.10,41.79,1000 -122.04,41.80,1000 -121.98,41.81,1000 -121.92,41.82,1000 -121.85,41.82,1000 -121.79,41.83,1000 -121.73,41.83,1000 -121.68,41.83,1000 -121.63,41.83,1000 -121.56,41.82,1000 -121.51,41.81,1000 -121.46,41.79,1000 -121.41,41.77,1000 -121.37,41.75,1000 -121.32,41.72,1000 -121.27,41.68,1000 -121.24,41.63,1000 -121.22,41.59,1000 -121.22,41.55,1000 -121.23,41.50,1000 -121.25,41.46,1000 -121.28,41.42,1000 -121.31,41.39,1000 -121.34,41.36,1000 -121.38,41.33,1000 -121.42,41.30,1000 -121.48,41.27,1000 -121.53,41.25,1000 -121.58,41.24,1000 -121.64,41.22,1000 -121.71,41.21,1000 -121.77,41.20,1000 -121.83,41.18,1000 -121.88,41.17,1000 -121.93,41.15,1000 -121.98,41.12,1000 -122.02,41.09,1000 -122.05,41.07,1000 -122.09,41.04,1000 -122.13,41.01,1000 -122.18,40.99,1000 -122.24,40.97,1000 -122.30,40.95,1000 -122.36,40.93,1000 -122.42,40.90,1000 -122.47,40.88,1000 -122.52,40.85,1000 -122.57,40.82,1000 -122.62,40.78,1000 -122.66,40.75,1000 -122.71,40.72,1000 -122.75,40.70,1000 -122.82,40.68,1000 -122.88,40.67,1000 -122.94,40.67,1000 -123.00,40.67,1000 -123.06,40.67,1000 -123.12,40.68,1000 -123.17,40.70,1000 -123.23,40.72,1000 -123.28,40.75,1000 -123.33,40.78,1000 -123.38,40.81,1000 -123.42,40.86,1000 -123.44,40.90,1000 -123.44,40.94,1000 -123.43,40.99,1000 -123.41,41.03,1000 -123.39,41.08,1000 -123.37,41.13,1000 -123.36,41.18,1000 -123.36,41.23,1000 -123.36,41.27,1000 -123.36,41.32,1000 -123.37,41.36,1000 -123.38,41.41,1000 -123.39,41.45,1000 -123.25,41.65,1000 
          </coordinates>
        </LinearRing>
      </outerBoundaryIs>
      <innerBoundaryIs>
        <LinearRing>
          <coordinates>
-123.21,41.51,2000 -123.15,41.51,2000 -123.09,41.51,2000 -123.04,41.52,2000 -122.98,41.52,2000 -122.93,41.52,2000 -122.88,41.53,2000 -122.84,41.53,2000 -122.78,41.54,2000 -122.73,41.54,2000 -122.69,41.55,2000 -122.63,41.57,2000 -122.59,41.59,2000 -122.55,41.61,2000 -122.51,41.63,2000 -122.46,41.65,2000 -122.41,41.67,2000 -122.36,41.69,2000 -122.31,41.71,2000 -122.26,41.72,2000 -122.20,41.73,2000 -122.14,41.74,2000 -122.08,41.75,2000 -122.02,41.75,2000 -121.96,41.76,2000 -121.90,41.76,2000 -121.85,41.76,2000 -121.79,41.76,2000 -121.72,41.76,2000 -121.67,41.76,2000 -121.61,41.75,2000 -121.56,41.74,2000 -121.52,41.73,2000 -121.47,41.71,2000 -121.42,41.68,2000 -121.39,41.64,2000 -121.36,41.61,2000 -121.34,41.57,2000 -121.34,41.53,2000 -121.34,41.50,2000 -121.36,41.46,2000 -121.39,41.42,2000 -121.42,41.39,2000 -121.46,41.37,2000 -121.50,41.35,2000 -121.55,41.33,2000 -121.60,41.31,2000 -121.66,41.29,2000 -121.72,41.27,2000 -121.77,41.25,2000 -121.82,41.23,2000 -121.88,41.21,2000 -121.94,41.19,2000 -121.99,41.17,2000 -122.05,41.15,2000 -122.10,41.13,2000 -122.14,41.11,2000 -122.20,41.08,2000 -122.24,41.06,2000 -122.28,41.04,2000 -122.32,41.01,2000 -122.36,40.99,2000 -122.40,40.97,2000 -122.44,40.94,2000 -122.49,40.92,2000 -122.53,40.90,2000 -122.57,40.87,2000 -122.61,40.85,2000 -122.66,40.82,2000 -122.70,40.79,2000 -122.74,40.76,2000 -122.78,40.74,2000 -122.83,40.72,2000 -122.88,40.71,2000 -122.93,40.70,2000 -122.99,40.71,2000 -123.03,40.72,2000 -123.08,40.74,2000 -123.13,40.76,2000 -123.18,40.79,2000 -123.23,40.81,2000 -123.26,40.84,2000 -123.29,40.87,2000 -123.30,40.91,2000 -123.31,40.95,2000 -123.32,40.99,2000 -123.32,41.03,2000 -123.32,41.07,2000 -123.31,41.11,2000 -123.30,41.15,2000 -123.29,41.20,2000 -123.27,41.24,2000 -123.26,41.29,2000 -123.21,41.51,2000 
          </coordinates>
        </LinearRing>
      </innerBoundaryIs>
  </Polygon>
 </MultiGeometry>
</Placemark>
<Placemark>
  <name>10%</name>
  <visibility>1</visibility>
  <styleUrl>#poly_10</styleUrl>
  <MultiGeometry>
    <Polygon>
      <outerBoundaryIs>
        <LinearRing>
          <coordinates>
-120.95,42.87,2000 -120.92,42.86,2000 -120.89,42.85,2000 -120.87,42.83,2000 -120.84,42.82,2000 -120.82,42.81,2000 -120.79,42.80,2000 -120.77,42.79,2000 -120.75,42.78,2000 -120.73,42.77,2000 -120.71,42.76,2000 -120.69,42.76,2000 -120.68,42.75,2000 -120.66,42.74,2000 -120.65,42.73,2000 -120.64,42.72,2000 -120.62,42.70,2000 -120.60,42.68,2000 -120.58,42.67,2000 -120.57,42.65,2000 -120.55,42.63,2000 -120.54,42.61,2000 -120.53,42.59,2000 -120.52,42.57,2000 -120.52,42.55,2000 -120.52,42.53,2000 -120.52,42.50,2000 -120.52,42.48,2000 -120.52,42.46,2000 -120.52,42.44,2000 -120.53,42.42,2000 -120.53,42.41,2000 -120.54,42.38,2000 -120.55,42.37,2000 -120.58,42.36,2000 -120.60,42.35,2000 -120.62,42.35,2000 -120.64,42.34,2000 -120.67,42.33,2000 -120.70,42.33,2000 -120.73,42.32,2000 -120.76,42.32,2000 -120.78,42.31,2000 -120.80,42.31,2000 -120.83,42.31,2000 -120.85,42.32,2000 -120.87,42.32,2000 -120.89,42.33,2000 -120.91,42.35,2000 -120.93,42.36,2000 -120.95,42.37,2000 -120.97,42.39,2000 -120.99,42.41,2000 -121.02,42.42,2000 -121.04,42.44,2000 -121.06,42.46,2000 -121.08,42.47,2000 -121.09,42.48,2000 -121.11,42.49,2000 -121.11,42.50,2000 -121.11,42.51,2000 -121.12,42.53,2000 -121.12,42.55,2000 -121.12,42.56,2000 -121.13,42.59,2000 -121.13,42.61,2000 -121.13,42.63,2000 -121.14,42.66,2000 -121.14,42.68,2000 -120.95,42.87,2000 
          </coordinates>
        </LinearRing>
      </outerBoundaryIs>
  </Polygon>
 </MultiGeometry>
</Placemark>
<Placemark>
  <name>10%</name>
  <visibility>1</visibility>
  <styleUrl>#poly_10</styleUrl>
  <MultiGeometry>
    <Polygon>
      <outerBoundaryIs>
        <LinearRing>
          <coordinates>
-123.08,40.19,2000 -123.06,40.19,2000 -123.05,40.18,2000 -123.03,40.18,2000 -123.02,40.18,2000 -123.00,40.17,2000 -122.99,40.17,2000 -122.98,40.17,2000 -122.96,40.16,2000 -122.95,40.16,2000 -122.93,40.16,2000 -122.92,40.15,2000 -122.91,40.15,2000 -122.90,40.15,2000 -122.89,40.14,2000 -122.87,40.14,2000 -122.86,40.14,2000 -122.85,40.14,2000 -122.85,40.13,2000 -122.84,40.13,2000 -122.83,40.13,2000 -122.81,40.12,2000 -122.80,40.12,2000 -122.80,40.12,2000 -122.80,40.11,2000 -122.80,40.11,2000 -122.80,40.10,2000 -122.80,40.09,2000 -122.80,40.09,2000 -122.82,40.07,2000 -122.83,40.06,2000 -122.83,40.06,2000 -122.84,40.05,2000 -122.85,40.04,2000 -122.85,40.04,2000 -122.86,40.03,2000 -122.87,40.02,2000 -122.88,40.01,2000 -122.89,40.00,2000 -122.90,39.99,2000 -122.91,39.98,2000 -122.92,39.97,2000 -122.93,39.96,2000 -122.94,39.95,2000 -122.95,39.95,2000 -122.96,39.94,2000 -122.97,39.93,2000 -122.98,39.93,2000 -122.99,39.92,2000 -123.00,39.92,2000 -123.01,39.92,2000 -123.02,39.92,2000 -123.03,39.92,2000 -123.04,39.92,2000 -123.05,39.93,2000 -123.06,39.93,2000 -123.07,39.93,2000 -123.08,39.94,2000 -123.09,39.94,2000 -123.10,39.95,2000 -123.11,39.96,2000 -123.12,39.97,2000 -123.13,39.97,2000 -123.14,39.98,2000 -123.15,39.99,2000 -123.16,40.00,2000 -123.17,40.01,2000 -123.18,40.02,2000 -123.19,40.03,2000 -123.20,40.04,2000 -123.08,40.19,2000 
          </coordinates>
        </LinearRing>
      </outerBoundaryIs>
  </Polygon>
 </MultiGeometry>
</Placemark>
<Placemark>
  <name>10%</name>
  <visibility>1</visibility>
  <styleUrl>#poly_10</styleUrl>
  <MultiGeometry>
    <Polygon>
      <outerBoundaryIs>
        <LinearRing>
          <coordinates>
-121.61,40.85,2000 -121.36,40.86,2000 -121.14,40.86,2000 -120.96,40.85,2000 -120.82,40.81,2000 -120.75,40.73,2000 -120.71,40.58,2000 -120.70,40.43,2000 -120.66,40.27,2000 -120.51,40.15,2000 -120.43,40.08,2000 -120.31,39.99,2000 -120.19,39.91,2000 -120.05,39.81,2000 -119.90,39.65,2000 -119.81,39.51,2000 -119.72,39.33,2000 -119.63,39.14,2000 -119.53,38.96,2000 -119.44,38.81,2000 -119.32,38.67,2000 -119.19,38.57,2000 -119.07,38.47,2000 -118.97,38.38,2000 -118.90,38.27,2000 -118.86,38.16,2000 -118.77,38.00,2000 -118.68,37.88,2000 -118.57,37.74,2000 -118.44,37.59,2000 -118.32,37.44,2000 -118.21,37.30,2000 -118.13,37.19,2000 -118.02,37.00,2000 -117.99,36.87,2000 -117.95,36.69,2000 -117.94,36.53,2000 -117.96,36.41,2000 -118.00,36.31,2000 -118.07,36.20,2000 -118.16,36.10,2000 -118.24,36.01,2000 -118.34,35.95,2000 -118.48,35.97,2000 -118.63,36.02,2000 -118.75,36.09,2000 -118.86,36.18,2000 -118.92,36.24,2000 -118.99,36.34,2000 -119.06,36.49,2000 -119.15,36.68,2000 -119.25,36.85,2000 -119.37,36.97,2000 -119.50,37.08,2000 -119.61,37.16,2000 -119.72,37.24,2000 -119.81,37.32,2000 -119.90,37.45,2000 -120.00,37.60,2000 -120.09,37.71,2000 -120.18,37.84,2000 -120.28,37.97,2000 -120.39,38.11,2000 -120.50,38.27,2000 -120.59,38.43,2000 -120.64,38.56,2000 -120.68,38.70,2000 -120.71,38.85,2000 -120.76,38.98,2000 -120.85,39.15,2000 -120.95,39.32,2000 -121.06,39.46,2000 -121.20,39.58,2000 -121.36,39.69,2000 -121.49,39.77,2000 -121.60,39.84,2000 -121.67,39.91,2000 -121.76,40.05,2000 -121.84,40.21,2000 -121.89,40.35,2000 -121.91,40.48,2000 -121.88,40.62,2000 -121.82,40.75,2000 -121.61,40.85,2000 
          </coordinates>
        </LinearRing>
      </outerBoundaryIs>
      <innerBoundaryIs>
        <LinearRing>
          <coordinates>
-121.79,40.63,3000 -121.71,40.70,3000 -121.62,40.76,3000 -121.52,40.79,3000 -121.39,40.79,3000 -121.21,40.79,3000 -121.03,40.75,3000 -120.92,40.65,3000 -120.85,40.51,3000 -120.88,40.37,3000 -120.87,40.22,3000 -120.75,40.13,3000 -120.57,40.04,3000 -120.40,39.95,3000 -120.26,39.86,3000 -120.12,39.76,3000 -120.00,39.63,3000 -119.93,39.51,3000 -119.88,39.38,3000 -119.82,39.23,3000 -119.76,39.08,3000 -119.69,38.96,3000 -119.58,38.83,3000 -119.44,38.73,3000 -119.32,38.63,3000 -119.21,38.53,3000 -119.13,38.42,3000 -119.08,38.31,3000 -118.98,38.16,3000 -118.89,38.05,3000 -118.78,37.91,3000 -118.67,37.76,3000 -118.55,37.60,3000 -118.44,37.46,3000 -118.35,37.34,3000 -118.23,37.15,3000 -118.15,37.01,3000 -118.10,36.87,3000 -118.06,36.73,3000 -118.05,36.59,3000 -118.05,36.47,3000 -118.10,36.31,3000 -118.18,36.19,3000 -118.27,36.13,3000 -118.37,36.10,3000 -118.58,36.11,3000 -118.70,36.17,3000 -118.81,36.26,3000 -118.86,36.34,3000 -118.93,36.47,3000 -119.00,36.57,3000 -119.08,36.70,3000 -119.17,36.83,3000 -119.25,36.94,3000 -119.36,37.05,3000 -119.46,37.14,3000 -119.56,37.22,3000 -119.71,37.35,3000 -119.83,37.47,3000 -119.91,37.62,3000 -120.00,37.75,3000 -120.11,37.90,3000 -120.21,38.04,3000 -120.32,38.17,3000 -120.41,38.29,3000 -120.49,38.44,3000 -120.56,38.61,3000 -120.60,38.76,3000 -120.63,38.92,3000 -120.69,39.09,3000 -120.76,39.21,3000 -120.85,39.34,3000 -120.94,39.46,3000 -121.03,39.56,3000 -121.19,39.69,3000 -121.34,39.79,3000 -121.49,39.90,3000 -121.62,40.01,3000 -121.70,40.12,3000 -121.75,40.23,3000 -121.79,40.63,3000 
          </coordinates>
        </LinearRing>
      </innerBoundaryIs>
  </Polygon>
 </MultiGeometry>
</Placemark>
<Placemark>
  <name>10%</name>
  <visibility>1</visibility>
  <styleUrl>#poly_10</styleUrl>
  <MultiGeometry>
    <Polygon>
      <outerBoundaryIs>
        <LinearRing>
          <coordinates>
-70.61,48.12,2000 -70.55,48.11,2000 -70.49,48.11,2000 -70.44,48.10,2000 -70.40,48.09,2000 -70.37,48.09,2000 -70.36,48.08,2000 -70.35,48.06,2000 -70.33,48.03,2000 -70.30,48.00,2000 -70.28,47.96,2000 -70.27,47.93,2000 -70.26,47.90,2000 -70.27,47.87,2000 -70.28,47.83,2000 -70.31,47.80,2000 -70.33,47.77,2000 -70.36,47.74,2000 -70.39,47.71,2000 -70.42,47.68,2000 -70.45,47.65,2000 -70.48,47.63,2000 -70.50,47.61,2000 -70.51,47.59,2000 -70.52,47.57,2000 -70.54,47.54,2000 -70.56,47.50,2000 -70.58,47.46,2000 -70.60,47.43,2000 -70.63,47.40,2000 -70.65,47.36,2000 -70.68,47.33,2000 -70.71,47.30,2000 -70.74,47.28,2000 -70.78,47.25,2000 -70.81,47.24,2000 -70.86,47.22,2000 -70.90,47.21,2000 -70.94,47.20,2000 -70.98,47.19,2000 -71.03,47.19,2000 -71.08,47.18,2000 -71.12,47.18,2000 -71.17,47.18,2000 -71.22,47.18,2000 -71.27,47.19,2000 -71.31,47.20,2000 -71.36,47.22,2000 -71.40,47.24,2000 -71.44,47.27,2000 -71.48,47.30,2000 -71.52,47.33,2000 -71.55,47.35,2000 -71.57,47.37,2000 -71.57,47.38,2000 -71.58,47.40,2000 -71.60,47.44,2000 -71.61,47.47,2000 -71.63,47.51,2000 -71.64,47.55,2000 -71.64,47.58,2000 -71.65,47.62,2000 -71.64,47.65,2000 -71.64,47.69,2000 -71.63,47.72,2000 -71.62,47.75,2000 -71.61,47.78,2000 -71.59,47.82,2000 -71.57,47.85,2000 -71.55,47.88,2000 -71.53,47.91,2000 -71.51,47.94,2000 -71.49,47.96,2000 -71.46,47.99,2000 -71.43,48.02,2000 -71.40,48.04,2000 -71.36,48.06,2000 -71.32,48.08,2000 -71.27,48.10,2000 -71.22,48.11,2000 -71.17,48.12,2000 -71.12,48.13,2000 -71.07,48.13,2000 -71.02,48.13,2000 -70.96,48.13,2000 -70.92,48.12,2000 -70.87,48.12,2000 -70.82,48.12,2000 -70.77,48.12,2000 -70.72,48.12,2000 -70.67,48.12,2000 -70.61,48.12,2000 
          </coordinates>
        </LinearRing>
      </outerBoundaryIs>
      <innerBoundaryIs>
        <LinearRing>
          <coordinates>
-70.90,47.99,3000 -70.86,47.99,3000 -70.82,47.98,3000 -70.78,47.98,3000 -70.74,47.97,3000 -70.71,47.97,3000 -70.68,47.96,3000 -70.66,47.96,3000 -70.63,47.96,3000 -70.62,47.94,3000 -70.61,47.92,3000 -70.61,47.90,3000 -70.60,47.88,3000 -70.59,47.85,3000 -70.59,47.82,3000 -70.59,47.80,3000 -70.59,47.77,3000 -70.60,47.75,3000 -70.61,47.72,3000 -70.62,47.70,3000 -70.63,47.68,3000 -70.65,47.66,3000 -70.67,47.63,3000 -70.68,47.61,3000 -70.69,47.59,3000 -70.71,47.56,3000 -70.73,47.53,3000 -70.74,47.51,3000 -70.76,47.49,3000 -70.77,47.47,3000 -70.78,47.45,3000 -70.80,47.43,3000 -70.82,47.42,3000 -70.85,47.41,3000 -70.88,47.39,3000 -70.91,47.38,3000 -70.95,47.36,3000 -70.98,47.34,3000 -71.02,47.33,3000 -71.05,47.32,3000 -71.08,47.32,3000 -71.11,47.32,3000 -71.14,47.33,3000 -71.17,47.35,3000 -71.20,47.36,3000 -71.23,47.38,3000 -71.26,47.40,3000 -71.28,47.42,3000 -71.30,47.43,3000 -71.32,47.45,3000 -71.34,47.46,3000 -71.35,47.48,3000 -71.36,47.50,3000 -71.37,47.52,3000 -71.38,47.54,3000 -71.38,47.56,3000 -71.38,47.59,3000 -71.39,47.61,3000 -71.39,47.64,3000 -71.38,47.67,3000 -71.38,47.69,3000 -71.37,47.71,3000 -71.36,47.74,3000 -71.35,47.76,3000 -71.34,47.79,3000 -71.32,47.81,3000 -71.31,47.83,3000 -71.29,47.85,3000 -71.27,47.87,3000 -71.25,47.89,3000 -71.22,47.91,3000 -71.20,47.93,3000 -71.17,47.94,3000 -71.14,47.95,3000 -71.11,47.96,3000 -71.08,47.97,3000 -71.05,47.98,3000 -71.01,47.98,3000 -70.98,47.99,3000 -70.90,47.99,3000 
          </coordinates>
        </LinearRing>
      </innerBoundaryIs>
  </Polygon>
 </MultiGeometry>
</Placemark>
<Placemark>
  <name>10%</name>
  <visibility>1</visibility>
  <styleUrl>#poly_10</styleUrl>
  <MultiGeometry>
    <Polygon>
      <outerBoundaryIs>
        <LinearRing>
          <coordinates>
-109.62,47.09,2000 -109.59,47.10,2000 -109.56,47.10,2000 -109.53,47.11,2000 -109.50,47.12,2000 -109.47,47.12,2000 -109.44,47.13,2000 -109.41,47.13,2000 -109.39,47.13,2000 -109.37,47.13,2000 -109.35,47.13,2000 -109.33,47.12,2000 -109.31,47.11,2000 -109.30,47.09,2000 -109.29,47.08,2000 -109.27,47.06,2000 -109.26,47.05,2000 -109.24,47.03,2000 -109.23,47.02,2000 -109.21,47.00,2000 -109.19,46.99,2000 -109.18,46.97,2000 -109.16,46.95,2000 -109.15,46.93,2000 -109.14,46.92,2000 -109.13,46.90,2000 -109.12,46.88,2000 -109.12,46.86,2000 -109.11,46.84,2000 -109.11,46.82,2000 -109.10,46.80,2000 -109.11,46.78,2000 -109.11,46.76,2000 -109.11,46.75,2000 -109.12,46.73,2000 -109.13,46.71,2000 -109.14,46.70,2000 -109.16,46.68,2000 -109.18,46.67,2000 -109.20,46.65,2000 -109.22,46.64,2000 -109.24,46.63,2000 -109.27,46.62,2000 -109.29,46.61,2000 -109.31,46.61,2000 -109.34,46.61,2000 -109.37,46.61,2000 -109.40,46.61,2000 -109.42,46.61,2000 -109.45,46.62,2000 -109.48,46.62,2000 -109.51,46.63,2000 -109.53,46.64,2000 -109.55,46.64,2000 -109.58,46.65,2000 -109.60,46.65,2000 -109.61,46.66,2000 -109.62,46.67,2000 -109.64,46.69,2000 -109.65,46.70,2000 -109.66,46.71,2000 -109.67,46.73,2000 -109.69,46.75,2000 -109.70,46.76,2000 -109.71,46.78,2000 -109.72,46.80,2000 -109.73,46.82,2000 -109.74,46.83,2000 -109.75,46.85,2000 -109.76,46.87,2000 -109.76,46.89,2000 -109.77,46.91,2000 -109.77,46.92,2000 -109.77,46.94,2000 -109.78,46.96,2000 -109.78,46.98,2000 -109.78,47.00,2000 -109.78,47.02,2000 -109.62,47.09,2000 
          </coordinates>
        </LinearRing>
      </outerBoundaryIs>
  </Polygon>
 </MultiGeometry>
</Placemark>
<Placemark>
  <name>10%</name>
  <visibility>1</visibility>
  <styleUrl>#poly_10</styleUrl>
  <MultiGeometry>
    <Polygon>
      <outerBoundaryIs>
        <LinearRing>
          <coordinates>
-118.58,43.04,2000 -118.57,43.04,2000 -118.53,43.03,2000 -118.51,43.02,2000 -118.48,43.01,2000 -118.44,43.00,2000 -118.41,42.99,2000 -118.37,42.97,2000 -118.34,42.96,2000 -118.32,42.95,2000 -118.29,42.94,2000 -118.28,42.93,2000 -118.27,42.91,2000 -118.26,42.89,2000 -118.25,42.87,2000 -118.25,42.85,2000 -118.25,42.82,2000 -118.24,42.79,2000 -118.24,42.76,2000 -118.24,42.74,2000 -118.24,42.72,2000 -118.24,42.71,2000 -118.26,42.69,2000 -118.27,42.67,2000 -118.28,42.65,2000 -118.29,42.63,2000 -118.31,42.61,2000 -118.32,42.58,2000 -118.33,42.56,2000 -118.35,42.54,2000 -118.36,42.52,2000 -118.38,42.50,2000 -118.39,42.48,2000 -118.41,42.47,2000 -118.44,42.45,2000 -118.46,42.44,2000 -118.49,42.43,2000 -118.52,42.42,2000 -118.55,42.41,2000 -118.58,42.40,2000 -118.61,42.39,2000 -118.64,42.38,2000 -118.67,42.38,2000 -118.70,42.38,2000 -118.73,42.39,2000 -118.76,42.40,2000 -118.79,42.41,2000 -118.81,42.43,2000 -118.84,42.44,2000 -118.86,42.46,2000 -118.88,42.48,2000 -118.89,42.49,2000 -118.91,42.51,2000 -118.92,42.53,2000 -118.93,42.56,2000 -118.94,42.58,2000 -118.95,42.60,2000 -118.96,42.62,2000 -118.96,42.64,2000 -118.97,42.66,2000 -118.97,42.69,2000 -118.97,42.71,2000 -118.97,42.73,2000 -118.96,42.76,2000 -118.96,42.78,2000 -118.95,42.80,2000 -118.94,42.82,2000 -118.92,42.84,2000 -118.90,42.87,2000 -118.89,42.89,2000 -118.86,42.91,2000 -118.84,42.93,2000 -118.82,42.94,2000 -118.80,42.96,2000 -118.77,42.98,2000 -118.75,42.99,2000 -118.72,43.00,2000 -118.69,43.01,2000 -118.66,43.01,2000 -118.63,43.02,2000 -118.58,43.04,2000 
          </coordinates>
        </LinearRing>
      </outerBoundaryIs>
      <innerBoundaryIs>
        <LinearRing>
          <coordinates>
-118.78,42.85,3000 -118.76,42.86,3000 -118.74,42.87,3000 -118.72,42.88,3000 -118.70,42.89,3000 -118.68,42.90,3000 -118.66,42.91,3000 -118.64,42.92,3000 -118.63,42.92,3000 -118.61,42.93,3000 -118.59,42.94,3000 -118.58,42.94,3000 -118.56,42.94,3000 -118.54,42.94,3000 -118.52,42.94,3000 -118.50,42.93,3000 -118.48,42.92,3000 -118.46,42.91,3000 -118.45,42.90,3000 -118.43,42.88,3000 -118.42,42.87,3000 -118.41,42.86,3000 -118.40,42.84,3000 -118.40,42.83,3000 -118.39,42.81,3000 -118.38,42.80,3000 -118.38,42.78,3000 -118.37,42.76,3000 -118.37,42.75,3000 -118.37,42.73,3000 -118.37,42.71,3000 -118.37,42.70,3000 -118.37,42.69,3000 -118.38,42.67,3000 -118.38,42.66,3000 -118.39,42.64,3000 -118.40,42.63,3000 -118.41,42.62,3000 -118.43,42.60,3000 -118.44,42.59,3000 -118.45,42.58,3000 -118.47,42.57,3000 -118.48,42.56,3000 -118.50,42.55,3000 -118.52,42.55,3000 -118.54,42.54,3000 -118.56,42.53,3000 -118.58,42.52,3000 -118.60,42.52,3000 -118.62,42.51,3000 -118.65,42.51,3000 -118.66,42.51,3000 -118.68,42.51,3000 -118.70,42.51,3000 -118.72,42.51,3000 -118.73,42.52,3000 -118.75,42.53,3000 -118.77,42.54,3000 -118.78,42.55,3000 -118.80,42.57,3000 -118.81,42.58,3000 -118.82,42.60,3000 -118.84,42.61,3000 -118.84,42.63,3000 -118.85,42.64,3000 -118.85,42.65,3000 -118.86,42.67,3000 -118.86,42.68,3000 -118.85,42.70,3000 -118.85,42.71,3000 -118.85,42.73,3000 -118.84,42.74,3000 -118.84,42.76,3000 -118.83,42.77,3000 -118.82,42.79,3000 -118.82,42.80,3000 -118.81,42.82,3000 -118.78,42.85,3000 
          </coordinates>
        </LinearRing>
      </innerBoundaryIs>
  </Polygon>
 </MultiGeometry>
</Placemark>
<Placemark>
  <name>10%</name>
  <visibility>1</visibility>
  <styleUrl>#poly_10</styleUrl>
  <MultiGeometry>
    <Polygon>
      <outerBoundaryIs>
        <LinearRing>
          <coordinates>
-73.73,48.89,2000 -73.68,48.90,2000 -73.64,48.90,2000 -73.59,48.91,2000 -73.55,48.91,2000 -73.50,48.92,2000 -73.46,48.92,2000 -73.41,48.92,2000 -73.36,48.92,2000 -73.31,48.92,2000 -73.26,48.92,2000 -73.21,48.91,2000 -73.17,48.90,2000 -73.13,48.89,2000 -73.09,48.87,2000 -73.05,48.85,2000 -73.01,48.84,2000 -72.98,48.82,2000 -72.95,48.80,2000 -72.92,48.77,2000 -72.90,48.74,2000 -72.88,48.71,2000 -72.87,48.68,2000 -72.85,48.65,2000 -72.84,48.62,2000 -72.82,48.59,2000 -72.81,48.56,2000 -72.81,48.53,2000 -72.81,48.50,2000 -72.82,48.46,2000 -72.82,48.43,2000 -72.84,48.40,2000 -72.85,48.37,2000 -72.86,48.34,2000 -72.88,48.31,2000 -72.90,48.27,2000 -72.92,48.24,2000 -72.95,48.21,2000 -72.98,48.18,2000 -73.02,48.15,2000 -73.06,48.13,2000 -73.09,48.10,2000 -73.13,48.08,2000 -73.15,48.06,2000 -73.17,48.05,2000 -73.20,48.04,2000 -73.24,48.03,2000 -73.29,48.02,2000 -73.34,48.00,2000 -73.38,47.99,2000 -73.43,47.99,2000 -73.48,47.99,2000 -73.53,48.00,2000 -73.58,48.01,2000 -73.63,48.03,2000 -73.68,48.04,2000 -73.73,48.05,2000 -73.78,48.07,2000 -73.83,48.09,2000 -73.87,48.11,2000 -73.91,48.12,2000 -73.96,48.14,2000 -74.00,48.15,2000 -74.04,48.16,2000 -74.08,48.17,2000 -74.11,48.19,2000 -74.14,48.21,2000 -74.16,48.23,2000 -74.19,48.26,2000 -74.21,48.29,2000 -74.24,48.32,2000 -74.25,48.35,2000 -74.26,48.38,2000 -74.25,48.42,2000 -74.25,48.45,2000 -74.24,48.49,2000 -74.23,48.52,2000 -74.22,48.55,2000 -74.20,48.58,2000 -74.18,48.61,2000 -74.16,48.64,2000 -74.14,48.67,2000 -74.11,48.70,2000 -74.07,48.73,2000 -74.04,48.75,2000 -74.01,48.77,2000 -73.98,48.79,2000 -73.95,48.81,2000 -73.93,48.82,2000 -73.73,48.89,2000 
          </coordinates>
        </LinearRing>
      </outerBoundaryIs>
      <innerBoundaryIs>
        <LinearRing>
          <coordinates>
-73.79,48.64,3000 -73.78,48.65,3000 -73.76,48.66,3000 -73.74,48.67,3000 -73.71,48.68,3000 -73.69,48.69,3000 -73.66,48.70,3000 -73.64,48.71,3000 -73.61,48.72,3000 -73.58,48.73,3000 -73.56,48.73,3000 -73.53,48.74,3000 -73.51,48.74,3000 -73.48,48.74,3000 -73.46,48.74,3000 -73.43,48.74,3000 -73.40,48.74,3000 -73.38,48.73,3000 -73.35,48.73,3000 -73.33,48.72,3000 -73.30,48.72,3000 -73.28,48.71,3000 -73.26,48.70,3000 -73.24,48.69,3000 -73.22,48.68,3000 -73.20,48.67,3000 -73.18,48.66,3000 -73.17,48.64,3000 -73.15,48.63,3000 -73.14,48.61,3000 -73.13,48.60,3000 -73.12,48.59,3000 -73.11,48.57,3000 -73.11,48.55,3000 -73.10,48.54,3000 -73.10,48.52,3000 -73.10,48.50,3000 -73.11,48.49,3000 -73.11,48.47,3000 -73.12,48.45,3000 -73.13,48.43,3000 -73.14,48.42,3000 -73.15,48.40,3000 -73.16,48.39,3000 -73.18,48.37,3000 -73.20,48.36,3000 -73.22,48.35,3000 -73.24,48.33,3000 -73.26,48.32,3000 -73.28,48.31,3000 -73.30,48.30,3000 -73.32,48.28,3000 -73.34,48.27,3000 -73.36,48.27,3000 -73.37,48.26,3000 -73.40,48.25,3000 -73.42,48.26,3000 -73.44,48.26,3000 -73.46,48.26,3000 -73.48,48.26,3000 -73.51,48.26,3000 -73.54,48.27,3000 -73.57,48.27,3000 -73.59,48.28,3000 -73.62,48.29,3000 -73.64,48.30,3000 -73.65,48.31,3000 -73.67,48.32,3000 -73.69,48.34,3000 -73.71,48.36,3000 -73.73,48.37,3000 -73.75,48.39,3000 -73.76,48.41,3000 -73.78,48.42,3000 -73.80,48.44,3000 -73.81,48.45,3000 -73.82,48.46,3000 -73.83,48.47,3000 -73.84,48.48,3000 -73.82,48.49,3000 -73.82,48.50,3000 -73.82,48.52,3000 -73.82,48.53,3000 -73.82,48.55,3000 -73.82,48.57,3000 -73.82,48.59,3000 -73.81,48.61,3000 -73.80,48.62,3000 -73.79,48.64,3000 -73.79,48.64,3000 
          </coordinates>
        </LinearRing>
      </innerBoundaryIs>
  </Polygon>
 </MultiGeometry>
</Placemark>
<Placemark>
  <name>10%</name>
  <visibility>1</visibility>
  <styleUrl>#poly_10</styleUrl>
  <MultiGeometry>
    <Polygon>
      <outerBoundaryIs>
        <LinearRing>
          <coordinates>
-123.21,41.51,2000 -123.15,41.51,2000 -123.09,41.51,2000 -123.04,41.52,2000 -122.98,41.52,2000 -122.93,41.52,2000 -122.88,41.53,2000 -122.84,41.53,2000 -122.78,41.54,2000 -122.73,41.54,2000 -122.69,41.55,2000 -122.63,41.57,2000 -122.59,41.59,2000 -122.55,41.61,2000 -122.51,41.63,2000 -122.46,41.65,2000 -122.41,41.67,2000 -122.36,41.69,2000 -122.31,41.71,2000 -122.26,41.72,2000 -122.20,41.73,2000 -122.14,41.74,2000 -122.08,41.75,2000 -122.02,41.75,2000 -121.96,41.76,2000 -121.90,41.76,2000 -121.85,41.76,2000 -121.79,41.76,2000 -121.72,41.76,2000 -121.67,41.76,2000 -121.61,41.75,2000 -121.56,41.74,2000 -121.52,41.73,2000 -121.47,41.71,2000 -121.42,41.68,2000 -121.39,41.64,2000 -121.36,41.61,2000 -121.34,41.57,2000 -121.34,41.53,2000 -121.34,41.50,2000 -121.36,41.46,2000 -121.39,41.42,2000 -121.42,41.39,2000 -121.46,41.37,2000 -121.50,41.35,2000 -121.55,41.33,2000 -121.60,41.31,2000 -121.66,41.29,2000 -121.72,41.27,2000 -121.77,41.25,2000 -121.82,41.23,2000 -121.88,41.21,2000 -121.94,41.19,2000 -121.99,41.17,2000 -122.05,41.15,2000 -122.10,41.13,2000 -122.14,41.11,2000 -122.20,41.08,2000 -122.24,41.06,2000 -122.28,41.04,2000 -122.32,41.01,2000 -122.36,40.99,2000 -122.40,40.97,2000 -122.44,40.94,2000 -122.49,40.92,2000 -122.53,40.90,2000 -122.57,40.87,2000 -122.61,40.85,2000 -122.66,40.82,2000 -122.70,40.79,2000 -122.74,40.76,2000 -122.78,40.74,2000 -122.83,40.72,2000 -122.88,40.71,2000 -122.93,40.70,2000 -122.99,40.71,2000 -123.03,40.72,2000 -123.08,40.74,2000 -123.13,40.76,2000 -123.18,40.79,2000 -123.23,40.81,2000 -123.26,40.84,2000 -123.29,40.87,2000 -123.30,40.91,2000 -123.31,40.95,2000 -123.32,40.99,2000 -123.32,41.03,2000 -123.32,41.07,2000 -123.31,41.11,2000 -123.30,41.15,2000 -123.29,41.20,2000 -123.27,41.24,2000 -123.26,41.29,2000 -123.21,41.51,2000 
          </coordinates>
        </LinearRing>
      </outerBoundaryIs>
      <innerBoundaryIs>
        <LinearRing>
          <coordinates>
-122.29,41.62,3000 -122.24,41.63,3000 -122.19,41.64,3000 -122.14,41.65,3000 -122.10,41.66,3000 -122.06,41.66,3000 -122.01,41.66,3000 -121.98,41.66,3000 -121.94,41.66,3000 -121.89,41.66,3000 -121.83,41.66,3000 -121.78,41.66,3000 -121.73,41.65,3000 -121.67,41.65,3000 -121.62,41.64,3000 -121.58,41.63,3000 -121.53,41.61,3000 -121.49,41.59,3000 -121.47,41.56,3000 -121.47,41.53,3000 -121.50,41.50,3000 -121.54,41.47,3000 -121.58,41.45,3000 -121.62,41.43,3000 -121.67,41.41,3000 -121.72,41.39,3000 -121.75,41.37,3000 -121.78,41.35,3000 -121.80,41.34,3000 -121.83,41.32,3000 -121.87,41.30,3000 -121.91,41.28,3000 -121.96,41.26,3000 -122.00,41.24,3000 -122.04,41.22,3000 -122.08,41.20,3000 -122.13,41.18,3000 -122.17,41.16,3000 -122.22,41.14,3000 -122.27,41.13,3000 -122.31,41.11,3000 -122.36,41.10,3000 -122.39,41.09,3000 -122.41,41.08,3000 -122.43,41.06,3000 -122.46,41.04,3000 -122.49,41.01,3000 -122.54,40.98,3000 -122.58,40.95,3000 -122.62,40.93,3000 -122.66,40.90,3000 -122.70,40.87,3000 -122.75,40.85,3000 -122.79,40.83,3000 -122.83,40.82,3000 -122.88,40.80,3000 -122.93,40.80,3000 -122.97,40.79,3000 -123.02,40.80,3000 -123.06,40.81,3000 -123.10,40.83,3000 -123.14,40.85,3000 -123.18,40.88,3000 -123.22,40.90,3000 -123.24,40.93,3000 -123.26,40.96,3000 -123.26,41.00,3000 -123.26,41.04,3000 -123.25,41.07,3000 -123.24,41.11,3000 -123.23,41.15,3000 -123.21,41.18,3000 -123.19,41.22,3000 -123.17,41.25,3000 -123.15,41.27,3000 -123.13,41.29,3000 -123.11,41.31,3000 -123.09,41.33,3000 -123.06,41.37,3000 -123.03,41.40,3000 -123.00,41.43,3000 -122.96,41.45,3000 -122.92,41.46,3000 -122.87,41.46,3000 -122.82,41.46,3000 -122.77,41.46,3000 -122.72,41.46,3000 -122.67,41.47,3000 -122.63,41.48,3000 -122.59,41.50,3000 -122.54,41.51,3000 -122.50,41.53,3000 -122.46,41.55,3000 -122.42,41.57,3000 -122.37,41.59,3000 -122.33,41.60,3000 -122.29,41.62,3000 -122.29,41.62,3000 
          </coordinates>
        </LinearRing>
      </innerBoundaryIs>
  </Polygon>
 </MultiGeometry>
</Placemark>
<Placemark>
  <name>10%</name>
  <visibility>1</visibility>
  <styleUrl>#poly_10</styleUrl>
  <MultiGeometry>
    <Polygon>
      <outerBoundaryIs>
        <LinearRing>
          <coordinates>
-70.56,49.24,2000 -70.55,49.22,2000 -70.54,49.20,2000 -70.52,49.17,2000 -70.51,49.15,2000 -70.50,49.13,2000 -70.48,49.11,2000 -70.46,49.09,2000 -70.44,49.06,2000 -70.42,49.04,2000 -70.40,49.02,2000 -70.38,49.00,2000 -70.37,48.98,2000 -70.36,48.96,2000 -70.36,48.95,2000 -70.35,48.93,2000 -70.34,48.91,2000 -70.32,48.90,2000 -70.31,48.88,2000 -70.29,48.85,2000 -70.27,48.83,2000 -70.25,48.81,2000 -70.23,48.78,2000 -70.22,48.76,2000 -70.21,48.74,2000 -70.21,48.71,2000 -70.21,48.69,2000 -70.21,48.66,2000 -70.22,48.64,2000 -70.23,48.61,2000 -70.24,48.60,2000 -70.26,48.58,2000 -70.28,48.57,2000 -70.31,48.56,2000 -70.35,48.56,2000 -70.39,48.55,2000 -70.42,48.56,2000 -70.46,48.56,2000 -70.49,48.56,2000 -70.52,48.57,2000 -70.56,48.58,2000 -70.59,48.59,2000 -70.61,48.61,2000 -70.64,48.62,2000 -70.66,48.63,2000 -70.69,48.64,2000 -70.72,48.66,2000 -70.73,48.67,2000 -70.75,48.69,2000 -70.77,48.71,2000 -70.79,48.74,2000 -70.80,48.76,2000 -70.81,48.79,2000 -70.82,48.81,2000 -70.82,48.83,2000 -70.82,48.86,2000 -70.81,48.88,2000 -70.80,48.91,2000 -70.79,48.93,2000 -70.78,48.96,2000 -70.77,48.98,2000 -70.76,49.00,2000 -70.75,49.02,2000 -70.74,49.05,2000 -70.73,49.07,2000 -70.71,49.09,2000 -70.70,49.11,2000 -70.69,49.13,2000 -70.56,49.24,2000 
          </coordinates>
        </LinearRing>
      </outerBoundaryIs>
  </Polygon>
 </MultiGeometry>
</Placemark>
<Placemark>
  <name>10%</name>
  <visibility>1</visibility>
  <styleUrl>#poly_10</styleUrl>
  <MultiGeometry>
    <Polygon>
      <outerBoundaryIs>
        <LinearRing>
          <coordinates>
-120.16,44.47,2000 -120.15,44.47,2000 -120.13,44.47,2000 -120.12,44.47,2000 -120.10,44.47,2000 -120.09,44.47,2000 -120.08,44.47,2000 -120.06,44.47,2000 -120.05,44.47,2000 -120.04,44.47,2000 -120.02,44.47,2000 -120.01,44.47,2000 -120.00,44.47,2000 -119.99,44.47,2000 -119.97,44.47,2000 -119.96,44.46,2000 -119.95,44.46,2000 -119.94,44.46,2000 -119.93,44.46,2000 -119.93,44.46,2000 -119.92,44.46,2000 -119.91,44.46,2000 -119.89,44.46,2000 -119.88,44.45,2000 -119.87,44.45,2000 -119.86,44.44,2000 -119.86,44.44,2000 -119.86,44.43,2000 -119.86,44.42,2000 -119.86,44.42,2000 -119.86,44.41,2000 -119.86,44.41,2000 -119.87,44.40,2000 -119.89,44.39,2000 -119.90,44.39,2000 -119.91,44.38,2000 -119.91,44.38,2000 -119.92,44.38,2000 -119.94,44.37,2000 -119.95,44.37,2000 -119.96,44.37,2000 -119.97,44.36,2000 -119.98,44.36,2000 -120.00,44.35,2000 -120.01,44.35,2000 -120.02,44.35,2000 -120.04,44.34,2000 -120.05,44.34,2000 -120.06,44.34,2000 -120.08,44.34,2000 -120.09,44.33,2000 -120.10,44.33,2000 -120.11,44.33,2000 -120.12,44.33,2000 -120.13,44.33,2000 -120.15,44.33,2000 -120.16,44.33,2000 -120.17,44.33,2000 -120.18,44.34,2000 -120.19,44.34,2000 -120.20,44.34,2000 -120.21,44.35,2000 -120.22,44.35,2000 -120.23,44.36,2000 -120.24,44.36,2000 -120.25,44.37,2000 -120.26,44.37,2000 -120.27,44.38,2000 -120.16,44.47,2000 
          </coordinates>
        </LinearRing>
      </outerBoundaryIs>
  </Polygon>
 </MultiGeometry>
</Placemark>
<Placemark>
  <name>10%</name>
  <visibility>1</visibility>
  <styleUrl>#poly_10</styleUrl>
  <MultiGeometry>
    <Polygon>
      <outerBoundaryIs>
        <LinearRing>
          <coordinates>
-115.29,41.03,2000 -115.24,41.05,2000 -115.20,41.07,2000 -115.15,41.08,2000 -115.11,41.09,2000 -115.07,41.09,2000 -115.02,41.08,2000 -114.97,41.06,2000 -114.93,41.02,2000 -114.90,40.99,2000 -114.89,40.96,2000 -114.90,40.92,2000 -114.91,40.88,2000 -114.93,40.84,2000 -114.94,40.81,2000 -114.97,40.78,2000 -115.00,40.75,2000 -115.01,40.72,2000 -115.03,40.69,2000 -115.04,40.66,2000 -115.05,40.62,2000 -115.06,40.59,2000 -115.07,40.55,2000 -115.08,40.51,2000 -115.09,40.47,2000 -115.10,40.44,2000 -115.12,40.41,2000 -115.14,40.39,2000 -115.16,40.36,2000 -115.17,40.33,2000 -115.19,40.29,2000 -115.21,40.25,2000 -115.23,40.22,2000 -115.26,40.19,2000 -115.29,40.16,2000 -115.31,40.12,2000 -115.34,40.10,2000 -115.38,40.07,2000 -115.41,40.06,2000 -115.44,40.04,2000 -115.47,40.02,2000 -115.51,39.99,2000 -115.55,39.98,2000 -115.60,39.98,2000 -115.65,40.00,2000 -115.70,40.01,2000 -115.75,40.02,2000 -115.79,40.05,2000 -115.82,40.07,2000 -115.86,40.10,2000 -115.89,40.13,2000 -115.92,40.17,2000 -115.94,40.20,2000 -115.95,40.23,2000 -115.97,40.27,2000 -115.98,40.30,2000 -115.98,40.34,2000 -115.98,40.38,2000 -115.97,40.42,2000 -115.96,40.46,2000 -115.95,40.49,2000 -115.94,40.52,2000 -115.93,40.55,2000 -115.90,40.57,2000 -115.88,40.60,2000 -115.85,40.63,2000 -115.82,40.66,2000 -115.79,40.69,2000 -115.77,40.72,2000 -115.75,40.75,2000 -115.71,40.77,2000 -115.67,40.79,2000 -115.63,40.81,2000 -115.58,40.84,2000 -115.53,40.86,2000 -115.49,40.88,2000 -115.45,40.90,2000 -115.42,40.92,2000 -115.40,40.94,2000 -115.29,41.03,2000 
          </coordinates>
        </LinearRing>
      </outerBoundaryIs>
      <innerBoundaryIs>
        <LinearRing>
          <coordinates>
-115.47,40.78,3000 -115.43,40.79,3000 -115.40,40.81,3000 -115.36,40.82,3000 -115.33,40.83,3000 -115.30,40.84,3000 -115.27,40.85,3000 -115.25,40.85,3000 -115.22,40.85,3000 -115.19,40.84,3000 -115.17,40.82,3000 -115.16,40.79,3000 -115.16,40.77,3000 -115.16,40.74,3000 -115.16,40.71,3000 -115.16,40.69,3000 -115.16,40.66,3000 -115.17,40.63,3000 -115.17,40.61,3000 -115.18,40.58,3000 -115.18,40.57,3000 -115.19,40.55,3000 -115.19,40.53,3000 -115.20,40.51,3000 -115.20,40.49,3000 -115.21,40.46,3000 -115.22,40.43,3000 -115.23,40.41,3000 -115.25,40.38,3000 -115.26,40.35,3000 -115.28,40.32,3000 -115.30,40.30,3000 -115.31,40.27,3000 -115.33,40.25,3000 -115.34,40.23,3000 -115.36,40.21,3000 -115.38,40.20,3000 -115.40,40.18,3000 -115.43,40.16,3000 -115.45,40.14,3000 -115.48,40.12,3000 -115.51,40.11,3000 -115.54,40.10,3000 -115.57,40.09,3000 -115.60,40.09,3000 -115.63,40.10,3000 -115.66,40.11,3000 -115.69,40.12,3000 -115.72,40.14,3000 -115.75,40.16,3000 -115.77,40.18,3000 -115.79,40.20,3000 -115.80,40.22,3000 -115.81,40.25,3000 -115.82,40.27,3000 -115.82,40.30,3000 -115.83,40.32,3000 -115.83,40.35,3000 -115.83,40.38,3000 -115.83,40.40,3000 -115.82,40.43,3000 -115.82,40.46,3000 -115.81,40.49,3000 -115.80,40.52,3000 -115.79,40.54,3000 -115.78,40.56,3000 -115.76,40.59,3000 -115.74,40.61,3000 -115.72,40.62,3000 -115.70,40.64,3000 -115.68,40.66,3000 -115.66,40.68,3000 -115.63,40.69,3000 -115.61,40.71,3000 -115.58,40.72,3000 -115.56,40.74,3000 -115.53,40.75,3000 -115.47,40.78,3000 
          </coordinates>
        </LinearRing>
      </innerBoundaryIs>
  </Polygon>
 </MultiGeometry>
</Placemark>
<Placemark>
  <name>10%</name>
  <visibility>1</visibility>
  <styleUrl>#poly_10</styleUrl>
  <MultiGeometry>
    <Polygon>
      <outerBoundaryIs>
        <LinearRing>
          <coordinates>
-107.85,45.08,2000 -107.80,45.07,2000 -107.75,45.06,2000 -107.71,45.05,2000 -107.67,45.04,2000 -107.63,45.03,2000 -107.60,45.02,2000 -107.56,45.00,2000 -107.54,44.99,2000 -107.51,44.96,2000 -107.49,44.94,2000 -107.46,44.92,2000 -107.43,44.89,2000 -107.40,44.86,2000 -107.37,44.84,2000 -107.35,44.82,2000 -107.33,44.80,2000 -107.32,44.80,2000 -107.30,44.79,2000 -107.27,44.76,2000 -107.24,44.74,2000 -107.20,44.71,2000 -107.16,44.69,2000 -107.13,44.66,2000 -107.11,44.64,2000 -107.08,44.61,2000 -107.07,44.57,2000 -107.06,44.54,2000 -107.05,44.52,2000 -107.02,44.50,2000 -107.01,44.48,2000 -107.01,44.46,2000 -107.02,44.43,2000 -107.02,44.40,2000 -107.03,44.37,2000 -107.03,44.35,2000 -107.02,44.32,2000 -107.04,44.30,2000 -107.06,44.28,2000 -107.09,44.26,2000 -107.13,44.24,2000 -107.17,44.21,2000 -107.21,44.20,2000 -107.25,44.19,2000 -107.29,44.19,2000 -107.33,44.20,2000 -107.38,44.21,2000 -107.42,44.23,2000 -107.46,44.25,2000 -107.50,44.27,2000 -107.53,44.29,2000 -107.56,44.31,2000 -107.59,44.34,2000 -107.62,44.36,2000 -107.65,44.39,2000 -107.67,44.41,2000 -107.69,44.43,2000 -107.72,44.46,2000 -107.75,44.49,2000 -107.77,44.51,2000 -107.79,44.53,2000 -107.82,44.54,2000 -107.85,44.56,2000 -107.88,44.59,2000 -107.91,44.61,2000 -107.93,44.64,2000 -107.97,44.66,2000 -108.00,44.69,2000 -108.02,44.72,2000 -108.04,44.75,2000 -108.05,44.78,2000 -108.06,44.81,2000 -108.06,44.83,2000 -108.06,44.86,2000 -108.06,44.89,2000 -108.06,44.92,2000 -107.85,45.08,2000 
          </coordinates>
        </LinearRing>
      </outerBoundaryIs>
      <innerBoundaryIs>
        <LinearRing>
          <coordinates>
-107.83,44.96,3000 -107.82,44.96,3000 -107.78,44.94,3000 -107.76,44.93,3000 -107.74,44.92,3000 -107.71,44.91,3000 -107.68,44.90,3000 -107.65,44.89,3000 -107.62,44.88,3000 -107.59,44.87,3000 -107.57,44.86,3000 -107.54,44.84,3000 -107.53,44.83,3000 -107.51,44.81,3000 -107.49,44.79,3000 -107.47,44.78,3000 -107.45,44.76,3000 -107.42,44.74,3000 -107.40,44.72,3000 -107.37,44.70,3000 -107.35,44.69,3000 -107.33,44.67,3000 -107.31,44.66,3000 -107.28,44.65,3000 -107.27,44.63,3000 -107.26,44.62,3000 -107.25,44.60,3000 -107.23,44.58,3000 -107.22,44.56,3000 -107.20,44.53,3000 -107.19,44.51,3000 -107.18,44.49,3000 -107.18,44.47,3000 -107.18,44.45,3000 -107.19,44.42,3000 -107.20,44.40,3000 -107.21,44.38,3000 -107.23,44.36,3000 -107.25,44.35,3000 -107.27,44.34,3000 -107.29,44.34,3000 -107.32,44.35,3000 -107.35,44.36,3000 -107.38,44.37,3000 -107.42,44.38,3000 -107.45,44.40,3000 -107.48,44.41,3000 -107.50,44.42,3000 -107.52,44.43,3000 -107.53,44.44,3000 -107.54,44.45,3000 -107.55,44.47,3000 -107.57,44.49,3000 -107.59,44.51,3000 -107.61,44.53,3000 -107.63,44.55,3000 -107.65,44.57,3000 -107.66,44.58,3000 -107.68,44.60,3000 -107.70,44.62,3000 -107.73,44.64,3000 -107.75,44.65,3000 -107.77,44.67,3000 -107.79,44.68,3000 -107.81,44.69,3000 -107.84,44.71,3000 -107.86,44.72,3000 -107.88,44.74,3000 -107.89,44.76,3000 -107.89,44.78,3000 -107.89,44.80,3000 -107.89,44.82,3000 -107.89,44.84,3000 -107.88,44.86,3000 -107.88,44.89,3000 -107.87,44.91,3000 -107.86,44.94,3000 -107.83,44.96,3000 
          </coordinates>
        </LinearRing>
      </innerBoundaryIs>
  </Polygon>
 </MultiGeometry>
</Placemark>
<Placemark>
  <name>10%</name>
  <visibility>1</visibility>
  <styleUrl>#poly_10</styleUrl>
  <MultiGeometry>
    <Polygon>
      <outerBoundaryIs>
        <LinearRing>
          <coordinates>
-120.31,42.26,2000 -120.24,42.27,2000 -120.18,42.29,2000 -120.12,42.29,2000 -120.07,42.28,2000 -120.03,42.26,2000 -120.00,42.22,2000 -119.97,42.18,2000 -119.94,42.14,2000 -119.90,42.10,2000 -119.85,42.06,2000 -119.80,42.02,2000 -119.75,42.00,2000 -119.69,42.00,2000 -119.61,42.01,2000 -119.55,42.00,2000 -119.48,42.00,2000 -119.41,41.98,2000 -119.34,41.97,2000 -119.28,41.94,2000 -119.23,41.90,2000 -119.19,41.86,2000 -119.16,41.81,2000 -119.15,41.76,2000 -119.15,41.71,2000 -119.17,41.68,2000 -119.21,41.64,2000 -119.26,41.61,2000 -119.31,41.58,2000 -119.37,41.55,2000 -119.41,41.52,2000 -119.45,41.48,2000 -119.49,41.45,2000 -119.53,41.41,2000 -119.56,41.38,2000 -119.60,41.34,2000 -119.64,41.30,2000 -119.68,41.26,2000 -119.71,41.22,2000 -119.75,41.18,2000 -119.79,41.14,2000 -119.83,41.09,2000 -119.86,41.05,2000 -119.89,41.00,2000 -119.93,40.95,2000 -119.97,40.92,2000 -120.03,40.89,2000 -120.09,40.88,2000 -120.16,40.87,2000 -120.22,40.87,2000 -120.28,40.87,2000 -120.33,40.88,2000 -120.39,40.90,2000 -120.44,40.91,2000 -120.49,40.93,2000 -120.55,40.94,2000 -120.60,40.96,2000 -120.63,40.99,2000 -120.65,41.02,2000 -120.66,41.06,2000 -120.66,41.10,2000 -120.65,41.15,2000 -120.64,41.19,2000 -120.63,41.23,2000 -120.62,41.28,2000 -120.61,41.32,2000 -120.59,41.37,2000 -120.57,41.41,2000 -120.54,41.45,2000 -120.51,41.49,2000 -120.48,41.54,2000 -120.44,41.57,2000 -120.41,41.61,2000 -120.39,41.64,2000 -120.35,41.69,2000 -120.35,41.74,2000 -120.37,41.77,2000 -120.40,41.81,2000 -120.43,41.85,2000 -120.45,41.89,2000 -120.45,41.93,2000 -120.45,41.98,2000 -120.44,42.03,2000 -120.43,42.08,2000 -120.31,42.26,2000 
          </coordinates>
        </LinearRing>
      </outerBoundaryIs>
      <innerBoundaryIs>
        <LinearRing>
          <coordinates>
-120.34,41.43,3000 -120.32,41.43,3000 -120.29,41.43,3000 -120.27,41.42,3000 -120.24,41.42,3000 -120.22,41.42,3000 -120.20,41.42,3000 -120.18,41.42,3000 -120.16,41.42,3000 -120.14,41.41,3000 -120.13,41.41,3000 -120.11,41.41,3000 -120.10,41.41,3000 -120.09,41.40,3000 -120.08,41.39,3000 -120.07,41.38,3000 -120.06,41.37,3000 -120.05,41.36,3000 -120.04,41.34,3000 -120.03,41.33,3000 -120.01,41.31,3000 -120.00,41.29,3000 -119.99,41.28,3000 -119.98,41.26,3000 -119.97,41.25,3000 -119.97,41.24,3000 -119.97,41.22,3000 -119.97,41.21,3000 -119.98,41.20,3000 -119.99,41.19,3000 -120.00,41.18,3000 -120.02,41.16,3000 -120.03,41.15,3000 -120.04,41.14,3000 -120.05,41.13,3000 -120.07,41.12,3000 -120.08,41.10,3000 -120.10,41.09,3000 -120.12,41.08,3000 -120.13,41.07,3000 -120.15,41.06,3000 -120.16,41.05,3000 -120.17,41.04,3000 -120.19,41.03,3000 -120.21,41.02,3000 -120.22,41.01,3000 -120.23,41.01,3000 -120.24,41.00,3000 -120.25,41.00,3000 -120.28,41.02,3000 -120.29,41.03,3000 -120.30,41.04,3000 -120.32,41.05,3000 -120.33,41.06,3000 -120.35,41.07,3000 -120.36,41.08,3000 -120.38,41.10,3000 -120.40,41.11,3000 -120.41,41.12,3000 -120.42,41.14,3000 -120.43,41.15,3000 -120.44,41.17,3000 -120.45,41.18,3000 -120.45,41.19,3000 -120.46,41.21,3000 -120.46,41.22,3000 -120.45,41.24,3000 -120.45,41.25,3000 -120.45,41.27,3000 -120.44,41.28,3000 -120.43,41.30,3000 -120.43,41.31,3000 -120.42,41.33,3000 -120.41,41.34,3000 -120.40,41.36,3000 -120.34,41.43,3000 
          </coordinates>
        </LinearRing>
      </innerBoundaryIs>
  </Polygon>
 </MultiGeometry>
</Placemark>
<Placemark>
  <name>10%</name>
  <visibility>1</visibility>
  <styleUrl>#poly_10</styleUrl>
  <MultiGeometry>
    <Polygon>
      <outerBoundaryIs>
        <LinearRing>
          <coordinates>
-121.91,44.60,2000 -121.83,44.57,2000 -121.75,44.53,2000 -121.68,44.49,2000 -121.62,44.45,2000 -121.56,44.40,2000 -121.52,44.34,2000 -121.48,44.29,2000 -121.45,44.22,2000 -121.44,44.16,2000 -121.44,44.10,2000 -121.44,44.03,2000 -121.45,43.97,2000 -121.47,43.91,2000 -121.51,43.85,2000 -121.56,43.79,2000 -121.61,43.74,2000 -121.65,43.69,2000 -121.68,43.62,2000 -121.70,43.56,2000 -121.71,43.48,2000 -121.72,43.42,2000 -121.73,43.36,2000 -121.74,43.30,2000 -121.75,43.24,2000 -121.76,43.18,2000 -121.77,43.11,2000 -121.77,43.05,2000 -121.78,42.99,2000 -121.80,42.93,2000 -121.84,42.86,2000 -121.89,42.80,2000 -121.94,42.74,2000 -121.99,42.69,2000 -122.04,42.64,2000 -122.10,42.61,2000 -122.18,42.61,2000 -122.27,42.62,2000 -122.34,42.65,2000 -122.40,42.70,2000 -122.44,42.77,2000 -122.47,42.84,2000 -122.48,42.90,2000 -122.48,42.97,2000 -122.47,43.04,2000 -122.46,43.11,2000 -122.45,43.18,2000 -122.45,43.24,2000 -122.44,43.31,2000 -122.43,43.37,2000 -122.42,43.43,2000 -122.41,43.50,2000 -122.39,43.56,2000 -122.37,43.63,2000 -122.34,43.69,2000 -122.31,43.75,2000 -122.27,43.82,2000 -122.24,43.88,2000 -122.21,43.93,2000 -122.19,44.00,2000 -122.18,44.05,2000 -122.17,44.11,2000 -122.15,44.17,2000 -122.13,44.23,2000 -122.11,44.30,2000 -122.09,44.37,2000 -121.91,44.60,2000 
          </coordinates>
        </LinearRing>
      </outerBoundaryIs>
      <innerBoundaryIs>
        <LinearRing>
          <coordinates>
-121.85,44.40,3000 -121.81,44.38,3000 -121.76,44.35,3000 -121.72,44.32,3000 -121.67,44.28,3000 -121.62,44.24,3000 -121.58,44.20,3000 -121.55,44.15,3000 -121.54,44.09,3000 -121.55,44.03,3000 -121.57,43.98,3000 -121.60,43.93,3000 -121.63,43.88,3000 -121.65,43.84,3000 -121.68,43.80,3000 -121.71,43.77,3000 -121.74,43.73,3000 -121.78,43.68,3000 -121.81,43.64,3000 -121.83,43.59,3000 -121.84,43.54,3000 -121.85,43.50,3000 -121.86,43.45,3000 -121.86,43.40,3000 -121.86,43.34,3000 -121.86,43.28,3000 -121.86,43.22,3000 -121.87,43.16,3000 -121.88,43.10,3000 -121.90,43.04,3000 -121.92,42.98,3000 -121.93,42.93,3000 -121.94,42.91,3000 -121.97,42.88,3000 -122.02,42.83,3000 -122.07,42.78,3000 -122.12,42.76,3000 -122.19,42.77,3000 -122.26,42.81,3000 -122.32,42.86,3000 -122.35,42.91,3000 -122.37,42.97,3000 -122.37,43.03,3000 -122.36,43.09,3000 -122.35,43.15,3000 -122.33,43.21,3000 -122.32,43.27,3000 -122.30,43.33,3000 -122.29,43.37,3000 -122.29,43.39,3000 -122.28,43.44,3000 -122.27,43.50,3000 -122.26,43.57,3000 -122.24,43.62,3000 -122.22,43.67,3000 -122.20,43.72,3000 -122.19,43.76,3000 -122.17,43.79,3000 -122.15,43.83,3000 -122.12,43.89,3000 -122.10,43.95,3000 -122.08,44.01,3000 -122.06,44.08,3000 -122.05,44.13,3000 -122.03,44.17,3000 -122.00,44.21,3000 -121.96,44.27,3000 -121.91,44.33,3000 -121.85,44.40,3000 
          </coordinates>
        </LinearRing>
      </innerBoundaryIs>
  </Polygon>
 </MultiGeometry>
</Placemark>
<Placemark>
  <name>10%</name>
  <visibility>1</visibility>
  <styleUrl>#poly_10</styleUrl>
  <MultiGeometry>
    <Polygon>
      <outerBoundaryIs>
        <LinearRing>
          <coordinates>
-117.80,39.62,2000 -117.74,39.62,2000 -117.68,39.62,2000 -117.63,39.63,2000 -117.57,39.63,2000 -117.51,39.63,2000 -117.45,39.64,2000 -117.40,39.65,2000 -117.34,39.66,2000 -117.30,39.68,2000 -117.26,39.70,2000 -117.21,39.73,2000 -117.17,39.76,2000 -117.13,39.78,2000 -117.08,39.80,2000 -117.02,39.82,2000 -116.97,39.84,2000 -116.91,39.84,2000 -116.86,39.83,2000 -116.81,39.81,2000 -116.76,39.78,2000 -116.71,39.75,2000 -116.68,39.72,2000 -116.66,39.68,2000 -116.65,39.63,2000 -116.64,39.59,2000 -116.64,39.54,2000 -116.63,39.49,2000 -116.62,39.44,2000 -116.62,39.40,2000 -116.61,39.37,2000 -116.58,39.35,2000 -116.55,39.32,2000 -116.50,39.29,2000 -116.46,39.25,2000 -116.42,39.21,2000 -116.39,39.17,2000 -116.37,39.12,2000 -116.36,39.08,2000 -116.36,39.04,2000 -116.38,39.00,2000 -116.42,38.97,2000 -116.46,38.94,2000 -116.49,38.91,2000 -116.53,38.87,2000 -116.57,38.84,2000 -116.59,38.81,2000 -116.62,38.78,2000 -116.65,38.75,2000 -116.68,38.72,2000 -116.72,38.69,2000 -116.76,38.66,2000 -116.81,38.64,2000 -116.84,38.62,2000 -116.88,38.60,2000 -116.93,38.60,2000 -116.99,38.60,2000 -117.03,38.60,2000 -117.07,38.60,2000 -117.12,38.60,2000 -117.17,38.59,2000 -117.22,38.58,2000 -117.28,38.57,2000 -117.34,38.57,2000 -117.40,38.57,2000 -117.46,38.57,2000 -117.52,38.58,2000 -117.57,38.59,2000 -117.61,38.61,2000 -117.65,38.63,2000 -117.68,38.66,2000 -117.71,38.69,2000 -117.74,38.73,2000 -117.76,38.77,2000 -117.78,38.82,2000 -117.80,38.86,2000 -117.82,38.90,2000 -117.83,38.94,2000 -117.85,38.99,2000 -117.86,39.03,2000 -117.88,39.07,2000 -117.89,39.11,2000 -117.91,39.16,2000 -117.92,39.20,2000 -117.94,39.24,2000 -117.95,39.28,2000 -117.97,39.33,2000 -117.97,39.37,2000 -117.96,39.41,2000 -117.95,39.44,2000 -117.93,39.48,2000 -117.91,39.52,2000 -117.89,39.56,2000 -117.80,39.62,2000 
          </coordinates>
        </LinearRing>
      </outerBoundaryIs>
      <innerBoundaryIs>
        <LinearRing>
          <coordinates>
-117.75,39.43,3000 -117.71,39.43,3000 -117.67,39.43,3000 -117.63,39.44,3000 -117.59,39.44,3000 -117.56,39.44,3000 -117.53,39.44,3000 -117.49,39.44,3000 -117.45,39.44,3000 -117.42,39.44,3000 -117.37,39.44,3000 -117.33,39.45,3000 -117.29,39.45,3000 -117.26,39.47,3000 -117.23,39.49,3000 -117.20,39.51,3000 -117.16,39.54,3000 -117.13,39.56,3000 -117.09,39.57,3000 -117.05,39.57,3000 -117.02,39.56,3000 -116.98,39.55,3000 -116.95,39.53,3000 -116.93,39.51,3000 -116.92,39.49,3000 -116.92,39.46,3000 -116.93,39.42,3000 -116.93,39.39,3000 -116.94,39.36,3000 -116.95,39.33,3000 -116.96,39.30,3000 -116.98,39.27,3000 -117.00,39.24,3000 -117.01,39.22,3000 -117.02,39.19,3000 -117.03,39.17,3000 -117.03,39.14,3000 -117.03,39.12,3000 -117.03,39.09,3000 -117.03,39.06,3000 -117.03,39.03,3000 -117.03,38.99,3000 -117.04,38.96,3000 -117.05,38.93,3000 -117.06,38.90,3000 -117.07,38.87,3000 -117.09,38.84,3000 -117.11,38.81,3000 -117.13,38.78,3000 -117.15,38.76,3000 -117.18,38.74,3000 -117.21,38.72,3000 -117.25,38.70,3000 -117.29,38.69,3000 -117.33,38.68,3000 -117.36,38.67,3000 -117.40,38.67,3000 -117.44,38.68,3000 -117.47,38.69,3000 -117.50,38.70,3000 -117.53,38.71,3000 -117.56,38.72,3000 -117.59,38.74,3000 -117.61,38.76,3000 -117.63,38.78,3000 -117.65,38.81,3000 -117.67,38.84,3000 -117.69,38.87,3000 -117.70,38.89,3000 -117.71,38.92,3000 -117.72,38.95,3000 -117.73,38.98,3000 -117.73,39.01,3000 -117.74,39.04,3000 -117.75,39.07,3000 -117.76,39.10,3000 -117.76,39.13,3000 -117.77,39.16,3000 -117.78,39.19,3000 -117.78,39.22,3000 -117.78,39.25,3000 -117.78,39.28,3000 -117.78,39.31,3000 -117.78,39.34,3000 -117.78,39.37,3000 -117.78,39.40,3000 -117.75,39.43,3000 
          </coordinates>
        </LinearRing>
      </innerBoundaryIs>
  </Polygon>
 </MultiGeometry>
</Placemark>
<Placemark>
  <name>10%</name>
  <visibility>1</visibility>
  <styleUrl>#poly_10</styleUrl>
  <MultiGeometry>
    <Polygon>
      <outerBoundaryIs>
        <LinearRing>
          <coordinates>
-116.22,42.09,2000 -116.17,42.12,2000 -116.12,42.15,2000 -116.08,42.17,2000 -116.03,42.19,2000 -115.98,42.20,2000 -115.92,42.20,2000 -115.87,42.18,2000 -115.81,42.16,2000 -115.75,42.14,2000 -115.70,42.13,2000 -115.66,42.11,2000 -115.62,42.09,2000 -115.56,42.08,2000 -115.50,42.08,2000 -115.45,42.08,2000 -115.39,42.09,2000 -115.33,42.10,2000 -115.27,42.12,2000 -115.20,42.13,2000 -115.14,42.14,2000 -115.09,42.15,2000 -115.04,42.15,2000 -114.97,42.14,2000 -114.92,42.11,2000 -114.89,42.08,2000 -114.86,42.05,2000 -114.84,42.01,2000 -114.83,41.97,2000 -114.84,41.93,2000 -114.85,41.88,2000 -114.87,41.84,2000 -114.90,41.81,2000 -114.94,41.77,2000 -114.98,41.73,2000 -115.03,41.69,2000 -115.07,41.66,2000 -115.12,41.63,2000 -115.18,41.60,2000 -115.23,41.57,2000 -115.29,41.54,2000 -115.34,41.51,2000 -115.38,41.48,2000 -115.43,41.45,2000 -115.48,41.42,2000 -115.51,41.40,2000 -115.55,41.37,2000 -115.59,41.34,2000 -115.62,41.30,2000 -115.65,41.26,2000 -115.68,41.22,2000 -115.71,41.17,2000 -115.74,41.13,2000 -115.77,41.09,2000 -115.81,41.05,2000 -115.85,41.01,2000 -115.89,40.97,2000 -115.93,40.94,2000 -115.97,40.92,2000 -116.03,40.90,2000 -116.10,40.90,2000 -116.16,40.90,2000 -116.22,40.91,2000 -116.27,40.92,2000 -116.31,40.94,2000 -116.36,40.97,2000 -116.40,41.00,2000 -116.44,41.03,2000 -116.48,41.05,2000 -116.52,41.08,2000 -116.56,41.12,2000 -116.59,41.15,2000 -116.62,41.19,2000 -116.65,41.24,2000 -116.67,41.29,2000 -116.67,41.33,2000 -116.66,41.37,2000 -116.63,41.40,2000 -116.59,41.43,2000 -116.56,41.47,2000 -116.54,41.51,2000 -116.52,41.56,2000 -116.51,41.61,2000 -116.49,41.66,2000 -116.47,41.70,2000 -116.45,41.74,2000 -116.43,41.78,2000 -116.41,41.82,2000 -116.39,41.85,2000 -116.37,41.89,2000 -116.22,42.09,2000 
          </coordinates>
        </LinearRing>
      </outerBoundaryIs>
      <innerBoundaryIs>
        <LinearRing>
          <coordinates>
-116.19,41.98,3000 -116.15,42.01,3000 -116.11,42.04,3000 -116.07,42.07,3000 -116.02,42.09,3000 -115.98,42.10,3000 -115.93,42.10,3000 -115.88,42.09,3000 -115.83,42.07,3000 -115.78,42.05,3000 -115.73,42.04,3000 -115.68,42.03,3000 -115.62,42.02,3000 -115.57,42.01,3000 -115.52,42.00,3000 -115.49,41.99,3000 -115.48,41.99,3000 -115.44,42.00,3000 -115.38,42.00,3000 -115.33,42.01,3000 -115.28,42.02,3000 -115.25,42.02,3000 -115.24,42.02,3000 -115.21,42.00,3000 -115.17,41.98,3000 -115.12,41.95,3000 -115.08,41.92,3000 -115.05,41.89,3000 -115.03,41.86,3000 -115.04,41.83,3000 -115.06,41.80,3000 -115.09,41.76,3000 -115.13,41.73,3000 -115.16,41.70,3000 -115.18,41.68,3000 -115.20,41.67,3000 -115.23,41.65,3000 -115.26,41.63,3000 -115.30,41.61,3000 -115.35,41.58,3000 -115.39,41.56,3000 -115.44,41.54,3000 -115.49,41.52,3000 -115.53,41.49,3000 -115.58,41.47,3000 -115.61,41.46,3000 -115.63,41.44,3000 -115.65,41.42,3000 -115.68,41.39,3000 -115.72,41.35,3000 -115.76,41.31,3000 -115.79,41.28,3000 -115.81,41.26,3000 -115.82,41.24,3000 -115.84,41.22,3000 -115.87,41.18,3000 -115.90,41.15,3000 -115.93,41.11,3000 -115.97,41.07,3000 -116.00,41.05,3000 -116.04,41.03,3000 -116.09,41.02,3000 -116.14,41.02,3000 -116.18,41.02,3000 -116.23,41.03,3000 -116.27,41.04,3000 -116.31,41.06,3000 -116.35,41.09,3000 -116.38,41.12,3000 -116.41,41.14,3000 -116.44,41.17,3000 -116.46,41.20,3000 -116.48,41.23,3000 -116.49,41.27,3000 -116.50,41.30,3000 -116.50,41.34,3000 -116.49,41.38,3000 -116.48,41.42,3000 -116.46,41.46,3000 -116.45,41.50,3000 -116.43,41.53,3000 -116.41,41.57,3000 -116.39,41.60,3000 -116.37,41.63,3000 -116.36,41.66,3000 -116.35,41.68,3000 -116.34,41.71,3000 -116.33,41.74,3000 -116.31,41.77,3000 -116.30,41.81,3000 -116.28,41.86,3000 -116.26,41.90,3000 -116.19,41.98,3000 
          </coordinates>
        </LinearRing>
      </innerBoundaryIs>
  </Polygon>
 </MultiGeometry>
</Placemark>
<Placemark>
  <name>10%</name>
  <visibility>1</visibility>
  <styleUrl>#poly_10</styleUrl>
  <MultiGeometry>
    <Polygon>
      <outerBoundaryIs>
        <LinearRing>
          <coordinates>
-75.15,43.58,2000 -75.13,43.58,2000 -75.10,43.57,2000 -75.08,43.57,2000 -75.06,43.56,2000 -75.04,43.56,2000 -75.01,43.55,2000 -74.99,43.54,2000 -74.97,43.54,2000 -74.95,43.53,2000 -74.94,43.53,2000 -74.92,43.52,2000 -74.90,43.51,2000 -74.88,43.50,2000 -74.86,43.49,2000 -74.85,43.48,2000 -74.84,43.47,2000 -74.82,43.46,2000 -74.81,43.44,2000 -74.80,43.43,2000 -74.79,43.42,2000 -74.78,43.40,2000 -74.78,43.39,2000 -74.77,43.37,2000 -74.76,43.35,2000 -74.76,43.34,2000 -74.75,43.32,2000 -74.74,43.31,2000 -74.74,43.29,2000 -74.73,43.28,2000 -74.73,43.27,2000 -74.72,43.25,2000 -74.71,43.24,2000 -74.71,43.24,2000 -74.71,43.23,2000 -74.74,43.22,2000 -74.75,43.22,2000 -74.77,43.21,2000 -74.79,43.20,2000 -74.80,43.20,2000 -74.83,43.19,2000 -74.85,43.18,2000 -74.87,43.17,2000 -74.89,43.17,2000 -74.92,43.16,2000 -74.94,43.15,2000 -74.96,43.15,2000 -74.98,43.15,2000 -75.00,43.15,2000 -75.02,43.15,2000 -75.04,43.16,2000 -75.06,43.17,2000 -75.08,43.18,2000 -75.10,43.19,2000 -75.12,43.20,2000 -75.14,43.21,2000 -75.15,43.22,2000 -75.17,43.23,2000 -75.18,43.24,2000 -75.20,43.25,2000 -75.21,43.26,2000 -75.23,43.27,2000 -75.24,43.28,2000 -75.25,43.28,2000 -75.26,43.30,2000 -75.26,43.31,2000 -75.27,43.32,2000 -75.27,43.33,2000 -75.28,43.35,2000 -75.28,43.36,2000 -75.29,43.38,2000 -75.29,43.39,2000 -75.30,43.41,2000 -75.30,43.43,2000 -75.31,43.44,2000 -75.31,43.46,2000 -75.32,43.48,2000 -75.15,43.58,2000 
          </coordinates>
        </LinearRing>
      </outerBoundaryIs>
  </Polygon>
 </MultiGeometry>
</Placemark>
<Placemark>
  <name>10%</name>
  <visibility>1</visibility>
  <styleUrl>#poly_10</styleUrl>
  <MultiGeometry>
    <Polygon>
      <outerBoundaryIs>
        <LinearRing>
          <coordinates>
-121.85,47.00,2000 -121.83,47.00,2000 -121.81,47.00,2000 -121.79,46.99,2000 -121.78,46.99,2000 -121.76,46.99,2000 -121.74,46.98,2000 -121.72,46.98,2000 -121.71,46.97,2000 -121.69,46.96,2000 -121.68,46.95,2000 -121.67,46.94,2000 -121.66,46.94,2000 -121.64,46.93,2000 -121.63,46.91,2000 -121.62,46.90,2000 -121.61,46.89,2000 -121.60,46.88,2000 -121.59,46.87,2000 -121.58,46.86,2000 -121.58,46.84,2000 -121.57,46.83,2000 -121.57,46.82,2000 -121.57,46.81,2000 -121.57,46.80,2000 -121.58,46.79,2000 -121.58,46.78,2000 -121.59,46.76,2000 -121.60,46.75,2000 -121.61,46.74,2000 -121.63,46.73,2000 -121.64,46.71,2000 -121.65,46.70,2000 -121.67,46.69,2000 -121.68,46.68,2000 -121.70,46.67,2000 -121.71,46.66,2000 -121.72,46.66,2000 -121.74,46.65,2000 -121.75,46.65,2000 -121.76,46.65,2000 -121.78,46.65,2000 -121.80,46.65,2000 -121.82,46.66,2000 -121.84,46.66,2000 -121.85,46.67,2000 -121.87,46.68,2000 -121.89,46.69,2000 -121.91,46.70,2000 -121.92,46.71,2000 -121.94,46.72,2000 -121.95,46.73,2000 -121.96,46.74,2000 -121.97,46.75,2000 -121.98,46.76,2000 -121.98,46.77,2000 -121.98,46.78,2000 -121.99,46.79,2000 -121.99,46.81,2000 -121.98,46.82,2000 -121.98,46.83,2000 -121.98,46.85,2000 -121.98,46.86,2000 -121.97,46.87,2000 -121.97,46.89,2000 -121.96,46.90,2000 -121.96,46.92,2000 -121.95,46.93,2000 -121.85,47.00,2000 
          </coordinates>
        </LinearRing>
      </outerBoundaryIs>
  </Polygon>
 </MultiGeometry>
</Placemark>
<Placemark>
  <name>10%</name>
  <visibility>1</visibility>
  <styleUrl>#poly_10</styleUrl>
  <MultiGeometry>
    <Polygon>
      <outerBoundaryIs>
        <LinearRing>
          <coordinates>
-116.23,51.86,2000 -115.97,51.89,2000 -115.76,51.83,2000 -115.42,51.70,2000 -115.03,51.59,2000 -114.85,51.43,2000 -114.78,51.27,2000 -114.54,51.06,2000 -114.39,50.82,2000 -114.28,50.49,2000 -114.11,50.13,2000 -114.05,49.81,2000 -113.97,49.52,2000 -113.62,49.42,2000 -113.35,49.38,2000 -112.89,49.37,2000 -112.43,49.35,2000 -112.11,49.20,2000 -111.94,49.04,2000 -112.21,48.86,2000 -112.50,48.79,2000 -112.92,48.62,2000 -112.84,48.36,2000 -112.57,48.10,2000 -112.50,47.90,2000 -112.60,47.64,2000 -112.56,47.43,2000 -112.41,47.31,2000 -112.14,47.16,2000 -111.97,47.21,2000 -111.69,47.34,2000 -111.35,47.49,2000 -111.04,47.60,2000 -110.77,47.68,2000 -110.41,47.66,2000 -110.17,47.50,2000 -109.93,47.15,2000 -109.87,46.97,2000 -109.93,46.80,2000 -110.19,46.53,2000 -110.22,46.31,2000 -110.12,46.12,2000 -110.28,45.93,2000 -110.40,45.74,2000 -109.99,45.63,2000 -109.66,45.48,2000 -109.39,45.32,2000 -109.18,45.10,2000 -109.24,44.83,2000 -109.38,44.60,2000 -109.46,44.47,2000 -109.43,44.32,2000 -109.30,44.16,2000 -109.25,43.99,2000 -109.37,43.79,2000 -109.58,43.60,2000 -109.40,43.41,2000 -109.14,43.17,2000 -109.02,42.96,2000 -109.03,42.76,2000 -109.26,42.61,2000 -109.53,42.65,2000 -109.91,42.88,2000 -110.20,42.98,2000 -110.32,42.64,2000 -110.41,42.48,2000 -110.70,42.28,2000 -111.06,42.26,2000 -111.23,42.05,2000 -111.27,41.77,2000 -111.29,41.40,2000 -111.34,41.31,2000 -111.58,41.28,2000 -111.74,41.53,2000 -111.90,41.88,2000 -111.88,42.10,2000 -111.83,42.31,2000 -111.72,42.57,2000 -111.56,42.82,2000 -111.62,43.19,2000 -111.58,43.41,2000 -111.51,43.62,2000 -111.41,43.85,2000 -111.37,44.03,2000 -111.49,44.16,2000 -111.86,44.26,2000 -112.08,44.27,2000 -112.57,44.23,2000 -112.91,44.15,2000 -113.21,44.05,2000 -113.46,43.89,2000 -113.67,43.68,2000 -114.08,43.56,2000 -114.63,43.42,2000 -115.07,43.33,2000 -115.54,43.38,2000 -115.69,43.48,2000 -115.80,43.68,2000 -115.89,44.05,2000 -116.03,44.25,2000 -116.20,44.56,2000 -116.33,44.87,2000 -116.57,44.97,2000 -116.84,44.98,2000 -117.03,44.91,2000 -117.42,44.89,2000 -117.87,45.03,2000 -117.91,44.85,2000 -118.03,44.71,2000 -118.20,44.47,2000 -118.27,44.17,2000 -118.60,43.98,2000 -118.88,43.94,2000 -119.15,43.92,2000 -119.43,43.85,2000 -119.69,43.94,2000 -119.57,44.19,2000 -119.26,44.36,2000 -119.10,44.54,2000 -119.03,44.86,2000 -118.95,45.06,2000 -118.67,45.26,2000 -118.42,45.28,2000 -118.13,45.22,2000 -117.91,45.38,2000 -117.74,45.53,2000 -117.52,45.57,2000 -117.10,45.47,2000 -116.94,45.39,2000 -116.67,45.43,2000 -116.24,45.55,2000 -116.04,45.76,2000 -115.55,45.87,2000 -115.40,46.13,2000 -115.26,46.48,2000 -115.17,46.76,2000 -115.26,47.05,2000 -115.00,47.06,2000 -114.79,46.93,2000 -114.38,46.82,2000 -114.10,46.72,2000 -113.81,46.64,2000 -113.35,46.65,2000 -113.09,46.63,2000 -112.85,46.77,2000 -112.94,46.93,2000 -113.12,47.01,2000 -113.42,47.09,2000 -113.78,46.97,2000 -113.95,47.00,2000 -114.11,47.14,2000 -114.25,47.39,2000 -114.19,47.65,2000 -113.87,47.86,2000 -113.77,48.08,2000 -113.84,48.37,2000 -114.02,48.55,2000 -114.24,48.72,2000 -114.48,48.90,2000 -114.71,49.08,2000 -114.89,49.24,2000 -114.97,49.40,2000 -114.93,49.58,2000 -115.00,49.74,2000 -115.21,49.81,2000 -115.47,49.78,2000 -115.78,49.82,2000 -115.99,49.62,2000 -116.11,49.45,2000 -116.32,49.40,2000 -116.49,49.44,2000 -116.62,49.62,2000 -116.79,49.93,2000 -116.95,50.26,2000 -117.03,50.59,2000 -117.18,50.92,2000 -117.08,51.11,2000 -116.76,51.01,2000 -116.52,50.91,2000 -116.21,50.66,2000 -116.04,50.48,2000 -115.91,50.17,2000 -115.75,49.88,2000 -115.47,50.05,2000 -115.42,50.24,2000 -115.52,50.40,2000 -115.72,50.64,2000 -116.00,50.97,2000 -116.28,51.14,2000 -116.40,51.33,2000 -116.47,51.61,2000 -116.38,51.78,2000 -116.23,51.86,2000 
          </coordinates>
        </LinearRing>
      </outerBoundaryIs>
      <innerBoundaryIs>
        <LinearRing>
          <coordinates>
-111.70,46.21,2000 -111.66,46.21,2000 -111.62,46.22,2000 -111.58,46.22,2000 -111.54,46.23,2000 -111.51,46.23,2000 -111.48,46.23,2000 -111.46,46.23,2000 -111.44,46.23,2000 -111.42,46.21,2000 -111.41,46.20,2000 -111.39,46.18,2000 -111.36,46.17,2000 -111.34,46.15,2000 -111.32,46.13,2000 -111.29,46.11,2000 -111.27,46.09,2000 -111.25,46.07,2000 -111.24,46.05,2000 -111.23,46.03,2000 -111.22,46.01,2000 -111.21,45.99,2000 -111.21,45.97,2000 -111.21,45.94,2000 -111.21,45.92,2000 -111.21,45.90,2000 -111.21,45.88,2000 -111.21,45.86,2000 -111.22,45.83,2000 -111.23,45.81,2000 -111.24,45.79,2000 -111.25,45.76,2000 -111.26,45.74,2000 -111.27,45.73,2000 -111.28,45.71,2000 -111.30,45.69,2000 -111.32,45.68,2000 -111.36,45.67,2000 -111.39,45.67,2000 -111.42,45.67,2000 -111.46,45.67,2000 -111.50,45.67,2000 -111.54,45.67,2000 -111.58,45.67,2000 -111.60,45.67,2000 -111.63,45.68,2000 -111.65,45.69,2000 -111.67,45.70,2000 -111.70,45.71,2000 -111.73,45.73,2000 -111.76,45.74,2000 -111.79,45.76,2000 -111.82,45.77,2000 -111.84,45.78,2000 -111.87,45.79,2000 -111.90,45.80,2000 -111.94,45.80,2000 -111.97,45.80,2000 -112.00,45.80,2000 -112.03,45.81,2000 -112.05,45.81,2000 -112.07,45.82,2000 -112.09,45.83,2000 -112.10,45.84,2000 -112.13,45.86,2000 -112.15,45.87,2000 -112.18,45.88,2000 -112.22,45.89,2000 -112.26,45.90,2000 -112.29,45.91,2000 -112.33,45.92,2000 -112.35,45.93,2000 -112.37,45.94,2000 -112.38,45.95,2000 -112.37,45.96,2000 -112.35,45.97,2000 -112.31,45.98,2000 -112.27,45.98,2000 -112.23,45.99,2000 -112.19,46.00,2000 -112.15,46.01,2000 -112.12,46.02,2000 -112.09,46.03,2000 -112.07,46.04,2000 -112.04,46.05,2000 -112.01,46.07,2000 -111.98,46.08,2000 -111.96,46.09,2000 -111.93,46.10,2000 -111.90,46.11,2000 -111.88,46.12,2000 -111.85,46.14,2000 -111.82,46.15,2000 -111.80,46.16,2000 -111.77,46.17,2000 -111.75,46.18,2000 -111.70,46.21,2000 
          </coordinates>
        </LinearRing>
      </innerBoundaryIs>
      <innerBoundaryIs>
        <LinearRing>
          <coordinates>
-112.59,45.69,2000 -112.58,45.68,2000 -112.56,45.67,2000 -112.55,45.66,2000 -112.53,45.65,2000 -112.52,45.63,2000 -112.51,45.62,2000 -112.50,45.60,2000 -112.49,45.59,2000 -112.49,45.57,2000 -112.49,45.56,2000 -112.48,45.54,2000 -112.48,45.53,2000 -112.48,45.51,2000 -112.47,45.50,2000 -112.47,45.48,2000 -112.47,45.46,2000 -112.47,45.45,2000 -112.47,45.43,2000 -112.47,45.41,2000 -112.47,45.39,2000 -112.47,45.37,2000 -112.47,45.35,2000 -112.48,45.33,2000 -112.48,45.32,2000 -112.48,45.30,2000 -112.49,45.28,2000 -112.50,45.27,2000 -112.50,45.26,2000 -112.51,45.26,2000 -112.52,45.26,2000 -112.53,45.27,2000 -112.54,45.27,2000 -112.56,45.29,2000 -112.57,45.30,2000 -112.59,45.31,2000 -112.61,45.33,2000 -112.62,45.35,2000 -112.63,45.36,2000 -112.65,45.38,2000 -112.65,45.40,2000 -112.66,45.41,2000 -112.66,45.42,2000 -112.66,45.44,2000 -112.66,45.45,2000 -112.66,45.47,2000 -112.66,45.48,2000 -112.65,45.50,2000 -112.65,45.51,2000 -112.64,45.53,2000 -112.63,45.54,2000 -112.63,45.56,2000 -112.62,45.57,2000 -112.61,45.59,2000 -112.59,45.69,2000 
          </coordinates>
        </LinearRing>
      </innerBoundaryIs>
      <innerBoundaryIs>
        <LinearRing>
          <coordinates>
-114.09,44.61,2000 -114.08,44.61,2000 -114.07,44.61,2000 -114.06,44.61,2000 -114.05,44.59,2000 -114.05,44.58,2000 -114.04,44.58,2000 -114.04,44.57,2000 -114.03,44.56,2000 -114.03,44.55,2000 -114.02,44.53,2000 -114.01,44.52,2000 -114.01,44.51,2000 -114.00,44.50,2000 -114.00,44.49,2000 -113.99,44.47,2000 -113.99,44.46,2000 -113.99,44.45,2000 -113.98,44.44,2000 -113.98,44.43,2000 -113.98,44.42,2000 -113.98,44.41,2000 -113.98,44.39,2000 -113.98,44.38,2000 -113.98,44.37,2000 -113.99,44.35,2000 -113.99,44.34,2000 -114.00,44.33,2000 -114.00,44.32,2000 -114.01,44.32,2000 -114.02,44.31,2000 -114.03,44.31,2000 -114.04,44.31,2000 -114.05,44.31,2000 -114.06,44.31,2000 -114.08,44.32,2000 -114.09,44.32,2000 -114.11,44.33,2000 -114.12,44.33,2000 -114.14,44.34,2000 -114.16,44.35,2000 -114.17,44.36,2000 -114.18,44.36,2000 -114.20,44.37,2000 -114.21,44.38,2000 -114.21,44.39,2000 -114.22,44.40,2000 -114.22,44.41,2000 -114.22,44.42,2000 -114.22,44.43,2000 -114.22,44.44,2000 -114.22,44.44,2000 -114.22,44.46,2000 -114.21,44.47,2000 -114.21,44.48,2000 -114.20,44.49,2000 -114.20,44.50,2000 -114.19,44.51,2000 -114.18,44.52,2000 -114.17,44.53,2000 -114.17,44.54,2000 -114.16,44.56,2000 -114.15,44.57,2000 -114.14,44.58,2000 -114.09,44.61,2000 
          </coordinates>
        </LinearRing>
      </innerBoundaryIs>
      <innerBoundaryIs>
        <LinearRing>
          <coordinates>
-116.76,50.86,3000 -116.70,50.83,3000 -116.64,50.81,3000 -116.59,50.79,3000 -116.55,50.77,3000 -116.51,50.76,3000 -116.47,50.75,3000 -116.43,50.73,3000 -116.39,50.70,3000 -116.35,50.66,3000 -116.31,50.63,3000 -116.27,50.59,3000 -116.24,50.56,3000 -116.21,50.52,3000 -116.18,50.48,3000 -116.16,50.44,3000 -116.15,50.40,3000 -116.13,50.36,3000 -116.12,50.32,3000 -116.11,50.28,3000 -116.09,50.23,3000 -116.08,50.19,3000 -116.07,50.16,3000 -116.07,50.15,3000 -116.05,50.12,3000 -116.01,50.08,3000 -115.97,50.04,3000 -115.95,50.00,3000 -115.94,49.96,3000 -115.95,49.91,3000 -115.95,49.87,3000 -115.96,49.84,3000 -115.98,49.81,3000 -116.01,49.78,3000 -116.05,49.75,3000 -116.10,49.71,3000 -116.15,49.68,3000 -116.20,49.66,3000 -116.26,49.66,3000 -116.32,49.67,3000 -116.38,49.69,3000 -116.44,49.71,3000 -116.48,49.73,3000 -116.51,49.75,3000 -116.52,49.78,3000 -116.55,49.81,3000 -116.59,49.85,3000 -116.63,49.89,3000 -116.66,49.93,3000 -116.68,49.97,3000 -116.70,50.01,3000 -116.72,50.05,3000 -116.74,50.09,3000 -116.76,50.13,3000 -116.78,50.17,3000 -116.79,50.21,3000 -116.81,50.25,3000 -116.82,50.29,3000 -116.83,50.33,3000 -116.84,50.37,3000 -116.85,50.41,3000 -116.85,50.45,3000 -116.86,50.49,3000 -116.86,50.53,3000 -116.86,50.57,3000 -116.86,50.61,3000 -116.86,50.65,3000 -116.86,50.70,3000 -116.86,50.74,3000 -116.76,50.86,3000 
          </coordinates>
        </LinearRing>
      </innerBoundaryIs>
      <innerBoundaryIs>
        <LinearRing>
          <coordinates>
-118.62,45.18,3000 -118.57,45.18,3000 -118.51,45.19,3000 -118.46,45.19,3000 -118.42,45.19,3000 -118.38,45.19,3000 -118.34,45.19,3000 -118.31,45.18,3000 -118.27,45.16,3000 -118.24,45.14,3000 -118.20,45.11,3000 -118.15,45.08,3000 -118.12,45.05,3000 -118.09,45.03,3000 -118.06,45.01,3000 -118.06,44.98,3000 -118.06,44.94,3000 -118.06,44.91,3000 -118.05,44.88,3000 -118.06,44.84,3000 -118.08,44.81,3000 -118.11,44.78,3000 -118.15,44.75,3000 -118.19,44.71,3000 -118.22,44.68,3000 -118.25,44.66,3000 -118.28,44.64,3000 -118.30,44.63,3000 -118.31,44.60,3000 -118.32,44.57,3000 -118.34,44.53,3000 -118.35,44.49,3000 -118.35,44.45,3000 -118.34,44.42,3000 -118.33,44.38,3000 -118.32,44.35,3000 -118.30,44.32,3000 -118.30,44.29,3000 -118.31,44.25,3000 -118.34,44.22,3000 -118.38,44.19,3000 -118.41,44.17,3000 -118.46,44.15,3000 -118.50,44.13,3000 -118.55,44.12,3000 -118.60,44.11,3000 -118.65,44.11,3000 -118.71,44.12,3000 -118.77,44.13,3000 -118.82,44.15,3000 -118.86,44.16,3000 -118.91,44.17,3000 -118.95,44.18,3000 -118.96,44.20,3000 -118.95,44.23,3000 -118.92,44.27,3000 -118.89,44.30,3000 -118.88,44.33,3000 -118.87,44.35,3000 -118.86,44.39,3000 -118.86,44.42,3000 -118.85,44.46,3000 -118.85,44.50,3000 -118.85,44.53,3000 -118.85,44.57,3000 -118.86,44.60,3000 -118.88,44.63,3000 -118.90,44.67,3000 -118.92,44.70,3000 -118.93,44.73,3000 -118.93,44.77,3000 -118.93,44.80,3000 -118.93,44.84,3000 -118.92,44.88,3000 -118.91,44.91,3000 -118.89,44.95,3000 -118.87,44.98,3000 -118.85,45.00,3000 -118.83,45.03,3000 -118.80,45.06,3000 -118.77,45.08,3000 -118.74,45.10,3000 -118.62,45.18,3000 
          </coordinates>
        </LinearRing>
      </innerBoundaryIs>
      <innerBoundaryIs>
        <LinearRing>
          <coordinates>
-114.33,44.61,3000 -114.31,44.63,3000 -114.28,44.65,3000 -114.26,44.67,3000 -114.24,44.69,3000 -114.21,44.71,3000 -114.19,44.72,3000 -114.17,44.73,3000 -114.14,44.74,3000 -114.12,44.74,3000 -114.10,44.74,3000 -114.08,44.73,3000 -114.05,44.72,3000 -114.03,44.70,3000 -114.01,44.69,3000 -113.98,44.67,3000 -113.96,44.65,3000 -113.94,44.63,3000 -113.93,44.62,3000 -113.91,44.60,3000 -113.89,44.58,3000 -113.88,44.56,3000 -113.87,44.54,3000 -113.86,44.52,3000 -113.85,44.50,3000 -113.84,44.48,3000 -113.84,44.46,3000 -113.84,44.44,3000 -113.84,44.42,3000 -113.85,44.40,3000 -113.86,44.38,3000 -113.87,44.36,3000 -113.88,44.34,3000 -113.89,44.32,3000 -113.90,44.30,3000 -113.91,44.28,3000 -113.92,44.26,3000 -113.93,44.24,3000 -113.94,44.21,3000 -113.95,44.19,3000 -113.96,44.17,3000 -113.98,44.16,3000 -114.00,44.15,3000 -114.02,44.15,3000 -114.05,44.15,3000 -114.08,44.15,3000 -114.11,44.16,3000 -114.14,44.16,3000 -114.18,44.17,3000 -114.21,44.18,3000 -114.23,44.19,3000 -114.25,44.19,3000 -114.28,44.20,3000 -114.29,44.22,3000 -114.30,44.23,3000 -114.31,44.25,3000 -114.32,44.27,3000 -114.33,44.29,3000 -114.34,44.31,3000 -114.35,44.34,3000 -114.35,44.36,3000 -114.36,44.38,3000 -114.36,44.40,3000 -114.36,44.42,3000 -114.36,44.44,3000 -114.36,44.46,3000 -114.36,44.48,3000 -114.36,44.50,3000 -114.36,44.52,3000 -114.35,44.54,3000 -114.35,44.56,3000 -114.33,44.61,3000 
          </coordinates>
        </LinearRing>
      </innerBoundaryIs>
      <innerBoundaryIs>
        <LinearRing>
          <coordinates>
-116.21,51.78,3000 -115.93,51.80,3000 -115.64,51.72,3000 -115.29,51.59,3000 -115.01,51.40,3000 -114.90,51.19,3000 -114.75,51.05,3000 -114.51,50.79,3000 -114.44,50.59,3000 -114.39,50.38,3000 -114.31,50.19,3000 -114.26,50.01,3000 -114.30,49.79,3000 -114.32,49.60,3000 -114.05,49.42,3000 -113.69,49.31,3000 -113.35,49.24,3000 -112.92,49.20,3000 -112.67,49.17,3000 -112.60,49.03,3000 -112.90,48.85,3000 -113.08,48.65,3000 -113.09,48.47,3000 -112.93,48.28,3000 -112.69,48.08,3000 -112.62,47.90,3000 -112.67,47.74,3000 -112.78,47.63,3000 -112.78,47.44,3000 -112.46,47.20,3000 -112.26,46.97,3000 -112.23,46.76,3000 -112.07,46.60,3000 -111.91,46.52,3000 -111.78,46.34,3000 -112.10,46.13,3000 -112.40,46.06,3000 -112.66,46.18,3000 -112.73,45.93,3000 -112.73,45.60,3000 -112.84,45.39,3000 -113.07,45.18,3000 -113.20,45.00,3000 -112.91,44.80,3000 -112.64,44.99,3000 -112.43,45.20,3000 -112.32,45.56,3000 -112.22,45.67,3000 -111.94,45.72,3000 -111.56,45.59,3000 -111.10,45.72,3000 -111.03,45.92,3000 -111.05,46.12,3000 -111.29,46.30,3000 -111.56,46.49,3000 -111.82,46.68,3000 -111.97,46.80,3000 -112.01,46.99,3000 -111.67,47.20,3000 -111.39,47.31,3000 -111.11,47.42,3000 -110.72,47.56,3000 -110.34,47.48,3000 -110.22,47.30,3000 -110.15,47.11,3000 -110.11,46.92,3000 -110.16,46.74,3000 -110.46,46.44,3000 -110.37,46.22,3000 -110.39,46.03,3000 -110.64,45.78,3000 -110.50,45.66,3000 -110.13,45.60,3000 -109.74,45.44,3000 -109.49,45.29,3000 -109.29,45.04,3000 -109.37,44.85,3000 -109.49,44.66,3000 -109.56,44.41,3000 -109.42,44.07,3000 -109.57,43.75,3000 -109.69,43.63,3000 -109.61,43.43,3000 -109.33,43.24,3000 -109.16,43.03,3000 -109.15,42.79,3000 -109.23,42.72,3000 -109.48,42.71,3000 -109.64,42.78,3000 -109.96,43.05,3000 -110.28,43.06,3000 -110.42,42.77,3000 -110.56,42.47,3000 -110.93,42.38,3000 -111.29,42.24,3000 -111.38,41.94,3000 -111.42,41.81,3000 -111.62,41.70,3000 -111.75,41.83,3000 -111.78,42.02,3000 -111.70,42.21,3000 -111.56,42.53,3000 -111.37,42.76,3000 -111.34,42.99,3000 -111.43,43.19,3000 -111.43,43.47,3000 -111.29,43.82,3000 -111.25,43.98,3000 -111.32,44.16,3000 -111.58,44.32,3000 -111.84,44.36,3000 -112.13,44.38,3000 -112.40,44.36,3000 -112.66,44.32,3000 -113.16,44.20,3000 -113.46,44.04,3000 -113.67,43.89,3000 -113.88,43.65,3000 -114.30,43.59,3000 -114.75,43.49,3000 -115.04,43.45,3000 -115.30,43.43,3000 -115.57,43.50,3000 -115.65,43.61,3000 -115.73,43.98,3000 -115.82,44.21,3000 -115.95,44.49,3000 -116.07,44.71,3000 -116.38,44.99,3000 -116.75,45.14,3000 -117.03,45.04,3000 -117.32,44.95,3000 -117.74,45.11,3000 -117.80,45.30,3000 -117.74,45.42,3000 -117.38,45.48,3000 -117.05,45.34,3000 -116.74,45.21,3000 -116.51,45.38,3000 -116.13,45.51,3000 -115.84,45.69,3000 -115.53,45.72,3000 -115.29,45.69,3000 -115.52,45.39,3000 -115.46,45.31,3000 -115.22,45.28,3000 -114.98,45.13,3000 -114.95,44.90,3000 -114.87,44.78,3000 -114.69,44.89,3000 -114.74,45.05,3000 -114.49,45.20,3000 -114.21,45.17,3000 -114.09,45.07,3000 -113.97,44.93,3000 -113.82,44.89,3000 -113.63,44.93,3000 -113.59,45.03,3000 -113.74,45.24,3000 -113.76,45.45,3000 -113.71,45.67,3000 -113.91,45.89,3000 -114.15,46.05,3000 -114.37,45.78,3000 -114.50,45.44,3000 -114.77,45.48,3000 -114.89,45.60,3000 -114.76,45.82,3000 -114.77,46.03,3000 -114.93,46.18,3000 -115.16,46.19,3000 -115.19,46.31,3000 -115.03,46.57,3000 -114.85,46.68,3000 -114.53,46.73,3000 -114.27,46.70,3000 -114.13,46.61,3000 -114.03,46.26,3000 -113.84,46.37,3000 -113.59,46.53,3000 -113.27,46.54,3000 -112.97,46.52,3000 -112.74,46.53,3000 -112.67,46.66,3000 -112.66,46.84,3000 -112.77,46.97,3000 -113.09,47.10,3000 -113.43,47.22,3000 -113.66,47.25,3000 -113.84,47.18,3000 -113.98,47.26,3000 -114.10,47.46,3000 -113.96,47.67,3000 -113.64,47.83,3000 -113.54,48.06,3000 -113.67,48.32,3000 -113.91,48.59,3000 -114.23,48.82,3000 -114.44,49.02,3000 -114.63,49.23,3000 -114.77,49.50,3000 -114.74,49.66,3000 -114.86,49.84,3000 -115.11,50.12,3000 -115.44,50.49,3000 -115.70,50.79,3000 -115.92,51.07,3000 -116.15,51.29,3000 -116.35,51.58,3000 -116.21,51.78,3000 
          </coordinates>
        </LinearRing>
      </innerBoundaryIs>
  </Polygon>
 </MultiGeometry>
</Placemark>
<Placemark>
  <name>10%</name>
  <visibility>1</visibility>
  <styleUrl>#poly_10</styleUrl>
  <MultiGeometry>
    <Polygon>
      <outerBoundaryIs>
        <LinearRing>
          <coordinates>
-116.87,42.91,2000 -116.86,42.91,2000 -116.85,42.91,2000 -116.84,42.91,2000 -116.83,42.91,2000 -116.82,42.90,2000 -116.81,42.89,2000 -116.81,42.88,2000 -116.80,42.88,2000 -116.80,42.87,2000 -116.79,42.86,2000 -116.79,42.86,2000 -116.78,42.85,2000 -116.77,42.84,2000 -116.77,42.83,2000 -116.76,42.82,2000 -116.76,42.81,2000 -116.75,42.80,2000 -116.75,42.79,2000 -116.74,42.78,2000 -116.74,42.77,2000 -116.74,42.76,2000 -116.73,42.75,2000 -116.73,42.74,2000 -116.73,42.74,2000 -116.73,42.73,2000 -116.73,42.72,2000 -116.74,42.71,2000 -116.75,42.70,2000 -116.75,42.69,2000 -116.77,42.69,2000 -116.78,42.68,2000 -116.79,42.68,2000 -116.80,42.67,2000 -116.81,42.67,2000 -116.82,42.67,2000 -116.83,42.67,2000 -116.84,42.67,2000 -116.85,42.67,2000 -116.86,42.68,2000 -116.87,42.68,2000 -116.88,42.69,2000 -116.89,42.70,2000 -116.89,42.71,2000 -116.89,42.72,2000 -116.89,42.72,2000 -116.89,42.73,2000 -116.89,42.74,2000 -116.89,42.74,2000 -116.89,42.75,2000 -116.89,42.76,2000 -116.89,42.77,2000 -116.89,42.78,2000 -116.89,42.79,2000 -116.89,42.80,2000 -116.89,42.81,2000 -116.89,42.82,2000 -116.89,42.83,2000 -116.89,42.84,2000 -116.88,42.85,2000 -116.88,42.86,2000 -116.88,42.87,2000 -116.88,42.88,2000 -116.87,42.91,2000 
          </coordinates>
        </LinearRing>
      </outerBoundaryIs>
  </Polygon>
 </MultiGeometry>
</Placemark>
<Placemark>
  <name>10%</name>
  <visibility>1</visibility>
  <styleUrl>#poly_10</styleUrl>
  <MultiGeometry>
    <Polygon>
      <outerBoundaryIs>
        <LinearRing>
          <coordinates>
-71.60,50.16,2000 -71.54,50.17,2000 -71.49,50.19,2000 -71.44,50.19,2000 -71.38,50.20,2000 -71.33,50.20,2000 -71.28,50.19,2000 -71.23,50.18,2000 -71.18,50.16,2000 -71.14,50.15,2000 -71.09,50.13,2000 -71.04,50.11,2000 -70.99,50.09,2000 -70.95,50.07,2000 -70.90,50.05,2000 -70.85,50.04,2000 -70.80,50.03,2000 -70.75,50.02,2000 -70.70,50.02,2000 -70.65,50.01,2000 -70.60,50.01,2000 -70.55,50.01,2000 -70.50,50.00,2000 -70.45,50.00,2000 -70.40,49.99,2000 -70.35,49.99,2000 -70.30,49.99,2000 -70.25,49.98,2000 -70.20,49.97,2000 -70.15,49.97,2000 -70.10,49.96,2000 -70.05,49.95,2000 -70.00,49.94,2000 -69.95,49.92,2000 -69.90,49.91,2000 -69.86,49.90,2000 -69.80,49.89,2000 -69.76,49.86,2000 -69.74,49.83,2000 -69.72,49.80,2000 -69.70,49.76,2000 -69.69,49.72,2000 -69.70,49.69,2000 -69.73,49.67,2000 -69.77,49.64,2000 -69.83,49.63,2000 -69.89,49.61,2000 -69.94,49.60,2000 -69.99,49.59,2000 -70.05,49.58,2000 -70.10,49.58,2000 -70.16,49.58,2000 -70.21,49.58,2000 -70.27,49.58,2000 -70.33,49.59,2000 -70.39,49.60,2000 -70.45,49.61,2000 -70.50,49.62,2000 -70.55,49.64,2000 -70.60,49.65,2000 -70.65,49.67,2000 -70.70,49.68,2000 -70.75,49.69,2000 -70.80,49.71,2000 -70.84,49.72,2000 -70.89,49.73,2000 -70.94,49.74,2000 -70.99,49.74,2000 -71.04,49.75,2000 -71.09,49.74,2000 -71.14,49.74,2000 -71.19,49.74,2000 -71.24,49.74,2000 -71.30,49.73,2000 -71.36,49.73,2000 -71.40,49.72,2000 -71.44,49.72,2000 -71.46,49.72,2000 -71.49,49.72,2000 -71.53,49.73,2000 -71.58,49.74,2000 -71.65,49.75,2000 -71.70,49.77,2000 -71.72,49.79,2000 -71.75,49.83,2000 -71.76,49.86,2000 -71.78,49.90,2000 -71.78,49.93,2000 -71.78,49.96,2000 -71.77,49.99,2000 -71.75,50.03,2000 -71.73,50.06,2000 -71.71,50.09,2000 -71.60,50.16,2000 
          </coordinates>
        </LinearRing>
      </outerBoundaryIs>
  </Polygon>
 </MultiGeometry>
</Placemark>
<Placemark>
  <name>10%</name>
  <visibility>1</visibility>
  <styleUrl>#poly_10</styleUrl>
  <MultiGeometry>
    <Polygon>
      <outerBoundaryIs>
        <LinearRing>
          <coordinates>
-111.06,40.97,2000 -111.03,40.97,2000 -111.01,40.97,2000 -110.98,40.98,2000 -110.95,40.98,2000 -110.93,40.98,2000 -110.90,40.98,2000 -110.88,40.98,2000 -110.85,40.97,2000 -110.83,40.97,2000 -110.80,40.96,2000 -110.78,40.96,2000 -110.75,40.95,2000 -110.73,40.94,2000 -110.71,40.93,2000 -110.69,40.92,2000 -110.67,40.90,2000 -110.65,40.89,2000 -110.64,40.88,2000 -110.62,40.86,2000 -110.61,40.84,2000 -110.60,40.82,2000 -110.59,40.80,2000 -110.58,40.78,2000 -110.57,40.76,2000 -110.57,40.74,2000 -110.57,40.72,2000 -110.57,40.70,2000 -110.58,40.68,2000 -110.59,40.67,2000 -110.60,40.65,2000 -110.61,40.63,2000 -110.63,40.61,2000 -110.64,40.59,2000 -110.66,40.57,2000 -110.67,40.56,2000 -110.68,40.54,2000 -110.69,40.53,2000 -110.71,40.51,2000 -110.71,40.50,2000 -110.73,40.49,2000 -110.75,40.48,2000 -110.77,40.47,2000 -110.79,40.46,2000 -110.81,40.45,2000 -110.84,40.44,2000 -110.86,40.43,2000 -110.89,40.42,2000 -110.92,40.42,2000 -110.94,40.41,2000 -110.97,40.41,2000 -110.99,40.41,2000 -111.02,40.42,2000 -111.05,40.42,2000 -111.08,40.43,2000 -111.10,40.44,2000 -111.13,40.45,2000 -111.15,40.46,2000 -111.18,40.47,2000 -111.20,40.47,2000 -111.21,40.48,2000 -111.22,40.49,2000 -111.23,40.50,2000 -111.24,40.52,2000 -111.25,40.53,2000 -111.26,40.55,2000 -111.28,40.57,2000 -111.29,40.60,2000 -111.30,40.62,2000 -111.31,40.63,2000 -111.31,40.65,2000 -111.31,40.67,2000 -111.30,40.69,2000 -111.29,40.70,2000 -111.28,40.72,2000 -111.27,40.73,2000 -111.26,40.75,2000 -111.25,40.77,2000 -111.25,40.79,2000 -111.24,40.80,2000 -111.24,40.82,2000 -111.23,40.84,2000 -111.06,40.97,2000 
          </coordinates>
        </LinearRing>
      </outerBoundaryIs>
      <innerBoundaryIs>
        <LinearRing>
          <coordinates>
-111.04,40.84,3000 -111.02,40.84,3000 -111.01,40.84,3000 -110.99,40.84,3000 -110.98,40.84,3000 -110.96,40.84,3000 -110.95,40.84,3000 -110.93,40.83,3000 -110.92,40.83,3000 -110.90,40.83,3000 -110.89,40.83,3000 -110.88,40.83,3000 -110.87,40.83,3000 -110.85,40.83,3000 -110.84,40.82,3000 -110.83,40.82,3000 -110.82,40.82,3000 -110.81,40.81,3000 -110.80,40.81,3000 -110.79,40.80,3000 -110.78,40.80,3000 -110.77,40.79,3000 -110.76,40.78,3000 -110.75,40.77,3000 -110.74,40.76,3000 -110.74,40.75,3000 -110.73,40.74,3000 -110.73,40.73,3000 -110.72,40.72,3000 -110.72,40.71,3000 -110.72,40.70,3000 -110.72,40.69,3000 -110.72,40.68,3000 -110.72,40.67,3000 -110.73,40.66,3000 -110.74,40.66,3000 -110.75,40.65,3000 -110.77,40.64,3000 -110.78,40.64,3000 -110.79,40.63,3000 -110.80,40.63,3000 -110.81,40.62,3000 -110.82,40.61,3000 -110.83,40.61,3000 -110.85,40.60,3000 -110.86,40.60,3000 -110.88,40.59,3000 -110.89,40.58,3000 -110.90,40.58,3000 -110.92,40.57,3000 -110.93,40.57,3000 -110.94,40.57,3000 -110.96,40.56,3000 -110.97,40.56,3000 -110.98,40.56,3000 -110.99,40.56,3000 -111.00,40.56,3000 -111.01,40.56,3000 -111.02,40.57,3000 -111.03,40.57,3000 -111.04,40.58,3000 -111.05,40.59,3000 -111.06,40.59,3000 -111.07,40.60,3000 -111.08,40.61,3000 -111.08,40.62,3000 -111.09,40.63,3000 -111.10,40.64,3000 -111.11,40.65,3000 -111.11,40.66,3000 -111.12,40.67,3000 -111.04,40.84,3000 
          </coordinates>
        </LinearRing>
      </innerBoundaryIs>
  </Polygon>
 </MultiGeometry>
</Placemark>
<Placemark>
  <name>20%</name>
  <visibility>1</visibility>
  <styleUrl>#poly_20</styleUrl>
  <MultiGeometry>
    <Polygon>
      <outerBoundaryIs>
        <LinearRing>
          <coordinates>
-111.04,40.84,3000 -111.02,40.84,3000 -111.01,40.84,3000 -110.99,40.84,3000 -110.98,40.84,3000 -110.96,40.84,3000 -110.95,40.84,3000 -110.93,40.83,3000 -110.92,40.83,3000 -110.90,40.83,3000 -110.89,40.83,3000 -110.88,40.83,3000 -110.87,40.83,3000 -110.85,40.83,3000 -110.84,40.82,3000 -110.83,40.82,3000 -110.82,40.82,3000 -110.81,40.81,3000 -110.80,40.81,3000 -110.79,40.80,3000 -110.78,40.80,3000 -110.77,40.79,3000 -110.76,40.78,3000 -110.75,40.77,3000 -110.74,40.76,3000 -110.74,40.75,3000 -110.73,40.74,3000 -110.73,40.73,3000 -110.72,40.72,3000 -110.72,40.71,3000 -110.72,40.70,3000 -110.72,40.69,3000 -110.72,40.68,3000 -110.72,40.67,3000 -110.73,40.66,3000 -110.74,40.66,3000 -110.75,40.65,3000 -110.77,40.64,3000 -110.78,40.64,3000 -110.79,40.63,3000 -110.80,40.63,3000 -110.81,40.62,3000 -110.82,40.61,3000 -110.83,40.61,3000 -110.85,40.60,3000 -110.86,40.60,3000 -110.88,40.59,3000 -110.89,40.58,3000 -110.90,40.58,3000 -110.92,40.57,3000 -110.93,40.57,3000 -110.94,40.57,3000 -110.96,40.56,3000 -110.97,40.56,3000 -110.98,40.56,3000 -110.99,40.56,3000 -111.00,40.56,3000 -111.01,40.56,3000 -111.02,40.57,3000 -111.03,40.57,3000 -111.04,40.58,3000 -111.05,40.59,3000 -111.06,40.59,3000 -111.07,40.60,3000 -111.08,40.61,3000 -111.08,40.62,3000 -111.09,40.63,3000 -111.10,40.64,3000 -111.11,40.65,3000 -111.11,40.66,3000 -111.12,40.67,3000 -111.04,40.84,3000 
          </coordinates>
        </LinearRing>
      </outerBoundaryIs>
  </Polygon>
 </MultiGeometry>
</Placemark>
<Placemark>
  <name>20%</name>
  <visibility>1</visibility>
  <styleUrl>#poly_20</styleUrl>
  <MultiGeometry>
    <Polygon>
      <outerBoundaryIs>
        <LinearRing>
          <coordinates>
-117.75,39.43,3000 -117.71,39.43,3000 -117.67,39.43,3000 -117.63,39.44,3000 -117.59,39.44,3000 -117.56,39.44,3000 -117.53,39.44,3000 -117.49,39.44,3000 -117.45,39.44,3000 -117.42,39.44,3000 -117.37,39.44,3000 -117.33,39.45,3000 -117.29,39.45,3000 -117.26,39.47,3000 -117.23,39.49,3000 -117.20,39.51,3000 -117.16,39.54,3000 -117.13,39.56,3000 -117.09,39.57,3000 -117.05,39.57,3000 -117.02,39.56,3000 -116.98,39.55,3000 -116.95,39.53,3000 -116.93,39.51,3000 -116.92,39.49,3000 -116.92,39.46,3000 -116.93,39.42,3000 -116.93,39.39,3000 -116.94,39.36,3000 -116.95,39.33,3000 -116.96,39.30,3000 -116.98,39.27,3000 -117.00,39.24,3000 -117.01,39.22,3000 -117.02,39.19,3000 -117.03,39.17,3000 -117.03,39.14,3000 -117.03,39.12,3000 -117.03,39.09,3000 -117.03,39.06,3000 -117.03,39.03,3000 -117.03,38.99,3000 -117.04,38.96,3000 -117.05,38.93,3000 -117.06,38.90,3000 -117.07,38.87,3000 -117.09,38.84,3000 -117.11,38.81,3000 -117.13,38.78,3000 -117.15,38.76,3000 -117.18,38.74,3000 -117.21,38.72,3000 -117.25,38.70,3000 -117.29,38.69,3000 -117.33,38.68,3000 -117.36,38.67,3000 -117.40,38.67,3000 -117.44,38.68,3000 -117.47,38.69,3000 -117.50,38.70,3000 -117.53,38.71,3000 -117.56,38.72,3000 -117.59,38.74,3000 -117.61,38.76,3000 -117.63,38.78,3000 -117.65,38.81,3000 -117.67,38.84,3000 -117.69,38.87,3000 -117.70,38.89,3000 -117.71,38.92,3000 -117.72,38.95,3000 -117.73,38.98,3000 -117.73,39.01,3000 -117.74,39.04,3000 -117.75,39.07,3000 -117.76,39.10,3000 -117.76,39.13,3000 -117.77,39.16,3000 -117.78,39.19,3000 -117.78,39.22,3000 -117.78,39.25,3000 -117.78,39.28,3000 -117.78,39.31,3000 -117.78,39.34,3000 -117.78,39.37,3000 -117.78,39.40,3000 -117.75,39.43,3000 
          </coordinates>
        </LinearRing>
      </outerBoundaryIs>
      <innerBoundaryIs>
        <LinearRing>
          <coordinates>
-117.48,39.25,4000 -117.46,39.24,4000 -117.43,39.24,4000 -117.41,39.23,4000 -117.39,39.23,4000 -117.36,39.22,4000 -117.34,39.22,4000 -117.32,39.21,4000 -117.30,39.20,4000 -117.28,39.20,4000 -117.27,39.19,4000 -117.25,39.19,4000 -117.24,39.18,4000 -117.22,39.17,4000 -117.21,39.15,4000 -117.20,39.14,4000 -117.20,39.12,4000 -117.20,39.11,4000 -117.20,39.09,4000 -117.20,39.08,4000 -117.21,39.06,4000 -117.21,39.05,4000 -117.21,39.03,4000 -117.21,39.02,4000 -117.22,39.00,4000 -117.22,38.98,4000 -117.22,38.97,4000 -117.23,38.95,4000 -117.24,38.93,4000 -117.25,38.92,4000 -117.26,38.90,4000 -117.27,38.88,4000 -117.28,38.87,4000 -117.29,38.85,4000 -117.31,38.83,4000 -117.32,38.82,4000 -117.34,38.80,4000 -117.35,38.79,4000 -117.37,38.78,4000 -117.38,38.78,4000 -117.40,38.78,4000 -117.41,38.78,4000 -117.43,38.79,4000 -117.45,38.80,4000 -117.47,38.82,4000 -117.49,38.83,4000 -117.51,38.84,4000 -117.52,38.86,4000 -117.54,38.88,4000 -117.55,38.89,4000 -117.56,38.90,4000 -117.57,38.92,4000 -117.58,38.94,4000 -117.58,38.95,4000 -117.59,38.97,4000 -117.59,38.99,4000 -117.59,39.00,4000 -117.60,39.02,4000 -117.60,39.04,4000 -117.60,39.06,4000 -117.48,39.25,4000 
          </coordinates>
        </LinearRing>
      </innerBoundaryIs>
  </Polygon>
 </MultiGeometry>
</Placemark>
<Placemark>
  <name>20%</name>
  <visibility>1</visibility>
  <styleUrl>#poly_20</styleUrl>
  <MultiGeometry>
    <Polygon>
      <outerBoundaryIs>
        <LinearRing>
          <coordinates>
-116.76,50.86,3000 -116.70,50.83,3000 -116.64,50.81,3000 -116.59,50.79,3000 -116.55,50.77,3000 -116.51,50.76,3000 -116.47,50.75,3000 -116.43,50.73,3000 -116.39,50.70,3000 -116.35,50.66,3000 -116.31,50.63,3000 -116.27,50.59,3000 -116.24,50.56,3000 -116.21,50.52,3000 -116.18,50.48,3000 -116.16,50.44,3000 -116.15,50.40,3000 -116.13,50.36,3000 -116.12,50.32,3000 -116.11,50.28,3000 -116.09,50.23,3000 -116.08,50.19,3000 -116.07,50.16,3000 -116.07,50.15,3000 -116.05,50.12,3000 -116.01,50.08,3000 -115.97,50.04,3000 -115.95,50.00,3000 -115.94,49.96,3000 -115.95,49.91,3000 -115.95,49.87,3000 -115.96,49.84,3000 -115.98,49.81,3000 -116.01,49.78,3000 -116.05,49.75,3000 -116.10,49.71,3000 -116.15,49.68,3000 -116.20,49.66,3000 -116.26,49.66,3000 -116.32,49.67,3000 -116.38,49.69,3000 -116.44,49.71,3000 -116.48,49.73,3000 -116.51,49.75,3000 -116.52,49.78,3000 -116.55,49.81,3000 -116.59,49.85,3000 -116.63,49.89,3000 -116.66,49.93,3000 -116.68,49.97,3000 -116.70,50.01,3000 -116.72,50.05,3000 -116.74,50.09,3000 -116.76,50.13,3000 -116.78,50.17,3000 -116.79,50.21,3000 -116.81,50.25,3000 -116.82,50.29,3000 -116.83,50.33,3000 -116.84,50.37,3000 -116.85,50.41,3000 -116.85,50.45,3000 -116.86,50.49,3000 -116.86,50.53,3000 -116.86,50.57,3000 -116.86,50.61,3000 -116.86,50.65,3000 -116.86,50.70,3000 -116.86,50.74,3000 -116.76,50.86,3000 
          </coordinates>
        </LinearRing>
      </outerBoundaryIs>
      <innerBoundaryIs>
        <LinearRing>
          <coordinates>
-116.71,50.65,4000 -116.66,50.65,4000 -116.61,50.65,4000 -116.56,50.65,4000 -116.52,50.64,4000 -116.48,50.63,4000 -116.44,50.62,4000 -116.41,50.60,4000 -116.37,50.58,4000 -116.35,50.55,4000 -116.32,50.53,4000 -116.30,50.50,4000 -116.28,50.47,4000 -116.26,50.44,4000 -116.25,50.42,4000 -116.24,50.39,4000 -116.23,50.36,4000 -116.23,50.34,4000 -116.22,50.31,4000 -116.21,50.28,4000 -116.21,50.25,4000 -116.21,50.22,4000 -116.20,50.20,4000 -116.20,50.17,4000 -116.19,50.14,4000 -116.17,50.11,4000 -116.15,50.08,4000 -116.13,50.05,4000 -116.12,50.02,4000 -116.11,49.99,4000 -116.12,49.96,4000 -116.13,49.93,4000 -116.15,49.89,4000 -116.17,49.86,4000 -116.19,49.83,4000 -116.20,49.81,4000 -116.22,49.79,4000 -116.24,49.79,4000 -116.28,49.80,4000 -116.31,49.81,4000 -116.34,49.83,4000 -116.38,49.85,4000 -116.43,49.88,4000 -116.47,49.90,4000 -116.50,49.92,4000 -116.53,49.93,4000 -116.54,49.94,4000 -116.55,49.96,4000 -116.56,49.98,4000 -116.58,50.01,4000 -116.60,50.04,4000 -116.61,50.07,4000 -116.63,50.10,4000 -116.64,50.13,4000 -116.66,50.15,4000 -116.67,50.18,4000 -116.69,50.21,4000 -116.70,50.23,4000 -116.71,50.26,4000 -116.72,50.29,4000 -116.73,50.31,4000 -116.74,50.34,4000 -116.75,50.37,4000 -116.76,50.39,4000 -116.76,50.42,4000 -116.76,50.45,4000 -116.76,50.48,4000 -116.75,50.50,4000 -116.75,50.53,4000 -116.74,50.56,4000 -116.73,50.59,4000 -116.71,50.65,4000 
          </coordinates>
        </LinearRing>
      </innerBoundaryIs>
  </Polygon>
 </MultiGeometry>
</Placemark>
<Placemark>
  <name>20%</name>
  <visibility>1</visibility>
  <styleUrl>#poly_20</styleUrl>
  <MultiGeometry>
    <Polygon>
      <outerBoundaryIs>
        <LinearRing>
          <coordinates>
-118.62,45.18,3000 -118.57,45.18,3000 -118.51,45.19,3000 -118.46,45.19,3000 -118.42,45.19,3000 -118.38,45.19,3000 -118.34,45.19,3000 -118.31,45.18,3000 -118.27,45.16,3000 -118.24,45.14,3000 -118.20,45.11,3000 -118.15,45.08,3000 -118.12,45.05,3000 -118.09,45.03,3000 -118.06,45.01,3000 -118.06,44.98,3000 -118.06,44.94,3000 -118.06,44.91,3000 -118.05,44.88,3000 -118.06,44.84,3000 -118.08,44.81,3000 -118.11,44.78,3000 -118.15,44.75,3000 -118.19,44.71,3000 -118.22,44.68,3000 -118.25,44.66,3000 -118.28,44.64,3000 -118.30,44.63,3000 -118.31,44.60,3000 -118.32,44.57,3000 -118.34,44.53,3000 -118.35,44.49,3000 -118.35,44.45,3000 -118.34,44.42,3000 -118.33,44.38,3000 -118.32,44.35,3000 -118.30,44.32,3000 -118.30,44.29,3000 -118.31,44.25,3000 -118.34,44.22,3000 -118.38,44.19,3000 -118.41,44.17,3000 -118.46,44.15,3000 -118.50,44.13,3000 -118.55,44.12,3000 -118.60,44.11,3000 -118.65,44.11,3000 -118.71,44.12,3000 -118.77,44.13,3000 -118.82,44.15,3000 -118.86,44.16,3000 -118.91,44.17,3000 -118.95,44.18,3000 -118.96,44.20,3000 -118.95,44.23,3000 -118.92,44.27,3000 -118.89,44.30,3000 -118.88,44.33,3000 -118.87,44.35,3000 -118.86,44.39,3000 -118.86,44.42,3000 -118.85,44.46,3000 -118.85,44.50,3000 -118.85,44.53,3000 -118.85,44.57,3000 -118.86,44.60,3000 -118.88,44.63,3000 -118.90,44.67,3000 -118.92,44.70,3000 -118.93,44.73,3000 -118.93,44.77,3000 -118.93,44.80,3000 -118.93,44.84,3000 -118.92,44.88,3000 -118.91,44.91,3000 -118.89,44.95,3000 -118.87,44.98,3000 -118.85,45.00,3000 -118.83,45.03,3000 -118.80,45.06,3000 -118.77,45.08,3000 -118.74,45.10,3000 -118.62,45.18,3000 
          </coordinates>
        </LinearRing>
      </outerBoundaryIs>
      <innerBoundaryIs>
        <LinearRing>
          <coordinates>
-118.60,45.10,4000 -118.57,45.10,4000 -118.55,45.10,4000 -118.52,45.11,4000 -118.50,45.11,4000 -118.47,45.11,4000 -118.45,45.11,4000 -118.43,45.11,4000 -118.40,45.11,4000 -118.38,45.10,4000 -118.36,45.10,4000 -118.34,45.09,4000 -118.31,45.09,4000 -118.29,45.08,4000 -118.27,45.07,4000 -118.24,45.06,4000 -118.22,45.04,4000 -118.21,45.03,4000 -118.19,45.02,4000 -118.18,45.00,4000 -118.17,44.98,4000 -118.17,44.97,4000 -118.16,44.95,4000 -118.16,44.93,4000 -118.16,44.91,4000 -118.16,44.89,4000 -118.17,44.87,4000 -118.17,44.85,4000 -118.18,44.83,4000 -118.18,44.82,4000 -118.19,44.80,4000 -118.20,44.79,4000 -118.21,44.78,4000 -118.23,44.77,4000 -118.25,44.75,4000 -118.27,44.74,4000 -118.28,44.73,4000 -118.30,44.72,4000 -118.32,44.71,4000 -118.34,44.69,4000 -118.36,44.68,4000 -118.38,44.67,4000 -118.40,44.65,4000 -118.42,44.64,4000 -118.44,44.63,4000 -118.46,44.63,4000 -118.48,44.62,4000 -118.50,44.62,4000 -118.53,44.62,4000 -118.55,44.62,4000 -118.57,44.62,4000 -118.60,44.62,4000 -118.62,44.62,4000 -118.65,44.63,4000 -118.67,44.63,4000 -118.69,44.64,4000 -118.71,44.64,4000 -118.73,44.65,4000 -118.75,44.66,4000 -118.77,44.67,4000 -118.79,44.68,4000 -118.80,44.69,4000 -118.81,44.71,4000 -118.81,44.72,4000 -118.82,44.74,4000 -118.82,44.76,4000 -118.82,44.77,4000 -118.82,44.79,4000 -118.82,44.81,4000 -118.81,44.83,4000 -118.81,44.85,4000 -118.81,44.87,4000 -118.80,44.89,4000 -118.80,44.90,4000 -118.80,44.92,4000 -118.80,44.92,4000 -118.60,45.10,4000 
          </coordinates>
        </LinearRing>
      </innerBoundaryIs>
  </Polygon>
 </MultiGeometry>
</Placemark>
<Placemark>
  <name>20%</name>
  <visibility>1</visibility>
  <styleUrl>#poly_20</styleUrl>
  <MultiGeometry>
    <Polygon>
      <outerBoundaryIs>
        <LinearRing>
          <coordinates>
-116.19,41.98,3000 -116.15,42.01,3000 -116.11,42.04,3000 -116.07,42.07,3000 -116.02,42.09,3000 -115.98,42.10,3000 -115.93,42.10,3000 -115.88,42.09,3000 -115.83,42.07,3000 -115.78,42.05,3000 -115.73,42.04,3000 -115.68,42.03,3000 -115.62,42.02,3000 -115.57,42.01,3000 -115.52,42.00,3000 -115.49,41.99,3000 -115.48,41.99,3000 -115.44,42.00,3000 -115.38,42.00,3000 -115.33,42.01,3000 -115.28,42.02,3000 -115.25,42.02,3000 -115.24,42.02,3000 -115.21,42.00,3000 -115.17,41.98,3000 -115.12,41.95,3000 -115.08,41.92,3000 -115.05,41.89,3000 -115.03,41.86,3000 -115.04,41.83,3000 -115.06,41.80,3000 -115.09,41.76,3000 -115.13,41.73,3000 -115.16,41.70,3000 -115.18,41.68,3000 -115.20,41.67,3000 -115.23,41.65,3000 -115.26,41.63,3000 -115.30,41.61,3000 -115.35,41.58,3000 -115.39,41.56,3000 -115.44,41.54,3000 -115.49,41.52,3000 -115.53,41.49,3000 -115.58,41.47,3000 -115.61,41.46,3000 -115.63,41.44,3000 -115.65,41.42,3000 -115.68,41.39,3000 -115.72,41.35,3000 -115.76,41.31,3000 -115.79,41.28,3000 -115.81,41.26,3000 -115.82,41.24,3000 -115.84,41.22,3000 -115.87,41.18,3000 -115.90,41.15,3000 -115.93,41.11,3000 -115.97,41.07,3000 -116.00,41.05,3000 -116.04,41.03,3000 -116.09,41.02,3000 -116.14,41.02,3000 -116.18,41.02,3000 -116.23,41.03,3000 -116.27,41.04,3000 -116.31,41.06,3000 -116.35,41.09,3000 -116.38,41.12,3000 -116.41,41.14,3000 -116.44,41.17,3000 -116.46,41.20,3000 -116.48,41.23,3000 -116.49,41.27,3000 -116.50,41.30,3000 -116.50,41.34,3000 -116.49,41.38,3000 -116.48,41.42,3000 -116.46,41.46,3000 -116.45,41.50,3000 -116.43,41.53,3000 -116.41,41.57,3000 -116.39,41.60,3000 -116.37,41.63,3000 -116.36,41.66,3000 -116.35,41.68,3000 -116.34,41.71,3000 -116.33,41.74,3000 -116.31,41.77,3000 -116.30,41.81,3000 -116.28,41.86,3000 -116.26,41.90,3000 -116.19,41.98,3000 
          </coordinates>
        </LinearRing>
      </outerBoundaryIs>
      <innerBoundaryIs>
        <LinearRing>
          <coordinates>
-115.96,42.01,4000 -115.91,42.00,4000 -115.86,41.99,4000 -115.82,41.98,4000 -115.78,41.97,4000 -115.75,41.96,4000 -115.71,41.95,4000 -115.68,41.94,4000 -115.64,41.94,4000 -115.60,41.93,4000 -115.56,41.92,4000 -115.51,41.92,4000 -115.47,41.91,4000 -115.43,41.91,4000 -115.38,41.90,4000 -115.34,41.90,4000 -115.30,41.90,4000 -115.26,41.89,4000 -115.23,41.89,4000 -115.18,41.87,4000 -115.17,41.85,4000 -115.18,41.83,4000 -115.21,41.80,4000 -115.23,41.78,4000 -115.26,41.75,4000 -115.29,41.72,4000 -115.32,41.69,4000 -115.35,41.67,4000 -115.37,41.65,4000 -115.39,41.64,4000 -115.41,41.63,4000 -115.44,41.62,4000 -115.47,41.61,4000 -115.51,41.59,4000 -115.56,41.57,4000 -115.60,41.56,4000 -115.63,41.54,4000 -115.66,41.52,4000 -115.69,41.50,4000 -115.72,41.47,4000 -115.74,41.45,4000 -115.76,41.43,4000 -115.79,41.41,4000 -115.81,41.39,4000 -115.83,41.36,4000 -115.85,41.34,4000 -115.87,41.31,4000 -115.90,41.28,4000 -115.92,41.25,4000 -115.94,41.23,4000 -115.96,41.21,4000 -115.97,41.18,4000 -115.99,41.16,4000 -116.02,41.15,4000 -116.05,41.14,4000 -116.09,41.14,4000 -116.14,41.13,4000 -116.18,41.13,4000 -116.22,41.13,4000 -116.25,41.13,4000 -116.28,41.14,4000 -116.30,41.15,4000 -116.32,41.18,4000 -116.33,41.20,4000 -116.35,41.23,4000 -116.37,41.26,4000 -116.38,41.29,4000 -116.40,41.32,4000 -116.40,41.35,4000 -116.40,41.38,4000 -116.39,41.41,4000 -116.37,41.44,4000 -116.35,41.47,4000 -116.34,41.50,4000 -116.33,41.52,4000 -116.33,41.54,4000 -116.32,41.56,4000 -116.31,41.59,4000 -116.30,41.62,4000 -116.29,41.66,4000 -116.27,41.69,4000 -116.26,41.72,4000 -116.25,41.75,4000 -116.23,41.78,4000 -116.21,41.81,4000 -116.20,41.84,4000 -116.18,41.86,4000 -116.17,41.88,4000 -116.14,41.91,4000 -116.12,41.92,4000 -115.96,42.01,4000 
          </coordinates>
        </LinearRing>
      </innerBoundaryIs>
  </Polygon>
 </MultiGeometry>
</Placemark>
<Placemark>
  <name>20%</name>
  <visibility>1</visibility>
  <styleUrl>#poly_20</styleUrl>
  <MultiGeometry>
    <Polygon>
      <outerBoundaryIs>
        <LinearRing>
          <coordinates>
-122.29,41.62,3000 -122.24,41.63,3000 -122.19,41.64,3000 -122.14,41.65,3000 -122.10,41.66,3000 -122.06,41.66,3000 -122.01,41.66,3000 -121.98,41.66,3000 -121.94,41.66,3000 -121.89,41.66,3000 -121.83,41.66,3000 -121.78,41.66,3000 -121.73,41.65,3000 -121.67,41.65,3000 -121.62,41.64,3000 -121.58,41.63,3000 -121.53,41.61,3000 -121.49,41.59,3000 -121.47,41.56,3000 -121.47,41.53,3000 -121.50,41.50,3000 -121.54,41.47,3000 -121.58,41.45,3000 -121.62,41.43,3000 -121.67,41.41,3000 -121.72,41.39,3000 -121.75,41.37,3000 -121.78,41.35,3000 -121.80,41.34,3000 -121.83,41.32,3000 -121.87,41.30,3000 -121.91,41.28,3000 -121.96,41.26,3000 -122.00,41.24,3000 -122.04,41.22,3000 -122.08,41.20,3000 -122.13,41.18,3000 -122.17,41.16,3000 -122.22,41.14,3000 -122.27,41.13,3000 -122.31,41.11,3000 -122.36,41.10,3000 -122.39,41.09,3000 -122.41,41.08,3000 -122.43,41.06,3000 -122.46,41.04,3000 -122.49,41.01,3000 -122.54,40.98,3000 -122.58,40.95,3000 -122.62,40.93,3000 -122.66,40.90,3000 -122.70,40.87,3000 -122.75,40.85,3000 -122.79,40.83,3000 -122.83,40.82,3000 -122.88,40.80,3000 -122.93,40.80,3000 -122.97,40.79,3000 -123.02,40.80,3000 -123.06,40.81,3000 -123.10,40.83,3000 -123.14,40.85,3000 -123.18,40.88,3000 -123.22,40.90,3000 -123.24,40.93,3000 -123.26,40.96,3000 -123.26,41.00,3000 -123.26,41.04,3000 -123.25,41.07,3000 -123.24,41.11,3000 -123.23,41.15,3000 -123.21,41.18,3000 -123.19,41.22,3000 -123.17,41.25,3000 -123.15,41.27,3000 -123.13,41.29,3000 -123.11,41.31,3000 -123.09,41.33,3000 -123.06,41.37,3000 -123.03,41.40,3000 -123.00,41.43,3000 -122.96,41.45,3000 -122.92,41.46,3000 -122.87,41.46,3000 -122.82,41.46,3000 -122.77,41.46,3000 -122.72,41.46,3000 -122.67,41.47,3000 -122.63,41.48,3000 -122.59,41.50,3000 -122.54,41.51,3000 -122.50,41.53,3000 -122.46,41.55,3000 -122.42,41.57,3000 -122.37,41.59,3000 -122.33,41.60,3000 -122.29,41.62,3000 -122.29,41.62,3000 
          </coordinates>
        </LinearRing>
      </outerBoundaryIs>
      <innerBoundaryIs>
        <LinearRing>
          <coordinates>
-122.93,41.36,4000 -122.89,41.36,4000 -122.85,41.37,4000 -122.81,41.37,4000 -122.77,41.38,4000 -122.74,41.38,4000 -122.70,41.39,4000 -122.66,41.40,4000 -122.63,41.41,4000 -122.59,41.42,4000 -122.56,41.43,4000 -122.52,41.45,4000 -122.49,41.46,4000 -122.46,41.48,4000 -122.42,41.49,4000 -122.39,41.51,4000 -122.35,41.53,4000 -122.32,41.55,4000 -122.28,41.56,4000 -122.24,41.57,4000 -122.20,41.58,4000 -122.16,41.58,4000 -122.12,41.59,4000 -122.08,41.59,4000 -122.04,41.59,4000 -122.00,41.59,4000 -121.96,41.58,4000 -121.91,41.58,4000 -121.87,41.57,4000 -121.83,41.57,4000 -121.80,41.56,4000 -121.75,41.56,4000 -121.71,41.55,4000 -121.68,41.55,4000 -121.66,41.54,4000 -121.67,41.53,4000 -121.69,41.51,4000 -121.73,41.49,4000 -121.77,41.47,4000 -121.80,41.45,4000 -121.83,41.43,4000 -121.86,41.41,4000 -121.90,41.39,4000 -121.93,41.37,4000 -121.96,41.35,4000 -121.98,41.34,4000 -122.01,41.32,4000 -122.03,41.30,4000 -122.05,41.29,4000 -122.08,41.27,4000 -122.11,41.25,4000 -122.14,41.24,4000 -122.18,41.22,4000 -122.21,41.21,4000 -122.25,41.20,4000 -122.29,41.19,4000 -122.33,41.18,4000 -122.37,41.17,4000 -122.41,41.16,4000 -122.44,41.14,4000 -122.48,41.12,4000 -122.51,41.10,4000 -122.54,41.07,4000 -122.56,41.05,4000 -122.58,41.04,4000 -122.60,41.02,4000 -122.62,41.01,4000 -122.64,40.98,4000 -122.67,40.96,4000 -122.70,40.94,4000 -122.73,40.91,4000 -122.77,40.89,4000 -122.80,40.88,4000 -122.84,40.87,4000 -122.88,40.86,4000 -122.92,40.86,4000 -122.97,40.86,4000 -123.01,40.86,4000 -123.04,40.87,4000 -123.08,40.88,4000 -123.12,40.90,4000 -123.14,40.92,4000 -123.16,40.95,4000 -123.17,40.98,4000 -123.17,41.01,4000 -123.16,41.04,4000 -123.16,41.08,4000 -123.15,41.11,4000 -123.15,41.13,4000 -123.14,41.16,4000 -123.12,41.18,4000 -123.10,41.20,4000 -123.08,41.22,4000 -123.05,41.25,4000 -123.02,41.28,4000 -122.99,41.31,4000 -122.96,41.34,4000 -122.93,41.36,4000 
          </coordinates>
        </LinearRing>
      </innerBoundaryIs>
  </Polygon>
 </MultiGeometry>
</Placemark>
<Placemark>
  <name>20%</name>
  <visibility>1</visibility>
  <styleUrl>#poly_20</styleUrl>
  <MultiGeometry>
    <Polygon>
      <outerBoundaryIs>
        <LinearRing>
          <coordinates>
-70.90,47.99,3000 -70.86,47.99,3000 -70.82,47.98,3000 -70.78,47.98,3000 -70.74,47.97,3000 -70.71,47.97,3000 -70.68,47.96,3000 -70.66,47.96,3000 -70.63,47.96,3000 -70.62,47.94,3000 -70.61,47.92,3000 -70.61,47.90,3000 -70.60,47.88,3000 -70.59,47.85,3000 -70.59,47.82,3000 -70.59,47.80,3000 -70.59,47.77,3000 -70.60,47.75,3000 -70.61,47.72,3000 -70.62,47.70,3000 -70.63,47.68,3000 -70.65,47.66,3000 -70.67,47.63,3000 -70.68,47.61,3000 -70.69,47.59,3000 -70.71,47.56,3000 -70.73,47.53,3000 -70.74,47.51,3000 -70.76,47.49,3000 -70.77,47.47,3000 -70.78,47.45,3000 -70.80,47.43,3000 -70.82,47.42,3000 -70.85,47.41,3000 -70.88,47.39,3000 -70.91,47.38,3000 -70.95,47.36,3000 -70.98,47.34,3000 -71.02,47.33,3000 -71.05,47.32,3000 -71.08,47.32,3000 -71.11,47.32,3000 -71.14,47.33,3000 -71.17,47.35,3000 -71.20,47.36,3000 -71.23,47.38,3000 -71.26,47.40,3000 -71.28,47.42,3000 -71.30,47.43,3000 -71.32,47.45,3000 -71.34,47.46,3000 -71.35,47.48,3000 -71.36,47.50,3000 -71.37,47.52,3000 -71.38,47.54,3000 -71.38,47.56,3000 -71.38,47.59,3000 -71.39,47.61,3000 -71.39,47.64,3000 -71.38,47.67,3000 -71.38,47.69,3000 -71.37,47.71,3000 -71.36,47.74,3000 -71.35,47.76,3000 -71.34,47.79,3000 -71.32,47.81,3000 -71.31,47.83,3000 -71.29,47.85,3000 -71.27,47.87,3000 -71.25,47.89,3000 -71.22,47.91,3000 -71.20,47.93,3000 -71.17,47.94,3000 -71.14,47.95,3000 -71.11,47.96,3000 -71.08,47.97,3000 -71.05,47.98,3000 -71.01,47.98,3000 -70.98,47.99,3000 -70.90,47.99,3000 
          </coordinates>
        </LinearRing>
      </outerBoundaryIs>
  </Polygon>
 </MultiGeometry>
</Placemark>
<Placemark>
  <name>20%</name>
  <visibility>1</visibility>
  <styleUrl>#poly_20</styleUrl>
  <MultiGeometry>
    <Polygon>
      <outerBoundaryIs>
        <LinearRing>
          <coordinates>
-116.21,51.78,3000 -115.93,51.80,3000 -115.64,51.72,3000 -115.29,51.59,3000 -115.01,51.40,3000 -114.90,51.19,3000 -114.75,51.05,3000 -114.51,50.79,3000 -114.44,50.59,3000 -114.39,50.38,3000 -114.31,50.19,3000 -114.26,50.01,3000 -114.30,49.79,3000 -114.32,49.60,3000 -114.05,49.42,3000 -113.69,49.31,3000 -113.35,49.24,3000 -112.92,49.20,3000 -112.67,49.17,3000 -112.60,49.03,3000 -112.90,48.85,3000 -113.08,48.65,3000 -113.09,48.47,3000 -112.93,48.28,3000 -112.69,48.08,3000 -112.62,47.90,3000 -112.67,47.74,3000 -112.78,47.63,3000 -112.78,47.44,3000 -112.46,47.20,3000 -112.26,46.97,3000 -112.23,46.76,3000 -112.07,46.60,3000 -111.91,46.52,3000 -111.78,46.34,3000 -112.10,46.13,3000 -112.40,46.06,3000 -112.66,46.18,3000 -112.73,45.93,3000 -112.73,45.60,3000 -112.84,45.39,3000 -113.07,45.18,3000 -113.20,45.00,3000 -112.91,44.80,3000 -112.64,44.99,3000 -112.43,45.20,3000 -112.32,45.56,3000 -112.22,45.67,3000 -111.94,45.72,3000 -111.56,45.59,3000 -111.10,45.72,3000 -111.03,45.92,3000 -111.05,46.12,3000 -111.29,46.30,3000 -111.56,46.49,3000 -111.82,46.68,3000 -111.97,46.80,3000 -112.01,46.99,3000 -111.67,47.20,3000 -111.39,47.31,3000 -111.11,47.42,3000 -110.72,47.56,3000 -110.34,47.48,3000 -110.22,47.30,3000 -110.15,47.11,3000 -110.11,46.92,3000 -110.16,46.74,3000 -110.46,46.44,3000 -110.37,46.22,3000 -110.39,46.03,3000 -110.64,45.78,3000 -110.50,45.66,3000 -110.13,45.60,3000 -109.74,45.44,3000 -109.49,45.29,3000 -109.29,45.04,3000 -109.37,44.85,3000 -109.49,44.66,3000 -109.56,44.41,3000 -109.42,44.07,3000 -109.57,43.75,3000 -109.69,43.63,3000 -109.61,43.43,3000 -109.33,43.24,3000 -109.16,43.03,3000 -109.15,42.79,3000 -109.23,42.72,3000 -109.48,42.71,3000 -109.64,42.78,3000 -109.96,43.05,3000 -110.28,43.06,3000 -110.42,42.77,3000 -110.56,42.47,3000 -110.93,42.38,3000 -111.29,42.24,3000 -111.38,41.94,3000 -111.42,41.81,3000 -111.62,41.70,3000 -111.75,41.83,3000 -111.78,42.02,3000 -111.70,42.21,3000 -111.56,42.53,3000 -111.37,42.76,3000 -111.34,42.99,3000 -111.43,43.19,3000 -111.43,43.47,3000 -111.29,43.82,3000 -111.25,43.98,3000 -111.32,44.16,3000 -111.58,44.32,3000 -111.84,44.36,3000 -112.13,44.38,3000 -112.40,44.36,3000 -112.66,44.32,3000 -113.16,44.20,3000 -113.46,44.04,3000 -113.67,43.89,3000 -113.88,43.65,3000 -114.30,43.59,3000 -114.75,43.49,3000 -115.04,43.45,3000 -115.30,43.43,3000 -115.57,43.50,3000 -115.65,43.61,3000 -115.73,43.98,3000 -115.82,44.21,3000 -115.95,44.49,3000 -116.07,44.71,3000 -116.38,44.99,3000 -116.75,45.14,3000 -117.03,45.04,3000 -117.32,44.95,3000 -117.74,45.11,3000 -117.80,45.30,3000 -117.74,45.42,3000 -117.38,45.48,3000 -117.05,45.34,3000 -116.74,45.21,3000 -116.51,45.38,3000 -116.13,45.51,3000 -115.84,45.69,3000 -115.53,45.72,3000 -115.29,45.69,3000 -115.52,45.39,3000 -115.46,45.31,3000 -115.22,45.28,3000 -114.98,45.13,3000 -114.95,44.90,3000 -114.87,44.78,3000 -114.69,44.89,3000 -114.74,45.05,3000 -114.49,45.20,3000 -114.21,45.17,3000 -114.09,45.07,3000 -113.97,44.93,3000 -113.82,44.89,3000 -113.63,44.93,3000 -113.59,45.03,3000 -113.74,45.24,3000 -113.76,45.45,3000 -113.71,45.67,3000 -113.91,45.89,3000 -114.15,46.05,3000 -114.37,45.78,3000 -114.50,45.44,3000 -114.77,45.48,3000 -114.89,45.60,3000 -114.76,45.82,3000 -114.77,46.03,3000 -114.93,46.18,3000 -115.16,46.19,3000 -115.19,46.31,3000 -115.03,46.57,3000 -114.85,46.68,3000 -114.53,46.73,3000 -114.27,46.70,3000 -114.13,46.61,3000 -114.03,46.26,3000 -113.84,46.37,3000 -113.59,46.53,3000 -113.27,46.54,3000 -112.97,46.52,3000 -112.74,46.53,3000 -112.67,46.66,3000 -112.66,46.84,3000 -112.77,46.97,3000 -113.09,47.10,3000 -113.43,47.22,3000 -113.66,47.25,3000 -113.84,47.18,3000 -113.98,47.26,3000 -114.10,47.46,3000 -113.96,47.67,3000 -113.64,47.83,3000 -113.54,48.06,3000 -113.67,48.32,3000 -113.91,48.59,3000 -114.23,48.82,3000 -114.44,49.02,3000 -114.63,49.23,3000 -114.77,49.50,3000 -114.74,49.66,3000 -114.86,49.84,3000 -115.11,50.12,3000 -115.44,50.49,3000 -115.70,50.79,3000 -115.92,51.07,3000 -116.15,51.29,3000 -116.35,51.58,3000 -116.21,51.78,3000 
          </coordinates>
        </LinearRing>
      </outerBoundaryIs>
      <innerBoundaryIs>
        <LinearRing>
          <coordinates>
-114.33,44.61,3000 -114.31,44.63,3000 -114.28,44.65,3000 -114.26,44.67,3000 -114.24,44.69,3000 -114.21,44.71,3000 -114.19,44.72,3000 -114.17,44.73,3000 -114.14,44.74,3000 -114.12,44.74,3000 -114.10,44.74,3000 -114.08,44.73,3000 -114.05,44.72,3000 -114.03,44.70,3000 -114.01,44.69,3000 -113.98,44.67,3000 -113.96,44.65,3000 -113.94,44.63,3000 -113.93,44.62,3000 -113.91,44.60,3000 -113.89,44.58,3000 -113.88,44.56,3000 -113.87,44.54,3000 -113.86,44.52,3000 -113.85,44.50,3000 -113.84,44.48,3000 -113.84,44.46,3000 -113.84,44.44,3000 -113.84,44.42,3000 -113.85,44.40,3000 -113.86,44.38,3000 -113.87,44.36,3000 -113.88,44.34,3000 -113.89,44.32,3000 -113.90,44.30,3000 -113.91,44.28,3000 -113.92,44.26,3000 -113.93,44.24,3000 -113.94,44.21,3000 -113.95,44.19,3000 -113.96,44.17,3000 -113.98,44.16,3000 -114.00,44.15,3000 -114.02,44.15,3000 -114.05,44.15,3000 -114.08,44.15,3000 -114.11,44.16,3000 -114.14,44.16,3000 -114.18,44.17,3000 -114.21,44.18,3000 -114.23,44.19,3000 -114.25,44.19,3000 -114.28,44.20,3000 -114.29,44.22,3000 -114.30,44.23,3000 -114.31,44.25,3000 -114.32,44.27,3000 -114.33,44.29,3000 -114.34,44.31,3000 -114.35,44.34,3000 -114.35,44.36,3000 -114.36,44.38,3000 -114.36,44.40,3000 -114.36,44.42,3000 -114.36,44.44,3000 -114.36,44.46,3000 -114.36,44.48,3000 -114.36,44.50,3000 -114.36,44.52,3000 -114.35,44.54,3000 -114.35,44.56,3000 -114.33,44.61,3000 
          </coordinates>
        </LinearRing>
      </innerBoundaryIs>
      <innerBoundaryIs>
        <LinearRing>
          <coordinates>
-117.45,45.44,4000 -117.45,45.44,4000 -117.42,45.43,4000 -117.41,45.43,4000 -117.39,45.42,4000 -117.37,45.42,4000 -117.35,45.41,4000 -117.32,45.40,4000 -117.30,45.39,4000 -117.27,45.39,4000 -117.25,45.38,4000 -117.23,45.37,4000 -117.21,45.37,4000 -117.19,45.36,4000 -117.16,45.35,4000 -117.14,45.34,4000 -117.13,45.34,4000 -117.11,45.33,4000 -117.10,45.32,4000 -117.08,45.30,4000 -117.07,45.29,4000 -117.06,45.28,4000 -117.05,45.26,4000 -117.04,45.25,4000 -117.03,45.23,4000 -117.02,45.21,4000 -117.01,45.20,4000 -117.01,45.18,4000 -117.00,45.17,4000 -117.00,45.15,4000 -117.00,45.14,4000 -117.00,45.13,4000 -117.01,45.11,4000 -117.03,45.10,4000 -117.04,45.09,4000 -117.06,45.08,4000 -117.08,45.07,4000 -117.10,45.06,4000 -117.12,45.05,4000 -117.14,45.04,4000 -117.16,45.04,4000 -117.18,45.03,4000 -117.20,45.02,4000 -117.22,45.02,4000 -117.24,45.01,4000 -117.26,45.01,4000 -117.29,45.00,4000 -117.31,45.00,4000 -117.33,45.00,4000 -117.35,45.00,4000 -117.37,45.00,4000 -117.39,45.01,4000 -117.42,45.01,4000 -117.44,45.02,4000 -117.46,45.02,4000 -117.48,45.03,4000 -117.50,45.04,4000 -117.52,45.05,4000 -117.54,45.06,4000 -117.56,45.06,4000 -117.57,45.07,4000 -117.59,45.08,4000 -117.60,45.09,4000 -117.61,45.10,4000 -117.62,45.12,4000 -117.63,45.13,4000 -117.65,45.14,4000 -117.67,45.15,4000 -117.69,45.17,4000 -117.71,45.18,4000 -117.72,45.19,4000 -117.73,45.21,4000 -117.74,45.22,4000 -117.74,45.23,4000 -117.74,45.25,4000 -117.74,45.26,4000 -117.73,45.28,4000 -117.72,45.29,4000 -117.71,45.31,4000 -117.70,45.32,4000 -117.69,45.34,4000 -117.68,45.35,4000 -117.67,45.36,4000 -117.65,45.37,4000 -117.63,45.38,4000 -117.61,45.39,4000 -117.59,45.40,4000 -117.57,45.41,4000 -117.55,45.41,4000 -117.53,45.42,4000 -117.45,45.44,4000 
          </coordinates>
        </LinearRing>
      </innerBoundaryIs>
      <innerBoundaryIs>
        <LinearRing>
          <coordinates>
-116.19,51.71,4000 -116.10,51.73,4000 -116.01,51.75,4000 -115.92,51.75,4000 -115.84,51.74,4000 -115.77,51.71,4000 -115.69,51.68,4000 -115.61,51.65,4000 -115.53,51.61,4000 -115.45,51.58,4000 -115.37,51.54,4000 -115.29,51.50,4000 -115.21,51.46,4000 -115.15,51.40,4000 -115.12,51.34,4000 -115.10,51.28,4000 -115.08,51.20,4000 -115.05,51.14,4000 -115.02,51.08,4000 -114.94,51.02,4000 -114.85,50.98,4000 -114.77,50.94,4000 -114.72,50.90,4000 -114.67,50.85,4000 -114.64,50.79,4000 -114.62,50.74,4000 -114.61,50.67,4000 -114.60,50.61,4000 -114.59,50.54,4000 -114.57,50.47,4000 -114.54,50.41,4000 -114.51,50.34,4000 -114.48,50.27,4000 -114.45,50.21,4000 -114.43,50.15,4000 -114.42,50.07,4000 -114.41,49.99,4000 -114.42,49.92,4000 -114.45,49.88,4000 -114.51,49.87,4000 -114.59,49.88,4000 -114.69,49.91,4000 -114.77,49.95,4000 -114.82,49.99,4000 -114.87,50.04,4000 -114.92,50.10,4000 -114.96,50.16,4000 -115.00,50.21,4000 -115.04,50.26,4000 -115.10,50.32,4000 -115.14,50.36,4000 -115.19,50.41,4000 -115.24,50.46,4000 -115.29,50.51,4000 -115.34,50.56,4000 -115.40,50.62,4000 -115.46,50.68,4000 -115.52,50.73,4000 -115.58,50.79,4000 -115.63,50.86,4000 -115.66,50.92,4000 -115.69,50.99,4000 -115.71,51.06,4000 -115.74,51.13,4000 -115.77,51.18,4000 -115.84,51.24,4000 -115.92,51.28,4000 -115.99,51.32,4000 -116.06,51.37,4000 -116.13,51.41,4000 -116.19,51.46,4000 -116.23,51.51,4000 -116.25,51.57,4000 -116.27,51.63,4000 -116.19,51.71,4000 
          </coordinates>
        </LinearRing>
      </innerBoundaryIs>
      <innerBoundaryIs>
        <LinearRing>
          <coordinates>
-114.51,46.64,4000 -114.48,46.64,4000 -114.45,46.64,4000 -114.41,46.64,4000 -114.38,46.62,4000 -114.36,46.60,4000 -114.34,46.58,4000 -114.31,46.56,4000 -114.29,46.54,4000 -114.27,46.51,4000 -114.25,46.48,4000 -114.24,46.46,4000 -114.24,46.44,4000 -114.24,46.41,4000 -114.25,46.39,4000 -114.26,46.36,4000 -114.27,46.34,4000 -114.28,46.31,4000 -114.28,46.29,4000 -114.28,46.27,4000 -114.28,46.24,4000 -114.28,46.22,4000 -114.27,46.19,4000 -114.27,46.17,4000 -114.27,46.14,4000 -114.27,46.12,4000 -114.28,46.09,4000 -114.28,46.06,4000 -114.29,46.04,4000 -114.30,46.01,4000 -114.31,45.98,4000 -114.32,45.96,4000 -114.33,45.94,4000 -114.34,45.91,4000 -114.36,45.91,4000 -114.38,45.91,4000 -114.43,45.93,4000 -114.45,45.94,4000 -114.48,45.96,4000 -114.50,45.98,4000 -114.53,46.00,4000 -114.56,46.02,4000 -114.59,46.04,4000 -114.61,46.06,4000 -114.63,46.07,4000 -114.64,46.08,4000 -114.65,46.09,4000 -114.67,46.11,4000 -114.70,46.14,4000 -114.72,46.16,4000 -114.74,46.19,4000 -114.77,46.22,4000 -114.79,46.24,4000 -114.81,46.26,4000 -114.84,46.29,4000 -114.86,46.31,4000 -114.89,46.33,4000 -114.91,46.35,4000 -114.92,46.38,4000 -114.92,46.40,4000 -114.91,46.42,4000 -114.89,46.45,4000 -114.87,46.47,4000 -114.84,46.50,4000 -114.81,46.52,4000 -114.78,46.55,4000 -114.76,46.57,4000 -114.74,46.58,4000 -114.71,46.59,4000 -114.51,46.64,4000 
          </coordinates>
        </LinearRing>
      </innerBoundaryIs>
      <innerBoundaryIs>
        <LinearRing>
          <coordinates>
-113.64,44.77,4000 -113.61,44.78,4000 -113.57,44.79,4000 -113.54,44.79,4000 -113.50,44.80,4000 -113.47,44.80,4000 -113.44,44.80,4000 -113.40,44.80,4000 -113.37,44.79,4000 -113.33,44.79,4000 -113.30,44.78,4000 -113.26,44.76,4000 -113.23,44.75,4000 -113.19,44.74,4000 -113.16,44.73,4000 -113.14,44.72,4000 -113.10,44.71,4000 -113.08,44.71,4000 -113.05,44.69,4000 -113.03,44.68,4000 -113.01,44.66,4000 -112.99,44.64,4000 -112.96,44.62,4000 -112.94,44.60,4000 -112.92,44.59,4000 -112.89,44.57,4000 -112.87,44.56,4000 -112.83,44.55,4000 -112.79,44.55,4000 -112.75,44.55,4000 -112.72,44.55,4000 -112.71,44.55,4000 -112.72,44.54,4000 -112.74,44.54,4000 -112.77,44.53,4000 -112.81,44.52,4000 -112.85,44.50,4000 -112.87,44.49,4000 -112.90,44.47,4000 -112.92,44.46,4000 -112.95,44.44,4000 -112.98,44.42,4000 -113.01,44.40,4000 -113.03,44.38,4000 -113.05,44.37,4000 -113.07,44.36,4000 -113.09,44.35,4000 -113.10,44.34,4000 -113.12,44.33,4000 -113.14,44.32,4000 -113.17,44.31,4000 -113.20,44.30,4000 -113.23,44.29,4000 -113.26,44.27,4000 -113.29,44.26,4000 -113.31,44.25,4000 -113.34,44.23,4000 -113.36,44.21,4000 -113.38,44.19,4000 -113.41,44.17,4000 -113.43,44.16,4000 -113.46,44.14,4000 -113.48,44.13,4000 -113.51,44.13,4000 -113.53,44.13,4000 -113.56,44.14,4000 -113.59,44.15,4000 -113.62,44.16,4000 -113.65,44.18,4000 -113.68,44.20,4000 -113.70,44.22,4000 -113.73,44.24,4000 -113.75,44.25,4000 -113.76,44.27,4000 -113.77,44.29,4000 -113.77,44.31,4000 -113.77,44.33,4000 -113.76,44.36,4000 -113.75,44.38,4000 -113.74,44.40,4000 -113.73,44.43,4000 -113.73,44.45,4000 -113.73,44.47,4000 -113.73,44.50,4000 -113.74,44.52,4000 -113.74,44.55,4000 -113.75,44.57,4000 -113.75,44.60,4000 -113.76,44.62,4000 -113.64,44.77,4000 
          </coordinates>
        </LinearRing>
      </innerBoundaryIs>
      <innerBoundaryIs>
        <LinearRing>
          <coordinates>
-110.68,47.47,4000 -110.63,47.45,4000 -110.59,47.42,4000 -110.55,47.40,4000 -110.50,47.38,4000 -110.47,47.36,4000 -110.43,47.33,4000 -110.40,47.31,4000 -110.36,47.28,4000 -110.34,47.25,4000 -110.32,47.23,4000 -110.30,47.19,4000 -110.28,47.15,4000 -110.27,47.12,4000 -110.26,47.09,4000 -110.24,47.05,4000 -110.23,47.01,4000 -110.22,46.97,4000 -110.21,46.93,4000 -110.21,46.89,4000 -110.21,46.85,4000 -110.21,46.82,4000 -110.22,46.78,4000 -110.24,46.75,4000 -110.27,46.71,4000 -110.31,46.69,4000 -110.35,46.66,4000 -110.39,46.63,4000 -110.43,46.61,4000 -110.47,46.58,4000 -110.52,46.56,4000 -110.57,46.54,4000 -110.62,46.52,4000 -110.66,46.50,4000 -110.71,46.48,4000 -110.75,46.46,4000 -110.81,46.44,4000 -110.85,46.42,4000 -110.90,46.41,4000 -110.94,46.40,4000 -110.99,46.39,4000 -111.04,46.39,4000 -111.09,46.39,4000 -111.14,46.39,4000 -111.19,46.40,4000 -111.24,46.42,4000 -111.28,46.44,4000 -111.32,46.46,4000 -111.36,46.48,4000 -111.40,46.51,4000 -111.44,46.53,4000 -111.48,46.56,4000 -111.52,46.59,4000 -111.56,46.62,4000 -111.60,46.64,4000 -111.64,46.67,4000 -111.68,46.70,4000 -111.72,46.73,4000 -111.76,46.76,4000 -111.79,46.79,4000 -111.81,46.81,4000 -111.84,46.85,4000 -111.85,46.89,4000 -111.85,46.92,4000 -111.83,46.96,4000 -111.81,46.99,4000 -111.78,47.02,4000 -111.74,47.05,4000 -111.70,47.08,4000 -111.66,47.11,4000 -111.62,47.14,4000 -111.58,47.16,4000 -111.54,47.18,4000 -111.49,47.19,4000 -111.45,47.21,4000 -111.40,47.22,4000 -111.34,47.24,4000 -111.30,47.25,4000 -111.26,47.27,4000 -111.21,47.29,4000 -111.16,47.30,4000 -111.11,47.32,4000 -111.06,47.34,4000 -111.01,47.35,4000 -110.96,47.37,4000 -110.91,47.39,4000 -110.68,47.47,4000 
          </coordinates>
        </LinearRing>
      </innerBoundaryIs>
      <innerBoundaryIs>
        <LinearRing>
          <coordinates>
-114.34,49.38,4000 -114.22,49.35,4000 -114.10,49.33,4000 -113.99,49.30,4000 -113.88,49.27,4000 -113.77,49.25,4000 -113.68,49.22,4000 -113.56,49.18,4000 -113.45,49.15,4000 -113.36,49.12,4000 -113.28,49.08,4000 -113.21,49.03,4000 -113.16,48.98,4000 -113.14,48.93,4000 -113.15,48.87,4000 -113.19,48.81,4000 -113.22,48.73,4000 -113.24,48.66,4000 -113.27,48.58,4000 -113.28,48.50,4000 -113.25,48.42,4000 -113.20,48.36,4000 -113.12,48.30,4000 -113.02,48.24,4000 -112.93,48.17,4000 -112.85,48.11,4000 -112.79,48.06,4000 -112.74,47.99,4000 -112.72,47.92,4000 -112.72,47.86,4000 -112.74,47.80,4000 -112.80,47.73,4000 -112.89,47.67,4000 -112.96,47.61,4000 -112.99,47.54,4000 -113.01,47.48,4000 -112.99,47.42,4000 -112.92,47.37,4000 -112.83,47.33,4000 -112.74,47.29,4000 -112.67,47.23,4000 -112.62,47.17,4000 -112.60,47.12,4000 -112.64,47.10,4000 -112.74,47.12,4000 -112.82,47.14,4000 -112.93,47.17,4000 -113.04,47.21,4000 -113.14,47.24,4000 -113.24,47.28,4000 -113.33,47.33,4000 -113.41,47.38,4000 -113.49,47.44,4000 -113.55,47.51,4000 -113.59,47.57,4000 -113.58,47.62,4000 -113.53,47.68,4000 -113.49,47.75,4000 -113.47,47.81,4000 -113.44,47.88,4000 -113.42,47.96,4000 -113.40,48.03,4000 -113.40,48.10,4000 -113.41,48.18,4000 -113.44,48.25,4000 -113.49,48.32,4000 -113.55,48.39,4000 -113.61,48.45,4000 -113.69,48.52,4000 -113.78,48.58,4000 -113.86,48.64,4000 -113.94,48.70,4000 -114.03,48.76,4000 -114.11,48.82,4000 -114.19,48.88,4000 -114.25,48.93,4000 -114.31,49.00,4000 -114.36,49.08,4000 -114.40,49.15,4000 -114.34,49.38,4000 
          </coordinates>
        </LinearRing>
      </innerBoundaryIs>
      <innerBoundaryIs>
        <LinearRing>
          <coordinates>
-116.44,45.29,4000 -116.34,45.32,4000 -116.25,45.35,4000 -116.15,45.37,4000 -116.06,45.38,4000 -115.97,45.37,4000 -115.88,45.34,4000 -115.79,45.31,4000 -115.70,45.28,4000 -115.62,45.26,4000 -115.52,45.23,4000 -115.43,45.21,4000 -115.35,45.18,4000 -115.28,45.15,4000 -115.22,45.10,4000 -115.18,45.04,4000 -115.15,44.98,4000 -115.13,44.93,4000 -115.12,44.87,4000 -115.13,44.82,4000 -115.12,44.77,4000 -115.09,44.73,4000 -115.03,44.69,4000 -114.97,44.67,4000 -114.88,44.67,4000 -114.78,44.68,4000 -114.69,44.68,4000 -114.61,44.65,4000 -114.53,44.61,4000 -114.47,44.55,4000 -114.45,44.49,4000 -114.44,44.41,4000 -114.44,44.34,4000 -114.42,44.27,4000 -114.39,44.22,4000 -114.35,44.17,4000 -114.29,44.12,4000 -114.23,44.08,4000 -114.16,44.04,4000 -114.07,44.01,4000 -113.99,43.98,4000 -113.91,43.94,4000 -113.86,43.91,4000 -113.84,43.85,4000 -113.87,43.78,4000 -113.92,43.73,4000 -113.97,43.71,4000 -114.03,43.70,4000 -114.15,43.68,4000 -114.22,43.67,4000 -114.30,43.65,4000 -114.39,43.63,4000 -114.49,43.60,4000 -114.58,43.58,4000 -114.68,43.56,4000 -114.77,43.54,4000 -114.84,43.53,4000 -114.96,43.51,4000 -115.05,43.50,4000 -115.14,43.50,4000 -115.22,43.50,4000 -115.30,43.50,4000 -115.38,43.50,4000 -115.45,43.52,4000 -115.51,43.57,4000 -115.53,43.61,4000 -115.55,43.67,4000 -115.57,43.74,4000 -115.58,43.81,4000 -115.60,43.88,4000 -115.61,43.96,4000 -115.62,44.02,4000 -115.64,44.08,4000 -115.67,44.16,4000 -115.71,44.22,4000 -115.74,44.28,4000 -115.78,44.34,4000 -115.81,44.40,4000 -115.84,44.46,4000 -115.86,44.51,4000 -115.88,44.57,4000 -115.90,44.62,4000 -115.93,44.67,4000 -115.97,44.73,4000 -116.00,44.78,4000 -116.05,44.83,4000 -116.10,44.88,4000 -116.15,44.92,4000 -116.20,44.97,4000 -116.26,45.02,4000 -116.33,45.06,4000 -116.39,45.11,4000 -116.44,45.29,4000 
          </coordinates>
        </LinearRing>
      </innerBoundaryIs>
      <innerBoundaryIs>
        <LinearRing>
          <coordinates>
-112.50,46.56,4000 -112.48,46.56,4000 -112.45,46.57,4000 -112.43,46.57,4000 -112.41,46.58,4000 -112.38,46.58,4000 -112.36,46.58,4000 -112.34,46.58,4000 -112.32,46.58,4000 -112.30,46.58,4000 -112.28,46.58,4000 -112.26,46.58,4000 -112.24,46.58,4000 -112.22,46.57,4000 -112.20,46.56,4000 -112.19,46.55,4000 -112.17,46.54,4000 -112.16,46.53,4000 -112.14,46.52,4000 -112.13,46.50,4000 -112.11,46.49,4000 -112.10,46.48,4000 -112.08,46.47,4000 -112.07,46.45,4000 -112.06,46.44,4000 -112.04,46.42,4000 -112.03,46.41,4000 -112.02,46.40,4000 -112.01,46.38,4000 -112.00,46.37,4000 -111.99,46.36,4000 -111.98,46.35,4000 -111.97,46.34,4000 -111.96,46.33,4000 -111.97,46.33,4000 -111.98,46.32,4000 -111.99,46.32,4000 -112.00,46.31,4000 -112.02,46.30,4000 -112.03,46.29,4000 -112.05,46.27,4000 -112.07,46.26,4000 -112.08,46.25,4000 -112.10,46.24,4000 -112.12,46.23,4000 -112.14,46.21,4000 -112.16,46.20,4000 -112.17,46.20,4000 -112.19,46.19,4000 -112.21,46.18,4000 -112.23,46.18,4000 -112.26,46.17,4000 -112.28,46.17,4000 -112.30,46.17,4000 -112.33,46.16,4000 -112.35,46.16,4000 -112.37,46.16,4000 -112.39,46.16,4000 -112.41,46.17,4000 -112.43,46.17,4000 -112.45,46.17,4000 -112.47,46.18,4000 -112.48,46.19,4000 -112.50,46.20,4000 -112.52,46.21,4000 -112.53,46.22,4000 -112.55,46.23,4000 -112.56,46.24,4000 -112.57,46.25,4000 -112.58,46.27,4000 -112.59,46.28,4000 -112.60,46.29,4000 -112.60,46.30,4000 -112.60,46.32,4000 -112.60,46.33,4000 -112.61,46.35,4000 -112.61,46.36,4000 -112.60,46.37,4000 -112.60,46.39,4000 -112.60,46.40,4000 -112.60,46.42,4000 -112.59,46.43,4000 -112.59,46.45,4000 -112.50,46.56,4000 
          </coordinates>
        </LinearRing>
      </innerBoundaryIs>
      <innerBoundaryIs>
        <LinearRing>
          <coordinates>
-113.23,46.44,4000 -113.16,46.44,4000 -113.09,46.44,4000 -113.03,46.43,4000 -112.98,46.43,4000 -112.92,46.42,4000 -112.90,46.39,4000 -112.88,46.34,4000 -112.87,46.29,4000 -112.86,46.25,4000 -112.88,46.20,4000 -112.92,46.16,4000 -112.94,46.12,4000 -112.95,46.07,4000 -112.95,46.03,4000 -112.95,45.99,4000 -112.94,45.94,4000 -112.93,45.90,4000 -112.91,45.86,4000 -112.89,45.82,4000 -112.87,45.78,4000 -112.85,45.74,4000 -112.84,45.70,4000 -112.84,45.66,4000 -112.84,45.61,4000 -112.85,45.57,4000 -112.87,45.52,4000 -112.89,45.47,4000 -112.92,45.43,4000 -112.94,45.39,4000 -112.97,45.35,4000 -113.01,45.32,4000 -113.06,45.29,4000 -113.11,45.25,4000 -113.17,45.22,4000 -113.21,45.19,4000 -113.22,45.17,4000 -113.27,45.16,4000 -113.34,45.14,4000 -113.41,45.13,4000 -113.46,45.12,4000 -113.49,45.16,4000 -113.50,45.20,4000 -113.52,45.25,4000 -113.53,45.29,4000 -113.54,45.33,4000 -113.51,45.37,4000 -113.49,45.41,4000 -113.47,45.46,4000 -113.45,45.51,4000 -113.44,45.55,4000 -113.44,45.60,4000 -113.44,45.64,4000 -113.45,45.68,4000 -113.48,45.71,4000 -113.53,45.73,4000 -113.58,45.75,4000 -113.62,45.77,4000 -113.67,45.80,4000 -113.71,45.83,4000 -113.74,45.86,4000 -113.77,45.90,4000 -113.80,45.95,4000 -113.81,45.99,4000 -113.81,46.03,4000 -113.80,46.08,4000 -113.78,46.13,4000 -113.76,46.17,4000 -113.74,46.22,4000 -113.73,46.26,4000 -113.69,46.29,4000 -113.64,46.31,4000 -113.57,46.34,4000 -113.51,46.36,4000 -113.46,46.37,4000 -113.45,46.37,4000 -113.23,46.44,4000 
          </coordinates>
        </LinearRing>
      </innerBoundaryIs>
      <innerBoundaryIs>
        <LinearRing>
          <coordinates>
-112.10,45.68,4000 -111.94,45.64,4000 -111.78,45.60,4000 -111.64,45.57,4000 -111.51,45.55,4000 -111.39,45.54,4000 -111.24,45.56,4000 -111.14,45.61,4000 -111.05,45.66,4000 -110.96,45.76,4000 -110.89,45.81,4000 -110.80,45.72,4000 -110.70,45.60,4000 -110.57,45.56,4000 -110.42,45.55,4000 -110.30,45.54,4000 -110.17,45.54,4000 -110.06,45.53,4000 -109.95,45.49,4000 -109.85,45.44,4000 -109.72,45.38,4000 -109.59,45.29,4000 -109.50,45.22,4000 -109.42,45.14,4000 -109.38,45.04,4000 -109.41,44.94,4000 -109.47,44.83,4000 -109.54,44.73,4000 -109.60,44.64,4000 -109.66,44.55,4000 -109.68,44.48,4000 -109.67,44.40,4000 -109.64,44.31,4000 -109.59,44.22,4000 -109.52,44.11,4000 -109.51,44.00,4000 -109.56,43.91,4000 -109.65,43.81,4000 -109.75,43.71,4000 -109.81,43.63,4000 -109.83,43.53,4000 -109.79,43.46,4000 -109.69,43.40,4000 -109.58,43.34,4000 -109.50,43.29,4000 -109.42,43.22,4000 -109.36,43.14,4000 -109.29,43.05,4000 -109.24,42.98,4000 -109.22,42.90,4000 -109.30,42.84,4000 -109.41,42.80,4000 -109.52,42.81,4000 -109.64,42.87,4000 -109.72,42.93,4000 -109.81,43.02,4000 -109.90,43.11,4000 -109.98,43.17,4000 -110.11,43.22,4000 -110.22,43.21,4000 -110.32,43.17,4000 -110.40,43.08,4000 -110.43,42.99,4000 -110.46,42.87,4000 -110.49,42.75,4000 -110.53,42.65,4000 -110.60,42.56,4000 -110.69,42.51,4000 -110.80,42.48,4000 -110.95,42.48,4000 -111.11,42.52,4000 -111.22,42.58,4000 -111.22,42.65,4000 -111.17,42.74,4000 -111.12,42.84,4000 -111.10,42.95,4000 -111.13,43.04,4000 -111.18,43.14,4000 -111.25,43.24,4000 -111.30,43.34,4000 -111.34,43.42,4000 -111.35,43.56,4000 -111.31,43.66,4000 -111.26,43.74,4000 -111.22,43.82,4000 -111.21,43.92,4000 -111.22,44.04,4000 -111.24,44.14,4000 -111.29,44.24,4000 -111.39,44.31,4000 -111.49,44.35,4000 -111.62,44.39,4000 -111.75,44.43,4000 -111.88,44.46,4000 -112.04,44.48,4000 -112.21,44.49,4000 -112.34,44.50,4000 -112.48,44.52,4000 -112.56,44.55,4000 -112.60,44.61,4000 -112.60,44.69,4000 -112.59,44.77,4000 -112.56,44.87,4000 -112.53,44.95,4000 -112.45,45.03,4000 -112.37,45.10,4000 -112.31,45.18,4000 -112.26,45.27,4000 -112.23,45.38,4000 -112.22,45.49,4000 -112.10,45.68,4000 
          </coordinates>
        </LinearRing>
      </innerBoundaryIs>
  </Polygon>
 </MultiGeometry>
</Placemark>
<Placemark>
  <name>20%</name>
  <visibility>1</visibility>
  <styleUrl>#poly_20</styleUrl>
  <MultiGeometry>
    <Polygon>
      <outerBoundaryIs>
        <LinearRing>
          <coordinates>
-107.83,44.96,3000 -107.82,44.96,3000 -107.78,44.94,3000 -107.76,44.93,3000 -107.74,44.92,3000 -107.71,44.91,3000 -107.68,44.90,3000 -107.65,44.89,3000 -107.62,44.88,3000 -107.59,44.87,3000 -107.57,44.86,3000 -107.54,44.84,3000 -107.53,44.83,3000 -107.51,44.81,3000 -107.49,44.79,3000 -107.47,44.78,3000 -107.45,44.76,3000 -107.42,44.74,3000 -107.40,44.72,3000 -107.37,44.70,3000 -107.35,44.69,3000 -107.33,44.67,3000 -107.31,44.66,3000 -107.28,44.65,3000 -107.27,44.63,3000 -107.26,44.62,3000 -107.25,44.60,3000 -107.23,44.58,3000 -107.22,44.56,3000 -107.20,44.53,3000 -107.19,44.51,3000 -107.18,44.49,3000 -107.18,44.47,3000 -107.18,44.45,3000 -107.19,44.42,3000 -107.20,44.40,3000 -107.21,44.38,3000 -107.23,44.36,3000 -107.25,44.35,3000 -107.27,44.34,3000 -107.29,44.34,3000 -107.32,44.35,3000 -107.35,44.36,3000 -107.38,44.37,3000 -107.42,44.38,3000 -107.45,44.40,3000 -107.48,44.41,3000 -107.50,44.42,3000 -107.52,44.43,3000 -107.53,44.44,3000 -107.54,44.45,3000 -107.55,44.47,3000 -107.57,44.49,3000 -107.59,44.51,3000 -107.61,44.53,3000 -107.63,44.55,3000 -107.65,44.57,3000 -107.66,44.58,3000 -107.68,44.60,3000 -107.70,44.62,3000 -107.73,44.64,3000 -107.75,44.65,3000 -107.77,44.67,3000 -107.79,44.68,3000 -107.81,44.69,3000 -107.84,44.71,3000 -107.86,44.72,3000 -107.88,44.74,3000 -107.89,44.76,3000 -107.89,44.78,3000 -107.89,44.80,3000 -107.89,44.82,3000 -107.89,44.84,3000 -107.88,44.86,3000 -107.88,44.89,3000 -107.87,44.91,3000 -107.86,44.94,3000 -107.83,44.96,3000 
          </coordinates>
        </LinearRing>
      </outerBoundaryIs>
  </Polygon>
 </MultiGeometry>
</Placemark>
<Placemark>
  <name>20%</name>
  <visibility>1</visibility>
  <styleUrl>#poly_20</styleUrl>
  <MultiGeometry>
    <Polygon>
      <outerBoundaryIs>
        <LinearRing>
          <coordinates>
-121.79,40.63,3000 -121.71,40.70,3000 -121.62,40.76,3000 -121.52,40.79,3000 -121.39,40.79,3000 -121.21,40.79,3000 -121.03,40.75,3000 -120.92,40.65,3000 -120.85,40.51,3000 -120.88,40.37,3000 -120.87,40.22,3000 -120.75,40.13,3000 -120.57,40.04,3000 -120.40,39.95,3000 -120.26,39.86,3000 -120.12,39.76,3000 -120.00,39.63,3000 -119.93,39.51,3000 -119.88,39.38,3000 -119.82,39.23,3000 -119.76,39.08,3000 -119.69,38.96,3000 -119.58,38.83,3000 -119.44,38.73,3000 -119.32,38.63,3000 -119.21,38.53,3000 -119.13,38.42,3000 -119.08,38.31,3000 -118.98,38.16,3000 -118.89,38.05,3000 -118.78,37.91,3000 -118.67,37.76,3000 -118.55,37.60,3000 -118.44,37.46,3000 -118.35,37.34,3000 -118.23,37.15,3000 -118.15,37.01,3000 -118.10,36.87,3000 -118.06,36.73,3000 -118.05,36.59,3000 -118.05,36.47,3000 -118.10,36.31,3000 -118.18,36.19,3000 -118.27,36.13,3000 -118.37,36.10,3000 -118.58,36.11,3000 -118.70,36.17,3000 -118.81,36.26,3000 -118.86,36.34,3000 -118.93,36.47,3000 -119.00,36.57,3000 -119.08,36.70,3000 -119.17,36.83,3000 -119.25,36.94,3000 -119.36,37.05,3000 -119.46,37.14,3000 -119.56,37.22,3000 -119.71,37.35,3000 -119.83,37.47,3000 -119.91,37.62,3000 -120.00,37.75,3000 -120.11,37.90,3000 -120.21,38.04,3000 -120.32,38.17,3000 -120.41,38.29,3000 -120.49,38.44,3000 -120.56,38.61,3000 -120.60,38.76,3000 -120.63,38.92,3000 -120.69,39.09,3000 -120.76,39.21,3000 -120.85,39.34,3000 -120.94,39.46,3000 -121.03,39.56,3000 -121.19,39.69,3000 -121.34,39.79,3000 -121.49,39.90,3000 -121.62,40.01,3000 -121.70,40.12,3000 -121.75,40.23,3000 -121.79,40.63,3000 
          </coordinates>
        </LinearRing>
      </outerBoundaryIs>
      <innerBoundaryIs>
        <LinearRing>
          <coordinates>
-121.58,40.72,4000 -121.38,40.73,4000 -121.21,40.71,4000 -121.07,40.66,4000 -120.98,40.59,4000 -120.95,40.47,4000 -120.95,40.35,4000 -121.02,40.20,4000 -121.00,40.10,4000 -120.93,40.01,4000 -120.76,39.98,4000 -120.54,39.94,4000 -120.41,39.88,4000 -120.28,39.79,4000 -120.13,39.64,4000 -120.05,39.53,4000 -119.96,39.38,4000 -119.87,39.22,4000 -119.77,39.06,4000 -119.68,38.91,4000 -119.60,38.79,4000 -119.48,38.65,4000 -119.35,38.54,4000 -119.24,38.45,4000 -119.15,38.35,4000 -119.08,38.24,4000 -119.04,38.13,4000 -118.95,37.98,4000 -118.86,37.87,4000 -118.74,37.73,4000 -118.61,37.57,4000 -118.48,37.42,4000 -118.37,37.28,4000 -118.28,37.17,4000 -118.19,37.02,4000 -118.17,36.93,4000 -118.15,36.84,4000 -118.11,36.67,4000 -118.10,36.51,4000 -118.14,36.38,4000 -118.21,36.27,4000 -118.30,36.19,4000 -118.41,36.15,4000 -118.53,36.15,4000 -118.66,36.21,4000 -118.74,36.29,4000 -118.81,36.39,4000 -118.89,36.50,4000 -118.96,36.62,4000 -119.02,36.74,4000 -119.11,36.87,4000 -119.21,36.97,4000 -119.33,37.09,4000 -119.45,37.19,4000 -119.54,37.27,4000 -119.68,37.38,4000 -119.74,37.48,4000 -119.86,37.67,4000 -119.94,37.78,4000 -120.04,37.91,4000 -120.16,38.05,4000 -120.27,38.20,4000 -120.38,38.35,4000 -120.46,38.48,4000 -120.54,38.66,4000 -120.58,38.83,4000 -120.62,38.99,4000 -120.66,39.13,4000 -120.74,39.28,4000 -120.83,39.40,4000 -120.91,39.50,4000 -121.00,39.63,4000 -121.08,39.73,4000 -121.20,39.80,4000 -121.32,39.86,4000 -121.43,39.92,4000 -121.52,40.00,4000 -121.61,40.14,4000 -121.68,40.28,4000 -121.72,40.38,4000 -121.73,40.47,4000 -121.71,40.56,4000 -121.67,40.65,4000 -121.58,40.72,4000 
          </coordinates>
        </LinearRing>
      </innerBoundaryIs>
  </Polygon>
 </MultiGeometry>
</Placemark>
<Placemark>
  <name>20%</name>
  <visibility>1</visibility>
  <styleUrl>#poly_20</styleUrl>
  <MultiGeometry>
    <Polygon>
      <outerBoundaryIs>
        <LinearRing>
          <coordinates>
-118.78,42.85,3000 -118.76,42.86,3000 -118.74,42.87,3000 -118.72,42.88,3000 -118.70,42.89,3000 -118.68,42.90,3000 -118.66,42.91,3000 -118.64,42.92,3000 -118.63,42.92,3000 -118.61,42.93,3000 -118.59,42.94,3000 -118.58,42.94,3000 -118.56,42.94,3000 -118.54,42.94,3000 -118.52,42.94,3000 -118.50,42.93,3000 -118.48,42.92,3000 -118.46,42.91,3000 -118.45,42.90,3000 -118.43,42.88,3000 -118.42,42.87,3000 -118.41,42.86,3000 -118.40,42.84,3000 -118.40,42.83,3000 -118.39,42.81,3000 -118.38,42.80,3000 -118.38,42.78,3000 -118.37,42.76,3000 -118.37,42.75,3000 -118.37,42.73,3000 -118.37,42.71,3000 -118.37,42.70,3000 -118.37,42.69,3000 -118.38,42.67,3000 -118.38,42.66,3000 -118.39,42.64,3000 -118.40,42.63,3000 -118.41,42.62,3000 -118.43,42.60,3000 -118.44,42.59,3000 -118.45,42.58,3000 -118.47,42.57,3000 -118.48,42.56,3000 -118.50,42.55,3000 -118.52,42.55,3000 -118.54,42.54,3000 -118.56,42.53,3000 -118.58,42.52,3000 -118.60,42.52,3000 -118.62,42.51,3000 -118.65,42.51,3000 -118.66,42.51,3000 -118.68,42.51,3000 -118.70,42.51,3000 -118.72,42.51,3000 -118.73,42.52,3000 -118.75,42.53,3000 -118.77,42.54,3000 -118.78,42.55,3000 -118.80,42.57,3000 -118.81,42.58,3000 -118.82,42.60,3000 -118.84,42.61,3000 -118.84,42.63,3000 -118.85,42.64,3000 -118.85,42.65,3000 -118.86,42.67,3000 -118.86,42.68,3000 -118.85,42.70,3000 -118.85,42.71,3000 -118.85,42.73,3000 -118.84,42.74,3000 -118.84,42.76,3000 -118.83,42.77,3000 -118.82,42.79,3000 -118.82,42.80,3000 -118.81,42.82,3000 -118.78,42.85,3000 
          </coordinates>
        </LinearRing>
      </outerBoundaryIs>
      <innerBoundaryIs>
        <LinearRing>
          <coordinates>
-118.73,42.66,4000 -118.72,42.66,4000 -118.72,42.67,4000 -118.71,42.67,4000 -118.70,42.68,4000 -118.69,42.68,4000 -118.69,42.69,4000 -118.68,42.69,4000 -118.67,42.70,4000 -118.67,42.70,4000 -118.66,42.70,4000 -118.65,42.71,4000 -118.65,42.71,4000 -118.64,42.72,4000 -118.63,42.72,4000 -118.63,42.72,4000 -118.62,42.73,4000 -118.61,42.73,4000 -118.61,42.73,4000 -118.60,42.74,4000 -118.59,42.74,4000 -118.59,42.74,4000 -118.58,42.75,4000 -118.58,42.75,4000 -118.57,42.75,4000 -118.57,42.76,4000 -118.56,42.76,4000 -118.55,42.76,4000 -118.55,42.76,4000 -118.55,42.76,4000 -118.54,42.77,4000 -118.54,42.77,4000 -118.53,42.77,4000 -118.53,42.77,4000 -118.52,42.77,4000 -118.52,42.77,4000 -118.51,42.77,4000 -118.51,42.77,4000 -118.50,42.77,4000 -118.50,42.76,4000 -118.49,42.76,4000 -118.49,42.75,4000 -118.49,42.74,4000 -118.49,42.74,4000 -118.48,42.73,4000 -118.48,42.72,4000 -118.48,42.72,4000 -118.48,42.71,4000 -118.48,42.70,4000 -118.48,42.70,4000 -118.48,42.69,4000 -118.48,42.69,4000 -118.47,42.68,4000 -118.47,42.68,4000 -118.47,42.67,4000 -118.49,42.67,4000 -118.49,42.67,4000 -118.50,42.67,4000 -118.50,42.67,4000 -118.51,42.67,4000 -118.51,42.67,4000 -118.52,42.67,4000 -118.52,42.67,4000 -118.53,42.67,4000 -118.54,42.66,4000 -118.54,42.66,4000 -118.55,42.66,4000 -118.56,42.66,4000 -118.56,42.66,4000 -118.57,42.66,4000 -118.58,42.66,4000 -118.58,42.66,4000 -118.59,42.66,4000 -118.60,42.66,4000 -118.61,42.66,4000 -118.62,42.66,4000 -118.62,42.66,4000 -118.63,42.66,4000 -118.64,42.66,4000 -118.65,42.66,4000 -118.66,42.65,4000 -118.67,42.65,4000 -118.68,42.65,4000 -118.69,42.65,4000 -118.69,42.65,4000 -118.70,42.65,4000 -118.71,42.65,4000 -118.72,42.65,4000 -118.73,42.65,4000 -118.73,42.66,4000 
          </coordinates>
        </LinearRing>
      </innerBoundaryIs>
  </Polygon>
 </MultiGeometry>
</Placemark>
<Placemark>
  <name>20%</name>
  <visibility>1</visibility>
  <styleUrl>#poly_20</styleUrl>
  <MultiGeometry>
    <Polygon>
      <outerBoundaryIs>
        <LinearRing>
          <coordinates>
-121.85,44.40,3000 -121.81,44.38,3000 -121.76,44.35,3000 -121.72,44.32,3000 -121.67,44.28,3000 -121.62,44.24,3000 -121.58,44.20,3000 -121.55,44.15,3000 -121.54,44.09,3000 -121.55,44.03,3000 -121.57,43.98,3000 -121.60,43.93,3000 -121.63,43.88,3000 -121.65,43.84,3000 -121.68,43.80,3000 -121.71,43.77,3000 -121.74,43.73,3000 -121.78,43.68,3000 -121.81,43.64,3000 -121.83,43.59,3000 -121.84,43.54,3000 -121.85,43.50,3000 -121.86,43.45,3000 -121.86,43.40,3000 -121.86,43.34,3000 -121.86,43.28,3000 -121.86,43.22,3000 -121.87,43.16,3000 -121.88,43.10,3000 -121.90,43.04,3000 -121.92,42.98,3000 -121.93,42.93,3000 -121.94,42.91,3000 -121.97,42.88,3000 -122.02,42.83,3000 -122.07,42.78,3000 -122.12,42.76,3000 -122.19,42.77,3000 -122.26,42.81,3000 -122.32,42.86,3000 -122.35,42.91,3000 -122.37,42.97,3000 -122.37,43.03,3000 -122.36,43.09,3000 -122.35,43.15,3000 -122.33,43.21,3000 -122.32,43.27,3000 -122.30,43.33,3000 -122.29,43.37,3000 -122.29,43.39,3000 -122.28,43.44,3000 -122.27,43.50,3000 -122.26,43.57,3000 -122.24,43.62,3000 -122.22,43.67,3000 -122.20,43.72,3000 -122.19,43.76,3000 -122.17,43.79,3000 -122.15,43.83,3000 -122.12,43.89,3000 -122.10,43.95,3000 -122.08,44.01,3000 -122.06,44.08,3000 -122.05,44.13,3000 -122.03,44.17,3000 -122.00,44.21,3000 -121.96,44.27,3000 -121.91,44.33,3000 -121.85,44.40,3000 
          </coordinates>
        </LinearRing>
      </outerBoundaryIs>
      <innerBoundaryIs>
        <LinearRing>
          <coordinates>
-122.23,43.13,4000 -122.21,43.13,4000 -122.20,43.13,4000 -122.18,43.12,4000 -122.17,43.12,4000 -122.15,43.12,4000 -122.14,43.12,4000 -122.13,43.11,4000 -122.12,43.11,4000 -122.10,43.11,4000 -122.09,43.10,4000 -122.08,43.10,4000 -122.08,43.09,4000 -122.07,43.09,4000 -122.06,43.08,4000 -122.06,43.07,4000 -122.06,43.06,4000 -122.06,43.06,4000 -122.06,43.05,4000 -122.06,43.04,4000 -122.06,43.03,4000 -122.07,43.02,4000 -122.07,43.01,4000 -122.08,43.00,4000 -122.08,42.99,4000 -122.09,42.98,4000 -122.09,42.97,4000 -122.10,42.96,4000 -122.10,42.95,4000 -122.11,42.93,4000 -122.12,42.92,4000 -122.12,42.92,4000 -122.13,42.91,4000 -122.13,42.90,4000 -122.13,42.89,4000 -122.14,42.89,4000 -122.14,42.88,4000 -122.15,42.86,4000 -122.15,42.87,4000 -122.16,42.86,4000 -122.17,42.88,4000 -122.17,42.89,4000 -122.18,42.89,4000 -122.18,42.90,4000 -122.18,42.90,4000 -122.19,42.91,4000 -122.19,42.92,4000 -122.20,42.93,4000 -122.20,42.94,4000 -122.20,42.95,4000 -122.21,42.96,4000 -122.21,42.97,4000 -122.22,42.98,4000 -122.22,42.99,4000 -122.23,43.00,4000 -122.23,43.01,4000 -122.24,43.02,4000 -122.24,43.03,4000 -122.25,43.04,4000 -122.23,43.13,4000 
          </coordinates>
        </LinearRing>
      </innerBoundaryIs>
      <innerBoundaryIs>
        <LinearRing>
          <coordinates>
-121.81,44.26,4000 -121.79,44.25,4000 -121.77,44.24,4000 -121.75,44.23,4000 -121.73,44.22,4000 -121.71,44.20,4000 -121.70,44.18,4000 -121.69,44.16,4000 -121.68,44.15,4000 -121.67,44.13,4000 -121.67,44.11,4000 -121.66,44.09,4000 -121.66,44.07,4000 -121.65,44.05,4000 -121.65,44.03,4000 -121.65,44.01,4000 -121.65,43.99,4000 -121.66,43.97,4000 -121.67,43.95,4000 -121.68,43.93,4000 -121.69,43.92,4000 -121.71,43.90,4000 -121.73,43.89,4000 -121.75,43.87,4000 -121.77,43.86,4000 -121.79,43.85,4000 -121.81,43.83,4000 -121.83,43.82,4000 -121.85,43.81,4000 -121.87,43.79,4000 -121.88,43.77,4000 -121.89,43.75,4000 -121.90,43.74,4000 -121.91,43.73,4000 -121.93,43.73,4000 -121.95,43.74,4000 -121.97,43.75,4000 -121.99,43.77,4000 -122.00,43.79,4000 -122.00,43.80,4000 -122.01,43.82,4000 -122.01,43.84,4000 -122.01,43.87,4000 -122.01,43.89,4000 -122.00,43.91,4000 -122.00,43.93,4000 -122.00,43.95,4000 -122.00,43.96,4000 -122.00,43.98,4000 -122.00,43.98,4000 -121.99,44.00,4000 -121.98,44.01,4000 -121.98,44.02,4000 -121.97,44.04,4000 -121.96,44.06,4000 -121.95,44.07,4000 -121.94,44.09,4000 -121.92,44.11,4000 -121.91,44.13,4000 -121.90,44.15,4000 -121.81,44.26,4000 
          </coordinates>
        </LinearRing>
      </innerBoundaryIs>
      <innerBoundaryIs>
        <LinearRing>
          <coordinates>
-122.12,43.61,4000 -122.10,43.62,4000 -122.08,43.60,4000 -122.08,43.59,4000 -122.07,43.58,4000 -122.06,43.57,4000 -122.06,43.55,4000 -122.05,43.53,4000 -122.05,43.52,4000 -122.04,43.50,4000 -122.03,43.48,4000 -122.03,43.46,4000 -122.02,43.45,4000 -122.02,43.43,4000 -122.02,43.41,4000 -122.01,43.40,4000 -122.01,43.38,4000 -122.01,43.36,4000 -122.00,43.35,4000 -122.00,43.33,4000 -122.00,43.32,4000 -121.99,43.30,4000 -121.99,43.29,4000 -121.99,43.27,4000 -121.99,43.26,4000 -121.99,43.24,4000 -121.99,43.22,4000 -121.99,43.20,4000 -121.99,43.19,4000 -121.99,43.17,4000 -122.00,43.17,4000 -122.01,43.17,4000 -122.03,43.18,4000 -122.05,43.18,4000 -122.06,43.19,4000 -122.08,43.21,4000 -122.10,43.22,4000 -122.11,43.24,4000 -122.11,43.25,4000 -122.12,43.27,4000 -122.12,43.28,4000 -122.12,43.30,4000 -122.12,43.31,4000 -122.12,43.33,4000 -122.12,43.35,4000 -122.12,43.37,4000 -122.12,43.39,4000 -122.12,43.40,4000 -122.12,43.42,4000 -122.12,43.44,4000 -122.12,43.45,4000 -122.12,43.47,4000 -122.12,43.48,4000 -122.12,43.50,4000 -122.12,43.51,4000 -122.12,43.53,4000 -122.12,43.54,4000 -122.12,43.56,4000 -122.12,43.57,4000 -122.12,43.59,4000 -122.12,43.61,4000 
          </coordinates>
        </LinearRing>
      </innerBoundaryIs>
  </Polygon>
 </MultiGeometry>
</Placemark>
<Placemark>
  <name>20%</name>
  <visibility>1</visibility>
  <styleUrl>#poly_20</styleUrl>
  <MultiGeometry>
    <Polygon>
      <outerBoundaryIs>
        <LinearRing>
          <coordinates>
-120.34,41.43,3000 -120.32,41.43,3000 -120.29,41.43,3000 -120.27,41.42,3000 -120.24,41.42,3000 -120.22,41.42,3000 -120.20,41.42,3000 -120.18,41.42,3000 -120.16,41.42,3000 -120.14,41.41,3000 -120.13,41.41,3000 -120.11,41.41,3000 -120.10,41.41,3000 -120.09,41.40,3000 -120.08,41.39,3000 -120.07,41.38,3000 -120.06,41.37,3000 -120.05,41.36,3000 -120.04,41.34,3000 -120.03,41.33,3000 -120.01,41.31,3000 -120.00,41.29,3000 -119.99,41.28,3000 -119.98,41.26,3000 -119.97,41.25,3000 -119.97,41.24,3000 -119.97,41.22,3000 -119.97,41.21,3000 -119.98,41.20,3000 -119.99,41.19,3000 -120.00,41.18,3000 -120.02,41.16,3000 -120.03,41.15,3000 -120.04,41.14,3000 -120.05,41.13,3000 -120.07,41.12,3000 -120.08,41.10,3000 -120.10,41.09,3000 -120.12,41.08,3000 -120.13,41.07,3000 -120.15,41.06,3000 -120.16,41.05,3000 -120.17,41.04,3000 -120.19,41.03,3000 -120.21,41.02,3000 -120.22,41.01,3000 -120.23,41.01,3000 -120.24,41.00,3000 -120.25,41.00,3000 -120.28,41.02,3000 -120.29,41.03,3000 -120.30,41.04,3000 -120.32,41.05,3000 -120.33,41.06,3000 -120.35,41.07,3000 -120.36,41.08,3000 -120.38,41.10,3000 -120.40,41.11,3000 -120.41,41.12,3000 -120.42,41.14,3000 -120.43,41.15,3000 -120.44,41.17,3000 -120.45,41.18,3000 -120.45,41.19,3000 -120.46,41.21,3000 -120.46,41.22,3000 -120.45,41.24,3000 -120.45,41.25,3000 -120.45,41.27,3000 -120.44,41.28,3000 -120.43,41.30,3000 -120.43,41.31,3000 -120.42,41.33,3000 -120.41,41.34,3000 -120.40,41.36,3000 -120.34,41.43,3000 
          </coordinates>
        </LinearRing>
      </outerBoundaryIs>
  </Polygon>
 </MultiGeometry>
</Placemark>
<Placemark>
  <name>20%</name>
  <visibility>1</visibility>
  <styleUrl>#poly_20</styleUrl>
  <MultiGeometry>
    <Polygon>
      <outerBoundaryIs>
        <LinearRing>
          <coordinates>
-73.79,48.64,3000 -73.78,48.65,3000 -73.76,48.66,3000 -73.74,48.67,3000 -73.71,48.68,3000 -73.69,48.69,3000 -73.66,48.70,3000 -73.64,48.71,3000 -73.61,48.72,3000 -73.58,48.73,3000 -73.56,48.73,3000 -73.53,48.74,3000 -73.51,48.74,3000 -73.48,48.74,3000 -73.46,48.74,3000 -73.43,48.74,3000 -73.40,48.74,3000 -73.38,48.73,3000 -73.35,48.73,3000 -73.33,48.72,3000 -73.30,48.72,3000 -73.28,48.71,3000 -73.26,48.70,3000 -73.24,48.69,3000 -73.22,48.68,3000 -73.20,48.67,3000 -73.18,48.66,3000 -73.17,48.64,3000 -73.15,48.63,3000 -73.14,48.61,3000 -73.13,48.60,3000 -73.12,48.59,3000 -73.11,48.57,3000 -73.11,48.55,3000 -73.10,48.54,3000 -73.10,48.52,3000 -73.10,48.50,3000 -73.11,48.49,3000 -73.11,48.47,3000 -73.12,48.45,3000 -73.13,48.43,3000 -73.14,48.42,3000 -73.15,48.40,3000 -73.16,48.39,3000 -73.18,48.37,3000 -73.20,48.36,3000 -73.22,48.35,3000 -73.24,48.33,3000 -73.26,48.32,3000 -73.28,48.31,3000 -73.30,48.30,3000 -73.32,48.28,3000 -73.34,48.27,3000 -73.36,48.27,3000 -73.37,48.26,3000 -73.40,48.25,3000 -73.42,48.26,3000 -73.44,48.26,3000 -73.46,48.26,3000 -73.48,48.26,3000 -73.51,48.26,3000 -73.54,48.27,3000 -73.57,48.27,3000 -73.59,48.28,3000 -73.62,48.29,3000 -73.64,48.30,3000 -73.65,48.31,3000 -73.67,48.32,3000 -73.69,48.34,3000 -73.71,48.36,3000 -73.73,48.37,3000 -73.75,48.39,3000 -73.76,48.41,3000 -73.78,48.42,3000 -73.80,48.44,3000 -73.81,48.45,3000 -73.82,48.46,3000 -73.83,48.47,3000 -73.84,48.48,3000 -73.82,48.49,3000 -73.82,48.50,3000 -73.82,48.52,3000 -73.82,48.53,3000 -73.82,48.55,3000 -73.82,48.57,3000 -73.82,48.59,3000 -73.81,48.61,3000 -73.80,48.62,3000 -73.79,48.64,3000 -73.79,48.64,3000 
          </coordinates>
        </LinearRing>
      </outerBoundaryIs>
  </Polygon>
 </MultiGeometry>
</Placemark>
<Placemark>
  <name>20%</name>
  <visibility>1</visibility>
  <styleUrl>#poly_20</styleUrl>
  <MultiGeometry>
    <Polygon>
      <outerBoundaryIs>
        <LinearRing>
          <coordinates>
-115.47,40.78,3000 -115.43,40.79,3000 -115.40,40.81,3000 -115.36,40.82,3000 -115.33,40.83,3000 -115.30,40.84,3000 -115.27,40.85,3000 -115.25,40.85,3000 -115.22,40.85,3000 -115.19,40.84,3000 -115.17,40.82,3000 -115.16,40.79,3000 -115.16,40.77,3000 -115.16,40.74,3000 -115.16,40.71,3000 -115.16,40.69,3000 -115.16,40.66,3000 -115.17,40.63,3000 -115.17,40.61,3000 -115.18,40.58,3000 -115.18,40.57,3000 -115.19,40.55,3000 -115.19,40.53,3000 -115.20,40.51,3000 -115.20,40.49,3000 -115.21,40.46,3000 -115.22,40.43,3000 -115.23,40.41,3000 -115.25,40.38,3000 -115.26,40.35,3000 -115.28,40.32,3000 -115.30,40.30,3000 -115.31,40.27,3000 -115.33,40.25,3000 -115.34,40.23,3000 -115.36,40.21,3000 -115.38,40.20,3000 -115.40,40.18,3000 -115.43,40.16,3000 -115.45,40.14,3000 -115.48,40.12,3000 -115.51,40.11,3000 -115.54,40.10,3000 -115.57,40.09,3000 -115.60,40.09,3000 -115.63,40.10,3000 -115.66,40.11,3000 -115.69,40.12,3000 -115.72,40.14,3000 -115.75,40.16,3000 -115.77,40.18,3000 -115.79,40.20,3000 -115.80,40.22,3000 -115.81,40.25,3000 -115.82,40.27,3000 -115.82,40.30,3000 -115.83,40.32,3000 -115.83,40.35,3000 -115.83,40.38,3000 -115.83,40.40,3000 -115.82,40.43,3000 -115.82,40.46,3000 -115.81,40.49,3000 -115.80,40.52,3000 -115.79,40.54,3000 -115.78,40.56,3000 -115.76,40.59,3000 -115.74,40.61,3000 -115.72,40.62,3000 -115.70,40.64,3000 -115.68,40.66,3000 -115.66,40.68,3000 -115.63,40.69,3000 -115.61,40.71,3000 -115.58,40.72,3000 -115.56,40.74,3000 -115.53,40.75,3000 -115.47,40.78,3000 
          </coordinates>
        </LinearRing>
      </outerBoundaryIs>
      <innerBoundaryIs>
        <LinearRing>
          <coordinates>
-115.66,40.57,4000 -115.64,40.59,4000 -115.62,40.60,4000 -115.60,40.62,4000 -115.59,40.63,4000 -115.57,40.64,4000 -115.55,40.66,4000 -115.53,40.67,4000 -115.51,40.68,4000 -115.49,40.68,4000 -115.48,40.69,4000 -115.46,40.69,4000 -115.44,40.69,4000 -115.42,40.69,4000 -115.39,40.68,4000 -115.37,40.67,4000 -115.35,40.66,4000 -115.33,40.64,4000 -115.32,40.63,4000 -115.30,40.62,4000 -115.29,40.60,4000 -115.28,40.59,4000 -115.28,40.57,4000 -115.28,40.55,4000 -115.28,40.53,4000 -115.28,40.51,4000 -115.28,40.49,4000 -115.29,40.47,4000 -115.29,40.45,4000 -115.30,40.44,4000 -115.30,40.42,4000 -115.31,40.40,4000 -115.31,40.39,4000 -115.32,40.37,4000 -115.33,40.35,4000 -115.34,40.34,4000 -115.35,40.33,4000 -115.37,40.31,4000 -115.38,40.30,4000 -115.40,40.29,4000 -115.42,40.27,4000 -115.44,40.26,4000 -115.46,40.25,4000 -115.48,40.24,4000 -115.51,40.23,4000 -115.52,40.22,4000 -115.54,40.21,4000 -115.57,40.19,4000 -115.58,40.18,4000 -115.59,40.18,4000 -115.61,40.18,4000 -115.63,40.20,4000 -115.64,40.21,4000 -115.65,40.22,4000 -115.66,40.24,4000 -115.68,40.26,4000 -115.69,40.28,4000 -115.70,40.29,4000 -115.72,40.31,4000 -115.73,40.33,4000 -115.74,40.35,4000 -115.74,40.37,4000 -115.74,40.39,4000 -115.74,40.41,4000 -115.74,40.42,4000 -115.73,40.44,4000 -115.73,40.46,4000 -115.72,40.48,4000 -115.71,40.50,4000 -115.70,40.51,4000 -115.69,40.53,4000 -115.68,40.55,4000 -115.66,40.57,4000 
          </coordinates>
        </LinearRing>
      </innerBoundaryIs>
  </Polygon>
 </MultiGeometry>
</Placemark>
<Placemark>
  <name>30%</name>
  <visibility>1</visibility>
  <styleUrl>#poly_30</styleUrl>
  <MultiGeometry>
    <Polygon>
      <outerBoundaryIs>
        <LinearRing>
          <coordinates>
-122.93,41.36,4000 -122.89,41.36,4000 -122.85,41.37,4000 -122.81,41.37,4000 -122.77,41.38,4000 -122.74,41.38,4000 -122.70,41.39,4000 -122.66,41.40,4000 -122.63,41.41,4000 -122.59,41.42,4000 -122.56,41.43,4000 -122.52,41.45,4000 -122.49,41.46,4000 -122.46,41.48,4000 -122.42,41.49,4000 -122.39,41.51,4000 -122.35,41.53,4000 -122.32,41.55,4000 -122.28,41.56,4000 -122.24,41.57,4000 -122.20,41.58,4000 -122.16,41.58,4000 -122.12,41.59,4000 -122.08,41.59,4000 -122.04,41.59,4000 -122.00,41.59,4000 -121.96,41.58,4000 -121.91,41.58,4000 -121.87,41.57,4000 -121.83,41.57,4000 -121.80,41.56,4000 -121.75,41.56,4000 -121.71,41.55,4000 -121.68,41.55,4000 -121.66,41.54,4000 -121.67,41.53,4000 -121.69,41.51,4000 -121.73,41.49,4000 -121.77,41.47,4000 -121.80,41.45,4000 -121.83,41.43,4000 -121.86,41.41,4000 -121.90,41.39,4000 -121.93,41.37,4000 -121.96,41.35,4000 -121.98,41.34,4000 -122.01,41.32,4000 -122.03,41.30,4000 -122.05,41.29,4000 -122.08,41.27,4000 -122.11,41.25,4000 -122.14,41.24,4000 -122.18,41.22,4000 -122.21,41.21,4000 -122.25,41.20,4000 -122.29,41.19,4000 -122.33,41.18,4000 -122.37,41.17,4000 -122.41,41.16,4000 -122.44,41.14,4000 -122.48,41.12,4000 -122.51,41.10,4000 -122.54,41.07,4000 -122.56,41.05,4000 -122.58,41.04,4000 -122.60,41.02,4000 -122.62,41.01,4000 -122.64,40.98,4000 -122.67,40.96,4000 -122.70,40.94,4000 -122.73,40.91,4000 -122.77,40.89,4000 -122.80,40.88,4000 -122.84,40.87,4000 -122.88,40.86,4000 -122.92,40.86,4000 -122.97,40.86,4000 -123.01,40.86,4000 -123.04,40.87,4000 -123.08,40.88,4000 -123.12,40.90,4000 -123.14,40.92,4000 -123.16,40.95,4000 -123.17,40.98,4000 -123.17,41.01,4000 -123.16,41.04,4000 -123.16,41.08,4000 -123.15,41.11,4000 -123.15,41.13,4000 -123.14,41.16,4000 -123.12,41.18,4000 -123.10,41.20,4000 -123.08,41.22,4000 -123.05,41.25,4000 -123.02,41.28,4000 -122.99,41.31,4000 -122.96,41.34,4000 -122.93,41.36,4000 
          </coordinates>
        </LinearRing>
      </outerBoundaryIs>
      <innerBoundaryIs>
        <LinearRing>
          <coordinates>
-122.26,41.50,5000 -122.24,41.50,5000 -122.23,41.50,5000 -122.21,41.51,5000 -122.19,41.51,5000 -122.18,41.51,5000 -122.16,41.51,5000 -122.14,41.51,5000 -122.13,41.51,5000 -122.11,41.52,5000 -122.10,41.52,5000 -122.08,41.52,5000 -122.07,41.52,5000 -122.06,41.52,5000 -122.04,41.52,5000 -122.03,41.52,5000 -122.02,41.52,5000 -122.00,41.52,5000 -121.98,41.52,5000 -121.96,41.52,5000 -121.94,41.51,5000 -121.93,41.51,5000 -121.92,41.51,5000 -121.91,41.50,5000 -121.91,41.50,5000 -121.91,41.50,5000 -121.92,41.49,5000 -121.92,41.48,5000 -121.94,41.48,5000 -121.95,41.47,5000 -121.97,41.46,5000 -121.98,41.45,5000 -122.00,41.44,5000 -122.01,41.43,5000 -122.02,41.43,5000 -122.02,41.42,5000 -122.03,41.41,5000 -122.04,41.40,5000 -122.05,41.39,5000 -122.06,41.38,5000 -122.07,41.37,5000 -122.08,41.36,5000 -122.09,41.35,5000 -122.10,41.34,5000 -122.11,41.33,5000 -122.12,41.32,5000 -122.14,41.31,5000 -122.15,41.30,5000 -122.16,41.29,5000 -122.17,41.29,5000 -122.18,41.28,5000 -122.19,41.28,5000 -122.20,41.28,5000 -122.21,41.28,5000 -122.22,41.28,5000 -122.23,41.28,5000 -122.24,41.29,5000 -122.26,41.29,5000 -122.27,41.30,5000 -122.28,41.30,5000 -122.29,41.31,5000 -122.30,41.32,5000 -122.31,41.33,5000 -122.33,41.34,5000 -122.34,41.34,5000 -122.35,41.35,5000 -122.36,41.36,5000 -122.37,41.38,5000 -122.38,41.39,5000 -122.40,41.40,5000 -122.41,41.41,5000 -122.42,41.42,5000 -122.26,41.50,5000 
          </coordinates>
        </LinearRing>
      </innerBoundaryIs>
      <innerBoundaryIs>
        <LinearRing>
          <coordinates>
-122.91,41.29,5000 -122.89,41.29,5000 -122.86,41.29,5000 -122.84,41.29,5000 -122.82,41.29,5000 -122.80,41.29,5000 -122.77,41.29,5000 -122.75,41.29,5000 -122.73,41.29,5000 -122.70,41.29,5000 -122.68,41.29,5000 -122.66,41.29,5000 -122.63,41.29,5000 -122.61,41.29,5000 -122.59,41.28,5000 -122.56,41.28,5000 -122.54,41.28,5000 -122.51,41.28,5000 -122.49,41.28,5000 -122.47,41.27,5000 -122.45,41.27,5000 -122.43,41.27,5000 -122.40,41.27,5000 -122.37,41.27,5000 -122.34,41.26,5000 -122.32,41.26,5000 -122.31,41.26,5000 -122.30,41.26,5000 -122.30,41.26,5000 -122.32,41.26,5000 -122.34,41.26,5000 -122.36,41.25,5000 -122.39,41.25,5000 -122.42,41.24,5000 -122.43,41.23,5000 -122.45,41.23,5000 -122.47,41.22,5000 -122.49,41.21,5000 -122.51,41.20,5000 -122.53,41.19,5000 -122.55,41.17,5000 -122.57,41.16,5000 -122.59,41.15,5000 -122.60,41.14,5000 -122.62,41.13,5000 -122.63,41.12,5000 -122.65,41.10,5000 -122.66,41.09,5000 -122.66,41.08,5000 -122.67,41.06,5000 -122.67,41.05,5000 -122.68,41.03,5000 -122.69,41.02,5000 -122.70,41.01,5000 -122.72,40.99,5000 -122.73,40.98,5000 -122.74,40.97,5000 -122.76,40.96,5000 -122.78,40.95,5000 -122.80,40.94,5000 -122.82,40.93,5000 -122.84,40.93,5000 -122.86,40.93,5000 -122.89,40.93,5000 -122.91,40.93,5000 -122.94,40.93,5000 -122.97,40.93,5000 -122.99,40.93,5000 -123.01,40.94,5000 -123.03,40.94,5000 -123.05,40.94,5000 -123.08,40.94,5000 -123.09,40.95,5000 -123.09,40.96,5000 -123.09,40.97,5000 -123.09,40.99,5000 -123.09,41.00,5000 -123.08,41.02,5000 -123.08,41.04,5000 -123.08,41.06,5000 -123.07,41.07,5000 -123.07,41.09,5000 -123.07,41.11,5000 -123.06,41.12,5000 -123.06,41.14,5000 -122.91,41.29,5000 
          </coordinates>
        </LinearRing>
      </innerBoundaryIs>
  </Polygon>
 </MultiGeometry>
</Placemark>
<Placemark>
  <name>30%</name>
  <visibility>1</visibility>
  <styleUrl>#poly_30</styleUrl>
  <MultiGeometry>
    <Polygon>
      <outerBoundaryIs>
        <LinearRing>
          <coordinates>
-118.60,45.10,4000 -118.57,45.10,4000 -118.55,45.10,4000 -118.52,45.11,4000 -118.50,45.11,4000 -118.47,45.11,4000 -118.45,45.11,4000 -118.43,45.11,4000 -118.40,45.11,4000 -118.38,45.10,4000 -118.36,45.10,4000 -118.34,45.09,4000 -118.31,45.09,4000 -118.29,45.08,4000 -118.27,45.07,4000 -118.24,45.06,4000 -118.22,45.04,4000 -118.21,45.03,4000 -118.19,45.02,4000 -118.18,45.00,4000 -118.17,44.98,4000 -118.17,44.97,4000 -118.16,44.95,4000 -118.16,44.93,4000 -118.16,44.91,4000 -118.16,44.89,4000 -118.17,44.87,4000 -118.17,44.85,4000 -118.18,44.83,4000 -118.18,44.82,4000 -118.19,44.80,4000 -118.20,44.79,4000 -118.21,44.78,4000 -118.23,44.77,4000 -118.25,44.75,4000 -118.27,44.74,4000 -118.28,44.73,4000 -118.30,44.72,4000 -118.32,44.71,4000 -118.34,44.69,4000 -118.36,44.68,4000 -118.38,44.67,4000 -118.40,44.65,4000 -118.42,44.64,4000 -118.44,44.63,4000 -118.46,44.63,4000 -118.48,44.62,4000 -118.50,44.62,4000 -118.53,44.62,4000 -118.55,44.62,4000 -118.57,44.62,4000 -118.60,44.62,4000 -118.62,44.62,4000 -118.65,44.63,4000 -118.67,44.63,4000 -118.69,44.64,4000 -118.71,44.64,4000 -118.73,44.65,4000 -118.75,44.66,4000 -118.77,44.67,4000 -118.79,44.68,4000 -118.80,44.69,4000 -118.81,44.71,4000 -118.81,44.72,4000 -118.82,44.74,4000 -118.82,44.76,4000 -118.82,44.77,4000 -118.82,44.79,4000 -118.82,44.81,4000 -118.81,44.83,4000 -118.81,44.85,4000 -118.81,44.87,4000 -118.80,44.89,4000 -118.80,44.90,4000 -118.80,44.92,4000 -118.80,44.92,4000 -118.60,45.10,4000 
          </coordinates>
        </LinearRing>
      </outerBoundaryIs>
      <innerBoundaryIs>
        <LinearRing>
          <coordinates>
-118.58,45.02,5000 -118.56,45.02,5000 -118.54,45.02,5000 -118.52,45.02,5000 -118.50,45.02,5000 -118.49,45.02,5000 -118.47,45.02,5000 -118.45,45.02,5000 -118.43,45.02,5000 -118.42,45.02,5000 -118.40,45.02,5000 -118.39,45.02,5000 -118.38,45.02,5000 -118.36,45.02,5000 -118.35,45.02,5000 -118.34,45.02,5000 -118.32,45.02,5000 -118.30,45.01,5000 -118.29,45.01,5000 -118.29,45.00,5000 -118.28,44.99,5000 -118.28,44.98,5000 -118.28,44.97,5000 -118.28,44.96,5000 -118.28,44.95,5000 -118.28,44.94,5000 -118.28,44.92,5000 -118.28,44.91,5000 -118.28,44.90,5000 -118.28,44.88,5000 -118.28,44.87,5000 -118.29,44.86,5000 -118.29,44.85,5000 -118.29,44.84,5000 -118.29,44.83,5000 -118.28,44.82,5000 -118.30,44.81,5000 -118.31,44.81,5000 -118.32,44.80,5000 -118.33,44.79,5000 -118.34,44.79,5000 -118.35,44.78,5000 -118.37,44.77,5000 -118.38,44.76,5000 -118.40,44.76,5000 -118.41,44.75,5000 -118.43,44.74,5000 -118.44,44.73,5000 -118.46,44.73,5000 -118.47,44.72,5000 -118.48,44.72,5000 -118.50,44.71,5000 -118.51,44.71,5000 -118.53,44.71,5000 -118.54,44.71,5000 -118.56,44.71,5000 -118.58,44.71,5000 -118.60,44.72,5000 -118.61,44.72,5000 -118.63,44.73,5000 -118.64,44.73,5000 -118.65,44.74,5000 -118.66,44.75,5000 -118.67,44.76,5000 -118.67,44.77,5000 -118.68,44.78,5000 -118.68,44.78,5000 -118.68,44.79,5000 -118.68,44.80,5000 -118.69,44.82,5000 -118.69,44.83,5000 -118.69,44.84,5000 -118.68,44.85,5000 -118.68,44.86,5000 -118.68,44.87,5000 -118.68,44.89,5000 -118.68,44.90,5000 -118.67,44.91,5000 -118.67,44.93,5000 -118.67,44.94,5000 -118.58,45.02,5000 
          </coordinates>
        </LinearRing>
      </innerBoundaryIs>
  </Polygon>
 </MultiGeometry>
</Placemark>
<Placemark>
  <name>30%</name>
  <visibility>1</visibility>
  <styleUrl>#poly_30</styleUrl>
  <MultiGeometry>
    <Polygon>
      <outerBoundaryIs>
        <LinearRing>
          <coordinates>
-117.45,45.44,4000 -117.45,45.44,4000 -117.42,45.43,4000 -117.41,45.43,4000 -117.39,45.42,4000 -117.37,45.42,4000 -117.35,45.41,4000 -117.32,45.40,4000 -117.30,45.39,4000 -117.27,45.39,4000 -117.25,45.38,4000 -117.23,45.37,4000 -117.21,45.37,4000 -117.19,45.36,4000 -117.16,45.35,4000 -117.14,45.34,4000 -117.13,45.34,4000 -117.11,45.33,4000 -117.10,45.32,4000 -117.08,45.30,4000 -117.07,45.29,4000 -117.06,45.28,4000 -117.05,45.26,4000 -117.04,45.25,4000 -117.03,45.23,4000 -117.02,45.21,4000 -117.01,45.20,4000 -117.01,45.18,4000 -117.00,45.17,4000 -117.00,45.15,4000 -117.00,45.14,4000 -117.00,45.13,4000 -117.01,45.11,4000 -117.03,45.10,4000 -117.04,45.09,4000 -117.06,45.08,4000 -117.08,45.07,4000 -117.10,45.06,4000 -117.12,45.05,4000 -117.14,45.04,4000 -117.16,45.04,4000 -117.18,45.03,4000 -117.20,45.02,4000 -117.22,45.02,4000 -117.24,45.01,4000 -117.26,45.01,4000 -117.29,45.00,4000 -117.31,45.00,4000 -117.33,45.00,4000 -117.35,45.00,4000 -117.37,45.00,4000 -117.39,45.01,4000 -117.42,45.01,4000 -117.44,45.02,4000 -117.46,45.02,4000 -117.48,45.03,4000 -117.50,45.04,4000 -117.52,45.05,4000 -117.54,45.06,4000 -117.56,45.06,4000 -117.57,45.07,4000 -117.59,45.08,4000 -117.60,45.09,4000 -117.61,45.10,4000 -117.62,45.12,4000 -117.63,45.13,4000 -117.65,45.14,4000 -117.67,45.15,4000 -117.69,45.17,4000 -117.71,45.18,4000 -117.72,45.19,4000 -117.73,45.21,4000 -117.74,45.22,4000 -117.74,45.23,4000 -117.74,45.25,4000 -117.74,45.26,4000 -117.73,45.28,4000 -117.72,45.29,4000 -117.71,45.31,4000 -117.70,45.32,4000 -117.69,45.34,4000 -117.68,45.35,4000 -117.67,45.36,4000 -117.65,45.37,4000 -117.63,45.38,4000 -117.61,45.39,4000 -117.59,45.40,4000 -117.57,45.41,4000 -117.55,45.41,4000 -117.53,45.42,4000 -117.45,45.44,4000 
          </coordinates>
        </LinearRing>
      </outerBoundaryIs>
      <innerBoundaryIs>
        <LinearRing>
          <coordinates>
-117.44,45.38,5000 -117.42,45.38,5000 -117.40,45.37,5000 -117.38,45.37,5000 -117.36,45.36,5000 -117.35,45.36,5000 -117.33,45.35,5000 -117.31,45.35,5000 -117.29,45.35,5000 -117.28,45.34,5000 -117.26,45.33,5000 -117.25,45.33,5000 -117.23,45.32,5000 -117.22,45.32,5000 -117.20,45.31,5000 -117.19,45.30,5000 -117.18,45.30,5000 -117.17,45.29,5000 -117.16,45.28,5000 -117.15,45.27,5000 -117.14,45.26,5000 -117.14,45.25,5000 -117.13,45.23,5000 -117.13,45.22,5000 -117.12,45.21,5000 -117.12,45.19,5000 -117.12,45.18,5000 -117.12,45.17,5000 -117.11,45.16,5000 -117.11,45.15,5000 -117.11,45.14,5000 -117.11,45.13,5000 -117.11,45.12,5000 -117.10,45.11,5000 -117.13,45.11,5000 -117.14,45.11,5000 -117.15,45.10,5000 -117.17,45.10,5000 -117.18,45.09,5000 -117.20,45.09,5000 -117.22,45.08,5000 -117.24,45.08,5000 -117.26,45.07,5000 -117.28,45.07,5000 -117.30,45.06,5000 -117.31,45.06,5000 -117.33,45.05,5000 -117.35,45.05,5000 -117.36,45.05,5000 -117.38,45.05,5000 -117.40,45.05,5000 -117.41,45.05,5000 -117.42,45.05,5000 -117.44,45.06,5000 -117.45,45.07,5000 -117.47,45.08,5000 -117.48,45.09,5000 -117.49,45.09,5000 -117.50,45.10,5000 -117.51,45.11,5000 -117.52,45.12,5000 -117.53,45.12,5000 -117.54,45.13,5000 -117.55,45.14,5000 -117.56,45.15,5000 -117.57,45.16,5000 -117.58,45.17,5000 -117.59,45.19,5000 -117.61,45.20,5000 -117.62,45.21,5000 -117.63,45.22,5000 -117.64,45.23,5000 -117.44,45.38,5000 
          </coordinates>
        </LinearRing>
      </innerBoundaryIs>
  </Polygon>
 </MultiGeometry>
</Placemark>
<Placemark>
  <name>30%</name>
  <visibility>1</visibility>
  <styleUrl>#poly_30</styleUrl>
  <MultiGeometry>
    <Polygon>
      <outerBoundaryIs>
        <LinearRing>
          <coordinates>
-116.19,51.71,4000 -116.10,51.73,4000 -116.01,51.75,4000 -115.92,51.75,4000 -115.84,51.74,4000 -115.77,51.71,4000 -115.69,51.68,4000 -115.61,51.65,4000 -115.53,51.61,4000 -115.45,51.58,4000 -115.37,51.54,4000 -115.29,51.50,4000 -115.21,51.46,4000 -115.15,51.40,4000 -115.12,51.34,4000 -115.10,51.28,4000 -115.08,51.20,4000 -115.05,51.14,4000 -115.02,51.08,4000 -114.94,51.02,4000 -114.85,50.98,4000 -114.77,50.94,4000 -114.72,50.90,4000 -114.67,50.85,4000 -114.64,50.79,4000 -114.62,50.74,4000 -114.61,50.67,4000 -114.60,50.61,4000 -114.59,50.54,4000 -114.57,50.47,4000 -114.54,50.41,4000 -114.51,50.34,4000 -114.48,50.27,4000 -114.45,50.21,4000 -114.43,50.15,4000 -114.42,50.07,4000 -114.41,49.99,4000 -114.42,49.92,4000 -114.45,49.88,4000 -114.51,49.87,4000 -114.59,49.88,4000 -114.69,49.91,4000 -114.77,49.95,4000 -114.82,49.99,4000 -114.87,50.04,4000 -114.92,50.10,4000 -114.96,50.16,4000 -115.00,50.21,4000 -115.04,50.26,4000 -115.10,50.32,4000 -115.14,50.36,4000 -115.19,50.41,4000 -115.24,50.46,4000 -115.29,50.51,4000 -115.34,50.56,4000 -115.40,50.62,4000 -115.46,50.68,4000 -115.52,50.73,4000 -115.58,50.79,4000 -115.63,50.86,4000 -115.66,50.92,4000 -115.69,50.99,4000 -115.71,51.06,4000 -115.74,51.13,4000 -115.77,51.18,4000 -115.84,51.24,4000 -115.92,51.28,4000 -115.99,51.32,4000 -116.06,51.37,4000 -116.13,51.41,4000 -116.19,51.46,4000 -116.23,51.51,4000 -116.25,51.57,4000 -116.27,51.63,4000 -116.19,51.71,4000 
          </coordinates>
        </LinearRing>
      </outerBoundaryIs>
      <innerBoundaryIs>
        <LinearRing>
          <coordinates>
-115.48,50.94,5000 -115.45,50.96,5000 -115.41,50.99,5000 -115.38,51.01,5000 -115.35,51.02,5000 -115.31,51.04,5000 -115.28,51.05,5000 -115.24,51.05,5000 -115.21,51.05,5000 -115.17,51.04,5000 -115.13,51.02,5000 -115.09,51.01,5000 -115.05,50.99,5000 -115.01,50.97,5000 -114.98,50.96,5000 -114.96,50.95,5000 -114.93,50.94,5000 -114.92,50.93,5000 -114.90,50.92,5000 -114.88,50.90,5000 -114.86,50.88,5000 -114.83,50.85,5000 -114.81,50.83,5000 -114.79,50.80,5000 -114.77,50.78,5000 -114.76,50.75,5000 -114.75,50.73,5000 -114.75,50.70,5000 -114.75,50.67,5000 -114.75,50.65,5000 -114.75,50.62,5000 -114.75,50.59,5000 -114.76,50.56,5000 -114.76,50.53,5000 -114.77,50.51,5000 -114.78,50.48,5000 -114.78,50.45,5000 -114.78,50.42,5000 -114.78,50.38,5000 -114.78,50.35,5000 -114.78,50.32,5000 -114.79,50.30,5000 -114.80,50.29,5000 -114.82,50.30,5000 -114.84,50.31,5000 -114.86,50.33,5000 -114.88,50.36,5000 -114.91,50.39,5000 -114.94,50.41,5000 -114.96,50.43,5000 -115.00,50.45,5000 -115.04,50.45,5000 -115.08,50.46,5000 -115.11,50.47,5000 -115.13,50.49,5000 -115.15,50.50,5000 -115.16,50.52,5000 -115.18,50.55,5000 -115.20,50.57,5000 -115.22,50.59,5000 -115.24,50.61,5000 -115.26,50.63,5000 -115.29,50.66,5000 -115.31,50.68,5000 -115.33,50.70,5000 -115.35,50.72,5000 -115.37,50.75,5000 -115.40,50.77,5000 -115.42,50.80,5000 -115.44,50.82,5000 -115.45,50.84,5000 -115.47,50.87,5000 -115.48,50.88,5000 -115.48,50.94,5000 
          </coordinates>
        </LinearRing>
      </innerBoundaryIs>
      <innerBoundaryIs>
        <LinearRing>
          <coordinates>
-116.18,51.64,5000 -116.15,51.65,5000 -116.12,51.66,5000 -116.10,51.67,5000 -116.07,51.68,5000 -116.04,51.69,5000 -116.02,51.69,5000 -115.99,51.70,5000 -115.97,51.70,5000 -115.95,51.71,5000 -115.93,51.71,5000 -115.90,51.71,5000 -115.87,51.70,5000 -115.85,51.69,5000 -115.83,51.68,5000 -115.80,51.67,5000 -115.78,51.66,5000 -115.76,51.65,5000 -115.74,51.64,5000 -115.71,51.63,5000 -115.69,51.62,5000 -115.67,51.61,5000 -115.65,51.60,5000 -115.63,51.59,5000 -115.61,51.58,5000 -115.59,51.57,5000 -115.57,51.56,5000 -115.54,51.55,5000 -115.52,51.54,5000 -115.50,51.53,5000 -115.48,51.52,5000 -115.46,51.51,5000 -115.44,51.49,5000 -115.42,51.48,5000 -115.40,51.47,5000 -115.38,51.45,5000 -115.36,51.44,5000 -115.34,51.43,5000 -115.33,51.42,5000 -115.30,51.41,5000 -115.29,51.41,5000 -115.28,51.39,5000 -115.28,51.38,5000 -115.27,51.36,5000 -115.27,51.34,5000 -115.26,51.32,5000 -115.26,51.30,5000 -115.26,51.28,5000 -115.26,51.26,5000 -115.27,51.24,5000 -115.28,51.23,5000 -115.30,51.22,5000 -115.32,51.21,5000 -115.35,51.21,5000 -115.38,51.20,5000 -115.41,51.20,5000 -115.44,51.20,5000 -115.48,51.20,5000 -115.51,51.21,5000 -115.54,51.21,5000 -115.56,51.22,5000 -115.59,51.22,5000 -115.62,51.23,5000 -115.64,51.24,5000 -115.67,51.26,5000 -115.70,51.27,5000 -115.73,51.28,5000 -115.75,51.29,5000 -115.78,51.31,5000 -115.80,51.32,5000 -115.82,51.32,5000 -115.83,51.33,5000 -115.84,51.33,5000 -115.85,51.34,5000 -115.87,51.35,5000 -115.89,51.36,5000 -115.91,51.37,5000 -115.93,51.38,5000 -115.95,51.40,5000 -115.97,51.41,5000 -116.00,51.43,5000 -116.02,51.44,5000 -116.04,51.46,5000 -116.05,51.47,5000 -116.07,51.48,5000 -116.09,51.50,5000 -116.11,51.51,5000 -116.12,51.53,5000 -116.13,51.54,5000 -116.14,51.56,5000 -116.15,51.57,5000 -116.16,51.58,5000 -116.18,51.60,5000 -116.18,51.62,5000 -116.19,51.63,5000 -116.18,51.64,5000 
          </coordinates>
        </LinearRing>
      </innerBoundaryIs>
  </Polygon>
 </MultiGeometry>
</Placemark>
<Placemark>
  <name>30%</name>
  <visibility>1</visibility>
  <styleUrl>#poly_30</styleUrl>
  <MultiGeometry>
    <Polygon>
      <outerBoundaryIs>
        <LinearRing>
          <coordinates>
-114.51,46.64,4000 -114.48,46.64,4000 -114.45,46.64,4000 -114.41,46.64,4000 -114.38,46.62,4000 -114.36,46.60,4000 -114.34,46.58,4000 -114.31,46.56,4000 -114.29,46.54,4000 -114.27,46.51,4000 -114.25,46.48,4000 -114.24,46.46,4000 -114.24,46.44,4000 -114.24,46.41,4000 -114.25,46.39,4000 -114.26,46.36,4000 -114.27,46.34,4000 -114.28,46.31,4000 -114.28,46.29,4000 -114.28,46.27,4000 -114.28,46.24,4000 -114.28,46.22,4000 -114.27,46.19,4000 -114.27,46.17,4000 -114.27,46.14,4000 -114.27,46.12,4000 -114.28,46.09,4000 -114.28,46.06,4000 -114.29,46.04,4000 -114.30,46.01,4000 -114.31,45.98,4000 -114.32,45.96,4000 -114.33,45.94,4000 -114.34,45.91,4000 -114.36,45.91,4000 -114.38,45.91,4000 -114.43,45.93,4000 -114.45,45.94,4000 -114.48,45.96,4000 -114.50,45.98,4000 -114.53,46.00,4000 -114.56,46.02,4000 -114.59,46.04,4000 -114.61,46.06,4000 -114.63,46.07,4000 -114.64,46.08,4000 -114.65,46.09,4000 -114.67,46.11,4000 -114.70,46.14,4000 -114.72,46.16,4000 -114.74,46.19,4000 -114.77,46.22,4000 -114.79,46.24,4000 -114.81,46.26,4000 -114.84,46.29,4000 -114.86,46.31,4000 -114.89,46.33,4000 -114.91,46.35,4000 -114.92,46.38,4000 -114.92,46.40,4000 -114.91,46.42,4000 -114.89,46.45,4000 -114.87,46.47,4000 -114.84,46.50,4000 -114.81,46.52,4000 -114.78,46.55,4000 -114.76,46.57,4000 -114.74,46.58,4000 -114.71,46.59,4000 -114.51,46.64,4000 
          </coordinates>
        </LinearRing>
      </outerBoundaryIs>
      <innerBoundaryIs>
        <LinearRing>
          <coordinates>
-114.71,46.42,5000 -114.70,46.43,5000 -114.68,46.43,5000 -114.67,46.44,5000 -114.64,46.45,5000 -114.62,46.46,5000 -114.60,46.47,5000 -114.58,46.48,5000 -114.55,46.49,5000 -114.53,46.50,5000 -114.51,46.50,5000 -114.49,46.51,5000 -114.48,46.51,5000 -114.46,46.51,5000 -114.44,46.51,5000 -114.43,46.50,5000 -114.42,46.48,5000 -114.41,46.47,5000 -114.40,46.45,5000 -114.40,46.44,5000 -114.39,46.43,5000 -114.39,46.42,5000 -114.39,46.40,5000 -114.39,46.39,5000 -114.39,46.37,5000 -114.39,46.36,5000 -114.39,46.34,5000 -114.39,46.33,5000 -114.39,46.31,5000 -114.39,46.29,5000 -114.39,46.28,5000 -114.39,46.27,5000 -114.39,46.25,5000 -114.39,46.23,5000 -114.39,46.22,5000 -114.39,46.20,5000 -114.39,46.18,5000 -114.39,46.17,5000 -114.39,46.15,5000 -114.39,46.14,5000 -114.39,46.13,5000 -114.39,46.12,5000 -114.39,46.11,5000 -114.39,46.10,5000 -114.40,46.11,5000 -114.41,46.12,5000 -114.42,46.13,5000 -114.43,46.14,5000 -114.44,46.15,5000 -114.45,46.16,5000 -114.46,46.17,5000 -114.48,46.18,5000 -114.49,46.20,5000 -114.51,46.21,5000 -114.52,46.22,5000 -114.53,46.24,5000 -114.55,46.25,5000 -114.56,46.26,5000 -114.57,46.27,5000 -114.59,46.29,5000 -114.60,46.30,5000 -114.62,46.32,5000 -114.63,46.33,5000 -114.64,46.34,5000 -114.66,46.36,5000 -114.67,46.37,5000 -114.68,46.38,5000 -114.69,46.39,5000 -114.70,46.40,5000 -114.71,46.41,5000 -114.71,46.42,5000 -114.71,46.42,5000 
          </coordinates>
        </LinearRing>
      </innerBoundaryIs>
  </Polygon>
 </MultiGeometry>
</Placemark>
<Placemark>
  <name>30%</name>
  <visibility>1</visibility>
  <styleUrl>#poly_30</styleUrl>
  <MultiGeometry>
    <Polygon>
      <outerBoundaryIs>
        <LinearRing>
          <coordinates>
-121.58,40.72,4000 -121.38,40.73,4000 -121.21,40.71,4000 -121.07,40.66,4000 -120.98,40.59,4000 -120.95,40.47,4000 -120.95,40.35,4000 -121.02,40.20,4000 -121.00,40.10,4000 -120.93,40.01,4000 -120.76,39.98,4000 -120.54,39.94,4000 -120.41,39.88,4000 -120.28,39.79,4000 -120.13,39.64,4000 -120.05,39.53,4000 -119.96,39.38,4000 -119.87,39.22,4000 -119.77,39.06,4000 -119.68,38.91,4000 -119.60,38.79,4000 -119.48,38.65,4000 -119.35,38.54,4000 -119.24,38.45,4000 -119.15,38.35,4000 -119.08,38.24,4000 -119.04,38.13,4000 -118.95,37.98,4000 -118.86,37.87,4000 -118.74,37.73,4000 -118.61,37.57,4000 -118.48,37.42,4000 -118.37,37.28,4000 -118.28,37.17,4000 -118.19,37.02,4000 -118.17,36.93,4000 -118.15,36.84,4000 -118.11,36.67,4000 -118.10,36.51,4000 -118.14,36.38,4000 -118.21,36.27,4000 -118.30,36.19,4000 -118.41,36.15,4000 -118.53,36.15,4000 -118.66,36.21,4000 -118.74,36.29,4000 -118.81,36.39,4000 -118.89,36.50,4000 -118.96,36.62,4000 -119.02,36.74,4000 -119.11,36.87,4000 -119.21,36.97,4000 -119.33,37.09,4000 -119.45,37.19,4000 -119.54,37.27,4000 -119.68,37.38,4000 -119.74,37.48,4000 -119.86,37.67,4000 -119.94,37.78,4000 -120.04,37.91,4000 -120.16,38.05,4000 -120.27,38.20,4000 -120.38,38.35,4000 -120.46,38.48,4000 -120.54,38.66,4000 -120.58,38.83,4000 -120.62,38.99,4000 -120.66,39.13,4000 -120.74,39.28,4000 -120.83,39.40,4000 -120.91,39.50,4000 -121.00,39.63,4000 -121.08,39.73,4000 -121.20,39.80,4000 -121.32,39.86,4000 -121.43,39.92,4000 -121.52,40.00,4000 -121.61,40.14,4000 -121.68,40.28,4000 -121.72,40.38,4000 -121.73,40.47,4000 -121.71,40.56,4000 -121.67,40.65,4000 -121.58,40.72,4000 
          </coordinates>
        </LinearRing>
      </outerBoundaryIs>
      <innerBoundaryIs>
        <LinearRing>
          <coordinates>
-121.56,40.67,5000 -121.53,40.67,5000 -121.50,40.68,5000 -121.47,40.68,5000 -121.44,40.68,5000 -121.42,40.68,5000 -121.39,40.69,5000 -121.37,40.69,5000 -121.33,40.68,5000 -121.31,40.67,5000 -121.28,40.66,5000 -121.25,40.65,5000 -121.21,40.64,5000 -121.18,40.62,5000 -121.15,40.61,5000 -121.12,40.60,5000 -121.09,40.59,5000 -121.07,40.58,5000 -121.04,40.57,5000 -121.04,40.56,5000 -121.04,40.54,5000 -121.03,40.52,5000 -121.03,40.49,5000 -121.02,40.46,5000 -121.02,40.43,5000 -121.02,40.41,5000 -121.01,40.40,5000 -121.02,40.38,5000 -121.03,40.36,5000 -121.04,40.34,5000 -121.05,40.32,5000 -121.07,40.29,5000 -121.08,40.26,5000 -121.10,40.23,5000 -121.11,40.20,5000 -121.12,40.18,5000 -121.13,40.15,5000 -121.13,40.12,5000 -121.14,40.10,5000 -121.14,40.07,5000 -121.15,40.05,5000 -121.15,40.03,5000 -121.16,40.01,5000 -121.18,39.99,5000 -121.21,39.99,5000 -121.24,39.99,5000 -121.27,39.98,5000 -121.30,39.98,5000 -121.33,39.97,5000 -121.36,39.96,5000 -121.38,39.96,5000 -121.39,39.97,5000 -121.40,39.98,5000 -121.42,40.00,5000 -121.44,40.02,5000 -121.47,40.05,5000 -121.49,40.07,5000 -121.51,40.10,5000 -121.53,40.12,5000 -121.55,40.14,5000 -121.56,40.17,5000 -121.57,40.19,5000 -121.59,40.22,5000 -121.60,40.24,5000 -121.61,40.27,5000 -121.62,40.29,5000 -121.63,40.31,5000 -121.64,40.34,5000 -121.65,40.36,5000 -121.66,40.39,5000 -121.67,40.41,5000 -121.67,40.43,5000 -121.67,40.46,5000 -121.67,40.48,5000 -121.66,40.51,5000 -121.65,40.53,5000 -121.64,40.55,5000 -121.63,40.58,5000 -121.61,40.60,5000 -121.60,40.63,5000 -121.58,40.65,5000 -121.56,40.67,5000 
          </coordinates>
        </LinearRing>
      </innerBoundaryIs>
      <innerBoundaryIs>
        <LinearRing>
          <coordinates>
-120.90,39.92,5000 -120.77,39.93,5000 -120.65,39.92,5000 -120.56,39.87,5000 -120.46,39.80,5000 -120.37,39.75,5000 -120.27,39.68,5000 -120.17,39.61,5000 -120.09,39.53,5000 -120.01,39.43,5000 -119.95,39.33,5000 -119.91,39.21,5000 -119.89,39.08,5000 -119.82,38.94,5000 -119.74,38.85,5000 -119.63,38.76,5000 -119.51,38.66,5000 -119.39,38.56,5000 -119.30,38.47,5000 -119.22,38.36,5000 -119.17,38.25,5000 -119.12,38.14,5000 -119.07,38.05,5000 -119.01,37.97,5000 -118.95,37.91,5000 -118.86,37.81,5000 -118.78,37.72,5000 -118.69,37.60,5000 -118.60,37.48,5000 -118.51,37.36,5000 -118.43,37.25,5000 -118.36,37.14,5000 -118.30,37.05,5000 -118.25,36.96,5000 -118.21,36.87,5000 -118.17,36.73,5000 -118.15,36.58,5000 -118.16,36.46,5000 -118.22,36.36,5000 -118.31,36.28,5000 -118.41,36.23,5000 -118.53,36.20,5000 -118.67,36.28,5000 -118.74,36.37,5000 -118.82,36.49,5000 -118.90,36.64,5000 -118.98,36.77,5000 -119.05,36.88,5000 -119.16,37.01,5000 -119.26,37.10,5000 -119.35,37.18,5000 -119.48,37.28,5000 -119.59,37.37,5000 -119.69,37.46,5000 -119.77,37.56,5000 -119.83,37.67,5000 -119.88,37.79,5000 -119.95,37.87,5000 -120.06,38.00,5000 -120.12,38.09,5000 -120.19,38.19,5000 -120.27,38.31,5000 -120.35,38.44,5000 -120.41,38.56,5000 -120.47,38.66,5000 -120.52,38.79,5000 -120.55,38.92,5000 -120.57,39.03,5000 -120.60,39.13,5000 -120.66,39.24,5000 -120.72,39.34,5000 -120.78,39.44,5000 -120.85,39.55,5000 -120.92,39.67,5000 -120.99,39.79,5000 -120.90,39.92,5000 
          </coordinates>
        </LinearRing>
      </innerBoundaryIs>
  </Polygon>
 </MultiGeometry>
</Placemark>
<Placemark>
  <name>30%</name>
  <visibility>1</visibility>
  <styleUrl>#poly_30</styleUrl>
  <MultiGeometry>
    <Polygon>
      <outerBoundaryIs>
        <LinearRing>
          <coordinates>
-116.71,50.65,4000 -116.66,50.65,4000 -116.61,50.65,4000 -116.56,50.65,4000 -116.52,50.64,4000 -116.48,50.63,4000 -116.44,50.62,4000 -116.41,50.60,4000 -116.37,50.58,4000 -116.35,50.55,4000 -116.32,50.53,4000 -116.30,50.50,4000 -116.28,50.47,4000 -116.26,50.44,4000 -116.25,50.42,4000 -116.24,50.39,4000 -116.23,50.36,4000 -116.23,50.34,4000 -116.22,50.31,4000 -116.21,50.28,4000 -116.21,50.25,4000 -116.21,50.22,4000 -116.20,50.20,4000 -116.20,50.17,4000 -116.19,50.14,4000 -116.17,50.11,4000 -116.15,50.08,4000 -116.13,50.05,4000 -116.12,50.02,4000 -116.11,49.99,4000 -116.12,49.96,4000 -116.13,49.93,4000 -116.15,49.89,4000 -116.17,49.86,4000 -116.19,49.83,4000 -116.20,49.81,4000 -116.22,49.79,4000 -116.24,49.79,4000 -116.28,49.80,4000 -116.31,49.81,4000 -116.34,49.83,4000 -116.38,49.85,4000 -116.43,49.88,4000 -116.47,49.90,4000 -116.50,49.92,4000 -116.53,49.93,4000 -116.54,49.94,4000 -116.55,49.96,4000 -116.56,49.98,4000 -116.58,50.01,4000 -116.60,50.04,4000 -116.61,50.07,4000 -116.63,50.10,4000 -116.64,50.13,4000 -116.66,50.15,4000 -116.67,50.18,4000 -116.69,50.21,4000 -116.70,50.23,4000 -116.71,50.26,4000 -116.72,50.29,4000 -116.73,50.31,4000 -116.74,50.34,4000 -116.75,50.37,4000 -116.76,50.39,4000 -116.76,50.42,4000 -116.76,50.45,4000 -116.76,50.48,4000 -116.75,50.50,4000 -116.75,50.53,4000 -116.74,50.56,4000 -116.73,50.59,4000 -116.71,50.65,4000 
          </coordinates>
        </LinearRing>
      </outerBoundaryIs>
      <innerBoundaryIs>
        <LinearRing>
          <coordinates>
-116.66,50.44,5000 -116.64,50.44,5000 -116.61,50.45,5000 -116.59,50.45,5000 -116.57,50.46,5000 -116.55,50.46,5000 -116.52,50.46,5000 -116.50,50.47,5000 -116.49,50.47,5000 -116.47,50.47,5000 -116.45,50.48,5000 -116.44,50.48,5000 -116.42,50.48,5000 -116.41,50.48,5000 -116.38,50.48,5000 -116.38,50.48,5000 -116.38,50.46,5000 -116.38,50.45,5000 -116.37,50.44,5000 -116.37,50.43,5000 -116.36,50.42,5000 -116.36,50.41,5000 -116.36,50.40,5000 -116.35,50.38,5000 -116.35,50.37,5000 -116.34,50.35,5000 -116.34,50.34,5000 -116.34,50.33,5000 -116.33,50.31,5000 -116.33,50.30,5000 -116.33,50.29,5000 -116.32,50.27,5000 -116.32,50.26,5000 -116.31,50.24,5000 -116.31,50.22,5000 -116.31,50.20,5000 -116.30,50.19,5000 -116.30,50.17,5000 -116.30,50.16,5000 -116.30,50.15,5000 -116.30,50.14,5000 -116.31,50.13,5000 -116.32,50.13,5000 -116.33,50.13,5000 -116.34,50.13,5000 -116.35,50.14,5000 -116.37,50.14,5000 -116.39,50.15,5000 -116.40,50.16,5000 -116.42,50.16,5000 -116.44,50.17,5000 -116.46,50.18,5000 -116.48,50.19,5000 -116.50,50.20,5000 -116.52,50.21,5000 -116.54,50.22,5000 -116.56,50.23,5000 -116.57,50.24,5000 -116.59,50.25,5000 -116.60,50.26,5000 -116.61,50.26,5000 -116.61,50.27,5000 -116.61,50.28,5000 -116.61,50.29,5000 -116.62,50.30,5000 -116.62,50.31,5000 -116.62,50.32,5000 -116.63,50.33,5000 -116.63,50.34,5000 -116.64,50.36,5000 -116.64,50.37,5000 -116.65,50.38,5000 -116.65,50.40,5000 -116.66,50.41,5000 -116.66,50.43,5000 -116.66,50.44,5000 
          </coordinates>
        </LinearRing>
      </innerBoundaryIs>
  </Polygon>
 </MultiGeometry>
</Placemark>
<Placemark>
  <name>30%</name>
  <visibility>1</visibility>
  <styleUrl>#poly_30</styleUrl>
  <MultiGeometry>
    <Polygon>
      <outerBoundaryIs>
        <LinearRing>
          <coordinates>
-113.64,44.77,4000 -113.61,44.78,4000 -113.57,44.79,4000 -113.54,44.79,4000 -113.50,44.80,4000 -113.47,44.80,4000 -113.44,44.80,4000 -113.40,44.80,4000 -113.37,44.79,4000 -113.33,44.79,4000 -113.30,44.78,4000 -113.26,44.76,4000 -113.23,44.75,4000 -113.19,44.74,4000 -113.16,44.73,4000 -113.14,44.72,4000 -113.10,44.71,4000 -113.08,44.71,4000 -113.05,44.69,4000 -113.03,44.68,4000 -113.01,44.66,4000 -112.99,44.64,4000 -112.96,44.62,4000 -112.94,44.60,4000 -112.92,44.59,4000 -112.89,44.57,4000 -112.87,44.56,4000 -112.83,44.55,4000 -112.79,44.55,4000 -112.75,44.55,4000 -112.72,44.55,4000 -112.71,44.55,4000 -112.72,44.54,4000 -112.74,44.54,4000 -112.77,44.53,4000 -112.81,44.52,4000 -112.85,44.50,4000 -112.87,44.49,4000 -112.90,44.47,4000 -112.92,44.46,4000 -112.95,44.44,4000 -112.98,44.42,4000 -113.01,44.40,4000 -113.03,44.38,4000 -113.05,44.37,4000 -113.07,44.36,4000 -113.09,44.35,4000 -113.10,44.34,4000 -113.12,44.33,4000 -113.14,44.32,4000 -113.17,44.31,4000 -113.20,44.30,4000 -113.23,44.29,4000 -113.26,44.27,4000 -113.29,44.26,4000 -113.31,44.25,4000 -113.34,44.23,4000 -113.36,44.21,4000 -113.38,44.19,4000 -113.41,44.17,4000 -113.43,44.16,4000 -113.46,44.14,4000 -113.48,44.13,4000 -113.51,44.13,4000 -113.53,44.13,4000 -113.56,44.14,4000 -113.59,44.15,4000 -113.62,44.16,4000 -113.65,44.18,4000 -113.68,44.20,4000 -113.70,44.22,4000 -113.73,44.24,4000 -113.75,44.25,4000 -113.76,44.27,4000 -113.77,44.29,4000 -113.77,44.31,4000 -113.77,44.33,4000 -113.76,44.36,4000 -113.75,44.38,4000 -113.74,44.40,4000 -113.73,44.43,4000 -113.73,44.45,4000 -113.73,44.47,4000 -113.73,44.50,4000 -113.74,44.52,4000 -113.74,44.55,4000 -113.75,44.57,4000 -113.75,44.60,4000 -113.76,44.62,4000 -113.64,44.77,4000 
          </coordinates>
        </LinearRing>
      </outerBoundaryIs>
      <innerBoundaryIs>
        <LinearRing>
          <coordinates>
-113.61,44.65,5000 -113.59,44.65,5000 -113.57,44.65,5000 -113.55,44.65,5000 -113.54,44.65,5000 -113.52,44.65,5000 -113.50,44.65,5000 -113.49,44.65,5000 -113.47,44.65,5000 -113.45,44.65,5000 -113.44,44.65,5000 -113.42,44.65,5000 -113.41,44.65,5000 -113.39,44.65,5000 -113.37,44.64,5000 -113.36,44.63,5000 -113.35,44.63,5000 -113.33,44.62,5000 -113.32,44.61,5000 -113.30,44.60,5000 -113.28,44.59,5000 -113.27,44.58,5000 -113.25,44.57,5000 -113.24,44.56,5000 -113.22,44.55,5000 -113.21,44.54,5000 -113.20,44.53,5000 -113.19,44.52,5000 -113.18,44.51,5000 -113.18,44.50,5000 -113.18,44.49,5000 -113.18,44.48,5000 -113.19,44.47,5000 -113.20,44.46,5000 -113.21,44.45,5000 -113.22,44.44,5000 -113.24,44.43,5000 -113.26,44.42,5000 -113.27,44.41,5000 -113.29,44.40,5000 -113.30,44.39,5000 -113.32,44.38,5000 -113.33,44.37,5000 -113.35,44.36,5000 -113.37,44.36,5000 -113.38,44.35,5000 -113.40,44.34,5000 -113.42,44.33,5000 -113.44,44.33,5000 -113.46,44.32,5000 -113.47,44.31,5000 -113.49,44.31,5000 -113.51,44.30,5000 -113.52,44.30,5000 -113.53,44.29,5000 -113.54,44.29,5000 -113.55,44.29,5000 -113.55,44.30,5000 -113.56,44.31,5000 -113.56,44.32,5000 -113.57,44.33,5000 -113.58,44.34,5000 -113.58,44.35,5000 -113.59,44.36,5000 -113.60,44.38,5000 -113.60,44.39,5000 -113.61,44.41,5000 -113.62,44.42,5000 -113.62,44.43,5000 -113.63,44.45,5000 -113.63,44.46,5000 -113.63,44.47,5000 -113.63,44.49,5000 -113.64,44.50,5000 -113.64,44.51,5000 -113.64,44.53,5000 -113.64,44.54,5000 -113.64,44.55,5000 -113.64,44.56,5000 -113.64,44.58,5000 -113.63,44.59,5000 -113.63,44.60,5000 -113.63,44.62,5000 -113.63,44.63,5000 -113.61,44.65,5000 
          </coordinates>
        </LinearRing>
      </innerBoundaryIs>
  </Polygon>
 </MultiGeometry>
</Placemark>
<Placemark>
  <name>30%</name>
  <visibility>1</visibility>
  <styleUrl>#poly_30</styleUrl>
  <MultiGeometry>
    <Polygon>
      <outerBoundaryIs>
        <LinearRing>
          <coordinates>
-122.23,43.13,4000 -122.21,43.13,4000 -122.20,43.13,4000 -122.18,43.12,4000 -122.17,43.12,4000 -122.15,43.12,4000 -122.14,43.12,4000 -122.13,43.11,4000 -122.12,43.11,4000 -122.10,43.11,4000 -122.09,43.10,4000 -122.08,43.10,4000 -122.08,43.09,4000 -122.07,43.09,4000 -122.06,43.08,4000 -122.06,43.07,4000 -122.06,43.06,4000 -122.06,43.06,4000 -122.06,43.05,4000 -122.06,43.04,4000 -122.06,43.03,4000 -122.07,43.02,4000 -122.07,43.01,4000 -122.08,43.00,4000 -122.08,42.99,4000 -122.09,42.98,4000 -122.09,42.97,4000 -122.10,42.96,4000 -122.10,42.95,4000 -122.11,42.93,4000 -122.12,42.92,4000 -122.12,42.92,4000 -122.13,42.91,4000 -122.13,42.90,4000 -122.13,42.89,4000 -122.14,42.89,4000 -122.14,42.88,4000 -122.15,42.86,4000 -122.15,42.87,4000 -122.16,42.86,4000 -122.17,42.88,4000 -122.17,42.89,4000 -122.18,42.89,4000 -122.18,42.90,4000 -122.18,42.90,4000 -122.19,42.91,4000 -122.19,42.92,4000 -122.20,42.93,4000 -122.20,42.94,4000 -122.20,42.95,4000 -122.21,42.96,4000 -122.21,42.97,4000 -122.22,42.98,4000 -122.22,42.99,4000 -122.23,43.00,4000 -122.23,43.01,4000 -122.24,43.02,4000 -122.24,43.03,4000 -122.25,43.04,4000 -122.23,43.13,4000 
          </coordinates>
        </LinearRing>
      </outerBoundaryIs>
  </Polygon>
 </MultiGeometry>
</Placemark>
<Placemark>
  <name>30%</name>
  <visibility>1</visibility>
  <styleUrl>#poly_30</styleUrl>
  <MultiGeometry>
    <Polygon>
      <outerBoundaryIs>
        <LinearRing>
          <coordinates>
-121.81,44.26,4000 -121.79,44.25,4000 -121.77,44.24,4000 -121.75,44.23,4000 -121.73,44.22,4000 -121.71,44.20,4000 -121.70,44.18,4000 -121.69,44.16,4000 -121.68,44.15,4000 -121.67,44.13,4000 -121.67,44.11,4000 -121.66,44.09,4000 -121.66,44.07,4000 -121.65,44.05,4000 -121.65,44.03,4000 -121.65,44.01,4000 -121.65,43.99,4000 -121.66,43.97,4000 -121.67,43.95,4000 -121.68,43.93,4000 -121.69,43.92,4000 -121.71,43.90,4000 -121.73,43.89,4000 -121.75,43.87,4000 -121.77,43.86,4000 -121.79,43.85,4000 -121.81,43.83,4000 -121.83,43.82,4000 -121.85,43.81,4000 -121.87,43.79,4000 -121.88,43.77,4000 -121.89,43.75,4000 -121.90,43.74,4000 -121.91,43.73,4000 -121.93,43.73,4000 -121.95,43.74,4000 -121.97,43.75,4000 -121.99,43.77,4000 -122.00,43.79,4000 -122.00,43.80,4000 -122.01,43.82,4000 -122.01,43.84,4000 -122.01,43.87,4000 -122.01,43.89,4000 -122.00,43.91,4000 -122.00,43.93,4000 -122.00,43.95,4000 -122.00,43.96,4000 -122.00,43.98,4000 -122.00,43.98,4000 -121.99,44.00,4000 -121.98,44.01,4000 -121.98,44.02,4000 -121.97,44.04,4000 -121.96,44.06,4000 -121.95,44.07,4000 -121.94,44.09,4000 -121.92,44.11,4000 -121.91,44.13,4000 -121.90,44.15,4000 -121.81,44.26,4000 
          </coordinates>
        </LinearRing>
      </outerBoundaryIs>
  </Polygon>
 </MultiGeometry>
</Placemark>
<Placemark>
  <name>30%</name>
  <visibility>1</visibility>
  <styleUrl>#poly_30</styleUrl>
  <MultiGeometry>
    <Polygon>
      <outerBoundaryIs>
        <LinearRing>
          <coordinates>
-118.73,42.66,4000 -118.72,42.66,4000 -118.72,42.67,4000 -118.71,42.67,4000 -118.70,42.68,4000 -118.69,42.68,4000 -118.69,42.69,4000 -118.68,42.69,4000 -118.67,42.70,4000 -118.67,42.70,4000 -118.66,42.70,4000 -118.65,42.71,4000 -118.65,42.71,4000 -118.64,42.72,4000 -118.63,42.72,4000 -118.63,42.72,4000 -118.62,42.73,4000 -118.61,42.73,4000 -118.61,42.73,4000 -118.60,42.74,4000 -118.59,42.74,4000 -118.59,42.74,4000 -118.58,42.75,4000 -118.58,42.75,4000 -118.57,42.75,4000 -118.57,42.76,4000 -118.56,42.76,4000 -118.55,42.76,4000 -118.55,42.76,4000 -118.55,42.76,4000 -118.54,42.77,4000 -118.54,42.77,4000 -118.53,42.77,4000 -118.53,42.77,4000 -118.52,42.77,4000 -118.52,42.77,4000 -118.51,42.77,4000 -118.51,42.77,4000 -118.50,42.77,4000 -118.50,42.76,4000 -118.49,42.76,4000 -118.49,42.75,4000 -118.49,42.74,4000 -118.49,42.74,4000 -118.48,42.73,4000 -118.48,42.72,4000 -118.48,42.72,4000 -118.48,42.71,4000 -118.48,42.70,4000 -118.48,42.70,4000 -118.48,42.69,4000 -118.48,42.69,4000 -118.47,42.68,4000 -118.47,42.68,4000 -118.47,42.67,4000 -118.49,42.67,4000 -118.49,42.67,4000 -118.50,42.67,4000 -118.50,42.67,4000 -118.51,42.67,4000 -118.51,42.67,4000 -118.52,42.67,4000 -118.52,42.67,4000 -118.53,42.67,4000 -118.54,42.66,4000 -118.54,42.66,4000 -118.55,42.66,4000 -118.56,42.66,4000 -118.56,42.66,4000 -118.57,42.66,4000 -118.58,42.66,4000 -118.58,42.66,4000 -118.59,42.66,4000 -118.60,42.66,4000 -118.61,42.66,4000 -118.62,42.66,4000 -118.62,42.66,4000 -118.63,42.66,4000 -118.64,42.66,4000 -118.65,42.66,4000 -118.66,42.65,4000 -118.67,42.65,4000 -118.68,42.65,4000 -118.69,42.65,4000 -118.69,42.65,4000 -118.70,42.65,4000 -118.71,42.65,4000 -118.72,42.65,4000 -118.73,42.65,4000 -118.73,42.66,4000 
          </coordinates>
        </LinearRing>
      </outerBoundaryIs>
  </Polygon>
 </MultiGeometry>
</Placemark>
<Placemark>
  <name>30%</name>
  <visibility>1</visibility>
  <styleUrl>#poly_30</styleUrl>
  <MultiGeometry>
    <Polygon>
      <outerBoundaryIs>
        <LinearRing>
          <coordinates>
-110.68,47.47,4000 -110.63,47.45,4000 -110.59,47.42,4000 -110.55,47.40,4000 -110.50,47.38,4000 -110.47,47.36,4000 -110.43,47.33,4000 -110.40,47.31,4000 -110.36,47.28,4000 -110.34,47.25,4000 -110.32,47.23,4000 -110.30,47.19,4000 -110.28,47.15,4000 -110.27,47.12,4000 -110.26,47.09,4000 -110.24,47.05,4000 -110.23,47.01,4000 -110.22,46.97,4000 -110.21,46.93,4000 -110.21,46.89,4000 -110.21,46.85,4000 -110.21,46.82,4000 -110.22,46.78,4000 -110.24,46.75,4000 -110.27,46.71,4000 -110.31,46.69,4000 -110.35,46.66,4000 -110.39,46.63,4000 -110.43,46.61,4000 -110.47,46.58,4000 -110.52,46.56,4000 -110.57,46.54,4000 -110.62,46.52,4000 -110.66,46.50,4000 -110.71,46.48,4000 -110.75,46.46,4000 -110.81,46.44,4000 -110.85,46.42,4000 -110.90,46.41,4000 -110.94,46.40,4000 -110.99,46.39,4000 -111.04,46.39,4000 -111.09,46.39,4000 -111.14,46.39,4000 -111.19,46.40,4000 -111.24,46.42,4000 -111.28,46.44,4000 -111.32,46.46,4000 -111.36,46.48,4000 -111.40,46.51,4000 -111.44,46.53,4000 -111.48,46.56,4000 -111.52,46.59,4000 -111.56,46.62,4000 -111.60,46.64,4000 -111.64,46.67,4000 -111.68,46.70,4000 -111.72,46.73,4000 -111.76,46.76,4000 -111.79,46.79,4000 -111.81,46.81,4000 -111.84,46.85,4000 -111.85,46.89,4000 -111.85,46.92,4000 -111.83,46.96,4000 -111.81,46.99,4000 -111.78,47.02,4000 -111.74,47.05,4000 -111.70,47.08,4000 -111.66,47.11,4000 -111.62,47.14,4000 -111.58,47.16,4000 -111.54,47.18,4000 -111.49,47.19,4000 -111.45,47.21,4000 -111.40,47.22,4000 -111.34,47.24,4000 -111.30,47.25,4000 -111.26,47.27,4000 -111.21,47.29,4000 -111.16,47.30,4000 -111.11,47.32,4000 -111.06,47.34,4000 -111.01,47.35,4000 -110.96,47.37,4000 -110.91,47.39,4000 -110.68,47.47,4000 
          </coordinates>
        </LinearRing>
      </outerBoundaryIs>
      <innerBoundaryIs>
        <LinearRing>
          <coordinates>
-110.90,47.30,5000 -110.85,47.31,5000 -110.80,47.31,5000 -110.76,47.32,5000 -110.72,47.33,5000 -110.68,47.33,5000 -110.65,47.33,5000 -110.62,47.33,5000 -110.59,47.30,5000 -110.57,47.28,5000 -110.54,47.26,5000 -110.51,47.23,5000 -110.48,47.21,5000 -110.45,47.18,5000 -110.42,47.16,5000 -110.40,47.14,5000 -110.38,47.12,5000 -110.37,47.10,5000 -110.36,47.08,5000 -110.34,47.06,5000 -110.32,47.04,5000 -110.30,47.01,5000 -110.29,46.98,5000 -110.29,46.95,5000 -110.29,46.92,5000 -110.29,46.89,5000 -110.30,46.86,5000 -110.31,46.83,5000 -110.31,46.81,5000 -110.32,46.81,5000 -110.34,46.80,5000 -110.36,46.78,5000 -110.39,46.75,5000 -110.42,46.73,5000 -110.45,46.70,5000 -110.48,46.68,5000 -110.51,46.66,5000 -110.54,46.64,5000 -110.59,46.62,5000 -110.63,46.62,5000 -110.67,46.61,5000 -110.70,46.61,5000 -110.73,46.60,5000 -110.78,46.59,5000 -110.81,46.59,5000 -110.85,46.58,5000 -110.90,46.57,5000 -110.94,46.57,5000 -110.98,46.56,5000 -111.02,46.56,5000 -111.06,46.56,5000 -111.10,46.56,5000 -111.14,46.57,5000 -111.17,46.57,5000 -111.20,46.57,5000 -111.23,46.56,5000 -111.27,46.57,5000 -111.30,46.58,5000 -111.33,46.59,5000 -111.37,46.61,5000 -111.41,46.63,5000 -111.45,46.65,5000 -111.49,46.66,5000 -111.52,46.68,5000 -111.54,46.69,5000 -111.56,46.71,5000 -111.58,46.72,5000 -111.61,46.74,5000 -111.64,46.76,5000 -111.67,46.79,5000 -111.70,46.81,5000 -111.73,46.84,5000 -111.74,46.86,5000 -111.74,46.89,5000 -111.73,46.91,5000 -111.71,46.94,5000 -111.69,46.97,5000 -111.67,47.00,5000 -111.65,47.02,5000 -111.64,47.04,5000 -111.63,47.06,5000 -111.60,47.06,5000 -111.58,47.07,5000 -111.55,47.08,5000 -111.52,47.09,5000 -111.48,47.11,5000 -111.44,47.12,5000 -111.41,47.14,5000 -111.37,47.15,5000 -111.34,47.16,5000 -111.30,47.18,5000 -111.26,47.19,5000 -111.23,47.20,5000 -111.19,47.21,5000 -111.16,47.22,5000 -111.13,47.23,5000 -111.09,47.24,5000 -111.05,47.25,5000 -111.03,47.26,5000 -111.00,47.26,5000 -110.90,47.30,5000 
          </coordinates>
        </LinearRing>
      </innerBoundaryIs>
  </Polygon>
 </MultiGeometry>
</Placemark>
<Placemark>
  <name>30%</name>
  <visibility>1</visibility>
  <styleUrl>#poly_30</styleUrl>
  <MultiGeometry>
    <Polygon>
      <outerBoundaryIs>
        <LinearRing>
          <coordinates>
-115.66,40.57,4000 -115.64,40.59,4000 -115.62,40.60,4000 -115.60,40.62,4000 -115.59,40.63,4000 -115.57,40.64,4000 -115.55,40.66,4000 -115.53,40.67,4000 -115.51,40.68,4000 -115.49,40.68,4000 -115.48,40.69,4000 -115.46,40.69,4000 -115.44,40.69,4000 -115.42,40.69,4000 -115.39,40.68,4000 -115.37,40.67,4000 -115.35,40.66,4000 -115.33,40.64,4000 -115.32,40.63,4000 -115.30,40.62,4000 -115.29,40.60,4000 -115.28,40.59,4000 -115.28,40.57,4000 -115.28,40.55,4000 -115.28,40.53,4000 -115.28,40.51,4000 -115.28,40.49,4000 -115.29,40.47,4000 -115.29,40.45,4000 -115.30,40.44,4000 -115.30,40.42,4000 -115.31,40.40,4000 -115.31,40.39,4000 -115.32,40.37,4000 -115.33,40.35,4000 -115.34,40.34,4000 -115.35,40.33,4000 -115.37,40.31,4000 -115.38,40.30,4000 -115.40,40.29,4000 -115.42,40.27,4000 -115.44,40.26,4000 -115.46,40.25,4000 -115.48,40.24,4000 -115.51,40.23,4000 -115.52,40.22,4000 -115.54,40.21,4000 -115.57,40.19,4000 -115.58,40.18,4000 -115.59,40.18,4000 -115.61,40.18,4000 -115.63,40.20,4000 -115.64,40.21,4000 -115.65,40.22,4000 -115.66,40.24,4000 -115.68,40.26,4000 -115.69,40.28,4000 -115.70,40.29,4000 -115.72,40.31,4000 -115.73,40.33,4000 -115.74,40.35,4000 -115.74,40.37,4000 -115.74,40.39,4000 -115.74,40.41,4000 -115.74,40.42,4000 -115.73,40.44,4000 -115.73,40.46,4000 -115.72,40.48,4000 -115.71,40.50,4000 -115.70,40.51,4000 -115.69,40.53,4000 -115.68,40.55,4000 -115.66,40.57,4000 
          </coordinates>
        </LinearRing>
      </outerBoundaryIs>
      <innerBoundaryIs>
        <LinearRing>
          <coordinates>
-115.44,40.60,5000 -115.43,40.60,5000 -115.42,40.60,5000 -115.41,40.60,5000 -115.40,40.58,5000 -115.40,40.57,5000 -115.40,40.57,5000 -115.40,40.56,5000 -115.40,40.55,5000 -115.39,40.54,5000 -115.39,40.53,5000 -115.39,40.52,5000 -115.39,40.51,5000 -115.39,40.49,5000 -115.39,40.48,5000 -115.39,40.47,5000 -115.39,40.46,5000 -115.39,40.45,5000 -115.39,40.44,5000 -115.39,40.43,5000 -115.39,40.42,5000 -115.39,40.42,5000 -115.39,40.41,5000 -115.38,40.39,5000 -115.38,40.39,5000 -115.40,40.39,5000 -115.41,40.39,5000 -115.42,40.39,5000 -115.43,40.38,5000 -115.44,40.38,5000 -115.45,40.38,5000 -115.46,40.37,5000 -115.48,40.37,5000 -115.49,40.36,5000 -115.51,40.36,5000 -115.52,40.36,5000 -115.54,40.35,5000 -115.55,40.35,5000 -115.57,40.35,5000 -115.58,40.35,5000 -115.59,40.34,5000 -115.60,40.34,5000 -115.61,40.34,5000 -115.62,40.34,5000 -115.64,40.34,5000 -115.65,40.35,5000 -115.65,40.36,5000 -115.65,40.37,5000 -115.65,40.38,5000 -115.65,40.39,5000 -115.65,40.39,5000 -115.65,40.39,5000 -115.63,40.41,5000 -115.63,40.41,5000 -115.62,40.42,5000 -115.62,40.43,5000 -115.61,40.43,5000 -115.60,40.44,5000 -115.60,40.44,5000 -115.59,40.45,5000 -115.59,40.46,5000 -115.58,40.47,5000 -115.57,40.47,5000 -115.56,40.48,5000 -115.56,40.49,5000 -115.55,40.50,5000 -115.54,40.51,5000 -115.53,40.52,5000 -115.52,40.52,5000 -115.51,40.53,5000 -115.51,40.54,5000 -115.50,40.55,5000 -115.49,40.56,5000 -115.48,40.57,5000 -115.44,40.60,5000 
          </coordinates>
        </LinearRing>
      </innerBoundaryIs>
  </Polygon>
 </MultiGeometry>
</Placemark>
<Placemark>
  <name>30%</name>
  <visibility>1</visibility>
  <styleUrl>#poly_30</styleUrl>
  <MultiGeometry>
    <Polygon>
      <outerBoundaryIs>
        <LinearRing>
          <coordinates>
-117.48,39.25,4000 -117.46,39.24,4000 -117.43,39.24,4000 -117.41,39.23,4000 -117.39,39.23,4000 -117.36,39.22,4000 -117.34,39.22,4000 -117.32,39.21,4000 -117.30,39.20,4000 -117.28,39.20,4000 -117.27,39.19,4000 -117.25,39.19,4000 -117.24,39.18,4000 -117.22,39.17,4000 -117.21,39.15,4000 -117.20,39.14,4000 -117.20,39.12,4000 -117.20,39.11,4000 -117.20,39.09,4000 -117.20,39.08,4000 -117.21,39.06,4000 -117.21,39.05,4000 -117.21,39.03,4000 -117.21,39.02,4000 -117.22,39.00,4000 -117.22,38.98,4000 -117.22,38.97,4000 -117.23,38.95,4000 -117.24,38.93,4000 -117.25,38.92,4000 -117.26,38.90,4000 -117.27,38.88,4000 -117.28,38.87,4000 -117.29,38.85,4000 -117.31,38.83,4000 -117.32,38.82,4000 -117.34,38.80,4000 -117.35,38.79,4000 -117.37,38.78,4000 -117.38,38.78,4000 -117.40,38.78,4000 -117.41,38.78,4000 -117.43,38.79,4000 -117.45,38.80,4000 -117.47,38.82,4000 -117.49,38.83,4000 -117.51,38.84,4000 -117.52,38.86,4000 -117.54,38.88,4000 -117.55,38.89,4000 -117.56,38.90,4000 -117.57,38.92,4000 -117.58,38.94,4000 -117.58,38.95,4000 -117.59,38.97,4000 -117.59,38.99,4000 -117.59,39.00,4000 -117.60,39.02,4000 -117.60,39.04,4000 -117.60,39.06,4000 -117.48,39.25,4000 
          </coordinates>
        </LinearRing>
      </outerBoundaryIs>
  </Polygon>
 </MultiGeometry>
</Placemark>
<Placemark>
  <name>30%</name>
  <visibility>1</visibility>
  <styleUrl>#poly_30</styleUrl>
  <MultiGeometry>
    <Polygon>
      <outerBoundaryIs>
        <LinearRing>
          <coordinates>
-114.34,49.38,4000 -114.22,49.35,4000 -114.10,49.33,4000 -113.99,49.30,4000 -113.88,49.27,4000 -113.77,49.25,4000 -113.68,49.22,4000 -113.56,49.18,4000 -113.45,49.15,4000 -113.36,49.12,4000 -113.28,49.08,4000 -113.21,49.03,4000 -113.16,48.98,4000 -113.14,48.93,4000 -113.15,48.87,4000 -113.19,48.81,4000 -113.22,48.73,4000 -113.24,48.66,4000 -113.27,48.58,4000 -113.28,48.50,4000 -113.25,48.42,4000 -113.20,48.36,4000 -113.12,48.30,4000 -113.02,48.24,4000 -112.93,48.17,4000 -112.85,48.11,4000 -112.79,48.06,4000 -112.74,47.99,4000 -112.72,47.92,4000 -112.72,47.86,4000 -112.74,47.80,4000 -112.80,47.73,4000 -112.89,47.67,4000 -112.96,47.61,4000 -112.99,47.54,4000 -113.01,47.48,4000 -112.99,47.42,4000 -112.92,47.37,4000 -112.83,47.33,4000 -112.74,47.29,4000 -112.67,47.23,4000 -112.62,47.17,4000 -112.60,47.12,4000 -112.64,47.10,4000 -112.74,47.12,4000 -112.82,47.14,4000 -112.93,47.17,4000 -113.04,47.21,4000 -113.14,47.24,4000 -113.24,47.28,4000 -113.33,47.33,4000 -113.41,47.38,4000 -113.49,47.44,4000 -113.55,47.51,4000 -113.59,47.57,4000 -113.58,47.62,4000 -113.53,47.68,4000 -113.49,47.75,4000 -113.47,47.81,4000 -113.44,47.88,4000 -113.42,47.96,4000 -113.40,48.03,4000 -113.40,48.10,4000 -113.41,48.18,4000 -113.44,48.25,4000 -113.49,48.32,4000 -113.55,48.39,4000 -113.61,48.45,4000 -113.69,48.52,4000 -113.78,48.58,4000 -113.86,48.64,4000 -113.94,48.70,4000 -114.03,48.76,4000 -114.11,48.82,4000 -114.19,48.88,4000 -114.25,48.93,4000 -114.31,49.00,4000 -114.36,49.08,4000 -114.40,49.15,4000 -114.34,49.38,4000 
          </coordinates>
        </LinearRing>
      </outerBoundaryIs>
      <innerBoundaryIs>
        <LinearRing>
          <coordinates>
-113.06,48.14,5000 -113.05,48.14,5000 -113.04,48.13,5000 -113.01,48.11,5000 -113.00,48.10,5000 -112.98,48.09,5000 -112.97,48.07,5000 -112.95,48.06,5000 -112.93,48.04,5000 -112.91,48.02,5000 -112.89,48.00,5000 -112.88,47.98,5000 -112.87,47.97,5000 -112.86,47.95,5000 -112.86,47.93,5000 -112.86,47.91,5000 -112.86,47.89,5000 -112.87,47.87,5000 -112.88,47.85,5000 -112.89,47.83,5000 -112.90,47.81,5000 -112.91,47.79,5000 -112.92,47.78,5000 -112.93,47.76,5000 -112.94,47.75,5000 -112.95,47.74,5000 -112.98,47.72,5000 -113.00,47.71,5000 -113.02,47.70,5000 -113.04,47.68,5000 -113.07,47.66,5000 -113.09,47.65,5000 -113.12,47.63,5000 -113.14,47.62,5000 -113.17,47.61,5000 -113.19,47.60,5000 -113.21,47.60,5000 -113.23,47.60,5000 -113.25,47.62,5000 -113.27,47.63,5000 -113.28,47.65,5000 -113.29,47.67,5000 -113.31,47.70,5000 -113.31,47.72,5000 -113.32,47.74,5000 -113.32,47.76,5000 -113.32,47.78,5000 -113.32,47.80,5000 -113.32,47.82,5000 -113.31,47.84,5000 -113.30,47.86,5000 -113.30,47.88,5000 -113.29,47.90,5000 -113.29,47.91,5000 -113.29,47.94,5000 -113.29,47.95,5000 -113.28,47.97,5000 -113.27,47.98,5000 -113.26,48.00,5000 -113.25,48.01,5000 -113.23,48.02,5000 -113.21,48.04,5000 -113.20,48.06,5000 -113.18,48.07,5000 -113.16,48.09,5000 -113.06,48.14,5000 
          </coordinates>
        </LinearRing>
      </innerBoundaryIs>
      <innerBoundaryIs>
        <LinearRing>
          <coordinates>
-114.06,49.25,5000 -114.02,49.24,5000 -113.99,49.23,5000 -113.95,49.22,5000 -113.92,49.21,5000 -113.89,49.20,5000 -113.85,49.19,5000 -113.82,49.18,5000 -113.78,49.17,5000 -113.75,49.16,5000 -113.71,49.14,5000 -113.68,49.13,5000 -113.64,49.11,5000 -113.60,49.10,5000 -113.56,49.08,5000 -113.54,49.07,5000 -113.51,49.05,5000 -113.50,49.03,5000 -113.48,49.02,5000 -113.46,49.00,5000 -113.43,48.98,5000 -113.41,48.96,5000 -113.39,48.93,5000 -113.37,48.91,5000 -113.36,48.89,5000 -113.36,48.86,5000 -113.36,48.83,5000 -113.36,48.81,5000 -113.36,48.78,5000 -113.36,48.75,5000 -113.36,48.73,5000 -113.36,48.70,5000 -113.37,48.67,5000 -113.37,48.65,5000 -113.37,48.62,5000 -113.38,48.60,5000 -113.38,48.58,5000 -113.38,48.54,5000 -113.38,48.52,5000 -113.39,48.51,5000 -113.42,48.51,5000 -113.45,48.53,5000 -113.49,48.55,5000 -113.53,48.56,5000 -113.56,48.56,5000 -113.59,48.56,5000 -113.63,48.57,5000 -113.66,48.58,5000 -113.68,48.60,5000 -113.71,48.62,5000 -113.73,48.64,5000 -113.76,48.67,5000 -113.78,48.69,5000 -113.81,48.71,5000 -113.84,48.73,5000 -113.87,48.75,5000 -113.90,48.76,5000 -113.93,48.78,5000 -113.96,48.79,5000 -113.98,48.80,5000 -114.00,48.82,5000 -114.02,48.83,5000 -114.05,48.85,5000 -114.07,48.87,5000 -114.10,48.89,5000 -114.12,48.91,5000 -114.15,48.93,5000 -114.18,48.95,5000 -114.20,48.98,5000 -114.22,49.00,5000 -114.23,49.02,5000 -114.24,49.05,5000 -114.25,49.07,5000 -114.25,49.10,5000 -114.26,49.12,5000 -114.26,49.15,5000 -114.26,49.17,5000 -114.06,49.25,5000 
          </coordinates>
        </LinearRing>
      </innerBoundaryIs>
  </Polygon>
 </MultiGeometry>
</Placemark>
<Placemark>
  <name>30%</name>
  <visibility>1</visibility>
  <styleUrl>#poly_30</styleUrl>
  <MultiGeometry>
    <Polygon>
      <outerBoundaryIs>
        <LinearRing>
          <coordinates>
-122.12,43.61,4000 -122.10,43.62,4000 -122.08,43.60,4000 -122.08,43.59,4000 -122.07,43.58,4000 -122.06,43.57,4000 -122.06,43.55,4000 -122.05,43.53,4000 -122.05,43.52,4000 -122.04,43.50,4000 -122.03,43.48,4000 -122.03,43.46,4000 -122.02,43.45,4000 -122.02,43.43,4000 -122.02,43.41,4000 -122.01,43.40,4000 -122.01,43.38,4000 -122.01,43.36,4000 -122.00,43.35,4000 -122.00,43.33,4000 -122.00,43.32,4000 -121.99,43.30,4000 -121.99,43.29,4000 -121.99,43.27,4000 -121.99,43.26,4000 -121.99,43.24,4000 -121.99,43.22,4000 -121.99,43.20,4000 -121.99,43.19,4000 -121.99,43.17,4000 -122.00,43.17,4000 -122.01,43.17,4000 -122.03,43.18,4000 -122.05,43.18,4000 -122.06,43.19,4000 -122.08,43.21,4000 -122.10,43.22,4000 -122.11,43.24,4000 -122.11,43.25,4000 -122.12,43.27,4000 -122.12,43.28,4000 -122.12,43.30,4000 -122.12,43.31,4000 -122.12,43.33,4000 -122.12,43.35,4000 -122.12,43.37,4000 -122.12,43.39,4000 -122.12,43.40,4000 -122.12,43.42,4000 -122.12,43.44,4000 -122.12,43.45,4000 -122.12,43.47,4000 -122.12,43.48,4000 -122.12,43.50,4000 -122.12,43.51,4000 -122.12,43.53,4000 -122.12,43.54,4000 -122.12,43.56,4000 -122.12,43.57,4000 -122.12,43.59,4000 -122.12,43.61,4000 
          </coordinates>
        </LinearRing>
      </outerBoundaryIs>
  </Polygon>
 </MultiGeometry>
</Placemark>
<Placemark>
  <name>30%</name>
  <visibility>1</visibility>
  <styleUrl>#poly_30</styleUrl>
  <MultiGeometry>
    <Polygon>
      <outerBoundaryIs>
        <LinearRing>
          <coordinates>
-116.44,45.29,4000 -116.34,45.32,4000 -116.25,45.35,4000 -116.15,45.37,4000 -116.06,45.38,4000 -115.97,45.37,4000 -115.88,45.34,4000 -115.79,45.31,4000 -115.70,45.28,4000 -115.62,45.26,4000 -115.52,45.23,4000 -115.43,45.21,4000 -115.35,45.18,4000 -115.28,45.15,4000 -115.22,45.10,4000 -115.18,45.04,4000 -115.15,44.98,4000 -115.13,44.93,4000 -115.12,44.87,4000 -115.13,44.82,4000 -115.12,44.77,4000 -115.09,44.73,4000 -115.03,44.69,4000 -114.97,44.67,4000 -114.88,44.67,4000 -114.78,44.68,4000 -114.69,44.68,4000 -114.61,44.65,4000 -114.53,44.61,4000 -114.47,44.55,4000 -114.45,44.49,4000 -114.44,44.41,4000 -114.44,44.34,4000 -114.42,44.27,4000 -114.39,44.22,4000 -114.35,44.17,4000 -114.29,44.12,4000 -114.23,44.08,4000 -114.16,44.04,4000 -114.07,44.01,4000 -113.99,43.98,4000 -113.91,43.94,4000 -113.86,43.91,4000 -113.84,43.85,4000 -113.87,43.78,4000 -113.92,43.73,4000 -113.97,43.71,4000 -114.03,43.70,4000 -114.15,43.68,4000 -114.22,43.67,4000 -114.30,43.65,4000 -114.39,43.63,4000 -114.49,43.60,4000 -114.58,43.58,4000 -114.68,43.56,4000 -114.77,43.54,4000 -114.84,43.53,4000 -114.96,43.51,4000 -115.05,43.50,4000 -115.14,43.50,4000 -115.22,43.50,4000 -115.30,43.50,4000 -115.38,43.50,4000 -115.45,43.52,4000 -115.51,43.57,4000 -115.53,43.61,4000 -115.55,43.67,4000 -115.57,43.74,4000 -115.58,43.81,4000 -115.60,43.88,4000 -115.61,43.96,4000 -115.62,44.02,4000 -115.64,44.08,4000 -115.67,44.16,4000 -115.71,44.22,4000 -115.74,44.28,4000 -115.78,44.34,4000 -115.81,44.40,4000 -115.84,44.46,4000 -115.86,44.51,4000 -115.88,44.57,4000 -115.90,44.62,4000 -115.93,44.67,4000 -115.97,44.73,4000 -116.00,44.78,4000 -116.05,44.83,4000 -116.10,44.88,4000 -116.15,44.92,4000 -116.20,44.97,4000 -116.26,45.02,4000 -116.33,45.06,4000 -116.39,45.11,4000 -116.44,45.29,4000 
          </coordinates>
        </LinearRing>
      </outerBoundaryIs>
      <innerBoundaryIs>
        <LinearRing>
          <coordinates>
-116.19,45.30,5000 -116.11,45.31,5000 -116.03,45.31,5000 -115.95,45.30,5000 -115.88,45.29,5000 -115.82,45.26,5000 -115.77,45.22,5000 -115.72,45.17,5000 -115.66,45.13,5000 -115.60,45.10,5000 -115.54,45.07,5000 -115.48,45.04,5000 -115.42,45.01,5000 -115.37,44.97,5000 -115.33,44.92,5000 -115.30,44.87,5000 -115.28,44.81,5000 -115.26,44.75,5000 -115.23,44.71,5000 -115.18,44.66,5000 -115.13,44.63,5000 -115.06,44.60,5000 -114.99,44.59,5000 -114.91,44.58,5000 -114.82,44.58,5000 -114.74,44.57,5000 -114.68,44.55,5000 -114.63,44.51,5000 -114.60,44.46,5000 -114.58,44.41,5000 -114.56,44.36,5000 -114.54,44.31,5000 -114.52,44.27,5000 -114.49,44.22,5000 -114.45,44.18,5000 -114.40,44.13,5000 -114.34,44.08,5000 -114.29,44.04,5000 -114.23,44.00,5000 -114.17,43.96,5000 -114.13,43.92,5000 -114.11,43.86,5000 -114.17,43.80,5000 -114.22,43.77,5000 -114.29,43.75,5000 -114.37,43.72,5000 -114.46,43.69,5000 -114.54,43.66,5000 -114.62,43.64,5000 -114.70,43.62,5000 -114.78,43.60,5000 -114.85,43.59,5000 -114.93,43.58,5000 -115.00,43.57,5000 -115.09,43.56,5000 -115.18,43.56,5000 -115.26,43.56,5000 -115.33,43.57,5000 -115.38,43.59,5000 -115.41,43.63,5000 -115.43,43.68,5000 -115.44,43.72,5000 -115.45,43.78,5000 -115.46,43.84,5000 -115.48,43.92,5000 -115.50,43.97,5000 -115.52,44.03,5000 -115.54,44.10,5000 -115.57,44.16,5000 -115.59,44.23,5000 -115.62,44.30,5000 -115.65,44.36,5000 -115.67,44.42,5000 -115.70,44.49,5000 -115.72,44.54,5000 -115.75,44.60,5000 -115.77,44.65,5000 -115.81,44.70,5000 -115.85,44.75,5000 -115.89,44.79,5000 -115.94,44.84,5000 -116.00,44.88,5000 -116.05,44.92,5000 -116.11,44.97,5000 -116.18,45.01,5000 -116.24,45.05,5000 -116.19,45.30,5000 
          </coordinates>
        </LinearRing>
      </innerBoundaryIs>
  </Polygon>
 </MultiGeometry>
</Placemark>
<Placemark>
  <name>30%</name>
  <visibility>1</visibility>
  <styleUrl>#poly_30</styleUrl>
  <MultiGeometry>
    <Polygon>
      <outerBoundaryIs>
        <LinearRing>
          <coordinates>
-115.96,42.01,4000 -115.91,42.00,4000 -115.86,41.99,4000 -115.82,41.98,4000 -115.78,41.97,4000 -115.75,41.96,4000 -115.71,41.95,4000 -115.68,41.94,4000 -115.64,41.94,4000 -115.60,41.93,4000 -115.56,41.92,4000 -115.51,41.92,4000 -115.47,41.91,4000 -115.43,41.91,4000 -115.38,41.90,4000 -115.34,41.90,4000 -115.30,41.90,4000 -115.26,41.89,4000 -115.23,41.89,4000 -115.18,41.87,4000 -115.17,41.85,4000 -115.18,41.83,4000 -115.21,41.80,4000 -115.23,41.78,4000 -115.26,41.75,4000 -115.29,41.72,4000 -115.32,41.69,4000 -115.35,41.67,4000 -115.37,41.65,4000 -115.39,41.64,4000 -115.41,41.63,4000 -115.44,41.62,4000 -115.47,41.61,4000 -115.51,41.59,4000 -115.56,41.57,4000 -115.60,41.56,4000 -115.63,41.54,4000 -115.66,41.52,4000 -115.69,41.50,4000 -115.72,41.47,4000 -115.74,41.45,4000 -115.76,41.43,4000 -115.79,41.41,4000 -115.81,41.39,4000 -115.83,41.36,4000 -115.85,41.34,4000 -115.87,41.31,4000 -115.90,41.28,4000 -115.92,41.25,4000 -115.94,41.23,4000 -115.96,41.21,4000 -115.97,41.18,4000 -115.99,41.16,4000 -116.02,41.15,4000 -116.05,41.14,4000 -116.09,41.14,4000 -116.14,41.13,4000 -116.18,41.13,4000 -116.22,41.13,4000 -116.25,41.13,4000 -116.28,41.14,4000 -116.30,41.15,4000 -116.32,41.18,4000 -116.33,41.20,4000 -116.35,41.23,4000 -116.37,41.26,4000 -116.38,41.29,4000 -116.40,41.32,4000 -116.40,41.35,4000 -116.40,41.38,4000 -116.39,41.41,4000 -116.37,41.44,4000 -116.35,41.47,4000 -116.34,41.50,4000 -116.33,41.52,4000 -116.33,41.54,4000 -116.32,41.56,4000 -116.31,41.59,4000 -116.30,41.62,4000 -116.29,41.66,4000 -116.27,41.69,4000 -116.26,41.72,4000 -116.25,41.75,4000 -116.23,41.78,4000 -116.21,41.81,4000 -116.20,41.84,4000 -116.18,41.86,4000 -116.17,41.88,4000 -116.14,41.91,4000 -116.12,41.92,4000 -115.96,42.01,4000 
          </coordinates>
        </LinearRing>
      </outerBoundaryIs>
      <innerBoundaryIs>
        <LinearRing>
          <coordinates>
-116.15,41.78,5000 -116.13,41.80,5000 -116.11,41.83,5000 -116.08,41.85,5000 -116.06,41.87,5000 -116.04,41.89,5000 -116.01,41.90,5000 -115.99,41.91,5000 -115.97,41.92,5000 -115.94,41.93,5000 -115.91,41.93,5000 -115.88,41.92,5000 -115.85,41.91,5000 -115.82,41.90,5000 -115.78,41.88,5000 -115.75,41.87,5000 -115.72,41.86,5000 -115.69,41.85,5000 -115.66,41.85,5000 -115.63,41.84,5000 -115.59,41.84,5000 -115.56,41.84,5000 -115.53,41.84,5000 -115.50,41.84,5000 -115.47,41.84,5000 -115.45,41.84,5000 -115.41,41.84,5000 -115.38,41.84,5000 -115.37,41.83,5000 -115.37,41.82,5000 -115.39,41.81,5000 -115.41,41.79,5000 -115.44,41.77,5000 -115.46,41.76,5000 -115.48,41.74,5000 -115.50,41.73,5000 -115.52,41.71,5000 -115.54,41.69,5000 -115.57,41.67,5000 -115.59,41.66,5000 -115.62,41.64,5000 -115.64,41.62,5000 -115.66,41.60,5000 -115.69,41.58,5000 -115.72,41.56,5000 -115.74,41.54,5000 -115.77,41.52,5000 -115.79,41.51,5000 -115.81,41.49,5000 -115.83,41.47,5000 -115.85,41.46,5000 -115.88,41.44,5000 -115.88,41.43,5000 -115.90,41.41,5000 -115.91,41.39,5000 -115.93,41.37,5000 -115.94,41.35,5000 -115.96,41.32,5000 -115.97,41.30,5000 -115.99,41.27,5000 -116.02,41.26,5000 -116.04,41.25,5000 -116.06,41.25,5000 -116.09,41.26,5000 -116.13,41.27,5000 -116.16,41.28,5000 -116.20,41.30,5000 -116.23,41.31,5000 -116.26,41.33,5000 -116.28,41.34,5000 -116.30,41.35,5000 -116.30,41.36,5000 -116.30,41.37,5000 -116.29,41.38,5000 -116.29,41.40,5000 -116.28,41.43,5000 -116.27,41.45,5000 -116.26,41.48,5000 -116.25,41.50,5000 -116.24,41.53,5000 -116.23,41.55,5000 -116.22,41.57,5000 -116.22,41.60,5000 -116.21,41.62,5000 -116.20,41.64,5000 -116.20,41.66,5000 -116.19,41.69,5000 -116.19,41.71,5000 -116.18,41.73,5000 -116.15,41.78,5000 
          </coordinates>
        </LinearRing>
      </innerBoundaryIs>
  </Polygon>
 </MultiGeometry>
</Placemark>
<Placemark>
  <name>30%</name>
  <visibility>1</visibility>
  <styleUrl>#poly_30</styleUrl>
  <MultiGeometry>
    <Polygon>
      <outerBoundaryIs>
        <LinearRing>
          <coordinates>
-112.50,46.56,4000 -112.48,46.56,4000 -112.45,46.57,4000 -112.43,46.57,4000 -112.41,46.58,4000 -112.38,46.58,4000 -112.36,46.58,4000 -112.34,46.58,4000 -112.32,46.58,4000 -112.30,46.58,4000 -112.28,46.58,4000 -112.26,46.58,4000 -112.24,46.58,4000 -112.22,46.57,4000 -112.20,46.56,4000 -112.19,46.55,4000 -112.17,46.54,4000 -112.16,46.53,4000 -112.14,46.52,4000 -112.13,46.50,4000 -112.11,46.49,4000 -112.10,46.48,4000 -112.08,46.47,4000 -112.07,46.45,4000 -112.06,46.44,4000 -112.04,46.42,4000 -112.03,46.41,4000 -112.02,46.40,4000 -112.01,46.38,4000 -112.00,46.37,4000 -111.99,46.36,4000 -111.98,46.35,4000 -111.97,46.34,4000 -111.96,46.33,4000 -111.97,46.33,4000 -111.98,46.32,4000 -111.99,46.32,4000 -112.00,46.31,4000 -112.02,46.30,4000 -112.03,46.29,4000 -112.05,46.27,4000 -112.07,46.26,4000 -112.08,46.25,4000 -112.10,46.24,4000 -112.12,46.23,4000 -112.14,46.21,4000 -112.16,46.20,4000 -112.17,46.20,4000 -112.19,46.19,4000 -112.21,46.18,4000 -112.23,46.18,4000 -112.26,46.17,4000 -112.28,46.17,4000 -112.30,46.17,4000 -112.33,46.16,4000 -112.35,46.16,4000 -112.37,46.16,4000 -112.39,46.16,4000 -112.41,46.17,4000 -112.43,46.17,4000 -112.45,46.17,4000 -112.47,46.18,4000 -112.48,46.19,4000 -112.50,46.20,4000 -112.52,46.21,4000 -112.53,46.22,4000 -112.55,46.23,4000 -112.56,46.24,4000 -112.57,46.25,4000 -112.58,46.27,4000 -112.59,46.28,4000 -112.60,46.29,4000 -112.60,46.30,4000 -112.60,46.32,4000 -112.60,46.33,4000 -112.61,46.35,4000 -112.61,46.36,4000 -112.60,46.37,4000 -112.60,46.39,4000 -112.60,46.40,4000 -112.60,46.42,4000 -112.59,46.43,4000 -112.59,46.45,4000 -112.50,46.56,4000 
          </coordinates>
        </LinearRing>
      </outerBoundaryIs>
  </Polygon>
 </MultiGeometry>
</Placemark>
<Placemark>
  <name>30%</name>
  <visibility>1</visibility>
  <styleUrl>#poly_30</styleUrl>
  <MultiGeometry>
    <Polygon>
      <outerBoundaryIs>
        <LinearRing>
          <coordinates>
-113.23,46.44,4000 -113.16,46.44,4000 -113.09,46.44,4000 -113.03,46.43,4000 -112.98,46.43,4000 -112.92,46.42,4000 -112.90,46.39,4000 -112.88,46.34,4000 -112.87,46.29,4000 -112.86,46.25,4000 -112.88,46.20,4000 -112.92,46.16,4000 -112.94,46.12,4000 -112.95,46.07,4000 -112.95,46.03,4000 -112.95,45.99,4000 -112.94,45.94,4000 -112.93,45.90,4000 -112.91,45.86,4000 -112.89,45.82,4000 -112.87,45.78,4000 -112.85,45.74,4000 -112.84,45.70,4000 -112.84,45.66,4000 -112.84,45.61,4000 -112.85,45.57,4000 -112.87,45.52,4000 -112.89,45.47,4000 -112.92,45.43,4000 -112.94,45.39,4000 -112.97,45.35,4000 -113.01,45.32,4000 -113.06,45.29,4000 -113.11,45.25,4000 -113.17,45.22,4000 -113.21,45.19,4000 -113.22,45.17,4000 -113.27,45.16,4000 -113.34,45.14,4000 -113.41,45.13,4000 -113.46,45.12,4000 -113.49,45.16,4000 -113.50,45.20,4000 -113.52,45.25,4000 -113.53,45.29,4000 -113.54,45.33,4000 -113.51,45.37,4000 -113.49,45.41,4000 -113.47,45.46,4000 -113.45,45.51,4000 -113.44,45.55,4000 -113.44,45.60,4000 -113.44,45.64,4000 -113.45,45.68,4000 -113.48,45.71,4000 -113.53,45.73,4000 -113.58,45.75,4000 -113.62,45.77,4000 -113.67,45.80,4000 -113.71,45.83,4000 -113.74,45.86,4000 -113.77,45.90,4000 -113.80,45.95,4000 -113.81,45.99,4000 -113.81,46.03,4000 -113.80,46.08,4000 -113.78,46.13,4000 -113.76,46.17,4000 -113.74,46.22,4000 -113.73,46.26,4000 -113.69,46.29,4000 -113.64,46.31,4000 -113.57,46.34,4000 -113.51,46.36,4000 -113.46,46.37,4000 -113.45,46.37,4000 -113.23,46.44,4000 
          </coordinates>
        </LinearRing>
      </outerBoundaryIs>
      <innerBoundaryIs>
        <LinearRing>
          <coordinates>
-113.43,46.24,5000 -113.38,46.27,5000 -113.33,46.30,5000 -113.29,46.32,5000 -113.24,46.33,5000 -113.20,46.34,5000 -113.15,46.33,5000 -113.10,46.31,5000 -113.07,46.28,5000 -113.04,46.24,5000 -113.03,46.21,5000 -113.03,46.17,5000 -113.04,46.13,5000 -113.05,46.10,5000 -113.06,46.06,5000 -113.07,46.03,5000 -113.08,45.99,5000 -113.09,45.96,5000 -113.11,45.93,5000 -113.12,45.91,5000 -113.16,45.89,5000 -113.19,45.88,5000 -113.16,45.86,5000 -113.11,45.83,5000 -113.09,45.81,5000 -113.07,45.78,5000 -113.06,45.75,5000 -113.04,45.72,5000 -113.02,45.69,5000 -113.00,45.66,5000 -112.98,45.63,5000 -112.97,45.59,5000 -112.96,45.56,5000 -112.96,45.53,5000 -112.98,45.49,5000 -112.99,45.46,5000 -113.01,45.43,5000 -113.03,45.41,5000 -113.06,45.39,5000 -113.10,45.38,5000 -113.14,45.37,5000 -113.18,45.35,5000 -113.22,45.33,5000 -113.25,45.32,5000 -113.29,45.32,5000 -113.31,45.35,5000 -113.32,45.38,5000 -113.32,45.41,5000 -113.33,45.45,5000 -113.33,45.49,5000 -113.33,45.52,5000 -113.33,45.56,5000 -113.33,45.58,5000 -113.31,45.61,5000 -113.28,45.63,5000 -113.24,45.66,5000 -113.20,45.69,5000 -113.19,45.71,5000 -113.21,45.73,5000 -113.25,45.75,5000 -113.30,45.77,5000 -113.34,45.79,5000 -113.39,45.81,5000 -113.43,45.83,5000 -113.48,45.85,5000 -113.53,45.86,5000 -113.57,45.87,5000 -113.61,45.89,5000 -113.64,45.91,5000 -113.67,45.94,5000 -113.69,45.97,5000 -113.70,46.00,5000 -113.70,46.03,5000 -113.69,46.06,5000 -113.67,46.08,5000 -113.65,46.11,5000 -113.62,46.14,5000 -113.58,46.17,5000 -113.54,46.19,5000 -113.43,46.24,5000 
          </coordinates>
        </LinearRing>
      </innerBoundaryIs>
  </Polygon>
 </MultiGeometry>
</Placemark>
<Placemark>
  <name>30%</name>
  <visibility>1</visibility>
  <styleUrl>#poly_30</styleUrl>
  <MultiGeometry>
    <Polygon>
      <outerBoundaryIs>
        <LinearRing>
          <coordinates>
-112.10,45.68,4000 -111.94,45.64,4000 -111.78,45.60,4000 -111.64,45.57,4000 -111.51,45.55,4000 -111.39,45.54,4000 -111.24,45.56,4000 -111.14,45.61,4000 -111.05,45.66,4000 -110.96,45.76,4000 -110.89,45.81,4000 -110.80,45.72,4000 -110.70,45.60,4000 -110.57,45.56,4000 -110.42,45.55,4000 -110.30,45.54,4000 -110.17,45.54,4000 -110.06,45.53,4000 -109.95,45.49,4000 -109.85,45.44,4000 -109.72,45.38,4000 -109.59,45.29,4000 -109.50,45.22,4000 -109.42,45.14,4000 -109.38,45.04,4000 -109.41,44.94,4000 -109.47,44.83,4000 -109.54,44.73,4000 -109.60,44.64,4000 -109.66,44.55,4000 -109.68,44.48,4000 -109.67,44.40,4000 -109.64,44.31,4000 -109.59,44.22,4000 -109.52,44.11,4000 -109.51,44.00,4000 -109.56,43.91,4000 -109.65,43.81,4000 -109.75,43.71,4000 -109.81,43.63,4000 -109.83,43.53,4000 -109.79,43.46,4000 -109.69,43.40,4000 -109.58,43.34,4000 -109.50,43.29,4000 -109.42,43.22,4000 -109.36,43.14,4000 -109.29,43.05,4000 -109.24,42.98,4000 -109.22,42.90,4000 -109.30,42.84,4000 -109.41,42.80,4000 -109.52,42.81,4000 -109.64,42.87,4000 -109.72,42.93,4000 -109.81,43.02,4000 -109.90,43.11,4000 -109.98,43.17,4000 -110.11,43.22,4000 -110.22,43.21,4000 -110.32,43.17,4000 -110.40,43.08,4000 -110.43,42.99,4000 -110.46,42.87,4000 -110.49,42.75,4000 -110.53,42.65,4000 -110.60,42.56,4000 -110.69,42.51,4000 -110.80,42.48,4000 -110.95,42.48,4000 -111.11,42.52,4000 -111.22,42.58,4000 -111.22,42.65,4000 -111.17,42.74,4000 -111.12,42.84,4000 -111.10,42.95,4000 -111.13,43.04,4000 -111.18,43.14,4000 -111.25,43.24,4000 -111.30,43.34,4000 -111.34,43.42,4000 -111.35,43.56,4000 -111.31,43.66,4000 -111.26,43.74,4000 -111.22,43.82,4000 -111.21,43.92,4000 -111.22,44.04,4000 -111.24,44.14,4000 -111.29,44.24,4000 -111.39,44.31,4000 -111.49,44.35,4000 -111.62,44.39,4000 -111.75,44.43,4000 -111.88,44.46,4000 -112.04,44.48,4000 -112.21,44.49,4000 -112.34,44.50,4000 -112.48,44.52,4000 -112.56,44.55,4000 -112.60,44.61,4000 -112.60,44.69,4000 -112.59,44.77,4000 -112.56,44.87,4000 -112.53,44.95,4000 -112.45,45.03,4000 -112.37,45.10,4000 -112.31,45.18,4000 -112.26,45.27,4000 -112.23,45.38,4000 -112.22,45.49,4000 -112.10,45.68,4000 
          </coordinates>
        </LinearRing>
      </outerBoundaryIs>
      <innerBoundaryIs>
        <LinearRing>
          <coordinates>
-109.77,43.32,5000 -109.75,43.31,5000 -109.73,43.30,5000 -109.71,43.29,5000 -109.69,43.29,5000 -109.67,43.28,5000 -109.65,43.27,5000 -109.63,43.26,5000 -109.62,43.26,5000 -109.60,43.25,5000 -109.58,43.24,5000 -109.56,43.24,5000 -109.54,43.24,5000 -109.53,43.23,5000 -109.51,43.22,5000 -109.50,43.21,5000 -109.49,43.20,5000 -109.47,43.19,5000 -109.46,43.18,5000 -109.44,43.16,5000 -109.43,43.15,5000 -109.42,43.13,5000 -109.41,43.12,5000 -109.40,43.10,5000 -109.39,43.09,5000 -109.39,43.07,5000 -109.38,43.05,5000 -109.38,43.03,5000 -109.37,43.02,5000 -109.37,43.00,5000 -109.37,42.98,5000 -109.37,42.96,5000 -109.37,42.95,5000 -109.37,42.93,5000 -109.37,42.92,5000 -109.38,42.90,5000 -109.39,42.89,5000 -109.41,42.88,5000 -109.43,42.87,5000 -109.44,42.86,5000 -109.46,42.86,5000 -109.48,42.86,5000 -109.49,42.87,5000 -109.51,42.88,5000 -109.53,42.90,5000 -109.55,42.91,5000 -109.57,42.92,5000 -109.58,42.93,5000 -109.60,42.94,5000 -109.63,42.95,5000 -109.65,42.96,5000 -109.67,42.97,5000 -109.69,42.98,5000 -109.71,42.99,5000 -109.72,43.00,5000 -109.74,43.01,5000 -109.75,43.02,5000 -109.77,43.03,5000 -109.78,43.04,5000 -109.79,43.06,5000 -109.80,43.07,5000 -109.80,43.08,5000 -109.81,43.10,5000 -109.82,43.11,5000 -109.83,43.13,5000 -109.84,43.14,5000 -109.85,43.16,5000 -109.85,43.18,5000 -109.86,43.19,5000 -109.87,43.21,5000 -109.88,43.23,5000 -109.77,43.32,5000 
          </coordinates>
        </LinearRing>
      </innerBoundaryIs>
      <innerBoundaryIs>
        <LinearRing>
          <coordinates>
-112.08,45.58,5000 -111.93,45.54,5000 -111.78,45.50,5000 -111.64,45.47,5000 -111.51,45.46,5000 -111.35,45.48,5000 -111.21,45.52,5000 -111.09,45.56,5000 -110.96,45.58,5000 -110.85,45.58,5000 -110.75,45.55,5000 -110.64,45.50,5000 -110.53,45.47,5000 -110.37,45.48,5000 -110.22,45.50,5000 -110.14,45.50,5000 -110.03,45.47,5000 -109.92,45.42,5000 -109.78,45.35,5000 -109.65,45.27,5000 -109.55,45.21,5000 -109.48,45.14,5000 -109.47,45.08,5000 -109.48,45.00,5000 -109.52,44.90,5000 -109.57,44.82,5000 -109.63,44.73,5000 -109.70,44.64,5000 -109.74,44.56,5000 -109.77,44.45,5000 -109.76,44.37,5000 -109.71,44.29,5000 -109.66,44.19,5000 -109.64,44.10,5000 -109.63,44.00,5000 -109.66,43.90,5000 -109.71,43.83,5000 -109.78,43.75,5000 -109.87,43.67,5000 -109.98,43.57,5000 -110.06,43.50,5000 -110.15,43.42,5000 -110.25,43.33,5000 -110.35,43.24,5000 -110.44,43.15,5000 -110.52,43.07,5000 -110.58,43.00,5000 -110.63,42.88,5000 -110.61,42.80,5000 -110.61,42.74,5000 -110.67,42.67,5000 -110.74,42.63,5000 -110.88,42.61,5000 -110.93,42.68,5000 -110.96,42.79,5000 -110.96,42.88,5000 -110.96,42.98,5000 -110.98,43.07,5000 -111.04,43.15,5000 -111.12,43.22,5000 -111.19,43.30,5000 -111.23,43.39,5000 -111.25,43.48,5000 -111.25,43.59,5000 -111.23,43.67,5000 -111.19,43.76,5000 -111.15,43.86,5000 -111.12,43.95,5000 -111.12,44.04,5000 -111.16,44.14,5000 -111.23,44.24,5000 -111.31,44.33,5000 -111.38,44.40,5000 -111.49,44.47,5000 -111.61,44.50,5000 -111.72,44.52,5000 -111.84,44.54,5000 -111.95,44.55,5000 -112.08,44.56,5000 -112.19,44.58,5000 -112.32,44.63,5000 -112.41,44.70,5000 -112.43,44.77,5000 -112.42,44.86,5000 -112.38,44.96,5000 -112.32,45.04,5000 -112.23,45.11,5000 -112.13,45.20,5000 -112.02,45.28,5000 -112.08,45.58,5000 
          </coordinates>
        </LinearRing>
      </innerBoundaryIs>
  </Polygon>
 </MultiGeometry>
</Placemark>
<Placemark>
  <name>40%</name>
  <visibility>1</visibility>
  <styleUrl>#poly_40</styleUrl>
  <MultiGeometry>
    <Polygon>
      <outerBoundaryIs>
        <LinearRing>
          <coordinates>
-113.43,46.24,5000 -113.38,46.27,5000 -113.33,46.30,5000 -113.29,46.32,5000 -113.24,46.33,5000 -113.20,46.34,5000 -113.15,46.33,5000 -113.10,46.31,5000 -113.07,46.28,5000 -113.04,46.24,5000 -113.03,46.21,5000 -113.03,46.17,5000 -113.04,46.13,5000 -113.05,46.10,5000 -113.06,46.06,5000 -113.07,46.03,5000 -113.08,45.99,5000 -113.09,45.96,5000 -113.11,45.93,5000 -113.12,45.91,5000 -113.16,45.89,5000 -113.19,45.88,5000 -113.16,45.86,5000 -113.11,45.83,5000 -113.09,45.81,5000 -113.07,45.78,5000 -113.06,45.75,5000 -113.04,45.72,5000 -113.02,45.69,5000 -113.00,45.66,5000 -112.98,45.63,5000 -112.97,45.59,5000 -112.96,45.56,5000 -112.96,45.53,5000 -112.98,45.49,5000 -112.99,45.46,5000 -113.01,45.43,5000 -113.03,45.41,5000 -113.06,45.39,5000 -113.10,45.38,5000 -113.14,45.37,5000 -113.18,45.35,5000 -113.22,45.33,5000 -113.25,45.32,5000 -113.29,45.32,5000 -113.31,45.35,5000 -113.32,45.38,5000 -113.32,45.41,5000 -113.33,45.45,5000 -113.33,45.49,5000 -113.33,45.52,5000 -113.33,45.56,5000 -113.33,45.58,5000 -113.31,45.61,5000 -113.28,45.63,5000 -113.24,45.66,5000 -113.20,45.69,5000 -113.19,45.71,5000 -113.21,45.73,5000 -113.25,45.75,5000 -113.30,45.77,5000 -113.34,45.79,5000 -113.39,45.81,5000 -113.43,45.83,5000 -113.48,45.85,5000 -113.53,45.86,5000 -113.57,45.87,5000 -113.61,45.89,5000 -113.64,45.91,5000 -113.67,45.94,5000 -113.69,45.97,5000 -113.70,46.00,5000 -113.70,46.03,5000 -113.69,46.06,5000 -113.67,46.08,5000 -113.65,46.11,5000 -113.62,46.14,5000 -113.58,46.17,5000 -113.54,46.19,5000 -113.43,46.24,5000 
          </coordinates>
        </LinearRing>
      </outerBoundaryIs>
  </Polygon>
 </MultiGeometry>
</Placemark>
<Placemark>
  <name>40%</name>
  <visibility>1</visibility>
  <styleUrl>#poly_40</styleUrl>
  <MultiGeometry>
    <Polygon>
      <outerBoundaryIs>
        <LinearRing>
          <coordinates>
-121.56,40.67,5000 -121.53,40.67,5000 -121.50,40.68,5000 -121.47,40.68,5000 -121.44,40.68,5000 -121.42,40.68,5000 -121.39,40.69,5000 -121.37,40.69,5000 -121.33,40.68,5000 -121.31,40.67,5000 -121.28,40.66,5000 -121.25,40.65,5000 -121.21,40.64,5000 -121.18,40.62,5000 -121.15,40.61,5000 -121.12,40.60,5000 -121.09,40.59,5000 -121.07,40.58,5000 -121.04,40.57,5000 -121.04,40.56,5000 -121.04,40.54,5000 -121.03,40.52,5000 -121.03,40.49,5000 -121.02,40.46,5000 -121.02,40.43,5000 -121.02,40.41,5000 -121.01,40.40,5000 -121.02,40.38,5000 -121.03,40.36,5000 -121.04,40.34,5000 -121.05,40.32,5000 -121.07,40.29,5000 -121.08,40.26,5000 -121.10,40.23,5000 -121.11,40.20,5000 -121.12,40.18,5000 -121.13,40.15,5000 -121.13,40.12,5000 -121.14,40.10,5000 -121.14,40.07,5000 -121.15,40.05,5000 -121.15,40.03,5000 -121.16,40.01,5000 -121.18,39.99,5000 -121.21,39.99,5000 -121.24,39.99,5000 -121.27,39.98,5000 -121.30,39.98,5000 -121.33,39.97,5000 -121.36,39.96,5000 -121.38,39.96,5000 -121.39,39.97,5000 -121.40,39.98,5000 -121.42,40.00,5000 -121.44,40.02,5000 -121.47,40.05,5000 -121.49,40.07,5000 -121.51,40.10,5000 -121.53,40.12,5000 -121.55,40.14,5000 -121.56,40.17,5000 -121.57,40.19,5000 -121.59,40.22,5000 -121.60,40.24,5000 -121.61,40.27,5000 -121.62,40.29,5000 -121.63,40.31,5000 -121.64,40.34,5000 -121.65,40.36,5000 -121.66,40.39,5000 -121.67,40.41,5000 -121.67,40.43,5000 -121.67,40.46,5000 -121.67,40.48,5000 -121.66,40.51,5000 -121.65,40.53,5000 -121.64,40.55,5000 -121.63,40.58,5000 -121.61,40.60,5000 -121.60,40.63,5000 -121.58,40.65,5000 -121.56,40.67,5000 
          </coordinates>
        </LinearRing>
      </outerBoundaryIs>
      <innerBoundaryIs>
        <LinearRing>
          <coordinates>
-121.54,40.60,6000 -121.52,40.60,6000 -121.49,40.61,6000 -121.47,40.61,6000 -121.44,40.62,6000 -121.42,40.62,6000 -121.39,40.62,6000 -121.37,40.62,6000 -121.34,40.62,6000 -121.32,40.62,6000 -121.30,40.62,6000 -121.27,40.61,6000 -121.24,40.60,6000 -121.22,40.60,6000 -121.19,40.59,6000 -121.17,40.58,6000 -121.15,40.57,6000 -121.13,40.55,6000 -121.12,40.54,6000 -121.11,40.53,6000 -121.10,40.51,6000 -121.10,40.49,6000 -121.10,40.47,6000 -121.10,40.45,6000 -121.10,40.43,6000 -121.10,40.41,6000 -121.11,40.39,6000 -121.11,40.37,6000 -121.12,40.35,6000 -121.12,40.33,6000 -121.13,40.31,6000 -121.14,40.30,6000 -121.16,40.28,6000 -121.17,40.26,6000 -121.18,40.24,6000 -121.19,40.23,6000 -121.20,40.21,6000 -121.21,40.20,6000 -121.23,40.18,6000 -121.24,40.17,6000 -121.26,40.17,6000 -121.28,40.16,6000 -121.30,40.15,6000 -121.32,40.14,6000 -121.34,40.12,6000 -121.36,40.11,6000 -121.38,40.09,6000 -121.40,40.08,6000 -121.41,40.08,6000 -121.43,40.08,6000 -121.44,40.09,6000 -121.45,40.11,6000 -121.46,40.13,6000 -121.47,40.14,6000 -121.48,40.16,6000 -121.49,40.17,6000 -121.50,40.19,6000 -121.51,40.21,6000 -121.52,40.23,6000 -121.53,40.25,6000 -121.54,40.26,6000 -121.55,40.28,6000 -121.56,40.30,6000 -121.57,40.32,6000 -121.57,40.34,6000 -121.58,40.36,6000 -121.59,40.38,6000 -121.59,40.39,6000 -121.60,40.41,6000 -121.60,40.43,6000 -121.61,40.45,6000 -121.61,40.47,6000 -121.54,40.60,6000 
          </coordinates>
        </LinearRing>
      </innerBoundaryIs>
  </Polygon>
 </MultiGeometry>
</Placemark>
<Placemark>
  <name>40%</name>
  <visibility>1</visibility>
  <styleUrl>#poly_40</styleUrl>
  <MultiGeometry>
    <Polygon>
      <outerBoundaryIs>
        <LinearRing>
          <coordinates>
-115.44,40.60,5000 -115.43,40.60,5000 -115.42,40.60,5000 -115.41,40.60,5000 -115.40,40.58,5000 -115.40,40.57,5000 -115.40,40.57,5000 -115.40,40.56,5000 -115.40,40.55,5000 -115.39,40.54,5000 -115.39,40.53,5000 -115.39,40.52,5000 -115.39,40.51,5000 -115.39,40.49,5000 -115.39,40.48,5000 -115.39,40.47,5000 -115.39,40.46,5000 -115.39,40.45,5000 -115.39,40.44,5000 -115.39,40.43,5000 -115.39,40.42,5000 -115.39,40.42,5000 -115.39,40.41,5000 -115.38,40.39,5000 -115.38,40.39,5000 -115.40,40.39,5000 -115.41,40.39,5000 -115.42,40.39,5000 -115.43,40.38,5000 -115.44,40.38,5000 -115.45,40.38,5000 -115.46,40.37,5000 -115.48,40.37,5000 -115.49,40.36,5000 -115.51,40.36,5000 -115.52,40.36,5000 -115.54,40.35,5000 -115.55,40.35,5000 -115.57,40.35,5000 -115.58,40.35,5000 -115.59,40.34,5000 -115.60,40.34,5000 -115.61,40.34,5000 -115.62,40.34,5000 -115.64,40.34,5000 -115.65,40.35,5000 -115.65,40.36,5000 -115.65,40.37,5000 -115.65,40.38,5000 -115.65,40.39,5000 -115.65,40.39,5000 -115.65,40.39,5000 -115.63,40.41,5000 -115.63,40.41,5000 -115.62,40.42,5000 -115.62,40.43,5000 -115.61,40.43,5000 -115.60,40.44,5000 -115.60,40.44,5000 -115.59,40.45,5000 -115.59,40.46,5000 -115.58,40.47,5000 -115.57,40.47,5000 -115.56,40.48,5000 -115.56,40.49,5000 -115.55,40.50,5000 -115.54,40.51,5000 -115.53,40.52,5000 -115.52,40.52,5000 -115.51,40.53,5000 -115.51,40.54,5000 -115.50,40.55,5000 -115.49,40.56,5000 -115.48,40.57,5000 -115.44,40.60,5000 
          </coordinates>
        </LinearRing>
      </outerBoundaryIs>
  </Polygon>
 </MultiGeometry>
</Placemark>
<Placemark>
  <name>40%</name>
  <visibility>1</visibility>
  <styleUrl>#poly_40</styleUrl>
  <MultiGeometry>
    <Polygon>
      <outerBoundaryIs>
        <LinearRing>
          <coordinates>
-122.26,41.50,5000 -122.24,41.50,5000 -122.23,41.50,5000 -122.21,41.51,5000 -122.19,41.51,5000 -122.18,41.51,5000 -122.16,41.51,5000 -122.14,41.51,5000 -122.13,41.51,5000 -122.11,41.52,5000 -122.10,41.52,5000 -122.08,41.52,5000 -122.07,41.52,5000 -122.06,41.52,5000 -122.04,41.52,5000 -122.03,41.52,5000 -122.02,41.52,5000 -122.00,41.52,5000 -121.98,41.52,5000 -121.96,41.52,5000 -121.94,41.51,5000 -121.93,41.51,5000 -121.92,41.51,5000 -121.91,41.50,5000 -121.91,41.50,5000 -121.91,41.50,5000 -121.92,41.49,5000 -121.92,41.48,5000 -121.94,41.48,5000 -121.95,41.47,5000 -121.97,41.46,5000 -121.98,41.45,5000 -122.00,41.44,5000 -122.01,41.43,5000 -122.02,41.43,5000 -122.02,41.42,5000 -122.03,41.41,5000 -122.04,41.40,5000 -122.05,41.39,5000 -122.06,41.38,5000 -122.07,41.37,5000 -122.08,41.36,5000 -122.09,41.35,5000 -122.10,41.34,5000 -122.11,41.33,5000 -122.12,41.32,5000 -122.14,41.31,5000 -122.15,41.30,5000 -122.16,41.29,5000 -122.17,41.29,5000 -122.18,41.28,5000 -122.19,41.28,5000 -122.20,41.28,5000 -122.21,41.28,5000 -122.22,41.28,5000 -122.23,41.28,5000 -122.24,41.29,5000 -122.26,41.29,5000 -122.27,41.30,5000 -122.28,41.30,5000 -122.29,41.31,5000 -122.30,41.32,5000 -122.31,41.33,5000 -122.33,41.34,5000 -122.34,41.34,5000 -122.35,41.35,5000 -122.36,41.36,5000 -122.37,41.38,5000 -122.38,41.39,5000 -122.40,41.40,5000 -122.41,41.41,5000 -122.42,41.42,5000 -122.26,41.50,5000 
          </coordinates>
        </LinearRing>
      </outerBoundaryIs>
  </Polygon>
 </MultiGeometry>
</Placemark>
<Placemark>
  <name>40%</name>
  <visibility>1</visibility>
  <styleUrl>#poly_40</styleUrl>
  <MultiGeometry>
    <Polygon>
      <outerBoundaryIs>
        <LinearRing>
          <coordinates>
-110.90,47.30,5000 -110.85,47.31,5000 -110.80,47.31,5000 -110.76,47.32,5000 -110.72,47.33,5000 -110.68,47.33,5000 -110.65,47.33,5000 -110.62,47.33,5000 -110.59,47.30,5000 -110.57,47.28,5000 -110.54,47.26,5000 -110.51,47.23,5000 -110.48,47.21,5000 -110.45,47.18,5000 -110.42,47.16,5000 -110.40,47.14,5000 -110.38,47.12,5000 -110.37,47.10,5000 -110.36,47.08,5000 -110.34,47.06,5000 -110.32,47.04,5000 -110.30,47.01,5000 -110.29,46.98,5000 -110.29,46.95,5000 -110.29,46.92,5000 -110.29,46.89,5000 -110.30,46.86,5000 -110.31,46.83,5000 -110.31,46.81,5000 -110.32,46.81,5000 -110.34,46.80,5000 -110.36,46.78,5000 -110.39,46.75,5000 -110.42,46.73,5000 -110.45,46.70,5000 -110.48,46.68,5000 -110.51,46.66,5000 -110.54,46.64,5000 -110.59,46.62,5000 -110.63,46.62,5000 -110.67,46.61,5000 -110.70,46.61,5000 -110.73,46.60,5000 -110.78,46.59,5000 -110.81,46.59,5000 -110.85,46.58,5000 -110.90,46.57,5000 -110.94,46.57,5000 -110.98,46.56,5000 -111.02,46.56,5000 -111.06,46.56,5000 -111.10,46.56,5000 -111.14,46.57,5000 -111.17,46.57,5000 -111.20,46.57,5000 -111.23,46.56,5000 -111.27,46.57,5000 -111.30,46.58,5000 -111.33,46.59,5000 -111.37,46.61,5000 -111.41,46.63,5000 -111.45,46.65,5000 -111.49,46.66,5000 -111.52,46.68,5000 -111.54,46.69,5000 -111.56,46.71,5000 -111.58,46.72,5000 -111.61,46.74,5000 -111.64,46.76,5000 -111.67,46.79,5000 -111.70,46.81,5000 -111.73,46.84,5000 -111.74,46.86,5000 -111.74,46.89,5000 -111.73,46.91,5000 -111.71,46.94,5000 -111.69,46.97,5000 -111.67,47.00,5000 -111.65,47.02,5000 -111.64,47.04,5000 -111.63,47.06,5000 -111.60,47.06,5000 -111.58,47.07,5000 -111.55,47.08,5000 -111.52,47.09,5000 -111.48,47.11,5000 -111.44,47.12,5000 -111.41,47.14,5000 -111.37,47.15,5000 -111.34,47.16,5000 -111.30,47.18,5000 -111.26,47.19,5000 -111.23,47.20,5000 -111.19,47.21,5000 -111.16,47.22,5000 -111.13,47.23,5000 -111.09,47.24,5000 -111.05,47.25,5000 -111.03,47.26,5000 -111.00,47.26,5000 -110.90,47.30,5000 
          </coordinates>
        </LinearRing>
      </outerBoundaryIs>
      <innerBoundaryIs>
        <LinearRing>
          <coordinates>
-111.36,47.07,6000 -111.33,47.08,6000 -111.30,47.09,6000 -111.27,47.11,6000 -111.24,47.12,6000 -111.21,47.13,6000 -111.18,47.14,6000 -111.15,47.15,6000 -111.12,47.16,6000 -111.09,47.17,6000 -111.05,47.18,6000 -111.02,47.19,6000 -110.98,47.20,6000 -110.95,47.21,6000 -110.91,47.21,6000 -110.88,47.22,6000 -110.84,47.22,6000 -110.81,47.23,6000 -110.77,47.23,6000 -110.73,47.23,6000 -110.69,47.23,6000 -110.66,47.23,6000 -110.63,47.22,6000 -110.60,47.21,6000 -110.57,47.19,6000 -110.55,47.18,6000 -110.53,47.15,6000 -110.51,47.13,6000 -110.49,47.11,6000 -110.47,47.10,6000 -110.45,47.08,6000 -110.43,47.06,6000 -110.42,47.03,6000 -110.40,47.01,6000 -110.39,46.99,6000 -110.38,46.97,6000 -110.38,46.95,6000 -110.38,46.92,6000 -110.39,46.89,6000 -110.39,46.87,6000 -110.41,46.84,6000 -110.42,46.82,6000 -110.43,46.80,6000 -110.45,46.78,6000 -110.47,46.76,6000 -110.49,46.74,6000 -110.52,46.72,6000 -110.55,46.71,6000 -110.58,46.70,6000 -110.61,46.69,6000 -110.64,46.68,6000 -110.68,46.68,6000 -110.72,46.67,6000 -110.75,46.66,6000 -110.79,46.66,6000 -110.83,46.66,6000 -110.86,46.66,6000 -110.90,46.66,6000 -110.93,46.66,6000 -110.97,46.66,6000 -111.00,46.67,6000 -111.04,46.67,6000 -111.08,46.67,6000 -111.12,46.68,6000 -111.16,46.68,6000 -111.20,46.69,6000 -111.23,46.69,6000 -111.26,46.70,6000 -111.29,46.70,6000 -111.32,46.71,6000 -111.33,46.72,6000 -111.35,46.73,6000 -111.37,46.74,6000 -111.40,46.75,6000 -111.44,46.77,6000 -111.47,46.78,6000 -111.51,46.80,6000 -111.54,46.81,6000 -111.56,46.82,6000 -111.59,46.84,6000 -111.61,46.85,6000 -111.62,46.87,6000 -111.62,46.89,6000 -111.61,46.90,6000 -111.58,46.93,6000 -111.56,46.94,6000 -111.54,46.96,6000 -111.52,46.97,6000 -111.50,46.99,6000 -111.47,47.01,6000 -111.45,47.02,6000 -111.42,47.04,6000 -111.39,47.06,6000 -111.36,47.07,6000 
          </coordinates>
        </LinearRing>
      </innerBoundaryIs>
  </Polygon>
 </MultiGeometry>
</Placemark>
<Placemark>
  <name>40%</name>
  <visibility>1</visibility>
  <styleUrl>#poly_40</styleUrl>
  <MultiGeometry>
    <Polygon>
      <outerBoundaryIs>
        <LinearRing>
          <coordinates>
-113.61,44.65,5000 -113.59,44.65,5000 -113.57,44.65,5000 -113.55,44.65,5000 -113.54,44.65,5000 -113.52,44.65,5000 -113.50,44.65,5000 -113.49,44.65,5000 -113.47,44.65,5000 -113.45,44.65,5000 -113.44,44.65,5000 -113.42,44.65,5000 -113.41,44.65,5000 -113.39,44.65,5000 -113.37,44.64,5000 -113.36,44.63,5000 -113.35,44.63,5000 -113.33,44.62,5000 -113.32,44.61,5000 -113.30,44.60,5000 -113.28,44.59,5000 -113.27,44.58,5000 -113.25,44.57,5000 -113.24,44.56,5000 -113.22,44.55,5000 -113.21,44.54,5000 -113.20,44.53,5000 -113.19,44.52,5000 -113.18,44.51,5000 -113.18,44.50,5000 -113.18,44.49,5000 -113.18,44.48,5000 -113.19,44.47,5000 -113.20,44.46,5000 -113.21,44.45,5000 -113.22,44.44,5000 -113.24,44.43,5000 -113.26,44.42,5000 -113.27,44.41,5000 -113.29,44.40,5000 -113.30,44.39,5000 -113.32,44.38,5000 -113.33,44.37,5000 -113.35,44.36,5000 -113.37,44.36,5000 -113.38,44.35,5000 -113.40,44.34,5000 -113.42,44.33,5000 -113.44,44.33,5000 -113.46,44.32,5000 -113.47,44.31,5000 -113.49,44.31,5000 -113.51,44.30,5000 -113.52,44.30,5000 -113.53,44.29,5000 -113.54,44.29,5000 -113.55,44.29,5000 -113.55,44.30,5000 -113.56,44.31,5000 -113.56,44.32,5000 -113.57,44.33,5000 -113.58,44.34,5000 -113.58,44.35,5000 -113.59,44.36,5000 -113.60,44.38,5000 -113.60,44.39,5000 -113.61,44.41,5000 -113.62,44.42,5000 -113.62,44.43,5000 -113.63,44.45,5000 -113.63,44.46,5000 -113.63,44.47,5000 -113.63,44.49,5000 -113.64,44.50,5000 -113.64,44.51,5000 -113.64,44.53,5000 -113.64,44.54,5000 -113.64,44.55,5000 -113.64,44.56,5000 -113.64,44.58,5000 -113.63,44.59,5000 -113.63,44.60,5000 -113.63,44.62,5000 -113.63,44.63,5000 -113.61,44.65,5000 
          </coordinates>
        </LinearRing>
      </outerBoundaryIs>
  </Polygon>
 </MultiGeometry>
</Placemark>
<Placemark>
  <name>40%</name>
  <visibility>1</visibility>
  <styleUrl>#poly_40</styleUrl>
  <MultiGeometry>
    <Polygon>
      <outerBoundaryIs>
        <LinearRing>
          <coordinates>
-114.71,46.42,5000 -114.70,46.43,5000 -114.68,46.43,5000 -114.67,46.44,5000 -114.64,46.45,5000 -114.62,46.46,5000 -114.60,46.47,5000 -114.58,46.48,5000 -114.55,46.49,5000 -114.53,46.50,5000 -114.51,46.50,5000 -114.49,46.51,5000 -114.48,46.51,5000 -114.46,46.51,5000 -114.44,46.51,5000 -114.43,46.50,5000 -114.42,46.48,5000 -114.41,46.47,5000 -114.40,46.45,5000 -114.40,46.44,5000 -114.39,46.43,5000 -114.39,46.42,5000 -114.39,46.40,5000 -114.39,46.39,5000 -114.39,46.37,5000 -114.39,46.36,5000 -114.39,46.34,5000 -114.39,46.33,5000 -114.39,46.31,5000 -114.39,46.29,5000 -114.39,46.28,5000 -114.39,46.27,5000 -114.39,46.25,5000 -114.39,46.23,5000 -114.39,46.22,5000 -114.39,46.20,5000 -114.39,46.18,5000 -114.39,46.17,5000 -114.39,46.15,5000 -114.39,46.14,5000 -114.39,46.13,5000 -114.39,46.12,5000 -114.39,46.11,5000 -114.39,46.10,5000 -114.40,46.11,5000 -114.41,46.12,5000 -114.42,46.13,5000 -114.43,46.14,5000 -114.44,46.15,5000 -114.45,46.16,5000 -114.46,46.17,5000 -114.48,46.18,5000 -114.49,46.20,5000 -114.51,46.21,5000 -114.52,46.22,5000 -114.53,46.24,5000 -114.55,46.25,5000 -114.56,46.26,5000 -114.57,46.27,5000 -114.59,46.29,5000 -114.60,46.30,5000 -114.62,46.32,5000 -114.63,46.33,5000 -114.64,46.34,5000 -114.66,46.36,5000 -114.67,46.37,5000 -114.68,46.38,5000 -114.69,46.39,5000 -114.70,46.40,5000 -114.71,46.41,5000 -114.71,46.42,5000 -114.71,46.42,5000 
          </coordinates>
        </LinearRing>
      </outerBoundaryIs>
  </Polygon>
 </MultiGeometry>
</Placemark>
<Placemark>
  <name>40%</name>
  <visibility>1</visibility>
  <styleUrl>#poly_40</styleUrl>
  <MultiGeometry>
    <Polygon>
      <outerBoundaryIs>
        <LinearRing>
          <coordinates>
-115.48,50.94,5000 -115.45,50.96,5000 -115.41,50.99,5000 -115.38,51.01,5000 -115.35,51.02,5000 -115.31,51.04,5000 -115.28,51.05,5000 -115.24,51.05,5000 -115.21,51.05,5000 -115.17,51.04,5000 -115.13,51.02,5000 -115.09,51.01,5000 -115.05,50.99,5000 -115.01,50.97,5000 -114.98,50.96,5000 -114.96,50.95,5000 -114.93,50.94,5000 -114.92,50.93,5000 -114.90,50.92,5000 -114.88,50.90,5000 -114.86,50.88,5000 -114.83,50.85,5000 -114.81,50.83,5000 -114.79,50.80,5000 -114.77,50.78,5000 -114.76,50.75,5000 -114.75,50.73,5000 -114.75,50.70,5000 -114.75,50.67,5000 -114.75,50.65,5000 -114.75,50.62,5000 -114.75,50.59,5000 -114.76,50.56,5000 -114.76,50.53,5000 -114.77,50.51,5000 -114.78,50.48,5000 -114.78,50.45,5000 -114.78,50.42,5000 -114.78,50.38,5000 -114.78,50.35,5000 -114.78,50.32,5000 -114.79,50.30,5000 -114.80,50.29,5000 -114.82,50.30,5000 -114.84,50.31,5000 -114.86,50.33,5000 -114.88,50.36,5000 -114.91,50.39,5000 -114.94,50.41,5000 -114.96,50.43,5000 -115.00,50.45,5000 -115.04,50.45,5000 -115.08,50.46,5000 -115.11,50.47,5000 -115.13,50.49,5000 -115.15,50.50,5000 -115.16,50.52,5000 -115.18,50.55,5000 -115.20,50.57,5000 -115.22,50.59,5000 -115.24,50.61,5000 -115.26,50.63,5000 -115.29,50.66,5000 -115.31,50.68,5000 -115.33,50.70,5000 -115.35,50.72,5000 -115.37,50.75,5000 -115.40,50.77,5000 -115.42,50.80,5000 -115.44,50.82,5000 -115.45,50.84,5000 -115.47,50.87,5000 -115.48,50.88,5000 -115.48,50.94,5000 
          </coordinates>
        </LinearRing>
      </outerBoundaryIs>
      <innerBoundaryIs>
        <LinearRing>
          <coordinates>
-115.19,50.82,6000 -115.18,50.82,6000 -115.17,50.82,6000 -115.16,50.81,6000 -115.15,50.81,6000 -115.14,50.81,6000 -115.13,50.81,6000 -115.12,50.81,6000 -115.11,50.81,6000 -115.10,50.80,6000 -115.09,50.80,6000 -115.08,50.80,6000 -115.07,50.80,6000 -115.07,50.80,6000 -115.06,50.80,6000 -115.05,50.79,6000 -115.04,50.79,6000 -115.03,50.79,6000 -115.02,50.79,6000 -115.01,50.79,6000 -115.01,50.79,6000 -115.00,50.78,6000 -114.99,50.78,6000 -114.98,50.78,6000 -114.98,50.78,6000 -114.97,50.78,6000 -114.96,50.78,6000 -114.96,50.78,6000 -114.95,50.78,6000 -114.94,50.77,6000 -114.94,50.77,6000 -114.93,50.77,6000 -114.93,50.77,6000 -114.92,50.77,6000 -114.92,50.77,6000 -114.90,50.77,6000 -114.91,50.77,6000 -114.91,50.77,6000 -114.90,50.76,6000 -114.89,50.76,6000 -114.89,50.75,6000 -114.90,50.75,6000 -114.91,50.74,6000 -114.91,50.74,6000 -114.92,50.74,6000 -114.93,50.74,6000 -114.93,50.74,6000 -114.94,50.73,6000 -114.95,50.73,6000 -114.95,50.73,6000 -114.96,50.73,6000 -114.97,50.73,6000 -114.98,50.73,6000 -114.99,50.73,6000 -115.00,50.73,6000 -115.01,50.72,6000 -115.02,50.72,6000 -115.03,50.72,6000 -115.04,50.72,6000 -115.05,50.72,6000 -115.06,50.72,6000 -115.07,50.72,6000 -115.08,50.72,6000 -115.09,50.72,6000 -115.10,50.71,6000 -115.10,50.71,6000 -115.11,50.71,6000 -115.12,50.71,6000 -115.13,50.71,6000 -115.14,50.71,6000 -115.14,50.71,6000 -115.15,50.71,6000 -115.16,50.71,6000 -115.16,50.71,6000 -115.18,50.71,6000 -115.19,50.71,6000 -115.19,50.72,6000 -115.20,50.72,6000 -115.20,50.73,6000 -115.19,50.73,6000 -115.19,50.74,6000 -115.19,50.82,6000 
          </coordinates>
        </LinearRing>
      </innerBoundaryIs>
  </Polygon>
 </MultiGeometry>
</Placemark>
<Placemark>
  <name>40%</name>
  <visibility>1</visibility>
  <styleUrl>#poly_40</styleUrl>
  <MultiGeometry>
    <Polygon>
      <outerBoundaryIs>
        <LinearRing>
          <coordinates>
-118.58,45.02,5000 -118.56,45.02,5000 -118.54,45.02,5000 -118.52,45.02,5000 -118.50,45.02,5000 -118.49,45.02,5000 -118.47,45.02,5000 -118.45,45.02,5000 -118.43,45.02,5000 -118.42,45.02,5000 -118.40,45.02,5000 -118.39,45.02,5000 -118.38,45.02,5000 -118.36,45.02,5000 -118.35,45.02,5000 -118.34,45.02,5000 -118.32,45.02,5000 -118.30,45.01,5000 -118.29,45.01,5000 -118.29,45.00,5000 -118.28,44.99,5000 -118.28,44.98,5000 -118.28,44.97,5000 -118.28,44.96,5000 -118.28,44.95,5000 -118.28,44.94,5000 -118.28,44.92,5000 -118.28,44.91,5000 -118.28,44.90,5000 -118.28,44.88,5000 -118.28,44.87,5000 -118.29,44.86,5000 -118.29,44.85,5000 -118.29,44.84,5000 -118.29,44.83,5000 -118.28,44.82,5000 -118.30,44.81,5000 -118.31,44.81,5000 -118.32,44.80,5000 -118.33,44.79,5000 -118.34,44.79,5000 -118.35,44.78,5000 -118.37,44.77,5000 -118.38,44.76,5000 -118.40,44.76,5000 -118.41,44.75,5000 -118.43,44.74,5000 -118.44,44.73,5000 -118.46,44.73,5000 -118.47,44.72,5000 -118.48,44.72,5000 -118.50,44.71,5000 -118.51,44.71,5000 -118.53,44.71,5000 -118.54,44.71,5000 -118.56,44.71,5000 -118.58,44.71,5000 -118.60,44.72,5000 -118.61,44.72,5000 -118.63,44.73,5000 -118.64,44.73,5000 -118.65,44.74,5000 -118.66,44.75,5000 -118.67,44.76,5000 -118.67,44.77,5000 -118.68,44.78,5000 -118.68,44.78,5000 -118.68,44.79,5000 -118.68,44.80,5000 -118.69,44.82,5000 -118.69,44.83,5000 -118.69,44.84,5000 -118.68,44.85,5000 -118.68,44.86,5000 -118.68,44.87,5000 -118.68,44.89,5000 -118.68,44.90,5000 -118.67,44.91,5000 -118.67,44.93,5000 -118.67,44.94,5000 -118.58,45.02,5000 
          </coordinates>
        </LinearRing>
      </outerBoundaryIs>
  </Polygon>
 </MultiGeometry>
</Placemark>
<Placemark>
  <name>40%</name>
  <visibility>1</visibility>
  <styleUrl>#poly_40</styleUrl>
  <MultiGeometry>
    <Polygon>
      <outerBoundaryIs>
        <LinearRing>
          <coordinates>
-116.19,45.30,5000 -116.11,45.31,5000 -116.03,45.31,5000 -115.95,45.30,5000 -115.88,45.29,5000 -115.82,45.26,5000 -115.77,45.22,5000 -115.72,45.17,5000 -115.66,45.13,5000 -115.60,45.10,5000 -115.54,45.07,5000 -115.48,45.04,5000 -115.42,45.01,5000 -115.37,44.97,5000 -115.33,44.92,5000 -115.30,44.87,5000 -115.28,44.81,5000 -115.26,44.75,5000 -115.23,44.71,5000 -115.18,44.66,5000 -115.13,44.63,5000 -115.06,44.60,5000 -114.99,44.59,5000 -114.91,44.58,5000 -114.82,44.58,5000 -114.74,44.57,5000 -114.68,44.55,5000 -114.63,44.51,5000 -114.60,44.46,5000 -114.58,44.41,5000 -114.56,44.36,5000 -114.54,44.31,5000 -114.52,44.27,5000 -114.49,44.22,5000 -114.45,44.18,5000 -114.40,44.13,5000 -114.34,44.08,5000 -114.29,44.04,5000 -114.23,44.00,5000 -114.17,43.96,5000 -114.13,43.92,5000 -114.11,43.86,5000 -114.17,43.80,5000 -114.22,43.77,5000 -114.29,43.75,5000 -114.37,43.72,5000 -114.46,43.69,5000 -114.54,43.66,5000 -114.62,43.64,5000 -114.70,43.62,5000 -114.78,43.60,5000 -114.85,43.59,5000 -114.93,43.58,5000 -115.00,43.57,5000 -115.09,43.56,5000 -115.18,43.56,5000 -115.26,43.56,5000 -115.33,43.57,5000 -115.38,43.59,5000 -115.41,43.63,5000 -115.43,43.68,5000 -115.44,43.72,5000 -115.45,43.78,5000 -115.46,43.84,5000 -115.48,43.92,5000 -115.50,43.97,5000 -115.52,44.03,5000 -115.54,44.10,5000 -115.57,44.16,5000 -115.59,44.23,5000 -115.62,44.30,5000 -115.65,44.36,5000 -115.67,44.42,5000 -115.70,44.49,5000 -115.72,44.54,5000 -115.75,44.60,5000 -115.77,44.65,5000 -115.81,44.70,5000 -115.85,44.75,5000 -115.89,44.79,5000 -115.94,44.84,5000 -116.00,44.88,5000 -116.05,44.92,5000 -116.11,44.97,5000 -116.18,45.01,5000 -116.24,45.05,5000 -116.19,45.30,5000 
          </coordinates>
        </LinearRing>
      </outerBoundaryIs>
      <innerBoundaryIs>
        <LinearRing>
          <coordinates>
-115.59,44.79,6000 -115.56,44.78,6000 -115.54,44.75,6000 -115.52,44.70,6000 -115.49,44.66,6000 -115.46,44.62,6000 -115.41,44.60,6000 -115.36,44.59,6000 -115.30,44.58,6000 -115.25,44.57,6000 -115.20,44.56,6000 -115.15,44.54,6000 -115.10,44.53,6000 -115.05,44.52,6000 -114.99,44.51,6000 -114.94,44.51,6000 -114.89,44.51,6000 -114.85,44.51,6000 -114.80,44.49,6000 -114.77,44.46,6000 -114.74,44.43,6000 -114.70,44.39,6000 -114.67,44.35,6000 -114.65,44.31,6000 -114.62,44.27,6000 -114.60,44.23,6000 -114.58,44.19,6000 -114.54,44.15,6000 -114.51,44.13,6000 -114.47,44.10,6000 -114.44,44.08,6000 -114.42,44.06,6000 -114.39,44.03,6000 -114.37,44.00,6000 -114.34,43.97,6000 -114.31,43.93,6000 -114.29,43.90,6000 -114.28,43.87,6000 -114.30,43.84,6000 -114.35,43.82,6000 -114.41,43.80,6000 -114.45,43.78,6000 -114.50,43.76,6000 -114.54,43.74,6000 -114.59,43.72,6000 -114.64,43.70,6000 -114.70,43.68,6000 -114.75,43.67,6000 -114.80,43.66,6000 -114.86,43.65,6000 -114.91,43.64,6000 -114.95,43.63,6000 -115.00,43.62,6000 -115.05,43.62,6000 -115.10,43.62,6000 -115.15,43.63,6000 -115.20,43.65,6000 -115.25,43.67,6000 -115.30,43.69,6000 -115.34,43.72,6000 -115.37,43.73,6000 -115.38,43.75,6000 -115.38,43.78,6000 -115.38,43.82,6000 -115.38,43.85,6000 -115.38,43.89,6000 -115.38,43.93,6000 -115.38,43.97,6000 -115.39,44.01,6000 -115.40,44.06,6000 -115.41,44.10,6000 -115.42,44.14,6000 -115.44,44.18,6000 -115.46,44.21,6000 -115.47,44.24,6000 -115.48,44.27,6000 -115.49,44.30,6000 -115.50,44.35,6000 -115.51,44.39,6000 -115.52,44.44,6000 -115.53,44.48,6000 -115.55,44.52,6000 -115.57,44.56,6000 -115.58,44.60,6000 -115.59,44.64,6000 -115.59,44.68,6000 -115.60,44.73,6000 -115.60,44.77,6000 -115.59,44.79,6000 
          </coordinates>
        </LinearRing>
      </innerBoundaryIs>
      <innerBoundaryIs>
        <LinearRing>
          <coordinates>
-116.18,45.24,6000 -116.17,45.24,6000 -116.16,45.24,6000 -116.15,45.24,6000 -116.13,45.24,6000 -116.11,45.24,6000 -116.10,45.24,6000 -116.09,45.24,6000 -116.08,45.24,6000 -116.06,45.24,6000 -116.05,45.24,6000 -116.03,45.24,6000 -116.02,45.24,6000 -116.00,45.24,6000 -115.99,45.23,6000 -115.97,45.23,6000 -115.96,45.23,6000 -115.94,45.22,6000 -115.93,45.22,6000 -115.92,45.21,6000 -115.91,45.21,6000 -115.90,45.20,6000 -115.88,45.20,6000 -115.87,45.19,6000 -115.86,45.18,6000 -115.85,45.17,6000 -115.84,45.16,6000 -115.83,45.15,6000 -115.82,45.15,6000 -115.81,45.14,6000 -115.80,45.13,6000 -115.80,45.12,6000 -115.79,45.11,6000 -115.79,45.10,6000 -115.79,45.09,6000 -115.79,45.08,6000 -115.79,45.07,6000 -115.79,45.06,6000 -115.79,45.05,6000 -115.80,45.03,6000 -115.80,45.02,6000 -115.81,45.01,6000 -115.81,45.00,6000 -115.82,44.99,6000 -115.83,44.98,6000 -115.84,44.97,6000 -115.85,44.97,6000 -115.86,44.96,6000 -115.87,44.96,6000 -115.88,44.96,6000 -115.89,44.96,6000 -115.90,44.96,6000 -115.91,44.96,6000 -115.93,44.97,6000 -115.94,44.97,6000 -115.96,44.98,6000 -115.97,44.98,6000 -115.99,44.99,6000 -116.00,44.99,6000 -116.02,45.00,6000 -116.03,45.01,6000 -116.05,45.01,6000 -116.06,45.02,6000 -116.08,45.02,6000 -116.09,45.03,6000 -116.10,45.03,6000 -116.11,45.04,6000 -116.12,45.04,6000 -116.13,45.05,6000 -116.14,45.05,6000 -116.16,45.05,6000 -116.15,45.06,6000 -116.15,45.07,6000 -116.15,45.07,6000 -116.16,45.08,6000 -116.16,45.09,6000 -116.16,45.10,6000 -116.16,45.10,6000 -116.16,45.11,6000 -116.17,45.12,6000 -116.17,45.14,6000 -116.17,45.15,6000 -116.17,45.16,6000 -116.18,45.17,6000 -116.18,45.18,6000 -116.18,45.19,6000 -116.18,45.21,6000 -116.19,45.22,6000 -116.19,45.23,6000 -116.18,45.24,6000 
          </coordinates>
        </LinearRing>
      </innerBoundaryIs>
  </Polygon>
 </MultiGeometry>
</Placemark>
<Placemark>
  <name>40%</name>
  <visibility>1</visibility>
  <styleUrl>#poly_40</styleUrl>
  <MultiGeometry>
    <Polygon>
      <outerBoundaryIs>
        <LinearRing>
          <coordinates>
-113.06,48.14,5000 -113.05,48.14,5000 -113.04,48.13,5000 -113.01,48.11,5000 -113.00,48.10,5000 -112.98,48.09,5000 -112.97,48.07,5000 -112.95,48.06,5000 -112.93,48.04,5000 -112.91,48.02,5000 -112.89,48.00,5000 -112.88,47.98,5000 -112.87,47.97,5000 -112.86,47.95,5000 -112.86,47.93,5000 -112.86,47.91,5000 -112.86,47.89,5000 -112.87,47.87,5000 -112.88,47.85,5000 -112.89,47.83,5000 -112.90,47.81,5000 -112.91,47.79,5000 -112.92,47.78,5000 -112.93,47.76,5000 -112.94,47.75,5000 -112.95,47.74,5000 -112.98,47.72,5000 -113.00,47.71,5000 -113.02,47.70,5000 -113.04,47.68,5000 -113.07,47.66,5000 -113.09,47.65,5000 -113.12,47.63,5000 -113.14,47.62,5000 -113.17,47.61,5000 -113.19,47.60,5000 -113.21,47.60,5000 -113.23,47.60,5000 -113.25,47.62,5000 -113.27,47.63,5000 -113.28,47.65,5000 -113.29,47.67,5000 -113.31,47.70,5000 -113.31,47.72,5000 -113.32,47.74,5000 -113.32,47.76,5000 -113.32,47.78,5000 -113.32,47.80,5000 -113.32,47.82,5000 -113.31,47.84,5000 -113.30,47.86,5000 -113.30,47.88,5000 -113.29,47.90,5000 -113.29,47.91,5000 -113.29,47.94,5000 -113.29,47.95,5000 -113.28,47.97,5000 -113.27,47.98,5000 -113.26,48.00,5000 -113.25,48.01,5000 -113.23,48.02,5000 -113.21,48.04,5000 -113.20,48.06,5000 -113.18,48.07,5000 -113.16,48.09,5000 -113.06,48.14,5000 
          </coordinates>
        </LinearRing>
      </outerBoundaryIs>
  </Polygon>
 </MultiGeometry>
</Placemark>
<Placemark>
  <name>40%</name>
  <visibility>1</visibility>
  <styleUrl>#poly_40</styleUrl>
  <MultiGeometry>
    <Polygon>
      <outerBoundaryIs>
        <LinearRing>
          <coordinates>
-116.18,51.64,5000 -116.15,51.65,5000 -116.12,51.66,5000 -116.10,51.67,5000 -116.07,51.68,5000 -116.04,51.69,5000 -116.02,51.69,5000 -115.99,51.70,5000 -115.97,51.70,5000 -115.95,51.71,5000 -115.93,51.71,5000 -115.90,51.71,5000 -115.87,51.70,5000 -115.85,51.69,5000 -115.83,51.68,5000 -115.80,51.67,5000 -115.78,51.66,5000 -115.76,51.65,5000 -115.74,51.64,5000 -115.71,51.63,5000 -115.69,51.62,5000 -115.67,51.61,5000 -115.65,51.60,5000 -115.63,51.59,5000 -115.61,51.58,5000 -115.59,51.57,5000 -115.57,51.56,5000 -115.54,51.55,5000 -115.52,51.54,5000 -115.50,51.53,5000 -115.48,51.52,5000 -115.46,51.51,5000 -115.44,51.49,5000 -115.42,51.48,5000 -115.40,51.47,5000 -115.38,51.45,5000 -115.36,51.44,5000 -115.34,51.43,5000 -115.33,51.42,5000 -115.30,51.41,5000 -115.29,51.41,5000 -115.28,51.39,5000 -115.28,51.38,5000 -115.27,51.36,5000 -115.27,51.34,5000 -115.26,51.32,5000 -115.26,51.30,5000 -115.26,51.28,5000 -115.26,51.26,5000 -115.27,51.24,5000 -115.28,51.23,5000 -115.30,51.22,5000 -115.32,51.21,5000 -115.35,51.21,5000 -115.38,51.20,5000 -115.41,51.20,5000 -115.44,51.20,5000 -115.48,51.20,5000 -115.51,51.21,5000 -115.54,51.21,5000 -115.56,51.22,5000 -115.59,51.22,5000 -115.62,51.23,5000 -115.64,51.24,5000 -115.67,51.26,5000 -115.70,51.27,5000 -115.73,51.28,5000 -115.75,51.29,5000 -115.78,51.31,5000 -115.80,51.32,5000 -115.82,51.32,5000 -115.83,51.33,5000 -115.84,51.33,5000 -115.85,51.34,5000 -115.87,51.35,5000 -115.89,51.36,5000 -115.91,51.37,5000 -115.93,51.38,5000 -115.95,51.40,5000 -115.97,51.41,5000 -116.00,51.43,5000 -116.02,51.44,5000 -116.04,51.46,5000 -116.05,51.47,5000 -116.07,51.48,5000 -116.09,51.50,5000 -116.11,51.51,5000 -116.12,51.53,5000 -116.13,51.54,5000 -116.14,51.56,5000 -116.15,51.57,5000 -116.16,51.58,5000 -116.18,51.60,5000 -116.18,51.62,5000 -116.19,51.63,5000 -116.18,51.64,5000 
          </coordinates>
        </LinearRing>
      </outerBoundaryIs>
      <innerBoundaryIs>
        <LinearRing>
          <coordinates>
-115.92,51.66,6000 -115.91,51.66,6000 -115.90,51.66,6000 -115.89,51.65,6000 -115.88,51.65,6000 -115.87,51.64,6000 -115.85,51.63,6000 -115.84,51.62,6000 -115.82,51.62,6000 -115.81,51.61,6000 -115.79,51.60,6000 -115.77,51.59,6000 -115.76,51.58,6000 -115.74,51.57,6000 -115.72,51.57,6000 -115.71,51.56,6000 -115.70,51.55,6000 -115.68,51.54,6000 -115.67,51.53,6000 -115.66,51.53,6000 -115.65,51.52,6000 -115.64,51.51,6000 -115.62,51.50,6000 -115.62,51.49,6000 -115.61,51.48,6000 -115.61,51.47,6000 -115.61,51.46,6000 -115.61,51.45,6000 -115.60,51.44,6000 -115.60,51.43,6000 -115.59,51.42,6000 -115.59,51.41,6000 -115.58,51.40,6000 -115.57,51.38,6000 -115.57,51.38,6000 -115.56,51.37,6000 -115.56,51.36,6000 -115.57,51.35,6000 -115.58,51.35,6000 -115.57,51.35,6000 -115.59,51.36,6000 -115.60,51.36,6000 -115.61,51.37,6000 -115.63,51.37,6000 -115.64,51.37,6000 -115.66,51.38,6000 -115.68,51.38,6000 -115.70,51.39,6000 -115.72,51.39,6000 -115.74,51.40,6000 -115.76,51.40,6000 -115.78,51.41,6000 -115.80,51.41,6000 -115.82,51.42,6000 -115.83,51.42,6000 -115.85,51.43,6000 -115.86,51.43,6000 -115.88,51.44,6000 -115.90,51.44,6000 -115.91,51.45,6000 -115.92,51.45,6000 -115.93,51.46,6000 -115.94,51.47,6000 -115.95,51.48,6000 -115.95,51.49,6000 -115.95,51.50,6000 -115.95,51.51,6000 -115.95,51.52,6000 -115.95,51.53,6000 -115.95,51.54,6000 -115.95,51.55,6000 -115.95,51.56,6000 -115.95,51.57,6000 -115.95,51.59,6000 -115.94,51.60,6000 -115.94,51.61,6000 -115.94,51.62,6000 -115.93,51.64,6000 -115.93,51.65,6000 -115.92,51.66,6000 
          </coordinates>
        </LinearRing>
      </innerBoundaryIs>
  </Polygon>
 </MultiGeometry>
</Placemark>
<Placemark>
  <name>40%</name>
  <visibility>1</visibility>
  <styleUrl>#poly_40</styleUrl>
  <MultiGeometry>
    <Polygon>
      <outerBoundaryIs>
        <LinearRing>
          <coordinates>
-122.91,41.29,5000 -122.89,41.29,5000 -122.86,41.29,5000 -122.84,41.29,5000 -122.82,41.29,5000 -122.80,41.29,5000 -122.77,41.29,5000 -122.75,41.29,5000 -122.73,41.29,5000 -122.70,41.29,5000 -122.68,41.29,5000 -122.66,41.29,5000 -122.63,41.29,5000 -122.61,41.29,5000 -122.59,41.28,5000 -122.56,41.28,5000 -122.54,41.28,5000 -122.51,41.28,5000 -122.49,41.28,5000 -122.47,41.27,5000 -122.45,41.27,5000 -122.43,41.27,5000 -122.40,41.27,5000 -122.37,41.27,5000 -122.34,41.26,5000 -122.32,41.26,5000 -122.31,41.26,5000 -122.30,41.26,5000 -122.30,41.26,5000 -122.32,41.26,5000 -122.34,41.26,5000 -122.36,41.25,5000 -122.39,41.25,5000 -122.42,41.24,5000 -122.43,41.23,5000 -122.45,41.23,5000 -122.47,41.22,5000 -122.49,41.21,5000 -122.51,41.20,5000 -122.53,41.19,5000 -122.55,41.17,5000 -122.57,41.16,5000 -122.59,41.15,5000 -122.60,41.14,5000 -122.62,41.13,5000 -122.63,41.12,5000 -122.65,41.10,5000 -122.66,41.09,5000 -122.66,41.08,5000 -122.67,41.06,5000 -122.67,41.05,5000 -122.68,41.03,5000 -122.69,41.02,5000 -122.70,41.01,5000 -122.72,40.99,5000 -122.73,40.98,5000 -122.74,40.97,5000 -122.76,40.96,5000 -122.78,40.95,5000 -122.80,40.94,5000 -122.82,40.93,5000 -122.84,40.93,5000 -122.86,40.93,5000 -122.89,40.93,5000 -122.91,40.93,5000 -122.94,40.93,5000 -122.97,40.93,5000 -122.99,40.93,5000 -123.01,40.94,5000 -123.03,40.94,5000 -123.05,40.94,5000 -123.08,40.94,5000 -123.09,40.95,5000 -123.09,40.96,5000 -123.09,40.97,5000 -123.09,40.99,5000 -123.09,41.00,5000 -123.08,41.02,5000 -123.08,41.04,5000 -123.08,41.06,5000 -123.07,41.07,5000 -123.07,41.09,5000 -123.07,41.11,5000 -123.06,41.12,5000 -123.06,41.14,5000 -122.91,41.29,5000 
          </coordinates>
        </LinearRing>
      </outerBoundaryIs>
      <innerBoundaryIs>
        <LinearRing>
          <coordinates>
-122.90,41.22,6000 -122.88,41.22,6000 -122.87,41.22,6000 -122.85,41.22,6000 -122.84,41.23,6000 -122.82,41.23,6000 -122.81,41.23,6000 -122.79,41.23,6000 -122.78,41.23,6000 -122.76,41.23,6000 -122.75,41.23,6000 -122.74,41.23,6000 -122.73,41.22,6000 -122.72,41.22,6000 -122.71,41.22,6000 -122.70,41.21,6000 -122.70,41.21,6000 -122.69,41.21,6000 -122.69,41.20,6000 -122.69,41.20,6000 -122.69,41.19,6000 -122.69,41.18,6000 -122.69,41.18,6000 -122.69,41.17,6000 -122.70,41.16,6000 -122.70,41.15,6000 -122.70,41.14,6000 -122.71,41.13,6000 -122.71,41.12,6000 -122.72,41.11,6000 -122.73,41.10,6000 -122.73,41.10,6000 -122.74,41.09,6000 -122.75,41.08,6000 -122.75,41.07,6000 -122.76,41.06,6000 -122.77,41.05,6000 -122.77,41.04,6000 -122.78,41.03,6000 -122.78,41.02,6000 -122.79,41.02,6000 -122.79,41.01,6000 -122.80,41.00,6000 -122.80,41.00,6000 -122.81,40.98,6000 -122.82,40.98,6000 -122.82,40.98,6000 -122.83,40.98,6000 -122.84,40.98,6000 -122.85,40.98,6000 -122.86,40.97,6000 -122.88,40.97,6000 -122.89,40.97,6000 -122.90,40.98,6000 -122.91,40.99,6000 -122.91,40.99,6000 -122.92,41.00,6000 -122.92,41.01,6000 -122.92,41.01,6000 -122.92,41.02,6000 -122.93,41.03,6000 -122.93,41.03,6000 -122.93,41.04,6000 -122.94,41.05,6000 -122.94,41.06,6000 -122.94,41.07,6000 -122.94,41.08,6000 -122.94,41.09,6000 -122.95,41.10,6000 -122.95,41.11,6000 -122.95,41.12,6000 -122.95,41.13,6000 -122.96,41.14,6000 -122.96,41.15,6000 -122.96,41.16,6000 -122.90,41.22,6000 
          </coordinates>
        </LinearRing>
      </innerBoundaryIs>
  </Polygon>
 </MultiGeometry>
</Placemark>
<Placemark>
  <name>40%</name>
  <visibility>1</visibility>
  <styleUrl>#poly_40</styleUrl>
  <MultiGeometry>
    <Polygon>
      <outerBoundaryIs>
        <LinearRing>
          <coordinates>
-120.90,39.92,5000 -120.77,39.93,5000 -120.65,39.92,5000 -120.56,39.87,5000 -120.46,39.80,5000 -120.37,39.75,5000 -120.27,39.68,5000 -120.17,39.61,5000 -120.09,39.53,5000 -120.01,39.43,5000 -119.95,39.33,5000 -119.91,39.21,5000 -119.89,39.08,5000 -119.82,38.94,5000 -119.74,38.85,5000 -119.63,38.76,5000 -119.51,38.66,5000 -119.39,38.56,5000 -119.30,38.47,5000 -119.22,38.36,5000 -119.17,38.25,5000 -119.12,38.14,5000 -119.07,38.05,5000 -119.01,37.97,5000 -118.95,37.91,5000 -118.86,37.81,5000 -118.78,37.72,5000 -118.69,37.60,5000 -118.60,37.48,5000 -118.51,37.36,5000 -118.43,37.25,5000 -118.36,37.14,5000 -118.30,37.05,5000 -118.25,36.96,5000 -118.21,36.87,5000 -118.17,36.73,5000 -118.15,36.58,5000 -118.16,36.46,5000 -118.22,36.36,5000 -118.31,36.28,5000 -118.41,36.23,5000 -118.53,36.20,5000 -118.67,36.28,5000 -118.74,36.37,5000 -118.82,36.49,5000 -118.90,36.64,5000 -118.98,36.77,5000 -119.05,36.88,5000 -119.16,37.01,5000 -119.26,37.10,5000 -119.35,37.18,5000 -119.48,37.28,5000 -119.59,37.37,5000 -119.69,37.46,5000 -119.77,37.56,5000 -119.83,37.67,5000 -119.88,37.79,5000 -119.95,37.87,5000 -120.06,38.00,5000 -120.12,38.09,5000 -120.19,38.19,5000 -120.27,38.31,5000 -120.35,38.44,5000 -120.41,38.56,5000 -120.47,38.66,5000 -120.52,38.79,5000 -120.55,38.92,5000 -120.57,39.03,5000 -120.60,39.13,5000 -120.66,39.24,5000 -120.72,39.34,5000 -120.78,39.44,5000 -120.85,39.55,5000 -120.92,39.67,5000 -120.99,39.79,5000 -120.90,39.92,5000 
          </coordinates>
        </LinearRing>
      </outerBoundaryIs>
      <innerBoundaryIs>
        <LinearRing>
          <coordinates>
-120.87,39.78,6000 -120.72,39.81,6000 -120.59,39.81,6000 -120.50,39.77,6000 -120.41,39.69,6000 -120.30,39.62,6000 -120.18,39.54,6000 -120.08,39.45,6000 -120.03,39.36,6000 -120.00,39.26,6000 -119.96,39.15,6000 -119.91,39.06,6000 -119.86,38.96,6000 -119.80,38.86,6000 -119.74,38.77,6000 -119.64,38.68,6000 -119.54,38.60,6000 -119.44,38.53,6000 -119.37,38.46,6000 -119.30,38.39,6000 -119.24,38.30,6000 -119.19,38.21,6000 -119.15,38.11,6000 -119.10,38.01,6000 -119.05,37.92,6000 -118.98,37.83,6000 -118.90,37.75,6000 -118.80,37.64,6000 -118.73,37.56,6000 -118.64,37.46,6000 -118.55,37.35,6000 -118.47,37.25,6000 -118.40,37.15,6000 -118.33,37.03,6000 -118.28,36.91,6000 -118.25,36.79,6000 -118.22,36.69,6000 -118.20,36.58,6000 -118.21,36.48,6000 -118.24,36.41,6000 -118.37,36.34,6000 -118.52,36.31,6000 -118.62,36.31,6000 -118.70,36.37,6000 -118.75,36.46,6000 -118.80,36.58,6000 -118.88,36.72,6000 -118.95,36.82,6000 -119.05,36.93,6000 -119.15,37.04,6000 -119.24,37.15,6000 -119.33,37.24,6000 -119.45,37.34,6000 -119.56,37.41,6000 -119.66,37.49,6000 -119.73,37.59,6000 -119.78,37.71,6000 -119.86,37.85,6000 -119.92,37.93,6000 -119.99,38.02,6000 -120.08,38.12,6000 -120.16,38.22,6000 -120.23,38.33,6000 -120.30,38.44,6000 -120.36,38.56,6000 -120.40,38.69,6000 -120.45,38.83,6000 -120.49,38.96,6000 -120.53,39.08,6000 -120.57,39.19,6000 -120.63,39.32,6000 -120.69,39.41,6000 -120.74,39.50,6000 -120.80,39.57,6000 -120.87,39.78,6000 
          </coordinates>
        </LinearRing>
      </innerBoundaryIs>
  </Polygon>
 </MultiGeometry>
</Placemark>
<Placemark>
  <name>40%</name>
  <visibility>1</visibility>
  <styleUrl>#poly_40</styleUrl>
  <MultiGeometry>
    <Polygon>
      <outerBoundaryIs>
        <LinearRing>
          <coordinates>
-116.15,41.78,5000 -116.13,41.80,5000 -116.11,41.83,5000 -116.08,41.85,5000 -116.06,41.87,5000 -116.04,41.89,5000 -116.01,41.90,5000 -115.99,41.91,5000 -115.97,41.92,5000 -115.94,41.93,5000 -115.91,41.93,5000 -115.88,41.92,5000 -115.85,41.91,5000 -115.82,41.90,5000 -115.78,41.88,5000 -115.75,41.87,5000 -115.72,41.86,5000 -115.69,41.85,5000 -115.66,41.85,5000 -115.63,41.84,5000 -115.59,41.84,5000 -115.56,41.84,5000 -115.53,41.84,5000 -115.50,41.84,5000 -115.47,41.84,5000 -115.45,41.84,5000 -115.41,41.84,5000 -115.38,41.84,5000 -115.37,41.83,5000 -115.37,41.82,5000 -115.39,41.81,5000 -115.41,41.79,5000 -115.44,41.77,5000 -115.46,41.76,5000 -115.48,41.74,5000 -115.50,41.73,5000 -115.52,41.71,5000 -115.54,41.69,5000 -115.57,41.67,5000 -115.59,41.66,5000 -115.62,41.64,5000 -115.64,41.62,5000 -115.66,41.60,5000 -115.69,41.58,5000 -115.72,41.56,5000 -115.74,41.54,5000 -115.77,41.52,5000 -115.79,41.51,5000 -115.81,41.49,5000 -115.83,41.47,5000 -115.85,41.46,5000 -115.88,41.44,5000 -115.88,41.43,5000 -115.90,41.41,5000 -115.91,41.39,5000 -115.93,41.37,5000 -115.94,41.35,5000 -115.96,41.32,5000 -115.97,41.30,5000 -115.99,41.27,5000 -116.02,41.26,5000 -116.04,41.25,5000 -116.06,41.25,5000 -116.09,41.26,5000 -116.13,41.27,5000 -116.16,41.28,5000 -116.20,41.30,5000 -116.23,41.31,5000 -116.26,41.33,5000 -116.28,41.34,5000 -116.30,41.35,5000 -116.30,41.36,5000 -116.30,41.37,5000 -116.29,41.38,5000 -116.29,41.40,5000 -116.28,41.43,5000 -116.27,41.45,5000 -116.26,41.48,5000 -116.25,41.50,5000 -116.24,41.53,5000 -116.23,41.55,5000 -116.22,41.57,5000 -116.22,41.60,5000 -116.21,41.62,5000 -116.20,41.64,5000 -116.20,41.66,5000 -116.19,41.69,5000 -116.19,41.71,5000 -116.18,41.73,5000 -116.15,41.78,5000 
          </coordinates>
        </LinearRing>
      </outerBoundaryIs>
      <innerBoundaryIs>
        <LinearRing>
          <coordinates>
-115.92,41.80,6000 -115.90,41.80,6000 -115.87,41.81,6000 -115.85,41.81,6000 -115.83,41.80,6000 -115.82,41.79,6000 -115.81,41.78,6000 -115.81,41.77,6000 -115.81,41.76,6000 -115.81,41.74,6000 -115.81,41.73,6000 -115.81,41.71,6000 -115.82,41.69,6000 -115.82,41.67,6000 -115.82,41.65,6000 -115.83,41.64,6000 -115.83,41.62,6000 -115.84,41.61,6000 -115.84,41.60,6000 -115.84,41.58,6000 -115.85,41.59,6000 -115.87,41.57,6000 -115.88,41.56,6000 -115.89,41.55,6000 -115.90,41.54,6000 -115.91,41.53,6000 -115.93,41.51,6000 -115.94,41.50,6000 -115.96,41.49,6000 -115.97,41.47,6000 -115.99,41.46,6000 -116.00,41.44,6000 -116.02,41.43,6000 -116.03,41.42,6000 -116.04,41.41,6000 -116.05,41.40,6000 -116.06,41.39,6000 -116.07,41.39,6000 -116.08,41.39,6000 -116.08,41.40,6000 -116.09,41.41,6000 -116.09,41.42,6000 -116.10,41.44,6000 -116.10,41.45,6000 -116.11,41.47,6000 -116.11,41.49,6000 -116.12,41.51,6000 -116.12,41.52,6000 -116.12,41.54,6000 -116.13,41.55,6000 -116.13,41.56,6000 -116.13,41.58,6000 -116.14,41.59,6000 -116.13,41.60,6000 -116.12,41.62,6000 -116.11,41.63,6000 -116.10,41.64,6000 -116.09,41.65,6000 -116.08,41.66,6000 -116.07,41.67,6000 -116.06,41.68,6000 -116.05,41.70,6000 -116.03,41.71,6000 -116.02,41.72,6000 -116.00,41.74,6000 -115.99,41.75,6000 -115.92,41.80,6000 
          </coordinates>
        </LinearRing>
      </innerBoundaryIs>
  </Polygon>
 </MultiGeometry>
</Placemark>
<Placemark>
  <name>40%</name>
  <visibility>1</visibility>
  <styleUrl>#poly_40</styleUrl>
  <MultiGeometry>
    <Polygon>
      <outerBoundaryIs>
        <LinearRing>
          <coordinates>
-109.77,43.32,5000 -109.75,43.31,5000 -109.73,43.30,5000 -109.71,43.29,5000 -109.69,43.29,5000 -109.67,43.28,5000 -109.65,43.27,5000 -109.63,43.26,5000 -109.62,43.26,5000 -109.60,43.25,5000 -109.58,43.24,5000 -109.56,43.24,5000 -109.54,43.24,5000 -109.53,43.23,5000 -109.51,43.22,5000 -109.50,43.21,5000 -109.49,43.20,5000 -109.47,43.19,5000 -109.46,43.18,5000 -109.44,43.16,5000 -109.43,43.15,5000 -109.42,43.13,5000 -109.41,43.12,5000 -109.40,43.10,5000 -109.39,43.09,5000 -109.39,43.07,5000 -109.38,43.05,5000 -109.38,43.03,5000 -109.37,43.02,5000 -109.37,43.00,5000 -109.37,42.98,5000 -109.37,42.96,5000 -109.37,42.95,5000 -109.37,42.93,5000 -109.37,42.92,5000 -109.38,42.90,5000 -109.39,42.89,5000 -109.41,42.88,5000 -109.43,42.87,5000 -109.44,42.86,5000 -109.46,42.86,5000 -109.48,42.86,5000 -109.49,42.87,5000 -109.51,42.88,5000 -109.53,42.90,5000 -109.55,42.91,5000 -109.57,42.92,5000 -109.58,42.93,5000 -109.60,42.94,5000 -109.63,42.95,5000 -109.65,42.96,5000 -109.67,42.97,5000 -109.69,42.98,5000 -109.71,42.99,5000 -109.72,43.00,5000 -109.74,43.01,5000 -109.75,43.02,5000 -109.77,43.03,5000 -109.78,43.04,5000 -109.79,43.06,5000 -109.80,43.07,5000 -109.80,43.08,5000 -109.81,43.10,5000 -109.82,43.11,5000 -109.83,43.13,5000 -109.84,43.14,5000 -109.85,43.16,5000 -109.85,43.18,5000 -109.86,43.19,5000 -109.87,43.21,5000 -109.88,43.23,5000 -109.77,43.32,5000 
          </coordinates>
        </LinearRing>
      </outerBoundaryIs>
  </Polygon>
 </MultiGeometry>
</Placemark>
<Placemark>
  <name>40%</name>
  <visibility>1</visibility>
  <styleUrl>#poly_40</styleUrl>
  <MultiGeometry>
    <Polygon>
      <outerBoundaryIs>
        <LinearRing>
          <coordinates>
-116.66,50.44,5000 -116.64,50.44,5000 -116.61,50.45,5000 -116.59,50.45,5000 -116.57,50.46,5000 -116.55,50.46,5000 -116.52,50.46,5000 -116.50,50.47,5000 -116.49,50.47,5000 -116.47,50.47,5000 -116.45,50.48,5000 -116.44,50.48,5000 -116.42,50.48,5000 -116.41,50.48,5000 -116.38,50.48,5000 -116.38,50.48,5000 -116.38,50.46,5000 -116.38,50.45,5000 -116.37,50.44,5000 -116.37,50.43,5000 -116.36,50.42,5000 -116.36,50.41,5000 -116.36,50.40,5000 -116.35,50.38,5000 -116.35,50.37,5000 -116.34,50.35,5000 -116.34,50.34,5000 -116.34,50.33,5000 -116.33,50.31,5000 -116.33,50.30,5000 -116.33,50.29,5000 -116.32,50.27,5000 -116.32,50.26,5000 -116.31,50.24,5000 -116.31,50.22,5000 -116.31,50.20,5000 -116.30,50.19,5000 -116.30,50.17,5000 -116.30,50.16,5000 -116.30,50.15,5000 -116.30,50.14,5000 -116.31,50.13,5000 -116.32,50.13,5000 -116.33,50.13,5000 -116.34,50.13,5000 -116.35,50.14,5000 -116.37,50.14,5000 -116.39,50.15,5000 -116.40,50.16,5000 -116.42,50.16,5000 -116.44,50.17,5000 -116.46,50.18,5000 -116.48,50.19,5000 -116.50,50.20,5000 -116.52,50.21,5000 -116.54,50.22,5000 -116.56,50.23,5000 -116.57,50.24,5000 -116.59,50.25,5000 -116.60,50.26,5000 -116.61,50.26,5000 -116.61,50.27,5000 -116.61,50.28,5000 -116.61,50.29,5000 -116.62,50.30,5000 -116.62,50.31,5000 -116.62,50.32,5000 -116.63,50.33,5000 -116.63,50.34,5000 -116.64,50.36,5000 -116.64,50.37,5000 -116.65,50.38,5000 -116.65,50.40,5000 -116.66,50.41,5000 -116.66,50.43,5000 -116.66,50.44,5000 
          </coordinates>
        </LinearRing>
      </outerBoundaryIs>
  </Polygon>
 </MultiGeometry>
</Placemark>
<Placemark>
  <name>40%</name>
  <visibility>1</visibility>
  <styleUrl>#poly_40</styleUrl>
  <MultiGeometry>
    <Polygon>
      <outerBoundaryIs>
        <LinearRing>
          <coordinates>
-112.08,45.58,5000 -111.93,45.54,5000 -111.78,45.50,5000 -111.64,45.47,5000 -111.51,45.46,5000 -111.35,45.48,5000 -111.21,45.52,5000 -111.09,45.56,5000 -110.96,45.58,5000 -110.85,45.58,5000 -110.75,45.55,5000 -110.64,45.50,5000 -110.53,45.47,5000 -110.37,45.48,5000 -110.22,45.50,5000 -110.14,45.50,5000 -110.03,45.47,5000 -109.92,45.42,5000 -109.78,45.35,5000 -109.65,45.27,5000 -109.55,45.21,5000 -109.48,45.14,5000 -109.47,45.08,5000 -109.48,45.00,5000 -109.52,44.90,5000 -109.57,44.82,5000 -109.63,44.73,5000 -109.70,44.64,5000 -109.74,44.56,5000 -109.77,44.45,5000 -109.76,44.37,5000 -109.71,44.29,5000 -109.66,44.19,5000 -109.64,44.10,5000 -109.63,44.00,5000 -109.66,43.90,5000 -109.71,43.83,5000 -109.78,43.75,5000 -109.87,43.67,5000 -109.98,43.57,5000 -110.06,43.50,5000 -110.15,43.42,5000 -110.25,43.33,5000 -110.35,43.24,5000 -110.44,43.15,5000 -110.52,43.07,5000 -110.58,43.00,5000 -110.63,42.88,5000 -110.61,42.80,5000 -110.61,42.74,5000 -110.67,42.67,5000 -110.74,42.63,5000 -110.88,42.61,5000 -110.93,42.68,5000 -110.96,42.79,5000 -110.96,42.88,5000 -110.96,42.98,5000 -110.98,43.07,5000 -111.04,43.15,5000 -111.12,43.22,5000 -111.19,43.30,5000 -111.23,43.39,5000 -111.25,43.48,5000 -111.25,43.59,5000 -111.23,43.67,5000 -111.19,43.76,5000 -111.15,43.86,5000 -111.12,43.95,5000 -111.12,44.04,5000 -111.16,44.14,5000 -111.23,44.24,5000 -111.31,44.33,5000 -111.38,44.40,5000 -111.49,44.47,5000 -111.61,44.50,5000 -111.72,44.52,5000 -111.84,44.54,5000 -111.95,44.55,5000 -112.08,44.56,5000 -112.19,44.58,5000 -112.32,44.63,5000 -112.41,44.70,5000 -112.43,44.77,5000 -112.42,44.86,5000 -112.38,44.96,5000 -112.32,45.04,5000 -112.23,45.11,5000 -112.13,45.20,5000 -112.02,45.28,5000 -112.08,45.58,5000 
          </coordinates>
        </LinearRing>
      </outerBoundaryIs>
      <innerBoundaryIs>
        <LinearRing>
          <coordinates>
-111.55,45.37,6000 -111.44,45.40,6000 -111.32,45.42,6000 -111.22,45.45,6000 -111.12,45.46,6000 -111.04,45.47,6000 -110.95,45.45,6000 -110.90,45.42,6000 -110.80,45.40,6000 -110.72,45.40,6000 -110.62,45.41,6000 -110.52,45.43,6000 -110.41,45.44,6000 -110.31,45.45,6000 -110.22,45.45,6000 -110.11,45.43,6000 -110.00,45.40,6000 -109.91,45.37,6000 -109.83,45.33,6000 -109.75,45.29,6000 -109.68,45.25,6000 -109.62,45.20,6000 -109.57,45.16,6000 -109.54,45.10,6000 -109.53,45.04,6000 -109.55,44.98,6000 -109.59,44.92,6000 -109.65,44.85,6000 -109.71,44.79,6000 -109.75,44.73,6000 -109.79,44.68,6000 -109.82,44.62,6000 -109.86,44.56,6000 -109.89,44.49,6000 -109.90,44.43,6000 -109.88,44.37,6000 -109.84,44.31,6000 -109.80,44.25,6000 -109.75,44.18,6000 -109.71,44.11,6000 -109.69,44.06,6000 -109.68,44.01,6000 -109.72,43.94,6000 -109.77,43.89,6000 -109.83,43.82,6000 -109.91,43.75,6000 -109.99,43.68,6000 -110.06,43.61,6000 -110.12,43.56,6000 -110.19,43.50,6000 -110.25,43.44,6000 -110.30,43.40,6000 -110.35,43.37,6000 -110.45,43.35,6000 -110.57,43.35,6000 -110.66,43.34,6000 -110.77,43.32,6000 -110.88,43.31,6000 -110.97,43.31,6000 -111.05,43.35,6000 -111.11,43.42,6000 -111.15,43.49,6000 -111.16,43.55,6000 -111.16,43.61,6000 -111.14,43.67,6000 -111.11,43.73,6000 -111.07,43.80,6000 -111.05,43.88,6000 -111.05,43.95,6000 -111.06,44.03,6000 -111.08,44.10,6000 -111.10,44.17,6000 -111.13,44.23,6000 -111.18,44.28,6000 -111.23,44.33,6000 -111.27,44.38,6000 -111.32,44.43,6000 -111.37,44.49,6000 -111.44,44.53,6000 -111.53,44.56,6000 -111.64,44.59,6000 -111.76,44.61,6000 -111.86,44.63,6000 -111.98,44.65,6000 -112.09,44.67,6000 -112.18,44.69,6000 -112.26,44.72,6000 -112.29,44.76,6000 -112.31,44.81,6000 -112.31,44.87,6000 -112.28,44.93,6000 -112.22,44.98,6000 -112.13,45.02,6000 -112.03,45.07,6000 -111.95,45.10,6000 -111.83,45.14,6000 -111.74,45.15,6000 -111.55,45.37,6000 
          </coordinates>
        </LinearRing>
      </innerBoundaryIs>
      <innerBoundaryIs>
        <LinearRing>
          <coordinates>
-110.81,45.36,6000 -110.80,45.34,6000 -110.80,45.32,6000 -110.79,45.30,6000 -110.78,45.28,6000 -110.77,45.26,6000 -110.75,45.24,6000 -110.74,45.22,6000 -110.72,45.20,6000 -110.70,45.18,6000 -110.68,45.16,6000 -110.65,45.14,6000 -110.63,45.13,6000 -110.61,45.11,6000 -110.59,45.09,6000 -110.58,45.08,6000 -110.56,45.06,6000 -110.54,45.06,6000 -110.52,45.05,6000 -110.50,45.04,6000 -110.48,45.03,6000 -110.45,45.01,6000 -110.42,45.00,6000 -110.40,44.98,6000 -110.37,44.97,6000 -110.36,44.95,6000 -110.35,44.93,6000 -110.35,44.91,6000 -110.35,44.89,6000 -110.36,44.86,6000 -110.38,44.84,6000 -110.39,44.82,6000 -110.41,44.79,6000 -110.43,44.77,6000 -110.45,44.76,6000 -110.47,44.75,6000 -110.49,44.75,6000 -110.52,44.75,6000 -110.55,44.76,6000 -110.59,44.77,6000 -110.62,44.78,6000 -110.65,44.80,6000 -110.68,44.81,6000 -110.71,44.82,6000 -110.73,44.83,6000 -110.76,44.84,6000 -110.77,44.85,6000 -110.78,44.87,6000 -110.79,44.89,6000 -110.80,44.91,6000 -110.81,44.92,6000 -110.81,44.95,6000 -110.82,44.97,6000 -110.83,44.99,6000 -110.83,45.01,6000 -110.84,45.04,6000 -110.84,45.06,6000 -110.84,45.08,6000 -110.84,45.10,6000 -110.84,45.12,6000 -110.83,45.14,6000 -110.83,45.17,6000 -110.82,45.19,6000 -110.82,45.21,6000 -110.81,45.23,6000 -110.81,45.36,6000 
          </coordinates>
        </LinearRing>
      </innerBoundaryIs>
  </Polygon>
 </MultiGeometry>
</Placemark>
<Placemark>
  <name>40%</name>
  <visibility>1</visibility>
  <styleUrl>#poly_40</styleUrl>
  <MultiGeometry>
    <Polygon>
      <outerBoundaryIs>
        <LinearRing>
          <coordinates>
-117.44,45.38,5000 -117.42,45.38,5000 -117.40,45.37,5000 -117.38,45.37,5000 -117.36,45.36,5000 -117.35,45.36,5000 -117.33,45.35,5000 -117.31,45.35,5000 -117.29,45.35,5000 -117.28,45.34,5000 -117.26,45.33,5000 -117.25,45.33,5000 -117.23,45.32,5000 -117.22,45.32,5000 -117.20,45.31,5000 -117.19,45.30,5000 -117.18,45.30,5000 -117.17,45.29,5000 -117.16,45.28,5000 -117.15,45.27,5000 -117.14,45.26,5000 -117.14,45.25,5000 -117.13,45.23,5000 -117.13,45.22,5000 -117.12,45.21,5000 -117.12,45.19,5000 -117.12,45.18,5000 -117.12,45.17,5000 -117.11,45.16,5000 -117.11,45.15,5000 -117.11,45.14,5000 -117.11,45.13,5000 -117.11,45.12,5000 -117.10,45.11,5000 -117.13,45.11,5000 -117.14,45.11,5000 -117.15,45.10,5000 -117.17,45.10,5000 -117.18,45.09,5000 -117.20,45.09,5000 -117.22,45.08,5000 -117.24,45.08,5000 -117.26,45.07,5000 -117.28,45.07,5000 -117.30,45.06,5000 -117.31,45.06,5000 -117.33,45.05,5000 -117.35,45.05,5000 -117.36,45.05,5000 -117.38,45.05,5000 -117.40,45.05,5000 -117.41,45.05,5000 -117.42,45.05,5000 -117.44,45.06,5000 -117.45,45.07,5000 -117.47,45.08,5000 -117.48,45.09,5000 -117.49,45.09,5000 -117.50,45.10,5000 -117.51,45.11,5000 -117.52,45.12,5000 -117.53,45.12,5000 -117.54,45.13,5000 -117.55,45.14,5000 -117.56,45.15,5000 -117.57,45.16,5000 -117.58,45.17,5000 -117.59,45.19,5000 -117.61,45.20,5000 -117.62,45.21,5000 -117.63,45.22,5000 -117.64,45.23,5000 -117.44,45.38,5000 
          </coordinates>
        </LinearRing>
      </outerBoundaryIs>
  </Polygon>
 </MultiGeometry>
</Placemark>
<Placemark>
  <name>40%</name>
  <visibility>1</visibility>
  <styleUrl>#poly_40</styleUrl>
  <MultiGeometry>
    <Polygon>
      <outerBoundaryIs>
        <LinearRing>
          <coordinates>
-114.06,49.25,5000 -114.02,49.24,5000 -113.99,49.23,5000 -113.95,49.22,5000 -113.92,49.21,5000 -113.89,49.20,5000 -113.85,49.19,5000 -113.82,49.18,5000 -113.78,49.17,5000 -113.75,49.16,5000 -113.71,49.14,5000 -113.68,49.13,5000 -113.64,49.11,5000 -113.60,49.10,5000 -113.56,49.08,5000 -113.54,49.07,5000 -113.51,49.05,5000 -113.50,49.03,5000 -113.48,49.02,5000 -113.46,49.00,5000 -113.43,48.98,5000 -113.41,48.96,5000 -113.39,48.93,5000 -113.37,48.91,5000 -113.36,48.89,5000 -113.36,48.86,5000 -113.36,48.83,5000 -113.36,48.81,5000 -113.36,48.78,5000 -113.36,48.75,5000 -113.36,48.73,5000 -113.36,48.70,5000 -113.37,48.67,5000 -113.37,48.65,5000 -113.37,48.62,5000 -113.38,48.60,5000 -113.38,48.58,5000 -113.38,48.54,5000 -113.38,48.52,5000 -113.39,48.51,5000 -113.42,48.51,5000 -113.45,48.53,5000 -113.49,48.55,5000 -113.53,48.56,5000 -113.56,48.56,5000 -113.59,48.56,5000 -113.63,48.57,5000 -113.66,48.58,5000 -113.68,48.60,5000 -113.71,48.62,5000 -113.73,48.64,5000 -113.76,48.67,5000 -113.78,48.69,5000 -113.81,48.71,5000 -113.84,48.73,5000 -113.87,48.75,5000 -113.90,48.76,5000 -113.93,48.78,5000 -113.96,48.79,5000 -113.98,48.80,5000 -114.00,48.82,5000 -114.02,48.83,5000 -114.05,48.85,5000 -114.07,48.87,5000 -114.10,48.89,5000 -114.12,48.91,5000 -114.15,48.93,5000 -114.18,48.95,5000 -114.20,48.98,5000 -114.22,49.00,5000 -114.23,49.02,5000 -114.24,49.05,5000 -114.25,49.07,5000 -114.25,49.10,5000 -114.26,49.12,5000 -114.26,49.15,5000 -114.26,49.17,5000 -114.06,49.25,5000 
          </coordinates>
        </LinearRing>
      </outerBoundaryIs>
      <innerBoundaryIs>
        <LinearRing>
          <coordinates>
-114.03,49.14,6000 -114.01,49.13,6000 -113.98,49.13,6000 -113.96,49.12,6000 -113.93,49.12,6000 -113.91,49.11,6000 -113.89,49.10,6000 -113.86,49.10,6000 -113.84,49.09,6000 -113.82,49.09,6000 -113.81,49.08,6000 -113.79,49.08,6000 -113.77,49.07,6000 -113.76,49.07,6000 -113.73,49.06,6000 -113.72,49.06,6000 -113.70,49.05,6000 -113.69,49.04,6000 -113.68,49.03,6000 -113.66,49.02,6000 -113.65,49.01,6000 -113.63,49.00,6000 -113.61,48.99,6000 -113.60,48.97,6000 -113.58,48.96,6000 -113.57,48.94,6000 -113.56,48.93,6000 -113.55,48.91,6000 -113.55,48.90,6000 -113.55,48.89,6000 -113.56,48.87,6000 -113.56,48.86,6000 -113.57,48.84,6000 -113.59,48.82,6000 -113.60,48.81,6000 -113.61,48.79,6000 -113.63,48.78,6000 -113.64,48.76,6000 -113.65,48.75,6000 -113.66,48.74,6000 -113.67,48.73,6000 -113.68,48.72,6000 -113.69,48.72,6000 -113.70,48.73,6000 -113.71,48.73,6000 -113.73,48.74,6000 -113.75,48.75,6000 -113.77,48.76,6000 -113.79,48.78,6000 -113.81,48.79,6000 -113.83,48.80,6000 -113.86,48.81,6000 -113.88,48.82,6000 -113.90,48.84,6000 -113.91,48.85,6000 -113.93,48.85,6000 -113.94,48.86,6000 -113.97,48.87,6000 -113.97,48.87,6000 -113.98,48.88,6000 -113.99,48.89,6000 -114.00,48.90,6000 -114.01,48.91,6000 -114.02,48.92,6000 -114.03,48.93,6000 -114.04,48.95,6000 -114.05,48.96,6000 -114.06,48.98,6000 -114.08,48.99,6000 -114.09,49.01,6000 -114.03,49.14,6000 
          </coordinates>
        </LinearRing>
      </innerBoundaryIs>
  </Polygon>
 </MultiGeometry>
</Placemark>
<Placemark>
  <name>50%</name>
  <visibility>1</visibility>
  <styleUrl>#poly_50</styleUrl>
  <MultiGeometry>
    <Polygon>
      <outerBoundaryIs>
        <LinearRing>
          <coordinates>
-121.54,40.60,6000 -121.52,40.60,6000 -121.49,40.61,6000 -121.47,40.61,6000 -121.44,40.62,6000 -121.42,40.62,6000 -121.39,40.62,6000 -121.37,40.62,6000 -121.34,40.62,6000 -121.32,40.62,6000 -121.30,40.62,6000 -121.27,40.61,6000 -121.24,40.60,6000 -121.22,40.60,6000 -121.19,40.59,6000 -121.17,40.58,6000 -121.15,40.57,6000 -121.13,40.55,6000 -121.12,40.54,6000 -121.11,40.53,6000 -121.10,40.51,6000 -121.10,40.49,6000 -121.10,40.47,6000 -121.10,40.45,6000 -121.10,40.43,6000 -121.10,40.41,6000 -121.11,40.39,6000 -121.11,40.37,6000 -121.12,40.35,6000 -121.12,40.33,6000 -121.13,40.31,6000 -121.14,40.30,6000 -121.16,40.28,6000 -121.17,40.26,6000 -121.18,40.24,6000 -121.19,40.23,6000 -121.20,40.21,6000 -121.21,40.20,6000 -121.23,40.18,6000 -121.24,40.17,6000 -121.26,40.17,6000 -121.28,40.16,6000 -121.30,40.15,6000 -121.32,40.14,6000 -121.34,40.12,6000 -121.36,40.11,6000 -121.38,40.09,6000 -121.40,40.08,6000 -121.41,40.08,6000 -121.43,40.08,6000 -121.44,40.09,6000 -121.45,40.11,6000 -121.46,40.13,6000 -121.47,40.14,6000 -121.48,40.16,6000 -121.49,40.17,6000 -121.50,40.19,6000 -121.51,40.21,6000 -121.52,40.23,6000 -121.53,40.25,6000 -121.54,40.26,6000 -121.55,40.28,6000 -121.56,40.30,6000 -121.57,40.32,6000 -121.57,40.34,6000 -121.58,40.36,6000 -121.59,40.38,6000 -121.59,40.39,6000 -121.60,40.41,6000 -121.60,40.43,6000 -121.61,40.45,6000 -121.61,40.47,6000 -121.54,40.60,6000 
          </coordinates>
        </LinearRing>
      </outerBoundaryIs>
      <innerBoundaryIs>
        <LinearRing>
          <coordinates>
-121.52,40.52,7000 -121.50,40.52,7000 -121.49,40.53,7000 -121.47,40.53,7000 -121.45,40.54,7000 -121.44,40.54,7000 -121.42,40.55,7000 -121.41,40.55,7000 -121.39,40.56,7000 -121.38,40.56,7000 -121.36,40.56,7000 -121.35,40.56,7000 -121.33,40.57,7000 -121.32,40.57,7000 -121.31,40.57,7000 -121.30,40.57,7000 -121.28,40.57,7000 -121.26,40.57,7000 -121.25,40.57,7000 -121.24,40.56,7000 -121.23,40.55,7000 -121.22,40.54,7000 -121.21,40.53,7000 -121.21,40.52,7000 -121.20,40.51,7000 -121.20,40.50,7000 -121.20,40.49,7000 -121.20,40.48,7000 -121.20,40.46,7000 -121.20,40.45,7000 -121.20,40.43,7000 -121.20,40.42,7000 -121.20,40.41,7000 -121.20,40.39,7000 -121.20,40.38,7000 -121.20,40.37,7000 -121.20,40.36,7000 -121.20,40.35,7000 -121.20,40.33,7000 -121.20,40.32,7000 -121.20,40.31,7000 -121.21,40.31,7000 -121.23,40.30,7000 -121.24,40.30,7000 -121.25,40.29,7000 -121.26,40.29,7000 -121.28,40.28,7000 -121.30,40.28,7000 -121.31,40.27,7000 -121.33,40.27,7000 -121.35,40.26,7000 -121.37,40.26,7000 -121.38,40.25,7000 -121.40,40.25,7000 -121.41,40.24,7000 -121.43,40.24,7000 -121.44,40.24,7000 -121.45,40.24,7000 -121.46,40.24,7000 -121.47,40.25,7000 -121.48,40.26,7000 -121.48,40.27,7000 -121.48,40.28,7000 -121.48,40.29,7000 -121.49,40.31,7000 -121.49,40.32,7000 -121.50,40.33,7000 -121.50,40.34,7000 -121.50,40.35,7000 -121.51,40.36,7000 -121.51,40.37,7000 -121.52,40.38,7000 -121.52,40.39,7000 -121.52,40.40,7000 -121.53,40.42,7000 -121.53,40.43,7000 -121.54,40.44,7000 -121.54,40.45,7000 -121.55,40.47,7000 -121.55,40.48,7000 -121.52,40.52,7000 
          </coordinates>
        </LinearRing>
      </innerBoundaryIs>
  </Polygon>
 </MultiGeometry>
</Placemark>
<Placemark>
  <name>50%</name>
  <visibility>1</visibility>
  <styleUrl>#poly_50</styleUrl>
  <MultiGeometry>
    <Polygon>
      <outerBoundaryIs>
        <LinearRing>
          <coordinates>
-122.90,41.22,6000 -122.88,41.22,6000 -122.87,41.22,6000 -122.85,41.22,6000 -122.84,41.23,6000 -122.82,41.23,6000 -122.81,41.23,6000 -122.79,41.23,6000 -122.78,41.23,6000 -122.76,41.23,6000 -122.75,41.23,6000 -122.74,41.23,6000 -122.73,41.22,6000 -122.72,41.22,6000 -122.71,41.22,6000 -122.70,41.21,6000 -122.70,41.21,6000 -122.69,41.21,6000 -122.69,41.20,6000 -122.69,41.20,6000 -122.69,41.19,6000 -122.69,41.18,6000 -122.69,41.18,6000 -122.69,41.17,6000 -122.70,41.16,6000 -122.70,41.15,6000 -122.70,41.14,6000 -122.71,41.13,6000 -122.71,41.12,6000 -122.72,41.11,6000 -122.73,41.10,6000 -122.73,41.10,6000 -122.74,41.09,6000 -122.75,41.08,6000 -122.75,41.07,6000 -122.76,41.06,6000 -122.77,41.05,6000 -122.77,41.04,6000 -122.78,41.03,6000 -122.78,41.02,6000 -122.79,41.02,6000 -122.79,41.01,6000 -122.80,41.00,6000 -122.80,41.00,6000 -122.81,40.98,6000 -122.82,40.98,6000 -122.82,40.98,6000 -122.83,40.98,6000 -122.84,40.98,6000 -122.85,40.98,6000 -122.86,40.97,6000 -122.88,40.97,6000 -122.89,40.97,6000 -122.90,40.98,6000 -122.91,40.99,6000 -122.91,40.99,6000 -122.92,41.00,6000 -122.92,41.01,6000 -122.92,41.01,6000 -122.92,41.02,6000 -122.93,41.03,6000 -122.93,41.03,6000 -122.93,41.04,6000 -122.94,41.05,6000 -122.94,41.06,6000 -122.94,41.07,6000 -122.94,41.08,6000 -122.94,41.09,6000 -122.95,41.10,6000 -122.95,41.11,6000 -122.95,41.12,6000 -122.95,41.13,6000 -122.96,41.14,6000 -122.96,41.15,6000 -122.96,41.16,6000 -122.90,41.22,6000 
          </coordinates>
        </LinearRing>
      </outerBoundaryIs>
  </Polygon>
 </MultiGeometry>
</Placemark>
<Placemark>
  <name>50%</name>
  <visibility>1</visibility>
  <styleUrl>#poly_50</styleUrl>
  <MultiGeometry>
    <Polygon>
      <outerBoundaryIs>
        <LinearRing>
          <coordinates>
-120.87,39.78,6000 -120.72,39.81,6000 -120.59,39.81,6000 -120.50,39.77,6000 -120.41,39.69,6000 -120.30,39.62,6000 -120.18,39.54,6000 -120.08,39.45,6000 -120.03,39.36,6000 -120.00,39.26,6000 -119.96,39.15,6000 -119.91,39.06,6000 -119.86,38.96,6000 -119.80,38.86,6000 -119.74,38.77,6000 -119.64,38.68,6000 -119.54,38.60,6000 -119.44,38.53,6000 -119.37,38.46,6000 -119.30,38.39,6000 -119.24,38.30,6000 -119.19,38.21,6000 -119.15,38.11,6000 -119.10,38.01,6000 -119.05,37.92,6000 -118.98,37.83,6000 -118.90,37.75,6000 -118.80,37.64,6000 -118.73,37.56,6000 -118.64,37.46,6000 -118.55,37.35,6000 -118.47,37.25,6000 -118.40,37.15,6000 -118.33,37.03,6000 -118.28,36.91,6000 -118.25,36.79,6000 -118.22,36.69,6000 -118.20,36.58,6000 -118.21,36.48,6000 -118.24,36.41,6000 -118.37,36.34,6000 -118.52,36.31,6000 -118.62,36.31,6000 -118.70,36.37,6000 -118.75,36.46,6000 -118.80,36.58,6000 -118.88,36.72,6000 -118.95,36.82,6000 -119.05,36.93,6000 -119.15,37.04,6000 -119.24,37.15,6000 -119.33,37.24,6000 -119.45,37.34,6000 -119.56,37.41,6000 -119.66,37.49,6000 -119.73,37.59,6000 -119.78,37.71,6000 -119.86,37.85,6000 -119.92,37.93,6000 -119.99,38.02,6000 -120.08,38.12,6000 -120.16,38.22,6000 -120.23,38.33,6000 -120.30,38.44,6000 -120.36,38.56,6000 -120.40,38.69,6000 -120.45,38.83,6000 -120.49,38.96,6000 -120.53,39.08,6000 -120.57,39.19,6000 -120.63,39.32,6000 -120.69,39.41,6000 -120.74,39.50,6000 -120.80,39.57,6000 -120.87,39.78,6000 
          </coordinates>
        </LinearRing>
      </outerBoundaryIs>
      <innerBoundaryIs>
        <LinearRing>
          <coordinates>
-120.63,39.76,7000 -120.53,39.72,7000 -120.44,39.66,7000 -120.34,39.59,7000 -120.26,39.52,7000 -120.18,39.43,7000 -120.11,39.34,7000 -120.05,39.26,7000 -120.01,39.16,7000 -119.98,39.07,7000 -119.94,38.97,7000 -119.88,38.89,7000 -119.81,38.81,7000 -119.73,38.73,7000 -119.66,38.65,7000 -119.57,38.57,7000 -119.47,38.49,7000 -119.39,38.41,7000 -119.34,38.33,7000 -119.30,38.25,7000 -119.22,38.12,7000 -119.15,38.03,7000 -119.07,37.92,7000 -118.98,37.81,7000 -118.88,37.69,7000 -118.79,37.57,7000 -118.71,37.47,7000 -118.62,37.36,7000 -118.54,37.26,7000 -118.46,37.16,7000 -118.39,37.07,7000 -118.34,36.98,7000 -118.29,36.86,7000 -118.27,36.75,7000 -118.25,36.64,7000 -118.26,36.55,7000 -118.30,36.45,7000 -118.37,36.36,7000 -118.45,36.33,7000 -118.54,36.36,7000 -118.65,36.44,7000 -118.74,36.53,7000 -118.79,36.61,7000 -118.82,36.70,7000 -118.86,36.80,7000 -118.93,36.90,7000 -119.01,36.99,7000 -119.12,37.09,7000 -119.23,37.19,7000 -119.34,37.29,7000 -119.43,37.37,7000 -119.54,37.47,7000 -119.62,37.54,7000 -119.70,37.63,7000 -119.76,37.71,7000 -119.82,37.80,7000 -119.88,37.90,7000 -119.95,38.02,7000 -120.01,38.11,7000 -120.08,38.22,7000 -120.16,38.33,7000 -120.23,38.45,7000 -120.30,38.55,7000 -120.35,38.65,7000 -120.40,38.77,7000 -120.42,38.88,7000 -120.43,38.98,7000 -120.46,39.08,7000 -120.51,39.19,7000 -120.56,39.30,7000 -120.62,39.40,7000 -120.66,39.48,7000 -120.70,39.59,7000 -120.71,39.67,7000 -120.63,39.76,7000 
          </coordinates>
        </LinearRing>
      </innerBoundaryIs>
  </Polygon>
 </MultiGeometry>
</Placemark>
<Placemark>
  <name>50%</name>
  <visibility>1</visibility>
  <styleUrl>#poly_50</styleUrl>
  <MultiGeometry>
    <Polygon>
      <outerBoundaryIs>
        <LinearRing>
          <coordinates>
-115.92,51.66,6000 -115.91,51.66,6000 -115.90,51.66,6000 -115.89,51.65,6000 -115.88,51.65,6000 -115.87,51.64,6000 -115.85,51.63,6000 -115.84,51.62,6000 -115.82,51.62,6000 -115.81,51.61,6000 -115.79,51.60,6000 -115.77,51.59,6000 -115.76,51.58,6000 -115.74,51.57,6000 -115.72,51.57,6000 -115.71,51.56,6000 -115.70,51.55,6000 -115.68,51.54,6000 -115.67,51.53,6000 -115.66,51.53,6000 -115.65,51.52,6000 -115.64,51.51,6000 -115.62,51.50,6000 -115.62,51.49,6000 -115.61,51.48,6000 -115.61,51.47,6000 -115.61,51.46,6000 -115.61,51.45,6000 -115.60,51.44,6000 -115.60,51.43,6000 -115.59,51.42,6000 -115.59,51.41,6000 -115.58,51.40,6000 -115.57,51.38,6000 -115.57,51.38,6000 -115.56,51.37,6000 -115.56,51.36,6000 -115.57,51.35,6000 -115.58,51.35,6000 -115.57,51.35,6000 -115.59,51.36,6000 -115.60,51.36,6000 -115.61,51.37,6000 -115.63,51.37,6000 -115.64,51.37,6000 -115.66,51.38,6000 -115.68,51.38,6000 -115.70,51.39,6000 -115.72,51.39,6000 -115.74,51.40,6000 -115.76,51.40,6000 -115.78,51.41,6000 -115.80,51.41,6000 -115.82,51.42,6000 -115.83,51.42,6000 -115.85,51.43,6000 -115.86,51.43,6000 -115.88,51.44,6000 -115.90,51.44,6000 -115.91,51.45,6000 -115.92,51.45,6000 -115.93,51.46,6000 -115.94,51.47,6000 -115.95,51.48,6000 -115.95,51.49,6000 -115.95,51.50,6000 -115.95,51.51,6000 -115.95,51.52,6000 -115.95,51.53,6000 -115.95,51.54,6000 -115.95,51.55,6000 -115.95,51.56,6000 -115.95,51.57,6000 -115.95,51.59,6000 -115.94,51.60,6000 -115.94,51.61,6000 -115.94,51.62,6000 -115.93,51.64,6000 -115.93,51.65,6000 -115.92,51.66,6000 
          </coordinates>
        </LinearRing>
      </outerBoundaryIs>
  </Polygon>
 </MultiGeometry>
</Placemark>
<Placemark>
  <name>50%</name>
  <visibility>1</visibility>
  <styleUrl>#poly_50</styleUrl>
  <MultiGeometry>
    <Polygon>
      <outerBoundaryIs>
        <LinearRing>
          <coordinates>
-115.92,41.80,6000 -115.90,41.80,6000 -115.87,41.81,6000 -115.85,41.81,6000 -115.83,41.80,6000 -115.82,41.79,6000 -115.81,41.78,6000 -115.81,41.77,6000 -115.81,41.76,6000 -115.81,41.74,6000 -115.81,41.73,6000 -115.81,41.71,6000 -115.82,41.69,6000 -115.82,41.67,6000 -115.82,41.65,6000 -115.83,41.64,6000 -115.83,41.62,6000 -115.84,41.61,6000 -115.84,41.60,6000 -115.84,41.58,6000 -115.85,41.59,6000 -115.87,41.57,6000 -115.88,41.56,6000 -115.89,41.55,6000 -115.90,41.54,6000 -115.91,41.53,6000 -115.93,41.51,6000 -115.94,41.50,6000 -115.96,41.49,6000 -115.97,41.47,6000 -115.99,41.46,6000 -116.00,41.44,6000 -116.02,41.43,6000 -116.03,41.42,6000 -116.04,41.41,6000 -116.05,41.40,6000 -116.06,41.39,6000 -116.07,41.39,6000 -116.08,41.39,6000 -116.08,41.40,6000 -116.09,41.41,6000 -116.09,41.42,6000 -116.10,41.44,6000 -116.10,41.45,6000 -116.11,41.47,6000 -116.11,41.49,6000 -116.12,41.51,6000 -116.12,41.52,6000 -116.12,41.54,6000 -116.13,41.55,6000 -116.13,41.56,6000 -116.13,41.58,6000 -116.14,41.59,6000 -116.13,41.60,6000 -116.12,41.62,6000 -116.11,41.63,6000 -116.10,41.64,6000 -116.09,41.65,6000 -116.08,41.66,6000 -116.07,41.67,6000 -116.06,41.68,6000 -116.05,41.70,6000 -116.03,41.71,6000 -116.02,41.72,6000 -116.00,41.74,6000 -115.99,41.75,6000 -115.92,41.80,6000 
          </coordinates>
        </LinearRing>
      </outerBoundaryIs>
  </Polygon>
 </MultiGeometry>
</Placemark>
<Placemark>
  <name>50%</name>
  <visibility>1</visibility>
  <styleUrl>#poly_50</styleUrl>
  <MultiGeometry>
    <Polygon>
      <outerBoundaryIs>
        <LinearRing>
          <coordinates>
-114.03,49.14,6000 -114.01,49.13,6000 -113.98,49.13,6000 -113.96,49.12,6000 -113.93,49.12,6000 -113.91,49.11,6000 -113.89,49.10,6000 -113.86,49.10,6000 -113.84,49.09,6000 -113.82,49.09,6000 -113.81,49.08,6000 -113.79,49.08,6000 -113.77,49.07,6000 -113.76,49.07,6000 -113.73,49.06,6000 -113.72,49.06,6000 -113.70,49.05,6000 -113.69,49.04,6000 -113.68,49.03,6000 -113.66,49.02,6000 -113.65,49.01,6000 -113.63,49.00,6000 -113.61,48.99,6000 -113.60,48.97,6000 -113.58,48.96,6000 -113.57,48.94,6000 -113.56,48.93,6000 -113.55,48.91,6000 -113.55,48.90,6000 -113.55,48.89,6000 -113.56,48.87,6000 -113.56,48.86,6000 -113.57,48.84,6000 -113.59,48.82,6000 -113.60,48.81,6000 -113.61,48.79,6000 -113.63,48.78,6000 -113.64,48.76,6000 -113.65,48.75,6000 -113.66,48.74,6000 -113.67,48.73,6000 -113.68,48.72,6000 -113.69,48.72,6000 -113.70,48.73,6000 -113.71,48.73,6000 -113.73,48.74,6000 -113.75,48.75,6000 -113.77,48.76,6000 -113.79,48.78,6000 -113.81,48.79,6000 -113.83,48.80,6000 -113.86,48.81,6000 -113.88,48.82,6000 -113.90,48.84,6000 -113.91,48.85,6000 -113.93,48.85,6000 -113.94,48.86,6000 -113.97,48.87,6000 -113.97,48.87,6000 -113.98,48.88,6000 -113.99,48.89,6000 -114.00,48.90,6000 -114.01,48.91,6000 -114.02,48.92,6000 -114.03,48.93,6000 -114.04,48.95,6000 -114.05,48.96,6000 -114.06,48.98,6000 -114.08,48.99,6000 -114.09,49.01,6000 -114.03,49.14,6000 
          </coordinates>
        </LinearRing>
      </outerBoundaryIs>
  </Polygon>
 </MultiGeometry>
</Placemark>
<Placemark>
  <name>50%</name>
  <visibility>1</visibility>
  <styleUrl>#poly_50</styleUrl>
  <MultiGeometry>
    <Polygon>
      <outerBoundaryIs>
        <LinearRing>
          <coordinates>
-115.59,44.79,6000 -115.56,44.78,6000 -115.54,44.75,6000 -115.52,44.70,6000 -115.49,44.66,6000 -115.46,44.62,6000 -115.41,44.60,6000 -115.36,44.59,6000 -115.30,44.58,6000 -115.25,44.57,6000 -115.20,44.56,6000 -115.15,44.54,6000 -115.10,44.53,6000 -115.05,44.52,6000 -114.99,44.51,6000 -114.94,44.51,6000 -114.89,44.51,6000 -114.85,44.51,6000 -114.80,44.49,6000 -114.77,44.46,6000 -114.74,44.43,6000 -114.70,44.39,6000 -114.67,44.35,6000 -114.65,44.31,6000 -114.62,44.27,6000 -114.60,44.23,6000 -114.58,44.19,6000 -114.54,44.15,6000 -114.51,44.13,6000 -114.47,44.10,6000 -114.44,44.08,6000 -114.42,44.06,6000 -114.39,44.03,6000 -114.37,44.00,6000 -114.34,43.97,6000 -114.31,43.93,6000 -114.29,43.90,6000 -114.28,43.87,6000 -114.30,43.84,6000 -114.35,43.82,6000 -114.41,43.80,6000 -114.45,43.78,6000 -114.50,43.76,6000 -114.54,43.74,6000 -114.59,43.72,6000 -114.64,43.70,6000 -114.70,43.68,6000 -114.75,43.67,6000 -114.80,43.66,6000 -114.86,43.65,6000 -114.91,43.64,6000 -114.95,43.63,6000 -115.00,43.62,6000 -115.05,43.62,6000 -115.10,43.62,6000 -115.15,43.63,6000 -115.20,43.65,6000 -115.25,43.67,6000 -115.30,43.69,6000 -115.34,43.72,6000 -115.37,43.73,6000 -115.38,43.75,6000 -115.38,43.78,6000 -115.38,43.82,6000 -115.38,43.85,6000 -115.38,43.89,6000 -115.38,43.93,6000 -115.38,43.97,6000 -115.39,44.01,6000 -115.40,44.06,6000 -115.41,44.10,6000 -115.42,44.14,6000 -115.44,44.18,6000 -115.46,44.21,6000 -115.47,44.24,6000 -115.48,44.27,6000 -115.49,44.30,6000 -115.50,44.35,6000 -115.51,44.39,6000 -115.52,44.44,6000 -115.53,44.48,6000 -115.55,44.52,6000 -115.57,44.56,6000 -115.58,44.60,6000 -115.59,44.64,6000 -115.59,44.68,6000 -115.60,44.73,6000 -115.60,44.77,6000 -115.59,44.79,6000 
          </coordinates>
        </LinearRing>
      </outerBoundaryIs>
      <innerBoundaryIs>
        <LinearRing>
          <coordinates>
-115.26,44.38,7000 -115.22,44.39,7000 -115.19,44.40,7000 -115.15,44.40,7000 -115.12,44.41,7000 -115.09,44.41,7000 -115.05,44.41,7000 -115.02,44.41,7000 -114.99,44.40,7000 -114.95,44.40,7000 -114.92,44.39,7000 -114.89,44.37,7000 -114.86,44.36,7000 -114.83,44.35,7000 -114.81,44.34,7000 -114.78,44.33,7000 -114.77,44.32,7000 -114.76,44.30,7000 -114.75,44.29,7000 -114.74,44.27,7000 -114.73,44.25,7000 -114.72,44.23,7000 -114.70,44.20,7000 -114.68,44.18,7000 -114.66,44.16,7000 -114.64,44.15,7000 -114.62,44.13,7000 -114.59,44.11,7000 -114.57,44.09,7000 -114.55,44.08,7000 -114.52,44.06,7000 -114.50,44.04,7000 -114.49,44.02,7000 -114.48,44.00,7000 -114.46,43.97,7000 -114.45,43.94,7000 -114.45,43.92,7000 -114.45,43.89,7000 -114.45,43.87,7000 -114.46,43.85,7000 -114.48,43.83,7000 -114.50,43.82,7000 -114.52,43.81,7000 -114.55,43.80,7000 -114.59,43.79,7000 -114.62,43.78,7000 -114.65,43.77,7000 -114.68,43.76,7000 -114.71,43.75,7000 -114.75,43.74,7000 -114.78,43.73,7000 -114.81,43.72,7000 -114.85,43.72,7000 -114.88,43.71,7000 -114.91,43.71,7000 -114.95,43.70,7000 -114.99,43.70,7000 -115.02,43.70,7000 -115.06,43.70,7000 -115.09,43.71,7000 -115.12,43.71,7000 -115.15,43.72,7000 -115.18,43.72,7000 -115.21,43.74,7000 -115.23,43.75,7000 -115.25,43.77,7000 -115.26,43.79,7000 -115.27,43.81,7000 -115.27,43.84,7000 -115.27,43.86,7000 -115.28,43.89,7000 -115.28,43.91,7000 -115.28,43.94,7000 -115.28,43.96,7000 -115.28,43.99,7000 -115.28,44.01,7000 -115.28,44.04,7000 -115.28,44.06,7000 -115.28,44.09,7000 -115.28,44.11,7000 -115.28,44.14,7000 -115.29,44.16,7000 -115.29,44.19,7000 -115.29,44.21,7000 -115.30,44.24,7000 -115.30,44.26,7000 -115.31,44.29,7000 -115.26,44.38,7000 
          </coordinates>
        </LinearRing>
      </innerBoundaryIs>
  </Polygon>
 </MultiGeometry>
</Placemark>
<Placemark>
  <name>50%</name>
  <visibility>1</visibility>
  <styleUrl>#poly_50</styleUrl>
  <MultiGeometry>
    <Polygon>
      <outerBoundaryIs>
        <LinearRing>
          <coordinates>
-111.55,45.37,6000 -111.44,45.40,6000 -111.32,45.42,6000 -111.22,45.45,6000 -111.12,45.46,6000 -111.04,45.47,6000 -110.95,45.45,6000 -110.90,45.42,6000 -110.80,45.40,6000 -110.72,45.40,6000 -110.62,45.41,6000 -110.52,45.43,6000 -110.41,45.44,6000 -110.31,45.45,6000 -110.22,45.45,6000 -110.11,45.43,6000 -110.00,45.40,6000 -109.91,45.37,6000 -109.83,45.33,6000 -109.75,45.29,6000 -109.68,45.25,6000 -109.62,45.20,6000 -109.57,45.16,6000 -109.54,45.10,6000 -109.53,45.04,6000 -109.55,44.98,6000 -109.59,44.92,6000 -109.65,44.85,6000 -109.71,44.79,6000 -109.75,44.73,6000 -109.79,44.68,6000 -109.82,44.62,6000 -109.86,44.56,6000 -109.89,44.49,6000 -109.90,44.43,6000 -109.88,44.37,6000 -109.84,44.31,6000 -109.80,44.25,6000 -109.75,44.18,6000 -109.71,44.11,6000 -109.69,44.06,6000 -109.68,44.01,6000 -109.72,43.94,6000 -109.77,43.89,6000 -109.83,43.82,6000 -109.91,43.75,6000 -109.99,43.68,6000 -110.06,43.61,6000 -110.12,43.56,6000 -110.19,43.50,6000 -110.25,43.44,6000 -110.30,43.40,6000 -110.35,43.37,6000 -110.45,43.35,6000 -110.57,43.35,6000 -110.66,43.34,6000 -110.77,43.32,6000 -110.88,43.31,6000 -110.97,43.31,6000 -111.05,43.35,6000 -111.11,43.42,6000 -111.15,43.49,6000 -111.16,43.55,6000 -111.16,43.61,6000 -111.14,43.67,6000 -111.11,43.73,6000 -111.07,43.80,6000 -111.05,43.88,6000 -111.05,43.95,6000 -111.06,44.03,6000 -111.08,44.10,6000 -111.10,44.17,6000 -111.13,44.23,6000 -111.18,44.28,6000 -111.23,44.33,6000 -111.27,44.38,6000 -111.32,44.43,6000 -111.37,44.49,6000 -111.44,44.53,6000 -111.53,44.56,6000 -111.64,44.59,6000 -111.76,44.61,6000 -111.86,44.63,6000 -111.98,44.65,6000 -112.09,44.67,6000 -112.18,44.69,6000 -112.26,44.72,6000 -112.29,44.76,6000 -112.31,44.81,6000 -112.31,44.87,6000 -112.28,44.93,6000 -112.22,44.98,6000 -112.13,45.02,6000 -112.03,45.07,6000 -111.95,45.10,6000 -111.83,45.14,6000 -111.74,45.15,6000 -111.55,45.37,6000 
          </coordinates>
        </LinearRing>
      </outerBoundaryIs>
      <innerBoundaryIs>
        <LinearRing>
          <coordinates>
-110.81,45.36,6000 -110.80,45.34,6000 -110.80,45.32,6000 -110.79,45.30,6000 -110.78,45.28,6000 -110.77,45.26,6000 -110.75,45.24,6000 -110.74,45.22,6000 -110.72,45.20,6000 -110.70,45.18,6000 -110.68,45.16,6000 -110.65,45.14,6000 -110.63,45.13,6000 -110.61,45.11,6000 -110.59,45.09,6000 -110.58,45.08,6000 -110.56,45.06,6000 -110.54,45.06,6000 -110.52,45.05,6000 -110.50,45.04,6000 -110.48,45.03,6000 -110.45,45.01,6000 -110.42,45.00,6000 -110.40,44.98,6000 -110.37,44.97,6000 -110.36,44.95,6000 -110.35,44.93,6000 -110.35,44.91,6000 -110.35,44.89,6000 -110.36,44.86,6000 -110.38,44.84,6000 -110.39,44.82,6000 -110.41,44.79,6000 -110.43,44.77,6000 -110.45,44.76,6000 -110.47,44.75,6000 -110.49,44.75,6000 -110.52,44.75,6000 -110.55,44.76,6000 -110.59,44.77,6000 -110.62,44.78,6000 -110.65,44.80,6000 -110.68,44.81,6000 -110.71,44.82,6000 -110.73,44.83,6000 -110.76,44.84,6000 -110.77,44.85,6000 -110.78,44.87,6000 -110.79,44.89,6000 -110.80,44.91,6000 -110.81,44.92,6000 -110.81,44.95,6000 -110.82,44.97,6000 -110.83,44.99,6000 -110.83,45.01,6000 -110.84,45.04,6000 -110.84,45.06,6000 -110.84,45.08,6000 -110.84,45.10,6000 -110.84,45.12,6000 -110.83,45.14,6000 -110.83,45.17,6000 -110.82,45.19,6000 -110.82,45.21,6000 -110.81,45.23,6000 -110.81,45.36,6000 
          </coordinates>
        </LinearRing>
      </innerBoundaryIs>
      <innerBoundaryIs>
        <LinearRing>
          <coordinates>
-111.31,45.39,7000 -111.20,45.40,7000 -111.11,45.41,7000 -111.04,45.40,7000 -110.99,45.36,7000 -110.98,45.27,7000 -110.98,45.22,7000 -110.98,45.15,7000 -110.98,45.07,7000 -110.98,45.00,7000 -110.98,44.93,7000 -110.97,44.87,7000 -110.94,44.79,7000 -110.91,44.73,7000 -110.85,44.68,7000 -110.79,44.65,7000 -110.72,44.62,7000 -110.64,44.60,7000 -110.58,44.58,7000 -110.51,44.53,7000 -110.45,44.50,7000 -110.39,44.53,7000 -110.33,44.58,7000 -110.28,44.62,7000 -110.23,44.66,7000 -110.19,44.71,7000 -110.15,44.77,7000 -110.12,44.83,7000 -110.13,44.89,7000 -110.18,44.94,7000 -110.26,44.99,7000 -110.34,45.04,7000 -110.40,45.09,7000 -110.45,45.16,7000 -110.47,45.24,7000 -110.45,45.30,7000 -110.40,45.33,7000 -110.33,45.36,7000 -110.24,45.38,7000 -110.16,45.38,7000 -110.07,45.36,7000 -109.98,45.33,7000 -109.89,45.29,7000 -109.82,45.25,7000 -109.75,45.20,7000 -109.70,45.15,7000 -109.68,45.09,7000 -109.68,45.04,7000 -109.70,44.98,7000 -109.74,44.91,7000 -109.78,44.85,7000 -109.82,44.79,7000 -109.88,44.72,7000 -109.92,44.66,7000 -109.96,44.61,7000 -110.00,44.56,7000 -110.02,44.54,7000 -110.08,44.48,7000 -110.12,44.42,7000 -110.07,44.38,7000 -109.98,44.32,7000 -109.93,44.27,7000 -109.88,44.22,7000 -109.84,44.16,7000 -109.81,44.10,7000 -109.80,44.04,7000 -109.81,43.97,7000 -109.84,43.92,7000 -109.88,43.88,7000 -109.93,43.84,7000 -110.00,43.79,7000 -110.04,43.75,7000 -110.08,43.69,7000 -110.13,43.64,7000 -110.19,43.59,7000 -110.27,43.55,7000 -110.35,43.53,7000 -110.44,43.52,7000 -110.55,43.50,7000 -110.65,43.49,7000 -110.75,43.49,7000 -110.84,43.49,7000 -110.91,43.49,7000 -111.00,43.51,7000 -111.03,43.55,7000 -111.04,43.60,7000 -111.03,43.65,7000 -111.00,43.71,7000 -110.97,43.78,7000 -110.95,43.84,7000 -110.94,43.90,7000 -110.94,43.96,7000 -110.95,44.02,7000 -110.96,44.07,7000 -110.99,44.13,7000 -111.04,44.19,7000 -111.09,44.26,7000 -111.13,44.32,7000 -111.16,44.39,7000 -111.20,44.45,7000 -111.23,44.51,7000 -111.25,44.58,7000 -111.25,44.64,7000 -111.29,44.68,7000 -111.35,44.69,7000 -111.42,44.70,7000 -111.50,44.69,7000 -111.60,44.70,7000 -111.69,44.70,7000 -111.80,44.70,7000 -111.92,44.71,7000 -112.02,44.71,7000 -112.09,44.73,7000 -112.12,44.77,7000 -112.11,44.80,7000 -112.07,44.85,7000 -112.03,44.89,7000 -111.97,44.95,7000 -111.89,45.01,7000 -111.81,45.07,7000 -111.72,45.13,7000 -111.63,45.19,7000 -111.53,45.26,7000 -111.31,45.39,7000 
          </coordinates>
        </LinearRing>
      </innerBoundaryIs>
  </Polygon>
 </MultiGeometry>
</Placemark>
<Placemark>
  <name>50%</name>
  <visibility>1</visibility>
  <styleUrl>#poly_50</styleUrl>
  <MultiGeometry>
    <Polygon>
      <outerBoundaryIs>
        <LinearRing>
          <coordinates>
-111.36,47.07,6000 -111.33,47.08,6000 -111.30,47.09,6000 -111.27,47.11,6000 -111.24,47.12,6000 -111.21,47.13,6000 -111.18,47.14,6000 -111.15,47.15,6000 -111.12,47.16,6000 -111.09,47.17,6000 -111.05,47.18,6000 -111.02,47.19,6000 -110.98,47.20,6000 -110.95,47.21,6000 -110.91,47.21,6000 -110.88,47.22,6000 -110.84,47.22,6000 -110.81,47.23,6000 -110.77,47.23,6000 -110.73,47.23,6000 -110.69,47.23,6000 -110.66,47.23,6000 -110.63,47.22,6000 -110.60,47.21,6000 -110.57,47.19,6000 -110.55,47.18,6000 -110.53,47.15,6000 -110.51,47.13,6000 -110.49,47.11,6000 -110.47,47.10,6000 -110.45,47.08,6000 -110.43,47.06,6000 -110.42,47.03,6000 -110.40,47.01,6000 -110.39,46.99,6000 -110.38,46.97,6000 -110.38,46.95,6000 -110.38,46.92,6000 -110.39,46.89,6000 -110.39,46.87,6000 -110.41,46.84,6000 -110.42,46.82,6000 -110.43,46.80,6000 -110.45,46.78,6000 -110.47,46.76,6000 -110.49,46.74,6000 -110.52,46.72,6000 -110.55,46.71,6000 -110.58,46.70,6000 -110.61,46.69,6000 -110.64,46.68,6000 -110.68,46.68,6000 -110.72,46.67,6000 -110.75,46.66,6000 -110.79,46.66,6000 -110.83,46.66,6000 -110.86,46.66,6000 -110.90,46.66,6000 -110.93,46.66,6000 -110.97,46.66,6000 -111.00,46.67,6000 -111.04,46.67,6000 -111.08,46.67,6000 -111.12,46.68,6000 -111.16,46.68,6000 -111.20,46.69,6000 -111.23,46.69,6000 -111.26,46.70,6000 -111.29,46.70,6000 -111.32,46.71,6000 -111.33,46.72,6000 -111.35,46.73,6000 -111.37,46.74,6000 -111.40,46.75,6000 -111.44,46.77,6000 -111.47,46.78,6000 -111.51,46.80,6000 -111.54,46.81,6000 -111.56,46.82,6000 -111.59,46.84,6000 -111.61,46.85,6000 -111.62,46.87,6000 -111.62,46.89,6000 -111.61,46.90,6000 -111.58,46.93,6000 -111.56,46.94,6000 -111.54,46.96,6000 -111.52,46.97,6000 -111.50,46.99,6000 -111.47,47.01,6000 -111.45,47.02,6000 -111.42,47.04,6000 -111.39,47.06,6000 -111.36,47.07,6000 
          </coordinates>
        </LinearRing>
      </outerBoundaryIs>
      <innerBoundaryIs>
        <LinearRing>
          <coordinates>
-111.11,47.09,7000 -111.09,47.10,7000 -111.06,47.11,7000 -111.04,47.11,7000 -111.01,47.12,7000 -110.99,47.13,7000 -110.97,47.13,7000 -110.94,47.14,7000 -110.92,47.14,7000 -110.89,47.15,7000 -110.87,47.15,7000 -110.84,47.15,7000 -110.81,47.15,7000 -110.78,47.15,7000 -110.75,47.14,7000 -110.72,47.14,7000 -110.69,47.13,7000 -110.67,47.13,7000 -110.65,47.12,7000 -110.63,47.12,7000 -110.62,47.12,7000 -110.61,47.11,7000 -110.60,47.10,7000 -110.58,47.09,7000 -110.56,47.07,7000 -110.54,47.06,7000 -110.52,47.04,7000 -110.50,47.02,7000 -110.49,47.00,7000 -110.48,46.99,7000 -110.47,46.97,7000 -110.47,46.95,7000 -110.47,46.94,7000 -110.47,46.92,7000 -110.48,46.90,7000 -110.49,46.88,7000 -110.50,46.86,7000 -110.51,46.84,7000 -110.52,46.83,7000 -110.53,46.81,7000 -110.53,46.80,7000 -110.54,46.79,7000 -110.56,46.78,7000 -110.58,46.78,7000 -110.60,46.77,7000 -110.62,46.77,7000 -110.64,46.76,7000 -110.67,46.75,7000 -110.70,46.75,7000 -110.73,46.74,7000 -110.75,46.74,7000 -110.78,46.73,7000 -110.80,46.73,7000 -110.83,46.73,7000 -110.86,46.73,7000 -110.88,46.74,7000 -110.91,46.74,7000 -110.93,46.75,7000 -110.95,46.76,7000 -110.97,46.76,7000 -110.99,46.76,7000 -111.01,46.77,7000 -111.03,46.77,7000 -111.06,46.78,7000 -111.08,46.79,7000 -111.10,46.79,7000 -111.12,46.80,7000 -111.15,46.81,7000 -111.18,46.82,7000 -111.21,46.83,7000 -111.23,46.84,7000 -111.26,46.85,7000 -111.28,46.86,7000 -111.30,46.86,7000 -111.32,46.87,7000 -111.36,46.88,7000 -111.37,46.89,7000 -111.37,46.89,7000 -111.37,46.89,7000 -111.36,46.90,7000 -111.33,46.92,7000 -111.32,46.93,7000 -111.31,46.94,7000 -111.29,46.95,7000 -111.28,46.96,7000 -111.26,46.97,7000 -111.25,46.99,7000 -111.23,47.00,7000 -111.21,47.02,7000 -111.19,47.03,7000 -111.17,47.05,7000 -111.15,47.06,7000 -111.13,47.08,7000 -111.11,47.09,7000 
          </coordinates>
        </LinearRing>
      </innerBoundaryIs>
  </Polygon>
 </MultiGeometry>
</Placemark>
<Placemark>
  <name>50%</name>
  <visibility>1</visibility>
  <styleUrl>#poly_50</styleUrl>
  <MultiGeometry>
    <Polygon>
      <outerBoundaryIs>
        <LinearRing>
          <coordinates>
-116.18,45.24,6000 -116.17,45.24,6000 -116.16,45.24,6000 -116.15,45.24,6000 -116.13,45.24,6000 -116.11,45.24,6000 -116.10,45.24,6000 -116.09,45.24,6000 -116.08,45.24,6000 -116.06,45.24,6000 -116.05,45.24,6000 -116.03,45.24,6000 -116.02,45.24,6000 -116.00,45.24,6000 -115.99,45.23,6000 -115.97,45.23,6000 -115.96,45.23,6000 -115.94,45.22,6000 -115.93,45.22,6000 -115.92,45.21,6000 -115.91,45.21,6000 -115.90,45.20,6000 -115.88,45.20,6000 -115.87,45.19,6000 -115.86,45.18,6000 -115.85,45.17,6000 -115.84,45.16,6000 -115.83,45.15,6000 -115.82,45.15,6000 -115.81,45.14,6000 -115.80,45.13,6000 -115.80,45.12,6000 -115.79,45.11,6000 -115.79,45.10,6000 -115.79,45.09,6000 -115.79,45.08,6000 -115.79,45.07,6000 -115.79,45.06,6000 -115.79,45.05,6000 -115.80,45.03,6000 -115.80,45.02,6000 -115.81,45.01,6000 -115.81,45.00,6000 -115.82,44.99,6000 -115.83,44.98,6000 -115.84,44.97,6000 -115.85,44.97,6000 -115.86,44.96,6000 -115.87,44.96,6000 -115.88,44.96,6000 -115.89,44.96,6000 -115.90,44.96,6000 -115.91,44.96,6000 -115.93,44.97,6000 -115.94,44.97,6000 -115.96,44.98,6000 -115.97,44.98,6000 -115.99,44.99,6000 -116.00,44.99,6000 -116.02,45.00,6000 -116.03,45.01,6000 -116.05,45.01,6000 -116.06,45.02,6000 -116.08,45.02,6000 -116.09,45.03,6000 -116.10,45.03,6000 -116.11,45.04,6000 -116.12,45.04,6000 -116.13,45.05,6000 -116.14,45.05,6000 -116.16,45.05,6000 -116.15,45.06,6000 -116.15,45.07,6000 -116.15,45.07,6000 -116.16,45.08,6000 -116.16,45.09,6000 -116.16,45.10,6000 -116.16,45.10,6000 -116.16,45.11,6000 -116.17,45.12,6000 -116.17,45.14,6000 -116.17,45.15,6000 -116.17,45.16,6000 -116.18,45.17,6000 -116.18,45.18,6000 -116.18,45.19,6000 -116.18,45.21,6000 -116.19,45.22,6000 -116.19,45.23,6000 -116.18,45.24,6000 
          </coordinates>
        </LinearRing>
      </outerBoundaryIs>
  </Polygon>
 </MultiGeometry>
</Placemark>
<Placemark>
  <name>50%</name>
  <visibility>1</visibility>
  <styleUrl>#poly_50</styleUrl>
  <MultiGeometry>
    <Polygon>
      <outerBoundaryIs>
        <LinearRing>
          <coordinates>
-115.19,50.82,6000 -115.18,50.82,6000 -115.17,50.82,6000 -115.16,50.81,6000 -115.15,50.81,6000 -115.14,50.81,6000 -115.13,50.81,6000 -115.12,50.81,6000 -115.11,50.81,6000 -115.10,50.80,6000 -115.09,50.80,6000 -115.08,50.80,6000 -115.07,50.80,6000 -115.07,50.80,6000 -115.06,50.80,6000 -115.05,50.79,6000 -115.04,50.79,6000 -115.03,50.79,6000 -115.02,50.79,6000 -115.01,50.79,6000 -115.01,50.79,6000 -115.00,50.78,6000 -114.99,50.78,6000 -114.98,50.78,6000 -114.98,50.78,6000 -114.97,50.78,6000 -114.96,50.78,6000 -114.96,50.78,6000 -114.95,50.78,6000 -114.94,50.77,6000 -114.94,50.77,6000 -114.93,50.77,6000 -114.93,50.77,6000 -114.92,50.77,6000 -114.92,50.77,6000 -114.90,50.77,6000 -114.91,50.77,6000 -114.91,50.77,6000 -114.90,50.76,6000 -114.89,50.76,6000 -114.89,50.75,6000 -114.90,50.75,6000 -114.91,50.74,6000 -114.91,50.74,6000 -114.92,50.74,6000 -114.93,50.74,6000 -114.93,50.74,6000 -114.94,50.73,6000 -114.95,50.73,6000 -114.95,50.73,6000 -114.96,50.73,6000 -114.97,50.73,6000 -114.98,50.73,6000 -114.99,50.73,6000 -115.00,50.73,6000 -115.01,50.72,6000 -115.02,50.72,6000 -115.03,50.72,6000 -115.04,50.72,6000 -115.05,50.72,6000 -115.06,50.72,6000 -115.07,50.72,6000 -115.08,50.72,6000 -115.09,50.72,6000 -115.10,50.71,6000 -115.10,50.71,6000 -115.11,50.71,6000 -115.12,50.71,6000 -115.13,50.71,6000 -115.14,50.71,6000 -115.14,50.71,6000 -115.15,50.71,6000 -115.16,50.71,6000 -115.16,50.71,6000 -115.18,50.71,6000 -115.19,50.71,6000 -115.19,50.72,6000 -115.20,50.72,6000 -115.20,50.73,6000 -115.19,50.73,6000 -115.19,50.74,6000 -115.19,50.82,6000 
          </coordinates>
        </LinearRing>
      </outerBoundaryIs>
  </Polygon>
 </MultiGeometry>
</Placemark>
<Placemark>
  <name>60%</name>
  <visibility>1</visibility>
  <styleUrl>#poly_60</styleUrl>
  <MultiGeometry>
    <Polygon>
      <outerBoundaryIs>
        <LinearRing>
          <coordinates>
-115.26,44.38,7000 -115.22,44.39,7000 -115.19,44.40,7000 -115.15,44.40,7000 -115.12,44.41,7000 -115.09,44.41,7000 -115.05,44.41,7000 -115.02,44.41,7000 -114.99,44.40,7000 -114.95,44.40,7000 -114.92,44.39,7000 -114.89,44.37,7000 -114.86,44.36,7000 -114.83,44.35,7000 -114.81,44.34,7000 -114.78,44.33,7000 -114.77,44.32,7000 -114.76,44.30,7000 -114.75,44.29,7000 -114.74,44.27,7000 -114.73,44.25,7000 -114.72,44.23,7000 -114.70,44.20,7000 -114.68,44.18,7000 -114.66,44.16,7000 -114.64,44.15,7000 -114.62,44.13,7000 -114.59,44.11,7000 -114.57,44.09,7000 -114.55,44.08,7000 -114.52,44.06,7000 -114.50,44.04,7000 -114.49,44.02,7000 -114.48,44.00,7000 -114.46,43.97,7000 -114.45,43.94,7000 -114.45,43.92,7000 -114.45,43.89,7000 -114.45,43.87,7000 -114.46,43.85,7000 -114.48,43.83,7000 -114.50,43.82,7000 -114.52,43.81,7000 -114.55,43.80,7000 -114.59,43.79,7000 -114.62,43.78,7000 -114.65,43.77,7000 -114.68,43.76,7000 -114.71,43.75,7000 -114.75,43.74,7000 -114.78,43.73,7000 -114.81,43.72,7000 -114.85,43.72,7000 -114.88,43.71,7000 -114.91,43.71,7000 -114.95,43.70,7000 -114.99,43.70,7000 -115.02,43.70,7000 -115.06,43.70,7000 -115.09,43.71,7000 -115.12,43.71,7000 -115.15,43.72,7000 -115.18,43.72,7000 -115.21,43.74,7000 -115.23,43.75,7000 -115.25,43.77,7000 -115.26,43.79,7000 -115.27,43.81,7000 -115.27,43.84,7000 -115.27,43.86,7000 -115.28,43.89,7000 -115.28,43.91,7000 -115.28,43.94,7000 -115.28,43.96,7000 -115.28,43.99,7000 -115.28,44.01,7000 -115.28,44.04,7000 -115.28,44.06,7000 -115.28,44.09,7000 -115.28,44.11,7000 -115.28,44.14,7000 -115.29,44.16,7000 -115.29,44.19,7000 -115.29,44.21,7000 -115.30,44.24,7000 -115.30,44.26,7000 -115.31,44.29,7000 -115.26,44.38,7000 
          </coordinates>
        </LinearRing>
      </outerBoundaryIs>
      <innerBoundaryIs>
        <LinearRing>
          <coordinates>
-114.99,44.25,8000 -114.97,44.24,8000 -114.95,44.23,8000 -114.94,44.21,8000 -114.92,44.20,8000 -114.90,44.19,8000 -114.88,44.18,8000 -114.87,44.17,8000 -114.85,44.16,8000 -114.83,44.15,8000 -114.81,44.14,8000 -114.79,44.13,8000 -114.77,44.13,8000 -114.75,44.12,8000 -114.74,44.11,8000 -114.72,44.10,8000 -114.70,44.09,8000 -114.69,44.08,8000 -114.67,44.07,8000 -114.65,44.06,8000 -114.64,44.04,8000 -114.63,44.03,8000 -114.62,44.01,8000 -114.62,44.00,8000 -114.62,43.98,8000 -114.62,43.96,8000 -114.62,43.94,8000 -114.63,43.92,8000 -114.63,43.90,8000 -114.64,43.89,8000 -114.64,43.87,8000 -114.64,43.85,8000 -114.65,43.84,8000 -114.65,43.83,8000 -114.66,43.83,8000 -114.67,43.83,8000 -114.69,43.82,8000 -114.71,43.82,8000 -114.74,43.81,8000 -114.76,43.80,8000 -114.79,43.80,8000 -114.82,43.79,8000 -114.84,43.79,8000 -114.87,43.78,8000 -114.89,43.78,8000 -114.92,43.78,8000 -114.94,43.78,8000 -114.97,43.78,8000 -114.99,43.78,8000 -115.02,43.78,8000 -115.04,43.78,8000 -115.06,43.78,8000 -115.08,43.79,8000 -115.10,43.80,8000 -115.11,43.81,8000 -115.12,43.83,8000 -115.13,43.85,8000 -115.14,43.87,8000 -115.15,43.88,8000 -115.16,43.90,8000 -115.17,43.91,8000 -115.17,43.93,8000 -115.18,43.94,8000 -115.18,43.95,8000 -115.19,43.96,8000 -115.19,43.97,8000 -115.18,43.99,8000 -115.17,44.00,8000 -115.17,44.01,8000 -115.16,44.03,8000 -115.15,44.04,8000 -115.14,44.06,8000 -115.13,44.08,8000 -115.12,44.09,8000 -115.11,44.11,8000 -115.10,44.13,8000 -114.99,44.25,8000 
          </coordinates>
        </LinearRing>
      </innerBoundaryIs>
  </Polygon>
 </MultiGeometry>
</Placemark>
<Placemark>
  <name>60%</name>
  <visibility>1</visibility>
  <styleUrl>#poly_60</styleUrl>
  <MultiGeometry>
    <Polygon>
      <outerBoundaryIs>
        <LinearRing>
          <coordinates>
-111.31,45.39,7000 -111.20,45.40,7000 -111.11,45.41,7000 -111.04,45.40,7000 -110.99,45.36,7000 -110.98,45.27,7000 -110.98,45.22,7000 -110.98,45.15,7000 -110.98,45.07,7000 -110.98,45.00,7000 -110.98,44.93,7000 -110.97,44.87,7000 -110.94,44.79,7000 -110.91,44.73,7000 -110.85,44.68,7000 -110.79,44.65,7000 -110.72,44.62,7000 -110.64,44.60,7000 -110.58,44.58,7000 -110.51,44.53,7000 -110.45,44.50,7000 -110.39,44.53,7000 -110.33,44.58,7000 -110.28,44.62,7000 -110.23,44.66,7000 -110.19,44.71,7000 -110.15,44.77,7000 -110.12,44.83,7000 -110.13,44.89,7000 -110.18,44.94,7000 -110.26,44.99,7000 -110.34,45.04,7000 -110.40,45.09,7000 -110.45,45.16,7000 -110.47,45.24,7000 -110.45,45.30,7000 -110.40,45.33,7000 -110.33,45.36,7000 -110.24,45.38,7000 -110.16,45.38,7000 -110.07,45.36,7000 -109.98,45.33,7000 -109.89,45.29,7000 -109.82,45.25,7000 -109.75,45.20,7000 -109.70,45.15,7000 -109.68,45.09,7000 -109.68,45.04,7000 -109.70,44.98,7000 -109.74,44.91,7000 -109.78,44.85,7000 -109.82,44.79,7000 -109.88,44.72,7000 -109.92,44.66,7000 -109.96,44.61,7000 -110.00,44.56,7000 -110.02,44.54,7000 -110.08,44.48,7000 -110.12,44.42,7000 -110.07,44.38,7000 -109.98,44.32,7000 -109.93,44.27,7000 -109.88,44.22,7000 -109.84,44.16,7000 -109.81,44.10,7000 -109.80,44.04,7000 -109.81,43.97,7000 -109.84,43.92,7000 -109.88,43.88,7000 -109.93,43.84,7000 -110.00,43.79,7000 -110.04,43.75,7000 -110.08,43.69,7000 -110.13,43.64,7000 -110.19,43.59,7000 -110.27,43.55,7000 -110.35,43.53,7000 -110.44,43.52,7000 -110.55,43.50,7000 -110.65,43.49,7000 -110.75,43.49,7000 -110.84,43.49,7000 -110.91,43.49,7000 -111.00,43.51,7000 -111.03,43.55,7000 -111.04,43.60,7000 -111.03,43.65,7000 -111.00,43.71,7000 -110.97,43.78,7000 -110.95,43.84,7000 -110.94,43.90,7000 -110.94,43.96,7000 -110.95,44.02,7000 -110.96,44.07,7000 -110.99,44.13,7000 -111.04,44.19,7000 -111.09,44.26,7000 -111.13,44.32,7000 -111.16,44.39,7000 -111.20,44.45,7000 -111.23,44.51,7000 -111.25,44.58,7000 -111.25,44.64,7000 -111.29,44.68,7000 -111.35,44.69,7000 -111.42,44.70,7000 -111.50,44.69,7000 -111.60,44.70,7000 -111.69,44.70,7000 -111.80,44.70,7000 -111.92,44.71,7000 -112.02,44.71,7000 -112.09,44.73,7000 -112.12,44.77,7000 -112.11,44.80,7000 -112.07,44.85,7000 -112.03,44.89,7000 -111.97,44.95,7000 -111.89,45.01,7000 -111.81,45.07,7000 -111.72,45.13,7000 -111.63,45.19,7000 -111.53,45.26,7000 -111.31,45.39,7000 
          </coordinates>
        </LinearRing>
      </outerBoundaryIs>
      <innerBoundaryIs>
        <LinearRing>
          <coordinates>
-110.92,44.56,8000 -110.91,44.56,8000 -110.87,44.54,8000 -110.85,44.53,8000 -110.82,44.51,8000 -110.79,44.49,8000 -110.76,44.48,8000 -110.73,44.46,8000 -110.70,44.44,8000 -110.68,44.42,8000 -110.66,44.41,8000 -110.64,44.40,8000 -110.63,44.38,8000 -110.61,44.37,8000 -110.59,44.35,8000 -110.55,44.33,8000 -110.52,44.31,8000 -110.49,44.29,8000 -110.46,44.27,8000 -110.44,44.25,8000 -110.43,44.23,8000 -110.43,44.21,8000 -110.43,44.18,8000 -110.44,44.16,8000 -110.46,44.13,8000 -110.47,44.11,8000 -110.49,44.09,8000 -110.51,44.07,8000 -110.52,44.05,8000 -110.54,44.03,8000 -110.56,44.03,8000 -110.60,44.02,8000 -110.62,44.01,8000 -110.64,43.99,8000 -110.67,43.96,8000 -110.69,43.94,8000 -110.72,43.91,8000 -110.75,43.89,8000 -110.77,43.87,8000 -110.79,43.85,8000 -110.81,43.85,8000 -110.82,43.86,8000 -110.83,43.87,8000 -110.83,43.90,8000 -110.83,43.93,8000 -110.83,43.96,8000 -110.83,43.99,8000 -110.84,44.02,8000 -110.85,44.04,8000 -110.86,44.07,8000 -110.87,44.09,8000 -110.88,44.12,8000 -110.89,44.14,8000 -110.91,44.17,8000 -110.92,44.19,8000 -110.94,44.21,8000 -110.96,44.24,8000 -110.98,44.26,8000 -111.00,44.28,8000 -111.02,44.30,8000 -111.03,44.33,8000 -111.04,44.35,8000 -111.04,44.37,8000 -111.04,44.39,8000 -111.03,44.42,8000 -111.02,44.44,8000 -111.01,44.46,8000 -111.00,44.48,8000 -110.98,44.51,8000 -110.97,44.53,8000 -110.92,44.56,8000 
          </coordinates>
        </LinearRing>
      </innerBoundaryIs>
      <innerBoundaryIs>
        <LinearRing>
          <coordinates>
-110.32,45.31,8000 -110.30,45.31,8000 -110.28,45.31,8000 -110.26,45.31,8000 -110.24,45.31,8000 -110.22,45.32,8000 -110.20,45.32,8000 -110.19,45.32,8000 -110.17,45.32,8000 -110.15,45.32,8000 -110.13,45.32,8000 -110.12,45.32,8000 -110.11,45.32,8000 -110.09,45.32,8000 -110.08,45.32,8000 -110.07,45.32,8000 -110.05,45.32,8000 -110.04,45.32,8000 -110.04,45.31,8000 -110.02,45.30,8000 -110.01,45.29,8000 -110.00,45.29,8000 -109.99,45.28,8000 -109.98,45.27,8000 -109.96,45.26,8000 -109.95,45.25,8000 -109.94,45.24,8000 -109.92,45.24,8000 -109.91,45.23,8000 -109.89,45.22,8000 -109.88,45.21,8000 -109.86,45.20,8000 -109.85,45.19,8000 -109.84,45.18,8000 -109.83,45.17,8000 -109.82,45.17,8000 -109.81,45.16,8000 -109.79,45.15,8000 -109.78,45.15,8000 -109.78,45.14,8000 -109.78,45.13,8000 -109.77,45.12,8000 -109.77,45.11,8000 -109.77,45.09,8000 -109.77,45.08,8000 -109.79,45.07,8000 -109.80,45.07,8000 -109.81,45.06,8000 -109.83,45.06,8000 -109.84,45.05,8000 -109.86,45.05,8000 -109.88,45.04,8000 -109.90,45.04,8000 -109.92,45.04,8000 -109.94,45.03,8000 -109.96,45.03,8000 -109.98,45.03,8000 -110.00,45.03,8000 -110.01,45.03,8000 -110.03,45.03,8000 -110.05,45.03,8000 -110.06,45.04,8000 -110.08,45.04,8000 -110.09,45.05,8000 -110.11,45.06,8000 -110.12,45.06,8000 -110.14,45.07,8000 -110.15,45.08,8000 -110.16,45.09,8000 -110.18,45.10,8000 -110.19,45.10,8000 -110.20,45.11,8000 -110.22,45.12,8000 -110.23,45.13,8000 -110.24,45.14,8000 -110.26,45.14,8000 -110.27,45.15,8000 -110.28,45.16,8000 -110.29,45.17,8000 -110.30,45.18,8000 -110.31,45.19,8000 -110.31,45.20,8000 -110.32,45.21,8000 -110.33,45.22,8000 -110.34,45.23,8000 -110.35,45.24,8000 -110.35,45.25,8000 -110.36,45.26,8000 -110.37,45.27,8000 -110.32,45.31,8000 
          </coordinates>
        </LinearRing>
      </innerBoundaryIs>
      <innerBoundaryIs>
        <LinearRing>
          <coordinates>
-110.14,44.16,8000 -110.13,44.16,8000 -110.11,44.15,8000 -110.10,44.15,8000 -110.09,44.14,8000 -110.08,44.14,8000 -110.07,44.14,8000 -110.06,44.13,8000 -110.05,44.12,8000 -110.04,44.12,8000 -110.04,44.11,8000 -110.03,44.10,8000 -110.03,44.09,8000 -110.03,44.08,8000 -110.03,44.08,8000 -110.03,44.07,8000 -110.03,44.06,8000 -110.03,44.05,8000 -110.04,44.04,8000 -110.04,44.03,8000 -110.04,44.02,8000 -110.05,44.01,8000 -110.05,44.00,8000 -110.06,43.98,8000 -110.06,43.97,8000 -110.07,43.96,8000 -110.07,43.95,8000 -110.07,43.94,8000 -110.08,43.94,8000 -110.08,43.93,8000 -110.09,43.92,8000 -110.09,43.92,8000 -110.09,43.91,8000 -110.10,43.91,8000 -110.10,43.91,8000 -110.11,43.92,8000 -110.11,43.92,8000 -110.12,43.93,8000 -110.12,43.94,8000 -110.13,43.94,8000 -110.14,43.95,8000 -110.14,43.96,8000 -110.15,43.96,8000 -110.16,43.97,8000 -110.17,43.98,8000 -110.17,43.99,8000 -110.18,44.00,8000 -110.19,44.00,8000 -110.20,44.01,8000 -110.21,44.02,8000 -110.21,44.03,8000 -110.22,44.04,8000 -110.23,44.05,8000 -110.24,44.06,8000 -110.25,44.07,8000 -110.14,44.16,8000 
          </coordinates>
        </LinearRing>
      </innerBoundaryIs>
      <innerBoundaryIs>
        <LinearRing>
          <coordinates>
-111.29,45.29,8000 -111.27,45.28,8000 -111.25,45.27,8000 -111.22,45.26,8000 -111.20,45.25,8000 -111.19,45.24,8000 -111.17,45.23,8000 -111.16,45.22,8000 -111.15,45.20,8000 -111.15,45.19,8000 -111.14,45.17,8000 -111.14,45.16,8000 -111.14,45.14,8000 -111.15,45.13,8000 -111.15,45.11,8000 -111.15,45.09,8000 -111.16,45.07,8000 -111.16,45.06,8000 -111.17,45.04,8000 -111.17,45.03,8000 -111.17,45.01,8000 -111.18,45.00,8000 -111.18,44.98,8000 -111.19,44.96,8000 -111.19,44.95,8000 -111.20,44.94,8000 -111.21,44.92,8000 -111.23,44.91,8000 -111.24,44.90,8000 -111.26,44.89,8000 -111.28,44.88,8000 -111.30,44.87,8000 -111.33,44.86,8000 -111.35,44.85,8000 -111.37,44.85,8000 -111.40,44.84,8000 -111.42,44.84,8000 -111.44,44.84,8000 -111.46,44.84,8000 -111.48,44.84,8000 -111.49,44.85,8000 -111.51,44.86,8000 -111.53,44.88,8000 -111.55,44.89,8000 -111.56,44.91,8000 -111.58,44.92,8000 -111.59,44.94,8000 -111.60,44.95,8000 -111.61,44.97,8000 -111.62,44.98,8000 -111.62,44.99,8000 -111.62,45.00,8000 -111.61,45.02,8000 -111.59,45.03,8000 -111.58,45.04,8000 -111.55,45.05,8000 -111.53,45.06,8000 -111.51,45.07,8000 -111.50,45.08,8000 -111.49,45.09,8000 -111.47,45.11,8000 -111.46,45.12,8000 -111.45,45.14,8000 -111.44,45.15,8000 -111.43,45.17,8000 -111.42,45.18,8000 -111.29,45.29,8000 
          </coordinates>
        </LinearRing>
      </innerBoundaryIs>
  </Polygon>
 </MultiGeometry>
</Placemark>
<Placemark>
  <name>60%</name>
  <visibility>1</visibility>
  <styleUrl>#poly_60</styleUrl>
  <MultiGeometry>
    <Polygon>
      <outerBoundaryIs>
        <LinearRing>
          <coordinates>
-111.11,47.09,7000 -111.09,47.10,7000 -111.06,47.11,7000 -111.04,47.11,7000 -111.01,47.12,7000 -110.99,47.13,7000 -110.97,47.13,7000 -110.94,47.14,7000 -110.92,47.14,7000 -110.89,47.15,7000 -110.87,47.15,7000 -110.84,47.15,7000 -110.81,47.15,7000 -110.78,47.15,7000 -110.75,47.14,7000 -110.72,47.14,7000 -110.69,47.13,7000 -110.67,47.13,7000 -110.65,47.12,7000 -110.63,47.12,7000 -110.62,47.12,7000 -110.61,47.11,7000 -110.60,47.10,7000 -110.58,47.09,7000 -110.56,47.07,7000 -110.54,47.06,7000 -110.52,47.04,7000 -110.50,47.02,7000 -110.49,47.00,7000 -110.48,46.99,7000 -110.47,46.97,7000 -110.47,46.95,7000 -110.47,46.94,7000 -110.47,46.92,7000 -110.48,46.90,7000 -110.49,46.88,7000 -110.50,46.86,7000 -110.51,46.84,7000 -110.52,46.83,7000 -110.53,46.81,7000 -110.53,46.80,7000 -110.54,46.79,7000 -110.56,46.78,7000 -110.58,46.78,7000 -110.60,46.77,7000 -110.62,46.77,7000 -110.64,46.76,7000 -110.67,46.75,7000 -110.70,46.75,7000 -110.73,46.74,7000 -110.75,46.74,7000 -110.78,46.73,7000 -110.80,46.73,7000 -110.83,46.73,7000 -110.86,46.73,7000 -110.88,46.74,7000 -110.91,46.74,7000 -110.93,46.75,7000 -110.95,46.76,7000 -110.97,46.76,7000 -110.99,46.76,7000 -111.01,46.77,7000 -111.03,46.77,7000 -111.06,46.78,7000 -111.08,46.79,7000 -111.10,46.79,7000 -111.12,46.80,7000 -111.15,46.81,7000 -111.18,46.82,7000 -111.21,46.83,7000 -111.23,46.84,7000 -111.26,46.85,7000 -111.28,46.86,7000 -111.30,46.86,7000 -111.32,46.87,7000 -111.36,46.88,7000 -111.37,46.89,7000 -111.37,46.89,7000 -111.37,46.89,7000 -111.36,46.90,7000 -111.33,46.92,7000 -111.32,46.93,7000 -111.31,46.94,7000 -111.29,46.95,7000 -111.28,46.96,7000 -111.26,46.97,7000 -111.25,46.99,7000 -111.23,47.00,7000 -111.21,47.02,7000 -111.19,47.03,7000 -111.17,47.05,7000 -111.15,47.06,7000 -111.13,47.08,7000 -111.11,47.09,7000 
          </coordinates>
        </LinearRing>
      </outerBoundaryIs>
      <innerBoundaryIs>
        <LinearRing>
          <coordinates>
-111.08,46.92,8000 -111.08,46.93,8000 -111.08,46.93,8000 -111.07,46.94,8000 -111.07,46.95,8000 -111.06,46.96,8000 -111.05,46.96,8000 -111.04,46.97,8000 -111.03,46.98,8000 -111.02,46.99,8000 -111.00,47.00,8000 -110.99,47.01,8000 -110.97,47.02,8000 -110.96,47.02,8000 -110.94,47.03,8000 -110.93,47.04,8000 -110.91,47.04,8000 -110.90,47.05,8000 -110.89,47.05,8000 -110.87,47.06,8000 -110.86,47.06,8000 -110.85,47.06,8000 -110.83,47.06,8000 -110.82,47.06,8000 -110.80,47.06,8000 -110.79,47.06,8000 -110.77,47.05,8000 -110.76,47.05,8000 -110.74,47.04,8000 -110.73,47.04,8000 -110.71,47.03,8000 -110.70,47.03,8000 -110.68,47.02,8000 -110.67,47.02,8000 -110.65,47.01,8000 -110.64,47.01,8000 -110.63,47.00,8000 -110.62,47.00,8000 -110.61,46.99,8000 -110.60,46.99,8000 -110.58,46.98,8000 -110.57,46.97,8000 -110.57,46.97,8000 -110.57,46.96,8000 -110.56,46.95,8000 -110.56,46.94,8000 -110.56,46.93,8000 -110.58,46.92,8000 -110.59,46.92,8000 -110.60,46.91,8000 -110.61,46.91,8000 -110.62,46.90,8000 -110.63,46.89,8000 -110.64,46.89,8000 -110.66,46.88,8000 -110.67,46.87,8000 -110.68,46.87,8000 -110.70,46.86,8000 -110.71,46.85,8000 -110.73,46.85,8000 -110.75,46.84,8000 -110.76,46.84,8000 -110.78,46.84,8000 -110.79,46.83,8000 -110.81,46.83,8000 -110.82,46.83,8000 -110.83,46.83,8000 -110.85,46.83,8000 -110.86,46.83,8000 -110.88,46.84,8000 -110.89,46.84,8000 -110.91,46.84,8000 -110.93,46.85,8000 -110.95,46.85,8000 -110.96,46.86,8000 -110.98,46.86,8000 -110.99,46.87,8000 -111.01,46.87,8000 -111.02,46.88,8000 -111.04,46.88,8000 -111.05,46.89,8000 -111.06,46.90,8000 -111.07,46.90,8000 -111.07,46.91,8000 -111.08,46.91,8000 -111.08,46.92,8000 -111.08,46.92,8000 
          </coordinates>
        </LinearRing>
      </innerBoundaryIs>
  </Polygon>
 </MultiGeometry>
</Placemark>
<Placemark>
  <name>60%</name>
  <visibility>1</visibility>
  <styleUrl>#poly_60</styleUrl>
  <MultiGeometry>
    <Polygon>
      <outerBoundaryIs>
        <LinearRing>
          <coordinates>
-121.52,40.52,7000 -121.50,40.52,7000 -121.49,40.53,7000 -121.47,40.53,7000 -121.45,40.54,7000 -121.44,40.54,7000 -121.42,40.55,7000 -121.41,40.55,7000 -121.39,40.56,7000 -121.38,40.56,7000 -121.36,40.56,7000 -121.35,40.56,7000 -121.33,40.57,7000 -121.32,40.57,7000 -121.31,40.57,7000 -121.30,40.57,7000 -121.28,40.57,7000 -121.26,40.57,7000 -121.25,40.57,7000 -121.24,40.56,7000 -121.23,40.55,7000 -121.22,40.54,7000 -121.21,40.53,7000 -121.21,40.52,7000 -121.20,40.51,7000 -121.20,40.50,7000 -121.20,40.49,7000 -121.20,40.48,7000 -121.20,40.46,7000 -121.20,40.45,7000 -121.20,40.43,7000 -121.20,40.42,7000 -121.20,40.41,7000 -121.20,40.39,7000 -121.20,40.38,7000 -121.20,40.37,7000 -121.20,40.36,7000 -121.20,40.35,7000 -121.20,40.33,7000 -121.20,40.32,7000 -121.20,40.31,7000 -121.21,40.31,7000 -121.23,40.30,7000 -121.24,40.30,7000 -121.25,40.29,7000 -121.26,40.29,7000 -121.28,40.28,7000 -121.30,40.28,7000 -121.31,40.27,7000 -121.33,40.27,7000 -121.35,40.26,7000 -121.37,40.26,7000 -121.38,40.25,7000 -121.40,40.25,7000 -121.41,40.24,7000 -121.43,40.24,7000 -121.44,40.24,7000 -121.45,40.24,7000 -121.46,40.24,7000 -121.47,40.25,7000 -121.48,40.26,7000 -121.48,40.27,7000 -121.48,40.28,7000 -121.48,40.29,7000 -121.49,40.31,7000 -121.49,40.32,7000 -121.50,40.33,7000 -121.50,40.34,7000 -121.50,40.35,7000 -121.51,40.36,7000 -121.51,40.37,7000 -121.52,40.38,7000 -121.52,40.39,7000 -121.52,40.40,7000 -121.53,40.42,7000 -121.53,40.43,7000 -121.54,40.44,7000 -121.54,40.45,7000 -121.55,40.47,7000 -121.55,40.48,7000 -121.52,40.52,7000 
          </coordinates>
        </LinearRing>
      </outerBoundaryIs>
  </Polygon>
 </MultiGeometry>
</Placemark>
<Placemark>
  <name>60%</name>
  <visibility>1</visibility>
  <styleUrl>#poly_60</styleUrl>
  <MultiGeometry>
    <Polygon>
      <outerBoundaryIs>
        <LinearRing>
          <coordinates>
-120.63,39.76,7000 -120.53,39.72,7000 -120.44,39.66,7000 -120.34,39.59,7000 -120.26,39.52,7000 -120.18,39.43,7000 -120.11,39.34,7000 -120.05,39.26,7000 -120.01,39.16,7000 -119.98,39.07,7000 -119.94,38.97,7000 -119.88,38.89,7000 -119.81,38.81,7000 -119.73,38.73,7000 -119.66,38.65,7000 -119.57,38.57,7000 -119.47,38.49,7000 -119.39,38.41,7000 -119.34,38.33,7000 -119.30,38.25,7000 -119.22,38.12,7000 -119.15,38.03,7000 -119.07,37.92,7000 -118.98,37.81,7000 -118.88,37.69,7000 -118.79,37.57,7000 -118.71,37.47,7000 -118.62,37.36,7000 -118.54,37.26,7000 -118.46,37.16,7000 -118.39,37.07,7000 -118.34,36.98,7000 -118.29,36.86,7000 -118.27,36.75,7000 -118.25,36.64,7000 -118.26,36.55,7000 -118.30,36.45,7000 -118.37,36.36,7000 -118.45,36.33,7000 -118.54,36.36,7000 -118.65,36.44,7000 -118.74,36.53,7000 -118.79,36.61,7000 -118.82,36.70,7000 -118.86,36.80,7000 -118.93,36.90,7000 -119.01,36.99,7000 -119.12,37.09,7000 -119.23,37.19,7000 -119.34,37.29,7000 -119.43,37.37,7000 -119.54,37.47,7000 -119.62,37.54,7000 -119.70,37.63,7000 -119.76,37.71,7000 -119.82,37.80,7000 -119.88,37.90,7000 -119.95,38.02,7000 -120.01,38.11,7000 -120.08,38.22,7000 -120.16,38.33,7000 -120.23,38.45,7000 -120.30,38.55,7000 -120.35,38.65,7000 -120.40,38.77,7000 -120.42,38.88,7000 -120.43,38.98,7000 -120.46,39.08,7000 -120.51,39.19,7000 -120.56,39.30,7000 -120.62,39.40,7000 -120.66,39.48,7000 -120.70,39.59,7000 -120.71,39.67,7000 -120.63,39.76,7000 
          </coordinates>
        </LinearRing>
      </outerBoundaryIs>
      <innerBoundaryIs>
        <LinearRing>
          <coordinates>
-120.59,39.60,8000 -120.45,39.56,8000 -120.32,39.50,8000 -120.25,39.43,8000 -120.19,39.35,8000 -120.14,39.25,8000 -120.10,39.17,8000 -120.06,39.07,8000 -120.03,38.98,8000 -119.99,38.91,8000 -119.94,38.84,8000 -119.85,38.75,8000 -119.78,38.69,8000 -119.70,38.62,8000 -119.61,38.54,8000 -119.51,38.45,8000 -119.43,38.36,8000 -119.35,38.28,8000 -119.28,38.18,8000 -119.22,38.08,8000 -119.17,37.98,8000 -119.12,37.88,8000 -119.06,37.78,8000 -118.99,37.69,8000 -118.90,37.59,8000 -118.82,37.51,8000 -118.74,37.42,8000 -118.68,37.35,8000 -118.61,37.26,8000 -118.56,37.19,8000 -118.51,37.11,8000 -118.45,37.01,8000 -118.39,36.90,8000 -118.35,36.80,8000 -118.32,36.69,8000 -118.33,36.60,8000 -118.37,36.50,8000 -118.42,36.42,8000 -118.52,36.41,8000 -118.57,36.48,8000 -118.64,36.57,8000 -118.71,36.68,8000 -118.79,36.79,8000 -118.87,36.90,8000 -118.95,36.98,8000 -119.03,37.07,8000 -119.12,37.15,8000 -119.20,37.23,8000 -119.29,37.31,8000 -119.36,37.38,8000 -119.45,37.46,8000 -119.53,37.53,8000 -119.60,37.60,8000 -119.68,37.69,8000 -119.75,37.78,8000 -119.82,37.88,8000 -119.90,37.99,8000 -119.97,38.10,8000 -120.03,38.19,8000 -120.09,38.29,8000 -120.15,38.38,8000 -120.19,38.46,8000 -120.23,38.54,8000 -120.26,38.65,8000 -120.28,38.75,8000 -120.31,38.87,8000 -120.35,38.96,8000 -120.39,39.05,8000 -120.44,39.16,8000 -120.49,39.26,8000 -120.55,39.37,8000 -120.59,39.60,8000 
          </coordinates>
        </LinearRing>
      </innerBoundaryIs>
  </Polygon>
 </MultiGeometry>
</Placemark>
<Placemark>
  <name>70%</name>
  <visibility>1</visibility>
  <styleUrl>#poly_70</styleUrl>
  <MultiGeometry>
    <Polygon>
      <outerBoundaryIs>
        <LinearRing>
          <coordinates>
-110.92,44.56,8000 -110.91,44.56,8000 -110.87,44.54,8000 -110.85,44.53,8000 -110.82,44.51,8000 -110.79,44.49,8000 -110.76,44.48,8000 -110.73,44.46,8000 -110.70,44.44,8000 -110.68,44.42,8000 -110.66,44.41,8000 -110.64,44.40,8000 -110.63,44.38,8000 -110.61,44.37,8000 -110.59,44.35,8000 -110.55,44.33,8000 -110.52,44.31,8000 -110.49,44.29,8000 -110.46,44.27,8000 -110.44,44.25,8000 -110.43,44.23,8000 -110.43,44.21,8000 -110.43,44.18,8000 -110.44,44.16,8000 -110.46,44.13,8000 -110.47,44.11,8000 -110.49,44.09,8000 -110.51,44.07,8000 -110.52,44.05,8000 -110.54,44.03,8000 -110.56,44.03,8000 -110.60,44.02,8000 -110.62,44.01,8000 -110.64,43.99,8000 -110.67,43.96,8000 -110.69,43.94,8000 -110.72,43.91,8000 -110.75,43.89,8000 -110.77,43.87,8000 -110.79,43.85,8000 -110.81,43.85,8000 -110.82,43.86,8000 -110.83,43.87,8000 -110.83,43.90,8000 -110.83,43.93,8000 -110.83,43.96,8000 -110.83,43.99,8000 -110.84,44.02,8000 -110.85,44.04,8000 -110.86,44.07,8000 -110.87,44.09,8000 -110.88,44.12,8000 -110.89,44.14,8000 -110.91,44.17,8000 -110.92,44.19,8000 -110.94,44.21,8000 -110.96,44.24,8000 -110.98,44.26,8000 -111.00,44.28,8000 -111.02,44.30,8000 -111.03,44.33,8000 -111.04,44.35,8000 -111.04,44.37,8000 -111.04,44.39,8000 -111.03,44.42,8000 -111.02,44.44,8000 -111.01,44.46,8000 -111.00,44.48,8000 -110.98,44.51,8000 -110.97,44.53,8000 -110.92,44.56,8000 
          </coordinates>
        </LinearRing>
      </outerBoundaryIs>
  </Polygon>
 </MultiGeometry>
</Placemark>
<Placemark>
  <name>70%</name>
  <visibility>1</visibility>
  <styleUrl>#poly_70</styleUrl>
  <MultiGeometry>
    <Polygon>
      <outerBoundaryIs>
        <LinearRing>
          <coordinates>
-110.32,45.31,8000 -110.30,45.31,8000 -110.28,45.31,8000 -110.26,45.31,8000 -110.24,45.31,8000 -110.22,45.32,8000 -110.20,45.32,8000 -110.19,45.32,8000 -110.17,45.32,8000 -110.15,45.32,8000 -110.13,45.32,8000 -110.12,45.32,8000 -110.11,45.32,8000 -110.09,45.32,8000 -110.08,45.32,8000 -110.07,45.32,8000 -110.05,45.32,8000 -110.04,45.32,8000 -110.04,45.31,8000 -110.02,45.30,8000 -110.01,45.29,8000 -110.00,45.29,8000 -109.99,45.28,8000 -109.98,45.27,8000 -109.96,45.26,8000 -109.95,45.25,8000 -109.94,45.24,8000 -109.92,45.24,8000 -109.91,45.23,8000 -109.89,45.22,8000 -109.88,45.21,8000 -109.86,45.20,8000 -109.85,45.19,8000 -109.84,45.18,8000 -109.83,45.17,8000 -109.82,45.17,8000 -109.81,45.16,8000 -109.79,45.15,8000 -109.78,45.15,8000 -109.78,45.14,8000 -109.78,45.13,8000 -109.77,45.12,8000 -109.77,45.11,8000 -109.77,45.09,8000 -109.77,45.08,8000 -109.79,45.07,8000 -109.80,45.07,8000 -109.81,45.06,8000 -109.83,45.06,8000 -109.84,45.05,8000 -109.86,45.05,8000 -109.88,45.04,8000 -109.90,45.04,8000 -109.92,45.04,8000 -109.94,45.03,8000 -109.96,45.03,8000 -109.98,45.03,8000 -110.00,45.03,8000 -110.01,45.03,8000 -110.03,45.03,8000 -110.05,45.03,8000 -110.06,45.04,8000 -110.08,45.04,8000 -110.09,45.05,8000 -110.11,45.06,8000 -110.12,45.06,8000 -110.14,45.07,8000 -110.15,45.08,8000 -110.16,45.09,8000 -110.18,45.10,8000 -110.19,45.10,8000 -110.20,45.11,8000 -110.22,45.12,8000 -110.23,45.13,8000 -110.24,45.14,8000 -110.26,45.14,8000 -110.27,45.15,8000 -110.28,45.16,8000 -110.29,45.17,8000 -110.30,45.18,8000 -110.31,45.19,8000 -110.31,45.20,8000 -110.32,45.21,8000 -110.33,45.22,8000 -110.34,45.23,8000 -110.35,45.24,8000 -110.35,45.25,8000 -110.36,45.26,8000 -110.37,45.27,8000 -110.32,45.31,8000 
          </coordinates>
        </LinearRing>
      </outerBoundaryIs>
  </Polygon>
 </MultiGeometry>
</Placemark>
<Placemark>
  <name>70%</name>
  <visibility>1</visibility>
  <styleUrl>#poly_70</styleUrl>
  <MultiGeometry>
    <Polygon>
      <outerBoundaryIs>
        <LinearRing>
          <coordinates>
-114.99,44.25,8000 -114.97,44.24,8000 -114.95,44.23,8000 -114.94,44.21,8000 -114.92,44.20,8000 -114.90,44.19,8000 -114.88,44.18,8000 -114.87,44.17,8000 -114.85,44.16,8000 -114.83,44.15,8000 -114.81,44.14,8000 -114.79,44.13,8000 -114.77,44.13,8000 -114.75,44.12,8000 -114.74,44.11,8000 -114.72,44.10,8000 -114.70,44.09,8000 -114.69,44.08,8000 -114.67,44.07,8000 -114.65,44.06,8000 -114.64,44.04,8000 -114.63,44.03,8000 -114.62,44.01,8000 -114.62,44.00,8000 -114.62,43.98,8000 -114.62,43.96,8000 -114.62,43.94,8000 -114.63,43.92,8000 -114.63,43.90,8000 -114.64,43.89,8000 -114.64,43.87,8000 -114.64,43.85,8000 -114.65,43.84,8000 -114.65,43.83,8000 -114.66,43.83,8000 -114.67,43.83,8000 -114.69,43.82,8000 -114.71,43.82,8000 -114.74,43.81,8000 -114.76,43.80,8000 -114.79,43.80,8000 -114.82,43.79,8000 -114.84,43.79,8000 -114.87,43.78,8000 -114.89,43.78,8000 -114.92,43.78,8000 -114.94,43.78,8000 -114.97,43.78,8000 -114.99,43.78,8000 -115.02,43.78,8000 -115.04,43.78,8000 -115.06,43.78,8000 -115.08,43.79,8000 -115.10,43.80,8000 -115.11,43.81,8000 -115.12,43.83,8000 -115.13,43.85,8000 -115.14,43.87,8000 -115.15,43.88,8000 -115.16,43.90,8000 -115.17,43.91,8000 -115.17,43.93,8000 -115.18,43.94,8000 -115.18,43.95,8000 -115.19,43.96,8000 -115.19,43.97,8000 -115.18,43.99,8000 -115.17,44.00,8000 -115.17,44.01,8000 -115.16,44.03,8000 -115.15,44.04,8000 -115.14,44.06,8000 -115.13,44.08,8000 -115.12,44.09,8000 -115.11,44.11,8000 -115.10,44.13,8000 -114.99,44.25,8000 
          </coordinates>
        </LinearRing>
      </outerBoundaryIs>
  </Polygon>
 </MultiGeometry>
</Placemark>
<Placemark>
  <name>70%</name>
  <visibility>1</visibility>
  <styleUrl>#poly_70</styleUrl>
  <MultiGeometry>
    <Polygon>
      <outerBoundaryIs>
        <LinearRing>
          <coordinates>
-110.14,44.16,8000 -110.13,44.16,8000 -110.11,44.15,8000 -110.10,44.15,8000 -110.09,44.14,8000 -110.08,44.14,8000 -110.07,44.14,8000 -110.06,44.13,8000 -110.05,44.12,8000 -110.04,44.12,8000 -110.04,44.11,8000 -110.03,44.10,8000 -110.03,44.09,8000 -110.03,44.08,8000 -110.03,44.08,8000 -110.03,44.07,8000 -110.03,44.06,8000 -110.03,44.05,8000 -110.04,44.04,8000 -110.04,44.03,8000 -110.04,44.02,8000 -110.05,44.01,8000 -110.05,44.00,8000 -110.06,43.98,8000 -110.06,43.97,8000 -110.07,43.96,8000 -110.07,43.95,8000 -110.07,43.94,8000 -110.08,43.94,8000 -110.08,43.93,8000 -110.09,43.92,8000 -110.09,43.92,8000 -110.09,43.91,8000 -110.10,43.91,8000 -110.10,43.91,8000 -110.11,43.92,8000 -110.11,43.92,8000 -110.12,43.93,8000 -110.12,43.94,8000 -110.13,43.94,8000 -110.14,43.95,8000 -110.14,43.96,8000 -110.15,43.96,8000 -110.16,43.97,8000 -110.17,43.98,8000 -110.17,43.99,8000 -110.18,44.00,8000 -110.19,44.00,8000 -110.20,44.01,8000 -110.21,44.02,8000 -110.21,44.03,8000 -110.22,44.04,8000 -110.23,44.05,8000 -110.24,44.06,8000 -110.25,44.07,8000 -110.14,44.16,8000 
          </coordinates>
        </LinearRing>
      </outerBoundaryIs>
  </Polygon>
 </MultiGeometry>
</Placemark>
<Placemark>
  <name>70%</name>
  <visibility>1</visibility>
  <styleUrl>#poly_70</styleUrl>
  <MultiGeometry>
    <Polygon>
      <outerBoundaryIs>
        <LinearRing>
          <coordinates>
-111.29,45.29,8000 -111.27,45.28,8000 -111.25,45.27,8000 -111.22,45.26,8000 -111.20,45.25,8000 -111.19,45.24,8000 -111.17,45.23,8000 -111.16,45.22,8000 -111.15,45.20,8000 -111.15,45.19,8000 -111.14,45.17,8000 -111.14,45.16,8000 -111.14,45.14,8000 -111.15,45.13,8000 -111.15,45.11,8000 -111.15,45.09,8000 -111.16,45.07,8000 -111.16,45.06,8000 -111.17,45.04,8000 -111.17,45.03,8000 -111.17,45.01,8000 -111.18,45.00,8000 -111.18,44.98,8000 -111.19,44.96,8000 -111.19,44.95,8000 -111.20,44.94,8000 -111.21,44.92,8000 -111.23,44.91,8000 -111.24,44.90,8000 -111.26,44.89,8000 -111.28,44.88,8000 -111.30,44.87,8000 -111.33,44.86,8000 -111.35,44.85,8000 -111.37,44.85,8000 -111.40,44.84,8000 -111.42,44.84,8000 -111.44,44.84,8000 -111.46,44.84,8000 -111.48,44.84,8000 -111.49,44.85,8000 -111.51,44.86,8000 -111.53,44.88,8000 -111.55,44.89,8000 -111.56,44.91,8000 -111.58,44.92,8000 -111.59,44.94,8000 -111.60,44.95,8000 -111.61,44.97,8000 -111.62,44.98,8000 -111.62,44.99,8000 -111.62,45.00,8000 -111.61,45.02,8000 -111.59,45.03,8000 -111.58,45.04,8000 -111.55,45.05,8000 -111.53,45.06,8000 -111.51,45.07,8000 -111.50,45.08,8000 -111.49,45.09,8000 -111.47,45.11,8000 -111.46,45.12,8000 -111.45,45.14,8000 -111.44,45.15,8000 -111.43,45.17,8000 -111.42,45.18,8000 -111.29,45.29,8000 
          </coordinates>
        </LinearRing>
      </outerBoundaryIs>
  </Polygon>
 </MultiGeometry>
</Placemark>
<Placemark>
  <name>70%</name>
  <visibility>1</visibility>
  <styleUrl>#poly_70</styleUrl>
  <MultiGeometry>
    <Polygon>
      <outerBoundaryIs>
        <LinearRing>
          <coordinates>
-120.59,39.60,8000 -120.45,39.56,8000 -120.32,39.50,8000 -120.25,39.43,8000 -120.19,39.35,8000 -120.14,39.25,8000 -120.10,39.17,8000 -120.06,39.07,8000 -120.03,38.98,8000 -119.99,38.91,8000 -119.94,38.84,8000 -119.85,38.75,8000 -119.78,38.69,8000 -119.70,38.62,8000 -119.61,38.54,8000 -119.51,38.45,8000 -119.43,38.36,8000 -119.35,38.28,8000 -119.28,38.18,8000 -119.22,38.08,8000 -119.17,37.98,8000 -119.12,37.88,8000 -119.06,37.78,8000 -118.99,37.69,8000 -118.90,37.59,8000 -118.82,37.51,8000 -118.74,37.42,8000 -118.68,37.35,8000 -118.61,37.26,8000 -118.56,37.19,8000 -118.51,37.11,8000 -118.45,37.01,8000 -118.39,36.90,8000 -118.35,36.80,8000 -118.32,36.69,8000 -118.33,36.60,8000 -118.37,36.50,8000 -118.42,36.42,8000 -118.52,36.41,8000 -118.57,36.48,8000 -118.64,36.57,8000 -118.71,36.68,8000 -118.79,36.79,8000 -118.87,36.90,8000 -118.95,36.98,8000 -119.03,37.07,8000 -119.12,37.15,8000 -119.20,37.23,8000 -119.29,37.31,8000 -119.36,37.38,8000 -119.45,37.46,8000 -119.53,37.53,8000 -119.60,37.60,8000 -119.68,37.69,8000 -119.75,37.78,8000 -119.82,37.88,8000 -119.90,37.99,8000 -119.97,38.10,8000 -120.03,38.19,8000 -120.09,38.29,8000 -120.15,38.38,8000 -120.19,38.46,8000 -120.23,38.54,8000 -120.26,38.65,8000 -120.28,38.75,8000 -120.31,38.87,8000 -120.35,38.96,8000 -120.39,39.05,8000 -120.44,39.16,8000 -120.49,39.26,8000 -120.55,39.37,8000 -120.59,39.60,8000 
          </coordinates>
        </LinearRing>
      </outerBoundaryIs>
      <innerBoundaryIs>
        <LinearRing>
          <coordinates>
-120.31,39.42,9000 -120.28,39.31,9000 -120.25,39.20,9000 -120.22,39.10,9000 -120.17,39.00,9000 -120.11,38.90,9000 -120.04,38.82,9000 -119.96,38.75,9000 -119.86,38.67,9000 -119.77,38.60,9000 -119.69,38.54,9000 -119.62,38.48,9000 -119.53,38.39,9000 -119.47,38.32,9000 -119.42,38.25,9000 -119.38,38.17,9000 -119.34,38.08,9000 -119.28,37.98,9000 -119.23,37.91,9000 -119.17,37.84,9000 -119.10,37.76,9000 -119.03,37.68,9000 -118.96,37.60,9000 -118.90,37.53,9000 -118.83,37.45,9000 -118.76,37.36,9000 -118.69,37.28,9000 -118.63,37.20,9000 -118.58,37.13,9000 -118.52,37.03,9000 -118.48,36.93,9000 -118.46,36.84,9000 -118.44,36.76,9000 -118.43,36.63,9000 -118.44,36.52,9000 -118.48,36.48,9000 -118.53,36.52,9000 -118.59,36.60,9000 -118.66,36.70,9000 -118.73,36.81,9000 -118.81,36.91,9000 -118.88,36.99,9000 -118.96,37.08,9000 -119.04,37.17,9000 -119.12,37.25,9000 -119.19,37.33,9000 -119.26,37.39,9000 -119.36,37.46,9000 -119.44,37.50,9000 -119.51,37.56,9000 -119.56,37.62,9000 -119.60,37.70,9000 -119.64,37.78,9000 -119.70,37.87,9000 -119.76,37.95,9000 -119.83,38.05,9000 -119.91,38.15,9000 -119.98,38.24,9000 -120.04,38.32,9000 -120.10,38.41,9000 -120.14,38.47,9000 -120.17,38.55,9000 -120.19,38.62,9000 -120.20,38.71,9000 -120.21,38.79,9000 -120.23,38.88,9000 -120.25,38.97,9000 -120.28,39.06,9000 -120.30,39.16,9000 -120.33,39.25,9000 -120.31,39.42,9000 
          </coordinates>
        </LinearRing>
      </innerBoundaryIs>
  </Polygon>
 </MultiGeometry>
</Placemark>
<Placemark>
  <name>70%</name>
  <visibility>1</visibility>
  <styleUrl>#poly_70</styleUrl>
  <MultiGeometry>
    <Polygon>
      <outerBoundaryIs>
        <LinearRing>
          <coordinates>
-111.08,46.92,8000 -111.08,46.93,8000 -111.08,46.93,8000 -111.07,46.94,8000 -111.07,46.95,8000 -111.06,46.96,8000 -111.05,46.96,8000 -111.04,46.97,8000 -111.03,46.98,8000 -111.02,46.99,8000 -111.00,47.00,8000 -110.99,47.01,8000 -110.97,47.02,8000 -110.96,47.02,8000 -110.94,47.03,8000 -110.93,47.04,8000 -110.91,47.04,8000 -110.90,47.05,8000 -110.89,47.05,8000 -110.87,47.06,8000 -110.86,47.06,8000 -110.85,47.06,8000 -110.83,47.06,8000 -110.82,47.06,8000 -110.80,47.06,8000 -110.79,47.06,8000 -110.77,47.05,8000 -110.76,47.05,8000 -110.74,47.04,8000 -110.73,47.04,8000 -110.71,47.03,8000 -110.70,47.03,8000 -110.68,47.02,8000 -110.67,47.02,8000 -110.65,47.01,8000 -110.64,47.01,8000 -110.63,47.00,8000 -110.62,47.00,8000 -110.61,46.99,8000 -110.60,46.99,8000 -110.58,46.98,8000 -110.57,46.97,8000 -110.57,46.97,8000 -110.57,46.96,8000 -110.56,46.95,8000 -110.56,46.94,8000 -110.56,46.93,8000 -110.58,46.92,8000 -110.59,46.92,8000 -110.60,46.91,8000 -110.61,46.91,8000 -110.62,46.90,8000 -110.63,46.89,8000 -110.64,46.89,8000 -110.66,46.88,8000 -110.67,46.87,8000 -110.68,46.87,8000 -110.70,46.86,8000 -110.71,46.85,8000 -110.73,46.85,8000 -110.75,46.84,8000 -110.76,46.84,8000 -110.78,46.84,8000 -110.79,46.83,8000 -110.81,46.83,8000 -110.82,46.83,8000 -110.83,46.83,8000 -110.85,46.83,8000 -110.86,46.83,8000 -110.88,46.84,8000 -110.89,46.84,8000 -110.91,46.84,8000 -110.93,46.85,8000 -110.95,46.85,8000 -110.96,46.86,8000 -110.98,46.86,8000 -110.99,46.87,8000 -111.01,46.87,8000 -111.02,46.88,8000 -111.04,46.88,8000 -111.05,46.89,8000 -111.06,46.90,8000 -111.07,46.90,8000 -111.07,46.91,8000 -111.08,46.91,8000 -111.08,46.92,8000 -111.08,46.92,8000 
          </coordinates>
        </LinearRing>
      </outerBoundaryIs>
  </Polygon>
 </MultiGeometry>
</Placemark>
<Placemark>
  <name>80%</name>
  <visibility>1</visibility>
  <styleUrl>#poly_80</styleUrl>
  <MultiGeometry>
    <Polygon>
      <outerBoundaryIs>
        <LinearRing>
          <coordinates>
-120.31,39.42,9000 -120.28,39.31,9000 -120.25,39.20,9000 -120.22,39.10,9000 -120.17,39.00,9000 -120.11,38.90,9000 -120.04,38.82,9000 -119.96,38.75,9000 -119.86,38.67,9000 -119.77,38.60,9000 -119.69,38.54,9000 -119.62,38.48,9000 -119.53,38.39,9000 -119.47,38.32,9000 -119.42,38.25,9000 -119.38,38.17,9000 -119.34,38.08,9000 -119.28,37.98,9000 -119.23,37.91,9000 -119.17,37.84,9000 -119.10,37.76,9000 -119.03,37.68,9000 -118.96,37.60,9000 -118.90,37.53,9000 -118.83,37.45,9000 -118.76,37.36,9000 -118.69,37.28,9000 -118.63,37.20,9000 -118.58,37.13,9000 -118.52,37.03,9000 -118.48,36.93,9000 -118.46,36.84,9000 -118.44,36.76,9000 -118.43,36.63,9000 -118.44,36.52,9000 -118.48,36.48,9000 -118.53,36.52,9000 -118.59,36.60,9000 -118.66,36.70,9000 -118.73,36.81,9000 -118.81,36.91,9000 -118.88,36.99,9000 -118.96,37.08,9000 -119.04,37.17,9000 -119.12,37.25,9000 -119.19,37.33,9000 -119.26,37.39,9000 -119.36,37.46,9000 -119.44,37.50,9000 -119.51,37.56,9000 -119.56,37.62,9000 -119.60,37.70,9000 -119.64,37.78,9000 -119.70,37.87,9000 -119.76,37.95,9000 -119.83,38.05,9000 -119.91,38.15,9000 -119.98,38.24,9000 -120.04,38.32,9000 -120.10,38.41,9000 -120.14,38.47,9000 -120.17,38.55,9000 -120.19,38.62,9000 -120.20,38.71,9000 -120.21,38.79,9000 -120.23,38.88,9000 -120.25,38.97,9000 -120.28,39.06,9000 -120.30,39.16,9000 -120.33,39.25,9000 -120.31,39.42,9000 
          </coordinates>
        </LinearRing>
      </outerBoundaryIs>
      <innerBoundaryIs>
        <LinearRing>
          <coordinates>
-120.15,38.76,10000 -120.09,38.73,10000 -120.03,38.69,10000 -119.97,38.66,10000 -119.91,38.62,10000 -119.85,38.57,10000 -119.80,38.52,10000 -119.74,38.47,10000 -119.68,38.42,10000 -119.62,38.37,10000 -119.57,38.31,10000 -119.53,38.26,10000 -119.49,38.19,10000 -119.46,38.11,10000 -119.43,38.04,10000 -119.40,37.98,10000 -119.36,37.93,10000 -119.33,37.88,10000 -119.28,37.83,10000 -119.23,37.77,10000 -119.19,37.72,10000 -119.14,37.67,10000 -119.08,37.62,10000 -119.03,37.56,10000 -118.97,37.51,10000 -118.93,37.45,10000 -118.89,37.39,10000 -118.86,37.33,10000 -118.83,37.26,10000 -118.80,37.20,10000 -118.78,37.15,10000 -118.75,37.10,10000 -118.69,37.04,10000 -118.63,37.01,10000 -118.58,36.97,10000 -118.55,36.89,10000 -118.53,36.81,10000 -118.53,36.77,10000 -118.55,36.80,10000 -118.58,36.87,10000 -118.63,36.94,10000 -118.68,36.97,10000 -118.74,37.00,10000 -118.81,37.03,10000 -118.86,37.07,10000 -118.90,37.12,10000 -118.94,37.18,10000 -119.00,37.25,10000 -119.05,37.29,10000 -119.12,37.34,10000 -119.20,37.39,10000 -119.27,37.44,10000 -119.34,37.50,10000 -119.40,37.55,10000 -119.45,37.62,10000 -119.49,37.68,10000 -119.52,37.75,10000 -119.55,37.82,10000 -119.59,37.89,10000 -119.63,37.94,10000 -119.67,38.00,10000 -119.72,38.05,10000 -119.77,38.10,10000 -119.82,38.15,10000 -119.86,38.21,10000 -119.90,38.27,10000 -119.95,38.33,10000 -119.99,38.39,10000 -120.03,38.45,10000 -120.07,38.52,10000 -120.11,38.58,10000 -120.15,38.76,10000 
          </coordinates>
        </LinearRing>
      </innerBoundaryIs>
  </Polygon>
 </MultiGeometry>
</Placemark>
<Placemark>
  <name>90%</name>
  <visibility>1</visibility>
  <styleUrl>#poly_90</styleUrl>
  <MultiGeometry>
    <Polygon>
      <outerBoundaryIs>
        <LinearRing>
          <coordinates>
-120.15,38.76,10000 -120.09,38.73,10000 -120.03,38.69,10000 -119.97,38.66,10000 -119.91,38.62,10000 -119.85,38.57,10000 -119.80,38.52,10000 -119.74,38.47,10000 -119.68,38.42,10000 -119.62,38.37,10000 -119.57,38.31,10000 -119.53,38.26,10000 -119.49,38.19,10000 -119.46,38.11,10000 -119.43,38.04,10000 -119.40,37.98,10000 -119.36,37.93,10000 -119.33,37.88,10000 -119.28,37.83,10000 -119.23,37.77,10000 -119.19,37.72,10000 -119.14,37.67,10000 -119.08,37.62,10000 -119.03,37.56,10000 -118.97,37.51,10000 -118.93,37.45,10000 -118.89,37.39,10000 -118.86,37.33,10000 -118.83,37.26,10000 -118.80,37.20,10000 -118.78,37.15,10000 -118.75,37.10,10000 -118.69,37.04,10000 -118.63,37.01,10000 -118.58,36.97,10000 -118.55,36.89,10000 -118.53,36.81,10000 -118.53,36.77,10000 -118.55,36.80,10000 -118.58,36.87,10000 -118.63,36.94,10000 -118.68,36.97,10000 -118.74,37.00,10000 -118.81,37.03,10000 -118.86,37.07,10000 -118.90,37.12,10000 -118.94,37.18,10000 -119.00,37.25,10000 -119.05,37.29,10000 -119.12,37.34,10000 -119.20,37.39,10000 -119.27,37.44,10000 -119.34,37.50,10000 -119.40,37.55,10000 -119.45,37.62,10000 -119.49,37.68,10000 -119.52,37.75,10000 -119.55,37.82,10000 -119.59,37.89,10000 -119.63,37.94,10000 -119.67,38.00,10000 -119.72,38.05,10000 -119.77,38.10,10000 -119.82,38.15,10000 -119.86,38.21,10000 -119.90,38.27,10000 -119.95,38.33,10000 -119.99,38.39,10000 -120.03,38.45,10000 -120.07,38.52,10000 -120.11,38.58,10000 -120.15,38.76,10000 
          </coordinates>
        </LinearRing>
      </outerBoundaryIs>
      <innerBoundaryIs>
        <LinearRing>
          <coordinates>
-119.85,38.49,11000 -119.84,38.47,11000 -119.82,38.45,11000 -119.80,38.43,11000 -119.77,38.40,11000 -119.74,38.38,11000 -119.71,38.35,11000 -119.68,38.32,11000 -119.64,38.29,11000 -119.61,38.27,11000 -119.59,38.25,11000 -119.56,38.23,11000 -119.55,38.21,11000 -119.54,38.18,11000 -119.53,38.15,11000 -119.51,38.11,11000 -119.50,38.08,11000 -119.49,38.05,11000 -119.48,38.01,11000 -119.47,37.98,11000 -119.45,37.94,11000 -119.44,37.91,11000 -119.43,37.88,11000 -119.41,37.85,11000 -119.40,37.82,11000 -119.39,37.79,11000 -119.37,37.77,11000 -119.35,37.74,11000 -119.32,37.71,11000 -119.28,37.68,11000 -119.25,37.66,11000 -119.21,37.64,11000 -119.19,37.62,11000 -119.17,37.59,11000 -119.17,37.57,11000 -119.18,37.55,11000 -119.19,37.56,11000 -119.22,37.58,11000 -119.25,37.59,11000 -119.28,37.60,11000 -119.32,37.61,11000 -119.37,37.63,11000 -119.40,37.64,11000 -119.43,37.65,11000 -119.46,37.67,11000 -119.47,37.69,11000 -119.48,37.72,11000 -119.49,37.74,11000 -119.50,37.77,11000 -119.50,37.80,11000 -119.51,37.84,11000 -119.52,37.87,11000 -119.53,37.90,11000 -119.54,37.93,11000 -119.55,37.96,11000 -119.56,37.99,11000 -119.58,38.02,11000 -119.59,38.05,11000 -119.61,38.07,11000 -119.64,38.09,11000 -119.68,38.11,11000 -119.72,38.13,11000 -119.75,38.15,11000 -119.78,38.16,11000 -119.80,38.18,11000 -119.81,38.22,11000 -119.82,38.25,11000 -119.83,38.28,11000 -119.84,38.31,11000 -119.86,38.35,11000 -119.87,38.39,11000 -119.85,38.49,11000 
          </coordinates>
        </LinearRing>
      </innerBoundaryIs>
  </Polygon>
 </MultiGeometry>
</Placemark>
<Placemark>
  <name>95%</name>
  <visibility>1</visibility>
  <styleUrl>#poly_95</styleUrl>
  <MultiGeometry>
    <Polygon>
      <outerBoundaryIs>
        <LinearRing>
          <coordinates>
-119.85,38.49,11000 -119.84,38.47,11000 -119.82,38.45,11000 -119.80,38.43,11000 -119.77,38.40,11000 -119.74,38.38,11000 -119.71,38.35,11000 -119.68,38.32,11000 -119.64,38.29,11000 -119.61,38.27,11000 -119.59,38.25,11000 -119.56,38.23,11000 -119.55,38.21,11000 -119.54,38.18,11000 -119.53,38.15,11000 -119.51,38.11,11000 -119.50,38.08,11000 -119.49,38.05,11000 -119.48,38.01,11000 -119.47,37.98,11000 -119.45,37.94,11000 -119.44,37.91,11000 -119.43,37.88,11000 -119.41,37.85,11000 -119.40,37.82,11000 -119.39,37.79,11000 -119.37,37.77,11000 -119.35,37.74,11000 -119.32,37.71,11000 -119.28,37.68,11000 -119.25,37.66,11000 -119.21,37.64,11000 -119.19,37.62,11000 -119.17,37.59,11000 -119.17,37.57,11000 -119.18,37.55,11000 -119.19,37.56,11000 -119.22,37.58,11000 -119.25,37.59,11000 -119.28,37.60,11000 -119.32,37.61,11000 -119.37,37.63,11000 -119.40,37.64,11000 -119.43,37.65,11000 -119.46,37.67,11000 -119.47,37.69,11000 -119.48,37.72,11000 -119.49,37.74,11000 -119.50,37.77,11000 -119.50,37.80,11000 -119.51,37.84,11000 -119.52,37.87,11000 -119.53,37.90,11000 -119.54,37.93,11000 -119.55,37.96,11000 -119.56,37.99,11000 -119.58,38.02,11000 -119.59,38.05,11000 -119.61,38.07,11000 -119.64,38.09,11000 -119.68,38.11,11000 -119.72,38.13,11000 -119.75,38.15,11000 -119.78,38.16,11000 -119.80,38.18,11000 -119.81,38.22,11000 -119.82,38.25,11000 -119.83,38.28,11000 -119.84,38.31,11000 -119.86,38.35,11000 -119.87,38.39,11000 -119.85,38.49,11000 
          </coordinates>
        </LinearRing>
      </outerBoundaryIs>
  </Polygon>
 </MultiGeometry>
</Placemark>
    </Folder>
  </Document>
</kml>
