<?xml version="1.0" encoding="UTF-8"?>
<kml xmlns="http://www.opengis.net/kml/2.2">
<Document id="prb_72hsnow_ge02_f072">
<name>WPC 72-Hr Prob of Snow > 2"</name>
  <open>1</open>
  <snippet>Valid 12Z 02/15/2026 - 12Z 02/18/2026</snippet>
  <description></description>
    <Style id="poly_1">
        <IconStyle>
           <color>00000000</color>
           <scale>1</scale>
        </IconStyle>
        <LabelStyle>
            <color>ff26478b</color>
            <scale>0.8</scale>
        </LabelStyle>
        <LineStyle>
            <color>6626478b</color>
            <width>0</width>
        </LineStyle>
	<PolyStyle>
            <color>6626478b</color>
	</PolyStyle>
        <BalloonStyle>
            <text>
                <![CDATA[ <table border=0 width="300"><tr><td style="font-size:10pt;">
                During this forecast period, there is a <b>1-5%</b> probability of snowfall exceeding the depicted amount in the enclosed area.
                <br/><br/>
                *<span style="font-size:8pt;">Note that in cases where this contour is embedded within a 5% contour, 
                the probability of snowfall exceeding the depicted amount is &lt;1%.</span>
                </td></tr></table>]]>
            </text>
        </BalloonStyle>
    </Style>

    <Style id="poly_5">
        <IconStyle>
           <color>00000000</color>
           <scale>1</scale>
        </IconStyle>
        <LabelStyle>
            <color>ff00eeee</color>
            <scale>0.8</scale>
        </LabelStyle>
        <LineStyle>
            <color>6600eeee</color>
            <width>0.4</width>
        </LineStyle>
	<PolyStyle>
	    <color>6600eeee</color>
	</PolyStyle>
        <BalloonStyle>
            <text>
                <![CDATA[ <table border=0 width="300"><tr><td style="font-size:10pt;">
                During this forecast period, there is a <b>5-10%</b> probability of snowfall exceeding the depicted amount in the enclosed area.
                <br/><br/>
                *<span style="font-size:8pt;">Note that in cases where this contour is embedded within a 10% contour, 
                the probability of snowfall exceeding the depicted amount is &lt;5%.</span>
                </td></tr></table>]]>
            </text>
        </BalloonStyle>
    </Style>

    <Style id="poly_10">
        <IconStyle>
           <color>00000000</color>
           <scale>1</scale>
        </IconStyle>
        <LabelStyle>
            <color>ff00ff7f</color>
            <scale>0.8</scale>
        </LabelStyle>
        <LineStyle>
            <color>6600ff7f</color>
            <width>0.4</width>
        </LineStyle>
	<PolyStyle>
	    <color>6600ff7f</color>
	</PolyStyle>
        <BalloonStyle>
            <text>
                <![CDATA[ <table border=0 width="300"><tr><td style="font-size:10pt;">
                During this forecast period, there is a <b>10-20%</b> probability of snowfall exceeding the depicted amount in the enclosed area.
                <br/><br/>
                *<span style="font-size:8pt;">Note that in cases where this contour is embedded within a 20% contour, 
                the probability of snowfall exceeding the depicted amount is &lt;10%.</span>
                </td></tr></table>]]>
            </text>
        </BalloonStyle>
    </Style>
    
    <Style id="poly_20">
        <IconStyle>
            <color>00000000</color>
            <scale>1</scale>
        </IconStyle>
        <LabelStyle>
            <color>ff00cd00</color>
            <scale>0.8</scale>
        </LabelStyle>
        <LineStyle>
            <color>6600cd00</color>
	    <width>0.4</width>
	</LineStyle>
	<PolyStyle>
	    <color>6600cd00</color>
	</PolyStyle>
        <BalloonStyle>
            <text>
                <![CDATA[ <table border=0 width="300"><tr><td style="font-size:10pt;">
                During this forecast period, there is a <b>20-30%</b> probability of snowfall exceeding the depicted amount in the enclosed area.
                <br/><br/>
                *<span style="font-size:8pt;">Note that in cases where this contour is embedded within a 30% contour, 
                the probability of snowfall exceeding the depicted amount is &lt;20%.</span>
                </td></tr></table>]]>
            </text>
        </BalloonStyle>
    </Style>

    <Style id="poly_30">
        <IconStyle>
            <color>00000000</color>
            <scale>1</scale>
        </IconStyle>
        <LabelStyle>
            <color>ff008b00</color>
            <scale>0.8</scale>
        </LabelStyle>
        <LineStyle>
            <color>66008b00</color>
	    <width>0.4</width>
	</LineStyle>
	<PolyStyle>
	    <color>66008b00</color>
	</PolyStyle>
        <BalloonStyle>
            <text>
                <![CDATA[ <table border=0 width="300"><tr><td style="font-size:10pt;">
                During this forecast period, there is a <b>30-40%</b> probability of snowfall exceeding the depicted amount in the enclosed area.
                <br/><br/>
                *<span style="font-size:8pt;">Note that in cases where this contour is embedded within a 40% contour, 
                the probability of snowfall exceeding the depicted amount is &lt;30%.</span>
                </td></tr></table>]]>
            </text>
        </BalloonStyle>
    </Style>

    <Style id="poly_40">
        <IconStyle>
            <color>00000000</color>
            <scale>1</scale>
        </IconStyle>
        <LabelStyle>
            <color>ff8b4e10</color>
            <scale>0.8</scale>
        </LabelStyle>
        <LineStyle>
            <color>668b4e10</color>
	    <width>0.4</width>
	</LineStyle>
	<PolyStyle>
	    <color>668b4e10</color>
	</PolyStyle>
        <BalloonStyle>
            <text>
                <![CDATA[ <table border=0 width="300"><tr><td style="font-size:10pt;">
                During this forecast period, there is a <b>40-50%</b> probability of snowfall exceeding the depicted amount in the enclosed area.
                <br/><br/>
                *<span style="font-size:8pt;">Note that in cases where this contour is embedded within a 50% contour, 
                the probability of snowfall exceeding the depicted amount is &lt;40%.</span>
                </td></tr></table>]]>
            </text>
        </BalloonStyle>
    </Style>

    <Style id="poly_50">
        <IconStyle>
            <color>00000000</color>
            <scale>1</scale>
        </IconStyle>
        <LabelStyle>
            <color>ffff901e</color>
            <scale>0.8</scale>
        </LabelStyle>
        <LineStyle>
            <color>66ff901e</color>
	    <width>0.4</width>
	</LineStyle>
	<PolyStyle>
	    <color>66ff901e</color>
	</PolyStyle>
        <BalloonStyle>
            <text>
                <![CDATA[ <table border=0 width="300"><tr><td style="font-size:10pt;">
                During this forecast period, there is a <b>50-60%</b> probability of snowfall exceeding the depicted amount in the enclosed area.
                <br/><br/>
                *<span style="font-size:8pt;">Note that in cases where this contour is embedded within a 60% contour, 
                the probability of snowfall exceeding the depicted amount is &lt;50%.</span>
                </td></tr></table>]]>
            </text>
        </BalloonStyle>
    </Style>

    <Style id="poly_60">
        <IconStyle>
            <color>00000000</color>
            <scale>1</scale>
        </IconStyle>
        <LabelStyle>
            <color>ffeeb200</color>
            <scale>0.8</scale>
        </LabelStyle>
        <LineStyle>
            <color>66eeb200</color>
	    <width>0.4</width>
	</LineStyle>
	<PolyStyle>
	    <color>66eeb200</color>
	</PolyStyle>
        <BalloonStyle>
            <text>
                <![CDATA[ <table border=0 width="300"><tr><td style="font-size:10pt;">
                During this forecast period, there is a <b>60-70%</b> probability of snowfall exceeding the depicted amount in the enclosed area.
                <br/><br/>
                *<span style="font-size:8pt;">Note that in cases where this contour is embedded within a 70% contour, 
                the probability of snowfall exceeding the depicted amount is &lt;60%.</span>
                </td></tr></table>]]>
            </text>
        </BalloonStyle>
    </Style>
    
    <Style id="poly_70">
        <IconStyle>
            <color>00000000</color>
            <scale>1</scale>
        </IconStyle>
        <LabelStyle>
            <color>ffeeee00</color>
            <scale>0.8</scale>
        </LabelStyle>
        <LineStyle>
            <color>66eeee00</color>
	    <width>0.4</width>
	</LineStyle>
	<PolyStyle>
	    <color>66eeee00</color>
	</PolyStyle>
        <BalloonStyle>
            <text>
                <![CDATA[ <table border=0 width="300"><tr><td style="font-size:10pt;">
                During this forecast period, there is a <b>70-80%</b> probability of snowfall exceeding the depicted amount in the enclosed area.
                <br/><br/>
                *<span style="font-size:8pt;">Note that in cases where this contour is embedded within a 80% contour, 
                the probability of snowfall exceeding the depicted amount is &lt;70%.</span>
                </td></tr></table>]]>
            </text>
        </BalloonStyle>
    </Style>

    <Style id="poly_80">
        <IconStyle>
            <color>00000000</color>
            <scale>1</scale>
        </IconStyle>
        <LabelStyle>
            <color>ff4782ff</color>
            <scale>0.8</scale>
        </LabelStyle>
        <LineStyle>
            <color>664782ff</color>
	    <width>0.4</width>
	</LineStyle>
	<PolyStyle>
	    <color>664782ff</color>
	</PolyStyle>
        <BalloonStyle>
            <text>
                <![CDATA[ <table border=0 width="300"><tr><td style="font-size:10pt;">
                During this forecast period, there is a <b>80-90%</b> probability of snowfall exceeding the depicted amount in the enclosed area.
                <br/><br/>
                *<span style="font-size:8pt;">Note that in cases where this contour is embedded within a 90% contour, 
                the probability of snowfall exceeding the depicted amount is &lt;80%.</span>
                </td></tr></table>]]>
            </text>
        </BalloonStyle>
    </Style>

    <Style id="poly_90">
        <IconStyle>
            <color>00000000</color>
            <scale>1</scale>
        </IconStyle>
        <LabelStyle>
            <color>ff2c2cee</color>
            <scale>0.8</scale>
        </LabelStyle>
        <LineStyle>
            <color>662c2cee</color>
            <width>0.4</width>
        </LineStyle>
        <PolyStyle>
            <color>662c2cee</color>
        </PolyStyle>
        <BalloonStyle>
            <text>
                <![CDATA[ <table border=0 width="300"><tr><td style="font-size:10pt;">
                During this forecast period, there is a <b>90-95%</b> probability of snowfall exceeding the depicted amount in the enclosed area.
                <br/><br/>
                *<span style="font-size:8pt;">Note that in cases where this contour is embedded within a 95% contour, 
                the probability of snowfall exceeding the depicted amount is &lt;90%.</span>
                </td></tr></table>]]>
            </text>
        </BalloonStyle>
    </Style>

    <Style id="poly_95">
        <IconStyle>
            <color>00000000</color>
            <scale>1</scale>
        </IconStyle>
        <LabelStyle>
            <color>ff00008b</color>
            <scale>0.8</scale>
        </LabelStyle>
        <LineStyle>
            <color>6600008b</color>
	    <width>0.4</width>
	</LineStyle>
	<PolyStyle>
	    <color>6600008b</color>
	</PolyStyle>
        <BalloonStyle>
            <text>
                <![CDATA[ <table border=0 width="300"><tr><td style="font-size:10pt;">
                The probability of snowfall exceeding the depicted amount is <b>&ge;95%</b> in the enclosed area during this forecast period.
                </td></tr></table>]]>
            </text>
        </BalloonStyle>
    </Style>

  <ScreenOverlay>
    <name>Logos</name>
    <description></description>
    <Icon>
      <href>https://www.wpc.ncep.noaa.gov/images/noaa_and_nws_logo.png</href>
    </Icon>
   <overlayXY x=".01" y=".01" xunits="fraction" yunits="fraction" />
   <screenXY x=".01" y=".01" xunits="fraction" yunits="fraction" />
   <rotationXY x="0" y="0" xunits="fraction" yunits="fraction" />
   <size x="-1" y="-1" xunits="fraction" yunits="fraction" />
  </ScreenOverlay>
    <Folder>
      <name>Snow Probabilities</name>
      <open>0</open>
<Placemark>
  <name>1%</name>
  <visibility>1</visibility>
  <styleUrl>#poly_1</styleUrl>
  <MultiGeometry>
    <Polygon>
      <outerBoundaryIs>
        <LinearRing>
          <coordinates>
-88.03,47.65,0 -88.02,47.65,0 -88.01,47.65,0 -88.00,47.64,0 -87.99,47.64,0 -87.98,47.63,0 -87.97,47.62,0 -87.95,47.61,0 -87.94,47.60,0 -87.94,47.60,0 -87.93,47.59,0 -87.92,47.58,0 -87.91,47.57,0 -87.89,47.56,0 -87.88,47.55,0 -87.87,47.54,0 -87.86,47.53,0 -87.85,47.52,0 -87.84,47.51,0 -87.83,47.50,0 -87.82,47.49,0 -87.81,47.48,0 -87.81,47.47,0 -87.80,47.46,0 -87.80,47.45,0 -87.80,47.45,0 -87.80,47.44,0 -87.80,47.43,0 -87.81,47.43,0 -87.82,47.42,0 -87.83,47.41,0 -87.84,47.41,0 -87.86,47.40,0 -87.87,47.40,0 -87.89,47.39,0 -87.91,47.39,0 -87.93,47.39,0 -87.94,47.38,0 -87.96,47.38,0 -87.98,47.38,0 -88.00,47.37,0 -88.01,47.37,0 -88.03,47.37,0 -88.04,47.37,0 -88.05,47.37,0 -88.07,47.37,0 -88.08,47.37,0 -88.09,47.38,0 -88.11,47.38,0 -88.12,47.39,0 -88.13,47.40,0 -88.14,47.41,0 -88.14,47.42,0 -88.15,47.43,0 -88.16,47.44,0 -88.16,47.45,0 -88.16,47.46,0 -88.16,47.47,0 -88.16,47.47,0 -88.16,47.48,0 -88.16,47.49,0 -88.16,47.50,0 -88.16,47.51,0 -88.16,47.52,0 -88.16,47.53,0 -88.15,47.54,0 -88.15,47.55,0 -88.15,47.56,0 -88.14,47.57,0 -88.14,47.59,0 -88.14,47.60,0 -88.13,47.61,0 -88.13,47.62,0 -88.03,47.65,0 
          </coordinates>
        </LinearRing>
      </outerBoundaryIs>
  </Polygon>
 </MultiGeometry>
</Placemark>
<Placemark>
  <name>1%</name>
  <visibility>1</visibility>
  <styleUrl>#poly_1</styleUrl>
  <MultiGeometry>
    <Polygon>
      <outerBoundaryIs>
        <LinearRing>
          <coordinates>
-115.39,36.82,0 -115.35,36.84,0 -115.31,36.87,0 -115.27,36.90,0 -115.23,36.93,0 -115.19,36.94,0 -115.14,36.94,0 -115.09,36.93,0 -115.04,36.91,0 -114.99,36.89,0 -114.95,36.87,0 -114.91,36.84,0 -114.88,36.81,0 -114.85,36.78,0 -114.82,36.75,0 -114.81,36.71,0 -114.81,36.67,0 -114.82,36.63,0 -114.83,36.59,0 -114.85,36.55,0 -114.88,36.52,0 -114.92,36.49,0 -114.96,36.47,0 -115.01,36.44,0 -115.06,36.42,0 -115.09,36.40,0 -115.11,36.37,0 -115.11,36.35,0 -115.10,36.31,0 -115.09,36.28,0 -115.08,36.24,0 -115.07,36.21,0 -115.07,36.17,0 -115.07,36.13,0 -115.08,36.10,0 -115.11,36.06,0 -115.13,36.03,0 -115.16,35.99,0 -115.18,35.96,0 -115.20,35.94,0 -115.22,35.91,0 -115.25,35.89,0 -115.29,35.87,0 -115.34,35.84,0 -115.38,35.82,0 -115.43,35.81,0 -115.48,35.81,0 -115.53,35.82,0 -115.58,35.83,0 -115.63,35.84,0 -115.66,35.85,0 -115.68,35.87,0 -115.70,35.88,0 -115.74,35.88,0 -115.78,35.87,0 -115.84,35.87,0 -115.89,35.88,0 -115.93,35.89,0 -115.96,35.91,0 -116.00,35.94,0 -116.04,35.96,0 -116.07,35.99,0 -116.10,36.01,0 -116.13,36.04,0 -116.14,36.08,0 -116.15,36.11,0 -116.16,36.13,0 -116.19,36.15,0 -116.23,36.17,0 -116.25,36.20,0 -116.28,36.23,0 -116.30,36.26,0 -116.33,36.30,0 -116.34,36.34,0 -116.34,36.38,0 -116.34,36.42,0 -116.32,36.46,0 -116.31,36.50,0 -116.30,36.53,0 -116.29,36.56,0 -116.28,36.59,0 -116.25,36.61,0 -116.22,36.63,0 -116.18,36.66,0 -116.14,36.68,0 -116.09,36.70,0 -116.05,36.72,0 -116.01,36.73,0 -115.96,36.74,0 -115.92,36.74,0 -115.87,36.75,0 -115.83,36.75,0 -115.79,36.75,0 -115.74,36.75,0 -115.70,36.75,0 -115.65,36.76,0 -115.61,36.76,0 -115.57,36.77,0 -115.52,36.78,0 -115.48,36.79,0 -115.43,36.80,0 -115.39,36.82,0 -115.39,36.82,0 
          </coordinates>
        </LinearRing>
      </outerBoundaryIs>
      <innerBoundaryIs>
        <LinearRing>
          <coordinates>
-116.03,36.63,1000 -116.00,36.64,1000 -115.97,36.66,1000 -115.94,36.67,1000 -115.91,36.68,1000 -115.88,36.68,1000 -115.85,36.69,1000 -115.82,36.69,1000 -115.79,36.69,1000 -115.76,36.68,1000 -115.73,36.68,1000 -115.70,36.67,1000 -115.67,36.66,1000 -115.64,36.65,1000 -115.61,36.63,1000 -115.58,36.62,1000 -115.55,36.61,1000 -115.52,36.59,1000 -115.49,36.57,1000 -115.46,36.55,1000 -115.43,36.53,1000 -115.40,36.51,1000 -115.37,36.50,1000 -115.35,36.48,1000 -115.33,36.47,1000 -115.32,36.46,1000 -115.31,36.45,1000 -115.29,36.43,1000 -115.26,36.40,1000 -115.24,36.38,1000 -115.22,36.35,1000 -115.20,36.33,1000 -115.19,36.30,1000 -115.19,36.27,1000 -115.19,36.25,1000 -115.19,36.22,1000 -115.20,36.19,1000 -115.21,36.16,1000 -115.21,36.14,1000 -115.22,36.12,1000 -115.22,36.09,1000 -115.25,36.07,1000 -115.27,36.06,1000 -115.29,36.04,1000 -115.31,36.02,1000 -115.34,36.00,1000 -115.37,35.98,1000 -115.39,35.97,1000 -115.42,35.95,1000 -115.45,35.94,1000 -115.48,35.93,1000 -115.51,35.92,1000 -115.54,35.92,1000 -115.57,35.92,1000 -115.61,35.91,1000 -115.64,35.92,1000 -115.67,35.92,1000 -115.70,35.93,1000 -115.73,35.94,1000 -115.77,35.95,1000 -115.80,35.96,1000 -115.83,35.98,1000 -115.86,35.99,1000 -115.89,36.00,1000 -115.91,36.01,1000 -115.93,36.02,1000 -115.94,36.03,1000 -115.96,36.04,1000 -115.98,36.06,1000 -116.00,36.08,1000 -116.03,36.10,1000 -116.05,36.12,1000 -116.08,36.15,1000 -116.10,36.17,1000 -116.12,36.19,1000 -116.14,36.21,1000 -116.15,36.24,1000 -116.16,36.26,1000 -116.17,36.29,1000 -116.18,36.31,1000 -116.18,36.33,1000 -116.18,36.36,1000 -116.18,36.39,1000 -116.17,36.41,1000 -116.16,36.44,1000 -116.15,36.47,1000 -116.14,36.49,1000 -116.12,36.52,1000 -116.11,36.55,1000 -116.03,36.63,1000 
          </coordinates>
        </LinearRing>
      </innerBoundaryIs>
  </Polygon>
 </MultiGeometry>
</Placemark>
<Placemark>
  <name>1%</name>
  <visibility>1</visibility>
  <styleUrl>#poly_1</styleUrl>
  <MultiGeometry>
    <Polygon>
      <outerBoundaryIs>
        <LinearRing>
          <coordinates>
-113.10,35.23,0 -113.08,35.22,0 -113.06,35.21,0 -113.04,35.20,0 -113.03,35.19,0 -113.01,35.17,0 -112.99,35.16,0 -112.98,35.15,0 -112.96,35.14,0 -112.95,35.13,0 -112.93,35.12,0 -112.92,35.11,0 -112.90,35.10,0 -112.89,35.08,0 -112.88,35.07,0 -112.87,35.05,0 -112.86,35.04,0 -112.85,35.02,0 -112.85,35.01,0 -112.84,35.00,0 -112.83,34.98,0 -112.82,34.96,0 -112.81,34.95,0 -112.81,34.94,0 -112.80,34.93,0 -112.82,34.91,0 -112.83,34.90,0 -112.84,34.89,0 -112.85,34.88,0 -112.87,34.86,0 -112.88,34.84,0 -112.90,34.83,0 -112.91,34.81,0 -112.93,34.80,0 -112.95,34.78,0 -112.97,34.77,0 -112.99,34.76,0 -113.00,34.75,0 -113.02,34.75,0 -113.04,34.75,0 -113.05,34.75,0 -113.07,34.76,0 -113.09,34.77,0 -113.11,34.78,0 -113.13,34.79,0 -113.15,34.80,0 -113.17,34.82,0 -113.19,34.83,0 -113.21,34.84,0 -113.22,34.85,0 -113.24,34.87,0 -113.25,34.87,0 -113.26,34.88,0 -113.27,34.89,0 -113.27,34.89,0 -113.26,34.91,0 -113.26,34.92,0 -113.25,34.93,0 -113.25,34.95,0 -113.25,34.96,0 -113.24,34.98,0 -113.24,35.00,0 -113.23,35.02,0 -113.23,35.04,0 -113.22,35.06,0 -113.22,35.08,0 -113.10,35.23,0 
          </coordinates>
        </LinearRing>
      </outerBoundaryIs>
  </Polygon>
 </MultiGeometry>
</Placemark>
<Placemark>
  <name>1%</name>
  <visibility>1</visibility>
  <styleUrl>#poly_1</styleUrl>
  <MultiGeometry>
    <Polygon>
      <outerBoundaryIs>
        <LinearRing>
          <coordinates>
-108.10,45.16,0 -108.04,45.18,0 -107.99,45.21,0 -107.93,45.22,0 -107.87,45.23,0 -107.81,45.23,0 -107.74,45.22,0 -107.67,45.20,0 -107.62,45.19,0 -107.57,45.17,0 -107.52,45.13,0 -107.49,45.10,0 -107.46,45.07,0 -107.43,45.04,0 -107.39,45.00,0 -107.35,44.97,0 -107.31,44.94,0 -107.26,44.91,0 -107.21,44.89,0 -107.16,44.86,0 -107.12,44.84,0 -107.09,44.82,0 -107.08,44.82,0 -107.05,44.80,0 -107.00,44.77,0 -106.95,44.73,0 -106.90,44.70,0 -106.86,44.66,0 -106.83,44.62,0 -106.82,44.57,0 -106.82,44.53,0 -106.81,44.49,0 -106.80,44.44,0 -106.79,44.40,0 -106.76,44.36,0 -106.73,44.32,0 -106.75,44.28,0 -106.77,44.24,0 -106.76,44.20,0 -106.78,44.15,0 -106.81,44.12,0 -106.84,44.09,0 -106.89,44.05,0 -106.93,44.02,0 -106.98,44.00,0 -107.04,43.98,0 -107.10,43.97,0 -107.16,43.97,0 -107.22,43.97,0 -107.28,43.97,0 -107.34,43.97,0 -107.40,43.98,0 -107.46,43.99,0 -107.51,44.01,0 -107.55,44.03,0 -107.59,44.06,0 -107.63,44.09,0 -107.66,44.13,0 -107.68,44.17,0 -107.71,44.22,0 -107.74,44.26,0 -107.78,44.29,0 -107.82,44.33,0 -107.86,44.36,0 -107.91,44.39,0 -107.94,44.42,0 -107.97,44.46,0 -107.99,44.48,0 -108.01,44.51,0 -108.05,44.53,0 -108.09,44.54,0 -108.13,44.57,0 -108.16,44.60,0 -108.19,44.65,0 -108.22,44.69,0 -108.24,44.74,0 -108.25,44.78,0 -108.26,44.82,0 -108.26,44.87,0 -108.26,44.91,0 -108.25,44.95,0 -108.23,45.00,0 -108.21,45.04,0 -108.18,45.09,0 -108.10,45.16,0 
          </coordinates>
        </LinearRing>
      </outerBoundaryIs>
      <innerBoundaryIs>
        <LinearRing>
          <coordinates>
-107.85,45.07,1000 -107.80,45.06,1000 -107.75,45.05,1000 -107.71,45.04,1000 -107.67,45.03,1000 -107.63,45.02,1000 -107.60,45.01,1000 -107.56,45.00,1000 -107.54,44.98,1000 -107.51,44.96,1000 -107.48,44.94,1000 -107.44,44.91,1000 -107.40,44.89,1000 -107.36,44.86,1000 -107.33,44.84,1000 -107.30,44.82,1000 -107.27,44.80,1000 -107.24,44.78,1000 -107.21,44.76,1000 -107.17,44.73,1000 -107.13,44.71,1000 -107.10,44.69,1000 -107.07,44.67,1000 -107.04,44.65,1000 -107.02,44.63,1000 -106.99,44.60,1000 -106.96,44.57,1000 -106.93,44.54,1000 -106.91,44.51,1000 -106.89,44.48,1000 -106.88,44.45,1000 -106.87,44.41,1000 -106.86,44.38,1000 -106.86,44.34,1000 -106.87,44.31,1000 -106.89,44.28,1000 -106.91,44.24,1000 -106.94,44.20,1000 -106.97,44.17,1000 -107.00,44.15,1000 -107.04,44.13,1000 -107.09,44.13,1000 -107.12,44.12,1000 -107.16,44.10,1000 -107.20,44.09,1000 -107.23,44.08,1000 -107.26,44.08,1000 -107.29,44.10,1000 -107.33,44.11,1000 -107.36,44.12,1000 -107.40,44.13,1000 -107.44,44.13,1000 -107.48,44.15,1000 -107.51,44.17,1000 -107.55,44.19,1000 -107.58,44.21,1000 -107.61,44.23,1000 -107.64,44.26,1000 -107.66,44.29,1000 -107.68,44.32,1000 -107.70,44.35,1000 -107.72,44.38,1000 -107.74,44.41,1000 -107.75,44.43,1000 -107.76,44.45,1000 -107.78,44.47,1000 -107.82,44.50,1000 -107.86,44.53,1000 -107.90,44.56,1000 -107.93,44.59,1000 -107.96,44.62,1000 -107.99,44.66,1000 -108.01,44.70,1000 -108.03,44.73,1000 -108.05,44.75,1000 -108.05,44.76,1000 -108.05,44.78,1000 -108.05,44.81,1000 -108.06,44.84,1000 -108.06,44.88,1000 -108.06,44.92,1000 -107.85,45.07,1000 
          </coordinates>
        </LinearRing>
      </innerBoundaryIs>
  </Polygon>
 </MultiGeometry>
</Placemark>
<Placemark>
  <name>1%</name>
  <visibility>1</visibility>
  <styleUrl>#poly_1</styleUrl>
  <MultiGeometry>
    <Polygon>
      <outerBoundaryIs>
        <LinearRing>
          <coordinates>
-109.29,36.65,0 -109.22,36.67,0 -109.15,36.69,0 -109.08,36.70,0 -109.00,36.71,0 -108.93,36.71,0 -108.85,36.69,0 -108.80,36.65,0 -108.75,36.60,0 -108.70,36.55,0 -108.65,36.48,0 -108.62,36.42,0 -108.60,36.36,0 -108.59,36.30,0 -108.58,36.24,0 -108.58,36.18,0 -108.57,36.12,0 -108.57,36.07,0 -108.56,36.00,0 -108.56,35.94,0 -108.57,35.89,0 -108.60,35.84,0 -108.65,35.79,0 -108.68,35.74,0 -108.67,35.70,0 -108.63,35.68,0 -108.57,35.66,0 -108.49,35.64,0 -108.41,35.62,0 -108.33,35.60,0 -108.27,35.58,0 -108.21,35.55,0 -108.16,35.51,0 -108.11,35.47,0 -108.07,35.43,0 -108.04,35.39,0 -108.00,35.33,0 -107.97,35.27,0 -107.96,35.21,0 -107.98,35.15,0 -108.02,35.08,0 -108.06,35.03,0 -108.10,34.99,0 -108.14,34.96,0 -108.19,34.94,0 -108.26,34.93,0 -108.33,34.94,0 -108.41,34.95,0 -108.47,34.97,0 -108.53,34.99,0 -108.59,35.02,0 -108.64,35.06,0 -108.68,35.11,0 -108.72,35.16,0 -108.76,35.22,0 -108.79,35.28,0 -108.81,35.33,0 -108.79,35.40,0 -108.74,35.47,0 -108.72,35.51,0 -108.76,35.53,0 -108.82,35.53,0 -108.92,35.53,0 -108.98,35.53,0 -109.06,35.52,0 -109.15,35.52,0 -109.23,35.52,0 -109.31,35.52,0 -109.37,35.52,0 -109.44,35.54,0 -109.48,35.58,0 -109.51,35.62,0 -109.54,35.67,0 -109.57,35.72,0 -109.58,35.80,0 -109.58,35.85,0 -109.57,35.92,0 -109.55,35.98,0 -109.54,36.05,0 -109.52,36.12,0 -109.51,36.17,0 -109.49,36.25,0 -109.48,36.30,0 -109.46,36.35,0 -109.29,36.65,0 
          </coordinates>
        </LinearRing>
      </outerBoundaryIs>
      <innerBoundaryIs>
        <LinearRing>
          <coordinates>
-109.27,36.47,1000 -109.24,36.49,1000 -109.20,36.51,1000 -109.17,36.53,1000 -109.13,36.54,1000 -109.10,36.55,1000 -109.06,36.56,1000 -109.02,36.56,1000 -108.98,36.56,1000 -108.94,36.55,1000 -108.90,36.54,1000 -108.86,36.52,1000 -108.83,36.51,1000 -108.79,36.49,1000 -108.76,36.47,1000 -108.74,36.44,1000 -108.72,36.41,1000 -108.71,36.39,1000 -108.69,36.36,1000 -108.68,36.33,1000 -108.67,36.30,1000 -108.67,36.27,1000 -108.66,36.24,1000 -108.66,36.21,1000 -108.65,36.18,1000 -108.65,36.15,1000 -108.65,36.12,1000 -108.65,36.09,1000 -108.66,36.06,1000 -108.67,36.03,1000 -108.69,35.99,1000 -108.71,35.96,1000 -108.72,35.93,1000 -108.74,35.90,1000 -108.75,35.88,1000 -108.75,35.87,1000 -108.76,35.85,1000 -108.78,35.83,1000 -108.81,35.81,1000 -108.83,35.78,1000 -108.86,35.75,1000 -108.89,35.73,1000 -108.91,35.71,1000 -108.94,35.69,1000 -108.97,35.67,1000 -109.01,35.66,1000 -109.05,35.65,1000 -109.09,35.65,1000 -109.12,35.65,1000 -109.16,35.66,1000 -109.19,35.67,1000 -109.22,35.69,1000 -109.25,35.71,1000 -109.28,35.73,1000 -109.31,35.75,1000 -109.34,35.77,1000 -109.36,35.80,1000 -109.38,35.82,1000 -109.40,35.85,1000 -109.40,35.88,1000 -109.40,35.91,1000 -109.40,35.94,1000 -109.40,35.97,1000 -109.40,36.00,1000 -109.40,36.03,1000 -109.40,36.06,1000 -109.40,36.09,1000 -109.40,36.12,1000 -109.39,36.15,1000 -109.39,36.18,1000 -109.39,36.21,1000 -109.38,36.24,1000 -109.37,36.27,1000 -109.37,36.30,1000 -109.36,36.33,1000 -109.35,36.36,1000 -109.27,36.47,1000 
          </coordinates>
        </LinearRing>
      </innerBoundaryIs>
  </Polygon>
 </MultiGeometry>
</Placemark>
<Placemark>
  <name>1%</name>
  <visibility>1</visibility>
  <styleUrl>#poly_1</styleUrl>
  <MultiGeometry>
    <Polygon>
      <outerBoundaryIs>
        <LinearRing>
          <coordinates>
-127.68,50.48,0 -126.12,50.74,0 -124.51,50.97,0 -124.03,51.03,0 -123.62,51.05,0 -123.25,50.80,0 -122.72,50.70,0 -122.04,50.78,0 -120.63,50.98,0 -120.41,51.12,0 -120.10,51.19,0 -119.75,51.24,0 -119.65,51.31,0 -119.20,51.51,0 -119.03,51.64,0 -118.80,51.68,0 -118.40,51.72,0 -116.60,51.91,0 -114.47,52.11,0 -112.71,52.26,0 -110.83,52.40,0 -109.28,52.51,0 -107.54,52.61,0 -106.12,52.69,0 -104.75,52.74,0 -104.04,52.77,0 -103.60,52.75,0 -103.29,52.65,0 -102.91,52.53,0 -102.70,52.50,0 -101.88,52.45,0 -101.38,52.25,0 -100.86,52.17,0 -100.29,52.09,0 -99.37,52.04,0 -98.21,52.19,0 -96.86,52.12,0 -96.37,52.04,0 -95.88,52.01,0 -95.10,52.16,0 -94.57,52.17,0 -94.13,52.12,0 -93.02,51.71,0 -92.44,51.51,0 -92.10,51.50,0 -91.84,51.74,0 -91.69,51.86,0 -91.40,51.91,0 -90.80,51.80,0 -90.07,51.52,0 -89.50,51.34,0 -89.07,51.26,0 -88.17,51.20,0 -87.36,51.10,0 -86.69,51.00,0 -86.18,50.92,0 -85.92,50.85,0 -85.24,50.68,0 -84.72,50.46,0 -84.37,50.16,0 -83.73,50.08,0 -83.42,49.90,0 -83.27,49.73,0 -82.77,49.54,0 -82.24,49.34,0 -81.86,49.13,0 -81.15,48.98,0 -80.52,48.87,0 -79.43,48.62,0 -78.19,48.31,0 -77.97,48.23,0 -77.74,48.24,0 -77.26,48.29,0 -76.91,48.27,0 -76.71,48.31,0 -76.18,48.40,0 -75.63,48.54,0 -74.68,48.87,0 -74.37,49.01,0 -73.94,49.13,0 -73.67,49.18,0 -73.40,49.28,0 -73.03,49.68,0 -72.89,49.83,0 -72.52,50.00,0 -72.33,50.09,0 -72.09,50.30,0 -71.76,50.48,0 -71.27,50.51,0 -70.81,50.47,0 -70.70,50.51,0 -70.63,50.78,0 -70.56,50.98,0 -70.36,51.12,0 -70.07,51.17,0 -69.71,51.14,0 -69.38,51.08,0 -69.14,51.11,0 -68.62,51.26,0 -68.26,51.28,0 -67.85,51.25,0 -67.50,51.17,0 -67.28,51.07,0 -66.74,50.90,0 -66.50,50.77,0 -66.21,50.69,0 -65.86,50.53,0 -65.62,50.37,0 -65.36,50.10,0 -65.18,49.92,0 -64.95,49.85,0 -64.51,49.65,0 -63.93,49.41,0 -63.55,49.15,0 -63.48,48.81,0 -63.14,48.71,0 -62.93,48.58,0 -62.64,48.34,0 -62.28,48.11,0 -61.94,47.81,0 -61.91,47.56,0 -61.96,47.34,0 -61.95,46.79,0 -62.10,46.27,0 -62.47,45.26,0 -62.81,44.26,0 -62.94,43.84,0 -63.04,43.61,0 -63.28,43.38,0 -63.52,43.31,0 -63.95,43.35,0 -64.69,43.50,0 -65.28,43.72,0 -65.88,43.90,0 -66.03,44.05,0 -66.13,44.31,0 -66.06,44.61,0 -65.81,44.88,0 -65.84,45.08,0 -66.26,45.17,0 -66.45,45.12,0 -66.74,45.12,0 -67.08,45.21,0 -67.59,45.45,0 -67.88,45.72,0 -68.22,45.87,0 -68.44,45.88,0 -68.60,45.79,0 -69.15,45.54,0 -69.43,45.46,0 -69.79,45.45,0 -69.97,45.44,0 -70.23,45.33,0 -70.50,45.06,0 -70.88,44.74,0 -71.32,44.43,0 -71.26,44.27,0 -71.35,44.01,0 -71.50,43.92,0 -71.73,43.87,0 -72.01,43.88,0 -72.23,43.84,0 -72.46,43.68,0 -72.56,43.51,0 -72.75,43.42,0 -72.93,43.41,0 -73.24,43.48,0 -73.39,43.70,0 -73.41,43.83,0 -73.64,43.70,0 -73.91,43.65,0 -74.18,43.47,0 -74.61,43.26,0 -74.99,43.27,0 -75.24,43.43,0 -75.30,43.72,0 -75.25,43.99,0 -75.05,44.18,0 -74.83,44.31,0 -74.73,44.56,0 -74.41,44.81,0 -74.00,44.84,0 -73.55,44.81,0 -73.23,44.63,0 -73.19,44.70,0 -73.13,44.95,0 -72.98,45.21,0 -72.87,45.47,0 -73.12,45.52,0 -73.68,45.40,0 -74.27,45.36,0 -74.80,45.27,0 -75.42,45.24,0 -75.86,45.22,0 -76.33,45.36,0 -77.09,45.51,0 -77.66,45.66,0 -77.99,45.65,0 -78.13,45.37,0 -78.25,45.22,0 -78.47,45.11,0 -78.88,45.08,0 -79.22,45.13,0 -79.65,45.30,0 -79.82,45.48,0 -79.77,45.75,0 -79.88,45.93,0 -80.03,45.97,0 -80.23,45.91,0 -80.83,45.72,0 -81.51,45.81,0 -82.46,46.18,0 -82.94,46.53,0 -83.21,46.78,0 -83.77,47.04,0 -83.87,47.16,0 -83.90,47.41,0 -84.08,47.53,0 -84.34,47.39,0 -84.80,47.48,0 -85.09,47.59,0 -85.43,47.59,0 -85.97,47.76,0 -86.65,48.25,0 -87.00,48.30,0 -87.38,48.30,0 -87.73,48.29,0 -87.91,48.20,0 -88.26,47.99,0 -88.52,47.73,0 -88.78,47.64,0 -88.98,47.45,0 -89.36,47.15,0 -89.30,46.98,0 -89.01,47.07,0 -88.81,47.08,0 -88.65,46.99,0 -88.54,46.83,0 -88.33,46.77,0 -88.10,46.88,0 -87.68,46.90,0 -87.34,46.69,0 -87.14,46.40,0 -87.04,46.21,0 -87.18,45.90,0 -87.30,45.73,0 -87.58,45.59,0 -88.16,45.43,0 -88.53,45.43,0 -88.96,45.60,0 -89.48,45.79,0 -90.19,45.94,0 -90.60,46.04,0 -91.28,46.02,0 -92.05,46.03,0 -92.58,45.96,0 -93.02,46.04,0 -93.63,46.08,0 -94.25,46.23,0 -94.99,46.30,0 -95.50,46.46,0 -95.74,46.59,0 -95.96,46.81,0 -96.23,47.09,0 -96.70,47.06,0 -96.87,46.99,0 -97.48,46.80,0 -98.47,46.78,0 -98.84,46.72,0 -99.24,46.70,0 -99.83,46.84,0 -100.93,46.98,0 -101.15,46.86,0 -101.57,46.82,0 -102.20,47.02,0 -102.72,47.09,0 -102.97,47.08,0 -103.22,47.00,0 -103.57,46.98,0 -103.91,47.02,0 -104.17,47.19,0 -104.45,47.35,0 -104.78,47.26,0 -105.17,47.30,0 -106.04,47.71,0 -106.93,48.16,0 -107.31,48.54,0 -107.50,48.60,0 -107.86,48.56,0 -108.28,48.29,0 -108.15,48.05,0 -108.20,47.84,0 -108.28,47.76,0 -108.67,47.62,0 -108.79,47.31,0 -108.93,46.94,0 -108.89,46.71,0 -109.01,46.50,0 -109.75,46.36,0 -109.72,45.97,0 -109.71,45.69,0 -109.60,45.61,0 -109.36,45.47,0 -109.11,45.25,0 -109.03,44.91,0 -109.08,44.57,0 -109.10,44.33,0 -108.96,44.14,0 -108.92,43.88,0 -108.95,43.63,0 -108.50,42.79,0 -108.30,42.58,0 -108.28,42.32,0 -108.50,41.92,0 -108.64,41.77,0 -108.58,41.72,0 -108.28,41.77,0 -108.06,41.87,0 -107.66,41.99,0 -107.20,41.97,0 -106.91,41.88,0 -106.56,41.95,0 -106.36,41.91,0 -106.01,41.81,0 -105.82,41.63,0 -105.70,41.20,0 -105.47,41.09,0 -105.29,40.93,0 -105.23,40.75,0 -105.15,40.11,0 -105.18,39.55,0 -105.21,39.30,0 -105.31,39.17,0 -105.51,39.02,0 -105.59,38.84,0 -105.70,38.46,0 -105.32,38.24,0 -105.23,38.03,0 -105.34,37.78,0 -105.47,37.70,0 -105.72,37.69,0 -105.82,37.54,0 -105.74,37.05,0 -105.42,37.27,0 -105.09,37.24,0 -105.01,37.15,0 -104.94,36.98,0 -104.97,36.79,0 -105.04,36.65,0 -105.06,36.38,0 -105.23,36.13,0 -105.43,36.03,0 -105.65,36.10,0 -105.84,36.30,0 -105.91,36.46,0 -106.04,36.35,0 -106.43,36.23,0 -106.77,36.26,0 -106.99,36.37,0 -107.26,36.47,0 -107.43,36.64,0 -107.53,36.76,0 -107.74,36.86,0 -108.03,36.85,0 -108.42,36.95,0 -108.83,37.19,0 -109.18,37.48,0 -109.80,37.38,0 -110.12,37.44,0 -110.29,37.70,0 -110.21,37.97,0 -109.49,38.15,0 -109.69,38.43,0 -109.65,38.70,0 -109.34,38.89,0 -109.99,38.89,0 -110.32,39.17,0 -110.58,39.24,0 -110.77,39.18,0 -110.90,38.97,0 -110.97,38.83,0 -110.97,38.58,0 -110.50,37.94,0 -110.62,37.80,0 -110.97,37.67,0 -111.22,37.35,0 -111.62,37.10,0 -111.74,36.72,0 -111.58,36.49,0 -111.54,36.29,0 -111.45,35.79,0 -111.16,35.45,0 -111.11,35.28,0 -110.89,35.05,0 -110.19,34.39,0 -109.86,34.49,0 -109.48,34.50,0 -109.09,34.27,0 -108.80,33.92,0 -108.83,33.69,0 -108.92,33.56,0 -109.12,33.37,0 -109.48,33.31,0 -109.97,33.55,0 -110.12,33.68,0 -110.24,33.93,0 -110.31,34.11,0 -110.54,33.95,0 -110.84,33.93,0 -111.21,34.04,0 -111.72,34.28,0 -111.97,34.68,0 -112.36,34.82,0 -112.59,35.02,0 -112.66,35.29,0 -112.93,35.27,0 -113.22,35.39,0 -113.57,35.77,0 -113.85,35.92,0 -114.00,36.08,0 -113.96,36.62,0 -113.90,36.88,0 -113.73,37.01,0 -114.28,37.02,0 -114.82,37.16,0 -115.05,37.42,0 -115.30,37.42,0 -115.38,37.33,0 -115.69,37.15,0 -115.90,36.95,0 -116.03,36.82,0 -116.24,36.73,0 -116.77,36.70,0 -116.95,36.59,0 -116.74,36.48,0 -116.67,36.31,0 -116.62,35.94,0 -116.81,35.77,0 -117.03,35.72,0 -117.50,35.65,0 -117.79,35.24,0 -117.83,35.04,0 -117.98,34.90,0 -118.22,34.74,0 -118.56,34.58,0 -118.70,34.42,0 -118.92,34.35,0 -119.41,34.30,0 -119.65,34.35,0 -119.79,34.46,0 -119.97,34.66,0 -119.95,34.95,0 -119.44,35.16,0 -119.03,35.24,0 -119.10,35.59,0 -119.05,35.78,0 -119.11,35.96,0 -119.27,36.16,0 -119.33,36.34,0 -119.42,36.65,0 -119.96,37.03,0 -120.46,37.48,0 -120.60,37.77,0 -120.79,37.89,0 -120.88,38.06,0 -121.56,39.19,0 -122.39,40.23,0 -122.23,39.58,0 -122.19,39.35,0 -122.30,39.16,0 -122.49,38.96,0 -122.75,38.87,0 -123.02,38.88,0 -123.33,39.03,0 -123.69,39.22,0 -123.85,39.39,0 -124.05,39.58,0 -124.12,39.76,0 -124.22,40.07,0 -124.42,40.31,0 -124.36,40.56,0 -124.45,40.99,0 -124.36,41.30,0 -124.53,41.98,0 -124.64,42.36,0 -124.71,42.73,0 -124.42,43.23,0 -124.24,44.50,0 -124.19,45.71,0 -124.07,46.37,0 -124.10,46.58,0 -124.04,46.71,0 -123.98,46.81,0 -124.08,46.96,0 -124.34,47.14,0 -124.51,47.42,0 -124.79,47.68,0 -124.92,48.02,0 -125.04,48.41,0 -125.25,48.59,0 -125.56,48.80,0 -125.91,48.92,0 -126.14,49.08,0 -126.46,49.23,0 -126.93,49.69,0 -127.72,50.01,0 -127.82,50.32,0 -127.68,50.48,0 -127.68,50.48,0 
          </coordinates>
        </LinearRing>
      </outerBoundaryIs>
      <innerBoundaryIs>
        <LinearRing>
          <coordinates>
-90.36,50.70,0 -90.35,50.70,0 -90.33,50.70,0 -90.32,50.69,0 -90.30,50.69,0 -90.29,50.69,0 -90.27,50.68,0 -90.26,50.67,0 -90.24,50.66,0 -90.23,50.65,0 -90.22,50.64,0 -90.21,50.63,0 -90.21,50.62,0 -90.20,50.61,0 -90.19,50.60,0 -90.18,50.59,0 -90.17,50.58,0 -90.16,50.57,0 -90.15,50.55,0 -90.14,50.54,0 -90.14,50.53,0 -90.13,50.52,0 -90.13,50.52,0 -90.12,50.51,0 -90.10,50.49,0 -90.10,50.49,0 -90.10,50.49,0 -90.09,50.49,0 -90.12,50.48,0 -90.13,50.48,0 -90.14,50.47,0 -90.15,50.47,0 -90.17,50.46,0 -90.18,50.46,0 -90.19,50.45,0 -90.21,50.44,0 -90.23,50.44,0 -90.25,50.43,0 -90.26,50.42,0 -90.28,50.42,0 -90.30,50.41,0 -90.32,50.41,0 -90.33,50.40,0 -90.35,50.40,0 -90.36,50.40,0 -90.38,50.40,0 -90.40,50.40,0 -90.41,50.40,0 -90.43,50.41,0 -90.44,50.41,0 -90.46,50.41,0 -90.48,50.42,0 -90.49,50.43,0 -90.51,50.43,0 -90.53,50.44,0 -90.54,50.45,0 -90.56,50.45,0 -90.57,50.46,0 -90.58,50.47,0 -90.60,50.48,0 -90.61,50.48,0 -90.61,50.49,0 -90.62,50.50,0 -90.63,50.51,0 -90.63,50.52,0 -90.63,50.53,0 -90.63,50.54,0 -90.63,50.55,0 -90.63,50.56,0 -90.62,50.57,0 -90.62,50.58,0 -90.61,50.59,0 -90.61,50.60,0 -90.60,50.61,0 -90.59,50.63,0 -90.59,50.64,0 -90.58,50.65,0 -90.57,50.66,0 -90.36,50.70,0 
          </coordinates>
        </LinearRing>
      </innerBoundaryIs>
      <innerBoundaryIs>
        <LinearRing>
          <coordinates>
-119.45,47.43,0 -119.37,47.45,0 -119.29,47.46,0 -119.21,47.45,0 -119.15,47.42,0 -119.10,47.39,0 -119.03,47.34,0 -118.92,47.30,0 -118.84,47.28,0 -118.74,47.26,0 -118.63,47.24,0 -118.52,47.22,0 -118.40,47.20,0 -118.30,47.17,0 -118.20,47.15,0 -118.12,47.13,0 -118.01,47.09,0 -117.93,47.04,0 -117.88,47.00,0 -117.83,46.95,0 -117.78,46.89,0 -117.75,46.83,0 -117.74,46.77,0 -117.73,46.71,0 -117.73,46.65,0 -117.78,46.60,0 -117.86,46.58,0 -117.97,46.57,0 -118.10,46.55,0 -118.21,46.51,0 -118.27,46.47,0 -118.33,46.42,0 -118.38,46.36,0 -118.44,46.29,0 -118.50,46.23,0 -118.55,46.17,0 -118.61,46.11,0 -118.68,46.05,0 -118.74,45.98,0 -118.81,45.91,0 -118.87,45.85,0 -118.94,45.80,0 -119.01,45.76,0 -119.10,45.73,0 -119.19,45.71,0 -119.29,45.70,0 -119.38,45.69,0 -119.48,45.68,0 -119.57,45.66,0 -119.65,45.63,0 -119.73,45.61,0 -119.83,45.58,0 -119.95,45.55,0 -120.04,45.53,0 -120.14,45.50,0 -120.26,45.47,0 -120.38,45.44,0 -120.51,45.41,0 -120.63,45.39,0 -120.73,45.37,0 -120.82,45.35,0 -120.89,45.35,0 -120.98,45.39,0 -121.01,45.46,0 -120.99,45.54,0 -120.95,45.60,0 -120.89,45.62,0 -120.79,45.63,0 -120.67,45.63,0 -120.56,45.64,0 -120.47,45.65,0 -120.38,45.68,0 -120.30,45.71,0 -120.24,45.74,0 -120.18,45.78,0 -120.12,45.84,0 -120.09,45.91,0 -120.07,45.97,0 -120.07,46.02,0 -120.09,46.07,0 -120.13,46.13,0 -120.19,46.18,0 -120.27,46.23,0 -120.35,46.28,0 -120.41,46.34,0 -120.45,46.39,0 -120.49,46.45,0 -120.50,46.51,0 -120.48,46.58,0 -120.45,46.63,0 -120.40,46.69,0 -120.34,46.76,0 -120.27,46.83,0 -120.20,46.89,0 -120.15,46.95,0 -120.10,47.00,0 -120.03,47.08,0 -120.00,47.13,0 -119.97,47.18,0 -119.96,47.25,0 -119.93,47.31,0 -119.87,47.33,0 -119.78,47.34,0 -119.68,47.34,0 -119.45,47.43,0 
          </coordinates>
        </LinearRing>
      </innerBoundaryIs>
      <innerBoundaryIs>
        <LinearRing>
          <coordinates>
-109.99,40.08,0 -109.97,40.10,0 -109.95,40.11,0 -109.93,40.13,0 -109.91,40.14,0 -109.89,40.15,0 -109.87,40.17,0 -109.84,40.18,0 -109.82,40.19,0 -109.80,40.20,0 -109.78,40.21,0 -109.76,40.22,0 -109.73,40.23,0 -109.71,40.24,0 -109.68,40.24,0 -109.65,40.25,0 -109.63,40.25,0 -109.60,40.25,0 -109.58,40.25,0 -109.55,40.25,0 -109.53,40.24,0 -109.50,40.23,0 -109.47,40.22,0 -109.44,40.21,0 -109.42,40.19,0 -109.39,40.18,0 -109.37,40.16,0 -109.34,40.15,0 -109.33,40.14,0 -109.31,40.13,0 -109.29,40.13,0 -109.28,40.12,0 -109.27,40.11,0 -109.25,40.10,0 -109.22,40.08,0 -109.20,40.07,0 -109.17,40.05,0 -109.14,40.03,0 -109.12,40.02,0 -109.09,40.00,0 -109.08,39.98,0 -109.06,39.97,0 -109.06,39.96,0 -109.07,39.95,0 -109.08,39.94,0 -109.11,39.94,0 -109.14,39.93,0 -109.18,39.93,0 -109.21,39.93,0 -109.25,39.92,0 -109.28,39.92,0 -109.31,39.91,0 -109.33,39.91,0 -109.36,39.90,0 -109.39,39.89,0 -109.42,39.89,0 -109.44,39.88,0 -109.47,39.87,0 -109.50,39.87,0 -109.53,39.87,0 -109.55,39.87,0 -109.58,39.87,0 -109.61,39.86,0 -109.64,39.87,0 -109.66,39.87,0 -109.69,39.87,0 -109.71,39.87,0 -109.73,39.87,0 -109.76,39.87,0 -109.78,39.88,0 -109.80,39.89,0 -109.82,39.90,0 -109.84,39.91,0 -109.86,39.93,0 -109.88,39.94,0 -109.90,39.96,0 -109.93,39.98,0 -109.95,39.99,0 -109.97,40.01,0 -109.98,40.02,0 -110.00,40.04,0 -110.02,40.05,0 -110.02,40.06,0 -109.99,40.08,0 
          </coordinates>
        </LinearRing>
      </innerBoundaryIs>
      <innerBoundaryIs>
        <LinearRing>
          <coordinates>
-88.88,49.86,0 -88.86,49.85,0 -88.84,49.85,0 -88.81,49.84,0 -88.79,49.83,0 -88.77,49.83,0 -88.75,49.82,0 -88.74,49.82,0 -88.72,49.81,0 -88.70,49.80,0 -88.69,49.80,0 -88.67,49.79,0 -88.66,49.79,0 -88.65,49.79,0 -88.63,49.77,0 -88.62,49.76,0 -88.61,49.76,0 -88.59,49.75,0 -88.57,49.74,0 -88.55,49.73,0 -88.53,49.72,0 -88.51,49.71,0 -88.49,49.70,0 -88.47,49.69,0 -88.45,49.67,0 -88.44,49.66,0 -88.43,49.65,0 -88.42,49.64,0 -88.41,49.63,0 -88.41,49.62,0 -88.41,49.61,0 -88.42,49.60,0 -88.43,49.59,0 -88.44,49.58,0 -88.46,49.56,0 -88.47,49.55,0 -88.49,49.54,0 -88.51,49.53,0 -88.53,49.52,0 -88.55,49.51,0 -88.57,49.50,0 -88.59,49.49,0 -88.61,49.49,0 -88.63,49.48,0 -88.65,49.48,0 -88.67,49.48,0 -88.69,49.48,0 -88.71,49.48,0 -88.72,49.49,0 -88.74,49.50,0 -88.76,49.50,0 -88.78,49.51,0 -88.80,49.52,0 -88.82,49.53,0 -88.84,49.54,0 -88.86,49.55,0 -88.87,49.56,0 -88.89,49.56,0 -88.90,49.57,0 -88.92,49.58,0 -88.94,49.59,0 -88.95,49.59,0 -88.97,49.60,0 -88.98,49.61,0 -88.99,49.62,0 -89.00,49.63,0 -89.01,49.64,0 -89.02,49.65,0 -89.02,49.66,0 -89.03,49.67,0 -89.04,49.68,0 -89.04,49.70,0 -89.05,49.71,0 -89.06,49.72,0 -89.06,49.74,0 -89.07,49.75,0 -89.07,49.77,0 -89.08,49.78,0 -89.08,49.80,0 -89.09,49.81,0 -88.88,49.86,0 
          </coordinates>
        </LinearRing>
      </innerBoundaryIs>
      <innerBoundaryIs>
        <LinearRing>
          <coordinates>
-123.23,48.99,0 -123.17,48.98,0 -123.12,48.96,0 -123.06,48.93,0 -122.99,48.90,0 -122.94,48.88,0 -122.89,48.87,0 -122.87,48.85,0 -122.85,48.82,0 -122.84,48.78,0 -122.82,48.73,0 -122.81,48.69,0 -122.80,48.65,0 -122.78,48.60,0 -122.77,48.56,0 -122.75,48.52,0 -122.72,48.48,0 -122.69,48.44,0 -122.65,48.40,0 -122.62,48.37,0 -122.58,48.34,0 -122.53,48.31,0 -122.50,48.29,0 -122.48,48.26,0 -122.47,48.22,0 -122.46,48.19,0 -122.44,48.15,0 -122.43,48.10,0 -122.41,48.06,0 -122.39,48.02,0 -122.37,47.98,0 -122.36,47.94,0 -122.34,47.90,0 -122.32,47.86,0 -122.31,47.82,0 -122.30,47.78,0 -122.29,47.74,0 -122.28,47.69,0 -122.27,47.64,0 -122.29,47.62,0 -122.34,47.63,0 -122.42,47.67,0 -122.47,47.71,0 -122.48,47.75,0 -122.46,47.80,0 -122.45,47.84,0 -122.44,47.89,0 -122.44,47.93,0 -122.45,47.97,0 -122.46,48.01,0 -122.48,48.05,0 -122.50,48.09,0 -122.53,48.14,0 -122.57,48.18,0 -122.60,48.21,0 -122.66,48.23,0 -122.74,48.24,0 -122.80,48.25,0 -122.88,48.27,0 -122.95,48.29,0 -123.01,48.30,0 -123.06,48.30,0 -123.09,48.31,0 -123.13,48.34,0 -123.18,48.38,0 -123.22,48.42,0 -123.25,48.46,0 -123.25,48.50,0 -123.23,48.54,0 -123.21,48.59,0 -123.20,48.63,0 -123.20,48.67,0 -123.21,48.72,0 -123.23,48.76,0 -123.24,48.80,0 -123.25,48.84,0 -123.26,48.88,0 -123.27,48.92,0 -123.28,48.96,0 -123.23,48.99,0 
          </coordinates>
        </LinearRing>
      </innerBoundaryIs>
      <innerBoundaryIs>
        <LinearRing>
          <coordinates>
-85.03,49.99,0 -84.95,50.00,0 -84.87,50.01,0 -84.79,50.00,0 -84.73,49.97,0 -84.70,49.94,0 -84.67,49.89,0 -84.65,49.84,0 -84.63,49.78,0 -84.61,49.72,0 -84.59,49.67,0 -84.58,49.63,0 -84.57,49.58,0 -84.57,49.54,0 -84.57,49.51,0 -84.55,49.47,0 -84.52,49.43,0 -84.48,49.39,0 -84.43,49.35,0 -84.39,49.30,0 -84.35,49.25,0 -84.32,49.20,0 -84.30,49.15,0 -84.27,49.10,0 -84.25,49.04,0 -84.23,48.99,0 -84.22,48.95,0 -84.21,48.90,0 -84.20,48.86,0 -84.21,48.83,0 -84.22,48.79,0 -84.25,48.75,0 -84.28,48.70,0 -84.33,48.66,0 -84.38,48.63,0 -84.45,48.61,0 -84.53,48.59,0 -84.62,48.58,0 -84.68,48.59,0 -84.71,48.62,0 -84.73,48.66,0 -84.75,48.71,0 -84.76,48.76,0 -84.78,48.81,0 -84.80,48.86,0 -84.81,48.90,0 -84.83,48.95,0 -84.85,49.00,0 -84.88,49.05,0 -84.91,49.09,0 -84.95,49.13,0 -84.99,49.18,0 -85.04,49.22,0 -85.08,49.26,0 -85.11,49.30,0 -85.14,49.34,0 -85.17,49.39,0 -85.20,49.42,0 -85.22,49.46,0 -85.25,49.50,0 -85.29,49.54,0 -85.32,49.59,0 -85.35,49.63,0 -85.37,49.67,0 -85.37,49.72,0 -85.35,49.76,0 -85.33,49.81,0 -85.30,49.86,0 -85.03,49.99,0 
          </coordinates>
        </LinearRing>
      </innerBoundaryIs>
      <innerBoundaryIs>
        <LinearRing>
          <coordinates>
-113.04,41.57,0 -112.92,41.54,0 -112.79,41.48,0 -112.70,41.42,0 -112.61,41.33,0 -112.54,41.24,0 -112.49,41.15,0 -112.45,41.05,0 -112.43,40.96,0 -112.45,40.89,0 -112.53,40.86,0 -112.66,40.86,0 -112.79,40.86,0 -112.90,40.84,0 -112.99,40.78,0 -113.06,40.71,0 -113.10,40.65,0 -113.11,40.60,0 -113.09,40.54,0 -113.07,40.46,0 -113.05,40.37,0 -113.04,40.27,0 -113.06,40.19,0 -113.09,40.10,0 -113.11,40.02,0 -113.12,39.95,0 -113.09,39.88,0 -113.02,39.82,0 -112.95,39.76,0 -112.87,39.70,0 -112.77,39.64,0 -112.69,39.59,0 -112.60,39.53,0 -112.55,39.47,0 -112.56,39.39,0 -112.58,39.29,0 -112.58,39.21,0 -112.58,39.13,0 -112.60,39.06,0 -112.65,39.00,0 -112.73,38.94,0 -112.80,38.89,0 -112.90,38.83,0 -113.01,38.79,0 -113.13,38.78,0 -113.24,38.81,0 -113.26,38.87,0 -113.26,38.95,0 -113.29,39.03,0 -113.37,39.09,0 -113.46,39.15,0 -113.55,39.20,0 -113.64,39.27,0 -113.69,39.35,0 -113.69,39.44,0 -113.66,39.53,0 -113.62,39.59,0 -113.57,39.66,0 -113.53,39.72,0 -113.50,39.81,0 -113.50,39.90,0 -113.53,39.99,0 -113.59,40.07,0 -113.66,40.12,0 -113.75,40.17,0 -113.83,40.22,0 -113.91,40.30,0 -113.96,40.39,0 -113.97,40.47,0 -113.95,40.57,0 -113.94,40.65,0 -113.92,40.74,0 -113.91,40.84,0 -113.89,40.92,0 -113.89,41.01,0 -113.82,41.11,0 -113.76,41.16,0 -113.68,41.22,0 -113.59,41.28,0 -113.48,41.34,0 -113.37,41.41,0 -113.26,41.48,0 -113.04,41.57,0 
          </coordinates>
        </LinearRing>
      </innerBoundaryIs>
      <innerBoundaryIs>
        <LinearRing>
          <coordinates>
-122.53,47.58,0 -122.51,47.58,0 -122.50,47.58,0 -122.48,47.58,0 -122.47,47.58,0 -122.46,47.58,0 -122.45,47.57,0 -122.44,47.56,0 -122.43,47.55,0 -122.43,47.54,0 -122.43,47.54,0 -122.43,47.53,0 -122.42,47.52,0 -122.42,47.51,0 -122.42,47.50,0 -122.42,47.49,0 -122.43,47.48,0 -122.43,47.47,0 -122.43,47.46,0 -122.43,47.45,0 -122.43,47.44,0 -122.43,47.43,0 -122.43,47.42,0 -122.43,47.41,0 -122.44,47.40,0 -122.44,47.39,0 -122.44,47.38,0 -122.44,47.38,0 -122.44,47.37,0 -122.44,47.35,0 -122.45,47.34,0 -122.45,47.33,0 -122.45,47.33,0 -122.46,47.33,0 -122.47,47.33,0 -122.48,47.33,0 -122.48,47.33,0 -122.49,47.34,0 -122.50,47.36,0 -122.50,47.37,0 -122.50,47.37,0 -122.51,47.38,0 -122.51,47.39,0 -122.51,47.39,0 -122.51,47.40,0 -122.51,47.41,0 -122.51,47.42,0 -122.52,47.43,0 -122.52,47.44,0 -122.52,47.45,0 -122.52,47.46,0 -122.52,47.47,0 -122.52,47.48,0 -122.52,47.49,0 -122.53,47.50,0 -122.53,47.51,0 -122.53,47.52,0 -122.53,47.53,0 -122.53,47.58,0 
          </coordinates>
        </LinearRing>
      </innerBoundaryIs>
      <innerBoundaryIs>
        <LinearRing>
          <coordinates>
-117.14,44.10,0 -117.05,44.11,0 -116.97,44.11,0 -116.90,44.10,0 -116.86,44.06,0 -116.84,44.00,0 -116.80,43.94,0 -116.75,43.90,0 -116.69,43.87,0 -116.63,43.84,0 -116.59,43.80,0 -116.56,43.75,0 -116.55,43.69,0 -116.53,43.63,0 -116.50,43.59,0 -116.47,43.54,0 -116.43,43.48,0 -116.39,43.44,0 -116.36,43.40,0 -116.32,43.37,0 -116.27,43.35,0 -116.21,43.31,0 -116.17,43.28,0 -116.12,43.23,0 -116.07,43.18,0 -116.01,43.13,0 -115.95,43.08,0 -115.90,43.04,0 -115.85,43.00,0 -115.77,42.96,0 -115.71,42.93,0 -115.64,42.91,0 -115.56,42.90,0 -115.49,42.90,0 -115.42,42.90,0 -115.35,42.90,0 -115.27,42.91,0 -115.19,42.90,0 -115.12,42.89,0 -115.04,42.88,0 -114.95,42.86,0 -114.86,42.84,0 -114.78,42.83,0 -114.72,42.81,0 -114.69,42.79,0 -114.68,42.76,0 -114.72,42.72,0 -114.80,42.69,0 -114.91,42.67,0 -114.97,42.66,0 -115.04,42.66,0 -115.13,42.66,0 -115.21,42.66,0 -115.31,42.66,0 -115.40,42.66,0 -115.48,42.67,0 -115.56,42.67,0 -115.62,42.68,0 -115.70,42.70,0 -115.77,42.72,0 -115.81,42.74,0 -115.86,42.78,0 -115.91,42.82,0 -115.95,42.86,0 -116.00,42.90,0 -116.05,42.95,0 -116.10,43.00,0 -116.14,43.05,0 -116.18,43.10,0 -116.22,43.14,0 -116.27,43.20,0 -116.31,43.26,0 -116.35,43.31,0 -116.39,43.35,0 -116.45,43.39,0 -116.51,43.41,0 -116.59,43.44,0 -116.66,43.47,0 -116.73,43.50,0 -116.81,43.53,0 -116.89,43.55,0 -116.96,43.55,0 -117.03,43.54,0 -117.11,43.53,0 -117.18,43.52,0 -117.25,43.54,0 -117.29,43.57,0 -117.33,43.60,0 -117.37,43.65,0 -117.41,43.69,0 -117.44,43.75,0 -117.48,43.80,0 -117.51,43.86,0 -117.14,44.10,0 
          </coordinates>
        </LinearRing>
      </innerBoundaryIs>
      <innerBoundaryIs>
        <LinearRing>
          <coordinates>
-74.20,44.65,1000 -74.16,44.65,1000 -74.12,44.64,1000 -74.08,44.64,1000 -74.04,44.64,1000 -74.00,44.63,1000 -73.96,44.63,1000 -73.92,44.63,1000 -73.87,44.63,1000 -73.83,44.63,1000 -73.79,44.63,1000 -73.75,44.63,1000 -73.71,44.62,1000 -73.66,44.61,1000 -73.62,44.59,1000 -73.58,44.56,1000 -73.55,44.54,1000 -73.54,44.51,1000 -73.55,44.49,1000 -73.59,44.47,1000 -73.63,44.45,1000 -73.67,44.43,1000 -73.71,44.41,1000 -73.75,44.38,1000 -73.76,44.36,1000 -73.76,44.33,1000 -73.74,44.30,1000 -73.71,44.27,1000 -73.68,44.24,1000 -73.65,44.21,1000 -73.62,44.18,1000 -73.60,44.16,1000 -73.59,44.12,1000 -73.59,44.10,1000 -73.57,44.07,1000 -73.55,44.04,1000 -73.53,44.01,1000 -73.53,43.98,1000 -73.54,43.95,1000 -73.57,43.93,1000 -73.60,43.91,1000 -73.63,43.89,1000 -73.65,43.87,1000 -73.66,43.85,1000 -73.69,43.83,1000 -73.72,43.82,1000 -73.75,43.80,1000 -73.79,43.78,1000 -73.83,43.76,1000 -73.87,43.75,1000 -73.91,43.74,1000 -73.95,43.73,1000 -73.99,43.73,1000 -74.03,43.73,1000 -74.07,43.74,1000 -74.11,43.74,1000 -74.15,43.74,1000 -74.19,43.74,1000 -74.23,43.74,1000 -74.27,43.74,1000 -74.31,43.74,1000 -74.35,43.75,1000 -74.39,43.76,1000 -74.42,43.78,1000 -74.46,43.80,1000 -74.49,43.82,1000 -74.52,43.84,1000 -74.55,43.87,1000 -74.57,43.90,1000 -74.58,43.92,1000 -74.58,43.95,1000 -74.57,43.98,1000 -74.56,44.00,1000 -74.53,44.03,1000 -74.51,44.06,1000 -74.50,44.09,1000 -74.49,44.12,1000 -74.48,44.15,1000 -74.47,44.18,1000 -74.46,44.21,1000 -74.45,44.23,1000 -74.45,44.26,1000 -74.45,44.29,1000 -74.46,44.32,1000 -74.47,44.35,1000 -74.48,44.38,1000 -74.49,44.40,1000 -74.50,44.42,1000 -74.51,44.44,1000 -74.50,44.46,1000 -74.49,44.48,1000 -74.47,44.51,1000 -74.45,44.53,1000 -74.44,44.55,1000 -74.42,44.58,1000 -74.40,44.60,1000 -74.20,44.65,1000 
          </coordinates>
        </LinearRing>
      </innerBoundaryIs>
      <innerBoundaryIs>
        <LinearRing>
          <coordinates>
-117.39,44.13,1000 -117.32,44.16,1000 -117.25,44.18,1000 -117.17,44.19,1000 -117.09,44.19,1000 -117.01,44.18,1000 -116.92,44.16,1000 -116.85,44.13,1000 -116.77,44.09,1000 -116.69,44.05,1000 -116.63,44.00,1000 -116.58,43.94,1000 -116.55,43.87,1000 -116.53,43.81,1000 -116.51,43.75,1000 -116.48,43.69,1000 -116.45,43.63,1000 -116.41,43.59,1000 -116.36,43.55,1000 -116.28,43.49,1000 -116.23,43.45,1000 -116.16,43.39,1000 -116.10,43.33,1000 -116.03,43.27,1000 -115.96,43.22,1000 -115.90,43.17,1000 -115.83,43.12,1000 -115.77,43.09,1000 -115.71,43.06,1000 -115.64,43.03,1000 -115.56,43.01,1000 -115.47,42.99,1000 -115.38,42.97,1000 -115.29,42.95,1000 -115.20,42.94,1000 -115.11,42.94,1000 -115.02,42.94,1000 -114.94,42.94,1000 -114.85,42.94,1000 -114.75,42.93,1000 -114.66,42.91,1000 -114.56,42.89,1000 -114.47,42.86,1000 -114.38,42.81,1000 -114.28,42.76,1000 -114.21,42.70,1000 -114.19,42.65,1000 -114.23,42.62,1000 -114.31,42.59,1000 -114.42,42.57,1000 -114.53,42.55,1000 -114.63,42.53,1000 -114.73,42.52,1000 -114.83,42.52,1000 -114.93,42.52,1000 -115.03,42.52,1000 -115.12,42.52,1000 -115.23,42.51,1000 -115.32,42.51,1000 -115.43,42.52,1000 -115.51,42.53,1000 -115.60,42.55,1000 -115.69,42.58,1000 -115.78,42.61,1000 -115.86,42.65,1000 -115.92,42.69,1000 -115.98,42.74,1000 -116.04,42.80,1000 -116.10,42.85,1000 -116.15,42.91,1000 -116.20,42.96,1000 -116.26,43.02,1000 -116.31,43.08,1000 -116.36,43.14,1000 -116.41,43.19,1000 -116.46,43.24,1000 -116.53,43.29,1000 -116.60,43.33,1000 -116.67,43.37,1000 -116.74,43.40,1000 -116.82,43.44,1000 -116.90,43.47,1000 -117.00,43.49,1000 -117.09,43.50,1000 -117.20,43.50,1000 -117.31,43.50,1000 -117.41,43.50,1000 -117.49,43.51,1000 -117.56,43.55,1000 -117.58,43.61,1000 -117.60,43.67,1000 -117.63,43.73,1000 -117.67,43.79,1000 -117.68,43.84,1000 -117.66,43.91,1000 -117.60,43.98,1000 -117.39,44.13,1000 
          </coordinates>
        </LinearRing>
      </innerBoundaryIs>
      <innerBoundaryIs>
        <LinearRing>
          <coordinates>
-74.86,43.83,1000 -74.84,43.84,1000 -74.82,43.84,1000 -74.80,43.85,1000 -74.79,43.86,1000 -74.77,43.86,1000 -74.75,43.87,1000 -74.73,43.87,1000 -74.72,43.88,1000 -74.70,43.88,1000 -74.68,43.89,1000 -74.67,43.89,1000 -74.65,43.89,1000 -74.64,43.89,1000 -74.62,43.89,1000 -74.61,43.89,1000 -74.60,43.89,1000 -74.59,43.89,1000 -74.57,43.88,1000 -74.56,43.87,1000 -74.55,43.86,1000 -74.54,43.85,1000 -74.53,43.84,1000 -74.52,43.83,1000 -74.51,43.82,1000 -74.51,43.80,1000 -74.50,43.79,1000 -74.50,43.78,1000 -74.49,43.76,1000 -74.49,43.75,1000 -74.49,43.74,1000 -74.49,43.73,1000 -74.49,43.72,1000 -74.50,43.71,1000 -74.51,43.69,1000 -74.52,43.68,1000 -74.52,43.67,1000 -74.53,43.66,1000 -74.54,43.65,1000 -74.56,43.64,1000 -74.57,43.62,1000 -74.58,43.61,1000 -74.59,43.60,1000 -74.60,43.59,1000 -74.60,43.59,1000 -74.61,43.58,1000 -74.62,43.56,1000 -74.63,43.55,1000 -74.64,43.55,1000 -74.65,43.55,1000 -74.67,43.55,1000 -74.68,43.55,1000 -74.70,43.55,1000 -74.71,43.56,1000 -74.73,43.56,1000 -74.75,43.57,1000 -74.76,43.57,1000 -74.78,43.58,1000 -74.80,43.58,1000 -74.81,43.59,1000 -74.83,43.59,1000 -74.84,43.60,1000 -74.85,43.61,1000 -74.86,43.62,1000 -74.87,43.63,1000 -74.88,43.64,1000 -74.88,43.65,1000 -74.89,43.67,1000 -74.89,43.68,1000 -74.89,43.69,1000 -74.89,43.70,1000 -74.89,43.72,1000 -74.89,43.73,1000 -74.89,43.74,1000 -74.89,43.75,1000 -74.89,43.77,1000 -74.89,43.78,1000 -74.86,43.83,1000 
          </coordinates>
        </LinearRing>
      </innerBoundaryIs>
      <innerBoundaryIs>
        <LinearRing>
          <coordinates>
-127.64,50.38,1000 -126.61,50.62,1000 -125.60,50.81,1000 -124.66,50.92,1000 -123.36,50.83,1000 -122.34,50.69,1000 -121.48,50.77,1000 -120.60,50.91,1000 -120.15,51.12,1000 -119.77,51.18,1000 -119.55,51.27,1000 -118.69,51.66,1000 -117.93,51.75,1000 -117.60,51.77,1000 -117.20,51.72,1000 -116.57,51.88,1000 -115.82,51.96,1000 -115.05,52.03,1000 -114.16,52.11,1000 -113.30,52.18,1000 -112.43,52.25,1000 -111.57,52.32,1000 -110.70,52.38,1000 -109.79,52.44,1000 -108.90,52.50,1000 -108.08,52.55,1000 -107.31,52.60,1000 -105.87,52.67,1000 -104.50,52.70,1000 -104.01,52.69,1000 -103.71,52.64,1000 -103.21,52.48,1000 -102.56,52.38,1000 -102.08,52.35,1000 -101.56,52.19,1000 -101.30,52.07,1000 -100.93,52.04,1000 -99.82,51.93,1000 -99.04,51.90,1000 -98.47,52.00,1000 -97.91,52.05,1000 -97.36,51.99,1000 -96.61,51.89,1000 -96.05,51.84,1000 -95.58,51.88,1000 -94.95,52.04,1000 -94.47,52.01,1000 -94.19,51.90,1000 -94.03,51.67,1000 -94.14,51.42,1000 -94.49,51.20,1000 -94.68,51.10,1000 -94.89,51.07,1000 -95.42,51.11,1000 -95.84,51.14,1000 -96.28,51.05,1000 -96.59,50.87,1000 -96.81,50.71,1000 -96.87,50.52,1000 -96.80,50.05,1000 -96.42,50.00,1000 -96.01,50.15,1000 -95.49,50.32,1000 -95.24,50.54,1000 -94.98,50.83,1000 -94.79,50.90,1000 -94.61,50.87,1000 -94.24,50.68,1000 -93.76,50.38,1000 -92.82,50.01,1000 -91.68,49.76,1000 -91.18,49.69,1000 -90.58,49.81,1000 -90.15,49.86,1000 -89.77,49.77,1000 -88.81,49.34,1000 -88.63,49.30,1000 -88.36,49.35,1000 -88.16,49.49,1000 -88.06,49.63,1000 -88.16,49.77,1000 -88.58,50.10,1000 -88.88,50.30,1000 -89.02,50.56,1000 -88.87,50.79,1000 -88.45,50.89,1000 -87.95,50.92,1000 -87.50,50.90,1000 -86.65,50.74,1000 -86.21,50.56,1000 -86.16,50.35,1000 -86.30,50.22,1000 -86.43,50.00,1000 -86.33,49.83,1000 -85.90,49.09,1000 -85.57,48.85,1000 -85.40,48.56,1000 -85.30,48.33,1000 -85.15,48.19,1000 -85.06,47.97,1000 -85.25,47.82,1000 -85.43,47.79,1000 -85.76,47.85,1000 -86.05,48.02,1000 -86.28,48.24,1000 -86.46,48.40,1000 -86.71,48.49,1000 -87.59,48.51,1000 -87.99,48.51,1000 -88.18,48.43,1000 -88.77,47.86,1000 -89.13,47.60,1000 -89.42,47.32,1000 -90.10,46.85,1000 -90.52,46.63,1000 -90.83,46.36,1000 -91.02,46.26,1000 -91.35,46.19,1000 -91.82,46.15,1000 -92.57,46.10,1000 -93.04,46.21,1000 -94.31,46.44,1000 -95.05,46.52,1000 -95.49,46.66,1000 -95.75,46.88,1000 -95.96,47.19,1000 -96.10,47.28,1000 -96.44,47.36,1000 -96.93,47.19,1000 -97.52,47.00,1000 -98.16,47.04,1000 -98.88,47.05,1000 -99.58,47.06,1000 -100.05,47.07,1000 -100.45,47.14,1000 -100.68,47.19,1000 -101.07,47.16,1000 -101.52,47.09,1000 -102.07,47.22,1000 -102.61,47.28,1000 -103.24,47.23,1000 -103.50,47.22,1000 -103.79,47.31,1000 -104.14,47.56,1000 -104.96,47.49,1000 -105.81,47.95,1000 -106.39,48.09,1000 -106.74,48.31,1000 -107.03,48.63,1000 -107.10,48.73,1000 -107.38,48.84,1000 -107.55,48.90,1000 -107.92,48.91,1000 -108.24,48.64,1000 -108.60,48.43,1000 -108.73,48.19,1000 -108.50,47.96,1000 -109.08,47.88,1000 -109.14,47.34,1000 -109.15,46.79,1000 -109.34,46.59,1000 -109.79,46.66,1000 -109.88,46.39,1000 -109.83,46.06,1000 -109.94,45.88,1000 -109.94,45.70,1000 -109.51,45.44,1000 -109.14,45.15,1000 -109.11,44.91,1000 -109.21,44.67,1000 -109.26,44.35,1000 -109.05,44.02,1000 -109.04,43.80,1000 -109.12,43.67,1000 -109.04,43.38,1000 -108.55,42.79,1000 -108.48,42.56,1000 -108.47,42.30,1000 -108.61,42.08,1000 -108.85,41.91,1000 -109.04,41.84,1000 -109.43,41.83,1000 -109.81,41.87,1000 -109.97,41.49,1000 -109.84,41.30,1000 -109.69,41.14,1000 -109.45,41.15,1000 -109.17,41.44,1000 -108.91,41.47,1000 -108.65,41.42,1000 -108.29,41.21,1000 -108.26,41.05,1000 -108.48,40.73,1000 -108.48,40.22,1000 -108.38,40.17,1000 -108.23,40.31,1000 -108.03,40.47,1000 -107.93,40.64,1000 -108.03,41.16,1000 -108.06,41.41,1000 -107.98,41.63,1000 -107.73,41.79,1000 -107.38,41.83,1000 -106.18,41.75,1000 -105.96,41.63,1000 -105.83,41.44,1000 -105.71,41.07,1000 -105.40,40.83,1000 -105.27,40.61,1000 -105.22,40.35,1000 -105.23,39.90,1000 -105.35,39.62,1000 -105.41,39.34,1000 -105.54,39.22,1000 -105.70,39.06,1000 -105.80,38.84,1000 -106.14,37.99,1000 -106.05,37.69,1000 -105.94,37.53,1000 -105.76,36.91,1000 -105.64,36.89,1000 -105.43,37.02,1000 -105.23,37.02,1000 -105.14,36.69,1000 -105.20,36.43,1000 -105.32,36.30,1000 -105.51,36.25,1000 -105.84,36.53,1000 -106.15,36.42,1000 -106.46,36.35,1000 -106.61,36.39,1000 -107.12,36.57,1000 -107.47,36.87,1000 -107.88,36.92,1000 -108.23,36.99,1000 -108.66,37.20,1000 -108.97,37.47,1000 -109.24,37.63,1000 -109.82,37.50,1000 -110.04,37.60,1000 -110.12,37.71,1000 -109.89,37.97,1000 -109.57,38.03,1000 -109.20,38.00,1000 -109.11,38.88,1000 -108.87,39.10,1000 -109.21,39.11,1000 -109.40,39.04,1000 -109.61,38.94,1000 -109.86,38.96,1000 -110.14,39.13,1000 -110.35,39.29,1000 -110.58,39.37,1000 -110.83,39.29,1000 -110.98,39.06,1000 -111.14,38.61,1000 -111.05,38.36,1000 -110.76,38.03,1000 -111.07,37.72,1000 -111.37,37.39,1000 -111.64,37.24,1000 -111.83,37.08,1000 -111.79,36.57,1000 -111.72,36.05,1000 -111.64,35.79,1000 -111.54,35.71,1000 -111.27,35.46,1000 -111.04,35.05,1000 -110.80,34.76,1000 -110.44,34.46,1000 -110.43,34.25,1000 -110.62,34.10,1000 -110.83,34.07,1000 -111.15,34.10,1000 -111.37,34.20,1000 -111.67,34.41,1000 -111.89,34.71,1000 -112.29,34.91,1000 -112.47,35.05,1000 -112.58,35.31,1000 -112.66,35.52,1000 -112.98,35.50,1000 -113.22,35.59,1000 -113.39,35.80,1000 -113.69,36.01,1000 -113.83,36.17,1000 -113.85,36.39,1000 -113.75,36.61,1000 -113.59,36.74,1000 -113.13,36.67,1000 -112.92,36.49,1000 -112.88,36.24,1000 -112.64,35.93,1000 -112.59,35.72,1000 -112.47,35.60,1000 -112.39,35.78,1000 -112.44,36.01,1000 -112.73,36.31,1000 -112.89,36.76,1000 -113.16,36.87,1000 -113.38,37.04,1000 -113.95,37.11,1000 -114.49,37.17,1000 -114.87,37.38,1000 -115.06,37.66,1000 -115.34,37.60,1000 -115.70,37.26,1000 -116.17,36.92,1000 -116.47,36.87,1000 -116.73,36.88,1000 -116.85,36.80,1000 -117.22,36.58,1000 -116.90,36.44,1000 -116.70,36.18,1000 -116.80,35.92,1000 -117.17,35.78,1000 -117.66,35.64,1000 -118.10,34.95,1000 -118.47,34.77,1000 -118.80,34.48,1000 -119.11,34.36,1000 -119.44,34.38,1000 -119.76,34.63,1000 -119.71,34.88,1000 -119.54,35.00,1000 -119.33,35.12,1000 -119.05,35.16,1000 -118.86,35.24,1000 -118.93,35.53,1000 -119.06,36.08,1000 -119.34,36.56,1000 -119.49,36.78,1000 -119.71,36.97,1000 -120.02,37.20,1000 -120.30,37.50,1000 -120.85,38.17,1000 -121.02,38.59,1000 -121.24,38.90,1000 -121.43,39.26,1000 -121.75,39.61,1000 -121.93,39.76,1000 -122.05,40.02,1000 -122.19,40.40,1000 -122.41,40.37,1000 -122.43,40.24,1000 -122.29,39.65,1000 -122.27,39.47,1000 -122.35,39.30,1000 -122.46,39.17,1000 -122.59,39.05,1000 -122.87,38.98,1000 -123.26,39.08,1000 -123.55,39.27,1000 -123.88,39.57,1000 -124.03,39.77,1000 -124.09,40.02,1000 -124.22,40.26,1000 -124.27,40.53,1000 -124.30,41.01,1000 -124.32,41.40,1000 -124.45,41.92,1000 -124.58,42.45,1000 -124.52,42.77,1000 -124.31,43.18,1000 -124.24,43.57,1000 -124.11,43.87,1000 -124.13,44.14,1000 -124.08,44.36,1000 -124.06,45.15,1000 -124.09,45.63,1000 -123.97,46.04,1000 -123.86,46.36,1000 -123.87,46.59,1000 -123.80,46.72,1000 -123.69,46.87,1000 -123.87,47.00,1000 -124.19,47.20,1000 -124.35,47.33,1000 -124.52,47.55,1000 -124.68,47.90,1000 -124.75,48.26,1000 -124.84,48.44,1000 -125.11,48.63,1000 -125.54,48.88,1000 -126.09,49.14,1000 -126.46,49.35,1000 -126.68,49.50,1000 -126.88,49.75,1000 -127.52,50.01,1000 -127.66,50.12,1000 -127.68,50.30,1000 -127.64,50.38,1000 
          </coordinates>
        </LinearRing>
      </innerBoundaryIs>
      <innerBoundaryIs>
        <LinearRing>
          <coordinates>
-70.25,47.58,1000 -70.22,47.58,1000 -70.19,47.59,1000 -70.16,47.59,1000 -70.13,47.59,1000 -70.11,47.59,1000 -70.08,47.59,1000 -70.06,47.59,1000 -70.03,47.59,1000 -70.02,47.59,1000 -70.00,47.59,1000 -69.98,47.58,1000 -69.97,47.57,1000 -69.96,47.56,1000 -69.96,47.54,1000 -69.96,47.52,1000 -69.96,47.51,1000 -69.96,47.49,1000 -69.96,47.48,1000 -69.96,47.46,1000 -69.97,47.44,1000 -69.97,47.42,1000 -69.97,47.40,1000 -69.98,47.38,1000 -69.98,47.37,1000 -69.99,47.35,1000 -70.00,47.33,1000 -70.01,47.31,1000 -70.02,47.30,1000 -70.03,47.28,1000 -70.04,47.26,1000 -70.05,47.24,1000 -70.06,47.23,1000 -70.07,47.21,1000 -70.08,47.20,1000 -70.09,47.19,1000 -70.11,47.18,1000 -70.13,47.17,1000 -70.15,47.17,1000 -70.17,47.16,1000 -70.20,47.15,1000 -70.22,47.14,1000 -70.25,47.12,1000 -70.28,47.12,1000 -70.31,47.11,1000 -70.34,47.10,1000 -70.36,47.10,1000 -70.38,47.10,1000 -70.40,47.11,1000 -70.41,47.12,1000 -70.43,47.13,1000 -70.44,47.14,1000 -70.45,47.16,1000 -70.46,47.18,1000 -70.47,47.20,1000 -70.48,47.22,1000 -70.49,47.23,1000 -70.50,47.25,1000 -70.51,47.27,1000 -70.52,47.29,1000 -70.53,47.31,1000 -70.54,47.33,1000 -70.54,47.35,1000 -70.55,47.36,1000 -70.56,47.38,1000 -70.56,47.39,1000 -70.57,47.41,1000 -70.56,47.42,1000 -70.56,47.42,1000 -70.54,47.44,1000 -70.53,47.45,1000 -70.51,47.46,1000 -70.50,47.47,1000 -70.48,47.48,1000 -70.46,47.49,1000 -70.44,47.50,1000 -70.42,47.51,1000 -70.40,47.53,1000 -70.38,47.54,1000 -70.35,47.56,1000 -70.33,47.57,1000 -70.25,47.58,1000 
          </coordinates>
        </LinearRing>
      </innerBoundaryIs>
      <innerBoundaryIs>
        <LinearRing>
          <coordinates>
-113.27,41.56,1000 -113.15,41.63,1000 -113.04,41.69,1000 -112.94,41.73,1000 -112.84,41.74,1000 -112.73,41.70,1000 -112.64,41.61,1000 -112.55,41.48,1000 -112.49,41.40,1000 -112.43,41.30,1000 -112.36,41.19,1000 -112.30,41.09,1000 -112.27,40.99,1000 -112.28,40.91,1000 -112.36,40.84,1000 -112.49,40.79,1000 -112.65,40.75,1000 -112.80,40.72,1000 -112.90,40.68,1000 -112.99,40.58,1000 -113.00,40.49,1000 -113.00,40.42,1000 -112.98,40.32,1000 -112.98,40.24,1000 -112.98,40.14,1000 -112.97,40.05,1000 -112.95,39.96,1000 -112.89,39.87,1000 -112.81,39.78,1000 -112.72,39.72,1000 -112.59,39.67,1000 -112.47,39.63,1000 -112.34,39.57,1000 -112.26,39.50,1000 -112.28,39.41,1000 -112.34,39.32,1000 -112.38,39.22,1000 -112.43,39.12,1000 -112.49,39.02,1000 -112.58,38.92,1000 -112.66,38.85,1000 -112.77,38.78,1000 -112.87,38.72,1000 -112.98,38.67,1000 -113.09,38.62,1000 -113.20,38.60,1000 -113.35,38.61,1000 -113.47,38.66,1000 -113.52,38.74,1000 -113.56,38.82,1000 -113.64,38.88,1000 -113.73,38.94,1000 -113.78,39.04,1000 -113.82,39.16,1000 -113.84,39.27,1000 -113.85,39.39,1000 -113.85,39.50,1000 -113.79,39.61,1000 -113.73,39.70,1000 -113.71,39.79,1000 -113.71,39.88,1000 -113.76,39.96,1000 -113.83,40.04,1000 -113.92,40.11,1000 -114.02,40.20,1000 -114.06,40.27,1000 -114.10,40.36,1000 -114.13,40.45,1000 -114.15,40.54,1000 -114.15,40.63,1000 -114.14,40.72,1000 -114.12,40.81,1000 -114.09,40.90,1000 -114.05,41.00,1000 -114.01,41.10,1000 -113.96,41.20,1000 -113.89,41.28,1000 -113.78,41.35,1000 -113.64,41.40,1000 -113.49,41.43,1000 -113.27,41.56,1000 
          </coordinates>
        </LinearRing>
      </innerBoundaryIs>
      <innerBoundaryIs>
        <LinearRing>
          <coordinates>
-90.08,46.52,1000 -90.06,46.53,1000 -90.04,46.54,1000 -90.03,46.56,1000 -90.01,46.57,1000 -89.99,46.58,1000 -89.97,46.59,1000 -89.95,46.60,1000 -89.94,46.61,1000 -89.92,46.62,1000 -89.90,46.62,1000 -89.88,46.63,1000 -89.87,46.64,1000 -89.85,46.64,1000 -89.83,46.64,1000 -89.81,46.64,1000 -89.79,46.64,1000 -89.77,46.63,1000 -89.75,46.62,1000 -89.73,46.62,1000 -89.71,46.61,1000 -89.69,46.60,1000 -89.67,46.59,1000 -89.65,46.58,1000 -89.63,46.56,1000 -89.62,46.56,1000 -89.60,46.55,1000 -89.59,46.54,1000 -89.57,46.53,1000 -89.56,46.52,1000 -89.55,46.51,1000 -89.55,46.50,1000 -89.55,46.48,1000 -89.55,46.47,1000 -89.55,46.46,1000 -89.55,46.44,1000 -89.54,46.43,1000 -89.54,46.41,1000 -89.54,46.39,1000 -89.54,46.38,1000 -89.54,46.36,1000 -89.54,46.35,1000 -89.55,46.33,1000 -89.55,46.32,1000 -89.55,46.31,1000 -89.56,46.29,1000 -89.56,46.28,1000 -89.58,46.28,1000 -89.61,46.27,1000 -89.62,46.27,1000 -89.64,46.26,1000 -89.66,46.26,1000 -89.68,46.25,1000 -89.70,46.25,1000 -89.72,46.24,1000 -89.74,46.24,1000 -89.76,46.24,1000 -89.79,46.23,1000 -89.81,46.23,1000 -89.83,46.23,1000 -89.85,46.23,1000 -89.87,46.23,1000 -89.89,46.23,1000 -89.92,46.24,1000 -89.94,46.24,1000 -89.96,46.25,1000 -89.99,46.26,1000 -90.01,46.26,1000 -90.03,46.27,1000 -90.05,46.27,1000 -90.07,46.28,1000 -90.09,46.29,1000 -90.10,46.29,1000 -90.13,46.30,1000 -90.14,46.30,1000 -90.15,46.31,1000 -90.15,46.33,1000 -90.15,46.34,1000 -90.15,46.35,1000 -90.15,46.36,1000 -90.15,46.37,1000 -90.14,46.39,1000 -90.14,46.40,1000 -90.13,46.42,1000 -90.13,46.43,1000 -90.13,46.45,1000 -90.12,46.47,1000 -90.12,46.48,1000 -90.11,46.50,1000 -90.08,46.52,1000 
          </coordinates>
        </LinearRing>
      </innerBoundaryIs>
      <innerBoundaryIs>
        <LinearRing>
          <coordinates>
-105.64,38.19,1000 -105.62,38.18,1000 -105.61,38.18,1000 -105.59,38.17,1000 -105.57,38.16,1000 -105.56,38.16,1000 -105.54,38.15,1000 -105.53,38.14,1000 -105.51,38.13,1000 -105.50,38.13,1000 -105.49,38.12,1000 -105.48,38.11,1000 -105.47,38.10,1000 -105.47,38.09,1000 -105.46,38.08,1000 -105.46,38.07,1000 -105.45,38.06,1000 -105.45,38.05,1000 -105.46,38.03,1000 -105.46,38.02,1000 -105.46,38.01,1000 -105.47,37.99,1000 -105.47,37.98,1000 -105.48,37.97,1000 -105.48,37.95,1000 -105.49,37.94,1000 -105.49,37.93,1000 -105.50,37.92,1000 -105.51,37.91,1000 -105.51,37.90,1000 -105.52,37.89,1000 -105.53,37.87,1000 -105.54,37.86,1000 -105.55,37.86,1000 -105.56,37.85,1000 -105.58,37.84,1000 -105.59,37.84,1000 -105.60,37.84,1000 -105.61,37.84,1000 -105.63,37.84,1000 -105.64,37.85,1000 -105.65,37.85,1000 -105.67,37.86,1000 -105.68,37.87,1000 -105.70,37.88,1000 -105.71,37.89,1000 -105.72,37.90,1000 -105.72,37.91,1000 -105.73,37.92,1000 -105.74,37.93,1000 -105.74,37.94,1000 -105.75,37.95,1000 -105.76,37.96,1000 -105.76,37.97,1000 -105.77,37.98,1000 -105.78,37.99,1000 -105.78,38.01,1000 -105.79,38.02,1000 -105.80,38.03,1000 -105.80,38.05,1000 -105.81,38.06,1000 -105.64,38.19,1000 
          </coordinates>
        </LinearRing>
      </innerBoundaryIs>
      <innerBoundaryIs>
        <LinearRing>
          <coordinates>
-109.88,34.40,1000 -109.84,34.41,1000 -109.80,34.43,1000 -109.75,34.44,1000 -109.71,34.44,1000 -109.67,34.44,1000 -109.63,34.43,1000 -109.59,34.42,1000 -109.55,34.40,1000 -109.52,34.39,1000 -109.48,34.37,1000 -109.46,34.36,1000 -109.44,34.36,1000 -109.42,34.35,1000 -109.38,34.32,1000 -109.34,34.30,1000 -109.30,34.27,1000 -109.26,34.25,1000 -109.22,34.22,1000 -109.20,34.21,1000 -109.19,34.21,1000 -109.17,34.19,1000 -109.14,34.17,1000 -109.11,34.15,1000 -109.08,34.12,1000 -109.05,34.09,1000 -109.02,34.07,1000 -109.00,34.04,1000 -108.98,34.01,1000 -108.97,33.97,1000 -108.96,33.94,1000 -108.95,33.91,1000 -108.95,33.87,1000 -108.95,33.84,1000 -108.95,33.81,1000 -108.95,33.77,1000 -108.95,33.74,1000 -108.96,33.71,1000 -108.97,33.68,1000 -108.99,33.65,1000 -109.01,33.62,1000 -109.03,33.60,1000 -109.06,33.57,1000 -109.09,33.55,1000 -109.11,33.53,1000 -109.14,33.51,1000 -109.18,33.50,1000 -109.21,33.49,1000 -109.24,33.48,1000 -109.27,33.46,1000 -109.29,33.44,1000 -109.32,33.43,1000 -109.36,33.43,1000 -109.40,33.44,1000 -109.45,33.45,1000 -109.48,33.46,1000 -109.51,33.46,1000 -109.54,33.46,1000 -109.57,33.47,1000 -109.60,33.47,1000 -109.65,33.49,1000 -109.69,33.50,1000 -109.73,33.51,1000 -109.76,33.52,1000 -109.80,33.54,1000 -109.83,33.55,1000 -109.86,33.58,1000 -109.89,33.60,1000 -109.92,33.63,1000 -109.94,33.66,1000 -109.97,33.69,1000 -109.99,33.72,1000 -110.01,33.74,1000 -110.03,33.75,1000 -110.04,33.77,1000 -110.05,33.79,1000 -110.07,33.82,1000 -110.10,33.85,1000 -110.12,33.88,1000 -110.14,33.91,1000 -110.15,33.94,1000 -110.16,33.98,1000 -110.16,34.02,1000 -110.16,34.05,1000 -110.16,34.09,1000 -110.15,34.12,1000 -110.14,34.15,1000 -110.12,34.18,1000 -110.10,34.20,1000 -110.08,34.22,1000 -110.06,34.25,1000 -110.04,34.27,1000 -110.02,34.30,1000 -110.00,34.32,1000 -109.88,34.40,1000 
          </coordinates>
        </LinearRing>
      </innerBoundaryIs>
      <innerBoundaryIs>
        <LinearRing>
          <coordinates>
-119.57,47.86,1000 -119.45,47.82,1000 -119.33,47.77,1000 -119.22,47.71,1000 -119.11,47.64,1000 -119.01,47.56,1000 -118.89,47.49,1000 -118.77,47.43,1000 -118.63,47.39,1000 -118.48,47.35,1000 -118.34,47.33,1000 -118.18,47.32,1000 -118.02,47.31,1000 -117.90,47.28,1000 -117.80,47.21,1000 -117.74,47.13,1000 -117.68,47.04,1000 -117.62,46.96,1000 -117.56,46.87,1000 -117.52,46.80,1000 -117.48,46.70,1000 -117.47,46.63,1000 -117.60,46.59,1000 -117.70,46.57,1000 -117.81,46.54,1000 -117.92,46.51,1000 -118.04,46.45,1000 -118.15,46.38,1000 -118.23,46.32,1000 -118.31,46.26,1000 -118.39,46.19,1000 -118.45,46.12,1000 -118.50,46.05,1000 -118.57,45.97,1000 -118.63,45.91,1000 -118.69,45.85,1000 -118.77,45.79,1000 -118.87,45.73,1000 -118.96,45.69,1000 -119.07,45.66,1000 -119.19,45.63,1000 -119.32,45.60,1000 -119.46,45.56,1000 -119.58,45.53,1000 -119.72,45.49,1000 -119.86,45.45,1000 -120.01,45.41,1000 -120.15,45.38,1000 -120.28,45.34,1000 -120.38,45.31,1000 -120.53,45.25,1000 -120.62,45.20,1000 -120.70,45.16,1000 -120.81,45.12,1000 -120.92,45.09,1000 -121.00,45.08,1000 -121.09,45.14,1000 -121.09,45.22,1000 -121.08,45.32,1000 -121.07,45.45,1000 -121.05,45.57,1000 -121.03,45.68,1000 -121.00,45.75,1000 -120.91,45.80,1000 -120.80,45.78,1000 -120.70,45.77,1000 -120.56,45.80,1000 -120.44,45.86,1000 -120.40,45.92,1000 -120.38,46.00,1000 -120.38,46.07,1000 -120.43,46.17,1000 -120.50,46.26,1000 -120.56,46.32,1000 -120.62,46.38,1000 -120.66,46.45,1000 -120.66,46.52,1000 -120.63,46.59,1000 -120.59,46.67,1000 -120.55,46.76,1000 -120.50,46.86,1000 -120.44,46.96,1000 -120.36,47.05,1000 -120.27,47.14,1000 -120.21,47.23,1000 -120.20,47.32,1000 -120.22,47.42,1000 -120.18,47.50,1000 -120.09,47.55,1000 -119.97,47.60,1000 -119.83,47.64,1000 -119.68,47.68,1000 -119.57,47.86,1000 
          </coordinates>
        </LinearRing>
      </innerBoundaryIs>
      <innerBoundaryIs>
        <LinearRing>
          <coordinates>
-64.86,45.46,1000 -64.84,45.47,1000 -64.81,45.48,1000 -64.79,45.49,1000 -64.76,45.50,1000 -64.74,45.51,1000 -64.72,45.52,1000 -64.70,45.52,1000 -64.67,45.53,1000 -64.65,45.53,1000 -64.63,45.53,1000 -64.61,45.53,1000 -64.59,45.53,1000 -64.57,45.52,1000 -64.55,45.52,1000 -64.53,45.50,1000 -64.51,45.49,1000 -64.49,45.47,1000 -64.48,45.46,1000 -64.46,45.44,1000 -64.44,45.42,1000 -64.43,45.41,1000 -64.41,45.39,1000 -64.40,45.38,1000 -64.39,45.37,1000 -64.36,45.35,1000 -64.35,45.34,1000 -64.35,45.33,1000 -64.36,45.32,1000 -64.37,45.32,1000 -64.41,45.31,1000 -64.43,45.31,1000 -64.45,45.31,1000 -64.47,45.30,1000 -64.49,45.30,1000 -64.52,45.30,1000 -64.55,45.29,1000 -64.57,45.29,1000 -64.60,45.29,1000 -64.62,45.29,1000 -64.65,45.28,1000 -64.67,45.28,1000 -64.70,45.28,1000 -64.72,45.27,1000 -64.75,45.26,1000 -64.78,45.26,1000 -64.80,45.25,1000 -64.82,45.25,1000 -64.84,45.24,1000 -64.86,45.24,1000 -64.88,45.24,1000 -64.90,45.24,1000 -64.91,45.24,1000 -64.94,45.24,1000 -64.96,45.24,1000 -64.98,45.24,1000 -65.01,45.24,1000 -65.04,45.25,1000 -65.06,45.25,1000 -65.09,45.25,1000 -65.12,45.25,1000 -65.14,45.26,1000 -65.16,45.26,1000 -65.18,45.26,1000 -65.21,45.28,1000 -65.20,45.29,1000 -65.19,45.29,1000 -65.16,45.30,1000 -65.15,45.31,1000 -65.13,45.31,1000 -65.12,45.32,1000 -65.10,45.33,1000 -65.09,45.34,1000 -65.07,45.35,1000 -65.05,45.37,1000 -65.03,45.38,1000 -65.01,45.39,1000 -64.98,45.40,1000 -64.96,45.42,1000 -64.94,45.43,1000 -64.86,45.46,1000 
          </coordinates>
        </LinearRing>
      </innerBoundaryIs>
      <innerBoundaryIs>
        <LinearRing>
          <coordinates>
-73.10,44.13,1000 -73.07,44.15,1000 -73.04,44.16,1000 -73.01,44.18,1000 -72.98,44.19,1000 -72.95,44.21,1000 -72.92,44.22,1000 -72.89,44.22,1000 -72.86,44.23,1000 -72.83,44.23,1000 -72.80,44.23,1000 -72.77,44.22,1000 -72.73,44.20,1000 -72.70,44.19,1000 -72.67,44.17,1000 -72.65,44.15,1000 -72.63,44.13,1000 -72.61,44.12,1000 -72.60,44.10,1000 -72.61,44.08,1000 -72.61,44.05,1000 -72.61,44.03,1000 -72.60,44.01,1000 -72.59,43.99,1000 -72.58,43.97,1000 -72.57,43.94,1000 -72.57,43.92,1000 -72.56,43.89,1000 -72.56,43.87,1000 -72.56,43.84,1000 -72.56,43.82,1000 -72.57,43.79,1000 -72.58,43.77,1000 -72.59,43.74,1000 -72.60,43.72,1000 -72.61,43.70,1000 -72.63,43.68,1000 -72.64,43.66,1000 -72.66,43.64,1000 -72.68,43.63,1000 -72.71,43.61,1000 -72.73,43.60,1000 -72.76,43.59,1000 -72.79,43.58,1000 -72.82,43.57,1000 -72.86,43.57,1000 -72.89,43.56,1000 -72.91,43.56,1000 -72.95,43.55,1000 -72.97,43.55,1000 -72.99,43.55,1000 -73.01,43.56,1000 -73.04,43.58,1000 -73.06,43.59,1000 -73.09,43.60,1000 -73.12,43.62,1000 -73.15,43.64,1000 -73.18,43.65,1000 -73.20,43.67,1000 -73.22,43.69,1000 -73.24,43.71,1000 -73.25,43.73,1000 -73.26,43.75,1000 -73.27,43.78,1000 -73.27,43.80,1000 -73.28,43.82,1000 -73.28,43.85,1000 -73.28,43.87,1000 -73.27,43.90,1000 -73.27,43.93,1000 -73.26,43.95,1000 -73.25,43.97,1000 -73.24,43.99,1000 -73.22,44.01,1000 -73.20,44.03,1000 -73.18,44.05,1000 -73.16,44.07,1000 -73.14,44.09,1000 -73.12,44.11,1000 -73.10,44.13,1000 
          </coordinates>
        </LinearRing>
      </innerBoundaryIs>
      <innerBoundaryIs>
        <LinearRing>
          <coordinates>
-87.86,46.69,1000 -87.80,46.68,1000 -87.75,46.66,1000 -87.70,46.65,1000 -87.65,46.64,1000 -87.62,46.63,1000 -87.59,46.62,1000 -87.57,46.59,1000 -87.55,46.57,1000 -87.52,46.54,1000 -87.49,46.50,1000 -87.46,46.47,1000 -87.44,46.44,1000 -87.42,46.41,1000 -87.40,46.38,1000 -87.40,46.35,1000 -87.39,46.33,1000 -87.38,46.30,1000 -87.36,46.28,1000 -87.36,46.24,1000 -87.36,46.21,1000 -87.37,46.17,1000 -87.38,46.13,1000 -87.39,46.10,1000 -87.40,46.07,1000 -87.42,46.04,1000 -87.44,46.02,1000 -87.46,45.99,1000 -87.48,45.96,1000 -87.50,45.94,1000 -87.53,45.91,1000 -87.56,45.89,1000 -87.58,45.87,1000 -87.61,45.85,1000 -87.64,45.83,1000 -87.68,45.81,1000 -87.72,45.80,1000 -87.76,45.79,1000 -87.80,45.78,1000 -87.84,45.77,1000 -87.89,45.76,1000 -87.93,45.75,1000 -87.98,45.74,1000 -88.03,45.74,1000 -88.07,45.73,1000 -88.12,45.73,1000 -88.17,45.73,1000 -88.22,45.73,1000 -88.28,45.73,1000 -88.33,45.73,1000 -88.38,45.74,1000 -88.42,45.74,1000 -88.47,45.75,1000 -88.50,45.77,1000 -88.53,45.79,1000 -88.57,45.81,1000 -88.61,45.83,1000 -88.65,45.85,1000 -88.69,45.87,1000 -88.74,45.89,1000 -88.79,45.91,1000 -88.83,45.93,1000 -88.86,45.95,1000 -88.89,45.97,1000 -88.92,45.99,1000 -88.96,46.02,1000 -89.01,46.05,1000 -89.05,46.08,1000 -89.08,46.11,1000 -89.09,46.13,1000 -89.08,46.15,1000 -89.04,46.17,1000 -89.00,46.19,1000 -88.95,46.20,1000 -88.91,46.22,1000 -88.87,46.23,1000 -88.83,46.25,1000 -88.79,46.27,1000 -88.76,46.29,1000 -88.72,46.30,1000 -88.67,46.30,1000 -88.62,46.32,1000 -88.58,46.34,1000 -88.54,46.36,1000 -88.50,46.39,1000 -88.45,46.41,1000 -88.42,46.43,1000 -88.39,46.45,1000 -88.37,46.46,1000 -88.34,46.47,1000 -88.31,46.49,1000 -88.26,46.52,1000 -88.22,46.54,1000 -88.17,46.57,1000 -88.14,46.59,1000 -88.11,46.60,1000 -88.09,46.60,1000 -87.86,46.69,1000 
          </coordinates>
        </LinearRing>
      </innerBoundaryIs>
      <innerBoundaryIs>
        <LinearRing>
          <coordinates>
-123.54,49.13,1000 -123.42,49.11,1000 -123.30,49.09,1000 -123.18,49.07,1000 -123.08,49.04,1000 -122.98,49.02,1000 -122.88,49.00,1000 -122.79,48.97,1000 -122.72,48.94,1000 -122.65,48.88,1000 -122.62,48.83,1000 -122.59,48.76,1000 -122.57,48.69,1000 -122.55,48.62,1000 -122.53,48.54,1000 -122.51,48.46,1000 -122.48,48.39,1000 -122.44,48.32,1000 -122.40,48.25,1000 -122.35,48.18,1000 -122.30,48.11,1000 -122.25,48.04,1000 -122.21,47.98,1000 -122.18,47.92,1000 -122.15,47.84,1000 -122.14,47.78,1000 -122.14,47.73,1000 -122.15,47.67,1000 -122.16,47.60,1000 -122.17,47.53,1000 -122.19,47.47,1000 -122.22,47.40,1000 -122.25,47.33,1000 -122.30,47.27,1000 -122.35,47.20,1000 -122.40,47.15,1000 -122.47,47.10,1000 -122.55,47.04,1000 -122.62,47.01,1000 -122.68,47.00,1000 -122.72,47.04,1000 -122.75,47.10,1000 -122.77,47.18,1000 -122.78,47.24,1000 -122.76,47.30,1000 -122.72,47.36,1000 -122.70,47.41,1000 -122.67,47.47,1000 -122.64,47.54,1000 -122.62,47.60,1000 -122.61,47.66,1000 -122.61,47.73,1000 -122.62,47.80,1000 -122.63,47.86,1000 -122.65,47.92,1000 -122.68,47.98,1000 -122.72,48.04,1000 -122.76,48.09,1000 -122.83,48.14,1000 -122.91,48.19,1000 -122.99,48.22,1000 -123.09,48.24,1000 -123.19,48.25,1000 -123.28,48.27,1000 -123.34,48.31,1000 -123.38,48.37,1000 -123.41,48.43,1000 -123.42,48.49,1000 -123.41,48.55,1000 -123.41,48.62,1000 -123.41,48.68,1000 -123.42,48.74,1000 -123.44,48.81,1000 -123.47,48.87,1000 -123.49,48.93,1000 -123.54,49.13,1000 
          </coordinates>
        </LinearRing>
      </innerBoundaryIs>
      <innerBoundaryIs>
        <LinearRing>
          <coordinates>
-68.70,51.13,1000 -68.14,51.14,1000 -67.69,51.08,1000 -67.35,50.97,1000 -66.99,50.84,1000 -66.64,50.70,1000 -66.33,50.58,1000 -65.94,50.43,1000 -65.75,50.30,1000 -65.56,50.10,1000 -65.35,49.90,1000 -65.02,49.72,1000 -64.54,49.54,1000 -64.00,49.33,1000 -63.62,49.02,1000 -63.60,48.83,1000 -63.48,48.71,1000 -63.28,48.62,1000 -63.02,48.42,1000 -62.87,48.23,1000 -62.72,48.02,1000 -62.67,47.86,1000 -62.72,47.72,1000 -62.72,47.46,1000 -62.46,47.31,1000 -62.24,47.13,1000 -62.15,46.84,1000 -62.13,46.62,1000 -62.18,46.23,1000 -62.32,45.92,1000 -62.46,45.63,1000 -62.56,45.36,1000 -62.75,45.06,1000 -62.82,44.78,1000 -62.91,44.42,1000 -62.99,44.05,1000 -63.06,43.78,1000 -63.26,43.56,1000 -63.59,43.44,1000 -63.89,43.45,1000 -64.21,43.55,1000 -64.63,43.63,1000 -65.08,43.77,1000 -65.39,43.90,1000 -65.67,44.04,1000 -65.87,44.24,1000 -65.88,44.55,1000 -65.68,44.83,1000 -65.48,45.09,1000 -65.47,45.20,1000 -65.87,45.33,1000 -66.00,45.58,1000 -65.80,45.82,1000 -65.56,45.94,1000 -65.33,46.11,1000 -65.23,46.42,1000 -65.21,46.69,1000 -65.39,46.71,1000 -65.76,46.61,1000 -66.09,46.49,1000 -66.34,46.34,1000 -66.60,46.06,1000 -66.89,45.96,1000 -67.26,45.96,1000 -67.67,46.07,1000 -68.00,46.20,1000 -68.31,46.33,1000 -68.55,46.45,1000 -68.80,46.39,1000 -69.00,46.26,1000 -69.30,46.18,1000 -69.63,46.04,1000 -69.78,45.90,1000 -70.06,45.73,1000 -70.30,45.64,1000 -70.59,45.43,1000 -70.74,45.19,1000 -70.93,44.99,1000 -71.18,44.85,1000 -71.40,44.80,1000 -71.63,44.83,1000 -71.89,45.05,1000 -72.08,45.33,1000 -72.27,45.52,1000 -72.47,45.69,1000 -72.69,45.83,1000 -73.09,45.87,1000 -73.59,45.69,1000 -73.92,45.62,1000 -74.30,45.58,1000 -74.82,45.56,1000 -75.28,45.56,1000 -75.58,45.56,1000 -75.84,45.67,1000 -76.05,45.87,1000 -76.08,46.16,1000 -76.36,45.84,1000 -76.85,45.93,1000 -77.30,45.96,1000 -77.75,45.98,1000 -78.29,46.02,1000 -78.51,45.97,1000 -78.76,45.92,1000 -78.97,45.94,1000 -79.38,46.03,1000 -79.86,46.08,1000 -80.37,46.06,1000 -80.64,46.00,1000 -81.21,46.00,1000 -81.54,46.09,1000 -81.86,46.22,1000 -82.31,46.49,1000 -82.49,46.68,1000 -82.64,46.88,1000 -82.82,47.18,1000 -82.73,47.46,1000 -82.64,47.77,1000 -82.75,48.01,1000 -82.85,48.28,1000 -82.88,48.57,1000 -82.98,48.76,1000 -83.07,48.92,1000 -83.00,49.08,1000 -82.74,49.13,1000 -82.50,49.06,1000 -82.20,48.96,1000 -81.76,48.87,1000 -81.27,48.78,1000 -80.99,48.75,1000 -80.63,48.70,1000 -80.13,48.60,1000 -79.53,48.47,1000 -79.02,48.36,1000 -78.57,48.24,1000 -78.27,48.15,1000 -77.81,48.06,1000 -77.39,48.11,1000 -77.00,48.13,1000 -76.58,48.16,1000 -76.21,48.21,1000 -75.86,48.29,1000 -75.52,48.39,1000 -75.20,48.50,1000 -74.89,48.61,1000 -74.62,48.72,1000 -74.30,48.86,1000 -74.00,48.95,1000 -73.48,48.94,1000 -73.32,49.03,1000 -73.15,49.25,1000 -72.98,49.49,1000 -72.76,49.71,1000 -72.51,49.85,1000 -72.17,49.97,1000 -71.99,50.17,1000 -71.72,50.32,1000 -71.32,50.40,1000 -70.89,50.42,1000 -70.71,50.43,1000 -70.63,50.54,1000 -70.49,50.83,1000 -70.33,50.96,1000 -70.01,51.04,1000 -69.73,51.01,1000 -69.27,50.96,1000 -68.70,51.13,1000 
          </coordinates>
        </LinearRing>
      </innerBoundaryIs>
      <innerBoundaryIs>
        <LinearRing>
          <coordinates>
-113.73,42.74,1000 -113.71,42.74,1000 -113.70,42.75,1000 -113.68,42.75,1000 -113.66,42.76,1000 -113.65,42.76,1000 -113.63,42.76,1000 -113.62,42.77,1000 -113.60,42.77,1000 -113.59,42.77,1000 -113.57,42.77,1000 -113.56,42.78,1000 -113.54,42.78,1000 -113.53,42.78,1000 -113.51,42.78,1000 -113.50,42.78,1000 -113.48,42.78,1000 -113.46,42.78,1000 -113.44,42.78,1000 -113.42,42.78,1000 -113.40,42.77,1000 -113.38,42.77,1000 -113.36,42.77,1000 -113.35,42.76,1000 -113.34,42.76,1000 -113.34,42.75,1000 -113.34,42.74,1000 -113.34,42.74,1000 -113.35,42.73,1000 -113.36,42.72,1000 -113.37,42.71,1000 -113.38,42.70,1000 -113.39,42.69,1000 -113.41,42.68,1000 -113.42,42.67,1000 -113.44,42.66,1000 -113.45,42.65,1000 -113.47,42.65,1000 -113.48,42.65,1000 -113.50,42.65,1000 -113.51,42.65,1000 -113.53,42.65,1000 -113.54,42.65,1000 -113.56,42.65,1000 -113.58,42.65,1000 -113.60,42.65,1000 -113.61,42.66,1000 -113.63,42.66,1000 -113.65,42.66,1000 -113.66,42.66,1000 -113.68,42.67,1000 -113.70,42.67,1000 -113.71,42.67,1000 -113.73,42.67,1000 -113.74,42.67,1000 -113.76,42.67,1000 -113.78,42.68,1000 -113.79,42.68,1000 -113.81,42.68,1000 -113.82,42.68,1000 -113.83,42.68,1000 -113.85,42.68,1000 -113.86,42.69,1000 -113.88,42.69,1000 -113.89,42.69,1000 -113.73,42.74,1000 
          </coordinates>
        </LinearRing>
      </innerBoundaryIs>
      <innerBoundaryIs>
        <LinearRing>
          <coordinates>
-110.02,40.24,1000 -109.99,40.25,1000 -109.95,40.26,1000 -109.92,40.26,1000 -109.89,40.27,1000 -109.86,40.28,1000 -109.82,40.28,1000 -109.79,40.29,1000 -109.75,40.30,1000 -109.71,40.30,1000 -109.67,40.31,1000 -109.64,40.31,1000 -109.60,40.32,1000 -109.56,40.32,1000 -109.52,40.32,1000 -109.48,40.32,1000 -109.43,40.31,1000 -109.39,40.31,1000 -109.36,40.30,1000 -109.33,40.30,1000 -109.32,40.29,1000 -109.30,40.28,1000 -109.27,40.26,1000 -109.24,40.24,1000 -109.20,40.22,1000 -109.17,40.20,1000 -109.13,40.18,1000 -109.10,40.16,1000 -109.08,40.15,1000 -109.04,40.14,1000 -109.02,40.15,1000 -109.00,40.14,1000 -108.98,40.12,1000 -108.97,40.10,1000 -108.95,40.07,1000 -108.93,40.04,1000 -108.91,40.02,1000 -108.90,39.99,1000 -108.90,39.97,1000 -108.91,39.95,1000 -108.93,39.94,1000 -108.97,39.93,1000 -109.00,39.92,1000 -109.04,39.91,1000 -109.07,39.90,1000 -109.10,39.88,1000 -109.13,39.87,1000 -109.17,39.85,1000 -109.20,39.84,1000 -109.23,39.82,1000 -109.26,39.81,1000 -109.30,39.79,1000 -109.33,39.78,1000 -109.35,39.77,1000 -109.38,39.76,1000 -109.41,39.75,1000 -109.44,39.74,1000 -109.48,39.73,1000 -109.51,39.73,1000 -109.55,39.73,1000 -109.59,39.73,1000 -109.63,39.73,1000 -109.66,39.73,1000 -109.69,39.73,1000 -109.71,39.73,1000 -109.73,39.74,1000 -109.76,39.75,1000 -109.80,39.77,1000 -109.83,39.79,1000 -109.87,39.81,1000 -109.91,39.82,1000 -109.94,39.84,1000 -109.96,39.85,1000 -109.99,39.86,1000 -110.01,39.88,1000 -110.03,39.89,1000 -110.06,39.91,1000 -110.09,39.93,1000 -110.12,39.95,1000 -110.16,39.97,1000 -110.18,39.99,1000 -110.20,40.02,1000 -110.21,40.04,1000 -110.21,40.06,1000 -110.19,40.09,1000 -110.18,40.11,1000 -110.15,40.13,1000 -110.12,40.16,1000 -110.09,40.18,1000 -110.06,40.21,1000 -110.02,40.23,1000 -110.02,40.24,1000 
          </coordinates>
        </LinearRing>
      </innerBoundaryIs>
      <innerBoundaryIs>
        <LinearRing>
          <coordinates>
-122.91,45.50,1000 -122.88,45.50,1000 -122.84,45.50,1000 -122.81,45.50,1000 -122.78,45.51,1000 -122.75,45.51,1000 -122.72,45.51,1000 -122.70,45.50,1000 -122.68,45.50,1000 -122.66,45.50,1000 -122.64,45.49,1000 -122.63,45.47,1000 -122.63,45.45,1000 -122.63,45.44,1000 -122.62,45.44,1000 -122.64,45.42,1000 -122.65,45.41,1000 -122.66,45.39,1000 -122.67,45.38,1000 -122.69,45.36,1000 -122.70,45.34,1000 -122.72,45.32,1000 -122.73,45.30,1000 -122.75,45.28,1000 -122.76,45.26,1000 -122.77,45.25,1000 -122.79,45.23,1000 -122.79,45.22,1000 -122.80,45.21,1000 -122.82,45.19,1000 -122.83,45.18,1000 -122.85,45.16,1000 -122.86,45.15,1000 -122.88,45.13,1000 -122.90,45.11,1000 -122.92,45.10,1000 -122.93,45.08,1000 -122.95,45.06,1000 -122.96,45.05,1000 -122.97,45.03,1000 -122.98,45.01,1000 -122.98,44.99,1000 -122.99,44.97,1000 -122.99,44.96,1000 -123.00,44.95,1000 -123.02,44.95,1000 -123.04,44.96,1000 -123.06,44.98,1000 -123.08,45.00,1000 -123.09,45.03,1000 -123.09,45.05,1000 -123.09,45.06,1000 -123.10,45.08,1000 -123.09,45.10,1000 -123.09,45.12,1000 -123.09,45.15,1000 -123.08,45.17,1000 -123.08,45.19,1000 -123.07,45.21,1000 -123.06,45.23,1000 -123.05,45.24,1000 -123.05,45.26,1000 -123.04,45.28,1000 -123.03,45.30,1000 -123.01,45.31,1000 -123.00,45.33,1000 -122.99,45.35,1000 -122.98,45.37,1000 -122.96,45.38,1000 -122.95,45.40,1000 -122.91,45.50,1000 
          </coordinates>
        </LinearRing>
      </innerBoundaryIs>
      <innerBoundaryIs>
        <LinearRing>
          <coordinates>
-72.69,44.83,1000 -72.66,44.84,1000 -72.64,44.84,1000 -72.61,44.85,1000 -72.58,44.85,1000 -72.56,44.86,1000 -72.53,44.86,1000 -72.51,44.87,1000 -72.49,44.87,1000 -72.47,44.87,1000 -72.45,44.86,1000 -72.44,44.86,1000 -72.43,44.85,1000 -72.42,44.84,1000 -72.41,44.83,1000 -72.40,44.81,1000 -72.40,44.79,1000 -72.40,44.78,1000 -72.40,44.76,1000 -72.40,44.74,1000 -72.40,44.72,1000 -72.40,44.71,1000 -72.40,44.69,1000 -72.40,44.67,1000 -72.41,44.66,1000 -72.41,44.64,1000 -72.41,44.63,1000 -72.42,44.61,1000 -72.42,44.60,1000 -72.43,44.58,1000 -72.43,44.56,1000 -72.44,44.55,1000 -72.45,44.53,1000 -72.45,44.52,1000 -72.46,44.50,1000 -72.47,44.48,1000 -72.48,44.46,1000 -72.49,44.44,1000 -72.50,44.43,1000 -72.51,44.42,1000 -72.53,44.41,1000 -72.54,44.41,1000 -72.55,44.41,1000 -72.57,44.42,1000 -72.59,44.43,1000 -72.60,44.44,1000 -72.62,44.46,1000 -72.64,44.47,1000 -72.66,44.49,1000 -72.68,44.51,1000 -72.70,44.52,1000 -72.71,44.54,1000 -72.73,44.55,1000 -72.74,44.56,1000 -72.75,44.57,1000 -72.76,44.58,1000 -72.75,44.59,1000 -72.75,44.60,1000 -72.75,44.61,1000 -72.75,44.62,1000 -72.75,44.64,1000 -72.75,44.65,1000 -72.75,44.67,1000 -72.74,44.69,1000 -72.74,44.70,1000 -72.74,44.72,1000 -72.74,44.74,1000 -72.74,44.76,1000 -72.69,44.83,1000 
          </coordinates>
        </LinearRing>
      </innerBoundaryIs>
  </Polygon>
 </MultiGeometry>
</Placemark>
<Placemark>
  <name>1%</name>
  <visibility>1</visibility>
  <styleUrl>#poly_1</styleUrl>
  <MultiGeometry>
    <Polygon>
      <outerBoundaryIs>
        <LinearRing>
          <coordinates>
-74.67,41.25,0 -74.58,41.25,0 -74.50,41.25,0 -74.41,41.25,0 -74.32,41.25,0 -74.24,41.24,0 -74.17,41.23,0 -74.08,41.22,0 -73.97,41.20,0 -73.90,41.19,0 -73.81,41.17,0 -73.72,41.16,0 -73.63,41.14,0 -73.53,41.12,0 -73.44,41.11,0 -73.36,41.09,0 -73.29,41.08,0 -73.18,41.06,0 -73.10,41.04,0 -73.03,41.03,0 -72.96,41.01,0 -72.89,40.99,0 -72.83,40.96,0 -72.78,40.93,0 -72.74,40.89,0 -72.72,40.83,0 -72.73,40.76,0 -72.74,40.69,0 -72.76,40.63,0 -72.79,40.58,0 -72.83,40.54,0 -72.94,40.52,0 -73.01,40.51,0 -73.09,40.51,0 -73.19,40.51,0 -73.29,40.51,0 -73.39,40.51,0 -73.49,40.51,0 -73.58,40.51,0 -73.65,40.51,0 -73.77,40.51,0 -73.84,40.52,0 -73.91,40.51,0 -73.98,40.49,0 -74.05,40.45,0 -74.13,40.41,0 -74.19,40.37,0 -74.25,40.33,0 -74.32,40.29,0 -74.38,40.25,0 -74.45,40.21,0 -74.53,40.18,0 -74.61,40.15,0 -74.69,40.12,0 -74.77,40.11,0 -74.86,40.10,0 -74.94,40.10,0 -75.03,40.11,0 -75.12,40.12,0 -75.20,40.13,0 -75.29,40.15,0 -75.37,40.16,0 -75.45,40.19,0 -75.52,40.22,0 -75.58,40.24,0 -75.65,40.28,0 -75.70,40.32,0 -75.74,40.36,0 -75.76,40.41,0 -75.77,40.47,0 -75.76,40.54,0 -75.75,40.60,0 -75.72,40.66,0 -75.69,40.71,0 -75.65,40.76,0 -75.61,40.81,0 -75.55,40.85,0 -75.49,40.90,0 -75.43,40.94,0 -75.37,40.97,0 -75.30,41.01,0 -75.23,41.04,0 -75.16,41.07,0 -75.08,41.09,0 -75.00,41.12,0 -74.92,41.15,0 -74.67,41.25,0 
          </coordinates>
        </LinearRing>
      </outerBoundaryIs>
      <innerBoundaryIs>
        <LinearRing>
          <coordinates>
-74.72,40.99,1000 -74.67,41.01,1000 -74.62,41.02,1000 -74.57,41.04,1000 -74.52,41.05,1000 -74.47,41.06,1000 -74.41,41.07,1000 -74.35,41.07,1000 -74.29,41.07,1000 -74.23,41.07,1000 -74.18,41.06,1000 -74.12,41.04,1000 -74.07,41.02,1000 -74.02,41.00,1000 -73.98,40.98,1000 -73.95,40.95,1000 -73.91,40.92,1000 -73.87,40.89,1000 -73.81,40.87,1000 -73.76,40.86,1000 -73.70,40.85,1000 -73.64,40.84,1000 -73.57,40.83,1000 -73.50,40.82,1000 -73.44,40.81,1000 -73.39,40.81,1000 -73.35,40.80,1000 -73.35,40.78,1000 -73.39,40.78,1000 -73.44,40.79,1000 -73.50,40.80,1000 -73.57,40.81,1000 -73.64,40.82,1000 -73.71,40.82,1000 -73.77,40.83,1000 -73.82,40.82,1000 -73.88,40.80,1000 -73.93,40.77,1000 -73.97,40.74,1000 -74.01,40.71,1000 -74.05,40.67,1000 -74.09,40.64,1000 -74.14,40.61,1000 -74.19,40.58,1000 -74.25,40.55,1000 -74.30,40.53,1000 -74.35,40.50,1000 -74.40,40.47,1000 -74.45,40.44,1000 -74.51,40.42,1000 -74.56,40.39,1000 -74.61,40.37,1000 -74.67,40.35,1000 -74.73,40.33,1000 -74.79,40.32,1000 -74.85,40.31,1000 -74.91,40.31,1000 -74.97,40.30,1000 -75.03,40.31,1000 -75.09,40.31,1000 -75.15,40.31,1000 -75.20,40.32,1000 -75.26,40.32,1000 -75.31,40.34,1000 -75.36,40.36,1000 -75.41,40.38,1000 -75.45,40.41,1000 -75.49,40.44,1000 -75.52,40.47,1000 -75.53,40.50,1000 -75.53,40.54,1000 -75.52,40.58,1000 -75.49,40.62,1000 -75.46,40.65,1000 -75.42,40.69,1000 -75.38,40.73,1000 -75.33,40.77,1000 -75.29,40.80,1000 -75.24,40.83,1000 -75.19,40.86,1000 -75.13,40.88,1000 -75.08,40.89,1000 -75.02,40.91,1000 -74.97,40.92,1000 -74.72,40.99,1000 
          </coordinates>
        </LinearRing>
      </innerBoundaryIs>
  </Polygon>
 </MultiGeometry>
</Placemark>
<Placemark>
  <name>1%</name>
  <visibility>1</visibility>
  <styleUrl>#poly_1</styleUrl>
  <MultiGeometry>
    <Polygon>
      <outerBoundaryIs>
        <LinearRing>
          <coordinates>
-118.28,34.49,0 -118.23,34.53,0 -118.19,34.56,0 -118.14,34.59,0 -118.09,34.62,0 -118.04,34.64,0 -118.00,34.65,0 -117.95,34.66,0 -117.88,34.67,0 -117.83,34.68,0 -117.77,34.68,0 -117.70,34.69,0 -117.63,34.70,0 -117.56,34.70,0 -117.49,34.70,0 -117.44,34.70,0 -117.38,34.68,0 -117.33,34.65,0 -117.29,34.62,0 -117.25,34.60,0 -117.19,34.58,0 -117.14,34.58,0 -117.07,34.58,0 -117.01,34.59,0 -116.94,34.60,0 -116.87,34.61,0 -116.81,34.62,0 -116.76,34.63,0 -116.69,34.64,0 -116.64,34.64,0 -116.59,34.64,0 -116.54,34.63,0 -116.49,34.62,0 -116.44,34.60,0 -116.39,34.57,0 -116.35,34.52,0 -116.33,34.48,0 -116.31,34.44,0 -116.29,34.39,0 -116.28,34.33,0 -116.26,34.28,0 -116.25,34.22,0 -116.24,34.17,0 -116.23,34.12,0 -116.22,34.06,0 -116.22,34.01,0 -116.21,33.95,0 -116.21,33.90,0 -116.20,33.85,0 -116.20,33.81,0 -116.19,33.75,0 -116.19,33.71,0 -116.19,33.67,0 -116.20,33.63,0 -116.21,33.59,0 -116.23,33.55,0 -116.27,33.52,0 -116.32,33.49,0 -116.37,33.48,0 -116.43,33.46,0 -116.49,33.45,0 -116.56,33.44,0 -116.63,33.43,0 -116.69,33.43,0 -116.74,33.43,0 -116.80,33.44,0 -116.85,33.47,0 -116.89,33.50,0 -116.92,33.53,0 -116.94,33.57,0 -116.95,33.61,0 -116.96,33.66,0 -116.99,33.70,0 -117.03,33.73,0 -117.07,33.77,0 -117.12,33.80,0 -117.18,33.83,0 -117.23,33.85,0 -117.28,33.86,0 -117.33,33.86,0 -117.38,33.86,0 -117.43,33.86,0 -117.49,33.86,0 -117.54,33.87,0 -117.60,33.88,0 -117.66,33.90,0 -117.72,33.92,0 -117.78,33.93,0 -117.84,33.95,0 -117.90,33.96,0 -117.96,33.98,0 -118.03,33.99,0 -118.09,34.00,0 -118.14,34.02,0 -118.19,34.04,0 -118.24,34.07,0 -118.28,34.11,0 -118.31,34.15,0 -118.34,34.19,0 -118.37,34.24,0 -118.28,34.49,0 
          </coordinates>
        </LinearRing>
      </outerBoundaryIs>
      <innerBoundaryIs>
        <LinearRing>
          <coordinates>
-118.07,34.54,1000 -118.01,34.56,1000 -117.96,34.58,1000 -117.90,34.60,1000 -117.84,34.61,1000 -117.79,34.63,1000 -117.74,34.64,1000 -117.69,34.65,1000 -117.65,34.65,1000 -117.59,34.64,1000 -117.54,34.63,1000 -117.49,34.60,1000 -117.45,34.58,1000 -117.40,34.56,1000 -117.35,34.55,1000 -117.31,34.54,1000 -117.27,34.53,1000 -117.22,34.52,1000 -117.18,34.52,1000 -117.13,34.53,1000 -117.08,34.54,1000 -117.02,34.56,1000 -116.97,34.57,1000 -116.92,34.58,1000 -116.86,34.58,1000 -116.80,34.59,1000 -116.75,34.58,1000 -116.71,34.57,1000 -116.66,34.55,1000 -116.62,34.54,1000 -116.58,34.51,1000 -116.54,34.49,1000 -116.50,34.47,1000 -116.45,34.44,1000 -116.41,34.42,1000 -116.38,34.39,1000 -116.35,34.34,1000 -116.34,34.31,1000 -116.33,34.27,1000 -116.33,34.23,1000 -116.33,34.18,1000 -116.33,34.14,1000 -116.33,34.09,1000 -116.34,34.05,1000 -116.34,34.01,1000 -116.34,33.97,1000 -116.34,33.92,1000 -116.34,33.87,1000 -116.35,33.83,1000 -116.35,33.79,1000 -116.37,33.75,1000 -116.39,33.71,1000 -116.42,33.67,1000 -116.45,33.64,1000 -116.48,33.60,1000 -116.51,33.57,1000 -116.55,33.56,1000 -116.59,33.56,1000 -116.64,33.58,1000 -116.69,33.60,1000 -116.74,33.63,1000 -116.79,33.66,1000 -116.83,33.69,1000 -116.87,33.71,1000 -116.91,33.75,1000 -116.96,33.78,1000 -117.00,33.81,1000 -117.04,33.84,1000 -117.08,33.87,1000 -117.13,33.90,1000 -117.17,33.94,1000 -117.22,33.97,1000 -117.26,33.99,1000 -117.30,34.01,1000 -117.35,34.02,1000 -117.40,34.01,1000 -117.45,34.00,1000 -117.52,34.00,1000 -117.56,34.00,1000 -117.61,34.00,1000 -117.66,34.01,1000 -117.72,34.01,1000 -117.77,34.01,1000 -117.83,34.02,1000 -117.88,34.03,1000 -117.93,34.04,1000 -117.97,34.05,1000 -118.02,34.07,1000 -118.05,34.10,1000 -118.09,34.13,1000 -118.12,34.16,1000 -118.15,34.20,1000 -118.17,34.23,1000 -118.20,34.27,1000 -118.07,34.54,1000 
          </coordinates>
        </LinearRing>
      </innerBoundaryIs>
  </Polygon>
 </MultiGeometry>
</Placemark>
<Placemark>
  <name>5%</name>
  <visibility>1</visibility>
  <styleUrl>#poly_5</styleUrl>
  <MultiGeometry>
    <Polygon>
      <outerBoundaryIs>
        <LinearRing>
          <coordinates>
-74.20,44.65,1000 -74.16,44.65,1000 -74.12,44.64,1000 -74.08,44.64,1000 -74.04,44.64,1000 -74.00,44.63,1000 -73.96,44.63,1000 -73.92,44.63,1000 -73.87,44.63,1000 -73.83,44.63,1000 -73.79,44.63,1000 -73.75,44.63,1000 -73.71,44.62,1000 -73.66,44.61,1000 -73.62,44.59,1000 -73.58,44.56,1000 -73.55,44.54,1000 -73.54,44.51,1000 -73.55,44.49,1000 -73.59,44.47,1000 -73.63,44.45,1000 -73.67,44.43,1000 -73.71,44.41,1000 -73.75,44.38,1000 -73.76,44.36,1000 -73.76,44.33,1000 -73.74,44.30,1000 -73.71,44.27,1000 -73.68,44.24,1000 -73.65,44.21,1000 -73.62,44.18,1000 -73.60,44.16,1000 -73.59,44.12,1000 -73.59,44.10,1000 -73.57,44.07,1000 -73.55,44.04,1000 -73.53,44.01,1000 -73.53,43.98,1000 -73.54,43.95,1000 -73.57,43.93,1000 -73.60,43.91,1000 -73.63,43.89,1000 -73.65,43.87,1000 -73.66,43.85,1000 -73.69,43.83,1000 -73.72,43.82,1000 -73.75,43.80,1000 -73.79,43.78,1000 -73.83,43.76,1000 -73.87,43.75,1000 -73.91,43.74,1000 -73.95,43.73,1000 -73.99,43.73,1000 -74.03,43.73,1000 -74.07,43.74,1000 -74.11,43.74,1000 -74.15,43.74,1000 -74.19,43.74,1000 -74.23,43.74,1000 -74.27,43.74,1000 -74.31,43.74,1000 -74.35,43.75,1000 -74.39,43.76,1000 -74.42,43.78,1000 -74.46,43.80,1000 -74.49,43.82,1000 -74.52,43.84,1000 -74.55,43.87,1000 -74.57,43.90,1000 -74.58,43.92,1000 -74.58,43.95,1000 -74.57,43.98,1000 -74.56,44.00,1000 -74.53,44.03,1000 -74.51,44.06,1000 -74.50,44.09,1000 -74.49,44.12,1000 -74.48,44.15,1000 -74.47,44.18,1000 -74.46,44.21,1000 -74.45,44.23,1000 -74.45,44.26,1000 -74.45,44.29,1000 -74.46,44.32,1000 -74.47,44.35,1000 -74.48,44.38,1000 -74.49,44.40,1000 -74.50,44.42,1000 -74.51,44.44,1000 -74.50,44.46,1000 -74.49,44.48,1000 -74.47,44.51,1000 -74.45,44.53,1000 -74.44,44.55,1000 -74.42,44.58,1000 -74.40,44.60,1000 -74.20,44.65,1000 
          </coordinates>
        </LinearRing>
      </outerBoundaryIs>
      <innerBoundaryIs>
        <LinearRing>
          <coordinates>
-74.02,44.34,2000 -73.99,44.33,2000 -73.97,44.32,2000 -73.94,44.31,2000 -73.92,44.30,2000 -73.90,44.29,2000 -73.87,44.28,2000 -73.85,44.28,2000 -73.83,44.27,2000 -73.82,44.26,2000 -73.80,44.25,2000 -73.78,44.24,2000 -73.76,44.23,2000 -73.75,44.21,2000 -73.74,44.20,2000 -73.73,44.18,2000 -73.72,44.17,2000 -73.71,44.15,2000 -73.70,44.13,2000 -73.69,44.11,2000 -73.68,44.10,2000 -73.67,44.08,2000 -73.66,44.06,2000 -73.66,44.04,2000 -73.66,44.02,2000 -73.66,44.00,2000 -73.67,43.98,2000 -73.68,43.97,2000 -73.69,43.95,2000 -73.71,43.93,2000 -73.73,43.92,2000 -73.75,43.90,2000 -73.77,43.89,2000 -73.79,43.87,2000 -73.80,43.86,2000 -73.82,43.85,2000 -73.83,43.84,2000 -73.85,43.82,2000 -73.86,43.82,2000 -73.89,43.82,2000 -73.91,43.82,2000 -73.93,43.82,2000 -73.96,43.81,2000 -73.99,43.81,2000 -74.02,43.81,2000 -74.05,43.81,2000 -74.08,43.81,2000 -74.11,43.81,2000 -74.13,43.81,2000 -74.16,43.82,2000 -74.18,43.83,2000 -74.21,43.84,2000 -74.23,43.85,2000 -74.25,43.86,2000 -74.26,43.88,2000 -74.28,43.89,2000 -74.30,43.91,2000 -74.31,43.93,2000 -74.32,43.95,2000 -74.33,43.97,2000 -74.33,43.98,2000 -74.34,44.00,2000 -74.35,44.02,2000 -74.36,44.04,2000 -74.36,44.05,2000 -74.36,44.07,2000 -74.35,44.09,2000 -74.35,44.10,2000 -74.33,44.12,2000 -74.32,44.14,2000 -74.31,44.15,2000 -74.30,44.17,2000 -74.29,44.19,2000 -74.27,44.21,2000 -74.26,44.22,2000 -74.25,44.24,2000 -74.02,44.34,2000 
          </coordinates>
        </LinearRing>
      </innerBoundaryIs>
  </Polygon>
 </MultiGeometry>
</Placemark>
<Placemark>
  <name>5%</name>
  <visibility>1</visibility>
  <styleUrl>#poly_5</styleUrl>
  <MultiGeometry>
    <Polygon>
      <outerBoundaryIs>
        <LinearRing>
          <coordinates>
-116.03,36.63,1000 -116.00,36.64,1000 -115.97,36.66,1000 -115.94,36.67,1000 -115.91,36.68,1000 -115.88,36.68,1000 -115.85,36.69,1000 -115.82,36.69,1000 -115.79,36.69,1000 -115.76,36.68,1000 -115.73,36.68,1000 -115.70,36.67,1000 -115.67,36.66,1000 -115.64,36.65,1000 -115.61,36.63,1000 -115.58,36.62,1000 -115.55,36.61,1000 -115.52,36.59,1000 -115.49,36.57,1000 -115.46,36.55,1000 -115.43,36.53,1000 -115.40,36.51,1000 -115.37,36.50,1000 -115.35,36.48,1000 -115.33,36.47,1000 -115.32,36.46,1000 -115.31,36.45,1000 -115.29,36.43,1000 -115.26,36.40,1000 -115.24,36.38,1000 -115.22,36.35,1000 -115.20,36.33,1000 -115.19,36.30,1000 -115.19,36.27,1000 -115.19,36.25,1000 -115.19,36.22,1000 -115.20,36.19,1000 -115.21,36.16,1000 -115.21,36.14,1000 -115.22,36.12,1000 -115.22,36.09,1000 -115.25,36.07,1000 -115.27,36.06,1000 -115.29,36.04,1000 -115.31,36.02,1000 -115.34,36.00,1000 -115.37,35.98,1000 -115.39,35.97,1000 -115.42,35.95,1000 -115.45,35.94,1000 -115.48,35.93,1000 -115.51,35.92,1000 -115.54,35.92,1000 -115.57,35.92,1000 -115.61,35.91,1000 -115.64,35.92,1000 -115.67,35.92,1000 -115.70,35.93,1000 -115.73,35.94,1000 -115.77,35.95,1000 -115.80,35.96,1000 -115.83,35.98,1000 -115.86,35.99,1000 -115.89,36.00,1000 -115.91,36.01,1000 -115.93,36.02,1000 -115.94,36.03,1000 -115.96,36.04,1000 -115.98,36.06,1000 -116.00,36.08,1000 -116.03,36.10,1000 -116.05,36.12,1000 -116.08,36.15,1000 -116.10,36.17,1000 -116.12,36.19,1000 -116.14,36.21,1000 -116.15,36.24,1000 -116.16,36.26,1000 -116.17,36.29,1000 -116.18,36.31,1000 -116.18,36.33,1000 -116.18,36.36,1000 -116.18,36.39,1000 -116.17,36.41,1000 -116.16,36.44,1000 -116.15,36.47,1000 -116.14,36.49,1000 -116.12,36.52,1000 -116.11,36.55,1000 -116.03,36.63,1000 
          </coordinates>
        </LinearRing>
      </outerBoundaryIs>
      <innerBoundaryIs>
        <LinearRing>
          <coordinates>
-115.80,36.61,2000 -115.79,36.60,2000 -115.75,36.59,2000 -115.73,36.59,2000 -115.71,36.59,2000 -115.68,36.59,2000 -115.65,36.58,2000 -115.63,36.58,2000 -115.60,36.58,2000 -115.57,36.57,2000 -115.55,36.56,2000 -115.52,36.55,2000 -115.49,36.54,2000 -115.47,36.52,2000 -115.44,36.51,2000 -115.42,36.49,2000 -115.40,36.48,2000 -115.38,36.46,2000 -115.36,36.44,2000 -115.35,36.42,2000 -115.34,36.40,2000 -115.33,36.38,2000 -115.32,36.36,2000 -115.31,36.34,2000 -115.30,36.31,2000 -115.30,36.29,2000 -115.30,36.27,2000 -115.30,36.25,2000 -115.30,36.23,2000 -115.30,36.20,2000 -115.30,36.18,2000 -115.31,36.16,2000 -115.31,36.14,2000 -115.32,36.12,2000 -115.33,36.10,2000 -115.34,36.08,2000 -115.36,36.06,2000 -115.37,36.04,2000 -115.39,36.03,2000 -115.41,36.01,2000 -115.44,36.00,2000 -115.46,35.99,2000 -115.48,35.98,2000 -115.51,35.98,2000 -115.54,35.98,2000 -115.57,35.97,2000 -115.60,35.97,2000 -115.63,35.98,2000 -115.66,35.98,2000 -115.68,35.98,2000 -115.71,35.99,2000 -115.74,36.00,2000 -115.76,36.01,2000 -115.79,36.02,2000 -115.81,36.03,2000 -115.83,36.04,2000 -115.85,36.05,2000 -115.87,36.06,2000 -115.89,36.07,2000 -115.91,36.08,2000 -115.93,36.09,2000 -115.95,36.10,2000 -115.97,36.11,2000 -115.99,36.13,2000 -116.01,36.14,2000 -116.03,36.15,2000 -116.04,36.17,2000 -116.06,36.19,2000 -116.07,36.21,2000 -116.08,36.23,2000 -116.10,36.25,2000 -116.10,36.28,2000 -116.11,36.30,2000 -116.12,36.32,2000 -116.12,36.35,2000 -116.12,36.37,2000 -116.11,36.39,2000 -116.10,36.41,2000 -116.09,36.44,2000 -116.08,36.46,2000 -116.06,36.48,2000 -116.04,36.50,2000 -116.03,36.52,2000 -116.01,36.53,2000 -115.99,36.55,2000 -115.96,36.56,2000 -115.93,36.57,2000 -115.91,36.58,2000 -115.88,36.58,2000 -115.80,36.61,2000 
          </coordinates>
        </LinearRing>
      </innerBoundaryIs>
  </Polygon>
 </MultiGeometry>
</Placemark>
<Placemark>
  <name>5%</name>
  <visibility>1</visibility>
  <styleUrl>#poly_5</styleUrl>
  <MultiGeometry>
    <Polygon>
      <outerBoundaryIs>
        <LinearRing>
          <coordinates>
-74.86,43.83,1000 -74.84,43.84,1000 -74.82,43.84,1000 -74.80,43.85,1000 -74.79,43.86,1000 -74.77,43.86,1000 -74.75,43.87,1000 -74.73,43.87,1000 -74.72,43.88,1000 -74.70,43.88,1000 -74.68,43.89,1000 -74.67,43.89,1000 -74.65,43.89,1000 -74.64,43.89,1000 -74.62,43.89,1000 -74.61,43.89,1000 -74.60,43.89,1000 -74.59,43.89,1000 -74.57,43.88,1000 -74.56,43.87,1000 -74.55,43.86,1000 -74.54,43.85,1000 -74.53,43.84,1000 -74.52,43.83,1000 -74.51,43.82,1000 -74.51,43.80,1000 -74.50,43.79,1000 -74.50,43.78,1000 -74.49,43.76,1000 -74.49,43.75,1000 -74.49,43.74,1000 -74.49,43.73,1000 -74.49,43.72,1000 -74.50,43.71,1000 -74.51,43.69,1000 -74.52,43.68,1000 -74.52,43.67,1000 -74.53,43.66,1000 -74.54,43.65,1000 -74.56,43.64,1000 -74.57,43.62,1000 -74.58,43.61,1000 -74.59,43.60,1000 -74.60,43.59,1000 -74.60,43.59,1000 -74.61,43.58,1000 -74.62,43.56,1000 -74.63,43.55,1000 -74.64,43.55,1000 -74.65,43.55,1000 -74.67,43.55,1000 -74.68,43.55,1000 -74.70,43.55,1000 -74.71,43.56,1000 -74.73,43.56,1000 -74.75,43.57,1000 -74.76,43.57,1000 -74.78,43.58,1000 -74.80,43.58,1000 -74.81,43.59,1000 -74.83,43.59,1000 -74.84,43.60,1000 -74.85,43.61,1000 -74.86,43.62,1000 -74.87,43.63,1000 -74.88,43.64,1000 -74.88,43.65,1000 -74.89,43.67,1000 -74.89,43.68,1000 -74.89,43.69,1000 -74.89,43.70,1000 -74.89,43.72,1000 -74.89,43.73,1000 -74.89,43.74,1000 -74.89,43.75,1000 -74.89,43.77,1000 -74.89,43.78,1000 -74.86,43.83,1000 
          </coordinates>
        </LinearRing>
      </outerBoundaryIs>
  </Polygon>
 </MultiGeometry>
</Placemark>
<Placemark>
  <name>5%</name>
  <visibility>1</visibility>
  <styleUrl>#poly_5</styleUrl>
  <MultiGeometry>
    <Polygon>
      <outerBoundaryIs>
        <LinearRing>
          <coordinates>
-127.64,50.38,1000 -126.61,50.62,1000 -125.60,50.81,1000 -124.66,50.92,1000 -123.36,50.83,1000 -122.34,50.69,1000 -121.48,50.77,1000 -120.60,50.91,1000 -120.15,51.12,1000 -119.77,51.18,1000 -119.55,51.27,1000 -118.69,51.66,1000 -117.93,51.75,1000 -117.60,51.77,1000 -117.20,51.72,1000 -116.57,51.88,1000 -115.82,51.96,1000 -115.05,52.03,1000 -114.16,52.11,1000 -113.30,52.18,1000 -112.43,52.25,1000 -111.57,52.32,1000 -110.70,52.38,1000 -109.79,52.44,1000 -108.90,52.50,1000 -108.08,52.55,1000 -107.31,52.60,1000 -105.87,52.67,1000 -104.50,52.70,1000 -104.01,52.69,1000 -103.71,52.64,1000 -103.21,52.48,1000 -102.56,52.38,1000 -102.08,52.35,1000 -101.56,52.19,1000 -101.30,52.07,1000 -100.93,52.04,1000 -99.82,51.93,1000 -99.04,51.90,1000 -98.47,52.00,1000 -97.91,52.05,1000 -97.36,51.99,1000 -96.61,51.89,1000 -96.05,51.84,1000 -95.58,51.88,1000 -94.95,52.04,1000 -94.47,52.01,1000 -94.19,51.90,1000 -94.03,51.67,1000 -94.14,51.42,1000 -94.49,51.20,1000 -94.68,51.10,1000 -94.89,51.07,1000 -95.42,51.11,1000 -95.84,51.14,1000 -96.28,51.05,1000 -96.59,50.87,1000 -96.81,50.71,1000 -96.87,50.52,1000 -96.80,50.05,1000 -96.42,50.00,1000 -96.01,50.15,1000 -95.49,50.32,1000 -95.24,50.54,1000 -94.98,50.83,1000 -94.79,50.90,1000 -94.61,50.87,1000 -94.24,50.68,1000 -93.76,50.38,1000 -92.82,50.01,1000 -91.68,49.76,1000 -91.18,49.69,1000 -90.58,49.81,1000 -90.15,49.86,1000 -89.77,49.77,1000 -88.81,49.34,1000 -88.63,49.30,1000 -88.36,49.35,1000 -88.16,49.49,1000 -88.06,49.63,1000 -88.16,49.77,1000 -88.58,50.10,1000 -88.88,50.30,1000 -89.02,50.56,1000 -88.87,50.79,1000 -88.45,50.89,1000 -87.95,50.92,1000 -87.50,50.90,1000 -86.65,50.74,1000 -86.21,50.56,1000 -86.16,50.35,1000 -86.30,50.22,1000 -86.43,50.00,1000 -86.33,49.83,1000 -85.90,49.09,1000 -85.57,48.85,1000 -85.40,48.56,1000 -85.30,48.33,1000 -85.15,48.19,1000 -85.06,47.97,1000 -85.25,47.82,1000 -85.43,47.79,1000 -85.76,47.85,1000 -86.05,48.02,1000 -86.28,48.24,1000 -86.46,48.40,1000 -86.71,48.49,1000 -87.59,48.51,1000 -87.99,48.51,1000 -88.18,48.43,1000 -88.77,47.86,1000 -89.13,47.60,1000 -89.42,47.32,1000 -90.10,46.85,1000 -90.52,46.63,1000 -90.83,46.36,1000 -91.02,46.26,1000 -91.35,46.19,1000 -91.82,46.15,1000 -92.57,46.10,1000 -93.04,46.21,1000 -94.31,46.44,1000 -95.05,46.52,1000 -95.49,46.66,1000 -95.75,46.88,1000 -95.96,47.19,1000 -96.10,47.28,1000 -96.44,47.36,1000 -96.93,47.19,1000 -97.52,47.00,1000 -98.16,47.04,1000 -98.88,47.05,1000 -99.58,47.06,1000 -100.05,47.07,1000 -100.45,47.14,1000 -100.68,47.19,1000 -101.07,47.16,1000 -101.52,47.09,1000 -102.07,47.22,1000 -102.61,47.28,1000 -103.24,47.23,1000 -103.50,47.22,1000 -103.79,47.31,1000 -104.14,47.56,1000 -104.96,47.49,1000 -105.81,47.95,1000 -106.39,48.09,1000 -106.74,48.31,1000 -107.03,48.63,1000 -107.10,48.73,1000 -107.38,48.84,1000 -107.55,48.90,1000 -107.92,48.91,1000 -108.24,48.64,1000 -108.60,48.43,1000 -108.73,48.19,1000 -108.50,47.96,1000 -109.08,47.88,1000 -109.14,47.34,1000 -109.15,46.79,1000 -109.34,46.59,1000 -109.79,46.66,1000 -109.88,46.39,1000 -109.83,46.06,1000 -109.94,45.88,1000 -109.94,45.70,1000 -109.51,45.44,1000 -109.14,45.15,1000 -109.11,44.91,1000 -109.21,44.67,1000 -109.26,44.35,1000 -109.05,44.02,1000 -109.04,43.80,1000 -109.12,43.67,1000 -109.04,43.38,1000 -108.55,42.79,1000 -108.48,42.56,1000 -108.47,42.30,1000 -108.61,42.08,1000 -108.85,41.91,1000 -109.04,41.84,1000 -109.43,41.83,1000 -109.81,41.87,1000 -109.97,41.49,1000 -109.84,41.30,1000 -109.69,41.14,1000 -109.45,41.15,1000 -109.17,41.44,1000 -108.91,41.47,1000 -108.65,41.42,1000 -108.29,41.21,1000 -108.26,41.05,1000 -108.48,40.73,1000 -108.48,40.22,1000 -108.38,40.17,1000 -108.23,40.31,1000 -108.03,40.47,1000 -107.93,40.64,1000 -108.03,41.16,1000 -108.06,41.41,1000 -107.98,41.63,1000 -107.73,41.79,1000 -107.38,41.83,1000 -106.18,41.75,1000 -105.96,41.63,1000 -105.83,41.44,1000 -105.71,41.07,1000 -105.40,40.83,1000 -105.27,40.61,1000 -105.22,40.35,1000 -105.23,39.90,1000 -105.35,39.62,1000 -105.41,39.34,1000 -105.54,39.22,1000 -105.70,39.06,1000 -105.80,38.84,1000 -106.14,37.99,1000 -106.05,37.69,1000 -105.94,37.53,1000 -105.76,36.91,1000 -105.64,36.89,1000 -105.43,37.02,1000 -105.23,37.02,1000 -105.14,36.69,1000 -105.20,36.43,1000 -105.32,36.30,1000 -105.51,36.25,1000 -105.84,36.53,1000 -106.15,36.42,1000 -106.46,36.35,1000 -106.61,36.39,1000 -107.12,36.57,1000 -107.47,36.87,1000 -107.88,36.92,1000 -108.23,36.99,1000 -108.66,37.20,1000 -108.97,37.47,1000 -109.24,37.63,1000 -109.82,37.50,1000 -110.04,37.60,1000 -110.12,37.71,1000 -109.89,37.97,1000 -109.57,38.03,1000 -109.20,38.00,1000 -109.11,38.88,1000 -108.87,39.10,1000 -109.21,39.11,1000 -109.40,39.04,1000 -109.61,38.94,1000 -109.86,38.96,1000 -110.14,39.13,1000 -110.35,39.29,1000 -110.58,39.37,1000 -110.83,39.29,1000 -110.98,39.06,1000 -111.14,38.61,1000 -111.05,38.36,1000 -110.76,38.03,1000 -111.07,37.72,1000 -111.37,37.39,1000 -111.64,37.24,1000 -111.83,37.08,1000 -111.79,36.57,1000 -111.72,36.05,1000 -111.64,35.79,1000 -111.54,35.71,1000 -111.27,35.46,1000 -111.04,35.05,1000 -110.80,34.76,1000 -110.44,34.46,1000 -110.43,34.25,1000 -110.62,34.10,1000 -110.83,34.07,1000 -111.15,34.10,1000 -111.37,34.20,1000 -111.67,34.41,1000 -111.89,34.71,1000 -112.29,34.91,1000 -112.47,35.05,1000 -112.58,35.31,1000 -112.66,35.52,1000 -112.98,35.50,1000 -113.22,35.59,1000 -113.39,35.80,1000 -113.69,36.01,1000 -113.83,36.17,1000 -113.85,36.39,1000 -113.75,36.61,1000 -113.59,36.74,1000 -113.13,36.67,1000 -112.92,36.49,1000 -112.88,36.24,1000 -112.64,35.93,1000 -112.59,35.72,1000 -112.47,35.60,1000 -112.39,35.78,1000 -112.44,36.01,1000 -112.73,36.31,1000 -112.89,36.76,1000 -113.16,36.87,1000 -113.38,37.04,1000 -113.95,37.11,1000 -114.49,37.17,1000 -114.87,37.38,1000 -115.06,37.66,1000 -115.34,37.60,1000 -115.70,37.26,1000 -116.17,36.92,1000 -116.47,36.87,1000 -116.73,36.88,1000 -116.85,36.80,1000 -117.22,36.58,1000 -116.90,36.44,1000 -116.70,36.18,1000 -116.80,35.92,1000 -117.17,35.78,1000 -117.66,35.64,1000 -118.10,34.95,1000 -118.47,34.77,1000 -118.80,34.48,1000 -119.11,34.36,1000 -119.44,34.38,1000 -119.76,34.63,1000 -119.71,34.88,1000 -119.54,35.00,1000 -119.33,35.12,1000 -119.05,35.16,1000 -118.86,35.24,1000 -118.93,35.53,1000 -119.06,36.08,1000 -119.34,36.56,1000 -119.49,36.78,1000 -119.71,36.97,1000 -120.02,37.20,1000 -120.30,37.50,1000 -120.85,38.17,1000 -121.02,38.59,1000 -121.24,38.90,1000 -121.43,39.26,1000 -121.75,39.61,1000 -121.93,39.76,1000 -122.05,40.02,1000 -122.19,40.40,1000 -122.41,40.37,1000 -122.43,40.24,1000 -122.29,39.65,1000 -122.27,39.47,1000 -122.35,39.30,1000 -122.46,39.17,1000 -122.59,39.05,1000 -122.87,38.98,1000 -123.26,39.08,1000 -123.55,39.27,1000 -123.88,39.57,1000 -124.03,39.77,1000 -124.09,40.02,1000 -124.22,40.26,1000 -124.27,40.53,1000 -124.30,41.01,1000 -124.32,41.40,1000 -124.45,41.92,1000 -124.58,42.45,1000 -124.52,42.77,1000 -124.31,43.18,1000 -124.24,43.57,1000 -124.11,43.87,1000 -124.13,44.14,1000 -124.08,44.36,1000 -124.06,45.15,1000 -124.09,45.63,1000 -123.97,46.04,1000 -123.86,46.36,1000 -123.87,46.59,1000 -123.80,46.72,1000 -123.69,46.87,1000 -123.87,47.00,1000 -124.19,47.20,1000 -124.35,47.33,1000 -124.52,47.55,1000 -124.68,47.90,1000 -124.75,48.26,1000 -124.84,48.44,1000 -125.11,48.63,1000 -125.54,48.88,1000 -126.09,49.14,1000 -126.46,49.35,1000 -126.68,49.50,1000 -126.88,49.75,1000 -127.52,50.01,1000 -127.66,50.12,1000 -127.68,50.30,1000 -127.64,50.38,1000 
          </coordinates>
        </LinearRing>
      </outerBoundaryIs>
      <innerBoundaryIs>
        <LinearRing>
          <coordinates>
-117.39,44.13,1000 -117.32,44.16,1000 -117.25,44.18,1000 -117.17,44.19,1000 -117.09,44.19,1000 -117.01,44.18,1000 -116.92,44.16,1000 -116.85,44.13,1000 -116.77,44.09,1000 -116.69,44.05,1000 -116.63,44.00,1000 -116.58,43.94,1000 -116.55,43.87,1000 -116.53,43.81,1000 -116.51,43.75,1000 -116.48,43.69,1000 -116.45,43.63,1000 -116.41,43.59,1000 -116.36,43.55,1000 -116.28,43.49,1000 -116.23,43.45,1000 -116.16,43.39,1000 -116.10,43.33,1000 -116.03,43.27,1000 -115.96,43.22,1000 -115.90,43.17,1000 -115.83,43.12,1000 -115.77,43.09,1000 -115.71,43.06,1000 -115.64,43.03,1000 -115.56,43.01,1000 -115.47,42.99,1000 -115.38,42.97,1000 -115.29,42.95,1000 -115.20,42.94,1000 -115.11,42.94,1000 -115.02,42.94,1000 -114.94,42.94,1000 -114.85,42.94,1000 -114.75,42.93,1000 -114.66,42.91,1000 -114.56,42.89,1000 -114.47,42.86,1000 -114.38,42.81,1000 -114.28,42.76,1000 -114.21,42.70,1000 -114.19,42.65,1000 -114.23,42.62,1000 -114.31,42.59,1000 -114.42,42.57,1000 -114.53,42.55,1000 -114.63,42.53,1000 -114.73,42.52,1000 -114.83,42.52,1000 -114.93,42.52,1000 -115.03,42.52,1000 -115.12,42.52,1000 -115.23,42.51,1000 -115.32,42.51,1000 -115.43,42.52,1000 -115.51,42.53,1000 -115.60,42.55,1000 -115.69,42.58,1000 -115.78,42.61,1000 -115.86,42.65,1000 -115.92,42.69,1000 -115.98,42.74,1000 -116.04,42.80,1000 -116.10,42.85,1000 -116.15,42.91,1000 -116.20,42.96,1000 -116.26,43.02,1000 -116.31,43.08,1000 -116.36,43.14,1000 -116.41,43.19,1000 -116.46,43.24,1000 -116.53,43.29,1000 -116.60,43.33,1000 -116.67,43.37,1000 -116.74,43.40,1000 -116.82,43.44,1000 -116.90,43.47,1000 -117.00,43.49,1000 -117.09,43.50,1000 -117.20,43.50,1000 -117.31,43.50,1000 -117.41,43.50,1000 -117.49,43.51,1000 -117.56,43.55,1000 -117.58,43.61,1000 -117.60,43.67,1000 -117.63,43.73,1000 -117.67,43.79,1000 -117.68,43.84,1000 -117.66,43.91,1000 -117.60,43.98,1000 -117.39,44.13,1000 
          </coordinates>
        </LinearRing>
      </innerBoundaryIs>
      <innerBoundaryIs>
        <LinearRing>
          <coordinates>
-113.27,41.56,1000 -113.15,41.63,1000 -113.04,41.69,1000 -112.94,41.73,1000 -112.84,41.74,1000 -112.73,41.70,1000 -112.64,41.61,1000 -112.55,41.48,1000 -112.49,41.40,1000 -112.43,41.30,1000 -112.36,41.19,1000 -112.30,41.09,1000 -112.27,40.99,1000 -112.28,40.91,1000 -112.36,40.84,1000 -112.49,40.79,1000 -112.65,40.75,1000 -112.80,40.72,1000 -112.90,40.68,1000 -112.99,40.58,1000 -113.00,40.49,1000 -113.00,40.42,1000 -112.98,40.32,1000 -112.98,40.24,1000 -112.98,40.14,1000 -112.97,40.05,1000 -112.95,39.96,1000 -112.89,39.87,1000 -112.81,39.78,1000 -112.72,39.72,1000 -112.59,39.67,1000 -112.47,39.63,1000 -112.34,39.57,1000 -112.26,39.50,1000 -112.28,39.41,1000 -112.34,39.32,1000 -112.38,39.22,1000 -112.43,39.12,1000 -112.49,39.02,1000 -112.58,38.92,1000 -112.66,38.85,1000 -112.77,38.78,1000 -112.87,38.72,1000 -112.98,38.67,1000 -113.09,38.62,1000 -113.20,38.60,1000 -113.35,38.61,1000 -113.47,38.66,1000 -113.52,38.74,1000 -113.56,38.82,1000 -113.64,38.88,1000 -113.73,38.94,1000 -113.78,39.04,1000 -113.82,39.16,1000 -113.84,39.27,1000 -113.85,39.39,1000 -113.85,39.50,1000 -113.79,39.61,1000 -113.73,39.70,1000 -113.71,39.79,1000 -113.71,39.88,1000 -113.76,39.96,1000 -113.83,40.04,1000 -113.92,40.11,1000 -114.02,40.20,1000 -114.06,40.27,1000 -114.10,40.36,1000 -114.13,40.45,1000 -114.15,40.54,1000 -114.15,40.63,1000 -114.14,40.72,1000 -114.12,40.81,1000 -114.09,40.90,1000 -114.05,41.00,1000 -114.01,41.10,1000 -113.96,41.20,1000 -113.89,41.28,1000 -113.78,41.35,1000 -113.64,41.40,1000 -113.49,41.43,1000 -113.27,41.56,1000 
          </coordinates>
        </LinearRing>
      </innerBoundaryIs>
      <innerBoundaryIs>
        <LinearRing>
          <coordinates>
-119.57,47.86,1000 -119.45,47.82,1000 -119.33,47.77,1000 -119.22,47.71,1000 -119.11,47.64,1000 -119.01,47.56,1000 -118.89,47.49,1000 -118.77,47.43,1000 -118.63,47.39,1000 -118.48,47.35,1000 -118.34,47.33,1000 -118.18,47.32,1000 -118.02,47.31,1000 -117.90,47.28,1000 -117.80,47.21,1000 -117.74,47.13,1000 -117.68,47.04,1000 -117.62,46.96,1000 -117.56,46.87,1000 -117.52,46.80,1000 -117.48,46.70,1000 -117.47,46.63,1000 -117.60,46.59,1000 -117.70,46.57,1000 -117.81,46.54,1000 -117.92,46.51,1000 -118.04,46.45,1000 -118.15,46.38,1000 -118.23,46.32,1000 -118.31,46.26,1000 -118.39,46.19,1000 -118.45,46.12,1000 -118.50,46.05,1000 -118.57,45.97,1000 -118.63,45.91,1000 -118.69,45.85,1000 -118.77,45.79,1000 -118.87,45.73,1000 -118.96,45.69,1000 -119.07,45.66,1000 -119.19,45.63,1000 -119.32,45.60,1000 -119.46,45.56,1000 -119.58,45.53,1000 -119.72,45.49,1000 -119.86,45.45,1000 -120.01,45.41,1000 -120.15,45.38,1000 -120.28,45.34,1000 -120.38,45.31,1000 -120.53,45.25,1000 -120.62,45.20,1000 -120.70,45.16,1000 -120.81,45.12,1000 -120.92,45.09,1000 -121.00,45.08,1000 -121.09,45.14,1000 -121.09,45.22,1000 -121.08,45.32,1000 -121.07,45.45,1000 -121.05,45.57,1000 -121.03,45.68,1000 -121.00,45.75,1000 -120.91,45.80,1000 -120.80,45.78,1000 -120.70,45.77,1000 -120.56,45.80,1000 -120.44,45.86,1000 -120.40,45.92,1000 -120.38,46.00,1000 -120.38,46.07,1000 -120.43,46.17,1000 -120.50,46.26,1000 -120.56,46.32,1000 -120.62,46.38,1000 -120.66,46.45,1000 -120.66,46.52,1000 -120.63,46.59,1000 -120.59,46.67,1000 -120.55,46.76,1000 -120.50,46.86,1000 -120.44,46.96,1000 -120.36,47.05,1000 -120.27,47.14,1000 -120.21,47.23,1000 -120.20,47.32,1000 -120.22,47.42,1000 -120.18,47.50,1000 -120.09,47.55,1000 -119.97,47.60,1000 -119.83,47.64,1000 -119.68,47.68,1000 -119.57,47.86,1000 
          </coordinates>
        </LinearRing>
      </innerBoundaryIs>
      <innerBoundaryIs>
        <LinearRing>
          <coordinates>
-123.54,49.13,1000 -123.42,49.11,1000 -123.30,49.09,1000 -123.18,49.07,1000 -123.08,49.04,1000 -122.98,49.02,1000 -122.88,49.00,1000 -122.79,48.97,1000 -122.72,48.94,1000 -122.65,48.88,1000 -122.62,48.83,1000 -122.59,48.76,1000 -122.57,48.69,1000 -122.55,48.62,1000 -122.53,48.54,1000 -122.51,48.46,1000 -122.48,48.39,1000 -122.44,48.32,1000 -122.40,48.25,1000 -122.35,48.18,1000 -122.30,48.11,1000 -122.25,48.04,1000 -122.21,47.98,1000 -122.18,47.92,1000 -122.15,47.84,1000 -122.14,47.78,1000 -122.14,47.73,1000 -122.15,47.67,1000 -122.16,47.60,1000 -122.17,47.53,1000 -122.19,47.47,1000 -122.22,47.40,1000 -122.25,47.33,1000 -122.30,47.27,1000 -122.35,47.20,1000 -122.40,47.15,1000 -122.47,47.10,1000 -122.55,47.04,1000 -122.62,47.01,1000 -122.68,47.00,1000 -122.72,47.04,1000 -122.75,47.10,1000 -122.77,47.18,1000 -122.78,47.24,1000 -122.76,47.30,1000 -122.72,47.36,1000 -122.70,47.41,1000 -122.67,47.47,1000 -122.64,47.54,1000 -122.62,47.60,1000 -122.61,47.66,1000 -122.61,47.73,1000 -122.62,47.80,1000 -122.63,47.86,1000 -122.65,47.92,1000 -122.68,47.98,1000 -122.72,48.04,1000 -122.76,48.09,1000 -122.83,48.14,1000 -122.91,48.19,1000 -122.99,48.22,1000 -123.09,48.24,1000 -123.19,48.25,1000 -123.28,48.27,1000 -123.34,48.31,1000 -123.38,48.37,1000 -123.41,48.43,1000 -123.42,48.49,1000 -123.41,48.55,1000 -123.41,48.62,1000 -123.41,48.68,1000 -123.42,48.74,1000 -123.44,48.81,1000 -123.47,48.87,1000 -123.49,48.93,1000 -123.54,49.13,1000 
          </coordinates>
        </LinearRing>
      </innerBoundaryIs>
      <innerBoundaryIs>
        <LinearRing>
          <coordinates>
-113.73,42.74,1000 -113.71,42.74,1000 -113.70,42.75,1000 -113.68,42.75,1000 -113.66,42.76,1000 -113.65,42.76,1000 -113.63,42.76,1000 -113.62,42.77,1000 -113.60,42.77,1000 -113.59,42.77,1000 -113.57,42.77,1000 -113.56,42.78,1000 -113.54,42.78,1000 -113.53,42.78,1000 -113.51,42.78,1000 -113.50,42.78,1000 -113.48,42.78,1000 -113.46,42.78,1000 -113.44,42.78,1000 -113.42,42.78,1000 -113.40,42.77,1000 -113.38,42.77,1000 -113.36,42.77,1000 -113.35,42.76,1000 -113.34,42.76,1000 -113.34,42.75,1000 -113.34,42.74,1000 -113.34,42.74,1000 -113.35,42.73,1000 -113.36,42.72,1000 -113.37,42.71,1000 -113.38,42.70,1000 -113.39,42.69,1000 -113.41,42.68,1000 -113.42,42.67,1000 -113.44,42.66,1000 -113.45,42.65,1000 -113.47,42.65,1000 -113.48,42.65,1000 -113.50,42.65,1000 -113.51,42.65,1000 -113.53,42.65,1000 -113.54,42.65,1000 -113.56,42.65,1000 -113.58,42.65,1000 -113.60,42.65,1000 -113.61,42.66,1000 -113.63,42.66,1000 -113.65,42.66,1000 -113.66,42.66,1000 -113.68,42.67,1000 -113.70,42.67,1000 -113.71,42.67,1000 -113.73,42.67,1000 -113.74,42.67,1000 -113.76,42.67,1000 -113.78,42.68,1000 -113.79,42.68,1000 -113.81,42.68,1000 -113.82,42.68,1000 -113.83,42.68,1000 -113.85,42.68,1000 -113.86,42.69,1000 -113.88,42.69,1000 -113.89,42.69,1000 -113.73,42.74,1000 
          </coordinates>
        </LinearRing>
      </innerBoundaryIs>
      <innerBoundaryIs>
        <LinearRing>
          <coordinates>
-110.02,40.24,1000 -109.99,40.25,1000 -109.95,40.26,1000 -109.92,40.26,1000 -109.89,40.27,1000 -109.86,40.28,1000 -109.82,40.28,1000 -109.79,40.29,1000 -109.75,40.30,1000 -109.71,40.30,1000 -109.67,40.31,1000 -109.64,40.31,1000 -109.60,40.32,1000 -109.56,40.32,1000 -109.52,40.32,1000 -109.48,40.32,1000 -109.43,40.31,1000 -109.39,40.31,1000 -109.36,40.30,1000 -109.33,40.30,1000 -109.32,40.29,1000 -109.30,40.28,1000 -109.27,40.26,1000 -109.24,40.24,1000 -109.20,40.22,1000 -109.17,40.20,1000 -109.13,40.18,1000 -109.10,40.16,1000 -109.08,40.15,1000 -109.04,40.14,1000 -109.02,40.15,1000 -109.00,40.14,1000 -108.98,40.12,1000 -108.97,40.10,1000 -108.95,40.07,1000 -108.93,40.04,1000 -108.91,40.02,1000 -108.90,39.99,1000 -108.90,39.97,1000 -108.91,39.95,1000 -108.93,39.94,1000 -108.97,39.93,1000 -109.00,39.92,1000 -109.04,39.91,1000 -109.07,39.90,1000 -109.10,39.88,1000 -109.13,39.87,1000 -109.17,39.85,1000 -109.20,39.84,1000 -109.23,39.82,1000 -109.26,39.81,1000 -109.30,39.79,1000 -109.33,39.78,1000 -109.35,39.77,1000 -109.38,39.76,1000 -109.41,39.75,1000 -109.44,39.74,1000 -109.48,39.73,1000 -109.51,39.73,1000 -109.55,39.73,1000 -109.59,39.73,1000 -109.63,39.73,1000 -109.66,39.73,1000 -109.69,39.73,1000 -109.71,39.73,1000 -109.73,39.74,1000 -109.76,39.75,1000 -109.80,39.77,1000 -109.83,39.79,1000 -109.87,39.81,1000 -109.91,39.82,1000 -109.94,39.84,1000 -109.96,39.85,1000 -109.99,39.86,1000 -110.01,39.88,1000 -110.03,39.89,1000 -110.06,39.91,1000 -110.09,39.93,1000 -110.12,39.95,1000 -110.16,39.97,1000 -110.18,39.99,1000 -110.20,40.02,1000 -110.21,40.04,1000 -110.21,40.06,1000 -110.19,40.09,1000 -110.18,40.11,1000 -110.15,40.13,1000 -110.12,40.16,1000 -110.09,40.18,1000 -110.06,40.21,1000 -110.02,40.23,1000 -110.02,40.24,1000 
          </coordinates>
        </LinearRing>
      </innerBoundaryIs>
      <innerBoundaryIs>
        <LinearRing>
          <coordinates>
-122.91,45.50,1000 -122.88,45.50,1000 -122.84,45.50,1000 -122.81,45.50,1000 -122.78,45.51,1000 -122.75,45.51,1000 -122.72,45.51,1000 -122.70,45.50,1000 -122.68,45.50,1000 -122.66,45.50,1000 -122.64,45.49,1000 -122.63,45.47,1000 -122.63,45.45,1000 -122.63,45.44,1000 -122.62,45.44,1000 -122.64,45.42,1000 -122.65,45.41,1000 -122.66,45.39,1000 -122.67,45.38,1000 -122.69,45.36,1000 -122.70,45.34,1000 -122.72,45.32,1000 -122.73,45.30,1000 -122.75,45.28,1000 -122.76,45.26,1000 -122.77,45.25,1000 -122.79,45.23,1000 -122.79,45.22,1000 -122.80,45.21,1000 -122.82,45.19,1000 -122.83,45.18,1000 -122.85,45.16,1000 -122.86,45.15,1000 -122.88,45.13,1000 -122.90,45.11,1000 -122.92,45.10,1000 -122.93,45.08,1000 -122.95,45.06,1000 -122.96,45.05,1000 -122.97,45.03,1000 -122.98,45.01,1000 -122.98,44.99,1000 -122.99,44.97,1000 -122.99,44.96,1000 -123.00,44.95,1000 -123.02,44.95,1000 -123.04,44.96,1000 -123.06,44.98,1000 -123.08,45.00,1000 -123.09,45.03,1000 -123.09,45.05,1000 -123.09,45.06,1000 -123.10,45.08,1000 -123.09,45.10,1000 -123.09,45.12,1000 -123.09,45.15,1000 -123.08,45.17,1000 -123.08,45.19,1000 -123.07,45.21,1000 -123.06,45.23,1000 -123.05,45.24,1000 -123.05,45.26,1000 -123.04,45.28,1000 -123.03,45.30,1000 -123.01,45.31,1000 -123.00,45.33,1000 -122.99,45.35,1000 -122.98,45.37,1000 -122.96,45.38,1000 -122.95,45.40,1000 -122.91,45.50,1000 
          </coordinates>
        </LinearRing>
      </innerBoundaryIs>
      <innerBoundaryIs>
        <LinearRing>
          <coordinates>
-127.40,50.46,2000 -126.59,50.61,2000 -126.20,50.65,2000 -125.94,50.60,2000 -125.56,50.65,2000 -125.36,50.77,2000 -125.09,50.83,2000 -124.38,50.92,2000 -123.99,50.97,2000 -123.68,50.92,2000 -123.32,50.74,2000 -122.97,50.65,2000 -122.37,50.62,2000 -121.96,50.63,2000 -120.91,50.78,2000 -120.55,50.83,2000 -120.10,51.06,2000 -119.70,51.13,2000 -119.42,51.27,2000 -119.01,51.47,2000 -118.87,51.56,2000 -118.51,51.65,2000 -117.89,51.72,2000 -117.60,51.73,2000 -117.36,51.69,2000 -116.95,51.70,2000 -116.75,51.81,2000 -116.35,51.87,2000 -115.62,51.94,2000 -115.02,52.00,2000 -114.14,52.08,2000 -113.21,52.16,2000 -112.10,52.25,2000 -111.16,52.32,2000 -110.32,52.38,2000 -109.64,52.42,2000 -108.78,52.48,2000 -107.91,52.53,2000 -107.05,52.58,2000 -106.32,52.62,2000 -105.59,52.65,2000 -104.95,52.65,2000 -103.77,52.59,2000 -103.28,52.43,2000 -102.86,52.34,2000 -102.15,52.29,2000 -101.66,52.14,2000 -101.31,52.01,2000 -100.68,51.95,2000 -99.37,51.82,2000 -98.91,51.80,2000 -98.33,51.92,2000 -97.94,51.94,2000 -97.50,51.91,2000 -96.91,51.81,2000 -96.48,51.73,2000 -96.09,51.70,2000 -95.76,51.71,2000 -95.40,51.79,2000 -94.84,51.92,2000 -94.46,51.86,2000 -94.36,51.63,2000 -94.47,51.50,2000 -94.78,51.42,2000 -95.48,51.36,2000 -96.13,51.34,2000 -96.64,51.14,2000 -96.94,50.87,2000 -97.07,50.65,2000 -97.07,50.24,2000 -97.03,49.98,2000 -96.79,49.55,2000 -96.49,49.63,2000 -96.10,49.89,2000 -95.61,50.03,2000 -95.25,50.04,2000 -94.93,50.00,2000 -94.48,49.88,2000 -93.67,49.77,2000 -93.31,49.70,2000 -92.69,49.64,2000 -91.98,49.62,2000 -91.50,49.50,2000 -90.97,49.44,2000 -90.56,49.55,2000 -90.18,49.61,2000 -89.79,49.55,2000 -89.34,49.41,2000 -88.81,49.21,2000 -88.43,49.15,2000 -88.20,49.30,2000 -87.85,49.49,2000 -87.53,49.53,2000 -87.24,49.49,2000 -86.82,49.40,2000 -86.59,49.35,2000 -86.42,49.20,2000 -85.82,48.63,2000 -85.67,48.32,2000 -85.39,48.00,2000 -85.64,47.98,2000 -85.82,48.05,2000 -86.17,48.39,2000 -86.48,48.58,2000 -86.86,48.63,2000 -87.26,48.60,2000 -87.95,48.66,2000 -88.18,48.62,2000 -88.38,48.47,2000 -88.70,48.13,2000 -89.01,47.87,2000 -89.62,47.32,2000 -90.33,46.88,2000 -91.09,46.37,2000 -91.48,46.26,2000 -92.08,46.23,2000 -93.30,46.41,2000 -94.53,46.59,2000 -95.16,46.66,2000 -95.47,46.80,2000 -95.98,47.40,2000 -96.40,47.56,2000 -96.68,47.50,2000 -97.32,47.19,2000 -98.46,47.27,2000 -99.55,47.36,2000 -99.82,47.28,2000 -100.24,47.25,2000 -100.77,47.33,2000 -101.64,47.32,2000 -102.37,47.43,2000 -102.94,47.45,2000 -103.44,47.39,2000 -103.74,47.49,2000 -103.97,47.71,2000 -104.21,47.75,2000 -104.40,47.71,2000 -104.60,47.66,2000 -104.99,47.67,2000 -105.44,47.95,2000 -105.81,48.07,2000 -106.28,48.17,2000 -106.67,48.41,2000 -106.86,48.66,2000 -107.14,48.89,2000 -107.62,49.06,2000 -107.95,49.06,2000 -108.17,48.98,2000 -108.83,48.45,2000 -109.01,48.18,2000 -109.30,47.91,2000 -109.45,47.69,2000 -109.46,47.58,2000 -109.42,47.37,2000 -109.47,47.18,2000 -109.78,47.04,2000 -109.87,46.95,2000 -109.88,46.70,2000 -110.00,46.48,2000 -109.95,46.16,2000 -109.96,46.02,2000 -110.16,45.80,2000 -109.99,45.63,2000 -109.60,45.44,2000 -109.29,45.22,2000 -109.19,45.06,2000 -109.23,44.84,2000 -109.33,44.59,2000 -109.35,44.35,2000 -109.20,44.11,2000 -109.15,43.91,2000 -109.21,43.68,2000 -109.17,43.43,2000 -109.05,43.29,2000 -108.76,42.96,2000 -108.56,42.66,2000 -108.53,42.38,2000 -108.64,42.18,2000 -108.80,42.05,2000 -109.09,41.96,2000 -109.65,42.09,2000 -109.83,42.12,2000 -109.97,42.02,2000 -110.04,41.93,2000 -110.15,41.48,2000 -109.90,41.20,2000 -109.73,41.10,2000 -109.43,41.07,2000 -109.28,41.22,2000 -109.00,41.36,2000 -108.72,41.31,2000 -108.53,41.19,2000 -108.49,40.97,2000 -108.59,40.54,2000 -108.60,40.34,2000 -108.80,40.21,2000 -109.13,40.26,2000 -109.29,40.34,2000 -109.53,40.37,2000 -109.81,40.33,2000 -110.09,40.25,2000 -110.22,40.14,2000 -110.25,40.00,2000 -110.08,39.85,2000 -109.76,39.70,2000 -109.49,39.67,2000 -109.23,39.74,2000 -108.73,39.98,2000 -108.21,40.18,2000 -107.95,40.40,2000 -107.82,40.67,2000 -107.88,40.97,2000 -107.88,41.41,2000 -107.69,41.71,2000 -106.60,41.71,2000 -106.47,41.73,2000 -106.25,41.72,2000 -106.01,41.58,2000 -105.88,41.25,2000 -105.76,41.05,2000 -105.62,40.96,2000 -105.37,40.65,2000 -105.27,40.18,2000 -105.36,39.83,2000 -105.53,39.37,2000 -105.78,39.08,2000 -105.95,38.75,2000 -106.22,37.98,2000 -105.93,37.21,2000 -105.86,36.94,2000 -105.90,36.76,2000 -106.16,36.47,2000 -106.44,36.43,2000 -106.78,36.52,2000 -107.10,36.64,2000 -107.38,36.89,2000 -107.62,36.97,2000 -107.95,37.01,2000 -108.40,37.12,2000 -108.70,37.32,2000 -108.97,37.62,2000 -109.09,37.78,2000 -108.97,37.91,2000 -108.73,38.22,2000 -108.83,38.33,2000 -109.01,38.36,2000 -109.16,38.37,2000 -109.40,38.50,2000 -109.24,38.66,2000 -108.89,38.97,2000 -108.62,39.06,2000 -108.71,39.17,2000 -109.02,39.26,2000 -109.45,39.09,2000 -109.71,39.03,2000 -110.00,39.13,2000 -110.29,39.33,2000 -110.60,39.48,2000 -110.71,39.46,2000 -110.90,39.27,2000 -111.08,38.97,2000 -111.20,38.67,2000 -111.10,38.27,2000 -110.96,38.09,2000 -111.03,37.90,2000 -111.27,37.63,2000 -111.68,37.28,2000 -111.84,37.19,2000 -111.95,37.00,2000 -111.81,36.53,2000 -111.77,36.29,2000 -111.83,36.08,2000 -111.38,35.43,2000 -110.89,34.77,2000 -110.58,34.47,2000 -110.54,34.26,2000 -110.80,34.12,2000 -111.25,34.21,2000 -111.45,34.30,2000 -111.63,34.47,2000 -111.89,34.77,2000 -112.24,34.94,2000 -112.46,35.18,2000 -112.37,35.57,2000 -112.22,35.74,2000 -112.19,35.93,2000 -112.33,36.08,2000 -112.62,36.37,2000 -112.67,36.72,2000 -112.68,36.77,2000 -113.04,36.89,2000 -113.38,37.08,2000 -113.86,37.18,2000 -114.40,37.22,2000 -114.59,37.27,2000 -114.82,37.50,2000 -114.91,37.71,2000 -115.16,37.94,2000 -115.41,37.75,2000 -115.62,37.48,2000 -116.14,36.98,2000 -116.44,36.93,2000 -116.77,37.01,2000 -116.98,36.83,2000 -117.15,36.75,2000 -117.26,36.53,2000 -117.12,36.41,2000 -116.87,36.33,2000 -116.78,36.17,2000 -116.81,36.03,2000 -117.02,35.89,2000 -117.20,35.86,2000 -117.57,35.73,2000 -117.84,35.46,2000 -118.05,35.14,2000 -118.38,34.87,2000 -119.08,34.41,2000 -119.46,34.47,2000 -119.64,34.64,2000 -119.59,34.85,2000 -119.36,35.02,2000 -119.11,35.09,2000 -118.82,35.08,2000 -118.88,35.52,2000 -118.99,36.02,2000 -119.17,36.43,2000 -119.45,36.83,2000 -119.80,37.08,2000 -120.24,37.49,2000 -120.68,38.08,2000 -120.82,38.23,2000 -120.93,38.46,2000 -121.10,38.87,2000 -121.62,39.54,2000 -121.85,39.79,2000 -122.00,40.02,2000 -122.09,40.25,2000 -122.17,40.43,2000 -122.24,40.51,2000 -122.39,40.45,2000 -122.48,40.34,2000 -122.45,40.08,2000 -122.35,39.57,2000 -122.43,39.26,2000 -122.72,39.06,2000 -123.07,39.06,2000 -123.49,39.28,2000 -123.79,39.55,2000 -123.91,39.76,2000 -123.99,40.09,2000 -124.18,40.46,2000 -124.17,40.73,2000 -124.25,41.14,2000 -124.33,41.63,2000 -124.40,42.12,2000 -124.47,42.52,2000 -124.42,42.79,2000 -124.19,43.13,2000 -124.19,43.44,2000 -123.99,43.86,2000 -123.97,44.24,2000 -123.91,44.60,2000 -124.02,44.91,2000 -123.97,45.35,2000 -123.97,45.75,2000 -123.94,45.95,2000 -123.80,46.13,2000 -123.73,46.34,2000 -123.77,46.54,2000 -123.42,46.89,2000 -123.85,47.06,2000 -124.21,47.31,2000 -124.51,47.65,2000 -124.61,47.87,2000 -124.65,48.12,2000 -124.62,48.34,2000 -124.83,48.53,2000 -125.15,48.74,2000 -125.78,49.05,2000 -126.50,49.45,2000 -126.86,49.79,2000 -127.31,49.97,2000 -127.56,50.14,2000 -127.59,50.25,2000 -127.40,50.46,2000 
          </coordinates>
        </LinearRing>
      </innerBoundaryIs>
      <innerBoundaryIs>
        <LinearRing>
          <coordinates>
-88.31,50.66,2000 -88.26,50.67,2000 -88.22,50.68,2000 -88.17,50.69,2000 -88.13,50.70,2000 -88.08,50.70,2000 -88.04,50.71,2000 -88.00,50.72,2000 -87.95,50.72,2000 -87.91,50.73,2000 -87.87,50.73,2000 -87.82,50.74,2000 -87.78,50.74,2000 -87.73,50.74,2000 -87.68,50.74,2000 -87.63,50.74,2000 -87.58,50.74,2000 -87.53,50.73,2000 -87.49,50.72,2000 -87.44,50.71,2000 -87.40,50.70,2000 -87.36,50.69,2000 -87.31,50.68,2000 -87.27,50.67,2000 -87.23,50.66,2000 -87.18,50.64,2000 -87.13,50.62,2000 -87.09,50.61,2000 -87.05,50.59,2000 -87.02,50.58,2000 -86.97,50.57,2000 -86.96,50.56,2000 -86.96,50.54,2000 -86.96,50.50,2000 -86.97,50.46,2000 -86.98,50.43,2000 -86.99,50.40,2000 -87.01,50.38,2000 -87.05,50.36,2000 -87.07,50.34,2000 -87.09,50.32,2000 -87.12,50.29,2000 -87.15,50.27,2000 -87.17,50.24,2000 -87.19,50.21,2000 -87.21,50.18,2000 -87.24,50.15,2000 -87.26,50.13,2000 -87.27,50.10,2000 -87.29,50.08,2000 -87.30,50.06,2000 -87.33,50.05,2000 -87.36,50.04,2000 -87.39,50.02,2000 -87.43,50.00,2000 -87.47,49.98,2000 -87.51,49.96,2000 -87.55,49.94,2000 -87.57,49.93,2000 -87.60,49.91,2000 -87.63,49.90,2000 -87.67,49.90,2000 -87.72,49.89,2000 -87.77,49.88,2000 -87.82,49.88,2000 -87.85,49.88,2000 -87.89,49.89,2000 -87.91,49.92,2000 -87.94,49.94,2000 -87.98,49.96,2000 -88.02,49.97,2000 -88.06,49.99,2000 -88.10,50.01,2000 -88.13,50.03,2000 -88.16,50.06,2000 -88.19,50.08,2000 -88.22,50.11,2000 -88.24,50.13,2000 -88.27,50.16,2000 -88.30,50.19,2000 -88.32,50.21,2000 -88.34,50.23,2000 -88.37,50.25,2000 -88.40,50.28,2000 -88.42,50.30,2000 -88.45,50.32,2000 -88.48,50.35,2000 -88.50,50.37,2000 -88.53,50.40,2000 -88.55,50.43,2000 -88.56,50.45,2000 -88.56,50.48,2000 -88.55,50.50,2000 -88.53,50.53,2000 -88.51,50.56,2000 -88.48,50.58,2000 -88.45,50.61,2000 -88.31,50.66,2000 
          </coordinates>
        </LinearRing>
      </innerBoundaryIs>
      <innerBoundaryIs>
        <LinearRing>
          <coordinates>
-122.94,45.60,2000 -122.87,45.62,2000 -122.81,45.63,2000 -122.75,45.64,2000 -122.71,45.65,2000 -122.68,45.64,2000 -122.66,45.61,2000 -122.64,45.58,2000 -122.61,45.54,2000 -122.59,45.49,2000 -122.58,45.45,2000 -122.58,45.41,2000 -122.59,45.37,2000 -122.60,45.34,2000 -122.61,45.31,2000 -122.64,45.27,2000 -122.66,45.24,2000 -122.70,45.20,2000 -122.73,45.16,2000 -122.77,45.13,2000 -122.79,45.10,2000 -122.82,45.07,2000 -122.84,45.04,2000 -122.87,45.00,2000 -122.90,44.96,2000 -122.92,44.91,2000 -122.94,44.88,2000 -122.95,44.84,2000 -122.95,44.81,2000 -122.97,44.78,2000 -123.00,44.74,2000 -123.03,44.69,2000 -123.04,44.65,2000 -123.05,44.60,2000 -123.05,44.55,2000 -123.06,44.51,2000 -123.06,44.46,2000 -123.09,44.44,2000 -123.14,44.44,2000 -123.20,44.44,2000 -123.26,44.45,2000 -123.31,44.47,2000 -123.34,44.50,2000 -123.35,44.54,2000 -123.35,44.59,2000 -123.35,44.64,2000 -123.34,44.68,2000 -123.32,44.72,2000 -123.30,44.76,2000 -123.28,44.79,2000 -123.27,44.83,2000 -123.26,44.87,2000 -123.26,44.91,2000 -123.25,44.95,2000 -123.25,44.98,2000 -123.24,45.01,2000 -123.23,45.04,2000 -123.21,45.07,2000 -123.19,45.12,2000 -123.18,45.16,2000 -123.16,45.19,2000 -123.14,45.24,2000 -123.12,45.28,2000 -123.10,45.31,2000 -123.08,45.34,2000 -123.06,45.38,2000 -123.04,45.41,2000 -123.03,45.44,2000 -123.01,45.48,2000 -122.98,45.53,2000 -122.96,45.57,2000 -122.94,45.60,2000 
          </coordinates>
        </LinearRing>
      </innerBoundaryIs>
      <innerBoundaryIs>
        <LinearRing>
          <coordinates>
-113.55,36.63,2000 -113.51,36.63,2000 -113.46,36.64,2000 -113.42,36.64,2000 -113.37,36.64,2000 -113.33,36.63,2000 -113.29,36.62,2000 -113.25,36.61,2000 -113.21,36.59,2000 -113.17,36.58,2000 -113.14,36.56,2000 -113.11,36.54,2000 -113.09,36.51,2000 -113.08,36.48,2000 -113.07,36.44,2000 -113.06,36.41,2000 -113.06,36.39,2000 -113.05,36.36,2000 -113.06,36.35,2000 -113.07,36.32,2000 -113.09,36.29,2000 -113.11,36.25,2000 -113.13,36.21,2000 -113.13,36.18,2000 -113.11,36.16,2000 -113.07,36.15,2000 -113.02,36.13,2000 -112.99,36.11,2000 -112.96,36.09,2000 -112.93,36.07,2000 -112.90,36.05,2000 -112.87,36.02,2000 -112.84,35.99,2000 -112.81,35.96,2000 -112.79,35.92,2000 -112.77,35.89,2000 -112.76,35.85,2000 -112.76,35.81,2000 -112.77,35.77,2000 -112.78,35.73,2000 -112.80,35.70,2000 -112.82,35.67,2000 -112.85,35.63,2000 -112.89,35.61,2000 -112.93,35.60,2000 -112.97,35.60,2000 -113.02,35.62,2000 -113.06,35.64,2000 -113.10,35.66,2000 -113.13,35.68,2000 -113.17,35.70,2000 -113.20,35.72,2000 -113.22,35.74,2000 -113.25,35.77,2000 -113.27,35.80,2000 -113.28,35.83,2000 -113.29,35.87,2000 -113.29,35.91,2000 -113.30,35.95,2000 -113.31,35.98,2000 -113.34,36.00,2000 -113.37,36.01,2000 -113.41,36.02,2000 -113.45,36.03,2000 -113.49,36.05,2000 -113.53,36.06,2000 -113.58,36.08,2000 -113.62,36.10,2000 -113.65,36.12,2000 -113.68,36.15,2000 -113.70,36.17,2000 -113.71,36.20,2000 -113.73,36.23,2000 -113.74,36.26,2000 -113.75,36.29,2000 -113.74,36.32,2000 -113.73,36.35,2000 -113.72,36.38,2000 -113.72,36.40,2000 -113.71,36.44,2000 -113.70,36.47,2000 -113.55,36.63,2000 
          </coordinates>
        </LinearRing>
      </innerBoundaryIs>
      <innerBoundaryIs>
        <LinearRing>
          <coordinates>
-109.90,37.82,2000 -109.88,37.83,2000 -109.86,37.83,2000 -109.85,37.84,2000 -109.83,37.84,2000 -109.81,37.85,2000 -109.79,37.85,2000 -109.77,37.86,2000 -109.75,37.86,2000 -109.74,37.87,2000 -109.72,37.87,2000 -109.70,37.88,2000 -109.68,37.88,2000 -109.66,37.88,2000 -109.64,37.89,2000 -109.62,37.89,2000 -109.60,37.89,2000 -109.58,37.89,2000 -109.56,37.90,2000 -109.54,37.90,2000 -109.52,37.90,2000 -109.50,37.89,2000 -109.48,37.89,2000 -109.46,37.89,2000 -109.44,37.89,2000 -109.42,37.88,2000 -109.40,37.87,2000 -109.38,37.86,2000 -109.36,37.86,2000 -109.34,37.85,2000 -109.33,37.84,2000 -109.31,37.83,2000 -109.30,37.82,2000 -109.29,37.81,2000 -109.29,37.80,2000 -109.29,37.79,2000 -109.30,37.78,2000 -109.31,37.77,2000 -109.33,37.76,2000 -109.35,37.75,2000 -109.37,37.74,2000 -109.39,37.73,2000 -109.41,37.72,2000 -109.43,37.71,2000 -109.45,37.70,2000 -109.46,37.70,2000 -109.48,37.69,2000 -109.50,37.69,2000 -109.52,37.68,2000 -109.53,37.68,2000 -109.55,37.68,2000 -109.57,37.67,2000 -109.59,37.67,2000 -109.61,37.66,2000 -109.63,37.66,2000 -109.65,37.66,2000 -109.67,37.66,2000 -109.69,37.66,2000 -109.71,37.65,2000 -109.73,37.65,2000 -109.75,37.65,2000 -109.77,37.65,2000 -109.79,37.65,2000 -109.81,37.65,2000 -109.83,37.65,2000 -109.85,37.65,2000 -109.87,37.66,2000 -109.88,37.66,2000 -109.90,37.67,2000 -109.92,37.68,2000 -109.93,37.69,2000 -109.94,37.70,2000 -109.95,37.72,2000 -109.95,37.73,2000 -109.96,37.75,2000 -109.90,37.82,2000 
          </coordinates>
        </LinearRing>
      </innerBoundaryIs>
      <innerBoundaryIs>
        <LinearRing>
          <coordinates>
-123.56,49.21,2000 -123.43,49.18,2000 -123.31,49.14,2000 -123.19,49.11,2000 -123.09,49.08,2000 -123.00,49.06,2000 -122.86,49.03,2000 -122.76,49.01,2000 -122.68,48.98,2000 -122.61,48.94,2000 -122.56,48.89,2000 -122.54,48.82,2000 -122.54,48.73,2000 -122.53,48.64,2000 -122.50,48.56,2000 -122.47,48.49,2000 -122.42,48.40,2000 -122.38,48.34,2000 -122.33,48.27,2000 -122.27,48.20,2000 -122.22,48.14,2000 -122.18,48.08,2000 -122.13,48.00,2000 -122.10,47.93,2000 -122.07,47.86,2000 -122.05,47.78,2000 -122.03,47.71,2000 -122.04,47.62,2000 -122.06,47.56,2000 -122.08,47.49,2000 -122.12,47.42,2000 -122.15,47.35,2000 -122.19,47.29,2000 -122.24,47.22,2000 -122.29,47.15,2000 -122.35,47.08,2000 -122.41,47.03,2000 -122.51,46.98,2000 -122.61,46.95,2000 -122.71,46.93,2000 -122.81,46.92,2000 -122.91,46.93,2000 -122.97,46.95,2000 -122.99,47.00,2000 -122.97,47.08,2000 -122.95,47.15,2000 -122.92,47.20,2000 -122.88,47.25,2000 -122.83,47.32,2000 -122.80,47.38,2000 -122.76,47.46,2000 -122.73,47.53,2000 -122.70,47.61,2000 -122.68,47.68,2000 -122.67,47.77,2000 -122.68,47.85,2000 -122.71,47.93,2000 -122.75,47.99,2000 -122.81,48.04,2000 -122.88,48.09,2000 -122.96,48.13,2000 -123.07,48.16,2000 -123.21,48.19,2000 -123.34,48.22,2000 -123.43,48.26,2000 -123.49,48.33,2000 -123.50,48.41,2000 -123.50,48.50,2000 -123.50,48.56,2000 -123.49,48.63,2000 -123.48,48.70,2000 -123.48,48.76,2000 -123.50,48.84,2000 -123.53,48.92,2000 -123.57,49.00,2000 -123.56,49.21,2000 
          </coordinates>
        </LinearRing>
      </innerBoundaryIs>
      <innerBoundaryIs>
        <LinearRing>
          <coordinates>
-105.51,36.86,2000 -105.49,36.86,2000 -105.47,36.86,2000 -105.44,36.86,2000 -105.42,36.85,2000 -105.40,36.84,2000 -105.38,36.83,2000 -105.37,36.82,2000 -105.36,36.81,2000 -105.34,36.79,2000 -105.33,36.78,2000 -105.32,36.76,2000 -105.31,36.75,2000 -105.30,36.73,2000 -105.29,36.71,2000 -105.28,36.69,2000 -105.27,36.68,2000 -105.27,36.66,2000 -105.27,36.64,2000 -105.27,36.62,2000 -105.27,36.60,2000 -105.28,36.59,2000 -105.29,36.57,2000 -105.29,36.55,2000 -105.30,36.53,2000 -105.31,36.51,2000 -105.32,36.50,2000 -105.33,36.48,2000 -105.34,36.46,2000 -105.35,36.45,2000 -105.37,36.43,2000 -105.38,36.41,2000 -105.40,36.39,2000 -105.41,36.38,2000 -105.43,36.37,2000 -105.44,36.36,2000 -105.46,36.36,2000 -105.48,36.36,2000 -105.49,36.37,2000 -105.51,36.37,2000 -105.53,36.38,2000 -105.54,36.40,2000 -105.56,36.41,2000 -105.57,36.43,2000 -105.59,36.44,2000 -105.60,36.46,2000 -105.61,36.47,2000 -105.62,36.49,2000 -105.63,36.51,2000 -105.63,36.53,2000 -105.64,36.54,2000 -105.65,36.56,2000 -105.65,36.58,2000 -105.65,36.60,2000 -105.65,36.62,2000 -105.65,36.64,2000 -105.65,36.66,2000 -105.64,36.67,2000 -105.64,36.69,2000 -105.63,36.71,2000 -105.62,36.72,2000 -105.61,36.74,2000 -105.60,36.75,2000 -105.59,36.77,2000 -105.57,36.79,2000 -105.56,36.80,2000 -105.55,36.82,2000 -105.51,36.86,2000 
          </coordinates>
        </LinearRing>
      </innerBoundaryIs>
      <innerBoundaryIs>
        <LinearRing>
          <coordinates>
-112.23,43.74,2000 -112.19,43.75,2000 -112.15,43.76,2000 -112.12,43.75,2000 -112.09,43.74,2000 -112.07,43.72,2000 -112.05,43.70,2000 -112.03,43.67,2000 -112.02,43.63,2000 -112.01,43.60,2000 -112.01,43.57,2000 -112.02,43.55,2000 -112.03,43.52,2000 -112.05,43.49,2000 -112.07,43.47,2000 -112.10,43.44,2000 -112.12,43.42,2000 -112.14,43.40,2000 -112.15,43.38,2000 -112.17,43.37,2000 -112.18,43.35,2000 -112.20,43.33,2000 -112.23,43.31,2000 -112.25,43.28,2000 -112.27,43.25,2000 -112.30,43.23,2000 -112.31,43.21,2000 -112.33,43.19,2000 -112.35,43.17,2000 -112.37,43.16,2000 -112.39,43.14,2000 -112.42,43.12,2000 -112.45,43.09,2000 -112.48,43.07,2000 -112.51,43.04,2000 -112.54,43.02,2000 -112.56,43.00,2000 -112.58,42.98,2000 -112.61,42.97,2000 -112.64,42.96,2000 -112.68,42.95,2000 -112.72,42.94,2000 -112.77,42.94,2000 -112.81,42.93,2000 -112.85,42.93,2000 -112.90,42.93,2000 -112.94,42.93,2000 -112.98,42.93,2000 -113.02,42.93,2000 -113.05,42.93,2000 -113.09,42.94,2000 -113.09,42.95,2000 -113.05,42.95,2000 -113.03,42.97,2000 -113.01,42.99,2000 -112.99,43.01,2000 -112.96,43.04,2000 -112.93,43.07,2000 -112.91,43.10,2000 -112.89,43.12,2000 -112.87,43.14,2000 -112.85,43.16,2000 -112.83,43.18,2000 -112.81,43.20,2000 -112.78,43.23,2000 -112.75,43.26,2000 -112.72,43.29,2000 -112.70,43.31,2000 -112.68,43.33,2000 -112.67,43.35,2000 -112.65,43.37,2000 -112.63,43.39,2000 -112.61,43.40,2000 -112.58,43.43,2000 -112.55,43.45,2000 -112.52,43.48,2000 -112.49,43.50,2000 -112.47,43.52,2000 -112.45,43.53,2000 -112.44,43.55,2000 -112.42,43.57,2000 -112.41,43.59,2000 -112.38,43.61,2000 -112.36,43.63,2000 -112.33,43.66,2000 -112.30,43.69,2000 -112.27,43.72,2000 -112.23,43.74,2000 
          </coordinates>
        </LinearRing>
      </innerBoundaryIs>
      <innerBoundaryIs>
        <LinearRing>
          <coordinates>
-119.64,48.12,2000 -119.52,48.12,2000 -119.40,48.10,2000 -119.31,48.05,2000 -119.21,47.97,2000 -119.13,47.88,2000 -119.03,47.76,2000 -118.92,47.66,2000 -118.82,47.60,2000 -118.70,47.54,2000 -118.58,47.49,2000 -118.46,47.45,2000 -118.28,47.42,2000 -118.09,47.40,2000 -117.93,47.38,2000 -117.76,47.35,2000 -117.65,47.30,2000 -117.60,47.25,2000 -117.56,47.14,2000 -117.52,47.06,2000 -117.46,46.95,2000 -117.41,46.84,2000 -117.35,46.73,2000 -117.31,46.65,2000 -117.21,46.53,2000 -117.20,46.48,2000 -117.33,46.48,2000 -117.52,46.51,2000 -117.71,46.51,2000 -117.87,46.47,2000 -118.02,46.41,2000 -118.16,46.33,2000 -118.25,46.26,2000 -118.34,46.17,2000 -118.42,46.08,2000 -118.49,46.00,2000 -118.58,45.90,2000 -118.67,45.81,2000 -118.75,45.73,2000 -118.86,45.65,2000 -118.96,45.59,2000 -119.06,45.57,2000 -119.21,45.55,2000 -119.32,45.52,2000 -119.46,45.49,2000 -119.61,45.45,2000 -119.76,45.41,2000 -119.89,45.37,2000 -120.06,45.31,2000 -120.21,45.26,2000 -120.35,45.20,2000 -120.46,45.15,2000 -120.58,45.09,2000 -120.68,45.03,2000 -120.77,44.98,2000 -120.88,44.90,2000 -120.95,44.86,2000 -121.08,44.89,2000 -121.12,44.95,2000 -121.15,45.03,2000 -121.17,45.13,2000 -121.17,45.25,2000 -121.16,45.38,2000 -121.16,45.48,2000 -121.18,45.56,2000 -121.20,45.61,2000 -121.17,45.68,2000 -121.11,45.75,2000 -121.03,45.80,2000 -120.94,45.84,2000 -120.77,45.84,2000 -120.66,45.87,2000 -120.57,45.92,2000 -120.51,45.98,2000 -120.50,46.08,2000 -120.57,46.17,2000 -120.67,46.29,2000 -120.74,46.40,2000 -120.74,46.52,2000 -120.70,46.64,2000 -120.66,46.75,2000 -120.63,46.86,2000 -120.59,46.95,2000 -120.51,47.03,2000 -120.42,47.13,2000 -120.38,47.24,2000 -120.35,47.37,2000 -120.32,47.48,2000 -120.29,47.58,2000 -120.24,47.65,2000 -120.16,47.71,2000 -120.05,47.77,2000 -119.64,48.12,2000 
          </coordinates>
        </LinearRing>
      </innerBoundaryIs>
      <innerBoundaryIs>
        <LinearRing>
          <coordinates>
-117.41,44.23,2000 -117.28,44.24,2000 -117.16,44.24,2000 -117.04,44.24,2000 -116.94,44.23,2000 -116.83,44.21,2000 -116.73,44.18,2000 -116.66,44.14,2000 -116.60,44.07,2000 -116.55,43.97,2000 -116.50,43.89,2000 -116.44,43.79,2000 -116.38,43.69,2000 -116.31,43.60,2000 -116.23,43.53,2000 -116.14,43.46,2000 -116.06,43.40,2000 -115.98,43.34,2000 -115.90,43.27,2000 -115.84,43.21,2000 -115.77,43.16,2000 -115.69,43.12,2000 -115.61,43.08,2000 -115.50,43.05,2000 -115.38,43.03,2000 -115.25,43.01,2000 -115.11,42.99,2000 -114.97,42.98,2000 -114.85,42.97,2000 -114.73,42.97,2000 -114.61,42.96,2000 -114.49,42.95,2000 -114.37,42.93,2000 -114.24,42.89,2000 -114.11,42.87,2000 -113.99,42.85,2000 -113.87,42.86,2000 -113.74,42.87,2000 -113.62,42.90,2000 -113.53,42.91,2000 -113.43,42.92,2000 -113.35,42.90,2000 -113.25,42.87,2000 -113.14,42.82,2000 -113.08,42.77,2000 -113.10,42.71,2000 -113.18,42.65,2000 -113.25,42.60,2000 -113.31,42.55,2000 -113.44,42.52,2000 -113.54,42.51,2000 -113.67,42.51,2000 -113.82,42.50,2000 -113.97,42.50,2000 -114.12,42.49,2000 -114.24,42.48,2000 -114.37,42.46,2000 -114.51,42.45,2000 -114.64,42.43,2000 -114.77,42.42,2000 -114.89,42.41,2000 -115.04,42.41,2000 -115.18,42.41,2000 -115.33,42.42,2000 -115.46,42.44,2000 -115.57,42.46,2000 -115.67,42.49,2000 -115.75,42.51,2000 -115.82,42.56,2000 -115.92,42.64,2000 -115.99,42.70,2000 -116.07,42.78,2000 -116.16,42.87,2000 -116.26,42.96,2000 -116.35,43.05,2000 -116.44,43.14,2000 -116.53,43.21,2000 -116.60,43.27,2000 -116.72,43.34,2000 -116.82,43.37,2000 -116.90,43.39,2000 -116.99,43.40,2000 -117.12,43.41,2000 -117.24,43.41,2000 -117.35,43.41,2000 -117.45,43.43,2000 -117.53,43.45,2000 -117.61,43.50,2000 -117.68,43.57,2000 -117.74,43.65,2000 -117.80,43.74,2000 -117.82,43.82,2000 -117.79,43.91,2000 -117.72,44.00,2000 -117.62,44.08,2000 -117.41,44.23,2000 
          </coordinates>
        </LinearRing>
      </innerBoundaryIs>
      <innerBoundaryIs>
        <LinearRing>
          <coordinates>
-113.07,41.76,2000 -112.94,41.80,2000 -112.83,41.81,2000 -112.75,41.77,2000 -112.67,41.69,2000 -112.60,41.61,2000 -112.52,41.52,2000 -112.44,41.43,2000 -112.37,41.34,2000 -112.30,41.25,2000 -112.25,41.15,2000 -112.20,41.05,2000 -112.16,40.95,2000 -112.21,40.84,2000 -112.29,40.79,2000 -112.42,40.73,2000 -112.56,40.68,2000 -112.70,40.62,2000 -112.83,40.56,2000 -112.91,40.50,2000 -112.96,40.39,2000 -112.95,40.27,2000 -112.91,40.16,2000 -112.88,40.06,2000 -112.84,39.96,2000 -112.79,39.88,2000 -112.71,39.81,2000 -112.57,39.75,2000 -112.40,39.70,2000 -112.27,39.65,2000 -112.20,39.60,2000 -112.18,39.54,2000 -112.15,39.44,2000 -112.15,39.33,2000 -112.19,39.26,2000 -112.24,39.18,2000 -112.31,39.10,2000 -112.39,39.02,2000 -112.48,38.94,2000 -112.57,38.86,2000 -112.66,38.78,2000 -112.76,38.70,2000 -112.86,38.63,2000 -112.97,38.56,2000 -113.08,38.51,2000 -113.19,38.48,2000 -113.30,38.50,2000 -113.40,38.55,2000 -113.50,38.61,2000 -113.58,38.66,2000 -113.65,38.72,2000 -113.72,38.81,2000 -113.77,38.90,2000 -113.82,39.00,2000 -113.86,39.12,2000 -113.89,39.23,2000 -113.90,39.35,2000 -113.89,39.47,2000 -113.88,39.59,2000 -113.87,39.69,2000 -113.85,39.81,2000 -113.87,39.90,2000 -113.94,39.99,2000 -114.03,40.09,2000 -114.11,40.19,2000 -114.17,40.28,2000 -114.23,40.36,2000 -114.26,40.44,2000 -114.27,40.53,2000 -114.27,40.61,2000 -114.25,40.71,2000 -114.22,40.83,2000 -114.17,40.95,2000 -114.12,41.07,2000 -114.09,41.16,2000 -114.05,41.24,2000 -113.94,41.33,2000 -113.85,41.39,2000 -113.73,41.45,2000 -113.60,41.51,2000 -113.45,41.58,2000 -113.30,41.64,2000 -113.14,41.71,2000 -113.07,41.76,2000 
          </coordinates>
        </LinearRing>
      </innerBoundaryIs>
  </Polygon>
 </MultiGeometry>
</Placemark>
<Placemark>
  <name>5%</name>
  <visibility>1</visibility>
  <styleUrl>#poly_5</styleUrl>
  <MultiGeometry>
    <Polygon>
      <outerBoundaryIs>
        <LinearRing>
          <coordinates>
-107.85,45.07,1000 -107.80,45.06,1000 -107.75,45.05,1000 -107.71,45.04,1000 -107.67,45.03,1000 -107.63,45.02,1000 -107.60,45.01,1000 -107.56,45.00,1000 -107.54,44.98,1000 -107.51,44.96,1000 -107.48,44.94,1000 -107.44,44.91,1000 -107.40,44.89,1000 -107.36,44.86,1000 -107.33,44.84,1000 -107.30,44.82,1000 -107.27,44.80,1000 -107.24,44.78,1000 -107.21,44.76,1000 -107.17,44.73,1000 -107.13,44.71,1000 -107.10,44.69,1000 -107.07,44.67,1000 -107.04,44.65,1000 -107.02,44.63,1000 -106.99,44.60,1000 -106.96,44.57,1000 -106.93,44.54,1000 -106.91,44.51,1000 -106.89,44.48,1000 -106.88,44.45,1000 -106.87,44.41,1000 -106.86,44.38,1000 -106.86,44.34,1000 -106.87,44.31,1000 -106.89,44.28,1000 -106.91,44.24,1000 -106.94,44.20,1000 -106.97,44.17,1000 -107.00,44.15,1000 -107.04,44.13,1000 -107.09,44.13,1000 -107.12,44.12,1000 -107.16,44.10,1000 -107.20,44.09,1000 -107.23,44.08,1000 -107.26,44.08,1000 -107.29,44.10,1000 -107.33,44.11,1000 -107.36,44.12,1000 -107.40,44.13,1000 -107.44,44.13,1000 -107.48,44.15,1000 -107.51,44.17,1000 -107.55,44.19,1000 -107.58,44.21,1000 -107.61,44.23,1000 -107.64,44.26,1000 -107.66,44.29,1000 -107.68,44.32,1000 -107.70,44.35,1000 -107.72,44.38,1000 -107.74,44.41,1000 -107.75,44.43,1000 -107.76,44.45,1000 -107.78,44.47,1000 -107.82,44.50,1000 -107.86,44.53,1000 -107.90,44.56,1000 -107.93,44.59,1000 -107.96,44.62,1000 -107.99,44.66,1000 -108.01,44.70,1000 -108.03,44.73,1000 -108.05,44.75,1000 -108.05,44.76,1000 -108.05,44.78,1000 -108.05,44.81,1000 -108.06,44.84,1000 -108.06,44.88,1000 -108.06,44.92,1000 -107.85,45.07,1000 
          </coordinates>
        </LinearRing>
      </outerBoundaryIs>
      <innerBoundaryIs>
        <LinearRing>
          <coordinates>
-107.83,44.95,2000 -107.83,44.95,2000 -107.79,44.94,2000 -107.76,44.93,2000 -107.73,44.92,2000 -107.69,44.92,2000 -107.65,44.90,2000 -107.61,44.89,2000 -107.58,44.88,2000 -107.55,44.86,2000 -107.51,44.84,2000 -107.48,44.82,2000 -107.46,44.81,2000 -107.43,44.79,2000 -107.40,44.78,2000 -107.38,44.77,2000 -107.35,44.76,2000 -107.32,44.74,2000 -107.29,44.73,2000 -107.27,44.71,2000 -107.23,44.69,2000 -107.20,44.68,2000 -107.17,44.66,2000 -107.15,44.64,2000 -107.12,44.62,2000 -107.10,44.59,2000 -107.08,44.57,2000 -107.07,44.55,2000 -107.05,44.53,2000 -107.03,44.51,2000 -107.01,44.50,2000 -107.00,44.48,2000 -107.00,44.46,2000 -106.99,44.43,2000 -106.99,44.39,2000 -106.99,44.36,2000 -106.99,44.33,2000 -106.99,44.31,2000 -106.99,44.29,2000 -107.02,44.27,2000 -107.04,44.26,2000 -107.07,44.24,2000 -107.10,44.22,2000 -107.13,44.20,2000 -107.17,44.18,2000 -107.20,44.17,2000 -107.24,44.16,2000 -107.27,44.16,2000 -107.31,44.17,2000 -107.34,44.19,2000 -107.38,44.20,2000 -107.42,44.22,2000 -107.45,44.24,2000 -107.48,44.25,2000 -107.50,44.26,2000 -107.52,44.27,2000 -107.53,44.28,2000 -107.55,44.30,2000 -107.58,44.33,2000 -107.60,44.35,2000 -107.63,44.38,2000 -107.65,44.41,2000 -107.67,44.43,2000 -107.69,44.45,2000 -107.70,44.48,2000 -107.72,44.50,2000 -107.73,44.53,2000 -107.75,44.55,2000 -107.76,44.58,2000 -107.78,44.60,2000 -107.80,44.62,2000 -107.82,44.65,2000 -107.85,44.67,2000 -107.87,44.69,2000 -107.89,44.71,2000 -107.91,44.74,2000 -107.92,44.76,2000 -107.92,44.78,2000 -107.92,44.81,2000 -107.91,44.84,2000 -107.90,44.86,2000 -107.88,44.89,2000 -107.87,44.91,2000 -107.85,44.94,2000 -107.83,44.95,2000 
          </coordinates>
        </LinearRing>
      </innerBoundaryIs>
  </Polygon>
 </MultiGeometry>
</Placemark>
<Placemark>
  <name>5%</name>
  <visibility>1</visibility>
  <styleUrl>#poly_5</styleUrl>
  <MultiGeometry>
    <Polygon>
      <outerBoundaryIs>
        <LinearRing>
          <coordinates>
-90.08,46.52,1000 -90.06,46.53,1000 -90.04,46.54,1000 -90.03,46.56,1000 -90.01,46.57,1000 -89.99,46.58,1000 -89.97,46.59,1000 -89.95,46.60,1000 -89.94,46.61,1000 -89.92,46.62,1000 -89.90,46.62,1000 -89.88,46.63,1000 -89.87,46.64,1000 -89.85,46.64,1000 -89.83,46.64,1000 -89.81,46.64,1000 -89.79,46.64,1000 -89.77,46.63,1000 -89.75,46.62,1000 -89.73,46.62,1000 -89.71,46.61,1000 -89.69,46.60,1000 -89.67,46.59,1000 -89.65,46.58,1000 -89.63,46.56,1000 -89.62,46.56,1000 -89.60,46.55,1000 -89.59,46.54,1000 -89.57,46.53,1000 -89.56,46.52,1000 -89.55,46.51,1000 -89.55,46.50,1000 -89.55,46.48,1000 -89.55,46.47,1000 -89.55,46.46,1000 -89.55,46.44,1000 -89.54,46.43,1000 -89.54,46.41,1000 -89.54,46.39,1000 -89.54,46.38,1000 -89.54,46.36,1000 -89.54,46.35,1000 -89.55,46.33,1000 -89.55,46.32,1000 -89.55,46.31,1000 -89.56,46.29,1000 -89.56,46.28,1000 -89.58,46.28,1000 -89.61,46.27,1000 -89.62,46.27,1000 -89.64,46.26,1000 -89.66,46.26,1000 -89.68,46.25,1000 -89.70,46.25,1000 -89.72,46.24,1000 -89.74,46.24,1000 -89.76,46.24,1000 -89.79,46.23,1000 -89.81,46.23,1000 -89.83,46.23,1000 -89.85,46.23,1000 -89.87,46.23,1000 -89.89,46.23,1000 -89.92,46.24,1000 -89.94,46.24,1000 -89.96,46.25,1000 -89.99,46.26,1000 -90.01,46.26,1000 -90.03,46.27,1000 -90.05,46.27,1000 -90.07,46.28,1000 -90.09,46.29,1000 -90.10,46.29,1000 -90.13,46.30,1000 -90.14,46.30,1000 -90.15,46.31,1000 -90.15,46.33,1000 -90.15,46.34,1000 -90.15,46.35,1000 -90.15,46.36,1000 -90.15,46.37,1000 -90.14,46.39,1000 -90.14,46.40,1000 -90.13,46.42,1000 -90.13,46.43,1000 -90.13,46.45,1000 -90.12,46.47,1000 -90.12,46.48,1000 -90.11,46.50,1000 -90.08,46.52,1000 
          </coordinates>
        </LinearRing>
      </outerBoundaryIs>
  </Polygon>
 </MultiGeometry>
</Placemark>
<Placemark>
  <name>5%</name>
  <visibility>1</visibility>
  <styleUrl>#poly_5</styleUrl>
  <MultiGeometry>
    <Polygon>
      <outerBoundaryIs>
        <LinearRing>
          <coordinates>
-105.64,38.19,1000 -105.62,38.18,1000 -105.61,38.18,1000 -105.59,38.17,1000 -105.57,38.16,1000 -105.56,38.16,1000 -105.54,38.15,1000 -105.53,38.14,1000 -105.51,38.13,1000 -105.50,38.13,1000 -105.49,38.12,1000 -105.48,38.11,1000 -105.47,38.10,1000 -105.47,38.09,1000 -105.46,38.08,1000 -105.46,38.07,1000 -105.45,38.06,1000 -105.45,38.05,1000 -105.46,38.03,1000 -105.46,38.02,1000 -105.46,38.01,1000 -105.47,37.99,1000 -105.47,37.98,1000 -105.48,37.97,1000 -105.48,37.95,1000 -105.49,37.94,1000 -105.49,37.93,1000 -105.50,37.92,1000 -105.51,37.91,1000 -105.51,37.90,1000 -105.52,37.89,1000 -105.53,37.87,1000 -105.54,37.86,1000 -105.55,37.86,1000 -105.56,37.85,1000 -105.58,37.84,1000 -105.59,37.84,1000 -105.60,37.84,1000 -105.61,37.84,1000 -105.63,37.84,1000 -105.64,37.85,1000 -105.65,37.85,1000 -105.67,37.86,1000 -105.68,37.87,1000 -105.70,37.88,1000 -105.71,37.89,1000 -105.72,37.90,1000 -105.72,37.91,1000 -105.73,37.92,1000 -105.74,37.93,1000 -105.74,37.94,1000 -105.75,37.95,1000 -105.76,37.96,1000 -105.76,37.97,1000 -105.77,37.98,1000 -105.78,37.99,1000 -105.78,38.01,1000 -105.79,38.02,1000 -105.80,38.03,1000 -105.80,38.05,1000 -105.81,38.06,1000 -105.64,38.19,1000 
          </coordinates>
        </LinearRing>
      </outerBoundaryIs>
  </Polygon>
 </MultiGeometry>
</Placemark>
<Placemark>
  <name>5%</name>
  <visibility>1</visibility>
  <styleUrl>#poly_5</styleUrl>
  <MultiGeometry>
    <Polygon>
      <outerBoundaryIs>
        <LinearRing>
          <coordinates>
-109.88,34.40,1000 -109.84,34.41,1000 -109.80,34.43,1000 -109.75,34.44,1000 -109.71,34.44,1000 -109.67,34.44,1000 -109.63,34.43,1000 -109.59,34.42,1000 -109.55,34.40,1000 -109.52,34.39,1000 -109.48,34.37,1000 -109.46,34.36,1000 -109.44,34.36,1000 -109.42,34.35,1000 -109.38,34.32,1000 -109.34,34.30,1000 -109.30,34.27,1000 -109.26,34.25,1000 -109.22,34.22,1000 -109.20,34.21,1000 -109.19,34.21,1000 -109.17,34.19,1000 -109.14,34.17,1000 -109.11,34.15,1000 -109.08,34.12,1000 -109.05,34.09,1000 -109.02,34.07,1000 -109.00,34.04,1000 -108.98,34.01,1000 -108.97,33.97,1000 -108.96,33.94,1000 -108.95,33.91,1000 -108.95,33.87,1000 -108.95,33.84,1000 -108.95,33.81,1000 -108.95,33.77,1000 -108.95,33.74,1000 -108.96,33.71,1000 -108.97,33.68,1000 -108.99,33.65,1000 -109.01,33.62,1000 -109.03,33.60,1000 -109.06,33.57,1000 -109.09,33.55,1000 -109.11,33.53,1000 -109.14,33.51,1000 -109.18,33.50,1000 -109.21,33.49,1000 -109.24,33.48,1000 -109.27,33.46,1000 -109.29,33.44,1000 -109.32,33.43,1000 -109.36,33.43,1000 -109.40,33.44,1000 -109.45,33.45,1000 -109.48,33.46,1000 -109.51,33.46,1000 -109.54,33.46,1000 -109.57,33.47,1000 -109.60,33.47,1000 -109.65,33.49,1000 -109.69,33.50,1000 -109.73,33.51,1000 -109.76,33.52,1000 -109.80,33.54,1000 -109.83,33.55,1000 -109.86,33.58,1000 -109.89,33.60,1000 -109.92,33.63,1000 -109.94,33.66,1000 -109.97,33.69,1000 -109.99,33.72,1000 -110.01,33.74,1000 -110.03,33.75,1000 -110.04,33.77,1000 -110.05,33.79,1000 -110.07,33.82,1000 -110.10,33.85,1000 -110.12,33.88,1000 -110.14,33.91,1000 -110.15,33.94,1000 -110.16,33.98,1000 -110.16,34.02,1000 -110.16,34.05,1000 -110.16,34.09,1000 -110.15,34.12,1000 -110.14,34.15,1000 -110.12,34.18,1000 -110.10,34.20,1000 -110.08,34.22,1000 -110.06,34.25,1000 -110.04,34.27,1000 -110.02,34.30,1000 -110.00,34.32,1000 -109.88,34.40,1000 
          </coordinates>
        </LinearRing>
      </outerBoundaryIs>
      <innerBoundaryIs>
        <LinearRing>
          <coordinates>
-109.66,34.36,2000 -109.64,34.35,2000 -109.62,34.35,2000 -109.58,34.34,2000 -109.55,34.34,2000 -109.50,34.34,2000 -109.47,34.33,2000 -109.43,34.32,2000 -109.40,34.30,2000 -109.36,34.28,2000 -109.33,34.26,2000 -109.30,34.24,2000 -109.27,34.22,2000 -109.25,34.20,2000 -109.22,34.18,2000 -109.21,34.16,2000 -109.19,34.14,2000 -109.17,34.12,2000 -109.14,34.11,2000 -109.12,34.09,2000 -109.09,34.07,2000 -109.07,34.04,2000 -109.06,34.01,2000 -109.04,33.99,2000 -109.03,33.96,2000 -109.02,33.92,2000 -109.01,33.89,2000 -109.01,33.86,2000 -109.01,33.83,2000 -109.02,33.80,2000 -109.03,33.77,2000 -109.04,33.74,2000 -109.05,33.72,2000 -109.06,33.69,2000 -109.07,33.67,2000 -109.08,33.64,2000 -109.09,33.63,2000 -109.12,33.61,2000 -109.14,33.60,2000 -109.17,33.58,2000 -109.20,33.56,2000 -109.23,33.54,2000 -109.27,33.52,2000 -109.30,33.51,2000 -109.33,33.50,2000 -109.36,33.49,2000 -109.40,33.49,2000 -109.43,33.49,2000 -109.47,33.49,2000 -109.50,33.49,2000 -109.54,33.50,2000 -109.57,33.51,2000 -109.61,33.53,2000 -109.65,33.54,2000 -109.69,33.56,2000 -109.72,33.58,2000 -109.75,33.60,2000 -109.77,33.61,2000 -109.78,33.62,2000 -109.80,33.63,2000 -109.82,33.65,2000 -109.86,33.67,2000 -109.89,33.70,2000 -109.92,33.72,2000 -109.95,33.75,2000 -109.97,33.77,2000 -109.99,33.80,2000 -110.00,33.83,2000 -110.02,33.86,2000 -110.03,33.89,2000 -110.03,33.92,2000 -110.04,33.95,2000 -110.05,33.98,2000 -110.05,34.01,2000 -110.05,34.04,2000 -110.06,34.07,2000 -110.05,34.10,2000 -110.04,34.13,2000 -110.03,34.15,2000 -110.01,34.18,2000 -109.99,34.21,2000 -109.96,34.24,2000 -109.94,34.26,2000 -109.92,34.28,2000 -109.89,34.30,2000 -109.87,34.32,2000 -109.83,34.34,2000 -109.79,34.35,2000 -109.76,34.34,2000 -109.72,34.34,2000 -109.66,34.36,2000 
          </coordinates>
        </LinearRing>
      </innerBoundaryIs>
  </Polygon>
 </MultiGeometry>
</Placemark>
<Placemark>
  <name>5%</name>
  <visibility>1</visibility>
  <styleUrl>#poly_5</styleUrl>
  <MultiGeometry>
    <Polygon>
      <outerBoundaryIs>
        <LinearRing>
          <coordinates>
-109.27,36.47,1000 -109.24,36.49,1000 -109.20,36.51,1000 -109.17,36.53,1000 -109.13,36.54,1000 -109.10,36.55,1000 -109.06,36.56,1000 -109.02,36.56,1000 -108.98,36.56,1000 -108.94,36.55,1000 -108.90,36.54,1000 -108.86,36.52,1000 -108.83,36.51,1000 -108.79,36.49,1000 -108.76,36.47,1000 -108.74,36.44,1000 -108.72,36.41,1000 -108.71,36.39,1000 -108.69,36.36,1000 -108.68,36.33,1000 -108.67,36.30,1000 -108.67,36.27,1000 -108.66,36.24,1000 -108.66,36.21,1000 -108.65,36.18,1000 -108.65,36.15,1000 -108.65,36.12,1000 -108.65,36.09,1000 -108.66,36.06,1000 -108.67,36.03,1000 -108.69,35.99,1000 -108.71,35.96,1000 -108.72,35.93,1000 -108.74,35.90,1000 -108.75,35.88,1000 -108.75,35.87,1000 -108.76,35.85,1000 -108.78,35.83,1000 -108.81,35.81,1000 -108.83,35.78,1000 -108.86,35.75,1000 -108.89,35.73,1000 -108.91,35.71,1000 -108.94,35.69,1000 -108.97,35.67,1000 -109.01,35.66,1000 -109.05,35.65,1000 -109.09,35.65,1000 -109.12,35.65,1000 -109.16,35.66,1000 -109.19,35.67,1000 -109.22,35.69,1000 -109.25,35.71,1000 -109.28,35.73,1000 -109.31,35.75,1000 -109.34,35.77,1000 -109.36,35.80,1000 -109.38,35.82,1000 -109.40,35.85,1000 -109.40,35.88,1000 -109.40,35.91,1000 -109.40,35.94,1000 -109.40,35.97,1000 -109.40,36.00,1000 -109.40,36.03,1000 -109.40,36.06,1000 -109.40,36.09,1000 -109.40,36.12,1000 -109.39,36.15,1000 -109.39,36.18,1000 -109.39,36.21,1000 -109.38,36.24,1000 -109.37,36.27,1000 -109.37,36.30,1000 -109.36,36.33,1000 -109.35,36.36,1000 -109.27,36.47,1000 
          </coordinates>
        </LinearRing>
      </outerBoundaryIs>
      <innerBoundaryIs>
        <LinearRing>
          <coordinates>
-109.05,36.49,2000 -109.02,36.48,2000 -108.98,36.46,2000 -108.95,36.45,2000 -108.92,36.44,2000 -108.89,36.42,2000 -108.87,36.41,2000 -108.85,36.40,2000 -108.82,36.38,2000 -108.81,36.36,2000 -108.80,36.34,2000 -108.79,36.32,2000 -108.78,36.30,2000 -108.76,36.28,2000 -108.76,36.26,2000 -108.75,36.23,2000 -108.75,36.21,2000 -108.75,36.18,2000 -108.75,36.16,2000 -108.75,36.13,2000 -108.76,36.10,2000 -108.76,36.08,2000 -108.77,36.05,2000 -108.78,36.03,2000 -108.79,36.00,2000 -108.81,35.97,2000 -108.82,35.95,2000 -108.84,35.92,2000 -108.85,35.90,2000 -108.87,35.88,2000 -108.88,35.86,2000 -108.90,35.83,2000 -108.91,35.81,2000 -108.93,35.80,2000 -108.96,35.79,2000 -108.99,35.78,2000 -109.02,35.78,2000 -109.05,35.78,2000 -109.09,35.78,2000 -109.12,35.78,2000 -109.16,35.78,2000 -109.18,35.78,2000 -109.21,35.79,2000 -109.23,35.80,2000 -109.25,35.83,2000 -109.26,35.85,2000 -109.27,35.87,2000 -109.28,35.89,2000 -109.30,35.92,2000 -109.31,35.95,2000 -109.31,35.97,2000 -109.32,36.00,2000 -109.32,36.03,2000 -109.32,36.05,2000 -109.32,36.08,2000 -109.32,36.10,2000 -109.32,36.13,2000 -109.31,36.16,2000 -109.31,36.18,2000 -109.30,36.21,2000 -109.30,36.23,2000 -109.29,36.26,2000 -109.28,36.28,2000 -109.27,36.30,2000 -109.26,36.32,2000 -109.25,36.34,2000 -109.23,36.37,2000 -109.22,36.37,2000 -109.05,36.49,2000 
          </coordinates>
        </LinearRing>
      </innerBoundaryIs>
  </Polygon>
 </MultiGeometry>
</Placemark>
<Placemark>
  <name>5%</name>
  <visibility>1</visibility>
  <styleUrl>#poly_5</styleUrl>
  <MultiGeometry>
    <Polygon>
      <outerBoundaryIs>
        <LinearRing>
          <coordinates>
-73.10,44.13,1000 -73.07,44.15,1000 -73.04,44.16,1000 -73.01,44.18,1000 -72.98,44.19,1000 -72.95,44.21,1000 -72.92,44.22,1000 -72.89,44.22,1000 -72.86,44.23,1000 -72.83,44.23,1000 -72.80,44.23,1000 -72.77,44.22,1000 -72.73,44.20,1000 -72.70,44.19,1000 -72.67,44.17,1000 -72.65,44.15,1000 -72.63,44.13,1000 -72.61,44.12,1000 -72.60,44.10,1000 -72.61,44.08,1000 -72.61,44.05,1000 -72.61,44.03,1000 -72.60,44.01,1000 -72.59,43.99,1000 -72.58,43.97,1000 -72.57,43.94,1000 -72.57,43.92,1000 -72.56,43.89,1000 -72.56,43.87,1000 -72.56,43.84,1000 -72.56,43.82,1000 -72.57,43.79,1000 -72.58,43.77,1000 -72.59,43.74,1000 -72.60,43.72,1000 -72.61,43.70,1000 -72.63,43.68,1000 -72.64,43.66,1000 -72.66,43.64,1000 -72.68,43.63,1000 -72.71,43.61,1000 -72.73,43.60,1000 -72.76,43.59,1000 -72.79,43.58,1000 -72.82,43.57,1000 -72.86,43.57,1000 -72.89,43.56,1000 -72.91,43.56,1000 -72.95,43.55,1000 -72.97,43.55,1000 -72.99,43.55,1000 -73.01,43.56,1000 -73.04,43.58,1000 -73.06,43.59,1000 -73.09,43.60,1000 -73.12,43.62,1000 -73.15,43.64,1000 -73.18,43.65,1000 -73.20,43.67,1000 -73.22,43.69,1000 -73.24,43.71,1000 -73.25,43.73,1000 -73.26,43.75,1000 -73.27,43.78,1000 -73.27,43.80,1000 -73.28,43.82,1000 -73.28,43.85,1000 -73.28,43.87,1000 -73.27,43.90,1000 -73.27,43.93,1000 -73.26,43.95,1000 -73.25,43.97,1000 -73.24,43.99,1000 -73.22,44.01,1000 -73.20,44.03,1000 -73.18,44.05,1000 -73.16,44.07,1000 -73.14,44.09,1000 -73.12,44.11,1000 -73.10,44.13,1000 
          </coordinates>
        </LinearRing>
      </outerBoundaryIs>
      <innerBoundaryIs>
        <LinearRing>
          <coordinates>
-72.88,44.00,2000 -72.87,43.99,2000 -72.85,43.98,2000 -72.84,43.97,2000 -72.83,43.96,2000 -72.82,43.96,2000 -72.81,43.95,2000 -72.80,43.94,2000 -72.79,43.93,2000 -72.78,43.91,2000 -72.77,43.90,2000 -72.77,43.89,2000 -72.77,43.88,2000 -72.76,43.87,2000 -72.76,43.86,2000 -72.76,43.84,2000 -72.76,43.83,2000 -72.76,43.82,2000 -72.76,43.80,2000 -72.76,43.79,2000 -72.77,43.78,2000 -72.77,43.76,2000 -72.77,43.75,2000 -72.78,43.74,2000 -72.78,43.73,2000 -72.79,43.72,2000 -72.80,43.71,2000 -72.81,43.70,2000 -72.83,43.69,2000 -72.84,43.68,2000 -72.86,43.68,2000 -72.88,43.67,2000 -72.89,43.67,2000 -72.91,43.66,2000 -72.93,43.66,2000 -72.95,43.66,2000 -72.96,43.66,2000 -72.97,43.66,2000 -72.99,43.67,2000 -73.00,43.67,2000 -73.02,43.68,2000 -73.03,43.69,2000 -73.04,43.70,2000 -73.06,43.71,2000 -73.07,43.72,2000 -73.08,43.73,2000 -73.09,43.74,2000 -73.09,43.75,2000 -73.10,43.76,2000 -73.10,43.77,2000 -73.11,43.78,2000 -73.11,43.79,2000 -73.11,43.80,2000 -73.11,43.81,2000 -73.10,43.83,2000 -73.10,43.84,2000 -73.10,43.85,2000 -73.09,43.86,2000 -73.09,43.88,2000 -73.09,43.89,2000 -73.08,43.90,2000 -73.08,43.92,2000 -73.07,43.93,2000 -72.88,44.00,2000 
          </coordinates>
        </LinearRing>
      </innerBoundaryIs>
  </Polygon>
 </MultiGeometry>
</Placemark>
<Placemark>
  <name>5%</name>
  <visibility>1</visibility>
  <styleUrl>#poly_5</styleUrl>
  <MultiGeometry>
    <Polygon>
      <outerBoundaryIs>
        <LinearRing>
          <coordinates>
-118.07,34.54,1000 -118.01,34.56,1000 -117.96,34.58,1000 -117.90,34.60,1000 -117.84,34.61,1000 -117.79,34.63,1000 -117.74,34.64,1000 -117.69,34.65,1000 -117.65,34.65,1000 -117.59,34.64,1000 -117.54,34.63,1000 -117.49,34.60,1000 -117.45,34.58,1000 -117.40,34.56,1000 -117.35,34.55,1000 -117.31,34.54,1000 -117.27,34.53,1000 -117.22,34.52,1000 -117.18,34.52,1000 -117.13,34.53,1000 -117.08,34.54,1000 -117.02,34.56,1000 -116.97,34.57,1000 -116.92,34.58,1000 -116.86,34.58,1000 -116.80,34.59,1000 -116.75,34.58,1000 -116.71,34.57,1000 -116.66,34.55,1000 -116.62,34.54,1000 -116.58,34.51,1000 -116.54,34.49,1000 -116.50,34.47,1000 -116.45,34.44,1000 -116.41,34.42,1000 -116.38,34.39,1000 -116.35,34.34,1000 -116.34,34.31,1000 -116.33,34.27,1000 -116.33,34.23,1000 -116.33,34.18,1000 -116.33,34.14,1000 -116.33,34.09,1000 -116.34,34.05,1000 -116.34,34.01,1000 -116.34,33.97,1000 -116.34,33.92,1000 -116.34,33.87,1000 -116.35,33.83,1000 -116.35,33.79,1000 -116.37,33.75,1000 -116.39,33.71,1000 -116.42,33.67,1000 -116.45,33.64,1000 -116.48,33.60,1000 -116.51,33.57,1000 -116.55,33.56,1000 -116.59,33.56,1000 -116.64,33.58,1000 -116.69,33.60,1000 -116.74,33.63,1000 -116.79,33.66,1000 -116.83,33.69,1000 -116.87,33.71,1000 -116.91,33.75,1000 -116.96,33.78,1000 -117.00,33.81,1000 -117.04,33.84,1000 -117.08,33.87,1000 -117.13,33.90,1000 -117.17,33.94,1000 -117.22,33.97,1000 -117.26,33.99,1000 -117.30,34.01,1000 -117.35,34.02,1000 -117.40,34.01,1000 -117.45,34.00,1000 -117.52,34.00,1000 -117.56,34.00,1000 -117.61,34.00,1000 -117.66,34.01,1000 -117.72,34.01,1000 -117.77,34.01,1000 -117.83,34.02,1000 -117.88,34.03,1000 -117.93,34.04,1000 -117.97,34.05,1000 -118.02,34.07,1000 -118.05,34.10,1000 -118.09,34.13,1000 -118.12,34.16,1000 -118.15,34.20,1000 -118.17,34.23,1000 -118.20,34.27,1000 -118.07,34.54,1000 
          </coordinates>
        </LinearRing>
      </outerBoundaryIs>
      <innerBoundaryIs>
        <LinearRing>
          <coordinates>
-117.86,34.57,2000 -117.81,34.57,2000 -117.76,34.57,2000 -117.71,34.57,2000 -117.66,34.57,2000 -117.61,34.56,2000 -117.56,34.56,2000 -117.51,34.55,2000 -117.46,34.54,2000 -117.41,34.52,2000 -117.36,34.50,2000 -117.31,34.48,2000 -117.26,34.47,2000 -117.21,34.46,2000 -117.17,34.45,2000 -117.12,34.46,2000 -117.08,34.47,2000 -117.04,34.50,2000 -117.00,34.52,2000 -116.96,34.53,2000 -116.92,34.54,2000 -116.87,34.54,2000 -116.83,34.54,2000 -116.79,34.53,2000 -116.74,34.52,2000 -116.70,34.50,2000 -116.65,34.48,2000 -116.61,34.46,2000 -116.56,34.43,2000 -116.52,34.40,2000 -116.49,34.37,2000 -116.46,34.34,2000 -116.44,34.30,2000 -116.42,34.26,2000 -116.41,34.22,2000 -116.40,34.19,2000 -116.39,34.15,2000 -116.39,34.11,2000 -116.40,34.07,2000 -116.41,34.04,2000 -116.43,34.00,2000 -116.45,33.96,2000 -116.46,33.92,2000 -116.48,33.88,2000 -116.50,33.84,2000 -116.51,33.80,2000 -116.53,33.76,2000 -116.56,33.73,2000 -116.58,33.71,2000 -116.62,33.70,2000 -116.66,33.71,2000 -116.71,33.73,2000 -116.76,33.76,2000 -116.81,33.78,2000 -116.85,33.80,2000 -116.89,33.82,2000 -116.93,33.84,2000 -116.98,33.86,2000 -117.02,33.88,2000 -117.06,33.91,2000 -117.10,33.94,2000 -117.13,33.97,2000 -117.16,34.00,2000 -117.20,34.03,2000 -117.23,34.06,2000 -117.27,34.09,2000 -117.32,34.10,2000 -117.36,34.10,2000 -117.41,34.10,2000 -117.46,34.09,2000 -117.51,34.08,2000 -117.56,34.07,2000 -117.61,34.06,2000 -117.66,34.05,2000 -117.71,34.04,2000 -117.75,34.04,2000 -117.80,34.05,2000 -117.85,34.07,2000 -117.89,34.09,2000 -117.93,34.11,2000 -117.96,34.14,2000 -117.99,34.16,2000 -118.03,34.19,2000 -118.07,34.22,2000 -118.10,34.25,2000 -118.11,34.28,2000 -118.11,34.31,2000 -118.10,34.35,2000 -118.08,34.38,2000 -118.05,34.42,2000 -117.86,34.57,2000 
          </coordinates>
        </LinearRing>
      </innerBoundaryIs>
  </Polygon>
 </MultiGeometry>
</Placemark>
<Placemark>
  <name>5%</name>
  <visibility>1</visibility>
  <styleUrl>#poly_5</styleUrl>
  <MultiGeometry>
    <Polygon>
      <outerBoundaryIs>
        <LinearRing>
          <coordinates>
-87.86,46.69,1000 -87.80,46.68,1000 -87.75,46.66,1000 -87.70,46.65,1000 -87.65,46.64,1000 -87.62,46.63,1000 -87.59,46.62,1000 -87.57,46.59,1000 -87.55,46.57,1000 -87.52,46.54,1000 -87.49,46.50,1000 -87.46,46.47,1000 -87.44,46.44,1000 -87.42,46.41,1000 -87.40,46.38,1000 -87.40,46.35,1000 -87.39,46.33,1000 -87.38,46.30,1000 -87.36,46.28,1000 -87.36,46.24,1000 -87.36,46.21,1000 -87.37,46.17,1000 -87.38,46.13,1000 -87.39,46.10,1000 -87.40,46.07,1000 -87.42,46.04,1000 -87.44,46.02,1000 -87.46,45.99,1000 -87.48,45.96,1000 -87.50,45.94,1000 -87.53,45.91,1000 -87.56,45.89,1000 -87.58,45.87,1000 -87.61,45.85,1000 -87.64,45.83,1000 -87.68,45.81,1000 -87.72,45.80,1000 -87.76,45.79,1000 -87.80,45.78,1000 -87.84,45.77,1000 -87.89,45.76,1000 -87.93,45.75,1000 -87.98,45.74,1000 -88.03,45.74,1000 -88.07,45.73,1000 -88.12,45.73,1000 -88.17,45.73,1000 -88.22,45.73,1000 -88.28,45.73,1000 -88.33,45.73,1000 -88.38,45.74,1000 -88.42,45.74,1000 -88.47,45.75,1000 -88.50,45.77,1000 -88.53,45.79,1000 -88.57,45.81,1000 -88.61,45.83,1000 -88.65,45.85,1000 -88.69,45.87,1000 -88.74,45.89,1000 -88.79,45.91,1000 -88.83,45.93,1000 -88.86,45.95,1000 -88.89,45.97,1000 -88.92,45.99,1000 -88.96,46.02,1000 -89.01,46.05,1000 -89.05,46.08,1000 -89.08,46.11,1000 -89.09,46.13,1000 -89.08,46.15,1000 -89.04,46.17,1000 -89.00,46.19,1000 -88.95,46.20,1000 -88.91,46.22,1000 -88.87,46.23,1000 -88.83,46.25,1000 -88.79,46.27,1000 -88.76,46.29,1000 -88.72,46.30,1000 -88.67,46.30,1000 -88.62,46.32,1000 -88.58,46.34,1000 -88.54,46.36,1000 -88.50,46.39,1000 -88.45,46.41,1000 -88.42,46.43,1000 -88.39,46.45,1000 -88.37,46.46,1000 -88.34,46.47,1000 -88.31,46.49,1000 -88.26,46.52,1000 -88.22,46.54,1000 -88.17,46.57,1000 -88.14,46.59,1000 -88.11,46.60,1000 -88.09,46.60,1000 -87.86,46.69,1000 
          </coordinates>
        </LinearRing>
      </outerBoundaryIs>
      <innerBoundaryIs>
        <LinearRing>
          <coordinates>
-87.88,46.45,2000 -87.87,46.45,2000 -87.85,46.45,2000 -87.84,46.44,2000 -87.81,46.43,2000 -87.80,46.42,2000 -87.78,46.41,2000 -87.77,46.40,2000 -87.75,46.39,2000 -87.73,46.37,2000 -87.71,46.36,2000 -87.69,46.35,2000 -87.68,46.33,2000 -87.66,46.32,2000 -87.65,46.31,2000 -87.64,46.30,2000 -87.62,46.28,2000 -87.62,46.27,2000 -87.62,46.26,2000 -87.62,46.25,2000 -87.62,46.24,2000 -87.63,46.22,2000 -87.63,46.20,2000 -87.64,46.18,2000 -87.64,46.17,2000 -87.65,46.15,2000 -87.65,46.13,2000 -87.66,46.12,2000 -87.66,46.11,2000 -87.67,46.09,2000 -87.69,46.08,2000 -87.70,46.07,2000 -87.72,46.06,2000 -87.74,46.05,2000 -87.76,46.04,2000 -87.78,46.03,2000 -87.80,46.02,2000 -87.82,46.01,2000 -87.84,46.00,2000 -87.87,46.00,2000 -87.89,45.99,2000 -87.91,45.99,2000 -87.93,45.99,2000 -87.95,45.99,2000 -87.98,46.00,2000 -88.00,46.00,2000 -88.03,46.01,2000 -88.05,46.02,2000 -88.08,46.03,2000 -88.10,46.04,2000 -88.12,46.05,2000 -88.14,46.05,2000 -88.15,46.06,2000 -88.18,46.07,2000 -88.19,46.07,2000 -88.19,46.08,2000 -88.20,46.10,2000 -88.20,46.11,2000 -88.21,46.13,2000 -88.21,46.14,2000 -88.21,46.16,2000 -88.21,46.18,2000 -88.21,46.20,2000 -88.21,46.22,2000 -88.21,46.24,2000 -88.21,46.26,2000 -88.21,46.27,2000 -88.20,46.29,2000 -88.19,46.30,2000 -88.17,46.31,2000 -88.16,46.32,2000 -88.13,46.33,2000 -88.12,46.34,2000 -88.10,46.35,2000 -88.08,46.36,2000 -88.06,46.37,2000 -88.04,46.38,2000 -88.02,46.39,2000 -88.00,46.40,2000 -87.98,46.41,2000 -87.95,46.42,2000 -87.93,46.43,2000 -87.88,46.45,2000 
          </coordinates>
        </LinearRing>
      </innerBoundaryIs>
  </Polygon>
 </MultiGeometry>
</Placemark>
<Placemark>
  <name>5%</name>
  <visibility>1</visibility>
  <styleUrl>#poly_5</styleUrl>
  <MultiGeometry>
    <Polygon>
      <outerBoundaryIs>
        <LinearRing>
          <coordinates>
-68.70,51.13,1000 -68.14,51.14,1000 -67.69,51.08,1000 -67.35,50.97,1000 -66.99,50.84,1000 -66.64,50.70,1000 -66.33,50.58,1000 -65.94,50.43,1000 -65.75,50.30,1000 -65.56,50.10,1000 -65.35,49.90,1000 -65.02,49.72,1000 -64.54,49.54,1000 -64.00,49.33,1000 -63.62,49.02,1000 -63.60,48.83,1000 -63.48,48.71,1000 -63.28,48.62,1000 -63.02,48.42,1000 -62.87,48.23,1000 -62.72,48.02,1000 -62.67,47.86,1000 -62.72,47.72,1000 -62.72,47.46,1000 -62.46,47.31,1000 -62.24,47.13,1000 -62.15,46.84,1000 -62.13,46.62,1000 -62.18,46.23,1000 -62.32,45.92,1000 -62.46,45.63,1000 -62.56,45.36,1000 -62.75,45.06,1000 -62.82,44.78,1000 -62.91,44.42,1000 -62.99,44.05,1000 -63.06,43.78,1000 -63.26,43.56,1000 -63.59,43.44,1000 -63.89,43.45,1000 -64.21,43.55,1000 -64.63,43.63,1000 -65.08,43.77,1000 -65.39,43.90,1000 -65.67,44.04,1000 -65.87,44.24,1000 -65.88,44.55,1000 -65.68,44.83,1000 -65.48,45.09,1000 -65.47,45.20,1000 -65.87,45.33,1000 -66.00,45.58,1000 -65.80,45.82,1000 -65.56,45.94,1000 -65.33,46.11,1000 -65.23,46.42,1000 -65.21,46.69,1000 -65.39,46.71,1000 -65.76,46.61,1000 -66.09,46.49,1000 -66.34,46.34,1000 -66.60,46.06,1000 -66.89,45.96,1000 -67.26,45.96,1000 -67.67,46.07,1000 -68.00,46.20,1000 -68.31,46.33,1000 -68.55,46.45,1000 -68.80,46.39,1000 -69.00,46.26,1000 -69.30,46.18,1000 -69.63,46.04,1000 -69.78,45.90,1000 -70.06,45.73,1000 -70.30,45.64,1000 -70.59,45.43,1000 -70.74,45.19,1000 -70.93,44.99,1000 -71.18,44.85,1000 -71.40,44.80,1000 -71.63,44.83,1000 -71.89,45.05,1000 -72.08,45.33,1000 -72.27,45.52,1000 -72.47,45.69,1000 -72.69,45.83,1000 -73.09,45.87,1000 -73.59,45.69,1000 -73.92,45.62,1000 -74.30,45.58,1000 -74.82,45.56,1000 -75.28,45.56,1000 -75.58,45.56,1000 -75.84,45.67,1000 -76.05,45.87,1000 -76.08,46.16,1000 -76.36,45.84,1000 -76.85,45.93,1000 -77.30,45.96,1000 -77.75,45.98,1000 -78.29,46.02,1000 -78.51,45.97,1000 -78.76,45.92,1000 -78.97,45.94,1000 -79.38,46.03,1000 -79.86,46.08,1000 -80.37,46.06,1000 -80.64,46.00,1000 -81.21,46.00,1000 -81.54,46.09,1000 -81.86,46.22,1000 -82.31,46.49,1000 -82.49,46.68,1000 -82.64,46.88,1000 -82.82,47.18,1000 -82.73,47.46,1000 -82.64,47.77,1000 -82.75,48.01,1000 -82.85,48.28,1000 -82.88,48.57,1000 -82.98,48.76,1000 -83.07,48.92,1000 -83.00,49.08,1000 -82.74,49.13,1000 -82.50,49.06,1000 -82.20,48.96,1000 -81.76,48.87,1000 -81.27,48.78,1000 -80.99,48.75,1000 -80.63,48.70,1000 -80.13,48.60,1000 -79.53,48.47,1000 -79.02,48.36,1000 -78.57,48.24,1000 -78.27,48.15,1000 -77.81,48.06,1000 -77.39,48.11,1000 -77.00,48.13,1000 -76.58,48.16,1000 -76.21,48.21,1000 -75.86,48.29,1000 -75.52,48.39,1000 -75.20,48.50,1000 -74.89,48.61,1000 -74.62,48.72,1000 -74.30,48.86,1000 -74.00,48.95,1000 -73.48,48.94,1000 -73.32,49.03,1000 -73.15,49.25,1000 -72.98,49.49,1000 -72.76,49.71,1000 -72.51,49.85,1000 -72.17,49.97,1000 -71.99,50.17,1000 -71.72,50.32,1000 -71.32,50.40,1000 -70.89,50.42,1000 -70.71,50.43,1000 -70.63,50.54,1000 -70.49,50.83,1000 -70.33,50.96,1000 -70.01,51.04,1000 -69.73,51.01,1000 -69.27,50.96,1000 -68.70,51.13,1000 
          </coordinates>
        </LinearRing>
      </outerBoundaryIs>
      <innerBoundaryIs>
        <LinearRing>
          <coordinates>
-70.25,47.58,1000 -70.22,47.58,1000 -70.19,47.59,1000 -70.16,47.59,1000 -70.13,47.59,1000 -70.11,47.59,1000 -70.08,47.59,1000 -70.06,47.59,1000 -70.03,47.59,1000 -70.02,47.59,1000 -70.00,47.59,1000 -69.98,47.58,1000 -69.97,47.57,1000 -69.96,47.56,1000 -69.96,47.54,1000 -69.96,47.52,1000 -69.96,47.51,1000 -69.96,47.49,1000 -69.96,47.48,1000 -69.96,47.46,1000 -69.97,47.44,1000 -69.97,47.42,1000 -69.97,47.40,1000 -69.98,47.38,1000 -69.98,47.37,1000 -69.99,47.35,1000 -70.00,47.33,1000 -70.01,47.31,1000 -70.02,47.30,1000 -70.03,47.28,1000 -70.04,47.26,1000 -70.05,47.24,1000 -70.06,47.23,1000 -70.07,47.21,1000 -70.08,47.20,1000 -70.09,47.19,1000 -70.11,47.18,1000 -70.13,47.17,1000 -70.15,47.17,1000 -70.17,47.16,1000 -70.20,47.15,1000 -70.22,47.14,1000 -70.25,47.12,1000 -70.28,47.12,1000 -70.31,47.11,1000 -70.34,47.10,1000 -70.36,47.10,1000 -70.38,47.10,1000 -70.40,47.11,1000 -70.41,47.12,1000 -70.43,47.13,1000 -70.44,47.14,1000 -70.45,47.16,1000 -70.46,47.18,1000 -70.47,47.20,1000 -70.48,47.22,1000 -70.49,47.23,1000 -70.50,47.25,1000 -70.51,47.27,1000 -70.52,47.29,1000 -70.53,47.31,1000 -70.54,47.33,1000 -70.54,47.35,1000 -70.55,47.36,1000 -70.56,47.38,1000 -70.56,47.39,1000 -70.57,47.41,1000 -70.56,47.42,1000 -70.56,47.42,1000 -70.54,47.44,1000 -70.53,47.45,1000 -70.51,47.46,1000 -70.50,47.47,1000 -70.48,47.48,1000 -70.46,47.49,1000 -70.44,47.50,1000 -70.42,47.51,1000 -70.40,47.53,1000 -70.38,47.54,1000 -70.35,47.56,1000 -70.33,47.57,1000 -70.25,47.58,1000 
          </coordinates>
        </LinearRing>
      </innerBoundaryIs>
      <innerBoundaryIs>
        <LinearRing>
          <coordinates>
-64.86,45.46,1000 -64.84,45.47,1000 -64.81,45.48,1000 -64.79,45.49,1000 -64.76,45.50,1000 -64.74,45.51,1000 -64.72,45.52,1000 -64.70,45.52,1000 -64.67,45.53,1000 -64.65,45.53,1000 -64.63,45.53,1000 -64.61,45.53,1000 -64.59,45.53,1000 -64.57,45.52,1000 -64.55,45.52,1000 -64.53,45.50,1000 -64.51,45.49,1000 -64.49,45.47,1000 -64.48,45.46,1000 -64.46,45.44,1000 -64.44,45.42,1000 -64.43,45.41,1000 -64.41,45.39,1000 -64.40,45.38,1000 -64.39,45.37,1000 -64.36,45.35,1000 -64.35,45.34,1000 -64.35,45.33,1000 -64.36,45.32,1000 -64.37,45.32,1000 -64.41,45.31,1000 -64.43,45.31,1000 -64.45,45.31,1000 -64.47,45.30,1000 -64.49,45.30,1000 -64.52,45.30,1000 -64.55,45.29,1000 -64.57,45.29,1000 -64.60,45.29,1000 -64.62,45.29,1000 -64.65,45.28,1000 -64.67,45.28,1000 -64.70,45.28,1000 -64.72,45.27,1000 -64.75,45.26,1000 -64.78,45.26,1000 -64.80,45.25,1000 -64.82,45.25,1000 -64.84,45.24,1000 -64.86,45.24,1000 -64.88,45.24,1000 -64.90,45.24,1000 -64.91,45.24,1000 -64.94,45.24,1000 -64.96,45.24,1000 -64.98,45.24,1000 -65.01,45.24,1000 -65.04,45.25,1000 -65.06,45.25,1000 -65.09,45.25,1000 -65.12,45.25,1000 -65.14,45.26,1000 -65.16,45.26,1000 -65.18,45.26,1000 -65.21,45.28,1000 -65.20,45.29,1000 -65.19,45.29,1000 -65.16,45.30,1000 -65.15,45.31,1000 -65.13,45.31,1000 -65.12,45.32,1000 -65.10,45.33,1000 -65.09,45.34,1000 -65.07,45.35,1000 -65.05,45.37,1000 -65.03,45.38,1000 -65.01,45.39,1000 -64.98,45.40,1000 -64.96,45.42,1000 -64.94,45.43,1000 -64.86,45.46,1000 
          </coordinates>
        </LinearRing>
      </innerBoundaryIs>
      <innerBoundaryIs>
        <LinearRing>
          <coordinates>
-68.45,51.08,2000 -67.82,51.05,2000 -67.39,50.92,2000 -67.02,50.78,2000 -66.66,50.64,2000 -66.26,50.50,2000 -65.98,50.36,2000 -65.73,50.13,2000 -65.48,49.90,2000 -65.17,49.72,2000 -64.73,49.54,2000 -64.30,49.37,2000 -63.91,49.19,2000 -63.73,48.94,2000 -63.64,48.72,2000 -63.33,48.55,2000 -63.13,48.32,2000 -63.06,48.00,2000 -63.23,47.67,2000 -63.44,47.45,2000 -63.56,47.32,2000 -63.54,47.19,2000 -63.30,47.08,2000 -62.95,47.06,2000 -62.68,47.06,2000 -62.42,46.99,2000 -62.29,46.82,2000 -62.24,46.53,2000 -62.26,46.25,2000 -62.45,45.88,2000 -62.61,45.55,2000 -62.77,45.22,2000 -62.92,44.84,2000 -63.02,44.45,2000 -63.06,44.16,2000 -63.11,43.89,2000 -63.28,43.67,2000 -63.45,43.54,2000 -63.65,43.51,2000 -64.15,43.59,2000 -64.64,43.70,2000 -65.07,43.88,2000 -65.46,44.07,2000 -65.66,44.19,2000 -65.79,44.45,2000 -65.58,44.79,2000 -65.35,45.02,2000 -65.04,45.13,2000 -64.53,45.18,2000 -64.27,45.20,2000 -64.16,45.33,2000 -64.43,45.63,2000 -64.57,45.72,2000 -64.92,45.58,2000 -65.28,45.42,2000 -65.58,45.37,2000 -65.80,45.53,2000 -65.74,45.70,2000 -65.53,45.83,2000 -65.18,45.98,2000 -65.11,46.19,2000 -65.12,46.43,2000 -64.95,46.63,2000 -64.64,46.77,2000 -64.59,46.98,2000 -64.77,47.08,2000 -65.06,47.10,2000 -65.45,46.98,2000 -65.82,46.81,2000 -66.18,46.63,2000 -66.47,46.44,2000 -66.70,46.22,2000 -67.13,46.10,2000 -67.40,46.14,2000 -67.82,46.31,2000 -68.04,46.44,2000 -68.34,46.64,2000 -68.60,46.72,2000 -68.81,46.72,2000 -69.12,46.67,2000 -69.44,46.79,2000 -69.77,46.97,2000 -69.81,47.28,2000 -69.76,47.53,2000 -69.79,47.67,2000 -70.00,47.74,2000 -70.45,47.63,2000 -70.56,47.59,2000 -70.67,47.38,2000 -70.64,47.08,2000 -70.43,46.94,2000 -70.19,46.90,2000 -69.95,46.71,2000 -69.87,46.39,2000 -70.03,46.00,2000 -70.18,45.91,2000 -70.42,45.88,2000 -70.75,45.77,2000 -70.84,45.46,2000 -71.07,45.15,2000 -71.34,45.05,2000 -71.63,45.26,2000 -71.99,45.55,2000 -72.29,45.79,2000 -72.65,45.99,2000 -73.20,46.03,2000 -73.58,45.92,2000 -73.94,45.79,2000 -74.32,45.71,2000 -74.82,45.75,2000 -75.30,45.90,2000 -75.47,46.07,2000 -75.63,46.34,2000 -75.78,46.61,2000 -75.92,46.74,2000 -76.15,46.80,2000 -76.57,46.73,2000 -76.93,46.59,2000 -77.26,46.43,2000 -77.52,46.28,2000 -77.98,46.19,2000 -78.48,46.20,2000 -78.98,46.22,2000 -79.44,46.16,2000 -79.71,46.18,2000 -80.03,46.20,2000 -80.48,46.18,2000 -80.90,46.16,2000 -81.27,46.25,2000 -81.65,46.43,2000 -81.90,46.63,2000 -82.12,46.83,2000 -82.20,47.08,2000 -82.16,47.44,2000 -82.16,47.65,2000 -82.26,47.84,2000 -82.37,48.08,2000 -82.37,48.30,2000 -82.28,48.49,2000 -82.14,48.63,2000 -81.94,48.68,2000 -81.43,48.64,2000 -80.85,48.59,2000 -80.49,48.56,2000 -80.15,48.51,2000 -79.67,48.41,2000 -79.17,48.29,2000 -78.73,48.17,2000 -78.36,48.06,2000 -77.88,47.94,2000 -77.46,47.98,2000 -77.02,48.01,2000 -76.53,48.05,2000 -76.09,48.11,2000 -75.68,48.19,2000 -75.33,48.31,2000 -74.99,48.45,2000 -74.61,48.62,2000 -74.28,48.77,2000 -74.00,48.84,2000 -73.49,48.79,2000 -73.19,48.65,2000 -72.91,48.51,2000 -72.63,48.43,2000 -72.43,48.48,2000 -72.70,48.67,2000 -72.99,48.84,2000 -73.05,49.14,2000 -72.87,49.45,2000 -72.68,49.64,2000 -72.34,49.83,2000 -72.00,50.02,2000 -71.80,50.18,2000 -71.62,50.28,2000 -71.37,50.33,2000 -70.99,50.34,2000 -70.80,50.35,2000 -70.58,50.46,2000 -70.40,50.78,2000 -70.06,50.98,2000 -69.49,50.93,2000 -69.09,50.98,2000 -68.45,51.08,2000 
          </coordinates>
        </LinearRing>
      </innerBoundaryIs>
      <innerBoundaryIs>
        <LinearRing>
          <coordinates>
-73.90,47.09,2000 -73.89,47.08,2000 -73.88,47.06,2000 -73.87,47.05,2000 -73.86,47.03,2000 -73.85,47.02,2000 -73.85,47.00,2000 -73.84,46.98,2000 -73.83,46.97,2000 -73.83,46.95,2000 -73.83,46.93,2000 -73.82,46.92,2000 -73.82,46.90,2000 -73.82,46.88,2000 -73.82,46.87,2000 -73.82,46.85,2000 -73.82,46.83,2000 -73.83,46.81,2000 -73.83,46.80,2000 -73.84,46.78,2000 -73.85,46.76,2000 -73.86,46.75,2000 -73.88,46.73,2000 -73.89,46.71,2000 -73.91,46.70,2000 -73.93,46.68,2000 -73.95,46.67,2000 -73.96,46.65,2000 -73.98,46.64,2000 -73.99,46.63,2000 -74.00,46.62,2000 -74.01,46.63,2000 -74.01,46.64,2000 -74.02,46.65,2000 -74.02,46.67,2000 -74.03,46.69,2000 -74.03,46.71,2000 -74.04,46.72,2000 -74.04,46.74,2000 -74.04,46.76,2000 -74.05,46.78,2000 -74.05,46.80,2000 -74.05,46.82,2000 -74.05,46.83,2000 -74.05,46.85,2000 -74.05,46.87,2000 -74.05,46.89,2000 -74.05,46.90,2000 -74.05,46.92,2000 -74.05,46.94,2000 -74.05,46.95,2000 -74.05,46.97,2000 -73.90,47.09,2000 
          </coordinates>
        </LinearRing>
      </innerBoundaryIs>
  </Polygon>
 </MultiGeometry>
</Placemark>
<Placemark>
  <name>5%</name>
  <visibility>1</visibility>
  <styleUrl>#poly_5</styleUrl>
  <MultiGeometry>
    <Polygon>
      <outerBoundaryIs>
        <LinearRing>
          <coordinates>
-74.72,40.99,1000 -74.67,41.01,1000 -74.62,41.02,1000 -74.57,41.04,1000 -74.52,41.05,1000 -74.47,41.06,1000 -74.41,41.07,1000 -74.35,41.07,1000 -74.29,41.07,1000 -74.23,41.07,1000 -74.18,41.06,1000 -74.12,41.04,1000 -74.07,41.02,1000 -74.02,41.00,1000 -73.98,40.98,1000 -73.95,40.95,1000 -73.91,40.92,1000 -73.87,40.89,1000 -73.81,40.87,1000 -73.76,40.86,1000 -73.70,40.85,1000 -73.64,40.84,1000 -73.57,40.83,1000 -73.50,40.82,1000 -73.44,40.81,1000 -73.39,40.81,1000 -73.35,40.80,1000 -73.35,40.78,1000 -73.39,40.78,1000 -73.44,40.79,1000 -73.50,40.80,1000 -73.57,40.81,1000 -73.64,40.82,1000 -73.71,40.82,1000 -73.77,40.83,1000 -73.82,40.82,1000 -73.88,40.80,1000 -73.93,40.77,1000 -73.97,40.74,1000 -74.01,40.71,1000 -74.05,40.67,1000 -74.09,40.64,1000 -74.14,40.61,1000 -74.19,40.58,1000 -74.25,40.55,1000 -74.30,40.53,1000 -74.35,40.50,1000 -74.40,40.47,1000 -74.45,40.44,1000 -74.51,40.42,1000 -74.56,40.39,1000 -74.61,40.37,1000 -74.67,40.35,1000 -74.73,40.33,1000 -74.79,40.32,1000 -74.85,40.31,1000 -74.91,40.31,1000 -74.97,40.30,1000 -75.03,40.31,1000 -75.09,40.31,1000 -75.15,40.31,1000 -75.20,40.32,1000 -75.26,40.32,1000 -75.31,40.34,1000 -75.36,40.36,1000 -75.41,40.38,1000 -75.45,40.41,1000 -75.49,40.44,1000 -75.52,40.47,1000 -75.53,40.50,1000 -75.53,40.54,1000 -75.52,40.58,1000 -75.49,40.62,1000 -75.46,40.65,1000 -75.42,40.69,1000 -75.38,40.73,1000 -75.33,40.77,1000 -75.29,40.80,1000 -75.24,40.83,1000 -75.19,40.86,1000 -75.13,40.88,1000 -75.08,40.89,1000 -75.02,40.91,1000 -74.97,40.92,1000 -74.72,40.99,1000 
          </coordinates>
        </LinearRing>
      </outerBoundaryIs>
      <innerBoundaryIs>
        <LinearRing>
          <coordinates>
-74.26,40.92,2000 -74.24,40.92,2000 -74.22,40.91,2000 -74.21,40.89,2000 -74.21,40.87,2000 -74.21,40.85,2000 -74.21,40.83,2000 -74.21,40.81,2000 -74.22,40.78,2000 -74.22,40.76,2000 -74.22,40.74,2000 -74.23,40.72,2000 -74.24,40.70,2000 -74.26,40.69,2000 -74.28,40.68,2000 -74.31,40.67,2000 -74.33,40.66,2000 -74.35,40.65,2000 -74.38,40.64,2000 -74.40,40.62,2000 -74.43,40.61,2000 -74.46,40.60,2000 -74.48,40.59,2000 -74.50,40.58,2000 -74.52,40.57,2000 -74.54,40.56,2000 -74.57,40.55,2000 -74.59,40.54,2000 -74.61,40.54,2000 -74.64,40.53,2000 -74.67,40.52,2000 -74.70,40.51,2000 -74.73,40.50,2000 -74.76,40.49,2000 -74.79,40.49,2000 -74.82,40.48,2000 -74.85,40.47,2000 -74.88,40.47,2000 -74.91,40.46,2000 -74.94,40.45,2000 -74.97,40.45,2000 -75.00,40.45,2000 -75.03,40.45,2000 -75.06,40.46,2000 -75.08,40.47,2000 -75.10,40.48,2000 -75.12,40.50,2000 -75.15,40.52,2000 -75.17,40.54,2000 -75.19,40.56,2000 -75.21,40.59,2000 -75.22,40.61,2000 -75.23,40.63,2000 -75.24,40.65,2000 -75.24,40.66,2000 -75.23,40.67,2000 -75.21,40.69,2000 -75.19,40.70,2000 -75.16,40.71,2000 -75.12,40.71,2000 -75.09,40.72,2000 -75.06,40.73,2000 -75.03,40.73,2000 -75.00,40.74,2000 -74.97,40.75,2000 -74.94,40.76,2000 -74.92,40.77,2000 -74.89,40.78,2000 -74.87,40.78,2000 -74.85,40.79,2000 -74.83,40.80,2000 -74.81,40.80,2000 -74.79,40.80,2000 -74.76,40.81,2000 -74.74,40.82,2000 -74.72,40.82,2000 -74.69,40.83,2000 -74.66,40.84,2000 -74.63,40.86,2000 -74.60,40.87,2000 -74.57,40.88,2000 -74.55,40.89,2000 -74.52,40.89,2000 -74.50,40.90,2000 -74.46,40.91,2000 -74.43,40.91,2000 -74.41,40.91,2000 -74.39,40.91,2000 -74.26,40.92,2000 
          </coordinates>
        </LinearRing>
      </innerBoundaryIs>
  </Polygon>
 </MultiGeometry>
</Placemark>
<Placemark>
  <name>5%</name>
  <visibility>1</visibility>
  <styleUrl>#poly_5</styleUrl>
  <MultiGeometry>
    <Polygon>
      <outerBoundaryIs>
        <LinearRing>
          <coordinates>
-72.69,44.83,1000 -72.66,44.84,1000 -72.64,44.84,1000 -72.61,44.85,1000 -72.58,44.85,1000 -72.56,44.86,1000 -72.53,44.86,1000 -72.51,44.87,1000 -72.49,44.87,1000 -72.47,44.87,1000 -72.45,44.86,1000 -72.44,44.86,1000 -72.43,44.85,1000 -72.42,44.84,1000 -72.41,44.83,1000 -72.40,44.81,1000 -72.40,44.79,1000 -72.40,44.78,1000 -72.40,44.76,1000 -72.40,44.74,1000 -72.40,44.72,1000 -72.40,44.71,1000 -72.40,44.69,1000 -72.40,44.67,1000 -72.41,44.66,1000 -72.41,44.64,1000 -72.41,44.63,1000 -72.42,44.61,1000 -72.42,44.60,1000 -72.43,44.58,1000 -72.43,44.56,1000 -72.44,44.55,1000 -72.45,44.53,1000 -72.45,44.52,1000 -72.46,44.50,1000 -72.47,44.48,1000 -72.48,44.46,1000 -72.49,44.44,1000 -72.50,44.43,1000 -72.51,44.42,1000 -72.53,44.41,1000 -72.54,44.41,1000 -72.55,44.41,1000 -72.57,44.42,1000 -72.59,44.43,1000 -72.60,44.44,1000 -72.62,44.46,1000 -72.64,44.47,1000 -72.66,44.49,1000 -72.68,44.51,1000 -72.70,44.52,1000 -72.71,44.54,1000 -72.73,44.55,1000 -72.74,44.56,1000 -72.75,44.57,1000 -72.76,44.58,1000 -72.75,44.59,1000 -72.75,44.60,1000 -72.75,44.61,1000 -72.75,44.62,1000 -72.75,44.64,1000 -72.75,44.65,1000 -72.75,44.67,1000 -72.74,44.69,1000 -72.74,44.70,1000 -72.74,44.72,1000 -72.74,44.74,1000 -72.74,44.76,1000 -72.69,44.83,1000 
          </coordinates>
        </LinearRing>
      </outerBoundaryIs>
  </Polygon>
 </MultiGeometry>
</Placemark>
<Placemark>
  <name>10%</name>
  <visibility>1</visibility>
  <styleUrl>#poly_10</styleUrl>
  <MultiGeometry>
    <Polygon>
      <outerBoundaryIs>
        <LinearRing>
          <coordinates>
-72.88,44.00,2000 -72.87,43.99,2000 -72.85,43.98,2000 -72.84,43.97,2000 -72.83,43.96,2000 -72.82,43.96,2000 -72.81,43.95,2000 -72.80,43.94,2000 -72.79,43.93,2000 -72.78,43.91,2000 -72.77,43.90,2000 -72.77,43.89,2000 -72.77,43.88,2000 -72.76,43.87,2000 -72.76,43.86,2000 -72.76,43.84,2000 -72.76,43.83,2000 -72.76,43.82,2000 -72.76,43.80,2000 -72.76,43.79,2000 -72.77,43.78,2000 -72.77,43.76,2000 -72.77,43.75,2000 -72.78,43.74,2000 -72.78,43.73,2000 -72.79,43.72,2000 -72.80,43.71,2000 -72.81,43.70,2000 -72.83,43.69,2000 -72.84,43.68,2000 -72.86,43.68,2000 -72.88,43.67,2000 -72.89,43.67,2000 -72.91,43.66,2000 -72.93,43.66,2000 -72.95,43.66,2000 -72.96,43.66,2000 -72.97,43.66,2000 -72.99,43.67,2000 -73.00,43.67,2000 -73.02,43.68,2000 -73.03,43.69,2000 -73.04,43.70,2000 -73.06,43.71,2000 -73.07,43.72,2000 -73.08,43.73,2000 -73.09,43.74,2000 -73.09,43.75,2000 -73.10,43.76,2000 -73.10,43.77,2000 -73.11,43.78,2000 -73.11,43.79,2000 -73.11,43.80,2000 -73.11,43.81,2000 -73.10,43.83,2000 -73.10,43.84,2000 -73.10,43.85,2000 -73.09,43.86,2000 -73.09,43.88,2000 -73.09,43.89,2000 -73.08,43.90,2000 -73.08,43.92,2000 -73.07,43.93,2000 -72.88,44.00,2000 
          </coordinates>
        </LinearRing>
      </outerBoundaryIs>
  </Polygon>
 </MultiGeometry>
</Placemark>
<Placemark>
  <name>10%</name>
  <visibility>1</visibility>
  <styleUrl>#poly_10</styleUrl>
  <MultiGeometry>
    <Polygon>
      <outerBoundaryIs>
        <LinearRing>
          <coordinates>
-127.40,50.46,2000 -126.59,50.61,2000 -126.20,50.65,2000 -125.94,50.60,2000 -125.56,50.65,2000 -125.36,50.77,2000 -125.09,50.83,2000 -124.38,50.92,2000 -123.99,50.97,2000 -123.68,50.92,2000 -123.32,50.74,2000 -122.97,50.65,2000 -122.37,50.62,2000 -121.96,50.63,2000 -120.91,50.78,2000 -120.55,50.83,2000 -120.10,51.06,2000 -119.70,51.13,2000 -119.42,51.27,2000 -119.01,51.47,2000 -118.87,51.56,2000 -118.51,51.65,2000 -117.89,51.72,2000 -117.60,51.73,2000 -117.36,51.69,2000 -116.95,51.70,2000 -116.75,51.81,2000 -116.35,51.87,2000 -115.62,51.94,2000 -115.02,52.00,2000 -114.14,52.08,2000 -113.21,52.16,2000 -112.10,52.25,2000 -111.16,52.32,2000 -110.32,52.38,2000 -109.64,52.42,2000 -108.78,52.48,2000 -107.91,52.53,2000 -107.05,52.58,2000 -106.32,52.62,2000 -105.59,52.65,2000 -104.95,52.65,2000 -103.77,52.59,2000 -103.28,52.43,2000 -102.86,52.34,2000 -102.15,52.29,2000 -101.66,52.14,2000 -101.31,52.01,2000 -100.68,51.95,2000 -99.37,51.82,2000 -98.91,51.80,2000 -98.33,51.92,2000 -97.94,51.94,2000 -97.50,51.91,2000 -96.91,51.81,2000 -96.48,51.73,2000 -96.09,51.70,2000 -95.76,51.71,2000 -95.40,51.79,2000 -94.84,51.92,2000 -94.46,51.86,2000 -94.36,51.63,2000 -94.47,51.50,2000 -94.78,51.42,2000 -95.48,51.36,2000 -96.13,51.34,2000 -96.64,51.14,2000 -96.94,50.87,2000 -97.07,50.65,2000 -97.07,50.24,2000 -97.03,49.98,2000 -96.79,49.55,2000 -96.49,49.63,2000 -96.10,49.89,2000 -95.61,50.03,2000 -95.25,50.04,2000 -94.93,50.00,2000 -94.48,49.88,2000 -93.67,49.77,2000 -93.31,49.70,2000 -92.69,49.64,2000 -91.98,49.62,2000 -91.50,49.50,2000 -90.97,49.44,2000 -90.56,49.55,2000 -90.18,49.61,2000 -89.79,49.55,2000 -89.34,49.41,2000 -88.81,49.21,2000 -88.43,49.15,2000 -88.20,49.30,2000 -87.85,49.49,2000 -87.53,49.53,2000 -87.24,49.49,2000 -86.82,49.40,2000 -86.59,49.35,2000 -86.42,49.20,2000 -85.82,48.63,2000 -85.67,48.32,2000 -85.39,48.00,2000 -85.64,47.98,2000 -85.82,48.05,2000 -86.17,48.39,2000 -86.48,48.58,2000 -86.86,48.63,2000 -87.26,48.60,2000 -87.95,48.66,2000 -88.18,48.62,2000 -88.38,48.47,2000 -88.70,48.13,2000 -89.01,47.87,2000 -89.62,47.32,2000 -90.33,46.88,2000 -91.09,46.37,2000 -91.48,46.26,2000 -92.08,46.23,2000 -93.30,46.41,2000 -94.53,46.59,2000 -95.16,46.66,2000 -95.47,46.80,2000 -95.98,47.40,2000 -96.40,47.56,2000 -96.68,47.50,2000 -97.32,47.19,2000 -98.46,47.27,2000 -99.55,47.36,2000 -99.82,47.28,2000 -100.24,47.25,2000 -100.77,47.33,2000 -101.64,47.32,2000 -102.37,47.43,2000 -102.94,47.45,2000 -103.44,47.39,2000 -103.74,47.49,2000 -103.97,47.71,2000 -104.21,47.75,2000 -104.40,47.71,2000 -104.60,47.66,2000 -104.99,47.67,2000 -105.44,47.95,2000 -105.81,48.07,2000 -106.28,48.17,2000 -106.67,48.41,2000 -106.86,48.66,2000 -107.14,48.89,2000 -107.62,49.06,2000 -107.95,49.06,2000 -108.17,48.98,2000 -108.83,48.45,2000 -109.01,48.18,2000 -109.30,47.91,2000 -109.45,47.69,2000 -109.46,47.58,2000 -109.42,47.37,2000 -109.47,47.18,2000 -109.78,47.04,2000 -109.87,46.95,2000 -109.88,46.70,2000 -110.00,46.48,2000 -109.95,46.16,2000 -109.96,46.02,2000 -110.16,45.80,2000 -109.99,45.63,2000 -109.60,45.44,2000 -109.29,45.22,2000 -109.19,45.06,2000 -109.23,44.84,2000 -109.33,44.59,2000 -109.35,44.35,2000 -109.20,44.11,2000 -109.15,43.91,2000 -109.21,43.68,2000 -109.17,43.43,2000 -109.05,43.29,2000 -108.76,42.96,2000 -108.56,42.66,2000 -108.53,42.38,2000 -108.64,42.18,2000 -108.80,42.05,2000 -109.09,41.96,2000 -109.65,42.09,2000 -109.83,42.12,2000 -109.97,42.02,2000 -110.04,41.93,2000 -110.15,41.48,2000 -109.90,41.20,2000 -109.73,41.10,2000 -109.43,41.07,2000 -109.28,41.22,2000 -109.00,41.36,2000 -108.72,41.31,2000 -108.53,41.19,2000 -108.49,40.97,2000 -108.59,40.54,2000 -108.60,40.34,2000 -108.80,40.21,2000 -109.13,40.26,2000 -109.29,40.34,2000 -109.53,40.37,2000 -109.81,40.33,2000 -110.09,40.25,2000 -110.22,40.14,2000 -110.25,40.00,2000 -110.08,39.85,2000 -109.76,39.70,2000 -109.49,39.67,2000 -109.23,39.74,2000 -108.73,39.98,2000 -108.21,40.18,2000 -107.95,40.40,2000 -107.82,40.67,2000 -107.88,40.97,2000 -107.88,41.41,2000 -107.69,41.71,2000 -106.60,41.71,2000 -106.47,41.73,2000 -106.25,41.72,2000 -106.01,41.58,2000 -105.88,41.25,2000 -105.76,41.05,2000 -105.62,40.96,2000 -105.37,40.65,2000 -105.27,40.18,2000 -105.36,39.83,2000 -105.53,39.37,2000 -105.78,39.08,2000 -105.95,38.75,2000 -106.22,37.98,2000 -105.93,37.21,2000 -105.86,36.94,2000 -105.90,36.76,2000 -106.16,36.47,2000 -106.44,36.43,2000 -106.78,36.52,2000 -107.10,36.64,2000 -107.38,36.89,2000 -107.62,36.97,2000 -107.95,37.01,2000 -108.40,37.12,2000 -108.70,37.32,2000 -108.97,37.62,2000 -109.09,37.78,2000 -108.97,37.91,2000 -108.73,38.22,2000 -108.83,38.33,2000 -109.01,38.36,2000 -109.16,38.37,2000 -109.40,38.50,2000 -109.24,38.66,2000 -108.89,38.97,2000 -108.62,39.06,2000 -108.71,39.17,2000 -109.02,39.26,2000 -109.45,39.09,2000 -109.71,39.03,2000 -110.00,39.13,2000 -110.29,39.33,2000 -110.60,39.48,2000 -110.71,39.46,2000 -110.90,39.27,2000 -111.08,38.97,2000 -111.20,38.67,2000 -111.10,38.27,2000 -110.96,38.09,2000 -111.03,37.90,2000 -111.27,37.63,2000 -111.68,37.28,2000 -111.84,37.19,2000 -111.95,37.00,2000 -111.81,36.53,2000 -111.77,36.29,2000 -111.83,36.08,2000 -111.38,35.43,2000 -110.89,34.77,2000 -110.58,34.47,2000 -110.54,34.26,2000 -110.80,34.12,2000 -111.25,34.21,2000 -111.45,34.30,2000 -111.63,34.47,2000 -111.89,34.77,2000 -112.24,34.94,2000 -112.46,35.18,2000 -112.37,35.57,2000 -112.22,35.74,2000 -112.19,35.93,2000 -112.33,36.08,2000 -112.62,36.37,2000 -112.67,36.72,2000 -112.68,36.77,2000 -113.04,36.89,2000 -113.38,37.08,2000 -113.86,37.18,2000 -114.40,37.22,2000 -114.59,37.27,2000 -114.82,37.50,2000 -114.91,37.71,2000 -115.16,37.94,2000 -115.41,37.75,2000 -115.62,37.48,2000 -116.14,36.98,2000 -116.44,36.93,2000 -116.77,37.01,2000 -116.98,36.83,2000 -117.15,36.75,2000 -117.26,36.53,2000 -117.12,36.41,2000 -116.87,36.33,2000 -116.78,36.17,2000 -116.81,36.03,2000 -117.02,35.89,2000 -117.20,35.86,2000 -117.57,35.73,2000 -117.84,35.46,2000 -118.05,35.14,2000 -118.38,34.87,2000 -119.08,34.41,2000 -119.46,34.47,2000 -119.64,34.64,2000 -119.59,34.85,2000 -119.36,35.02,2000 -119.11,35.09,2000 -118.82,35.08,2000 -118.88,35.52,2000 -118.99,36.02,2000 -119.17,36.43,2000 -119.45,36.83,2000 -119.80,37.08,2000 -120.24,37.49,2000 -120.68,38.08,2000 -120.82,38.23,2000 -120.93,38.46,2000 -121.10,38.87,2000 -121.62,39.54,2000 -121.85,39.79,2000 -122.00,40.02,2000 -122.09,40.25,2000 -122.17,40.43,2000 -122.24,40.51,2000 -122.39,40.45,2000 -122.48,40.34,2000 -122.45,40.08,2000 -122.35,39.57,2000 -122.43,39.26,2000 -122.72,39.06,2000 -123.07,39.06,2000 -123.49,39.28,2000 -123.79,39.55,2000 -123.91,39.76,2000 -123.99,40.09,2000 -124.18,40.46,2000 -124.17,40.73,2000 -124.25,41.14,2000 -124.33,41.63,2000 -124.40,42.12,2000 -124.47,42.52,2000 -124.42,42.79,2000 -124.19,43.13,2000 -124.19,43.44,2000 -123.99,43.86,2000 -123.97,44.24,2000 -123.91,44.60,2000 -124.02,44.91,2000 -123.97,45.35,2000 -123.97,45.75,2000 -123.94,45.95,2000 -123.80,46.13,2000 -123.73,46.34,2000 -123.77,46.54,2000 -123.42,46.89,2000 -123.85,47.06,2000 -124.21,47.31,2000 -124.51,47.65,2000 -124.61,47.87,2000 -124.65,48.12,2000 -124.62,48.34,2000 -124.83,48.53,2000 -125.15,48.74,2000 -125.78,49.05,2000 -126.50,49.45,2000 -126.86,49.79,2000 -127.31,49.97,2000 -127.56,50.14,2000 -127.59,50.25,2000 -127.40,50.46,2000 
          </coordinates>
        </LinearRing>
      </outerBoundaryIs>
      <innerBoundaryIs>
        <LinearRing>
          <coordinates>
-122.94,45.60,2000 -122.87,45.62,2000 -122.81,45.63,2000 -122.75,45.64,2000 -122.71,45.65,2000 -122.68,45.64,2000 -122.66,45.61,2000 -122.64,45.58,2000 -122.61,45.54,2000 -122.59,45.49,2000 -122.58,45.45,2000 -122.58,45.41,2000 -122.59,45.37,2000 -122.60,45.34,2000 -122.61,45.31,2000 -122.64,45.27,2000 -122.66,45.24,2000 -122.70,45.20,2000 -122.73,45.16,2000 -122.77,45.13,2000 -122.79,45.10,2000 -122.82,45.07,2000 -122.84,45.04,2000 -122.87,45.00,2000 -122.90,44.96,2000 -122.92,44.91,2000 -122.94,44.88,2000 -122.95,44.84,2000 -122.95,44.81,2000 -122.97,44.78,2000 -123.00,44.74,2000 -123.03,44.69,2000 -123.04,44.65,2000 -123.05,44.60,2000 -123.05,44.55,2000 -123.06,44.51,2000 -123.06,44.46,2000 -123.09,44.44,2000 -123.14,44.44,2000 -123.20,44.44,2000 -123.26,44.45,2000 -123.31,44.47,2000 -123.34,44.50,2000 -123.35,44.54,2000 -123.35,44.59,2000 -123.35,44.64,2000 -123.34,44.68,2000 -123.32,44.72,2000 -123.30,44.76,2000 -123.28,44.79,2000 -123.27,44.83,2000 -123.26,44.87,2000 -123.26,44.91,2000 -123.25,44.95,2000 -123.25,44.98,2000 -123.24,45.01,2000 -123.23,45.04,2000 -123.21,45.07,2000 -123.19,45.12,2000 -123.18,45.16,2000 -123.16,45.19,2000 -123.14,45.24,2000 -123.12,45.28,2000 -123.10,45.31,2000 -123.08,45.34,2000 -123.06,45.38,2000 -123.04,45.41,2000 -123.03,45.44,2000 -123.01,45.48,2000 -122.98,45.53,2000 -122.96,45.57,2000 -122.94,45.60,2000 
          </coordinates>
        </LinearRing>
      </innerBoundaryIs>
      <innerBoundaryIs>
        <LinearRing>
          <coordinates>
-123.56,49.21,2000 -123.43,49.18,2000 -123.31,49.14,2000 -123.19,49.11,2000 -123.09,49.08,2000 -123.00,49.06,2000 -122.86,49.03,2000 -122.76,49.01,2000 -122.68,48.98,2000 -122.61,48.94,2000 -122.56,48.89,2000 -122.54,48.82,2000 -122.54,48.73,2000 -122.53,48.64,2000 -122.50,48.56,2000 -122.47,48.49,2000 -122.42,48.40,2000 -122.38,48.34,2000 -122.33,48.27,2000 -122.27,48.20,2000 -122.22,48.14,2000 -122.18,48.08,2000 -122.13,48.00,2000 -122.10,47.93,2000 -122.07,47.86,2000 -122.05,47.78,2000 -122.03,47.71,2000 -122.04,47.62,2000 -122.06,47.56,2000 -122.08,47.49,2000 -122.12,47.42,2000 -122.15,47.35,2000 -122.19,47.29,2000 -122.24,47.22,2000 -122.29,47.15,2000 -122.35,47.08,2000 -122.41,47.03,2000 -122.51,46.98,2000 -122.61,46.95,2000 -122.71,46.93,2000 -122.81,46.92,2000 -122.91,46.93,2000 -122.97,46.95,2000 -122.99,47.00,2000 -122.97,47.08,2000 -122.95,47.15,2000 -122.92,47.20,2000 -122.88,47.25,2000 -122.83,47.32,2000 -122.80,47.38,2000 -122.76,47.46,2000 -122.73,47.53,2000 -122.70,47.61,2000 -122.68,47.68,2000 -122.67,47.77,2000 -122.68,47.85,2000 -122.71,47.93,2000 -122.75,47.99,2000 -122.81,48.04,2000 -122.88,48.09,2000 -122.96,48.13,2000 -123.07,48.16,2000 -123.21,48.19,2000 -123.34,48.22,2000 -123.43,48.26,2000 -123.49,48.33,2000 -123.50,48.41,2000 -123.50,48.50,2000 -123.50,48.56,2000 -123.49,48.63,2000 -123.48,48.70,2000 -123.48,48.76,2000 -123.50,48.84,2000 -123.53,48.92,2000 -123.57,49.00,2000 -123.56,49.21,2000 
          </coordinates>
        </LinearRing>
      </innerBoundaryIs>
      <innerBoundaryIs>
        <LinearRing>
          <coordinates>
-112.23,43.74,2000 -112.19,43.75,2000 -112.15,43.76,2000 -112.12,43.75,2000 -112.09,43.74,2000 -112.07,43.72,2000 -112.05,43.70,2000 -112.03,43.67,2000 -112.02,43.63,2000 -112.01,43.60,2000 -112.01,43.57,2000 -112.02,43.55,2000 -112.03,43.52,2000 -112.05,43.49,2000 -112.07,43.47,2000 -112.10,43.44,2000 -112.12,43.42,2000 -112.14,43.40,2000 -112.15,43.38,2000 -112.17,43.37,2000 -112.18,43.35,2000 -112.20,43.33,2000 -112.23,43.31,2000 -112.25,43.28,2000 -112.27,43.25,2000 -112.30,43.23,2000 -112.31,43.21,2000 -112.33,43.19,2000 -112.35,43.17,2000 -112.37,43.16,2000 -112.39,43.14,2000 -112.42,43.12,2000 -112.45,43.09,2000 -112.48,43.07,2000 -112.51,43.04,2000 -112.54,43.02,2000 -112.56,43.00,2000 -112.58,42.98,2000 -112.61,42.97,2000 -112.64,42.96,2000 -112.68,42.95,2000 -112.72,42.94,2000 -112.77,42.94,2000 -112.81,42.93,2000 -112.85,42.93,2000 -112.90,42.93,2000 -112.94,42.93,2000 -112.98,42.93,2000 -113.02,42.93,2000 -113.05,42.93,2000 -113.09,42.94,2000 -113.09,42.95,2000 -113.05,42.95,2000 -113.03,42.97,2000 -113.01,42.99,2000 -112.99,43.01,2000 -112.96,43.04,2000 -112.93,43.07,2000 -112.91,43.10,2000 -112.89,43.12,2000 -112.87,43.14,2000 -112.85,43.16,2000 -112.83,43.18,2000 -112.81,43.20,2000 -112.78,43.23,2000 -112.75,43.26,2000 -112.72,43.29,2000 -112.70,43.31,2000 -112.68,43.33,2000 -112.67,43.35,2000 -112.65,43.37,2000 -112.63,43.39,2000 -112.61,43.40,2000 -112.58,43.43,2000 -112.55,43.45,2000 -112.52,43.48,2000 -112.49,43.50,2000 -112.47,43.52,2000 -112.45,43.53,2000 -112.44,43.55,2000 -112.42,43.57,2000 -112.41,43.59,2000 -112.38,43.61,2000 -112.36,43.63,2000 -112.33,43.66,2000 -112.30,43.69,2000 -112.27,43.72,2000 -112.23,43.74,2000 
          </coordinates>
        </LinearRing>
      </innerBoundaryIs>
      <innerBoundaryIs>
        <LinearRing>
          <coordinates>
-119.64,48.12,2000 -119.52,48.12,2000 -119.40,48.10,2000 -119.31,48.05,2000 -119.21,47.97,2000 -119.13,47.88,2000 -119.03,47.76,2000 -118.92,47.66,2000 -118.82,47.60,2000 -118.70,47.54,2000 -118.58,47.49,2000 -118.46,47.45,2000 -118.28,47.42,2000 -118.09,47.40,2000 -117.93,47.38,2000 -117.76,47.35,2000 -117.65,47.30,2000 -117.60,47.25,2000 -117.56,47.14,2000 -117.52,47.06,2000 -117.46,46.95,2000 -117.41,46.84,2000 -117.35,46.73,2000 -117.31,46.65,2000 -117.21,46.53,2000 -117.20,46.48,2000 -117.33,46.48,2000 -117.52,46.51,2000 -117.71,46.51,2000 -117.87,46.47,2000 -118.02,46.41,2000 -118.16,46.33,2000 -118.25,46.26,2000 -118.34,46.17,2000 -118.42,46.08,2000 -118.49,46.00,2000 -118.58,45.90,2000 -118.67,45.81,2000 -118.75,45.73,2000 -118.86,45.65,2000 -118.96,45.59,2000 -119.06,45.57,2000 -119.21,45.55,2000 -119.32,45.52,2000 -119.46,45.49,2000 -119.61,45.45,2000 -119.76,45.41,2000 -119.89,45.37,2000 -120.06,45.31,2000 -120.21,45.26,2000 -120.35,45.20,2000 -120.46,45.15,2000 -120.58,45.09,2000 -120.68,45.03,2000 -120.77,44.98,2000 -120.88,44.90,2000 -120.95,44.86,2000 -121.08,44.89,2000 -121.12,44.95,2000 -121.15,45.03,2000 -121.17,45.13,2000 -121.17,45.25,2000 -121.16,45.38,2000 -121.16,45.48,2000 -121.18,45.56,2000 -121.20,45.61,2000 -121.17,45.68,2000 -121.11,45.75,2000 -121.03,45.80,2000 -120.94,45.84,2000 -120.77,45.84,2000 -120.66,45.87,2000 -120.57,45.92,2000 -120.51,45.98,2000 -120.50,46.08,2000 -120.57,46.17,2000 -120.67,46.29,2000 -120.74,46.40,2000 -120.74,46.52,2000 -120.70,46.64,2000 -120.66,46.75,2000 -120.63,46.86,2000 -120.59,46.95,2000 -120.51,47.03,2000 -120.42,47.13,2000 -120.38,47.24,2000 -120.35,47.37,2000 -120.32,47.48,2000 -120.29,47.58,2000 -120.24,47.65,2000 -120.16,47.71,2000 -120.05,47.77,2000 -119.64,48.12,2000 
          </coordinates>
        </LinearRing>
      </innerBoundaryIs>
      <innerBoundaryIs>
        <LinearRing>
          <coordinates>
-117.41,44.23,2000 -117.28,44.24,2000 -117.16,44.24,2000 -117.04,44.24,2000 -116.94,44.23,2000 -116.83,44.21,2000 -116.73,44.18,2000 -116.66,44.14,2000 -116.60,44.07,2000 -116.55,43.97,2000 -116.50,43.89,2000 -116.44,43.79,2000 -116.38,43.69,2000 -116.31,43.60,2000 -116.23,43.53,2000 -116.14,43.46,2000 -116.06,43.40,2000 -115.98,43.34,2000 -115.90,43.27,2000 -115.84,43.21,2000 -115.77,43.16,2000 -115.69,43.12,2000 -115.61,43.08,2000 -115.50,43.05,2000 -115.38,43.03,2000 -115.25,43.01,2000 -115.11,42.99,2000 -114.97,42.98,2000 -114.85,42.97,2000 -114.73,42.97,2000 -114.61,42.96,2000 -114.49,42.95,2000 -114.37,42.93,2000 -114.24,42.89,2000 -114.11,42.87,2000 -113.99,42.85,2000 -113.87,42.86,2000 -113.74,42.87,2000 -113.62,42.90,2000 -113.53,42.91,2000 -113.43,42.92,2000 -113.35,42.90,2000 -113.25,42.87,2000 -113.14,42.82,2000 -113.08,42.77,2000 -113.10,42.71,2000 -113.18,42.65,2000 -113.25,42.60,2000 -113.31,42.55,2000 -113.44,42.52,2000 -113.54,42.51,2000 -113.67,42.51,2000 -113.82,42.50,2000 -113.97,42.50,2000 -114.12,42.49,2000 -114.24,42.48,2000 -114.37,42.46,2000 -114.51,42.45,2000 -114.64,42.43,2000 -114.77,42.42,2000 -114.89,42.41,2000 -115.04,42.41,2000 -115.18,42.41,2000 -115.33,42.42,2000 -115.46,42.44,2000 -115.57,42.46,2000 -115.67,42.49,2000 -115.75,42.51,2000 -115.82,42.56,2000 -115.92,42.64,2000 -115.99,42.70,2000 -116.07,42.78,2000 -116.16,42.87,2000 -116.26,42.96,2000 -116.35,43.05,2000 -116.44,43.14,2000 -116.53,43.21,2000 -116.60,43.27,2000 -116.72,43.34,2000 -116.82,43.37,2000 -116.90,43.39,2000 -116.99,43.40,2000 -117.12,43.41,2000 -117.24,43.41,2000 -117.35,43.41,2000 -117.45,43.43,2000 -117.53,43.45,2000 -117.61,43.50,2000 -117.68,43.57,2000 -117.74,43.65,2000 -117.80,43.74,2000 -117.82,43.82,2000 -117.79,43.91,2000 -117.72,44.00,2000 -117.62,44.08,2000 -117.41,44.23,2000 
          </coordinates>
        </LinearRing>
      </innerBoundaryIs>
      <innerBoundaryIs>
        <LinearRing>
          <coordinates>
-113.07,41.76,2000 -112.94,41.80,2000 -112.83,41.81,2000 -112.75,41.77,2000 -112.67,41.69,2000 -112.60,41.61,2000 -112.52,41.52,2000 -112.44,41.43,2000 -112.37,41.34,2000 -112.30,41.25,2000 -112.25,41.15,2000 -112.20,41.05,2000 -112.16,40.95,2000 -112.21,40.84,2000 -112.29,40.79,2000 -112.42,40.73,2000 -112.56,40.68,2000 -112.70,40.62,2000 -112.83,40.56,2000 -112.91,40.50,2000 -112.96,40.39,2000 -112.95,40.27,2000 -112.91,40.16,2000 -112.88,40.06,2000 -112.84,39.96,2000 -112.79,39.88,2000 -112.71,39.81,2000 -112.57,39.75,2000 -112.40,39.70,2000 -112.27,39.65,2000 -112.20,39.60,2000 -112.18,39.54,2000 -112.15,39.44,2000 -112.15,39.33,2000 -112.19,39.26,2000 -112.24,39.18,2000 -112.31,39.10,2000 -112.39,39.02,2000 -112.48,38.94,2000 -112.57,38.86,2000 -112.66,38.78,2000 -112.76,38.70,2000 -112.86,38.63,2000 -112.97,38.56,2000 -113.08,38.51,2000 -113.19,38.48,2000 -113.30,38.50,2000 -113.40,38.55,2000 -113.50,38.61,2000 -113.58,38.66,2000 -113.65,38.72,2000 -113.72,38.81,2000 -113.77,38.90,2000 -113.82,39.00,2000 -113.86,39.12,2000 -113.89,39.23,2000 -113.90,39.35,2000 -113.89,39.47,2000 -113.88,39.59,2000 -113.87,39.69,2000 -113.85,39.81,2000 -113.87,39.90,2000 -113.94,39.99,2000 -114.03,40.09,2000 -114.11,40.19,2000 -114.17,40.28,2000 -114.23,40.36,2000 -114.26,40.44,2000 -114.27,40.53,2000 -114.27,40.61,2000 -114.25,40.71,2000 -114.22,40.83,2000 -114.17,40.95,2000 -114.12,41.07,2000 -114.09,41.16,2000 -114.05,41.24,2000 -113.94,41.33,2000 -113.85,41.39,2000 -113.73,41.45,2000 -113.60,41.51,2000 -113.45,41.58,2000 -113.30,41.64,2000 -113.14,41.71,2000 -113.07,41.76,2000 
          </coordinates>
        </LinearRing>
      </innerBoundaryIs>
      <innerBoundaryIs>
        <LinearRing>
          <coordinates>
-117.65,44.21,3000 -117.53,44.28,3000 -117.41,44.33,3000 -117.29,44.34,3000 -117.14,44.33,3000 -117.01,44.34,3000 -116.86,44.34,3000 -116.72,44.30,3000 -116.64,44.23,3000 -116.55,44.13,3000 -116.47,44.01,3000 -116.40,43.90,3000 -116.34,43.82,3000 -116.27,43.71,3000 -116.23,43.64,3000 -116.15,43.57,3000 -116.06,43.50,3000 -115.96,43.41,3000 -115.83,43.31,3000 -115.72,43.24,3000 -115.60,43.16,3000 -115.49,43.11,3000 -115.38,43.09,3000 -115.19,43.08,3000 -115.06,43.07,3000 -114.88,43.06,3000 -114.69,43.06,3000 -114.49,43.05,3000 -114.32,43.04,3000 -114.18,43.03,3000 -113.98,43.01,3000 -113.83,43.00,3000 -113.66,43.00,3000 -113.46,43.01,3000 -113.30,43.03,3000 -113.15,43.09,3000 -113.04,43.17,3000 -112.96,43.24,3000 -112.89,43.32,3000 -112.81,43.40,3000 -112.73,43.49,3000 -112.65,43.59,3000 -112.57,43.68,3000 -112.49,43.76,3000 -112.40,43.84,3000 -112.32,43.89,3000 -112.22,43.91,3000 -112.12,43.90,3000 -112.02,43.88,3000 -111.94,43.84,3000 -111.87,43.78,3000 -111.84,43.69,3000 -111.87,43.60,3000 -111.93,43.49,3000 -111.99,43.40,3000 -112.03,43.34,3000 -112.20,43.21,3000 -112.29,43.14,3000 -112.41,43.05,3000 -112.54,42.95,3000 -112.68,42.84,3000 -112.83,42.73,3000 -112.98,42.63,3000 -113.12,42.53,3000 -113.25,42.45,3000 -113.36,42.39,3000 -113.56,42.34,3000 -113.72,42.35,3000 -113.86,42.38,3000 -114.00,42.40,3000 -114.14,42.39,3000 -114.28,42.37,3000 -114.42,42.35,3000 -114.55,42.34,3000 -114.73,42.33,3000 -114.91,42.33,3000 -115.08,42.33,3000 -115.25,42.33,3000 -115.41,42.33,3000 -115.55,42.34,3000 -115.68,42.37,3000 -115.83,42.46,3000 -115.93,42.54,3000 -116.05,42.64,3000 -116.18,42.75,3000 -116.30,42.86,3000 -116.39,42.94,3000 -116.49,43.06,3000 -116.55,43.13,3000 -116.69,43.21,3000 -116.85,43.28,3000 -117.00,43.31,3000 -117.14,43.32,3000 -117.28,43.30,3000 -117.41,43.26,3000 -117.50,43.22,3000 -117.55,43.16,3000 -117.56,43.08,3000 -117.56,42.98,3000 -117.59,42.87,3000 -117.64,42.77,3000 -117.75,42.70,3000 -117.87,42.65,3000 -118.03,42.66,3000 -118.02,42.74,3000 -118.00,42.86,3000 -117.96,43.00,3000 -117.93,43.12,3000 -117.90,43.21,3000 -117.81,43.32,3000 -117.84,43.41,3000 -117.89,43.50,3000 -117.96,43.55,3000 -118.00,43.63,3000 -117.98,43.74,3000 -117.93,43.87,3000 -117.87,43.98,3000 -117.78,44.10,3000 -117.67,44.19,3000 -117.65,44.21,3000 
          </coordinates>
        </LinearRing>
      </innerBoundaryIs>
      <innerBoundaryIs>
        <LinearRing>
          <coordinates>
-124.50,49.67,3000 -124.49,49.67,3000 -124.47,49.67,3000 -124.46,49.66,3000 -124.44,49.66,3000 -124.43,49.66,3000 -124.41,49.66,3000 -124.40,49.65,3000 -124.38,49.65,3000 -124.37,49.65,3000 -124.35,49.64,3000 -124.34,49.64,3000 -124.32,49.64,3000 -124.31,49.63,3000 -124.29,49.63,3000 -124.28,49.62,3000 -124.26,49.62,3000 -124.25,49.62,3000 -124.23,49.61,3000 -124.22,49.61,3000 -124.21,49.60,3000 -124.20,49.59,3000 -124.18,49.59,3000 -124.17,49.58,3000 -124.16,49.57,3000 -124.15,49.56,3000 -124.14,49.56,3000 -124.13,49.55,3000 -124.12,49.54,3000 -124.11,49.53,3000 -124.11,49.52,3000 -124.11,49.51,3000 -124.10,49.50,3000 -124.10,49.49,3000 -124.10,49.48,3000 -124.10,49.46,3000 -124.10,49.45,3000 -124.10,49.44,3000 -124.10,49.43,3000 -124.11,49.42,3000 -124.11,49.41,3000 -124.12,49.40,3000 -124.13,49.39,3000 -124.14,49.39,3000 -124.15,49.39,3000 -124.16,49.39,3000 -124.17,49.39,3000 -124.19,49.39,3000 -124.20,49.40,3000 -124.22,49.40,3000 -124.23,49.41,3000 -124.25,49.41,3000 -124.27,49.42,3000 -124.29,49.42,3000 -124.30,49.43,3000 -124.32,49.43,3000 -124.34,49.44,3000 -124.36,49.45,3000 -124.37,49.45,3000 -124.39,49.46,3000 -124.40,49.46,3000 -124.41,49.46,3000 -124.42,49.47,3000 -124.43,49.47,3000 -124.44,49.47,3000 -124.44,49.48,3000 -124.45,49.48,3000 -124.45,49.49,3000 -124.46,49.49,3000 -124.46,49.50,3000 -124.47,49.51,3000 -124.47,49.52,3000 -124.48,49.53,3000 -124.48,49.54,3000 -124.49,49.55,3000 -124.50,49.56,3000 -124.50,49.57,3000 -124.51,49.58,3000 -124.52,49.59,3000 -124.53,49.61,3000 -124.53,49.62,3000 -124.54,49.63,3000 -124.50,49.67,3000 
          </coordinates>
        </LinearRing>
      </innerBoundaryIs>
      <innerBoundaryIs>
        <LinearRing>
          <coordinates>
-125.21,50.21,3000 -125.21,50.22,3000 -125.19,50.21,3000 -125.19,50.21,3000 -125.18,50.20,3000 -125.18,50.20,3000 -125.17,50.19,3000 -125.16,50.19,3000 -125.16,50.18,3000 -125.15,50.18,3000 -125.14,50.17,3000 -125.13,50.16,3000 -125.12,50.16,3000 -125.11,50.15,3000 -125.11,50.14,3000 -125.10,50.13,3000 -125.09,50.13,3000 -125.08,50.12,3000 -125.07,50.11,3000 -125.07,50.11,3000 -125.06,50.10,3000 -125.05,50.09,3000 -125.05,50.09,3000 -125.04,50.08,3000 -125.04,50.07,3000 -125.03,50.07,3000 -125.03,50.06,3000 -125.03,50.06,3000 -125.03,50.05,3000 -125.03,50.04,3000 -125.04,50.04,3000 -125.05,50.03,3000 -125.06,50.03,3000 -125.07,50.02,3000 -125.09,50.02,3000 -125.10,50.02,3000 -125.11,50.01,3000 -125.12,50.01,3000 -125.13,50.01,3000 -125.14,50.01,3000 -125.15,50.01,3000 -125.16,50.01,3000 -125.16,50.01,3000 -125.16,50.02,3000 -125.17,50.04,3000 -125.17,50.04,3000 -125.17,50.05,3000 -125.17,50.05,3000 -125.18,50.06,3000 -125.18,50.07,3000 -125.18,50.07,3000 -125.18,50.08,3000 -125.18,50.09,3000 -125.19,50.09,3000 -125.19,50.10,3000 -125.19,50.11,3000 -125.19,50.12,3000 -125.19,50.12,3000 -125.19,50.13,3000 -125.20,50.14,3000 -125.20,50.15,3000 -125.20,50.16,3000 -125.20,50.17,3000 -125.20,50.17,3000 -125.21,50.18,3000 -125.21,50.19,3000 -125.21,50.20,3000 -125.21,50.21,3000 
          </coordinates>
        </LinearRing>
      </innerBoundaryIs>
      <innerBoundaryIs>
        <LinearRing>
          <coordinates>
-127.14,50.45,3000 -126.33,50.57,3000 -125.82,50.52,3000 -125.56,50.49,3000 -125.27,50.71,3000 -124.55,50.83,3000 -123.93,50.89,3000 -123.23,50.64,3000 -122.70,50.53,3000 -122.08,50.55,3000 -121.69,50.55,3000 -121.33,50.62,3000 -120.70,50.71,3000 -120.38,50.78,3000 -120.23,50.91,3000 -119.99,51.01,3000 -119.67,51.05,3000 -119.18,51.28,3000 -118.77,51.52,3000 -118.25,51.61,3000 -117.79,51.66,3000 -117.53,51.65,3000 -117.20,51.62,3000 -116.84,51.69,3000 -116.60,51.76,3000 -116.19,51.82,3000 -115.40,51.90,3000 -114.35,51.99,3000 -113.44,52.07,3000 -112.62,52.14,3000 -111.96,52.19,3000 -111.27,52.25,3000 -110.41,52.31,3000 -109.53,52.37,3000 -108.52,52.43,3000 -107.64,52.48,3000 -106.74,52.53,3000 -106.05,52.57,3000 -104.94,52.57,3000 -104.18,52.56,3000 -103.63,52.45,3000 -103.19,52.30,3000 -102.59,52.24,3000 -102.13,52.19,3000 -101.61,52.01,3000 -101.28,51.90,3000 -100.63,51.86,3000 -99.35,51.72,3000 -99.01,51.69,3000 -98.62,51.71,3000 -98.22,51.78,3000 -97.81,51.78,3000 -97.24,51.65,3000 -97.05,51.53,3000 -97.05,51.40,3000 -97.32,50.89,3000 -97.37,50.53,3000 -97.32,50.11,3000 -97.21,49.74,3000 -97.03,49.39,3000 -96.82,49.21,3000 -96.59,49.10,3000 -96.21,49.31,3000 -95.91,49.56,3000 -95.63,49.64,3000 -95.31,49.64,3000 -94.77,49.53,3000 -94.20,49.37,3000 -93.46,49.23,3000 -93.18,49.15,3000 -92.97,49.11,3000 -92.72,49.15,3000 -92.47,49.22,3000 -92.14,49.24,3000 -91.94,49.21,3000 -91.78,49.03,3000 -91.84,48.77,3000 -91.81,48.56,3000 -91.63,48.36,3000 -91.21,48.38,3000 -90.82,48.62,3000 -90.21,49.18,3000 -89.74,49.26,3000 -89.20,49.14,3000 -88.73,48.91,3000 -88.61,48.81,3000 -88.61,48.61,3000 -89.06,48.11,3000 -89.67,47.47,3000 -90.20,47.17,3000 -90.58,46.90,3000 -91.00,46.61,3000 -91.16,46.51,3000 -91.51,46.41,3000 -92.04,46.36,3000 -92.41,46.34,3000 -92.72,46.38,3000 -93.59,46.70,3000 -94.07,46.78,3000 -94.68,46.79,3000 -95.02,46.81,3000 -95.26,46.89,3000 -95.51,47.14,3000 -95.69,47.46,3000 -95.99,47.72,3000 -96.29,47.86,3000 -96.46,47.91,3000 -96.71,47.89,3000 -97.03,47.65,3000 -97.44,47.38,3000 -97.88,47.33,3000 -98.28,47.46,3000 -98.74,47.70,3000 -99.21,47.82,3000 -99.90,47.70,3000 -100.24,47.61,3000 -100.87,47.53,3000 -101.59,47.53,3000 -102.16,47.66,3000 -102.49,47.72,3000 -102.89,47.72,3000 -103.73,48.02,3000 -104.03,48.04,3000 -104.56,47.98,3000 -104.86,48.03,3000 -105.15,48.16,3000 -105.89,48.26,3000 -106.36,48.41,3000 -106.64,48.68,3000 -106.81,48.90,3000 -106.99,48.99,3000 -107.44,49.19,3000 -107.71,49.27,3000 -108.04,49.27,3000 -108.55,49.08,3000 -109.10,48.51,3000 -109.27,48.16,3000 -109.54,47.93,3000 -109.77,47.72,3000 -109.93,47.49,3000 -110.11,47.14,3000 -110.08,46.85,3000 -110.07,46.13,3000 -110.14,45.94,3000 -110.37,45.83,3000 -110.35,45.67,3000 -109.85,45.49,3000 -109.56,45.33,3000 -109.35,45.13,3000 -109.33,44.89,3000 -109.48,44.56,3000 -109.43,44.25,3000 -109.30,44.11,3000 -109.24,43.86,3000 -109.37,43.58,3000 -109.23,43.36,3000 -108.95,43.09,3000 -108.70,42.73,3000 -108.62,42.45,3000 -108.69,42.30,3000 -108.88,42.13,3000 -109.17,42.12,3000 -109.70,42.27,3000 -109.87,42.32,3000 -110.07,42.25,3000 -110.12,42.12,3000 -110.29,41.63,3000 -110.33,41.47,3000 -110.26,41.32,3000 -110.11,41.20,3000 -109.66,40.98,3000 -109.27,41.00,3000 -109.03,41.21,3000 -108.74,41.14,3000 -108.74,40.91,3000 -108.81,40.73,3000 -108.81,40.48,3000 -109.70,40.44,3000 -110.10,40.32,3000 -110.29,40.22,3000 -110.37,40.00,3000 -110.06,39.72,3000 -109.87,39.62,3000 -109.54,39.57,3000 -109.18,39.66,3000 -108.79,39.88,3000 -108.23,40.00,3000 -107.99,40.24,3000 -107.69,40.48,3000 -107.73,40.93,3000 -107.74,41.41,3000 -107.65,41.57,3000 -107.39,41.66,3000 -106.92,41.52,3000 -106.54,41.64,3000 -106.15,41.58,3000 -106.00,41.36,3000 -105.97,41.16,3000 -105.94,41.06,3000 -105.69,40.90,3000 -105.52,40.74,3000 -105.42,40.50,3000 -105.39,40.23,3000 -105.41,39.93,3000 -105.55,39.55,3000 -105.95,38.97,3000 -106.11,38.57,3000 -106.34,38.24,3000 -106.31,37.90,3000 -106.20,37.68,3000 -106.03,37.22,3000 -105.98,36.97,3000 -106.02,36.74,3000 -106.13,36.58,3000 -106.35,36.49,3000 -106.82,36.62,3000 -107.05,36.73,3000 -107.22,36.89,3000 -107.59,37.06,3000 -108.20,37.10,3000 -108.61,37.34,3000 -108.77,37.49,3000 -108.89,37.79,3000 -108.59,38.17,3000 -108.77,38.42,3000 -108.92,38.54,3000 -108.91,38.73,3000 -108.78,38.81,3000 -108.49,38.82,3000 -108.23,38.59,3000 -108.02,38.49,3000 -107.86,38.64,3000 -108.22,38.82,3000 -108.40,39.02,3000 -108.47,39.19,3000 -108.75,39.30,3000 -109.08,39.34,3000 -109.36,39.24,3000 -109.78,39.13,3000 -110.10,39.34,3000 -110.39,39.47,3000 -110.66,39.56,3000 -110.88,39.47,3000 -111.10,39.11,3000 -111.27,38.74,3000 -111.31,38.51,3000 -111.22,38.30,3000 -111.11,38.07,3000 -111.19,37.84,3000 -111.44,37.58,3000 -112.02,37.09,3000 -112.11,36.96,3000 -112.03,36.77,3000 -111.88,36.44,3000 -111.89,36.27,3000 -112.05,36.14,3000 -112.31,36.17,3000 -112.44,36.25,3000 -112.57,36.46,3000 -112.55,36.73,3000 -112.77,36.89,3000 -112.92,36.93,3000 -113.45,37.17,3000 -113.91,37.24,3000 -114.42,37.32,3000 -114.65,37.42,3000 -114.74,37.61,3000 -114.87,37.94,3000 -115.04,38.07,3000 -115.19,38.13,3000 -115.39,38.01,3000 -116.05,37.84,3000 -116.06,37.67,3000 -115.98,37.56,3000 -115.97,37.31,3000 -116.21,37.06,3000 -116.45,37.03,3000 -116.58,37.09,3000 -116.87,37.38,3000 -117.23,36.88,3000 -117.43,36.77,3000 -117.42,36.58,3000 -117.35,36.38,3000 -117.17,36.32,3000 -116.98,36.26,3000 -116.95,36.07,3000 -117.34,35.91,3000 -117.66,35.80,3000 -117.83,35.63,3000 -117.99,35.33,3000 -118.25,35.06,3000 -118.40,35.00,3000 -118.58,35.11,3000 -118.67,35.30,3000 -118.82,35.61,3000 -118.94,36.11,3000 -119.15,36.55,3000 -119.34,36.80,3000 -119.98,37.32,3000 -120.20,37.57,3000 -120.39,37.84,3000 -120.71,38.24,3000 -120.88,38.58,3000 -121.13,39.06,3000 -121.38,39.38,3000 -121.69,39.71,3000 -121.93,40.09,3000 -122.04,40.36,3000 -122.21,40.58,3000 -122.47,40.52,3000 -122.57,40.32,3000 -122.51,39.87,3000 -122.46,39.42,3000 -122.57,39.22,3000 -122.76,39.12,3000 -123.16,39.18,3000 -123.57,39.45,3000 -123.82,39.74,3000 -123.97,40.17,3000 -124.09,40.63,3000 -124.16,41.11,3000 -124.15,41.44,3000 -124.29,41.82,3000 -124.36,42.33,3000 -124.12,43.08,3000 -123.84,43.77,3000 -123.75,44.13,3000 -123.54,44.36,3000 -123.24,44.13,3000 -122.99,44.41,3000 -122.86,44.80,3000 -122.68,45.10,3000 -122.52,45.29,3000 -122.53,45.59,3000 -122.74,45.78,3000 -122.90,45.76,3000 -123.10,45.52,3000 -123.31,45.18,3000 -123.41,44.87,3000 -123.65,44.66,3000 -123.85,44.86,3000 -123.86,45.12,3000 -123.81,45.27,3000 -123.87,45.49,3000 -123.89,45.72,3000 -123.80,45.97,3000 -123.53,46.18,3000 -123.57,46.48,3000 -123.43,46.61,3000 -122.97,46.55,3000 -122.66,46.81,3000 -122.33,47.00,3000 -122.10,47.26,3000 -121.95,47.65,3000 -122.06,48.04,3000 -122.27,48.38,3000 -122.41,48.72,3000 -122.43,48.94,3000 -122.73,49.07,3000 -123.17,49.19,3000 -123.46,49.27,3000 -123.71,49.28,3000 -123.79,49.16,3000 -123.64,48.90,3000 -123.58,48.67,3000 -123.70,48.35,3000 -122.89,48.01,3000 -122.80,47.88,3000 -122.80,47.70,3000 -122.90,47.41,3000 -123.24,47.10,3000 -123.50,47.07,3000 -123.98,47.24,3000 -124.31,47.57,3000 -124.45,47.75,3000 -124.52,48.02,3000 -124.47,48.43,3000 -125.25,48.91,3000 -125.63,49.05,3000 -126.06,49.26,3000 -126.44,49.49,3000 -126.77,49.80,3000 -127.42,50.11,3000 -127.34,50.39,3000 -127.14,50.45,3000 
          </coordinates>
        </LinearRing>
      </innerBoundaryIs>
      <innerBoundaryIs>
        <LinearRing>
          <coordinates>
-112.87,41.96,3000 -112.78,41.91,3000 -112.68,41.85,3000 -112.59,41.77,3000 -112.49,41.68,3000 -112.39,41.57,3000 -112.30,41.44,3000 -112.24,41.32,3000 -112.18,41.18,3000 -112.14,41.05,3000 -112.11,40.94,3000 -112.11,40.81,3000 -112.16,40.73,3000 -112.27,40.68,3000 -112.41,40.64,3000 -112.56,40.61,3000 -112.68,40.56,3000 -112.74,40.46,3000 -112.76,40.34,3000 -112.76,40.25,3000 -112.76,40.14,3000 -112.73,40.05,3000 -112.66,39.92,3000 -112.54,39.82,3000 -112.41,39.78,3000 -112.26,39.75,3000 -112.13,39.69,3000 -112.05,39.59,3000 -111.99,39.46,3000 -111.95,39.35,3000 -111.92,39.24,3000 -111.93,39.16,3000 -112.00,39.10,3000 -112.13,39.03,3000 -112.22,38.97,3000 -112.31,38.91,3000 -112.43,38.83,3000 -112.55,38.75,3000 -112.66,38.66,3000 -112.80,38.56,3000 -112.93,38.46,3000 -113.05,38.37,3000 -113.16,38.32,3000 -113.29,38.33,3000 -113.38,38.41,3000 -113.47,38.48,3000 -113.60,38.54,3000 -113.70,38.61,3000 -113.77,38.69,3000 -113.84,38.80,3000 -113.90,38.90,3000 -113.96,39.01,3000 -114.00,39.13,3000 -114.02,39.25,3000 -114.02,39.38,3000 -114.02,39.49,3000 -114.02,39.63,3000 -114.04,39.75,3000 -114.08,39.86,3000 -114.15,39.99,3000 -114.23,40.10,3000 -114.33,40.23,3000 -114.40,40.34,3000 -114.44,40.47,3000 -114.44,40.60,3000 -114.42,40.69,3000 -114.37,40.77,3000 -114.33,40.87,3000 -114.29,41.00,3000 -114.24,41.13,3000 -114.19,41.25,3000 -114.09,41.37,3000 -113.96,41.45,3000 -113.85,41.49,3000 -113.73,41.52,3000 -113.62,41.55,3000 -113.48,41.61,3000 -113.34,41.69,3000 -113.25,41.75,3000 -113.16,41.82,3000 -113.07,41.89,3000 -112.87,41.96,3000 
          </coordinates>
        </LinearRing>
      </innerBoundaryIs>
      <innerBoundaryIs>
        <LinearRing>
          <coordinates>
-119.47,34.85,3000 -119.45,34.87,3000 -119.44,34.88,3000 -119.42,34.90,3000 -119.40,34.91,3000 -119.39,34.92,3000 -119.37,34.94,3000 -119.35,34.95,3000 -119.33,34.96,3000 -119.32,34.97,3000 -119.30,34.98,3000 -119.28,34.99,3000 -119.26,35.00,3000 -119.24,35.00,3000 -119.22,35.01,3000 -119.20,35.01,3000 -119.17,35.01,3000 -119.15,35.02,3000 -119.13,35.02,3000 -119.11,35.02,3000 -119.08,35.01,3000 -119.06,35.01,3000 -119.04,35.01,3000 -119.02,35.00,3000 -119.00,35.00,3000 -118.97,34.99,3000 -118.95,34.98,3000 -118.93,34.97,3000 -118.91,34.96,3000 -118.89,34.95,3000 -118.87,34.94,3000 -118.85,34.93,3000 -118.83,34.92,3000 -118.82,34.91,3000 -118.81,34.90,3000 -118.80,34.88,3000 -118.79,34.86,3000 -118.78,34.84,3000 -118.78,34.83,3000 -118.78,34.81,3000 -118.78,34.79,3000 -118.78,34.77,3000 -118.78,34.75,3000 -118.79,34.73,3000 -118.80,34.71,3000 -118.81,34.70,3000 -118.82,34.68,3000 -118.83,34.66,3000 -118.85,34.64,3000 -118.86,34.63,3000 -118.88,34.61,3000 -118.90,34.59,3000 -118.91,34.58,3000 -118.93,34.56,3000 -118.95,34.55,3000 -118.96,34.54,3000 -118.98,34.53,3000 -119.01,34.52,3000 -119.04,34.51,3000 -119.06,34.51,3000 -119.08,34.51,3000 -119.10,34.50,3000 -119.12,34.50,3000 -119.15,34.49,3000 -119.16,34.48,3000 -119.17,34.48,3000 -119.19,34.49,3000 -119.21,34.49,3000 -119.23,34.50,3000 -119.25,34.50,3000 -119.27,34.50,3000 -119.30,34.51,3000 -119.33,34.51,3000 -119.36,34.52,3000 -119.38,34.52,3000 -119.40,34.53,3000 -119.42,34.54,3000 -119.44,34.55,3000 -119.46,34.56,3000 -119.48,34.57,3000 -119.50,34.58,3000 -119.51,34.59,3000 -119.52,34.60,3000 -119.53,34.62,3000 -119.53,34.63,3000 -119.54,34.65,3000 -119.54,34.67,3000 -119.54,34.68,3000 -119.54,34.70,3000 -119.54,34.72,3000 -119.53,34.74,3000 -119.53,34.76,3000 -119.52,34.78,3000 -119.52,34.80,3000 -119.47,34.85,3000 
          </coordinates>
        </LinearRing>
      </innerBoundaryIs>
      <innerBoundaryIs>
        <LinearRing>
          <coordinates>
-87.65,49.29,3000 -87.61,49.29,3000 -87.58,49.28,3000 -87.55,49.28,3000 -87.51,49.27,3000 -87.49,49.27,3000 -87.46,49.26,3000 -87.44,49.26,3000 -87.42,49.26,3000 -87.40,49.25,3000 -87.38,49.24,3000 -87.36,49.24,3000 -87.33,49.23,3000 -87.30,49.21,3000 -87.27,49.20,3000 -87.23,49.19,3000 -87.20,49.18,3000 -87.17,49.17,3000 -87.15,49.16,3000 -87.12,49.15,3000 -87.09,49.14,3000 -87.06,49.12,3000 -87.04,49.11,3000 -87.02,49.10,3000 -87.00,49.08,3000 -86.98,49.06,3000 -86.97,49.04,3000 -86.96,49.01,3000 -86.95,48.99,3000 -86.94,48.97,3000 -86.93,48.95,3000 -86.92,48.93,3000 -86.90,48.91,3000 -86.90,48.91,3000 -86.92,48.90,3000 -86.94,48.89,3000 -86.96,48.88,3000 -86.99,48.87,3000 -87.02,48.85,3000 -87.05,48.84,3000 -87.08,48.82,3000 -87.11,48.80,3000 -87.14,48.79,3000 -87.17,48.78,3000 -87.19,48.77,3000 -87.23,48.76,3000 -87.25,48.76,3000 -87.28,48.76,3000 -87.31,48.76,3000 -87.34,48.75,3000 -87.37,48.75,3000 -87.41,48.75,3000 -87.44,48.75,3000 -87.47,48.75,3000 -87.50,48.76,3000 -87.53,48.76,3000 -87.56,48.77,3000 -87.59,48.77,3000 -87.62,48.77,3000 -87.65,48.77,3000 -87.69,48.78,3000 -87.71,48.79,3000 -87.74,48.79,3000 -87.77,48.80,3000 -87.80,48.81,3000 -87.83,48.82,3000 -87.86,48.83,3000 -87.89,48.84,3000 -87.92,48.85,3000 -87.94,48.86,3000 -87.97,48.87,3000 -87.99,48.89,3000 -88.02,48.90,3000 -88.03,48.91,3000 -88.05,48.93,3000 -88.06,48.95,3000 -88.07,48.97,3000 -88.07,48.99,3000 -88.08,49.01,3000 -88.08,49.03,3000 -88.08,49.06,3000 -88.07,49.08,3000 -88.07,49.10,3000 -88.06,49.12,3000 -88.05,49.14,3000 -88.03,49.16,3000 -88.01,49.18,3000 -87.98,49.20,3000 -87.96,49.21,3000 -87.93,49.23,3000 -87.91,49.24,3000 -87.88,49.25,3000 -87.84,49.26,3000 -87.81,49.27,3000 -87.78,49.27,3000 -87.65,49.29,3000 
          </coordinates>
        </LinearRing>
      </innerBoundaryIs>
      <innerBoundaryIs>
        <LinearRing>
          <coordinates>
-112.06,35.70,3000 -112.00,35.71,3000 -111.94,35.71,3000 -111.89,35.71,3000 -111.84,35.70,3000 -111.79,35.68,3000 -111.74,35.64,3000 -111.69,35.60,3000 -111.65,35.57,3000 -111.60,35.54,3000 -111.55,35.51,3000 -111.50,35.48,3000 -111.46,35.44,3000 -111.43,35.40,3000 -111.40,35.36,3000 -111.38,35.31,3000 -111.35,35.26,3000 -111.32,35.21,3000 -111.29,35.16,3000 -111.26,35.12,3000 -111.22,35.07,3000 -111.19,35.02,3000 -111.16,34.97,3000 -111.13,34.93,3000 -111.10,34.88,3000 -111.07,34.84,3000 -111.05,34.80,3000 -111.01,34.76,3000 -110.97,34.72,3000 -110.92,34.68,3000 -110.87,34.64,3000 -110.82,34.60,3000 -110.78,34.57,3000 -110.73,34.52,3000 -110.68,34.49,3000 -110.66,34.44,3000 -110.66,34.39,3000 -110.67,34.34,3000 -110.69,34.29,3000 -110.72,34.25,3000 -110.77,34.23,3000 -110.82,34.22,3000 -110.89,34.21,3000 -110.95,34.21,3000 -111.01,34.21,3000 -111.06,34.22,3000 -111.12,34.24,3000 -111.18,34.26,3000 -111.23,34.28,3000 -111.27,34.30,3000 -111.32,34.32,3000 -111.37,34.35,3000 -111.42,34.39,3000 -111.46,34.43,3000 -111.49,34.47,3000 -111.53,34.52,3000 -111.57,34.57,3000 -111.61,34.62,3000 -111.65,34.66,3000 -111.68,34.70,3000 -111.73,34.75,3000 -111.77,34.79,3000 -111.82,34.83,3000 -111.87,34.86,3000 -111.92,34.89,3000 -111.99,34.91,3000 -112.05,34.93,3000 -112.11,34.95,3000 -112.17,34.98,3000 -112.22,35.01,3000 -112.27,35.05,3000 -112.31,35.09,3000 -112.34,35.13,3000 -112.37,35.17,3000 -112.39,35.22,3000 -112.40,35.26,3000 -112.39,35.31,3000 -112.38,35.35,3000 -112.36,35.40,3000 -112.33,35.44,3000 -112.29,35.49,3000 -112.25,35.53,3000 -112.06,35.70,3000 
          </coordinates>
        </LinearRing>
      </innerBoundaryIs>
      <innerBoundaryIs>
        <LinearRing>
          <coordinates>
-111.67,46.06,3000 -111.65,46.06,3000 -111.63,46.06,3000 -111.61,46.06,3000 -111.59,46.06,3000 -111.57,46.06,3000 -111.56,46.06,3000 -111.54,46.06,3000 -111.52,46.06,3000 -111.50,46.06,3000 -111.49,46.06,3000 -111.47,46.06,3000 -111.46,46.05,3000 -111.44,46.05,3000 -111.43,46.05,3000 -111.42,46.04,3000 -111.41,46.03,3000 -111.40,46.03,3000 -111.39,46.02,3000 -111.38,46.01,3000 -111.38,46.00,3000 -111.37,45.99,3000 -111.36,45.97,3000 -111.36,45.96,3000 -111.35,45.95,3000 -111.35,45.94,3000 -111.34,45.93,3000 -111.34,45.91,3000 -111.34,45.90,3000 -111.33,45.89,3000 -111.33,45.88,3000 -111.33,45.87,3000 -111.33,45.86,3000 -111.33,45.84,3000 -111.33,45.83,3000 -111.33,45.82,3000 -111.33,45.80,3000 -111.33,45.79,3000 -111.33,45.78,3000 -111.34,45.77,3000 -111.34,45.76,3000 -111.35,45.75,3000 -111.36,45.74,3000 -111.37,45.74,3000 -111.38,45.74,3000 -111.39,45.74,3000 -111.41,45.74,3000 -111.42,45.74,3000 -111.44,45.74,3000 -111.45,45.75,3000 -111.47,45.75,3000 -111.49,45.75,3000 -111.51,45.76,3000 -111.53,45.76,3000 -111.54,45.77,3000 -111.56,45.77,3000 -111.58,45.78,3000 -111.59,45.78,3000 -111.61,45.79,3000 -111.62,45.79,3000 -111.64,45.79,3000 -111.66,45.80,3000 -111.67,45.80,3000 -111.69,45.81,3000 -111.70,45.81,3000 -111.71,45.81,3000 -111.72,45.82,3000 -111.73,45.83,3000 -111.74,45.84,3000 -111.74,45.85,3000 -111.75,45.86,3000 -111.75,45.87,3000 -111.76,45.88,3000 -111.76,45.89,3000 -111.76,45.90,3000 -111.76,45.91,3000 -111.76,45.92,3000 -111.77,45.93,3000 -111.77,45.94,3000 -111.77,45.96,3000 -111.77,45.97,3000 -111.77,45.98,3000 -111.77,46.00,3000 -111.77,46.01,3000 -111.67,46.06,3000 
          </coordinates>
        </LinearRing>
      </innerBoundaryIs>
      <innerBoundaryIs>
        <LinearRing>
          <coordinates>
-119.69,48.28,3000 -119.56,48.28,3000 -119.43,48.26,3000 -119.30,48.21,3000 -119.13,48.11,3000 -119.00,48.02,3000 -118.86,47.90,3000 -118.71,47.79,3000 -118.58,47.70,3000 -118.40,47.61,3000 -118.25,47.57,3000 -118.12,47.55,3000 -117.99,47.55,3000 -117.84,47.56,3000 -117.70,47.57,3000 -117.57,47.56,3000 -117.46,47.52,3000 -117.44,47.48,3000 -117.39,47.32,3000 -117.34,47.21,3000 -117.26,47.07,3000 -117.18,46.90,3000 -117.09,46.73,3000 -117.01,46.56,3000 -116.95,46.43,3000 -116.92,46.33,3000 -117.00,46.26,3000 -117.17,46.33,3000 -117.31,46.38,3000 -117.45,46.42,3000 -117.67,46.42,3000 -117.80,46.40,3000 -117.93,46.36,3000 -118.04,46.30,3000 -118.15,46.23,3000 -118.23,46.15,3000 -118.34,46.03,3000 -118.43,45.94,3000 -118.53,45.82,3000 -118.63,45.71,3000 -118.72,45.63,3000 -118.83,45.56,3000 -118.96,45.53,3000 -119.09,45.50,3000 -119.25,45.47,3000 -119.43,45.43,3000 -119.59,45.39,3000 -119.76,45.34,3000 -119.94,45.28,3000 -120.09,45.21,3000 -120.25,45.09,3000 -120.39,44.97,3000 -120.51,44.87,3000 -120.64,44.83,3000 -120.74,44.82,3000 -120.85,44.77,3000 -120.94,44.70,3000 -121.02,44.59,3000 -121.08,44.46,3000 -121.07,44.30,3000 -121.07,44.20,3000 -121.15,44.27,3000 -121.25,44.42,3000 -121.29,44.52,3000 -121.32,44.63,3000 -121.34,44.75,3000 -121.34,44.87,3000 -121.33,44.99,3000 -121.32,45.10,3000 -121.28,45.21,3000 -121.25,45.31,3000 -121.26,45.41,3000 -121.28,45.53,3000 -121.30,45.63,3000 -121.32,45.75,3000 -121.27,45.85,3000 -121.14,45.90,3000 -120.97,45.94,3000 -120.83,45.97,3000 -120.72,46.07,3000 -120.75,46.14,3000 -120.80,46.24,3000 -120.83,46.31,3000 -120.86,46.40,3000 -120.85,46.56,3000 -120.82,46.67,3000 -120.77,46.81,3000 -120.72,46.96,3000 -120.65,47.12,3000 -120.59,47.27,3000 -120.54,47.41,3000 -120.49,47.51,3000 -120.39,47.69,3000 -120.31,47.77,3000 -120.21,47.86,3000 -120.11,47.94,3000 -119.69,48.28,3000 
          </coordinates>
        </LinearRing>
      </innerBoundaryIs>
  </Polygon>
 </MultiGeometry>
</Placemark>
<Placemark>
  <name>10%</name>
  <visibility>1</visibility>
  <styleUrl>#poly_10</styleUrl>
  <MultiGeometry>
    <Polygon>
      <outerBoundaryIs>
        <LinearRing>
          <coordinates>
-107.83,44.95,2000 -107.83,44.95,2000 -107.79,44.94,2000 -107.76,44.93,2000 -107.73,44.92,2000 -107.69,44.92,2000 -107.65,44.90,2000 -107.61,44.89,2000 -107.58,44.88,2000 -107.55,44.86,2000 -107.51,44.84,2000 -107.48,44.82,2000 -107.46,44.81,2000 -107.43,44.79,2000 -107.40,44.78,2000 -107.38,44.77,2000 -107.35,44.76,2000 -107.32,44.74,2000 -107.29,44.73,2000 -107.27,44.71,2000 -107.23,44.69,2000 -107.20,44.68,2000 -107.17,44.66,2000 -107.15,44.64,2000 -107.12,44.62,2000 -107.10,44.59,2000 -107.08,44.57,2000 -107.07,44.55,2000 -107.05,44.53,2000 -107.03,44.51,2000 -107.01,44.50,2000 -107.00,44.48,2000 -107.00,44.46,2000 -106.99,44.43,2000 -106.99,44.39,2000 -106.99,44.36,2000 -106.99,44.33,2000 -106.99,44.31,2000 -106.99,44.29,2000 -107.02,44.27,2000 -107.04,44.26,2000 -107.07,44.24,2000 -107.10,44.22,2000 -107.13,44.20,2000 -107.17,44.18,2000 -107.20,44.17,2000 -107.24,44.16,2000 -107.27,44.16,2000 -107.31,44.17,2000 -107.34,44.19,2000 -107.38,44.20,2000 -107.42,44.22,2000 -107.45,44.24,2000 -107.48,44.25,2000 -107.50,44.26,2000 -107.52,44.27,2000 -107.53,44.28,2000 -107.55,44.30,2000 -107.58,44.33,2000 -107.60,44.35,2000 -107.63,44.38,2000 -107.65,44.41,2000 -107.67,44.43,2000 -107.69,44.45,2000 -107.70,44.48,2000 -107.72,44.50,2000 -107.73,44.53,2000 -107.75,44.55,2000 -107.76,44.58,2000 -107.78,44.60,2000 -107.80,44.62,2000 -107.82,44.65,2000 -107.85,44.67,2000 -107.87,44.69,2000 -107.89,44.71,2000 -107.91,44.74,2000 -107.92,44.76,2000 -107.92,44.78,2000 -107.92,44.81,2000 -107.91,44.84,2000 -107.90,44.86,2000 -107.88,44.89,2000 -107.87,44.91,2000 -107.85,44.94,2000 -107.83,44.95,2000 
          </coordinates>
        </LinearRing>
      </outerBoundaryIs>
      <innerBoundaryIs>
        <LinearRing>
          <coordinates>
-107.54,44.62,3000 -107.55,44.62,3000 -107.52,44.62,3000 -107.51,44.62,3000 -107.50,44.62,3000 -107.48,44.62,3000 -107.47,44.61,3000 -107.45,44.61,3000 -107.43,44.61,3000 -107.42,44.61,3000 -107.40,44.60,3000 -107.38,44.60,3000 -107.36,44.60,3000 -107.34,44.59,3000 -107.33,44.59,3000 -107.31,44.59,3000 -107.30,44.58,3000 -107.29,44.57,3000 -107.27,44.57,3000 -107.26,44.56,3000 -107.25,44.55,3000 -107.23,44.54,3000 -107.22,44.53,3000 -107.21,44.52,3000 -107.20,44.51,3000 -107.19,44.50,3000 -107.19,44.49,3000 -107.18,44.48,3000 -107.18,44.47,3000 -107.18,44.46,3000 -107.18,44.45,3000 -107.18,44.44,3000 -107.18,44.42,3000 -107.19,44.41,3000 -107.19,44.39,3000 -107.19,44.38,3000 -107.20,44.36,3000 -107.20,44.35,3000 -107.21,44.34,3000 -107.22,44.32,3000 -107.23,44.31,3000 -107.23,44.30,3000 -107.24,44.30,3000 -107.25,44.29,3000 -107.26,44.29,3000 -107.27,44.29,3000 -107.28,44.29,3000 -107.29,44.30,3000 -107.30,44.30,3000 -107.31,44.31,3000 -107.32,44.32,3000 -107.34,44.33,3000 -107.35,44.33,3000 -107.36,44.35,3000 -107.38,44.36,3000 -107.39,44.37,3000 -107.40,44.38,3000 -107.42,44.39,3000 -107.43,44.40,3000 -107.44,44.41,3000 -107.45,44.42,3000 -107.46,44.43,3000 -107.47,44.44,3000 -107.48,44.45,3000 -107.49,44.46,3000 -107.50,44.47,3000 -107.51,44.49,3000 -107.51,44.50,3000 -107.52,44.51,3000 -107.52,44.52,3000 -107.53,44.53,3000 -107.53,44.55,3000 -107.53,44.56,3000 -107.53,44.56,3000 -107.54,44.57,3000 -107.54,44.58,3000 -107.55,44.60,3000 -107.55,44.61,3000 -107.55,44.61,3000 -107.54,44.62,3000 
          </coordinates>
        </LinearRing>
      </innerBoundaryIs>
  </Polygon>
 </MultiGeometry>
</Placemark>
<Placemark>
  <name>10%</name>
  <visibility>1</visibility>
  <styleUrl>#poly_10</styleUrl>
  <MultiGeometry>
    <Polygon>
      <outerBoundaryIs>
        <LinearRing>
          <coordinates>
-68.45,51.08,2000 -67.82,51.05,2000 -67.39,50.92,2000 -67.02,50.78,2000 -66.66,50.64,2000 -66.26,50.50,2000 -65.98,50.36,2000 -65.73,50.13,2000 -65.48,49.90,2000 -65.17,49.72,2000 -64.73,49.54,2000 -64.30,49.37,2000 -63.91,49.19,2000 -63.73,48.94,2000 -63.64,48.72,2000 -63.33,48.55,2000 -63.13,48.32,2000 -63.06,48.00,2000 -63.23,47.67,2000 -63.44,47.45,2000 -63.56,47.32,2000 -63.54,47.19,2000 -63.30,47.08,2000 -62.95,47.06,2000 -62.68,47.06,2000 -62.42,46.99,2000 -62.29,46.82,2000 -62.24,46.53,2000 -62.26,46.25,2000 -62.45,45.88,2000 -62.61,45.55,2000 -62.77,45.22,2000 -62.92,44.84,2000 -63.02,44.45,2000 -63.06,44.16,2000 -63.11,43.89,2000 -63.28,43.67,2000 -63.45,43.54,2000 -63.65,43.51,2000 -64.15,43.59,2000 -64.64,43.70,2000 -65.07,43.88,2000 -65.46,44.07,2000 -65.66,44.19,2000 -65.79,44.45,2000 -65.58,44.79,2000 -65.35,45.02,2000 -65.04,45.13,2000 -64.53,45.18,2000 -64.27,45.20,2000 -64.16,45.33,2000 -64.43,45.63,2000 -64.57,45.72,2000 -64.92,45.58,2000 -65.28,45.42,2000 -65.58,45.37,2000 -65.80,45.53,2000 -65.74,45.70,2000 -65.53,45.83,2000 -65.18,45.98,2000 -65.11,46.19,2000 -65.12,46.43,2000 -64.95,46.63,2000 -64.64,46.77,2000 -64.59,46.98,2000 -64.77,47.08,2000 -65.06,47.10,2000 -65.45,46.98,2000 -65.82,46.81,2000 -66.18,46.63,2000 -66.47,46.44,2000 -66.70,46.22,2000 -67.13,46.10,2000 -67.40,46.14,2000 -67.82,46.31,2000 -68.04,46.44,2000 -68.34,46.64,2000 -68.60,46.72,2000 -68.81,46.72,2000 -69.12,46.67,2000 -69.44,46.79,2000 -69.77,46.97,2000 -69.81,47.28,2000 -69.76,47.53,2000 -69.79,47.67,2000 -70.00,47.74,2000 -70.45,47.63,2000 -70.56,47.59,2000 -70.67,47.38,2000 -70.64,47.08,2000 -70.43,46.94,2000 -70.19,46.90,2000 -69.95,46.71,2000 -69.87,46.39,2000 -70.03,46.00,2000 -70.18,45.91,2000 -70.42,45.88,2000 -70.75,45.77,2000 -70.84,45.46,2000 -71.07,45.15,2000 -71.34,45.05,2000 -71.63,45.26,2000 -71.99,45.55,2000 -72.29,45.79,2000 -72.65,45.99,2000 -73.20,46.03,2000 -73.58,45.92,2000 -73.94,45.79,2000 -74.32,45.71,2000 -74.82,45.75,2000 -75.30,45.90,2000 -75.47,46.07,2000 -75.63,46.34,2000 -75.78,46.61,2000 -75.92,46.74,2000 -76.15,46.80,2000 -76.57,46.73,2000 -76.93,46.59,2000 -77.26,46.43,2000 -77.52,46.28,2000 -77.98,46.19,2000 -78.48,46.20,2000 -78.98,46.22,2000 -79.44,46.16,2000 -79.71,46.18,2000 -80.03,46.20,2000 -80.48,46.18,2000 -80.90,46.16,2000 -81.27,46.25,2000 -81.65,46.43,2000 -81.90,46.63,2000 -82.12,46.83,2000 -82.20,47.08,2000 -82.16,47.44,2000 -82.16,47.65,2000 -82.26,47.84,2000 -82.37,48.08,2000 -82.37,48.30,2000 -82.28,48.49,2000 -82.14,48.63,2000 -81.94,48.68,2000 -81.43,48.64,2000 -80.85,48.59,2000 -80.49,48.56,2000 -80.15,48.51,2000 -79.67,48.41,2000 -79.17,48.29,2000 -78.73,48.17,2000 -78.36,48.06,2000 -77.88,47.94,2000 -77.46,47.98,2000 -77.02,48.01,2000 -76.53,48.05,2000 -76.09,48.11,2000 -75.68,48.19,2000 -75.33,48.31,2000 -74.99,48.45,2000 -74.61,48.62,2000 -74.28,48.77,2000 -74.00,48.84,2000 -73.49,48.79,2000 -73.19,48.65,2000 -72.91,48.51,2000 -72.63,48.43,2000 -72.43,48.48,2000 -72.70,48.67,2000 -72.99,48.84,2000 -73.05,49.14,2000 -72.87,49.45,2000 -72.68,49.64,2000 -72.34,49.83,2000 -72.00,50.02,2000 -71.80,50.18,2000 -71.62,50.28,2000 -71.37,50.33,2000 -70.99,50.34,2000 -70.80,50.35,2000 -70.58,50.46,2000 -70.40,50.78,2000 -70.06,50.98,2000 -69.49,50.93,2000 -69.09,50.98,2000 -68.45,51.08,2000 
          </coordinates>
        </LinearRing>
      </outerBoundaryIs>
      <innerBoundaryIs>
        <LinearRing>
          <coordinates>
-73.90,47.09,2000 -73.89,47.08,2000 -73.88,47.06,2000 -73.87,47.05,2000 -73.86,47.03,2000 -73.85,47.02,2000 -73.85,47.00,2000 -73.84,46.98,2000 -73.83,46.97,2000 -73.83,46.95,2000 -73.83,46.93,2000 -73.82,46.92,2000 -73.82,46.90,2000 -73.82,46.88,2000 -73.82,46.87,2000 -73.82,46.85,2000 -73.82,46.83,2000 -73.83,46.81,2000 -73.83,46.80,2000 -73.84,46.78,2000 -73.85,46.76,2000 -73.86,46.75,2000 -73.88,46.73,2000 -73.89,46.71,2000 -73.91,46.70,2000 -73.93,46.68,2000 -73.95,46.67,2000 -73.96,46.65,2000 -73.98,46.64,2000 -73.99,46.63,2000 -74.00,46.62,2000 -74.01,46.63,2000 -74.01,46.64,2000 -74.02,46.65,2000 -74.02,46.67,2000 -74.03,46.69,2000 -74.03,46.71,2000 -74.04,46.72,2000 -74.04,46.74,2000 -74.04,46.76,2000 -74.05,46.78,2000 -74.05,46.80,2000 -74.05,46.82,2000 -74.05,46.83,2000 -74.05,46.85,2000 -74.05,46.87,2000 -74.05,46.89,2000 -74.05,46.90,2000 -74.05,46.92,2000 -74.05,46.94,2000 -74.05,46.95,2000 -74.05,46.97,2000 -73.90,47.09,2000 
          </coordinates>
        </LinearRing>
      </innerBoundaryIs>
      <innerBoundaryIs>
        <LinearRing>
          <coordinates>
-62.65,46.80,3000 -62.54,46.73,3000 -62.45,46.66,3000 -62.38,46.58,3000 -62.35,46.49,3000 -62.36,46.40,3000 -62.37,46.31,3000 -62.37,46.25,3000 -62.39,46.19,3000 -62.45,46.07,3000 -62.49,45.99,3000 -62.55,45.89,3000 -62.62,45.78,3000 -62.69,45.66,3000 -62.76,45.54,3000 -62.82,45.43,3000 -62.89,45.34,3000 -62.94,45.26,3000 -63.06,45.15,3000 -63.15,45.11,3000 -63.20,45.06,3000 -63.19,44.98,3000 -63.13,44.90,3000 -63.10,44.80,3000 -63.11,44.71,3000 -63.14,44.62,3000 -63.17,44.53,3000 -63.19,44.44,3000 -63.19,44.34,3000 -63.18,44.26,3000 -63.17,44.17,3000 -63.18,44.08,3000 -63.19,44.00,3000 -63.22,43.92,3000 -63.27,43.84,3000 -63.34,43.75,3000 -63.41,43.69,3000 -63.50,43.64,3000 -63.60,43.62,3000 -63.72,43.61,3000 -63.85,43.62,3000 -63.95,43.64,3000 -64.06,43.67,3000 -64.18,43.70,3000 -64.33,43.74,3000 -64.49,43.78,3000 -64.64,43.82,3000 -64.76,43.87,3000 -64.85,43.92,3000 -64.93,43.97,3000 -65.00,44.03,3000 -65.05,44.10,3000 -65.09,44.17,3000 -65.13,44.25,3000 -65.18,44.32,3000 -65.32,44.37,3000 -65.44,44.43,3000 -65.45,44.51,3000 -65.44,44.61,3000 -65.42,44.71,3000 -65.39,44.79,3000 -65.34,44.87,3000 -65.26,44.92,3000 -65.15,44.97,3000 -65.00,45.02,3000 -64.90,45.04,3000 -64.78,45.06,3000 -64.65,45.08,3000 -64.50,45.09,3000 -64.36,45.08,3000 -64.19,45.07,3000 -64.02,45.05,3000 -63.87,45.03,3000 -63.76,45.03,3000 -63.65,45.06,3000 -63.63,45.12,3000 -63.69,45.23,3000 -63.77,45.28,3000 -63.89,45.35,3000 -64.00,45.42,3000 -64.10,45.50,3000 -64.16,45.58,3000 -64.21,45.68,3000 -64.25,45.77,3000 -64.31,45.85,3000 -64.43,45.94,3000 -64.56,46.01,3000 -64.68,46.08,3000 -64.81,46.17,3000 -64.89,46.25,3000 -64.92,46.35,3000 -64.88,46.45,3000 -64.76,46.51,3000 -64.61,46.55,3000 -64.47,46.55,3000 -64.30,46.54,3000 -64.18,46.55,3000 -64.04,46.57,3000 -63.90,46.60,3000 -63.76,46.62,3000 -63.60,46.65,3000 -63.44,46.69,3000 -63.29,46.73,3000 -62.65,46.80,3000 
          </coordinates>
        </LinearRing>
      </innerBoundaryIs>
      <innerBoundaryIs>
        <LinearRing>
          <coordinates>
-67.96,50.97,3000 -67.65,50.89,3000 -67.35,50.81,3000 -67.08,50.71,3000 -66.80,50.60,3000 -66.47,50.48,3000 -66.18,50.36,3000 -65.91,50.19,3000 -65.77,50.04,3000 -65.56,49.81,3000 -65.30,49.68,3000 -65.04,49.58,3000 -64.75,49.46,3000 -64.47,49.34,3000 -64.22,49.23,3000 -63.90,49.06,3000 -63.84,48.88,3000 -63.79,48.65,3000 -63.51,48.51,3000 -63.37,48.32,3000 -63.42,48.15,3000 -63.58,47.99,3000 -63.80,47.82,3000 -64.04,47.71,3000 -64.30,47.61,3000 -64.54,47.52,3000 -64.82,47.44,3000 -65.25,47.35,3000 -65.63,47.28,3000 -65.83,47.23,3000 -66.03,47.03,3000 -66.24,46.87,3000 -66.47,46.70,3000 -66.66,46.55,3000 -66.83,46.42,3000 -67.18,46.30,3000 -67.54,46.39,3000 -67.76,46.54,3000 -68.00,46.72,3000 -68.20,46.85,3000 -68.44,46.98,3000 -68.84,47.12,3000 -69.23,47.25,3000 -69.52,47.51,3000 -69.54,47.80,3000 -69.62,48.02,3000 -69.81,48.00,3000 -70.08,47.88,3000 -70.35,47.79,3000 -70.61,47.70,3000 -70.82,47.57,3000 -70.85,47.31,3000 -70.85,47.11,3000 -70.79,46.90,3000 -70.56,46.74,3000 -70.33,46.60,3000 -70.28,46.36,3000 -70.55,46.26,3000 -70.87,46.27,3000 -71.08,46.09,3000 -71.22,45.91,3000 -71.36,45.74,3000 -71.59,45.68,3000 -71.82,45.75,3000 -72.04,45.89,3000 -72.29,46.08,3000 -72.50,46.15,3000 -72.90,46.21,3000 -73.30,46.29,3000 -73.48,46.49,3000 -73.44,46.78,3000 -73.42,46.99,3000 -73.41,47.20,3000 -73.52,47.53,3000 -73.65,47.64,3000 -73.87,47.70,3000 -74.09,47.68,3000 -74.32,47.54,3000 -74.48,47.37,3000 -74.62,47.20,3000 -74.73,47.02,3000 -74.65,46.86,3000 -74.49,46.68,3000 -74.36,46.42,3000 -74.28,46.25,3000 -74.34,46.00,3000 -74.47,45.99,3000 -74.72,46.12,3000 -74.87,46.27,3000 -75.01,46.46,3000 -75.12,46.68,3000 -75.20,46.89,3000 -75.32,47.18,3000 -75.45,47.32,3000 -75.66,47.39,3000 -75.88,47.39,3000 -76.14,47.35,3000 -76.50,47.32,3000 -76.86,47.30,3000 -77.14,47.28,3000 -77.45,47.18,3000 -77.67,47.04,3000 -77.90,46.86,3000 -78.08,46.67,3000 -78.23,46.52,3000 -78.52,46.50,3000 -78.76,46.56,3000 -79.02,46.59,3000 -79.22,46.42,3000 -79.67,46.31,3000 -80.15,46.36,3000 -80.56,46.44,3000 -80.88,46.56,3000 -81.16,46.66,3000 -81.41,46.77,3000 -81.55,46.93,3000 -81.57,47.20,3000 -81.43,47.44,3000 -81.29,47.68,3000 -81.26,47.94,3000 -81.08,48.09,3000 -80.88,48.22,3000 -80.72,48.31,3000 -80.44,48.36,3000 -79.99,48.31,3000 -79.59,48.24,3000 -79.18,48.15,3000 -78.89,48.07,3000 -78.63,47.98,3000 -78.31,47.85,3000 -78.02,47.74,3000 -77.77,47.70,3000 -77.55,47.73,3000 -77.29,47.81,3000 -76.91,47.82,3000 -76.53,47.83,3000 -76.26,47.89,3000 -75.86,47.89,3000 -75.47,47.93,3000 -75.24,48.05,3000 -75.04,48.18,3000 -74.80,48.32,3000 -74.56,48.46,3000 -74.33,48.58,3000 -74.05,48.69,3000 -73.61,48.65,3000 -73.36,48.53,3000 -73.13,48.40,3000 -72.88,48.29,3000 -72.49,48.22,3000 -72.27,48.24,3000 -72.13,48.35,3000 -72.25,48.57,3000 -72.49,48.71,3000 -72.74,48.85,3000 -72.87,49.06,3000 -72.78,49.33,3000 -72.58,49.56,3000 -72.33,49.69,3000 -72.11,49.81,3000 -71.89,49.93,3000 -71.66,50.13,3000 -71.37,50.23,3000 -70.99,50.26,3000 -70.63,50.30,3000 -70.45,50.47,3000 -70.26,50.78,3000 -69.90,50.89,3000 -69.48,50.86,3000 -69.07,50.91,3000 -68.56,50.98,3000 -67.96,50.97,3000 
          </coordinates>
        </LinearRing>
      </innerBoundaryIs>
  </Polygon>
 </MultiGeometry>
</Placemark>
<Placemark>
  <name>10%</name>
  <visibility>1</visibility>
  <styleUrl>#poly_10</styleUrl>
  <MultiGeometry>
    <Polygon>
      <outerBoundaryIs>
        <LinearRing>
          <coordinates>
-88.31,50.66,2000 -88.26,50.67,2000 -88.22,50.68,2000 -88.17,50.69,2000 -88.13,50.70,2000 -88.08,50.70,2000 -88.04,50.71,2000 -88.00,50.72,2000 -87.95,50.72,2000 -87.91,50.73,2000 -87.87,50.73,2000 -87.82,50.74,2000 -87.78,50.74,2000 -87.73,50.74,2000 -87.68,50.74,2000 -87.63,50.74,2000 -87.58,50.74,2000 -87.53,50.73,2000 -87.49,50.72,2000 -87.44,50.71,2000 -87.40,50.70,2000 -87.36,50.69,2000 -87.31,50.68,2000 -87.27,50.67,2000 -87.23,50.66,2000 -87.18,50.64,2000 -87.13,50.62,2000 -87.09,50.61,2000 -87.05,50.59,2000 -87.02,50.58,2000 -86.97,50.57,2000 -86.96,50.56,2000 -86.96,50.54,2000 -86.96,50.50,2000 -86.97,50.46,2000 -86.98,50.43,2000 -86.99,50.40,2000 -87.01,50.38,2000 -87.05,50.36,2000 -87.07,50.34,2000 -87.09,50.32,2000 -87.12,50.29,2000 -87.15,50.27,2000 -87.17,50.24,2000 -87.19,50.21,2000 -87.21,50.18,2000 -87.24,50.15,2000 -87.26,50.13,2000 -87.27,50.10,2000 -87.29,50.08,2000 -87.30,50.06,2000 -87.33,50.05,2000 -87.36,50.04,2000 -87.39,50.02,2000 -87.43,50.00,2000 -87.47,49.98,2000 -87.51,49.96,2000 -87.55,49.94,2000 -87.57,49.93,2000 -87.60,49.91,2000 -87.63,49.90,2000 -87.67,49.90,2000 -87.72,49.89,2000 -87.77,49.88,2000 -87.82,49.88,2000 -87.85,49.88,2000 -87.89,49.89,2000 -87.91,49.92,2000 -87.94,49.94,2000 -87.98,49.96,2000 -88.02,49.97,2000 -88.06,49.99,2000 -88.10,50.01,2000 -88.13,50.03,2000 -88.16,50.06,2000 -88.19,50.08,2000 -88.22,50.11,2000 -88.24,50.13,2000 -88.27,50.16,2000 -88.30,50.19,2000 -88.32,50.21,2000 -88.34,50.23,2000 -88.37,50.25,2000 -88.40,50.28,2000 -88.42,50.30,2000 -88.45,50.32,2000 -88.48,50.35,2000 -88.50,50.37,2000 -88.53,50.40,2000 -88.55,50.43,2000 -88.56,50.45,2000 -88.56,50.48,2000 -88.55,50.50,2000 -88.53,50.53,2000 -88.51,50.56,2000 -88.48,50.58,2000 -88.45,50.61,2000 -88.31,50.66,2000 
          </coordinates>
        </LinearRing>
      </outerBoundaryIs>
  </Polygon>
 </MultiGeometry>
</Placemark>
<Placemark>
  <name>10%</name>
  <visibility>1</visibility>
  <styleUrl>#poly_10</styleUrl>
  <MultiGeometry>
    <Polygon>
      <outerBoundaryIs>
        <LinearRing>
          <coordinates>
-113.55,36.63,2000 -113.51,36.63,2000 -113.46,36.64,2000 -113.42,36.64,2000 -113.37,36.64,2000 -113.33,36.63,2000 -113.29,36.62,2000 -113.25,36.61,2000 -113.21,36.59,2000 -113.17,36.58,2000 -113.14,36.56,2000 -113.11,36.54,2000 -113.09,36.51,2000 -113.08,36.48,2000 -113.07,36.44,2000 -113.06,36.41,2000 -113.06,36.39,2000 -113.05,36.36,2000 -113.06,36.35,2000 -113.07,36.32,2000 -113.09,36.29,2000 -113.11,36.25,2000 -113.13,36.21,2000 -113.13,36.18,2000 -113.11,36.16,2000 -113.07,36.15,2000 -113.02,36.13,2000 -112.99,36.11,2000 -112.96,36.09,2000 -112.93,36.07,2000 -112.90,36.05,2000 -112.87,36.02,2000 -112.84,35.99,2000 -112.81,35.96,2000 -112.79,35.92,2000 -112.77,35.89,2000 -112.76,35.85,2000 -112.76,35.81,2000 -112.77,35.77,2000 -112.78,35.73,2000 -112.80,35.70,2000 -112.82,35.67,2000 -112.85,35.63,2000 -112.89,35.61,2000 -112.93,35.60,2000 -112.97,35.60,2000 -113.02,35.62,2000 -113.06,35.64,2000 -113.10,35.66,2000 -113.13,35.68,2000 -113.17,35.70,2000 -113.20,35.72,2000 -113.22,35.74,2000 -113.25,35.77,2000 -113.27,35.80,2000 -113.28,35.83,2000 -113.29,35.87,2000 -113.29,35.91,2000 -113.30,35.95,2000 -113.31,35.98,2000 -113.34,36.00,2000 -113.37,36.01,2000 -113.41,36.02,2000 -113.45,36.03,2000 -113.49,36.05,2000 -113.53,36.06,2000 -113.58,36.08,2000 -113.62,36.10,2000 -113.65,36.12,2000 -113.68,36.15,2000 -113.70,36.17,2000 -113.71,36.20,2000 -113.73,36.23,2000 -113.74,36.26,2000 -113.75,36.29,2000 -113.74,36.32,2000 -113.73,36.35,2000 -113.72,36.38,2000 -113.72,36.40,2000 -113.71,36.44,2000 -113.70,36.47,2000 -113.55,36.63,2000 
          </coordinates>
        </LinearRing>
      </outerBoundaryIs>
  </Polygon>
 </MultiGeometry>
</Placemark>
<Placemark>
  <name>10%</name>
  <visibility>1</visibility>
  <styleUrl>#poly_10</styleUrl>
  <MultiGeometry>
    <Polygon>
      <outerBoundaryIs>
        <LinearRing>
          <coordinates>
-109.90,37.82,2000 -109.88,37.83,2000 -109.86,37.83,2000 -109.85,37.84,2000 -109.83,37.84,2000 -109.81,37.85,2000 -109.79,37.85,2000 -109.77,37.86,2000 -109.75,37.86,2000 -109.74,37.87,2000 -109.72,37.87,2000 -109.70,37.88,2000 -109.68,37.88,2000 -109.66,37.88,2000 -109.64,37.89,2000 -109.62,37.89,2000 -109.60,37.89,2000 -109.58,37.89,2000 -109.56,37.90,2000 -109.54,37.90,2000 -109.52,37.90,2000 -109.50,37.89,2000 -109.48,37.89,2000 -109.46,37.89,2000 -109.44,37.89,2000 -109.42,37.88,2000 -109.40,37.87,2000 -109.38,37.86,2000 -109.36,37.86,2000 -109.34,37.85,2000 -109.33,37.84,2000 -109.31,37.83,2000 -109.30,37.82,2000 -109.29,37.81,2000 -109.29,37.80,2000 -109.29,37.79,2000 -109.30,37.78,2000 -109.31,37.77,2000 -109.33,37.76,2000 -109.35,37.75,2000 -109.37,37.74,2000 -109.39,37.73,2000 -109.41,37.72,2000 -109.43,37.71,2000 -109.45,37.70,2000 -109.46,37.70,2000 -109.48,37.69,2000 -109.50,37.69,2000 -109.52,37.68,2000 -109.53,37.68,2000 -109.55,37.68,2000 -109.57,37.67,2000 -109.59,37.67,2000 -109.61,37.66,2000 -109.63,37.66,2000 -109.65,37.66,2000 -109.67,37.66,2000 -109.69,37.66,2000 -109.71,37.65,2000 -109.73,37.65,2000 -109.75,37.65,2000 -109.77,37.65,2000 -109.79,37.65,2000 -109.81,37.65,2000 -109.83,37.65,2000 -109.85,37.65,2000 -109.87,37.66,2000 -109.88,37.66,2000 -109.90,37.67,2000 -109.92,37.68,2000 -109.93,37.69,2000 -109.94,37.70,2000 -109.95,37.72,2000 -109.95,37.73,2000 -109.96,37.75,2000 -109.90,37.82,2000 
          </coordinates>
        </LinearRing>
      </outerBoundaryIs>
  </Polygon>
 </MultiGeometry>
</Placemark>
<Placemark>
  <name>10%</name>
  <visibility>1</visibility>
  <styleUrl>#poly_10</styleUrl>
  <MultiGeometry>
    <Polygon>
      <outerBoundaryIs>
        <LinearRing>
          <coordinates>
-105.51,36.86,2000 -105.49,36.86,2000 -105.47,36.86,2000 -105.44,36.86,2000 -105.42,36.85,2000 -105.40,36.84,2000 -105.38,36.83,2000 -105.37,36.82,2000 -105.36,36.81,2000 -105.34,36.79,2000 -105.33,36.78,2000 -105.32,36.76,2000 -105.31,36.75,2000 -105.30,36.73,2000 -105.29,36.71,2000 -105.28,36.69,2000 -105.27,36.68,2000 -105.27,36.66,2000 -105.27,36.64,2000 -105.27,36.62,2000 -105.27,36.60,2000 -105.28,36.59,2000 -105.29,36.57,2000 -105.29,36.55,2000 -105.30,36.53,2000 -105.31,36.51,2000 -105.32,36.50,2000 -105.33,36.48,2000 -105.34,36.46,2000 -105.35,36.45,2000 -105.37,36.43,2000 -105.38,36.41,2000 -105.40,36.39,2000 -105.41,36.38,2000 -105.43,36.37,2000 -105.44,36.36,2000 -105.46,36.36,2000 -105.48,36.36,2000 -105.49,36.37,2000 -105.51,36.37,2000 -105.53,36.38,2000 -105.54,36.40,2000 -105.56,36.41,2000 -105.57,36.43,2000 -105.59,36.44,2000 -105.60,36.46,2000 -105.61,36.47,2000 -105.62,36.49,2000 -105.63,36.51,2000 -105.63,36.53,2000 -105.64,36.54,2000 -105.65,36.56,2000 -105.65,36.58,2000 -105.65,36.60,2000 -105.65,36.62,2000 -105.65,36.64,2000 -105.65,36.66,2000 -105.64,36.67,2000 -105.64,36.69,2000 -105.63,36.71,2000 -105.62,36.72,2000 -105.61,36.74,2000 -105.60,36.75,2000 -105.59,36.77,2000 -105.57,36.79,2000 -105.56,36.80,2000 -105.55,36.82,2000 -105.51,36.86,2000 
          </coordinates>
        </LinearRing>
      </outerBoundaryIs>
  </Polygon>
 </MultiGeometry>
</Placemark>
<Placemark>
  <name>10%</name>
  <visibility>1</visibility>
  <styleUrl>#poly_10</styleUrl>
  <MultiGeometry>
    <Polygon>
      <outerBoundaryIs>
        <LinearRing>
          <coordinates>
-74.26,40.92,2000 -74.24,40.92,2000 -74.22,40.91,2000 -74.21,40.89,2000 -74.21,40.87,2000 -74.21,40.85,2000 -74.21,40.83,2000 -74.21,40.81,2000 -74.22,40.78,2000 -74.22,40.76,2000 -74.22,40.74,2000 -74.23,40.72,2000 -74.24,40.70,2000 -74.26,40.69,2000 -74.28,40.68,2000 -74.31,40.67,2000 -74.33,40.66,2000 -74.35,40.65,2000 -74.38,40.64,2000 -74.40,40.62,2000 -74.43,40.61,2000 -74.46,40.60,2000 -74.48,40.59,2000 -74.50,40.58,2000 -74.52,40.57,2000 -74.54,40.56,2000 -74.57,40.55,2000 -74.59,40.54,2000 -74.61,40.54,2000 -74.64,40.53,2000 -74.67,40.52,2000 -74.70,40.51,2000 -74.73,40.50,2000 -74.76,40.49,2000 -74.79,40.49,2000 -74.82,40.48,2000 -74.85,40.47,2000 -74.88,40.47,2000 -74.91,40.46,2000 -74.94,40.45,2000 -74.97,40.45,2000 -75.00,40.45,2000 -75.03,40.45,2000 -75.06,40.46,2000 -75.08,40.47,2000 -75.10,40.48,2000 -75.12,40.50,2000 -75.15,40.52,2000 -75.17,40.54,2000 -75.19,40.56,2000 -75.21,40.59,2000 -75.22,40.61,2000 -75.23,40.63,2000 -75.24,40.65,2000 -75.24,40.66,2000 -75.23,40.67,2000 -75.21,40.69,2000 -75.19,40.70,2000 -75.16,40.71,2000 -75.12,40.71,2000 -75.09,40.72,2000 -75.06,40.73,2000 -75.03,40.73,2000 -75.00,40.74,2000 -74.97,40.75,2000 -74.94,40.76,2000 -74.92,40.77,2000 -74.89,40.78,2000 -74.87,40.78,2000 -74.85,40.79,2000 -74.83,40.80,2000 -74.81,40.80,2000 -74.79,40.80,2000 -74.76,40.81,2000 -74.74,40.82,2000 -74.72,40.82,2000 -74.69,40.83,2000 -74.66,40.84,2000 -74.63,40.86,2000 -74.60,40.87,2000 -74.57,40.88,2000 -74.55,40.89,2000 -74.52,40.89,2000 -74.50,40.90,2000 -74.46,40.91,2000 -74.43,40.91,2000 -74.41,40.91,2000 -74.39,40.91,2000 -74.26,40.92,2000 
          </coordinates>
        </LinearRing>
      </outerBoundaryIs>
  </Polygon>
 </MultiGeometry>
</Placemark>
<Placemark>
  <name>10%</name>
  <visibility>1</visibility>
  <styleUrl>#poly_10</styleUrl>
  <MultiGeometry>
    <Polygon>
      <outerBoundaryIs>
        <LinearRing>
          <coordinates>
-87.88,46.45,2000 -87.87,46.45,2000 -87.85,46.45,2000 -87.84,46.44,2000 -87.81,46.43,2000 -87.80,46.42,2000 -87.78,46.41,2000 -87.77,46.40,2000 -87.75,46.39,2000 -87.73,46.37,2000 -87.71,46.36,2000 -87.69,46.35,2000 -87.68,46.33,2000 -87.66,46.32,2000 -87.65,46.31,2000 -87.64,46.30,2000 -87.62,46.28,2000 -87.62,46.27,2000 -87.62,46.26,2000 -87.62,46.25,2000 -87.62,46.24,2000 -87.63,46.22,2000 -87.63,46.20,2000 -87.64,46.18,2000 -87.64,46.17,2000 -87.65,46.15,2000 -87.65,46.13,2000 -87.66,46.12,2000 -87.66,46.11,2000 -87.67,46.09,2000 -87.69,46.08,2000 -87.70,46.07,2000 -87.72,46.06,2000 -87.74,46.05,2000 -87.76,46.04,2000 -87.78,46.03,2000 -87.80,46.02,2000 -87.82,46.01,2000 -87.84,46.00,2000 -87.87,46.00,2000 -87.89,45.99,2000 -87.91,45.99,2000 -87.93,45.99,2000 -87.95,45.99,2000 -87.98,46.00,2000 -88.00,46.00,2000 -88.03,46.01,2000 -88.05,46.02,2000 -88.08,46.03,2000 -88.10,46.04,2000 -88.12,46.05,2000 -88.14,46.05,2000 -88.15,46.06,2000 -88.18,46.07,2000 -88.19,46.07,2000 -88.19,46.08,2000 -88.20,46.10,2000 -88.20,46.11,2000 -88.21,46.13,2000 -88.21,46.14,2000 -88.21,46.16,2000 -88.21,46.18,2000 -88.21,46.20,2000 -88.21,46.22,2000 -88.21,46.24,2000 -88.21,46.26,2000 -88.21,46.27,2000 -88.20,46.29,2000 -88.19,46.30,2000 -88.17,46.31,2000 -88.16,46.32,2000 -88.13,46.33,2000 -88.12,46.34,2000 -88.10,46.35,2000 -88.08,46.36,2000 -88.06,46.37,2000 -88.04,46.38,2000 -88.02,46.39,2000 -88.00,46.40,2000 -87.98,46.41,2000 -87.95,46.42,2000 -87.93,46.43,2000 -87.88,46.45,2000 
          </coordinates>
        </LinearRing>
      </outerBoundaryIs>
  </Polygon>
 </MultiGeometry>
</Placemark>
<Placemark>
  <name>10%</name>
  <visibility>1</visibility>
  <styleUrl>#poly_10</styleUrl>
  <MultiGeometry>
    <Polygon>
      <outerBoundaryIs>
        <LinearRing>
          <coordinates>
-109.05,36.49,2000 -109.02,36.48,2000 -108.98,36.46,2000 -108.95,36.45,2000 -108.92,36.44,2000 -108.89,36.42,2000 -108.87,36.41,2000 -108.85,36.40,2000 -108.82,36.38,2000 -108.81,36.36,2000 -108.80,36.34,2000 -108.79,36.32,2000 -108.78,36.30,2000 -108.76,36.28,2000 -108.76,36.26,2000 -108.75,36.23,2000 -108.75,36.21,2000 -108.75,36.18,2000 -108.75,36.16,2000 -108.75,36.13,2000 -108.76,36.10,2000 -108.76,36.08,2000 -108.77,36.05,2000 -108.78,36.03,2000 -108.79,36.00,2000 -108.81,35.97,2000 -108.82,35.95,2000 -108.84,35.92,2000 -108.85,35.90,2000 -108.87,35.88,2000 -108.88,35.86,2000 -108.90,35.83,2000 -108.91,35.81,2000 -108.93,35.80,2000 -108.96,35.79,2000 -108.99,35.78,2000 -109.02,35.78,2000 -109.05,35.78,2000 -109.09,35.78,2000 -109.12,35.78,2000 -109.16,35.78,2000 -109.18,35.78,2000 -109.21,35.79,2000 -109.23,35.80,2000 -109.25,35.83,2000 -109.26,35.85,2000 -109.27,35.87,2000 -109.28,35.89,2000 -109.30,35.92,2000 -109.31,35.95,2000 -109.31,35.97,2000 -109.32,36.00,2000 -109.32,36.03,2000 -109.32,36.05,2000 -109.32,36.08,2000 -109.32,36.10,2000 -109.32,36.13,2000 -109.31,36.16,2000 -109.31,36.18,2000 -109.30,36.21,2000 -109.30,36.23,2000 -109.29,36.26,2000 -109.28,36.28,2000 -109.27,36.30,2000 -109.26,36.32,2000 -109.25,36.34,2000 -109.23,36.37,2000 -109.22,36.37,2000 -109.05,36.49,2000 
          </coordinates>
        </LinearRing>
      </outerBoundaryIs>
      <innerBoundaryIs>
        <LinearRing>
          <coordinates>
-109.03,36.33,3000 -109.02,36.32,3000 -109.00,36.31,3000 -108.99,36.31,3000 -108.98,36.30,3000 -108.97,36.29,3000 -108.96,36.28,3000 -108.95,36.27,3000 -108.94,36.26,3000 -108.93,36.25,3000 -108.92,36.24,3000 -108.91,36.23,3000 -108.91,36.22,3000 -108.91,36.21,3000 -108.91,36.20,3000 -108.91,36.18,3000 -108.91,36.17,3000 -108.91,36.16,3000 -108.91,36.14,3000 -108.92,36.13,3000 -108.92,36.11,3000 -108.92,36.10,3000 -108.93,36.08,3000 -108.93,36.07,3000 -108.93,36.06,3000 -108.94,36.05,3000 -108.94,36.04,3000 -108.95,36.02,3000 -108.95,36.01,3000 -108.95,36.00,3000 -108.96,35.99,3000 -108.97,35.98,3000 -108.98,35.98,3000 -108.99,35.98,3000 -109.00,35.98,3000 -109.02,35.98,3000 -109.03,35.99,3000 -109.05,35.99,3000 -109.07,36.00,3000 -109.08,36.01,3000 -109.09,36.02,3000 -109.10,36.03,3000 -109.10,36.04,3000 -109.10,36.05,3000 -109.11,36.06,3000 -109.11,36.07,3000 -109.11,36.08,3000 -109.12,36.10,3000 -109.12,36.11,3000 -109.12,36.12,3000 -109.12,36.14,3000 -109.12,36.15,3000 -109.13,36.17,3000 -109.13,36.18,3000 -109.13,36.20,3000 -109.03,36.33,3000 
          </coordinates>
        </LinearRing>
      </innerBoundaryIs>
  </Polygon>
 </MultiGeometry>
</Placemark>
<Placemark>
  <name>10%</name>
  <visibility>1</visibility>
  <styleUrl>#poly_10</styleUrl>
  <MultiGeometry>
    <Polygon>
      <outerBoundaryIs>
        <LinearRing>
          <coordinates>
-115.80,36.61,2000 -115.79,36.60,2000 -115.75,36.59,2000 -115.73,36.59,2000 -115.71,36.59,2000 -115.68,36.59,2000 -115.65,36.58,2000 -115.63,36.58,2000 -115.60,36.58,2000 -115.57,36.57,2000 -115.55,36.56,2000 -115.52,36.55,2000 -115.49,36.54,2000 -115.47,36.52,2000 -115.44,36.51,2000 -115.42,36.49,2000 -115.40,36.48,2000 -115.38,36.46,2000 -115.36,36.44,2000 -115.35,36.42,2000 -115.34,36.40,2000 -115.33,36.38,2000 -115.32,36.36,2000 -115.31,36.34,2000 -115.30,36.31,2000 -115.30,36.29,2000 -115.30,36.27,2000 -115.30,36.25,2000 -115.30,36.23,2000 -115.30,36.20,2000 -115.30,36.18,2000 -115.31,36.16,2000 -115.31,36.14,2000 -115.32,36.12,2000 -115.33,36.10,2000 -115.34,36.08,2000 -115.36,36.06,2000 -115.37,36.04,2000 -115.39,36.03,2000 -115.41,36.01,2000 -115.44,36.00,2000 -115.46,35.99,2000 -115.48,35.98,2000 -115.51,35.98,2000 -115.54,35.98,2000 -115.57,35.97,2000 -115.60,35.97,2000 -115.63,35.98,2000 -115.66,35.98,2000 -115.68,35.98,2000 -115.71,35.99,2000 -115.74,36.00,2000 -115.76,36.01,2000 -115.79,36.02,2000 -115.81,36.03,2000 -115.83,36.04,2000 -115.85,36.05,2000 -115.87,36.06,2000 -115.89,36.07,2000 -115.91,36.08,2000 -115.93,36.09,2000 -115.95,36.10,2000 -115.97,36.11,2000 -115.99,36.13,2000 -116.01,36.14,2000 -116.03,36.15,2000 -116.04,36.17,2000 -116.06,36.19,2000 -116.07,36.21,2000 -116.08,36.23,2000 -116.10,36.25,2000 -116.10,36.28,2000 -116.11,36.30,2000 -116.12,36.32,2000 -116.12,36.35,2000 -116.12,36.37,2000 -116.11,36.39,2000 -116.10,36.41,2000 -116.09,36.44,2000 -116.08,36.46,2000 -116.06,36.48,2000 -116.04,36.50,2000 -116.03,36.52,2000 -116.01,36.53,2000 -115.99,36.55,2000 -115.96,36.56,2000 -115.93,36.57,2000 -115.91,36.58,2000 -115.88,36.58,2000 -115.80,36.61,2000 
          </coordinates>
        </LinearRing>
      </outerBoundaryIs>
      <innerBoundaryIs>
        <LinearRing>
          <coordinates>
-115.99,36.40,3000 -115.98,36.41,3000 -115.96,36.43,3000 -115.95,36.44,3000 -115.93,36.45,3000 -115.92,36.47,3000 -115.90,36.48,3000 -115.89,36.49,3000 -115.87,36.50,3000 -115.86,36.51,3000 -115.84,36.51,3000 -115.82,36.52,3000 -115.81,36.53,3000 -115.79,36.53,3000 -115.77,36.53,3000 -115.75,36.53,3000 -115.73,36.53,3000 -115.71,36.52,3000 -115.68,36.52,3000 -115.66,36.51,3000 -115.64,36.50,3000 -115.62,36.49,3000 -115.60,36.49,3000 -115.58,36.48,3000 -115.56,36.47,3000 -115.55,36.47,3000 -115.52,36.46,3000 -115.51,36.46,3000 -115.50,36.44,3000 -115.49,36.43,3000 -115.48,36.42,3000 -115.47,36.41,3000 -115.46,36.39,3000 -115.44,36.38,3000 -115.43,36.36,3000 -115.42,36.34,3000 -115.41,36.33,3000 -115.40,36.31,3000 -115.39,36.30,3000 -115.39,36.28,3000 -115.39,36.26,3000 -115.39,36.25,3000 -115.40,36.23,3000 -115.40,36.21,3000 -115.41,36.20,3000 -115.42,36.18,3000 -115.43,36.16,3000 -115.44,36.15,3000 -115.45,36.13,3000 -115.47,36.12,3000 -115.48,36.11,3000 -115.50,36.10,3000 -115.51,36.09,3000 -115.53,36.09,3000 -115.55,36.08,3000 -115.57,36.08,3000 -115.59,36.07,3000 -115.61,36.07,3000 -115.64,36.07,3000 -115.66,36.07,3000 -115.68,36.08,3000 -115.70,36.08,3000 -115.72,36.08,3000 -115.74,36.09,3000 -115.75,36.10,3000 -115.77,36.11,3000 -115.79,36.12,3000 -115.81,36.13,3000 -115.83,36.14,3000 -115.85,36.15,3000 -115.87,36.16,3000 -115.89,36.17,3000 -115.90,36.18,3000 -115.92,36.19,3000 -115.93,36.20,3000 -115.94,36.21,3000 -115.96,36.23,3000 -115.97,36.24,3000 -115.97,36.26,3000 -115.97,36.27,3000 -115.97,36.29,3000 -115.97,36.30,3000 -115.98,36.32,3000 -115.98,36.33,3000 -115.99,36.35,3000 -115.99,36.36,3000 -116.00,36.38,3000 -115.99,36.40,3000 
          </coordinates>
        </LinearRing>
      </innerBoundaryIs>
  </Polygon>
 </MultiGeometry>
</Placemark>
<Placemark>
  <name>10%</name>
  <visibility>1</visibility>
  <styleUrl>#poly_10</styleUrl>
  <MultiGeometry>
    <Polygon>
      <outerBoundaryIs>
        <LinearRing>
          <coordinates>
-117.86,34.57,2000 -117.81,34.57,2000 -117.76,34.57,2000 -117.71,34.57,2000 -117.66,34.57,2000 -117.61,34.56,2000 -117.56,34.56,2000 -117.51,34.55,2000 -117.46,34.54,2000 -117.41,34.52,2000 -117.36,34.50,2000 -117.31,34.48,2000 -117.26,34.47,2000 -117.21,34.46,2000 -117.17,34.45,2000 -117.12,34.46,2000 -117.08,34.47,2000 -117.04,34.50,2000 -117.00,34.52,2000 -116.96,34.53,2000 -116.92,34.54,2000 -116.87,34.54,2000 -116.83,34.54,2000 -116.79,34.53,2000 -116.74,34.52,2000 -116.70,34.50,2000 -116.65,34.48,2000 -116.61,34.46,2000 -116.56,34.43,2000 -116.52,34.40,2000 -116.49,34.37,2000 -116.46,34.34,2000 -116.44,34.30,2000 -116.42,34.26,2000 -116.41,34.22,2000 -116.40,34.19,2000 -116.39,34.15,2000 -116.39,34.11,2000 -116.40,34.07,2000 -116.41,34.04,2000 -116.43,34.00,2000 -116.45,33.96,2000 -116.46,33.92,2000 -116.48,33.88,2000 -116.50,33.84,2000 -116.51,33.80,2000 -116.53,33.76,2000 -116.56,33.73,2000 -116.58,33.71,2000 -116.62,33.70,2000 -116.66,33.71,2000 -116.71,33.73,2000 -116.76,33.76,2000 -116.81,33.78,2000 -116.85,33.80,2000 -116.89,33.82,2000 -116.93,33.84,2000 -116.98,33.86,2000 -117.02,33.88,2000 -117.06,33.91,2000 -117.10,33.94,2000 -117.13,33.97,2000 -117.16,34.00,2000 -117.20,34.03,2000 -117.23,34.06,2000 -117.27,34.09,2000 -117.32,34.10,2000 -117.36,34.10,2000 -117.41,34.10,2000 -117.46,34.09,2000 -117.51,34.08,2000 -117.56,34.07,2000 -117.61,34.06,2000 -117.66,34.05,2000 -117.71,34.04,2000 -117.75,34.04,2000 -117.80,34.05,2000 -117.85,34.07,2000 -117.89,34.09,2000 -117.93,34.11,2000 -117.96,34.14,2000 -117.99,34.16,2000 -118.03,34.19,2000 -118.07,34.22,2000 -118.10,34.25,2000 -118.11,34.28,2000 -118.11,34.31,2000 -118.10,34.35,2000 -118.08,34.38,2000 -118.05,34.42,2000 -117.86,34.57,2000 
          </coordinates>
        </LinearRing>
      </outerBoundaryIs>
      <innerBoundaryIs>
        <LinearRing>
          <coordinates>
-117.15,34.35,3000 -117.13,34.36,3000 -117.11,34.37,3000 -117.09,34.38,3000 -117.07,34.39,3000 -117.05,34.40,3000 -117.02,34.41,3000 -117.00,34.42,3000 -116.98,34.43,3000 -116.96,34.44,3000 -116.94,34.44,3000 -116.92,34.44,3000 -116.90,34.45,3000 -116.87,34.45,3000 -116.85,34.45,3000 -116.83,34.45,3000 -116.81,34.45,3000 -116.78,34.44,3000 -116.76,34.44,3000 -116.74,34.44,3000 -116.72,34.43,3000 -116.70,34.42,3000 -116.68,34.41,3000 -116.66,34.40,3000 -116.63,34.39,3000 -116.61,34.38,3000 -116.59,34.37,3000 -116.57,34.35,3000 -116.56,34.34,3000 -116.54,34.32,3000 -116.53,34.31,3000 -116.52,34.29,3000 -116.51,34.28,3000 -116.50,34.26,3000 -116.49,34.24,3000 -116.49,34.22,3000 -116.49,34.20,3000 -116.49,34.18,3000 -116.49,34.16,3000 -116.49,34.14,3000 -116.49,34.12,3000 -116.50,34.11,3000 -116.51,34.09,3000 -116.52,34.07,3000 -116.53,34.05,3000 -116.55,34.03,3000 -116.56,34.01,3000 -116.57,33.99,3000 -116.58,33.98,3000 -116.59,33.96,3000 -116.60,33.95,3000 -116.61,33.94,3000 -116.61,33.92,3000 -116.62,33.92,3000 -116.64,33.92,3000 -116.66,33.92,3000 -116.69,33.92,3000 -116.71,33.91,3000 -116.74,33.91,3000 -116.77,33.91,3000 -116.79,33.91,3000 -116.81,33.91,3000 -116.82,33.90,3000 -116.84,33.91,3000 -116.85,33.92,3000 -116.87,33.92,3000 -116.89,33.93,3000 -116.91,33.94,3000 -116.93,33.95,3000 -116.96,33.96,3000 -116.98,33.97,3000 -117.01,33.98,3000 -117.03,33.99,3000 -117.05,34.00,3000 -117.07,34.00,3000 -117.08,34.01,3000 -117.11,34.02,3000 -117.12,34.03,3000 -117.12,34.03,3000 -117.14,34.05,3000 -117.15,34.06,3000 -117.16,34.07,3000 -117.17,34.08,3000 -117.19,34.10,3000 -117.20,34.11,3000 -117.21,34.13,3000 -117.23,34.14,3000 -117.24,34.16,3000 -117.26,34.18,3000 -117.27,34.19,3000 -117.29,34.21,3000 -117.15,34.35,3000 
          </coordinates>
        </LinearRing>
      </innerBoundaryIs>
      <innerBoundaryIs>
        <LinearRing>
          <coordinates>
-117.84,34.47,3000 -117.82,34.47,3000 -117.81,34.48,3000 -117.79,34.48,3000 -117.78,34.48,3000 -117.76,34.49,3000 -117.74,34.49,3000 -117.73,34.49,3000 -117.71,34.49,3000 -117.70,34.50,3000 -117.68,34.50,3000 -117.67,34.50,3000 -117.65,34.49,3000 -117.64,34.49,3000 -117.62,34.49,3000 -117.61,34.49,3000 -117.59,34.48,3000 -117.58,34.48,3000 -117.56,34.47,3000 -117.54,34.47,3000 -117.53,34.46,3000 -117.51,34.45,3000 -117.50,34.44,3000 -117.48,34.44,3000 -117.47,34.43,3000 -117.46,34.42,3000 -117.45,34.41,3000 -117.44,34.40,3000 -117.43,34.39,3000 -117.42,34.38,3000 -117.41,34.37,3000 -117.41,34.36,3000 -117.41,34.34,3000 -117.41,34.33,3000 -117.41,34.31,3000 -117.41,34.30,3000 -117.41,34.28,3000 -117.41,34.27,3000 -117.42,34.25,3000 -117.42,34.24,3000 -117.43,34.22,3000 -117.43,34.21,3000 -117.44,34.20,3000 -117.44,34.19,3000 -117.45,34.18,3000 -117.46,34.17,3000 -117.47,34.16,3000 -117.48,34.15,3000 -117.50,34.15,3000 -117.51,34.15,3000 -117.53,34.14,3000 -117.55,34.14,3000 -117.56,34.14,3000 -117.58,34.14,3000 -117.59,34.13,3000 -117.61,34.13,3000 -117.63,34.13,3000 -117.65,34.13,3000 -117.67,34.13,3000 -117.68,34.13,3000 -117.70,34.13,3000 -117.72,34.13,3000 -117.73,34.13,3000 -117.75,34.13,3000 -117.76,34.13,3000 -117.77,34.13,3000 -117.78,34.12,3000 -117.79,34.14,3000 -117.80,34.15,3000 -117.80,34.15,3000 -117.81,34.16,3000 -117.82,34.17,3000 -117.83,34.17,3000 -117.84,34.18,3000 -117.85,34.19,3000 -117.86,34.20,3000 -117.87,34.21,3000 -117.89,34.22,3000 -117.90,34.23,3000 -117.91,34.24,3000 -117.93,34.25,3000 -117.94,34.27,3000 -117.95,34.28,3000 -117.97,34.29,3000 -117.98,34.30,3000 -117.84,34.47,3000 
          </coordinates>
        </LinearRing>
      </innerBoundaryIs>
  </Polygon>
 </MultiGeometry>
</Placemark>
<Placemark>
  <name>10%</name>
  <visibility>1</visibility>
  <styleUrl>#poly_10</styleUrl>
  <MultiGeometry>
    <Polygon>
      <outerBoundaryIs>
        <LinearRing>
          <coordinates>
-109.66,34.36,2000 -109.64,34.35,2000 -109.62,34.35,2000 -109.58,34.34,2000 -109.55,34.34,2000 -109.50,34.34,2000 -109.47,34.33,2000 -109.43,34.32,2000 -109.40,34.30,2000 -109.36,34.28,2000 -109.33,34.26,2000 -109.30,34.24,2000 -109.27,34.22,2000 -109.25,34.20,2000 -109.22,34.18,2000 -109.21,34.16,2000 -109.19,34.14,2000 -109.17,34.12,2000 -109.14,34.11,2000 -109.12,34.09,2000 -109.09,34.07,2000 -109.07,34.04,2000 -109.06,34.01,2000 -109.04,33.99,2000 -109.03,33.96,2000 -109.02,33.92,2000 -109.01,33.89,2000 -109.01,33.86,2000 -109.01,33.83,2000 -109.02,33.80,2000 -109.03,33.77,2000 -109.04,33.74,2000 -109.05,33.72,2000 -109.06,33.69,2000 -109.07,33.67,2000 -109.08,33.64,2000 -109.09,33.63,2000 -109.12,33.61,2000 -109.14,33.60,2000 -109.17,33.58,2000 -109.20,33.56,2000 -109.23,33.54,2000 -109.27,33.52,2000 -109.30,33.51,2000 -109.33,33.50,2000 -109.36,33.49,2000 -109.40,33.49,2000 -109.43,33.49,2000 -109.47,33.49,2000 -109.50,33.49,2000 -109.54,33.50,2000 -109.57,33.51,2000 -109.61,33.53,2000 -109.65,33.54,2000 -109.69,33.56,2000 -109.72,33.58,2000 -109.75,33.60,2000 -109.77,33.61,2000 -109.78,33.62,2000 -109.80,33.63,2000 -109.82,33.65,2000 -109.86,33.67,2000 -109.89,33.70,2000 -109.92,33.72,2000 -109.95,33.75,2000 -109.97,33.77,2000 -109.99,33.80,2000 -110.00,33.83,2000 -110.02,33.86,2000 -110.03,33.89,2000 -110.03,33.92,2000 -110.04,33.95,2000 -110.05,33.98,2000 -110.05,34.01,2000 -110.05,34.04,2000 -110.06,34.07,2000 -110.05,34.10,2000 -110.04,34.13,2000 -110.03,34.15,2000 -110.01,34.18,2000 -109.99,34.21,2000 -109.96,34.24,2000 -109.94,34.26,2000 -109.92,34.28,2000 -109.89,34.30,2000 -109.87,34.32,2000 -109.83,34.34,2000 -109.79,34.35,2000 -109.76,34.34,2000 -109.72,34.34,2000 -109.66,34.36,2000 
          </coordinates>
        </LinearRing>
      </outerBoundaryIs>
      <innerBoundaryIs>
        <LinearRing>
          <coordinates>
-109.86,34.23,3000 -109.83,34.24,3000 -109.80,34.26,3000 -109.77,34.27,3000 -109.74,34.28,3000 -109.71,34.28,3000 -109.68,34.29,3000 -109.65,34.29,3000 -109.62,34.29,3000 -109.59,34.28,3000 -109.56,34.28,3000 -109.52,34.27,3000 -109.49,34.26,3000 -109.47,34.25,3000 -109.44,34.24,3000 -109.42,34.23,3000 -109.39,34.22,3000 -109.39,34.21,3000 -109.37,34.19,3000 -109.35,34.18,3000 -109.34,34.16,3000 -109.31,34.14,3000 -109.29,34.12,3000 -109.27,34.10,3000 -109.24,34.08,3000 -109.22,34.06,3000 -109.20,34.04,3000 -109.19,34.03,3000 -109.17,34.00,3000 -109.17,33.98,3000 -109.17,33.96,3000 -109.16,33.94,3000 -109.15,33.92,3000 -109.14,33.89,3000 -109.13,33.87,3000 -109.12,33.85,3000 -109.12,33.83,3000 -109.13,33.81,3000 -109.14,33.79,3000 -109.15,33.77,3000 -109.16,33.75,3000 -109.18,33.73,3000 -109.20,33.70,3000 -109.21,33.68,3000 -109.23,33.66,3000 -109.25,33.64,3000 -109.27,33.62,3000 -109.29,33.60,3000 -109.31,33.59,3000 -109.34,33.58,3000 -109.37,33.58,3000 -109.40,33.58,3000 -109.43,33.58,3000 -109.47,33.58,3000 -109.51,33.58,3000 -109.54,33.59,3000 -109.56,33.59,3000 -109.59,33.60,3000 -109.60,33.60,3000 -109.62,33.62,3000 -109.64,33.63,3000 -109.66,33.64,3000 -109.69,33.66,3000 -109.72,33.67,3000 -109.74,33.68,3000 -109.77,33.70,3000 -109.79,33.71,3000 -109.82,33.73,3000 -109.84,33.74,3000 -109.86,33.76,3000 -109.88,33.78,3000 -109.89,33.80,3000 -109.91,33.82,3000 -109.92,33.84,3000 -109.93,33.86,3000 -109.94,33.89,3000 -109.96,33.91,3000 -109.96,33.94,3000 -109.97,33.96,3000 -109.97,33.99,3000 -109.97,34.01,3000 -109.97,34.04,3000 -109.96,34.06,3000 -109.96,34.09,3000 -109.95,34.11,3000 -109.94,34.14,3000 -109.86,34.23,3000 
          </coordinates>
        </LinearRing>
      </innerBoundaryIs>
  </Polygon>
 </MultiGeometry>
</Placemark>
<Placemark>
  <name>10%</name>
  <visibility>1</visibility>
  <styleUrl>#poly_10</styleUrl>
  <MultiGeometry>
    <Polygon>
      <outerBoundaryIs>
        <LinearRing>
          <coordinates>
-74.02,44.34,2000 -73.99,44.33,2000 -73.97,44.32,2000 -73.94,44.31,2000 -73.92,44.30,2000 -73.90,44.29,2000 -73.87,44.28,2000 -73.85,44.28,2000 -73.83,44.27,2000 -73.82,44.26,2000 -73.80,44.25,2000 -73.78,44.24,2000 -73.76,44.23,2000 -73.75,44.21,2000 -73.74,44.20,2000 -73.73,44.18,2000 -73.72,44.17,2000 -73.71,44.15,2000 -73.70,44.13,2000 -73.69,44.11,2000 -73.68,44.10,2000 -73.67,44.08,2000 -73.66,44.06,2000 -73.66,44.04,2000 -73.66,44.02,2000 -73.66,44.00,2000 -73.67,43.98,2000 -73.68,43.97,2000 -73.69,43.95,2000 -73.71,43.93,2000 -73.73,43.92,2000 -73.75,43.90,2000 -73.77,43.89,2000 -73.79,43.87,2000 -73.80,43.86,2000 -73.82,43.85,2000 -73.83,43.84,2000 -73.85,43.82,2000 -73.86,43.82,2000 -73.89,43.82,2000 -73.91,43.82,2000 -73.93,43.82,2000 -73.96,43.81,2000 -73.99,43.81,2000 -74.02,43.81,2000 -74.05,43.81,2000 -74.08,43.81,2000 -74.11,43.81,2000 -74.13,43.81,2000 -74.16,43.82,2000 -74.18,43.83,2000 -74.21,43.84,2000 -74.23,43.85,2000 -74.25,43.86,2000 -74.26,43.88,2000 -74.28,43.89,2000 -74.30,43.91,2000 -74.31,43.93,2000 -74.32,43.95,2000 -74.33,43.97,2000 -74.33,43.98,2000 -74.34,44.00,2000 -74.35,44.02,2000 -74.36,44.04,2000 -74.36,44.05,2000 -74.36,44.07,2000 -74.35,44.09,2000 -74.35,44.10,2000 -74.33,44.12,2000 -74.32,44.14,2000 -74.31,44.15,2000 -74.30,44.17,2000 -74.29,44.19,2000 -74.27,44.21,2000 -74.26,44.22,2000 -74.25,44.24,2000 -74.02,44.34,2000 
          </coordinates>
        </LinearRing>
      </outerBoundaryIs>
      <innerBoundaryIs>
        <LinearRing>
          <coordinates>
-74.06,44.15,3000 -74.05,44.15,3000 -74.04,44.14,3000 -74.03,44.14,3000 -74.01,44.13,3000 -74.00,44.13,3000 -73.99,44.12,3000 -73.98,44.12,3000 -73.97,44.12,3000 -73.96,44.11,3000 -73.95,44.11,3000 -73.94,44.10,3000 -73.93,44.10,3000 -73.92,44.10,3000 -73.91,44.09,3000 -73.90,44.09,3000 -73.89,44.08,3000 -73.88,44.08,3000 -73.87,44.08,3000 -73.87,44.07,3000 -73.86,44.07,3000 -73.85,44.07,3000 -73.85,44.06,3000 -73.84,44.06,3000 -73.83,44.05,3000 -73.82,44.04,3000 -73.81,44.03,3000 -73.81,44.03,3000 -73.81,44.02,3000 -73.81,44.02,3000 -73.81,44.01,3000 -73.81,44.00,3000 -73.81,44.00,3000 -73.82,43.99,3000 -73.83,43.99,3000 -73.84,43.98,3000 -73.86,43.98,3000 -73.87,43.98,3000 -73.88,43.98,3000 -73.88,43.98,3000 -73.89,43.97,3000 -73.90,43.97,3000 -73.92,43.97,3000 -73.93,43.97,3000 -73.94,43.97,3000 -73.95,43.97,3000 -73.97,43.96,3000 -73.98,43.96,3000 -73.99,43.96,3000 -74.00,43.96,3000 -74.02,43.96,3000 -74.03,43.96,3000 -74.04,43.96,3000 -74.05,43.96,3000 -74.06,43.96,3000 -74.07,43.96,3000 -74.08,43.96,3000 -74.09,43.96,3000 -74.10,43.96,3000 -74.11,43.96,3000 -74.12,43.97,3000 -74.13,43.97,3000 -74.13,43.98,3000 -74.14,43.98,3000 -74.15,43.99,3000 -74.15,44.00,3000 -74.16,44.00,3000 -74.16,44.01,3000 -74.17,44.02,3000 -74.17,44.03,3000 -74.17,44.03,3000 -74.17,44.04,3000 -74.18,44.05,3000 -74.18,44.06,3000 -74.06,44.15,3000 
          </coordinates>
        </LinearRing>
      </innerBoundaryIs>
  </Polygon>
 </MultiGeometry>
</Placemark>
<Placemark>
  <name>20%</name>
  <visibility>1</visibility>
  <styleUrl>#poly_20</styleUrl>
  <MultiGeometry>
    <Polygon>
      <outerBoundaryIs>
        <LinearRing>
          <coordinates>
-109.86,34.23,3000 -109.83,34.24,3000 -109.80,34.26,3000 -109.77,34.27,3000 -109.74,34.28,3000 -109.71,34.28,3000 -109.68,34.29,3000 -109.65,34.29,3000 -109.62,34.29,3000 -109.59,34.28,3000 -109.56,34.28,3000 -109.52,34.27,3000 -109.49,34.26,3000 -109.47,34.25,3000 -109.44,34.24,3000 -109.42,34.23,3000 -109.39,34.22,3000 -109.39,34.21,3000 -109.37,34.19,3000 -109.35,34.18,3000 -109.34,34.16,3000 -109.31,34.14,3000 -109.29,34.12,3000 -109.27,34.10,3000 -109.24,34.08,3000 -109.22,34.06,3000 -109.20,34.04,3000 -109.19,34.03,3000 -109.17,34.00,3000 -109.17,33.98,3000 -109.17,33.96,3000 -109.16,33.94,3000 -109.15,33.92,3000 -109.14,33.89,3000 -109.13,33.87,3000 -109.12,33.85,3000 -109.12,33.83,3000 -109.13,33.81,3000 -109.14,33.79,3000 -109.15,33.77,3000 -109.16,33.75,3000 -109.18,33.73,3000 -109.20,33.70,3000 -109.21,33.68,3000 -109.23,33.66,3000 -109.25,33.64,3000 -109.27,33.62,3000 -109.29,33.60,3000 -109.31,33.59,3000 -109.34,33.58,3000 -109.37,33.58,3000 -109.40,33.58,3000 -109.43,33.58,3000 -109.47,33.58,3000 -109.51,33.58,3000 -109.54,33.59,3000 -109.56,33.59,3000 -109.59,33.60,3000 -109.60,33.60,3000 -109.62,33.62,3000 -109.64,33.63,3000 -109.66,33.64,3000 -109.69,33.66,3000 -109.72,33.67,3000 -109.74,33.68,3000 -109.77,33.70,3000 -109.79,33.71,3000 -109.82,33.73,3000 -109.84,33.74,3000 -109.86,33.76,3000 -109.88,33.78,3000 -109.89,33.80,3000 -109.91,33.82,3000 -109.92,33.84,3000 -109.93,33.86,3000 -109.94,33.89,3000 -109.96,33.91,3000 -109.96,33.94,3000 -109.97,33.96,3000 -109.97,33.99,3000 -109.97,34.01,3000 -109.97,34.04,3000 -109.96,34.06,3000 -109.96,34.09,3000 -109.95,34.11,3000 -109.94,34.14,3000 -109.86,34.23,3000 
          </coordinates>
        </LinearRing>
      </outerBoundaryIs>
      <innerBoundaryIs>
        <LinearRing>
          <coordinates>
-109.64,34.23,4000 -109.62,34.22,4000 -109.59,34.21,4000 -109.57,34.21,4000 -109.55,34.20,4000 -109.53,34.19,4000 -109.51,34.19,4000 -109.49,34.18,4000 -109.47,34.17,4000 -109.45,34.17,4000 -109.43,34.16,4000 -109.41,34.15,4000 -109.40,34.14,4000 -109.38,34.13,4000 -109.36,34.12,4000 -109.34,34.10,4000 -109.32,34.09,4000 -109.30,34.07,4000 -109.28,34.05,4000 -109.26,34.04,4000 -109.25,34.02,4000 -109.24,34.00,4000 -109.23,33.98,4000 -109.22,33.96,4000 -109.21,33.94,4000 -109.20,33.92,4000 -109.20,33.90,4000 -109.20,33.88,4000 -109.20,33.86,4000 -109.20,33.84,4000 -109.21,33.82,4000 -109.21,33.80,4000 -109.22,33.79,4000 -109.24,33.77,4000 -109.25,33.75,4000 -109.27,33.73,4000 -109.28,33.71,4000 -109.30,33.70,4000 -109.32,33.68,4000 -109.33,33.67,4000 -109.35,33.66,4000 -109.37,33.65,4000 -109.39,33.65,4000 -109.41,33.64,4000 -109.44,33.64,4000 -109.46,33.64,4000 -109.49,33.64,4000 -109.51,33.65,4000 -109.54,33.65,4000 -109.56,33.66,4000 -109.58,33.67,4000 -109.60,33.68,4000 -109.63,33.69,4000 -109.65,33.70,4000 -109.68,33.72,4000 -109.70,33.73,4000 -109.72,33.74,4000 -109.74,33.76,4000 -109.76,33.77,4000 -109.78,33.78,4000 -109.79,33.79,4000 -109.80,33.80,4000 -109.80,33.82,4000 -109.81,33.83,4000 -109.82,33.85,4000 -109.84,33.86,4000 -109.85,33.88,4000 -109.87,33.90,4000 -109.88,33.92,4000 -109.89,33.94,4000 -109.90,33.96,4000 -109.90,33.98,4000 -109.90,34.00,4000 -109.89,34.02,4000 -109.89,34.05,4000 -109.88,34.07,4000 -109.87,34.09,4000 -109.86,34.11,4000 -109.86,34.13,4000 -109.85,34.14,4000 -109.83,34.15,4000 -109.64,34.23,4000 
          </coordinates>
        </LinearRing>
      </innerBoundaryIs>
  </Polygon>
 </MultiGeometry>
</Placemark>
<Placemark>
  <name>20%</name>
  <visibility>1</visibility>
  <styleUrl>#poly_20</styleUrl>
  <MultiGeometry>
    <Polygon>
      <outerBoundaryIs>
        <LinearRing>
          <coordinates>
-127.14,50.45,3000 -126.33,50.57,3000 -125.82,50.52,3000 -125.56,50.49,3000 -125.27,50.71,3000 -124.55,50.83,3000 -123.93,50.89,3000 -123.23,50.64,3000 -122.70,50.53,3000 -122.08,50.55,3000 -121.69,50.55,3000 -121.33,50.62,3000 -120.70,50.71,3000 -120.38,50.78,3000 -120.23,50.91,3000 -119.99,51.01,3000 -119.67,51.05,3000 -119.18,51.28,3000 -118.77,51.52,3000 -118.25,51.61,3000 -117.79,51.66,3000 -117.53,51.65,3000 -117.20,51.62,3000 -116.84,51.69,3000 -116.60,51.76,3000 -116.19,51.82,3000 -115.40,51.90,3000 -114.35,51.99,3000 -113.44,52.07,3000 -112.62,52.14,3000 -111.96,52.19,3000 -111.27,52.25,3000 -110.41,52.31,3000 -109.53,52.37,3000 -108.52,52.43,3000 -107.64,52.48,3000 -106.74,52.53,3000 -106.05,52.57,3000 -104.94,52.57,3000 -104.18,52.56,3000 -103.63,52.45,3000 -103.19,52.30,3000 -102.59,52.24,3000 -102.13,52.19,3000 -101.61,52.01,3000 -101.28,51.90,3000 -100.63,51.86,3000 -99.35,51.72,3000 -99.01,51.69,3000 -98.62,51.71,3000 -98.22,51.78,3000 -97.81,51.78,3000 -97.24,51.65,3000 -97.05,51.53,3000 -97.05,51.40,3000 -97.32,50.89,3000 -97.37,50.53,3000 -97.32,50.11,3000 -97.21,49.74,3000 -97.03,49.39,3000 -96.82,49.21,3000 -96.59,49.10,3000 -96.21,49.31,3000 -95.91,49.56,3000 -95.63,49.64,3000 -95.31,49.64,3000 -94.77,49.53,3000 -94.20,49.37,3000 -93.46,49.23,3000 -93.18,49.15,3000 -92.97,49.11,3000 -92.72,49.15,3000 -92.47,49.22,3000 -92.14,49.24,3000 -91.94,49.21,3000 -91.78,49.03,3000 -91.84,48.77,3000 -91.81,48.56,3000 -91.63,48.36,3000 -91.21,48.38,3000 -90.82,48.62,3000 -90.21,49.18,3000 -89.74,49.26,3000 -89.20,49.14,3000 -88.73,48.91,3000 -88.61,48.81,3000 -88.61,48.61,3000 -89.06,48.11,3000 -89.67,47.47,3000 -90.20,47.17,3000 -90.58,46.90,3000 -91.00,46.61,3000 -91.16,46.51,3000 -91.51,46.41,3000 -92.04,46.36,3000 -92.41,46.34,3000 -92.72,46.38,3000 -93.59,46.70,3000 -94.07,46.78,3000 -94.68,46.79,3000 -95.02,46.81,3000 -95.26,46.89,3000 -95.51,47.14,3000 -95.69,47.46,3000 -95.99,47.72,3000 -96.29,47.86,3000 -96.46,47.91,3000 -96.71,47.89,3000 -97.03,47.65,3000 -97.44,47.38,3000 -97.88,47.33,3000 -98.28,47.46,3000 -98.74,47.70,3000 -99.21,47.82,3000 -99.90,47.70,3000 -100.24,47.61,3000 -100.87,47.53,3000 -101.59,47.53,3000 -102.16,47.66,3000 -102.49,47.72,3000 -102.89,47.72,3000 -103.73,48.02,3000 -104.03,48.04,3000 -104.56,47.98,3000 -104.86,48.03,3000 -105.15,48.16,3000 -105.89,48.26,3000 -106.36,48.41,3000 -106.64,48.68,3000 -106.81,48.90,3000 -106.99,48.99,3000 -107.44,49.19,3000 -107.71,49.27,3000 -108.04,49.27,3000 -108.55,49.08,3000 -109.10,48.51,3000 -109.27,48.16,3000 -109.54,47.93,3000 -109.77,47.72,3000 -109.93,47.49,3000 -110.11,47.14,3000 -110.08,46.85,3000 -110.07,46.13,3000 -110.14,45.94,3000 -110.37,45.83,3000 -110.35,45.67,3000 -109.85,45.49,3000 -109.56,45.33,3000 -109.35,45.13,3000 -109.33,44.89,3000 -109.48,44.56,3000 -109.43,44.25,3000 -109.30,44.11,3000 -109.24,43.86,3000 -109.37,43.58,3000 -109.23,43.36,3000 -108.95,43.09,3000 -108.70,42.73,3000 -108.62,42.45,3000 -108.69,42.30,3000 -108.88,42.13,3000 -109.17,42.12,3000 -109.70,42.27,3000 -109.87,42.32,3000 -110.07,42.25,3000 -110.12,42.12,3000 -110.29,41.63,3000 -110.33,41.47,3000 -110.26,41.32,3000 -110.11,41.20,3000 -109.66,40.98,3000 -109.27,41.00,3000 -109.03,41.21,3000 -108.74,41.14,3000 -108.74,40.91,3000 -108.81,40.73,3000 -108.81,40.48,3000 -109.70,40.44,3000 -110.10,40.32,3000 -110.29,40.22,3000 -110.37,40.00,3000 -110.06,39.72,3000 -109.87,39.62,3000 -109.54,39.57,3000 -109.18,39.66,3000 -108.79,39.88,3000 -108.23,40.00,3000 -107.99,40.24,3000 -107.69,40.48,3000 -107.73,40.93,3000 -107.74,41.41,3000 -107.65,41.57,3000 -107.39,41.66,3000 -106.92,41.52,3000 -106.54,41.64,3000 -106.15,41.58,3000 -106.00,41.36,3000 -105.97,41.16,3000 -105.94,41.06,3000 -105.69,40.90,3000 -105.52,40.74,3000 -105.42,40.50,3000 -105.39,40.23,3000 -105.41,39.93,3000 -105.55,39.55,3000 -105.95,38.97,3000 -106.11,38.57,3000 -106.34,38.24,3000 -106.31,37.90,3000 -106.20,37.68,3000 -106.03,37.22,3000 -105.98,36.97,3000 -106.02,36.74,3000 -106.13,36.58,3000 -106.35,36.49,3000 -106.82,36.62,3000 -107.05,36.73,3000 -107.22,36.89,3000 -107.59,37.06,3000 -108.20,37.10,3000 -108.61,37.34,3000 -108.77,37.49,3000 -108.89,37.79,3000 -108.59,38.17,3000 -108.77,38.42,3000 -108.92,38.54,3000 -108.91,38.73,3000 -108.78,38.81,3000 -108.49,38.82,3000 -108.23,38.59,3000 -108.02,38.49,3000 -107.86,38.64,3000 -108.22,38.82,3000 -108.40,39.02,3000 -108.47,39.19,3000 -108.75,39.30,3000 -109.08,39.34,3000 -109.36,39.24,3000 -109.78,39.13,3000 -110.10,39.34,3000 -110.39,39.47,3000 -110.66,39.56,3000 -110.88,39.47,3000 -111.10,39.11,3000 -111.27,38.74,3000 -111.31,38.51,3000 -111.22,38.30,3000 -111.11,38.07,3000 -111.19,37.84,3000 -111.44,37.58,3000 -112.02,37.09,3000 -112.11,36.96,3000 -112.03,36.77,3000 -111.88,36.44,3000 -111.89,36.27,3000 -112.05,36.14,3000 -112.31,36.17,3000 -112.44,36.25,3000 -112.57,36.46,3000 -112.55,36.73,3000 -112.77,36.89,3000 -112.92,36.93,3000 -113.45,37.17,3000 -113.91,37.24,3000 -114.42,37.32,3000 -114.65,37.42,3000 -114.74,37.61,3000 -114.87,37.94,3000 -115.04,38.07,3000 -115.19,38.13,3000 -115.39,38.01,3000 -116.05,37.84,3000 -116.06,37.67,3000 -115.98,37.56,3000 -115.97,37.31,3000 -116.21,37.06,3000 -116.45,37.03,3000 -116.58,37.09,3000 -116.87,37.38,3000 -117.23,36.88,3000 -117.43,36.77,3000 -117.42,36.58,3000 -117.35,36.38,3000 -117.17,36.32,3000 -116.98,36.26,3000 -116.95,36.07,3000 -117.34,35.91,3000 -117.66,35.80,3000 -117.83,35.63,3000 -117.99,35.33,3000 -118.25,35.06,3000 -118.40,35.00,3000 -118.58,35.11,3000 -118.67,35.30,3000 -118.82,35.61,3000 -118.94,36.11,3000 -119.15,36.55,3000 -119.34,36.80,3000 -119.98,37.32,3000 -120.20,37.57,3000 -120.39,37.84,3000 -120.71,38.24,3000 -120.88,38.58,3000 -121.13,39.06,3000 -121.38,39.38,3000 -121.69,39.71,3000 -121.93,40.09,3000 -122.04,40.36,3000 -122.21,40.58,3000 -122.47,40.52,3000 -122.57,40.32,3000 -122.51,39.87,3000 -122.46,39.42,3000 -122.57,39.22,3000 -122.76,39.12,3000 -123.16,39.18,3000 -123.57,39.45,3000 -123.82,39.74,3000 -123.97,40.17,3000 -124.09,40.63,3000 -124.16,41.11,3000 -124.15,41.44,3000 -124.29,41.82,3000 -124.36,42.33,3000 -124.12,43.08,3000 -123.84,43.77,3000 -123.75,44.13,3000 -123.54,44.36,3000 -123.24,44.13,3000 -122.99,44.41,3000 -122.86,44.80,3000 -122.68,45.10,3000 -122.52,45.29,3000 -122.53,45.59,3000 -122.74,45.78,3000 -122.90,45.76,3000 -123.10,45.52,3000 -123.31,45.18,3000 -123.41,44.87,3000 -123.65,44.66,3000 -123.85,44.86,3000 -123.86,45.12,3000 -123.81,45.27,3000 -123.87,45.49,3000 -123.89,45.72,3000 -123.80,45.97,3000 -123.53,46.18,3000 -123.57,46.48,3000 -123.43,46.61,3000 -122.97,46.55,3000 -122.66,46.81,3000 -122.33,47.00,3000 -122.10,47.26,3000 -121.95,47.65,3000 -122.06,48.04,3000 -122.27,48.38,3000 -122.41,48.72,3000 -122.43,48.94,3000 -122.73,49.07,3000 -123.17,49.19,3000 -123.46,49.27,3000 -123.71,49.28,3000 -123.79,49.16,3000 -123.64,48.90,3000 -123.58,48.67,3000 -123.70,48.35,3000 -122.89,48.01,3000 -122.80,47.88,3000 -122.80,47.70,3000 -122.90,47.41,3000 -123.24,47.10,3000 -123.50,47.07,3000 -123.98,47.24,3000 -124.31,47.57,3000 -124.45,47.75,3000 -124.52,48.02,3000 -124.47,48.43,3000 -125.25,48.91,3000 -125.63,49.05,3000 -126.06,49.26,3000 -126.44,49.49,3000 -126.77,49.80,3000 -127.42,50.11,3000 -127.34,50.39,3000 -127.14,50.45,3000 
          </coordinates>
        </LinearRing>
      </outerBoundaryIs>
      <innerBoundaryIs>
        <LinearRing>
          <coordinates>
-117.65,44.21,3000 -117.53,44.28,3000 -117.41,44.33,3000 -117.29,44.34,3000 -117.14,44.33,3000 -117.01,44.34,3000 -116.86,44.34,3000 -116.72,44.30,3000 -116.64,44.23,3000 -116.55,44.13,3000 -116.47,44.01,3000 -116.40,43.90,3000 -116.34,43.82,3000 -116.27,43.71,3000 -116.23,43.64,3000 -116.15,43.57,3000 -116.06,43.50,3000 -115.96,43.41,3000 -115.83,43.31,3000 -115.72,43.24,3000 -115.60,43.16,3000 -115.49,43.11,3000 -115.38,43.09,3000 -115.19,43.08,3000 -115.06,43.07,3000 -114.88,43.06,3000 -114.69,43.06,3000 -114.49,43.05,3000 -114.32,43.04,3000 -114.18,43.03,3000 -113.98,43.01,3000 -113.83,43.00,3000 -113.66,43.00,3000 -113.46,43.01,3000 -113.30,43.03,3000 -113.15,43.09,3000 -113.04,43.17,3000 -112.96,43.24,3000 -112.89,43.32,3000 -112.81,43.40,3000 -112.73,43.49,3000 -112.65,43.59,3000 -112.57,43.68,3000 -112.49,43.76,3000 -112.40,43.84,3000 -112.32,43.89,3000 -112.22,43.91,3000 -112.12,43.90,3000 -112.02,43.88,3000 -111.94,43.84,3000 -111.87,43.78,3000 -111.84,43.69,3000 -111.87,43.60,3000 -111.93,43.49,3000 -111.99,43.40,3000 -112.03,43.34,3000 -112.20,43.21,3000 -112.29,43.14,3000 -112.41,43.05,3000 -112.54,42.95,3000 -112.68,42.84,3000 -112.83,42.73,3000 -112.98,42.63,3000 -113.12,42.53,3000 -113.25,42.45,3000 -113.36,42.39,3000 -113.56,42.34,3000 -113.72,42.35,3000 -113.86,42.38,3000 -114.00,42.40,3000 -114.14,42.39,3000 -114.28,42.37,3000 -114.42,42.35,3000 -114.55,42.34,3000 -114.73,42.33,3000 -114.91,42.33,3000 -115.08,42.33,3000 -115.25,42.33,3000 -115.41,42.33,3000 -115.55,42.34,3000 -115.68,42.37,3000 -115.83,42.46,3000 -115.93,42.54,3000 -116.05,42.64,3000 -116.18,42.75,3000 -116.30,42.86,3000 -116.39,42.94,3000 -116.49,43.06,3000 -116.55,43.13,3000 -116.69,43.21,3000 -116.85,43.28,3000 -117.00,43.31,3000 -117.14,43.32,3000 -117.28,43.30,3000 -117.41,43.26,3000 -117.50,43.22,3000 -117.55,43.16,3000 -117.56,43.08,3000 -117.56,42.98,3000 -117.59,42.87,3000 -117.64,42.77,3000 -117.75,42.70,3000 -117.87,42.65,3000 -118.03,42.66,3000 -118.02,42.74,3000 -118.00,42.86,3000 -117.96,43.00,3000 -117.93,43.12,3000 -117.90,43.21,3000 -117.81,43.32,3000 -117.84,43.41,3000 -117.89,43.50,3000 -117.96,43.55,3000 -118.00,43.63,3000 -117.98,43.74,3000 -117.93,43.87,3000 -117.87,43.98,3000 -117.78,44.10,3000 -117.67,44.19,3000 -117.65,44.21,3000 
          </coordinates>
        </LinearRing>
      </innerBoundaryIs>
      <innerBoundaryIs>
        <LinearRing>
          <coordinates>
-124.50,49.67,3000 -124.49,49.67,3000 -124.47,49.67,3000 -124.46,49.66,3000 -124.44,49.66,3000 -124.43,49.66,3000 -124.41,49.66,3000 -124.40,49.65,3000 -124.38,49.65,3000 -124.37,49.65,3000 -124.35,49.64,3000 -124.34,49.64,3000 -124.32,49.64,3000 -124.31,49.63,3000 -124.29,49.63,3000 -124.28,49.62,3000 -124.26,49.62,3000 -124.25,49.62,3000 -124.23,49.61,3000 -124.22,49.61,3000 -124.21,49.60,3000 -124.20,49.59,3000 -124.18,49.59,3000 -124.17,49.58,3000 -124.16,49.57,3000 -124.15,49.56,3000 -124.14,49.56,3000 -124.13,49.55,3000 -124.12,49.54,3000 -124.11,49.53,3000 -124.11,49.52,3000 -124.11,49.51,3000 -124.10,49.50,3000 -124.10,49.49,3000 -124.10,49.48,3000 -124.10,49.46,3000 -124.10,49.45,3000 -124.10,49.44,3000 -124.10,49.43,3000 -124.11,49.42,3000 -124.11,49.41,3000 -124.12,49.40,3000 -124.13,49.39,3000 -124.14,49.39,3000 -124.15,49.39,3000 -124.16,49.39,3000 -124.17,49.39,3000 -124.19,49.39,3000 -124.20,49.40,3000 -124.22,49.40,3000 -124.23,49.41,3000 -124.25,49.41,3000 -124.27,49.42,3000 -124.29,49.42,3000 -124.30,49.43,3000 -124.32,49.43,3000 -124.34,49.44,3000 -124.36,49.45,3000 -124.37,49.45,3000 -124.39,49.46,3000 -124.40,49.46,3000 -124.41,49.46,3000 -124.42,49.47,3000 -124.43,49.47,3000 -124.44,49.47,3000 -124.44,49.48,3000 -124.45,49.48,3000 -124.45,49.49,3000 -124.46,49.49,3000 -124.46,49.50,3000 -124.47,49.51,3000 -124.47,49.52,3000 -124.48,49.53,3000 -124.48,49.54,3000 -124.49,49.55,3000 -124.50,49.56,3000 -124.50,49.57,3000 -124.51,49.58,3000 -124.52,49.59,3000 -124.53,49.61,3000 -124.53,49.62,3000 -124.54,49.63,3000 -124.50,49.67,3000 
          </coordinates>
        </LinearRing>
      </innerBoundaryIs>
      <innerBoundaryIs>
        <LinearRing>
          <coordinates>
-125.21,50.21,3000 -125.21,50.22,3000 -125.19,50.21,3000 -125.19,50.21,3000 -125.18,50.20,3000 -125.18,50.20,3000 -125.17,50.19,3000 -125.16,50.19,3000 -125.16,50.18,3000 -125.15,50.18,3000 -125.14,50.17,3000 -125.13,50.16,3000 -125.12,50.16,3000 -125.11,50.15,3000 -125.11,50.14,3000 -125.10,50.13,3000 -125.09,50.13,3000 -125.08,50.12,3000 -125.07,50.11,3000 -125.07,50.11,3000 -125.06,50.10,3000 -125.05,50.09,3000 -125.05,50.09,3000 -125.04,50.08,3000 -125.04,50.07,3000 -125.03,50.07,3000 -125.03,50.06,3000 -125.03,50.06,3000 -125.03,50.05,3000 -125.03,50.04,3000 -125.04,50.04,3000 -125.05,50.03,3000 -125.06,50.03,3000 -125.07,50.02,3000 -125.09,50.02,3000 -125.10,50.02,3000 -125.11,50.01,3000 -125.12,50.01,3000 -125.13,50.01,3000 -125.14,50.01,3000 -125.15,50.01,3000 -125.16,50.01,3000 -125.16,50.01,3000 -125.16,50.02,3000 -125.17,50.04,3000 -125.17,50.04,3000 -125.17,50.05,3000 -125.17,50.05,3000 -125.18,50.06,3000 -125.18,50.07,3000 -125.18,50.07,3000 -125.18,50.08,3000 -125.18,50.09,3000 -125.19,50.09,3000 -125.19,50.10,3000 -125.19,50.11,3000 -125.19,50.12,3000 -125.19,50.12,3000 -125.19,50.13,3000 -125.20,50.14,3000 -125.20,50.15,3000 -125.20,50.16,3000 -125.20,50.17,3000 -125.20,50.17,3000 -125.21,50.18,3000 -125.21,50.19,3000 -125.21,50.20,3000 -125.21,50.21,3000 
          </coordinates>
        </LinearRing>
      </innerBoundaryIs>
      <innerBoundaryIs>
        <LinearRing>
          <coordinates>
-112.87,41.96,3000 -112.78,41.91,3000 -112.68,41.85,3000 -112.59,41.77,3000 -112.49,41.68,3000 -112.39,41.57,3000 -112.30,41.44,3000 -112.24,41.32,3000 -112.18,41.18,3000 -112.14,41.05,3000 -112.11,40.94,3000 -112.11,40.81,3000 -112.16,40.73,3000 -112.27,40.68,3000 -112.41,40.64,3000 -112.56,40.61,3000 -112.68,40.56,3000 -112.74,40.46,3000 -112.76,40.34,3000 -112.76,40.25,3000 -112.76,40.14,3000 -112.73,40.05,3000 -112.66,39.92,3000 -112.54,39.82,3000 -112.41,39.78,3000 -112.26,39.75,3000 -112.13,39.69,3000 -112.05,39.59,3000 -111.99,39.46,3000 -111.95,39.35,3000 -111.92,39.24,3000 -111.93,39.16,3000 -112.00,39.10,3000 -112.13,39.03,3000 -112.22,38.97,3000 -112.31,38.91,3000 -112.43,38.83,3000 -112.55,38.75,3000 -112.66,38.66,3000 -112.80,38.56,3000 -112.93,38.46,3000 -113.05,38.37,3000 -113.16,38.32,3000 -113.29,38.33,3000 -113.38,38.41,3000 -113.47,38.48,3000 -113.60,38.54,3000 -113.70,38.61,3000 -113.77,38.69,3000 -113.84,38.80,3000 -113.90,38.90,3000 -113.96,39.01,3000 -114.00,39.13,3000 -114.02,39.25,3000 -114.02,39.38,3000 -114.02,39.49,3000 -114.02,39.63,3000 -114.04,39.75,3000 -114.08,39.86,3000 -114.15,39.99,3000 -114.23,40.10,3000 -114.33,40.23,3000 -114.40,40.34,3000 -114.44,40.47,3000 -114.44,40.60,3000 -114.42,40.69,3000 -114.37,40.77,3000 -114.33,40.87,3000 -114.29,41.00,3000 -114.24,41.13,3000 -114.19,41.25,3000 -114.09,41.37,3000 -113.96,41.45,3000 -113.85,41.49,3000 -113.73,41.52,3000 -113.62,41.55,3000 -113.48,41.61,3000 -113.34,41.69,3000 -113.25,41.75,3000 -113.16,41.82,3000 -113.07,41.89,3000 -112.87,41.96,3000 
          </coordinates>
        </LinearRing>
      </innerBoundaryIs>
      <innerBoundaryIs>
        <LinearRing>
          <coordinates>
-111.67,46.06,3000 -111.65,46.06,3000 -111.63,46.06,3000 -111.61,46.06,3000 -111.59,46.06,3000 -111.57,46.06,3000 -111.56,46.06,3000 -111.54,46.06,3000 -111.52,46.06,3000 -111.50,46.06,3000 -111.49,46.06,3000 -111.47,46.06,3000 -111.46,46.05,3000 -111.44,46.05,3000 -111.43,46.05,3000 -111.42,46.04,3000 -111.41,46.03,3000 -111.40,46.03,3000 -111.39,46.02,3000 -111.38,46.01,3000 -111.38,46.00,3000 -111.37,45.99,3000 -111.36,45.97,3000 -111.36,45.96,3000 -111.35,45.95,3000 -111.35,45.94,3000 -111.34,45.93,3000 -111.34,45.91,3000 -111.34,45.90,3000 -111.33,45.89,3000 -111.33,45.88,3000 -111.33,45.87,3000 -111.33,45.86,3000 -111.33,45.84,3000 -111.33,45.83,3000 -111.33,45.82,3000 -111.33,45.80,3000 -111.33,45.79,3000 -111.33,45.78,3000 -111.34,45.77,3000 -111.34,45.76,3000 -111.35,45.75,3000 -111.36,45.74,3000 -111.37,45.74,3000 -111.38,45.74,3000 -111.39,45.74,3000 -111.41,45.74,3000 -111.42,45.74,3000 -111.44,45.74,3000 -111.45,45.75,3000 -111.47,45.75,3000 -111.49,45.75,3000 -111.51,45.76,3000 -111.53,45.76,3000 -111.54,45.77,3000 -111.56,45.77,3000 -111.58,45.78,3000 -111.59,45.78,3000 -111.61,45.79,3000 -111.62,45.79,3000 -111.64,45.79,3000 -111.66,45.80,3000 -111.67,45.80,3000 -111.69,45.81,3000 -111.70,45.81,3000 -111.71,45.81,3000 -111.72,45.82,3000 -111.73,45.83,3000 -111.74,45.84,3000 -111.74,45.85,3000 -111.75,45.86,3000 -111.75,45.87,3000 -111.76,45.88,3000 -111.76,45.89,3000 -111.76,45.90,3000 -111.76,45.91,3000 -111.76,45.92,3000 -111.77,45.93,3000 -111.77,45.94,3000 -111.77,45.96,3000 -111.77,45.97,3000 -111.77,45.98,3000 -111.77,46.00,3000 -111.77,46.01,3000 -111.67,46.06,3000 
          </coordinates>
        </LinearRing>
      </innerBoundaryIs>
      <innerBoundaryIs>
        <LinearRing>
          <coordinates>
-119.69,48.28,3000 -119.56,48.28,3000 -119.43,48.26,3000 -119.30,48.21,3000 -119.13,48.11,3000 -119.00,48.02,3000 -118.86,47.90,3000 -118.71,47.79,3000 -118.58,47.70,3000 -118.40,47.61,3000 -118.25,47.57,3000 -118.12,47.55,3000 -117.99,47.55,3000 -117.84,47.56,3000 -117.70,47.57,3000 -117.57,47.56,3000 -117.46,47.52,3000 -117.44,47.48,3000 -117.39,47.32,3000 -117.34,47.21,3000 -117.26,47.07,3000 -117.18,46.90,3000 -117.09,46.73,3000 -117.01,46.56,3000 -116.95,46.43,3000 -116.92,46.33,3000 -117.00,46.26,3000 -117.17,46.33,3000 -117.31,46.38,3000 -117.45,46.42,3000 -117.67,46.42,3000 -117.80,46.40,3000 -117.93,46.36,3000 -118.04,46.30,3000 -118.15,46.23,3000 -118.23,46.15,3000 -118.34,46.03,3000 -118.43,45.94,3000 -118.53,45.82,3000 -118.63,45.71,3000 -118.72,45.63,3000 -118.83,45.56,3000 -118.96,45.53,3000 -119.09,45.50,3000 -119.25,45.47,3000 -119.43,45.43,3000 -119.59,45.39,3000 -119.76,45.34,3000 -119.94,45.28,3000 -120.09,45.21,3000 -120.25,45.09,3000 -120.39,44.97,3000 -120.51,44.87,3000 -120.64,44.83,3000 -120.74,44.82,3000 -120.85,44.77,3000 -120.94,44.70,3000 -121.02,44.59,3000 -121.08,44.46,3000 -121.07,44.30,3000 -121.07,44.20,3000 -121.15,44.27,3000 -121.25,44.42,3000 -121.29,44.52,3000 -121.32,44.63,3000 -121.34,44.75,3000 -121.34,44.87,3000 -121.33,44.99,3000 -121.32,45.10,3000 -121.28,45.21,3000 -121.25,45.31,3000 -121.26,45.41,3000 -121.28,45.53,3000 -121.30,45.63,3000 -121.32,45.75,3000 -121.27,45.85,3000 -121.14,45.90,3000 -120.97,45.94,3000 -120.83,45.97,3000 -120.72,46.07,3000 -120.75,46.14,3000 -120.80,46.24,3000 -120.83,46.31,3000 -120.86,46.40,3000 -120.85,46.56,3000 -120.82,46.67,3000 -120.77,46.81,3000 -120.72,46.96,3000 -120.65,47.12,3000 -120.59,47.27,3000 -120.54,47.41,3000 -120.49,47.51,3000 -120.39,47.69,3000 -120.31,47.77,3000 -120.21,47.86,3000 -120.11,47.94,3000 -119.69,48.28,3000 
          </coordinates>
        </LinearRing>
      </innerBoundaryIs>
      <innerBoundaryIs>
        <LinearRing>
          <coordinates>
-118.77,39.82,4000 -118.74,39.83,4000 -118.72,39.83,4000 -118.69,39.84,4000 -118.67,39.84,4000 -118.65,39.84,4000 -118.63,39.84,4000 -118.61,39.84,4000 -118.60,39.83,4000 -118.59,39.82,4000 -118.58,39.81,4000 -118.58,39.79,4000 -118.58,39.78,4000 -118.57,39.76,4000 -118.57,39.74,4000 -118.57,39.72,4000 -118.57,39.70,4000 -118.57,39.69,4000 -118.57,39.67,4000 -118.57,39.65,4000 -118.57,39.63,4000 -118.57,39.62,4000 -118.58,39.60,4000 -118.58,39.58,4000 -118.59,39.57,4000 -118.59,39.55,4000 -118.60,39.53,4000 -118.60,39.52,4000 -118.61,39.50,4000 -118.61,39.49,4000 -118.62,39.47,4000 -118.62,39.46,4000 -118.63,39.44,4000 -118.63,39.42,4000 -118.64,39.40,4000 -118.64,39.39,4000 -118.65,39.38,4000 -118.67,39.38,4000 -118.68,39.38,4000 -118.70,39.38,4000 -118.72,39.38,4000 -118.74,39.38,4000 -118.76,39.39,4000 -118.79,39.40,4000 -118.81,39.40,4000 -118.83,39.41,4000 -118.85,39.42,4000 -118.86,39.43,4000 -118.87,39.44,4000 -118.88,39.45,4000 -118.89,39.47,4000 -118.90,39.48,4000 -118.91,39.50,4000 -118.92,39.51,4000 -118.93,39.53,4000 -118.93,39.55,4000 -118.93,39.57,4000 -118.93,39.58,4000 -118.93,39.60,4000 -118.93,39.61,4000 -118.92,39.63,4000 -118.92,39.64,4000 -118.91,39.65,4000 -118.90,39.67,4000 -118.89,39.68,4000 -118.88,39.70,4000 -118.87,39.71,4000 -118.86,39.73,4000 -118.84,39.74,4000 -118.83,39.76,4000 -118.82,39.77,4000 -118.80,39.79,4000 -118.79,39.80,4000 -118.77,39.82,4000 
          </coordinates>
        </LinearRing>
      </innerBoundaryIs>
      <innerBoundaryIs>
        <LinearRing>
          <coordinates>
-111.70,46.22,4000 -111.66,46.23,4000 -111.63,46.24,4000 -111.60,46.25,4000 -111.56,46.26,4000 -111.53,46.26,4000 -111.51,46.27,4000 -111.48,46.27,4000 -111.46,46.27,4000 -111.43,46.27,4000 -111.42,46.25,4000 -111.42,46.23,4000 -111.40,46.21,4000 -111.39,46.19,4000 -111.37,46.18,4000 -111.35,46.16,4000 -111.33,46.14,4000 -111.31,46.11,4000 -111.29,46.09,4000 -111.28,46.07,4000 -111.26,46.05,4000 -111.24,46.03,4000 -111.23,46.01,4000 -111.22,45.99,4000 -111.20,45.97,4000 -111.19,45.95,4000 -111.18,45.93,4000 -111.17,45.91,4000 -111.16,45.89,4000 -111.15,45.87,4000 -111.15,45.85,4000 -111.14,45.82,4000 -111.14,45.80,4000 -111.14,45.78,4000 -111.14,45.76,4000 -111.15,45.74,4000 -111.16,45.72,4000 -111.18,45.70,4000 -111.20,45.69,4000 -111.23,45.67,4000 -111.25,45.66,4000 -111.29,45.65,4000 -111.32,45.64,4000 -111.35,45.63,4000 -111.38,45.63,4000 -111.41,45.63,4000 -111.45,45.63,4000 -111.48,45.63,4000 -111.52,45.63,4000 -111.55,45.63,4000 -111.58,45.64,4000 -111.60,45.64,4000 -111.64,45.65,4000 -111.65,45.65,4000 -111.68,45.67,4000 -111.70,45.68,4000 -111.72,45.70,4000 -111.75,45.71,4000 -111.78,45.73,4000 -111.80,45.74,4000 -111.83,45.76,4000 -111.86,45.77,4000 -111.89,45.78,4000 -111.92,45.78,4000 -111.96,45.78,4000 -111.99,45.79,4000 -112.03,45.79,4000 -112.05,45.80,4000 -112.07,45.81,4000 -112.08,45.83,4000 -112.08,45.85,4000 -112.08,45.87,4000 -112.08,45.89,4000 -112.08,45.92,4000 -112.07,45.94,4000 -112.06,45.96,4000 -112.05,45.98,4000 -112.04,46.00,4000 -112.02,46.01,4000 -111.99,46.02,4000 -111.97,46.03,4000 -111.95,46.05,4000 -111.92,46.06,4000 -111.90,46.07,4000 -111.87,46.09,4000 -111.85,46.11,4000 -111.83,46.13,4000 -111.80,46.14,4000 -111.78,46.16,4000 -111.75,46.18,4000 -111.70,46.22,4000 
          </coordinates>
        </LinearRing>
      </innerBoundaryIs>
      <innerBoundaryIs>
        <LinearRing>
          <coordinates>
-127.35,50.31,4000 -126.79,50.46,4000 -126.29,50.52,4000 -125.53,50.40,4000 -125.34,50.62,4000 -124.89,50.74,4000 -123.93,50.85,4000 -123.29,50.61,4000 -122.66,50.48,4000 -122.13,50.48,4000 -121.75,50.41,4000 -121.48,50.42,4000 -121.26,50.51,4000 -121.02,50.60,4000 -120.68,50.61,4000 -120.33,50.68,4000 -120.08,50.90,4000 -119.64,50.98,4000 -118.95,51.34,4000 -118.77,51.47,4000 -118.48,51.54,4000 -118.01,51.59,4000 -117.57,51.62,4000 -117.06,51.58,4000 -116.65,51.71,4000 -116.23,51.77,4000 -115.29,51.86,4000 -114.14,51.96,4000 -113.09,52.05,4000 -112.06,52.14,4000 -111.07,52.21,4000 -110.07,52.28,4000 -109.35,52.33,4000 -108.60,52.38,4000 -107.88,52.42,4000 -106.81,52.48,4000 -105.94,52.52,4000 -105.30,52.54,4000 -104.76,52.52,4000 -104.18,52.50,4000 -103.91,52.47,4000 -103.10,52.21,4000 -102.38,52.16,4000 -101.89,52.06,4000 -101.57,51.90,4000 -101.20,51.82,4000 -100.60,51.78,4000 -99.88,51.70,4000 -99.17,51.61,4000 -98.56,51.58,4000 -98.04,51.61,4000 -97.63,51.48,4000 -97.69,51.18,4000 -97.66,50.53,4000 -97.54,50.06,4000 -97.30,49.51,4000 -97.04,49.05,4000 -96.97,48.87,4000 -96.76,48.56,4000 -96.61,48.32,4000 -96.86,48.14,4000 -97.26,47.78,4000 -97.47,47.61,4000 -97.66,47.53,4000 -98.00,47.54,4000 -98.25,47.65,4000 -98.82,47.99,4000 -99.20,48.09,4000 -99.59,47.99,4000 -100.10,47.93,4000 -100.60,47.87,4000 -100.86,47.76,4000 -101.32,47.68,4000 -101.85,47.74,4000 -102.24,47.90,4000 -103.04,48.03,4000 -103.52,48.23,4000 -104.35,48.40,4000 -104.79,48.49,4000 -105.23,48.46,4000 -105.77,48.42,4000 -106.16,48.51,4000 -106.36,48.64,4000 -106.60,48.91,4000 -106.99,49.19,4000 -107.23,49.35,4000 -107.58,49.47,4000 -108.07,49.47,4000 -108.68,49.27,4000 -109.19,48.93,4000 -109.37,48.72,4000 -109.38,48.49,4000 -109.40,48.24,4000 -109.54,48.09,4000 -109.88,47.89,4000 -110.08,47.66,4000 -110.18,47.44,4000 -110.25,47.14,4000 -110.17,46.86,4000 -110.29,46.30,4000 -110.18,46.11,4000 -110.36,45.94,4000 -110.63,45.75,4000 -110.51,45.60,4000 -110.35,45.57,4000 -109.97,45.48,4000 -109.48,45.20,4000 -109.40,45.06,4000 -109.41,44.88,4000 -109.51,44.68,4000 -109.58,44.39,4000 -109.41,44.13,4000 -109.32,43.90,4000 -109.37,43.76,4000 -109.46,43.59,4000 -109.37,43.42,4000 -109.14,43.21,4000 -108.89,42.93,4000 -108.72,42.55,4000 -108.89,42.23,4000 -109.26,42.24,4000 -109.97,42.45,4000 -110.12,42.40,4000 -110.18,42.24,4000 -110.28,41.98,4000 -110.46,41.54,4000 -110.41,41.33,4000 -110.15,41.13,4000 -109.71,40.93,4000 -109.16,40.77,4000 -109.08,40.64,4000 -109.21,40.58,4000 -109.67,40.51,4000 -110.04,40.41,4000 -110.26,40.30,4000 -110.46,40.12,4000 -110.42,39.91,4000 -110.04,39.56,4000 -109.41,39.40,4000 -109.69,39.20,4000 -110.17,39.51,4000 -110.62,39.65,4000 -110.89,39.55,4000 -111.05,39.33,4000 -111.27,38.97,4000 -111.40,38.48,4000 -111.28,38.26,4000 -111.18,38.08,4000 -111.21,37.93,4000 -111.58,37.56,4000 -112.06,37.16,4000 -112.21,36.67,4000 -112.33,36.26,4000 -112.51,36.48,4000 -112.41,36.76,4000 -112.49,36.94,4000 -112.71,36.96,4000 -113.43,37.23,4000 -114.06,37.31,4000 -114.27,37.35,4000 -114.49,37.42,4000 -114.61,37.57,4000 -114.67,37.82,4000 -114.78,37.98,4000 -114.96,38.15,4000 -115.21,38.23,4000 -115.42,38.12,4000 -115.66,38.01,4000 -115.97,38.11,4000 -116.13,38.00,4000 -116.21,37.78,4000 -116.33,37.68,4000 -116.62,37.63,4000 -116.93,37.55,4000 -117.12,37.32,4000 -117.33,37.11,4000 -117.48,36.99,4000 -117.52,36.82,4000 -117.46,36.47,4000 -117.29,36.22,4000 -117.28,36.08,4000 -117.57,35.88,4000 -117.79,35.77,4000 -117.93,35.56,4000 -118.22,35.18,4000 -118.42,35.12,4000 -118.60,35.31,4000 -118.76,35.71,4000 -118.83,36.03,4000 -119.07,36.52,4000 -119.23,36.76,4000 -119.46,36.98,4000 -119.85,37.28,4000 -120.21,37.69,4000 -120.56,38.12,4000 -120.82,38.64,4000 -121.00,38.96,4000 -121.20,39.27,4000 -121.57,39.69,4000 -121.78,39.91,4000 -121.89,40.18,4000 -121.97,40.40,4000 -122.17,40.61,4000 -122.37,40.63,4000 -122.53,40.53,4000 -122.65,40.31,4000 -122.57,39.88,4000 -122.51,39.45,4000 -122.73,39.20,4000 -122.97,39.18,4000 -123.30,39.32,4000 -123.53,39.49,4000 -123.64,39.61,4000 -123.81,39.94,4000 -123.95,40.34,4000 -124.02,40.69,4000 -124.07,41.17,4000 -124.14,41.59,4000 -124.24,42.11,4000 -124.30,42.50,4000 -124.22,42.74,4000 -124.05,42.94,4000 -123.86,43.50,4000 -123.50,43.83,4000 -123.24,43.96,4000 -123.01,44.16,4000 -122.88,44.43,4000 -122.81,44.72,4000 -122.52,45.18,4000 -122.38,45.44,4000 -122.46,45.65,4000 -122.98,46.10,4000 -123.04,46.29,4000 -123.23,46.35,4000 -123.17,46.43,4000 -122.87,46.33,4000 -122.71,46.57,4000 -122.36,46.91,4000 -122.01,47.26,4000 -121.89,47.51,4000 -121.87,47.85,4000 -122.22,48.43,4000 -122.41,49.06,4000 -123.01,49.20,4000 -123.84,49.42,4000 -124.31,49.71,4000 -124.67,49.78,4000 -124.85,50.05,4000 -124.98,50.19,4000 -125.26,50.25,4000 -125.22,50.01,4000 -124.95,49.89,4000 -124.48,49.44,4000 -124.16,49.32,4000 -123.97,49.23,4000 -123.83,49.09,4000 -123.68,48.70,4000 -123.72,48.52,4000 -123.87,48.39,4000 -124.14,48.38,4000 -124.35,48.45,4000 -124.65,48.59,4000 -125.16,48.93,4000 -125.75,49.17,4000 -126.23,49.43,4000 -126.59,49.74,4000 -126.95,49.94,4000 -127.33,50.13,4000 -127.35,50.31,4000 
          </coordinates>
        </LinearRing>
      </innerBoundaryIs>
      <innerBoundaryIs>
        <LinearRing>
          <coordinates>
-116.43,37.51,4000 -116.41,37.51,4000 -116.38,37.51,4000 -116.36,37.51,4000 -116.34,37.50,4000 -116.32,37.50,4000 -116.30,37.50,4000 -116.28,37.50,4000 -116.26,37.50,4000 -116.24,37.50,4000 -116.23,37.49,4000 -116.21,37.49,4000 -116.20,37.49,4000 -116.18,37.48,4000 -116.16,37.48,4000 -116.16,37.47,4000 -116.15,37.45,4000 -116.14,37.44,4000 -116.14,37.43,4000 -116.13,37.41,4000 -116.13,37.40,4000 -116.12,37.38,4000 -116.11,37.37,4000 -116.11,37.35,4000 -116.10,37.33,4000 -116.10,37.32,4000 -116.09,37.30,4000 -116.09,37.29,4000 -116.09,37.28,4000 -116.09,37.26,4000 -116.09,37.25,4000 -116.10,37.24,4000 -116.11,37.22,4000 -116.12,37.21,4000 -116.14,37.20,4000 -116.15,37.19,4000 -116.16,37.18,4000 -116.18,37.17,4000 -116.19,37.16,4000 -116.21,37.15,4000 -116.23,37.14,4000 -116.24,37.13,4000 -116.26,37.12,4000 -116.28,37.12,4000 -116.30,37.11,4000 -116.32,37.10,4000 -116.33,37.10,4000 -116.35,37.10,4000 -116.37,37.10,4000 -116.38,37.10,4000 -116.40,37.11,4000 -116.42,37.11,4000 -116.44,37.12,4000 -116.46,37.13,4000 -116.48,37.14,4000 -116.50,37.15,4000 -116.52,37.16,4000 -116.53,37.17,4000 -116.55,37.18,4000 -116.56,37.19,4000 -116.57,37.20,4000 -116.58,37.21,4000 -116.59,37.22,4000 -116.59,37.23,4000 -116.59,37.25,4000 -116.59,37.26,4000 -116.59,37.28,4000 -116.59,37.29,4000 -116.58,37.31,4000 -116.58,37.32,4000 -116.57,37.34,4000 -116.56,37.35,4000 -116.56,37.37,4000 -116.55,37.38,4000 -116.54,37.40,4000 -116.43,37.51,4000 
          </coordinates>
        </LinearRing>
      </innerBoundaryIs>
      <innerBoundaryIs>
        <LinearRing>
          <coordinates>
-117.46,44.43,4000 -117.26,44.42,4000 -117.07,44.40,4000 -116.90,44.38,4000 -116.74,44.36,4000 -116.62,44.32,4000 -116.49,44.24,4000 -116.43,44.14,4000 -116.38,44.03,4000 -116.32,43.92,4000 -116.27,43.80,4000 -116.18,43.67,4000 -116.09,43.58,4000 -115.97,43.48,4000 -115.84,43.38,4000 -115.72,43.29,4000 -115.60,43.22,4000 -115.43,43.16,4000 -115.27,43.13,4000 -115.12,43.12,4000 -114.98,43.11,4000 -114.76,43.11,4000 -114.63,43.11,4000 -114.46,43.11,4000 -114.27,43.10,4000 -114.07,43.10,4000 -113.88,43.10,4000 -113.71,43.10,4000 -113.58,43.10,4000 -113.35,43.13,4000 -113.25,43.17,4000 -113.15,43.21,4000 -113.07,43.27,4000 -112.97,43.37,4000 -112.87,43.49,4000 -112.79,43.59,4000 -112.71,43.69,4000 -112.64,43.78,4000 -112.58,43.85,4000 -112.52,43.90,4000 -112.43,43.95,4000 -112.30,43.98,4000 -112.13,43.98,4000 -111.94,43.96,4000 -111.79,43.92,4000 -111.73,43.83,4000 -111.72,43.72,4000 -111.73,43.61,4000 -111.80,43.49,4000 -111.90,43.39,4000 -112.00,43.28,4000 -112.13,43.17,4000 -112.24,43.07,4000 -112.36,42.96,4000 -112.48,42.87,4000 -112.63,42.79,4000 -112.77,42.73,4000 -112.87,42.66,4000 -112.96,42.59,4000 -113.05,42.51,4000 -113.13,42.41,4000 -113.21,42.31,4000 -113.27,42.23,4000 -113.40,42.19,4000 -113.46,42.23,4000 -113.57,42.28,4000 -113.72,42.30,4000 -113.91,42.31,4000 -114.12,42.31,4000 -114.29,42.29,4000 -114.47,42.27,4000 -114.65,42.24,4000 -114.80,42.22,4000 -115.01,42.22,4000 -115.18,42.24,4000 -115.35,42.24,4000 -115.50,42.25,4000 -115.55,42.23,4000 -115.70,42.32,4000 -115.79,42.39,4000 -115.91,42.48,4000 -116.05,42.60,4000 -116.21,42.72,4000 -116.37,42.84,4000 -116.52,42.96,4000 -116.67,43.07,4000 -116.80,43.17,4000 -116.90,43.23,4000 -117.14,43.30,4000 -117.25,43.22,4000 -117.34,43.13,4000 -117.41,43.00,4000 -117.44,42.88,4000 -117.47,42.74,4000 -117.53,42.63,4000 -117.66,42.56,4000 -117.82,42.52,4000 -117.97,42.49,4000 -118.12,42.47,4000 -118.23,42.48,4000 -118.29,42.60,4000 -118.26,42.68,4000 -118.20,42.78,4000 -118.15,42.89,4000 -118.12,42.99,4000 -118.09,43.10,4000 -118.09,43.21,4000 -118.13,43.33,4000 -118.20,43.46,4000 -118.21,43.60,4000 -118.17,43.70,4000 -118.09,43.82,4000 -118.01,43.94,4000 -117.92,44.05,4000 -117.85,44.14,4000 -117.72,44.28,4000 -117.62,44.36,4000 -117.46,44.43,4000 
          </coordinates>
        </LinearRing>
      </innerBoundaryIs>
      <innerBoundaryIs>
        <LinearRing>
          <coordinates>
-119.73,48.42,4000 -119.60,48.51,4000 -119.50,48.55,4000 -119.42,48.41,4000 -119.30,48.32,4000 -119.10,48.20,4000 -118.94,48.13,4000 -118.74,48.04,4000 -118.55,47.96,4000 -118.39,47.89,4000 -118.23,47.80,4000 -118.11,47.75,4000 -117.90,47.75,4000 -117.71,47.78,4000 -117.52,47.82,4000 -117.39,47.76,4000 -117.29,47.67,4000 -117.27,47.51,4000 -117.25,47.40,4000 -117.23,47.27,4000 -117.20,47.14,4000 -117.16,46.97,4000 -117.08,46.82,4000 -116.92,46.71,4000 -116.76,46.63,4000 -116.61,46.55,4000 -116.62,46.47,4000 -116.68,46.38,4000 -116.80,46.30,4000 -116.96,46.25,4000 -117.16,46.28,4000 -117.35,46.33,4000 -117.49,46.36,4000 -117.61,46.37,4000 -117.75,46.36,4000 -117.89,46.32,4000 -118.00,46.28,4000 -118.13,46.18,4000 -118.23,46.08,4000 -118.34,45.94,4000 -118.46,45.80,4000 -118.56,45.69,4000 -118.72,45.57,4000 -118.89,45.49,4000 -119.04,45.45,4000 -119.21,45.41,4000 -119.40,45.36,4000 -119.57,45.31,4000 -119.77,45.24,4000 -119.96,45.17,4000 -120.10,45.11,4000 -120.22,44.99,4000 -120.27,44.89,4000 -120.37,44.82,4000 -120.48,44.78,4000 -120.60,44.77,4000 -120.72,44.74,4000 -120.85,44.66,4000 -120.93,44.54,4000 -120.90,44.38,4000 -120.85,44.23,4000 -120.89,44.12,4000 -120.96,44.05,4000 -121.14,44.08,4000 -121.24,44.13,4000 -121.33,44.23,4000 -121.38,44.34,4000 -121.42,44.48,4000 -121.44,44.60,4000 -121.45,44.69,4000 -121.43,44.82,4000 -121.42,44.94,4000 -121.40,45.09,4000 -121.37,45.26,4000 -121.32,45.46,4000 -121.28,45.59,4000 -121.23,45.73,4000 -121.18,45.89,4000 -121.13,46.05,4000 -121.07,46.21,4000 -121.01,46.38,4000 -120.95,46.54,4000 -120.90,46.69,4000 -120.85,46.84,4000 -120.80,47.00,4000 -120.75,47.15,4000 -120.70,47.31,4000 -120.65,47.45,4000 -120.59,47.58,4000 -120.54,47.69,4000 -120.43,47.86,4000 -120.32,47.98,4000 -120.20,48.06,4000 -120.09,48.13,4000 -119.73,48.42,4000 
          </coordinates>
        </LinearRing>
      </innerBoundaryIs>
      <innerBoundaryIs>
        <LinearRing>
          <coordinates>
-124.27,48.23,4000 -124.21,48.26,4000 -124.16,48.29,4000 -124.10,48.31,4000 -124.04,48.32,4000 -123.99,48.31,4000 -123.94,48.29,4000 -123.88,48.26,4000 -123.84,48.23,4000 -123.80,48.21,4000 -123.75,48.20,4000 -123.71,48.19,4000 -123.65,48.19,4000 -123.59,48.18,4000 -123.53,48.17,4000 -123.48,48.16,4000 -123.42,48.15,4000 -123.37,48.13,4000 -123.32,48.12,4000 -123.28,48.11,4000 -123.24,48.10,4000 -123.20,48.09,4000 -123.16,48.07,4000 -123.11,48.05,4000 -123.05,48.03,4000 -123.00,48.01,4000 -122.96,47.98,4000 -122.92,47.95,4000 -122.90,47.91,4000 -122.88,47.87,4000 -122.87,47.83,4000 -122.86,47.79,4000 -122.86,47.75,4000 -122.86,47.70,4000 -122.87,47.66,4000 -122.88,47.62,4000 -122.89,47.58,4000 -122.90,47.55,4000 -122.92,47.51,4000 -122.93,47.48,4000 -122.96,47.44,4000 -122.99,47.40,4000 -123.02,47.37,4000 -123.05,47.34,4000 -123.08,47.31,4000 -123.11,47.28,4000 -123.13,47.25,4000 -123.15,47.23,4000 -123.18,47.20,4000 -123.22,47.18,4000 -123.28,47.15,4000 -123.34,47.13,4000 -123.40,47.12,4000 -123.45,47.12,4000 -123.51,47.12,4000 -123.57,47.13,4000 -123.63,47.13,4000 -123.67,47.14,4000 -123.72,47.15,4000 -123.76,47.18,4000 -123.80,47.20,4000 -123.84,47.23,4000 -123.89,47.26,4000 -123.94,47.28,4000 -123.97,47.30,4000 -124.00,47.32,4000 -124.03,47.34,4000 -124.06,47.37,4000 -124.10,47.40,4000 -124.14,47.44,4000 -124.17,47.47,4000 -124.20,47.51,4000 -124.22,47.54,4000 -124.25,47.58,4000 -124.27,47.62,4000 -124.29,47.66,4000 -124.32,47.70,4000 -124.34,47.74,4000 -124.36,47.78,4000 -124.38,47.82,4000 -124.40,47.86,4000 -124.41,47.91,4000 -124.42,47.95,4000 -124.42,47.99,4000 -124.41,48.03,4000 -124.40,48.08,4000 -124.38,48.12,4000 -124.27,48.23,4000 
          </coordinates>
        </LinearRing>
      </innerBoundaryIs>
      <innerBoundaryIs>
        <LinearRing>
          <coordinates>
-112.57,45.57,4000 -112.54,45.56,4000 -112.51,45.55,4000 -112.48,45.54,4000 -112.46,45.53,4000 -112.43,45.51,4000 -112.41,45.50,4000 -112.39,45.49,4000 -112.37,45.48,4000 -112.35,45.47,4000 -112.34,45.45,4000 -112.33,45.44,4000 -112.32,45.42,4000 -112.32,45.40,4000 -112.33,45.38,4000 -112.34,45.36,4000 -112.35,45.34,4000 -112.36,45.32,4000 -112.38,45.30,4000 -112.39,45.29,4000 -112.40,45.27,4000 -112.41,45.25,4000 -112.43,45.23,4000 -112.44,45.22,4000 -112.45,45.20,4000 -112.47,45.19,4000 -112.49,45.17,4000 -112.51,45.16,4000 -112.53,45.14,4000 -112.55,45.13,4000 -112.57,45.12,4000 -112.59,45.10,4000 -112.62,45.09,4000 -112.63,45.08,4000 -112.65,45.07,4000 -112.67,45.05,4000 -112.68,45.05,4000 -112.71,45.04,4000 -112.73,45.04,4000 -112.75,45.03,4000 -112.78,45.03,4000 -112.81,45.02,4000 -112.85,45.02,4000 -112.88,45.02,4000 -112.90,45.01,4000 -112.93,45.01,4000 -112.95,45.01,4000 -112.99,45.01,4000 -113.01,45.02,4000 -113.02,45.04,4000 -113.02,45.05,4000 -113.01,45.07,4000 -113.00,45.09,4000 -112.98,45.11,4000 -112.97,45.13,4000 -112.96,45.15,4000 -112.96,45.16,4000 -112.95,45.18,4000 -112.95,45.20,4000 -112.93,45.22,4000 -112.92,45.23,4000 -112.90,45.25,4000 -112.89,45.27,4000 -112.87,45.29,4000 -112.85,45.30,4000 -112.83,45.32,4000 -112.81,45.34,4000 -112.80,45.36,4000 -112.78,45.37,4000 -112.77,45.38,4000 -112.74,45.41,4000 -112.74,45.41,4000 -112.57,45.57,4000 
          </coordinates>
        </LinearRing>
      </innerBoundaryIs>
      <innerBoundaryIs>
        <LinearRing>
          <coordinates>
-95.51,49.26,4000 -95.28,49.22,4000 -95.04,49.18,4000 -94.81,49.15,4000 -94.59,49.11,4000 -94.38,49.07,4000 -94.17,49.04,4000 -93.98,49.00,4000 -93.80,48.96,4000 -93.64,48.93,4000 -93.49,48.90,4000 -93.20,48.83,4000 -93.01,48.76,4000 -92.87,48.71,4000 -92.75,48.66,4000 -92.59,48.59,4000 -92.51,48.54,4000 -92.46,48.45,4000 -92.47,48.34,4000 -92.50,48.22,4000 -92.57,48.11,4000 -92.62,48.01,4000 -92.61,47.93,4000 -92.55,47.87,4000 -92.40,47.86,4000 -92.21,47.88,4000 -92.07,47.93,4000 -91.93,47.99,4000 -91.77,48.05,4000 -91.63,48.07,4000 -91.48,48.08,4000 -91.25,48.16,4000 -91.14,48.22,4000 -91.00,48.30,4000 -90.84,48.40,4000 -90.68,48.50,4000 -90.51,48.60,4000 -90.34,48.70,4000 -90.19,48.80,4000 -90.06,48.87,4000 -89.95,48.93,4000 -89.73,48.99,4000 -89.63,48.96,4000 -89.48,48.96,4000 -89.33,48.94,4000 -89.20,48.90,4000 -89.05,48.85,4000 -88.95,48.80,4000 -88.91,48.71,4000 -88.93,48.63,4000 -88.97,48.57,4000 -89.04,48.51,4000 -89.13,48.40,4000 -89.24,48.27,4000 -89.31,48.16,4000 -89.38,48.05,4000 -89.45,47.94,4000 -89.52,47.85,4000 -89.60,47.76,4000 -89.68,47.68,4000 -89.77,47.59,4000 -89.88,47.51,4000 -89.98,47.43,4000 -90.11,47.37,4000 -90.29,47.28,4000 -90.40,47.21,4000 -90.53,47.12,4000 -90.67,47.02,4000 -90.81,46.93,4000 -90.92,46.86,4000 -91.05,46.78,4000 -91.14,46.72,4000 -91.26,46.67,4000 -91.43,46.63,4000 -91.63,46.60,4000 -91.80,46.57,4000 -91.99,46.53,4000 -92.16,46.51,4000 -92.33,46.49,4000 -92.49,46.49,4000 -92.60,46.49,4000 -92.74,46.54,4000 -92.87,46.61,4000 -93.03,46.71,4000 -93.20,46.81,4000 -93.36,46.89,4000 -93.54,46.94,4000 -93.70,46.97,4000 -93.88,46.98,4000 -94.09,46.99,4000 -94.30,46.98,4000 -94.49,46.98,4000 -94.69,46.98,4000 -94.85,46.98,4000 -94.99,47.00,4000 -95.11,47.04,4000 -95.23,47.13,4000 -95.32,47.23,4000 -95.36,47.33,4000 -95.37,47.44,4000 -95.35,47.54,4000 -95.32,47.64,4000 -95.26,47.76,4000 -95.24,47.89,4000 -95.29,47.98,4000 -95.37,48.06,4000 -95.47,48.13,4000 -95.62,48.17,4000 -95.78,48.19,4000 -95.88,48.23,4000 -95.82,48.35,4000 -95.70,48.48,4000 -95.67,48.60,4000 -95.68,48.70,4000 -95.71,48.76,4000 -95.75,48.84,4000 -95.76,48.93,4000 -95.77,49.03,4000 -95.78,49.14,4000 -95.51,49.26,4000 
          </coordinates>
        </LinearRing>
      </innerBoundaryIs>
      <innerBoundaryIs>
        <LinearRing>
          <coordinates>
-107.40,41.58,4000 -107.20,41.53,4000 -107.02,41.49,4000 -106.86,41.48,4000 -106.73,41.49,4000 -106.58,41.54,4000 -106.42,41.56,4000 -106.25,41.55,4000 -106.10,41.42,4000 -106.07,41.33,4000 -106.06,41.23,4000 -106.04,41.12,4000 -106.00,41.03,4000 -105.87,40.94,4000 -105.73,40.85,4000 -105.60,40.74,4000 -105.53,40.63,4000 -105.48,40.51,4000 -105.45,40.40,4000 -105.45,40.26,4000 -105.44,40.16,4000 -105.44,40.05,4000 -105.51,39.85,4000 -105.57,39.72,4000 -105.66,39.55,4000 -105.77,39.37,4000 -105.87,39.17,4000 -105.98,38.99,4000 -106.07,38.83,4000 -106.14,38.70,4000 -106.26,38.47,4000 -106.32,38.37,4000 -106.42,38.29,4000 -106.49,38.22,4000 -106.50,38.16,4000 -106.45,38.03,4000 -106.40,37.92,4000 -106.33,37.77,4000 -106.25,37.61,4000 -106.17,37.45,4000 -106.12,37.32,4000 -106.07,37.15,4000 -106.04,37.01,4000 -106.04,36.89,4000 -106.07,36.76,4000 -106.13,36.68,4000 -106.26,36.60,4000 -106.40,36.59,4000 -106.56,36.60,4000 -106.73,36.65,4000 -106.90,36.73,4000 -107.06,36.84,4000 -107.21,36.96,4000 -107.36,37.04,4000 -107.54,37.10,4000 -107.73,37.12,4000 -107.95,37.14,4000 -108.14,37.16,4000 -108.33,37.23,4000 -108.48,37.32,4000 -108.61,37.42,4000 -108.71,37.54,4000 -108.77,37.67,4000 -108.77,37.80,4000 -108.67,37.93,4000 -108.55,38.04,4000 -108.49,38.13,4000 -108.48,38.22,4000 -108.53,38.30,4000 -108.61,38.39,4000 -108.68,38.52,4000 -108.73,38.64,4000 -108.64,38.75,4000 -108.52,38.69,4000 -108.37,38.59,4000 -108.23,38.51,4000 -108.06,38.43,4000 -107.93,38.39,4000 -107.80,38.50,4000 -107.79,38.60,4000 -107.84,38.71,4000 -108.01,38.80,4000 -108.20,38.90,4000 -108.28,39.01,4000 -108.34,39.15,4000 -108.41,39.25,4000 -108.57,39.32,4000 -108.74,39.36,4000 -108.93,39.43,4000 -109.08,39.51,4000 -109.03,39.65,4000 -108.95,39.72,4000 -108.82,39.79,4000 -108.63,39.84,4000 -108.42,39.89,4000 -108.24,39.94,4000 -108.04,40.04,4000 -107.91,40.15,4000 -107.75,40.29,4000 -107.61,40.44,4000 -107.52,40.59,4000 -107.52,40.78,4000 -107.59,40.97,4000 -107.64,41.13,4000 -107.64,41.31,4000 -107.61,41.46,4000 -107.40,41.58,4000 
          </coordinates>
        </LinearRing>
      </innerBoundaryIs>
      <innerBoundaryIs>
        <LinearRing>
          <coordinates>
-123.58,46.06,4000 -123.52,46.08,4000 -123.46,46.10,4000 -123.40,46.11,4000 -123.35,46.12,4000 -123.29,46.11,4000 -123.24,46.09,4000 -123.19,46.06,4000 -123.15,46.03,4000 -123.11,45.99,4000 -123.08,45.94,4000 -123.06,45.90,4000 -123.06,45.86,4000 -123.07,45.81,4000 -123.08,45.76,4000 -123.10,45.72,4000 -123.12,45.68,4000 -123.14,45.64,4000 -123.16,45.61,4000 -123.18,45.58,4000 -123.20,45.54,4000 -123.22,45.51,4000 -123.24,45.47,4000 -123.26,45.42,4000 -123.28,45.38,4000 -123.30,45.35,4000 -123.32,45.31,4000 -123.34,45.28,4000 -123.37,45.25,4000 -123.42,45.22,4000 -123.46,45.18,4000 -123.49,45.14,4000 -123.50,45.10,4000 -123.50,45.05,4000 -123.49,45.00,4000 -123.49,44.97,4000 -123.49,44.96,4000 -123.53,44.94,4000 -123.60,44.91,4000 -123.66,44.88,4000 -123.71,44.87,4000 -123.75,44.89,4000 -123.77,44.93,4000 -123.77,44.97,4000 -123.76,45.02,4000 -123.73,45.05,4000 -123.69,45.08,4000 -123.66,45.12,4000 -123.66,45.16,4000 -123.66,45.20,4000 -123.68,45.25,4000 -123.69,45.29,4000 -123.71,45.33,4000 -123.73,45.37,4000 -123.76,45.41,4000 -123.78,45.45,4000 -123.79,45.49,4000 -123.81,45.53,4000 -123.82,45.58,4000 -123.82,45.62,4000 -123.82,45.66,4000 -123.81,45.71,4000 -123.81,45.75,4000 -123.80,45.79,4000 -123.79,45.83,4000 -123.77,45.86,4000 -123.75,45.89,4000 -123.72,45.92,4000 -123.69,45.95,4000 -123.66,45.99,4000 -123.58,46.06,4000 
          </coordinates>
        </LinearRing>
      </innerBoundaryIs>
      <innerBoundaryIs>
        <LinearRing>
          <coordinates>
-113.12,42.03,4000 -112.94,42.01,4000 -112.79,41.99,4000 -112.71,41.96,4000 -112.63,41.90,4000 -112.54,41.83,4000 -112.42,41.74,4000 -112.32,41.62,4000 -112.25,41.51,4000 -112.18,41.37,4000 -112.12,41.23,4000 -112.08,41.12,4000 -112.03,40.97,4000 -112.03,40.85,4000 -112.07,40.73,4000 -112.17,40.62,4000 -112.31,40.57,4000 -112.48,40.53,4000 -112.60,40.45,4000 -112.64,40.35,4000 -112.66,40.22,4000 -112.65,40.10,4000 -112.61,40.00,4000 -112.48,39.93,4000 -112.29,39.90,4000 -112.14,39.87,4000 -112.06,39.82,4000 -112.02,39.75,4000 -111.97,39.65,4000 -111.93,39.53,4000 -111.88,39.40,4000 -111.85,39.27,4000 -111.83,39.14,4000 -111.88,39.01,4000 -112.00,38.93,4000 -112.17,38.86,4000 -112.33,38.79,4000 -112.46,38.72,4000 -112.59,38.64,4000 -112.70,38.56,4000 -112.79,38.46,4000 -112.86,38.35,4000 -112.93,38.26,4000 -113.09,38.19,4000 -113.23,38.24,4000 -113.29,38.28,4000 -113.39,38.34,4000 -113.49,38.40,4000 -113.62,38.47,4000 -113.75,38.54,4000 -113.85,38.62,4000 -113.93,38.72,4000 -113.97,38.82,4000 -114.01,38.95,4000 -114.04,39.07,4000 -114.06,39.20,4000 -114.08,39.34,4000 -114.11,39.48,4000 -114.14,39.61,4000 -114.17,39.75,4000 -114.21,39.87,4000 -114.26,39.99,4000 -114.35,40.12,4000 -114.44,40.23,4000 -114.52,40.33,4000 -114.56,40.47,4000 -114.57,40.58,4000 -114.53,40.72,4000 -114.48,40.82,4000 -114.41,40.93,4000 -114.35,41.06,4000 -114.32,41.20,4000 -114.29,41.35,4000 -114.20,41.47,4000 -114.06,41.54,4000 -113.87,41.59,4000 -113.68,41.63,4000 -113.53,41.67,4000 -113.36,41.76,4000 -113.27,41.84,4000 -113.12,42.03,4000 
          </coordinates>
        </LinearRing>
      </innerBoundaryIs>
  </Polygon>
 </MultiGeometry>
</Placemark>
<Placemark>
  <name>20%</name>
  <visibility>1</visibility>
  <styleUrl>#poly_20</styleUrl>
  <MultiGeometry>
    <Polygon>
      <outerBoundaryIs>
        <LinearRing>
          <coordinates>
-107.54,44.62,3000 -107.55,44.62,3000 -107.52,44.62,3000 -107.51,44.62,3000 -107.50,44.62,3000 -107.48,44.62,3000 -107.47,44.61,3000 -107.45,44.61,3000 -107.43,44.61,3000 -107.42,44.61,3000 -107.40,44.60,3000 -107.38,44.60,3000 -107.36,44.60,3000 -107.34,44.59,3000 -107.33,44.59,3000 -107.31,44.59,3000 -107.30,44.58,3000 -107.29,44.57,3000 -107.27,44.57,3000 -107.26,44.56,3000 -107.25,44.55,3000 -107.23,44.54,3000 -107.22,44.53,3000 -107.21,44.52,3000 -107.20,44.51,3000 -107.19,44.50,3000 -107.19,44.49,3000 -107.18,44.48,3000 -107.18,44.47,3000 -107.18,44.46,3000 -107.18,44.45,3000 -107.18,44.44,3000 -107.18,44.42,3000 -107.19,44.41,3000 -107.19,44.39,3000 -107.19,44.38,3000 -107.20,44.36,3000 -107.20,44.35,3000 -107.21,44.34,3000 -107.22,44.32,3000 -107.23,44.31,3000 -107.23,44.30,3000 -107.24,44.30,3000 -107.25,44.29,3000 -107.26,44.29,3000 -107.27,44.29,3000 -107.28,44.29,3000 -107.29,44.30,3000 -107.30,44.30,3000 -107.31,44.31,3000 -107.32,44.32,3000 -107.34,44.33,3000 -107.35,44.33,3000 -107.36,44.35,3000 -107.38,44.36,3000 -107.39,44.37,3000 -107.40,44.38,3000 -107.42,44.39,3000 -107.43,44.40,3000 -107.44,44.41,3000 -107.45,44.42,3000 -107.46,44.43,3000 -107.47,44.44,3000 -107.48,44.45,3000 -107.49,44.46,3000 -107.50,44.47,3000 -107.51,44.49,3000 -107.51,44.50,3000 -107.52,44.51,3000 -107.52,44.52,3000 -107.53,44.53,3000 -107.53,44.55,3000 -107.53,44.56,3000 -107.53,44.56,3000 -107.54,44.57,3000 -107.54,44.58,3000 -107.55,44.60,3000 -107.55,44.61,3000 -107.55,44.61,3000 -107.54,44.62,3000 
          </coordinates>
        </LinearRing>
      </outerBoundaryIs>
  </Polygon>
 </MultiGeometry>
</Placemark>
<Placemark>
  <name>20%</name>
  <visibility>1</visibility>
  <styleUrl>#poly_20</styleUrl>
  <MultiGeometry>
    <Polygon>
      <outerBoundaryIs>
        <LinearRing>
          <coordinates>
-119.47,34.85,3000 -119.45,34.87,3000 -119.44,34.88,3000 -119.42,34.90,3000 -119.40,34.91,3000 -119.39,34.92,3000 -119.37,34.94,3000 -119.35,34.95,3000 -119.33,34.96,3000 -119.32,34.97,3000 -119.30,34.98,3000 -119.28,34.99,3000 -119.26,35.00,3000 -119.24,35.00,3000 -119.22,35.01,3000 -119.20,35.01,3000 -119.17,35.01,3000 -119.15,35.02,3000 -119.13,35.02,3000 -119.11,35.02,3000 -119.08,35.01,3000 -119.06,35.01,3000 -119.04,35.01,3000 -119.02,35.00,3000 -119.00,35.00,3000 -118.97,34.99,3000 -118.95,34.98,3000 -118.93,34.97,3000 -118.91,34.96,3000 -118.89,34.95,3000 -118.87,34.94,3000 -118.85,34.93,3000 -118.83,34.92,3000 -118.82,34.91,3000 -118.81,34.90,3000 -118.80,34.88,3000 -118.79,34.86,3000 -118.78,34.84,3000 -118.78,34.83,3000 -118.78,34.81,3000 -118.78,34.79,3000 -118.78,34.77,3000 -118.78,34.75,3000 -118.79,34.73,3000 -118.80,34.71,3000 -118.81,34.70,3000 -118.82,34.68,3000 -118.83,34.66,3000 -118.85,34.64,3000 -118.86,34.63,3000 -118.88,34.61,3000 -118.90,34.59,3000 -118.91,34.58,3000 -118.93,34.56,3000 -118.95,34.55,3000 -118.96,34.54,3000 -118.98,34.53,3000 -119.01,34.52,3000 -119.04,34.51,3000 -119.06,34.51,3000 -119.08,34.51,3000 -119.10,34.50,3000 -119.12,34.50,3000 -119.15,34.49,3000 -119.16,34.48,3000 -119.17,34.48,3000 -119.19,34.49,3000 -119.21,34.49,3000 -119.23,34.50,3000 -119.25,34.50,3000 -119.27,34.50,3000 -119.30,34.51,3000 -119.33,34.51,3000 -119.36,34.52,3000 -119.38,34.52,3000 -119.40,34.53,3000 -119.42,34.54,3000 -119.44,34.55,3000 -119.46,34.56,3000 -119.48,34.57,3000 -119.50,34.58,3000 -119.51,34.59,3000 -119.52,34.60,3000 -119.53,34.62,3000 -119.53,34.63,3000 -119.54,34.65,3000 -119.54,34.67,3000 -119.54,34.68,3000 -119.54,34.70,3000 -119.54,34.72,3000 -119.53,34.74,3000 -119.53,34.76,3000 -119.52,34.78,3000 -119.52,34.80,3000 -119.47,34.85,3000 
          </coordinates>
        </LinearRing>
      </outerBoundaryIs>
      <innerBoundaryIs>
        <LinearRing>
          <coordinates>
-119.27,34.93,4000 -119.25,34.93,4000 -119.23,34.94,4000 -119.21,34.94,4000 -119.19,34.95,4000 -119.17,34.95,4000 -119.15,34.95,4000 -119.13,34.96,4000 -119.12,34.96,4000 -119.10,34.96,4000 -119.08,34.96,4000 -119.07,34.96,4000 -119.05,34.96,4000 -119.03,34.96,4000 -119.01,34.95,4000 -118.99,34.95,4000 -118.98,34.94,4000 -118.96,34.93,4000 -118.95,34.92,4000 -118.93,34.91,4000 -118.92,34.90,4000 -118.91,34.89,4000 -118.90,34.88,4000 -118.89,34.87,4000 -118.89,34.85,4000 -118.88,34.84,4000 -118.87,34.82,4000 -118.87,34.81,4000 -118.86,34.79,4000 -118.86,34.78,4000 -118.86,34.76,4000 -118.86,34.75,4000 -118.86,34.73,4000 -118.86,34.72,4000 -118.86,34.71,4000 -118.87,34.69,4000 -118.88,34.68,4000 -118.88,34.67,4000 -118.89,34.65,4000 -118.90,34.64,4000 -118.92,34.63,4000 -118.93,34.62,4000 -118.94,34.61,4000 -118.96,34.60,4000 -118.97,34.59,4000 -118.98,34.58,4000 -119.00,34.58,4000 -119.01,34.57,4000 -119.03,34.56,4000 -119.05,34.56,4000 -119.07,34.55,4000 -119.09,34.55,4000 -119.10,34.54,4000 -119.12,34.54,4000 -119.14,34.54,4000 -119.16,34.54,4000 -119.18,34.54,4000 -119.20,34.54,4000 -119.21,34.55,4000 -119.23,34.55,4000 -119.25,34.56,4000 -119.27,34.57,4000 -119.29,34.57,4000 -119.31,34.58,4000 -119.33,34.59,4000 -119.35,34.60,4000 -119.37,34.61,4000 -119.38,34.61,4000 -119.40,34.62,4000 -119.41,34.63,4000 -119.42,34.63,4000 -119.43,34.64,4000 -119.43,34.65,4000 -119.43,34.66,4000 -119.43,34.67,4000 -119.43,34.68,4000 -119.42,34.70,4000 -119.42,34.71,4000 -119.42,34.73,4000 -119.42,34.75,4000 -119.42,34.76,4000 -119.41,34.78,4000 -119.41,34.80,4000 -119.41,34.82,4000 -119.27,34.93,4000 
          </coordinates>
        </LinearRing>
      </innerBoundaryIs>
  </Polygon>
 </MultiGeometry>
</Placemark>
<Placemark>
  <name>20%</name>
  <visibility>1</visibility>
  <styleUrl>#poly_20</styleUrl>
  <MultiGeometry>
    <Polygon>
      <outerBoundaryIs>
        <LinearRing>
          <coordinates>
-87.65,49.29,3000 -87.61,49.29,3000 -87.58,49.28,3000 -87.55,49.28,3000 -87.51,49.27,3000 -87.49,49.27,3000 -87.46,49.26,3000 -87.44,49.26,3000 -87.42,49.26,3000 -87.40,49.25,3000 -87.38,49.24,3000 -87.36,49.24,3000 -87.33,49.23,3000 -87.30,49.21,3000 -87.27,49.20,3000 -87.23,49.19,3000 -87.20,49.18,3000 -87.17,49.17,3000 -87.15,49.16,3000 -87.12,49.15,3000 -87.09,49.14,3000 -87.06,49.12,3000 -87.04,49.11,3000 -87.02,49.10,3000 -87.00,49.08,3000 -86.98,49.06,3000 -86.97,49.04,3000 -86.96,49.01,3000 -86.95,48.99,3000 -86.94,48.97,3000 -86.93,48.95,3000 -86.92,48.93,3000 -86.90,48.91,3000 -86.90,48.91,3000 -86.92,48.90,3000 -86.94,48.89,3000 -86.96,48.88,3000 -86.99,48.87,3000 -87.02,48.85,3000 -87.05,48.84,3000 -87.08,48.82,3000 -87.11,48.80,3000 -87.14,48.79,3000 -87.17,48.78,3000 -87.19,48.77,3000 -87.23,48.76,3000 -87.25,48.76,3000 -87.28,48.76,3000 -87.31,48.76,3000 -87.34,48.75,3000 -87.37,48.75,3000 -87.41,48.75,3000 -87.44,48.75,3000 -87.47,48.75,3000 -87.50,48.76,3000 -87.53,48.76,3000 -87.56,48.77,3000 -87.59,48.77,3000 -87.62,48.77,3000 -87.65,48.77,3000 -87.69,48.78,3000 -87.71,48.79,3000 -87.74,48.79,3000 -87.77,48.80,3000 -87.80,48.81,3000 -87.83,48.82,3000 -87.86,48.83,3000 -87.89,48.84,3000 -87.92,48.85,3000 -87.94,48.86,3000 -87.97,48.87,3000 -87.99,48.89,3000 -88.02,48.90,3000 -88.03,48.91,3000 -88.05,48.93,3000 -88.06,48.95,3000 -88.07,48.97,3000 -88.07,48.99,3000 -88.08,49.01,3000 -88.08,49.03,3000 -88.08,49.06,3000 -88.07,49.08,3000 -88.07,49.10,3000 -88.06,49.12,3000 -88.05,49.14,3000 -88.03,49.16,3000 -88.01,49.18,3000 -87.98,49.20,3000 -87.96,49.21,3000 -87.93,49.23,3000 -87.91,49.24,3000 -87.88,49.25,3000 -87.84,49.26,3000 -87.81,49.27,3000 -87.78,49.27,3000 -87.65,49.29,3000 
          </coordinates>
        </LinearRing>
      </outerBoundaryIs>
  </Polygon>
 </MultiGeometry>
</Placemark>
<Placemark>
  <name>20%</name>
  <visibility>1</visibility>
  <styleUrl>#poly_20</styleUrl>
  <MultiGeometry>
    <Polygon>
      <outerBoundaryIs>
        <LinearRing>
          <coordinates>
-112.06,35.70,3000 -112.00,35.71,3000 -111.94,35.71,3000 -111.89,35.71,3000 -111.84,35.70,3000 -111.79,35.68,3000 -111.74,35.64,3000 -111.69,35.60,3000 -111.65,35.57,3000 -111.60,35.54,3000 -111.55,35.51,3000 -111.50,35.48,3000 -111.46,35.44,3000 -111.43,35.40,3000 -111.40,35.36,3000 -111.38,35.31,3000 -111.35,35.26,3000 -111.32,35.21,3000 -111.29,35.16,3000 -111.26,35.12,3000 -111.22,35.07,3000 -111.19,35.02,3000 -111.16,34.97,3000 -111.13,34.93,3000 -111.10,34.88,3000 -111.07,34.84,3000 -111.05,34.80,3000 -111.01,34.76,3000 -110.97,34.72,3000 -110.92,34.68,3000 -110.87,34.64,3000 -110.82,34.60,3000 -110.78,34.57,3000 -110.73,34.52,3000 -110.68,34.49,3000 -110.66,34.44,3000 -110.66,34.39,3000 -110.67,34.34,3000 -110.69,34.29,3000 -110.72,34.25,3000 -110.77,34.23,3000 -110.82,34.22,3000 -110.89,34.21,3000 -110.95,34.21,3000 -111.01,34.21,3000 -111.06,34.22,3000 -111.12,34.24,3000 -111.18,34.26,3000 -111.23,34.28,3000 -111.27,34.30,3000 -111.32,34.32,3000 -111.37,34.35,3000 -111.42,34.39,3000 -111.46,34.43,3000 -111.49,34.47,3000 -111.53,34.52,3000 -111.57,34.57,3000 -111.61,34.62,3000 -111.65,34.66,3000 -111.68,34.70,3000 -111.73,34.75,3000 -111.77,34.79,3000 -111.82,34.83,3000 -111.87,34.86,3000 -111.92,34.89,3000 -111.99,34.91,3000 -112.05,34.93,3000 -112.11,34.95,3000 -112.17,34.98,3000 -112.22,35.01,3000 -112.27,35.05,3000 -112.31,35.09,3000 -112.34,35.13,3000 -112.37,35.17,3000 -112.39,35.22,3000 -112.40,35.26,3000 -112.39,35.31,3000 -112.38,35.35,3000 -112.36,35.40,3000 -112.33,35.44,3000 -112.29,35.49,3000 -112.25,35.53,3000 -112.06,35.70,3000 
          </coordinates>
        </LinearRing>
      </outerBoundaryIs>
      <innerBoundaryIs>
        <LinearRing>
          <coordinates>
-112.04,35.59,4000 -111.98,35.60,4000 -111.93,35.60,4000 -111.87,35.60,4000 -111.81,35.59,4000 -111.77,35.58,4000 -111.72,35.56,4000 -111.67,35.54,4000 -111.63,35.51,4000 -111.58,35.48,4000 -111.54,35.44,4000 -111.51,35.41,4000 -111.48,35.36,4000 -111.45,35.32,4000 -111.42,35.27,4000 -111.39,35.22,4000 -111.37,35.18,4000 -111.34,35.14,4000 -111.32,35.10,4000 -111.29,35.06,4000 -111.27,35.02,4000 -111.25,34.99,4000 -111.23,34.97,4000 -111.20,34.93,4000 -111.17,34.89,4000 -111.15,34.86,4000 -111.12,34.82,4000 -111.09,34.77,4000 -111.06,34.73,4000 -111.02,34.69,4000 -110.98,34.65,4000 -110.94,34.61,4000 -110.90,34.57,4000 -110.86,34.53,4000 -110.82,34.49,4000 -110.78,34.45,4000 -110.76,34.43,4000 -110.76,34.42,4000 -110.79,34.40,4000 -110.82,34.37,4000 -110.87,34.34,4000 -110.91,34.31,4000 -110.96,34.29,4000 -111.02,34.29,4000 -111.07,34.29,4000 -111.13,34.31,4000 -111.19,34.33,4000 -111.23,34.35,4000 -111.27,34.37,4000 -111.31,34.39,4000 -111.35,34.42,4000 -111.39,34.45,4000 -111.43,34.48,4000 -111.46,34.51,4000 -111.49,34.55,4000 -111.52,34.59,4000 -111.55,34.64,4000 -111.58,34.67,4000 -111.61,34.71,4000 -111.64,34.75,4000 -111.67,34.78,4000 -111.70,34.81,4000 -111.74,34.84,4000 -111.78,34.87,4000 -111.82,34.89,4000 -111.86,34.91,4000 -111.91,34.93,4000 -111.96,34.96,4000 -112.01,34.98,4000 -112.06,35.00,4000 -112.10,35.02,4000 -112.15,35.05,4000 -112.20,35.08,4000 -112.24,35.11,4000 -112.27,35.14,4000 -112.29,35.18,4000 -112.30,35.22,4000 -112.30,35.26,4000 -112.29,35.30,4000 -112.27,35.35,4000 -112.26,35.39,4000 -112.24,35.44,4000 -112.04,35.59,4000 
          </coordinates>
        </LinearRing>
      </innerBoundaryIs>
  </Polygon>
 </MultiGeometry>
</Placemark>
<Placemark>
  <name>20%</name>
  <visibility>1</visibility>
  <styleUrl>#poly_20</styleUrl>
  <MultiGeometry>
    <Polygon>
      <outerBoundaryIs>
        <LinearRing>
          <coordinates>
-117.15,34.35,3000 -117.13,34.36,3000 -117.11,34.37,3000 -117.09,34.38,3000 -117.07,34.39,3000 -117.05,34.40,3000 -117.02,34.41,3000 -117.00,34.42,3000 -116.98,34.43,3000 -116.96,34.44,3000 -116.94,34.44,3000 -116.92,34.44,3000 -116.90,34.45,3000 -116.87,34.45,3000 -116.85,34.45,3000 -116.83,34.45,3000 -116.81,34.45,3000 -116.78,34.44,3000 -116.76,34.44,3000 -116.74,34.44,3000 -116.72,34.43,3000 -116.70,34.42,3000 -116.68,34.41,3000 -116.66,34.40,3000 -116.63,34.39,3000 -116.61,34.38,3000 -116.59,34.37,3000 -116.57,34.35,3000 -116.56,34.34,3000 -116.54,34.32,3000 -116.53,34.31,3000 -116.52,34.29,3000 -116.51,34.28,3000 -116.50,34.26,3000 -116.49,34.24,3000 -116.49,34.22,3000 -116.49,34.20,3000 -116.49,34.18,3000 -116.49,34.16,3000 -116.49,34.14,3000 -116.49,34.12,3000 -116.50,34.11,3000 -116.51,34.09,3000 -116.52,34.07,3000 -116.53,34.05,3000 -116.55,34.03,3000 -116.56,34.01,3000 -116.57,33.99,3000 -116.58,33.98,3000 -116.59,33.96,3000 -116.60,33.95,3000 -116.61,33.94,3000 -116.61,33.92,3000 -116.62,33.92,3000 -116.64,33.92,3000 -116.66,33.92,3000 -116.69,33.92,3000 -116.71,33.91,3000 -116.74,33.91,3000 -116.77,33.91,3000 -116.79,33.91,3000 -116.81,33.91,3000 -116.82,33.90,3000 -116.84,33.91,3000 -116.85,33.92,3000 -116.87,33.92,3000 -116.89,33.93,3000 -116.91,33.94,3000 -116.93,33.95,3000 -116.96,33.96,3000 -116.98,33.97,3000 -117.01,33.98,3000 -117.03,33.99,3000 -117.05,34.00,3000 -117.07,34.00,3000 -117.08,34.01,3000 -117.11,34.02,3000 -117.12,34.03,3000 -117.12,34.03,3000 -117.14,34.05,3000 -117.15,34.06,3000 -117.16,34.07,3000 -117.17,34.08,3000 -117.19,34.10,3000 -117.20,34.11,3000 -117.21,34.13,3000 -117.23,34.14,3000 -117.24,34.16,3000 -117.26,34.18,3000 -117.27,34.19,3000 -117.29,34.21,3000 -117.15,34.35,3000 
          </coordinates>
        </LinearRing>
      </outerBoundaryIs>
      <innerBoundaryIs>
        <LinearRing>
          <coordinates>
-117.13,34.25,4000 -117.12,34.26,4000 -117.10,34.28,4000 -117.09,34.29,4000 -117.07,34.30,4000 -117.06,34.31,4000 -117.05,34.32,4000 -117.03,34.33,4000 -117.02,34.35,4000 -117.00,34.36,4000 -116.99,34.36,4000 -116.97,34.37,4000 -116.96,34.38,4000 -116.94,34.39,4000 -116.93,34.39,4000 -116.91,34.39,4000 -116.89,34.40,4000 -116.87,34.40,4000 -116.85,34.40,4000 -116.83,34.40,4000 -116.81,34.39,4000 -116.79,34.39,4000 -116.78,34.39,4000 -116.76,34.38,4000 -116.74,34.38,4000 -116.72,34.37,4000 -116.71,34.37,4000 -116.69,34.36,4000 -116.67,34.36,4000 -116.66,34.35,4000 -116.64,34.34,4000 -116.63,34.34,4000 -116.62,34.33,4000 -116.61,34.31,4000 -116.60,34.30,4000 -116.59,34.29,4000 -116.59,34.27,4000 -116.58,34.26,4000 -116.58,34.24,4000 -116.57,34.23,4000 -116.57,34.21,4000 -116.56,34.19,4000 -116.56,34.18,4000 -116.56,34.16,4000 -116.56,34.14,4000 -116.56,34.13,4000 -116.56,34.11,4000 -116.57,34.10,4000 -116.57,34.09,4000 -116.58,34.07,4000 -116.58,34.06,4000 -116.59,34.04,4000 -116.60,34.03,4000 -116.61,34.02,4000 -116.63,34.01,4000 -116.64,34.00,4000 -116.65,33.99,4000 -116.67,33.99,4000 -116.68,33.98,4000 -116.70,33.97,4000 -116.72,33.97,4000 -116.74,33.97,4000 -116.76,33.96,4000 -116.78,33.96,4000 -116.80,33.96,4000 -116.81,33.96,4000 -116.83,33.96,4000 -116.85,33.96,4000 -116.87,33.96,4000 -116.89,33.97,4000 -116.90,33.97,4000 -116.92,33.98,4000 -116.94,33.99,4000 -116.96,34.00,4000 -116.98,34.01,4000 -116.99,34.02,4000 -117.01,34.03,4000 -117.02,34.04,4000 -117.04,34.05,4000 -117.05,34.06,4000 -117.06,34.07,4000 -117.07,34.09,4000 -117.08,34.10,4000 -117.09,34.12,4000 -117.09,34.13,4000 -117.10,34.14,4000 -117.10,34.16,4000 -117.10,34.17,4000 -117.11,34.18,4000 -117.12,34.20,4000 -117.13,34.21,4000 -117.14,34.22,4000 -117.15,34.23,4000 -117.13,34.25,4000 
          </coordinates>
        </LinearRing>
      </innerBoundaryIs>
  </Polygon>
 </MultiGeometry>
</Placemark>
<Placemark>
  <name>20%</name>
  <visibility>1</visibility>
  <styleUrl>#poly_20</styleUrl>
  <MultiGeometry>
    <Polygon>
      <outerBoundaryIs>
        <LinearRing>
          <coordinates>
-62.65,46.80,3000 -62.54,46.73,3000 -62.45,46.66,3000 -62.38,46.58,3000 -62.35,46.49,3000 -62.36,46.40,3000 -62.37,46.31,3000 -62.37,46.25,3000 -62.39,46.19,3000 -62.45,46.07,3000 -62.49,45.99,3000 -62.55,45.89,3000 -62.62,45.78,3000 -62.69,45.66,3000 -62.76,45.54,3000 -62.82,45.43,3000 -62.89,45.34,3000 -62.94,45.26,3000 -63.06,45.15,3000 -63.15,45.11,3000 -63.20,45.06,3000 -63.19,44.98,3000 -63.13,44.90,3000 -63.10,44.80,3000 -63.11,44.71,3000 -63.14,44.62,3000 -63.17,44.53,3000 -63.19,44.44,3000 -63.19,44.34,3000 -63.18,44.26,3000 -63.17,44.17,3000 -63.18,44.08,3000 -63.19,44.00,3000 -63.22,43.92,3000 -63.27,43.84,3000 -63.34,43.75,3000 -63.41,43.69,3000 -63.50,43.64,3000 -63.60,43.62,3000 -63.72,43.61,3000 -63.85,43.62,3000 -63.95,43.64,3000 -64.06,43.67,3000 -64.18,43.70,3000 -64.33,43.74,3000 -64.49,43.78,3000 -64.64,43.82,3000 -64.76,43.87,3000 -64.85,43.92,3000 -64.93,43.97,3000 -65.00,44.03,3000 -65.05,44.10,3000 -65.09,44.17,3000 -65.13,44.25,3000 -65.18,44.32,3000 -65.32,44.37,3000 -65.44,44.43,3000 -65.45,44.51,3000 -65.44,44.61,3000 -65.42,44.71,3000 -65.39,44.79,3000 -65.34,44.87,3000 -65.26,44.92,3000 -65.15,44.97,3000 -65.00,45.02,3000 -64.90,45.04,3000 -64.78,45.06,3000 -64.65,45.08,3000 -64.50,45.09,3000 -64.36,45.08,3000 -64.19,45.07,3000 -64.02,45.05,3000 -63.87,45.03,3000 -63.76,45.03,3000 -63.65,45.06,3000 -63.63,45.12,3000 -63.69,45.23,3000 -63.77,45.28,3000 -63.89,45.35,3000 -64.00,45.42,3000 -64.10,45.50,3000 -64.16,45.58,3000 -64.21,45.68,3000 -64.25,45.77,3000 -64.31,45.85,3000 -64.43,45.94,3000 -64.56,46.01,3000 -64.68,46.08,3000 -64.81,46.17,3000 -64.89,46.25,3000 -64.92,46.35,3000 -64.88,46.45,3000 -64.76,46.51,3000 -64.61,46.55,3000 -64.47,46.55,3000 -64.30,46.54,3000 -64.18,46.55,3000 -64.04,46.57,3000 -63.90,46.60,3000 -63.76,46.62,3000 -63.60,46.65,3000 -63.44,46.69,3000 -63.29,46.73,3000 -62.65,46.80,3000 
          </coordinates>
        </LinearRing>
      </outerBoundaryIs>
      <innerBoundaryIs>
        <LinearRing>
          <coordinates>
-64.51,45.02,4000 -64.44,45.01,4000 -64.38,45.00,4000 -64.32,44.99,4000 -64.26,44.98,4000 -64.20,44.96,4000 -64.14,44.95,4000 -64.09,44.94,4000 -64.03,44.92,4000 -63.97,44.90,4000 -63.92,44.88,4000 -63.87,44.86,4000 -63.82,44.84,4000 -63.76,44.82,4000 -63.71,44.81,4000 -63.65,44.80,4000 -63.60,44.78,4000 -63.55,44.75,4000 -63.49,44.72,4000 -63.44,44.69,4000 -63.41,44.65,4000 -63.40,44.61,4000 -63.40,44.57,4000 -63.41,44.52,4000 -63.40,44.47,4000 -63.38,44.43,4000 -63.36,44.40,4000 -63.34,44.36,4000 -63.31,44.32,4000 -63.29,44.27,4000 -63.28,44.23,4000 -63.28,44.19,4000 -63.27,44.14,4000 -63.28,44.10,4000 -63.28,44.05,4000 -63.29,44.01,4000 -63.30,43.97,4000 -63.31,43.93,4000 -63.33,43.88,4000 -63.36,43.84,4000 -63.40,43.80,4000 -63.44,43.77,4000 -63.48,43.75,4000 -63.54,43.73,4000 -63.59,43.71,4000 -63.65,43.70,4000 -63.70,43.69,4000 -63.76,43.69,4000 -63.81,43.70,4000 -63.87,43.71,4000 -63.94,43.73,4000 -63.99,43.74,4000 -64.06,43.76,4000 -64.12,43.77,4000 -64.19,43.79,4000 -64.26,43.81,4000 -64.33,43.83,4000 -64.39,43.85,4000 -64.45,43.87,4000 -64.51,43.89,4000 -64.57,43.91,4000 -64.62,43.92,4000 -64.67,43.95,4000 -64.72,43.97,4000 -64.76,43.99,4000 -64.81,44.03,4000 -64.84,44.07,4000 -64.87,44.11,4000 -64.90,44.15,4000 -64.92,44.19,4000 -64.93,44.23,4000 -64.94,44.27,4000 -64.94,44.31,4000 -64.95,44.35,4000 -64.96,44.39,4000 -64.98,44.43,4000 -65.01,44.47,4000 -65.04,44.52,4000 -65.07,44.56,4000 -65.10,44.61,4000 -65.12,44.64,4000 -65.16,44.69,4000 -65.19,44.72,4000 -65.19,44.76,4000 -65.17,44.80,4000 -65.14,44.84,4000 -65.09,44.89,4000 -65.04,44.92,4000 -64.99,44.94,4000 -64.94,44.96,4000 -64.89,44.97,4000 -64.83,44.98,4000 -64.77,44.99,4000 -64.51,45.02,4000 
          </coordinates>
        </LinearRing>
      </innerBoundaryIs>
      <innerBoundaryIs>
        <LinearRing>
          <coordinates>
-62.70,46.65,4000 -62.64,46.63,4000 -62.58,46.61,4000 -62.53,46.58,4000 -62.49,46.54,4000 -62.48,46.51,4000 -62.46,46.47,4000 -62.46,46.43,4000 -62.45,46.38,4000 -62.45,46.33,4000 -62.46,46.29,4000 -62.47,46.24,4000 -62.48,46.20,4000 -62.51,46.16,4000 -62.53,46.12,4000 -62.56,46.08,4000 -62.59,46.03,4000 -62.62,46.00,4000 -62.65,45.96,4000 -62.67,45.93,4000 -62.71,45.89,4000 -62.75,45.86,4000 -62.79,45.83,4000 -62.83,45.78,4000 -62.85,45.75,4000 -62.87,45.70,4000 -62.88,45.66,4000 -62.90,45.61,4000 -62.92,45.56,4000 -62.93,45.52,4000 -62.95,45.48,4000 -62.97,45.45,4000 -63.01,45.41,4000 -63.05,45.38,4000 -63.10,45.37,4000 -63.15,45.36,4000 -63.20,45.35,4000 -63.26,45.35,4000 -63.32,45.36,4000 -63.40,45.37,4000 -63.45,45.38,4000 -63.51,45.39,4000 -63.57,45.40,4000 -63.64,45.41,4000 -63.70,45.42,4000 -63.76,45.44,4000 -63.82,45.46,4000 -63.86,45.48,4000 -63.90,45.51,4000 -63.93,45.55,4000 -63.95,45.59,4000 -63.97,45.63,4000 -63.98,45.67,4000 -64.00,45.71,4000 -64.02,45.75,4000 -64.05,45.79,4000 -64.08,45.83,4000 -64.11,45.87,4000 -64.13,45.91,4000 -64.16,45.94,4000 -64.19,45.98,4000 -64.22,46.02,4000 -64.26,46.06,4000 -64.31,46.10,4000 -64.34,46.14,4000 -64.35,46.17,4000 -64.34,46.20,4000 -64.31,46.22,4000 -64.26,46.23,4000 -64.19,46.24,4000 -64.12,46.26,4000 -64.05,46.27,4000 -63.97,46.28,4000 -63.91,46.29,4000 -63.86,46.30,4000 -63.80,46.33,4000 -63.76,46.37,4000 -63.73,46.41,4000 -63.68,46.44,4000 -63.63,46.46,4000 -63.58,46.48,4000 -63.52,46.51,4000 -63.46,46.53,4000 -63.40,46.54,4000 -63.34,46.56,4000 -63.28,46.57,4000 -63.22,46.59,4000 -63.16,46.60,4000 -63.10,46.60,4000 -63.03,46.61,4000 -62.97,46.62,4000 -62.70,46.65,4000 
          </coordinates>
        </LinearRing>
      </innerBoundaryIs>
  </Polygon>
 </MultiGeometry>
</Placemark>
<Placemark>
  <name>20%</name>
  <visibility>1</visibility>
  <styleUrl>#poly_20</styleUrl>
  <MultiGeometry>
    <Polygon>
      <outerBoundaryIs>
        <LinearRing>
          <coordinates>
-117.84,34.47,3000 -117.82,34.47,3000 -117.81,34.48,3000 -117.79,34.48,3000 -117.78,34.48,3000 -117.76,34.49,3000 -117.74,34.49,3000 -117.73,34.49,3000 -117.71,34.49,3000 -117.70,34.50,3000 -117.68,34.50,3000 -117.67,34.50,3000 -117.65,34.49,3000 -117.64,34.49,3000 -117.62,34.49,3000 -117.61,34.49,3000 -117.59,34.48,3000 -117.58,34.48,3000 -117.56,34.47,3000 -117.54,34.47,3000 -117.53,34.46,3000 -117.51,34.45,3000 -117.50,34.44,3000 -117.48,34.44,3000 -117.47,34.43,3000 -117.46,34.42,3000 -117.45,34.41,3000 -117.44,34.40,3000 -117.43,34.39,3000 -117.42,34.38,3000 -117.41,34.37,3000 -117.41,34.36,3000 -117.41,34.34,3000 -117.41,34.33,3000 -117.41,34.31,3000 -117.41,34.30,3000 -117.41,34.28,3000 -117.41,34.27,3000 -117.42,34.25,3000 -117.42,34.24,3000 -117.43,34.22,3000 -117.43,34.21,3000 -117.44,34.20,3000 -117.44,34.19,3000 -117.45,34.18,3000 -117.46,34.17,3000 -117.47,34.16,3000 -117.48,34.15,3000 -117.50,34.15,3000 -117.51,34.15,3000 -117.53,34.14,3000 -117.55,34.14,3000 -117.56,34.14,3000 -117.58,34.14,3000 -117.59,34.13,3000 -117.61,34.13,3000 -117.63,34.13,3000 -117.65,34.13,3000 -117.67,34.13,3000 -117.68,34.13,3000 -117.70,34.13,3000 -117.72,34.13,3000 -117.73,34.13,3000 -117.75,34.13,3000 -117.76,34.13,3000 -117.77,34.13,3000 -117.78,34.12,3000 -117.79,34.14,3000 -117.80,34.15,3000 -117.80,34.15,3000 -117.81,34.16,3000 -117.82,34.17,3000 -117.83,34.17,3000 -117.84,34.18,3000 -117.85,34.19,3000 -117.86,34.20,3000 -117.87,34.21,3000 -117.89,34.22,3000 -117.90,34.23,3000 -117.91,34.24,3000 -117.93,34.25,3000 -117.94,34.27,3000 -117.95,34.28,3000 -117.97,34.29,3000 -117.98,34.30,3000 -117.84,34.47,3000 
          </coordinates>
        </LinearRing>
      </outerBoundaryIs>
      <innerBoundaryIs>
        <LinearRing>
          <coordinates>
-117.82,34.38,4000 -117.81,34.38,4000 -117.80,34.38,4000 -117.78,34.38,4000 -117.77,34.39,4000 -117.76,34.39,4000 -117.75,34.39,4000 -117.74,34.39,4000 -117.73,34.39,4000 -117.72,34.39,4000 -117.71,34.39,4000 -117.70,34.40,4000 -117.69,34.40,4000 -117.68,34.40,4000 -117.67,34.40,4000 -117.66,34.40,4000 -117.65,34.40,4000 -117.64,34.40,4000 -117.63,34.40,4000 -117.62,34.40,4000 -117.61,34.40,4000 -117.61,34.40,4000 -117.60,34.40,4000 -117.59,34.40,4000 -117.57,34.40,4000 -117.56,34.39,4000 -117.55,34.39,4000 -117.55,34.38,4000 -117.54,34.38,4000 -117.54,34.37,4000 -117.53,34.37,4000 -117.53,34.36,4000 -117.53,34.35,4000 -117.53,34.35,4000 -117.53,34.34,4000 -117.53,34.33,4000 -117.53,34.32,4000 -117.53,34.31,4000 -117.53,34.31,4000 -117.54,34.30,4000 -117.54,34.29,4000 -117.55,34.28,4000 -117.56,34.28,4000 -117.57,34.27,4000 -117.58,34.27,4000 -117.58,34.27,4000 -117.59,34.26,4000 -117.60,34.26,4000 -117.61,34.26,4000 -117.62,34.26,4000 -117.63,34.26,4000 -117.64,34.25,4000 -117.65,34.25,4000 -117.67,34.25,4000 -117.68,34.25,4000 -117.69,34.25,4000 -117.70,34.25,4000 -117.71,34.25,4000 -117.72,34.25,4000 -117.74,34.25,4000 -117.75,34.25,4000 -117.76,34.25,4000 -117.77,34.25,4000 -117.77,34.25,4000 -117.78,34.25,4000 -117.79,34.25,4000 -117.80,34.25,4000 -117.81,34.26,4000 -117.82,34.26,4000 -117.83,34.26,4000 -117.84,34.27,4000 -117.85,34.28,4000 -117.85,34.28,4000 -117.86,34.29,4000 -117.86,34.30,4000 -117.87,34.30,4000 -117.87,34.31,4000 -117.82,34.38,4000 
          </coordinates>
        </LinearRing>
      </innerBoundaryIs>
  </Polygon>
 </MultiGeometry>
</Placemark>
<Placemark>
  <name>20%</name>
  <visibility>1</visibility>
  <styleUrl>#poly_20</styleUrl>
  <MultiGeometry>
    <Polygon>
      <outerBoundaryIs>
        <LinearRing>
          <coordinates>
-74.06,44.15,3000 -74.05,44.15,3000 -74.04,44.14,3000 -74.03,44.14,3000 -74.01,44.13,3000 -74.00,44.13,3000 -73.99,44.12,3000 -73.98,44.12,3000 -73.97,44.12,3000 -73.96,44.11,3000 -73.95,44.11,3000 -73.94,44.10,3000 -73.93,44.10,3000 -73.92,44.10,3000 -73.91,44.09,3000 -73.90,44.09,3000 -73.89,44.08,3000 -73.88,44.08,3000 -73.87,44.08,3000 -73.87,44.07,3000 -73.86,44.07,3000 -73.85,44.07,3000 -73.85,44.06,3000 -73.84,44.06,3000 -73.83,44.05,3000 -73.82,44.04,3000 -73.81,44.03,3000 -73.81,44.03,3000 -73.81,44.02,3000 -73.81,44.02,3000 -73.81,44.01,3000 -73.81,44.00,3000 -73.81,44.00,3000 -73.82,43.99,3000 -73.83,43.99,3000 -73.84,43.98,3000 -73.86,43.98,3000 -73.87,43.98,3000 -73.88,43.98,3000 -73.88,43.98,3000 -73.89,43.97,3000 -73.90,43.97,3000 -73.92,43.97,3000 -73.93,43.97,3000 -73.94,43.97,3000 -73.95,43.97,3000 -73.97,43.96,3000 -73.98,43.96,3000 -73.99,43.96,3000 -74.00,43.96,3000 -74.02,43.96,3000 -74.03,43.96,3000 -74.04,43.96,3000 -74.05,43.96,3000 -74.06,43.96,3000 -74.07,43.96,3000 -74.08,43.96,3000 -74.09,43.96,3000 -74.10,43.96,3000 -74.11,43.96,3000 -74.12,43.97,3000 -74.13,43.97,3000 -74.13,43.98,3000 -74.14,43.98,3000 -74.15,43.99,3000 -74.15,44.00,3000 -74.16,44.00,3000 -74.16,44.01,3000 -74.17,44.02,3000 -74.17,44.03,3000 -74.17,44.03,3000 -74.17,44.04,3000 -74.18,44.05,3000 -74.18,44.06,3000 -74.06,44.15,3000 
          </coordinates>
        </LinearRing>
      </outerBoundaryIs>
  </Polygon>
 </MultiGeometry>
</Placemark>
<Placemark>
  <name>20%</name>
  <visibility>1</visibility>
  <styleUrl>#poly_20</styleUrl>
  <MultiGeometry>
    <Polygon>
      <outerBoundaryIs>
        <LinearRing>
          <coordinates>
-67.96,50.97,3000 -67.65,50.89,3000 -67.35,50.81,3000 -67.08,50.71,3000 -66.80,50.60,3000 -66.47,50.48,3000 -66.18,50.36,3000 -65.91,50.19,3000 -65.77,50.04,3000 -65.56,49.81,3000 -65.30,49.68,3000 -65.04,49.58,3000 -64.75,49.46,3000 -64.47,49.34,3000 -64.22,49.23,3000 -63.90,49.06,3000 -63.84,48.88,3000 -63.79,48.65,3000 -63.51,48.51,3000 -63.37,48.32,3000 -63.42,48.15,3000 -63.58,47.99,3000 -63.80,47.82,3000 -64.04,47.71,3000 -64.30,47.61,3000 -64.54,47.52,3000 -64.82,47.44,3000 -65.25,47.35,3000 -65.63,47.28,3000 -65.83,47.23,3000 -66.03,47.03,3000 -66.24,46.87,3000 -66.47,46.70,3000 -66.66,46.55,3000 -66.83,46.42,3000 -67.18,46.30,3000 -67.54,46.39,3000 -67.76,46.54,3000 -68.00,46.72,3000 -68.20,46.85,3000 -68.44,46.98,3000 -68.84,47.12,3000 -69.23,47.25,3000 -69.52,47.51,3000 -69.54,47.80,3000 -69.62,48.02,3000 -69.81,48.00,3000 -70.08,47.88,3000 -70.35,47.79,3000 -70.61,47.70,3000 -70.82,47.57,3000 -70.85,47.31,3000 -70.85,47.11,3000 -70.79,46.90,3000 -70.56,46.74,3000 -70.33,46.60,3000 -70.28,46.36,3000 -70.55,46.26,3000 -70.87,46.27,3000 -71.08,46.09,3000 -71.22,45.91,3000 -71.36,45.74,3000 -71.59,45.68,3000 -71.82,45.75,3000 -72.04,45.89,3000 -72.29,46.08,3000 -72.50,46.15,3000 -72.90,46.21,3000 -73.30,46.29,3000 -73.48,46.49,3000 -73.44,46.78,3000 -73.42,46.99,3000 -73.41,47.20,3000 -73.52,47.53,3000 -73.65,47.64,3000 -73.87,47.70,3000 -74.09,47.68,3000 -74.32,47.54,3000 -74.48,47.37,3000 -74.62,47.20,3000 -74.73,47.02,3000 -74.65,46.86,3000 -74.49,46.68,3000 -74.36,46.42,3000 -74.28,46.25,3000 -74.34,46.00,3000 -74.47,45.99,3000 -74.72,46.12,3000 -74.87,46.27,3000 -75.01,46.46,3000 -75.12,46.68,3000 -75.20,46.89,3000 -75.32,47.18,3000 -75.45,47.32,3000 -75.66,47.39,3000 -75.88,47.39,3000 -76.14,47.35,3000 -76.50,47.32,3000 -76.86,47.30,3000 -77.14,47.28,3000 -77.45,47.18,3000 -77.67,47.04,3000 -77.90,46.86,3000 -78.08,46.67,3000 -78.23,46.52,3000 -78.52,46.50,3000 -78.76,46.56,3000 -79.02,46.59,3000 -79.22,46.42,3000 -79.67,46.31,3000 -80.15,46.36,3000 -80.56,46.44,3000 -80.88,46.56,3000 -81.16,46.66,3000 -81.41,46.77,3000 -81.55,46.93,3000 -81.57,47.20,3000 -81.43,47.44,3000 -81.29,47.68,3000 -81.26,47.94,3000 -81.08,48.09,3000 -80.88,48.22,3000 -80.72,48.31,3000 -80.44,48.36,3000 -79.99,48.31,3000 -79.59,48.24,3000 -79.18,48.15,3000 -78.89,48.07,3000 -78.63,47.98,3000 -78.31,47.85,3000 -78.02,47.74,3000 -77.77,47.70,3000 -77.55,47.73,3000 -77.29,47.81,3000 -76.91,47.82,3000 -76.53,47.83,3000 -76.26,47.89,3000 -75.86,47.89,3000 -75.47,47.93,3000 -75.24,48.05,3000 -75.04,48.18,3000 -74.80,48.32,3000 -74.56,48.46,3000 -74.33,48.58,3000 -74.05,48.69,3000 -73.61,48.65,3000 -73.36,48.53,3000 -73.13,48.40,3000 -72.88,48.29,3000 -72.49,48.22,3000 -72.27,48.24,3000 -72.13,48.35,3000 -72.25,48.57,3000 -72.49,48.71,3000 -72.74,48.85,3000 -72.87,49.06,3000 -72.78,49.33,3000 -72.58,49.56,3000 -72.33,49.69,3000 -72.11,49.81,3000 -71.89,49.93,3000 -71.66,50.13,3000 -71.37,50.23,3000 -70.99,50.26,3000 -70.63,50.30,3000 -70.45,50.47,3000 -70.26,50.78,3000 -69.90,50.89,3000 -69.48,50.86,3000 -69.07,50.91,3000 -68.56,50.98,3000 -67.96,50.97,3000 
          </coordinates>
        </LinearRing>
      </outerBoundaryIs>
      <innerBoundaryIs>
        <LinearRing>
          <coordinates>
-68.50,50.91,4000 -68.21,50.92,4000 -67.94,50.91,4000 -67.71,50.86,4000 -67.46,50.78,4000 -67.23,50.70,4000 -66.98,50.61,4000 -66.73,50.51,4000 -66.49,50.42,4000 -66.26,50.32,4000 -66.06,50.21,4000 -65.92,50.08,4000 -65.82,49.95,4000 -65.71,49.83,4000 -65.51,49.70,4000 -65.32,49.61,4000 -65.18,49.55,4000 -65.00,49.49,4000 -64.77,49.40,4000 -64.50,49.29,4000 -64.28,49.19,4000 -64.09,49.08,4000 -63.99,48.97,4000 -63.98,48.85,4000 -63.96,48.71,4000 -63.84,48.58,4000 -63.69,48.44,4000 -63.61,48.33,4000 -63.72,48.25,4000 -63.92,48.21,4000 -64.08,48.18,4000 -64.24,48.14,4000 -64.40,48.06,4000 -64.54,47.97,4000 -64.63,47.87,4000 -64.72,47.76,4000 -64.88,47.66,4000 -65.06,47.57,4000 -65.22,47.52,4000 -65.39,47.50,4000 -65.64,47.49,4000 -65.88,47.47,4000 -66.03,47.42,4000 -66.14,47.34,4000 -66.23,47.18,4000 -66.32,47.01,4000 -66.52,46.85,4000 -66.65,46.76,4000 -66.80,46.66,4000 -66.97,46.57,4000 -67.13,46.50,4000 -67.30,46.48,4000 -67.46,46.55,4000 -67.64,46.66,4000 -67.79,46.79,4000 -67.92,46.91,4000 -68.14,47.03,4000 -68.35,47.12,4000 -68.61,47.23,4000 -68.83,47.33,4000 -69.01,47.42,4000 -69.12,47.49,4000 -69.29,47.67,4000 -69.33,47.88,4000 -69.34,48.07,4000 -69.34,48.13,4000 -69.58,48.24,4000 -69.74,48.21,4000 -69.89,48.15,4000 -70.13,48.01,4000 -70.33,47.93,4000 -70.57,47.84,4000 -70.76,47.76,4000 -70.91,47.67,4000 -70.98,47.58,4000 -71.00,47.40,4000 -70.98,47.24,4000 -70.96,47.07,4000 -71.04,46.88,4000 -71.19,46.74,4000 -71.31,46.65,4000 -71.43,46.55,4000 -71.55,46.45,4000 -71.61,46.35,4000 -71.52,46.25,4000 -71.41,46.16,4000 -71.48,45.98,4000 -71.71,45.94,4000 -71.80,46.04,4000 -71.89,46.16,4000 -72.00,46.23,4000 -72.15,46.28,4000 -72.41,46.31,4000 -72.67,46.33,4000 -72.85,46.35,4000 -72.99,46.38,4000 -73.19,46.51,4000 -73.21,46.66,4000 -73.20,46.86,4000 -73.17,47.02,4000 -73.14,47.20,4000 -73.14,47.38,4000 -73.20,47.58,4000 -73.29,47.78,4000 -73.37,47.94,4000 -73.52,48.06,4000 -73.78,48.06,4000 -74.03,48.06,4000 -74.27,48.06,4000 -74.47,48.14,4000 -74.42,48.30,4000 -74.33,48.39,4000 -74.20,48.47,4000 -74.01,48.53,4000 -73.81,48.55,4000 -73.64,48.51,4000 -73.50,48.44,4000 -73.40,48.34,4000 -73.32,48.23,4000 -73.10,48.10,4000 -72.86,48.11,4000 -72.61,48.08,4000 -72.35,48.05,4000 -72.10,48.06,4000 -71.94,48.16,4000 -71.92,48.36,4000 -72.00,48.48,4000 -72.12,48.59,4000 -72.27,48.70,4000 -72.42,48.77,4000 -72.55,48.84,4000 -72.66,48.92,4000 -72.73,49.03,4000 -72.70,49.20,4000 -72.62,49.36,4000 -72.43,49.52,4000 -72.24,49.62,4000 -72.01,49.73,4000 -71.82,49.83,4000 -71.69,49.95,4000 -71.58,50.05,4000 -71.36,50.13,4000 -71.09,50.19,4000 -70.76,50.23,4000 -70.47,50.28,4000 -70.39,50.40,4000 -70.36,50.54,4000 -70.28,50.66,4000 -70.18,50.75,4000 -69.87,50.83,4000 -69.68,50.83,4000 -69.48,50.81,4000 -68.50,50.91,4000 
          </coordinates>
        </LinearRing>
      </innerBoundaryIs>
      <innerBoundaryIs>
        <LinearRing>
          <coordinates>
-70.32,49.17,4000 -70.30,49.17,4000 -70.28,49.17,4000 -70.26,49.16,4000 -70.24,49.16,4000 -70.22,49.16,4000 -70.20,49.16,4000 -70.18,49.15,4000 -70.16,49.15,4000 -70.15,49.15,4000 -70.13,49.14,4000 -70.11,49.14,4000 -70.10,49.13,4000 -70.08,49.13,4000 -70.06,49.12,4000 -70.04,49.12,4000 -70.03,49.11,4000 -70.01,49.10,4000 -70.00,49.09,4000 -69.98,49.08,4000 -69.97,49.07,4000 -69.95,49.07,4000 -69.94,49.06,4000 -69.93,49.05,4000 -69.92,49.04,4000 -69.91,49.03,4000 -69.90,49.02,4000 -69.89,49.01,4000 -69.89,48.99,4000 -69.88,48.98,4000 -69.88,48.97,4000 -69.87,48.96,4000 -69.87,48.95,4000 -69.86,48.94,4000 -69.86,48.93,4000 -69.85,48.91,4000 -69.85,48.90,4000 -69.84,48.89,4000 -69.84,48.88,4000 -69.84,48.87,4000 -69.84,48.86,4000 -69.84,48.85,4000 -69.85,48.84,4000 -69.87,48.84,4000 -69.90,48.84,4000 -69.91,48.84,4000 -69.93,48.84,4000 -69.95,48.84,4000 -69.96,48.84,4000 -69.98,48.84,4000 -70.00,48.84,4000 -70.03,48.85,4000 -70.05,48.85,4000 -70.07,48.85,4000 -70.09,48.85,4000 -70.11,48.85,4000 -70.13,48.86,4000 -70.15,48.86,4000 -70.17,48.86,4000 -70.19,48.87,4000 -70.21,48.87,4000 -70.23,48.88,4000 -70.25,48.89,4000 -70.27,48.89,4000 -70.29,48.90,4000 -70.31,48.91,4000 -70.33,48.91,4000 -70.34,48.92,4000 -70.36,48.92,4000 -70.37,48.93,4000 -70.38,48.93,4000 -70.39,48.94,4000 -70.39,48.95,4000 -70.40,48.95,4000 -70.40,48.96,4000 -70.41,48.97,4000 -70.42,48.98,4000 -70.42,48.99,4000 -70.43,49.00,4000 -70.44,49.02,4000 -70.45,49.03,4000 -70.46,49.04,4000 -70.46,49.05,4000 -70.47,49.07,4000 -70.48,49.08,4000 -70.49,49.10,4000 -70.50,49.11,4000 -70.32,49.17,4000 
          </coordinates>
        </LinearRing>
      </innerBoundaryIs>
      <innerBoundaryIs>
        <LinearRing>
          <coordinates>
-79.97,48.08,4000 -79.89,48.08,4000 -79.80,48.08,4000 -79.72,48.08,4000 -79.64,48.08,4000 -79.56,48.07,4000 -79.48,48.06,4000 -79.41,48.05,4000 -79.34,48.03,4000 -79.27,48.01,4000 -79.20,47.99,4000 -79.13,47.97,4000 -79.05,47.94,4000 -78.98,47.91,4000 -78.90,47.89,4000 -78.81,47.86,4000 -78.73,47.82,4000 -78.65,47.79,4000 -78.58,47.76,4000 -78.51,47.73,4000 -78.43,47.69,4000 -78.36,47.65,4000 -78.29,47.61,4000 -78.24,47.58,4000 -78.19,47.54,4000 -78.15,47.49,4000 -78.12,47.45,4000 -78.11,47.40,4000 -78.10,47.36,4000 -78.10,47.31,4000 -78.11,47.25,4000 -78.15,47.19,4000 -78.19,47.14,4000 -78.24,47.09,4000 -78.30,47.04,4000 -78.35,46.99,4000 -78.41,46.95,4000 -78.47,46.91,4000 -78.54,46.89,4000 -78.60,46.87,4000 -78.68,46.86,4000 -78.75,46.86,4000 -78.83,46.87,4000 -78.92,46.89,4000 -79.00,46.91,4000 -79.08,46.93,4000 -79.15,46.96,4000 -79.22,47.00,4000 -79.29,47.05,4000 -79.34,47.08,4000 -79.39,47.08,4000 -79.42,47.05,4000 -79.45,46.99,4000 -79.47,46.92,4000 -79.48,46.86,4000 -79.49,46.80,4000 -79.50,46.73,4000 -79.50,46.68,4000 -79.52,46.63,4000 -79.56,46.58,4000 -79.60,46.54,4000 -79.66,46.50,4000 -79.74,46.48,4000 -79.81,46.48,4000 -79.89,46.50,4000 -79.97,46.52,4000 -80.06,46.54,4000 -80.14,46.57,4000 -80.21,46.59,4000 -80.28,46.62,4000 -80.33,46.64,4000 -80.38,46.67,4000 -80.44,46.70,4000 -80.50,46.73,4000 -80.57,46.76,4000 -80.64,46.79,4000 -80.71,46.82,4000 -80.77,46.86,4000 -80.83,46.89,4000 -80.90,46.94,4000 -80.95,46.99,4000 -80.99,47.03,4000 -81.02,47.08,4000 -81.03,47.14,4000 -81.02,47.19,4000 -81.00,47.24,4000 -80.96,47.29,4000 -80.91,47.33,4000 -80.84,47.37,4000 -80.79,47.40,4000 -80.75,47.42,4000 -80.68,47.44,4000 -80.58,47.44,4000 -80.52,47.43,4000 -80.44,47.42,4000 -80.36,47.41,4000 -80.26,47.39,4000 -80.17,47.38,4000 -80.08,47.36,4000 -79.99,47.34,4000 -79.91,47.33,4000 -79.85,47.32,4000 -79.74,47.31,4000 -79.65,47.30,4000 -79.59,47.30,4000 -79.55,47.31,4000 -79.53,47.35,4000 -79.56,47.40,4000 -79.62,47.48,4000 -79.66,47.52,4000 -79.71,47.56,4000 -79.76,47.61,4000 -79.82,47.67,4000 -79.88,47.72,4000 -79.94,47.77,4000 -79.99,47.81,4000 -80.03,47.85,4000 -80.10,47.91,4000 -80.13,47.95,4000 -80.15,47.98,4000 -80.14,48.02,4000 -80.09,48.06,4000 -79.97,48.08,4000 
          </coordinates>
        </LinearRing>
      </innerBoundaryIs>
  </Polygon>
 </MultiGeometry>
</Placemark>
<Placemark>
  <name>20%</name>
  <visibility>1</visibility>
  <styleUrl>#poly_20</styleUrl>
  <MultiGeometry>
    <Polygon>
      <outerBoundaryIs>
        <LinearRing>
          <coordinates>
-115.99,36.40,3000 -115.98,36.41,3000 -115.96,36.43,3000 -115.95,36.44,3000 -115.93,36.45,3000 -115.92,36.47,3000 -115.90,36.48,3000 -115.89,36.49,3000 -115.87,36.50,3000 -115.86,36.51,3000 -115.84,36.51,3000 -115.82,36.52,3000 -115.81,36.53,3000 -115.79,36.53,3000 -115.77,36.53,3000 -115.75,36.53,3000 -115.73,36.53,3000 -115.71,36.52,3000 -115.68,36.52,3000 -115.66,36.51,3000 -115.64,36.50,3000 -115.62,36.49,3000 -115.60,36.49,3000 -115.58,36.48,3000 -115.56,36.47,3000 -115.55,36.47,3000 -115.52,36.46,3000 -115.51,36.46,3000 -115.50,36.44,3000 -115.49,36.43,3000 -115.48,36.42,3000 -115.47,36.41,3000 -115.46,36.39,3000 -115.44,36.38,3000 -115.43,36.36,3000 -115.42,36.34,3000 -115.41,36.33,3000 -115.40,36.31,3000 -115.39,36.30,3000 -115.39,36.28,3000 -115.39,36.26,3000 -115.39,36.25,3000 -115.40,36.23,3000 -115.40,36.21,3000 -115.41,36.20,3000 -115.42,36.18,3000 -115.43,36.16,3000 -115.44,36.15,3000 -115.45,36.13,3000 -115.47,36.12,3000 -115.48,36.11,3000 -115.50,36.10,3000 -115.51,36.09,3000 -115.53,36.09,3000 -115.55,36.08,3000 -115.57,36.08,3000 -115.59,36.07,3000 -115.61,36.07,3000 -115.64,36.07,3000 -115.66,36.07,3000 -115.68,36.08,3000 -115.70,36.08,3000 -115.72,36.08,3000 -115.74,36.09,3000 -115.75,36.10,3000 -115.77,36.11,3000 -115.79,36.12,3000 -115.81,36.13,3000 -115.83,36.14,3000 -115.85,36.15,3000 -115.87,36.16,3000 -115.89,36.17,3000 -115.90,36.18,3000 -115.92,36.19,3000 -115.93,36.20,3000 -115.94,36.21,3000 -115.96,36.23,3000 -115.97,36.24,3000 -115.97,36.26,3000 -115.97,36.27,3000 -115.97,36.29,3000 -115.97,36.30,3000 -115.98,36.32,3000 -115.98,36.33,3000 -115.99,36.35,3000 -115.99,36.36,3000 -116.00,36.38,3000 -115.99,36.40,3000 
          </coordinates>
        </LinearRing>
      </outerBoundaryIs>
      <innerBoundaryIs>
        <LinearRing>
          <coordinates>
-115.77,36.46,4000 -115.76,36.46,4000 -115.74,36.46,4000 -115.73,36.46,4000 -115.72,36.45,4000 -115.70,36.45,4000 -115.69,36.45,4000 -115.68,36.44,4000 -115.66,36.44,4000 -115.65,36.43,4000 -115.64,36.42,4000 -115.63,36.42,4000 -115.62,36.41,4000 -115.61,36.40,4000 -115.60,36.39,4000 -115.59,36.39,4000 -115.57,36.38,4000 -115.56,36.37,4000 -115.55,36.36,4000 -115.54,36.35,4000 -115.54,36.34,4000 -115.53,36.34,4000 -115.52,36.33,4000 -115.51,36.32,4000 -115.50,36.31,4000 -115.49,36.30,4000 -115.49,36.29,4000 -115.48,36.28,4000 -115.48,36.27,4000 -115.48,36.26,4000 -115.47,36.25,4000 -115.48,36.24,4000 -115.48,36.23,4000 -115.50,36.22,4000 -115.51,36.22,4000 -115.52,36.21,4000 -115.53,36.21,4000 -115.54,36.20,4000 -115.55,36.19,4000 -115.57,36.19,4000 -115.58,36.18,4000 -115.60,36.18,4000 -115.61,36.17,4000 -115.63,36.17,4000 -115.64,36.16,4000 -115.66,36.16,4000 -115.67,36.15,4000 -115.69,36.15,4000 -115.70,36.15,4000 -115.71,36.15,4000 -115.72,36.15,4000 -115.74,36.15,4000 -115.75,36.16,4000 -115.77,36.16,4000 -115.78,36.16,4000 -115.79,36.17,4000 -115.80,36.18,4000 -115.81,36.18,4000 -115.83,36.19,4000 -115.83,36.20,4000 -115.84,36.21,4000 -115.85,36.22,4000 -115.85,36.23,4000 -115.86,36.24,4000 -115.86,36.25,4000 -115.86,36.26,4000 -115.87,36.27,4000 -115.87,36.28,4000 -115.87,36.29,4000 -115.87,36.30,4000 -115.87,36.31,4000 -115.87,36.32,4000 -115.87,36.34,4000 -115.87,36.35,4000 -115.87,36.36,4000 -115.87,36.37,4000 -115.87,36.39,4000 -115.87,36.40,4000 -115.77,36.46,4000 
          </coordinates>
        </LinearRing>
      </innerBoundaryIs>
  </Polygon>
 </MultiGeometry>
</Placemark>
<Placemark>
  <name>20%</name>
  <visibility>1</visibility>
  <styleUrl>#poly_20</styleUrl>
  <MultiGeometry>
    <Polygon>
      <outerBoundaryIs>
        <LinearRing>
          <coordinates>
-109.03,36.33,3000 -109.02,36.32,3000 -109.00,36.31,3000 -108.99,36.31,3000 -108.98,36.30,3000 -108.97,36.29,3000 -108.96,36.28,3000 -108.95,36.27,3000 -108.94,36.26,3000 -108.93,36.25,3000 -108.92,36.24,3000 -108.91,36.23,3000 -108.91,36.22,3000 -108.91,36.21,3000 -108.91,36.20,3000 -108.91,36.18,3000 -108.91,36.17,3000 -108.91,36.16,3000 -108.91,36.14,3000 -108.92,36.13,3000 -108.92,36.11,3000 -108.92,36.10,3000 -108.93,36.08,3000 -108.93,36.07,3000 -108.93,36.06,3000 -108.94,36.05,3000 -108.94,36.04,3000 -108.95,36.02,3000 -108.95,36.01,3000 -108.95,36.00,3000 -108.96,35.99,3000 -108.97,35.98,3000 -108.98,35.98,3000 -108.99,35.98,3000 -109.00,35.98,3000 -109.02,35.98,3000 -109.03,35.99,3000 -109.05,35.99,3000 -109.07,36.00,3000 -109.08,36.01,3000 -109.09,36.02,3000 -109.10,36.03,3000 -109.10,36.04,3000 -109.10,36.05,3000 -109.11,36.06,3000 -109.11,36.07,3000 -109.11,36.08,3000 -109.12,36.10,3000 -109.12,36.11,3000 -109.12,36.12,3000 -109.12,36.14,3000 -109.12,36.15,3000 -109.13,36.17,3000 -109.13,36.18,3000 -109.13,36.20,3000 -109.03,36.33,3000 
          </coordinates>
        </LinearRing>
      </outerBoundaryIs>
  </Polygon>
 </MultiGeometry>
</Placemark>
<Placemark>
  <name>30%</name>
  <visibility>1</visibility>
  <styleUrl>#poly_30</styleUrl>
  <MultiGeometry>
    <Polygon>
      <outerBoundaryIs>
        <LinearRing>
          <coordinates>
-64.51,45.02,4000 -64.44,45.01,4000 -64.38,45.00,4000 -64.32,44.99,4000 -64.26,44.98,4000 -64.20,44.96,4000 -64.14,44.95,4000 -64.09,44.94,4000 -64.03,44.92,4000 -63.97,44.90,4000 -63.92,44.88,4000 -63.87,44.86,4000 -63.82,44.84,4000 -63.76,44.82,4000 -63.71,44.81,4000 -63.65,44.80,4000 -63.60,44.78,4000 -63.55,44.75,4000 -63.49,44.72,4000 -63.44,44.69,4000 -63.41,44.65,4000 -63.40,44.61,4000 -63.40,44.57,4000 -63.41,44.52,4000 -63.40,44.47,4000 -63.38,44.43,4000 -63.36,44.40,4000 -63.34,44.36,4000 -63.31,44.32,4000 -63.29,44.27,4000 -63.28,44.23,4000 -63.28,44.19,4000 -63.27,44.14,4000 -63.28,44.10,4000 -63.28,44.05,4000 -63.29,44.01,4000 -63.30,43.97,4000 -63.31,43.93,4000 -63.33,43.88,4000 -63.36,43.84,4000 -63.40,43.80,4000 -63.44,43.77,4000 -63.48,43.75,4000 -63.54,43.73,4000 -63.59,43.71,4000 -63.65,43.70,4000 -63.70,43.69,4000 -63.76,43.69,4000 -63.81,43.70,4000 -63.87,43.71,4000 -63.94,43.73,4000 -63.99,43.74,4000 -64.06,43.76,4000 -64.12,43.77,4000 -64.19,43.79,4000 -64.26,43.81,4000 -64.33,43.83,4000 -64.39,43.85,4000 -64.45,43.87,4000 -64.51,43.89,4000 -64.57,43.91,4000 -64.62,43.92,4000 -64.67,43.95,4000 -64.72,43.97,4000 -64.76,43.99,4000 -64.81,44.03,4000 -64.84,44.07,4000 -64.87,44.11,4000 -64.90,44.15,4000 -64.92,44.19,4000 -64.93,44.23,4000 -64.94,44.27,4000 -64.94,44.31,4000 -64.95,44.35,4000 -64.96,44.39,4000 -64.98,44.43,4000 -65.01,44.47,4000 -65.04,44.52,4000 -65.07,44.56,4000 -65.10,44.61,4000 -65.12,44.64,4000 -65.16,44.69,4000 -65.19,44.72,4000 -65.19,44.76,4000 -65.17,44.80,4000 -65.14,44.84,4000 -65.09,44.89,4000 -65.04,44.92,4000 -64.99,44.94,4000 -64.94,44.96,4000 -64.89,44.97,4000 -64.83,44.98,4000 -64.77,44.99,4000 -64.51,45.02,4000 
          </coordinates>
        </LinearRing>
      </outerBoundaryIs>
      <innerBoundaryIs>
        <LinearRing>
          <coordinates>
-64.80,44.89,5000 -64.75,44.90,5000 -64.69,44.91,5000 -64.64,44.92,5000 -64.59,44.93,5000 -64.54,44.93,5000 -64.48,44.93,5000 -64.42,44.92,5000 -64.36,44.91,5000 -64.30,44.90,5000 -64.25,44.88,5000 -64.21,44.86,5000 -64.16,44.84,5000 -64.12,44.82,5000 -64.08,44.80,5000 -64.03,44.78,5000 -64.00,44.76,5000 -63.97,44.74,5000 -63.94,44.71,5000 -63.92,44.68,5000 -63.89,44.65,5000 -63.86,44.62,5000 -63.81,44.59,5000 -63.77,44.56,5000 -63.74,44.53,5000 -63.72,44.51,5000 -63.69,44.49,5000 -63.66,44.47,5000 -63.61,44.43,5000 -63.56,44.40,5000 -63.52,44.36,5000 -63.49,44.34,5000 -63.48,44.31,5000 -63.47,44.28,5000 -63.44,44.25,5000 -63.42,44.20,5000 -63.40,44.16,5000 -63.39,44.12,5000 -63.38,44.08,5000 -63.38,44.05,5000 -63.38,44.01,5000 -63.39,43.97,5000 -63.41,43.94,5000 -63.44,43.91,5000 -63.48,43.88,5000 -63.52,43.85,5000 -63.57,43.82,5000 -63.60,43.80,5000 -63.64,43.78,5000 -63.68,43.78,5000 -63.73,43.78,5000 -63.79,43.79,5000 -63.85,43.80,5000 -63.91,43.81,5000 -63.96,43.82,5000 -64.00,43.84,5000 -64.05,43.85,5000 -64.10,43.87,5000 -64.14,43.88,5000 -64.21,43.90,5000 -64.26,43.91,5000 -64.31,43.92,5000 -64.36,43.93,5000 -64.39,43.94,5000 -64.44,43.96,5000 -64.49,43.98,5000 -64.54,44.00,5000 -64.58,44.02,5000 -64.62,44.05,5000 -64.66,44.08,5000 -64.70,44.12,5000 -64.74,44.15,5000 -64.76,44.17,5000 -64.77,44.20,5000 -64.78,44.23,5000 -64.78,44.27,5000 -64.79,44.31,5000 -64.80,44.35,5000 -64.81,44.39,5000 -64.81,44.42,5000 -64.82,44.46,5000 -64.82,44.50,5000 -64.83,44.53,5000 -64.84,44.57,5000 -64.86,44.60,5000 -64.88,44.63,5000 -64.91,44.66,5000 -64.94,44.69,5000 -64.95,44.73,5000 -64.94,44.76,5000 -64.91,44.80,5000 -64.88,44.84,5000 -64.84,44.88,5000 -64.80,44.89,5000 
          </coordinates>
        </LinearRing>
      </innerBoundaryIs>
  </Polygon>
 </MultiGeometry>
</Placemark>
<Placemark>
  <name>30%</name>
  <visibility>1</visibility>
  <styleUrl>#poly_30</styleUrl>
  <MultiGeometry>
    <Polygon>
      <outerBoundaryIs>
        <LinearRing>
          <coordinates>
-119.27,34.93,4000 -119.25,34.93,4000 -119.23,34.94,4000 -119.21,34.94,4000 -119.19,34.95,4000 -119.17,34.95,4000 -119.15,34.95,4000 -119.13,34.96,4000 -119.12,34.96,4000 -119.10,34.96,4000 -119.08,34.96,4000 -119.07,34.96,4000 -119.05,34.96,4000 -119.03,34.96,4000 -119.01,34.95,4000 -118.99,34.95,4000 -118.98,34.94,4000 -118.96,34.93,4000 -118.95,34.92,4000 -118.93,34.91,4000 -118.92,34.90,4000 -118.91,34.89,4000 -118.90,34.88,4000 -118.89,34.87,4000 -118.89,34.85,4000 -118.88,34.84,4000 -118.87,34.82,4000 -118.87,34.81,4000 -118.86,34.79,4000 -118.86,34.78,4000 -118.86,34.76,4000 -118.86,34.75,4000 -118.86,34.73,4000 -118.86,34.72,4000 -118.86,34.71,4000 -118.87,34.69,4000 -118.88,34.68,4000 -118.88,34.67,4000 -118.89,34.65,4000 -118.90,34.64,4000 -118.92,34.63,4000 -118.93,34.62,4000 -118.94,34.61,4000 -118.96,34.60,4000 -118.97,34.59,4000 -118.98,34.58,4000 -119.00,34.58,4000 -119.01,34.57,4000 -119.03,34.56,4000 -119.05,34.56,4000 -119.07,34.55,4000 -119.09,34.55,4000 -119.10,34.54,4000 -119.12,34.54,4000 -119.14,34.54,4000 -119.16,34.54,4000 -119.18,34.54,4000 -119.20,34.54,4000 -119.21,34.55,4000 -119.23,34.55,4000 -119.25,34.56,4000 -119.27,34.57,4000 -119.29,34.57,4000 -119.31,34.58,4000 -119.33,34.59,4000 -119.35,34.60,4000 -119.37,34.61,4000 -119.38,34.61,4000 -119.40,34.62,4000 -119.41,34.63,4000 -119.42,34.63,4000 -119.43,34.64,4000 -119.43,34.65,4000 -119.43,34.66,4000 -119.43,34.67,4000 -119.43,34.68,4000 -119.42,34.70,4000 -119.42,34.71,4000 -119.42,34.73,4000 -119.42,34.75,4000 -119.42,34.76,4000 -119.41,34.78,4000 -119.41,34.80,4000 -119.41,34.82,4000 -119.27,34.93,4000 
          </coordinates>
        </LinearRing>
      </outerBoundaryIs>
      <innerBoundaryIs>
        <LinearRing>
          <coordinates>
-119.26,34.88,5000 -119.24,34.88,5000 -119.23,34.88,5000 -119.21,34.89,5000 -119.19,34.89,5000 -119.18,34.89,5000 -119.16,34.89,5000 -119.15,34.89,5000 -119.13,34.89,5000 -119.12,34.90,5000 -119.11,34.90,5000 -119.09,34.90,5000 -119.08,34.90,5000 -119.07,34.90,5000 -119.06,34.90,5000 -119.05,34.90,5000 -119.04,34.90,5000 -119.02,34.90,5000 -119.01,34.90,5000 -119.01,34.90,5000 -119.00,34.88,5000 -119.00,34.87,5000 -118.99,34.87,5000 -118.99,34.86,5000 -118.98,34.85,5000 -118.98,34.83,5000 -118.97,34.82,5000 -118.97,34.81,5000 -118.96,34.80,5000 -118.96,34.78,5000 -118.96,34.77,5000 -118.95,34.76,5000 -118.95,34.75,5000 -118.95,34.74,5000 -118.94,34.73,5000 -118.94,34.72,5000 -118.94,34.71,5000 -118.94,34.69,5000 -118.94,34.68,5000 -118.94,34.67,5000 -118.95,34.67,5000 -118.96,34.66,5000 -118.98,34.65,5000 -118.99,34.65,5000 -119.00,34.64,5000 -119.01,34.64,5000 -119.02,34.63,5000 -119.04,34.63,5000 -119.05,34.62,5000 -119.06,34.62,5000 -119.08,34.61,5000 -119.09,34.61,5000 -119.11,34.60,5000 -119.12,34.60,5000 -119.14,34.60,5000 -119.15,34.59,5000 -119.17,34.59,5000 -119.18,34.59,5000 -119.19,34.59,5000 -119.21,34.59,5000 -119.22,34.59,5000 -119.24,34.59,5000 -119.25,34.60,5000 -119.27,34.60,5000 -119.28,34.60,5000 -119.29,34.61,5000 -119.30,34.62,5000 -119.32,34.62,5000 -119.33,34.63,5000 -119.33,34.64,5000 -119.34,34.65,5000 -119.34,34.66,5000 -119.35,34.67,5000 -119.35,34.68,5000 -119.35,34.69,5000 -119.35,34.70,5000 -119.35,34.71,5000 -119.35,34.72,5000 -119.35,34.73,5000 -119.34,34.74,5000 -119.34,34.75,5000 -119.34,34.77,5000 -119.33,34.78,5000 -119.33,34.79,5000 -119.33,34.80,5000 -119.32,34.82,5000 -119.32,34.83,5000 -119.26,34.88,5000 
          </coordinates>
        </LinearRing>
      </innerBoundaryIs>
  </Polygon>
 </MultiGeometry>
</Placemark>
<Placemark>
  <name>30%</name>
  <visibility>1</visibility>
  <styleUrl>#poly_30</styleUrl>
  <MultiGeometry>
    <Polygon>
      <outerBoundaryIs>
        <LinearRing>
          <coordinates>
-68.50,50.91,4000 -68.21,50.92,4000 -67.94,50.91,4000 -67.71,50.86,4000 -67.46,50.78,4000 -67.23,50.70,4000 -66.98,50.61,4000 -66.73,50.51,4000 -66.49,50.42,4000 -66.26,50.32,4000 -66.06,50.21,4000 -65.92,50.08,4000 -65.82,49.95,4000 -65.71,49.83,4000 -65.51,49.70,4000 -65.32,49.61,4000 -65.18,49.55,4000 -65.00,49.49,4000 -64.77,49.40,4000 -64.50,49.29,4000 -64.28,49.19,4000 -64.09,49.08,4000 -63.99,48.97,4000 -63.98,48.85,4000 -63.96,48.71,4000 -63.84,48.58,4000 -63.69,48.44,4000 -63.61,48.33,4000 -63.72,48.25,4000 -63.92,48.21,4000 -64.08,48.18,4000 -64.24,48.14,4000 -64.40,48.06,4000 -64.54,47.97,4000 -64.63,47.87,4000 -64.72,47.76,4000 -64.88,47.66,4000 -65.06,47.57,4000 -65.22,47.52,4000 -65.39,47.50,4000 -65.64,47.49,4000 -65.88,47.47,4000 -66.03,47.42,4000 -66.14,47.34,4000 -66.23,47.18,4000 -66.32,47.01,4000 -66.52,46.85,4000 -66.65,46.76,4000 -66.80,46.66,4000 -66.97,46.57,4000 -67.13,46.50,4000 -67.30,46.48,4000 -67.46,46.55,4000 -67.64,46.66,4000 -67.79,46.79,4000 -67.92,46.91,4000 -68.14,47.03,4000 -68.35,47.12,4000 -68.61,47.23,4000 -68.83,47.33,4000 -69.01,47.42,4000 -69.12,47.49,4000 -69.29,47.67,4000 -69.33,47.88,4000 -69.34,48.07,4000 -69.34,48.13,4000 -69.58,48.24,4000 -69.74,48.21,4000 -69.89,48.15,4000 -70.13,48.01,4000 -70.33,47.93,4000 -70.57,47.84,4000 -70.76,47.76,4000 -70.91,47.67,4000 -70.98,47.58,4000 -71.00,47.40,4000 -70.98,47.24,4000 -70.96,47.07,4000 -71.04,46.88,4000 -71.19,46.74,4000 -71.31,46.65,4000 -71.43,46.55,4000 -71.55,46.45,4000 -71.61,46.35,4000 -71.52,46.25,4000 -71.41,46.16,4000 -71.48,45.98,4000 -71.71,45.94,4000 -71.80,46.04,4000 -71.89,46.16,4000 -72.00,46.23,4000 -72.15,46.28,4000 -72.41,46.31,4000 -72.67,46.33,4000 -72.85,46.35,4000 -72.99,46.38,4000 -73.19,46.51,4000 -73.21,46.66,4000 -73.20,46.86,4000 -73.17,47.02,4000 -73.14,47.20,4000 -73.14,47.38,4000 -73.20,47.58,4000 -73.29,47.78,4000 -73.37,47.94,4000 -73.52,48.06,4000 -73.78,48.06,4000 -74.03,48.06,4000 -74.27,48.06,4000 -74.47,48.14,4000 -74.42,48.30,4000 -74.33,48.39,4000 -74.20,48.47,4000 -74.01,48.53,4000 -73.81,48.55,4000 -73.64,48.51,4000 -73.50,48.44,4000 -73.40,48.34,4000 -73.32,48.23,4000 -73.10,48.10,4000 -72.86,48.11,4000 -72.61,48.08,4000 -72.35,48.05,4000 -72.10,48.06,4000 -71.94,48.16,4000 -71.92,48.36,4000 -72.00,48.48,4000 -72.12,48.59,4000 -72.27,48.70,4000 -72.42,48.77,4000 -72.55,48.84,4000 -72.66,48.92,4000 -72.73,49.03,4000 -72.70,49.20,4000 -72.62,49.36,4000 -72.43,49.52,4000 -72.24,49.62,4000 -72.01,49.73,4000 -71.82,49.83,4000 -71.69,49.95,4000 -71.58,50.05,4000 -71.36,50.13,4000 -71.09,50.19,4000 -70.76,50.23,4000 -70.47,50.28,4000 -70.39,50.40,4000 -70.36,50.54,4000 -70.28,50.66,4000 -70.18,50.75,4000 -69.87,50.83,4000 -69.68,50.83,4000 -69.48,50.81,4000 -68.50,50.91,4000 
          </coordinates>
        </LinearRing>
      </outerBoundaryIs>
      <innerBoundaryIs>
        <LinearRing>
          <coordinates>
-70.32,49.17,4000 -70.30,49.17,4000 -70.28,49.17,4000 -70.26,49.16,4000 -70.24,49.16,4000 -70.22,49.16,4000 -70.20,49.16,4000 -70.18,49.15,4000 -70.16,49.15,4000 -70.15,49.15,4000 -70.13,49.14,4000 -70.11,49.14,4000 -70.10,49.13,4000 -70.08,49.13,4000 -70.06,49.12,4000 -70.04,49.12,4000 -70.03,49.11,4000 -70.01,49.10,4000 -70.00,49.09,4000 -69.98,49.08,4000 -69.97,49.07,4000 -69.95,49.07,4000 -69.94,49.06,4000 -69.93,49.05,4000 -69.92,49.04,4000 -69.91,49.03,4000 -69.90,49.02,4000 -69.89,49.01,4000 -69.89,48.99,4000 -69.88,48.98,4000 -69.88,48.97,4000 -69.87,48.96,4000 -69.87,48.95,4000 -69.86,48.94,4000 -69.86,48.93,4000 -69.85,48.91,4000 -69.85,48.90,4000 -69.84,48.89,4000 -69.84,48.88,4000 -69.84,48.87,4000 -69.84,48.86,4000 -69.84,48.85,4000 -69.85,48.84,4000 -69.87,48.84,4000 -69.90,48.84,4000 -69.91,48.84,4000 -69.93,48.84,4000 -69.95,48.84,4000 -69.96,48.84,4000 -69.98,48.84,4000 -70.00,48.84,4000 -70.03,48.85,4000 -70.05,48.85,4000 -70.07,48.85,4000 -70.09,48.85,4000 -70.11,48.85,4000 -70.13,48.86,4000 -70.15,48.86,4000 -70.17,48.86,4000 -70.19,48.87,4000 -70.21,48.87,4000 -70.23,48.88,4000 -70.25,48.89,4000 -70.27,48.89,4000 -70.29,48.90,4000 -70.31,48.91,4000 -70.33,48.91,4000 -70.34,48.92,4000 -70.36,48.92,4000 -70.37,48.93,4000 -70.38,48.93,4000 -70.39,48.94,4000 -70.39,48.95,4000 -70.40,48.95,4000 -70.40,48.96,4000 -70.41,48.97,4000 -70.42,48.98,4000 -70.42,48.99,4000 -70.43,49.00,4000 -70.44,49.02,4000 -70.45,49.03,4000 -70.46,49.04,4000 -70.46,49.05,4000 -70.47,49.07,4000 -70.48,49.08,4000 -70.49,49.10,4000 -70.50,49.11,4000 -70.32,49.17,4000 
          </coordinates>
        </LinearRing>
      </innerBoundaryIs>
      <innerBoundaryIs>
        <LinearRing>
          <coordinates>
-68.25,50.87,5000 -68.04,50.85,5000 -67.84,50.82,5000 -67.67,50.79,5000 -67.50,50.74,5000 -67.29,50.65,5000 -67.13,50.59,5000 -66.92,50.51,5000 -66.70,50.43,5000 -66.50,50.35,5000 -66.34,50.29,5000 -66.15,50.19,5000 -66.06,50.11,5000 -65.95,49.99,5000 -65.84,49.86,5000 -65.70,49.74,5000 -65.53,49.63,5000 -65.40,49.57,5000 -65.25,49.51,5000 -65.06,49.44,5000 -64.87,49.36,5000 -64.66,49.28,5000 -64.45,49.19,5000 -64.29,49.12,5000 -64.16,49.06,5000 -64.12,49.01,5000 -64.07,48.93,5000 -64.06,48.82,5000 -64.06,48.69,5000 -64.06,48.55,5000 -64.13,48.42,5000 -64.30,48.35,5000 -64.52,48.29,5000 -64.70,48.23,5000 -64.80,48.13,5000 -64.86,48.03,5000 -64.93,47.93,5000 -65.07,47.81,5000 -65.25,47.72,5000 -65.41,47.70,5000 -65.60,47.69,5000 -65.77,47.68,5000 -66.00,47.62,5000 -66.18,47.56,5000 -66.33,47.48,5000 -66.40,47.39,5000 -66.47,47.28,5000 -66.52,47.18,5000 -66.58,47.06,5000 -66.65,46.96,5000 -66.80,46.85,5000 -66.95,46.77,5000 -67.07,46.73,5000 -67.17,46.73,5000 -67.26,46.76,5000 -67.37,46.82,5000 -67.47,46.89,5000 -67.60,46.97,5000 -67.72,47.04,5000 -67.88,47.11,5000 -68.09,47.20,5000 -68.23,47.26,5000 -68.39,47.33,5000 -68.57,47.40,5000 -68.73,47.47,5000 -68.86,47.54,5000 -69.00,47.63,5000 -69.08,47.72,5000 -69.13,47.81,5000 -69.16,47.96,5000 -69.13,48.10,5000 -69.03,48.22,5000 -68.93,48.32,5000 -68.91,48.42,5000 -68.94,48.51,5000 -69.12,48.60,5000 -69.31,48.68,5000 -69.49,48.78,5000 -69.58,48.89,5000 -69.66,49.01,5000 -69.79,49.13,5000 -69.96,49.24,5000 -70.12,49.31,5000 -70.31,49.37,5000 -70.48,49.43,5000 -70.70,49.51,5000 -70.90,49.57,5000 -71.06,49.63,5000 -71.20,49.67,5000 -71.35,49.67,5000 -71.47,49.67,5000 -71.56,49.78,5000 -71.52,49.88,5000 -71.46,49.97,5000 -71.37,50.05,5000 -71.27,50.07,5000 -71.12,50.09,5000 -70.91,50.13,5000 -70.69,50.18,5000 -70.53,50.21,5000 -70.41,50.25,5000 -70.36,50.33,5000 -70.33,50.43,5000 -70.29,50.53,5000 -70.25,50.62,5000 -70.11,50.72,5000 -69.91,50.77,5000 -69.82,50.77,5000 -69.62,50.77,5000 -69.46,50.78,5000 -69.26,50.80,5000 -69.03,50.81,5000 -68.78,50.83,5000 -68.52,50.85,5000 -68.25,50.87,5000 
          </coordinates>
        </LinearRing>
      </innerBoundaryIs>
      <innerBoundaryIs>
        <LinearRing>
          <coordinates>
-71.73,49.66,5000 -71.64,49.57,5000 -71.55,49.47,5000 -71.45,49.39,5000 -71.33,49.32,5000 -71.20,49.25,5000 -71.07,49.18,5000 -70.97,49.12,5000 -70.86,49.06,5000 -70.75,49.01,5000 -70.64,48.95,5000 -70.53,48.90,5000 -70.42,48.84,5000 -70.31,48.79,5000 -70.19,48.74,5000 -70.05,48.68,5000 -69.89,48.62,5000 -69.76,48.56,5000 -69.67,48.51,5000 -69.68,48.42,5000 -69.78,48.34,5000 -69.91,48.28,5000 -70.06,48.21,5000 -70.15,48.15,5000 -70.25,48.08,5000 -70.38,48.01,5000 -70.51,47.96,5000 -70.67,47.92,5000 -70.82,47.87,5000 -70.94,47.81,5000 -71.04,47.72,5000 -71.11,47.61,5000 -71.14,47.50,5000 -71.13,47.41,5000 -71.10,47.32,5000 -71.07,47.23,5000 -71.06,47.14,5000 -71.10,47.03,5000 -71.17,46.93,5000 -71.28,46.83,5000 -71.39,46.76,5000 -71.51,46.68,5000 -71.65,46.61,5000 -71.78,46.56,5000 -71.95,46.52,5000 -72.11,46.49,5000 -72.28,46.48,5000 -72.46,46.47,5000 -72.64,46.47,5000 -72.79,46.49,5000 -72.90,46.53,5000 -72.97,46.59,5000 -73.01,46.69,5000 -73.01,46.77,5000 -72.98,46.87,5000 -72.95,46.98,5000 -72.92,47.09,5000 -72.90,47.19,5000 -72.90,47.29,5000 -72.91,47.40,5000 -72.93,47.51,5000 -72.93,47.61,5000 -72.93,47.69,5000 -72.87,47.81,5000 -72.76,47.88,5000 -72.63,47.90,5000 -72.45,47.90,5000 -72.28,47.90,5000 -72.08,47.90,5000 -71.92,47.93,5000 -71.81,47.99,5000 -71.74,48.07,5000 -71.70,48.16,5000 -71.70,48.25,5000 -71.73,48.34,5000 -71.78,48.42,5000 -71.83,48.49,5000 -71.90,48.56,5000 -72.00,48.63,5000 -72.10,48.69,5000 -72.23,48.76,5000 -72.35,48.83,5000 -72.45,48.89,5000 -72.55,48.99,5000 -72.59,49.09,5000 -72.58,49.17,5000 -72.55,49.25,5000 -72.50,49.33,5000 -72.41,49.42,5000 -72.30,49.49,5000 -72.16,49.55,5000 -72.01,49.59,5000 -71.73,49.66,5000 
          </coordinates>
        </LinearRing>
      </innerBoundaryIs>
  </Polygon>
 </MultiGeometry>
</Placemark>
<Placemark>
  <name>30%</name>
  <visibility>1</visibility>
  <styleUrl>#poly_30</styleUrl>
  <MultiGeometry>
    <Polygon>
      <outerBoundaryIs>
        <LinearRing>
          <coordinates>
-127.35,50.31,4000 -126.79,50.46,4000 -126.29,50.52,4000 -125.53,50.40,4000 -125.34,50.62,4000 -124.89,50.74,4000 -123.93,50.85,4000 -123.29,50.61,4000 -122.66,50.48,4000 -122.13,50.48,4000 -121.75,50.41,4000 -121.48,50.42,4000 -121.26,50.51,4000 -121.02,50.60,4000 -120.68,50.61,4000 -120.33,50.68,4000 -120.08,50.90,4000 -119.64,50.98,4000 -118.95,51.34,4000 -118.77,51.47,4000 -118.48,51.54,4000 -118.01,51.59,4000 -117.57,51.62,4000 -117.06,51.58,4000 -116.65,51.71,4000 -116.23,51.77,4000 -115.29,51.86,4000 -114.14,51.96,4000 -113.09,52.05,4000 -112.06,52.14,4000 -111.07,52.21,4000 -110.07,52.28,4000 -109.35,52.33,4000 -108.60,52.38,4000 -107.88,52.42,4000 -106.81,52.48,4000 -105.94,52.52,4000 -105.30,52.54,4000 -104.76,52.52,4000 -104.18,52.50,4000 -103.91,52.47,4000 -103.10,52.21,4000 -102.38,52.16,4000 -101.89,52.06,4000 -101.57,51.90,4000 -101.20,51.82,4000 -100.60,51.78,4000 -99.88,51.70,4000 -99.17,51.61,4000 -98.56,51.58,4000 -98.04,51.61,4000 -97.63,51.48,4000 -97.69,51.18,4000 -97.66,50.53,4000 -97.54,50.06,4000 -97.30,49.51,4000 -97.04,49.05,4000 -96.97,48.87,4000 -96.76,48.56,4000 -96.61,48.32,4000 -96.86,48.14,4000 -97.26,47.78,4000 -97.47,47.61,4000 -97.66,47.53,4000 -98.00,47.54,4000 -98.25,47.65,4000 -98.82,47.99,4000 -99.20,48.09,4000 -99.59,47.99,4000 -100.10,47.93,4000 -100.60,47.87,4000 -100.86,47.76,4000 -101.32,47.68,4000 -101.85,47.74,4000 -102.24,47.90,4000 -103.04,48.03,4000 -103.52,48.23,4000 -104.35,48.40,4000 -104.79,48.49,4000 -105.23,48.46,4000 -105.77,48.42,4000 -106.16,48.51,4000 -106.36,48.64,4000 -106.60,48.91,4000 -106.99,49.19,4000 -107.23,49.35,4000 -107.58,49.47,4000 -108.07,49.47,4000 -108.68,49.27,4000 -109.19,48.93,4000 -109.37,48.72,4000 -109.38,48.49,4000 -109.40,48.24,4000 -109.54,48.09,4000 -109.88,47.89,4000 -110.08,47.66,4000 -110.18,47.44,4000 -110.25,47.14,4000 -110.17,46.86,4000 -110.29,46.30,4000 -110.18,46.11,4000 -110.36,45.94,4000 -110.63,45.75,4000 -110.51,45.60,4000 -110.35,45.57,4000 -109.97,45.48,4000 -109.48,45.20,4000 -109.40,45.06,4000 -109.41,44.88,4000 -109.51,44.68,4000 -109.58,44.39,4000 -109.41,44.13,4000 -109.32,43.90,4000 -109.37,43.76,4000 -109.46,43.59,4000 -109.37,43.42,4000 -109.14,43.21,4000 -108.89,42.93,4000 -108.72,42.55,4000 -108.89,42.23,4000 -109.26,42.24,4000 -109.97,42.45,4000 -110.12,42.40,4000 -110.18,42.24,4000 -110.28,41.98,4000 -110.46,41.54,4000 -110.41,41.33,4000 -110.15,41.13,4000 -109.71,40.93,4000 -109.16,40.77,4000 -109.08,40.64,4000 -109.21,40.58,4000 -109.67,40.51,4000 -110.04,40.41,4000 -110.26,40.30,4000 -110.46,40.12,4000 -110.42,39.91,4000 -110.04,39.56,4000 -109.41,39.40,4000 -109.69,39.20,4000 -110.17,39.51,4000 -110.62,39.65,4000 -110.89,39.55,4000 -111.05,39.33,4000 -111.27,38.97,4000 -111.40,38.48,4000 -111.28,38.26,4000 -111.18,38.08,4000 -111.21,37.93,4000 -111.58,37.56,4000 -112.06,37.16,4000 -112.21,36.67,4000 -112.33,36.26,4000 -112.51,36.48,4000 -112.41,36.76,4000 -112.49,36.94,4000 -112.71,36.96,4000 -113.43,37.23,4000 -114.06,37.31,4000 -114.27,37.35,4000 -114.49,37.42,4000 -114.61,37.57,4000 -114.67,37.82,4000 -114.78,37.98,4000 -114.96,38.15,4000 -115.21,38.23,4000 -115.42,38.12,4000 -115.66,38.01,4000 -115.97,38.11,4000 -116.13,38.00,4000 -116.21,37.78,4000 -116.33,37.68,4000 -116.62,37.63,4000 -116.93,37.55,4000 -117.12,37.32,4000 -117.33,37.11,4000 -117.48,36.99,4000 -117.52,36.82,4000 -117.46,36.47,4000 -117.29,36.22,4000 -117.28,36.08,4000 -117.57,35.88,4000 -117.79,35.77,4000 -117.93,35.56,4000 -118.22,35.18,4000 -118.42,35.12,4000 -118.60,35.31,4000 -118.76,35.71,4000 -118.83,36.03,4000 -119.07,36.52,4000 -119.23,36.76,4000 -119.46,36.98,4000 -119.85,37.28,4000 -120.21,37.69,4000 -120.56,38.12,4000 -120.82,38.64,4000 -121.00,38.96,4000 -121.20,39.27,4000 -121.57,39.69,4000 -121.78,39.91,4000 -121.89,40.18,4000 -121.97,40.40,4000 -122.17,40.61,4000 -122.37,40.63,4000 -122.53,40.53,4000 -122.65,40.31,4000 -122.57,39.88,4000 -122.51,39.45,4000 -122.73,39.20,4000 -122.97,39.18,4000 -123.30,39.32,4000 -123.53,39.49,4000 -123.64,39.61,4000 -123.81,39.94,4000 -123.95,40.34,4000 -124.02,40.69,4000 -124.07,41.17,4000 -124.14,41.59,4000 -124.24,42.11,4000 -124.30,42.50,4000 -124.22,42.74,4000 -124.05,42.94,4000 -123.86,43.50,4000 -123.50,43.83,4000 -123.24,43.96,4000 -123.01,44.16,4000 -122.88,44.43,4000 -122.81,44.72,4000 -122.52,45.18,4000 -122.38,45.44,4000 -122.46,45.65,4000 -122.98,46.10,4000 -123.04,46.29,4000 -123.23,46.35,4000 -123.17,46.43,4000 -122.87,46.33,4000 -122.71,46.57,4000 -122.36,46.91,4000 -122.01,47.26,4000 -121.89,47.51,4000 -121.87,47.85,4000 -122.22,48.43,4000 -122.41,49.06,4000 -123.01,49.20,4000 -123.84,49.42,4000 -124.31,49.71,4000 -124.67,49.78,4000 -124.85,50.05,4000 -124.98,50.19,4000 -125.26,50.25,4000 -125.22,50.01,4000 -124.95,49.89,4000 -124.48,49.44,4000 -124.16,49.32,4000 -123.97,49.23,4000 -123.83,49.09,4000 -123.68,48.70,4000 -123.72,48.52,4000 -123.87,48.39,4000 -124.14,48.38,4000 -124.35,48.45,4000 -124.65,48.59,4000 -125.16,48.93,4000 -125.75,49.17,4000 -126.23,49.43,4000 -126.59,49.74,4000 -126.95,49.94,4000 -127.33,50.13,4000 -127.35,50.31,4000 
          </coordinates>
        </LinearRing>
      </outerBoundaryIs>
      <innerBoundaryIs>
        <LinearRing>
          <coordinates>
-118.77,39.82,4000 -118.74,39.83,4000 -118.72,39.83,4000 -118.69,39.84,4000 -118.67,39.84,4000 -118.65,39.84,4000 -118.63,39.84,4000 -118.61,39.84,4000 -118.60,39.83,4000 -118.59,39.82,4000 -118.58,39.81,4000 -118.58,39.79,4000 -118.58,39.78,4000 -118.57,39.76,4000 -118.57,39.74,4000 -118.57,39.72,4000 -118.57,39.70,4000 -118.57,39.69,4000 -118.57,39.67,4000 -118.57,39.65,4000 -118.57,39.63,4000 -118.57,39.62,4000 -118.58,39.60,4000 -118.58,39.58,4000 -118.59,39.57,4000 -118.59,39.55,4000 -118.60,39.53,4000 -118.60,39.52,4000 -118.61,39.50,4000 -118.61,39.49,4000 -118.62,39.47,4000 -118.62,39.46,4000 -118.63,39.44,4000 -118.63,39.42,4000 -118.64,39.40,4000 -118.64,39.39,4000 -118.65,39.38,4000 -118.67,39.38,4000 -118.68,39.38,4000 -118.70,39.38,4000 -118.72,39.38,4000 -118.74,39.38,4000 -118.76,39.39,4000 -118.79,39.40,4000 -118.81,39.40,4000 -118.83,39.41,4000 -118.85,39.42,4000 -118.86,39.43,4000 -118.87,39.44,4000 -118.88,39.45,4000 -118.89,39.47,4000 -118.90,39.48,4000 -118.91,39.50,4000 -118.92,39.51,4000 -118.93,39.53,4000 -118.93,39.55,4000 -118.93,39.57,4000 -118.93,39.58,4000 -118.93,39.60,4000 -118.93,39.61,4000 -118.92,39.63,4000 -118.92,39.64,4000 -118.91,39.65,4000 -118.90,39.67,4000 -118.89,39.68,4000 -118.88,39.70,4000 -118.87,39.71,4000 -118.86,39.73,4000 -118.84,39.74,4000 -118.83,39.76,4000 -118.82,39.77,4000 -118.80,39.79,4000 -118.79,39.80,4000 -118.77,39.82,4000 
          </coordinates>
        </LinearRing>
      </innerBoundaryIs>
      <innerBoundaryIs>
        <LinearRing>
          <coordinates>
-111.70,46.22,4000 -111.66,46.23,4000 -111.63,46.24,4000 -111.60,46.25,4000 -111.56,46.26,4000 -111.53,46.26,4000 -111.51,46.27,4000 -111.48,46.27,4000 -111.46,46.27,4000 -111.43,46.27,4000 -111.42,46.25,4000 -111.42,46.23,4000 -111.40,46.21,4000 -111.39,46.19,4000 -111.37,46.18,4000 -111.35,46.16,4000 -111.33,46.14,4000 -111.31,46.11,4000 -111.29,46.09,4000 -111.28,46.07,4000 -111.26,46.05,4000 -111.24,46.03,4000 -111.23,46.01,4000 -111.22,45.99,4000 -111.20,45.97,4000 -111.19,45.95,4000 -111.18,45.93,4000 -111.17,45.91,4000 -111.16,45.89,4000 -111.15,45.87,4000 -111.15,45.85,4000 -111.14,45.82,4000 -111.14,45.80,4000 -111.14,45.78,4000 -111.14,45.76,4000 -111.15,45.74,4000 -111.16,45.72,4000 -111.18,45.70,4000 -111.20,45.69,4000 -111.23,45.67,4000 -111.25,45.66,4000 -111.29,45.65,4000 -111.32,45.64,4000 -111.35,45.63,4000 -111.38,45.63,4000 -111.41,45.63,4000 -111.45,45.63,4000 -111.48,45.63,4000 -111.52,45.63,4000 -111.55,45.63,4000 -111.58,45.64,4000 -111.60,45.64,4000 -111.64,45.65,4000 -111.65,45.65,4000 -111.68,45.67,4000 -111.70,45.68,4000 -111.72,45.70,4000 -111.75,45.71,4000 -111.78,45.73,4000 -111.80,45.74,4000 -111.83,45.76,4000 -111.86,45.77,4000 -111.89,45.78,4000 -111.92,45.78,4000 -111.96,45.78,4000 -111.99,45.79,4000 -112.03,45.79,4000 -112.05,45.80,4000 -112.07,45.81,4000 -112.08,45.83,4000 -112.08,45.85,4000 -112.08,45.87,4000 -112.08,45.89,4000 -112.08,45.92,4000 -112.07,45.94,4000 -112.06,45.96,4000 -112.05,45.98,4000 -112.04,46.00,4000 -112.02,46.01,4000 -111.99,46.02,4000 -111.97,46.03,4000 -111.95,46.05,4000 -111.92,46.06,4000 -111.90,46.07,4000 -111.87,46.09,4000 -111.85,46.11,4000 -111.83,46.13,4000 -111.80,46.14,4000 -111.78,46.16,4000 -111.75,46.18,4000 -111.70,46.22,4000 
          </coordinates>
        </LinearRing>
      </innerBoundaryIs>
      <innerBoundaryIs>
        <LinearRing>
          <coordinates>
-117.46,44.43,4000 -117.26,44.42,4000 -117.07,44.40,4000 -116.90,44.38,4000 -116.74,44.36,4000 -116.62,44.32,4000 -116.49,44.24,4000 -116.43,44.14,4000 -116.38,44.03,4000 -116.32,43.92,4000 -116.27,43.80,4000 -116.18,43.67,4000 -116.09,43.58,4000 -115.97,43.48,4000 -115.84,43.38,4000 -115.72,43.29,4000 -115.60,43.22,4000 -115.43,43.16,4000 -115.27,43.13,4000 -115.12,43.12,4000 -114.98,43.11,4000 -114.76,43.11,4000 -114.63,43.11,4000 -114.46,43.11,4000 -114.27,43.10,4000 -114.07,43.10,4000 -113.88,43.10,4000 -113.71,43.10,4000 -113.58,43.10,4000 -113.35,43.13,4000 -113.25,43.17,4000 -113.15,43.21,4000 -113.07,43.27,4000 -112.97,43.37,4000 -112.87,43.49,4000 -112.79,43.59,4000 -112.71,43.69,4000 -112.64,43.78,4000 -112.58,43.85,4000 -112.52,43.90,4000 -112.43,43.95,4000 -112.30,43.98,4000 -112.13,43.98,4000 -111.94,43.96,4000 -111.79,43.92,4000 -111.73,43.83,4000 -111.72,43.72,4000 -111.73,43.61,4000 -111.80,43.49,4000 -111.90,43.39,4000 -112.00,43.28,4000 -112.13,43.17,4000 -112.24,43.07,4000 -112.36,42.96,4000 -112.48,42.87,4000 -112.63,42.79,4000 -112.77,42.73,4000 -112.87,42.66,4000 -112.96,42.59,4000 -113.05,42.51,4000 -113.13,42.41,4000 -113.21,42.31,4000 -113.27,42.23,4000 -113.40,42.19,4000 -113.46,42.23,4000 -113.57,42.28,4000 -113.72,42.30,4000 -113.91,42.31,4000 -114.12,42.31,4000 -114.29,42.29,4000 -114.47,42.27,4000 -114.65,42.24,4000 -114.80,42.22,4000 -115.01,42.22,4000 -115.18,42.24,4000 -115.35,42.24,4000 -115.50,42.25,4000 -115.55,42.23,4000 -115.70,42.32,4000 -115.79,42.39,4000 -115.91,42.48,4000 -116.05,42.60,4000 -116.21,42.72,4000 -116.37,42.84,4000 -116.52,42.96,4000 -116.67,43.07,4000 -116.80,43.17,4000 -116.90,43.23,4000 -117.14,43.30,4000 -117.25,43.22,4000 -117.34,43.13,4000 -117.41,43.00,4000 -117.44,42.88,4000 -117.47,42.74,4000 -117.53,42.63,4000 -117.66,42.56,4000 -117.82,42.52,4000 -117.97,42.49,4000 -118.12,42.47,4000 -118.23,42.48,4000 -118.29,42.60,4000 -118.26,42.68,4000 -118.20,42.78,4000 -118.15,42.89,4000 -118.12,42.99,4000 -118.09,43.10,4000 -118.09,43.21,4000 -118.13,43.33,4000 -118.20,43.46,4000 -118.21,43.60,4000 -118.17,43.70,4000 -118.09,43.82,4000 -118.01,43.94,4000 -117.92,44.05,4000 -117.85,44.14,4000 -117.72,44.28,4000 -117.62,44.36,4000 -117.46,44.43,4000 
          </coordinates>
        </LinearRing>
      </innerBoundaryIs>
      <innerBoundaryIs>
        <LinearRing>
          <coordinates>
-119.73,48.42,4000 -119.60,48.51,4000 -119.50,48.55,4000 -119.42,48.41,4000 -119.30,48.32,4000 -119.10,48.20,4000 -118.94,48.13,4000 -118.74,48.04,4000 -118.55,47.96,4000 -118.39,47.89,4000 -118.23,47.80,4000 -118.11,47.75,4000 -117.90,47.75,4000 -117.71,47.78,4000 -117.52,47.82,4000 -117.39,47.76,4000 -117.29,47.67,4000 -117.27,47.51,4000 -117.25,47.40,4000 -117.23,47.27,4000 -117.20,47.14,4000 -117.16,46.97,4000 -117.08,46.82,4000 -116.92,46.71,4000 -116.76,46.63,4000 -116.61,46.55,4000 -116.62,46.47,4000 -116.68,46.38,4000 -116.80,46.30,4000 -116.96,46.25,4000 -117.16,46.28,4000 -117.35,46.33,4000 -117.49,46.36,4000 -117.61,46.37,4000 -117.75,46.36,4000 -117.89,46.32,4000 -118.00,46.28,4000 -118.13,46.18,4000 -118.23,46.08,4000 -118.34,45.94,4000 -118.46,45.80,4000 -118.56,45.69,4000 -118.72,45.57,4000 -118.89,45.49,4000 -119.04,45.45,4000 -119.21,45.41,4000 -119.40,45.36,4000 -119.57,45.31,4000 -119.77,45.24,4000 -119.96,45.17,4000 -120.10,45.11,4000 -120.22,44.99,4000 -120.27,44.89,4000 -120.37,44.82,4000 -120.48,44.78,4000 -120.60,44.77,4000 -120.72,44.74,4000 -120.85,44.66,4000 -120.93,44.54,4000 -120.90,44.38,4000 -120.85,44.23,4000 -120.89,44.12,4000 -120.96,44.05,4000 -121.14,44.08,4000 -121.24,44.13,4000 -121.33,44.23,4000 -121.38,44.34,4000 -121.42,44.48,4000 -121.44,44.60,4000 -121.45,44.69,4000 -121.43,44.82,4000 -121.42,44.94,4000 -121.40,45.09,4000 -121.37,45.26,4000 -121.32,45.46,4000 -121.28,45.59,4000 -121.23,45.73,4000 -121.18,45.89,4000 -121.13,46.05,4000 -121.07,46.21,4000 -121.01,46.38,4000 -120.95,46.54,4000 -120.90,46.69,4000 -120.85,46.84,4000 -120.80,47.00,4000 -120.75,47.15,4000 -120.70,47.31,4000 -120.65,47.45,4000 -120.59,47.58,4000 -120.54,47.69,4000 -120.43,47.86,4000 -120.32,47.98,4000 -120.20,48.06,4000 -120.09,48.13,4000 -119.73,48.42,4000 
          </coordinates>
        </LinearRing>
      </innerBoundaryIs>
      <innerBoundaryIs>
        <LinearRing>
          <coordinates>
-112.57,45.57,4000 -112.54,45.56,4000 -112.51,45.55,4000 -112.48,45.54,4000 -112.46,45.53,4000 -112.43,45.51,4000 -112.41,45.50,4000 -112.39,45.49,4000 -112.37,45.48,4000 -112.35,45.47,4000 -112.34,45.45,4000 -112.33,45.44,4000 -112.32,45.42,4000 -112.32,45.40,4000 -112.33,45.38,4000 -112.34,45.36,4000 -112.35,45.34,4000 -112.36,45.32,4000 -112.38,45.30,4000 -112.39,45.29,4000 -112.40,45.27,4000 -112.41,45.25,4000 -112.43,45.23,4000 -112.44,45.22,4000 -112.45,45.20,4000 -112.47,45.19,4000 -112.49,45.17,4000 -112.51,45.16,4000 -112.53,45.14,4000 -112.55,45.13,4000 -112.57,45.12,4000 -112.59,45.10,4000 -112.62,45.09,4000 -112.63,45.08,4000 -112.65,45.07,4000 -112.67,45.05,4000 -112.68,45.05,4000 -112.71,45.04,4000 -112.73,45.04,4000 -112.75,45.03,4000 -112.78,45.03,4000 -112.81,45.02,4000 -112.85,45.02,4000 -112.88,45.02,4000 -112.90,45.01,4000 -112.93,45.01,4000 -112.95,45.01,4000 -112.99,45.01,4000 -113.01,45.02,4000 -113.02,45.04,4000 -113.02,45.05,4000 -113.01,45.07,4000 -113.00,45.09,4000 -112.98,45.11,4000 -112.97,45.13,4000 -112.96,45.15,4000 -112.96,45.16,4000 -112.95,45.18,4000 -112.95,45.20,4000 -112.93,45.22,4000 -112.92,45.23,4000 -112.90,45.25,4000 -112.89,45.27,4000 -112.87,45.29,4000 -112.85,45.30,4000 -112.83,45.32,4000 -112.81,45.34,4000 -112.80,45.36,4000 -112.78,45.37,4000 -112.77,45.38,4000 -112.74,45.41,4000 -112.74,45.41,4000 -112.57,45.57,4000 
          </coordinates>
        </LinearRing>
      </innerBoundaryIs>
      <innerBoundaryIs>
        <LinearRing>
          <coordinates>
-113.12,42.03,4000 -112.94,42.01,4000 -112.79,41.99,4000 -112.71,41.96,4000 -112.63,41.90,4000 -112.54,41.83,4000 -112.42,41.74,4000 -112.32,41.62,4000 -112.25,41.51,4000 -112.18,41.37,4000 -112.12,41.23,4000 -112.08,41.12,4000 -112.03,40.97,4000 -112.03,40.85,4000 -112.07,40.73,4000 -112.17,40.62,4000 -112.31,40.57,4000 -112.48,40.53,4000 -112.60,40.45,4000 -112.64,40.35,4000 -112.66,40.22,4000 -112.65,40.10,4000 -112.61,40.00,4000 -112.48,39.93,4000 -112.29,39.90,4000 -112.14,39.87,4000 -112.06,39.82,4000 -112.02,39.75,4000 -111.97,39.65,4000 -111.93,39.53,4000 -111.88,39.40,4000 -111.85,39.27,4000 -111.83,39.14,4000 -111.88,39.01,4000 -112.00,38.93,4000 -112.17,38.86,4000 -112.33,38.79,4000 -112.46,38.72,4000 -112.59,38.64,4000 -112.70,38.56,4000 -112.79,38.46,4000 -112.86,38.35,4000 -112.93,38.26,4000 -113.09,38.19,4000 -113.23,38.24,4000 -113.29,38.28,4000 -113.39,38.34,4000 -113.49,38.40,4000 -113.62,38.47,4000 -113.75,38.54,4000 -113.85,38.62,4000 -113.93,38.72,4000 -113.97,38.82,4000 -114.01,38.95,4000 -114.04,39.07,4000 -114.06,39.20,4000 -114.08,39.34,4000 -114.11,39.48,4000 -114.14,39.61,4000 -114.17,39.75,4000 -114.21,39.87,4000 -114.26,39.99,4000 -114.35,40.12,4000 -114.44,40.23,4000 -114.52,40.33,4000 -114.56,40.47,4000 -114.57,40.58,4000 -114.53,40.72,4000 -114.48,40.82,4000 -114.41,40.93,4000 -114.35,41.06,4000 -114.32,41.20,4000 -114.29,41.35,4000 -114.20,41.47,4000 -114.06,41.54,4000 -113.87,41.59,4000 -113.68,41.63,4000 -113.53,41.67,4000 -113.36,41.76,4000 -113.27,41.84,4000 -113.12,42.03,4000 
          </coordinates>
        </LinearRing>
      </innerBoundaryIs>
      <innerBoundaryIs>
        <LinearRing>
          <coordinates>
-112.43,36.65,5000 -112.41,36.66,5000 -112.39,36.68,5000 -112.37,36.69,5000 -112.35,36.70,5000 -112.33,36.71,5000 -112.31,36.72,5000 -112.29,36.73,5000 -112.27,36.74,5000 -112.25,36.75,5000 -112.24,36.75,5000 -112.22,36.75,5000 -112.20,36.75,5000 -112.18,36.74,5000 -112.17,36.73,5000 -112.16,36.71,5000 -112.14,36.69,5000 -112.13,36.68,5000 -112.12,36.66,5000 -112.11,36.64,5000 -112.10,36.63,5000 -112.09,36.61,5000 -112.08,36.59,5000 -112.07,36.58,5000 -112.06,36.56,5000 -112.06,36.54,5000 -112.05,36.52,5000 -112.05,36.51,5000 -112.04,36.49,5000 -112.04,36.47,5000 -112.04,36.45,5000 -112.04,36.43,5000 -112.05,36.42,5000 -112.05,36.40,5000 -112.06,36.38,5000 -112.07,36.36,5000 -112.07,36.34,5000 -112.08,36.32,5000 -112.09,36.31,5000 -112.09,36.29,5000 -112.10,36.28,5000 -112.12,36.26,5000 -112.13,36.25,5000 -112.15,36.25,5000 -112.16,36.25,5000 -112.17,36.25,5000 -112.20,36.27,5000 -112.21,36.28,5000 -112.23,36.29,5000 -112.25,36.30,5000 -112.26,36.31,5000 -112.28,36.32,5000 -112.31,36.33,5000 -112.33,36.34,5000 -112.34,36.35,5000 -112.36,36.36,5000 -112.38,36.37,5000 -112.39,36.38,5000 -112.41,36.39,5000 -112.43,36.40,5000 -112.43,36.41,5000 -112.44,36.43,5000 -112.44,36.44,5000 -112.44,36.46,5000 -112.45,36.47,5000 -112.45,36.49,5000 -112.45,36.51,5000 -112.45,36.53,5000 -112.45,36.55,5000 -112.45,36.57,5000 -112.45,36.59,5000 -112.45,36.61,5000 -112.43,36.65,5000 
          </coordinates>
        </LinearRing>
      </innerBoundaryIs>
      <innerBoundaryIs>
        <LinearRing>
          <coordinates>
-127.32,50.25,5000 -127.25,50.30,5000 -127.18,50.34,5000 -127.11,50.37,5000 -127.04,50.39,5000 -126.97,50.40,5000 -126.87,50.41,5000 -126.78,50.43,5000 -126.68,50.45,5000 -126.57,50.47,5000 -126.46,50.48,5000 -126.36,50.49,5000 -126.24,50.49,5000 -126.12,50.48,5000 -126.01,50.46,5000 -125.90,50.44,5000 -125.80,50.42,5000 -125.71,50.41,5000 -125.62,50.38,5000 -125.53,50.33,5000 -125.47,50.28,5000 -125.42,50.22,5000 -125.36,50.14,5000 -125.30,50.07,5000 -125.24,50.00,5000 -125.19,49.93,5000 -125.14,49.88,5000 -125.05,49.82,5000 -124.97,49.79,5000 -124.90,49.75,5000 -124.85,49.70,5000 -124.81,49.64,5000 -124.77,49.58,5000 -124.71,49.53,5000 -124.64,49.48,5000 -124.56,49.43,5000 -124.47,49.39,5000 -124.39,49.35,5000 -124.29,49.31,5000 -124.18,49.28,5000 -124.09,49.24,5000 -124.03,49.20,5000 -123.97,49.16,5000 -123.92,49.11,5000 -123.87,49.05,5000 -123.83,48.99,5000 -123.80,48.93,5000 -123.77,48.86,5000 -123.75,48.79,5000 -123.74,48.73,5000 -123.74,48.66,5000 -123.76,48.58,5000 -123.79,48.52,5000 -123.83,48.47,5000 -123.90,48.43,5000 -123.99,48.41,5000 -124.07,48.41,5000 -124.15,48.42,5000 -124.26,48.48,5000 -124.33,48.51,5000 -124.43,48.56,5000 -124.53,48.60,5000 -124.63,48.65,5000 -124.72,48.70,5000 -124.80,48.74,5000 -124.88,48.79,5000 -124.93,48.84,5000 -124.97,48.89,5000 -125.02,48.93,5000 -125.10,48.97,5000 -125.19,49.00,5000 -125.32,49.05,5000 -125.39,49.08,5000 -125.48,49.12,5000 -125.57,49.16,5000 -125.67,49.20,5000 -125.77,49.25,5000 -125.85,49.28,5000 -125.93,49.32,5000 -126.04,49.37,5000 -126.12,49.42,5000 -126.19,49.46,5000 -126.26,49.50,5000 -126.33,49.56,5000 -126.39,49.62,5000 -126.45,49.68,5000 -126.51,49.74,5000 -126.57,49.80,5000 -126.65,49.85,5000 -126.72,49.88,5000 -126.80,49.91,5000 -126.88,49.94,5000 -126.96,49.98,5000 -127.04,50.02,5000 -127.12,50.07,5000 -127.21,50.12,5000 -127.29,50.17,5000 -127.32,50.25,5000 
          </coordinates>
        </LinearRing>
      </innerBoundaryIs>
      <innerBoundaryIs>
        <LinearRing>
          <coordinates>
-125.33,50.55,5000 -125.08,50.67,5000 -124.83,50.71,5000 -124.39,50.77,5000 -123.95,50.81,5000 -123.67,50.73,5000 -123.47,50.62,5000 -123.05,50.51,5000 -122.82,50.46,5000 -122.40,50.43,5000 -121.85,50.31,5000 -121.62,50.18,5000 -121.37,50.11,5000 -121.11,50.02,5000 -120.91,49.85,5000 -120.68,49.64,5000 -120.65,49.49,5000 -120.51,49.37,5000 -120.39,49.88,5000 -120.25,50.46,5000 -119.93,50.90,5000 -119.40,50.89,5000 -119.00,51.20,5000 -118.84,51.37,5000 -118.57,51.48,5000 -117.85,51.57,5000 -117.39,51.56,5000 -117.20,51.52,5000 -116.88,51.57,5000 -116.49,51.70,5000 -115.65,51.79,5000 -114.83,51.87,5000 -113.88,51.95,5000 -112.93,52.03,5000 -111.98,52.11,5000 -111.11,52.18,5000 -110.24,52.24,5000 -109.30,52.30,5000 -108.30,52.36,5000 -107.53,52.41,5000 -106.72,52.45,5000 -106.07,52.48,5000 -105.19,52.50,5000 -104.40,52.46,5000 -104.17,52.45,5000 -103.68,52.32,5000 -103.26,52.17,5000 -102.43,52.03,5000 -101.34,51.85,5000 -100.48,51.71,5000 -99.67,51.61,5000 -98.91,51.48,5000 -98.37,51.33,5000 -98.10,50.95,5000 -97.98,50.62,5000 -97.86,50.28,5000 -97.64,49.84,5000 -97.43,49.44,5000 -97.24,49.03,5000 -97.09,48.44,5000 -97.18,48.21,5000 -97.33,48.06,5000 -97.51,47.89,5000 -97.88,47.73,5000 -98.26,47.86,5000 -98.48,48.04,5000 -98.90,48.35,5000 -99.17,48.40,5000 -99.39,48.35,5000 -99.74,48.23,5000 -100.15,48.19,5000 -100.75,48.14,5000 -101.36,47.87,5000 -101.73,47.89,5000 -101.95,47.97,5000 -102.52,48.10,5000 -103.02,48.20,5000 -103.28,48.30,5000 -103.85,48.51,5000 -104.38,48.64,5000 -105.03,48.68,5000 -105.44,48.66,5000 -105.93,48.68,5000 -106.14,48.75,5000 -106.31,48.88,5000 -106.55,49.08,5000 -106.95,49.54,5000 -107.29,49.72,5000 -107.75,49.75,5000 -108.13,49.65,5000 -108.83,49.39,5000 -109.72,49.04,5000 -110.39,48.73,5000 -110.65,48.29,5000 -110.60,47.97,5000 -110.47,47.84,5000 -110.40,47.57,5000 -110.37,47.11,5000 -110.44,46.59,5000 -110.54,45.97,5000 -110.57,45.52,5000 -110.10,45.49,5000 -109.91,45.41,5000 -109.60,45.23,5000 -109.46,45.04,5000 -109.62,44.61,5000 -109.65,44.36,5000 -109.49,44.13,5000 -109.40,43.95,5000 -109.44,43.77,5000 -109.56,43.61,5000 -109.49,43.46,5000 -109.10,43.10,5000 -108.79,42.64,5000 -108.85,42.37,5000 -109.13,42.28,5000 -109.72,42.48,5000 -110.02,42.57,5000 -110.19,42.45,5000 -110.33,42.06,5000 -110.55,41.60,5000 -110.56,41.43,5000 -110.46,41.26,5000 -110.22,41.10,5000 -109.70,40.87,5000 -109.50,40.81,5000 -109.45,40.64,5000 -109.83,40.51,5000 -110.20,40.40,5000 -110.40,40.28,5000 -110.53,40.16,5000 -110.50,39.84,5000 -110.90,39.63,5000 -111.21,39.18,5000 -111.41,38.81,5000 -111.34,38.36,5000 -111.30,37.92,5000 -111.67,37.56,5000 -112.07,37.23,5000 -112.25,37.09,5000 -112.59,37.01,5000 -112.97,37.06,5000 -113.17,37.17,5000 -113.39,37.25,5000 -113.75,37.32,5000 -114.37,37.42,5000 -114.54,37.63,5000 -114.67,37.99,5000 -115.07,38.29,5000 -115.33,38.28,5000 -115.60,38.17,5000 -115.93,38.38,5000 -116.17,38.17,5000 -116.27,37.93,5000 -116.46,37.76,5000 -116.56,37.76,5000 -116.88,37.78,5000 -117.04,37.68,5000 -117.26,37.31,5000 -117.50,37.15,5000 -117.60,36.92,5000 -117.60,36.63,5000 -117.48,36.34,5000 -117.39,36.16,5000 -117.42,36.01,5000 -117.62,35.91,5000 -117.87,35.77,5000 -117.97,35.58,5000 -118.10,35.40,5000 -118.34,35.23,5000 -118.52,35.31,5000 -118.68,35.58,5000 -118.76,35.89,5000 -118.85,36.22,5000 -119.12,36.69,5000 -119.47,37.04,5000 -119.81,37.31,5000 -120.15,37.69,5000 -120.48,38.10,5000 -120.65,38.36,5000 -120.76,38.64,5000 -121.05,39.12,5000 -121.38,39.56,5000 -121.57,39.75,5000 -121.81,40.08,5000 -122.01,40.59,5000 -122.32,40.71,5000 -122.63,40.50,5000 -122.70,40.31,5000 -122.60,39.78,5000 -122.58,39.43,5000 -122.86,39.22,5000 -123.19,39.31,5000 -123.39,39.44,5000 -123.68,39.77,5000 -123.77,40.13,5000 -123.93,40.51,5000 -124.01,41.00,5000 -124.02,41.36,5000 -124.10,41.69,5000 -124.18,42.04,5000 -124.24,42.38,5000 -124.19,42.61,5000 -124.06,42.83,5000 -123.74,43.26,5000 -123.48,43.28,5000 -123.45,43.52,5000 -123.35,43.71,5000 -123.17,43.86,5000 -122.97,44.05,5000 -122.84,44.34,5000 -122.73,44.74,5000 -122.51,45.10,5000 -122.34,45.30,5000 -122.31,45.49,5000 -122.46,45.74,5000 -122.61,45.88,5000 -122.78,46.10,5000 -122.71,46.34,5000 -122.46,46.74,5000 -122.06,47.08,5000 -121.81,47.51,5000 -121.79,47.85,5000 -122.03,48.25,5000 -122.19,48.51,5000 -122.23,48.83,5000 -122.23,49.05,5000 -122.44,49.13,5000 -122.81,49.19,5000 -123.62,49.40,5000 -123.97,49.60,5000 -124.56,49.86,5000 -124.72,49.96,5000 -124.83,50.13,5000 -125.08,50.31,5000 -125.33,50.55,5000 
          </coordinates>
        </LinearRing>
      </innerBoundaryIs>
      <innerBoundaryIs>
        <LinearRing>
          <coordinates>
-117.71,44.46,5000 -117.43,44.52,5000 -117.19,44.46,5000 -116.87,44.43,5000 -116.62,44.38,5000 -116.47,44.28,5000 -116.39,44.17,5000 -116.30,44.03,5000 -116.21,43.85,5000 -116.10,43.67,5000 -115.95,43.54,5000 -115.80,43.43,5000 -115.66,43.32,5000 -115.52,43.24,5000 -115.25,43.17,5000 -114.96,43.17,5000 -114.59,43.18,5000 -114.28,43.18,5000 -114.03,43.16,5000 -113.85,43.15,5000 -113.60,43.16,5000 -113.37,43.20,5000 -113.21,43.28,5000 -113.09,43.38,5000 -112.97,43.51,5000 -112.86,43.65,5000 -112.78,43.76,5000 -112.68,43.86,5000 -112.51,43.98,5000 -112.29,44.06,5000 -112.01,44.04,5000 -111.76,43.99,5000 -111.64,43.88,5000 -111.63,43.71,5000 -111.68,43.58,5000 -111.75,43.45,5000 -111.84,43.35,5000 -111.98,43.23,5000 -112.14,43.09,5000 -112.33,42.92,5000 -112.50,42.79,5000 -112.68,42.69,5000 -112.83,42.62,5000 -113.03,42.43,5000 -113.02,42.23,5000 -112.88,42.14,5000 -112.75,42.07,5000 -112.61,41.99,5000 -112.49,41.89,5000 -112.38,41.77,5000 -112.27,41.63,5000 -112.17,41.48,5000 -112.09,41.32,5000 -112.02,41.16,5000 -111.97,41.00,5000 -111.95,40.84,5000 -112.01,40.70,5000 -112.08,40.59,5000 -112.14,40.48,5000 -112.37,40.40,5000 -112.29,40.32,5000 -112.05,40.30,5000 -111.91,40.17,5000 -111.92,39.99,5000 -111.93,39.78,5000 -111.86,39.58,5000 -111.79,39.39,5000 -111.76,39.25,5000 -111.75,39.14,5000 -111.82,38.94,5000 -112.03,38.78,5000 -112.25,38.72,5000 -112.48,38.65,5000 -112.62,38.55,5000 -112.73,38.44,5000 -112.80,38.30,5000 -112.88,38.17,5000 -113.02,38.09,5000 -113.20,38.09,5000 -113.36,38.18,5000 -113.55,38.32,5000 -113.71,38.45,5000 -113.87,38.55,5000 -113.98,38.66,5000 -114.07,38.87,5000 -114.13,39.10,5000 -114.16,39.30,5000 -114.18,39.48,5000 -114.24,39.66,5000 -114.31,39.82,5000 -114.36,39.94,5000 -114.42,40.06,5000 -114.54,40.23,5000 -114.66,40.39,5000 -114.69,40.61,5000 -114.59,40.81,5000 -114.47,41.02,5000 -114.46,41.22,5000 -114.44,41.42,5000 -114.37,41.54,5000 -114.24,41.61,5000 -114.00,41.63,5000 -113.75,41.65,5000 -113.50,41.77,5000 -113.36,41.91,5000 -113.46,42.06,5000 -113.62,42.19,5000 -113.81,42.22,5000 -114.00,42.21,5000 -114.29,42.22,5000 -114.53,42.16,5000 -114.74,42.15,5000 -115.02,42.15,5000 -115.30,42.15,5000 -115.52,42.16,5000 -115.73,42.23,5000 -115.84,42.32,5000 -115.94,42.39,5000 -116.06,42.50,5000 -116.22,42.65,5000 -116.42,42.83,5000 -116.59,42.98,5000 -116.76,43.09,5000 -116.89,43.15,5000 -117.14,43.15,5000 -117.25,43.03,5000 -117.27,42.88,5000 -117.32,42.72,5000 -117.43,42.59,5000 -117.60,42.48,5000 -117.92,42.39,5000 -118.23,42.36,5000 -118.41,42.56,5000 -118.33,42.74,5000 -118.24,42.96,5000 -118.27,43.15,5000 -118.37,43.30,5000 -118.60,43.30,5000 -118.83,43.21,5000 -119.11,43.23,5000 -119.27,43.32,5000 -119.13,43.47,5000 -118.97,43.51,5000 -118.70,43.45,5000 -118.46,43.43,5000 -118.39,43.58,5000 -117.71,44.46,5000 
          </coordinates>
        </LinearRing>
      </innerBoundaryIs>
      <innerBoundaryIs>
        <LinearRing>
          <coordinates>
-111.49,46.44,5000 -111.44,46.39,5000 -111.38,46.35,5000 -111.33,46.30,5000 -111.28,46.26,5000 -111.23,46.22,5000 -111.17,46.18,5000 -111.12,46.15,5000 -111.06,46.12,5000 -111.02,46.07,5000 -110.99,46.02,5000 -110.96,45.97,5000 -110.93,45.91,5000 -110.91,45.85,5000 -110.91,45.79,5000 -110.92,45.74,5000 -110.96,45.70,5000 -111.03,45.66,5000 -111.11,45.63,5000 -111.19,45.60,5000 -111.27,45.58,5000 -111.34,45.56,5000 -111.43,45.54,5000 -111.51,45.54,5000 -111.58,45.55,5000 -111.64,45.57,5000 -111.71,45.60,5000 -111.77,45.63,5000 -111.84,45.66,5000 -111.91,45.68,5000 -111.98,45.70,5000 -112.05,45.71,5000 -112.10,45.71,5000 -112.17,45.68,5000 -112.20,45.63,5000 -112.21,45.58,5000 -112.21,45.52,5000 -112.21,45.46,5000 -112.22,45.42,5000 -112.23,45.37,5000 -112.25,45.33,5000 -112.28,45.28,5000 -112.31,45.24,5000 -112.33,45.20,5000 -112.37,45.15,5000 -112.41,45.11,5000 -112.47,45.07,5000 -112.52,45.04,5000 -112.59,45.01,5000 -112.66,44.98,5000 -112.73,44.96,5000 -112.81,44.93,5000 -112.87,44.92,5000 -112.93,44.91,5000 -113.02,44.92,5000 -113.10,44.94,5000 -113.16,44.98,5000 -113.19,45.02,5000 -113.19,45.06,5000 -113.15,45.10,5000 -113.11,45.15,5000 -113.06,45.20,5000 -113.02,45.24,5000 -112.98,45.28,5000 -112.94,45.32,5000 -112.89,45.36,5000 -112.85,45.40,5000 -112.81,45.44,5000 -112.78,45.48,5000 -112.74,45.51,5000 -112.70,45.55,5000 -112.66,45.59,5000 -112.61,45.63,5000 -112.54,45.67,5000 -112.48,45.70,5000 -112.42,45.74,5000 -112.37,45.78,5000 -112.33,45.83,5000 -112.31,45.87,5000 -112.28,45.92,5000 -112.24,45.97,5000 -112.19,46.01,5000 -112.13,46.05,5000 -112.06,46.08,5000 -112.00,46.12,5000 -111.94,46.16,5000 -111.89,46.20,5000 -111.84,46.24,5000 -111.80,46.27,5000 -111.76,46.31,5000 -111.72,46.35,5000 -111.49,46.44,5000 
          </coordinates>
        </LinearRing>
      </innerBoundaryIs>
      <innerBoundaryIs>
        <LinearRing>
          <coordinates>
-119.64,49.94,5000 -119.48,49.89,5000 -119.48,49.67,5000 -119.50,49.53,5000 -119.50,49.37,5000 -119.43,49.21,5000 -119.35,49.05,5000 -119.31,48.87,5000 -119.29,48.71,5000 -119.32,48.56,5000 -119.23,48.38,5000 -119.10,48.29,5000 -118.88,48.19,5000 -118.62,48.09,5000 -118.31,47.99,5000 -118.06,47.91,5000 -117.86,47.89,5000 -117.72,47.91,5000 -117.54,47.91,5000 -117.37,47.87,5000 -117.23,47.78,5000 -117.12,47.63,5000 -117.09,47.47,5000 -117.08,47.27,5000 -117.07,47.11,5000 -117.00,46.90,5000 -116.90,46.81,5000 -116.77,46.73,5000 -116.59,46.66,5000 -116.46,46.58,5000 -116.46,46.47,5000 -116.55,46.36,5000 -116.77,46.25,5000 -116.99,46.16,5000 -117.14,46.15,5000 -117.26,46.22,5000 -117.41,46.29,5000 -117.62,46.31,5000 -117.83,46.28,5000 -118.00,46.20,5000 -118.15,46.09,5000 -118.28,45.93,5000 -118.41,45.77,5000 -118.51,45.64,5000 -118.70,45.51,5000 -118.92,45.43,5000 -119.20,45.34,5000 -119.49,45.26,5000 -119.71,45.18,5000 -119.94,45.08,5000 -120.07,44.98,5000 -120.15,44.84,5000 -120.22,44.72,5000 -120.38,44.69,5000 -120.55,44.68,5000 -120.71,44.63,5000 -120.81,44.53,5000 -120.79,44.39,5000 -120.74,44.22,5000 -120.70,44.08,5000 -120.74,43.93,5000 -121.00,43.91,5000 -121.15,43.96,5000 -121.29,44.06,5000 -121.37,44.19,5000 -121.45,44.35,5000 -121.50,44.51,5000 -121.52,44.71,5000 -121.50,44.90,5000 -121.45,45.13,5000 -121.41,45.33,5000 -121.41,45.46,5000 -121.44,45.56,5000 -121.49,45.67,5000 -121.51,45.79,5000 -121.38,45.93,5000 -121.23,46.06,5000 -121.07,46.18,5000 -121.05,46.29,5000 -121.04,46.43,5000 -121.03,46.56,5000 -121.00,46.71,5000 -120.95,46.90,5000 -120.88,47.10,5000 -120.80,47.27,5000 -120.71,47.43,5000 -120.65,47.62,5000 -120.58,47.80,5000 -120.48,47.90,5000 -120.36,47.99,5000 -120.23,48.16,5000 -120.09,48.33,5000 -119.93,48.47,5000 -119.79,48.58,5000 -119.71,48.75,5000 -119.70,48.85,5000 -119.72,48.99,5000 -119.79,49.19,5000 -119.85,49.41,5000 -119.85,49.58,5000 -119.81,49.74,5000 -119.64,49.94,5000 
          </coordinates>
        </LinearRing>
      </innerBoundaryIs>
      <innerBoundaryIs>
        <LinearRing>
          <coordinates>
-118.58,40.01,5000 -118.55,39.99,5000 -118.52,39.97,5000 -118.50,39.95,5000 -118.47,39.93,5000 -118.45,39.91,5000 -118.43,39.89,5000 -118.41,39.87,5000 -118.40,39.85,5000 -118.39,39.83,5000 -118.39,39.80,5000 -118.40,39.77,5000 -118.41,39.75,5000 -118.41,39.72,5000 -118.42,39.69,5000 -118.43,39.67,5000 -118.44,39.64,5000 -118.44,39.61,5000 -118.45,39.58,5000 -118.46,39.55,5000 -118.46,39.53,5000 -118.47,39.51,5000 -118.47,39.50,5000 -118.48,39.48,5000 -118.49,39.46,5000 -118.50,39.43,5000 -118.51,39.40,5000 -118.53,39.37,5000 -118.54,39.34,5000 -118.56,39.31,5000 -118.57,39.29,5000 -118.59,39.25,5000 -118.61,39.23,5000 -118.64,39.22,5000 -118.67,39.22,5000 -118.70,39.23,5000 -118.74,39.24,5000 -118.77,39.25,5000 -118.80,39.26,5000 -118.83,39.26,5000 -118.85,39.27,5000 -118.88,39.28,5000 -118.90,39.29,5000 -118.92,39.31,5000 -118.94,39.34,5000 -118.97,39.36,5000 -118.98,39.38,5000 -119.00,39.41,5000 -119.01,39.43,5000 -119.02,39.46,5000 -119.02,39.49,5000 -119.03,39.51,5000 -119.03,39.54,5000 -119.03,39.57,5000 -119.03,39.59,5000 -119.03,39.62,5000 -119.02,39.65,5000 -119.01,39.68,5000 -119.00,39.71,5000 -118.99,39.73,5000 -118.98,39.75,5000 -118.95,39.78,5000 -118.93,39.80,5000 -118.92,39.82,5000 -118.90,39.84,5000 -118.87,39.87,5000 -118.85,39.89,5000 -118.83,39.91,5000 -118.80,39.93,5000 -118.77,39.95,5000 -118.75,39.96,5000 -118.72,39.97,5000 -118.69,39.98,5000 -118.65,39.99,5000 -118.62,40.00,5000 -118.59,40.01,5000 -118.58,40.01,5000 
          </coordinates>
        </LinearRing>
      </innerBoundaryIs>
      <innerBoundaryIs>
        <LinearRing>
          <coordinates>
-113.95,45.13,5000 -113.96,45.13,5000 -113.96,45.13,5000 -113.93,45.12,5000 -113.93,45.12,5000 -113.92,45.12,5000 -113.91,45.11,5000 -113.91,45.11,5000 -113.90,45.11,5000 -113.89,45.10,5000 -113.89,45.10,5000 -113.88,45.10,5000 -113.87,45.09,5000 -113.86,45.09,5000 -113.85,45.08,5000 -113.84,45.08,5000 -113.83,45.07,5000 -113.82,45.07,5000 -113.82,45.07,5000 -113.81,45.06,5000 -113.80,45.06,5000 -113.79,45.05,5000 -113.78,45.05,5000 -113.77,45.04,5000 -113.76,45.04,5000 -113.75,45.03,5000 -113.74,45.03,5000 -113.73,45.03,5000 -113.72,45.02,5000 -113.72,45.02,5000 -113.71,45.01,5000 -113.70,45.01,5000 -113.70,45.01,5000 -113.69,45.00,5000 -113.68,45.00,5000 -113.68,45.00,5000 -113.66,44.99,5000 -113.65,44.99,5000 -113.65,44.98,5000 -113.65,44.98,5000 -113.65,44.98,5000 -113.65,44.97,5000 -113.65,44.97,5000 -113.65,44.96,5000 -113.66,44.95,5000 -113.67,44.95,5000 -113.68,44.95,5000 -113.68,44.95,5000 -113.69,44.95,5000 -113.70,44.95,5000 -113.71,44.95,5000 -113.72,44.95,5000 -113.73,44.95,5000 -113.74,44.95,5000 -113.75,44.95,5000 -113.76,44.95,5000 -113.77,44.95,5000 -113.78,44.95,5000 -113.79,44.96,5000 -113.80,44.96,5000 -113.81,44.96,5000 -113.81,44.97,5000 -113.82,44.97,5000 -113.82,44.97,5000 -113.83,44.98,5000 -113.84,44.98,5000 -113.84,44.99,5000 -113.85,44.99,5000 -113.86,45.00,5000 -113.86,45.01,5000 -113.87,45.01,5000 -113.88,45.02,5000 -113.88,45.02,5000 -113.89,45.03,5000 -113.90,45.04,5000 -113.90,45.04,5000 -113.91,45.05,5000 -113.91,45.05,5000 -113.92,45.06,5000 -113.92,45.06,5000 -113.93,45.07,5000 -113.93,45.07,5000 -113.94,45.08,5000 -113.94,45.08,5000 -113.95,45.09,5000 -113.95,45.10,5000 -113.96,45.10,5000 -113.96,45.11,5000 -113.96,45.11,5000 -113.95,45.12,5000 -113.95,45.12,5000 -113.95,45.13,5000 
          </coordinates>
        </LinearRing>
      </innerBoundaryIs>
      <innerBoundaryIs>
        <LinearRing>
          <coordinates>
-109.84,48.43,5000 -109.83,48.43,5000 -109.81,48.42,5000 -109.80,48.42,5000 -109.78,48.41,5000 -109.77,48.41,5000 -109.76,48.40,5000 -109.75,48.40,5000 -109.74,48.39,5000 -109.73,48.38,5000 -109.72,48.37,5000 -109.72,48.36,5000 -109.71,48.35,5000 -109.71,48.34,5000 -109.70,48.33,5000 -109.70,48.32,5000 -109.70,48.31,5000 -109.69,48.30,5000 -109.69,48.29,5000 -109.69,48.28,5000 -109.69,48.27,5000 -109.69,48.26,5000 -109.69,48.25,5000 -109.69,48.24,5000 -109.69,48.23,5000 -109.69,48.22,5000 -109.69,48.21,5000 -109.69,48.20,5000 -109.70,48.19,5000 -109.71,48.18,5000 -109.72,48.17,5000 -109.73,48.16,5000 -109.74,48.16,5000 -109.76,48.16,5000 -109.77,48.15,5000 -109.79,48.15,5000 -109.80,48.15,5000 -109.82,48.15,5000 -109.83,48.15,5000 -109.85,48.15,5000 -109.87,48.15,5000 -109.89,48.15,5000 -109.90,48.15,5000 -109.92,48.15,5000 -109.94,48.15,5000 -109.96,48.16,5000 -109.97,48.16,5000 -109.98,48.17,5000 -109.99,48.17,5000 -110.00,48.18,5000 -110.00,48.19,5000 -110.01,48.19,5000 -110.01,48.20,5000 -110.01,48.21,5000 -110.01,48.22,5000 -110.01,48.23,5000 -110.01,48.24,5000 -110.00,48.25,5000 -110.00,48.26,5000 -110.00,48.27,5000 -109.99,48.28,5000 -109.99,48.29,5000 -109.98,48.30,5000 -109.97,48.31,5000 -109.97,48.32,5000 -109.96,48.34,5000 -109.96,48.35,5000 -109.95,48.36,5000 -109.84,48.43,5000 
          </coordinates>
        </LinearRing>
      </innerBoundaryIs>
  </Polygon>
 </MultiGeometry>
</Placemark>
<Placemark>
  <name>30%</name>
  <visibility>1</visibility>
  <styleUrl>#poly_30</styleUrl>
  <MultiGeometry>
    <Polygon>
      <outerBoundaryIs>
        <LinearRing>
          <coordinates>
-116.43,37.51,4000 -116.41,37.51,4000 -116.38,37.51,4000 -116.36,37.51,4000 -116.34,37.50,4000 -116.32,37.50,4000 -116.30,37.50,4000 -116.28,37.50,4000 -116.26,37.50,4000 -116.24,37.50,4000 -116.23,37.49,4000 -116.21,37.49,4000 -116.20,37.49,4000 -116.18,37.48,4000 -116.16,37.48,4000 -116.16,37.47,4000 -116.15,37.45,4000 -116.14,37.44,4000 -116.14,37.43,4000 -116.13,37.41,4000 -116.13,37.40,4000 -116.12,37.38,4000 -116.11,37.37,4000 -116.11,37.35,4000 -116.10,37.33,4000 -116.10,37.32,4000 -116.09,37.30,4000 -116.09,37.29,4000 -116.09,37.28,4000 -116.09,37.26,4000 -116.09,37.25,4000 -116.10,37.24,4000 -116.11,37.22,4000 -116.12,37.21,4000 -116.14,37.20,4000 -116.15,37.19,4000 -116.16,37.18,4000 -116.18,37.17,4000 -116.19,37.16,4000 -116.21,37.15,4000 -116.23,37.14,4000 -116.24,37.13,4000 -116.26,37.12,4000 -116.28,37.12,4000 -116.30,37.11,4000 -116.32,37.10,4000 -116.33,37.10,4000 -116.35,37.10,4000 -116.37,37.10,4000 -116.38,37.10,4000 -116.40,37.11,4000 -116.42,37.11,4000 -116.44,37.12,4000 -116.46,37.13,4000 -116.48,37.14,4000 -116.50,37.15,4000 -116.52,37.16,4000 -116.53,37.17,4000 -116.55,37.18,4000 -116.56,37.19,4000 -116.57,37.20,4000 -116.58,37.21,4000 -116.59,37.22,4000 -116.59,37.23,4000 -116.59,37.25,4000 -116.59,37.26,4000 -116.59,37.28,4000 -116.59,37.29,4000 -116.58,37.31,4000 -116.58,37.32,4000 -116.57,37.34,4000 -116.56,37.35,4000 -116.56,37.37,4000 -116.55,37.38,4000 -116.54,37.40,4000 -116.43,37.51,4000 
          </coordinates>
        </LinearRing>
      </outerBoundaryIs>
  </Polygon>
 </MultiGeometry>
</Placemark>
<Placemark>
  <name>30%</name>
  <visibility>1</visibility>
  <styleUrl>#poly_30</styleUrl>
  <MultiGeometry>
    <Polygon>
      <outerBoundaryIs>
        <LinearRing>
          <coordinates>
-109.64,34.23,4000 -109.62,34.22,4000 -109.59,34.21,4000 -109.57,34.21,4000 -109.55,34.20,4000 -109.53,34.19,4000 -109.51,34.19,4000 -109.49,34.18,4000 -109.47,34.17,4000 -109.45,34.17,4000 -109.43,34.16,4000 -109.41,34.15,4000 -109.40,34.14,4000 -109.38,34.13,4000 -109.36,34.12,4000 -109.34,34.10,4000 -109.32,34.09,4000 -109.30,34.07,4000 -109.28,34.05,4000 -109.26,34.04,4000 -109.25,34.02,4000 -109.24,34.00,4000 -109.23,33.98,4000 -109.22,33.96,4000 -109.21,33.94,4000 -109.20,33.92,4000 -109.20,33.90,4000 -109.20,33.88,4000 -109.20,33.86,4000 -109.20,33.84,4000 -109.21,33.82,4000 -109.21,33.80,4000 -109.22,33.79,4000 -109.24,33.77,4000 -109.25,33.75,4000 -109.27,33.73,4000 -109.28,33.71,4000 -109.30,33.70,4000 -109.32,33.68,4000 -109.33,33.67,4000 -109.35,33.66,4000 -109.37,33.65,4000 -109.39,33.65,4000 -109.41,33.64,4000 -109.44,33.64,4000 -109.46,33.64,4000 -109.49,33.64,4000 -109.51,33.65,4000 -109.54,33.65,4000 -109.56,33.66,4000 -109.58,33.67,4000 -109.60,33.68,4000 -109.63,33.69,4000 -109.65,33.70,4000 -109.68,33.72,4000 -109.70,33.73,4000 -109.72,33.74,4000 -109.74,33.76,4000 -109.76,33.77,4000 -109.78,33.78,4000 -109.79,33.79,4000 -109.80,33.80,4000 -109.80,33.82,4000 -109.81,33.83,4000 -109.82,33.85,4000 -109.84,33.86,4000 -109.85,33.88,4000 -109.87,33.90,4000 -109.88,33.92,4000 -109.89,33.94,4000 -109.90,33.96,4000 -109.90,33.98,4000 -109.90,34.00,4000 -109.89,34.02,4000 -109.89,34.05,4000 -109.88,34.07,4000 -109.87,34.09,4000 -109.86,34.11,4000 -109.86,34.13,4000 -109.85,34.14,4000 -109.83,34.15,4000 -109.64,34.23,4000 
          </coordinates>
        </LinearRing>
      </outerBoundaryIs>
      <innerBoundaryIs>
        <LinearRing>
          <coordinates>
-109.63,34.17,5000 -109.62,34.17,5000 -109.61,34.17,5000 -109.60,34.16,5000 -109.58,34.15,5000 -109.56,34.15,5000 -109.54,34.14,5000 -109.52,34.13,5000 -109.50,34.13,5000 -109.48,34.12,5000 -109.46,34.11,5000 -109.45,34.10,5000 -109.43,34.09,5000 -109.41,34.09,5000 -109.40,34.08,5000 -109.38,34.07,5000 -109.36,34.06,5000 -109.35,34.05,5000 -109.34,34.04,5000 -109.33,34.03,5000 -109.32,34.01,5000 -109.31,34.00,5000 -109.31,33.98,5000 -109.30,33.97,5000 -109.30,33.95,5000 -109.29,33.94,5000 -109.29,33.92,5000 -109.28,33.90,5000 -109.28,33.88,5000 -109.28,33.87,5000 -109.28,33.85,5000 -109.28,33.84,5000 -109.28,33.82,5000 -109.29,33.81,5000 -109.30,33.79,5000 -109.30,33.78,5000 -109.32,33.77,5000 -109.33,33.76,5000 -109.34,33.75,5000 -109.36,33.74,5000 -109.37,33.73,5000 -109.39,33.73,5000 -109.41,33.73,5000 -109.43,33.72,5000 -109.45,33.72,5000 -109.47,33.72,5000 -109.49,33.72,5000 -109.51,33.72,5000 -109.53,33.72,5000 -109.55,33.72,5000 -109.57,33.72,5000 -109.59,33.72,5000 -109.61,33.73,5000 -109.62,33.74,5000 -109.64,33.74,5000 -109.65,33.75,5000 -109.67,33.76,5000 -109.68,33.77,5000 -109.70,33.79,5000 -109.71,33.80,5000 -109.72,33.81,5000 -109.73,33.83,5000 -109.74,33.84,5000 -109.76,33.86,5000 -109.77,33.88,5000 -109.78,33.89,5000 -109.79,33.91,5000 -109.80,33.93,5000 -109.81,33.94,5000 -109.81,33.95,5000 -109.82,33.96,5000 -109.83,33.97,5000 -109.82,33.98,5000 -109.81,33.99,5000 -109.80,34.00,5000 -109.80,34.01,5000 -109.79,34.02,5000 -109.77,34.03,5000 -109.76,34.04,5000 -109.75,34.06,5000 -109.74,34.07,5000 -109.72,34.09,5000 -109.71,34.10,5000 -109.69,34.12,5000 -109.68,34.14,5000 -109.67,34.15,5000 -109.65,34.17,5000 -109.63,34.17,5000 
          </coordinates>
        </LinearRing>
      </innerBoundaryIs>
  </Polygon>
 </MultiGeometry>
</Placemark>
<Placemark>
  <name>30%</name>
  <visibility>1</visibility>
  <styleUrl>#poly_30</styleUrl>
  <MultiGeometry>
    <Polygon>
      <outerBoundaryIs>
        <LinearRing>
          <coordinates>
-62.70,46.65,4000 -62.64,46.63,4000 -62.58,46.61,4000 -62.53,46.58,4000 -62.49,46.54,4000 -62.48,46.51,4000 -62.46,46.47,4000 -62.46,46.43,4000 -62.45,46.38,4000 -62.45,46.33,4000 -62.46,46.29,4000 -62.47,46.24,4000 -62.48,46.20,4000 -62.51,46.16,4000 -62.53,46.12,4000 -62.56,46.08,4000 -62.59,46.03,4000 -62.62,46.00,4000 -62.65,45.96,4000 -62.67,45.93,4000 -62.71,45.89,4000 -62.75,45.86,4000 -62.79,45.83,4000 -62.83,45.78,4000 -62.85,45.75,4000 -62.87,45.70,4000 -62.88,45.66,4000 -62.90,45.61,4000 -62.92,45.56,4000 -62.93,45.52,4000 -62.95,45.48,4000 -62.97,45.45,4000 -63.01,45.41,4000 -63.05,45.38,4000 -63.10,45.37,4000 -63.15,45.36,4000 -63.20,45.35,4000 -63.26,45.35,4000 -63.32,45.36,4000 -63.40,45.37,4000 -63.45,45.38,4000 -63.51,45.39,4000 -63.57,45.40,4000 -63.64,45.41,4000 -63.70,45.42,4000 -63.76,45.44,4000 -63.82,45.46,4000 -63.86,45.48,4000 -63.90,45.51,4000 -63.93,45.55,4000 -63.95,45.59,4000 -63.97,45.63,4000 -63.98,45.67,4000 -64.00,45.71,4000 -64.02,45.75,4000 -64.05,45.79,4000 -64.08,45.83,4000 -64.11,45.87,4000 -64.13,45.91,4000 -64.16,45.94,4000 -64.19,45.98,4000 -64.22,46.02,4000 -64.26,46.06,4000 -64.31,46.10,4000 -64.34,46.14,4000 -64.35,46.17,4000 -64.34,46.20,4000 -64.31,46.22,4000 -64.26,46.23,4000 -64.19,46.24,4000 -64.12,46.26,4000 -64.05,46.27,4000 -63.97,46.28,4000 -63.91,46.29,4000 -63.86,46.30,4000 -63.80,46.33,4000 -63.76,46.37,4000 -63.73,46.41,4000 -63.68,46.44,4000 -63.63,46.46,4000 -63.58,46.48,4000 -63.52,46.51,4000 -63.46,46.53,4000 -63.40,46.54,4000 -63.34,46.56,4000 -63.28,46.57,4000 -63.22,46.59,4000 -63.16,46.60,4000 -63.10,46.60,4000 -63.03,46.61,4000 -62.97,46.62,4000 -62.70,46.65,4000 
          </coordinates>
        </LinearRing>
      </outerBoundaryIs>
      <innerBoundaryIs>
        <LinearRing>
          <coordinates>
-62.75,46.53,5000 -62.72,46.51,5000 -62.70,46.50,5000 -62.67,46.48,5000 -62.65,46.47,5000 -62.63,46.45,5000 -62.61,46.44,5000 -62.59,46.42,5000 -62.57,46.41,5000 -62.56,46.39,5000 -62.55,46.37,5000 -62.55,46.35,5000 -62.54,46.33,5000 -62.54,46.31,5000 -62.54,46.29,5000 -62.55,46.26,5000 -62.56,46.24,5000 -62.56,46.22,5000 -62.57,46.19,5000 -62.58,46.17,5000 -62.59,46.15,5000 -62.60,46.12,5000 -62.61,46.11,5000 -62.62,46.09,5000 -62.63,46.06,5000 -62.66,46.05,5000 -62.68,46.04,5000 -62.71,46.03,5000 -62.74,46.01,5000 -62.77,46.00,5000 -62.80,45.99,5000 -62.83,45.97,5000 -62.86,45.96,5000 -62.89,45.94,5000 -62.90,45.92,5000 -62.92,45.90,5000 -62.94,45.89,5000 -62.97,45.88,5000 -62.99,45.88,5000 -63.02,45.88,5000 -63.05,45.88,5000 -63.08,45.89,5000 -63.11,45.90,5000 -63.15,45.91,5000 -63.18,45.91,5000 -63.21,45.92,5000 -63.24,45.93,5000 -63.27,45.94,5000 -63.30,45.94,5000 -63.33,45.95,5000 -63.36,45.96,5000 -63.39,45.97,5000 -63.42,45.98,5000 -63.44,45.99,5000 -63.47,46.00,5000 -63.49,46.02,5000 -63.51,46.03,5000 -63.52,46.05,5000 -63.54,46.07,5000 -63.55,46.09,5000 -63.56,46.11,5000 -63.58,46.13,5000 -63.59,46.16,5000 -63.60,46.19,5000 -63.60,46.21,5000 -63.60,46.24,5000 -63.60,46.26,5000 -63.59,46.28,5000 -63.58,46.30,5000 -63.56,46.32,5000 -63.53,46.34,5000 -63.51,46.36,5000 -63.49,46.38,5000 -63.46,46.40,5000 -63.44,46.41,5000 -63.41,46.43,5000 -63.38,46.44,5000 -63.35,46.45,5000 -63.32,46.45,5000 -63.28,46.46,5000 -63.25,46.47,5000 -63.21,46.47,5000 -63.18,46.48,5000 -63.14,46.48,5000 -63.10,46.49,5000 -63.06,46.49,5000 -63.03,46.50,5000 -63.01,46.50,5000 -62.97,46.50,5000 -62.97,46.50,5000 -62.75,46.53,5000 
          </coordinates>
        </LinearRing>
      </innerBoundaryIs>
      <innerBoundaryIs>
        <LinearRing>
          <coordinates>
-63.50,45.80,5000 -63.48,45.80,5000 -63.47,45.80,5000 -63.45,45.80,5000 -63.43,45.80,5000 -63.42,45.80,5000 -63.40,45.80,5000 -63.39,45.79,5000 -63.37,45.79,5000 -63.35,45.79,5000 -63.34,45.79,5000 -63.33,45.79,5000 -63.31,45.78,5000 -63.30,45.78,5000 -63.28,45.78,5000 -63.27,45.77,5000 -63.26,45.77,5000 -63.25,45.76,5000 -63.23,45.76,5000 -63.22,45.75,5000 -63.20,45.74,5000 -63.19,45.73,5000 -63.17,45.72,5000 -63.16,45.72,5000 -63.15,45.71,5000 -63.14,45.70,5000 -63.13,45.69,5000 -63.13,45.68,5000 -63.13,45.67,5000 -63.13,45.66,5000 -63.13,45.65,5000 -63.14,45.65,5000 -63.15,45.64,5000 -63.16,45.63,5000 -63.17,45.62,5000 -63.18,45.62,5000 -63.20,45.61,5000 -63.21,45.60,5000 -63.23,45.60,5000 -63.25,45.59,5000 -63.26,45.58,5000 -63.28,45.58,5000 -63.29,45.57,5000 -63.31,45.56,5000 -63.32,45.56,5000 -63.33,45.55,5000 -63.34,45.55,5000 -63.36,45.54,5000 -63.38,45.54,5000 -63.39,45.53,5000 -63.40,45.53,5000 -63.41,45.53,5000 -63.43,45.53,5000 -63.44,45.53,5000 -63.46,45.53,5000 -63.47,45.53,5000 -63.49,45.53,5000 -63.50,45.53,5000 -63.52,45.53,5000 -63.54,45.53,5000 -63.55,45.54,5000 -63.57,45.54,5000 -63.58,45.54,5000 -63.59,45.54,5000 -63.61,45.54,5000 -63.62,45.54,5000 -63.63,45.55,5000 -63.63,45.55,5000 -63.64,45.57,5000 -63.64,45.58,5000 -63.64,45.58,5000 -63.65,45.59,5000 -63.65,45.60,5000 -63.65,45.61,5000 -63.65,45.62,5000 -63.65,45.63,5000 -63.65,45.64,5000 -63.65,45.65,5000 -63.65,45.66,5000 -63.66,45.68,5000 -63.66,45.69,5000 -63.66,45.70,5000 -63.66,45.71,5000 -63.66,45.73,5000 -63.66,45.74,5000 -63.50,45.80,5000 
          </coordinates>
        </LinearRing>
      </innerBoundaryIs>
  </Polygon>
 </MultiGeometry>
</Placemark>
<Placemark>
  <name>30%</name>
  <visibility>1</visibility>
  <styleUrl>#poly_30</styleUrl>
  <MultiGeometry>
    <Polygon>
      <outerBoundaryIs>
        <LinearRing>
          <coordinates>
-124.27,48.23,4000 -124.21,48.26,4000 -124.16,48.29,4000 -124.10,48.31,4000 -124.04,48.32,4000 -123.99,48.31,4000 -123.94,48.29,4000 -123.88,48.26,4000 -123.84,48.23,4000 -123.80,48.21,4000 -123.75,48.20,4000 -123.71,48.19,4000 -123.65,48.19,4000 -123.59,48.18,4000 -123.53,48.17,4000 -123.48,48.16,4000 -123.42,48.15,4000 -123.37,48.13,4000 -123.32,48.12,4000 -123.28,48.11,4000 -123.24,48.10,4000 -123.20,48.09,4000 -123.16,48.07,4000 -123.11,48.05,4000 -123.05,48.03,4000 -123.00,48.01,4000 -122.96,47.98,4000 -122.92,47.95,4000 -122.90,47.91,4000 -122.88,47.87,4000 -122.87,47.83,4000 -122.86,47.79,4000 -122.86,47.75,4000 -122.86,47.70,4000 -122.87,47.66,4000 -122.88,47.62,4000 -122.89,47.58,4000 -122.90,47.55,4000 -122.92,47.51,4000 -122.93,47.48,4000 -122.96,47.44,4000 -122.99,47.40,4000 -123.02,47.37,4000 -123.05,47.34,4000 -123.08,47.31,4000 -123.11,47.28,4000 -123.13,47.25,4000 -123.15,47.23,4000 -123.18,47.20,4000 -123.22,47.18,4000 -123.28,47.15,4000 -123.34,47.13,4000 -123.40,47.12,4000 -123.45,47.12,4000 -123.51,47.12,4000 -123.57,47.13,4000 -123.63,47.13,4000 -123.67,47.14,4000 -123.72,47.15,4000 -123.76,47.18,4000 -123.80,47.20,4000 -123.84,47.23,4000 -123.89,47.26,4000 -123.94,47.28,4000 -123.97,47.30,4000 -124.00,47.32,4000 -124.03,47.34,4000 -124.06,47.37,4000 -124.10,47.40,4000 -124.14,47.44,4000 -124.17,47.47,4000 -124.20,47.51,4000 -124.22,47.54,4000 -124.25,47.58,4000 -124.27,47.62,4000 -124.29,47.66,4000 -124.32,47.70,4000 -124.34,47.74,4000 -124.36,47.78,4000 -124.38,47.82,4000 -124.40,47.86,4000 -124.41,47.91,4000 -124.42,47.95,4000 -124.42,47.99,4000 -124.41,48.03,4000 -124.40,48.08,4000 -124.38,48.12,4000 -124.27,48.23,4000 
          </coordinates>
        </LinearRing>
      </outerBoundaryIs>
      <innerBoundaryIs>
        <LinearRing>
          <coordinates>
-124.24,48.15,5000 -124.18,48.16,5000 -124.12,48.17,5000 -124.07,48.18,5000 -124.03,48.19,5000 -124.00,48.19,5000 -123.99,48.18,5000 -123.96,48.18,5000 -123.91,48.17,5000 -123.85,48.17,5000 -123.80,48.17,5000 -123.74,48.16,5000 -123.69,48.15,5000 -123.64,48.14,5000 -123.59,48.14,5000 -123.54,48.13,5000 -123.49,48.12,5000 -123.46,48.11,5000 -123.42,48.10,5000 -123.39,48.09,5000 -123.35,48.08,5000 -123.29,48.07,5000 -123.23,48.05,5000 -123.18,48.04,5000 -123.14,48.03,5000 -123.10,48.01,5000 -123.07,47.99,5000 -123.04,47.97,5000 -123.01,47.95,5000 -122.99,47.92,5000 -122.96,47.89,5000 -122.94,47.85,5000 -122.93,47.82,5000 -122.92,47.79,5000 -122.92,47.75,5000 -122.92,47.72,5000 -122.92,47.68,5000 -122.93,47.65,5000 -122.94,47.61,5000 -122.96,47.57,5000 -122.98,47.54,5000 -123.00,47.50,5000 -123.01,47.48,5000 -123.02,47.46,5000 -123.04,47.44,5000 -123.07,47.41,5000 -123.11,47.37,5000 -123.14,47.33,5000 -123.18,47.30,5000 -123.20,47.28,5000 -123.24,47.26,5000 -123.27,47.24,5000 -123.32,47.22,5000 -123.37,47.19,5000 -123.42,47.18,5000 -123.47,47.18,5000 -123.53,47.18,5000 -123.59,47.19,5000 -123.63,47.20,5000 -123.66,47.20,5000 -123.69,47.21,5000 -123.72,47.22,5000 -123.76,47.24,5000 -123.80,47.27,5000 -123.85,47.29,5000 -123.89,47.31,5000 -123.92,47.33,5000 -123.96,47.35,5000 -123.98,47.37,5000 -124.00,47.39,5000 -124.03,47.42,5000 -124.07,47.44,5000 -124.10,47.48,5000 -124.12,47.51,5000 -124.14,47.54,5000 -124.17,47.57,5000 -124.19,47.60,5000 -124.21,47.63,5000 -124.23,47.66,5000 -124.25,47.69,5000 -124.26,47.72,5000 -124.28,47.76,5000 -124.29,47.79,5000 -124.30,47.82,5000 -124.32,47.86,5000 -124.33,47.89,5000 -124.34,47.93,5000 -124.34,47.96,5000 -124.33,47.99,5000 -124.32,48.02,5000 -124.31,48.05,5000 -124.29,48.08,5000 -124.27,48.11,5000 -124.25,48.14,5000 -124.24,48.15,5000 
          </coordinates>
        </LinearRing>
      </innerBoundaryIs>
  </Polygon>
 </MultiGeometry>
</Placemark>
<Placemark>
  <name>30%</name>
  <visibility>1</visibility>
  <styleUrl>#poly_30</styleUrl>
  <MultiGeometry>
    <Polygon>
      <outerBoundaryIs>
        <LinearRing>
          <coordinates>
-117.82,34.38,4000 -117.81,34.38,4000 -117.80,34.38,4000 -117.78,34.38,4000 -117.77,34.39,4000 -117.76,34.39,4000 -117.75,34.39,4000 -117.74,34.39,4000 -117.73,34.39,4000 -117.72,34.39,4000 -117.71,34.39,4000 -117.70,34.40,4000 -117.69,34.40,4000 -117.68,34.40,4000 -117.67,34.40,4000 -117.66,34.40,4000 -117.65,34.40,4000 -117.64,34.40,4000 -117.63,34.40,4000 -117.62,34.40,4000 -117.61,34.40,4000 -117.61,34.40,4000 -117.60,34.40,4000 -117.59,34.40,4000 -117.57,34.40,4000 -117.56,34.39,4000 -117.55,34.39,4000 -117.55,34.38,4000 -117.54,34.38,4000 -117.54,34.37,4000 -117.53,34.37,4000 -117.53,34.36,4000 -117.53,34.35,4000 -117.53,34.35,4000 -117.53,34.34,4000 -117.53,34.33,4000 -117.53,34.32,4000 -117.53,34.31,4000 -117.53,34.31,4000 -117.54,34.30,4000 -117.54,34.29,4000 -117.55,34.28,4000 -117.56,34.28,4000 -117.57,34.27,4000 -117.58,34.27,4000 -117.58,34.27,4000 -117.59,34.26,4000 -117.60,34.26,4000 -117.61,34.26,4000 -117.62,34.26,4000 -117.63,34.26,4000 -117.64,34.25,4000 -117.65,34.25,4000 -117.67,34.25,4000 -117.68,34.25,4000 -117.69,34.25,4000 -117.70,34.25,4000 -117.71,34.25,4000 -117.72,34.25,4000 -117.74,34.25,4000 -117.75,34.25,4000 -117.76,34.25,4000 -117.77,34.25,4000 -117.77,34.25,4000 -117.78,34.25,4000 -117.79,34.25,4000 -117.80,34.25,4000 -117.81,34.26,4000 -117.82,34.26,4000 -117.83,34.26,4000 -117.84,34.27,4000 -117.85,34.28,4000 -117.85,34.28,4000 -117.86,34.29,4000 -117.86,34.30,4000 -117.87,34.30,4000 -117.87,34.31,4000 -117.82,34.38,4000 
          </coordinates>
        </LinearRing>
      </outerBoundaryIs>
  </Polygon>
 </MultiGeometry>
</Placemark>
<Placemark>
  <name>30%</name>
  <visibility>1</visibility>
  <styleUrl>#poly_30</styleUrl>
  <MultiGeometry>
    <Polygon>
      <outerBoundaryIs>
        <LinearRing>
          <coordinates>
-112.04,35.59,4000 -111.98,35.60,4000 -111.93,35.60,4000 -111.87,35.60,4000 -111.81,35.59,4000 -111.77,35.58,4000 -111.72,35.56,4000 -111.67,35.54,4000 -111.63,35.51,4000 -111.58,35.48,4000 -111.54,35.44,4000 -111.51,35.41,4000 -111.48,35.36,4000 -111.45,35.32,4000 -111.42,35.27,4000 -111.39,35.22,4000 -111.37,35.18,4000 -111.34,35.14,4000 -111.32,35.10,4000 -111.29,35.06,4000 -111.27,35.02,4000 -111.25,34.99,4000 -111.23,34.97,4000 -111.20,34.93,4000 -111.17,34.89,4000 -111.15,34.86,4000 -111.12,34.82,4000 -111.09,34.77,4000 -111.06,34.73,4000 -111.02,34.69,4000 -110.98,34.65,4000 -110.94,34.61,4000 -110.90,34.57,4000 -110.86,34.53,4000 -110.82,34.49,4000 -110.78,34.45,4000 -110.76,34.43,4000 -110.76,34.42,4000 -110.79,34.40,4000 -110.82,34.37,4000 -110.87,34.34,4000 -110.91,34.31,4000 -110.96,34.29,4000 -111.02,34.29,4000 -111.07,34.29,4000 -111.13,34.31,4000 -111.19,34.33,4000 -111.23,34.35,4000 -111.27,34.37,4000 -111.31,34.39,4000 -111.35,34.42,4000 -111.39,34.45,4000 -111.43,34.48,4000 -111.46,34.51,4000 -111.49,34.55,4000 -111.52,34.59,4000 -111.55,34.64,4000 -111.58,34.67,4000 -111.61,34.71,4000 -111.64,34.75,4000 -111.67,34.78,4000 -111.70,34.81,4000 -111.74,34.84,4000 -111.78,34.87,4000 -111.82,34.89,4000 -111.86,34.91,4000 -111.91,34.93,4000 -111.96,34.96,4000 -112.01,34.98,4000 -112.06,35.00,4000 -112.10,35.02,4000 -112.15,35.05,4000 -112.20,35.08,4000 -112.24,35.11,4000 -112.27,35.14,4000 -112.29,35.18,4000 -112.30,35.22,4000 -112.30,35.26,4000 -112.29,35.30,4000 -112.27,35.35,4000 -112.26,35.39,4000 -112.24,35.44,4000 -112.04,35.59,4000 
          </coordinates>
        </LinearRing>
      </outerBoundaryIs>
      <innerBoundaryIs>
        <LinearRing>
          <coordinates>
-112.03,35.52,5000 -111.98,35.53,5000 -111.94,35.53,5000 -111.89,35.54,5000 -111.85,35.54,5000 -111.81,35.53,5000 -111.77,35.52,5000 -111.73,35.50,5000 -111.69,35.47,5000 -111.66,35.45,5000 -111.63,35.43,5000 -111.59,35.40,5000 -111.56,35.37,5000 -111.53,35.34,5000 -111.51,35.30,5000 -111.48,35.26,5000 -111.46,35.23,5000 -111.45,35.20,5000 -111.43,35.16,5000 -111.41,35.12,5000 -111.39,35.09,5000 -111.37,35.06,5000 -111.35,35.02,5000 -111.32,34.99,5000 -111.30,34.95,5000 -111.28,34.92,5000 -111.26,34.89,5000 -111.24,34.85,5000 -111.22,34.82,5000 -111.20,34.78,5000 -111.17,34.75,5000 -111.14,34.72,5000 -111.10,34.68,5000 -111.07,34.65,5000 -111.03,34.62,5000 -111.01,34.60,5000 -110.99,34.59,5000 -110.97,34.56,5000 -110.95,34.52,5000 -110.92,34.48,5000 -110.90,34.44,5000 -110.89,34.41,5000 -110.91,34.37,5000 -110.97,34.36,5000 -111.01,34.36,5000 -111.06,34.37,5000 -111.11,34.38,5000 -111.15,34.39,5000 -111.17,34.39,5000 -111.20,34.41,5000 -111.23,34.43,5000 -111.28,34.46,5000 -111.32,34.49,5000 -111.37,34.52,5000 -111.40,34.54,5000 -111.43,34.56,5000 -111.45,34.58,5000 -111.47,34.61,5000 -111.49,34.64,5000 -111.51,34.67,5000 -111.54,34.71,5000 -111.57,34.74,5000 -111.60,34.78,5000 -111.63,34.82,5000 -111.66,34.86,5000 -111.68,34.88,5000 -111.71,34.89,5000 -111.74,34.90,5000 -111.78,34.93,5000 -111.83,34.95,5000 -111.88,34.97,5000 -111.92,34.99,5000 -111.95,35.01,5000 -111.98,35.02,5000 -112.00,35.03,5000 -112.03,35.05,5000 -112.08,35.08,5000 -112.13,35.11,5000 -112.17,35.14,5000 -112.20,35.16,5000 -112.22,35.19,5000 -112.22,35.22,5000 -112.22,35.25,5000 -112.22,35.28,5000 -112.22,35.31,5000 -112.21,35.34,5000 -112.21,35.37,5000 -112.03,35.52,5000 
          </coordinates>
        </LinearRing>
      </innerBoundaryIs>
  </Polygon>
 </MultiGeometry>
</Placemark>
<Placemark>
  <name>30%</name>
  <visibility>1</visibility>
  <styleUrl>#poly_30</styleUrl>
  <MultiGeometry>
    <Polygon>
      <outerBoundaryIs>
        <LinearRing>
          <coordinates>
-95.51,49.26,4000 -95.28,49.22,4000 -95.04,49.18,4000 -94.81,49.15,4000 -94.59,49.11,4000 -94.38,49.07,4000 -94.17,49.04,4000 -93.98,49.00,4000 -93.80,48.96,4000 -93.64,48.93,4000 -93.49,48.90,4000 -93.20,48.83,4000 -93.01,48.76,4000 -92.87,48.71,4000 -92.75,48.66,4000 -92.59,48.59,4000 -92.51,48.54,4000 -92.46,48.45,4000 -92.47,48.34,4000 -92.50,48.22,4000 -92.57,48.11,4000 -92.62,48.01,4000 -92.61,47.93,4000 -92.55,47.87,4000 -92.40,47.86,4000 -92.21,47.88,4000 -92.07,47.93,4000 -91.93,47.99,4000 -91.77,48.05,4000 -91.63,48.07,4000 -91.48,48.08,4000 -91.25,48.16,4000 -91.14,48.22,4000 -91.00,48.30,4000 -90.84,48.40,4000 -90.68,48.50,4000 -90.51,48.60,4000 -90.34,48.70,4000 -90.19,48.80,4000 -90.06,48.87,4000 -89.95,48.93,4000 -89.73,48.99,4000 -89.63,48.96,4000 -89.48,48.96,4000 -89.33,48.94,4000 -89.20,48.90,4000 -89.05,48.85,4000 -88.95,48.80,4000 -88.91,48.71,4000 -88.93,48.63,4000 -88.97,48.57,4000 -89.04,48.51,4000 -89.13,48.40,4000 -89.24,48.27,4000 -89.31,48.16,4000 -89.38,48.05,4000 -89.45,47.94,4000 -89.52,47.85,4000 -89.60,47.76,4000 -89.68,47.68,4000 -89.77,47.59,4000 -89.88,47.51,4000 -89.98,47.43,4000 -90.11,47.37,4000 -90.29,47.28,4000 -90.40,47.21,4000 -90.53,47.12,4000 -90.67,47.02,4000 -90.81,46.93,4000 -90.92,46.86,4000 -91.05,46.78,4000 -91.14,46.72,4000 -91.26,46.67,4000 -91.43,46.63,4000 -91.63,46.60,4000 -91.80,46.57,4000 -91.99,46.53,4000 -92.16,46.51,4000 -92.33,46.49,4000 -92.49,46.49,4000 -92.60,46.49,4000 -92.74,46.54,4000 -92.87,46.61,4000 -93.03,46.71,4000 -93.20,46.81,4000 -93.36,46.89,4000 -93.54,46.94,4000 -93.70,46.97,4000 -93.88,46.98,4000 -94.09,46.99,4000 -94.30,46.98,4000 -94.49,46.98,4000 -94.69,46.98,4000 -94.85,46.98,4000 -94.99,47.00,4000 -95.11,47.04,4000 -95.23,47.13,4000 -95.32,47.23,4000 -95.36,47.33,4000 -95.37,47.44,4000 -95.35,47.54,4000 -95.32,47.64,4000 -95.26,47.76,4000 -95.24,47.89,4000 -95.29,47.98,4000 -95.37,48.06,4000 -95.47,48.13,4000 -95.62,48.17,4000 -95.78,48.19,4000 -95.88,48.23,4000 -95.82,48.35,4000 -95.70,48.48,4000 -95.67,48.60,4000 -95.68,48.70,4000 -95.71,48.76,4000 -95.75,48.84,4000 -95.76,48.93,4000 -95.77,49.03,4000 -95.78,49.14,4000 -95.51,49.26,4000 
          </coordinates>
        </LinearRing>
      </outerBoundaryIs>
      <innerBoundaryIs>
        <LinearRing>
          <coordinates>
-95.00,48.74,5000 -94.83,48.75,5000 -94.66,48.76,5000 -94.51,48.76,5000 -94.39,48.76,5000 -94.28,48.75,5000 -94.16,48.73,5000 -94.01,48.69,5000 -93.85,48.63,5000 -93.74,48.57,5000 -93.72,48.50,5000 -93.69,48.40,5000 -93.62,48.35,5000 -93.53,48.28,5000 -93.42,48.21,5000 -93.31,48.14,5000 -93.21,48.06,5000 -93.13,47.98,5000 -93.05,47.90,5000 -92.97,47.81,5000 -92.89,47.72,5000 -92.82,47.65,5000 -92.76,47.59,5000 -92.63,47.52,5000 -92.52,47.53,5000 -92.42,47.55,5000 -92.28,47.62,5000 -92.20,47.67,5000 -92.10,47.72,5000 -92.00,47.78,5000 -91.88,47.85,5000 -91.76,47.90,5000 -91.62,47.94,5000 -91.47,47.98,5000 -91.31,48.02,5000 -91.15,48.05,5000 -91.01,48.10,5000 -90.89,48.16,5000 -90.77,48.23,5000 -90.66,48.30,5000 -90.56,48.37,5000 -90.48,48.42,5000 -90.34,48.49,5000 -90.23,48.53,5000 -90.09,48.57,5000 -89.96,48.60,5000 -89.85,48.61,5000 -89.74,48.57,5000 -89.66,48.50,5000 -89.57,48.40,5000 -89.52,48.30,5000 -89.52,48.20,5000 -89.55,48.09,5000 -89.59,48.00,5000 -89.64,47.92,5000 -89.70,47.86,5000 -89.77,47.79,5000 -89.84,47.73,5000 -89.91,47.67,5000 -90.02,47.60,5000 -90.13,47.54,5000 -90.26,47.47,5000 -90.40,47.40,5000 -90.54,47.33,5000 -90.66,47.27,5000 -90.79,47.21,5000 -90.92,47.14,5000 -91.05,47.08,5000 -91.18,47.03,5000 -91.31,46.99,5000 -91.43,46.95,5000 -91.56,46.92,5000 -91.68,46.89,5000 -91.79,46.86,5000 -91.95,46.80,5000 -92.09,46.75,5000 -92.22,46.71,5000 -92.38,46.67,5000 -92.52,46.70,5000 -92.61,46.77,5000 -92.70,46.87,5000 -92.80,46.97,5000 -92.87,47.05,5000 -92.95,47.11,5000 -93.02,47.14,5000 -93.13,47.16,5000 -93.26,47.17,5000 -93.38,47.19,5000 -93.51,47.21,5000 -93.64,47.23,5000 -93.77,47.25,5000 -93.91,47.28,5000 -94.05,47.29,5000 -94.20,47.29,5000 -94.36,47.28,5000 -94.50,47.27,5000 -94.64,47.24,5000 -94.75,47.23,5000 -94.89,47.28,5000 -94.98,47.38,5000 -94.96,47.45,5000 -94.90,47.52,5000 -94.83,47.62,5000 -94.80,47.73,5000 -94.80,47.81,5000 -94.82,47.91,5000 -94.84,48.02,5000 -94.87,48.12,5000 -94.90,48.23,5000 -94.93,48.32,5000 -94.95,48.39,5000 -94.99,48.52,5000 -95.02,48.57,5000 -95.00,48.74,5000 
          </coordinates>
        </LinearRing>
      </innerBoundaryIs>
  </Polygon>
 </MultiGeometry>
</Placemark>
<Placemark>
  <name>30%</name>
  <visibility>1</visibility>
  <styleUrl>#poly_30</styleUrl>
  <MultiGeometry>
    <Polygon>
      <outerBoundaryIs>
        <LinearRing>
          <coordinates>
-117.13,34.25,4000 -117.12,34.26,4000 -117.10,34.28,4000 -117.09,34.29,4000 -117.07,34.30,4000 -117.06,34.31,4000 -117.05,34.32,4000 -117.03,34.33,4000 -117.02,34.35,4000 -117.00,34.36,4000 -116.99,34.36,4000 -116.97,34.37,4000 -116.96,34.38,4000 -116.94,34.39,4000 -116.93,34.39,4000 -116.91,34.39,4000 -116.89,34.40,4000 -116.87,34.40,4000 -116.85,34.40,4000 -116.83,34.40,4000 -116.81,34.39,4000 -116.79,34.39,4000 -116.78,34.39,4000 -116.76,34.38,4000 -116.74,34.38,4000 -116.72,34.37,4000 -116.71,34.37,4000 -116.69,34.36,4000 -116.67,34.36,4000 -116.66,34.35,4000 -116.64,34.34,4000 -116.63,34.34,4000 -116.62,34.33,4000 -116.61,34.31,4000 -116.60,34.30,4000 -116.59,34.29,4000 -116.59,34.27,4000 -116.58,34.26,4000 -116.58,34.24,4000 -116.57,34.23,4000 -116.57,34.21,4000 -116.56,34.19,4000 -116.56,34.18,4000 -116.56,34.16,4000 -116.56,34.14,4000 -116.56,34.13,4000 -116.56,34.11,4000 -116.57,34.10,4000 -116.57,34.09,4000 -116.58,34.07,4000 -116.58,34.06,4000 -116.59,34.04,4000 -116.60,34.03,4000 -116.61,34.02,4000 -116.63,34.01,4000 -116.64,34.00,4000 -116.65,33.99,4000 -116.67,33.99,4000 -116.68,33.98,4000 -116.70,33.97,4000 -116.72,33.97,4000 -116.74,33.97,4000 -116.76,33.96,4000 -116.78,33.96,4000 -116.80,33.96,4000 -116.81,33.96,4000 -116.83,33.96,4000 -116.85,33.96,4000 -116.87,33.96,4000 -116.89,33.97,4000 -116.90,33.97,4000 -116.92,33.98,4000 -116.94,33.99,4000 -116.96,34.00,4000 -116.98,34.01,4000 -116.99,34.02,4000 -117.01,34.03,4000 -117.02,34.04,4000 -117.04,34.05,4000 -117.05,34.06,4000 -117.06,34.07,4000 -117.07,34.09,4000 -117.08,34.10,4000 -117.09,34.12,4000 -117.09,34.13,4000 -117.10,34.14,4000 -117.10,34.16,4000 -117.10,34.17,4000 -117.11,34.18,4000 -117.12,34.20,4000 -117.13,34.21,4000 -117.14,34.22,4000 -117.15,34.23,4000 -117.13,34.25,4000 
          </coordinates>
        </LinearRing>
      </outerBoundaryIs>
      <innerBoundaryIs>
        <LinearRing>
          <coordinates>
-116.92,34.34,5000 -116.90,34.34,5000 -116.88,34.34,5000 -116.87,34.33,5000 -116.85,34.33,5000 -116.83,34.33,5000 -116.82,34.33,5000 -116.80,34.33,5000 -116.78,34.32,5000 -116.77,34.32,5000 -116.76,34.32,5000 -116.74,34.32,5000 -116.73,34.32,5000 -116.72,34.31,5000 -116.71,34.31,5000 -116.70,34.31,5000 -116.68,34.31,5000 -116.67,34.31,5000 -116.67,34.29,5000 -116.67,34.28,5000 -116.66,34.27,5000 -116.66,34.26,5000 -116.66,34.25,5000 -116.65,34.24,5000 -116.65,34.22,5000 -116.65,34.21,5000 -116.64,34.19,5000 -116.64,34.18,5000 -116.64,34.16,5000 -116.63,34.15,5000 -116.63,34.14,5000 -116.63,34.13,5000 -116.63,34.12,5000 -116.63,34.10,5000 -116.62,34.09,5000 -116.63,34.09,5000 -116.65,34.08,5000 -116.66,34.08,5000 -116.67,34.07,5000 -116.68,34.07,5000 -116.69,34.06,5000 -116.70,34.06,5000 -116.72,34.05,5000 -116.73,34.04,5000 -116.75,34.04,5000 -116.76,34.03,5000 -116.78,34.03,5000 -116.80,34.02,5000 -116.81,34.02,5000 -116.82,34.02,5000 -116.84,34.01,5000 -116.85,34.01,5000 -116.86,34.01,5000 -116.88,34.01,5000 -116.89,34.01,5000 -116.91,34.02,5000 -116.92,34.02,5000 -116.93,34.03,5000 -116.94,34.04,5000 -116.95,34.05,5000 -116.96,34.06,5000 -116.97,34.07,5000 -116.98,34.08,5000 -116.98,34.09,5000 -116.99,34.10,5000 -116.99,34.11,5000 -117.00,34.12,5000 -117.00,34.13,5000 -117.01,34.14,5000 -117.02,34.15,5000 -117.02,34.16,5000 -117.03,34.18,5000 -117.03,34.19,5000 -117.04,34.20,5000 -117.04,34.21,5000 -117.05,34.23,5000 -117.05,34.24,5000 -116.92,34.34,5000 
          </coordinates>
        </LinearRing>
      </innerBoundaryIs>
  </Polygon>
 </MultiGeometry>
</Placemark>
<Placemark>
  <name>30%</name>
  <visibility>1</visibility>
  <styleUrl>#poly_30</styleUrl>
  <MultiGeometry>
    <Polygon>
      <outerBoundaryIs>
        <LinearRing>
          <coordinates>
-79.97,48.08,4000 -79.89,48.08,4000 -79.80,48.08,4000 -79.72,48.08,4000 -79.64,48.08,4000 -79.56,48.07,4000 -79.48,48.06,4000 -79.41,48.05,4000 -79.34,48.03,4000 -79.27,48.01,4000 -79.20,47.99,4000 -79.13,47.97,4000 -79.05,47.94,4000 -78.98,47.91,4000 -78.90,47.89,4000 -78.81,47.86,4000 -78.73,47.82,4000 -78.65,47.79,4000 -78.58,47.76,4000 -78.51,47.73,4000 -78.43,47.69,4000 -78.36,47.65,4000 -78.29,47.61,4000 -78.24,47.58,4000 -78.19,47.54,4000 -78.15,47.49,4000 -78.12,47.45,4000 -78.11,47.40,4000 -78.10,47.36,4000 -78.10,47.31,4000 -78.11,47.25,4000 -78.15,47.19,4000 -78.19,47.14,4000 -78.24,47.09,4000 -78.30,47.04,4000 -78.35,46.99,4000 -78.41,46.95,4000 -78.47,46.91,4000 -78.54,46.89,4000 -78.60,46.87,4000 -78.68,46.86,4000 -78.75,46.86,4000 -78.83,46.87,4000 -78.92,46.89,4000 -79.00,46.91,4000 -79.08,46.93,4000 -79.15,46.96,4000 -79.22,47.00,4000 -79.29,47.05,4000 -79.34,47.08,4000 -79.39,47.08,4000 -79.42,47.05,4000 -79.45,46.99,4000 -79.47,46.92,4000 -79.48,46.86,4000 -79.49,46.80,4000 -79.50,46.73,4000 -79.50,46.68,4000 -79.52,46.63,4000 -79.56,46.58,4000 -79.60,46.54,4000 -79.66,46.50,4000 -79.74,46.48,4000 -79.81,46.48,4000 -79.89,46.50,4000 -79.97,46.52,4000 -80.06,46.54,4000 -80.14,46.57,4000 -80.21,46.59,4000 -80.28,46.62,4000 -80.33,46.64,4000 -80.38,46.67,4000 -80.44,46.70,4000 -80.50,46.73,4000 -80.57,46.76,4000 -80.64,46.79,4000 -80.71,46.82,4000 -80.77,46.86,4000 -80.83,46.89,4000 -80.90,46.94,4000 -80.95,46.99,4000 -80.99,47.03,4000 -81.02,47.08,4000 -81.03,47.14,4000 -81.02,47.19,4000 -81.00,47.24,4000 -80.96,47.29,4000 -80.91,47.33,4000 -80.84,47.37,4000 -80.79,47.40,4000 -80.75,47.42,4000 -80.68,47.44,4000 -80.58,47.44,4000 -80.52,47.43,4000 -80.44,47.42,4000 -80.36,47.41,4000 -80.26,47.39,4000 -80.17,47.38,4000 -80.08,47.36,4000 -79.99,47.34,4000 -79.91,47.33,4000 -79.85,47.32,4000 -79.74,47.31,4000 -79.65,47.30,4000 -79.59,47.30,4000 -79.55,47.31,4000 -79.53,47.35,4000 -79.56,47.40,4000 -79.62,47.48,4000 -79.66,47.52,4000 -79.71,47.56,4000 -79.76,47.61,4000 -79.82,47.67,4000 -79.88,47.72,4000 -79.94,47.77,4000 -79.99,47.81,4000 -80.03,47.85,4000 -80.10,47.91,4000 -80.13,47.95,4000 -80.15,47.98,4000 -80.14,48.02,4000 -80.09,48.06,4000 -79.97,48.08,4000 
          </coordinates>
        </LinearRing>
      </outerBoundaryIs>
      <innerBoundaryIs>
        <LinearRing>
          <coordinates>
-79.27,47.75,5000 -79.24,47.74,5000 -79.22,47.72,5000 -79.19,47.71,5000 -79.17,47.70,5000 -79.14,47.69,5000 -79.12,47.68,5000 -79.10,47.67,5000 -79.08,47.66,5000 -79.06,47.65,5000 -79.04,47.64,5000 -79.01,47.63,5000 -78.99,47.62,5000 -78.98,47.61,5000 -78.96,47.60,5000 -78.94,47.59,5000 -78.92,47.58,5000 -78.91,47.57,5000 -78.88,47.55,5000 -78.86,47.54,5000 -78.84,47.52,5000 -78.82,47.51,5000 -78.80,47.50,5000 -78.78,47.49,5000 -78.75,47.48,5000 -78.73,47.47,5000 -78.70,47.45,5000 -78.68,47.44,5000 -78.67,47.43,5000 -78.66,47.41,5000 -78.66,47.40,5000 -78.66,47.38,5000 -78.67,47.36,5000 -78.68,47.34,5000 -78.69,47.32,5000 -78.70,47.30,5000 -78.71,47.28,5000 -78.73,47.27,5000 -78.74,47.25,5000 -78.75,47.24,5000 -78.77,47.23,5000 -78.80,47.22,5000 -78.82,47.22,5000 -78.85,47.22,5000 -78.87,47.22,5000 -78.89,47.22,5000 -78.90,47.23,5000 -78.92,47.24,5000 -78.94,47.26,5000 -78.96,47.27,5000 -78.97,47.28,5000 -78.99,47.29,5000 -79.01,47.31,5000 -79.03,47.32,5000 -79.05,47.33,5000 -79.07,47.35,5000 -79.09,47.36,5000 -79.11,47.38,5000 -79.12,47.39,5000 -79.14,47.40,5000 -79.15,47.42,5000 -79.16,47.43,5000 -79.18,47.45,5000 -79.19,47.46,5000 -79.21,47.48,5000 -79.23,47.50,5000 -79.25,47.51,5000 -79.26,47.53,5000 -79.28,47.54,5000 -79.30,47.56,5000 -79.31,47.57,5000 -79.33,47.59,5000 -79.35,47.61,5000 -79.36,47.62,5000 -79.37,47.63,5000 -79.27,47.75,5000 
          </coordinates>
        </LinearRing>
      </innerBoundaryIs>
  </Polygon>
 </MultiGeometry>
</Placemark>
<Placemark>
  <name>30%</name>
  <visibility>1</visibility>
  <styleUrl>#poly_30</styleUrl>
  <MultiGeometry>
    <Polygon>
      <outerBoundaryIs>
        <LinearRing>
          <coordinates>
-115.77,36.46,4000 -115.76,36.46,4000 -115.74,36.46,4000 -115.73,36.46,4000 -115.72,36.45,4000 -115.70,36.45,4000 -115.69,36.45,4000 -115.68,36.44,4000 -115.66,36.44,4000 -115.65,36.43,4000 -115.64,36.42,4000 -115.63,36.42,4000 -115.62,36.41,4000 -115.61,36.40,4000 -115.60,36.39,4000 -115.59,36.39,4000 -115.57,36.38,4000 -115.56,36.37,4000 -115.55,36.36,4000 -115.54,36.35,4000 -115.54,36.34,4000 -115.53,36.34,4000 -115.52,36.33,4000 -115.51,36.32,4000 -115.50,36.31,4000 -115.49,36.30,4000 -115.49,36.29,4000 -115.48,36.28,4000 -115.48,36.27,4000 -115.48,36.26,4000 -115.47,36.25,4000 -115.48,36.24,4000 -115.48,36.23,4000 -115.50,36.22,4000 -115.51,36.22,4000 -115.52,36.21,4000 -115.53,36.21,4000 -115.54,36.20,4000 -115.55,36.19,4000 -115.57,36.19,4000 -115.58,36.18,4000 -115.60,36.18,4000 -115.61,36.17,4000 -115.63,36.17,4000 -115.64,36.16,4000 -115.66,36.16,4000 -115.67,36.15,4000 -115.69,36.15,4000 -115.70,36.15,4000 -115.71,36.15,4000 -115.72,36.15,4000 -115.74,36.15,4000 -115.75,36.16,4000 -115.77,36.16,4000 -115.78,36.16,4000 -115.79,36.17,4000 -115.80,36.18,4000 -115.81,36.18,4000 -115.83,36.19,4000 -115.83,36.20,4000 -115.84,36.21,4000 -115.85,36.22,4000 -115.85,36.23,4000 -115.86,36.24,4000 -115.86,36.25,4000 -115.86,36.26,4000 -115.87,36.27,4000 -115.87,36.28,4000 -115.87,36.29,4000 -115.87,36.30,4000 -115.87,36.31,4000 -115.87,36.32,4000 -115.87,36.34,4000 -115.87,36.35,4000 -115.87,36.36,4000 -115.87,36.37,4000 -115.87,36.39,4000 -115.87,36.40,4000 -115.77,36.46,4000 
          </coordinates>
        </LinearRing>
      </outerBoundaryIs>
  </Polygon>
 </MultiGeometry>
</Placemark>
<Placemark>
  <name>30%</name>
  <visibility>1</visibility>
  <styleUrl>#poly_30</styleUrl>
  <MultiGeometry>
    <Polygon>
      <outerBoundaryIs>
        <LinearRing>
          <coordinates>
-107.40,41.58,4000 -107.20,41.53,4000 -107.02,41.49,4000 -106.86,41.48,4000 -106.73,41.49,4000 -106.58,41.54,4000 -106.42,41.56,4000 -106.25,41.55,4000 -106.10,41.42,4000 -106.07,41.33,4000 -106.06,41.23,4000 -106.04,41.12,4000 -106.00,41.03,4000 -105.87,40.94,4000 -105.73,40.85,4000 -105.60,40.74,4000 -105.53,40.63,4000 -105.48,40.51,4000 -105.45,40.40,4000 -105.45,40.26,4000 -105.44,40.16,4000 -105.44,40.05,4000 -105.51,39.85,4000 -105.57,39.72,4000 -105.66,39.55,4000 -105.77,39.37,4000 -105.87,39.17,4000 -105.98,38.99,4000 -106.07,38.83,4000 -106.14,38.70,4000 -106.26,38.47,4000 -106.32,38.37,4000 -106.42,38.29,4000 -106.49,38.22,4000 -106.50,38.16,4000 -106.45,38.03,4000 -106.40,37.92,4000 -106.33,37.77,4000 -106.25,37.61,4000 -106.17,37.45,4000 -106.12,37.32,4000 -106.07,37.15,4000 -106.04,37.01,4000 -106.04,36.89,4000 -106.07,36.76,4000 -106.13,36.68,4000 -106.26,36.60,4000 -106.40,36.59,4000 -106.56,36.60,4000 -106.73,36.65,4000 -106.90,36.73,4000 -107.06,36.84,4000 -107.21,36.96,4000 -107.36,37.04,4000 -107.54,37.10,4000 -107.73,37.12,4000 -107.95,37.14,4000 -108.14,37.16,4000 -108.33,37.23,4000 -108.48,37.32,4000 -108.61,37.42,4000 -108.71,37.54,4000 -108.77,37.67,4000 -108.77,37.80,4000 -108.67,37.93,4000 -108.55,38.04,4000 -108.49,38.13,4000 -108.48,38.22,4000 -108.53,38.30,4000 -108.61,38.39,4000 -108.68,38.52,4000 -108.73,38.64,4000 -108.64,38.75,4000 -108.52,38.69,4000 -108.37,38.59,4000 -108.23,38.51,4000 -108.06,38.43,4000 -107.93,38.39,4000 -107.80,38.50,4000 -107.79,38.60,4000 -107.84,38.71,4000 -108.01,38.80,4000 -108.20,38.90,4000 -108.28,39.01,4000 -108.34,39.15,4000 -108.41,39.25,4000 -108.57,39.32,4000 -108.74,39.36,4000 -108.93,39.43,4000 -109.08,39.51,4000 -109.03,39.65,4000 -108.95,39.72,4000 -108.82,39.79,4000 -108.63,39.84,4000 -108.42,39.89,4000 -108.24,39.94,4000 -108.04,40.04,4000 -107.91,40.15,4000 -107.75,40.29,4000 -107.61,40.44,4000 -107.52,40.59,4000 -107.52,40.78,4000 -107.59,40.97,4000 -107.64,41.13,4000 -107.64,41.31,4000 -107.61,41.46,4000 -107.40,41.58,4000 
          </coordinates>
        </LinearRing>
      </outerBoundaryIs>
      <innerBoundaryIs>
        <LinearRing>
          <coordinates>
-107.39,41.51,5000 -107.21,41.46,5000 -107.04,41.43,5000 -106.88,41.41,5000 -106.73,41.41,5000 -106.60,41.46,5000 -106.47,41.51,5000 -106.32,41.50,5000 -106.19,41.45,5000 -106.14,41.28,5000 -106.14,41.18,5000 -106.12,41.07,5000 -106.03,40.98,5000 -105.92,40.89,5000 -105.79,40.82,5000 -105.67,40.73,5000 -105.57,40.58,5000 -105.51,40.40,5000 -105.51,40.24,5000 -105.53,40.07,5000 -105.56,39.92,5000 -105.59,39.80,5000 -105.65,39.67,5000 -105.72,39.56,5000 -105.82,39.42,5000 -105.92,39.27,5000 -106.01,39.12,5000 -106.09,38.95,5000 -106.17,38.75,5000 -106.25,38.57,5000 -106.34,38.44,5000 -106.51,38.37,5000 -106.71,38.37,5000 -106.83,38.36,5000 -106.81,38.29,5000 -106.70,38.19,5000 -106.58,38.06,5000 -106.46,37.90,5000 -106.38,37.77,5000 -106.31,37.62,5000 -106.25,37.49,5000 -106.19,37.37,5000 -106.16,37.24,5000 -106.14,37.10,5000 -106.12,36.93,5000 -106.12,36.80,5000 -106.24,36.68,5000 -106.37,36.65,5000 -106.53,36.65,5000 -106.68,36.69,5000 -106.84,36.77,5000 -107.00,36.88,5000 -107.16,37.00,5000 -107.34,37.09,5000 -107.54,37.15,5000 -107.70,37.16,5000 -107.88,37.16,5000 -108.04,37.18,5000 -108.25,37.25,5000 -108.42,37.34,5000 -108.56,37.46,5000 -108.66,37.58,5000 -108.69,37.70,5000 -108.67,37.81,5000 -108.57,37.94,5000 -108.49,38.01,5000 -108.43,38.10,5000 -108.41,38.22,5000 -108.44,38.35,5000 -108.57,38.49,5000 -108.64,38.57,5000 -108.53,38.53,5000 -108.34,38.44,5000 -108.17,38.37,5000 -107.99,38.34,5000 -107.85,38.35,5000 -107.70,38.45,5000 -107.69,38.59,5000 -107.75,38.74,5000 -107.91,38.82,5000 -108.08,38.91,5000 -108.15,39.02,5000 -108.20,39.16,5000 -108.27,39.27,5000 -108.47,39.36,5000 -108.67,39.40,5000 -108.84,39.44,5000 -108.92,39.52,5000 -108.96,39.61,5000 -108.87,39.69,5000 -108.73,39.75,5000 -108.61,39.78,5000 -108.47,39.81,5000 -108.30,39.84,5000 -108.13,39.89,5000 -108.02,39.98,5000 -107.91,40.09,5000 -107.80,40.19,5000 -107.63,40.29,5000 -107.49,40.39,5000 -107.44,40.51,5000 -107.45,40.65,5000 -107.48,40.77,5000 -107.52,40.91,5000 -107.55,41.03,5000 -107.56,41.16,5000 -107.55,41.26,5000 -107.51,41.37,5000 -107.44,41.47,5000 -107.39,41.51,5000 
          </coordinates>
        </LinearRing>
      </innerBoundaryIs>
  </Polygon>
 </MultiGeometry>
</Placemark>
<Placemark>
  <name>30%</name>
  <visibility>1</visibility>
  <styleUrl>#poly_30</styleUrl>
  <MultiGeometry>
    <Polygon>
      <outerBoundaryIs>
        <LinearRing>
          <coordinates>
-123.58,46.06,4000 -123.52,46.08,4000 -123.46,46.10,4000 -123.40,46.11,4000 -123.35,46.12,4000 -123.29,46.11,4000 -123.24,46.09,4000 -123.19,46.06,4000 -123.15,46.03,4000 -123.11,45.99,4000 -123.08,45.94,4000 -123.06,45.90,4000 -123.06,45.86,4000 -123.07,45.81,4000 -123.08,45.76,4000 -123.10,45.72,4000 -123.12,45.68,4000 -123.14,45.64,4000 -123.16,45.61,4000 -123.18,45.58,4000 -123.20,45.54,4000 -123.22,45.51,4000 -123.24,45.47,4000 -123.26,45.42,4000 -123.28,45.38,4000 -123.30,45.35,4000 -123.32,45.31,4000 -123.34,45.28,4000 -123.37,45.25,4000 -123.42,45.22,4000 -123.46,45.18,4000 -123.49,45.14,4000 -123.50,45.10,4000 -123.50,45.05,4000 -123.49,45.00,4000 -123.49,44.97,4000 -123.49,44.96,4000 -123.53,44.94,4000 -123.60,44.91,4000 -123.66,44.88,4000 -123.71,44.87,4000 -123.75,44.89,4000 -123.77,44.93,4000 -123.77,44.97,4000 -123.76,45.02,4000 -123.73,45.05,4000 -123.69,45.08,4000 -123.66,45.12,4000 -123.66,45.16,4000 -123.66,45.20,4000 -123.68,45.25,4000 -123.69,45.29,4000 -123.71,45.33,4000 -123.73,45.37,4000 -123.76,45.41,4000 -123.78,45.45,4000 -123.79,45.49,4000 -123.81,45.53,4000 -123.82,45.58,4000 -123.82,45.62,4000 -123.82,45.66,4000 -123.81,45.71,4000 -123.81,45.75,4000 -123.80,45.79,4000 -123.79,45.83,4000 -123.77,45.86,4000 -123.75,45.89,4000 -123.72,45.92,4000 -123.69,45.95,4000 -123.66,45.99,4000 -123.58,46.06,4000 
          </coordinates>
        </LinearRing>
      </outerBoundaryIs>
      <innerBoundaryIs>
        <LinearRing>
          <coordinates>
-123.55,45.97,5000 -123.51,45.97,5000 -123.47,45.96,5000 -123.44,45.96,5000 -123.40,45.96,5000 -123.37,45.95,5000 -123.34,45.95,5000 -123.31,45.95,5000 -123.29,45.94,5000 -123.26,45.93,5000 -123.24,45.92,5000 -123.23,45.90,5000 -123.22,45.88,5000 -123.22,45.86,5000 -123.22,45.84,5000 -123.21,45.82,5000 -123.22,45.79,5000 -123.22,45.77,5000 -123.22,45.74,5000 -123.22,45.72,5000 -123.22,45.71,5000 -123.22,45.70,5000 -123.22,45.69,5000 -123.23,45.67,5000 -123.24,45.64,5000 -123.24,45.62,5000 -123.25,45.59,5000 -123.26,45.57,5000 -123.27,45.54,5000 -123.28,45.52,5000 -123.29,45.50,5000 -123.30,45.47,5000 -123.31,45.45,5000 -123.32,45.43,5000 -123.33,45.41,5000 -123.35,45.39,5000 -123.37,45.38,5000 -123.39,45.37,5000 -123.42,45.36,5000 -123.45,45.35,5000 -123.48,45.34,5000 -123.52,45.33,5000 -123.55,45.33,5000 -123.58,45.33,5000 -123.60,45.33,5000 -123.62,45.34,5000 -123.64,45.35,5000 -123.65,45.37,5000 -123.67,45.39,5000 -123.68,45.41,5000 -123.69,45.44,5000 -123.70,45.46,5000 -123.71,45.48,5000 -123.72,45.50,5000 -123.73,45.52,5000 -123.73,45.55,5000 -123.74,45.57,5000 -123.74,45.59,5000 -123.75,45.61,5000 -123.75,45.63,5000 -123.75,45.66,5000 -123.75,45.68,5000 -123.74,45.70,5000 -123.74,45.72,5000 -123.73,45.74,5000 -123.72,45.76,5000 -123.71,45.78,5000 -123.70,45.79,5000 -123.69,45.81,5000 -123.55,45.97,5000 
          </coordinates>
        </LinearRing>
      </innerBoundaryIs>
  </Polygon>
 </MultiGeometry>
</Placemark>
<Placemark>
  <name>40%</name>
  <visibility>1</visibility>
  <styleUrl>#poly_40</styleUrl>
  <MultiGeometry>
    <Polygon>
      <outerBoundaryIs>
        <LinearRing>
          <coordinates>
-112.43,36.65,5000 -112.41,36.66,5000 -112.39,36.68,5000 -112.37,36.69,5000 -112.35,36.70,5000 -112.33,36.71,5000 -112.31,36.72,5000 -112.29,36.73,5000 -112.27,36.74,5000 -112.25,36.75,5000 -112.24,36.75,5000 -112.22,36.75,5000 -112.20,36.75,5000 -112.18,36.74,5000 -112.17,36.73,5000 -112.16,36.71,5000 -112.14,36.69,5000 -112.13,36.68,5000 -112.12,36.66,5000 -112.11,36.64,5000 -112.10,36.63,5000 -112.09,36.61,5000 -112.08,36.59,5000 -112.07,36.58,5000 -112.06,36.56,5000 -112.06,36.54,5000 -112.05,36.52,5000 -112.05,36.51,5000 -112.04,36.49,5000 -112.04,36.47,5000 -112.04,36.45,5000 -112.04,36.43,5000 -112.05,36.42,5000 -112.05,36.40,5000 -112.06,36.38,5000 -112.07,36.36,5000 -112.07,36.34,5000 -112.08,36.32,5000 -112.09,36.31,5000 -112.09,36.29,5000 -112.10,36.28,5000 -112.12,36.26,5000 -112.13,36.25,5000 -112.15,36.25,5000 -112.16,36.25,5000 -112.17,36.25,5000 -112.20,36.27,5000 -112.21,36.28,5000 -112.23,36.29,5000 -112.25,36.30,5000 -112.26,36.31,5000 -112.28,36.32,5000 -112.31,36.33,5000 -112.33,36.34,5000 -112.34,36.35,5000 -112.36,36.36,5000 -112.38,36.37,5000 -112.39,36.38,5000 -112.41,36.39,5000 -112.43,36.40,5000 -112.43,36.41,5000 -112.44,36.43,5000 -112.44,36.44,5000 -112.44,36.46,5000 -112.45,36.47,5000 -112.45,36.49,5000 -112.45,36.51,5000 -112.45,36.53,5000 -112.45,36.55,5000 -112.45,36.57,5000 -112.45,36.59,5000 -112.45,36.61,5000 -112.43,36.65,5000 
          </coordinates>
        </LinearRing>
      </outerBoundaryIs>
      <innerBoundaryIs>
        <LinearRing>
          <coordinates>
-112.21,36.66,6000 -112.20,36.67,6000 -112.19,36.66,6000 -112.18,36.64,6000 -112.18,36.63,6000 -112.17,36.63,6000 -112.17,36.62,6000 -112.16,36.61,6000 -112.16,36.60,6000 -112.15,36.59,6000 -112.15,36.57,6000 -112.14,36.56,6000 -112.14,36.55,6000 -112.13,36.54,6000 -112.13,36.52,6000 -112.12,36.51,6000 -112.12,36.50,6000 -112.12,36.49,6000 -112.11,36.48,6000 -112.11,36.47,6000 -112.11,36.46,6000 -112.11,36.45,6000 -112.11,36.43,6000 -112.11,36.42,6000 -112.11,36.41,6000 -112.12,36.39,6000 -112.12,36.38,6000 -112.13,36.37,6000 -112.13,36.36,6000 -112.14,36.36,6000 -112.15,36.35,6000 -112.16,36.35,6000 -112.17,36.35,6000 -112.18,36.35,6000 -112.19,36.35,6000 -112.20,36.36,6000 -112.22,36.36,6000 -112.23,36.37,6000 -112.25,36.37,6000 -112.26,36.38,6000 -112.28,36.39,6000 -112.29,36.40,6000 -112.31,36.40,6000 -112.32,36.41,6000 -112.33,36.42,6000 -112.33,36.43,6000 -112.34,36.44,6000 -112.34,36.45,6000 -112.34,36.46,6000 -112.35,36.47,6000 -112.34,36.48,6000 -112.34,36.49,6000 -112.34,36.50,6000 -112.34,36.51,6000 -112.33,36.52,6000 -112.33,36.53,6000 -112.33,36.54,6000 -112.32,36.56,6000 -112.31,36.57,6000 -112.31,36.58,6000 -112.30,36.59,6000 -112.29,36.60,6000 -112.29,36.62,6000 -112.28,36.63,6000 -112.21,36.66,6000 
          </coordinates>
        </LinearRing>
      </innerBoundaryIs>
  </Polygon>
 </MultiGeometry>
</Placemark>
<Placemark>
  <name>40%</name>
  <visibility>1</visibility>
  <styleUrl>#poly_40</styleUrl>
  <MultiGeometry>
    <Polygon>
      <outerBoundaryIs>
        <LinearRing>
          <coordinates>
-95.00,48.74,5000 -94.83,48.75,5000 -94.66,48.76,5000 -94.51,48.76,5000 -94.39,48.76,5000 -94.28,48.75,5000 -94.16,48.73,5000 -94.01,48.69,5000 -93.85,48.63,5000 -93.74,48.57,5000 -93.72,48.50,5000 -93.69,48.40,5000 -93.62,48.35,5000 -93.53,48.28,5000 -93.42,48.21,5000 -93.31,48.14,5000 -93.21,48.06,5000 -93.13,47.98,5000 -93.05,47.90,5000 -92.97,47.81,5000 -92.89,47.72,5000 -92.82,47.65,5000 -92.76,47.59,5000 -92.63,47.52,5000 -92.52,47.53,5000 -92.42,47.55,5000 -92.28,47.62,5000 -92.20,47.67,5000 -92.10,47.72,5000 -92.00,47.78,5000 -91.88,47.85,5000 -91.76,47.90,5000 -91.62,47.94,5000 -91.47,47.98,5000 -91.31,48.02,5000 -91.15,48.05,5000 -91.01,48.10,5000 -90.89,48.16,5000 -90.77,48.23,5000 -90.66,48.30,5000 -90.56,48.37,5000 -90.48,48.42,5000 -90.34,48.49,5000 -90.23,48.53,5000 -90.09,48.57,5000 -89.96,48.60,5000 -89.85,48.61,5000 -89.74,48.57,5000 -89.66,48.50,5000 -89.57,48.40,5000 -89.52,48.30,5000 -89.52,48.20,5000 -89.55,48.09,5000 -89.59,48.00,5000 -89.64,47.92,5000 -89.70,47.86,5000 -89.77,47.79,5000 -89.84,47.73,5000 -89.91,47.67,5000 -90.02,47.60,5000 -90.13,47.54,5000 -90.26,47.47,5000 -90.40,47.40,5000 -90.54,47.33,5000 -90.66,47.27,5000 -90.79,47.21,5000 -90.92,47.14,5000 -91.05,47.08,5000 -91.18,47.03,5000 -91.31,46.99,5000 -91.43,46.95,5000 -91.56,46.92,5000 -91.68,46.89,5000 -91.79,46.86,5000 -91.95,46.80,5000 -92.09,46.75,5000 -92.22,46.71,5000 -92.38,46.67,5000 -92.52,46.70,5000 -92.61,46.77,5000 -92.70,46.87,5000 -92.80,46.97,5000 -92.87,47.05,5000 -92.95,47.11,5000 -93.02,47.14,5000 -93.13,47.16,5000 -93.26,47.17,5000 -93.38,47.19,5000 -93.51,47.21,5000 -93.64,47.23,5000 -93.77,47.25,5000 -93.91,47.28,5000 -94.05,47.29,5000 -94.20,47.29,5000 -94.36,47.28,5000 -94.50,47.27,5000 -94.64,47.24,5000 -94.75,47.23,5000 -94.89,47.28,5000 -94.98,47.38,5000 -94.96,47.45,5000 -94.90,47.52,5000 -94.83,47.62,5000 -94.80,47.73,5000 -94.80,47.81,5000 -94.82,47.91,5000 -94.84,48.02,5000 -94.87,48.12,5000 -94.90,48.23,5000 -94.93,48.32,5000 -94.95,48.39,5000 -94.99,48.52,5000 -95.02,48.57,5000 -95.00,48.74,5000 
          </coordinates>
        </LinearRing>
      </outerBoundaryIs>
      <innerBoundaryIs>
        <LinearRing>
          <coordinates>
-94.00,47.99,6000 -93.98,48.00,6000 -93.95,48.00,6000 -93.93,48.01,6000 -93.90,48.01,6000 -93.88,48.02,6000 -93.85,48.02,6000 -93.83,48.02,6000 -93.80,48.02,6000 -93.78,48.02,6000 -93.75,48.02,6000 -93.73,48.02,6000 -93.70,48.01,6000 -93.68,48.00,6000 -93.65,47.99,6000 -93.62,47.98,6000 -93.60,47.97,6000 -93.57,47.96,6000 -93.55,47.95,6000 -93.53,47.94,6000 -93.51,47.93,6000 -93.50,47.92,6000 -93.48,47.91,6000 -93.48,47.90,6000 -93.47,47.89,6000 -93.46,47.88,6000 -93.44,47.86,6000 -93.43,47.85,6000 -93.41,47.83,6000 -93.39,47.82,6000 -93.37,47.80,6000 -93.36,47.78,6000 -93.35,47.76,6000 -93.34,47.75,6000 -93.33,47.73,6000 -93.33,47.71,6000 -93.33,47.69,6000 -93.33,47.67,6000 -93.34,47.65,6000 -93.35,47.64,6000 -93.36,47.62,6000 -93.37,47.60,6000 -93.38,47.58,6000 -93.39,47.57,6000 -93.40,47.56,6000 -93.42,47.55,6000 -93.43,47.54,6000 -93.45,47.54,6000 -93.48,47.54,6000 -93.51,47.54,6000 -93.53,47.54,6000 -93.55,47.54,6000 -93.58,47.54,6000 -93.61,47.54,6000 -93.64,47.54,6000 -93.67,47.54,6000 -93.69,47.55,6000 -93.72,47.55,6000 -93.74,47.55,6000 -93.76,47.55,6000 -93.79,47.55,6000 -93.80,47.55,6000 -93.82,47.56,6000 -93.84,47.57,6000 -93.85,47.57,6000 -93.88,47.58,6000 -93.90,47.59,6000 -93.92,47.60,6000 -93.95,47.61,6000 -93.97,47.62,6000 -93.99,47.63,6000 -94.01,47.64,6000 -94.03,47.65,6000 -94.06,47.66,6000 -94.08,47.67,6000 -94.10,47.69,6000 -94.12,47.70,6000 -94.13,47.71,6000 -94.14,47.73,6000 -94.14,47.74,6000 -94.14,47.76,6000 -94.14,47.77,6000 -94.14,47.79,6000 -94.14,47.81,6000 -94.13,47.83,6000 -94.12,47.84,6000 -94.12,47.86,6000 -94.11,47.88,6000 -94.10,47.90,6000 -94.00,47.99,6000 
          </coordinates>
        </LinearRing>
      </innerBoundaryIs>
      <innerBoundaryIs>
        <LinearRing>
          <coordinates>
-90.49,48.22,6000 -90.42,48.25,6000 -90.34,48.28,6000 -90.27,48.30,6000 -90.19,48.32,6000 -90.12,48.32,6000 -90.05,48.31,6000 -89.98,48.29,6000 -89.90,48.26,6000 -89.84,48.23,6000 -89.78,48.20,6000 -89.74,48.17,6000 -89.72,48.13,6000 -89.72,48.09,6000 -89.75,48.04,6000 -89.78,48.00,6000 -89.81,47.96,6000 -89.84,47.93,6000 -89.89,47.89,6000 -89.93,47.85,6000 -89.98,47.82,6000 -90.03,47.79,6000 -90.09,47.76,6000 -90.15,47.74,6000 -90.21,47.71,6000 -90.27,47.68,6000 -90.32,47.65,6000 -90.37,47.62,6000 -90.42,47.59,6000 -90.47,47.56,6000 -90.54,47.52,6000 -90.59,47.49,6000 -90.65,47.46,6000 -90.71,47.42,6000 -90.78,47.39,6000 -90.84,47.35,6000 -90.91,47.32,6000 -90.98,47.28,6000 -91.04,47.25,6000 -91.10,47.22,6000 -91.16,47.19,6000 -91.23,47.16,6000 -91.29,47.13,6000 -91.35,47.10,6000 -91.42,47.08,6000 -91.48,47.05,6000 -91.54,47.03,6000 -91.61,47.01,6000 -91.69,46.98,6000 -91.77,46.96,6000 -91.85,46.94,6000 -91.92,46.93,6000 -91.99,46.91,6000 -92.04,46.90,6000 -92.12,46.88,6000 -92.17,46.88,6000 -92.22,46.88,6000 -92.27,46.89,6000 -92.33,46.92,6000 -92.37,46.96,6000 -92.40,47.00,6000 -92.42,47.05,6000 -92.44,47.11,6000 -92.46,47.17,6000 -92.46,47.22,6000 -92.44,47.27,6000 -92.41,47.32,6000 -92.36,47.37,6000 -92.32,47.41,6000 -92.28,47.45,6000 -92.24,47.48,6000 -92.19,47.51,6000 -92.13,47.55,6000 -92.09,47.58,6000 -92.04,47.61,6000 -91.99,47.64,6000 -91.94,47.68,6000 -91.88,47.71,6000 -91.82,47.74,6000 -91.76,47.77,6000 -91.70,47.79,6000 -91.63,47.82,6000 -91.56,47.84,6000 -91.48,47.85,6000 -91.41,47.87,6000 -91.33,47.89,6000 -91.26,47.91,6000 -91.19,47.93,6000 -91.12,47.95,6000 -91.04,47.97,6000 -90.97,47.99,6000 -90.90,48.02,6000 -90.82,48.04,6000 -90.75,48.06,6000 -90.49,48.22,6000 
          </coordinates>
        </LinearRing>
      </innerBoundaryIs>
  </Polygon>
 </MultiGeometry>
</Placemark>
<Placemark>
  <name>40%</name>
  <visibility>1</visibility>
  <styleUrl>#poly_40</styleUrl>
  <MultiGeometry>
    <Polygon>
      <outerBoundaryIs>
        <LinearRing>
          <coordinates>
-127.32,50.25,5000 -127.25,50.30,5000 -127.18,50.34,5000 -127.11,50.37,5000 -127.04,50.39,5000 -126.97,50.40,5000 -126.87,50.41,5000 -126.78,50.43,5000 -126.68,50.45,5000 -126.57,50.47,5000 -126.46,50.48,5000 -126.36,50.49,5000 -126.24,50.49,5000 -126.12,50.48,5000 -126.01,50.46,5000 -125.90,50.44,5000 -125.80,50.42,5000 -125.71,50.41,5000 -125.62,50.38,5000 -125.53,50.33,5000 -125.47,50.28,5000 -125.42,50.22,5000 -125.36,50.14,5000 -125.30,50.07,5000 -125.24,50.00,5000 -125.19,49.93,5000 -125.14,49.88,5000 -125.05,49.82,5000 -124.97,49.79,5000 -124.90,49.75,5000 -124.85,49.70,5000 -124.81,49.64,5000 -124.77,49.58,5000 -124.71,49.53,5000 -124.64,49.48,5000 -124.56,49.43,5000 -124.47,49.39,5000 -124.39,49.35,5000 -124.29,49.31,5000 -124.18,49.28,5000 -124.09,49.24,5000 -124.03,49.20,5000 -123.97,49.16,5000 -123.92,49.11,5000 -123.87,49.05,5000 -123.83,48.99,5000 -123.80,48.93,5000 -123.77,48.86,5000 -123.75,48.79,5000 -123.74,48.73,5000 -123.74,48.66,5000 -123.76,48.58,5000 -123.79,48.52,5000 -123.83,48.47,5000 -123.90,48.43,5000 -123.99,48.41,5000 -124.07,48.41,5000 -124.15,48.42,5000 -124.26,48.48,5000 -124.33,48.51,5000 -124.43,48.56,5000 -124.53,48.60,5000 -124.63,48.65,5000 -124.72,48.70,5000 -124.80,48.74,5000 -124.88,48.79,5000 -124.93,48.84,5000 -124.97,48.89,5000 -125.02,48.93,5000 -125.10,48.97,5000 -125.19,49.00,5000 -125.32,49.05,5000 -125.39,49.08,5000 -125.48,49.12,5000 -125.57,49.16,5000 -125.67,49.20,5000 -125.77,49.25,5000 -125.85,49.28,5000 -125.93,49.32,5000 -126.04,49.37,5000 -126.12,49.42,5000 -126.19,49.46,5000 -126.26,49.50,5000 -126.33,49.56,5000 -126.39,49.62,5000 -126.45,49.68,5000 -126.51,49.74,5000 -126.57,49.80,5000 -126.65,49.85,5000 -126.72,49.88,5000 -126.80,49.91,5000 -126.88,49.94,5000 -126.96,49.98,5000 -127.04,50.02,5000 -127.12,50.07,5000 -127.21,50.12,5000 -127.29,50.17,5000 -127.32,50.25,5000 
          </coordinates>
        </LinearRing>
      </outerBoundaryIs>
      <innerBoundaryIs>
        <LinearRing>
          <coordinates>
-127.09,50.33,6000 -127.00,50.35,6000 -126.90,50.37,6000 -126.81,50.39,6000 -126.71,50.41,6000 -126.61,50.42,6000 -126.50,50.43,6000 -126.39,50.45,6000 -126.28,50.46,6000 -126.17,50.46,6000 -126.08,50.46,6000 -125.96,50.44,6000 -125.88,50.40,6000 -125.80,50.37,6000 -125.70,50.34,6000 -125.61,50.31,6000 -125.55,50.27,6000 -125.50,50.23,6000 -125.46,50.18,6000 -125.44,50.13,6000 -125.43,50.08,6000 -125.39,50.02,6000 -125.34,49.98,6000 -125.28,49.93,6000 -125.20,49.88,6000 -125.12,49.83,6000 -125.05,49.77,6000 -124.99,49.72,6000 -124.93,49.66,6000 -124.88,49.59,6000 -124.81,49.53,6000 -124.75,49.47,6000 -124.67,49.42,6000 -124.59,49.38,6000 -124.50,49.34,6000 -124.41,49.31,6000 -124.31,49.27,6000 -124.22,49.24,6000 -124.14,49.21,6000 -124.07,49.17,6000 -124.00,49.12,6000 -123.95,49.06,6000 -123.91,49.01,6000 -123.88,48.95,6000 -123.86,48.89,6000 -123.84,48.82,6000 -123.82,48.74,6000 -123.81,48.66,6000 -123.82,48.59,6000 -123.83,48.54,6000 -123.89,48.49,6000 -123.98,48.47,6000 -124.08,48.47,6000 -124.15,48.48,6000 -124.23,48.51,6000 -124.31,48.54,6000 -124.39,48.58,6000 -124.47,48.62,6000 -124.55,48.66,6000 -124.62,48.70,6000 -124.69,48.74,6000 -124.76,48.79,6000 -124.82,48.85,6000 -124.88,48.90,6000 -124.94,48.95,6000 -125.01,49.00,6000 -125.10,49.04,6000 -125.18,49.07,6000 -125.28,49.09,6000 -125.38,49.11,6000 -125.49,49.15,6000 -125.57,49.19,6000 -125.67,49.23,6000 -125.76,49.28,6000 -125.86,49.32,6000 -125.94,49.37,6000 -126.02,49.41,6000 -126.11,49.46,6000 -126.17,49.51,6000 -126.23,49.55,6000 -126.29,49.60,6000 -126.35,49.66,6000 -126.40,49.72,6000 -126.46,49.78,6000 -126.55,49.84,6000 -126.62,49.88,6000 -126.71,49.91,6000 -126.80,49.95,6000 -126.90,49.99,6000 -126.99,50.02,6000 -127.07,50.06,6000 -127.13,50.09,6000 -127.20,50.16,6000 -127.20,50.22,6000 -127.18,50.28,6000 -127.09,50.33,6000 
          </coordinates>
        </LinearRing>
      </innerBoundaryIs>
  </Polygon>
 </MultiGeometry>
</Placemark>
<Placemark>
  <name>40%</name>
  <visibility>1</visibility>
  <styleUrl>#poly_40</styleUrl>
  <MultiGeometry>
    <Polygon>
      <outerBoundaryIs>
        <LinearRing>
          <coordinates>
-125.33,50.55,5000 -125.08,50.67,5000 -124.83,50.71,5000 -124.39,50.77,5000 -123.95,50.81,5000 -123.67,50.73,5000 -123.47,50.62,5000 -123.05,50.51,5000 -122.82,50.46,5000 -122.40,50.43,5000 -121.85,50.31,5000 -121.62,50.18,5000 -121.37,50.11,5000 -121.11,50.02,5000 -120.91,49.85,5000 -120.68,49.64,5000 -120.65,49.49,5000 -120.51,49.37,5000 -120.39,49.88,5000 -120.25,50.46,5000 -119.93,50.90,5000 -119.40,50.89,5000 -119.00,51.20,5000 -118.84,51.37,5000 -118.57,51.48,5000 -117.85,51.57,5000 -117.39,51.56,5000 -117.20,51.52,5000 -116.88,51.57,5000 -116.49,51.70,5000 -115.65,51.79,5000 -114.83,51.87,5000 -113.88,51.95,5000 -112.93,52.03,5000 -111.98,52.11,5000 -111.11,52.18,5000 -110.24,52.24,5000 -109.30,52.30,5000 -108.30,52.36,5000 -107.53,52.41,5000 -106.72,52.45,5000 -106.07,52.48,5000 -105.19,52.50,5000 -104.40,52.46,5000 -104.17,52.45,5000 -103.68,52.32,5000 -103.26,52.17,5000 -102.43,52.03,5000 -101.34,51.85,5000 -100.48,51.71,5000 -99.67,51.61,5000 -98.91,51.48,5000 -98.37,51.33,5000 -98.10,50.95,5000 -97.98,50.62,5000 -97.86,50.28,5000 -97.64,49.84,5000 -97.43,49.44,5000 -97.24,49.03,5000 -97.09,48.44,5000 -97.18,48.21,5000 -97.33,48.06,5000 -97.51,47.89,5000 -97.88,47.73,5000 -98.26,47.86,5000 -98.48,48.04,5000 -98.90,48.35,5000 -99.17,48.40,5000 -99.39,48.35,5000 -99.74,48.23,5000 -100.15,48.19,5000 -100.75,48.14,5000 -101.36,47.87,5000 -101.73,47.89,5000 -101.95,47.97,5000 -102.52,48.10,5000 -103.02,48.20,5000 -103.28,48.30,5000 -103.85,48.51,5000 -104.38,48.64,5000 -105.03,48.68,5000 -105.44,48.66,5000 -105.93,48.68,5000 -106.14,48.75,5000 -106.31,48.88,5000 -106.55,49.08,5000 -106.95,49.54,5000 -107.29,49.72,5000 -107.75,49.75,5000 -108.13,49.65,5000 -108.83,49.39,5000 -109.72,49.04,5000 -110.39,48.73,5000 -110.65,48.29,5000 -110.60,47.97,5000 -110.47,47.84,5000 -110.40,47.57,5000 -110.37,47.11,5000 -110.44,46.59,5000 -110.54,45.97,5000 -110.57,45.52,5000 -110.10,45.49,5000 -109.91,45.41,5000 -109.60,45.23,5000 -109.46,45.04,5000 -109.62,44.61,5000 -109.65,44.36,5000 -109.49,44.13,5000 -109.40,43.95,5000 -109.44,43.77,5000 -109.56,43.61,5000 -109.49,43.46,5000 -109.10,43.10,5000 -108.79,42.64,5000 -108.85,42.37,5000 -109.13,42.28,5000 -109.72,42.48,5000 -110.02,42.57,5000 -110.19,42.45,5000 -110.33,42.06,5000 -110.55,41.60,5000 -110.56,41.43,5000 -110.46,41.26,5000 -110.22,41.10,5000 -109.70,40.87,5000 -109.50,40.81,5000 -109.45,40.64,5000 -109.83,40.51,5000 -110.20,40.40,5000 -110.40,40.28,5000 -110.53,40.16,5000 -110.50,39.84,5000 -110.90,39.63,5000 -111.21,39.18,5000 -111.41,38.81,5000 -111.34,38.36,5000 -111.30,37.92,5000 -111.67,37.56,5000 -112.07,37.23,5000 -112.25,37.09,5000 -112.59,37.01,5000 -112.97,37.06,5000 -113.17,37.17,5000 -113.39,37.25,5000 -113.75,37.32,5000 -114.37,37.42,5000 -114.54,37.63,5000 -114.67,37.99,5000 -115.07,38.29,5000 -115.33,38.28,5000 -115.60,38.17,5000 -115.93,38.38,5000 -116.17,38.17,5000 -116.27,37.93,5000 -116.46,37.76,5000 -116.56,37.76,5000 -116.88,37.78,5000 -117.04,37.68,5000 -117.26,37.31,5000 -117.50,37.15,5000 -117.60,36.92,5000 -117.60,36.63,5000 -117.48,36.34,5000 -117.39,36.16,5000 -117.42,36.01,5000 -117.62,35.91,5000 -117.87,35.77,5000 -117.97,35.58,5000 -118.10,35.40,5000 -118.34,35.23,5000 -118.52,35.31,5000 -118.68,35.58,5000 -118.76,35.89,5000 -118.85,36.22,5000 -119.12,36.69,5000 -119.47,37.04,5000 -119.81,37.31,5000 -120.15,37.69,5000 -120.48,38.10,5000 -120.65,38.36,5000 -120.76,38.64,5000 -121.05,39.12,5000 -121.38,39.56,5000 -121.57,39.75,5000 -121.81,40.08,5000 -122.01,40.59,5000 -122.32,40.71,5000 -122.63,40.50,5000 -122.70,40.31,5000 -122.60,39.78,5000 -122.58,39.43,5000 -122.86,39.22,5000 -123.19,39.31,5000 -123.39,39.44,5000 -123.68,39.77,5000 -123.77,40.13,5000 -123.93,40.51,5000 -124.01,41.00,5000 -124.02,41.36,5000 -124.10,41.69,5000 -124.18,42.04,5000 -124.24,42.38,5000 -124.19,42.61,5000 -124.06,42.83,5000 -123.74,43.26,5000 -123.48,43.28,5000 -123.45,43.52,5000 -123.35,43.71,5000 -123.17,43.86,5000 -122.97,44.05,5000 -122.84,44.34,5000 -122.73,44.74,5000 -122.51,45.10,5000 -122.34,45.30,5000 -122.31,45.49,5000 -122.46,45.74,5000 -122.61,45.88,5000 -122.78,46.10,5000 -122.71,46.34,5000 -122.46,46.74,5000 -122.06,47.08,5000 -121.81,47.51,5000 -121.79,47.85,5000 -122.03,48.25,5000 -122.19,48.51,5000 -122.23,48.83,5000 -122.23,49.05,5000 -122.44,49.13,5000 -122.81,49.19,5000 -123.62,49.40,5000 -123.97,49.60,5000 -124.56,49.86,5000 -124.72,49.96,5000 -124.83,50.13,5000 -125.08,50.31,5000 -125.33,50.55,5000 
          </coordinates>
        </LinearRing>
      </outerBoundaryIs>
      <innerBoundaryIs>
        <LinearRing>
          <coordinates>
-117.71,44.46,5000 -117.43,44.52,5000 -117.19,44.46,5000 -116.87,44.43,5000 -116.62,44.38,5000 -116.47,44.28,5000 -116.39,44.17,5000 -116.30,44.03,5000 -116.21,43.85,5000 -116.10,43.67,5000 -115.95,43.54,5000 -115.80,43.43,5000 -115.66,43.32,5000 -115.52,43.24,5000 -115.25,43.17,5000 -114.96,43.17,5000 -114.59,43.18,5000 -114.28,43.18,5000 -114.03,43.16,5000 -113.85,43.15,5000 -113.60,43.16,5000 -113.37,43.20,5000 -113.21,43.28,5000 -113.09,43.38,5000 -112.97,43.51,5000 -112.86,43.65,5000 -112.78,43.76,5000 -112.68,43.86,5000 -112.51,43.98,5000 -112.29,44.06,5000 -112.01,44.04,5000 -111.76,43.99,5000 -111.64,43.88,5000 -111.63,43.71,5000 -111.68,43.58,5000 -111.75,43.45,5000 -111.84,43.35,5000 -111.98,43.23,5000 -112.14,43.09,5000 -112.33,42.92,5000 -112.50,42.79,5000 -112.68,42.69,5000 -112.83,42.62,5000 -113.03,42.43,5000 -113.02,42.23,5000 -112.88,42.14,5000 -112.75,42.07,5000 -112.61,41.99,5000 -112.49,41.89,5000 -112.38,41.77,5000 -112.27,41.63,5000 -112.17,41.48,5000 -112.09,41.32,5000 -112.02,41.16,5000 -111.97,41.00,5000 -111.95,40.84,5000 -112.01,40.70,5000 -112.08,40.59,5000 -112.14,40.48,5000 -112.37,40.40,5000 -112.29,40.32,5000 -112.05,40.30,5000 -111.91,40.17,5000 -111.92,39.99,5000 -111.93,39.78,5000 -111.86,39.58,5000 -111.79,39.39,5000 -111.76,39.25,5000 -111.75,39.14,5000 -111.82,38.94,5000 -112.03,38.78,5000 -112.25,38.72,5000 -112.48,38.65,5000 -112.62,38.55,5000 -112.73,38.44,5000 -112.80,38.30,5000 -112.88,38.17,5000 -113.02,38.09,5000 -113.20,38.09,5000 -113.36,38.18,5000 -113.55,38.32,5000 -113.71,38.45,5000 -113.87,38.55,5000 -113.98,38.66,5000 -114.07,38.87,5000 -114.13,39.10,5000 -114.16,39.30,5000 -114.18,39.48,5000 -114.24,39.66,5000 -114.31,39.82,5000 -114.36,39.94,5000 -114.42,40.06,5000 -114.54,40.23,5000 -114.66,40.39,5000 -114.69,40.61,5000 -114.59,40.81,5000 -114.47,41.02,5000 -114.46,41.22,5000 -114.44,41.42,5000 -114.37,41.54,5000 -114.24,41.61,5000 -114.00,41.63,5000 -113.75,41.65,5000 -113.50,41.77,5000 -113.36,41.91,5000 -113.46,42.06,5000 -113.62,42.19,5000 -113.81,42.22,5000 -114.00,42.21,5000 -114.29,42.22,5000 -114.53,42.16,5000 -114.74,42.15,5000 -115.02,42.15,5000 -115.30,42.15,5000 -115.52,42.16,5000 -115.73,42.23,5000 -115.84,42.32,5000 -115.94,42.39,5000 -116.06,42.50,5000 -116.22,42.65,5000 -116.42,42.83,5000 -116.59,42.98,5000 -116.76,43.09,5000 -116.89,43.15,5000 -117.14,43.15,5000 -117.25,43.03,5000 -117.27,42.88,5000 -117.32,42.72,5000 -117.43,42.59,5000 -117.60,42.48,5000 -117.92,42.39,5000 -118.23,42.36,5000 -118.41,42.56,5000 -118.33,42.74,5000 -118.24,42.96,5000 -118.27,43.15,5000 -118.37,43.30,5000 -118.60,43.30,5000 -118.83,43.21,5000 -119.11,43.23,5000 -119.27,43.32,5000 -119.13,43.47,5000 -118.97,43.51,5000 -118.70,43.45,5000 -118.46,43.43,5000 -118.39,43.58,5000 -117.71,44.46,5000 
          </coordinates>
        </LinearRing>
      </innerBoundaryIs>
      <innerBoundaryIs>
        <LinearRing>
          <coordinates>
-111.49,46.44,5000 -111.44,46.39,5000 -111.38,46.35,5000 -111.33,46.30,5000 -111.28,46.26,5000 -111.23,46.22,5000 -111.17,46.18,5000 -111.12,46.15,5000 -111.06,46.12,5000 -111.02,46.07,5000 -110.99,46.02,5000 -110.96,45.97,5000 -110.93,45.91,5000 -110.91,45.85,5000 -110.91,45.79,5000 -110.92,45.74,5000 -110.96,45.70,5000 -111.03,45.66,5000 -111.11,45.63,5000 -111.19,45.60,5000 -111.27,45.58,5000 -111.34,45.56,5000 -111.43,45.54,5000 -111.51,45.54,5000 -111.58,45.55,5000 -111.64,45.57,5000 -111.71,45.60,5000 -111.77,45.63,5000 -111.84,45.66,5000 -111.91,45.68,5000 -111.98,45.70,5000 -112.05,45.71,5000 -112.10,45.71,5000 -112.17,45.68,5000 -112.20,45.63,5000 -112.21,45.58,5000 -112.21,45.52,5000 -112.21,45.46,5000 -112.22,45.42,5000 -112.23,45.37,5000 -112.25,45.33,5000 -112.28,45.28,5000 -112.31,45.24,5000 -112.33,45.20,5000 -112.37,45.15,5000 -112.41,45.11,5000 -112.47,45.07,5000 -112.52,45.04,5000 -112.59,45.01,5000 -112.66,44.98,5000 -112.73,44.96,5000 -112.81,44.93,5000 -112.87,44.92,5000 -112.93,44.91,5000 -113.02,44.92,5000 -113.10,44.94,5000 -113.16,44.98,5000 -113.19,45.02,5000 -113.19,45.06,5000 -113.15,45.10,5000 -113.11,45.15,5000 -113.06,45.20,5000 -113.02,45.24,5000 -112.98,45.28,5000 -112.94,45.32,5000 -112.89,45.36,5000 -112.85,45.40,5000 -112.81,45.44,5000 -112.78,45.48,5000 -112.74,45.51,5000 -112.70,45.55,5000 -112.66,45.59,5000 -112.61,45.63,5000 -112.54,45.67,5000 -112.48,45.70,5000 -112.42,45.74,5000 -112.37,45.78,5000 -112.33,45.83,5000 -112.31,45.87,5000 -112.28,45.92,5000 -112.24,45.97,5000 -112.19,46.01,5000 -112.13,46.05,5000 -112.06,46.08,5000 -112.00,46.12,5000 -111.94,46.16,5000 -111.89,46.20,5000 -111.84,46.24,5000 -111.80,46.27,5000 -111.76,46.31,5000 -111.72,46.35,5000 -111.49,46.44,5000 
          </coordinates>
        </LinearRing>
      </innerBoundaryIs>
      <innerBoundaryIs>
        <LinearRing>
          <coordinates>
-119.64,49.94,5000 -119.48,49.89,5000 -119.48,49.67,5000 -119.50,49.53,5000 -119.50,49.37,5000 -119.43,49.21,5000 -119.35,49.05,5000 -119.31,48.87,5000 -119.29,48.71,5000 -119.32,48.56,5000 -119.23,48.38,5000 -119.10,48.29,5000 -118.88,48.19,5000 -118.62,48.09,5000 -118.31,47.99,5000 -118.06,47.91,5000 -117.86,47.89,5000 -117.72,47.91,5000 -117.54,47.91,5000 -117.37,47.87,5000 -117.23,47.78,5000 -117.12,47.63,5000 -117.09,47.47,5000 -117.08,47.27,5000 -117.07,47.11,5000 -117.00,46.90,5000 -116.90,46.81,5000 -116.77,46.73,5000 -116.59,46.66,5000 -116.46,46.58,5000 -116.46,46.47,5000 -116.55,46.36,5000 -116.77,46.25,5000 -116.99,46.16,5000 -117.14,46.15,5000 -117.26,46.22,5000 -117.41,46.29,5000 -117.62,46.31,5000 -117.83,46.28,5000 -118.00,46.20,5000 -118.15,46.09,5000 -118.28,45.93,5000 -118.41,45.77,5000 -118.51,45.64,5000 -118.70,45.51,5000 -118.92,45.43,5000 -119.20,45.34,5000 -119.49,45.26,5000 -119.71,45.18,5000 -119.94,45.08,5000 -120.07,44.98,5000 -120.15,44.84,5000 -120.22,44.72,5000 -120.38,44.69,5000 -120.55,44.68,5000 -120.71,44.63,5000 -120.81,44.53,5000 -120.79,44.39,5000 -120.74,44.22,5000 -120.70,44.08,5000 -120.74,43.93,5000 -121.00,43.91,5000 -121.15,43.96,5000 -121.29,44.06,5000 -121.37,44.19,5000 -121.45,44.35,5000 -121.50,44.51,5000 -121.52,44.71,5000 -121.50,44.90,5000 -121.45,45.13,5000 -121.41,45.33,5000 -121.41,45.46,5000 -121.44,45.56,5000 -121.49,45.67,5000 -121.51,45.79,5000 -121.38,45.93,5000 -121.23,46.06,5000 -121.07,46.18,5000 -121.05,46.29,5000 -121.04,46.43,5000 -121.03,46.56,5000 -121.00,46.71,5000 -120.95,46.90,5000 -120.88,47.10,5000 -120.80,47.27,5000 -120.71,47.43,5000 -120.65,47.62,5000 -120.58,47.80,5000 -120.48,47.90,5000 -120.36,47.99,5000 -120.23,48.16,5000 -120.09,48.33,5000 -119.93,48.47,5000 -119.79,48.58,5000 -119.71,48.75,5000 -119.70,48.85,5000 -119.72,48.99,5000 -119.79,49.19,5000 -119.85,49.41,5000 -119.85,49.58,5000 -119.81,49.74,5000 -119.64,49.94,5000 
          </coordinates>
        </LinearRing>
      </innerBoundaryIs>
      <innerBoundaryIs>
        <LinearRing>
          <coordinates>
-118.58,40.01,5000 -118.55,39.99,5000 -118.52,39.97,5000 -118.50,39.95,5000 -118.47,39.93,5000 -118.45,39.91,5000 -118.43,39.89,5000 -118.41,39.87,5000 -118.40,39.85,5000 -118.39,39.83,5000 -118.39,39.80,5000 -118.40,39.77,5000 -118.41,39.75,5000 -118.41,39.72,5000 -118.42,39.69,5000 -118.43,39.67,5000 -118.44,39.64,5000 -118.44,39.61,5000 -118.45,39.58,5000 -118.46,39.55,5000 -118.46,39.53,5000 -118.47,39.51,5000 -118.47,39.50,5000 -118.48,39.48,5000 -118.49,39.46,5000 -118.50,39.43,5000 -118.51,39.40,5000 -118.53,39.37,5000 -118.54,39.34,5000 -118.56,39.31,5000 -118.57,39.29,5000 -118.59,39.25,5000 -118.61,39.23,5000 -118.64,39.22,5000 -118.67,39.22,5000 -118.70,39.23,5000 -118.74,39.24,5000 -118.77,39.25,5000 -118.80,39.26,5000 -118.83,39.26,5000 -118.85,39.27,5000 -118.88,39.28,5000 -118.90,39.29,5000 -118.92,39.31,5000 -118.94,39.34,5000 -118.97,39.36,5000 -118.98,39.38,5000 -119.00,39.41,5000 -119.01,39.43,5000 -119.02,39.46,5000 -119.02,39.49,5000 -119.03,39.51,5000 -119.03,39.54,5000 -119.03,39.57,5000 -119.03,39.59,5000 -119.03,39.62,5000 -119.02,39.65,5000 -119.01,39.68,5000 -119.00,39.71,5000 -118.99,39.73,5000 -118.98,39.75,5000 -118.95,39.78,5000 -118.93,39.80,5000 -118.92,39.82,5000 -118.90,39.84,5000 -118.87,39.87,5000 -118.85,39.89,5000 -118.83,39.91,5000 -118.80,39.93,5000 -118.77,39.95,5000 -118.75,39.96,5000 -118.72,39.97,5000 -118.69,39.98,5000 -118.65,39.99,5000 -118.62,40.00,5000 -118.59,40.01,5000 -118.58,40.01,5000 
          </coordinates>
        </LinearRing>
      </innerBoundaryIs>
      <innerBoundaryIs>
        <LinearRing>
          <coordinates>
-113.95,45.13,5000 -113.96,45.13,5000 -113.96,45.13,5000 -113.93,45.12,5000 -113.93,45.12,5000 -113.92,45.12,5000 -113.91,45.11,5000 -113.91,45.11,5000 -113.90,45.11,5000 -113.89,45.10,5000 -113.89,45.10,5000 -113.88,45.10,5000 -113.87,45.09,5000 -113.86,45.09,5000 -113.85,45.08,5000 -113.84,45.08,5000 -113.83,45.07,5000 -113.82,45.07,5000 -113.82,45.07,5000 -113.81,45.06,5000 -113.80,45.06,5000 -113.79,45.05,5000 -113.78,45.05,5000 -113.77,45.04,5000 -113.76,45.04,5000 -113.75,45.03,5000 -113.74,45.03,5000 -113.73,45.03,5000 -113.72,45.02,5000 -113.72,45.02,5000 -113.71,45.01,5000 -113.70,45.01,5000 -113.70,45.01,5000 -113.69,45.00,5000 -113.68,45.00,5000 -113.68,45.00,5000 -113.66,44.99,5000 -113.65,44.99,5000 -113.65,44.98,5000 -113.65,44.98,5000 -113.65,44.98,5000 -113.65,44.97,5000 -113.65,44.97,5000 -113.65,44.96,5000 -113.66,44.95,5000 -113.67,44.95,5000 -113.68,44.95,5000 -113.68,44.95,5000 -113.69,44.95,5000 -113.70,44.95,5000 -113.71,44.95,5000 -113.72,44.95,5000 -113.73,44.95,5000 -113.74,44.95,5000 -113.75,44.95,5000 -113.76,44.95,5000 -113.77,44.95,5000 -113.78,44.95,5000 -113.79,44.96,5000 -113.80,44.96,5000 -113.81,44.96,5000 -113.81,44.97,5000 -113.82,44.97,5000 -113.82,44.97,5000 -113.83,44.98,5000 -113.84,44.98,5000 -113.84,44.99,5000 -113.85,44.99,5000 -113.86,45.00,5000 -113.86,45.01,5000 -113.87,45.01,5000 -113.88,45.02,5000 -113.88,45.02,5000 -113.89,45.03,5000 -113.90,45.04,5000 -113.90,45.04,5000 -113.91,45.05,5000 -113.91,45.05,5000 -113.92,45.06,5000 -113.92,45.06,5000 -113.93,45.07,5000 -113.93,45.07,5000 -113.94,45.08,5000 -113.94,45.08,5000 -113.95,45.09,5000 -113.95,45.10,5000 -113.96,45.10,5000 -113.96,45.11,5000 -113.96,45.11,5000 -113.95,45.12,5000 -113.95,45.12,5000 -113.95,45.13,5000 
          </coordinates>
        </LinearRing>
      </innerBoundaryIs>
      <innerBoundaryIs>
        <LinearRing>
          <coordinates>
-125.09,50.63,6000 -124.40,50.74,6000 -124.08,50.78,6000 -123.81,50.76,6000 -123.52,50.59,6000 -123.10,50.49,6000 -122.62,50.37,6000 -122.08,50.30,6000 -121.43,49.93,6000 -121.10,49.78,6000 -120.84,49.37,6000 -120.74,49.24,6000 -120.47,49.21,6000 -120.21,49.26,6000 -120.01,49.15,6000 -119.85,48.90,6000 -120.01,48.60,6000 -120.21,48.51,6000 -120.31,48.38,6000 -120.41,48.13,6000 -120.71,47.81,6000 -120.79,47.57,6000 -120.95,47.24,6000 -121.04,46.87,6000 -121.09,46.55,6000 -121.16,46.24,6000 -121.45,45.96,6000 -121.58,45.74,6000 -121.47,45.30,6000 -121.55,44.95,6000 -121.56,44.51,6000 -121.49,44.25,6000 -121.33,44.01,6000 -120.76,43.65,6000 -120.89,43.48,6000 -120.87,43.33,6000 -120.57,43.27,6000 -120.33,43.31,6000 -120.18,43.43,6000 -119.93,43.54,6000 -119.66,43.41,6000 -119.39,43.19,6000 -119.06,43.08,6000 -118.46,43.08,6000 -118.36,42.94,6000 -118.41,42.73,6000 -118.52,42.45,6000 -118.43,42.31,6000 -118.13,42.31,6000 -117.57,42.39,6000 -117.23,42.48,6000 -117.16,42.88,6000 -117.12,43.01,6000 -116.96,43.08,6000 -116.60,42.90,6000 -116.27,42.61,6000 -116.00,42.36,6000 -115.67,42.15,6000 -115.38,42.08,6000 -115.08,42.09,6000 -114.75,42.03,6000 -114.47,42.05,6000 -114.35,42.12,6000 -114.07,42.08,6000 -113.78,42.06,6000 -113.60,41.99,6000 -113.55,41.83,6000 -113.81,41.75,6000 -114.05,41.76,6000 -114.23,41.82,6000 -114.48,41.75,6000 -114.59,41.37,6000 -114.57,41.01,6000 -114.78,40.71,6000 -114.81,40.48,6000 -114.71,40.26,6000 -114.47,39.96,6000 -114.34,39.61,6000 -114.23,39.33,6000 -114.14,38.94,6000 -114.09,38.68,6000 -113.92,38.50,6000 -113.61,38.34,6000 -113.37,38.04,6000 -113.10,37.97,6000 -112.75,38.20,6000 -112.60,38.48,6000 -112.34,38.63,6000 -111.84,38.76,6000 -111.60,38.91,6000 -111.55,38.54,6000 -111.50,38.34,6000 -111.34,38.12,6000 -111.51,37.78,6000 -111.84,37.48,6000 -112.19,37.21,6000 -112.54,37.06,6000 -112.96,37.10,6000 -113.39,37.30,6000 -113.80,37.37,6000 -114.33,37.47,6000 -114.46,37.66,6000 -114.54,37.92,6000 -114.70,38.13,6000 -114.95,38.33,6000 -115.12,38.40,6000 -115.39,38.41,6000 -115.76,38.56,6000 -116.15,38.31,6000 -116.37,37.98,6000 -116.55,37.85,6000 -116.79,37.88,6000 -116.97,37.92,6000 -117.28,37.87,6000 -117.26,37.46,6000 -117.49,37.25,6000 -117.68,36.97,6000 -117.70,36.70,6000 -117.55,36.32,6000 -117.51,36.08,6000 -117.86,35.84,6000 -118.04,35.57,6000 -118.23,35.32,6000 -118.50,35.38,6000 -118.68,35.77,6000 -118.80,36.22,6000 -118.95,36.52,6000 -119.23,36.89,6000 -119.49,37.11,6000 -119.78,37.35,6000 -120.05,37.66,6000 -120.28,37.94,6000 -120.49,38.19,6000 -120.70,38.63,6000 -120.91,38.98,6000 -121.12,39.31,6000 -121.34,39.59,6000 -121.58,39.82,6000 -121.79,40.18,6000 -121.96,40.60,6000 -122.27,40.77,6000 -122.54,40.65,6000 -122.70,40.49,6000 -122.75,40.33,6000 -122.66,39.85,6000 -122.64,39.41,6000 -122.79,39.30,6000 -123.09,39.30,6000 -123.37,39.47,6000 -123.54,39.66,6000 -123.65,39.88,6000 -123.76,40.22,6000 -123.88,40.65,6000 -123.95,41.11,6000 -124.00,41.55,6000 -124.07,41.93,6000 -124.13,42.23,6000 -124.14,42.48,6000 -124.05,42.73,6000 -123.79,42.94,6000 -123.66,43.04,6000 -123.43,43.09,6000 -123.28,43.25,6000 -123.27,43.38,6000 -123.18,43.70,6000 -122.98,43.90,6000 -122.82,44.21,6000 -122.71,44.55,6000 -122.58,44.91,6000 -122.34,45.21,6000 -122.26,45.33,6000 -122.28,45.55,6000 -122.54,45.91,6000 -122.65,46.05,6000 -122.65,46.23,6000 -122.50,46.51,6000 -122.34,46.74,6000 -122.09,46.98,6000 -121.82,47.30,6000 -121.71,47.56,6000 -121.75,47.94,6000 -121.98,48.29,6000 -122.14,48.55,6000 -122.16,48.82,6000 -122.07,49.14,6000 -122.65,49.21,6000 -123.15,49.32,6000 -123.63,49.45,6000 -124.00,49.69,6000 -124.34,49.82,6000 -124.65,49.98,6000 -124.92,50.28,6000 -125.11,50.36,6000 -125.24,50.52,6000 -125.09,50.63,6000 
          </coordinates>
        </LinearRing>
      </innerBoundaryIs>
      <innerBoundaryIs>
        <LinearRing>
          <coordinates>
-114.49,47.73,6000 -114.47,47.73,6000 -114.45,47.72,6000 -114.43,47.72,6000 -114.41,47.71,6000 -114.39,47.71,6000 -114.37,47.70,6000 -114.35,47.69,6000 -114.34,47.69,6000 -114.32,47.68,6000 -114.31,47.67,6000 -114.29,47.67,6000 -114.28,47.66,6000 -114.27,47.65,6000 -114.26,47.64,6000 -114.25,47.63,6000 -114.24,47.61,6000 -114.24,47.60,6000 -114.23,47.59,6000 -114.23,47.57,6000 -114.23,47.56,6000 -114.23,47.54,6000 -114.23,47.53,6000 -114.23,47.52,6000 -114.23,47.50,6000 -114.24,47.49,6000 -114.25,47.48,6000 -114.25,47.47,6000 -114.26,47.46,6000 -114.28,47.44,6000 -114.29,47.43,6000 -114.30,47.42,6000 -114.32,47.41,6000 -114.33,47.40,6000 -114.35,47.39,6000 -114.36,47.38,6000 -114.38,47.38,6000 -114.40,47.37,6000 -114.41,47.37,6000 -114.43,47.37,6000 -114.44,47.37,6000 -114.46,47.37,6000 -114.48,47.38,6000 -114.50,47.38,6000 -114.52,47.39,6000 -114.53,47.40,6000 -114.55,47.40,6000 -114.57,47.41,6000 -114.58,47.42,6000 -114.60,47.43,6000 -114.61,47.44,6000 -114.62,47.45,6000 -114.63,47.46,6000 -114.63,47.47,6000 -114.64,47.48,6000 -114.64,47.49,6000 -114.64,47.51,6000 -114.64,47.52,6000 -114.64,47.53,6000 -114.64,47.55,6000 -114.64,47.56,6000 -114.64,47.58,6000 -114.64,47.59,6000 -114.63,47.61,6000 -114.63,47.62,6000 -114.49,47.73,6000 
          </coordinates>
        </LinearRing>
      </innerBoundaryIs>
      <innerBoundaryIs>
        <LinearRing>
          <coordinates>
-114.17,46.21,6000 -114.16,46.21,6000 -114.15,46.20,6000 -114.14,46.19,6000 -114.13,46.19,6000 -114.12,46.18,6000 -114.11,46.17,6000 -114.10,46.16,6000 -114.09,46.15,6000 -114.09,46.14,6000 -114.09,46.13,6000 -114.09,46.12,6000 -114.09,46.11,6000 -114.09,46.10,6000 -114.09,46.09,6000 -114.09,46.08,6000 -114.09,46.07,6000 -114.09,46.06,6000 -114.09,46.05,6000 -114.09,46.04,6000 -114.09,46.02,6000 -114.09,46.01,6000 -114.09,46.00,6000 -114.10,45.99,6000 -114.10,45.98,6000 -114.10,45.97,6000 -114.10,45.97,6000 -114.10,45.96,6000 -114.10,45.94,6000 -114.11,45.94,6000 -114.11,45.94,6000 -114.11,45.94,6000 -114.12,45.94,6000 -114.13,45.96,6000 -114.13,45.97,6000 -114.13,45.97,6000 -114.14,45.98,6000 -114.14,45.99,6000 -114.14,45.99,6000 -114.14,46.00,6000 -114.15,46.01,6000 -114.15,46.02,6000 -114.15,46.03,6000 -114.16,46.04,6000 -114.16,46.05,6000 -114.16,46.06,6000 -114.16,46.07,6000 -114.17,46.08,6000 -114.17,46.10,6000 -114.17,46.11,6000 -114.18,46.12,6000 -114.18,46.13,6000 -114.17,46.21,6000 
          </coordinates>
        </LinearRing>
      </innerBoundaryIs>
      <innerBoundaryIs>
        <LinearRing>
          <coordinates>
-118.74,51.39,6000 -118.23,51.50,6000 -117.77,51.55,6000 -117.40,51.53,6000 -117.15,51.47,6000 -116.52,51.66,6000 -116.17,51.71,6000 -115.68,51.76,6000 -115.19,51.81,6000 -114.60,51.86,6000 -113.99,51.91,6000 -113.36,51.96,6000 -112.71,52.02,6000 -112.05,52.07,6000 -111.40,52.12,6000 -110.74,52.17,6000 -110.11,52.21,6000 -109.52,52.25,6000 -108.95,52.29,6000 -108.34,52.33,6000 -107.62,52.37,6000 -106.87,52.41,6000 -106.25,52.44,6000 -105.70,52.46,6000 -105.34,52.47,6000 -104.73,52.43,6000 -104.18,52.40,6000 -103.83,52.32,6000 -103.35,52.13,6000 -102.91,52.09,6000 -102.45,52.05,6000 -101.87,51.90,6000 -101.28,51.80,6000 -100.49,51.67,6000 -99.71,51.54,6000 -99.15,51.44,6000 -98.82,51.33,6000 -98.60,51.17,6000 -98.32,50.76,6000 -98.20,50.49,6000 -98.07,50.21,6000 -97.92,49.95,6000 -97.78,49.71,6000 -97.53,49.27,6000 -97.42,48.78,6000 -97.41,48.49,6000 -97.51,48.26,6000 -97.76,48.05,6000 -98.01,47.98,6000 -98.17,48.05,6000 -98.37,48.19,6000 -98.74,48.54,6000 -99.09,48.70,6000 -99.71,48.52,6000 -100.39,48.44,6000 -101.04,48.32,6000 -101.62,48.12,6000 -102.27,48.22,6000 -102.61,48.26,6000 -103.04,48.36,6000 -103.54,48.58,6000 -103.91,48.68,6000 -104.27,48.77,6000 -104.62,48.84,6000 -105.02,48.86,6000 -105.57,48.87,6000 -105.90,48.93,6000 -106.40,49.21,6000 -106.59,49.55,6000 -106.98,49.88,6000 -107.29,49.97,6000 -107.74,49.94,6000 -108.30,49.76,6000 -108.88,49.56,6000 -109.48,49.36,6000 -110.17,49.14,6000 -110.69,48.84,6000 -111.08,48.55,6000 -111.41,48.24,6000 -111.50,47.83,6000 -111.46,47.71,6000 -111.84,47.65,6000 -112.13,47.75,6000 -112.27,47.74,6000 -112.29,47.58,6000 -112.22,47.45,6000 -112.04,47.38,6000 -111.78,47.35,6000 -111.27,47.41,6000 -111.07,47.47,6000 -110.85,47.55,6000 -110.64,47.55,6000 -110.54,47.44,6000 -110.57,47.31,6000 -110.36,46.85,6000 -110.47,46.61,6000 -110.76,46.49,6000 -111.00,46.39,6000 -111.22,46.41,6000 -111.48,46.56,6000 -111.80,46.64,6000 -111.90,46.47,6000 -111.87,46.34,6000 -112.05,46.18,6000 -112.47,45.95,6000 -112.79,45.56,6000 -113.20,45.18,6000 -113.45,45.03,6000 -113.69,45.21,6000 -114.03,45.53,6000 -114.28,45.43,6000 -114.30,45.26,6000 -114.20,45.14,6000 -114.07,44.92,6000 -114.16,44.76,6000 -114.24,44.62,6000 -114.16,44.44,6000 -114.06,44.38,6000 -113.83,44.44,6000 -113.74,44.62,6000 -113.52,44.80,6000 -113.05,44.87,6000 -112.55,44.95,6000 -112.08,45.29,6000 -112.08,45.51,6000 -111.82,45.53,6000 -111.55,45.47,6000 -111.12,45.53,6000 -110.57,45.41,6000 -110.16,45.44,6000 -109.82,45.32,6000 -109.58,45.16,6000 -109.57,44.89,6000 -109.75,44.52,6000 -109.69,44.27,6000 -109.52,44.05,6000 -109.52,43.76,6000 -109.64,43.59,6000 -109.35,43.26,6000 -109.03,42.93,6000 -108.91,42.77,6000 -108.86,42.48,6000 -109.02,42.36,6000 -109.36,42.41,6000 -109.68,42.54,6000 -109.87,42.65,6000 -110.14,42.67,6000 -110.26,42.44,6000 -110.38,42.15,6000 -110.58,41.74,6000 -110.66,41.42,6000 -110.38,41.13,6000 -109.90,40.89,6000 -109.68,40.81,6000 -109.66,40.69,6000 -109.86,40.55,6000 -110.28,40.42,6000 -110.44,40.32,6000 -110.61,40.10,6000 -110.63,39.83,6000 -111.02,39.57,6000 -111.29,39.16,6000 -111.45,38.95,6000 -111.62,39.00,6000 -111.65,39.14,6000 -111.77,39.55,6000 -111.83,39.83,6000 -111.79,40.00,6000 -111.88,40.24,6000 -111.96,40.49,6000 -111.90,40.70,6000 -111.93,41.05,6000 -112.10,41.47,6000 -112.27,41.78,6000 -112.48,41.96,6000 -112.66,42.12,6000 -112.93,42.26,6000 -112.79,42.56,6000 -112.31,42.84,6000 -111.96,43.14,6000 -111.65,43.45,6000 -111.52,43.78,6000 -111.51,43.93,6000 -111.66,44.02,6000 -111.97,44.09,6000 -112.29,44.12,6000 -112.59,44.02,6000 -112.96,43.66,6000 -113.34,43.29,6000 -113.82,43.22,6000 -114.30,43.22,6000 -114.89,43.22,6000 -115.34,43.23,6000 -115.59,43.34,6000 -115.82,43.52,6000 -116.07,43.74,6000 -116.20,43.96,6000 -116.46,44.39,6000 -116.67,44.50,6000 -116.98,44.48,6000 -117.34,44.58,6000 -117.52,44.76,6000 -117.72,44.69,6000 -117.87,44.51,6000 -118.09,44.07,6000 -118.48,43.73,6000 -118.72,43.61,6000 -119.17,43.57,6000 -119.54,43.50,6000 -119.90,43.55,6000 -119.94,43.84,6000 -120.01,43.98,6000 -120.14,43.96,6000 -120.52,44.00,6000 -120.69,44.37,6000 -120.67,44.58,6000 -120.20,44.64,6000 -119.78,44.74,6000 -119.46,44.84,6000 -119.72,44.86,6000 -119.82,44.99,6000 -119.54,45.18,6000 -119.16,45.31,6000 -118.71,45.45,6000 -118.56,45.55,6000 -118.20,45.94,6000 -118.08,46.08,6000 -117.80,46.24,6000 -117.49,46.24,6000 -117.22,46.10,6000 -117.05,46.02,6000 -116.86,46.08,6000 -116.64,46.25,6000 -116.41,46.31,6000 -116.20,46.28,6000 -116.19,46.53,6000 -116.28,46.62,6000 -116.85,46.87,6000 -116.96,47.12,6000 -116.97,47.37,6000 -116.99,47.72,6000 -117.24,47.91,6000 -117.50,48.01,6000 -118.11,48.09,6000 -118.67,48.20,6000 -118.99,48.33,6000 -119.16,48.47,6000 -119.16,48.65,6000 -119.14,49.00,6000 -119.29,49.27,6000 -119.34,49.61,6000 -119.30,49.82,6000 -119.31,50.14,6000 -119.47,50.30,6000 -119.76,50.03,6000 -120.03,49.74,6000 -120.11,49.68,6000 -120.21,49.87,6000 -120.05,50.08,6000 -120.01,50.31,6000 -119.88,50.55,6000 -119.88,50.75,6000 -119.57,50.78,6000 -119.25,50.74,6000 -118.74,51.39,6000 
          </coordinates>
        </LinearRing>
      </innerBoundaryIs>
      <innerBoundaryIs>
        <LinearRing>
          <coordinates>
-118.83,40.05,6000 -118.79,40.07,6000 -118.74,40.10,6000 -118.70,40.12,6000 -118.65,40.13,6000 -118.61,40.13,6000 -118.56,40.12,6000 -118.51,40.10,6000 -118.46,40.07,6000 -118.41,40.05,6000 -118.38,40.03,6000 -118.35,40.00,6000 -118.33,39.97,6000 -118.30,39.94,6000 -118.27,39.90,6000 -118.26,39.87,6000 -118.26,39.83,6000 -118.28,39.80,6000 -118.30,39.77,6000 -118.31,39.74,6000 -118.32,39.69,6000 -118.33,39.66,6000 -118.34,39.62,6000 -118.35,39.58,6000 -118.36,39.54,6000 -118.37,39.50,6000 -118.38,39.46,6000 -118.38,39.42,6000 -118.38,39.38,6000 -118.39,39.35,6000 -118.39,39.32,6000 -118.40,39.28,6000 -118.41,39.24,6000 -118.43,39.21,6000 -118.45,39.19,6000 -118.48,39.16,6000 -118.50,39.12,6000 -118.51,39.08,6000 -118.52,39.04,6000 -118.53,38.99,6000 -118.54,38.96,6000 -118.57,38.94,6000 -118.60,38.95,6000 -118.65,38.97,6000 -118.70,39.00,6000 -118.75,39.03,6000 -118.79,39.06,6000 -118.82,39.08,6000 -118.84,39.08,6000 -118.86,39.10,6000 -118.89,39.13,6000 -118.92,39.17,6000 -118.95,39.21,6000 -118.98,39.24,6000 -119.01,39.27,6000 -119.03,39.30,6000 -119.06,39.33,6000 -119.08,39.37,6000 -119.10,39.40,6000 -119.11,39.43,6000 -119.12,39.47,6000 -119.12,39.51,6000 -119.12,39.54,6000 -119.12,39.58,6000 -119.11,39.62,6000 -119.11,39.66,6000 -119.09,39.69,6000 -119.08,39.73,6000 -119.07,39.76,6000 -119.05,39.80,6000 -119.03,39.82,6000 -119.01,39.85,6000 -118.99,39.88,6000 -118.96,39.90,6000 -118.93,39.93,6000 -118.90,39.96,6000 -118.83,40.05,6000 
          </coordinates>
        </LinearRing>
      </innerBoundaryIs>
  </Polygon>
 </MultiGeometry>
</Placemark>
<Placemark>
  <name>40%</name>
  <visibility>1</visibility>
  <styleUrl>#poly_40</styleUrl>
  <MultiGeometry>
    <Polygon>
      <outerBoundaryIs>
        <LinearRing>
          <coordinates>
-64.80,44.89,5000 -64.75,44.90,5000 -64.69,44.91,5000 -64.64,44.92,5000 -64.59,44.93,5000 -64.54,44.93,5000 -64.48,44.93,5000 -64.42,44.92,5000 -64.36,44.91,5000 -64.30,44.90,5000 -64.25,44.88,5000 -64.21,44.86,5000 -64.16,44.84,5000 -64.12,44.82,5000 -64.08,44.80,5000 -64.03,44.78,5000 -64.00,44.76,5000 -63.97,44.74,5000 -63.94,44.71,5000 -63.92,44.68,5000 -63.89,44.65,5000 -63.86,44.62,5000 -63.81,44.59,5000 -63.77,44.56,5000 -63.74,44.53,5000 -63.72,44.51,5000 -63.69,44.49,5000 -63.66,44.47,5000 -63.61,44.43,5000 -63.56,44.40,5000 -63.52,44.36,5000 -63.49,44.34,5000 -63.48,44.31,5000 -63.47,44.28,5000 -63.44,44.25,5000 -63.42,44.20,5000 -63.40,44.16,5000 -63.39,44.12,5000 -63.38,44.08,5000 -63.38,44.05,5000 -63.38,44.01,5000 -63.39,43.97,5000 -63.41,43.94,5000 -63.44,43.91,5000 -63.48,43.88,5000 -63.52,43.85,5000 -63.57,43.82,5000 -63.60,43.80,5000 -63.64,43.78,5000 -63.68,43.78,5000 -63.73,43.78,5000 -63.79,43.79,5000 -63.85,43.80,5000 -63.91,43.81,5000 -63.96,43.82,5000 -64.00,43.84,5000 -64.05,43.85,5000 -64.10,43.87,5000 -64.14,43.88,5000 -64.21,43.90,5000 -64.26,43.91,5000 -64.31,43.92,5000 -64.36,43.93,5000 -64.39,43.94,5000 -64.44,43.96,5000 -64.49,43.98,5000 -64.54,44.00,5000 -64.58,44.02,5000 -64.62,44.05,5000 -64.66,44.08,5000 -64.70,44.12,5000 -64.74,44.15,5000 -64.76,44.17,5000 -64.77,44.20,5000 -64.78,44.23,5000 -64.78,44.27,5000 -64.79,44.31,5000 -64.80,44.35,5000 -64.81,44.39,5000 -64.81,44.42,5000 -64.82,44.46,5000 -64.82,44.50,5000 -64.83,44.53,5000 -64.84,44.57,5000 -64.86,44.60,5000 -64.88,44.63,5000 -64.91,44.66,5000 -64.94,44.69,5000 -64.95,44.73,5000 -64.94,44.76,5000 -64.91,44.80,5000 -64.88,44.84,5000 -64.84,44.88,5000 -64.80,44.89,5000 
          </coordinates>
        </LinearRing>
      </outerBoundaryIs>
      <innerBoundaryIs>
        <LinearRing>
          <coordinates>
-64.33,44.81,6000 -64.32,44.80,6000 -64.31,44.78,6000 -64.29,44.75,6000 -64.27,44.72,6000 -64.24,44.69,6000 -64.22,44.65,6000 -64.20,44.62,6000 -64.19,44.60,6000 -64.18,44.57,6000 -64.17,44.54,6000 -64.15,44.52,6000 -64.12,44.49,6000 -64.08,44.47,6000 -64.05,44.44,6000 -64.02,44.42,6000 -64.00,44.40,6000 -63.98,44.38,6000 -63.96,44.36,6000 -63.92,44.34,6000 -63.89,44.32,6000 -63.85,44.29,6000 -63.81,44.27,6000 -63.77,44.25,6000 -63.73,44.23,6000 -63.69,44.21,6000 -63.65,44.20,6000 -63.61,44.18,6000 -63.57,44.17,6000 -63.55,44.16,6000 -63.54,44.14,6000 -63.54,44.12,6000 -63.55,44.09,6000 -63.55,44.06,6000 -63.56,44.02,6000 -63.56,43.99,6000 -63.57,43.97,6000 -63.59,43.93,6000 -63.63,43.92,6000 -63.66,43.92,6000 -63.70,43.93,6000 -63.74,43.93,6000 -63.78,43.94,6000 -63.83,43.95,6000 -63.87,43.96,6000 -63.91,43.97,6000 -63.94,43.98,6000 -63.98,44.00,6000 -64.02,44.01,6000 -64.05,44.03,6000 -64.09,44.04,6000 -64.14,44.05,6000 -64.19,44.06,6000 -64.23,44.07,6000 -64.28,44.08,6000 -64.31,44.09,6000 -64.34,44.09,6000 -64.36,44.10,6000 -64.39,44.11,6000 -64.42,44.13,6000 -64.46,44.15,6000 -64.49,44.18,6000 -64.52,44.20,6000 -64.54,44.23,6000 -64.55,44.25,6000 -64.56,44.28,6000 -64.56,44.31,6000 -64.56,44.34,6000 -64.56,44.37,6000 -64.56,44.40,6000 -64.56,44.43,6000 -64.56,44.46,6000 -64.56,44.49,6000 -64.58,44.52,6000 -64.60,44.55,6000 -64.62,44.58,6000 -64.64,44.60,6000 -64.66,44.63,6000 -64.68,44.65,6000 -64.68,44.68,6000 -64.67,44.70,6000 -64.65,44.73,6000 -64.62,44.76,6000 -64.60,44.79,6000 -64.57,44.81,6000 -64.53,44.82,6000 -64.49,44.83,6000 -64.45,44.82,6000 -64.33,44.81,6000 
          </coordinates>
        </LinearRing>
      </innerBoundaryIs>
  </Polygon>
 </MultiGeometry>
</Placemark>
<Placemark>
  <name>40%</name>
  <visibility>1</visibility>
  <styleUrl>#poly_40</styleUrl>
  <MultiGeometry>
    <Polygon>
      <outerBoundaryIs>
        <LinearRing>
          <coordinates>
-79.27,47.75,5000 -79.24,47.74,5000 -79.22,47.72,5000 -79.19,47.71,5000 -79.17,47.70,5000 -79.14,47.69,5000 -79.12,47.68,5000 -79.10,47.67,5000 -79.08,47.66,5000 -79.06,47.65,5000 -79.04,47.64,5000 -79.01,47.63,5000 -78.99,47.62,5000 -78.98,47.61,5000 -78.96,47.60,5000 -78.94,47.59,5000 -78.92,47.58,5000 -78.91,47.57,5000 -78.88,47.55,5000 -78.86,47.54,5000 -78.84,47.52,5000 -78.82,47.51,5000 -78.80,47.50,5000 -78.78,47.49,5000 -78.75,47.48,5000 -78.73,47.47,5000 -78.70,47.45,5000 -78.68,47.44,5000 -78.67,47.43,5000 -78.66,47.41,5000 -78.66,47.40,5000 -78.66,47.38,5000 -78.67,47.36,5000 -78.68,47.34,5000 -78.69,47.32,5000 -78.70,47.30,5000 -78.71,47.28,5000 -78.73,47.27,5000 -78.74,47.25,5000 -78.75,47.24,5000 -78.77,47.23,5000 -78.80,47.22,5000 -78.82,47.22,5000 -78.85,47.22,5000 -78.87,47.22,5000 -78.89,47.22,5000 -78.90,47.23,5000 -78.92,47.24,5000 -78.94,47.26,5000 -78.96,47.27,5000 -78.97,47.28,5000 -78.99,47.29,5000 -79.01,47.31,5000 -79.03,47.32,5000 -79.05,47.33,5000 -79.07,47.35,5000 -79.09,47.36,5000 -79.11,47.38,5000 -79.12,47.39,5000 -79.14,47.40,5000 -79.15,47.42,5000 -79.16,47.43,5000 -79.18,47.45,5000 -79.19,47.46,5000 -79.21,47.48,5000 -79.23,47.50,5000 -79.25,47.51,5000 -79.26,47.53,5000 -79.28,47.54,5000 -79.30,47.56,5000 -79.31,47.57,5000 -79.33,47.59,5000 -79.35,47.61,5000 -79.36,47.62,5000 -79.37,47.63,5000 -79.27,47.75,5000 
          </coordinates>
        </LinearRing>
      </outerBoundaryIs>
  </Polygon>
 </MultiGeometry>
</Placemark>
<Placemark>
  <name>40%</name>
  <visibility>1</visibility>
  <styleUrl>#poly_40</styleUrl>
  <MultiGeometry>
    <Polygon>
      <outerBoundaryIs>
        <LinearRing>
          <coordinates>
-124.24,48.15,5000 -124.18,48.16,5000 -124.12,48.17,5000 -124.07,48.18,5000 -124.03,48.19,5000 -124.00,48.19,5000 -123.99,48.18,5000 -123.96,48.18,5000 -123.91,48.17,5000 -123.85,48.17,5000 -123.80,48.17,5000 -123.74,48.16,5000 -123.69,48.15,5000 -123.64,48.14,5000 -123.59,48.14,5000 -123.54,48.13,5000 -123.49,48.12,5000 -123.46,48.11,5000 -123.42,48.10,5000 -123.39,48.09,5000 -123.35,48.08,5000 -123.29,48.07,5000 -123.23,48.05,5000 -123.18,48.04,5000 -123.14,48.03,5000 -123.10,48.01,5000 -123.07,47.99,5000 -123.04,47.97,5000 -123.01,47.95,5000 -122.99,47.92,5000 -122.96,47.89,5000 -122.94,47.85,5000 -122.93,47.82,5000 -122.92,47.79,5000 -122.92,47.75,5000 -122.92,47.72,5000 -122.92,47.68,5000 -122.93,47.65,5000 -122.94,47.61,5000 -122.96,47.57,5000 -122.98,47.54,5000 -123.00,47.50,5000 -123.01,47.48,5000 -123.02,47.46,5000 -123.04,47.44,5000 -123.07,47.41,5000 -123.11,47.37,5000 -123.14,47.33,5000 -123.18,47.30,5000 -123.20,47.28,5000 -123.24,47.26,5000 -123.27,47.24,5000 -123.32,47.22,5000 -123.37,47.19,5000 -123.42,47.18,5000 -123.47,47.18,5000 -123.53,47.18,5000 -123.59,47.19,5000 -123.63,47.20,5000 -123.66,47.20,5000 -123.69,47.21,5000 -123.72,47.22,5000 -123.76,47.24,5000 -123.80,47.27,5000 -123.85,47.29,5000 -123.89,47.31,5000 -123.92,47.33,5000 -123.96,47.35,5000 -123.98,47.37,5000 -124.00,47.39,5000 -124.03,47.42,5000 -124.07,47.44,5000 -124.10,47.48,5000 -124.12,47.51,5000 -124.14,47.54,5000 -124.17,47.57,5000 -124.19,47.60,5000 -124.21,47.63,5000 -124.23,47.66,5000 -124.25,47.69,5000 -124.26,47.72,5000 -124.28,47.76,5000 -124.29,47.79,5000 -124.30,47.82,5000 -124.32,47.86,5000 -124.33,47.89,5000 -124.34,47.93,5000 -124.34,47.96,5000 -124.33,47.99,5000 -124.32,48.02,5000 -124.31,48.05,5000 -124.29,48.08,5000 -124.27,48.11,5000 -124.25,48.14,5000 -124.24,48.15,5000 
          </coordinates>
        </LinearRing>
      </outerBoundaryIs>
      <innerBoundaryIs>
        <LinearRing>
          <coordinates>
-124.22,48.06,6000 -124.18,48.07,6000 -124.14,48.09,6000 -124.10,48.10,6000 -124.06,48.11,6000 -124.02,48.12,6000 -123.98,48.13,6000 -123.94,48.13,6000 -123.89,48.13,6000 -123.85,48.13,6000 -123.80,48.13,6000 -123.76,48.12,6000 -123.72,48.12,6000 -123.67,48.11,6000 -123.63,48.10,6000 -123.58,48.10,6000 -123.54,48.09,6000 -123.51,48.08,6000 -123.48,48.08,6000 -123.45,48.07,6000 -123.42,48.06,6000 -123.38,48.05,6000 -123.33,48.04,6000 -123.29,48.02,6000 -123.24,48.01,6000 -123.20,48.00,6000 -123.17,47.99,6000 -123.13,47.98,6000 -123.11,47.96,6000 -123.09,47.94,6000 -123.07,47.92,6000 -123.05,47.89,6000 -123.02,47.87,6000 -123.00,47.84,6000 -122.99,47.81,6000 -122.98,47.78,6000 -122.98,47.75,6000 -122.99,47.72,6000 -122.99,47.69,6000 -123.00,47.66,6000 -123.00,47.64,6000 -123.01,47.61,6000 -123.02,47.59,6000 -123.03,47.56,6000 -123.04,47.53,6000 -123.06,47.51,6000 -123.08,47.48,6000 -123.10,47.45,6000 -123.12,47.43,6000 -123.14,47.40,6000 -123.16,47.38,6000 -123.19,47.35,6000 -123.22,47.33,6000 -123.25,47.31,6000 -123.28,47.29,6000 -123.32,47.27,6000 -123.36,47.25,6000 -123.40,47.24,6000 -123.44,47.23,6000 -123.48,47.23,6000 -123.53,47.23,6000 -123.57,47.24,6000 -123.62,47.25,6000 -123.66,47.26,6000 -123.70,47.27,6000 -123.74,47.28,6000 -123.78,47.30,6000 -123.81,47.32,6000 -123.85,47.34,6000 -123.88,47.36,6000 -123.91,47.38,6000 -123.94,47.41,6000 -123.97,47.44,6000 -124.00,47.46,6000 -124.03,47.49,6000 -124.06,47.52,6000 -124.08,47.55,6000 -124.10,47.58,6000 -124.12,47.61,6000 -124.14,47.64,6000 -124.16,47.67,6000 -124.17,47.69,6000 -124.19,47.72,6000 -124.20,47.75,6000 -124.22,47.77,6000 -124.23,47.80,6000 -124.24,47.83,6000 -124.25,47.86,6000 -124.25,47.88,6000 -124.26,47.91,6000 -124.27,47.94,6000 -124.27,47.97,6000 -124.22,48.06,6000 
          </coordinates>
        </LinearRing>
      </innerBoundaryIs>
  </Polygon>
 </MultiGeometry>
</Placemark>
<Placemark>
  <name>40%</name>
  <visibility>1</visibility>
  <styleUrl>#poly_40</styleUrl>
  <MultiGeometry>
    <Polygon>
      <outerBoundaryIs>
        <LinearRing>
          <coordinates>
-62.75,46.53,5000 -62.72,46.51,5000 -62.70,46.50,5000 -62.67,46.48,5000 -62.65,46.47,5000 -62.63,46.45,5000 -62.61,46.44,5000 -62.59,46.42,5000 -62.57,46.41,5000 -62.56,46.39,5000 -62.55,46.37,5000 -62.55,46.35,5000 -62.54,46.33,5000 -62.54,46.31,5000 -62.54,46.29,5000 -62.55,46.26,5000 -62.56,46.24,5000 -62.56,46.22,5000 -62.57,46.19,5000 -62.58,46.17,5000 -62.59,46.15,5000 -62.60,46.12,5000 -62.61,46.11,5000 -62.62,46.09,5000 -62.63,46.06,5000 -62.66,46.05,5000 -62.68,46.04,5000 -62.71,46.03,5000 -62.74,46.01,5000 -62.77,46.00,5000 -62.80,45.99,5000 -62.83,45.97,5000 -62.86,45.96,5000 -62.89,45.94,5000 -62.90,45.92,5000 -62.92,45.90,5000 -62.94,45.89,5000 -62.97,45.88,5000 -62.99,45.88,5000 -63.02,45.88,5000 -63.05,45.88,5000 -63.08,45.89,5000 -63.11,45.90,5000 -63.15,45.91,5000 -63.18,45.91,5000 -63.21,45.92,5000 -63.24,45.93,5000 -63.27,45.94,5000 -63.30,45.94,5000 -63.33,45.95,5000 -63.36,45.96,5000 -63.39,45.97,5000 -63.42,45.98,5000 -63.44,45.99,5000 -63.47,46.00,5000 -63.49,46.02,5000 -63.51,46.03,5000 -63.52,46.05,5000 -63.54,46.07,5000 -63.55,46.09,5000 -63.56,46.11,5000 -63.58,46.13,5000 -63.59,46.16,5000 -63.60,46.19,5000 -63.60,46.21,5000 -63.60,46.24,5000 -63.60,46.26,5000 -63.59,46.28,5000 -63.58,46.30,5000 -63.56,46.32,5000 -63.53,46.34,5000 -63.51,46.36,5000 -63.49,46.38,5000 -63.46,46.40,5000 -63.44,46.41,5000 -63.41,46.43,5000 -63.38,46.44,5000 -63.35,46.45,5000 -63.32,46.45,5000 -63.28,46.46,5000 -63.25,46.47,5000 -63.21,46.47,5000 -63.18,46.48,5000 -63.14,46.48,5000 -63.10,46.49,5000 -63.06,46.49,5000 -63.03,46.50,5000 -63.01,46.50,5000 -62.97,46.50,5000 -62.97,46.50,5000 -62.75,46.53,5000 
          </coordinates>
        </LinearRing>
      </outerBoundaryIs>
      <innerBoundaryIs>
        <LinearRing>
          <coordinates>
-63.06,46.36,6000 -63.04,46.36,6000 -63.02,46.37,6000 -63.00,46.37,6000 -62.98,46.38,6000 -62.96,46.38,6000 -62.94,46.38,6000 -62.93,46.39,6000 -62.91,46.39,6000 -62.89,46.39,6000 -62.87,46.39,6000 -62.86,46.39,6000 -62.84,46.39,6000 -62.83,46.39,6000 -62.81,46.39,6000 -62.80,46.39,6000 -62.79,46.39,6000 -62.77,46.39,6000 -62.76,46.38,6000 -62.75,46.37,6000 -62.74,46.36,6000 -62.73,46.35,6000 -62.72,46.34,6000 -62.71,46.33,6000 -62.71,46.32,6000 -62.70,46.30,6000 -62.70,46.29,6000 -62.70,46.28,6000 -62.70,46.27,6000 -62.70,46.26,6000 -62.71,46.25,6000 -62.71,46.24,6000 -62.72,46.23,6000 -62.73,46.21,6000 -62.73,46.20,6000 -62.74,46.19,6000 -62.75,46.18,6000 -62.76,46.17,6000 -62.77,46.16,6000 -62.78,46.15,6000 -62.78,46.14,6000 -62.79,46.13,6000 -62.80,46.12,6000 -62.81,46.11,6000 -62.82,46.10,6000 -62.84,46.09,6000 -62.85,46.08,6000 -62.86,46.08,6000 -62.87,46.07,6000 -62.89,46.07,6000 -62.91,46.07,6000 -62.92,46.07,6000 -62.94,46.07,6000 -62.95,46.08,6000 -62.97,46.08,6000 -62.98,46.09,6000 -63.00,46.09,6000 -63.02,46.10,6000 -63.04,46.10,6000 -63.05,46.11,6000 -63.07,46.12,6000 -63.09,46.12,6000 -63.10,46.13,6000 -63.12,46.14,6000 -63.13,46.14,6000 -63.15,46.15,6000 -63.17,46.15,6000 -63.18,46.16,6000 -63.20,46.16,6000 -63.22,46.16,6000 -63.23,46.17,6000 -63.24,46.18,6000 -63.25,46.18,6000 -63.26,46.19,6000 -63.26,46.20,6000 -63.26,46.21,6000 -63.26,46.22,6000 -63.25,46.22,6000 -63.25,46.23,6000 -63.24,46.24,6000 -63.23,46.25,6000 -63.22,46.26,6000 -63.21,46.27,6000 -63.20,46.28,6000 -63.19,46.29,6000 -63.18,46.30,6000 -63.17,46.32,6000 -63.16,46.33,6000 -63.14,46.34,6000 -63.13,46.35,6000 -63.06,46.36,6000 
          </coordinates>
        </LinearRing>
      </innerBoundaryIs>
  </Polygon>
 </MultiGeometry>
</Placemark>
<Placemark>
  <name>40%</name>
  <visibility>1</visibility>
  <styleUrl>#poly_40</styleUrl>
  <MultiGeometry>
    <Polygon>
      <outerBoundaryIs>
        <LinearRing>
          <coordinates>
-68.25,50.87,5000 -68.04,50.85,5000 -67.84,50.82,5000 -67.67,50.79,5000 -67.50,50.74,5000 -67.29,50.65,5000 -67.13,50.59,5000 -66.92,50.51,5000 -66.70,50.43,5000 -66.50,50.35,5000 -66.34,50.29,5000 -66.15,50.19,5000 -66.06,50.11,5000 -65.95,49.99,5000 -65.84,49.86,5000 -65.70,49.74,5000 -65.53,49.63,5000 -65.40,49.57,5000 -65.25,49.51,5000 -65.06,49.44,5000 -64.87,49.36,5000 -64.66,49.28,5000 -64.45,49.19,5000 -64.29,49.12,5000 -64.16,49.06,5000 -64.12,49.01,5000 -64.07,48.93,5000 -64.06,48.82,5000 -64.06,48.69,5000 -64.06,48.55,5000 -64.13,48.42,5000 -64.30,48.35,5000 -64.52,48.29,5000 -64.70,48.23,5000 -64.80,48.13,5000 -64.86,48.03,5000 -64.93,47.93,5000 -65.07,47.81,5000 -65.25,47.72,5000 -65.41,47.70,5000 -65.60,47.69,5000 -65.77,47.68,5000 -66.00,47.62,5000 -66.18,47.56,5000 -66.33,47.48,5000 -66.40,47.39,5000 -66.47,47.28,5000 -66.52,47.18,5000 -66.58,47.06,5000 -66.65,46.96,5000 -66.80,46.85,5000 -66.95,46.77,5000 -67.07,46.73,5000 -67.17,46.73,5000 -67.26,46.76,5000 -67.37,46.82,5000 -67.47,46.89,5000 -67.60,46.97,5000 -67.72,47.04,5000 -67.88,47.11,5000 -68.09,47.20,5000 -68.23,47.26,5000 -68.39,47.33,5000 -68.57,47.40,5000 -68.73,47.47,5000 -68.86,47.54,5000 -69.00,47.63,5000 -69.08,47.72,5000 -69.13,47.81,5000 -69.16,47.96,5000 -69.13,48.10,5000 -69.03,48.22,5000 -68.93,48.32,5000 -68.91,48.42,5000 -68.94,48.51,5000 -69.12,48.60,5000 -69.31,48.68,5000 -69.49,48.78,5000 -69.58,48.89,5000 -69.66,49.01,5000 -69.79,49.13,5000 -69.96,49.24,5000 -70.12,49.31,5000 -70.31,49.37,5000 -70.48,49.43,5000 -70.70,49.51,5000 -70.90,49.57,5000 -71.06,49.63,5000 -71.20,49.67,5000 -71.35,49.67,5000 -71.47,49.67,5000 -71.56,49.78,5000 -71.52,49.88,5000 -71.46,49.97,5000 -71.37,50.05,5000 -71.27,50.07,5000 -71.12,50.09,5000 -70.91,50.13,5000 -70.69,50.18,5000 -70.53,50.21,5000 -70.41,50.25,5000 -70.36,50.33,5000 -70.33,50.43,5000 -70.29,50.53,5000 -70.25,50.62,5000 -70.11,50.72,5000 -69.91,50.77,5000 -69.82,50.77,5000 -69.62,50.77,5000 -69.46,50.78,5000 -69.26,50.80,5000 -69.03,50.81,5000 -68.78,50.83,5000 -68.52,50.85,5000 -68.25,50.87,5000 
          </coordinates>
        </LinearRing>
      </outerBoundaryIs>
      <innerBoundaryIs>
        <LinearRing>
          <coordinates>
-68.80,50.80,6000 -68.61,50.81,6000 -68.41,50.82,6000 -68.22,50.81,6000 -68.04,50.80,6000 -67.87,50.77,6000 -67.66,50.72,6000 -67.50,50.67,6000 -67.32,50.61,6000 -67.14,50.54,6000 -66.96,50.47,6000 -66.82,50.42,6000 -66.66,50.36,6000 -66.55,50.31,6000 -66.44,50.26,6000 -66.33,50.21,6000 -66.23,50.16,6000 -66.12,50.08,6000 -66.03,49.99,6000 -65.94,49.88,6000 -65.84,49.76,6000 -65.71,49.66,6000 -65.58,49.59,6000 -65.43,49.52,6000 -65.27,49.46,6000 -65.12,49.40,6000 -64.99,49.35,6000 -64.82,49.28,6000 -64.67,49.22,6000 -64.54,49.16,6000 -64.40,49.10,6000 -64.28,49.04,6000 -64.19,48.98,6000 -64.16,48.85,6000 -64.19,48.73,6000 -64.24,48.65,6000 -64.30,48.59,6000 -64.45,48.54,6000 -64.60,48.53,6000 -64.77,48.54,6000 -64.92,48.59,6000 -65.06,48.64,6000 -65.20,48.67,6000 -65.33,48.68,6000 -65.47,48.61,6000 -65.42,48.52,6000 -65.34,48.39,6000 -65.25,48.26,6000 -65.20,48.16,6000 -65.27,48.04,6000 -65.37,47.99,6000 -65.50,47.96,6000 -65.64,47.95,6000 -65.83,47.92,6000 -65.97,47.87,6000 -66.13,47.81,6000 -66.31,47.75,6000 -66.52,47.71,6000 -66.69,47.70,6000 -66.89,47.71,6000 -67.10,47.72,6000 -67.30,47.74,6000 -67.47,47.74,6000 -67.59,47.72,6000 -67.67,47.62,6000 -67.63,47.48,6000 -67.62,47.37,6000 -67.74,47.34,6000 -67.89,47.35,6000 -68.01,47.36,6000 -68.14,47.40,6000 -68.25,47.44,6000 -68.38,47.49,6000 -68.49,47.54,6000 -68.61,47.61,6000 -68.71,47.70,6000 -68.82,47.81,6000 -68.89,47.93,6000 -68.84,48.03,6000 -68.73,48.13,6000 -68.63,48.19,6000 -68.52,48.25,6000 -68.44,48.33,6000 -68.39,48.45,6000 -68.37,48.58,6000 -68.41,48.68,6000 -68.56,48.72,6000 -68.78,48.73,6000 -68.97,48.75,6000 -69.17,48.80,6000 -69.32,48.88,6000 -69.41,48.95,6000 -69.48,49.04,6000 -69.56,49.12,6000 -69.69,49.22,6000 -69.82,49.30,6000 -69.92,49.35,6000 -70.10,49.43,6000 -70.26,49.48,6000 -70.47,49.53,6000 -70.68,49.59,6000 -70.86,49.67,6000 -70.93,49.77,6000 -70.92,49.85,6000 -70.87,49.94,6000 -70.80,50.04,6000 -70.70,50.15,6000 -70.58,50.26,6000 -70.45,50.38,6000 -70.31,50.50,6000 -70.16,50.62,6000 -68.80,50.80,6000 
          </coordinates>
        </LinearRing>
      </innerBoundaryIs>
      <innerBoundaryIs>
        <LinearRing>
          <coordinates>
-67.01,47.41,6000 -66.99,47.40,6000 -66.98,47.39,6000 -66.96,47.39,6000 -66.94,47.38,6000 -66.93,47.37,6000 -66.91,47.36,6000 -66.90,47.35,6000 -66.88,47.34,6000 -66.87,47.33,6000 -66.86,47.33,6000 -66.84,47.32,6000 -66.83,47.31,6000 -66.82,47.30,6000 -66.81,47.29,6000 -66.81,47.28,6000 -66.80,47.27,6000 -66.79,47.26,6000 -66.79,47.25,6000 -66.79,47.23,6000 -66.79,47.22,6000 -66.79,47.21,6000 -66.80,47.19,6000 -66.80,47.18,6000 -66.80,47.16,6000 -66.81,47.15,6000 -66.81,47.14,6000 -66.82,47.13,6000 -66.82,47.12,6000 -66.83,47.11,6000 -66.83,47.10,6000 -66.83,47.08,6000 -66.83,47.07,6000 -66.86,47.07,6000 -66.87,47.07,6000 -66.89,47.07,6000 -66.90,47.07,6000 -66.92,47.07,6000 -66.94,47.06,6000 -66.96,47.06,6000 -66.99,47.06,6000 -67.01,47.06,6000 -67.03,47.06,6000 -67.05,47.06,6000 -67.07,47.06,6000 -67.09,47.07,6000 -67.11,47.07,6000 -67.12,47.07,6000 -67.14,47.07,6000 -67.16,47.08,6000 -67.17,47.09,6000 -67.18,47.09,6000 -67.19,47.10,6000 -67.20,47.11,6000 -67.21,47.12,6000 -67.22,47.14,6000 -67.23,47.15,6000 -67.23,47.16,6000 -67.24,47.17,6000 -67.24,47.18,6000 -67.25,47.19,6000 -67.25,47.20,6000 -67.25,47.21,6000 -67.26,47.22,6000 -67.26,47.24,6000 -67.26,47.25,6000 -67.26,47.26,6000 -67.26,47.28,6000 -67.27,47.29,6000 -67.27,47.30,6000 -67.27,47.32,6000 -67.27,47.33,6000 -67.01,47.41,6000 
          </coordinates>
        </LinearRing>
      </innerBoundaryIs>
  </Polygon>
 </MultiGeometry>
</Placemark>
<Placemark>
  <name>40%</name>
  <visibility>1</visibility>
  <styleUrl>#poly_40</styleUrl>
  <MultiGeometry>
    <Polygon>
      <outerBoundaryIs>
        <LinearRing>
          <coordinates>
-63.50,45.80,5000 -63.48,45.80,5000 -63.47,45.80,5000 -63.45,45.80,5000 -63.43,45.80,5000 -63.42,45.80,5000 -63.40,45.80,5000 -63.39,45.79,5000 -63.37,45.79,5000 -63.35,45.79,5000 -63.34,45.79,5000 -63.33,45.79,5000 -63.31,45.78,5000 -63.30,45.78,5000 -63.28,45.78,5000 -63.27,45.77,5000 -63.26,45.77,5000 -63.25,45.76,5000 -63.23,45.76,5000 -63.22,45.75,5000 -63.20,45.74,5000 -63.19,45.73,5000 -63.17,45.72,5000 -63.16,45.72,5000 -63.15,45.71,5000 -63.14,45.70,5000 -63.13,45.69,5000 -63.13,45.68,5000 -63.13,45.67,5000 -63.13,45.66,5000 -63.13,45.65,5000 -63.14,45.65,5000 -63.15,45.64,5000 -63.16,45.63,5000 -63.17,45.62,5000 -63.18,45.62,5000 -63.20,45.61,5000 -63.21,45.60,5000 -63.23,45.60,5000 -63.25,45.59,5000 -63.26,45.58,5000 -63.28,45.58,5000 -63.29,45.57,5000 -63.31,45.56,5000 -63.32,45.56,5000 -63.33,45.55,5000 -63.34,45.55,5000 -63.36,45.54,5000 -63.38,45.54,5000 -63.39,45.53,5000 -63.40,45.53,5000 -63.41,45.53,5000 -63.43,45.53,5000 -63.44,45.53,5000 -63.46,45.53,5000 -63.47,45.53,5000 -63.49,45.53,5000 -63.50,45.53,5000 -63.52,45.53,5000 -63.54,45.53,5000 -63.55,45.54,5000 -63.57,45.54,5000 -63.58,45.54,5000 -63.59,45.54,5000 -63.61,45.54,5000 -63.62,45.54,5000 -63.63,45.55,5000 -63.63,45.55,5000 -63.64,45.57,5000 -63.64,45.58,5000 -63.64,45.58,5000 -63.65,45.59,5000 -63.65,45.60,5000 -63.65,45.61,5000 -63.65,45.62,5000 -63.65,45.63,5000 -63.65,45.64,5000 -63.65,45.65,5000 -63.65,45.66,5000 -63.66,45.68,5000 -63.66,45.69,5000 -63.66,45.70,5000 -63.66,45.71,5000 -63.66,45.73,5000 -63.66,45.74,5000 -63.50,45.80,5000 
          </coordinates>
        </LinearRing>
      </outerBoundaryIs>
  </Polygon>
 </MultiGeometry>
</Placemark>
<Placemark>
  <name>40%</name>
  <visibility>1</visibility>
  <styleUrl>#poly_40</styleUrl>
  <MultiGeometry>
    <Polygon>
      <outerBoundaryIs>
        <LinearRing>
          <coordinates>
-109.84,48.43,5000 -109.83,48.43,5000 -109.81,48.42,5000 -109.80,48.42,5000 -109.78,48.41,5000 -109.77,48.41,5000 -109.76,48.40,5000 -109.75,48.40,5000 -109.74,48.39,5000 -109.73,48.38,5000 -109.72,48.37,5000 -109.72,48.36,5000 -109.71,48.35,5000 -109.71,48.34,5000 -109.70,48.33,5000 -109.70,48.32,5000 -109.70,48.31,5000 -109.69,48.30,5000 -109.69,48.29,5000 -109.69,48.28,5000 -109.69,48.27,5000 -109.69,48.26,5000 -109.69,48.25,5000 -109.69,48.24,5000 -109.69,48.23,5000 -109.69,48.22,5000 -109.69,48.21,5000 -109.69,48.20,5000 -109.70,48.19,5000 -109.71,48.18,5000 -109.72,48.17,5000 -109.73,48.16,5000 -109.74,48.16,5000 -109.76,48.16,5000 -109.77,48.15,5000 -109.79,48.15,5000 -109.80,48.15,5000 -109.82,48.15,5000 -109.83,48.15,5000 -109.85,48.15,5000 -109.87,48.15,5000 -109.89,48.15,5000 -109.90,48.15,5000 -109.92,48.15,5000 -109.94,48.15,5000 -109.96,48.16,5000 -109.97,48.16,5000 -109.98,48.17,5000 -109.99,48.17,5000 -110.00,48.18,5000 -110.00,48.19,5000 -110.01,48.19,5000 -110.01,48.20,5000 -110.01,48.21,5000 -110.01,48.22,5000 -110.01,48.23,5000 -110.01,48.24,5000 -110.00,48.25,5000 -110.00,48.26,5000 -110.00,48.27,5000 -109.99,48.28,5000 -109.99,48.29,5000 -109.98,48.30,5000 -109.97,48.31,5000 -109.97,48.32,5000 -109.96,48.34,5000 -109.96,48.35,5000 -109.95,48.36,5000 -109.84,48.43,5000 
          </coordinates>
        </LinearRing>
      </outerBoundaryIs>
  </Polygon>
 </MultiGeometry>
</Placemark>
<Placemark>
  <name>40%</name>
  <visibility>1</visibility>
  <styleUrl>#poly_40</styleUrl>
  <MultiGeometry>
    <Polygon>
      <outerBoundaryIs>
        <LinearRing>
          <coordinates>
-116.92,34.34,5000 -116.90,34.34,5000 -116.88,34.34,5000 -116.87,34.33,5000 -116.85,34.33,5000 -116.83,34.33,5000 -116.82,34.33,5000 -116.80,34.33,5000 -116.78,34.32,5000 -116.77,34.32,5000 -116.76,34.32,5000 -116.74,34.32,5000 -116.73,34.32,5000 -116.72,34.31,5000 -116.71,34.31,5000 -116.70,34.31,5000 -116.68,34.31,5000 -116.67,34.31,5000 -116.67,34.29,5000 -116.67,34.28,5000 -116.66,34.27,5000 -116.66,34.26,5000 -116.66,34.25,5000 -116.65,34.24,5000 -116.65,34.22,5000 -116.65,34.21,5000 -116.64,34.19,5000 -116.64,34.18,5000 -116.64,34.16,5000 -116.63,34.15,5000 -116.63,34.14,5000 -116.63,34.13,5000 -116.63,34.12,5000 -116.63,34.10,5000 -116.62,34.09,5000 -116.63,34.09,5000 -116.65,34.08,5000 -116.66,34.08,5000 -116.67,34.07,5000 -116.68,34.07,5000 -116.69,34.06,5000 -116.70,34.06,5000 -116.72,34.05,5000 -116.73,34.04,5000 -116.75,34.04,5000 -116.76,34.03,5000 -116.78,34.03,5000 -116.80,34.02,5000 -116.81,34.02,5000 -116.82,34.02,5000 -116.84,34.01,5000 -116.85,34.01,5000 -116.86,34.01,5000 -116.88,34.01,5000 -116.89,34.01,5000 -116.91,34.02,5000 -116.92,34.02,5000 -116.93,34.03,5000 -116.94,34.04,5000 -116.95,34.05,5000 -116.96,34.06,5000 -116.97,34.07,5000 -116.98,34.08,5000 -116.98,34.09,5000 -116.99,34.10,5000 -116.99,34.11,5000 -117.00,34.12,5000 -117.00,34.13,5000 -117.01,34.14,5000 -117.02,34.15,5000 -117.02,34.16,5000 -117.03,34.18,5000 -117.03,34.19,5000 -117.04,34.20,5000 -117.04,34.21,5000 -117.05,34.23,5000 -117.05,34.24,5000 -116.92,34.34,5000 
          </coordinates>
        </LinearRing>
      </outerBoundaryIs>
      <innerBoundaryIs>
        <LinearRing>
          <coordinates>
-116.91,34.29,6000 -116.90,34.29,6000 -116.89,34.30,6000 -116.88,34.30,6000 -116.87,34.30,6000 -116.86,34.30,6000 -116.85,34.30,6000 -116.84,34.30,6000 -116.83,34.30,6000 -116.82,34.29,6000 -116.82,34.29,6000 -116.81,34.28,6000 -116.81,34.28,6000 -116.81,34.27,6000 -116.80,34.26,6000 -116.80,34.26,6000 -116.80,34.25,6000 -116.80,34.24,6000 -116.80,34.23,6000 -116.80,34.22,6000 -116.80,34.21,6000 -116.80,34.20,6000 -116.79,34.20,6000 -116.79,34.19,6000 -116.79,34.18,6000 -116.79,34.17,6000 -116.79,34.16,6000 -116.79,34.15,6000 -116.79,34.14,6000 -116.79,34.13,6000 -116.80,34.12,6000 -116.80,34.11,6000 -116.80,34.11,6000 -116.80,34.10,6000 -116.80,34.09,6000 -116.80,34.09,6000 -116.81,34.08,6000 -116.81,34.07,6000 -116.82,34.07,6000 -116.83,34.07,6000 -116.84,34.07,6000 -116.85,34.07,6000 -116.86,34.07,6000 -116.87,34.07,6000 -116.88,34.07,6000 -116.89,34.06,6000 -116.89,34.06,6000 -116.90,34.08,6000 -116.90,34.08,6000 -116.90,34.09,6000 -116.91,34.09,6000 -116.91,34.10,6000 -116.91,34.11,6000 -116.91,34.11,6000 -116.92,34.12,6000 -116.92,34.13,6000 -116.92,34.13,6000 -116.92,34.14,6000 -116.93,34.15,6000 -116.93,34.16,6000 -116.93,34.17,6000 -116.93,34.18,6000 -116.94,34.18,6000 -116.94,34.19,6000 -116.94,34.20,6000 -116.95,34.21,6000 -116.95,34.22,6000 -116.95,34.23,6000 -116.95,34.24,6000 -116.96,34.25,6000 -116.96,34.26,6000 -116.91,34.29,6000 
          </coordinates>
        </LinearRing>
      </innerBoundaryIs>
  </Polygon>
 </MultiGeometry>
</Placemark>
<Placemark>
  <name>40%</name>
  <visibility>1</visibility>
  <styleUrl>#poly_40</styleUrl>
  <MultiGeometry>
    <Polygon>
      <outerBoundaryIs>
        <LinearRing>
          <coordinates>
-107.39,41.51,5000 -107.21,41.46,5000 -107.04,41.43,5000 -106.88,41.41,5000 -106.73,41.41,5000 -106.60,41.46,5000 -106.47,41.51,5000 -106.32,41.50,5000 -106.19,41.45,5000 -106.14,41.28,5000 -106.14,41.18,5000 -106.12,41.07,5000 -106.03,40.98,5000 -105.92,40.89,5000 -105.79,40.82,5000 -105.67,40.73,5000 -105.57,40.58,5000 -105.51,40.40,5000 -105.51,40.24,5000 -105.53,40.07,5000 -105.56,39.92,5000 -105.59,39.80,5000 -105.65,39.67,5000 -105.72,39.56,5000 -105.82,39.42,5000 -105.92,39.27,5000 -106.01,39.12,5000 -106.09,38.95,5000 -106.17,38.75,5000 -106.25,38.57,5000 -106.34,38.44,5000 -106.51,38.37,5000 -106.71,38.37,5000 -106.83,38.36,5000 -106.81,38.29,5000 -106.70,38.19,5000 -106.58,38.06,5000 -106.46,37.90,5000 -106.38,37.77,5000 -106.31,37.62,5000 -106.25,37.49,5000 -106.19,37.37,5000 -106.16,37.24,5000 -106.14,37.10,5000 -106.12,36.93,5000 -106.12,36.80,5000 -106.24,36.68,5000 -106.37,36.65,5000 -106.53,36.65,5000 -106.68,36.69,5000 -106.84,36.77,5000 -107.00,36.88,5000 -107.16,37.00,5000 -107.34,37.09,5000 -107.54,37.15,5000 -107.70,37.16,5000 -107.88,37.16,5000 -108.04,37.18,5000 -108.25,37.25,5000 -108.42,37.34,5000 -108.56,37.46,5000 -108.66,37.58,5000 -108.69,37.70,5000 -108.67,37.81,5000 -108.57,37.94,5000 -108.49,38.01,5000 -108.43,38.10,5000 -108.41,38.22,5000 -108.44,38.35,5000 -108.57,38.49,5000 -108.64,38.57,5000 -108.53,38.53,5000 -108.34,38.44,5000 -108.17,38.37,5000 -107.99,38.34,5000 -107.85,38.35,5000 -107.70,38.45,5000 -107.69,38.59,5000 -107.75,38.74,5000 -107.91,38.82,5000 -108.08,38.91,5000 -108.15,39.02,5000 -108.20,39.16,5000 -108.27,39.27,5000 -108.47,39.36,5000 -108.67,39.40,5000 -108.84,39.44,5000 -108.92,39.52,5000 -108.96,39.61,5000 -108.87,39.69,5000 -108.73,39.75,5000 -108.61,39.78,5000 -108.47,39.81,5000 -108.30,39.84,5000 -108.13,39.89,5000 -108.02,39.98,5000 -107.91,40.09,5000 -107.80,40.19,5000 -107.63,40.29,5000 -107.49,40.39,5000 -107.44,40.51,5000 -107.45,40.65,5000 -107.48,40.77,5000 -107.52,40.91,5000 -107.55,41.03,5000 -107.56,41.16,5000 -107.55,41.26,5000 -107.51,41.37,5000 -107.44,41.47,5000 -107.39,41.51,5000 
          </coordinates>
        </LinearRing>
      </outerBoundaryIs>
      <innerBoundaryIs>
        <LinearRing>
          <coordinates>
-107.38,41.42,6000 -107.15,41.37,6000 -106.95,41.34,6000 -106.78,41.33,6000 -106.64,41.35,6000 -106.49,41.43,6000 -106.26,41.40,6000 -106.24,41.30,6000 -106.24,41.16,6000 -106.22,41.04,6000 -106.14,40.94,6000 -106.03,40.87,6000 -105.87,40.78,6000 -105.71,40.68,6000 -105.62,40.55,6000 -105.57,40.40,6000 -105.56,40.29,6000 -105.56,40.16,6000 -105.59,40.02,6000 -105.64,39.87,6000 -105.71,39.70,6000 -105.80,39.52,6000 -105.89,39.37,6000 -105.99,39.21,6000 -106.09,39.05,6000 -106.17,38.93,6000 -106.23,38.79,6000 -106.27,38.70,6000 -106.33,38.58,6000 -106.45,38.49,6000 -106.62,38.46,6000 -106.83,38.46,6000 -107.00,38.44,6000 -107.12,38.32,6000 -107.01,38.26,6000 -106.88,38.19,6000 -106.73,38.10,6000 -106.62,38.01,6000 -106.50,37.86,6000 -106.43,37.73,6000 -106.35,37.56,6000 -106.28,37.39,6000 -106.22,37.25,6000 -106.16,37.06,6000 -106.15,36.93,6000 -106.18,36.81,6000 -106.27,36.73,6000 -106.45,36.72,6000 -106.65,36.75,6000 -106.81,36.82,6000 -106.95,36.91,6000 -107.06,37.00,6000 -107.19,37.09,6000 -107.32,37.14,6000 -107.47,37.18,6000 -107.61,37.21,6000 -107.80,37.21,6000 -107.99,37.22,6000 -108.17,37.27,6000 -108.34,37.34,6000 -108.47,37.43,6000 -108.56,37.54,6000 -108.60,37.65,6000 -108.61,37.75,6000 -108.56,37.87,6000 -108.44,38.00,6000 -108.28,38.16,6000 -108.14,38.27,6000 -108.00,38.28,6000 -107.88,38.25,6000 -107.75,38.30,6000 -107.65,38.38,6000 -107.61,38.49,6000 -107.61,38.60,6000 -107.64,38.71,6000 -107.71,38.80,6000 -107.85,38.87,6000 -108.00,38.92,6000 -108.11,38.99,6000 -108.14,39.08,6000 -108.17,39.18,6000 -108.22,39.34,6000 -108.38,39.40,6000 -108.57,39.45,6000 -108.74,39.51,6000 -108.78,39.66,6000 -108.65,39.70,6000 -108.46,39.73,6000 -108.29,39.77,6000 -108.13,39.83,6000 -107.99,39.91,6000 -107.85,40.04,6000 -107.71,40.18,6000 -107.59,40.26,6000 -107.48,40.33,6000 -107.36,40.39,6000 -107.27,40.45,6000 -107.34,40.61,6000 -107.39,40.71,6000 -107.44,40.83,6000 -107.48,40.95,6000 -107.49,41.07,6000 -107.47,41.20,6000 -107.45,41.33,6000 -107.38,41.42,6000 
          </coordinates>
        </LinearRing>
      </innerBoundaryIs>
  </Polygon>
 </MultiGeometry>
</Placemark>
<Placemark>
  <name>40%</name>
  <visibility>1</visibility>
  <styleUrl>#poly_40</styleUrl>
  <MultiGeometry>
    <Polygon>
      <outerBoundaryIs>
        <LinearRing>
          <coordinates>
-71.73,49.66,5000 -71.64,49.57,5000 -71.55,49.47,5000 -71.45,49.39,5000 -71.33,49.32,5000 -71.20,49.25,5000 -71.07,49.18,5000 -70.97,49.12,5000 -70.86,49.06,5000 -70.75,49.01,5000 -70.64,48.95,5000 -70.53,48.90,5000 -70.42,48.84,5000 -70.31,48.79,5000 -70.19,48.74,5000 -70.05,48.68,5000 -69.89,48.62,5000 -69.76,48.56,5000 -69.67,48.51,5000 -69.68,48.42,5000 -69.78,48.34,5000 -69.91,48.28,5000 -70.06,48.21,5000 -70.15,48.15,5000 -70.25,48.08,5000 -70.38,48.01,5000 -70.51,47.96,5000 -70.67,47.92,5000 -70.82,47.87,5000 -70.94,47.81,5000 -71.04,47.72,5000 -71.11,47.61,5000 -71.14,47.50,5000 -71.13,47.41,5000 -71.10,47.32,5000 -71.07,47.23,5000 -71.06,47.14,5000 -71.10,47.03,5000 -71.17,46.93,5000 -71.28,46.83,5000 -71.39,46.76,5000 -71.51,46.68,5000 -71.65,46.61,5000 -71.78,46.56,5000 -71.95,46.52,5000 -72.11,46.49,5000 -72.28,46.48,5000 -72.46,46.47,5000 -72.64,46.47,5000 -72.79,46.49,5000 -72.90,46.53,5000 -72.97,46.59,5000 -73.01,46.69,5000 -73.01,46.77,5000 -72.98,46.87,5000 -72.95,46.98,5000 -72.92,47.09,5000 -72.90,47.19,5000 -72.90,47.29,5000 -72.91,47.40,5000 -72.93,47.51,5000 -72.93,47.61,5000 -72.93,47.69,5000 -72.87,47.81,5000 -72.76,47.88,5000 -72.63,47.90,5000 -72.45,47.90,5000 -72.28,47.90,5000 -72.08,47.90,5000 -71.92,47.93,5000 -71.81,47.99,5000 -71.74,48.07,5000 -71.70,48.16,5000 -71.70,48.25,5000 -71.73,48.34,5000 -71.78,48.42,5000 -71.83,48.49,5000 -71.90,48.56,5000 -72.00,48.63,5000 -72.10,48.69,5000 -72.23,48.76,5000 -72.35,48.83,5000 -72.45,48.89,5000 -72.55,48.99,5000 -72.59,49.09,5000 -72.58,49.17,5000 -72.55,49.25,5000 -72.50,49.33,5000 -72.41,49.42,5000 -72.30,49.49,5000 -72.16,49.55,5000 -72.01,49.59,5000 -71.73,49.66,5000 
          </coordinates>
        </LinearRing>
      </outerBoundaryIs>
      <innerBoundaryIs>
        <LinearRing>
          <coordinates>
-72.05,49.46,6000 -71.93,49.45,6000 -71.81,49.42,6000 -71.69,49.37,6000 -71.60,49.31,6000 -71.51,49.23,6000 -71.36,49.14,6000 -71.26,49.09,6000 -71.14,49.04,6000 -71.01,48.99,6000 -70.87,48.93,6000 -70.74,48.87,6000 -70.62,48.82,6000 -70.52,48.78,6000 -70.35,48.71,6000 -70.23,48.66,6000 -70.14,48.60,6000 -70.07,48.53,6000 -70.03,48.45,6000 -70.03,48.38,6000 -70.09,48.32,6000 -70.18,48.26,6000 -70.29,48.21,6000 -70.40,48.17,6000 -70.51,48.13,6000 -70.62,48.10,6000 -70.78,48.09,6000 -70.92,48.07,6000 -71.03,48.01,6000 -71.12,47.92,6000 -71.18,47.86,6000 -71.23,47.80,6000 -71.27,47.68,6000 -71.28,47.60,6000 -71.27,47.50,6000 -71.26,47.40,6000 -71.26,47.28,6000 -71.25,47.17,6000 -71.25,47.08,6000 -71.27,47.00,6000 -71.35,46.89,6000 -71.46,46.83,6000 -71.58,46.78,6000 -71.72,46.73,6000 -71.86,46.68,6000 -72.00,46.65,6000 -72.11,46.63,6000 -72.21,46.63,6000 -72.31,46.63,6000 -72.47,46.66,6000 -72.60,46.70,6000 -72.69,46.75,6000 -72.74,46.82,6000 -72.75,46.89,6000 -72.73,47.00,6000 -72.72,47.09,6000 -72.70,47.20,6000 -72.68,47.31,6000 -72.65,47.41,6000 -72.62,47.51,6000 -72.58,47.60,6000 -72.50,47.67,6000 -72.39,47.70,6000 -72.25,47.72,6000 -72.10,47.74,6000 -71.97,47.76,6000 -71.84,47.80,6000 -71.73,47.84,6000 -71.63,47.89,6000 -71.54,47.95,6000 -71.47,48.01,6000 -71.43,48.08,6000 -71.41,48.17,6000 -71.46,48.28,6000 -71.51,48.34,6000 -71.58,48.41,6000 -71.66,48.48,6000 -71.77,48.56,6000 -71.87,48.63,6000 -71.99,48.70,6000 -72.11,48.78,6000 -72.24,48.85,6000 -72.35,48.93,6000 -72.42,48.99,6000 -72.46,49.09,6000 -72.43,49.18,6000 -72.40,49.24,6000 -72.34,49.33,6000 -72.26,49.38,6000 -72.16,49.43,6000 -72.05,49.46,6000 -72.05,49.46,6000 
          </coordinates>
        </LinearRing>
      </innerBoundaryIs>
  </Polygon>
 </MultiGeometry>
</Placemark>
<Placemark>
  <name>40%</name>
  <visibility>1</visibility>
  <styleUrl>#poly_40</styleUrl>
  <MultiGeometry>
    <Polygon>
      <outerBoundaryIs>
        <LinearRing>
          <coordinates>
-109.63,34.17,5000 -109.62,34.17,5000 -109.61,34.17,5000 -109.60,34.16,5000 -109.58,34.15,5000 -109.56,34.15,5000 -109.54,34.14,5000 -109.52,34.13,5000 -109.50,34.13,5000 -109.48,34.12,5000 -109.46,34.11,5000 -109.45,34.10,5000 -109.43,34.09,5000 -109.41,34.09,5000 -109.40,34.08,5000 -109.38,34.07,5000 -109.36,34.06,5000 -109.35,34.05,5000 -109.34,34.04,5000 -109.33,34.03,5000 -109.32,34.01,5000 -109.31,34.00,5000 -109.31,33.98,5000 -109.30,33.97,5000 -109.30,33.95,5000 -109.29,33.94,5000 -109.29,33.92,5000 -109.28,33.90,5000 -109.28,33.88,5000 -109.28,33.87,5000 -109.28,33.85,5000 -109.28,33.84,5000 -109.28,33.82,5000 -109.29,33.81,5000 -109.30,33.79,5000 -109.30,33.78,5000 -109.32,33.77,5000 -109.33,33.76,5000 -109.34,33.75,5000 -109.36,33.74,5000 -109.37,33.73,5000 -109.39,33.73,5000 -109.41,33.73,5000 -109.43,33.72,5000 -109.45,33.72,5000 -109.47,33.72,5000 -109.49,33.72,5000 -109.51,33.72,5000 -109.53,33.72,5000 -109.55,33.72,5000 -109.57,33.72,5000 -109.59,33.72,5000 -109.61,33.73,5000 -109.62,33.74,5000 -109.64,33.74,5000 -109.65,33.75,5000 -109.67,33.76,5000 -109.68,33.77,5000 -109.70,33.79,5000 -109.71,33.80,5000 -109.72,33.81,5000 -109.73,33.83,5000 -109.74,33.84,5000 -109.76,33.86,5000 -109.77,33.88,5000 -109.78,33.89,5000 -109.79,33.91,5000 -109.80,33.93,5000 -109.81,33.94,5000 -109.81,33.95,5000 -109.82,33.96,5000 -109.83,33.97,5000 -109.82,33.98,5000 -109.81,33.99,5000 -109.80,34.00,5000 -109.80,34.01,5000 -109.79,34.02,5000 -109.77,34.03,5000 -109.76,34.04,5000 -109.75,34.06,5000 -109.74,34.07,5000 -109.72,34.09,5000 -109.71,34.10,5000 -109.69,34.12,5000 -109.68,34.14,5000 -109.67,34.15,5000 -109.65,34.17,5000 -109.63,34.17,5000 
          </coordinates>
        </LinearRing>
      </outerBoundaryIs>
      <innerBoundaryIs>
        <LinearRing>
          <coordinates>
-109.62,34.10,6000 -109.60,34.09,6000 -109.59,34.09,6000 -109.57,34.08,6000 -109.56,34.08,6000 -109.54,34.07,6000 -109.53,34.07,6000 -109.51,34.06,6000 -109.50,34.06,6000 -109.48,34.05,6000 -109.47,34.05,6000 -109.46,34.04,6000 -109.45,34.04,6000 -109.43,34.04,6000 -109.42,34.03,6000 -109.41,34.03,6000 -109.41,34.03,6000 -109.40,34.02,6000 -109.39,34.02,6000 -109.37,34.02,6000 -109.38,34.01,6000 -109.38,34.00,6000 -109.38,33.99,6000 -109.37,33.98,6000 -109.37,33.97,6000 -109.37,33.96,6000 -109.37,33.95,6000 -109.37,33.93,6000 -109.36,33.92,6000 -109.36,33.91,6000 -109.36,33.89,6000 -109.36,33.88,6000 -109.35,33.87,6000 -109.35,33.86,6000 -109.35,33.85,6000 -109.35,33.84,6000 -109.35,33.83,6000 -109.35,33.81,6000 -109.35,33.81,6000 -109.37,33.81,6000 -109.38,33.81,6000 -109.39,33.81,6000 -109.40,33.80,6000 -109.42,33.80,6000 -109.43,33.80,6000 -109.45,33.80,6000 -109.46,33.79,6000 -109.48,33.79,6000 -109.50,33.79,6000 -109.51,33.79,6000 -109.53,33.78,6000 -109.55,33.78,6000 -109.56,33.78,6000 -109.57,33.78,6000 -109.58,33.78,6000 -109.60,33.78,6000 -109.61,33.78,6000 -109.61,33.79,6000 -109.62,33.79,6000 -109.63,33.81,6000 -109.63,33.82,6000 -109.64,33.82,6000 -109.65,33.83,6000 -109.65,33.84,6000 -109.66,33.85,6000 -109.66,33.86,6000 -109.67,33.87,6000 -109.68,33.88,6000 -109.68,33.89,6000 -109.69,33.90,6000 -109.70,33.91,6000 -109.70,33.92,6000 -109.71,33.93,6000 -109.72,33.94,6000 -109.73,33.96,6000 -109.73,33.97,6000 -109.74,33.98,6000 -109.62,34.10,6000 
          </coordinates>
        </LinearRing>
      </innerBoundaryIs>
  </Polygon>
 </MultiGeometry>
</Placemark>
<Placemark>
  <name>40%</name>
  <visibility>1</visibility>
  <styleUrl>#poly_40</styleUrl>
  <MultiGeometry>
    <Polygon>
      <outerBoundaryIs>
        <LinearRing>
          <coordinates>
-112.03,35.52,5000 -111.98,35.53,5000 -111.94,35.53,5000 -111.89,35.54,5000 -111.85,35.54,5000 -111.81,35.53,5000 -111.77,35.52,5000 -111.73,35.50,5000 -111.69,35.47,5000 -111.66,35.45,5000 -111.63,35.43,5000 -111.59,35.40,5000 -111.56,35.37,5000 -111.53,35.34,5000 -111.51,35.30,5000 -111.48,35.26,5000 -111.46,35.23,5000 -111.45,35.20,5000 -111.43,35.16,5000 -111.41,35.12,5000 -111.39,35.09,5000 -111.37,35.06,5000 -111.35,35.02,5000 -111.32,34.99,5000 -111.30,34.95,5000 -111.28,34.92,5000 -111.26,34.89,5000 -111.24,34.85,5000 -111.22,34.82,5000 -111.20,34.78,5000 -111.17,34.75,5000 -111.14,34.72,5000 -111.10,34.68,5000 -111.07,34.65,5000 -111.03,34.62,5000 -111.01,34.60,5000 -110.99,34.59,5000 -110.97,34.56,5000 -110.95,34.52,5000 -110.92,34.48,5000 -110.90,34.44,5000 -110.89,34.41,5000 -110.91,34.37,5000 -110.97,34.36,5000 -111.01,34.36,5000 -111.06,34.37,5000 -111.11,34.38,5000 -111.15,34.39,5000 -111.17,34.39,5000 -111.20,34.41,5000 -111.23,34.43,5000 -111.28,34.46,5000 -111.32,34.49,5000 -111.37,34.52,5000 -111.40,34.54,5000 -111.43,34.56,5000 -111.45,34.58,5000 -111.47,34.61,5000 -111.49,34.64,5000 -111.51,34.67,5000 -111.54,34.71,5000 -111.57,34.74,5000 -111.60,34.78,5000 -111.63,34.82,5000 -111.66,34.86,5000 -111.68,34.88,5000 -111.71,34.89,5000 -111.74,34.90,5000 -111.78,34.93,5000 -111.83,34.95,5000 -111.88,34.97,5000 -111.92,34.99,5000 -111.95,35.01,5000 -111.98,35.02,5000 -112.00,35.03,5000 -112.03,35.05,5000 -112.08,35.08,5000 -112.13,35.11,5000 -112.17,35.14,5000 -112.20,35.16,5000 -112.22,35.19,5000 -112.22,35.22,5000 -112.22,35.25,5000 -112.22,35.28,5000 -112.22,35.31,5000 -112.21,35.34,5000 -112.21,35.37,5000 -112.03,35.52,5000 
          </coordinates>
        </LinearRing>
      </outerBoundaryIs>
      <innerBoundaryIs>
        <LinearRing>
          <coordinates>
-112.02,35.46,6000 -111.98,35.46,6000 -111.94,35.47,6000 -111.90,35.47,6000 -111.86,35.47,6000 -111.83,35.47,6000 -111.80,35.47,6000 -111.76,35.46,6000 -111.74,35.45,6000 -111.71,35.42,6000 -111.69,35.40,6000 -111.66,35.37,6000 -111.62,35.34,6000 -111.59,35.31,6000 -111.57,35.29,6000 -111.55,35.27,6000 -111.54,35.26,6000 -111.53,35.24,6000 -111.52,35.21,6000 -111.50,35.18,6000 -111.49,35.15,6000 -111.47,35.11,6000 -111.46,35.08,6000 -111.45,35.05,6000 -111.43,35.01,6000 -111.42,34.98,6000 -111.41,34.95,6000 -111.40,34.91,6000 -111.40,34.88,6000 -111.41,34.84,6000 -111.42,34.80,6000 -111.42,34.77,6000 -111.43,34.74,6000 -111.42,34.72,6000 -111.39,34.71,6000 -111.34,34.72,6000 -111.29,34.73,6000 -111.25,34.73,6000 -111.22,34.71,6000 -111.20,34.67,6000 -111.18,34.63,6000 -111.17,34.60,6000 -111.16,34.57,6000 -111.18,34.53,6000 -111.22,34.52,6000 -111.24,34.53,6000 -111.27,34.56,6000 -111.29,34.58,6000 -111.32,34.60,6000 -111.35,34.62,6000 -111.38,34.64,6000 -111.42,34.67,6000 -111.45,34.70,6000 -111.47,34.72,6000 -111.49,34.75,6000 -111.51,34.78,6000 -111.52,34.81,6000 -111.54,34.84,6000 -111.55,34.87,6000 -111.57,34.89,6000 -111.60,34.91,6000 -111.64,34.93,6000 -111.68,34.94,6000 -111.72,34.96,6000 -111.75,34.98,6000 -111.79,34.99,6000 -111.83,35.01,6000 -111.86,35.03,6000 -111.89,35.04,6000 -111.92,35.05,6000 -111.96,35.07,6000 -111.99,35.08,6000 -112.02,35.10,6000 -112.06,35.12,6000 -112.09,35.14,6000 -112.12,35.16,6000 -112.14,35.19,6000 -112.15,35.22,6000 -112.15,35.25,6000 -112.15,35.28,6000 -112.14,35.31,6000 -112.13,35.35,6000 -112.12,35.38,6000 -112.02,35.46,6000 
          </coordinates>
        </LinearRing>
      </innerBoundaryIs>
  </Polygon>
 </MultiGeometry>
</Placemark>
<Placemark>
  <name>40%</name>
  <visibility>1</visibility>
  <styleUrl>#poly_40</styleUrl>
  <MultiGeometry>
    <Polygon>
      <outerBoundaryIs>
        <LinearRing>
          <coordinates>
-123.55,45.97,5000 -123.51,45.97,5000 -123.47,45.96,5000 -123.44,45.96,5000 -123.40,45.96,5000 -123.37,45.95,5000 -123.34,45.95,5000 -123.31,45.95,5000 -123.29,45.94,5000 -123.26,45.93,5000 -123.24,45.92,5000 -123.23,45.90,5000 -123.22,45.88,5000 -123.22,45.86,5000 -123.22,45.84,5000 -123.21,45.82,5000 -123.22,45.79,5000 -123.22,45.77,5000 -123.22,45.74,5000 -123.22,45.72,5000 -123.22,45.71,5000 -123.22,45.70,5000 -123.22,45.69,5000 -123.23,45.67,5000 -123.24,45.64,5000 -123.24,45.62,5000 -123.25,45.59,5000 -123.26,45.57,5000 -123.27,45.54,5000 -123.28,45.52,5000 -123.29,45.50,5000 -123.30,45.47,5000 -123.31,45.45,5000 -123.32,45.43,5000 -123.33,45.41,5000 -123.35,45.39,5000 -123.37,45.38,5000 -123.39,45.37,5000 -123.42,45.36,5000 -123.45,45.35,5000 -123.48,45.34,5000 -123.52,45.33,5000 -123.55,45.33,5000 -123.58,45.33,5000 -123.60,45.33,5000 -123.62,45.34,5000 -123.64,45.35,5000 -123.65,45.37,5000 -123.67,45.39,5000 -123.68,45.41,5000 -123.69,45.44,5000 -123.70,45.46,5000 -123.71,45.48,5000 -123.72,45.50,5000 -123.73,45.52,5000 -123.73,45.55,5000 -123.74,45.57,5000 -123.74,45.59,5000 -123.75,45.61,5000 -123.75,45.63,5000 -123.75,45.66,5000 -123.75,45.68,5000 -123.74,45.70,5000 -123.74,45.72,5000 -123.73,45.74,5000 -123.72,45.76,5000 -123.71,45.78,5000 -123.70,45.79,5000 -123.69,45.81,5000 -123.55,45.97,5000 
          </coordinates>
        </LinearRing>
      </outerBoundaryIs>
      <innerBoundaryIs>
        <LinearRing>
          <coordinates>
-123.52,45.88,6000 -123.50,45.88,6000 -123.48,45.88,6000 -123.46,45.88,6000 -123.44,45.87,6000 -123.43,45.86,6000 -123.41,45.85,6000 -123.40,45.84,6000 -123.39,45.83,6000 -123.39,45.82,6000 -123.38,45.81,6000 -123.37,45.79,6000 -123.36,45.78,6000 -123.35,45.76,6000 -123.35,45.75,6000 -123.34,45.73,6000 -123.34,45.72,6000 -123.33,45.70,6000 -123.33,45.69,6000 -123.33,45.68,6000 -123.33,45.66,6000 -123.33,45.64,6000 -123.33,45.63,6000 -123.34,45.61,6000 -123.34,45.59,6000 -123.35,45.58,6000 -123.35,45.56,6000 -123.36,45.55,6000 -123.36,45.53,6000 -123.37,45.52,6000 -123.37,45.51,6000 -123.38,45.48,6000 -123.38,45.47,6000 -123.40,45.47,6000 -123.41,45.47,6000 -123.43,45.47,6000 -123.45,45.46,6000 -123.48,45.46,6000 -123.50,45.46,6000 -123.52,45.47,6000 -123.54,45.47,6000 -123.56,45.48,6000 -123.57,45.49,6000 -123.58,45.50,6000 -123.59,45.51,6000 -123.60,45.52,6000 -123.62,45.53,6000 -123.63,45.55,6000 -123.63,45.56,6000 -123.64,45.58,6000 -123.65,45.59,6000 -123.65,45.61,6000 -123.66,45.63,6000 -123.66,45.64,6000 -123.66,45.65,6000 -123.66,45.67,6000 -123.65,45.68,6000 -123.65,45.70,6000 -123.64,45.71,6000 -123.64,45.72,6000 -123.63,45.74,6000 -123.62,45.75,6000 -123.61,45.77,6000 -123.60,45.78,6000 -123.59,45.80,6000 -123.58,45.81,6000 -123.57,45.83,6000 -123.52,45.88,6000 
          </coordinates>
        </LinearRing>
      </innerBoundaryIs>
  </Polygon>
 </MultiGeometry>
</Placemark>
<Placemark>
  <name>40%</name>
  <visibility>1</visibility>
  <styleUrl>#poly_40</styleUrl>
  <MultiGeometry>
    <Polygon>
      <outerBoundaryIs>
        <LinearRing>
          <coordinates>
-119.26,34.88,5000 -119.24,34.88,5000 -119.23,34.88,5000 -119.21,34.89,5000 -119.19,34.89,5000 -119.18,34.89,5000 -119.16,34.89,5000 -119.15,34.89,5000 -119.13,34.89,5000 -119.12,34.90,5000 -119.11,34.90,5000 -119.09,34.90,5000 -119.08,34.90,5000 -119.07,34.90,5000 -119.06,34.90,5000 -119.05,34.90,5000 -119.04,34.90,5000 -119.02,34.90,5000 -119.01,34.90,5000 -119.01,34.90,5000 -119.00,34.88,5000 -119.00,34.87,5000 -118.99,34.87,5000 -118.99,34.86,5000 -118.98,34.85,5000 -118.98,34.83,5000 -118.97,34.82,5000 -118.97,34.81,5000 -118.96,34.80,5000 -118.96,34.78,5000 -118.96,34.77,5000 -118.95,34.76,5000 -118.95,34.75,5000 -118.95,34.74,5000 -118.94,34.73,5000 -118.94,34.72,5000 -118.94,34.71,5000 -118.94,34.69,5000 -118.94,34.68,5000 -118.94,34.67,5000 -118.95,34.67,5000 -118.96,34.66,5000 -118.98,34.65,5000 -118.99,34.65,5000 -119.00,34.64,5000 -119.01,34.64,5000 -119.02,34.63,5000 -119.04,34.63,5000 -119.05,34.62,5000 -119.06,34.62,5000 -119.08,34.61,5000 -119.09,34.61,5000 -119.11,34.60,5000 -119.12,34.60,5000 -119.14,34.60,5000 -119.15,34.59,5000 -119.17,34.59,5000 -119.18,34.59,5000 -119.19,34.59,5000 -119.21,34.59,5000 -119.22,34.59,5000 -119.24,34.59,5000 -119.25,34.60,5000 -119.27,34.60,5000 -119.28,34.60,5000 -119.29,34.61,5000 -119.30,34.62,5000 -119.32,34.62,5000 -119.33,34.63,5000 -119.33,34.64,5000 -119.34,34.65,5000 -119.34,34.66,5000 -119.35,34.67,5000 -119.35,34.68,5000 -119.35,34.69,5000 -119.35,34.70,5000 -119.35,34.71,5000 -119.35,34.72,5000 -119.35,34.73,5000 -119.34,34.74,5000 -119.34,34.75,5000 -119.34,34.77,5000 -119.33,34.78,5000 -119.33,34.79,5000 -119.33,34.80,5000 -119.32,34.82,5000 -119.32,34.83,5000 -119.26,34.88,5000 
          </coordinates>
        </LinearRing>
      </outerBoundaryIs>
  </Polygon>
 </MultiGeometry>
</Placemark>
<Placemark>
  <name>50%</name>
  <visibility>1</visibility>
  <styleUrl>#poly_50</styleUrl>
  <MultiGeometry>
    <Polygon>
      <outerBoundaryIs>
        <LinearRing>
          <coordinates>
-107.38,41.42,6000 -107.15,41.37,6000 -106.95,41.34,6000 -106.78,41.33,6000 -106.64,41.35,6000 -106.49,41.43,6000 -106.26,41.40,6000 -106.24,41.30,6000 -106.24,41.16,6000 -106.22,41.04,6000 -106.14,40.94,6000 -106.03,40.87,6000 -105.87,40.78,6000 -105.71,40.68,6000 -105.62,40.55,6000 -105.57,40.40,6000 -105.56,40.29,6000 -105.56,40.16,6000 -105.59,40.02,6000 -105.64,39.87,6000 -105.71,39.70,6000 -105.80,39.52,6000 -105.89,39.37,6000 -105.99,39.21,6000 -106.09,39.05,6000 -106.17,38.93,6000 -106.23,38.79,6000 -106.27,38.70,6000 -106.33,38.58,6000 -106.45,38.49,6000 -106.62,38.46,6000 -106.83,38.46,6000 -107.00,38.44,6000 -107.12,38.32,6000 -107.01,38.26,6000 -106.88,38.19,6000 -106.73,38.10,6000 -106.62,38.01,6000 -106.50,37.86,6000 -106.43,37.73,6000 -106.35,37.56,6000 -106.28,37.39,6000 -106.22,37.25,6000 -106.16,37.06,6000 -106.15,36.93,6000 -106.18,36.81,6000 -106.27,36.73,6000 -106.45,36.72,6000 -106.65,36.75,6000 -106.81,36.82,6000 -106.95,36.91,6000 -107.06,37.00,6000 -107.19,37.09,6000 -107.32,37.14,6000 -107.47,37.18,6000 -107.61,37.21,6000 -107.80,37.21,6000 -107.99,37.22,6000 -108.17,37.27,6000 -108.34,37.34,6000 -108.47,37.43,6000 -108.56,37.54,6000 -108.60,37.65,6000 -108.61,37.75,6000 -108.56,37.87,6000 -108.44,38.00,6000 -108.28,38.16,6000 -108.14,38.27,6000 -108.00,38.28,6000 -107.88,38.25,6000 -107.75,38.30,6000 -107.65,38.38,6000 -107.61,38.49,6000 -107.61,38.60,6000 -107.64,38.71,6000 -107.71,38.80,6000 -107.85,38.87,6000 -108.00,38.92,6000 -108.11,38.99,6000 -108.14,39.08,6000 -108.17,39.18,6000 -108.22,39.34,6000 -108.38,39.40,6000 -108.57,39.45,6000 -108.74,39.51,6000 -108.78,39.66,6000 -108.65,39.70,6000 -108.46,39.73,6000 -108.29,39.77,6000 -108.13,39.83,6000 -107.99,39.91,6000 -107.85,40.04,6000 -107.71,40.18,6000 -107.59,40.26,6000 -107.48,40.33,6000 -107.36,40.39,6000 -107.27,40.45,6000 -107.34,40.61,6000 -107.39,40.71,6000 -107.44,40.83,6000 -107.48,40.95,6000 -107.49,41.07,6000 -107.47,41.20,6000 -107.45,41.33,6000 -107.38,41.42,6000 
          </coordinates>
        </LinearRing>
      </outerBoundaryIs>
      <innerBoundaryIs>
        <LinearRing>
          <coordinates>
-107.37,41.32,7000 -107.13,41.31,7000 -106.91,41.30,7000 -106.72,41.30,7000 -106.57,41.30,7000 -106.43,41.38,7000 -106.39,41.23,7000 -106.34,41.04,7000 -106.23,40.90,7000 -106.09,40.79,7000 -105.93,40.72,7000 -105.78,40.64,7000 -105.68,40.51,7000 -105.62,40.38,7000 -105.60,40.31,7000 -105.63,40.20,7000 -105.67,40.07,7000 -105.71,39.91,7000 -105.77,39.74,7000 -105.84,39.58,7000 -105.92,39.43,7000 -106.01,39.29,7000 -106.11,39.15,7000 -106.18,39.03,7000 -106.26,38.85,7000 -106.32,38.71,7000 -106.42,38.60,7000 -106.54,38.54,7000 -106.66,38.54,7000 -106.80,38.56,7000 -107.00,38.54,7000 -107.18,38.50,7000 -107.30,38.41,7000 -107.33,38.30,7000 -107.20,38.22,7000 -107.01,38.15,7000 -106.85,38.08,7000 -106.71,38.00,7000 -106.59,37.87,7000 -106.49,37.72,7000 -106.41,37.59,7000 -106.35,37.45,7000 -106.30,37.32,7000 -106.26,37.18,7000 -106.23,37.06,7000 -106.24,36.92,7000 -106.28,36.82,7000 -106.38,36.73,7000 -106.47,36.74,7000 -106.62,36.80,7000 -106.75,36.87,7000 -106.90,36.97,7000 -107.06,37.07,7000 -107.20,37.15,7000 -107.38,37.22,7000 -107.54,37.25,7000 -107.70,37.26,7000 -107.87,37.26,7000 -108.02,37.27,7000 -108.18,37.31,7000 -108.31,37.38,7000 -108.44,37.50,7000 -108.53,37.63,7000 -108.53,37.75,7000 -108.48,37.86,7000 -108.37,37.97,7000 -108.25,38.07,7000 -108.10,38.17,7000 -107.99,38.18,7000 -107.86,38.18,7000 -107.73,38.21,7000 -107.62,38.25,7000 -107.51,38.37,7000 -107.51,38.48,7000 -107.53,38.59,7000 -107.57,38.69,7000 -107.62,38.78,7000 -107.76,38.89,7000 -107.88,38.92,7000 -108.00,38.97,7000 -108.06,39.07,7000 -108.10,39.18,7000 -108.13,39.29,7000 -108.17,39.38,7000 -108.28,39.43,7000 -108.39,39.46,7000 -108.52,39.47,7000 -108.62,39.54,7000 -108.66,39.62,7000 -108.57,39.62,7000 -108.32,39.70,7000 -108.19,39.78,7000 -108.01,39.88,7000 -107.81,40.00,7000 -107.61,40.13,7000 -107.42,40.26,7000 -107.26,40.37,7000 -107.15,40.45,7000 -107.14,40.59,7000 -107.29,40.67,7000 -107.35,40.80,7000 -107.40,40.95,7000 -107.37,41.32,7000 
          </coordinates>
        </LinearRing>
      </innerBoundaryIs>
      <innerBoundaryIs>
        <LinearRing>
          <coordinates>
-106.51,39.97,7000 -106.50,39.98,7000 -106.49,39.98,7000 -106.48,39.98,7000 -106.47,39.99,7000 -106.46,39.99,7000 -106.45,40.00,7000 -106.44,40.00,7000 -106.43,40.01,7000 -106.42,40.01,7000 -106.41,40.02,7000 -106.41,40.02,7000 -106.40,40.03,7000 -106.39,40.03,7000 -106.38,40.03,7000 -106.37,40.04,7000 -106.36,40.04,7000 -106.35,40.04,7000 -106.35,40.05,7000 -106.34,40.05,7000 -106.33,40.05,7000 -106.32,40.05,7000 -106.32,40.06,7000 -106.31,40.06,7000 -106.30,40.06,7000 -106.30,40.06,7000 -106.29,40.06,7000 -106.28,40.06,7000 -106.27,40.06,7000 -106.26,40.06,7000 -106.25,40.05,7000 -106.24,40.05,7000 -106.23,40.04,7000 -106.23,40.03,7000 -106.22,40.03,7000 -106.21,40.02,7000 -106.21,40.01,7000 -106.21,40.01,7000 -106.20,40.00,7000 -106.20,39.99,7000 -106.20,39.99,7000 -106.20,39.98,7000 -106.20,39.98,7000 -106.21,39.97,7000 -106.21,39.97,7000 -106.22,39.96,7000 -106.23,39.96,7000 -106.24,39.96,7000 -106.25,39.95,7000 -106.27,39.95,7000 -106.28,39.95,7000 -106.29,39.95,7000 -106.29,39.95,7000 -106.30,39.95,7000 -106.31,39.95,7000 -106.32,39.95,7000 -106.33,39.95,7000 -106.34,39.95,7000 -106.35,39.95,7000 -106.36,39.95,7000 -106.38,39.95,7000 -106.39,39.95,7000 -106.40,39.95,7000 -106.41,39.95,7000 -106.42,39.95,7000 -106.43,39.95,7000 -106.44,39.95,7000 -106.45,39.96,7000 -106.46,39.96,7000 -106.47,39.96,7000 -106.48,39.96,7000 -106.49,39.96,7000 -106.50,39.96,7000 -106.50,39.96,7000 -106.51,39.96,7000 -106.54,39.96,7000 -106.52,39.97,7000 -106.51,39.97,7000 
          </coordinates>
        </LinearRing>
      </innerBoundaryIs>
  </Polygon>
 </MultiGeometry>
</Placemark>
<Placemark>
  <name>50%</name>
  <visibility>1</visibility>
  <styleUrl>#poly_50</styleUrl>
  <MultiGeometry>
    <Polygon>
      <outerBoundaryIs>
        <LinearRing>
          <coordinates>
-125.09,50.63,6000 -124.40,50.74,6000 -124.08,50.78,6000 -123.81,50.76,6000 -123.52,50.59,6000 -123.10,50.49,6000 -122.62,50.37,6000 -122.08,50.30,6000 -121.43,49.93,6000 -121.10,49.78,6000 -120.84,49.37,6000 -120.74,49.24,6000 -120.47,49.21,6000 -120.21,49.26,6000 -120.01,49.15,6000 -119.85,48.90,6000 -120.01,48.60,6000 -120.21,48.51,6000 -120.31,48.38,6000 -120.41,48.13,6000 -120.71,47.81,6000 -120.79,47.57,6000 -120.95,47.24,6000 -121.04,46.87,6000 -121.09,46.55,6000 -121.16,46.24,6000 -121.45,45.96,6000 -121.58,45.74,6000 -121.47,45.30,6000 -121.55,44.95,6000 -121.56,44.51,6000 -121.49,44.25,6000 -121.33,44.01,6000 -120.76,43.65,6000 -120.89,43.48,6000 -120.87,43.33,6000 -120.57,43.27,6000 -120.33,43.31,6000 -120.18,43.43,6000 -119.93,43.54,6000 -119.66,43.41,6000 -119.39,43.19,6000 -119.06,43.08,6000 -118.46,43.08,6000 -118.36,42.94,6000 -118.41,42.73,6000 -118.52,42.45,6000 -118.43,42.31,6000 -118.13,42.31,6000 -117.57,42.39,6000 -117.23,42.48,6000 -117.16,42.88,6000 -117.12,43.01,6000 -116.96,43.08,6000 -116.60,42.90,6000 -116.27,42.61,6000 -116.00,42.36,6000 -115.67,42.15,6000 -115.38,42.08,6000 -115.08,42.09,6000 -114.75,42.03,6000 -114.47,42.05,6000 -114.35,42.12,6000 -114.07,42.08,6000 -113.78,42.06,6000 -113.60,41.99,6000 -113.55,41.83,6000 -113.81,41.75,6000 -114.05,41.76,6000 -114.23,41.82,6000 -114.48,41.75,6000 -114.59,41.37,6000 -114.57,41.01,6000 -114.78,40.71,6000 -114.81,40.48,6000 -114.71,40.26,6000 -114.47,39.96,6000 -114.34,39.61,6000 -114.23,39.33,6000 -114.14,38.94,6000 -114.09,38.68,6000 -113.92,38.50,6000 -113.61,38.34,6000 -113.37,38.04,6000 -113.10,37.97,6000 -112.75,38.20,6000 -112.60,38.48,6000 -112.34,38.63,6000 -111.84,38.76,6000 -111.60,38.91,6000 -111.55,38.54,6000 -111.50,38.34,6000 -111.34,38.12,6000 -111.51,37.78,6000 -111.84,37.48,6000 -112.19,37.21,6000 -112.54,37.06,6000 -112.96,37.10,6000 -113.39,37.30,6000 -113.80,37.37,6000 -114.33,37.47,6000 -114.46,37.66,6000 -114.54,37.92,6000 -114.70,38.13,6000 -114.95,38.33,6000 -115.12,38.40,6000 -115.39,38.41,6000 -115.76,38.56,6000 -116.15,38.31,6000 -116.37,37.98,6000 -116.55,37.85,6000 -116.79,37.88,6000 -116.97,37.92,6000 -117.28,37.87,6000 -117.26,37.46,6000 -117.49,37.25,6000 -117.68,36.97,6000 -117.70,36.70,6000 -117.55,36.32,6000 -117.51,36.08,6000 -117.86,35.84,6000 -118.04,35.57,6000 -118.23,35.32,6000 -118.50,35.38,6000 -118.68,35.77,6000 -118.80,36.22,6000 -118.95,36.52,6000 -119.23,36.89,6000 -119.49,37.11,6000 -119.78,37.35,6000 -120.05,37.66,6000 -120.28,37.94,6000 -120.49,38.19,6000 -120.70,38.63,6000 -120.91,38.98,6000 -121.12,39.31,6000 -121.34,39.59,6000 -121.58,39.82,6000 -121.79,40.18,6000 -121.96,40.60,6000 -122.27,40.77,6000 -122.54,40.65,6000 -122.70,40.49,6000 -122.75,40.33,6000 -122.66,39.85,6000 -122.64,39.41,6000 -122.79,39.30,6000 -123.09,39.30,6000 -123.37,39.47,6000 -123.54,39.66,6000 -123.65,39.88,6000 -123.76,40.22,6000 -123.88,40.65,6000 -123.95,41.11,6000 -124.00,41.55,6000 -124.07,41.93,6000 -124.13,42.23,6000 -124.14,42.48,6000 -124.05,42.73,6000 -123.79,42.94,6000 -123.66,43.04,6000 -123.43,43.09,6000 -123.28,43.25,6000 -123.27,43.38,6000 -123.18,43.70,6000 -122.98,43.90,6000 -122.82,44.21,6000 -122.71,44.55,6000 -122.58,44.91,6000 -122.34,45.21,6000 -122.26,45.33,6000 -122.28,45.55,6000 -122.54,45.91,6000 -122.65,46.05,6000 -122.65,46.23,6000 -122.50,46.51,6000 -122.34,46.74,6000 -122.09,46.98,6000 -121.82,47.30,6000 -121.71,47.56,6000 -121.75,47.94,6000 -121.98,48.29,6000 -122.14,48.55,6000 -122.16,48.82,6000 -122.07,49.14,6000 -122.65,49.21,6000 -123.15,49.32,6000 -123.63,49.45,6000 -124.00,49.69,6000 -124.34,49.82,6000 -124.65,49.98,6000 -124.92,50.28,6000 -125.11,50.36,6000 -125.24,50.52,6000 -125.09,50.63,6000 
          </coordinates>
        </LinearRing>
      </outerBoundaryIs>
      <innerBoundaryIs>
        <LinearRing>
          <coordinates>
-118.83,40.05,6000 -118.79,40.07,6000 -118.74,40.10,6000 -118.70,40.12,6000 -118.65,40.13,6000 -118.61,40.13,6000 -118.56,40.12,6000 -118.51,40.10,6000 -118.46,40.07,6000 -118.41,40.05,6000 -118.38,40.03,6000 -118.35,40.00,6000 -118.33,39.97,6000 -118.30,39.94,6000 -118.27,39.90,6000 -118.26,39.87,6000 -118.26,39.83,6000 -118.28,39.80,6000 -118.30,39.77,6000 -118.31,39.74,6000 -118.32,39.69,6000 -118.33,39.66,6000 -118.34,39.62,6000 -118.35,39.58,6000 -118.36,39.54,6000 -118.37,39.50,6000 -118.38,39.46,6000 -118.38,39.42,6000 -118.38,39.38,6000 -118.39,39.35,6000 -118.39,39.32,6000 -118.40,39.28,6000 -118.41,39.24,6000 -118.43,39.21,6000 -118.45,39.19,6000 -118.48,39.16,6000 -118.50,39.12,6000 -118.51,39.08,6000 -118.52,39.04,6000 -118.53,38.99,6000 -118.54,38.96,6000 -118.57,38.94,6000 -118.60,38.95,6000 -118.65,38.97,6000 -118.70,39.00,6000 -118.75,39.03,6000 -118.79,39.06,6000 -118.82,39.08,6000 -118.84,39.08,6000 -118.86,39.10,6000 -118.89,39.13,6000 -118.92,39.17,6000 -118.95,39.21,6000 -118.98,39.24,6000 -119.01,39.27,6000 -119.03,39.30,6000 -119.06,39.33,6000 -119.08,39.37,6000 -119.10,39.40,6000 -119.11,39.43,6000 -119.12,39.47,6000 -119.12,39.51,6000 -119.12,39.54,6000 -119.12,39.58,6000 -119.11,39.62,6000 -119.11,39.66,6000 -119.09,39.69,6000 -119.08,39.73,6000 -119.07,39.76,6000 -119.05,39.80,6000 -119.03,39.82,6000 -119.01,39.85,6000 -118.99,39.88,6000 -118.96,39.90,6000 -118.93,39.93,6000 -118.90,39.96,6000 -118.83,40.05,6000 
          </coordinates>
        </LinearRing>
      </innerBoundaryIs>
      <innerBoundaryIs>
        <LinearRing>
          <coordinates>
-118.18,41.31,7000 -118.17,41.31,7000 -118.16,41.31,7000 -118.15,41.30,7000 -118.14,41.29,7000 -118.13,41.28,7000 -118.12,41.27,7000 -118.11,41.26,7000 -118.10,41.25,7000 -118.09,41.23,7000 -118.09,41.22,7000 -118.08,41.20,7000 -118.07,41.19,7000 -118.07,41.18,7000 -118.06,41.16,7000 -118.06,41.15,7000 -118.06,41.14,7000 -118.06,41.12,7000 -118.05,41.11,7000 -118.05,41.10,7000 -118.05,41.08,7000 -118.05,41.06,7000 -118.05,41.05,7000 -118.06,41.03,7000 -118.06,41.02,7000 -118.06,41.01,7000 -118.07,41.00,7000 -118.07,40.99,7000 -118.08,40.98,7000 -118.09,40.97,7000 -118.10,40.97,7000 -118.11,40.97,7000 -118.12,40.97,7000 -118.13,40.97,7000 -118.15,40.98,7000 -118.16,40.98,7000 -118.18,40.99,7000 -118.20,40.99,7000 -118.21,41.00,7000 -118.23,41.01,7000 -118.25,41.02,7000 -118.27,41.03,7000 -118.28,41.03,7000 -118.30,41.04,7000 -118.32,41.05,7000 -118.33,41.06,7000 -118.34,41.07,7000 -118.35,41.08,7000 -118.36,41.09,7000 -118.37,41.10,7000 -118.37,41.11,7000 -118.37,41.12,7000 -118.37,41.13,7000 -118.37,41.14,7000 -118.36,41.15,7000 -118.35,41.16,7000 -118.34,41.18,7000 -118.33,41.19,7000 -118.32,41.20,7000 -118.31,41.22,7000 -118.30,41.23,7000 -118.29,41.24,7000 -118.27,41.25,7000 -118.26,41.26,7000 -118.25,41.27,7000 -118.23,41.28,7000 -118.22,41.29,7000 -118.21,41.30,7000 -118.20,41.30,7000 -118.19,41.31,7000 -118.18,41.31,7000 -118.18,41.31,7000 
          </coordinates>
        </LinearRing>
      </innerBoundaryIs>
      <innerBoundaryIs>
        <LinearRing>
          <coordinates>
-121.81,49.39,7000 -121.79,49.39,7000 -121.78,49.40,7000 -121.76,49.40,7000 -121.74,49.41,7000 -121.73,49.41,7000 -121.71,49.42,7000 -121.70,49.42,7000 -121.68,49.42,7000 -121.67,49.43,7000 -121.65,49.43,7000 -121.64,49.43,7000 -121.62,49.44,7000 -121.61,49.44,7000 -121.60,49.44,7000 -121.58,49.44,7000 -121.57,49.44,7000 -121.56,49.44,7000 -121.54,49.44,7000 -121.53,49.44,7000 -121.51,49.43,7000 -121.49,49.43,7000 -121.48,49.42,7000 -121.47,49.41,7000 -121.46,49.41,7000 -121.45,49.40,7000 -121.44,49.39,7000 -121.43,49.39,7000 -121.43,49.38,7000 -121.43,49.37,7000 -121.43,49.37,7000 -121.44,49.37,7000 -121.45,49.36,7000 -121.46,49.36,7000 -121.48,49.35,7000 -121.50,49.35,7000 -121.51,49.34,7000 -121.53,49.33,7000 -121.54,49.33,7000 -121.55,49.32,7000 -121.56,49.31,7000 -121.57,49.31,7000 -121.58,49.30,7000 -121.59,49.29,7000 -121.60,49.28,7000 -121.62,49.27,7000 -121.63,49.26,7000 -121.64,49.26,7000 -121.65,49.25,7000 -121.67,49.24,7000 -121.68,49.23,7000 -121.69,49.23,7000 -121.70,49.22,7000 -121.72,49.22,7000 -121.73,49.21,7000 -121.74,49.21,7000 -121.75,49.21,7000 -121.76,49.21,7000 -121.77,49.21,7000 -121.79,49.21,7000 -121.80,49.22,7000 -121.81,49.22,7000 -121.82,49.22,7000 -121.83,49.23,7000 -121.85,49.24,7000 -121.86,49.24,7000 -121.87,49.25,7000 -121.88,49.26,7000 -121.89,49.27,7000 -121.90,49.27,7000 -121.92,49.28,7000 -121.93,49.29,7000 -121.94,49.30,7000 -121.95,49.31,7000 -121.81,49.39,7000 
          </coordinates>
        </LinearRing>
      </innerBoundaryIs>
      <innerBoundaryIs>
        <LinearRing>
          <coordinates>
-125.08,50.59,7000 -124.40,50.70,7000 -123.86,50.73,7000 -123.53,50.56,7000 -123.20,50.48,7000 -122.73,50.33,7000 -122.30,50.27,7000 -121.98,50.12,7000 -121.62,49.89,7000 -121.36,49.66,7000 -121.07,49.27,7000 -120.90,48.94,7000 -120.52,48.96,7000 -120.18,49.03,7000 -120.10,48.87,7000 -120.32,48.82,7000 -120.50,48.62,7000 -120.55,48.31,7000 -120.72,48.03,7000 -120.89,47.75,7000 -120.95,47.39,7000 -121.09,47.07,7000 -121.14,46.77,7000 -121.19,46.47,7000 -121.33,46.14,7000 -121.56,45.95,7000 -121.57,45.56,7000 -121.56,45.15,7000 -121.63,44.76,7000 -121.62,44.38,7000 -121.31,43.87,7000 -121.16,43.76,7000 -121.13,43.60,7000 -121.19,43.38,7000 -121.05,43.21,7000 -120.85,43.14,7000 -120.51,43.12,7000 -120.22,43.11,7000 -119.97,43.16,7000 -119.83,43.21,7000 -119.15,42.96,7000 -118.50,42.68,7000 -118.63,42.49,7000 -118.65,42.31,7000 -118.41,42.24,7000 -117.76,42.29,7000 -117.29,42.26,7000 -116.98,42.10,7000 -116.81,42.15,7000 -116.87,42.34,7000 -117.06,42.66,7000 -116.99,42.87,7000 -116.83,42.94,7000 -116.65,42.83,7000 -116.35,42.59,7000 -115.85,42.16,7000 -115.39,42.01,7000 -115.02,42.00,7000 -114.79,41.87,7000 -114.74,41.69,7000 -114.71,41.25,7000 -114.70,41.04,7000 -114.80,40.89,7000 -114.94,40.61,7000 -114.78,40.21,7000 -114.58,39.92,7000 -114.51,39.70,7000 -114.36,39.45,7000 -114.22,38.97,7000 -114.15,38.53,7000 -113.86,38.39,7000 -113.62,38.28,7000 -113.55,38.16,7000 -113.49,37.97,7000 -113.31,37.88,7000 -112.83,37.99,7000 -112.64,38.19,7000 -112.58,38.39,7000 -112.45,38.50,7000 -112.03,38.61,7000 -111.72,38.66,7000 -111.57,38.31,7000 -111.46,38.19,7000 -111.40,37.98,7000 -111.66,37.73,7000 -111.99,37.44,7000 -112.31,37.18,7000 -112.57,37.11,7000 -112.94,37.15,7000 -113.37,37.33,7000 -113.69,37.40,7000 -114.22,37.49,7000 -114.37,37.65,7000 -114.40,37.84,7000 -114.55,38.08,7000 -114.80,38.32,7000 -115.18,38.53,7000 -115.56,38.71,7000 -115.81,38.66,7000 -115.96,38.56,7000 -116.20,38.36,7000 -116.52,37.94,7000 -116.92,38.01,7000 -117.27,38.12,7000 -117.52,38.36,7000 -117.77,38.24,7000 -117.91,38.13,7000 -117.88,38.00,7000 -117.67,37.78,7000 -117.49,37.67,7000 -117.37,37.47,7000 -117.67,37.14,7000 -117.77,36.87,7000 -117.67,36.41,7000 -117.59,36.22,7000 -117.67,36.02,7000 -117.97,35.78,7000 -118.13,35.53,7000 -118.30,35.39,7000 -118.50,35.45,7000 -118.63,35.79,7000 -118.77,36.28,7000 -118.98,36.64,7000 -119.24,36.96,7000 -119.54,37.21,7000 -119.84,37.45,7000 -120.06,37.73,7000 -120.27,37.97,7000 -120.49,38.26,7000 -120.65,38.61,7000 -120.82,38.97,7000 -121.04,39.30,7000 -121.26,39.58,7000 -121.55,39.86,7000 -121.72,40.10,7000 -121.86,40.51,7000 -122.06,40.76,7000 -122.31,40.82,7000 -122.56,40.71,7000 -122.77,40.48,7000 -122.79,40.22,7000 -122.74,40.00,7000 -122.67,39.55,7000 -122.82,39.33,7000 -123.10,39.36,7000 -123.43,39.61,7000 -123.61,39.97,7000 -123.78,40.43,7000 -123.86,40.84,7000 -123.92,41.24,7000 -123.98,41.67,7000 -124.04,42.04,7000 -124.07,42.34,7000 -123.97,42.67,7000 -123.69,42.86,7000 -123.39,42.96,7000 -123.22,43.09,7000 -123.18,43.41,7000 -122.98,43.75,7000 -122.77,44.12,7000 -122.67,44.45,7000 -122.60,44.72,7000 -122.50,44.94,7000 -122.31,45.15,7000 -122.19,45.41,7000 -122.24,45.62,7000 -122.51,45.99,7000 -122.56,46.20,7000 -122.47,46.37,7000 -122.29,46.67,7000 -121.89,47.11,7000 -121.71,47.36,7000 -121.63,47.55,7000 -121.63,47.77,7000 -121.83,48.22,7000 -122.07,48.56,7000 -122.09,48.75,7000 -121.98,48.98,7000 -121.83,49.12,7000 -121.97,49.25,7000 -122.20,49.25,7000 -122.56,49.25,7000 -123.07,49.34,7000 -123.44,49.45,7000 -123.76,49.56,7000 -123.98,49.74,7000 -124.57,49.99,7000 -124.74,50.17,7000 -125.04,50.38,7000 -125.08,50.59,7000 
          </coordinates>
        </LinearRing>
      </innerBoundaryIs>
      <innerBoundaryIs>
        <LinearRing>
          <coordinates>
-118.85,41.14,7000 -118.82,41.13,7000 -118.79,41.12,7000 -118.76,41.12,7000 -118.74,41.11,7000 -118.71,41.10,7000 -118.68,41.09,7000 -118.66,41.09,7000 -118.64,41.08,7000 -118.62,41.07,7000 -118.61,41.07,7000 -118.60,41.05,7000 -118.59,41.05,7000 -118.57,41.05,7000 -118.56,41.06,7000 -118.53,41.07,7000 -118.51,41.08,7000 -118.48,41.09,7000 -118.45,41.10,7000 -118.43,41.11,7000 -118.40,41.11,7000 -118.37,41.11,7000 -118.35,41.11,7000 -118.33,41.10,7000 -118.30,41.09,7000 -118.27,41.08,7000 -118.25,41.06,7000 -118.22,41.05,7000 -118.19,41.04,7000 -118.17,41.02,7000 -118.15,41.01,7000 -118.13,40.99,7000 -118.11,40.98,7000 -118.10,40.97,7000 -118.10,40.96,7000 -118.10,40.95,7000 -118.12,40.94,7000 -118.14,40.93,7000 -118.16,40.92,7000 -118.19,40.91,7000 -118.23,40.90,7000 -118.26,40.89,7000 -118.29,40.89,7000 -118.32,40.88,7000 -118.35,40.88,7000 -118.37,40.87,7000 -118.40,40.87,7000 -118.42,40.87,7000 -118.45,40.87,7000 -118.47,40.87,7000 -118.50,40.87,7000 -118.52,40.86,7000 -118.55,40.86,7000 -118.57,40.85,7000 -118.60,40.85,7000 -118.62,40.84,7000 -118.65,40.83,7000 -118.67,40.82,7000 -118.70,40.81,7000 -118.72,40.81,7000 -118.75,40.80,7000 -118.77,40.80,7000 -118.80,40.80,7000 -118.82,40.80,7000 -118.85,40.80,7000 -118.88,40.80,7000 -118.91,40.81,7000 -118.94,40.81,7000 -118.96,40.82,7000 -118.98,40.83,7000 -119.00,40.84,7000 -119.01,40.85,7000 -119.02,40.87,7000 -119.02,40.89,7000 -119.03,40.91,7000 -119.03,40.93,7000 -119.02,40.95,7000 -119.02,40.97,7000 -119.01,41.00,7000 -119.01,41.02,7000 -118.85,41.14,7000 
          </coordinates>
        </LinearRing>
      </innerBoundaryIs>
      <innerBoundaryIs>
        <LinearRing>
          <coordinates>
-118.86,40.19,7000 -118.78,40.22,7000 -118.71,40.24,7000 -118.64,40.25,7000 -118.59,40.24,7000 -118.54,40.23,7000 -118.48,40.20,7000 -118.42,40.17,7000 -118.35,40.14,7000 -118.29,40.10,7000 -118.23,40.06,7000 -118.19,40.02,7000 -118.15,39.98,7000 -118.13,39.93,7000 -118.11,39.89,7000 -118.11,39.83,7000 -118.12,39.77,7000 -118.15,39.71,7000 -118.18,39.67,7000 -118.22,39.62,7000 -118.25,39.57,7000 -118.28,39.51,7000 -118.29,39.46,7000 -118.30,39.40,7000 -118.30,39.33,7000 -118.30,39.26,7000 -118.29,39.20,7000 -118.28,39.15,7000 -118.25,39.09,7000 -118.20,39.05,7000 -118.16,39.00,7000 -118.12,38.96,7000 -118.09,38.91,7000 -118.07,38.85,7000 -118.06,38.80,7000 -118.07,38.75,7000 -118.10,38.71,7000 -118.15,38.67,7000 -118.21,38.64,7000 -118.27,38.62,7000 -118.34,38.60,7000 -118.42,38.60,7000 -118.50,38.61,7000 -118.55,38.63,7000 -118.60,38.65,7000 -118.66,38.68,7000 -118.71,38.72,7000 -118.76,38.76,7000 -118.80,38.80,7000 -118.85,38.85,7000 -118.89,38.90,7000 -118.94,38.96,7000 -118.98,39.01,7000 -119.01,39.05,7000 -119.05,39.10,7000 -119.07,39.13,7000 -119.09,39.17,7000 -119.11,39.22,7000 -119.13,39.27,7000 -119.15,39.33,7000 -119.17,39.39,7000 -119.19,39.45,7000 -119.20,39.51,7000 -119.21,39.56,7000 -119.21,39.62,7000 -119.20,39.66,7000 -119.19,39.70,7000 -119.17,39.75,7000 -119.15,39.79,7000 -119.13,39.84,7000 -119.10,39.88,7000 -119.07,39.93,7000 -119.04,39.98,7000 -118.86,40.19,7000 
          </coordinates>
        </LinearRing>
      </innerBoundaryIs>
  </Polygon>
 </MultiGeometry>
</Placemark>
<Placemark>
  <name>50%</name>
  <visibility>1</visibility>
  <styleUrl>#poly_50</styleUrl>
  <MultiGeometry>
    <Polygon>
      <outerBoundaryIs>
        <LinearRing>
          <coordinates>
-68.80,50.80,6000 -68.61,50.81,6000 -68.41,50.82,6000 -68.22,50.81,6000 -68.04,50.80,6000 -67.87,50.77,6000 -67.66,50.72,6000 -67.50,50.67,6000 -67.32,50.61,6000 -67.14,50.54,6000 -66.96,50.47,6000 -66.82,50.42,6000 -66.66,50.36,6000 -66.55,50.31,6000 -66.44,50.26,6000 -66.33,50.21,6000 -66.23,50.16,6000 -66.12,50.08,6000 -66.03,49.99,6000 -65.94,49.88,6000 -65.84,49.76,6000 -65.71,49.66,6000 -65.58,49.59,6000 -65.43,49.52,6000 -65.27,49.46,6000 -65.12,49.40,6000 -64.99,49.35,6000 -64.82,49.28,6000 -64.67,49.22,6000 -64.54,49.16,6000 -64.40,49.10,6000 -64.28,49.04,6000 -64.19,48.98,6000 -64.16,48.85,6000 -64.19,48.73,6000 -64.24,48.65,6000 -64.30,48.59,6000 -64.45,48.54,6000 -64.60,48.53,6000 -64.77,48.54,6000 -64.92,48.59,6000 -65.06,48.64,6000 -65.20,48.67,6000 -65.33,48.68,6000 -65.47,48.61,6000 -65.42,48.52,6000 -65.34,48.39,6000 -65.25,48.26,6000 -65.20,48.16,6000 -65.27,48.04,6000 -65.37,47.99,6000 -65.50,47.96,6000 -65.64,47.95,6000 -65.83,47.92,6000 -65.97,47.87,6000 -66.13,47.81,6000 -66.31,47.75,6000 -66.52,47.71,6000 -66.69,47.70,6000 -66.89,47.71,6000 -67.10,47.72,6000 -67.30,47.74,6000 -67.47,47.74,6000 -67.59,47.72,6000 -67.67,47.62,6000 -67.63,47.48,6000 -67.62,47.37,6000 -67.74,47.34,6000 -67.89,47.35,6000 -68.01,47.36,6000 -68.14,47.40,6000 -68.25,47.44,6000 -68.38,47.49,6000 -68.49,47.54,6000 -68.61,47.61,6000 -68.71,47.70,6000 -68.82,47.81,6000 -68.89,47.93,6000 -68.84,48.03,6000 -68.73,48.13,6000 -68.63,48.19,6000 -68.52,48.25,6000 -68.44,48.33,6000 -68.39,48.45,6000 -68.37,48.58,6000 -68.41,48.68,6000 -68.56,48.72,6000 -68.78,48.73,6000 -68.97,48.75,6000 -69.17,48.80,6000 -69.32,48.88,6000 -69.41,48.95,6000 -69.48,49.04,6000 -69.56,49.12,6000 -69.69,49.22,6000 -69.82,49.30,6000 -69.92,49.35,6000 -70.10,49.43,6000 -70.26,49.48,6000 -70.47,49.53,6000 -70.68,49.59,6000 -70.86,49.67,6000 -70.93,49.77,6000 -70.92,49.85,6000 -70.87,49.94,6000 -70.80,50.04,6000 -70.70,50.15,6000 -70.58,50.26,6000 -70.45,50.38,6000 -70.31,50.50,6000 -70.16,50.62,6000 -68.80,50.80,6000 
          </coordinates>
        </LinearRing>
      </outerBoundaryIs>
      <innerBoundaryIs>
        <LinearRing>
          <coordinates>
-68.82,50.75,7000 -68.63,50.76,7000 -68.43,50.76,7000 -68.24,50.75,7000 -68.06,50.74,7000 -67.89,50.72,7000 -67.68,50.67,7000 -67.53,50.62,7000 -67.35,50.56,7000 -67.18,50.50,7000 -67.00,50.43,7000 -66.84,50.36,7000 -66.69,50.30,7000 -66.55,50.24,7000 -66.42,50.18,7000 -66.30,50.12,7000 -66.19,50.05,7000 -66.10,49.97,7000 -66.03,49.88,7000 -65.96,49.79,7000 -65.88,49.70,7000 -65.78,49.62,7000 -65.65,49.55,7000 -65.49,49.48,7000 -65.32,49.42,7000 -65.16,49.36,7000 -65.00,49.29,7000 -64.84,49.22,7000 -64.68,49.15,7000 -64.52,49.08,7000 -64.38,49.01,7000 -64.29,48.95,7000 -64.24,48.84,7000 -64.32,48.76,7000 -64.43,48.70,7000 -64.60,48.69,7000 -64.75,48.73,7000 -64.93,48.79,7000 -65.12,48.84,7000 -65.28,48.86,7000 -65.45,48.87,7000 -65.62,48.88,7000 -65.75,48.89,7000 -65.92,48.88,7000 -66.02,48.89,7000 -66.10,48.96,7000 -66.14,49.05,7000 -66.12,49.14,7000 -66.10,49.23,7000 -66.12,49.31,7000 -66.19,49.35,7000 -66.31,49.33,7000 -66.47,49.28,7000 -66.60,49.24,7000 -66.73,49.21,7000 -66.81,49.17,7000 -66.83,49.10,7000 -66.77,49.02,7000 -66.62,49.00,7000 -66.43,48.99,7000 -66.27,48.93,7000 -66.20,48.83,7000 -66.16,48.71,7000 -66.13,48.57,7000 -66.12,48.46,7000 -66.13,48.35,7000 -66.17,48.26,7000 -66.24,48.19,7000 -66.36,48.14,7000 -66.52,48.11,7000 -66.67,48.10,7000 -66.81,48.11,7000 -66.94,48.13,7000 -67.06,48.15,7000 -67.22,48.19,7000 -67.37,48.23,7000 -67.54,48.24,7000 -67.70,48.26,7000 -67.85,48.31,7000 -67.96,48.38,7000 -67.97,48.47,7000 -67.93,48.58,7000 -67.85,48.68,7000 -67.82,48.78,7000 -67.90,48.84,7000 -68.04,48.90,7000 -68.19,48.93,7000 -68.35,48.93,7000 -68.53,48.90,7000 -68.70,48.89,7000 -68.84,48.88,7000 -68.97,48.89,7000 -69.10,48.93,7000 -69.21,49.00,7000 -69.32,49.10,7000 -69.43,49.21,7000 -69.56,49.31,7000 -69.68,49.38,7000 -69.81,49.45,7000 -69.94,49.51,7000 -70.07,49.57,7000 -70.19,49.62,7000 -70.36,49.69,7000 -70.52,49.74,7000 -70.63,49.80,7000 -70.72,49.91,7000 -70.70,50.01,7000 -70.59,50.06,7000 -70.44,50.11,7000 -70.31,50.15,7000 -70.23,50.20,7000 -70.20,50.26,7000 -70.20,50.33,7000 -70.20,50.41,7000 -70.17,50.50,7000 -70.10,50.59,7000 -69.99,50.65,7000 -69.85,50.68,7000 -69.69,50.69,7000 -69.51,50.69,7000 -68.82,50.75,7000 
          </coordinates>
        </LinearRing>
      </innerBoundaryIs>
  </Polygon>
 </MultiGeometry>
</Placemark>
<Placemark>
  <name>50%</name>
  <visibility>1</visibility>
  <styleUrl>#poly_50</styleUrl>
  <MultiGeometry>
    <Polygon>
      <outerBoundaryIs>
        <LinearRing>
          <coordinates>
-124.22,48.06,6000 -124.18,48.07,6000 -124.14,48.09,6000 -124.10,48.10,6000 -124.06,48.11,6000 -124.02,48.12,6000 -123.98,48.13,6000 -123.94,48.13,6000 -123.89,48.13,6000 -123.85,48.13,6000 -123.80,48.13,6000 -123.76,48.12,6000 -123.72,48.12,6000 -123.67,48.11,6000 -123.63,48.10,6000 -123.58,48.10,6000 -123.54,48.09,6000 -123.51,48.08,6000 -123.48,48.08,6000 -123.45,48.07,6000 -123.42,48.06,6000 -123.38,48.05,6000 -123.33,48.04,6000 -123.29,48.02,6000 -123.24,48.01,6000 -123.20,48.00,6000 -123.17,47.99,6000 -123.13,47.98,6000 -123.11,47.96,6000 -123.09,47.94,6000 -123.07,47.92,6000 -123.05,47.89,6000 -123.02,47.87,6000 -123.00,47.84,6000 -122.99,47.81,6000 -122.98,47.78,6000 -122.98,47.75,6000 -122.99,47.72,6000 -122.99,47.69,6000 -123.00,47.66,6000 -123.00,47.64,6000 -123.01,47.61,6000 -123.02,47.59,6000 -123.03,47.56,6000 -123.04,47.53,6000 -123.06,47.51,6000 -123.08,47.48,6000 -123.10,47.45,6000 -123.12,47.43,6000 -123.14,47.40,6000 -123.16,47.38,6000 -123.19,47.35,6000 -123.22,47.33,6000 -123.25,47.31,6000 -123.28,47.29,6000 -123.32,47.27,6000 -123.36,47.25,6000 -123.40,47.24,6000 -123.44,47.23,6000 -123.48,47.23,6000 -123.53,47.23,6000 -123.57,47.24,6000 -123.62,47.25,6000 -123.66,47.26,6000 -123.70,47.27,6000 -123.74,47.28,6000 -123.78,47.30,6000 -123.81,47.32,6000 -123.85,47.34,6000 -123.88,47.36,6000 -123.91,47.38,6000 -123.94,47.41,6000 -123.97,47.44,6000 -124.00,47.46,6000 -124.03,47.49,6000 -124.06,47.52,6000 -124.08,47.55,6000 -124.10,47.58,6000 -124.12,47.61,6000 -124.14,47.64,6000 -124.16,47.67,6000 -124.17,47.69,6000 -124.19,47.72,6000 -124.20,47.75,6000 -124.22,47.77,6000 -124.23,47.80,6000 -124.24,47.83,6000 -124.25,47.86,6000 -124.25,47.88,6000 -124.26,47.91,6000 -124.27,47.94,6000 -124.27,47.97,6000 -124.22,48.06,6000 
          </coordinates>
        </LinearRing>
      </outerBoundaryIs>
      <innerBoundaryIs>
        <LinearRing>
          <coordinates>
-124.19,47.98,7000 -124.17,48.00,7000 -124.14,48.02,7000 -124.10,48.04,7000 -124.06,48.06,7000 -124.01,48.07,7000 -123.97,48.08,7000 -123.93,48.08,7000 -123.88,48.08,7000 -123.83,48.08,7000 -123.78,48.08,7000 -123.74,48.07,7000 -123.71,48.07,7000 -123.67,48.07,7000 -123.63,48.06,7000 -123.60,48.05,7000 -123.56,48.05,7000 -123.52,48.04,7000 -123.47,48.03,7000 -123.43,48.02,7000 -123.39,48.01,7000 -123.35,48.00,7000 -123.31,47.99,7000 -123.26,47.97,7000 -123.23,47.96,7000 -123.20,47.95,7000 -123.17,47.93,7000 -123.15,47.91,7000 -123.13,47.89,7000 -123.11,47.87,7000 -123.08,47.85,7000 -123.06,47.83,7000 -123.05,47.80,7000 -123.04,47.78,7000 -123.04,47.75,7000 -123.04,47.72,7000 -123.04,47.69,7000 -123.05,47.66,7000 -123.06,47.63,7000 -123.07,47.61,7000 -123.09,47.58,7000 -123.10,47.55,7000 -123.12,47.53,7000 -123.14,47.50,7000 -123.16,47.48,7000 -123.18,47.46,7000 -123.19,47.44,7000 -123.21,47.41,7000 -123.21,47.41,7000 -123.24,47.39,7000 -123.26,47.38,7000 -123.29,47.36,7000 -123.32,47.34,7000 -123.35,47.33,7000 -123.39,47.31,7000 -123.43,47.30,7000 -123.46,47.29,7000 -123.50,47.29,7000 -123.54,47.29,7000 -123.58,47.30,7000 -123.62,47.31,7000 -123.66,47.32,7000 -123.69,47.32,7000 -123.72,47.33,7000 -123.76,47.33,7000 -123.78,47.35,7000 -123.80,47.36,7000 -123.82,47.38,7000 -123.85,47.41,7000 -123.87,47.43,7000 -123.90,47.45,7000 -123.93,47.48,7000 -123.95,47.50,7000 -123.98,47.53,7000 -124.00,47.55,7000 -124.02,47.58,7000 -124.05,47.61,7000 -124.07,47.63,7000 -124.08,47.65,7000 -124.09,47.67,7000 -124.10,47.69,7000 -124.12,47.72,7000 -124.13,47.75,7000 -124.15,47.78,7000 -124.16,47.81,7000 -124.17,47.84,7000 -124.18,47.87,7000 -124.19,47.90,7000 -124.20,47.93,7000 -124.20,47.96,7000 -124.19,47.98,7000 -124.19,47.98,7000 
          </coordinates>
        </LinearRing>
      </innerBoundaryIs>
  </Polygon>
 </MultiGeometry>
</Placemark>
<Placemark>
  <name>50%</name>
  <visibility>1</visibility>
  <styleUrl>#poly_50</styleUrl>
  <MultiGeometry>
    <Polygon>
      <outerBoundaryIs>
        <LinearRing>
          <coordinates>
-116.91,34.29,6000 -116.90,34.29,6000 -116.89,34.30,6000 -116.88,34.30,6000 -116.87,34.30,6000 -116.86,34.30,6000 -116.85,34.30,6000 -116.84,34.30,6000 -116.83,34.30,6000 -116.82,34.29,6000 -116.82,34.29,6000 -116.81,34.28,6000 -116.81,34.28,6000 -116.81,34.27,6000 -116.80,34.26,6000 -116.80,34.26,6000 -116.80,34.25,6000 -116.80,34.24,6000 -116.80,34.23,6000 -116.80,34.22,6000 -116.80,34.21,6000 -116.80,34.20,6000 -116.79,34.20,6000 -116.79,34.19,6000 -116.79,34.18,6000 -116.79,34.17,6000 -116.79,34.16,6000 -116.79,34.15,6000 -116.79,34.14,6000 -116.79,34.13,6000 -116.80,34.12,6000 -116.80,34.11,6000 -116.80,34.11,6000 -116.80,34.10,6000 -116.80,34.09,6000 -116.80,34.09,6000 -116.81,34.08,6000 -116.81,34.07,6000 -116.82,34.07,6000 -116.83,34.07,6000 -116.84,34.07,6000 -116.85,34.07,6000 -116.86,34.07,6000 -116.87,34.07,6000 -116.88,34.07,6000 -116.89,34.06,6000 -116.89,34.06,6000 -116.90,34.08,6000 -116.90,34.08,6000 -116.90,34.09,6000 -116.91,34.09,6000 -116.91,34.10,6000 -116.91,34.11,6000 -116.91,34.11,6000 -116.92,34.12,6000 -116.92,34.13,6000 -116.92,34.13,6000 -116.92,34.14,6000 -116.93,34.15,6000 -116.93,34.16,6000 -116.93,34.17,6000 -116.93,34.18,6000 -116.94,34.18,6000 -116.94,34.19,6000 -116.94,34.20,6000 -116.95,34.21,6000 -116.95,34.22,6000 -116.95,34.23,6000 -116.95,34.24,6000 -116.96,34.25,6000 -116.96,34.26,6000 -116.91,34.29,6000 
          </coordinates>
        </LinearRing>
      </outerBoundaryIs>
  </Polygon>
 </MultiGeometry>
</Placemark>
<Placemark>
  <name>50%</name>
  <visibility>1</visibility>
  <styleUrl>#poly_50</styleUrl>
  <MultiGeometry>
    <Polygon>
      <outerBoundaryIs>
        <LinearRing>
          <coordinates>
-72.05,49.46,6000 -71.93,49.45,6000 -71.81,49.42,6000 -71.69,49.37,6000 -71.60,49.31,6000 -71.51,49.23,6000 -71.36,49.14,6000 -71.26,49.09,6000 -71.14,49.04,6000 -71.01,48.99,6000 -70.87,48.93,6000 -70.74,48.87,6000 -70.62,48.82,6000 -70.52,48.78,6000 -70.35,48.71,6000 -70.23,48.66,6000 -70.14,48.60,6000 -70.07,48.53,6000 -70.03,48.45,6000 -70.03,48.38,6000 -70.09,48.32,6000 -70.18,48.26,6000 -70.29,48.21,6000 -70.40,48.17,6000 -70.51,48.13,6000 -70.62,48.10,6000 -70.78,48.09,6000 -70.92,48.07,6000 -71.03,48.01,6000 -71.12,47.92,6000 -71.18,47.86,6000 -71.23,47.80,6000 -71.27,47.68,6000 -71.28,47.60,6000 -71.27,47.50,6000 -71.26,47.40,6000 -71.26,47.28,6000 -71.25,47.17,6000 -71.25,47.08,6000 -71.27,47.00,6000 -71.35,46.89,6000 -71.46,46.83,6000 -71.58,46.78,6000 -71.72,46.73,6000 -71.86,46.68,6000 -72.00,46.65,6000 -72.11,46.63,6000 -72.21,46.63,6000 -72.31,46.63,6000 -72.47,46.66,6000 -72.60,46.70,6000 -72.69,46.75,6000 -72.74,46.82,6000 -72.75,46.89,6000 -72.73,47.00,6000 -72.72,47.09,6000 -72.70,47.20,6000 -72.68,47.31,6000 -72.65,47.41,6000 -72.62,47.51,6000 -72.58,47.60,6000 -72.50,47.67,6000 -72.39,47.70,6000 -72.25,47.72,6000 -72.10,47.74,6000 -71.97,47.76,6000 -71.84,47.80,6000 -71.73,47.84,6000 -71.63,47.89,6000 -71.54,47.95,6000 -71.47,48.01,6000 -71.43,48.08,6000 -71.41,48.17,6000 -71.46,48.28,6000 -71.51,48.34,6000 -71.58,48.41,6000 -71.66,48.48,6000 -71.77,48.56,6000 -71.87,48.63,6000 -71.99,48.70,6000 -72.11,48.78,6000 -72.24,48.85,6000 -72.35,48.93,6000 -72.42,48.99,6000 -72.46,49.09,6000 -72.43,49.18,6000 -72.40,49.24,6000 -72.34,49.33,6000 -72.26,49.38,6000 -72.16,49.43,6000 -72.05,49.46,6000 -72.05,49.46,6000 
          </coordinates>
        </LinearRing>
      </outerBoundaryIs>
      <innerBoundaryIs>
        <LinearRing>
          <coordinates>
-71.76,47.62,7000 -71.71,47.62,7000 -71.66,47.62,7000 -71.61,47.62,7000 -71.57,47.62,7000 -71.54,47.62,7000 -71.51,47.61,7000 -71.49,47.60,7000 -71.50,47.57,7000 -71.50,47.54,7000 -71.49,47.52,7000 -71.49,47.49,7000 -71.48,47.46,7000 -71.47,47.42,7000 -71.46,47.39,7000 -71.45,47.36,7000 -71.44,47.33,7000 -71.43,47.31,7000 -71.41,47.28,7000 -71.40,47.26,7000 -71.39,47.23,7000 -71.38,47.20,7000 -71.38,47.18,7000 -71.38,47.15,7000 -71.39,47.12,7000 -71.40,47.10,7000 -71.41,47.07,7000 -71.43,47.05,7000 -71.45,47.02,7000 -71.48,47.00,7000 -71.51,46.97,7000 -71.54,46.95,7000 -71.58,46.92,7000 -71.62,46.90,7000 -71.65,46.88,7000 -71.67,46.87,7000 -71.70,46.86,7000 -71.73,46.85,7000 -71.76,46.84,7000 -71.80,46.83,7000 -71.84,46.82,7000 -71.89,46.81,7000 -71.93,46.81,7000 -71.97,46.80,7000 -72.01,46.80,7000 -72.06,46.79,7000 -72.10,46.79,7000 -72.14,46.79,7000 -72.18,46.79,7000 -72.22,46.80,7000 -72.25,46.81,7000 -72.29,46.83,7000 -72.32,46.85,7000 -72.36,46.87,7000 -72.38,46.90,7000 -72.41,46.92,7000 -72.43,46.93,7000 -72.46,46.95,7000 -72.45,46.97,7000 -72.45,46.99,7000 -72.45,47.01,7000 -72.44,47.04,7000 -72.43,47.07,7000 -72.43,47.10,7000 -72.42,47.13,7000 -72.41,47.16,7000 -72.40,47.19,7000 -72.38,47.22,7000 -72.37,47.26,7000 -72.36,47.28,7000 -72.35,47.30,7000 -72.34,47.30,7000 -72.32,47.32,7000 -72.30,47.34,7000 -72.27,47.37,7000 -72.25,47.40,7000 -72.22,47.43,7000 -72.19,47.45,7000 -72.16,47.47,7000 -72.13,47.48,7000 -72.10,47.50,7000 -72.07,47.51,7000 -72.04,47.52,7000 -72.00,47.54,7000 -71.97,47.55,7000 -71.93,47.57,7000 -71.89,47.58,7000 -71.76,47.62,7000 
          </coordinates>
        </LinearRing>
      </innerBoundaryIs>
      <innerBoundaryIs>
        <LinearRing>
          <coordinates>
-71.84,49.28,7000 -71.80,49.26,7000 -71.76,49.23,7000 -71.72,49.21,7000 -71.68,49.19,7000 -71.65,49.16,7000 -71.61,49.14,7000 -71.58,49.11,7000 -71.55,49.09,7000 -71.52,49.06,7000 -71.49,49.03,7000 -71.45,49.01,7000 -71.40,48.98,7000 -71.36,48.96,7000 -71.31,48.95,7000 -71.25,48.93,7000 -71.19,48.92,7000 -71.13,48.90,7000 -71.07,48.89,7000 -71.01,48.88,7000 -70.96,48.86,7000 -70.92,48.85,7000 -70.86,48.83,7000 -70.82,48.81,7000 -70.78,48.79,7000 -70.74,48.77,7000 -70.69,48.75,7000 -70.65,48.73,7000 -70.60,48.71,7000 -70.55,48.69,7000 -70.50,48.67,7000 -70.44,48.65,7000 -70.40,48.62,7000 -70.35,48.60,7000 -70.32,48.58,7000 -70.28,48.55,7000 -70.25,48.51,7000 -70.23,48.48,7000 -70.23,48.44,7000 -70.24,48.41,7000 -70.26,48.39,7000 -70.30,48.36,7000 -70.34,48.34,7000 -70.39,48.32,7000 -70.45,48.30,7000 -70.50,48.28,7000 -70.54,48.27,7000 -70.59,48.26,7000 -70.65,48.27,7000 -70.70,48.28,7000 -70.75,48.29,7000 -70.80,48.30,7000 -70.85,48.31,7000 -70.89,48.32,7000 -70.94,48.33,7000 -71.00,48.34,7000 -71.06,48.36,7000 -71.10,48.37,7000 -71.15,48.39,7000 -71.21,48.41,7000 -71.26,48.43,7000 -71.32,48.45,7000 -71.38,48.47,7000 -71.43,48.49,7000 -71.48,48.51,7000 -71.52,48.53,7000 -71.57,48.56,7000 -71.61,48.58,7000 -71.64,48.61,7000 -71.67,48.64,7000 -71.70,48.66,7000 -71.73,48.69,7000 -71.77,48.71,7000 -71.80,48.74,7000 -71.84,48.76,7000 -71.87,48.78,7000 -71.91,48.81,7000 -71.95,48.83,7000 -71.99,48.85,7000 -72.04,48.88,7000 -72.09,48.90,7000 -72.14,48.92,7000 -72.18,48.94,7000 -72.21,48.97,7000 -72.24,49.00,7000 -72.25,49.04,7000 -72.26,49.07,7000 -72.26,49.11,7000 -72.25,49.14,7000 -72.23,49.17,7000 -72.21,49.20,7000 -72.17,49.23,7000 -72.13,49.25,7000 -72.09,49.28,7000 -71.84,49.28,7000 
          </coordinates>
        </LinearRing>
      </innerBoundaryIs>
  </Polygon>
 </MultiGeometry>
</Placemark>
<Placemark>
  <name>50%</name>
  <visibility>1</visibility>
  <styleUrl>#poly_50</styleUrl>
  <MultiGeometry>
    <Polygon>
      <outerBoundaryIs>
        <LinearRing>
          <coordinates>
-67.01,47.41,6000 -66.99,47.40,6000 -66.98,47.39,6000 -66.96,47.39,6000 -66.94,47.38,6000 -66.93,47.37,6000 -66.91,47.36,6000 -66.90,47.35,6000 -66.88,47.34,6000 -66.87,47.33,6000 -66.86,47.33,6000 -66.84,47.32,6000 -66.83,47.31,6000 -66.82,47.30,6000 -66.81,47.29,6000 -66.81,47.28,6000 -66.80,47.27,6000 -66.79,47.26,6000 -66.79,47.25,6000 -66.79,47.23,6000 -66.79,47.22,6000 -66.79,47.21,6000 -66.80,47.19,6000 -66.80,47.18,6000 -66.80,47.16,6000 -66.81,47.15,6000 -66.81,47.14,6000 -66.82,47.13,6000 -66.82,47.12,6000 -66.83,47.11,6000 -66.83,47.10,6000 -66.83,47.08,6000 -66.83,47.07,6000 -66.86,47.07,6000 -66.87,47.07,6000 -66.89,47.07,6000 -66.90,47.07,6000 -66.92,47.07,6000 -66.94,47.06,6000 -66.96,47.06,6000 -66.99,47.06,6000 -67.01,47.06,6000 -67.03,47.06,6000 -67.05,47.06,6000 -67.07,47.06,6000 -67.09,47.07,6000 -67.11,47.07,6000 -67.12,47.07,6000 -67.14,47.07,6000 -67.16,47.08,6000 -67.17,47.09,6000 -67.18,47.09,6000 -67.19,47.10,6000 -67.20,47.11,6000 -67.21,47.12,6000 -67.22,47.14,6000 -67.23,47.15,6000 -67.23,47.16,6000 -67.24,47.17,6000 -67.24,47.18,6000 -67.25,47.19,6000 -67.25,47.20,6000 -67.25,47.21,6000 -67.26,47.22,6000 -67.26,47.24,6000 -67.26,47.25,6000 -67.26,47.26,6000 -67.26,47.28,6000 -67.27,47.29,6000 -67.27,47.30,6000 -67.27,47.32,6000 -67.27,47.33,6000 -67.01,47.41,6000 
          </coordinates>
        </LinearRing>
      </outerBoundaryIs>
  </Polygon>
 </MultiGeometry>
</Placemark>
<Placemark>
  <name>50%</name>
  <visibility>1</visibility>
  <styleUrl>#poly_50</styleUrl>
  <MultiGeometry>
    <Polygon>
      <outerBoundaryIs>
        <LinearRing>
          <coordinates>
-112.21,36.66,6000 -112.20,36.67,6000 -112.19,36.66,6000 -112.18,36.64,6000 -112.18,36.63,6000 -112.17,36.63,6000 -112.17,36.62,6000 -112.16,36.61,6000 -112.16,36.60,6000 -112.15,36.59,6000 -112.15,36.57,6000 -112.14,36.56,6000 -112.14,36.55,6000 -112.13,36.54,6000 -112.13,36.52,6000 -112.12,36.51,6000 -112.12,36.50,6000 -112.12,36.49,6000 -112.11,36.48,6000 -112.11,36.47,6000 -112.11,36.46,6000 -112.11,36.45,6000 -112.11,36.43,6000 -112.11,36.42,6000 -112.11,36.41,6000 -112.12,36.39,6000 -112.12,36.38,6000 -112.13,36.37,6000 -112.13,36.36,6000 -112.14,36.36,6000 -112.15,36.35,6000 -112.16,36.35,6000 -112.17,36.35,6000 -112.18,36.35,6000 -112.19,36.35,6000 -112.20,36.36,6000 -112.22,36.36,6000 -112.23,36.37,6000 -112.25,36.37,6000 -112.26,36.38,6000 -112.28,36.39,6000 -112.29,36.40,6000 -112.31,36.40,6000 -112.32,36.41,6000 -112.33,36.42,6000 -112.33,36.43,6000 -112.34,36.44,6000 -112.34,36.45,6000 -112.34,36.46,6000 -112.35,36.47,6000 -112.34,36.48,6000 -112.34,36.49,6000 -112.34,36.50,6000 -112.34,36.51,6000 -112.33,36.52,6000 -112.33,36.53,6000 -112.33,36.54,6000 -112.32,36.56,6000 -112.31,36.57,6000 -112.31,36.58,6000 -112.30,36.59,6000 -112.29,36.60,6000 -112.29,36.62,6000 -112.28,36.63,6000 -112.21,36.66,6000 
          </coordinates>
        </LinearRing>
      </outerBoundaryIs>
  </Polygon>
 </MultiGeometry>
</Placemark>
<Placemark>
  <name>50%</name>
  <visibility>1</visibility>
  <styleUrl>#poly_50</styleUrl>
  <MultiGeometry>
    <Polygon>
      <outerBoundaryIs>
        <LinearRing>
          <coordinates>
-64.33,44.81,6000 -64.32,44.80,6000 -64.31,44.78,6000 -64.29,44.75,6000 -64.27,44.72,6000 -64.24,44.69,6000 -64.22,44.65,6000 -64.20,44.62,6000 -64.19,44.60,6000 -64.18,44.57,6000 -64.17,44.54,6000 -64.15,44.52,6000 -64.12,44.49,6000 -64.08,44.47,6000 -64.05,44.44,6000 -64.02,44.42,6000 -64.00,44.40,6000 -63.98,44.38,6000 -63.96,44.36,6000 -63.92,44.34,6000 -63.89,44.32,6000 -63.85,44.29,6000 -63.81,44.27,6000 -63.77,44.25,6000 -63.73,44.23,6000 -63.69,44.21,6000 -63.65,44.20,6000 -63.61,44.18,6000 -63.57,44.17,6000 -63.55,44.16,6000 -63.54,44.14,6000 -63.54,44.12,6000 -63.55,44.09,6000 -63.55,44.06,6000 -63.56,44.02,6000 -63.56,43.99,6000 -63.57,43.97,6000 -63.59,43.93,6000 -63.63,43.92,6000 -63.66,43.92,6000 -63.70,43.93,6000 -63.74,43.93,6000 -63.78,43.94,6000 -63.83,43.95,6000 -63.87,43.96,6000 -63.91,43.97,6000 -63.94,43.98,6000 -63.98,44.00,6000 -64.02,44.01,6000 -64.05,44.03,6000 -64.09,44.04,6000 -64.14,44.05,6000 -64.19,44.06,6000 -64.23,44.07,6000 -64.28,44.08,6000 -64.31,44.09,6000 -64.34,44.09,6000 -64.36,44.10,6000 -64.39,44.11,6000 -64.42,44.13,6000 -64.46,44.15,6000 -64.49,44.18,6000 -64.52,44.20,6000 -64.54,44.23,6000 -64.55,44.25,6000 -64.56,44.28,6000 -64.56,44.31,6000 -64.56,44.34,6000 -64.56,44.37,6000 -64.56,44.40,6000 -64.56,44.43,6000 -64.56,44.46,6000 -64.56,44.49,6000 -64.58,44.52,6000 -64.60,44.55,6000 -64.62,44.58,6000 -64.64,44.60,6000 -64.66,44.63,6000 -64.68,44.65,6000 -64.68,44.68,6000 -64.67,44.70,6000 -64.65,44.73,6000 -64.62,44.76,6000 -64.60,44.79,6000 -64.57,44.81,6000 -64.53,44.82,6000 -64.49,44.83,6000 -64.45,44.82,6000 -64.33,44.81,6000 
          </coordinates>
        </LinearRing>
      </outerBoundaryIs>
  </Polygon>
 </MultiGeometry>
</Placemark>
<Placemark>
  <name>50%</name>
  <visibility>1</visibility>
  <styleUrl>#poly_50</styleUrl>
  <MultiGeometry>
    <Polygon>
      <outerBoundaryIs>
        <LinearRing>
          <coordinates>
-94.00,47.99,6000 -93.98,48.00,6000 -93.95,48.00,6000 -93.93,48.01,6000 -93.90,48.01,6000 -93.88,48.02,6000 -93.85,48.02,6000 -93.83,48.02,6000 -93.80,48.02,6000 -93.78,48.02,6000 -93.75,48.02,6000 -93.73,48.02,6000 -93.70,48.01,6000 -93.68,48.00,6000 -93.65,47.99,6000 -93.62,47.98,6000 -93.60,47.97,6000 -93.57,47.96,6000 -93.55,47.95,6000 -93.53,47.94,6000 -93.51,47.93,6000 -93.50,47.92,6000 -93.48,47.91,6000 -93.48,47.90,6000 -93.47,47.89,6000 -93.46,47.88,6000 -93.44,47.86,6000 -93.43,47.85,6000 -93.41,47.83,6000 -93.39,47.82,6000 -93.37,47.80,6000 -93.36,47.78,6000 -93.35,47.76,6000 -93.34,47.75,6000 -93.33,47.73,6000 -93.33,47.71,6000 -93.33,47.69,6000 -93.33,47.67,6000 -93.34,47.65,6000 -93.35,47.64,6000 -93.36,47.62,6000 -93.37,47.60,6000 -93.38,47.58,6000 -93.39,47.57,6000 -93.40,47.56,6000 -93.42,47.55,6000 -93.43,47.54,6000 -93.45,47.54,6000 -93.48,47.54,6000 -93.51,47.54,6000 -93.53,47.54,6000 -93.55,47.54,6000 -93.58,47.54,6000 -93.61,47.54,6000 -93.64,47.54,6000 -93.67,47.54,6000 -93.69,47.55,6000 -93.72,47.55,6000 -93.74,47.55,6000 -93.76,47.55,6000 -93.79,47.55,6000 -93.80,47.55,6000 -93.82,47.56,6000 -93.84,47.57,6000 -93.85,47.57,6000 -93.88,47.58,6000 -93.90,47.59,6000 -93.92,47.60,6000 -93.95,47.61,6000 -93.97,47.62,6000 -93.99,47.63,6000 -94.01,47.64,6000 -94.03,47.65,6000 -94.06,47.66,6000 -94.08,47.67,6000 -94.10,47.69,6000 -94.12,47.70,6000 -94.13,47.71,6000 -94.14,47.73,6000 -94.14,47.74,6000 -94.14,47.76,6000 -94.14,47.77,6000 -94.14,47.79,6000 -94.14,47.81,6000 -94.13,47.83,6000 -94.12,47.84,6000 -94.12,47.86,6000 -94.11,47.88,6000 -94.10,47.90,6000 -94.00,47.99,6000 
          </coordinates>
        </LinearRing>
      </outerBoundaryIs>
  </Polygon>
 </MultiGeometry>
</Placemark>
<Placemark>
  <name>50%</name>
  <visibility>1</visibility>
  <styleUrl>#poly_50</styleUrl>
  <MultiGeometry>
    <Polygon>
      <outerBoundaryIs>
        <LinearRing>
          <coordinates>
-109.62,34.10,6000 -109.60,34.09,6000 -109.59,34.09,6000 -109.57,34.08,6000 -109.56,34.08,6000 -109.54,34.07,6000 -109.53,34.07,6000 -109.51,34.06,6000 -109.50,34.06,6000 -109.48,34.05,6000 -109.47,34.05,6000 -109.46,34.04,6000 -109.45,34.04,6000 -109.43,34.04,6000 -109.42,34.03,6000 -109.41,34.03,6000 -109.41,34.03,6000 -109.40,34.02,6000 -109.39,34.02,6000 -109.37,34.02,6000 -109.38,34.01,6000 -109.38,34.00,6000 -109.38,33.99,6000 -109.37,33.98,6000 -109.37,33.97,6000 -109.37,33.96,6000 -109.37,33.95,6000 -109.37,33.93,6000 -109.36,33.92,6000 -109.36,33.91,6000 -109.36,33.89,6000 -109.36,33.88,6000 -109.35,33.87,6000 -109.35,33.86,6000 -109.35,33.85,6000 -109.35,33.84,6000 -109.35,33.83,6000 -109.35,33.81,6000 -109.35,33.81,6000 -109.37,33.81,6000 -109.38,33.81,6000 -109.39,33.81,6000 -109.40,33.80,6000 -109.42,33.80,6000 -109.43,33.80,6000 -109.45,33.80,6000 -109.46,33.79,6000 -109.48,33.79,6000 -109.50,33.79,6000 -109.51,33.79,6000 -109.53,33.78,6000 -109.55,33.78,6000 -109.56,33.78,6000 -109.57,33.78,6000 -109.58,33.78,6000 -109.60,33.78,6000 -109.61,33.78,6000 -109.61,33.79,6000 -109.62,33.79,6000 -109.63,33.81,6000 -109.63,33.82,6000 -109.64,33.82,6000 -109.65,33.83,6000 -109.65,33.84,6000 -109.66,33.85,6000 -109.66,33.86,6000 -109.67,33.87,6000 -109.68,33.88,6000 -109.68,33.89,6000 -109.69,33.90,6000 -109.70,33.91,6000 -109.70,33.92,6000 -109.71,33.93,6000 -109.72,33.94,6000 -109.73,33.96,6000 -109.73,33.97,6000 -109.74,33.98,6000 -109.62,34.10,6000 
          </coordinates>
        </LinearRing>
      </outerBoundaryIs>
  </Polygon>
 </MultiGeometry>
</Placemark>
<Placemark>
  <name>50%</name>
  <visibility>1</visibility>
  <styleUrl>#poly_50</styleUrl>
  <MultiGeometry>
    <Polygon>
      <outerBoundaryIs>
        <LinearRing>
          <coordinates>
-127.09,50.33,6000 -127.00,50.35,6000 -126.90,50.37,6000 -126.81,50.39,6000 -126.71,50.41,6000 -126.61,50.42,6000 -126.50,50.43,6000 -126.39,50.45,6000 -126.28,50.46,6000 -126.17,50.46,6000 -126.08,50.46,6000 -125.96,50.44,6000 -125.88,50.40,6000 -125.80,50.37,6000 -125.70,50.34,6000 -125.61,50.31,6000 -125.55,50.27,6000 -125.50,50.23,6000 -125.46,50.18,6000 -125.44,50.13,6000 -125.43,50.08,6000 -125.39,50.02,6000 -125.34,49.98,6000 -125.28,49.93,6000 -125.20,49.88,6000 -125.12,49.83,6000 -125.05,49.77,6000 -124.99,49.72,6000 -124.93,49.66,6000 -124.88,49.59,6000 -124.81,49.53,6000 -124.75,49.47,6000 -124.67,49.42,6000 -124.59,49.38,6000 -124.50,49.34,6000 -124.41,49.31,6000 -124.31,49.27,6000 -124.22,49.24,6000 -124.14,49.21,6000 -124.07,49.17,6000 -124.00,49.12,6000 -123.95,49.06,6000 -123.91,49.01,6000 -123.88,48.95,6000 -123.86,48.89,6000 -123.84,48.82,6000 -123.82,48.74,6000 -123.81,48.66,6000 -123.82,48.59,6000 -123.83,48.54,6000 -123.89,48.49,6000 -123.98,48.47,6000 -124.08,48.47,6000 -124.15,48.48,6000 -124.23,48.51,6000 -124.31,48.54,6000 -124.39,48.58,6000 -124.47,48.62,6000 -124.55,48.66,6000 -124.62,48.70,6000 -124.69,48.74,6000 -124.76,48.79,6000 -124.82,48.85,6000 -124.88,48.90,6000 -124.94,48.95,6000 -125.01,49.00,6000 -125.10,49.04,6000 -125.18,49.07,6000 -125.28,49.09,6000 -125.38,49.11,6000 -125.49,49.15,6000 -125.57,49.19,6000 -125.67,49.23,6000 -125.76,49.28,6000 -125.86,49.32,6000 -125.94,49.37,6000 -126.02,49.41,6000 -126.11,49.46,6000 -126.17,49.51,6000 -126.23,49.55,6000 -126.29,49.60,6000 -126.35,49.66,6000 -126.40,49.72,6000 -126.46,49.78,6000 -126.55,49.84,6000 -126.62,49.88,6000 -126.71,49.91,6000 -126.80,49.95,6000 -126.90,49.99,6000 -126.99,50.02,6000 -127.07,50.06,6000 -127.13,50.09,6000 -127.20,50.16,6000 -127.20,50.22,6000 -127.18,50.28,6000 -127.09,50.33,6000 
          </coordinates>
        </LinearRing>
      </outerBoundaryIs>
      <innerBoundaryIs>
        <LinearRing>
          <coordinates>
-127.08,50.30,7000 -126.98,50.32,7000 -126.89,50.34,7000 -126.79,50.36,7000 -126.69,50.38,7000 -126.59,50.39,7000 -126.48,50.40,7000 -126.37,50.41,7000 -126.26,50.42,7000 -126.16,50.42,7000 -126.07,50.42,7000 -125.96,50.40,7000 -125.87,50.37,7000 -125.78,50.33,7000 -125.71,50.30,7000 -125.64,50.26,7000 -125.58,50.21,7000 -125.52,50.16,7000 -125.48,50.10,7000 -125.45,50.04,7000 -125.42,49.97,7000 -125.37,49.91,7000 -125.31,49.86,7000 -125.24,49.82,7000 -125.16,49.78,7000 -125.07,49.72,7000 -125.02,49.67,7000 -124.96,49.62,7000 -124.90,49.56,7000 -124.84,49.51,7000 -124.78,49.45,7000 -124.71,49.39,7000 -124.64,49.34,7000 -124.56,49.30,7000 -124.46,49.25,7000 -124.36,49.21,7000 -124.27,49.17,7000 -124.17,49.14,7000 -124.09,49.10,7000 -124.03,49.07,7000 -123.95,49.00,7000 -123.93,48.95,7000 -123.92,48.88,7000 -123.90,48.82,7000 -123.88,48.74,7000 -123.87,48.67,7000 -123.88,48.62,7000 -123.94,48.57,7000 -124.02,48.54,7000 -124.11,48.53,7000 -124.20,48.55,7000 -124.29,48.59,7000 -124.38,48.63,7000 -124.44,48.66,7000 -124.49,48.69,7000 -124.55,48.72,7000 -124.63,48.77,7000 -124.68,48.81,7000 -124.74,48.86,7000 -124.81,48.91,7000 -124.88,48.96,7000 -124.95,49.01,7000 -125.01,49.06,7000 -125.07,49.09,7000 -125.16,49.12,7000 -125.24,49.14,7000 -125.32,49.14,7000 -125.40,49.16,7000 -125.48,49.19,7000 -125.55,49.22,7000 -125.63,49.25,7000 -125.70,49.29,7000 -125.77,49.32,7000 -125.84,49.36,7000 -125.91,49.39,7000 -125.98,49.44,7000 -126.05,49.49,7000 -126.12,49.54,7000 -126.19,49.60,7000 -126.26,49.65,7000 -126.32,49.70,7000 -126.38,49.76,7000 -126.42,49.80,7000 -126.48,49.84,7000 -126.54,49.87,7000 -126.61,49.91,7000 -126.69,49.94,7000 -126.76,49.97,7000 -126.83,50.00,7000 -126.91,50.03,7000 -126.98,50.06,7000 -127.06,50.09,7000 -127.08,50.30,7000 
          </coordinates>
        </LinearRing>
      </innerBoundaryIs>
  </Polygon>
 </MultiGeometry>
</Placemark>
<Placemark>
  <name>50%</name>
  <visibility>1</visibility>
  <styleUrl>#poly_50</styleUrl>
  <MultiGeometry>
    <Polygon>
      <outerBoundaryIs>
        <LinearRing>
          <coordinates>
-63.06,46.36,6000 -63.04,46.36,6000 -63.02,46.37,6000 -63.00,46.37,6000 -62.98,46.38,6000 -62.96,46.38,6000 -62.94,46.38,6000 -62.93,46.39,6000 -62.91,46.39,6000 -62.89,46.39,6000 -62.87,46.39,6000 -62.86,46.39,6000 -62.84,46.39,6000 -62.83,46.39,6000 -62.81,46.39,6000 -62.80,46.39,6000 -62.79,46.39,6000 -62.77,46.39,6000 -62.76,46.38,6000 -62.75,46.37,6000 -62.74,46.36,6000 -62.73,46.35,6000 -62.72,46.34,6000 -62.71,46.33,6000 -62.71,46.32,6000 -62.70,46.30,6000 -62.70,46.29,6000 -62.70,46.28,6000 -62.70,46.27,6000 -62.70,46.26,6000 -62.71,46.25,6000 -62.71,46.24,6000 -62.72,46.23,6000 -62.73,46.21,6000 -62.73,46.20,6000 -62.74,46.19,6000 -62.75,46.18,6000 -62.76,46.17,6000 -62.77,46.16,6000 -62.78,46.15,6000 -62.78,46.14,6000 -62.79,46.13,6000 -62.80,46.12,6000 -62.81,46.11,6000 -62.82,46.10,6000 -62.84,46.09,6000 -62.85,46.08,6000 -62.86,46.08,6000 -62.87,46.07,6000 -62.89,46.07,6000 -62.91,46.07,6000 -62.92,46.07,6000 -62.94,46.07,6000 -62.95,46.08,6000 -62.97,46.08,6000 -62.98,46.09,6000 -63.00,46.09,6000 -63.02,46.10,6000 -63.04,46.10,6000 -63.05,46.11,6000 -63.07,46.12,6000 -63.09,46.12,6000 -63.10,46.13,6000 -63.12,46.14,6000 -63.13,46.14,6000 -63.15,46.15,6000 -63.17,46.15,6000 -63.18,46.16,6000 -63.20,46.16,6000 -63.22,46.16,6000 -63.23,46.17,6000 -63.24,46.18,6000 -63.25,46.18,6000 -63.26,46.19,6000 -63.26,46.20,6000 -63.26,46.21,6000 -63.26,46.22,6000 -63.25,46.22,6000 -63.25,46.23,6000 -63.24,46.24,6000 -63.23,46.25,6000 -63.22,46.26,6000 -63.21,46.27,6000 -63.20,46.28,6000 -63.19,46.29,6000 -63.18,46.30,6000 -63.17,46.32,6000 -63.16,46.33,6000 -63.14,46.34,6000 -63.13,46.35,6000 -63.06,46.36,6000 
          </coordinates>
        </LinearRing>
      </outerBoundaryIs>
  </Polygon>
 </MultiGeometry>
</Placemark>
<Placemark>
  <name>50%</name>
  <visibility>1</visibility>
  <styleUrl>#poly_50</styleUrl>
  <MultiGeometry>
    <Polygon>
      <outerBoundaryIs>
        <LinearRing>
          <coordinates>
-112.02,35.46,6000 -111.98,35.46,6000 -111.94,35.47,6000 -111.90,35.47,6000 -111.86,35.47,6000 -111.83,35.47,6000 -111.80,35.47,6000 -111.76,35.46,6000 -111.74,35.45,6000 -111.71,35.42,6000 -111.69,35.40,6000 -111.66,35.37,6000 -111.62,35.34,6000 -111.59,35.31,6000 -111.57,35.29,6000 -111.55,35.27,6000 -111.54,35.26,6000 -111.53,35.24,6000 -111.52,35.21,6000 -111.50,35.18,6000 -111.49,35.15,6000 -111.47,35.11,6000 -111.46,35.08,6000 -111.45,35.05,6000 -111.43,35.01,6000 -111.42,34.98,6000 -111.41,34.95,6000 -111.40,34.91,6000 -111.40,34.88,6000 -111.41,34.84,6000 -111.42,34.80,6000 -111.42,34.77,6000 -111.43,34.74,6000 -111.42,34.72,6000 -111.39,34.71,6000 -111.34,34.72,6000 -111.29,34.73,6000 -111.25,34.73,6000 -111.22,34.71,6000 -111.20,34.67,6000 -111.18,34.63,6000 -111.17,34.60,6000 -111.16,34.57,6000 -111.18,34.53,6000 -111.22,34.52,6000 -111.24,34.53,6000 -111.27,34.56,6000 -111.29,34.58,6000 -111.32,34.60,6000 -111.35,34.62,6000 -111.38,34.64,6000 -111.42,34.67,6000 -111.45,34.70,6000 -111.47,34.72,6000 -111.49,34.75,6000 -111.51,34.78,6000 -111.52,34.81,6000 -111.54,34.84,6000 -111.55,34.87,6000 -111.57,34.89,6000 -111.60,34.91,6000 -111.64,34.93,6000 -111.68,34.94,6000 -111.72,34.96,6000 -111.75,34.98,6000 -111.79,34.99,6000 -111.83,35.01,6000 -111.86,35.03,6000 -111.89,35.04,6000 -111.92,35.05,6000 -111.96,35.07,6000 -111.99,35.08,6000 -112.02,35.10,6000 -112.06,35.12,6000 -112.09,35.14,6000 -112.12,35.16,6000 -112.14,35.19,6000 -112.15,35.22,6000 -112.15,35.25,6000 -112.15,35.28,6000 -112.14,35.31,6000 -112.13,35.35,6000 -112.12,35.38,6000 -112.02,35.46,6000 
          </coordinates>
        </LinearRing>
      </outerBoundaryIs>
      <innerBoundaryIs>
        <LinearRing>
          <coordinates>
-112.01,35.40,7000 -111.99,35.40,7000 -111.97,35.41,7000 -111.96,35.41,7000 -111.94,35.41,7000 -111.92,35.42,7000 -111.90,35.42,7000 -111.89,35.42,7000 -111.87,35.42,7000 -111.85,35.42,7000 -111.84,35.42,7000 -111.82,35.42,7000 -111.80,35.42,7000 -111.79,35.41,7000 -111.78,35.40,7000 -111.76,35.40,7000 -111.75,35.39,7000 -111.74,35.38,7000 -111.73,35.37,7000 -111.72,35.36,7000 -111.70,35.35,7000 -111.69,35.34,7000 -111.68,35.32,7000 -111.67,35.31,7000 -111.66,35.30,7000 -111.65,35.29,7000 -111.65,35.27,7000 -111.64,35.26,7000 -111.63,35.25,7000 -111.62,35.24,7000 -111.61,35.22,7000 -111.61,35.21,7000 -111.60,35.19,7000 -111.59,35.18,7000 -111.59,35.16,7000 -111.58,35.14,7000 -111.58,35.13,7000 -111.58,35.12,7000 -111.58,35.10,7000 -111.58,35.09,7000 -111.58,35.08,7000 -111.58,35.07,7000 -111.59,35.06,7000 -111.60,35.05,7000 -111.61,35.05,7000 -111.63,35.04,7000 -111.65,35.04,7000 -111.67,35.03,7000 -111.69,35.03,7000 -111.70,35.03,7000 -111.72,35.03,7000 -111.73,35.03,7000 -111.75,35.03,7000 -111.75,35.03,7000 -111.76,35.04,7000 -111.78,35.05,7000 -111.79,35.05,7000 -111.80,35.06,7000 -111.82,35.07,7000 -111.83,35.07,7000 -111.85,35.08,7000 -111.86,35.09,7000 -111.88,35.10,7000 -111.90,35.10,7000 -111.91,35.11,7000 -111.93,35.12,7000 -111.94,35.13,7000 -111.96,35.13,7000 -111.97,35.14,7000 -111.99,35.15,7000 -112.01,35.16,7000 -112.02,35.16,7000 -112.04,35.17,7000 -112.05,35.17,7000 -112.05,35.18,7000 -112.06,35.20,7000 -112.06,35.21,7000 -112.06,35.22,7000 -112.06,35.23,7000 -112.06,35.24,7000 -112.06,35.26,7000 -112.06,35.27,7000 -112.06,35.28,7000 -112.05,35.30,7000 -112.05,35.31,7000 -112.05,35.33,7000 -112.04,35.34,7000 -112.04,35.36,7000 -112.03,35.37,7000 -112.03,35.39,7000 -112.01,35.40,7000 
          </coordinates>
        </LinearRing>
      </innerBoundaryIs>
  </Polygon>
 </MultiGeometry>
</Placemark>
<Placemark>
  <name>50%</name>
  <visibility>1</visibility>
  <styleUrl>#poly_50</styleUrl>
  <MultiGeometry>
    <Polygon>
      <outerBoundaryIs>
        <LinearRing>
          <coordinates>
-123.52,45.88,6000 -123.50,45.88,6000 -123.48,45.88,6000 -123.46,45.88,6000 -123.44,45.87,6000 -123.43,45.86,6000 -123.41,45.85,6000 -123.40,45.84,6000 -123.39,45.83,6000 -123.39,45.82,6000 -123.38,45.81,6000 -123.37,45.79,6000 -123.36,45.78,6000 -123.35,45.76,6000 -123.35,45.75,6000 -123.34,45.73,6000 -123.34,45.72,6000 -123.33,45.70,6000 -123.33,45.69,6000 -123.33,45.68,6000 -123.33,45.66,6000 -123.33,45.64,6000 -123.33,45.63,6000 -123.34,45.61,6000 -123.34,45.59,6000 -123.35,45.58,6000 -123.35,45.56,6000 -123.36,45.55,6000 -123.36,45.53,6000 -123.37,45.52,6000 -123.37,45.51,6000 -123.38,45.48,6000 -123.38,45.47,6000 -123.40,45.47,6000 -123.41,45.47,6000 -123.43,45.47,6000 -123.45,45.46,6000 -123.48,45.46,6000 -123.50,45.46,6000 -123.52,45.47,6000 -123.54,45.47,6000 -123.56,45.48,6000 -123.57,45.49,6000 -123.58,45.50,6000 -123.59,45.51,6000 -123.60,45.52,6000 -123.62,45.53,6000 -123.63,45.55,6000 -123.63,45.56,6000 -123.64,45.58,6000 -123.65,45.59,6000 -123.65,45.61,6000 -123.66,45.63,6000 -123.66,45.64,6000 -123.66,45.65,6000 -123.66,45.67,6000 -123.65,45.68,6000 -123.65,45.70,6000 -123.64,45.71,6000 -123.64,45.72,6000 -123.63,45.74,6000 -123.62,45.75,6000 -123.61,45.77,6000 -123.60,45.78,6000 -123.59,45.80,6000 -123.58,45.81,6000 -123.57,45.83,6000 -123.52,45.88,6000 
          </coordinates>
        </LinearRing>
      </outerBoundaryIs>
  </Polygon>
 </MultiGeometry>
</Placemark>
<Placemark>
  <name>50%</name>
  <visibility>1</visibility>
  <styleUrl>#poly_50</styleUrl>
  <MultiGeometry>
    <Polygon>
      <outerBoundaryIs>
        <LinearRing>
          <coordinates>
-118.74,51.39,6000 -118.23,51.50,6000 -117.77,51.55,6000 -117.40,51.53,6000 -117.15,51.47,6000 -116.52,51.66,6000 -116.17,51.71,6000 -115.68,51.76,6000 -115.19,51.81,6000 -114.60,51.86,6000 -113.99,51.91,6000 -113.36,51.96,6000 -112.71,52.02,6000 -112.05,52.07,6000 -111.40,52.12,6000 -110.74,52.17,6000 -110.11,52.21,6000 -109.52,52.25,6000 -108.95,52.29,6000 -108.34,52.33,6000 -107.62,52.37,6000 -106.87,52.41,6000 -106.25,52.44,6000 -105.70,52.46,6000 -105.34,52.47,6000 -104.73,52.43,6000 -104.18,52.40,6000 -103.83,52.32,6000 -103.35,52.13,6000 -102.91,52.09,6000 -102.45,52.05,6000 -101.87,51.90,6000 -101.28,51.80,6000 -100.49,51.67,6000 -99.71,51.54,6000 -99.15,51.44,6000 -98.82,51.33,6000 -98.60,51.17,6000 -98.32,50.76,6000 -98.20,50.49,6000 -98.07,50.21,6000 -97.92,49.95,6000 -97.78,49.71,6000 -97.53,49.27,6000 -97.42,48.78,6000 -97.41,48.49,6000 -97.51,48.26,6000 -97.76,48.05,6000 -98.01,47.98,6000 -98.17,48.05,6000 -98.37,48.19,6000 -98.74,48.54,6000 -99.09,48.70,6000 -99.71,48.52,6000 -100.39,48.44,6000 -101.04,48.32,6000 -101.62,48.12,6000 -102.27,48.22,6000 -102.61,48.26,6000 -103.04,48.36,6000 -103.54,48.58,6000 -103.91,48.68,6000 -104.27,48.77,6000 -104.62,48.84,6000 -105.02,48.86,6000 -105.57,48.87,6000 -105.90,48.93,6000 -106.40,49.21,6000 -106.59,49.55,6000 -106.98,49.88,6000 -107.29,49.97,6000 -107.74,49.94,6000 -108.30,49.76,6000 -108.88,49.56,6000 -109.48,49.36,6000 -110.17,49.14,6000 -110.69,48.84,6000 -111.08,48.55,6000 -111.41,48.24,6000 -111.50,47.83,6000 -111.46,47.71,6000 -111.84,47.65,6000 -112.13,47.75,6000 -112.27,47.74,6000 -112.29,47.58,6000 -112.22,47.45,6000 -112.04,47.38,6000 -111.78,47.35,6000 -111.27,47.41,6000 -111.07,47.47,6000 -110.85,47.55,6000 -110.64,47.55,6000 -110.54,47.44,6000 -110.57,47.31,6000 -110.36,46.85,6000 -110.47,46.61,6000 -110.76,46.49,6000 -111.00,46.39,6000 -111.22,46.41,6000 -111.48,46.56,6000 -111.80,46.64,6000 -111.90,46.47,6000 -111.87,46.34,6000 -112.05,46.18,6000 -112.47,45.95,6000 -112.79,45.56,6000 -113.20,45.18,6000 -113.45,45.03,6000 -113.69,45.21,6000 -114.03,45.53,6000 -114.28,45.43,6000 -114.30,45.26,6000 -114.20,45.14,6000 -114.07,44.92,6000 -114.16,44.76,6000 -114.24,44.62,6000 -114.16,44.44,6000 -114.06,44.38,6000 -113.83,44.44,6000 -113.74,44.62,6000 -113.52,44.80,6000 -113.05,44.87,6000 -112.55,44.95,6000 -112.08,45.29,6000 -112.08,45.51,6000 -111.82,45.53,6000 -111.55,45.47,6000 -111.12,45.53,6000 -110.57,45.41,6000 -110.16,45.44,6000 -109.82,45.32,6000 -109.58,45.16,6000 -109.57,44.89,6000 -109.75,44.52,6000 -109.69,44.27,6000 -109.52,44.05,6000 -109.52,43.76,6000 -109.64,43.59,6000 -109.35,43.26,6000 -109.03,42.93,6000 -108.91,42.77,6000 -108.86,42.48,6000 -109.02,42.36,6000 -109.36,42.41,6000 -109.68,42.54,6000 -109.87,42.65,6000 -110.14,42.67,6000 -110.26,42.44,6000 -110.38,42.15,6000 -110.58,41.74,6000 -110.66,41.42,6000 -110.38,41.13,6000 -109.90,40.89,6000 -109.68,40.81,6000 -109.66,40.69,6000 -109.86,40.55,6000 -110.28,40.42,6000 -110.44,40.32,6000 -110.61,40.10,6000 -110.63,39.83,6000 -111.02,39.57,6000 -111.29,39.16,6000 -111.45,38.95,6000 -111.62,39.00,6000 -111.65,39.14,6000 -111.77,39.55,6000 -111.83,39.83,6000 -111.79,40.00,6000 -111.88,40.24,6000 -111.96,40.49,6000 -111.90,40.70,6000 -111.93,41.05,6000 -112.10,41.47,6000 -112.27,41.78,6000 -112.48,41.96,6000 -112.66,42.12,6000 -112.93,42.26,6000 -112.79,42.56,6000 -112.31,42.84,6000 -111.96,43.14,6000 -111.65,43.45,6000 -111.52,43.78,6000 -111.51,43.93,6000 -111.66,44.02,6000 -111.97,44.09,6000 -112.29,44.12,6000 -112.59,44.02,6000 -112.96,43.66,6000 -113.34,43.29,6000 -113.82,43.22,6000 -114.30,43.22,6000 -114.89,43.22,6000 -115.34,43.23,6000 -115.59,43.34,6000 -115.82,43.52,6000 -116.07,43.74,6000 -116.20,43.96,6000 -116.46,44.39,6000 -116.67,44.50,6000 -116.98,44.48,6000 -117.34,44.58,6000 -117.52,44.76,6000 -117.72,44.69,6000 -117.87,44.51,6000 -118.09,44.07,6000 -118.48,43.73,6000 -118.72,43.61,6000 -119.17,43.57,6000 -119.54,43.50,6000 -119.90,43.55,6000 -119.94,43.84,6000 -120.01,43.98,6000 -120.14,43.96,6000 -120.52,44.00,6000 -120.69,44.37,6000 -120.67,44.58,6000 -120.20,44.64,6000 -119.78,44.74,6000 -119.46,44.84,6000 -119.72,44.86,6000 -119.82,44.99,6000 -119.54,45.18,6000 -119.16,45.31,6000 -118.71,45.45,6000 -118.56,45.55,6000 -118.20,45.94,6000 -118.08,46.08,6000 -117.80,46.24,6000 -117.49,46.24,6000 -117.22,46.10,6000 -117.05,46.02,6000 -116.86,46.08,6000 -116.64,46.25,6000 -116.41,46.31,6000 -116.20,46.28,6000 -116.19,46.53,6000 -116.28,46.62,6000 -116.85,46.87,6000 -116.96,47.12,6000 -116.97,47.37,6000 -116.99,47.72,6000 -117.24,47.91,6000 -117.50,48.01,6000 -118.11,48.09,6000 -118.67,48.20,6000 -118.99,48.33,6000 -119.16,48.47,6000 -119.16,48.65,6000 -119.14,49.00,6000 -119.29,49.27,6000 -119.34,49.61,6000 -119.30,49.82,6000 -119.31,50.14,6000 -119.47,50.30,6000 -119.76,50.03,6000 -120.03,49.74,6000 -120.11,49.68,6000 -120.21,49.87,6000 -120.05,50.08,6000 -120.01,50.31,6000 -119.88,50.55,6000 -119.88,50.75,6000 -119.57,50.78,6000 -119.25,50.74,6000 -118.74,51.39,6000 
          </coordinates>
        </LinearRing>
      </outerBoundaryIs>
      <innerBoundaryIs>
        <LinearRing>
          <coordinates>
-114.49,47.73,6000 -114.47,47.73,6000 -114.45,47.72,6000 -114.43,47.72,6000 -114.41,47.71,6000 -114.39,47.71,6000 -114.37,47.70,6000 -114.35,47.69,6000 -114.34,47.69,6000 -114.32,47.68,6000 -114.31,47.67,6000 -114.29,47.67,6000 -114.28,47.66,6000 -114.27,47.65,6000 -114.26,47.64,6000 -114.25,47.63,6000 -114.24,47.61,6000 -114.24,47.60,6000 -114.23,47.59,6000 -114.23,47.57,6000 -114.23,47.56,6000 -114.23,47.54,6000 -114.23,47.53,6000 -114.23,47.52,6000 -114.23,47.50,6000 -114.24,47.49,6000 -114.25,47.48,6000 -114.25,47.47,6000 -114.26,47.46,6000 -114.28,47.44,6000 -114.29,47.43,6000 -114.30,47.42,6000 -114.32,47.41,6000 -114.33,47.40,6000 -114.35,47.39,6000 -114.36,47.38,6000 -114.38,47.38,6000 -114.40,47.37,6000 -114.41,47.37,6000 -114.43,47.37,6000 -114.44,47.37,6000 -114.46,47.37,6000 -114.48,47.38,6000 -114.50,47.38,6000 -114.52,47.39,6000 -114.53,47.40,6000 -114.55,47.40,6000 -114.57,47.41,6000 -114.58,47.42,6000 -114.60,47.43,6000 -114.61,47.44,6000 -114.62,47.45,6000 -114.63,47.46,6000 -114.63,47.47,6000 -114.64,47.48,6000 -114.64,47.49,6000 -114.64,47.51,6000 -114.64,47.52,6000 -114.64,47.53,6000 -114.64,47.55,6000 -114.64,47.56,6000 -114.64,47.58,6000 -114.64,47.59,6000 -114.63,47.61,6000 -114.63,47.62,6000 -114.49,47.73,6000 
          </coordinates>
        </LinearRing>
      </innerBoundaryIs>
      <innerBoundaryIs>
        <LinearRing>
          <coordinates>
-114.17,46.21,6000 -114.16,46.21,6000 -114.15,46.20,6000 -114.14,46.19,6000 -114.13,46.19,6000 -114.12,46.18,6000 -114.11,46.17,6000 -114.10,46.16,6000 -114.09,46.15,6000 -114.09,46.14,6000 -114.09,46.13,6000 -114.09,46.12,6000 -114.09,46.11,6000 -114.09,46.10,6000 -114.09,46.09,6000 -114.09,46.08,6000 -114.09,46.07,6000 -114.09,46.06,6000 -114.09,46.05,6000 -114.09,46.04,6000 -114.09,46.02,6000 -114.09,46.01,6000 -114.09,46.00,6000 -114.10,45.99,6000 -114.10,45.98,6000 -114.10,45.97,6000 -114.10,45.97,6000 -114.10,45.96,6000 -114.10,45.94,6000 -114.11,45.94,6000 -114.11,45.94,6000 -114.11,45.94,6000 -114.12,45.94,6000 -114.13,45.96,6000 -114.13,45.97,6000 -114.13,45.97,6000 -114.14,45.98,6000 -114.14,45.99,6000 -114.14,45.99,6000 -114.14,46.00,6000 -114.15,46.01,6000 -114.15,46.02,6000 -114.15,46.03,6000 -114.16,46.04,6000 -114.16,46.05,6000 -114.16,46.06,6000 -114.16,46.07,6000 -114.17,46.08,6000 -114.17,46.10,6000 -114.17,46.11,6000 -114.18,46.12,6000 -114.18,46.13,6000 -114.17,46.21,6000 
          </coordinates>
        </LinearRing>
      </innerBoundaryIs>
      <innerBoundaryIs>
        <LinearRing>
          <coordinates>
-118.49,51.44,7000 -117.96,51.50,7000 -117.50,51.51,7000 -116.88,51.44,7000 -116.66,51.58,7000 -116.29,51.66,7000 -115.94,51.70,7000 -115.42,51.75,7000 -114.92,51.80,7000 -114.34,51.85,7000 -113.72,51.90,7000 -113.09,51.95,7000 -112.43,52.01,7000 -111.78,52.06,7000 -111.13,52.11,7000 -110.48,52.16,7000 -109.85,52.20,7000 -109.26,52.24,7000 -108.68,52.27,7000 -108.07,52.31,7000 -107.35,52.35,7000 -106.60,52.39,7000 -105.98,52.42,7000 -105.47,52.43,7000 -105.13,52.42,7000 -104.46,52.36,7000 -103.78,52.20,7000 -103.09,52.04,7000 -102.37,51.98,7000 -102.03,51.91,7000 -101.79,51.78,7000 -101.50,51.66,7000 -101.04,51.63,7000 -100.38,51.58,7000 -99.68,51.47,7000 -99.14,51.32,7000 -98.89,51.15,7000 -98.71,50.93,7000 -98.52,50.62,7000 -98.42,50.36,7000 -98.33,50.11,7000 -98.26,49.91,7000 -98.06,49.68,7000 -97.79,49.32,7000 -97.71,49.03,7000 -97.68,48.74,7000 -97.76,48.40,7000 -98.09,48.27,7000 -98.32,48.39,7000 -98.52,48.62,7000 -98.79,49.06,7000 -99.02,49.24,7000 -99.31,49.20,7000 -99.59,48.90,7000 -99.88,48.74,7000 -100.28,48.70,7000 -100.91,48.62,7000 -101.28,48.56,7000 -101.56,48.47,7000 -101.88,48.39,7000 -102.29,48.39,7000 -102.55,48.43,7000 -103.05,48.56,7000 -103.58,48.75,7000 -103.95,48.85,7000 -104.29,48.94,7000 -104.59,49.03,7000 -104.97,49.08,7000 -105.51,49.11,7000 -105.81,49.22,7000 -106.17,49.48,7000 -106.49,49.88,7000 -106.84,50.12,7000 -107.13,50.20,7000 -107.50,50.18,7000 -107.83,50.12,7000 -108.25,49.98,7000 -108.79,49.78,7000 -109.39,49.60,7000 -110.00,49.42,7000 -110.56,49.16,7000 -110.98,48.86,7000 -111.15,48.73,7000 -111.49,48.61,7000 -111.87,48.37,7000 -112.05,48.24,7000 -112.25,48.20,7000 -112.37,48.08,7000 -112.51,47.75,7000 -112.48,47.44,7000 -112.35,47.32,7000 -112.12,47.13,7000 -111.70,47.12,7000 -111.13,47.21,7000 -110.87,47.23,7000 -110.63,47.12,7000 -110.48,46.91,7000 -110.57,46.68,7000 -110.93,46.63,7000 -111.36,46.63,7000 -111.74,46.73,7000 -112.02,46.84,7000 -112.08,46.82,7000 -112.16,46.65,7000 -112.10,46.52,7000 -112.04,46.37,7000 -112.12,46.25,7000 -112.37,46.12,7000 -112.49,46.11,7000 -112.70,46.29,7000 -112.91,46.08,7000 -112.82,45.72,7000 -113.05,45.39,7000 -113.29,45.29,7000 -113.51,45.33,7000 -113.43,45.52,7000 -113.57,45.68,7000 -113.82,45.70,7000 -113.91,45.79,7000 -113.88,45.99,7000 -113.89,46.38,7000 -113.82,46.69,7000 -114.04,46.83,7000 -114.17,46.41,7000 -114.26,46.21,7000 -114.26,45.85,7000 -114.47,45.44,7000 -114.68,45.22,7000 -114.38,45.05,7000 -114.38,44.56,7000 -114.26,44.39,7000 -114.02,44.30,7000 -113.83,44.36,7000 -113.52,44.65,7000 -113.13,44.75,7000 -112.73,44.77,7000 -112.23,45.05,7000 -111.73,45.27,7000 -111.56,45.37,7000 -111.13,45.44,7000 -110.46,45.37,7000 -109.82,45.26,7000 -109.64,45.06,7000 -109.71,44.78,7000 -109.81,44.58,7000 -109.85,44.43,7000 -109.77,44.27,7000 -109.60,44.06,7000 -109.59,43.77,7000 -109.70,43.54,7000 -109.54,43.36,7000 -109.29,43.16,7000 -109.11,42.95,7000 -108.97,42.78,7000 -108.91,42.57,7000 -109.17,42.41,7000 -109.66,42.62,7000 -109.94,42.76,7000 -110.16,42.77,7000 -110.23,42.69,7000 -110.41,42.29,7000 -110.52,41.99,7000 -110.65,41.82,7000 -110.73,41.66,7000 -110.75,41.41,7000 -110.64,41.24,7000 -110.40,41.07,7000 -110.11,40.94,7000 -109.84,40.81,7000 -109.82,40.65,7000 -109.95,40.57,7000 -110.50,40.35,7000 -110.69,40.12,7000 -110.76,39.89,7000 -110.95,39.70,7000 -111.15,39.50,7000 -111.32,39.26,7000 -111.51,39.15,7000 -111.64,39.41,7000 -111.74,39.73,7000 -111.70,40.06,7000 -111.85,40.43,7000 -111.85,40.71,7000 -111.86,41.01,7000 -111.94,41.29,7000 -112.04,41.53,7000 -112.13,41.76,7000 -112.37,41.96,7000 -112.76,42.27,7000 -112.76,42.49,7000 -112.51,42.62,7000 -112.14,42.93,7000 -111.77,43.24,7000 -111.56,43.45,7000 -111.49,43.62,7000 -111.40,43.92,7000 -111.62,44.09,7000 -112.27,44.18,7000 -112.59,44.09,7000 -112.76,43.97,7000 -113.10,43.62,7000 -113.29,43.43,7000 -113.61,43.30,7000 -114.11,43.28,7000 -114.76,43.26,7000 -115.26,43.26,7000 -115.56,43.37,7000 -115.75,43.54,7000 -115.94,43.69,7000 -116.12,43.95,7000 -116.35,44.37,7000 -116.55,44.55,7000 -117.00,44.55,7000 -117.49,44.88,7000 -117.73,44.94,7000 -117.87,44.84,7000 -118.10,44.42,7000 -118.33,43.99,7000 -118.55,43.85,7000 -118.72,43.74,7000 -118.94,43.70,7000 -119.35,43.67,7000 -119.56,43.70,7000 -119.73,43.81,7000 -119.76,44.10,7000 -119.99,44.16,7000 -120.33,44.14,7000 -120.56,44.34,7000 -120.60,44.50,7000 -120.49,44.54,7000 -120.19,44.56,7000 -119.78,44.54,7000 -119.48,44.46,7000 -119.23,44.70,7000 -119.36,45.18,7000 -118.81,45.35,7000 -118.40,45.60,7000 -118.10,45.99,7000 -117.87,46.16,7000 -117.63,46.21,7000 -117.41,46.12,7000 -117.31,45.94,7000 -116.85,45.88,7000 -116.70,46.08,7000 -116.37,46.17,7000 -116.08,45.99,7000 -115.84,46.11,7000 -115.99,46.45,7000 -116.43,46.74,7000 -116.85,47.04,7000 -116.78,47.49,7000 -116.83,47.76,7000 -117.05,47.89,7000 -117.62,48.14,7000 -118.20,48.37,7000 -118.43,48.28,7000 -118.68,48.32,7000 -118.93,48.45,7000 -119.01,48.58,7000 -118.85,48.85,7000 -118.80,49.03,7000 -119.01,49.19,7000 -119.11,49.47,7000 -119.17,49.77,7000 -119.13,50.16,7000 -119.04,50.59,7000 -118.95,50.85,7000 -118.85,51.09,7000 -118.69,51.36,7000 -118.49,51.44,7000 
          </coordinates>
        </LinearRing>
      </innerBoundaryIs>
      <innerBoundaryIs>
        <LinearRing>
          <coordinates>
-114.52,47.89,7000 -114.48,47.91,7000 -114.45,47.92,7000 -114.41,47.94,7000 -114.38,47.95,7000 -114.34,47.96,7000 -114.31,47.96,7000 -114.29,47.96,7000 -114.27,47.95,7000 -114.25,47.93,7000 -114.23,47.91,7000 -114.22,47.88,7000 -114.21,47.86,7000 -114.20,47.83,7000 -114.19,47.81,7000 -114.18,47.78,7000 -114.17,47.76,7000 -114.17,47.73,7000 -114.16,47.71,7000 -114.16,47.68,7000 -114.15,47.66,7000 -114.14,47.64,7000 -114.14,47.61,7000 -114.13,47.59,7000 -114.13,47.57,7000 -114.13,47.55,7000 -114.12,47.52,7000 -114.12,47.50,7000 -114.12,47.48,7000 -114.12,47.45,7000 -114.12,47.42,7000 -114.12,47.39,7000 -114.13,47.37,7000 -114.13,47.35,7000 -114.13,47.33,7000 -114.13,47.31,7000 -114.15,47.30,7000 -114.17,47.29,7000 -114.21,47.28,7000 -114.24,47.28,7000 -114.29,47.27,7000 -114.33,47.26,7000 -114.36,47.25,7000 -114.39,47.25,7000 -114.43,47.26,7000 -114.46,47.27,7000 -114.49,47.29,7000 -114.51,47.30,7000 -114.54,47.31,7000 -114.57,47.32,7000 -114.60,47.34,7000 -114.63,47.35,7000 -114.66,47.36,7000 -114.69,47.37,7000 -114.73,47.38,7000 -114.77,47.40,7000 -114.80,47.41,7000 -114.82,47.43,7000 -114.83,47.45,7000 -114.84,47.47,7000 -114.85,47.49,7000 -114.86,47.52,7000 -114.86,47.54,7000 -114.86,47.57,7000 -114.86,47.59,7000 -114.85,47.61,7000 -114.83,47.64,7000 -114.81,47.66,7000 -114.78,47.68,7000 -114.76,47.70,7000 -114.74,47.72,7000 -114.72,47.74,7000 -114.69,47.76,7000 -114.67,47.77,7000 -114.65,47.78,7000 -114.52,47.89,7000 
          </coordinates>
        </LinearRing>
      </innerBoundaryIs>
  </Polygon>
 </MultiGeometry>
</Placemark>
<Placemark>
  <name>50%</name>
  <visibility>1</visibility>
  <styleUrl>#poly_50</styleUrl>
  <MultiGeometry>
    <Polygon>
      <outerBoundaryIs>
        <LinearRing>
          <coordinates>
-90.49,48.22,6000 -90.42,48.25,6000 -90.34,48.28,6000 -90.27,48.30,6000 -90.19,48.32,6000 -90.12,48.32,6000 -90.05,48.31,6000 -89.98,48.29,6000 -89.90,48.26,6000 -89.84,48.23,6000 -89.78,48.20,6000 -89.74,48.17,6000 -89.72,48.13,6000 -89.72,48.09,6000 -89.75,48.04,6000 -89.78,48.00,6000 -89.81,47.96,6000 -89.84,47.93,6000 -89.89,47.89,6000 -89.93,47.85,6000 -89.98,47.82,6000 -90.03,47.79,6000 -90.09,47.76,6000 -90.15,47.74,6000 -90.21,47.71,6000 -90.27,47.68,6000 -90.32,47.65,6000 -90.37,47.62,6000 -90.42,47.59,6000 -90.47,47.56,6000 -90.54,47.52,6000 -90.59,47.49,6000 -90.65,47.46,6000 -90.71,47.42,6000 -90.78,47.39,6000 -90.84,47.35,6000 -90.91,47.32,6000 -90.98,47.28,6000 -91.04,47.25,6000 -91.10,47.22,6000 -91.16,47.19,6000 -91.23,47.16,6000 -91.29,47.13,6000 -91.35,47.10,6000 -91.42,47.08,6000 -91.48,47.05,6000 -91.54,47.03,6000 -91.61,47.01,6000 -91.69,46.98,6000 -91.77,46.96,6000 -91.85,46.94,6000 -91.92,46.93,6000 -91.99,46.91,6000 -92.04,46.90,6000 -92.12,46.88,6000 -92.17,46.88,6000 -92.22,46.88,6000 -92.27,46.89,6000 -92.33,46.92,6000 -92.37,46.96,6000 -92.40,47.00,6000 -92.42,47.05,6000 -92.44,47.11,6000 -92.46,47.17,6000 -92.46,47.22,6000 -92.44,47.27,6000 -92.41,47.32,6000 -92.36,47.37,6000 -92.32,47.41,6000 -92.28,47.45,6000 -92.24,47.48,6000 -92.19,47.51,6000 -92.13,47.55,6000 -92.09,47.58,6000 -92.04,47.61,6000 -91.99,47.64,6000 -91.94,47.68,6000 -91.88,47.71,6000 -91.82,47.74,6000 -91.76,47.77,6000 -91.70,47.79,6000 -91.63,47.82,6000 -91.56,47.84,6000 -91.48,47.85,6000 -91.41,47.87,6000 -91.33,47.89,6000 -91.26,47.91,6000 -91.19,47.93,6000 -91.12,47.95,6000 -91.04,47.97,6000 -90.97,47.99,6000 -90.90,48.02,6000 -90.82,48.04,6000 -90.75,48.06,6000 -90.49,48.22,6000 
          </coordinates>
        </LinearRing>
      </outerBoundaryIs>
      <innerBoundaryIs>
        <LinearRing>
          <coordinates>
-91.51,47.75,7000 -91.47,47.76,7000 -91.43,47.76,7000 -91.39,47.77,7000 -91.34,47.78,7000 -91.30,47.78,7000 -91.26,47.79,7000 -91.22,47.79,7000 -91.18,47.80,7000 -91.13,47.80,7000 -91.09,47.80,7000 -91.05,47.81,7000 -91.01,47.81,7000 -90.97,47.82,7000 -90.92,47.83,7000 -90.87,47.84,7000 -90.83,47.84,7000 -90.79,47.85,7000 -90.76,47.84,7000 -90.73,47.82,7000 -90.71,47.80,7000 -90.70,47.77,7000 -90.69,47.74,7000 -90.68,47.71,7000 -90.68,47.69,7000 -90.70,47.66,7000 -90.73,47.64,7000 -90.77,47.62,7000 -90.79,47.60,7000 -90.80,47.57,7000 -90.82,47.55,7000 -90.85,47.52,7000 -90.88,47.50,7000 -90.91,47.48,7000 -90.94,47.46,7000 -90.98,47.44,7000 -91.01,47.42,7000 -91.03,47.41,7000 -91.05,47.39,7000 -91.08,47.36,7000 -91.11,47.34,7000 -91.14,47.32,7000 -91.18,47.30,7000 -91.22,47.28,7000 -91.25,47.26,7000 -91.28,47.24,7000 -91.31,47.22,7000 -91.33,47.21,7000 -91.36,47.20,7000 -91.39,47.19,7000 -91.42,47.17,7000 -91.46,47.16,7000 -91.50,47.15,7000 -91.54,47.13,7000 -91.57,47.12,7000 -91.61,47.11,7000 -91.65,47.09,7000 -91.69,47.08,7000 -91.73,47.07,7000 -91.76,47.06,7000 -91.79,47.05,7000 -91.83,47.04,7000 -91.87,47.04,7000 -91.91,47.03,7000 -91.96,47.03,7000 -92.00,47.02,7000 -92.04,47.02,7000 -92.08,47.02,7000 -92.11,47.04,7000 -92.13,47.06,7000 -92.15,47.09,7000 -92.17,47.12,7000 -92.18,47.15,7000 -92.20,47.18,7000 -92.20,47.21,7000 -92.19,47.24,7000 -92.18,47.27,7000 -92.16,47.30,7000 -92.14,47.33,7000 -92.12,47.36,7000 -92.10,47.38,7000 -92.07,47.40,7000 -92.05,47.41,7000 -92.02,47.43,7000 -92.00,47.45,7000 -91.97,47.47,7000 -91.94,47.49,7000 -91.92,47.52,7000 -91.89,47.54,7000 -91.86,47.56,7000 -91.83,47.59,7000 -91.80,47.61,7000 -91.77,47.63,7000 -91.74,47.65,7000 -91.71,47.66,7000 -91.68,47.68,7000 -91.65,47.69,7000 -91.62,47.71,7000 -91.51,47.75,7000 
          </coordinates>
        </LinearRing>
      </innerBoundaryIs>
  </Polygon>
 </MultiGeometry>
</Placemark>
<Placemark>
  <name>60%</name>
  <visibility>1</visibility>
  <styleUrl>#poly_60</styleUrl>
  <MultiGeometry>
    <Polygon>
      <outerBoundaryIs>
        <LinearRing>
          <coordinates>
-68.82,50.75,7000 -68.63,50.76,7000 -68.43,50.76,7000 -68.24,50.75,7000 -68.06,50.74,7000 -67.89,50.72,7000 -67.68,50.67,7000 -67.53,50.62,7000 -67.35,50.56,7000 -67.18,50.50,7000 -67.00,50.43,7000 -66.84,50.36,7000 -66.69,50.30,7000 -66.55,50.24,7000 -66.42,50.18,7000 -66.30,50.12,7000 -66.19,50.05,7000 -66.10,49.97,7000 -66.03,49.88,7000 -65.96,49.79,7000 -65.88,49.70,7000 -65.78,49.62,7000 -65.65,49.55,7000 -65.49,49.48,7000 -65.32,49.42,7000 -65.16,49.36,7000 -65.00,49.29,7000 -64.84,49.22,7000 -64.68,49.15,7000 -64.52,49.08,7000 -64.38,49.01,7000 -64.29,48.95,7000 -64.24,48.84,7000 -64.32,48.76,7000 -64.43,48.70,7000 -64.60,48.69,7000 -64.75,48.73,7000 -64.93,48.79,7000 -65.12,48.84,7000 -65.28,48.86,7000 -65.45,48.87,7000 -65.62,48.88,7000 -65.75,48.89,7000 -65.92,48.88,7000 -66.02,48.89,7000 -66.10,48.96,7000 -66.14,49.05,7000 -66.12,49.14,7000 -66.10,49.23,7000 -66.12,49.31,7000 -66.19,49.35,7000 -66.31,49.33,7000 -66.47,49.28,7000 -66.60,49.24,7000 -66.73,49.21,7000 -66.81,49.17,7000 -66.83,49.10,7000 -66.77,49.02,7000 -66.62,49.00,7000 -66.43,48.99,7000 -66.27,48.93,7000 -66.20,48.83,7000 -66.16,48.71,7000 -66.13,48.57,7000 -66.12,48.46,7000 -66.13,48.35,7000 -66.17,48.26,7000 -66.24,48.19,7000 -66.36,48.14,7000 -66.52,48.11,7000 -66.67,48.10,7000 -66.81,48.11,7000 -66.94,48.13,7000 -67.06,48.15,7000 -67.22,48.19,7000 -67.37,48.23,7000 -67.54,48.24,7000 -67.70,48.26,7000 -67.85,48.31,7000 -67.96,48.38,7000 -67.97,48.47,7000 -67.93,48.58,7000 -67.85,48.68,7000 -67.82,48.78,7000 -67.90,48.84,7000 -68.04,48.90,7000 -68.19,48.93,7000 -68.35,48.93,7000 -68.53,48.90,7000 -68.70,48.89,7000 -68.84,48.88,7000 -68.97,48.89,7000 -69.10,48.93,7000 -69.21,49.00,7000 -69.32,49.10,7000 -69.43,49.21,7000 -69.56,49.31,7000 -69.68,49.38,7000 -69.81,49.45,7000 -69.94,49.51,7000 -70.07,49.57,7000 -70.19,49.62,7000 -70.36,49.69,7000 -70.52,49.74,7000 -70.63,49.80,7000 -70.72,49.91,7000 -70.70,50.01,7000 -70.59,50.06,7000 -70.44,50.11,7000 -70.31,50.15,7000 -70.23,50.20,7000 -70.20,50.26,7000 -70.20,50.33,7000 -70.20,50.41,7000 -70.17,50.50,7000 -70.10,50.59,7000 -69.99,50.65,7000 -69.85,50.68,7000 -69.69,50.69,7000 -69.51,50.69,7000 -68.82,50.75,7000 
          </coordinates>
        </LinearRing>
      </outerBoundaryIs>
      <innerBoundaryIs>
        <LinearRing>
          <coordinates>
-67.07,48.85,8000 -67.05,48.85,8000 -67.02,48.84,8000 -67.00,48.84,8000 -66.98,48.84,8000 -66.96,48.83,8000 -66.94,48.83,8000 -66.92,48.83,8000 -66.90,48.82,8000 -66.88,48.82,8000 -66.87,48.82,8000 -66.85,48.81,8000 -66.84,48.81,8000 -66.83,48.81,8000 -66.81,48.81,8000 -66.81,48.80,8000 -66.81,48.79,8000 -66.80,48.78,8000 -66.80,48.77,8000 -66.79,48.76,8000 -66.78,48.75,8000 -66.77,48.74,8000 -66.77,48.72,8000 -66.76,48.71,8000 -66.75,48.70,8000 -66.75,48.68,8000 -66.74,48.67,8000 -66.74,48.65,8000 -66.74,48.64,8000 -66.74,48.63,8000 -66.74,48.62,8000 -66.75,48.61,8000 -66.75,48.60,8000 -66.76,48.58,8000 -66.78,48.57,8000 -66.79,48.56,8000 -66.80,48.55,8000 -66.82,48.54,8000 -66.84,48.53,8000 -66.85,48.52,8000 -66.87,48.51,8000 -66.89,48.51,8000 -66.90,48.50,8000 -66.92,48.50,8000 -66.94,48.50,8000 -66.95,48.50,8000 -66.97,48.51,8000 -66.99,48.51,8000 -67.00,48.52,8000 -67.02,48.52,8000 -67.04,48.53,8000 -67.06,48.54,8000 -67.08,48.55,8000 -67.09,48.56,8000 -67.11,48.57,8000 -67.12,48.57,8000 -67.14,48.58,8000 -67.15,48.59,8000 -67.17,48.60,8000 -67.18,48.61,8000 -67.20,48.62,8000 -67.21,48.63,8000 -67.22,48.64,8000 -67.23,48.65,8000 -67.24,48.66,8000 -67.24,48.68,8000 -67.24,48.69,8000 -67.24,48.70,8000 -67.23,48.71,8000 -67.23,48.72,8000 -67.22,48.73,8000 -67.21,48.74,8000 -67.20,48.75,8000 -67.19,48.76,8000 -67.18,48.77,8000 -67.17,48.78,8000 -67.16,48.79,8000 -67.14,48.81,8000 -67.13,48.82,8000 -67.11,48.83,8000 -67.10,48.84,8000 -67.07,48.85,8000 
          </coordinates>
        </LinearRing>
      </innerBoundaryIs>
      <innerBoundaryIs>
        <LinearRing>
          <coordinates>
-68.31,50.70,8000 -68.18,50.69,8000 -68.05,50.68,8000 -67.93,50.67,8000 -67.80,50.65,8000 -67.64,50.60,8000 -67.52,50.56,8000 -67.37,50.50,8000 -67.23,50.44,8000 -67.09,50.39,8000 -66.93,50.33,8000 -66.77,50.27,8000 -66.64,50.22,8000 -66.49,50.16,8000 -66.38,50.10,8000 -66.29,50.03,8000 -66.20,49.94,8000 -66.14,49.87,8000 -66.07,49.79,8000 -66.00,49.71,8000 -65.91,49.64,8000 -65.81,49.56,8000 -65.73,49.51,8000 -65.58,49.47,8000 -65.49,49.43,8000 -65.36,49.38,8000 -65.23,49.33,8000 -65.10,49.27,8000 -64.98,49.22,8000 -64.85,49.16,8000 -64.71,49.09,8000 -64.61,49.03,8000 -64.56,48.99,8000 -64.65,48.95,8000 -64.84,48.94,8000 -64.95,48.94,8000 -65.08,48.95,8000 -65.21,48.96,8000 -65.35,48.97,8000 -65.50,48.98,8000 -65.63,49.00,8000 -65.75,49.03,8000 -65.86,49.06,8000 -65.95,49.12,8000 -65.99,49.21,8000 -66.00,49.32,8000 -66.03,49.42,8000 -66.09,49.48,8000 -66.20,49.48,8000 -66.35,49.43,8000 -66.51,49.37,8000 -66.66,49.32,8000 -66.80,49.29,8000 -66.93,49.26,8000 -67.07,49.23,8000 -67.20,49.21,8000 -67.34,49.19,8000 -67.48,49.18,8000 -67.62,49.17,8000 -67.75,49.16,8000 -67.92,49.16,8000 -68.09,49.16,8000 -68.26,49.16,8000 -68.40,49.14,8000 -68.54,49.10,8000 -68.69,49.07,8000 -68.81,49.07,8000 -68.94,49.12,8000 -69.05,49.20,8000 -69.17,49.28,8000 -69.28,49.33,8000 -69.40,49.39,8000 -69.53,49.45,8000 -69.68,49.52,8000 -69.81,49.58,8000 -69.96,49.66,8000 -70.13,49.74,8000 -70.28,49.83,8000 -70.41,49.90,8000 -70.49,49.95,8000 -70.46,50.01,8000 -70.30,50.04,8000 -70.21,50.12,8000 -70.13,50.23,8000 -70.11,50.32,8000 -70.09,50.42,8000 -70.07,50.50,8000 -70.07,50.57,8000 -69.91,50.62,8000 -69.80,50.63,8000 -69.67,50.64,8000 -69.52,50.65,8000 -69.35,50.66,8000 -69.17,50.66,8000 -68.97,50.67,8000 -68.77,50.68,8000 -68.57,50.68,8000 -68.31,50.70,8000 
          </coordinates>
        </LinearRing>
      </innerBoundaryIs>
  </Polygon>
 </MultiGeometry>
</Placemark>
<Placemark>
  <name>60%</name>
  <visibility>1</visibility>
  <styleUrl>#poly_60</styleUrl>
  <MultiGeometry>
    <Polygon>
      <outerBoundaryIs>
        <LinearRing>
          <coordinates>
-107.37,41.32,7000 -107.13,41.31,7000 -106.91,41.30,7000 -106.72,41.30,7000 -106.57,41.30,7000 -106.43,41.38,7000 -106.39,41.23,7000 -106.34,41.04,7000 -106.23,40.90,7000 -106.09,40.79,7000 -105.93,40.72,7000 -105.78,40.64,7000 -105.68,40.51,7000 -105.62,40.38,7000 -105.60,40.31,7000 -105.63,40.20,7000 -105.67,40.07,7000 -105.71,39.91,7000 -105.77,39.74,7000 -105.84,39.58,7000 -105.92,39.43,7000 -106.01,39.29,7000 -106.11,39.15,7000 -106.18,39.03,7000 -106.26,38.85,7000 -106.32,38.71,7000 -106.42,38.60,7000 -106.54,38.54,7000 -106.66,38.54,7000 -106.80,38.56,7000 -107.00,38.54,7000 -107.18,38.50,7000 -107.30,38.41,7000 -107.33,38.30,7000 -107.20,38.22,7000 -107.01,38.15,7000 -106.85,38.08,7000 -106.71,38.00,7000 -106.59,37.87,7000 -106.49,37.72,7000 -106.41,37.59,7000 -106.35,37.45,7000 -106.30,37.32,7000 -106.26,37.18,7000 -106.23,37.06,7000 -106.24,36.92,7000 -106.28,36.82,7000 -106.38,36.73,7000 -106.47,36.74,7000 -106.62,36.80,7000 -106.75,36.87,7000 -106.90,36.97,7000 -107.06,37.07,7000 -107.20,37.15,7000 -107.38,37.22,7000 -107.54,37.25,7000 -107.70,37.26,7000 -107.87,37.26,7000 -108.02,37.27,7000 -108.18,37.31,7000 -108.31,37.38,7000 -108.44,37.50,7000 -108.53,37.63,7000 -108.53,37.75,7000 -108.48,37.86,7000 -108.37,37.97,7000 -108.25,38.07,7000 -108.10,38.17,7000 -107.99,38.18,7000 -107.86,38.18,7000 -107.73,38.21,7000 -107.62,38.25,7000 -107.51,38.37,7000 -107.51,38.48,7000 -107.53,38.59,7000 -107.57,38.69,7000 -107.62,38.78,7000 -107.76,38.89,7000 -107.88,38.92,7000 -108.00,38.97,7000 -108.06,39.07,7000 -108.10,39.18,7000 -108.13,39.29,7000 -108.17,39.38,7000 -108.28,39.43,7000 -108.39,39.46,7000 -108.52,39.47,7000 -108.62,39.54,7000 -108.66,39.62,7000 -108.57,39.62,7000 -108.32,39.70,7000 -108.19,39.78,7000 -108.01,39.88,7000 -107.81,40.00,7000 -107.61,40.13,7000 -107.42,40.26,7000 -107.26,40.37,7000 -107.15,40.45,7000 -107.14,40.59,7000 -107.29,40.67,7000 -107.35,40.80,7000 -107.40,40.95,7000 -107.37,41.32,7000 
          </coordinates>
        </LinearRing>
      </outerBoundaryIs>
      <innerBoundaryIs>
        <LinearRing>
          <coordinates>
-106.51,39.97,7000 -106.50,39.98,7000 -106.49,39.98,7000 -106.48,39.98,7000 -106.47,39.99,7000 -106.46,39.99,7000 -106.45,40.00,7000 -106.44,40.00,7000 -106.43,40.01,7000 -106.42,40.01,7000 -106.41,40.02,7000 -106.41,40.02,7000 -106.40,40.03,7000 -106.39,40.03,7000 -106.38,40.03,7000 -106.37,40.04,7000 -106.36,40.04,7000 -106.35,40.04,7000 -106.35,40.05,7000 -106.34,40.05,7000 -106.33,40.05,7000 -106.32,40.05,7000 -106.32,40.06,7000 -106.31,40.06,7000 -106.30,40.06,7000 -106.30,40.06,7000 -106.29,40.06,7000 -106.28,40.06,7000 -106.27,40.06,7000 -106.26,40.06,7000 -106.25,40.05,7000 -106.24,40.05,7000 -106.23,40.04,7000 -106.23,40.03,7000 -106.22,40.03,7000 -106.21,40.02,7000 -106.21,40.01,7000 -106.21,40.01,7000 -106.20,40.00,7000 -106.20,39.99,7000 -106.20,39.99,7000 -106.20,39.98,7000 -106.20,39.98,7000 -106.21,39.97,7000 -106.21,39.97,7000 -106.22,39.96,7000 -106.23,39.96,7000 -106.24,39.96,7000 -106.25,39.95,7000 -106.27,39.95,7000 -106.28,39.95,7000 -106.29,39.95,7000 -106.29,39.95,7000 -106.30,39.95,7000 -106.31,39.95,7000 -106.32,39.95,7000 -106.33,39.95,7000 -106.34,39.95,7000 -106.35,39.95,7000 -106.36,39.95,7000 -106.38,39.95,7000 -106.39,39.95,7000 -106.40,39.95,7000 -106.41,39.95,7000 -106.42,39.95,7000 -106.43,39.95,7000 -106.44,39.95,7000 -106.45,39.96,7000 -106.46,39.96,7000 -106.47,39.96,7000 -106.48,39.96,7000 -106.49,39.96,7000 -106.50,39.96,7000 -106.50,39.96,7000 -106.51,39.96,7000 -106.54,39.96,7000 -106.52,39.97,7000 -106.51,39.97,7000 
          </coordinates>
        </LinearRing>
      </innerBoundaryIs>
      <innerBoundaryIs>
        <LinearRing>
          <coordinates>
-107.90,38.10,8000 -107.83,38.12,8000 -107.76,38.15,8000 -107.70,38.17,8000 -107.63,38.19,8000 -107.57,38.20,8000 -107.51,38.21,8000 -107.46,38.22,8000 -107.39,38.22,8000 -107.34,38.21,8000 -107.29,38.19,8000 -107.24,38.16,8000 -107.18,38.14,8000 -107.13,38.12,8000 -107.07,38.10,8000 -107.00,38.07,8000 -106.94,38.04,8000 -106.89,38.02,8000 -106.84,37.99,8000 -106.79,37.96,8000 -106.75,37.93,8000 -106.72,37.89,8000 -106.68,37.86,8000 -106.65,37.82,8000 -106.62,37.78,8000 -106.59,37.74,8000 -106.56,37.70,8000 -106.53,37.66,8000 -106.51,37.61,8000 -106.48,37.57,8000 -106.46,37.53,8000 -106.43,37.49,8000 -106.41,37.45,8000 -106.39,37.40,8000 -106.38,37.36,8000 -106.36,37.31,8000 -106.35,37.26,8000 -106.33,37.21,8000 -106.32,37.15,8000 -106.31,37.09,8000 -106.30,37.04,8000 -106.29,36.99,8000 -106.29,36.95,8000 -106.30,36.89,8000 -106.32,36.85,8000 -106.35,36.82,8000 -106.39,36.80,8000 -106.44,36.80,8000 -106.50,36.81,8000 -106.57,36.83,8000 -106.63,36.86,8000 -106.68,36.88,8000 -106.73,36.91,8000 -106.77,36.94,8000 -106.82,36.97,8000 -106.87,37.00,8000 -106.92,37.03,8000 -106.97,37.07,8000 -107.01,37.11,8000 -107.06,37.15,8000 -107.11,37.18,8000 -107.17,37.21,8000 -107.22,37.23,8000 -107.28,37.25,8000 -107.35,37.27,8000 -107.40,37.28,8000 -107.47,37.29,8000 -107.53,37.29,8000 -107.60,37.30,8000 -107.67,37.31,8000 -107.74,37.31,8000 -107.80,37.32,8000 -107.87,37.33,8000 -107.93,37.33,8000 -107.99,37.33,8000 -108.05,37.34,8000 -108.11,37.35,8000 -108.16,37.36,8000 -108.22,37.38,8000 -108.27,37.41,8000 -108.31,37.45,8000 -108.36,37.49,8000 -108.39,37.52,8000 -108.43,37.56,8000 -108.46,37.60,8000 -108.47,37.65,8000 -108.48,37.69,8000 -108.47,37.74,8000 -108.45,37.78,8000 -108.42,37.83,8000 -108.38,37.88,8000 -108.35,37.91,8000 -108.31,37.94,8000 -108.27,37.98,8000 -108.22,38.01,8000 -108.17,38.04,8000 -108.12,38.07,8000 -107.90,38.10,8000 
          </coordinates>
        </LinearRing>
      </innerBoundaryIs>
      <innerBoundaryIs>
        <LinearRing>
          <coordinates>
-107.13,41.27,8000 -106.99,41.24,8000 -106.86,41.21,8000 -106.75,41.18,8000 -106.65,41.14,8000 -106.56,41.08,8000 -106.50,41.01,8000 -106.45,40.94,8000 -106.43,40.85,8000 -106.42,40.75,8000 -106.40,40.68,8000 -106.34,40.63,8000 -106.24,40.61,8000 -106.13,40.63,8000 -106.01,40.66,8000 -105.90,40.66,8000 -105.82,40.61,8000 -105.77,40.53,8000 -105.73,40.44,8000 -105.69,40.35,8000 -105.67,40.26,8000 -105.75,40.19,8000 -105.84,40.17,8000 -105.96,40.17,8000 -106.11,40.16,8000 -106.27,40.16,8000 -106.42,40.16,8000 -106.55,40.15,8000 -106.64,40.14,8000 -106.75,40.08,8000 -106.77,40.00,8000 -106.74,39.94,8000 -106.65,39.90,8000 -106.52,39.87,8000 -106.38,39.85,8000 -106.26,39.86,8000 -106.14,39.89,8000 -106.04,39.90,8000 -105.94,39.84,8000 -105.90,39.75,8000 -105.91,39.67,8000 -105.94,39.58,8000 -105.99,39.48,8000 -106.03,39.40,8000 -106.08,39.31,8000 -106.14,39.22,8000 -106.19,39.13,8000 -106.23,39.05,8000 -106.27,38.96,8000 -106.30,38.88,8000 -106.34,38.80,8000 -106.37,38.74,8000 -106.41,38.68,8000 -106.48,38.66,8000 -106.58,38.65,8000 -106.70,38.64,8000 -106.82,38.63,8000 -106.93,38.61,8000 -107.04,38.60,8000 -107.15,38.59,8000 -107.25,38.59,8000 -107.35,38.61,8000 -107.45,38.65,8000 -107.53,38.71,8000 -107.61,38.79,8000 -107.69,38.88,8000 -107.77,38.95,8000 -107.88,39.02,8000 -107.99,39.08,8000 -108.04,39.15,8000 -108.02,39.22,8000 -107.97,39.30,8000 -107.90,39.37,8000 -107.83,39.43,8000 -107.73,39.46,8000 -107.62,39.47,8000 -107.55,39.49,8000 -107.56,39.56,8000 -107.62,39.64,8000 -107.69,39.69,8000 -107.77,39.75,8000 -107.81,39.81,8000 -107.80,39.88,8000 -107.75,39.96,8000 -107.67,40.04,8000 -107.58,40.10,8000 -107.47,40.15,8000 -107.35,40.21,8000 -107.25,40.26,8000 -107.14,40.32,8000 -107.05,40.38,8000 -107.02,40.46,8000 -107.06,40.54,8000 -107.14,40.62,8000 -107.23,40.71,8000 -107.29,40.79,8000 -107.32,40.87,8000 -107.33,40.94,8000 -107.33,41.00,8000 -107.13,41.27,8000 
          </coordinates>
        </LinearRing>
      </innerBoundaryIs>
  </Polygon>
 </MultiGeometry>
</Placemark>
<Placemark>
  <name>60%</name>
  <visibility>1</visibility>
  <styleUrl>#poly_60</styleUrl>
  <MultiGeometry>
    <Polygon>
      <outerBoundaryIs>
        <LinearRing>
          <coordinates>
-71.76,47.62,7000 -71.71,47.62,7000 -71.66,47.62,7000 -71.61,47.62,7000 -71.57,47.62,7000 -71.54,47.62,7000 -71.51,47.61,7000 -71.49,47.60,7000 -71.50,47.57,7000 -71.50,47.54,7000 -71.49,47.52,7000 -71.49,47.49,7000 -71.48,47.46,7000 -71.47,47.42,7000 -71.46,47.39,7000 -71.45,47.36,7000 -71.44,47.33,7000 -71.43,47.31,7000 -71.41,47.28,7000 -71.40,47.26,7000 -71.39,47.23,7000 -71.38,47.20,7000 -71.38,47.18,7000 -71.38,47.15,7000 -71.39,47.12,7000 -71.40,47.10,7000 -71.41,47.07,7000 -71.43,47.05,7000 -71.45,47.02,7000 -71.48,47.00,7000 -71.51,46.97,7000 -71.54,46.95,7000 -71.58,46.92,7000 -71.62,46.90,7000 -71.65,46.88,7000 -71.67,46.87,7000 -71.70,46.86,7000 -71.73,46.85,7000 -71.76,46.84,7000 -71.80,46.83,7000 -71.84,46.82,7000 -71.89,46.81,7000 -71.93,46.81,7000 -71.97,46.80,7000 -72.01,46.80,7000 -72.06,46.79,7000 -72.10,46.79,7000 -72.14,46.79,7000 -72.18,46.79,7000 -72.22,46.80,7000 -72.25,46.81,7000 -72.29,46.83,7000 -72.32,46.85,7000 -72.36,46.87,7000 -72.38,46.90,7000 -72.41,46.92,7000 -72.43,46.93,7000 -72.46,46.95,7000 -72.45,46.97,7000 -72.45,46.99,7000 -72.45,47.01,7000 -72.44,47.04,7000 -72.43,47.07,7000 -72.43,47.10,7000 -72.42,47.13,7000 -72.41,47.16,7000 -72.40,47.19,7000 -72.38,47.22,7000 -72.37,47.26,7000 -72.36,47.28,7000 -72.35,47.30,7000 -72.34,47.30,7000 -72.32,47.32,7000 -72.30,47.34,7000 -72.27,47.37,7000 -72.25,47.40,7000 -72.22,47.43,7000 -72.19,47.45,7000 -72.16,47.47,7000 -72.13,47.48,7000 -72.10,47.50,7000 -72.07,47.51,7000 -72.04,47.52,7000 -72.00,47.54,7000 -71.97,47.55,7000 -71.93,47.57,7000 -71.89,47.58,7000 -71.76,47.62,7000 
          </coordinates>
        </LinearRing>
      </outerBoundaryIs>
  </Polygon>
 </MultiGeometry>
</Placemark>
<Placemark>
  <name>60%</name>
  <visibility>1</visibility>
  <styleUrl>#poly_60</styleUrl>
  <MultiGeometry>
    <Polygon>
      <outerBoundaryIs>
        <LinearRing>
          <coordinates>
-124.19,47.98,7000 -124.17,48.00,7000 -124.14,48.02,7000 -124.10,48.04,7000 -124.06,48.06,7000 -124.01,48.07,7000 -123.97,48.08,7000 -123.93,48.08,7000 -123.88,48.08,7000 -123.83,48.08,7000 -123.78,48.08,7000 -123.74,48.07,7000 -123.71,48.07,7000 -123.67,48.07,7000 -123.63,48.06,7000 -123.60,48.05,7000 -123.56,48.05,7000 -123.52,48.04,7000 -123.47,48.03,7000 -123.43,48.02,7000 -123.39,48.01,7000 -123.35,48.00,7000 -123.31,47.99,7000 -123.26,47.97,7000 -123.23,47.96,7000 -123.20,47.95,7000 -123.17,47.93,7000 -123.15,47.91,7000 -123.13,47.89,7000 -123.11,47.87,7000 -123.08,47.85,7000 -123.06,47.83,7000 -123.05,47.80,7000 -123.04,47.78,7000 -123.04,47.75,7000 -123.04,47.72,7000 -123.04,47.69,7000 -123.05,47.66,7000 -123.06,47.63,7000 -123.07,47.61,7000 -123.09,47.58,7000 -123.10,47.55,7000 -123.12,47.53,7000 -123.14,47.50,7000 -123.16,47.48,7000 -123.18,47.46,7000 -123.19,47.44,7000 -123.21,47.41,7000 -123.21,47.41,7000 -123.24,47.39,7000 -123.26,47.38,7000 -123.29,47.36,7000 -123.32,47.34,7000 -123.35,47.33,7000 -123.39,47.31,7000 -123.43,47.30,7000 -123.46,47.29,7000 -123.50,47.29,7000 -123.54,47.29,7000 -123.58,47.30,7000 -123.62,47.31,7000 -123.66,47.32,7000 -123.69,47.32,7000 -123.72,47.33,7000 -123.76,47.33,7000 -123.78,47.35,7000 -123.80,47.36,7000 -123.82,47.38,7000 -123.85,47.41,7000 -123.87,47.43,7000 -123.90,47.45,7000 -123.93,47.48,7000 -123.95,47.50,7000 -123.98,47.53,7000 -124.00,47.55,7000 -124.02,47.58,7000 -124.05,47.61,7000 -124.07,47.63,7000 -124.08,47.65,7000 -124.09,47.67,7000 -124.10,47.69,7000 -124.12,47.72,7000 -124.13,47.75,7000 -124.15,47.78,7000 -124.16,47.81,7000 -124.17,47.84,7000 -124.18,47.87,7000 -124.19,47.90,7000 -124.20,47.93,7000 -124.20,47.96,7000 -124.19,47.98,7000 -124.19,47.98,7000 
          </coordinates>
        </LinearRing>
      </outerBoundaryIs>
      <innerBoundaryIs>
        <LinearRing>
          <coordinates>
-123.95,48.03,8000 -123.92,48.03,8000 -123.88,48.03,8000 -123.84,48.03,8000 -123.81,48.03,8000 -123.78,48.03,8000 -123.74,48.03,8000 -123.69,48.02,8000 -123.66,48.02,8000 -123.63,48.01,8000 -123.59,48.00,8000 -123.55,48.00,8000 -123.52,47.99,8000 -123.48,47.98,8000 -123.45,47.98,8000 -123.42,47.97,8000 -123.38,47.96,8000 -123.36,47.96,8000 -123.33,47.95,8000 -123.30,47.94,8000 -123.28,47.93,8000 -123.25,47.91,8000 -123.23,47.89,8000 -123.20,47.87,8000 -123.17,47.85,8000 -123.15,47.83,8000 -123.13,47.81,8000 -123.11,47.80,8000 -123.11,47.79,8000 -123.11,47.77,8000 -123.12,47.75,8000 -123.12,47.73,8000 -123.13,47.70,8000 -123.13,47.67,8000 -123.14,47.65,8000 -123.15,47.62,8000 -123.16,47.60,8000 -123.17,47.57,8000 -123.19,47.55,8000 -123.20,47.53,8000 -123.21,47.50,8000 -123.23,47.48,8000 -123.24,47.46,8000 -123.25,47.45,8000 -123.27,47.43,8000 -123.30,47.42,8000 -123.32,47.41,8000 -123.35,47.39,8000 -123.38,47.38,8000 -123.41,47.36,8000 -123.44,47.35,8000 -123.47,47.34,8000 -123.50,47.34,8000 -123.54,47.34,8000 -123.57,47.35,8000 -123.60,47.36,8000 -123.63,47.36,8000 -123.66,47.37,8000 -123.70,47.38,8000 -123.72,47.38,8000 -123.75,47.40,8000 -123.77,47.41,8000 -123.79,47.43,8000 -123.81,47.45,8000 -123.84,47.47,8000 -123.86,47.49,8000 -123.88,47.51,8000 -123.90,47.53,8000 -123.91,47.55,8000 -123.93,47.58,8000 -123.95,47.60,8000 -123.96,47.62,8000 -123.98,47.65,8000 -123.99,47.67,8000 -124.00,47.69,8000 -124.02,47.72,8000 -124.03,47.74,8000 -124.05,47.76,8000 -124.06,47.78,8000 -124.07,47.81,8000 -124.07,47.83,8000 -124.07,47.85,8000 -124.07,47.87,8000 -124.06,47.90,8000 -124.05,47.92,8000 -124.04,47.94,8000 -124.03,47.96,8000 -124.02,47.99,8000 -124.01,48.01,8000 -123.95,48.03,8000 
          </coordinates>
        </LinearRing>
      </innerBoundaryIs>
  </Polygon>
 </MultiGeometry>
</Placemark>
<Placemark>
  <name>60%</name>
  <visibility>1</visibility>
  <styleUrl>#poly_60</styleUrl>
  <MultiGeometry>
    <Polygon>
      <outerBoundaryIs>
        <LinearRing>
          <coordinates>
-91.51,47.75,7000 -91.47,47.76,7000 -91.43,47.76,7000 -91.39,47.77,7000 -91.34,47.78,7000 -91.30,47.78,7000 -91.26,47.79,7000 -91.22,47.79,7000 -91.18,47.80,7000 -91.13,47.80,7000 -91.09,47.80,7000 -91.05,47.81,7000 -91.01,47.81,7000 -90.97,47.82,7000 -90.92,47.83,7000 -90.87,47.84,7000 -90.83,47.84,7000 -90.79,47.85,7000 -90.76,47.84,7000 -90.73,47.82,7000 -90.71,47.80,7000 -90.70,47.77,7000 -90.69,47.74,7000 -90.68,47.71,7000 -90.68,47.69,7000 -90.70,47.66,7000 -90.73,47.64,7000 -90.77,47.62,7000 -90.79,47.60,7000 -90.80,47.57,7000 -90.82,47.55,7000 -90.85,47.52,7000 -90.88,47.50,7000 -90.91,47.48,7000 -90.94,47.46,7000 -90.98,47.44,7000 -91.01,47.42,7000 -91.03,47.41,7000 -91.05,47.39,7000 -91.08,47.36,7000 -91.11,47.34,7000 -91.14,47.32,7000 -91.18,47.30,7000 -91.22,47.28,7000 -91.25,47.26,7000 -91.28,47.24,7000 -91.31,47.22,7000 -91.33,47.21,7000 -91.36,47.20,7000 -91.39,47.19,7000 -91.42,47.17,7000 -91.46,47.16,7000 -91.50,47.15,7000 -91.54,47.13,7000 -91.57,47.12,7000 -91.61,47.11,7000 -91.65,47.09,7000 -91.69,47.08,7000 -91.73,47.07,7000 -91.76,47.06,7000 -91.79,47.05,7000 -91.83,47.04,7000 -91.87,47.04,7000 -91.91,47.03,7000 -91.96,47.03,7000 -92.00,47.02,7000 -92.04,47.02,7000 -92.08,47.02,7000 -92.11,47.04,7000 -92.13,47.06,7000 -92.15,47.09,7000 -92.17,47.12,7000 -92.18,47.15,7000 -92.20,47.18,7000 -92.20,47.21,7000 -92.19,47.24,7000 -92.18,47.27,7000 -92.16,47.30,7000 -92.14,47.33,7000 -92.12,47.36,7000 -92.10,47.38,7000 -92.07,47.40,7000 -92.05,47.41,7000 -92.02,47.43,7000 -92.00,47.45,7000 -91.97,47.47,7000 -91.94,47.49,7000 -91.92,47.52,7000 -91.89,47.54,7000 -91.86,47.56,7000 -91.83,47.59,7000 -91.80,47.61,7000 -91.77,47.63,7000 -91.74,47.65,7000 -91.71,47.66,7000 -91.68,47.68,7000 -91.65,47.69,7000 -91.62,47.71,7000 -91.51,47.75,7000 
          </coordinates>
        </LinearRing>
      </outerBoundaryIs>
      <innerBoundaryIs>
        <LinearRing>
          <coordinates>
-91.52,47.60,8000 -91.49,47.61,8000 -91.47,47.61,8000 -91.44,47.62,8000 -91.42,47.62,8000 -91.39,47.63,8000 -91.37,47.63,8000 -91.35,47.63,8000 -91.33,47.63,8000 -91.31,47.63,8000 -91.29,47.63,8000 -91.27,47.63,8000 -91.25,47.62,8000 -91.22,47.62,8000 -91.20,47.60,8000 -91.19,47.59,8000 -91.17,47.58,8000 -91.16,47.56,8000 -91.15,47.55,8000 -91.15,47.53,8000 -91.15,47.52,8000 -91.16,47.50,8000 -91.17,47.49,8000 -91.18,47.47,8000 -91.20,47.46,8000 -91.22,47.44,8000 -91.23,47.43,8000 -91.25,47.41,8000 -91.26,47.40,8000 -91.27,47.39,8000 -91.28,47.38,8000 -91.28,47.37,8000 -91.29,47.36,8000 -91.30,47.35,8000 -91.32,47.35,8000 -91.34,47.34,8000 -91.36,47.33,8000 -91.38,47.32,8000 -91.40,47.31,8000 -91.42,47.30,8000 -91.45,47.29,8000 -91.47,47.28,8000 -91.49,47.28,8000 -91.51,47.27,8000 -91.53,47.26,8000 -91.55,47.25,8000 -91.58,47.24,8000 -91.60,47.24,8000 -91.62,47.23,8000 -91.64,47.22,8000 -91.66,47.21,8000 -91.68,47.21,8000 -91.70,47.20,8000 -91.71,47.20,8000 -91.74,47.19,8000 -91.76,47.19,8000 -91.78,47.19,8000 -91.80,47.19,8000 -91.82,47.19,8000 -91.84,47.19,8000 -91.85,47.21,8000 -91.85,47.22,8000 -91.85,47.23,8000 -91.85,47.25,8000 -91.85,47.27,8000 -91.84,47.29,8000 -91.84,47.31,8000 -91.83,47.33,8000 -91.83,47.34,8000 -91.82,47.36,8000 -91.82,47.37,8000 -91.81,47.39,8000 -91.80,47.40,8000 -91.79,47.41,8000 -91.77,47.42,8000 -91.76,47.43,8000 -91.75,47.44,8000 -91.74,47.45,8000 -91.73,47.46,8000 -91.71,47.47,8000 -91.70,47.49,8000 -91.68,47.50,8000 -91.67,47.51,8000 -91.65,47.53,8000 -91.64,47.54,8000 -91.52,47.60,8000 
          </coordinates>
        </LinearRing>
      </innerBoundaryIs>
  </Polygon>
 </MultiGeometry>
</Placemark>
<Placemark>
  <name>60%</name>
  <visibility>1</visibility>
  <styleUrl>#poly_60</styleUrl>
  <MultiGeometry>
    <Polygon>
      <outerBoundaryIs>
        <LinearRing>
          <coordinates>
-118.49,51.44,7000 -117.96,51.50,7000 -117.50,51.51,7000 -116.88,51.44,7000 -116.66,51.58,7000 -116.29,51.66,7000 -115.94,51.70,7000 -115.42,51.75,7000 -114.92,51.80,7000 -114.34,51.85,7000 -113.72,51.90,7000 -113.09,51.95,7000 -112.43,52.01,7000 -111.78,52.06,7000 -111.13,52.11,7000 -110.48,52.16,7000 -109.85,52.20,7000 -109.26,52.24,7000 -108.68,52.27,7000 -108.07,52.31,7000 -107.35,52.35,7000 -106.60,52.39,7000 -105.98,52.42,7000 -105.47,52.43,7000 -105.13,52.42,7000 -104.46,52.36,7000 -103.78,52.20,7000 -103.09,52.04,7000 -102.37,51.98,7000 -102.03,51.91,7000 -101.79,51.78,7000 -101.50,51.66,7000 -101.04,51.63,7000 -100.38,51.58,7000 -99.68,51.47,7000 -99.14,51.32,7000 -98.89,51.15,7000 -98.71,50.93,7000 -98.52,50.62,7000 -98.42,50.36,7000 -98.33,50.11,7000 -98.26,49.91,7000 -98.06,49.68,7000 -97.79,49.32,7000 -97.71,49.03,7000 -97.68,48.74,7000 -97.76,48.40,7000 -98.09,48.27,7000 -98.32,48.39,7000 -98.52,48.62,7000 -98.79,49.06,7000 -99.02,49.24,7000 -99.31,49.20,7000 -99.59,48.90,7000 -99.88,48.74,7000 -100.28,48.70,7000 -100.91,48.62,7000 -101.28,48.56,7000 -101.56,48.47,7000 -101.88,48.39,7000 -102.29,48.39,7000 -102.55,48.43,7000 -103.05,48.56,7000 -103.58,48.75,7000 -103.95,48.85,7000 -104.29,48.94,7000 -104.59,49.03,7000 -104.97,49.08,7000 -105.51,49.11,7000 -105.81,49.22,7000 -106.17,49.48,7000 -106.49,49.88,7000 -106.84,50.12,7000 -107.13,50.20,7000 -107.50,50.18,7000 -107.83,50.12,7000 -108.25,49.98,7000 -108.79,49.78,7000 -109.39,49.60,7000 -110.00,49.42,7000 -110.56,49.16,7000 -110.98,48.86,7000 -111.15,48.73,7000 -111.49,48.61,7000 -111.87,48.37,7000 -112.05,48.24,7000 -112.25,48.20,7000 -112.37,48.08,7000 -112.51,47.75,7000 -112.48,47.44,7000 -112.35,47.32,7000 -112.12,47.13,7000 -111.70,47.12,7000 -111.13,47.21,7000 -110.87,47.23,7000 -110.63,47.12,7000 -110.48,46.91,7000 -110.57,46.68,7000 -110.93,46.63,7000 -111.36,46.63,7000 -111.74,46.73,7000 -112.02,46.84,7000 -112.08,46.82,7000 -112.16,46.65,7000 -112.10,46.52,7000 -112.04,46.37,7000 -112.12,46.25,7000 -112.37,46.12,7000 -112.49,46.11,7000 -112.70,46.29,7000 -112.91,46.08,7000 -112.82,45.72,7000 -113.05,45.39,7000 -113.29,45.29,7000 -113.51,45.33,7000 -113.43,45.52,7000 -113.57,45.68,7000 -113.82,45.70,7000 -113.91,45.79,7000 -113.88,45.99,7000 -113.89,46.38,7000 -113.82,46.69,7000 -114.04,46.83,7000 -114.17,46.41,7000 -114.26,46.21,7000 -114.26,45.85,7000 -114.47,45.44,7000 -114.68,45.22,7000 -114.38,45.05,7000 -114.38,44.56,7000 -114.26,44.39,7000 -114.02,44.30,7000 -113.83,44.36,7000 -113.52,44.65,7000 -113.13,44.75,7000 -112.73,44.77,7000 -112.23,45.05,7000 -111.73,45.27,7000 -111.56,45.37,7000 -111.13,45.44,7000 -110.46,45.37,7000 -109.82,45.26,7000 -109.64,45.06,7000 -109.71,44.78,7000 -109.81,44.58,7000 -109.85,44.43,7000 -109.77,44.27,7000 -109.60,44.06,7000 -109.59,43.77,7000 -109.70,43.54,7000 -109.54,43.36,7000 -109.29,43.16,7000 -109.11,42.95,7000 -108.97,42.78,7000 -108.91,42.57,7000 -109.17,42.41,7000 -109.66,42.62,7000 -109.94,42.76,7000 -110.16,42.77,7000 -110.23,42.69,7000 -110.41,42.29,7000 -110.52,41.99,7000 -110.65,41.82,7000 -110.73,41.66,7000 -110.75,41.41,7000 -110.64,41.24,7000 -110.40,41.07,7000 -110.11,40.94,7000 -109.84,40.81,7000 -109.82,40.65,7000 -109.95,40.57,7000 -110.50,40.35,7000 -110.69,40.12,7000 -110.76,39.89,7000 -110.95,39.70,7000 -111.15,39.50,7000 -111.32,39.26,7000 -111.51,39.15,7000 -111.64,39.41,7000 -111.74,39.73,7000 -111.70,40.06,7000 -111.85,40.43,7000 -111.85,40.71,7000 -111.86,41.01,7000 -111.94,41.29,7000 -112.04,41.53,7000 -112.13,41.76,7000 -112.37,41.96,7000 -112.76,42.27,7000 -112.76,42.49,7000 -112.51,42.62,7000 -112.14,42.93,7000 -111.77,43.24,7000 -111.56,43.45,7000 -111.49,43.62,7000 -111.40,43.92,7000 -111.62,44.09,7000 -112.27,44.18,7000 -112.59,44.09,7000 -112.76,43.97,7000 -113.10,43.62,7000 -113.29,43.43,7000 -113.61,43.30,7000 -114.11,43.28,7000 -114.76,43.26,7000 -115.26,43.26,7000 -115.56,43.37,7000 -115.75,43.54,7000 -115.94,43.69,7000 -116.12,43.95,7000 -116.35,44.37,7000 -116.55,44.55,7000 -117.00,44.55,7000 -117.49,44.88,7000 -117.73,44.94,7000 -117.87,44.84,7000 -118.10,44.42,7000 -118.33,43.99,7000 -118.55,43.85,7000 -118.72,43.74,7000 -118.94,43.70,7000 -119.35,43.67,7000 -119.56,43.70,7000 -119.73,43.81,7000 -119.76,44.10,7000 -119.99,44.16,7000 -120.33,44.14,7000 -120.56,44.34,7000 -120.60,44.50,7000 -120.49,44.54,7000 -120.19,44.56,7000 -119.78,44.54,7000 -119.48,44.46,7000 -119.23,44.70,7000 -119.36,45.18,7000 -118.81,45.35,7000 -118.40,45.60,7000 -118.10,45.99,7000 -117.87,46.16,7000 -117.63,46.21,7000 -117.41,46.12,7000 -117.31,45.94,7000 -116.85,45.88,7000 -116.70,46.08,7000 -116.37,46.17,7000 -116.08,45.99,7000 -115.84,46.11,7000 -115.99,46.45,7000 -116.43,46.74,7000 -116.85,47.04,7000 -116.78,47.49,7000 -116.83,47.76,7000 -117.05,47.89,7000 -117.62,48.14,7000 -118.20,48.37,7000 -118.43,48.28,7000 -118.68,48.32,7000 -118.93,48.45,7000 -119.01,48.58,7000 -118.85,48.85,7000 -118.80,49.03,7000 -119.01,49.19,7000 -119.11,49.47,7000 -119.17,49.77,7000 -119.13,50.16,7000 -119.04,50.59,7000 -118.95,50.85,7000 -118.85,51.09,7000 -118.69,51.36,7000 -118.49,51.44,7000 
          </coordinates>
        </LinearRing>
      </outerBoundaryIs>
      <innerBoundaryIs>
        <LinearRing>
          <coordinates>
-114.52,47.89,7000 -114.48,47.91,7000 -114.45,47.92,7000 -114.41,47.94,7000 -114.38,47.95,7000 -114.34,47.96,7000 -114.31,47.96,7000 -114.29,47.96,7000 -114.27,47.95,7000 -114.25,47.93,7000 -114.23,47.91,7000 -114.22,47.88,7000 -114.21,47.86,7000 -114.20,47.83,7000 -114.19,47.81,7000 -114.18,47.78,7000 -114.17,47.76,7000 -114.17,47.73,7000 -114.16,47.71,7000 -114.16,47.68,7000 -114.15,47.66,7000 -114.14,47.64,7000 -114.14,47.61,7000 -114.13,47.59,7000 -114.13,47.57,7000 -114.13,47.55,7000 -114.12,47.52,7000 -114.12,47.50,7000 -114.12,47.48,7000 -114.12,47.45,7000 -114.12,47.42,7000 -114.12,47.39,7000 -114.13,47.37,7000 -114.13,47.35,7000 -114.13,47.33,7000 -114.13,47.31,7000 -114.15,47.30,7000 -114.17,47.29,7000 -114.21,47.28,7000 -114.24,47.28,7000 -114.29,47.27,7000 -114.33,47.26,7000 -114.36,47.25,7000 -114.39,47.25,7000 -114.43,47.26,7000 -114.46,47.27,7000 -114.49,47.29,7000 -114.51,47.30,7000 -114.54,47.31,7000 -114.57,47.32,7000 -114.60,47.34,7000 -114.63,47.35,7000 -114.66,47.36,7000 -114.69,47.37,7000 -114.73,47.38,7000 -114.77,47.40,7000 -114.80,47.41,7000 -114.82,47.43,7000 -114.83,47.45,7000 -114.84,47.47,7000 -114.85,47.49,7000 -114.86,47.52,7000 -114.86,47.54,7000 -114.86,47.57,7000 -114.86,47.59,7000 -114.85,47.61,7000 -114.83,47.64,7000 -114.81,47.66,7000 -114.78,47.68,7000 -114.76,47.70,7000 -114.74,47.72,7000 -114.72,47.74,7000 -114.69,47.76,7000 -114.67,47.77,7000 -114.65,47.78,7000 -114.52,47.89,7000 
          </coordinates>
        </LinearRing>
      </innerBoundaryIs>
      <innerBoundaryIs>
        <LinearRing>
          <coordinates>
-120.39,44.42,8000 -120.37,44.42,8000 -120.36,44.43,8000 -120.34,44.43,8000 -120.33,44.43,8000 -120.31,44.44,8000 -120.29,44.44,8000 -120.28,44.44,8000 -120.26,44.45,8000 -120.25,44.45,8000 -120.23,44.45,8000 -120.21,44.45,8000 -120.20,44.45,8000 -120.18,44.46,8000 -120.17,44.46,8000 -120.15,44.46,8000 -120.13,44.46,8000 -120.12,44.46,8000 -120.10,44.46,8000 -120.08,44.46,8000 -120.06,44.46,8000 -120.05,44.46,8000 -120.03,44.46,8000 -120.01,44.46,8000 -119.99,44.46,8000 -119.98,44.46,8000 -119.96,44.46,8000 -119.95,44.46,8000 -119.93,44.46,8000 -119.92,44.46,8000 -119.91,44.46,8000 -119.88,44.46,8000 -119.86,44.45,8000 -119.85,44.45,8000 -119.85,44.44,8000 -119.85,44.43,8000 -119.85,44.42,8000 -119.85,44.41,8000 -119.86,44.40,8000 -119.87,44.39,8000 -119.89,44.38,8000 -119.90,44.38,8000 -119.91,44.37,8000 -119.92,44.36,8000 -119.93,44.36,8000 -119.95,44.35,8000 -119.96,44.35,8000 -119.98,44.34,8000 -119.99,44.33,8000 -120.01,44.33,8000 -120.03,44.32,8000 -120.04,44.32,8000 -120.06,44.31,8000 -120.08,44.31,8000 -120.09,44.30,8000 -120.11,44.30,8000 -120.13,44.30,8000 -120.14,44.30,8000 -120.16,44.30,8000 -120.18,44.30,8000 -120.20,44.30,8000 -120.22,44.30,8000 -120.24,44.30,8000 -120.25,44.30,8000 -120.27,44.30,8000 -120.29,44.30,8000 -120.31,44.30,8000 -120.32,44.30,8000 -120.34,44.31,8000 -120.35,44.31,8000 -120.36,44.31,8000 -120.38,44.32,8000 -120.40,44.32,8000 -120.41,44.33,8000 -120.41,44.34,8000 -120.42,44.35,8000 -120.42,44.36,8000 -120.39,44.42,8000 
          </coordinates>
        </LinearRing>
      </innerBoundaryIs>
      <innerBoundaryIs>
        <LinearRing>
          <coordinates>
-118.23,45.60,8000 -118.12,45.59,8000 -118.05,45.56,8000 -118.03,45.51,8000 -118.04,45.45,8000 -118.05,45.40,8000 -118.06,45.36,8000 -118.06,45.31,8000 -118.00,45.28,8000 -117.95,45.20,8000 -117.95,45.15,8000 -117.95,45.09,8000 -117.95,45.01,8000 -117.96,44.94,8000 -117.98,44.86,8000 -118.00,44.79,8000 -118.02,44.73,8000 -118.06,44.67,8000 -118.12,44.62,8000 -118.19,44.58,8000 -118.25,44.54,8000 -118.31,44.50,8000 -118.34,44.46,8000 -118.35,44.39,8000 -118.32,44.33,8000 -118.29,44.26,8000 -118.27,44.21,8000 -118.27,44.16,8000 -118.29,44.12,8000 -118.35,44.07,8000 -118.40,44.04,8000 -118.46,44.00,8000 -118.53,43.95,8000 -118.61,43.91,8000 -118.69,43.88,8000 -118.78,43.85,8000 -118.87,43.83,8000 -118.97,43.82,8000 -119.07,43.81,8000 -119.18,43.80,8000 -119.28,43.79,8000 -119.36,43.79,8000 -119.43,43.79,8000 -119.53,43.81,8000 -119.55,43.87,8000 -119.57,43.92,8000 -119.59,43.98,8000 -119.60,44.05,8000 -119.57,44.11,8000 -119.52,44.15,8000 -119.45,44.19,8000 -119.37,44.22,8000 -119.28,44.26,8000 -119.21,44.30,8000 -119.15,44.35,8000 -119.11,44.41,8000 -119.08,44.47,8000 -119.06,44.54,8000 -119.05,44.60,8000 -119.04,44.67,8000 -119.03,44.72,8000 -119.02,44.79,8000 -119.03,44.84,8000 -119.04,44.89,8000 -119.05,44.94,8000 -119.09,45.00,8000 -119.13,45.05,8000 -119.14,45.10,8000 -119.11,45.15,8000 -119.05,45.20,8000 -118.95,45.25,8000 -118.90,45.28,8000 -118.83,45.30,8000 -118.77,45.33,8000 -118.69,45.36,8000 -118.61,45.40,8000 -118.53,45.43,8000 -118.45,45.46,8000 -118.23,45.60,8000 
          </coordinates>
        </LinearRing>
      </innerBoundaryIs>
      <innerBoundaryIs>
        <LinearRing>
          <coordinates>
-118.53,48.73,8000 -118.51,48.74,8000 -118.49,48.76,8000 -118.48,48.77,8000 -118.46,48.79,8000 -118.44,48.80,8000 -118.42,48.81,8000 -118.41,48.82,8000 -118.39,48.84,8000 -118.38,48.84,8000 -118.36,48.85,8000 -118.35,48.86,8000 -118.33,48.86,8000 -118.32,48.87,8000 -118.31,48.87,8000 -118.29,48.87,8000 -118.28,48.86,8000 -118.27,48.85,8000 -118.26,48.83,8000 -118.25,48.81,8000 -118.24,48.79,8000 -118.24,48.78,8000 -118.23,48.76,8000 -118.23,48.75,8000 -118.23,48.74,8000 -118.25,48.74,8000 -118.27,48.72,8000 -118.28,48.71,8000 -118.28,48.70,8000 -118.29,48.69,8000 -118.29,48.67,8000 -118.30,48.66,8000 -118.31,48.64,8000 -118.32,48.63,8000 -118.32,48.61,8000 -118.33,48.60,8000 -118.34,48.58,8000 -118.35,48.57,8000 -118.36,48.56,8000 -118.37,48.54,8000 -118.38,48.53,8000 -118.39,48.51,8000 -118.40,48.50,8000 -118.42,48.49,8000 -118.43,48.48,8000 -118.44,48.47,8000 -118.46,48.47,8000 -118.48,48.47,8000 -118.50,48.47,8000 -118.52,48.48,8000 -118.54,48.48,8000 -118.57,48.49,8000 -118.59,48.50,8000 -118.61,48.51,8000 -118.63,48.52,8000 -118.64,48.53,8000 -118.65,48.54,8000 -118.65,48.55,8000 -118.65,48.56,8000 -118.65,48.57,8000 -118.65,48.59,8000 -118.64,48.60,8000 -118.64,48.61,8000 -118.63,48.63,8000 -118.62,48.64,8000 -118.61,48.66,8000 -118.60,48.67,8000 -118.58,48.69,8000 -118.57,48.70,8000 -118.56,48.72,8000 -118.53,48.73,8000 
          </coordinates>
        </LinearRing>
      </innerBoundaryIs>
      <innerBoundaryIs>
        <LinearRing>
          <coordinates>
-111.58,46.91,8000 -111.55,46.91,8000 -111.52,46.91,8000 -111.50,46.91,8000 -111.47,46.90,8000 -111.44,46.91,8000 -111.41,46.91,8000 -111.38,46.91,8000 -111.36,46.91,8000 -111.33,46.92,8000 -111.31,46.93,8000 -111.28,46.94,8000 -111.26,46.95,8000 -111.24,46.96,8000 -111.21,46.98,8000 -111.19,46.99,8000 -111.17,47.01,8000 -111.15,47.02,8000 -111.12,47.03,8000 -111.10,47.04,8000 -111.07,47.05,8000 -111.05,47.06,8000 -111.02,47.07,8000 -111.00,47.08,8000 -110.97,47.08,8000 -110.94,47.09,8000 -110.92,47.09,8000 -110.89,47.09,8000 -110.86,47.09,8000 -110.84,47.09,8000 -110.81,47.08,8000 -110.78,47.07,8000 -110.75,47.05,8000 -110.72,47.04,8000 -110.70,47.03,8000 -110.67,47.01,8000 -110.65,47.00,8000 -110.62,46.99,8000 -110.60,46.98,8000 -110.59,46.97,8000 -110.58,46.96,8000 -110.58,46.95,8000 -110.58,46.93,8000 -110.58,46.91,8000 -110.58,46.89,8000 -110.58,46.87,8000 -110.59,46.85,8000 -110.59,46.83,8000 -110.61,46.81,8000 -110.62,46.79,8000 -110.64,46.78,8000 -110.66,46.77,8000 -110.69,46.77,8000 -110.72,46.76,8000 -110.75,46.76,8000 -110.78,46.76,8000 -110.80,46.76,8000 -110.82,46.76,8000 -110.83,46.76,8000 -110.86,46.77,8000 -110.88,46.78,8000 -110.90,46.78,8000 -110.93,46.79,8000 -110.95,46.80,8000 -110.98,46.81,8000 -111.01,46.82,8000 -111.04,46.83,8000 -111.07,46.84,8000 -111.10,46.85,8000 -111.12,46.85,8000 -111.15,46.85,8000 -111.18,46.86,8000 -111.21,46.86,8000 -111.24,46.86,8000 -111.26,46.87,8000 -111.29,46.87,8000 -111.32,46.87,8000 -111.35,46.87,8000 -111.38,46.87,8000 -111.41,46.87,8000 -111.44,46.87,8000 -111.47,46.87,8000 -111.50,46.86,8000 -111.53,46.86,8000 -111.55,46.86,8000 -111.57,46.86,8000 -111.61,46.86,8000 -111.60,46.87,8000 -111.58,46.91,8000 
          </coordinates>
        </LinearRing>
      </innerBoundaryIs>
      <innerBoundaryIs>
        <LinearRing>
          <coordinates>
-113.51,46.64,8000 -113.47,46.61,8000 -113.43,46.58,8000 -113.39,46.55,8000 -113.35,46.53,8000 -113.31,46.51,8000 -113.27,46.49,8000 -113.23,46.47,8000 -113.18,46.46,8000 -113.13,46.45,8000 -113.08,46.43,8000 -113.05,46.41,8000 -113.03,46.38,8000 -113.03,46.35,8000 -113.02,46.31,8000 -113.03,46.28,8000 -113.03,46.24,8000 -113.04,46.20,8000 -113.05,46.17,8000 -113.07,46.13,8000 -113.08,46.10,8000 -113.09,46.06,8000 -113.10,46.03,8000 -113.10,45.99,8000 -113.11,45.96,8000 -113.11,45.92,8000 -113.11,45.89,8000 -113.11,45.86,8000 -113.10,45.82,8000 -113.09,45.79,8000 -113.08,45.75,8000 -113.07,45.72,8000 -113.06,45.68,8000 -113.05,45.64,8000 -113.04,45.61,8000 -113.03,45.57,8000 -113.03,45.55,8000 -113.05,45.53,8000 -113.09,45.52,8000 -113.12,45.54,8000 -113.12,45.57,8000 -113.11,45.61,8000 -113.11,45.65,8000 -113.11,45.69,8000 -113.12,45.72,8000 -113.16,45.74,8000 -113.21,45.75,8000 -113.28,45.76,8000 -113.34,45.77,8000 -113.39,45.78,8000 -113.45,45.79,8000 -113.51,45.80,8000 -113.56,45.81,8000 -113.60,45.82,8000 -113.65,45.84,8000 -113.67,45.86,8000 -113.69,45.89,8000 -113.71,45.93,8000 -113.73,45.97,8000 -113.74,46.00,8000 -113.75,46.03,8000 -113.75,46.07,8000 -113.74,46.10,8000 -113.74,46.14,8000 -113.74,46.17,8000 -113.74,46.21,8000 -113.74,46.24,8000 -113.74,46.28,8000 -113.74,46.31,8000 -113.74,46.34,8000 -113.74,46.38,8000 -113.73,46.40,8000 -113.72,46.43,8000 -113.69,46.46,8000 -113.66,46.49,8000 -113.62,46.52,8000 -113.51,46.64,8000 
          </coordinates>
        </LinearRing>
      </innerBoundaryIs>
      <innerBoundaryIs>
        <LinearRing>
          <coordinates>
-118.48,51.41,8000 -118.05,51.47,8000 -117.67,51.49,8000 -117.11,51.38,8000 -116.94,51.22,8000 -116.95,51.07,8000 -116.83,51.00,8000 -116.41,50.82,8000 -116.20,50.72,8000 -116.13,50.92,8000 -116.37,51.19,8000 -116.72,51.44,8000 -116.46,51.60,8000 -116.16,51.65,8000 -115.70,51.70,8000 -115.07,51.75,8000 -114.36,51.82,8000 -113.66,51.87,8000 -113.07,51.92,8000 -112.32,51.98,8000 -111.71,52.03,8000 -111.12,52.07,8000 -110.54,52.11,8000 -109.99,52.15,8000 -109.44,52.19,8000 -108.88,52.23,8000 -108.32,52.26,8000 -107.77,52.29,8000 -107.20,52.32,8000 -106.64,52.36,8000 -106.17,52.38,8000 -105.42,52.40,8000 -104.67,52.32,8000 -104.12,52.27,8000 -103.62,52.08,8000 -103.37,52.01,8000 -102.94,51.96,8000 -102.23,51.90,8000 -101.70,51.65,8000 -101.42,51.58,8000 -100.90,51.54,8000 -100.24,51.48,8000 -99.75,51.36,8000 -99.50,51.29,8000 -99.29,51.16,8000 -98.97,50.84,8000 -98.86,50.68,8000 -98.79,50.44,8000 -98.85,50.06,8000 -99.23,49.81,8000 -99.66,49.56,8000 -99.89,49.41,8000 -100.39,49.42,8000 -100.72,49.34,8000 -100.84,49.20,8000 -101.06,48.95,8000 -101.62,48.79,8000 -102.04,48.61,8000 -102.26,48.62,8000 -102.61,48.73,8000 -103.07,48.95,8000 -103.34,49.07,8000 -103.71,49.08,8000 -104.20,49.13,8000 -104.43,49.20,8000 -104.99,49.36,8000 -105.49,49.51,8000 -105.84,49.78,8000 -106.21,50.15,8000 -106.57,50.39,8000 -107.27,50.43,8000 -107.97,50.36,8000 -108.59,50.25,8000 -108.99,50.22,8000 -109.38,50.19,8000 -109.84,50.01,8000 -110.11,49.67,8000 -110.58,49.40,8000 -111.05,49.14,8000 -111.36,48.88,8000 -111.73,48.78,8000 -112.12,48.71,8000 -112.66,48.63,8000 -112.88,48.58,8000 -112.93,48.49,8000 -112.84,48.29,8000 -112.66,48.14,8000 -112.60,47.87,8000 -112.64,47.55,8000 -112.50,47.31,8000 -112.36,47.15,8000 -112.29,46.92,8000 -112.31,46.58,8000 -112.24,46.48,8000 -112.34,46.36,8000 -112.80,46.58,8000 -113.11,46.87,8000 -113.33,46.98,8000 -113.66,46.91,8000 -114.07,47.00,8000 -114.06,47.25,8000 -114.04,47.54,8000 -114.08,47.85,8000 -114.15,48.15,8000 -114.35,48.35,8000 -114.64,48.30,8000 -114.82,48.11,8000 -115.01,47.75,8000 -115.05,47.48,8000 -114.89,47.31,8000 -114.36,47.13,8000 -114.22,46.99,8000 -114.27,46.76,8000 -114.26,46.47,8000 -114.37,46.00,8000 -114.65,45.61,8000 -115.03,45.60,8000 -115.17,45.44,8000 -114.87,45.13,8000 -114.55,44.80,8000 -114.45,44.49,8000 -114.27,44.28,8000 -113.91,44.26,8000 -113.58,44.48,8000 -113.22,44.63,8000 -112.87,44.65,8000 -112.57,44.72,8000 -112.31,44.90,8000 -112.09,45.01,8000 -111.74,45.12,8000 -111.32,45.36,8000 -110.91,45.21,8000 -110.73,45.09,8000 -110.53,45.14,8000 -110.37,45.29,8000 -110.07,45.31,8000 -109.89,45.23,8000 -109.75,45.15,8000 -109.72,44.96,8000 -109.91,44.62,8000 -109.86,44.30,8000 -109.68,44.04,8000 -109.65,43.87,8000 -109.80,43.58,8000 -109.62,43.36,8000 -109.28,43.07,8000 -109.01,42.67,8000 -109.17,42.49,8000 -109.42,42.57,8000 -109.82,42.79,8000 -110.11,42.87,8000 -110.22,42.84,8000 -110.43,42.47,8000 -110.54,42.13,8000 -110.85,41.77,8000 -110.86,41.52,8000 -110.75,41.23,8000 -110.49,41.06,8000 -110.21,40.91,8000 -109.92,40.76,8000 -110.08,40.59,8000 -110.59,40.36,8000 -110.74,40.22,8000 -110.80,39.99,8000 -111.11,39.67,8000 -111.43,39.38,8000 -111.52,39.42,8000 -111.62,39.68,8000 -111.62,40.09,8000 -111.75,40.42,8000 -111.77,40.69,8000 -111.79,40.97,8000 -111.86,41.23,8000 -111.94,41.45,8000 -112.00,41.72,8000 -112.16,41.95,8000 -112.46,42.19,8000 -112.59,42.38,8000 -112.52,42.50,8000 -112.19,42.79,8000 -111.82,43.11,8000 -111.45,43.45,8000 -111.33,43.71,8000 -111.28,43.95,8000 -111.55,44.16,8000 -111.94,44.21,8000 -112.32,44.23,8000 -112.55,44.18,8000 -112.74,44.07,8000 -112.88,43.95,8000 -113.19,43.64,8000 -113.53,43.40,8000 -113.89,43.34,8000 -114.20,43.34,8000 -114.68,43.32,8000 -115.03,43.31,8000 -115.40,43.37,8000 -115.81,43.65,8000 -116.06,44.04,8000 -116.27,44.37,8000 -116.43,44.56,8000 -116.69,44.63,8000 -116.91,44.64,8000 -117.07,44.74,8000 -117.60,45.03,8000 -117.84,45.19,8000 -117.83,45.38,8000 -117.96,45.53,8000 -118.12,45.64,8000 -118.10,45.88,8000 -117.79,46.12,8000 -117.54,46.07,8000 -117.50,45.92,8000 -117.29,45.80,8000 -117.07,45.76,8000 -116.82,45.65,8000 -116.53,45.58,8000 -116.22,45.68,8000 -115.86,45.96,8000 -115.69,46.18,8000 -115.82,46.39,8000 -115.93,46.64,8000 -116.11,46.73,8000 -116.57,46.90,8000 -116.71,47.10,8000 -116.67,47.32,8000 -116.60,47.47,8000 -116.62,47.76,8000 -116.77,47.93,8000 -117.06,48.04,8000 -117.60,48.24,8000 -117.79,48.41,8000 -117.90,48.69,8000 -118.04,48.83,8000 -118.32,48.93,8000 -118.39,49.06,8000 -118.64,49.25,8000 -118.77,49.36,8000 -118.87,49.56,8000 -119.03,49.85,8000 -118.97,50.14,8000 -118.83,50.53,8000 -118.78,50.82,8000 -118.73,51.10,8000 -118.58,51.35,8000 -118.48,51.41,8000 
          </coordinates>
        </LinearRing>
      </innerBoundaryIs>
  </Polygon>
 </MultiGeometry>
</Placemark>
<Placemark>
  <name>60%</name>
  <visibility>1</visibility>
  <styleUrl>#poly_60</styleUrl>
  <MultiGeometry>
    <Polygon>
      <outerBoundaryIs>
        <LinearRing>
          <coordinates>
-125.08,50.59,7000 -124.40,50.70,7000 -123.86,50.73,7000 -123.53,50.56,7000 -123.20,50.48,7000 -122.73,50.33,7000 -122.30,50.27,7000 -121.98,50.12,7000 -121.62,49.89,7000 -121.36,49.66,7000 -121.07,49.27,7000 -120.90,48.94,7000 -120.52,48.96,7000 -120.18,49.03,7000 -120.10,48.87,7000 -120.32,48.82,7000 -120.50,48.62,7000 -120.55,48.31,7000 -120.72,48.03,7000 -120.89,47.75,7000 -120.95,47.39,7000 -121.09,47.07,7000 -121.14,46.77,7000 -121.19,46.47,7000 -121.33,46.14,7000 -121.56,45.95,7000 -121.57,45.56,7000 -121.56,45.15,7000 -121.63,44.76,7000 -121.62,44.38,7000 -121.31,43.87,7000 -121.16,43.76,7000 -121.13,43.60,7000 -121.19,43.38,7000 -121.05,43.21,7000 -120.85,43.14,7000 -120.51,43.12,7000 -120.22,43.11,7000 -119.97,43.16,7000 -119.83,43.21,7000 -119.15,42.96,7000 -118.50,42.68,7000 -118.63,42.49,7000 -118.65,42.31,7000 -118.41,42.24,7000 -117.76,42.29,7000 -117.29,42.26,7000 -116.98,42.10,7000 -116.81,42.15,7000 -116.87,42.34,7000 -117.06,42.66,7000 -116.99,42.87,7000 -116.83,42.94,7000 -116.65,42.83,7000 -116.35,42.59,7000 -115.85,42.16,7000 -115.39,42.01,7000 -115.02,42.00,7000 -114.79,41.87,7000 -114.74,41.69,7000 -114.71,41.25,7000 -114.70,41.04,7000 -114.80,40.89,7000 -114.94,40.61,7000 -114.78,40.21,7000 -114.58,39.92,7000 -114.51,39.70,7000 -114.36,39.45,7000 -114.22,38.97,7000 -114.15,38.53,7000 -113.86,38.39,7000 -113.62,38.28,7000 -113.55,38.16,7000 -113.49,37.97,7000 -113.31,37.88,7000 -112.83,37.99,7000 -112.64,38.19,7000 -112.58,38.39,7000 -112.45,38.50,7000 -112.03,38.61,7000 -111.72,38.66,7000 -111.57,38.31,7000 -111.46,38.19,7000 -111.40,37.98,7000 -111.66,37.73,7000 -111.99,37.44,7000 -112.31,37.18,7000 -112.57,37.11,7000 -112.94,37.15,7000 -113.37,37.33,7000 -113.69,37.40,7000 -114.22,37.49,7000 -114.37,37.65,7000 -114.40,37.84,7000 -114.55,38.08,7000 -114.80,38.32,7000 -115.18,38.53,7000 -115.56,38.71,7000 -115.81,38.66,7000 -115.96,38.56,7000 -116.20,38.36,7000 -116.52,37.94,7000 -116.92,38.01,7000 -117.27,38.12,7000 -117.52,38.36,7000 -117.77,38.24,7000 -117.91,38.13,7000 -117.88,38.00,7000 -117.67,37.78,7000 -117.49,37.67,7000 -117.37,37.47,7000 -117.67,37.14,7000 -117.77,36.87,7000 -117.67,36.41,7000 -117.59,36.22,7000 -117.67,36.02,7000 -117.97,35.78,7000 -118.13,35.53,7000 -118.30,35.39,7000 -118.50,35.45,7000 -118.63,35.79,7000 -118.77,36.28,7000 -118.98,36.64,7000 -119.24,36.96,7000 -119.54,37.21,7000 -119.84,37.45,7000 -120.06,37.73,7000 -120.27,37.97,7000 -120.49,38.26,7000 -120.65,38.61,7000 -120.82,38.97,7000 -121.04,39.30,7000 -121.26,39.58,7000 -121.55,39.86,7000 -121.72,40.10,7000 -121.86,40.51,7000 -122.06,40.76,7000 -122.31,40.82,7000 -122.56,40.71,7000 -122.77,40.48,7000 -122.79,40.22,7000 -122.74,40.00,7000 -122.67,39.55,7000 -122.82,39.33,7000 -123.10,39.36,7000 -123.43,39.61,7000 -123.61,39.97,7000 -123.78,40.43,7000 -123.86,40.84,7000 -123.92,41.24,7000 -123.98,41.67,7000 -124.04,42.04,7000 -124.07,42.34,7000 -123.97,42.67,7000 -123.69,42.86,7000 -123.39,42.96,7000 -123.22,43.09,7000 -123.18,43.41,7000 -122.98,43.75,7000 -122.77,44.12,7000 -122.67,44.45,7000 -122.60,44.72,7000 -122.50,44.94,7000 -122.31,45.15,7000 -122.19,45.41,7000 -122.24,45.62,7000 -122.51,45.99,7000 -122.56,46.20,7000 -122.47,46.37,7000 -122.29,46.67,7000 -121.89,47.11,7000 -121.71,47.36,7000 -121.63,47.55,7000 -121.63,47.77,7000 -121.83,48.22,7000 -122.07,48.56,7000 -122.09,48.75,7000 -121.98,48.98,7000 -121.83,49.12,7000 -121.97,49.25,7000 -122.20,49.25,7000 -122.56,49.25,7000 -123.07,49.34,7000 -123.44,49.45,7000 -123.76,49.56,7000 -123.98,49.74,7000 -124.57,49.99,7000 -124.74,50.17,7000 -125.04,50.38,7000 -125.08,50.59,7000 
          </coordinates>
        </LinearRing>
      </outerBoundaryIs>
      <innerBoundaryIs>
        <LinearRing>
          <coordinates>
-118.18,41.31,7000 -118.17,41.31,7000 -118.16,41.31,7000 -118.15,41.30,7000 -118.14,41.29,7000 -118.13,41.28,7000 -118.12,41.27,7000 -118.11,41.26,7000 -118.10,41.25,7000 -118.09,41.23,7000 -118.09,41.22,7000 -118.08,41.20,7000 -118.07,41.19,7000 -118.07,41.18,7000 -118.06,41.16,7000 -118.06,41.15,7000 -118.06,41.14,7000 -118.06,41.12,7000 -118.05,41.11,7000 -118.05,41.10,7000 -118.05,41.08,7000 -118.05,41.06,7000 -118.05,41.05,7000 -118.06,41.03,7000 -118.06,41.02,7000 -118.06,41.01,7000 -118.07,41.00,7000 -118.07,40.99,7000 -118.08,40.98,7000 -118.09,40.97,7000 -118.10,40.97,7000 -118.11,40.97,7000 -118.12,40.97,7000 -118.13,40.97,7000 -118.15,40.98,7000 -118.16,40.98,7000 -118.18,40.99,7000 -118.20,40.99,7000 -118.21,41.00,7000 -118.23,41.01,7000 -118.25,41.02,7000 -118.27,41.03,7000 -118.28,41.03,7000 -118.30,41.04,7000 -118.32,41.05,7000 -118.33,41.06,7000 -118.34,41.07,7000 -118.35,41.08,7000 -118.36,41.09,7000 -118.37,41.10,7000 -118.37,41.11,7000 -118.37,41.12,7000 -118.37,41.13,7000 -118.37,41.14,7000 -118.36,41.15,7000 -118.35,41.16,7000 -118.34,41.18,7000 -118.33,41.19,7000 -118.32,41.20,7000 -118.31,41.22,7000 -118.30,41.23,7000 -118.29,41.24,7000 -118.27,41.25,7000 -118.26,41.26,7000 -118.25,41.27,7000 -118.23,41.28,7000 -118.22,41.29,7000 -118.21,41.30,7000 -118.20,41.30,7000 -118.19,41.31,7000 -118.18,41.31,7000 -118.18,41.31,7000 
          </coordinates>
        </LinearRing>
      </innerBoundaryIs>
      <innerBoundaryIs>
        <LinearRing>
          <coordinates>
-121.81,49.39,7000 -121.79,49.39,7000 -121.78,49.40,7000 -121.76,49.40,7000 -121.74,49.41,7000 -121.73,49.41,7000 -121.71,49.42,7000 -121.70,49.42,7000 -121.68,49.42,7000 -121.67,49.43,7000 -121.65,49.43,7000 -121.64,49.43,7000 -121.62,49.44,7000 -121.61,49.44,7000 -121.60,49.44,7000 -121.58,49.44,7000 -121.57,49.44,7000 -121.56,49.44,7000 -121.54,49.44,7000 -121.53,49.44,7000 -121.51,49.43,7000 -121.49,49.43,7000 -121.48,49.42,7000 -121.47,49.41,7000 -121.46,49.41,7000 -121.45,49.40,7000 -121.44,49.39,7000 -121.43,49.39,7000 -121.43,49.38,7000 -121.43,49.37,7000 -121.43,49.37,7000 -121.44,49.37,7000 -121.45,49.36,7000 -121.46,49.36,7000 -121.48,49.35,7000 -121.50,49.35,7000 -121.51,49.34,7000 -121.53,49.33,7000 -121.54,49.33,7000 -121.55,49.32,7000 -121.56,49.31,7000 -121.57,49.31,7000 -121.58,49.30,7000 -121.59,49.29,7000 -121.60,49.28,7000 -121.62,49.27,7000 -121.63,49.26,7000 -121.64,49.26,7000 -121.65,49.25,7000 -121.67,49.24,7000 -121.68,49.23,7000 -121.69,49.23,7000 -121.70,49.22,7000 -121.72,49.22,7000 -121.73,49.21,7000 -121.74,49.21,7000 -121.75,49.21,7000 -121.76,49.21,7000 -121.77,49.21,7000 -121.79,49.21,7000 -121.80,49.22,7000 -121.81,49.22,7000 -121.82,49.22,7000 -121.83,49.23,7000 -121.85,49.24,7000 -121.86,49.24,7000 -121.87,49.25,7000 -121.88,49.26,7000 -121.89,49.27,7000 -121.90,49.27,7000 -121.92,49.28,7000 -121.93,49.29,7000 -121.94,49.30,7000 -121.95,49.31,7000 -121.81,49.39,7000 
          </coordinates>
        </LinearRing>
      </innerBoundaryIs>
      <innerBoundaryIs>
        <LinearRing>
          <coordinates>
-118.85,41.14,7000 -118.82,41.13,7000 -118.79,41.12,7000 -118.76,41.12,7000 -118.74,41.11,7000 -118.71,41.10,7000 -118.68,41.09,7000 -118.66,41.09,7000 -118.64,41.08,7000 -118.62,41.07,7000 -118.61,41.07,7000 -118.60,41.05,7000 -118.59,41.05,7000 -118.57,41.05,7000 -118.56,41.06,7000 -118.53,41.07,7000 -118.51,41.08,7000 -118.48,41.09,7000 -118.45,41.10,7000 -118.43,41.11,7000 -118.40,41.11,7000 -118.37,41.11,7000 -118.35,41.11,7000 -118.33,41.10,7000 -118.30,41.09,7000 -118.27,41.08,7000 -118.25,41.06,7000 -118.22,41.05,7000 -118.19,41.04,7000 -118.17,41.02,7000 -118.15,41.01,7000 -118.13,40.99,7000 -118.11,40.98,7000 -118.10,40.97,7000 -118.10,40.96,7000 -118.10,40.95,7000 -118.12,40.94,7000 -118.14,40.93,7000 -118.16,40.92,7000 -118.19,40.91,7000 -118.23,40.90,7000 -118.26,40.89,7000 -118.29,40.89,7000 -118.32,40.88,7000 -118.35,40.88,7000 -118.37,40.87,7000 -118.40,40.87,7000 -118.42,40.87,7000 -118.45,40.87,7000 -118.47,40.87,7000 -118.50,40.87,7000 -118.52,40.86,7000 -118.55,40.86,7000 -118.57,40.85,7000 -118.60,40.85,7000 -118.62,40.84,7000 -118.65,40.83,7000 -118.67,40.82,7000 -118.70,40.81,7000 -118.72,40.81,7000 -118.75,40.80,7000 -118.77,40.80,7000 -118.80,40.80,7000 -118.82,40.80,7000 -118.85,40.80,7000 -118.88,40.80,7000 -118.91,40.81,7000 -118.94,40.81,7000 -118.96,40.82,7000 -118.98,40.83,7000 -119.00,40.84,7000 -119.01,40.85,7000 -119.02,40.87,7000 -119.02,40.89,7000 -119.03,40.91,7000 -119.03,40.93,7000 -119.02,40.95,7000 -119.02,40.97,7000 -119.01,41.00,7000 -119.01,41.02,7000 -118.85,41.14,7000 
          </coordinates>
        </LinearRing>
      </innerBoundaryIs>
      <innerBoundaryIs>
        <LinearRing>
          <coordinates>
-118.86,40.19,7000 -118.78,40.22,7000 -118.71,40.24,7000 -118.64,40.25,7000 -118.59,40.24,7000 -118.54,40.23,7000 -118.48,40.20,7000 -118.42,40.17,7000 -118.35,40.14,7000 -118.29,40.10,7000 -118.23,40.06,7000 -118.19,40.02,7000 -118.15,39.98,7000 -118.13,39.93,7000 -118.11,39.89,7000 -118.11,39.83,7000 -118.12,39.77,7000 -118.15,39.71,7000 -118.18,39.67,7000 -118.22,39.62,7000 -118.25,39.57,7000 -118.28,39.51,7000 -118.29,39.46,7000 -118.30,39.40,7000 -118.30,39.33,7000 -118.30,39.26,7000 -118.29,39.20,7000 -118.28,39.15,7000 -118.25,39.09,7000 -118.20,39.05,7000 -118.16,39.00,7000 -118.12,38.96,7000 -118.09,38.91,7000 -118.07,38.85,7000 -118.06,38.80,7000 -118.07,38.75,7000 -118.10,38.71,7000 -118.15,38.67,7000 -118.21,38.64,7000 -118.27,38.62,7000 -118.34,38.60,7000 -118.42,38.60,7000 -118.50,38.61,7000 -118.55,38.63,7000 -118.60,38.65,7000 -118.66,38.68,7000 -118.71,38.72,7000 -118.76,38.76,7000 -118.80,38.80,7000 -118.85,38.85,7000 -118.89,38.90,7000 -118.94,38.96,7000 -118.98,39.01,7000 -119.01,39.05,7000 -119.05,39.10,7000 -119.07,39.13,7000 -119.09,39.17,7000 -119.11,39.22,7000 -119.13,39.27,7000 -119.15,39.33,7000 -119.17,39.39,7000 -119.19,39.45,7000 -119.20,39.51,7000 -119.21,39.56,7000 -119.21,39.62,7000 -119.20,39.66,7000 -119.19,39.70,7000 -119.17,39.75,7000 -119.15,39.79,7000 -119.13,39.84,7000 -119.10,39.88,7000 -119.07,39.93,7000 -119.04,39.98,7000 -118.86,40.19,7000 
          </coordinates>
        </LinearRing>
      </innerBoundaryIs>
      <innerBoundaryIs>
        <LinearRing>
          <coordinates>
-116.02,39.99,8000 -116.00,39.98,8000 -115.98,39.97,8000 -115.96,39.95,8000 -115.93,39.93,8000 -115.90,39.90,8000 -115.87,39.88,8000 -115.84,39.86,8000 -115.82,39.84,8000 -115.80,39.82,8000 -115.77,39.80,8000 -115.76,39.79,8000 -115.74,39.78,8000 -115.72,39.77,8000 -115.69,39.75,8000 -115.67,39.73,8000 -115.64,39.71,8000 -115.62,39.69,8000 -115.60,39.67,8000 -115.59,39.65,8000 -115.59,39.62,8000 -115.59,39.59,8000 -115.59,39.56,8000 -115.60,39.53,8000 -115.60,39.51,8000 -115.61,39.49,8000 -115.62,39.47,8000 -115.64,39.46,8000 -115.67,39.44,8000 -115.69,39.43,8000 -115.72,39.41,8000 -115.75,39.40,8000 -115.78,39.38,8000 -115.81,39.37,8000 -115.85,39.35,8000 -115.88,39.34,8000 -115.91,39.33,8000 -115.94,39.31,8000 -115.97,39.29,8000 -116.00,39.28,8000 -116.04,39.26,8000 -116.07,39.25,8000 -116.10,39.25,8000 -116.13,39.25,8000 -116.16,39.26,8000 -116.19,39.27,8000 -116.23,39.28,8000 -116.26,39.29,8000 -116.29,39.31,8000 -116.32,39.32,8000 -116.34,39.33,8000 -116.38,39.34,8000 -116.41,39.35,8000 -116.43,39.37,8000 -116.44,39.39,8000 -116.44,39.41,8000 -116.45,39.44,8000 -116.44,39.47,8000 -116.44,39.50,8000 -116.44,39.53,8000 -116.43,39.55,8000 -116.43,39.57,8000 -116.42,39.59,8000 -116.40,39.61,8000 -116.39,39.63,8000 -116.37,39.65,8000 -116.35,39.67,8000 -116.33,39.70,8000 -116.31,39.73,8000 -116.29,39.75,8000 -116.28,39.77,8000 -116.26,39.80,8000 -116.25,39.82,8000 -116.24,39.85,8000 -116.22,39.87,8000 -116.20,39.89,8000 -116.18,39.90,8000 -116.15,39.92,8000 -116.12,39.94,8000 -116.09,39.95,8000 -116.06,39.97,8000 -116.02,39.99,8000 
          </coordinates>
        </LinearRing>
      </innerBoundaryIs>
      <innerBoundaryIs>
        <LinearRing>
          <coordinates>
-118.77,42.84,8000 -118.76,42.85,8000 -118.75,42.85,8000 -118.73,42.85,8000 -118.72,42.83,8000 -118.72,42.82,8000 -118.71,42.82,8000 -118.71,42.81,8000 -118.70,42.80,8000 -118.69,42.79,8000 -118.69,42.78,8000 -118.68,42.77,8000 -118.68,42.76,8000 -118.67,42.75,8000 -118.66,42.73,8000 -118.66,42.72,8000 -118.65,42.71,8000 -118.65,42.70,8000 -118.65,42.69,8000 -118.64,42.68,8000 -118.64,42.67,8000 -118.64,42.66,8000 -118.64,42.65,8000 -118.64,42.64,8000 -118.64,42.62,8000 -118.65,42.61,8000 -118.65,42.60,8000 -118.66,42.59,8000 -118.67,42.58,8000 -118.67,42.57,8000 -118.68,42.56,8000 -118.69,42.56,8000 -118.70,42.55,8000 -118.71,42.55,8000 -118.72,42.55,8000 -118.73,42.55,8000 -118.74,42.55,8000 -118.76,42.55,8000 -118.77,42.56,8000 -118.79,42.56,8000 -118.80,42.57,8000 -118.82,42.57,8000 -118.83,42.58,8000 -118.85,42.59,8000 -118.86,42.60,8000 -118.87,42.60,8000 -118.88,42.61,8000 -118.89,42.62,8000 -118.89,42.63,8000 -118.89,42.64,8000 -118.89,42.65,8000 -118.89,42.65,8000 -118.89,42.66,8000 -118.89,42.67,8000 -118.89,42.68,8000 -118.88,42.69,8000 -118.88,42.70,8000 -118.87,42.71,8000 -118.87,42.72,8000 -118.86,42.73,8000 -118.85,42.74,8000 -118.85,42.75,8000 -118.84,42.76,8000 -118.83,42.77,8000 -118.82,42.79,8000 -118.82,42.80,8000 -118.81,42.81,8000 -118.80,42.82,8000 -118.77,42.84,8000 
          </coordinates>
        </LinearRing>
      </innerBoundaryIs>
      <innerBoundaryIs>
        <LinearRing>
          <coordinates>
-124.82,50.61,8000 -124.72,50.63,8000 -124.61,50.65,8000 -124.51,50.67,8000 -124.41,50.69,8000 -124.32,50.70,8000 -124.23,50.71,8000 -124.15,50.72,8000 -124.07,50.72,8000 -123.97,50.71,8000 -123.89,50.69,8000 -123.83,50.66,8000 -123.76,50.62,8000 -123.68,50.59,8000 -123.60,50.56,8000 -123.52,50.54,8000 -123.44,50.51,8000 -123.36,50.48,8000 -123.27,50.45,8000 -123.18,50.42,8000 -123.10,50.39,8000 -123.01,50.37,8000 -122.93,50.34,8000 -122.84,50.31,8000 -122.75,50.28,8000 -122.67,50.25,8000 -122.60,50.23,8000 -122.51,50.20,8000 -122.44,50.18,8000 -122.37,50.17,8000 -122.30,50.14,8000 -122.22,50.11,8000 -122.16,50.08,8000 -122.08,50.04,8000 -122.01,50.00,8000 -121.93,49.96,8000 -121.87,49.92,8000 -121.81,49.88,8000 -121.77,49.84,8000 -121.74,49.78,8000 -121.73,49.72,8000 -121.75,49.67,8000 -121.77,49.62,8000 -121.80,49.57,8000 -121.85,49.52,8000 -121.91,49.48,8000 -121.96,49.44,8000 -122.02,49.40,8000 -122.09,49.37,8000 -122.17,49.34,8000 -122.24,49.32,8000 -122.31,49.31,8000 -122.39,49.30,8000 -122.47,49.30,8000 -122.56,49.30,8000 -122.64,49.31,8000 -122.73,49.32,8000 -122.82,49.34,8000 -122.92,49.36,8000 -123.02,49.38,8000 -123.11,49.40,8000 -123.19,49.42,8000 -123.28,49.44,8000 -123.36,49.46,8000 -123.45,49.48,8000 -123.53,49.50,8000 -123.61,49.53,8000 -123.68,49.56,8000 -123.75,49.60,8000 -123.81,49.65,8000 -123.86,49.70,8000 -123.92,49.74,8000 -123.97,49.79,8000 -124.03,49.83,8000 -124.11,49.87,8000 -124.19,49.89,8000 -124.28,49.92,8000 -124.36,49.94,8000 -124.44,49.98,8000 -124.50,50.02,8000 -124.56,50.07,8000 -124.61,50.12,8000 -124.66,50.17,8000 -124.71,50.22,8000 -124.76,50.27,8000 -124.82,50.32,8000 -124.87,50.36,8000 -124.92,50.40,8000 -124.96,50.44,8000 -125.01,50.48,8000 -124.82,50.61,8000 
          </coordinates>
        </LinearRing>
      </innerBoundaryIs>
      <innerBoundaryIs>
        <LinearRing>
          <coordinates>
-118.51,41.73,8000 -118.44,41.72,8000 -118.37,41.70,8000 -118.31,41.68,8000 -118.25,41.66,8000 -118.20,41.63,8000 -118.15,41.59,8000 -118.11,41.55,8000 -118.05,41.50,8000 -118.01,41.46,8000 -117.97,41.42,8000 -117.92,41.37,8000 -117.87,41.32,8000 -117.82,41.27,8000 -117.78,41.22,8000 -117.74,41.19,8000 -117.67,41.14,8000 -117.61,41.11,8000 -117.54,41.10,8000 -117.48,41.10,8000 -117.41,41.11,8000 -117.34,41.12,8000 -117.27,41.13,8000 -117.19,41.12,8000 -117.13,41.10,8000 -117.06,41.08,8000 -116.99,41.04,8000 -116.92,41.01,8000 -116.86,40.98,8000 -116.79,40.95,8000 -116.71,40.92,8000 -116.63,40.90,8000 -116.55,40.88,8000 -116.48,40.85,8000 -116.42,40.82,8000 -116.37,40.76,8000 -116.35,40.70,8000 -116.34,40.63,8000 -116.33,40.58,8000 -116.33,40.51,8000 -116.38,40.47,8000 -116.43,40.44,8000 -116.51,40.42,8000 -116.59,40.40,8000 -116.65,40.39,8000 -116.71,40.39,8000 -116.75,40.41,8000 -116.81,40.44,8000 -116.87,40.46,8000 -116.94,40.49,8000 -117.02,40.52,8000 -117.08,40.55,8000 -117.13,40.59,8000 -117.16,40.62,8000 -117.20,40.67,8000 -117.26,40.72,8000 -117.30,40.76,8000 -117.35,40.80,8000 -117.40,40.85,8000 -117.46,40.90,8000 -117.51,40.95,8000 -117.57,40.98,8000 -117.63,40.99,8000 -117.69,40.98,8000 -117.75,40.96,8000 -117.81,40.92,8000 -117.87,40.88,8000 -117.94,40.84,8000 -117.99,40.80,8000 -118.05,40.77,8000 -118.12,40.74,8000 -118.19,40.72,8000 -118.25,40.71,8000 -118.31,40.69,8000 -118.38,40.68,8000 -118.45,40.67,8000 -118.52,40.65,8000 -118.58,40.64,8000 -118.66,40.64,8000 -118.73,40.65,8000 -118.80,40.67,8000 -118.88,40.69,8000 -118.96,40.72,8000 -119.04,40.75,8000 -119.11,40.79,8000 -119.15,40.82,8000 -119.18,40.88,8000 -119.17,40.94,8000 -119.15,41.01,8000 -119.12,41.06,8000 -119.09,41.11,8000 -119.04,41.15,8000 -118.98,41.20,8000 -118.94,41.23,8000 -118.89,41.27,8000 -118.85,41.31,8000 -118.79,41.35,8000 -118.74,41.40,8000 -118.68,41.44,8000 -118.51,41.73,8000 
          </coordinates>
        </LinearRing>
      </innerBoundaryIs>
      <innerBoundaryIs>
        <LinearRing>
          <coordinates>
-121.71,49.07,8000 -121.40,49.09,8000 -121.25,48.95,8000 -121.08,48.75,8000 -120.84,48.59,8000 -120.79,48.40,8000 -120.88,48.07,8000 -121.03,47.74,8000 -121.01,47.55,8000 -121.21,47.22,8000 -121.25,46.82,8000 -121.35,46.40,8000 -121.49,45.88,8000 -121.60,45.43,8000 -121.67,45.03,8000 -121.69,44.78,8000 -121.70,44.59,8000 -121.62,44.19,8000 -121.46,43.88,8000 -121.42,43.70,8000 -121.43,43.49,8000 -121.33,43.33,8000 -121.09,43.12,8000 -120.65,42.94,8000 -120.29,42.90,8000 -119.92,42.85,8000 -119.63,42.68,8000 -119.38,42.40,8000 -119.13,42.21,8000 -118.83,41.95,8000 -118.68,42.01,8000 -118.38,42.15,8000 -118.07,42.18,8000 -117.41,42.18,8000 -117.12,41.98,8000 -116.87,41.81,8000 -116.53,41.99,8000 -116.49,42.20,8000 -116.61,42.37,8000 -116.82,42.58,8000 -116.80,42.74,8000 -116.41,42.52,8000 -116.20,42.30,8000 -115.94,42.12,8000 -115.62,41.96,8000 -115.12,41.89,8000 -114.94,41.74,8000 -114.90,41.44,8000 -114.89,41.08,8000 -115.03,40.75,8000 -115.06,40.49,8000 -114.93,40.27,8000 -114.78,39.97,8000 -114.69,39.60,8000 -114.51,39.46,8000 -114.45,39.33,8000 -114.32,38.94,8000 -114.36,38.58,8000 -114.24,38.46,8000 -113.80,38.30,8000 -113.66,38.16,8000 -113.63,37.96,8000 -113.55,37.85,8000 -113.28,37.79,8000 -112.83,37.91,8000 -112.55,38.11,8000 -112.44,38.41,8000 -111.90,38.52,8000 -111.76,38.47,8000 -111.64,38.27,8000 -111.49,38.15,8000 -111.48,37.96,8000 -111.71,37.76,8000 -111.95,37.56,8000 -112.18,37.36,8000 -112.40,37.22,8000 -112.66,37.15,8000 -113.04,37.26,8000 -113.44,37.37,8000 -113.83,37.48,8000 -114.19,37.57,8000 -114.36,37.95,8000 -114.52,38.18,8000 -114.62,38.34,8000 -114.80,38.44,8000 -115.09,38.60,8000 -115.37,38.76,8000 -115.53,38.84,8000 -115.79,38.86,8000 -116.05,38.60,8000 -116.31,38.33,8000 -116.59,38.09,8000 -116.96,38.12,8000 -117.29,38.33,8000 -117.43,38.42,8000 -117.69,38.46,8000 -117.93,38.38,8000 -118.16,38.44,8000 -117.93,38.72,8000 -117.94,38.94,8000 -118.05,39.10,8000 -118.14,39.31,8000 -118.14,39.50,8000 -117.90,39.77,8000 -117.86,39.97,8000 -118.17,40.15,8000 -118.50,40.34,8000 -118.77,40.38,8000 -119.05,40.22,8000 -119.30,40.00,8000 -119.29,39.62,8000 -119.28,39.36,8000 -119.19,39.14,8000 -118.98,38.80,8000 -118.66,38.56,8000 -118.24,38.41,8000 -118.08,38.30,8000 -118.10,38.12,8000 -118.00,37.91,8000 -117.85,37.80,8000 -117.60,37.58,8000 -117.55,37.42,8000 -117.74,37.20,8000 -117.82,36.99,8000 -117.84,36.73,8000 -117.71,36.31,8000 -117.66,36.14,8000 -117.77,36.02,8000 -118.05,35.75,8000 -118.24,35.48,8000 -118.46,35.50,8000 -118.53,35.60,8000 -118.65,36.07,8000 -118.81,36.49,8000 -119.01,36.76,8000 -119.25,37.03,8000 -119.52,37.26,8000 -119.79,37.48,8000 -120.01,37.73,8000 -120.19,37.98,8000 -120.48,38.35,8000 -120.59,38.58,8000 -120.76,38.98,8000 -120.97,39.27,8000 -121.21,39.61,8000 -121.44,39.82,8000 -121.68,40.15,8000 -121.86,40.62,8000 -122.01,40.79,8000 -122.20,40.85,8000 -122.46,40.82,8000 -122.67,40.67,8000 -122.84,40.45,8000 -122.81,40.10,8000 -122.75,39.79,8000 -122.74,39.61,8000 -122.82,39.40,8000 -122.96,39.38,8000 -123.33,39.58,8000 -123.53,39.89,8000 -123.65,40.29,8000 -123.77,40.65,8000 -123.84,41.05,8000 -123.90,41.49,8000 -123.97,42.04,8000 -123.99,42.46,8000 -123.71,42.67,8000 -123.41,42.77,8000 -123.27,42.91,8000 -123.13,43.04,8000 -123.08,43.24,8000 -123.07,43.53,8000 -122.83,43.81,8000 -122.71,44.03,8000 -122.62,44.36,8000 -122.53,44.69,8000 -122.39,44.95,8000 -122.18,45.20,8000 -122.10,45.51,8000 -122.25,45.75,8000 -122.46,46.11,8000 -122.31,46.40,8000 -122.13,46.70,8000 -121.88,47.00,8000 -121.67,47.24,8000 -121.54,47.57,8000 -121.53,47.83,8000 -121.66,48.07,8000 -121.84,48.38,8000 -121.98,48.70,8000 -121.85,48.97,8000 -121.71,49.07,8000 
          </coordinates>
        </LinearRing>
      </innerBoundaryIs>
  </Polygon>
 </MultiGeometry>
</Placemark>
<Placemark>
  <name>60%</name>
  <visibility>1</visibility>
  <styleUrl>#poly_60</styleUrl>
  <MultiGeometry>
    <Polygon>
      <outerBoundaryIs>
        <LinearRing>
          <coordinates>
-118.85,41.14,7000 -118.82,41.13,7000 -118.79,41.12,7000 -118.76,41.12,7000 -118.74,41.11,7000 -118.71,41.10,7000 -118.68,41.09,7000 -118.66,41.09,7000 -118.64,41.08,7000 -118.62,41.07,7000 -118.61,41.07,7000 -118.60,41.05,7000 -118.59,41.05,7000 -118.57,41.05,7000 -118.56,41.06,7000 -118.53,41.07,7000 -118.51,41.08,7000 -118.48,41.09,7000 -118.45,41.10,7000 -118.43,41.11,7000 -118.40,41.11,7000 -118.37,41.11,7000 -118.35,41.11,7000 -118.33,41.10,7000 -118.30,41.09,7000 -118.27,41.08,7000 -118.25,41.06,7000 -118.22,41.05,7000 -118.19,41.04,7000 -118.17,41.02,7000 -118.15,41.01,7000 -118.13,40.99,7000 -118.11,40.98,7000 -118.10,40.97,7000 -118.10,40.96,7000 -118.10,40.95,7000 -118.12,40.94,7000 -118.14,40.93,7000 -118.16,40.92,7000 -118.19,40.91,7000 -118.23,40.90,7000 -118.26,40.89,7000 -118.29,40.89,7000 -118.32,40.88,7000 -118.35,40.88,7000 -118.37,40.87,7000 -118.40,40.87,7000 -118.42,40.87,7000 -118.45,40.87,7000 -118.47,40.87,7000 -118.50,40.87,7000 -118.52,40.86,7000 -118.55,40.86,7000 -118.57,40.85,7000 -118.60,40.85,7000 -118.62,40.84,7000 -118.65,40.83,7000 -118.67,40.82,7000 -118.70,40.81,7000 -118.72,40.81,7000 -118.75,40.80,7000 -118.77,40.80,7000 -118.80,40.80,7000 -118.82,40.80,7000 -118.85,40.80,7000 -118.88,40.80,7000 -118.91,40.81,7000 -118.94,40.81,7000 -118.96,40.82,7000 -118.98,40.83,7000 -119.00,40.84,7000 -119.01,40.85,7000 -119.02,40.87,7000 -119.02,40.89,7000 -119.03,40.91,7000 -119.03,40.93,7000 -119.02,40.95,7000 -119.02,40.97,7000 -119.01,41.00,7000 -119.01,41.02,7000 -118.85,41.14,7000 
          </coordinates>
        </LinearRing>
      </outerBoundaryIs>
      <innerBoundaryIs>
        <LinearRing>
          <coordinates>
-118.18,41.31,7000 -118.17,41.31,7000 -118.16,41.31,7000 -118.15,41.30,7000 -118.14,41.29,7000 -118.13,41.28,7000 -118.12,41.27,7000 -118.11,41.26,7000 -118.10,41.25,7000 -118.09,41.23,7000 -118.09,41.22,7000 -118.08,41.20,7000 -118.07,41.19,7000 -118.07,41.18,7000 -118.06,41.16,7000 -118.06,41.15,7000 -118.06,41.14,7000 -118.06,41.12,7000 -118.05,41.11,7000 -118.05,41.10,7000 -118.05,41.08,7000 -118.05,41.06,7000 -118.05,41.05,7000 -118.06,41.03,7000 -118.06,41.02,7000 -118.06,41.01,7000 -118.07,41.00,7000 -118.07,40.99,7000 -118.08,40.98,7000 -118.09,40.97,7000 -118.10,40.97,7000 -118.11,40.97,7000 -118.12,40.97,7000 -118.13,40.97,7000 -118.15,40.98,7000 -118.16,40.98,7000 -118.18,40.99,7000 -118.20,40.99,7000 -118.21,41.00,7000 -118.23,41.01,7000 -118.25,41.02,7000 -118.27,41.03,7000 -118.28,41.03,7000 -118.30,41.04,7000 -118.32,41.05,7000 -118.33,41.06,7000 -118.34,41.07,7000 -118.35,41.08,7000 -118.36,41.09,7000 -118.37,41.10,7000 -118.37,41.11,7000 -118.37,41.12,7000 -118.37,41.13,7000 -118.37,41.14,7000 -118.36,41.15,7000 -118.35,41.16,7000 -118.34,41.18,7000 -118.33,41.19,7000 -118.32,41.20,7000 -118.31,41.22,7000 -118.30,41.23,7000 -118.29,41.24,7000 -118.27,41.25,7000 -118.26,41.26,7000 -118.25,41.27,7000 -118.23,41.28,7000 -118.22,41.29,7000 -118.21,41.30,7000 -118.20,41.30,7000 -118.19,41.31,7000 -118.18,41.31,7000 -118.18,41.31,7000 
          </coordinates>
        </LinearRing>
      </innerBoundaryIs>
  </Polygon>
 </MultiGeometry>
</Placemark>
<Placemark>
  <name>60%</name>
  <visibility>1</visibility>
  <styleUrl>#poly_60</styleUrl>
  <MultiGeometry>
    <Polygon>
      <outerBoundaryIs>
        <LinearRing>
          <coordinates>
-71.84,49.28,7000 -71.80,49.26,7000 -71.76,49.23,7000 -71.72,49.21,7000 -71.68,49.19,7000 -71.65,49.16,7000 -71.61,49.14,7000 -71.58,49.11,7000 -71.55,49.09,7000 -71.52,49.06,7000 -71.49,49.03,7000 -71.45,49.01,7000 -71.40,48.98,7000 -71.36,48.96,7000 -71.31,48.95,7000 -71.25,48.93,7000 -71.19,48.92,7000 -71.13,48.90,7000 -71.07,48.89,7000 -71.01,48.88,7000 -70.96,48.86,7000 -70.92,48.85,7000 -70.86,48.83,7000 -70.82,48.81,7000 -70.78,48.79,7000 -70.74,48.77,7000 -70.69,48.75,7000 -70.65,48.73,7000 -70.60,48.71,7000 -70.55,48.69,7000 -70.50,48.67,7000 -70.44,48.65,7000 -70.40,48.62,7000 -70.35,48.60,7000 -70.32,48.58,7000 -70.28,48.55,7000 -70.25,48.51,7000 -70.23,48.48,7000 -70.23,48.44,7000 -70.24,48.41,7000 -70.26,48.39,7000 -70.30,48.36,7000 -70.34,48.34,7000 -70.39,48.32,7000 -70.45,48.30,7000 -70.50,48.28,7000 -70.54,48.27,7000 -70.59,48.26,7000 -70.65,48.27,7000 -70.70,48.28,7000 -70.75,48.29,7000 -70.80,48.30,7000 -70.85,48.31,7000 -70.89,48.32,7000 -70.94,48.33,7000 -71.00,48.34,7000 -71.06,48.36,7000 -71.10,48.37,7000 -71.15,48.39,7000 -71.21,48.41,7000 -71.26,48.43,7000 -71.32,48.45,7000 -71.38,48.47,7000 -71.43,48.49,7000 -71.48,48.51,7000 -71.52,48.53,7000 -71.57,48.56,7000 -71.61,48.58,7000 -71.64,48.61,7000 -71.67,48.64,7000 -71.70,48.66,7000 -71.73,48.69,7000 -71.77,48.71,7000 -71.80,48.74,7000 -71.84,48.76,7000 -71.87,48.78,7000 -71.91,48.81,7000 -71.95,48.83,7000 -71.99,48.85,7000 -72.04,48.88,7000 -72.09,48.90,7000 -72.14,48.92,7000 -72.18,48.94,7000 -72.21,48.97,7000 -72.24,49.00,7000 -72.25,49.04,7000 -72.26,49.07,7000 -72.26,49.11,7000 -72.25,49.14,7000 -72.23,49.17,7000 -72.21,49.20,7000 -72.17,49.23,7000 -72.13,49.25,7000 -72.09,49.28,7000 -71.84,49.28,7000 
          </coordinates>
        </LinearRing>
      </outerBoundaryIs>
      <innerBoundaryIs>
        <LinearRing>
          <coordinates>
-71.22,48.71,8000 -71.20,48.71,8000 -71.18,48.71,8000 -71.16,48.71,8000 -71.14,48.71,8000 -71.12,48.71,8000 -71.10,48.71,8000 -71.08,48.71,8000 -71.06,48.71,8000 -71.04,48.71,8000 -71.02,48.71,8000 -71.00,48.70,8000 -70.98,48.70,8000 -70.96,48.70,8000 -70.94,48.70,8000 -70.92,48.69,8000 -70.90,48.69,8000 -70.88,48.69,8000 -70.86,48.68,8000 -70.84,48.68,8000 -70.82,48.67,8000 -70.80,48.67,8000 -70.78,48.66,8000 -70.76,48.66,8000 -70.75,48.66,8000 -70.73,48.65,8000 -70.72,48.65,8000 -70.69,48.65,8000 -70.68,48.65,8000 -70.67,48.63,8000 -70.67,48.62,8000 -70.66,48.61,8000 -70.65,48.60,8000 -70.64,48.58,8000 -70.64,48.57,8000 -70.63,48.55,8000 -70.62,48.54,8000 -70.61,48.52,8000 -70.61,48.51,8000 -70.60,48.49,8000 -70.60,48.48,8000 -70.60,48.47,8000 -70.60,48.46,8000 -70.60,48.45,8000 -70.61,48.44,8000 -70.63,48.44,8000 -70.65,48.44,8000 -70.67,48.44,8000 -70.69,48.44,8000 -70.72,48.45,8000 -70.74,48.45,8000 -70.76,48.46,8000 -70.78,48.46,8000 -70.80,48.46,8000 -70.81,48.46,8000 -70.82,48.47,8000 -70.84,48.48,8000 -70.85,48.49,8000 -70.86,48.49,8000 -70.87,48.50,8000 -70.89,48.51,8000 -70.90,48.52,8000 -70.92,48.52,8000 -70.93,48.53,8000 -70.95,48.54,8000 -70.97,48.55,8000 -70.98,48.56,8000 -71.00,48.57,8000 -71.01,48.58,8000 -71.03,48.58,8000 -71.05,48.59,8000 -71.07,48.60,8000 -71.08,48.61,8000 -71.10,48.62,8000 -71.12,48.62,8000 -71.14,48.63,8000 -71.16,48.64,8000 -71.17,48.65,8000 -71.19,48.65,8000 -71.21,48.66,8000 -71.22,48.66,8000 -71.23,48.67,8000 -71.26,48.68,8000 -71.28,48.69,8000 -71.28,48.70,8000 -71.29,48.70,8000 -71.22,48.71,8000 
          </coordinates>
        </LinearRing>
      </innerBoundaryIs>
  </Polygon>
 </MultiGeometry>
</Placemark>
<Placemark>
  <name>60%</name>
  <visibility>1</visibility>
  <styleUrl>#poly_60</styleUrl>
  <MultiGeometry>
    <Polygon>
      <outerBoundaryIs>
        <LinearRing>
          <coordinates>
-127.08,50.30,7000 -126.98,50.32,7000 -126.89,50.34,7000 -126.79,50.36,7000 -126.69,50.38,7000 -126.59,50.39,7000 -126.48,50.40,7000 -126.37,50.41,7000 -126.26,50.42,7000 -126.16,50.42,7000 -126.07,50.42,7000 -125.96,50.40,7000 -125.87,50.37,7000 -125.78,50.33,7000 -125.71,50.30,7000 -125.64,50.26,7000 -125.58,50.21,7000 -125.52,50.16,7000 -125.48,50.10,7000 -125.45,50.04,7000 -125.42,49.97,7000 -125.37,49.91,7000 -125.31,49.86,7000 -125.24,49.82,7000 -125.16,49.78,7000 -125.07,49.72,7000 -125.02,49.67,7000 -124.96,49.62,7000 -124.90,49.56,7000 -124.84,49.51,7000 -124.78,49.45,7000 -124.71,49.39,7000 -124.64,49.34,7000 -124.56,49.30,7000 -124.46,49.25,7000 -124.36,49.21,7000 -124.27,49.17,7000 -124.17,49.14,7000 -124.09,49.10,7000 -124.03,49.07,7000 -123.95,49.00,7000 -123.93,48.95,7000 -123.92,48.88,7000 -123.90,48.82,7000 -123.88,48.74,7000 -123.87,48.67,7000 -123.88,48.62,7000 -123.94,48.57,7000 -124.02,48.54,7000 -124.11,48.53,7000 -124.20,48.55,7000 -124.29,48.59,7000 -124.38,48.63,7000 -124.44,48.66,7000 -124.49,48.69,7000 -124.55,48.72,7000 -124.63,48.77,7000 -124.68,48.81,7000 -124.74,48.86,7000 -124.81,48.91,7000 -124.88,48.96,7000 -124.95,49.01,7000 -125.01,49.06,7000 -125.07,49.09,7000 -125.16,49.12,7000 -125.24,49.14,7000 -125.32,49.14,7000 -125.40,49.16,7000 -125.48,49.19,7000 -125.55,49.22,7000 -125.63,49.25,7000 -125.70,49.29,7000 -125.77,49.32,7000 -125.84,49.36,7000 -125.91,49.39,7000 -125.98,49.44,7000 -126.05,49.49,7000 -126.12,49.54,7000 -126.19,49.60,7000 -126.26,49.65,7000 -126.32,49.70,7000 -126.38,49.76,7000 -126.42,49.80,7000 -126.48,49.84,7000 -126.54,49.87,7000 -126.61,49.91,7000 -126.69,49.94,7000 -126.76,49.97,7000 -126.83,50.00,7000 -126.91,50.03,7000 -126.98,50.06,7000 -127.06,50.09,7000 -127.08,50.30,7000 
          </coordinates>
        </LinearRing>
      </outerBoundaryIs>
      <innerBoundaryIs>
        <LinearRing>
          <coordinates>
-126.82,50.32,8000 -126.71,50.34,8000 -126.61,50.36,8000 -126.51,50.37,8000 -126.41,50.38,8000 -126.31,50.39,8000 -126.22,50.39,8000 -126.12,50.38,8000 -126.02,50.37,8000 -125.93,50.36,8000 -125.84,50.33,8000 -125.76,50.28,8000 -125.71,50.24,8000 -125.66,50.19,8000 -125.62,50.13,8000 -125.57,50.07,8000 -125.53,50.01,8000 -125.48,49.95,8000 -125.44,49.89,8000 -125.39,49.84,8000 -125.32,49.78,8000 -125.26,49.74,8000 -125.19,49.69,8000 -125.12,49.65,8000 -125.05,49.61,8000 -124.99,49.56,8000 -124.93,49.51,8000 -124.88,49.46,8000 -124.83,49.40,8000 -124.79,49.35,8000 -124.74,49.31,8000 -124.68,49.27,8000 -124.60,49.24,8000 -124.52,49.22,8000 -124.43,49.20,8000 -124.35,49.19,8000 -124.28,49.16,8000 -124.22,49.12,8000 -124.16,49.08,8000 -124.11,49.04,8000 -124.07,48.99,8000 -124.03,48.94,8000 -123.99,48.88,8000 -123.96,48.81,8000 -123.95,48.74,8000 -123.96,48.69,8000 -124.02,48.65,8000 -124.11,48.62,8000 -124.20,48.62,8000 -124.27,48.64,8000 -124.34,48.67,8000 -124.43,48.73,8000 -124.48,48.77,8000 -124.55,48.82,8000 -124.61,48.87,8000 -124.68,48.92,8000 -124.74,48.97,8000 -124.79,49.01,8000 -124.86,49.06,8000 -124.91,49.09,8000 -124.97,49.12,8000 -125.05,49.14,8000 -125.14,49.16,8000 -125.25,49.19,8000 -125.33,49.21,8000 -125.41,49.24,8000 -125.50,49.27,8000 -125.59,49.30,8000 -125.68,49.34,8000 -125.75,49.37,8000 -125.82,49.41,8000 -125.88,49.45,8000 -125.95,49.49,8000 -126.02,49.53,8000 -126.08,49.57,8000 -126.14,49.62,8000 -126.19,49.66,8000 -126.25,49.71,8000 -126.30,49.76,8000 -126.36,49.81,8000 -126.43,49.86,8000 -126.50,49.90,8000 -126.59,49.94,8000 -126.69,49.97,8000 -126.78,50.01,8000 -126.87,50.05,8000 -126.94,50.08,8000 -126.99,50.11,8000 -127.03,50.18,8000 -126.99,50.24,8000 -126.92,50.29,8000 -126.82,50.32,8000 
          </coordinates>
        </LinearRing>
      </innerBoundaryIs>
  </Polygon>
 </MultiGeometry>
</Placemark>
<Placemark>
  <name>60%</name>
  <visibility>1</visibility>
  <styleUrl>#poly_60</styleUrl>
  <MultiGeometry>
    <Polygon>
      <outerBoundaryIs>
        <LinearRing>
          <coordinates>
-112.01,35.40,7000 -111.99,35.40,7000 -111.97,35.41,7000 -111.96,35.41,7000 -111.94,35.41,7000 -111.92,35.42,7000 -111.90,35.42,7000 -111.89,35.42,7000 -111.87,35.42,7000 -111.85,35.42,7000 -111.84,35.42,7000 -111.82,35.42,7000 -111.80,35.42,7000 -111.79,35.41,7000 -111.78,35.40,7000 -111.76,35.40,7000 -111.75,35.39,7000 -111.74,35.38,7000 -111.73,35.37,7000 -111.72,35.36,7000 -111.70,35.35,7000 -111.69,35.34,7000 -111.68,35.32,7000 -111.67,35.31,7000 -111.66,35.30,7000 -111.65,35.29,7000 -111.65,35.27,7000 -111.64,35.26,7000 -111.63,35.25,7000 -111.62,35.24,7000 -111.61,35.22,7000 -111.61,35.21,7000 -111.60,35.19,7000 -111.59,35.18,7000 -111.59,35.16,7000 -111.58,35.14,7000 -111.58,35.13,7000 -111.58,35.12,7000 -111.58,35.10,7000 -111.58,35.09,7000 -111.58,35.08,7000 -111.58,35.07,7000 -111.59,35.06,7000 -111.60,35.05,7000 -111.61,35.05,7000 -111.63,35.04,7000 -111.65,35.04,7000 -111.67,35.03,7000 -111.69,35.03,7000 -111.70,35.03,7000 -111.72,35.03,7000 -111.73,35.03,7000 -111.75,35.03,7000 -111.75,35.03,7000 -111.76,35.04,7000 -111.78,35.05,7000 -111.79,35.05,7000 -111.80,35.06,7000 -111.82,35.07,7000 -111.83,35.07,7000 -111.85,35.08,7000 -111.86,35.09,7000 -111.88,35.10,7000 -111.90,35.10,7000 -111.91,35.11,7000 -111.93,35.12,7000 -111.94,35.13,7000 -111.96,35.13,7000 -111.97,35.14,7000 -111.99,35.15,7000 -112.01,35.16,7000 -112.02,35.16,7000 -112.04,35.17,7000 -112.05,35.17,7000 -112.05,35.18,7000 -112.06,35.20,7000 -112.06,35.21,7000 -112.06,35.22,7000 -112.06,35.23,7000 -112.06,35.24,7000 -112.06,35.26,7000 -112.06,35.27,7000 -112.06,35.28,7000 -112.05,35.30,7000 -112.05,35.31,7000 -112.05,35.33,7000 -112.04,35.34,7000 -112.04,35.36,7000 -112.03,35.37,7000 -112.03,35.39,7000 -112.01,35.40,7000 
          </coordinates>
        </LinearRing>
      </outerBoundaryIs>
  </Polygon>
 </MultiGeometry>
</Placemark>
<Placemark>
  <name>70%</name>
  <visibility>1</visibility>
  <styleUrl>#poly_70</styleUrl>
  <MultiGeometry>
    <Polygon>
      <outerBoundaryIs>
        <LinearRing>
          <coordinates>
-120.39,44.42,8000 -120.37,44.42,8000 -120.36,44.43,8000 -120.34,44.43,8000 -120.33,44.43,8000 -120.31,44.44,8000 -120.29,44.44,8000 -120.28,44.44,8000 -120.26,44.45,8000 -120.25,44.45,8000 -120.23,44.45,8000 -120.21,44.45,8000 -120.20,44.45,8000 -120.18,44.46,8000 -120.17,44.46,8000 -120.15,44.46,8000 -120.13,44.46,8000 -120.12,44.46,8000 -120.10,44.46,8000 -120.08,44.46,8000 -120.06,44.46,8000 -120.05,44.46,8000 -120.03,44.46,8000 -120.01,44.46,8000 -119.99,44.46,8000 -119.98,44.46,8000 -119.96,44.46,8000 -119.95,44.46,8000 -119.93,44.46,8000 -119.92,44.46,8000 -119.91,44.46,8000 -119.88,44.46,8000 -119.86,44.45,8000 -119.85,44.45,8000 -119.85,44.44,8000 -119.85,44.43,8000 -119.85,44.42,8000 -119.85,44.41,8000 -119.86,44.40,8000 -119.87,44.39,8000 -119.89,44.38,8000 -119.90,44.38,8000 -119.91,44.37,8000 -119.92,44.36,8000 -119.93,44.36,8000 -119.95,44.35,8000 -119.96,44.35,8000 -119.98,44.34,8000 -119.99,44.33,8000 -120.01,44.33,8000 -120.03,44.32,8000 -120.04,44.32,8000 -120.06,44.31,8000 -120.08,44.31,8000 -120.09,44.30,8000 -120.11,44.30,8000 -120.13,44.30,8000 -120.14,44.30,8000 -120.16,44.30,8000 -120.18,44.30,8000 -120.20,44.30,8000 -120.22,44.30,8000 -120.24,44.30,8000 -120.25,44.30,8000 -120.27,44.30,8000 -120.29,44.30,8000 -120.31,44.30,8000 -120.32,44.30,8000 -120.34,44.31,8000 -120.35,44.31,8000 -120.36,44.31,8000 -120.38,44.32,8000 -120.40,44.32,8000 -120.41,44.33,8000 -120.41,44.34,8000 -120.42,44.35,8000 -120.42,44.36,8000 -120.39,44.42,8000 
          </coordinates>
        </LinearRing>
      </outerBoundaryIs>
  </Polygon>
 </MultiGeometry>
</Placemark>
<Placemark>
  <name>70%</name>
  <visibility>1</visibility>
  <styleUrl>#poly_70</styleUrl>
  <MultiGeometry>
    <Polygon>
      <outerBoundaryIs>
        <LinearRing>
          <coordinates>
-118.23,45.60,8000 -118.12,45.59,8000 -118.05,45.56,8000 -118.03,45.51,8000 -118.04,45.45,8000 -118.05,45.40,8000 -118.06,45.36,8000 -118.06,45.31,8000 -118.00,45.28,8000 -117.95,45.20,8000 -117.95,45.15,8000 -117.95,45.09,8000 -117.95,45.01,8000 -117.96,44.94,8000 -117.98,44.86,8000 -118.00,44.79,8000 -118.02,44.73,8000 -118.06,44.67,8000 -118.12,44.62,8000 -118.19,44.58,8000 -118.25,44.54,8000 -118.31,44.50,8000 -118.34,44.46,8000 -118.35,44.39,8000 -118.32,44.33,8000 -118.29,44.26,8000 -118.27,44.21,8000 -118.27,44.16,8000 -118.29,44.12,8000 -118.35,44.07,8000 -118.40,44.04,8000 -118.46,44.00,8000 -118.53,43.95,8000 -118.61,43.91,8000 -118.69,43.88,8000 -118.78,43.85,8000 -118.87,43.83,8000 -118.97,43.82,8000 -119.07,43.81,8000 -119.18,43.80,8000 -119.28,43.79,8000 -119.36,43.79,8000 -119.43,43.79,8000 -119.53,43.81,8000 -119.55,43.87,8000 -119.57,43.92,8000 -119.59,43.98,8000 -119.60,44.05,8000 -119.57,44.11,8000 -119.52,44.15,8000 -119.45,44.19,8000 -119.37,44.22,8000 -119.28,44.26,8000 -119.21,44.30,8000 -119.15,44.35,8000 -119.11,44.41,8000 -119.08,44.47,8000 -119.06,44.54,8000 -119.05,44.60,8000 -119.04,44.67,8000 -119.03,44.72,8000 -119.02,44.79,8000 -119.03,44.84,8000 -119.04,44.89,8000 -119.05,44.94,8000 -119.09,45.00,8000 -119.13,45.05,8000 -119.14,45.10,8000 -119.11,45.15,8000 -119.05,45.20,8000 -118.95,45.25,8000 -118.90,45.28,8000 -118.83,45.30,8000 -118.77,45.33,8000 -118.69,45.36,8000 -118.61,45.40,8000 -118.53,45.43,8000 -118.45,45.46,8000 -118.23,45.60,8000 
          </coordinates>
        </LinearRing>
      </outerBoundaryIs>
      <innerBoundaryIs>
        <LinearRing>
          <coordinates>
-118.41,45.34,9000 -118.39,45.34,9000 -118.36,45.32,9000 -118.34,45.31,9000 -118.32,45.29,9000 -118.30,45.27,9000 -118.28,45.24,9000 -118.25,45.22,9000 -118.23,45.19,9000 -118.21,45.17,9000 -118.19,45.15,9000 -118.17,45.13,9000 -118.16,45.10,9000 -118.14,45.08,9000 -118.13,45.06,9000 -118.12,45.03,9000 -118.11,45.01,9000 -118.10,44.98,9000 -118.10,44.96,9000 -118.10,44.93,9000 -118.10,44.90,9000 -118.10,44.88,9000 -118.11,44.85,9000 -118.12,44.83,9000 -118.13,44.80,9000 -118.15,44.78,9000 -118.18,44.76,9000 -118.20,44.74,9000 -118.23,44.72,9000 -118.26,44.70,9000 -118.29,44.68,9000 -118.32,44.67,9000 -118.35,44.65,9000 -118.38,44.64,9000 -118.41,44.63,9000 -118.45,44.62,9000 -118.48,44.61,9000 -118.52,44.61,9000 -118.55,44.61,9000 -118.59,44.61,9000 -118.63,44.61,9000 -118.67,44.61,9000 -118.70,44.62,9000 -118.73,44.63,9000 -118.76,44.65,9000 -118.78,44.66,9000 -118.80,44.69,9000 -118.81,44.71,9000 -118.82,44.74,9000 -118.83,44.76,9000 -118.83,44.79,9000 -118.83,44.81,9000 -118.83,44.84,9000 -118.82,44.87,9000 -118.83,44.89,9000 -118.83,44.92,9000 -118.84,44.94,9000 -118.85,44.97,9000 -118.87,45.00,9000 -118.88,45.02,9000 -118.90,45.04,9000 -118.91,45.06,9000 -118.91,45.08,9000 -118.91,45.10,9000 -118.89,45.10,9000 -118.85,45.12,9000 -118.83,45.13,9000 -118.81,45.15,9000 -118.78,45.17,9000 -118.75,45.18,9000 -118.72,45.20,9000 -118.69,45.22,9000 -118.66,45.24,9000 -118.64,45.25,9000 -118.60,45.27,9000 -118.57,45.28,9000 -118.54,45.29,9000 -118.52,45.30,9000 -118.41,45.34,9000 
          </coordinates>
        </LinearRing>
      </innerBoundaryIs>
  </Polygon>
 </MultiGeometry>
</Placemark>
<Placemark>
  <name>70%</name>
  <visibility>1</visibility>
  <styleUrl>#poly_70</styleUrl>
  <MultiGeometry>
    <Polygon>
      <outerBoundaryIs>
        <LinearRing>
          <coordinates>
-91.52,47.60,8000 -91.49,47.61,8000 -91.47,47.61,8000 -91.44,47.62,8000 -91.42,47.62,8000 -91.39,47.63,8000 -91.37,47.63,8000 -91.35,47.63,8000 -91.33,47.63,8000 -91.31,47.63,8000 -91.29,47.63,8000 -91.27,47.63,8000 -91.25,47.62,8000 -91.22,47.62,8000 -91.20,47.60,8000 -91.19,47.59,8000 -91.17,47.58,8000 -91.16,47.56,8000 -91.15,47.55,8000 -91.15,47.53,8000 -91.15,47.52,8000 -91.16,47.50,8000 -91.17,47.49,8000 -91.18,47.47,8000 -91.20,47.46,8000 -91.22,47.44,8000 -91.23,47.43,8000 -91.25,47.41,8000 -91.26,47.40,8000 -91.27,47.39,8000 -91.28,47.38,8000 -91.28,47.37,8000 -91.29,47.36,8000 -91.30,47.35,8000 -91.32,47.35,8000 -91.34,47.34,8000 -91.36,47.33,8000 -91.38,47.32,8000 -91.40,47.31,8000 -91.42,47.30,8000 -91.45,47.29,8000 -91.47,47.28,8000 -91.49,47.28,8000 -91.51,47.27,8000 -91.53,47.26,8000 -91.55,47.25,8000 -91.58,47.24,8000 -91.60,47.24,8000 -91.62,47.23,8000 -91.64,47.22,8000 -91.66,47.21,8000 -91.68,47.21,8000 -91.70,47.20,8000 -91.71,47.20,8000 -91.74,47.19,8000 -91.76,47.19,8000 -91.78,47.19,8000 -91.80,47.19,8000 -91.82,47.19,8000 -91.84,47.19,8000 -91.85,47.21,8000 -91.85,47.22,8000 -91.85,47.23,8000 -91.85,47.25,8000 -91.85,47.27,8000 -91.84,47.29,8000 -91.84,47.31,8000 -91.83,47.33,8000 -91.83,47.34,8000 -91.82,47.36,8000 -91.82,47.37,8000 -91.81,47.39,8000 -91.80,47.40,8000 -91.79,47.41,8000 -91.77,47.42,8000 -91.76,47.43,8000 -91.75,47.44,8000 -91.74,47.45,8000 -91.73,47.46,8000 -91.71,47.47,8000 -91.70,47.49,8000 -91.68,47.50,8000 -91.67,47.51,8000 -91.65,47.53,8000 -91.64,47.54,8000 -91.52,47.60,8000 
          </coordinates>
        </LinearRing>
      </outerBoundaryIs>
  </Polygon>
 </MultiGeometry>
</Placemark>
<Placemark>
  <name>70%</name>
  <visibility>1</visibility>
  <styleUrl>#poly_70</styleUrl>
  <MultiGeometry>
    <Polygon>
      <outerBoundaryIs>
        <LinearRing>
          <coordinates>
-126.82,50.32,8000 -126.71,50.34,8000 -126.61,50.36,8000 -126.51,50.37,8000 -126.41,50.38,8000 -126.31,50.39,8000 -126.22,50.39,8000 -126.12,50.38,8000 -126.02,50.37,8000 -125.93,50.36,8000 -125.84,50.33,8000 -125.76,50.28,8000 -125.71,50.24,8000 -125.66,50.19,8000 -125.62,50.13,8000 -125.57,50.07,8000 -125.53,50.01,8000 -125.48,49.95,8000 -125.44,49.89,8000 -125.39,49.84,8000 -125.32,49.78,8000 -125.26,49.74,8000 -125.19,49.69,8000 -125.12,49.65,8000 -125.05,49.61,8000 -124.99,49.56,8000 -124.93,49.51,8000 -124.88,49.46,8000 -124.83,49.40,8000 -124.79,49.35,8000 -124.74,49.31,8000 -124.68,49.27,8000 -124.60,49.24,8000 -124.52,49.22,8000 -124.43,49.20,8000 -124.35,49.19,8000 -124.28,49.16,8000 -124.22,49.12,8000 -124.16,49.08,8000 -124.11,49.04,8000 -124.07,48.99,8000 -124.03,48.94,8000 -123.99,48.88,8000 -123.96,48.81,8000 -123.95,48.74,8000 -123.96,48.69,8000 -124.02,48.65,8000 -124.11,48.62,8000 -124.20,48.62,8000 -124.27,48.64,8000 -124.34,48.67,8000 -124.43,48.73,8000 -124.48,48.77,8000 -124.55,48.82,8000 -124.61,48.87,8000 -124.68,48.92,8000 -124.74,48.97,8000 -124.79,49.01,8000 -124.86,49.06,8000 -124.91,49.09,8000 -124.97,49.12,8000 -125.05,49.14,8000 -125.14,49.16,8000 -125.25,49.19,8000 -125.33,49.21,8000 -125.41,49.24,8000 -125.50,49.27,8000 -125.59,49.30,8000 -125.68,49.34,8000 -125.75,49.37,8000 -125.82,49.41,8000 -125.88,49.45,8000 -125.95,49.49,8000 -126.02,49.53,8000 -126.08,49.57,8000 -126.14,49.62,8000 -126.19,49.66,8000 -126.25,49.71,8000 -126.30,49.76,8000 -126.36,49.81,8000 -126.43,49.86,8000 -126.50,49.90,8000 -126.59,49.94,8000 -126.69,49.97,8000 -126.78,50.01,8000 -126.87,50.05,8000 -126.94,50.08,8000 -126.99,50.11,8000 -127.03,50.18,8000 -126.99,50.24,8000 -126.92,50.29,8000 -126.82,50.32,8000 
          </coordinates>
        </LinearRing>
      </outerBoundaryIs>
      <innerBoundaryIs>
        <LinearRing>
          <coordinates>
-126.80,50.26,9000 -126.74,50.27,9000 -126.68,50.29,9000 -126.62,50.30,9000 -126.56,50.31,9000 -126.50,50.32,9000 -126.44,50.33,9000 -126.37,50.34,9000 -126.31,50.35,9000 -126.26,50.35,9000 -126.20,50.35,9000 -126.14,50.34,9000 -126.09,50.34,9000 -126.04,50.33,9000 -125.97,50.32,9000 -125.92,50.30,9000 -125.87,50.28,9000 -125.82,50.25,9000 -125.77,50.23,9000 -125.73,50.20,9000 -125.68,50.17,9000 -125.65,50.14,9000 -125.64,50.11,9000 -125.63,50.07,9000 -125.62,50.02,9000 -125.60,49.98,9000 -125.58,49.94,9000 -125.56,49.90,9000 -125.53,49.86,9000 -125.50,49.83,9000 -125.45,49.80,9000 -125.40,49.77,9000 -125.34,49.75,9000 -125.30,49.73,9000 -125.27,49.72,9000 -125.24,49.70,9000 -125.22,49.68,9000 -125.19,49.65,9000 -125.17,49.62,9000 -125.14,49.58,9000 -125.11,49.55,9000 -125.08,49.52,9000 -125.04,49.49,9000 -125.01,49.45,9000 -124.99,49.42,9000 -124.98,49.39,9000 -124.99,49.36,9000 -125.01,49.32,9000 -125.05,49.29,9000 -125.09,49.27,9000 -125.13,49.25,9000 -125.18,49.25,9000 -125.24,49.25,9000 -125.30,49.27,9000 -125.36,49.28,9000 -125.40,49.29,9000 -125.45,49.30,9000 -125.49,49.32,9000 -125.53,49.34,9000 -125.58,49.36,9000 -125.63,49.39,9000 -125.68,49.41,9000 -125.71,49.43,9000 -125.75,49.45,9000 -125.78,49.47,9000 -125.83,49.50,9000 -125.88,49.53,9000 -125.92,49.57,9000 -125.96,49.59,9000 -126.01,49.62,9000 -126.05,49.64,9000 -126.08,49.67,9000 -126.10,49.69,9000 -126.14,49.73,9000 -126.17,49.76,9000 -126.22,49.79,9000 -126.26,49.82,9000 -126.31,49.85,9000 -126.34,49.87,9000 -126.38,49.89,9000 -126.41,49.90,9000 -126.45,49.92,9000 -126.50,49.95,9000 -126.55,49.98,9000 -126.59,50.00,9000 -126.64,50.02,9000 -126.68,50.03,9000 -126.72,50.05,9000 -126.76,50.07,9000 -126.80,50.08,9000 -126.85,50.10,9000 -126.89,50.12,9000 -126.80,50.26,9000 
          </coordinates>
        </LinearRing>
      </innerBoundaryIs>
      <innerBoundaryIs>
        <LinearRing>
          <coordinates>
-124.57,49.14,9000 -124.56,49.14,9000 -124.54,49.14,9000 -124.52,49.13,9000 -124.49,49.13,9000 -124.47,49.13,9000 -124.45,49.12,9000 -124.42,49.12,9000 -124.40,49.12,9000 -124.37,49.11,9000 -124.35,49.10,9000 -124.32,49.10,9000 -124.30,49.09,9000 -124.28,49.08,9000 -124.26,49.07,9000 -124.24,49.06,9000 -124.22,49.05,9000 -124.21,49.03,9000 -124.19,49.02,9000 -124.18,49.00,9000 -124.17,48.99,9000 -124.16,48.97,9000 -124.15,48.96,9000 -124.15,48.94,9000 -124.14,48.92,9000 -124.13,48.91,9000 -124.13,48.89,9000 -124.12,48.87,9000 -124.12,48.86,9000 -124.12,48.84,9000 -124.12,48.82,9000 -124.12,48.80,9000 -124.12,48.78,9000 -124.12,48.76,9000 -124.12,48.74,9000 -124.12,48.72,9000 -124.13,48.70,9000 -124.14,48.68,9000 -124.15,48.67,9000 -124.16,48.67,9000 -124.17,48.67,9000 -124.19,48.68,9000 -124.21,48.68,9000 -124.23,48.69,9000 -124.25,48.71,9000 -124.28,48.72,9000 -124.30,48.74,9000 -124.33,48.75,9000 -124.35,48.77,9000 -124.37,48.78,9000 -124.39,48.79,9000 -124.40,48.80,9000 -124.43,48.81,9000 -124.44,48.82,9000 -124.45,48.83,9000 -124.47,48.84,9000 -124.48,48.85,9000 -124.50,48.86,9000 -124.51,48.87,9000 -124.53,48.89,9000 -124.54,48.90,9000 -124.56,48.92,9000 -124.57,48.93,9000 -124.58,48.95,9000 -124.59,48.96,9000 -124.59,48.98,9000 -124.60,48.99,9000 -124.61,49.01,9000 -124.61,49.03,9000 -124.62,49.04,9000 -124.62,49.06,9000 -124.62,49.08,9000 -124.63,49.09,9000 -124.63,49.11,9000 -124.57,49.14,9000 
          </coordinates>
        </LinearRing>
      </innerBoundaryIs>
  </Polygon>
 </MultiGeometry>
</Placemark>
<Placemark>
  <name>70%</name>
  <visibility>1</visibility>
  <styleUrl>#poly_70</styleUrl>
  <MultiGeometry>
    <Polygon>
      <outerBoundaryIs>
        <LinearRing>
          <coordinates>
-118.77,42.84,8000 -118.76,42.85,8000 -118.75,42.85,8000 -118.73,42.85,8000 -118.72,42.83,8000 -118.72,42.82,8000 -118.71,42.82,8000 -118.71,42.81,8000 -118.70,42.80,8000 -118.69,42.79,8000 -118.69,42.78,8000 -118.68,42.77,8000 -118.68,42.76,8000 -118.67,42.75,8000 -118.66,42.73,8000 -118.66,42.72,8000 -118.65,42.71,8000 -118.65,42.70,8000 -118.65,42.69,8000 -118.64,42.68,8000 -118.64,42.67,8000 -118.64,42.66,8000 -118.64,42.65,8000 -118.64,42.64,8000 -118.64,42.62,8000 -118.65,42.61,8000 -118.65,42.60,8000 -118.66,42.59,8000 -118.67,42.58,8000 -118.67,42.57,8000 -118.68,42.56,8000 -118.69,42.56,8000 -118.70,42.55,8000 -118.71,42.55,8000 -118.72,42.55,8000 -118.73,42.55,8000 -118.74,42.55,8000 -118.76,42.55,8000 -118.77,42.56,8000 -118.79,42.56,8000 -118.80,42.57,8000 -118.82,42.57,8000 -118.83,42.58,8000 -118.85,42.59,8000 -118.86,42.60,8000 -118.87,42.60,8000 -118.88,42.61,8000 -118.89,42.62,8000 -118.89,42.63,8000 -118.89,42.64,8000 -118.89,42.65,8000 -118.89,42.65,8000 -118.89,42.66,8000 -118.89,42.67,8000 -118.89,42.68,8000 -118.88,42.69,8000 -118.88,42.70,8000 -118.87,42.71,8000 -118.87,42.72,8000 -118.86,42.73,8000 -118.85,42.74,8000 -118.85,42.75,8000 -118.84,42.76,8000 -118.83,42.77,8000 -118.82,42.79,8000 -118.82,42.80,8000 -118.81,42.81,8000 -118.80,42.82,8000 -118.77,42.84,8000 
          </coordinates>
        </LinearRing>
      </outerBoundaryIs>
  </Polygon>
 </MultiGeometry>
</Placemark>
<Placemark>
  <name>70%</name>
  <visibility>1</visibility>
  <styleUrl>#poly_70</styleUrl>
  <MultiGeometry>
    <Polygon>
      <outerBoundaryIs>
        <LinearRing>
          <coordinates>
-118.53,48.73,8000 -118.51,48.74,8000 -118.49,48.76,8000 -118.48,48.77,8000 -118.46,48.79,8000 -118.44,48.80,8000 -118.42,48.81,8000 -118.41,48.82,8000 -118.39,48.84,8000 -118.38,48.84,8000 -118.36,48.85,8000 -118.35,48.86,8000 -118.33,48.86,8000 -118.32,48.87,8000 -118.31,48.87,8000 -118.29,48.87,8000 -118.28,48.86,8000 -118.27,48.85,8000 -118.26,48.83,8000 -118.25,48.81,8000 -118.24,48.79,8000 -118.24,48.78,8000 -118.23,48.76,8000 -118.23,48.75,8000 -118.23,48.74,8000 -118.25,48.74,8000 -118.27,48.72,8000 -118.28,48.71,8000 -118.28,48.70,8000 -118.29,48.69,8000 -118.29,48.67,8000 -118.30,48.66,8000 -118.31,48.64,8000 -118.32,48.63,8000 -118.32,48.61,8000 -118.33,48.60,8000 -118.34,48.58,8000 -118.35,48.57,8000 -118.36,48.56,8000 -118.37,48.54,8000 -118.38,48.53,8000 -118.39,48.51,8000 -118.40,48.50,8000 -118.42,48.49,8000 -118.43,48.48,8000 -118.44,48.47,8000 -118.46,48.47,8000 -118.48,48.47,8000 -118.50,48.47,8000 -118.52,48.48,8000 -118.54,48.48,8000 -118.57,48.49,8000 -118.59,48.50,8000 -118.61,48.51,8000 -118.63,48.52,8000 -118.64,48.53,8000 -118.65,48.54,8000 -118.65,48.55,8000 -118.65,48.56,8000 -118.65,48.57,8000 -118.65,48.59,8000 -118.64,48.60,8000 -118.64,48.61,8000 -118.63,48.63,8000 -118.62,48.64,8000 -118.61,48.66,8000 -118.60,48.67,8000 -118.58,48.69,8000 -118.57,48.70,8000 -118.56,48.72,8000 -118.53,48.73,8000 
          </coordinates>
        </LinearRing>
      </outerBoundaryIs>
  </Polygon>
 </MultiGeometry>
</Placemark>
<Placemark>
  <name>70%</name>
  <visibility>1</visibility>
  <styleUrl>#poly_70</styleUrl>
  <MultiGeometry>
    <Polygon>
      <outerBoundaryIs>
        <LinearRing>
          <coordinates>
-111.58,46.91,8000 -111.55,46.91,8000 -111.52,46.91,8000 -111.50,46.91,8000 -111.47,46.90,8000 -111.44,46.91,8000 -111.41,46.91,8000 -111.38,46.91,8000 -111.36,46.91,8000 -111.33,46.92,8000 -111.31,46.93,8000 -111.28,46.94,8000 -111.26,46.95,8000 -111.24,46.96,8000 -111.21,46.98,8000 -111.19,46.99,8000 -111.17,47.01,8000 -111.15,47.02,8000 -111.12,47.03,8000 -111.10,47.04,8000 -111.07,47.05,8000 -111.05,47.06,8000 -111.02,47.07,8000 -111.00,47.08,8000 -110.97,47.08,8000 -110.94,47.09,8000 -110.92,47.09,8000 -110.89,47.09,8000 -110.86,47.09,8000 -110.84,47.09,8000 -110.81,47.08,8000 -110.78,47.07,8000 -110.75,47.05,8000 -110.72,47.04,8000 -110.70,47.03,8000 -110.67,47.01,8000 -110.65,47.00,8000 -110.62,46.99,8000 -110.60,46.98,8000 -110.59,46.97,8000 -110.58,46.96,8000 -110.58,46.95,8000 -110.58,46.93,8000 -110.58,46.91,8000 -110.58,46.89,8000 -110.58,46.87,8000 -110.59,46.85,8000 -110.59,46.83,8000 -110.61,46.81,8000 -110.62,46.79,8000 -110.64,46.78,8000 -110.66,46.77,8000 -110.69,46.77,8000 -110.72,46.76,8000 -110.75,46.76,8000 -110.78,46.76,8000 -110.80,46.76,8000 -110.82,46.76,8000 -110.83,46.76,8000 -110.86,46.77,8000 -110.88,46.78,8000 -110.90,46.78,8000 -110.93,46.79,8000 -110.95,46.80,8000 -110.98,46.81,8000 -111.01,46.82,8000 -111.04,46.83,8000 -111.07,46.84,8000 -111.10,46.85,8000 -111.12,46.85,8000 -111.15,46.85,8000 -111.18,46.86,8000 -111.21,46.86,8000 -111.24,46.86,8000 -111.26,46.87,8000 -111.29,46.87,8000 -111.32,46.87,8000 -111.35,46.87,8000 -111.38,46.87,8000 -111.41,46.87,8000 -111.44,46.87,8000 -111.47,46.87,8000 -111.50,46.86,8000 -111.53,46.86,8000 -111.55,46.86,8000 -111.57,46.86,8000 -111.61,46.86,8000 -111.60,46.87,8000 -111.58,46.91,8000 
          </coordinates>
        </LinearRing>
      </outerBoundaryIs>
  </Polygon>
 </MultiGeometry>
</Placemark>
<Placemark>
  <name>70%</name>
  <visibility>1</visibility>
  <styleUrl>#poly_70</styleUrl>
  <MultiGeometry>
    <Polygon>
      <outerBoundaryIs>
        <LinearRing>
          <coordinates>
-71.22,48.71,8000 -71.20,48.71,8000 -71.18,48.71,8000 -71.16,48.71,8000 -71.14,48.71,8000 -71.12,48.71,8000 -71.10,48.71,8000 -71.08,48.71,8000 -71.06,48.71,8000 -71.04,48.71,8000 -71.02,48.71,8000 -71.00,48.70,8000 -70.98,48.70,8000 -70.96,48.70,8000 -70.94,48.70,8000 -70.92,48.69,8000 -70.90,48.69,8000 -70.88,48.69,8000 -70.86,48.68,8000 -70.84,48.68,8000 -70.82,48.67,8000 -70.80,48.67,8000 -70.78,48.66,8000 -70.76,48.66,8000 -70.75,48.66,8000 -70.73,48.65,8000 -70.72,48.65,8000 -70.69,48.65,8000 -70.68,48.65,8000 -70.67,48.63,8000 -70.67,48.62,8000 -70.66,48.61,8000 -70.65,48.60,8000 -70.64,48.58,8000 -70.64,48.57,8000 -70.63,48.55,8000 -70.62,48.54,8000 -70.61,48.52,8000 -70.61,48.51,8000 -70.60,48.49,8000 -70.60,48.48,8000 -70.60,48.47,8000 -70.60,48.46,8000 -70.60,48.45,8000 -70.61,48.44,8000 -70.63,48.44,8000 -70.65,48.44,8000 -70.67,48.44,8000 -70.69,48.44,8000 -70.72,48.45,8000 -70.74,48.45,8000 -70.76,48.46,8000 -70.78,48.46,8000 -70.80,48.46,8000 -70.81,48.46,8000 -70.82,48.47,8000 -70.84,48.48,8000 -70.85,48.49,8000 -70.86,48.49,8000 -70.87,48.50,8000 -70.89,48.51,8000 -70.90,48.52,8000 -70.92,48.52,8000 -70.93,48.53,8000 -70.95,48.54,8000 -70.97,48.55,8000 -70.98,48.56,8000 -71.00,48.57,8000 -71.01,48.58,8000 -71.03,48.58,8000 -71.05,48.59,8000 -71.07,48.60,8000 -71.08,48.61,8000 -71.10,48.62,8000 -71.12,48.62,8000 -71.14,48.63,8000 -71.16,48.64,8000 -71.17,48.65,8000 -71.19,48.65,8000 -71.21,48.66,8000 -71.22,48.66,8000 -71.23,48.67,8000 -71.26,48.68,8000 -71.28,48.69,8000 -71.28,48.70,8000 -71.29,48.70,8000 -71.22,48.71,8000 
          </coordinates>
        </LinearRing>
      </outerBoundaryIs>
  </Polygon>
 </MultiGeometry>
</Placemark>
<Placemark>
  <name>70%</name>
  <visibility>1</visibility>
  <styleUrl>#poly_70</styleUrl>
  <MultiGeometry>
    <Polygon>
      <outerBoundaryIs>
        <LinearRing>
          <coordinates>
-107.90,38.10,8000 -107.83,38.12,8000 -107.76,38.15,8000 -107.70,38.17,8000 -107.63,38.19,8000 -107.57,38.20,8000 -107.51,38.21,8000 -107.46,38.22,8000 -107.39,38.22,8000 -107.34,38.21,8000 -107.29,38.19,8000 -107.24,38.16,8000 -107.18,38.14,8000 -107.13,38.12,8000 -107.07,38.10,8000 -107.00,38.07,8000 -106.94,38.04,8000 -106.89,38.02,8000 -106.84,37.99,8000 -106.79,37.96,8000 -106.75,37.93,8000 -106.72,37.89,8000 -106.68,37.86,8000 -106.65,37.82,8000 -106.62,37.78,8000 -106.59,37.74,8000 -106.56,37.70,8000 -106.53,37.66,8000 -106.51,37.61,8000 -106.48,37.57,8000 -106.46,37.53,8000 -106.43,37.49,8000 -106.41,37.45,8000 -106.39,37.40,8000 -106.38,37.36,8000 -106.36,37.31,8000 -106.35,37.26,8000 -106.33,37.21,8000 -106.32,37.15,8000 -106.31,37.09,8000 -106.30,37.04,8000 -106.29,36.99,8000 -106.29,36.95,8000 -106.30,36.89,8000 -106.32,36.85,8000 -106.35,36.82,8000 -106.39,36.80,8000 -106.44,36.80,8000 -106.50,36.81,8000 -106.57,36.83,8000 -106.63,36.86,8000 -106.68,36.88,8000 -106.73,36.91,8000 -106.77,36.94,8000 -106.82,36.97,8000 -106.87,37.00,8000 -106.92,37.03,8000 -106.97,37.07,8000 -107.01,37.11,8000 -107.06,37.15,8000 -107.11,37.18,8000 -107.17,37.21,8000 -107.22,37.23,8000 -107.28,37.25,8000 -107.35,37.27,8000 -107.40,37.28,8000 -107.47,37.29,8000 -107.53,37.29,8000 -107.60,37.30,8000 -107.67,37.31,8000 -107.74,37.31,8000 -107.80,37.32,8000 -107.87,37.33,8000 -107.93,37.33,8000 -107.99,37.33,8000 -108.05,37.34,8000 -108.11,37.35,8000 -108.16,37.36,8000 -108.22,37.38,8000 -108.27,37.41,8000 -108.31,37.45,8000 -108.36,37.49,8000 -108.39,37.52,8000 -108.43,37.56,8000 -108.46,37.60,8000 -108.47,37.65,8000 -108.48,37.69,8000 -108.47,37.74,8000 -108.45,37.78,8000 -108.42,37.83,8000 -108.38,37.88,8000 -108.35,37.91,8000 -108.31,37.94,8000 -108.27,37.98,8000 -108.22,38.01,8000 -108.17,38.04,8000 -108.12,38.07,8000 -107.90,38.10,8000 
          </coordinates>
        </LinearRing>
      </outerBoundaryIs>
      <innerBoundaryIs>
        <LinearRing>
          <coordinates>
-108.11,37.97,9000 -108.05,37.98,9000 -107.98,37.98,9000 -107.92,37.99,9000 -107.86,38.00,9000 -107.81,38.01,9000 -107.75,38.01,9000 -107.70,38.02,9000 -107.66,38.03,9000 -107.59,38.05,9000 -107.54,38.07,9000 -107.50,38.09,9000 -107.45,38.10,9000 -107.40,38.10,9000 -107.36,38.09,9000 -107.31,38.08,9000 -107.26,38.07,9000 -107.21,38.05,9000 -107.16,38.03,9000 -107.11,38.02,9000 -107.07,38.00,9000 -107.02,37.97,9000 -106.97,37.95,9000 -106.92,37.93,9000 -106.87,37.91,9000 -106.83,37.88,9000 -106.78,37.85,9000 -106.73,37.81,9000 -106.70,37.78,9000 -106.67,37.74,9000 -106.64,37.69,9000 -106.60,37.65,9000 -106.57,37.60,9000 -106.55,37.56,9000 -106.52,37.52,9000 -106.50,37.48,9000 -106.47,37.43,9000 -106.45,37.39,9000 -106.43,37.35,9000 -106.42,37.30,9000 -106.41,37.26,9000 -106.40,37.22,9000 -106.39,37.17,9000 -106.37,37.11,9000 -106.36,37.06,9000 -106.36,37.02,9000 -106.36,36.98,9000 -106.37,36.95,9000 -106.40,36.92,9000 -106.45,36.91,9000 -106.51,36.91,9000 -106.57,36.92,9000 -106.63,36.93,9000 -106.67,36.95,9000 -106.71,36.97,9000 -106.76,37.00,9000 -106.80,37.03,9000 -106.84,37.06,9000 -106.88,37.09,9000 -106.92,37.12,9000 -106.96,37.15,9000 -107.00,37.17,9000 -107.04,37.20,9000 -107.08,37.23,9000 -107.12,37.25,9000 -107.16,37.27,9000 -107.20,37.29,9000 -107.24,37.31,9000 -107.29,37.33,9000 -107.35,37.34,9000 -107.40,37.35,9000 -107.45,37.35,9000 -107.52,37.36,9000 -107.58,37.36,9000 -107.64,37.36,9000 -107.71,37.37,9000 -107.76,37.37,9000 -107.81,37.37,9000 -107.88,37.37,9000 -107.93,37.36,9000 -107.98,37.36,9000 -108.03,37.37,9000 -108.08,37.39,9000 -108.13,37.41,9000 -108.18,37.43,9000 -108.23,37.46,9000 -108.27,37.49,9000 -108.31,37.52,9000 -108.35,37.56,9000 -108.37,37.61,9000 -108.38,37.66,9000 -108.38,37.70,9000 -108.37,37.74,9000 -108.34,37.78,9000 -108.31,37.81,9000 -108.11,37.97,9000 
          </coordinates>
        </LinearRing>
      </innerBoundaryIs>
  </Polygon>
 </MultiGeometry>
</Placemark>
<Placemark>
  <name>70%</name>
  <visibility>1</visibility>
  <styleUrl>#poly_70</styleUrl>
  <MultiGeometry>
    <Polygon>
      <outerBoundaryIs>
        <LinearRing>
          <coordinates>
-67.07,48.85,8000 -67.05,48.85,8000 -67.02,48.84,8000 -67.00,48.84,8000 -66.98,48.84,8000 -66.96,48.83,8000 -66.94,48.83,8000 -66.92,48.83,8000 -66.90,48.82,8000 -66.88,48.82,8000 -66.87,48.82,8000 -66.85,48.81,8000 -66.84,48.81,8000 -66.83,48.81,8000 -66.81,48.81,8000 -66.81,48.80,8000 -66.81,48.79,8000 -66.80,48.78,8000 -66.80,48.77,8000 -66.79,48.76,8000 -66.78,48.75,8000 -66.77,48.74,8000 -66.77,48.72,8000 -66.76,48.71,8000 -66.75,48.70,8000 -66.75,48.68,8000 -66.74,48.67,8000 -66.74,48.65,8000 -66.74,48.64,8000 -66.74,48.63,8000 -66.74,48.62,8000 -66.75,48.61,8000 -66.75,48.60,8000 -66.76,48.58,8000 -66.78,48.57,8000 -66.79,48.56,8000 -66.80,48.55,8000 -66.82,48.54,8000 -66.84,48.53,8000 -66.85,48.52,8000 -66.87,48.51,8000 -66.89,48.51,8000 -66.90,48.50,8000 -66.92,48.50,8000 -66.94,48.50,8000 -66.95,48.50,8000 -66.97,48.51,8000 -66.99,48.51,8000 -67.00,48.52,8000 -67.02,48.52,8000 -67.04,48.53,8000 -67.06,48.54,8000 -67.08,48.55,8000 -67.09,48.56,8000 -67.11,48.57,8000 -67.12,48.57,8000 -67.14,48.58,8000 -67.15,48.59,8000 -67.17,48.60,8000 -67.18,48.61,8000 -67.20,48.62,8000 -67.21,48.63,8000 -67.22,48.64,8000 -67.23,48.65,8000 -67.24,48.66,8000 -67.24,48.68,8000 -67.24,48.69,8000 -67.24,48.70,8000 -67.23,48.71,8000 -67.23,48.72,8000 -67.22,48.73,8000 -67.21,48.74,8000 -67.20,48.75,8000 -67.19,48.76,8000 -67.18,48.77,8000 -67.17,48.78,8000 -67.16,48.79,8000 -67.14,48.81,8000 -67.13,48.82,8000 -67.11,48.83,8000 -67.10,48.84,8000 -67.07,48.85,8000 
          </coordinates>
        </LinearRing>
      </outerBoundaryIs>
  </Polygon>
 </MultiGeometry>
</Placemark>
<Placemark>
  <name>70%</name>
  <visibility>1</visibility>
  <styleUrl>#poly_70</styleUrl>
  <MultiGeometry>
    <Polygon>
      <outerBoundaryIs>
        <LinearRing>
          <coordinates>
-68.31,50.70,8000 -68.18,50.69,8000 -68.05,50.68,8000 -67.93,50.67,8000 -67.80,50.65,8000 -67.64,50.60,8000 -67.52,50.56,8000 -67.37,50.50,8000 -67.23,50.44,8000 -67.09,50.39,8000 -66.93,50.33,8000 -66.77,50.27,8000 -66.64,50.22,8000 -66.49,50.16,8000 -66.38,50.10,8000 -66.29,50.03,8000 -66.20,49.94,8000 -66.14,49.87,8000 -66.07,49.79,8000 -66.00,49.71,8000 -65.91,49.64,8000 -65.81,49.56,8000 -65.73,49.51,8000 -65.58,49.47,8000 -65.49,49.43,8000 -65.36,49.38,8000 -65.23,49.33,8000 -65.10,49.27,8000 -64.98,49.22,8000 -64.85,49.16,8000 -64.71,49.09,8000 -64.61,49.03,8000 -64.56,48.99,8000 -64.65,48.95,8000 -64.84,48.94,8000 -64.95,48.94,8000 -65.08,48.95,8000 -65.21,48.96,8000 -65.35,48.97,8000 -65.50,48.98,8000 -65.63,49.00,8000 -65.75,49.03,8000 -65.86,49.06,8000 -65.95,49.12,8000 -65.99,49.21,8000 -66.00,49.32,8000 -66.03,49.42,8000 -66.09,49.48,8000 -66.20,49.48,8000 -66.35,49.43,8000 -66.51,49.37,8000 -66.66,49.32,8000 -66.80,49.29,8000 -66.93,49.26,8000 -67.07,49.23,8000 -67.20,49.21,8000 -67.34,49.19,8000 -67.48,49.18,8000 -67.62,49.17,8000 -67.75,49.16,8000 -67.92,49.16,8000 -68.09,49.16,8000 -68.26,49.16,8000 -68.40,49.14,8000 -68.54,49.10,8000 -68.69,49.07,8000 -68.81,49.07,8000 -68.94,49.12,8000 -69.05,49.20,8000 -69.17,49.28,8000 -69.28,49.33,8000 -69.40,49.39,8000 -69.53,49.45,8000 -69.68,49.52,8000 -69.81,49.58,8000 -69.96,49.66,8000 -70.13,49.74,8000 -70.28,49.83,8000 -70.41,49.90,8000 -70.49,49.95,8000 -70.46,50.01,8000 -70.30,50.04,8000 -70.21,50.12,8000 -70.13,50.23,8000 -70.11,50.32,8000 -70.09,50.42,8000 -70.07,50.50,8000 -70.07,50.57,8000 -69.91,50.62,8000 -69.80,50.63,8000 -69.67,50.64,8000 -69.52,50.65,8000 -69.35,50.66,8000 -69.17,50.66,8000 -68.97,50.67,8000 -68.77,50.68,8000 -68.57,50.68,8000 -68.31,50.70,8000 
          </coordinates>
        </LinearRing>
      </outerBoundaryIs>
      <innerBoundaryIs>
        <LinearRing>
          <coordinates>
-69.12,50.63,9000 -68.99,50.63,9000 -68.87,50.63,9000 -68.75,50.63,9000 -68.63,50.63,9000 -68.52,50.62,9000 -68.42,50.62,9000 -68.33,50.62,9000 -68.21,50.62,9000 -68.11,50.62,9000 -68.03,50.61,9000 -67.95,50.60,9000 -67.86,50.58,9000 -67.77,50.55,9000 -67.68,50.52,9000 -67.58,50.49,9000 -67.50,50.46,9000 -67.41,50.43,9000 -67.31,50.40,9000 -67.22,50.37,9000 -67.12,50.33,9000 -67.03,50.30,9000 -66.94,50.27,9000 -66.84,50.23,9000 -66.75,50.20,9000 -66.66,50.16,9000 -66.58,50.12,9000 -66.49,50.07,9000 -66.41,50.00,9000 -66.34,49.94,9000 -66.28,49.88,9000 -66.23,49.83,9000 -66.17,49.76,9000 -66.15,49.70,9000 -66.15,49.65,9000 -66.20,49.59,9000 -66.27,49.54,9000 -66.35,49.49,9000 -66.41,49.46,9000 -66.47,49.43,9000 -66.55,49.41,9000 -66.62,49.40,9000 -66.70,49.39,9000 -66.80,49.38,9000 -66.90,49.38,9000 -66.99,49.38,9000 -67.08,49.37,9000 -67.19,49.37,9000 -67.30,49.37,9000 -67.42,49.37,9000 -67.52,49.37,9000 -67.62,49.37,9000 -67.73,49.37,9000 -67.85,49.38,9000 -67.97,49.38,9000 -68.08,49.39,9000 -68.19,49.40,9000 -68.30,49.42,9000 -68.41,49.44,9000 -68.52,49.46,9000 -68.63,49.49,9000 -68.73,49.51,9000 -68.83,49.54,9000 -68.92,49.56,9000 -69.03,49.59,9000 -69.13,49.61,9000 -69.22,49.63,9000 -69.31,49.65,9000 -69.40,49.68,9000 -69.49,49.71,9000 -69.58,49.74,9000 -69.67,49.78,9000 -69.76,49.81,9000 -69.83,49.85,9000 -69.90,49.88,9000 -69.99,49.94,9000 -70.05,49.99,9000 -70.08,50.05,9000 -70.09,50.10,9000 -70.08,50.16,9000 -70.05,50.23,9000 -70.04,50.29,9000 -70.03,50.36,9000 -70.02,50.44,9000 -69.99,50.51,9000 -69.92,50.56,9000 -69.85,50.58,9000 -69.76,50.60,9000 -69.66,50.61,9000 -69.55,50.62,9000 -69.42,50.62,9000 -69.30,50.62,9000 -69.17,50.62,9000 -69.12,50.63,9000 
          </coordinates>
        </LinearRing>
      </innerBoundaryIs>
      <innerBoundaryIs>
        <LinearRing>
          <coordinates>
-65.60,49.39,9000 -65.58,49.38,9000 -65.56,49.37,9000 -65.54,49.36,9000 -65.52,49.36,9000 -65.49,49.35,9000 -65.47,49.34,9000 -65.46,49.33,9000 -65.44,49.33,9000 -65.42,49.32,9000 -65.40,49.31,9000 -65.39,49.31,9000 -65.37,49.30,9000 -65.34,49.29,9000 -65.32,49.29,9000 -65.30,49.28,9000 -65.28,49.28,9000 -65.27,49.27,9000 -65.25,49.26,9000 -65.24,49.25,9000 -65.23,49.24,9000 -65.22,49.22,9000 -65.21,49.21,9000 -65.20,49.19,9000 -65.18,49.18,9000 -65.17,49.16,9000 -65.16,49.15,9000 -65.14,49.14,9000 -65.12,49.12,9000 -65.10,49.11,9000 -65.08,49.10,9000 -65.06,49.09,9000 -65.04,49.08,9000 -65.03,49.07,9000 -65.03,49.06,9000 -65.04,49.06,9000 -65.05,49.05,9000 -65.07,49.05,9000 -65.09,49.05,9000 -65.12,49.06,9000 -65.14,49.06,9000 -65.17,49.06,9000 -65.20,49.06,9000 -65.22,49.06,9000 -65.24,49.06,9000 -65.26,49.06,9000 -65.29,49.06,9000 -65.31,49.06,9000 -65.33,49.06,9000 -65.36,49.07,9000 -65.38,49.07,9000 -65.40,49.07,9000 -65.43,49.07,9000 -65.45,49.07,9000 -65.47,49.07,9000 -65.50,49.07,9000 -65.52,49.07,9000 -65.55,49.07,9000 -65.57,49.08,9000 -65.60,49.08,9000 -65.62,49.08,9000 -65.64,49.08,9000 -65.66,49.08,9000 -65.68,49.09,9000 -65.70,49.09,9000 -65.72,49.10,9000 -65.74,49.10,9000 -65.76,49.11,9000 -65.77,49.12,9000 -65.79,49.13,9000 -65.80,49.14,9000 -65.81,49.16,9000 -65.82,49.17,9000 -65.83,49.18,9000 -65.83,49.19,9000 -65.83,49.21,9000 -65.83,49.22,9000 -65.84,49.24,9000 -65.84,49.25,9000 -65.84,49.27,9000 -65.83,49.29,9000 -65.83,49.31,9000 -65.83,49.32,9000 -65.83,49.34,9000 -65.60,49.39,9000 
          </coordinates>
        </LinearRing>
      </innerBoundaryIs>
  </Polygon>
 </MultiGeometry>
</Placemark>
<Placemark>
  <name>70%</name>
  <visibility>1</visibility>
  <styleUrl>#poly_70</styleUrl>
  <MultiGeometry>
    <Polygon>
      <outerBoundaryIs>
        <LinearRing>
          <coordinates>
-124.82,50.61,8000 -124.72,50.63,8000 -124.61,50.65,8000 -124.51,50.67,8000 -124.41,50.69,8000 -124.32,50.70,8000 -124.23,50.71,8000 -124.15,50.72,8000 -124.07,50.72,8000 -123.97,50.71,8000 -123.89,50.69,8000 -123.83,50.66,8000 -123.76,50.62,8000 -123.68,50.59,8000 -123.60,50.56,8000 -123.52,50.54,8000 -123.44,50.51,8000 -123.36,50.48,8000 -123.27,50.45,8000 -123.18,50.42,8000 -123.10,50.39,8000 -123.01,50.37,8000 -122.93,50.34,8000 -122.84,50.31,8000 -122.75,50.28,8000 -122.67,50.25,8000 -122.60,50.23,8000 -122.51,50.20,8000 -122.44,50.18,8000 -122.37,50.17,8000 -122.30,50.14,8000 -122.22,50.11,8000 -122.16,50.08,8000 -122.08,50.04,8000 -122.01,50.00,8000 -121.93,49.96,8000 -121.87,49.92,8000 -121.81,49.88,8000 -121.77,49.84,8000 -121.74,49.78,8000 -121.73,49.72,8000 -121.75,49.67,8000 -121.77,49.62,8000 -121.80,49.57,8000 -121.85,49.52,8000 -121.91,49.48,8000 -121.96,49.44,8000 -122.02,49.40,8000 -122.09,49.37,8000 -122.17,49.34,8000 -122.24,49.32,8000 -122.31,49.31,8000 -122.39,49.30,8000 -122.47,49.30,8000 -122.56,49.30,8000 -122.64,49.31,8000 -122.73,49.32,8000 -122.82,49.34,8000 -122.92,49.36,8000 -123.02,49.38,8000 -123.11,49.40,8000 -123.19,49.42,8000 -123.28,49.44,8000 -123.36,49.46,8000 -123.45,49.48,8000 -123.53,49.50,8000 -123.61,49.53,8000 -123.68,49.56,8000 -123.75,49.60,8000 -123.81,49.65,8000 -123.86,49.70,8000 -123.92,49.74,8000 -123.97,49.79,8000 -124.03,49.83,8000 -124.11,49.87,8000 -124.19,49.89,8000 -124.28,49.92,8000 -124.36,49.94,8000 -124.44,49.98,8000 -124.50,50.02,8000 -124.56,50.07,8000 -124.61,50.12,8000 -124.66,50.17,8000 -124.71,50.22,8000 -124.76,50.27,8000 -124.82,50.32,8000 -124.87,50.36,8000 -124.92,50.40,8000 -124.96,50.44,8000 -125.01,50.48,8000 -124.82,50.61,8000 
          </coordinates>
        </LinearRing>
      </outerBoundaryIs>
      <innerBoundaryIs>
        <LinearRing>
          <coordinates>
-124.80,50.55,9000 -124.71,50.57,9000 -124.63,50.59,9000 -124.54,50.62,9000 -124.45,50.63,9000 -124.37,50.65,9000 -124.29,50.66,9000 -124.21,50.67,9000 -124.13,50.67,9000 -124.05,50.67,9000 -123.97,50.66,9000 -123.88,50.64,9000 -123.80,50.61,9000 -123.73,50.58,9000 -123.65,50.54,9000 -123.58,50.51,9000 -123.51,50.48,9000 -123.45,50.45,9000 -123.36,50.42,9000 -123.29,50.40,9000 -123.23,50.38,9000 -123.16,50.36,9000 -123.08,50.33,9000 -123.02,50.30,9000 -122.96,50.27,9000 -122.89,50.24,9000 -122.82,50.20,9000 -122.75,50.16,9000 -122.68,50.13,9000 -122.62,50.10,9000 -122.56,50.07,9000 -122.47,50.04,9000 -122.39,50.02,9000 -122.31,50.00,9000 -122.24,49.98,9000 -122.17,49.95,9000 -122.11,49.91,9000 -122.05,49.87,9000 -122.00,49.83,9000 -121.97,49.78,9000 -121.95,49.73,9000 -121.95,49.68,9000 -121.96,49.62,9000 -121.99,49.57,9000 -122.03,49.51,9000 -122.09,49.47,9000 -122.15,49.44,9000 -122.23,49.42,9000 -122.32,49.40,9000 -122.42,49.38,9000 -122.50,49.37,9000 -122.57,49.36,9000 -122.66,49.35,9000 -122.73,49.36,9000 -122.80,49.37,9000 -122.86,49.38,9000 -122.91,49.40,9000 -122.98,49.42,9000 -123.05,49.44,9000 -123.12,49.46,9000 -123.19,49.48,9000 -123.27,49.49,9000 -123.35,49.51,9000 -123.43,49.53,9000 -123.51,49.56,9000 -123.58,49.59,9000 -123.64,49.62,9000 -123.69,49.67,9000 -123.74,49.71,9000 -123.79,49.76,9000 -123.84,49.81,9000 -123.90,49.85,9000 -123.95,49.88,9000 -124.02,49.91,9000 -124.08,49.92,9000 -124.15,49.94,9000 -124.22,49.95,9000 -124.29,49.96,9000 -124.35,49.99,9000 -124.41,50.02,9000 -124.46,50.06,9000 -124.52,50.11,9000 -124.57,50.15,9000 -124.62,50.20,9000 -124.67,50.24,9000 -124.71,50.28,9000 -124.76,50.34,9000 -124.80,50.39,9000 -124.83,50.44,9000 -124.85,50.48,9000 -124.80,50.55,9000 
          </coordinates>
        </LinearRing>
      </innerBoundaryIs>
  </Polygon>
 </MultiGeometry>
</Placemark>
<Placemark>
  <name>70%</name>
  <visibility>1</visibility>
  <styleUrl>#poly_70</styleUrl>
  <MultiGeometry>
    <Polygon>
      <outerBoundaryIs>
        <LinearRing>
          <coordinates>
-123.95,48.03,8000 -123.92,48.03,8000 -123.88,48.03,8000 -123.84,48.03,8000 -123.81,48.03,8000 -123.78,48.03,8000 -123.74,48.03,8000 -123.69,48.02,8000 -123.66,48.02,8000 -123.63,48.01,8000 -123.59,48.00,8000 -123.55,48.00,8000 -123.52,47.99,8000 -123.48,47.98,8000 -123.45,47.98,8000 -123.42,47.97,8000 -123.38,47.96,8000 -123.36,47.96,8000 -123.33,47.95,8000 -123.30,47.94,8000 -123.28,47.93,8000 -123.25,47.91,8000 -123.23,47.89,8000 -123.20,47.87,8000 -123.17,47.85,8000 -123.15,47.83,8000 -123.13,47.81,8000 -123.11,47.80,8000 -123.11,47.79,8000 -123.11,47.77,8000 -123.12,47.75,8000 -123.12,47.73,8000 -123.13,47.70,8000 -123.13,47.67,8000 -123.14,47.65,8000 -123.15,47.62,8000 -123.16,47.60,8000 -123.17,47.57,8000 -123.19,47.55,8000 -123.20,47.53,8000 -123.21,47.50,8000 -123.23,47.48,8000 -123.24,47.46,8000 -123.25,47.45,8000 -123.27,47.43,8000 -123.30,47.42,8000 -123.32,47.41,8000 -123.35,47.39,8000 -123.38,47.38,8000 -123.41,47.36,8000 -123.44,47.35,8000 -123.47,47.34,8000 -123.50,47.34,8000 -123.54,47.34,8000 -123.57,47.35,8000 -123.60,47.36,8000 -123.63,47.36,8000 -123.66,47.37,8000 -123.70,47.38,8000 -123.72,47.38,8000 -123.75,47.40,8000 -123.77,47.41,8000 -123.79,47.43,8000 -123.81,47.45,8000 -123.84,47.47,8000 -123.86,47.49,8000 -123.88,47.51,8000 -123.90,47.53,8000 -123.91,47.55,8000 -123.93,47.58,8000 -123.95,47.60,8000 -123.96,47.62,8000 -123.98,47.65,8000 -123.99,47.67,8000 -124.00,47.69,8000 -124.02,47.72,8000 -124.03,47.74,8000 -124.05,47.76,8000 -124.06,47.78,8000 -124.07,47.81,8000 -124.07,47.83,8000 -124.07,47.85,8000 -124.07,47.87,8000 -124.06,47.90,8000 -124.05,47.92,8000 -124.04,47.94,8000 -124.03,47.96,8000 -124.02,47.99,8000 -124.01,48.01,8000 -123.95,48.03,8000 
          </coordinates>
        </LinearRing>
      </outerBoundaryIs>
      <innerBoundaryIs>
        <LinearRing>
          <coordinates>
-123.92,47.94,9000 -123.89,47.94,9000 -123.87,47.94,9000 -123.84,47.95,9000 -123.81,47.95,9000 -123.78,47.95,9000 -123.76,47.95,9000 -123.73,47.95,9000 -123.70,47.95,9000 -123.67,47.95,9000 -123.64,47.95,9000 -123.61,47.95,9000 -123.58,47.95,9000 -123.55,47.95,9000 -123.52,47.94,9000 -123.48,47.94,9000 -123.46,47.93,9000 -123.43,47.93,9000 -123.40,47.92,9000 -123.38,47.91,9000 -123.35,47.90,9000 -123.33,47.89,9000 -123.31,47.87,9000 -123.29,47.86,9000 -123.27,47.84,9000 -123.25,47.83,9000 -123.23,47.81,9000 -123.22,47.80,9000 -123.21,47.78,9000 -123.20,47.76,9000 -123.20,47.74,9000 -123.20,47.72,9000 -123.20,47.70,9000 -123.21,47.67,9000 -123.21,47.65,9000 -123.22,47.63,9000 -123.23,47.62,9000 -123.23,47.60,9000 -123.24,47.58,9000 -123.24,47.56,9000 -123.26,47.55,9000 -123.28,47.53,9000 -123.29,47.52,9000 -123.31,47.50,9000 -123.33,47.49,9000 -123.35,47.47,9000 -123.37,47.45,9000 -123.39,47.44,9000 -123.42,47.42,9000 -123.44,47.41,9000 -123.47,47.40,9000 -123.49,47.40,9000 -123.51,47.40,9000 -123.54,47.41,9000 -123.57,47.41,9000 -123.60,47.42,9000 -123.63,47.43,9000 -123.66,47.45,9000 -123.69,47.46,9000 -123.72,47.47,9000 -123.74,47.48,9000 -123.76,47.49,9000 -123.78,47.50,9000 -123.80,47.51,9000 -123.80,47.52,9000 -123.81,47.53,9000 -123.82,47.55,9000 -123.83,47.56,9000 -123.84,47.58,9000 -123.85,47.60,9000 -123.87,47.62,9000 -123.88,47.64,9000 -123.89,47.66,9000 -123.90,47.68,9000 -123.91,47.70,9000 -123.92,47.72,9000 -123.93,47.73,9000 -123.93,47.75,9000 -123.94,47.77,9000 -123.95,47.79,9000 -123.96,47.80,9000 -123.96,47.82,9000 -123.97,47.84,9000 -123.92,47.94,9000 
          </coordinates>
        </LinearRing>
      </innerBoundaryIs>
  </Polygon>
 </MultiGeometry>
</Placemark>
<Placemark>
  <name>70%</name>
  <visibility>1</visibility>
  <styleUrl>#poly_70</styleUrl>
  <MultiGeometry>
    <Polygon>
      <outerBoundaryIs>
        <LinearRing>
          <coordinates>
-121.71,49.07,8000 -121.40,49.09,8000 -121.25,48.95,8000 -121.08,48.75,8000 -120.84,48.59,8000 -120.79,48.40,8000 -120.88,48.07,8000 -121.03,47.74,8000 -121.01,47.55,8000 -121.21,47.22,8000 -121.25,46.82,8000 -121.35,46.40,8000 -121.49,45.88,8000 -121.60,45.43,8000 -121.67,45.03,8000 -121.69,44.78,8000 -121.70,44.59,8000 -121.62,44.19,8000 -121.46,43.88,8000 -121.42,43.70,8000 -121.43,43.49,8000 -121.33,43.33,8000 -121.09,43.12,8000 -120.65,42.94,8000 -120.29,42.90,8000 -119.92,42.85,8000 -119.63,42.68,8000 -119.38,42.40,8000 -119.13,42.21,8000 -118.83,41.95,8000 -118.68,42.01,8000 -118.38,42.15,8000 -118.07,42.18,8000 -117.41,42.18,8000 -117.12,41.98,8000 -116.87,41.81,8000 -116.53,41.99,8000 -116.49,42.20,8000 -116.61,42.37,8000 -116.82,42.58,8000 -116.80,42.74,8000 -116.41,42.52,8000 -116.20,42.30,8000 -115.94,42.12,8000 -115.62,41.96,8000 -115.12,41.89,8000 -114.94,41.74,8000 -114.90,41.44,8000 -114.89,41.08,8000 -115.03,40.75,8000 -115.06,40.49,8000 -114.93,40.27,8000 -114.78,39.97,8000 -114.69,39.60,8000 -114.51,39.46,8000 -114.45,39.33,8000 -114.32,38.94,8000 -114.36,38.58,8000 -114.24,38.46,8000 -113.80,38.30,8000 -113.66,38.16,8000 -113.63,37.96,8000 -113.55,37.85,8000 -113.28,37.79,8000 -112.83,37.91,8000 -112.55,38.11,8000 -112.44,38.41,8000 -111.90,38.52,8000 -111.76,38.47,8000 -111.64,38.27,8000 -111.49,38.15,8000 -111.48,37.96,8000 -111.71,37.76,8000 -111.95,37.56,8000 -112.18,37.36,8000 -112.40,37.22,8000 -112.66,37.15,8000 -113.04,37.26,8000 -113.44,37.37,8000 -113.83,37.48,8000 -114.19,37.57,8000 -114.36,37.95,8000 -114.52,38.18,8000 -114.62,38.34,8000 -114.80,38.44,8000 -115.09,38.60,8000 -115.37,38.76,8000 -115.53,38.84,8000 -115.79,38.86,8000 -116.05,38.60,8000 -116.31,38.33,8000 -116.59,38.09,8000 -116.96,38.12,8000 -117.29,38.33,8000 -117.43,38.42,8000 -117.69,38.46,8000 -117.93,38.38,8000 -118.16,38.44,8000 -117.93,38.72,8000 -117.94,38.94,8000 -118.05,39.10,8000 -118.14,39.31,8000 -118.14,39.50,8000 -117.90,39.77,8000 -117.86,39.97,8000 -118.17,40.15,8000 -118.50,40.34,8000 -118.77,40.38,8000 -119.05,40.22,8000 -119.30,40.00,8000 -119.29,39.62,8000 -119.28,39.36,8000 -119.19,39.14,8000 -118.98,38.80,8000 -118.66,38.56,8000 -118.24,38.41,8000 -118.08,38.30,8000 -118.10,38.12,8000 -118.00,37.91,8000 -117.85,37.80,8000 -117.60,37.58,8000 -117.55,37.42,8000 -117.74,37.20,8000 -117.82,36.99,8000 -117.84,36.73,8000 -117.71,36.31,8000 -117.66,36.14,8000 -117.77,36.02,8000 -118.05,35.75,8000 -118.24,35.48,8000 -118.46,35.50,8000 -118.53,35.60,8000 -118.65,36.07,8000 -118.81,36.49,8000 -119.01,36.76,8000 -119.25,37.03,8000 -119.52,37.26,8000 -119.79,37.48,8000 -120.01,37.73,8000 -120.19,37.98,8000 -120.48,38.35,8000 -120.59,38.58,8000 -120.76,38.98,8000 -120.97,39.27,8000 -121.21,39.61,8000 -121.44,39.82,8000 -121.68,40.15,8000 -121.86,40.62,8000 -122.01,40.79,8000 -122.20,40.85,8000 -122.46,40.82,8000 -122.67,40.67,8000 -122.84,40.45,8000 -122.81,40.10,8000 -122.75,39.79,8000 -122.74,39.61,8000 -122.82,39.40,8000 -122.96,39.38,8000 -123.33,39.58,8000 -123.53,39.89,8000 -123.65,40.29,8000 -123.77,40.65,8000 -123.84,41.05,8000 -123.90,41.49,8000 -123.97,42.04,8000 -123.99,42.46,8000 -123.71,42.67,8000 -123.41,42.77,8000 -123.27,42.91,8000 -123.13,43.04,8000 -123.08,43.24,8000 -123.07,43.53,8000 -122.83,43.81,8000 -122.71,44.03,8000 -122.62,44.36,8000 -122.53,44.69,8000 -122.39,44.95,8000 -122.18,45.20,8000 -122.10,45.51,8000 -122.25,45.75,8000 -122.46,46.11,8000 -122.31,46.40,8000 -122.13,46.70,8000 -121.88,47.00,8000 -121.67,47.24,8000 -121.54,47.57,8000 -121.53,47.83,8000 -121.66,48.07,8000 -121.84,48.38,8000 -121.98,48.70,8000 -121.85,48.97,8000 -121.71,49.07,8000 
          </coordinates>
        </LinearRing>
      </outerBoundaryIs>
      <innerBoundaryIs>
        <LinearRing>
          <coordinates>
-116.02,39.99,8000 -116.00,39.98,8000 -115.98,39.97,8000 -115.96,39.95,8000 -115.93,39.93,8000 -115.90,39.90,8000 -115.87,39.88,8000 -115.84,39.86,8000 -115.82,39.84,8000 -115.80,39.82,8000 -115.77,39.80,8000 -115.76,39.79,8000 -115.74,39.78,8000 -115.72,39.77,8000 -115.69,39.75,8000 -115.67,39.73,8000 -115.64,39.71,8000 -115.62,39.69,8000 -115.60,39.67,8000 -115.59,39.65,8000 -115.59,39.62,8000 -115.59,39.59,8000 -115.59,39.56,8000 -115.60,39.53,8000 -115.60,39.51,8000 -115.61,39.49,8000 -115.62,39.47,8000 -115.64,39.46,8000 -115.67,39.44,8000 -115.69,39.43,8000 -115.72,39.41,8000 -115.75,39.40,8000 -115.78,39.38,8000 -115.81,39.37,8000 -115.85,39.35,8000 -115.88,39.34,8000 -115.91,39.33,8000 -115.94,39.31,8000 -115.97,39.29,8000 -116.00,39.28,8000 -116.04,39.26,8000 -116.07,39.25,8000 -116.10,39.25,8000 -116.13,39.25,8000 -116.16,39.26,8000 -116.19,39.27,8000 -116.23,39.28,8000 -116.26,39.29,8000 -116.29,39.31,8000 -116.32,39.32,8000 -116.34,39.33,8000 -116.38,39.34,8000 -116.41,39.35,8000 -116.43,39.37,8000 -116.44,39.39,8000 -116.44,39.41,8000 -116.45,39.44,8000 -116.44,39.47,8000 -116.44,39.50,8000 -116.44,39.53,8000 -116.43,39.55,8000 -116.43,39.57,8000 -116.42,39.59,8000 -116.40,39.61,8000 -116.39,39.63,8000 -116.37,39.65,8000 -116.35,39.67,8000 -116.33,39.70,8000 -116.31,39.73,8000 -116.29,39.75,8000 -116.28,39.77,8000 -116.26,39.80,8000 -116.25,39.82,8000 -116.24,39.85,8000 -116.22,39.87,8000 -116.20,39.89,8000 -116.18,39.90,8000 -116.15,39.92,8000 -116.12,39.94,8000 -116.09,39.95,8000 -116.06,39.97,8000 -116.02,39.99,8000 
          </coordinates>
        </LinearRing>
      </innerBoundaryIs>
      <innerBoundaryIs>
        <LinearRing>
          <coordinates>
-118.51,41.73,8000 -118.44,41.72,8000 -118.37,41.70,8000 -118.31,41.68,8000 -118.25,41.66,8000 -118.20,41.63,8000 -118.15,41.59,8000 -118.11,41.55,8000 -118.05,41.50,8000 -118.01,41.46,8000 -117.97,41.42,8000 -117.92,41.37,8000 -117.87,41.32,8000 -117.82,41.27,8000 -117.78,41.22,8000 -117.74,41.19,8000 -117.67,41.14,8000 -117.61,41.11,8000 -117.54,41.10,8000 -117.48,41.10,8000 -117.41,41.11,8000 -117.34,41.12,8000 -117.27,41.13,8000 -117.19,41.12,8000 -117.13,41.10,8000 -117.06,41.08,8000 -116.99,41.04,8000 -116.92,41.01,8000 -116.86,40.98,8000 -116.79,40.95,8000 -116.71,40.92,8000 -116.63,40.90,8000 -116.55,40.88,8000 -116.48,40.85,8000 -116.42,40.82,8000 -116.37,40.76,8000 -116.35,40.70,8000 -116.34,40.63,8000 -116.33,40.58,8000 -116.33,40.51,8000 -116.38,40.47,8000 -116.43,40.44,8000 -116.51,40.42,8000 -116.59,40.40,8000 -116.65,40.39,8000 -116.71,40.39,8000 -116.75,40.41,8000 -116.81,40.44,8000 -116.87,40.46,8000 -116.94,40.49,8000 -117.02,40.52,8000 -117.08,40.55,8000 -117.13,40.59,8000 -117.16,40.62,8000 -117.20,40.67,8000 -117.26,40.72,8000 -117.30,40.76,8000 -117.35,40.80,8000 -117.40,40.85,8000 -117.46,40.90,8000 -117.51,40.95,8000 -117.57,40.98,8000 -117.63,40.99,8000 -117.69,40.98,8000 -117.75,40.96,8000 -117.81,40.92,8000 -117.87,40.88,8000 -117.94,40.84,8000 -117.99,40.80,8000 -118.05,40.77,8000 -118.12,40.74,8000 -118.19,40.72,8000 -118.25,40.71,8000 -118.31,40.69,8000 -118.38,40.68,8000 -118.45,40.67,8000 -118.52,40.65,8000 -118.58,40.64,8000 -118.66,40.64,8000 -118.73,40.65,8000 -118.80,40.67,8000 -118.88,40.69,8000 -118.96,40.72,8000 -119.04,40.75,8000 -119.11,40.79,8000 -119.15,40.82,8000 -119.18,40.88,8000 -119.17,40.94,8000 -119.15,41.01,8000 -119.12,41.06,8000 -119.09,41.11,8000 -119.04,41.15,8000 -118.98,41.20,8000 -118.94,41.23,8000 -118.89,41.27,8000 -118.85,41.31,8000 -118.79,41.35,8000 -118.74,41.40,8000 -118.68,41.44,8000 -118.51,41.73,8000 
          </coordinates>
        </LinearRing>
      </innerBoundaryIs>
      <innerBoundaryIs>
        <LinearRing>
          <coordinates>
-114.30,38.30,9000 -114.20,38.30,9000 -114.11,38.30,9000 -114.03,38.29,9000 -113.95,38.28,9000 -113.88,38.26,9000 -113.83,38.23,9000 -113.80,38.18,9000 -113.79,38.12,9000 -113.80,38.04,9000 -113.80,37.97,9000 -113.78,37.91,9000 -113.74,37.86,9000 -113.69,37.80,9000 -113.63,37.76,9000 -113.57,37.72,9000 -113.51,37.69,9000 -113.45,37.68,9000 -113.38,37.68,9000 -113.31,37.69,9000 -113.25,37.71,9000 -113.18,37.72,9000 -113.12,37.73,9000 -113.05,37.75,9000 -112.99,37.77,9000 -112.92,37.80,9000 -112.85,37.82,9000 -112.78,37.84,9000 -112.72,37.87,9000 -112.64,37.90,9000 -112.57,37.93,9000 -112.50,37.95,9000 -112.42,37.98,9000 -112.35,38.00,9000 -112.28,38.02,9000 -112.20,38.04,9000 -112.13,38.05,9000 -112.06,38.07,9000 -112.00,38.08,9000 -111.94,38.10,9000 -111.86,38.13,9000 -111.80,38.17,9000 -111.75,38.19,9000 -111.71,38.19,9000 -111.67,38.15,9000 -111.64,38.09,9000 -111.63,38.02,9000 -111.64,37.95,9000 -111.67,37.91,9000 -111.70,37.87,9000 -111.75,37.83,9000 -111.81,37.79,9000 -111.86,37.75,9000 -111.92,37.70,9000 -111.97,37.65,9000 -112.01,37.60,9000 -112.06,37.55,9000 -112.11,37.49,9000 -112.17,37.44,9000 -112.22,37.39,9000 -112.28,37.35,9000 -112.34,37.32,9000 -112.41,37.28,9000 -112.47,37.26,9000 -112.54,37.24,9000 -112.61,37.22,9000 -112.68,37.21,9000 -112.75,37.21,9000 -112.82,37.22,9000 -112.89,37.24,9000 -112.96,37.28,9000 -113.03,37.31,9000 -113.10,37.35,9000 -113.17,37.38,9000 -113.24,37.41,9000 -113.31,37.43,9000 -113.38,37.45,9000 -113.46,37.47,9000 -113.53,37.49,9000 -113.60,37.51,9000 -113.66,37.52,9000 -113.71,37.53,9000 -113.79,37.54,9000 -113.83,37.54,9000 -113.89,37.55,9000 -113.95,37.57,9000 -114.01,37.59,9000 -114.08,37.62,9000 -114.15,37.65,9000 -114.19,37.68,9000 -114.21,37.73,9000 -114.20,37.79,9000 -114.21,37.86,9000 -114.23,37.91,9000 -114.25,37.96,9000 -114.27,38.02,9000 -114.30,38.07,9000 -114.33,38.14,9000 -114.36,38.20,9000 -114.30,38.30,9000 
          </coordinates>
        </LinearRing>
      </innerBoundaryIs>
      <innerBoundaryIs>
        <LinearRing>
          <coordinates>
-115.23,39.54,9000 -115.22,39.53,9000 -115.19,39.53,9000 -115.16,39.53,9000 -115.12,39.53,9000 -115.07,39.52,9000 -115.03,39.52,9000 -114.99,39.51,9000 -114.95,39.50,9000 -114.91,39.48,9000 -114.86,39.46,9000 -114.82,39.44,9000 -114.79,39.42,9000 -114.76,39.41,9000 -114.74,39.40,9000 -114.72,39.38,9000 -114.69,39.36,9000 -114.66,39.34,9000 -114.63,39.31,9000 -114.60,39.28,9000 -114.58,39.25,9000 -114.56,39.22,9000 -114.55,39.19,9000 -114.54,39.16,9000 -114.52,39.14,9000 -114.51,39.11,9000 -114.50,39.08,9000 -114.48,39.05,9000 -114.46,39.02,9000 -114.45,38.99,9000 -114.43,38.96,9000 -114.42,38.94,9000 -114.41,38.91,9000 -114.41,38.89,9000 -114.42,38.87,9000 -114.44,38.84,9000 -114.46,38.81,9000 -114.47,38.78,9000 -114.49,38.75,9000 -114.51,38.72,9000 -114.53,38.69,9000 -114.54,38.67,9000 -114.56,38.65,9000 -114.59,38.63,9000 -114.62,38.62,9000 -114.66,38.61,9000 -114.70,38.60,9000 -114.74,38.59,9000 -114.79,38.59,9000 -114.82,38.59,9000 -114.86,38.60,9000 -114.90,38.62,9000 -114.93,38.65,9000 -114.96,38.67,9000 -114.99,38.69,9000 -115.01,38.70,9000 -115.04,38.72,9000 -115.07,38.74,9000 -115.11,38.76,9000 -115.14,38.78,9000 -115.18,38.80,9000 -115.22,38.82,9000 -115.26,38.84,9000 -115.29,38.86,9000 -115.33,38.88,9000 -115.36,38.89,9000 -115.40,38.91,9000 -115.44,38.93,9000 -115.48,38.94,9000 -115.51,38.96,9000 -115.54,38.98,9000 -115.56,39.01,9000 -115.58,39.04,9000 -115.60,39.06,9000 -115.62,39.09,9000 -115.64,39.11,9000 -115.65,39.13,9000 -115.64,39.15,9000 -115.62,39.18,9000 -115.60,39.20,9000 -115.58,39.23,9000 -115.56,39.26,9000 -115.54,39.30,9000 -115.52,39.32,9000 -115.49,39.35,9000 -115.47,39.36,9000 -115.43,39.39,9000 -115.40,39.41,9000 -115.37,39.43,9000 -115.34,39.45,9000 -115.30,39.48,9000 -115.27,39.50,9000 -115.23,39.53,9000 -115.23,39.54,9000 
          </coordinates>
        </LinearRing>
      </innerBoundaryIs>
      <innerBoundaryIs>
        <LinearRing>
          <coordinates>
-121.46,48.24,9000 -121.41,48.24,9000 -121.37,48.24,9000 -121.33,48.24,9000 -121.29,48.23,9000 -121.25,48.23,9000 -121.22,48.23,9000 -121.20,48.23,9000 -121.20,48.22,9000 -121.19,48.20,9000 -121.19,48.18,9000 -121.18,48.16,9000 -121.18,48.13,9000 -121.17,48.11,9000 -121.17,48.08,9000 -121.18,48.05,9000 -121.19,48.03,9000 -121.20,48.01,9000 -121.22,47.98,9000 -121.24,47.96,9000 -121.26,47.94,9000 -121.28,47.92,9000 -121.29,47.89,9000 -121.30,47.87,9000 -121.30,47.85,9000 -121.31,47.82,9000 -121.30,47.80,9000 -121.30,47.77,9000 -121.29,47.75,9000 -121.29,47.72,9000 -121.28,47.70,9000 -121.27,47.67,9000 -121.26,47.64,9000 -121.25,47.61,9000 -121.24,47.58,9000 -121.23,47.56,9000 -121.22,47.54,9000 -121.22,47.51,9000 -121.24,47.50,9000 -121.27,47.50,9000 -121.30,47.53,9000 -121.30,47.55,9000 -121.31,47.57,9000 -121.31,47.59,9000 -121.31,47.62,9000 -121.31,47.65,9000 -121.32,47.68,9000 -121.32,47.70,9000 -121.33,47.73,9000 -121.33,47.75,9000 -121.34,47.78,9000 -121.34,47.81,9000 -121.35,47.83,9000 -121.36,47.86,9000 -121.37,47.88,9000 -121.38,47.91,9000 -121.39,47.93,9000 -121.41,47.95,9000 -121.42,47.97,9000 -121.43,48.00,9000 -121.44,48.02,9000 -121.45,48.04,9000 -121.45,48.07,9000 -121.46,48.09,9000 -121.47,48.12,9000 -121.47,48.14,9000 -121.48,48.17,9000 -121.48,48.19,9000 -121.46,48.24,9000 
          </coordinates>
        </LinearRing>
      </innerBoundaryIs>
      <innerBoundaryIs>
        <LinearRing>
          <coordinates>
-118.35,42.04,9000 -118.24,42.05,9000 -118.13,42.07,9000 -118.03,42.08,9000 -117.93,42.09,9000 -117.83,42.09,9000 -117.74,42.09,9000 -117.66,42.09,9000 -117.54,42.07,9000 -117.45,42.04,9000 -117.37,42.00,9000 -117.29,41.95,9000 -117.24,41.89,9000 -117.19,41.81,9000 -117.15,41.73,9000 -117.11,41.66,9000 -117.06,41.61,9000 -116.98,41.58,9000 -116.88,41.57,9000 -116.78,41.57,9000 -116.70,41.58,9000 -116.63,41.60,9000 -116.57,41.63,9000 -116.50,41.69,9000 -116.45,41.74,9000 -116.39,41.82,9000 -116.32,41.89,9000 -116.26,41.96,9000 -116.20,42.00,9000 -116.10,42.02,9000 -116.01,42.00,9000 -115.92,41.97,9000 -115.84,41.94,9000 -115.77,41.89,9000 -115.69,41.86,9000 -115.60,41.84,9000 -115.52,41.84,9000 -115.43,41.82,9000 -115.34,41.79,9000 -115.25,41.75,9000 -115.20,41.70,9000 -115.21,41.63,9000 -115.25,41.56,9000 -115.32,41.48,9000 -115.39,41.43,9000 -115.49,41.38,9000 -115.57,41.33,9000 -115.63,41.27,9000 -115.65,41.20,9000 -115.63,41.13,9000 -115.61,41.06,9000 -115.59,41.00,9000 -115.56,40.94,9000 -115.50,40.90,9000 -115.41,40.88,9000 -115.31,40.86,9000 -115.23,40.83,9000 -115.21,40.78,9000 -115.21,40.72,9000 -115.21,40.65,9000 -115.20,40.59,9000 -115.19,40.52,9000 -115.18,40.45,9000 -115.16,40.39,9000 -115.13,40.32,9000 -115.09,40.25,9000 -115.07,40.18,9000 -115.06,40.09,9000 -115.06,40.00,9000 -115.07,39.93,9000 -115.12,39.86,9000 -115.20,39.82,9000 -115.28,39.81,9000 -115.37,39.82,9000 -115.47,39.86,9000 -115.54,39.90,9000 -115.61,39.97,9000 -115.69,40.04,9000 -115.75,40.10,9000 -115.81,40.15,9000 -115.88,40.21,9000 -115.93,40.26,9000 -115.96,40.31,9000 -115.99,40.38,9000 -116.02,40.44,9000 -116.04,40.51,9000 -116.05,40.58,9000 -116.06,40.65,9000 -116.07,40.72,9000 -116.08,40.77,9000 -116.11,40.82,9000 -116.19,40.87,9000 -116.25,40.90,9000 -116.34,40.94,9000 -116.43,40.98,9000 -116.53,41.02,9000 -116.63,41.06,9000 -116.71,41.10,9000 -116.82,41.15,9000 -116.91,41.19,9000 -117.00,41.24,9000 -117.08,41.27,9000 -117.18,41.30,9000 -117.26,41.33,9000 -117.36,41.34,9000 -117.44,41.34,9000 -117.54,41.32,9000 -117.63,41.32,9000 -117.71,41.34,9000 -117.77,41.39,9000 -117.82,41.46,9000 -117.87,41.54,9000 -117.92,41.62,9000 -117.98,41.68,9000 -118.06,41.73,9000 -118.14,41.77,9000 -118.23,41.80,9000 -118.32,41.82,9000 -118.35,42.04,9000 
          </coordinates>
        </LinearRing>
      </innerBoundaryIs>
      <innerBoundaryIs>
        <LinearRing>
          <coordinates>
-121.67,48.93,9000 -121.65,48.93,9000 -121.63,48.92,9000 -121.62,48.92,9000 -121.60,48.92,9000 -121.58,48.91,9000 -121.57,48.91,9000 -121.55,48.90,9000 -121.54,48.90,9000 -121.52,48.89,9000 -121.51,48.88,9000 -121.50,48.88,9000 -121.50,48.87,9000 -121.49,48.86,9000 -121.49,48.85,9000 -121.49,48.84,9000 -121.49,48.83,9000 -121.49,48.82,9000 -121.49,48.81,9000 -121.49,48.80,9000 -121.50,48.79,9000 -121.50,48.78,9000 -121.51,48.77,9000 -121.51,48.76,9000 -121.52,48.74,9000 -121.53,48.73,9000 -121.53,48.72,9000 -121.54,48.71,9000 -121.54,48.70,9000 -121.55,48.70,9000 -121.55,48.69,9000 -121.56,48.67,9000 -121.56,48.67,9000 -121.57,48.66,9000 -121.59,48.66,9000 -121.60,48.66,9000 -121.61,48.66,9000 -121.63,48.66,9000 -121.64,48.65,9000 -121.66,48.65,9000 -121.68,48.65,9000 -121.70,48.65,9000 -121.72,48.65,9000 -121.74,48.65,9000 -121.76,48.64,9000 -121.77,48.64,9000 -121.79,48.64,9000 -121.81,48.64,9000 -121.82,48.64,9000 -121.83,48.64,9000 -121.84,48.64,9000 -121.84,48.65,9000 -121.84,48.65,9000 -121.85,48.66,9000 -121.85,48.68,9000 -121.85,48.69,9000 -121.85,48.69,9000 -121.85,48.70,9000 -121.85,48.71,9000 -121.85,48.72,9000 -121.85,48.73,9000 -121.85,48.75,9000 -121.85,48.76,9000 -121.85,48.77,9000 -121.85,48.78,9000 -121.85,48.79,9000 -121.85,48.81,9000 -121.85,48.82,9000 -121.67,48.93,9000 
          </coordinates>
        </LinearRing>
      </innerBoundaryIs>
      <innerBoundaryIs>
        <LinearRing>
          <coordinates>
-117.80,40.70,9000 -117.67,40.73,9000 -117.56,40.73,9000 -117.50,40.69,9000 -117.44,40.61,9000 -117.40,40.55,9000 -117.36,40.49,9000 -117.31,40.42,9000 -117.24,40.36,9000 -117.15,40.31,9000 -117.03,40.27,9000 -116.92,40.23,9000 -116.83,40.19,9000 -116.73,40.15,9000 -116.67,40.10,9000 -116.63,40.05,9000 -116.59,39.98,9000 -116.58,39.91,9000 -116.59,39.84,9000 -116.62,39.77,9000 -116.66,39.70,9000 -116.69,39.63,9000 -116.72,39.56,9000 -116.76,39.49,9000 -116.80,39.44,9000 -116.90,39.39,9000 -116.99,39.32,9000 -117.03,39.23,9000 -117.06,39.13,9000 -117.06,39.05,9000 -117.01,39.00,9000 -116.93,38.99,9000 -116.88,39.02,9000 -116.81,39.08,9000 -116.74,39.12,9000 -116.65,39.17,9000 -116.54,39.18,9000 -116.44,39.15,9000 -116.33,39.11,9000 -116.22,39.05,9000 -116.14,38.99,9000 -116.09,38.91,9000 -116.09,38.83,9000 -116.10,38.76,9000 -116.13,38.70,9000 -116.20,38.63,9000 -116.26,38.57,9000 -116.32,38.50,9000 -116.39,38.43,9000 -116.45,38.37,9000 -116.51,38.30,9000 -116.57,38.26,9000 -116.64,38.23,9000 -116.71,38.20,9000 -116.80,38.19,9000 -116.90,38.21,9000 -117.01,38.25,9000 -117.11,38.31,9000 -117.19,38.37,9000 -117.26,38.43,9000 -117.33,38.50,9000 -117.40,38.55,9000 -117.52,38.60,9000 -117.61,38.64,9000 -117.68,38.70,9000 -117.73,38.77,9000 -117.75,38.84,9000 -117.77,38.93,9000 -117.79,39.01,9000 -117.83,39.07,9000 -117.88,39.12,9000 -117.93,39.18,9000 -117.97,39.25,9000 -118.01,39.33,9000 -118.01,39.41,9000 -117.98,39.47,9000 -117.93,39.53,9000 -117.86,39.60,9000 -117.80,39.66,9000 -117.74,39.72,9000 -117.67,39.78,9000 -117.60,39.84,9000 -117.56,39.90,9000 -117.53,39.97,9000 -117.53,40.04,9000 -117.55,40.10,9000 -117.59,40.15,9000 -117.69,40.20,9000 -117.77,40.24,9000 -117.86,40.28,9000 -117.97,40.33,9000 -118.09,40.38,9000 -118.21,40.43,9000 -117.80,40.70,9000 
          </coordinates>
        </LinearRing>
      </innerBoundaryIs>
      <innerBoundaryIs>
        <LinearRing>
          <coordinates>
-121.63,47.08,9000 -121.40,46.92,9000 -121.42,46.70,9000 -121.44,46.35,9000 -121.67,46.06,9000 -121.87,45.76,9000 -121.82,45.50,9000 -121.72,45.27,9000 -121.79,44.94,9000 -121.80,44.69,9000 -121.78,44.43,9000 -121.63,44.02,9000 -121.66,43.66,9000 -121.65,43.47,9000 -121.55,43.36,9000 -121.24,43.08,9000 -120.91,42.89,9000 -120.66,42.75,9000 -120.42,42.69,9000 -119.99,42.57,9000 -119.64,42.34,9000 -119.30,42.05,9000 -119.04,41.84,9000 -118.85,41.72,9000 -118.83,41.51,9000 -119.11,41.25,9000 -119.27,40.95,9000 -119.20,40.64,9000 -119.08,40.47,9000 -119.29,40.38,9000 -119.58,40.28,9000 -119.65,40.17,9000 -119.58,39.91,9000 -119.47,39.80,9000 -119.40,39.54,9000 -119.34,39.26,9000 -119.27,39.02,9000 -119.13,38.80,9000 -118.85,38.56,9000 -118.46,38.30,9000 -118.23,38.00,9000 -117.91,37.70,9000 -117.77,37.61,9000 -117.68,37.43,9000 -117.87,37.09,9000 -117.94,36.78,9000 -117.91,36.50,9000 -117.82,36.28,9000 -117.74,36.15,9000 -117.97,35.97,9000 -118.10,35.77,9000 -118.27,35.52,9000 -118.50,35.73,9000 -118.58,35.96,9000 -118.64,36.21,9000 -118.76,36.51,9000 -119.03,36.87,9000 -119.31,37.12,9000 -119.59,37.36,9000 -119.89,37.66,9000 -120.05,37.88,9000 -120.21,38.10,9000 -120.43,38.41,9000 -120.61,38.82,9000 -120.78,39.11,9000 -121.02,39.44,9000 -121.30,39.75,9000 -121.58,40.08,9000 -121.70,40.33,9000 -121.76,40.53,9000 -121.84,40.69,9000 -122.09,40.90,9000 -122.43,40.89,9000 -122.75,40.70,9000 -122.91,40.43,9000 -122.87,40.02,9000 -122.84,39.75,9000 -122.83,39.53,9000 -123.01,39.46,9000 -123.15,39.50,9000 -123.38,39.75,9000 -123.48,39.99,9000 -123.60,40.31,9000 -123.70,40.66,9000 -123.78,41.03,9000 -123.79,41.29,9000 -123.79,41.52,9000 -123.84,41.76,9000 -123.89,41.97,9000 -123.92,42.25,9000 -123.87,42.35,9000 -123.73,42.46,9000 -123.43,42.42,9000 -123.14,42.38,9000 -123.00,42.48,9000 -123.15,42.78,9000 -122.98,43.11,9000 -122.97,43.42,9000 -122.77,43.74,9000 -122.57,44.10,9000 -122.49,44.39,9000 -122.42,44.77,9000 -122.18,45.07,9000 -122.07,45.18,9000 -121.99,45.45,9000 -122.04,45.66,9000 -122.19,45.86,9000 -122.32,45.99,9000 -122.38,46.18,9000 -122.05,46.43,9000 -121.87,46.62,9000 -121.91,46.78,9000 -121.84,46.94,9000 -121.63,47.08,9000 
          </coordinates>
        </LinearRing>
      </innerBoundaryIs>
  </Polygon>
 </MultiGeometry>
</Placemark>
<Placemark>
  <name>70%</name>
  <visibility>1</visibility>
  <styleUrl>#poly_70</styleUrl>
  <MultiGeometry>
    <Polygon>
      <outerBoundaryIs>
        <LinearRing>
          <coordinates>
-113.51,46.64,8000 -113.47,46.61,8000 -113.43,46.58,8000 -113.39,46.55,8000 -113.35,46.53,8000 -113.31,46.51,8000 -113.27,46.49,8000 -113.23,46.47,8000 -113.18,46.46,8000 -113.13,46.45,8000 -113.08,46.43,8000 -113.05,46.41,8000 -113.03,46.38,8000 -113.03,46.35,8000 -113.02,46.31,8000 -113.03,46.28,8000 -113.03,46.24,8000 -113.04,46.20,8000 -113.05,46.17,8000 -113.07,46.13,8000 -113.08,46.10,8000 -113.09,46.06,8000 -113.10,46.03,8000 -113.10,45.99,8000 -113.11,45.96,8000 -113.11,45.92,8000 -113.11,45.89,8000 -113.11,45.86,8000 -113.10,45.82,8000 -113.09,45.79,8000 -113.08,45.75,8000 -113.07,45.72,8000 -113.06,45.68,8000 -113.05,45.64,8000 -113.04,45.61,8000 -113.03,45.57,8000 -113.03,45.55,8000 -113.05,45.53,8000 -113.09,45.52,8000 -113.12,45.54,8000 -113.12,45.57,8000 -113.11,45.61,8000 -113.11,45.65,8000 -113.11,45.69,8000 -113.12,45.72,8000 -113.16,45.74,8000 -113.21,45.75,8000 -113.28,45.76,8000 -113.34,45.77,8000 -113.39,45.78,8000 -113.45,45.79,8000 -113.51,45.80,8000 -113.56,45.81,8000 -113.60,45.82,8000 -113.65,45.84,8000 -113.67,45.86,8000 -113.69,45.89,8000 -113.71,45.93,8000 -113.73,45.97,8000 -113.74,46.00,8000 -113.75,46.03,8000 -113.75,46.07,8000 -113.74,46.10,8000 -113.74,46.14,8000 -113.74,46.17,8000 -113.74,46.21,8000 -113.74,46.24,8000 -113.74,46.28,8000 -113.74,46.31,8000 -113.74,46.34,8000 -113.74,46.38,8000 -113.73,46.40,8000 -113.72,46.43,8000 -113.69,46.46,8000 -113.66,46.49,8000 -113.62,46.52,8000 -113.51,46.64,8000 
          </coordinates>
        </LinearRing>
      </outerBoundaryIs>
  </Polygon>
 </MultiGeometry>
</Placemark>
<Placemark>
  <name>70%</name>
  <visibility>1</visibility>
  <styleUrl>#poly_70</styleUrl>
  <MultiGeometry>
    <Polygon>
      <outerBoundaryIs>
        <LinearRing>
          <coordinates>
-118.48,51.41,8000 -118.05,51.47,8000 -117.67,51.49,8000 -117.11,51.38,8000 -116.94,51.22,8000 -116.95,51.07,8000 -116.83,51.00,8000 -116.41,50.82,8000 -116.20,50.72,8000 -116.13,50.92,8000 -116.37,51.19,8000 -116.72,51.44,8000 -116.46,51.60,8000 -116.16,51.65,8000 -115.70,51.70,8000 -115.07,51.75,8000 -114.36,51.82,8000 -113.66,51.87,8000 -113.07,51.92,8000 -112.32,51.98,8000 -111.71,52.03,8000 -111.12,52.07,8000 -110.54,52.11,8000 -109.99,52.15,8000 -109.44,52.19,8000 -108.88,52.23,8000 -108.32,52.26,8000 -107.77,52.29,8000 -107.20,52.32,8000 -106.64,52.36,8000 -106.17,52.38,8000 -105.42,52.40,8000 -104.67,52.32,8000 -104.12,52.27,8000 -103.62,52.08,8000 -103.37,52.01,8000 -102.94,51.96,8000 -102.23,51.90,8000 -101.70,51.65,8000 -101.42,51.58,8000 -100.90,51.54,8000 -100.24,51.48,8000 -99.75,51.36,8000 -99.50,51.29,8000 -99.29,51.16,8000 -98.97,50.84,8000 -98.86,50.68,8000 -98.79,50.44,8000 -98.85,50.06,8000 -99.23,49.81,8000 -99.66,49.56,8000 -99.89,49.41,8000 -100.39,49.42,8000 -100.72,49.34,8000 -100.84,49.20,8000 -101.06,48.95,8000 -101.62,48.79,8000 -102.04,48.61,8000 -102.26,48.62,8000 -102.61,48.73,8000 -103.07,48.95,8000 -103.34,49.07,8000 -103.71,49.08,8000 -104.20,49.13,8000 -104.43,49.20,8000 -104.99,49.36,8000 -105.49,49.51,8000 -105.84,49.78,8000 -106.21,50.15,8000 -106.57,50.39,8000 -107.27,50.43,8000 -107.97,50.36,8000 -108.59,50.25,8000 -108.99,50.22,8000 -109.38,50.19,8000 -109.84,50.01,8000 -110.11,49.67,8000 -110.58,49.40,8000 -111.05,49.14,8000 -111.36,48.88,8000 -111.73,48.78,8000 -112.12,48.71,8000 -112.66,48.63,8000 -112.88,48.58,8000 -112.93,48.49,8000 -112.84,48.29,8000 -112.66,48.14,8000 -112.60,47.87,8000 -112.64,47.55,8000 -112.50,47.31,8000 -112.36,47.15,8000 -112.29,46.92,8000 -112.31,46.58,8000 -112.24,46.48,8000 -112.34,46.36,8000 -112.80,46.58,8000 -113.11,46.87,8000 -113.33,46.98,8000 -113.66,46.91,8000 -114.07,47.00,8000 -114.06,47.25,8000 -114.04,47.54,8000 -114.08,47.85,8000 -114.15,48.15,8000 -114.35,48.35,8000 -114.64,48.30,8000 -114.82,48.11,8000 -115.01,47.75,8000 -115.05,47.48,8000 -114.89,47.31,8000 -114.36,47.13,8000 -114.22,46.99,8000 -114.27,46.76,8000 -114.26,46.47,8000 -114.37,46.00,8000 -114.65,45.61,8000 -115.03,45.60,8000 -115.17,45.44,8000 -114.87,45.13,8000 -114.55,44.80,8000 -114.45,44.49,8000 -114.27,44.28,8000 -113.91,44.26,8000 -113.58,44.48,8000 -113.22,44.63,8000 -112.87,44.65,8000 -112.57,44.72,8000 -112.31,44.90,8000 -112.09,45.01,8000 -111.74,45.12,8000 -111.32,45.36,8000 -110.91,45.21,8000 -110.73,45.09,8000 -110.53,45.14,8000 -110.37,45.29,8000 -110.07,45.31,8000 -109.89,45.23,8000 -109.75,45.15,8000 -109.72,44.96,8000 -109.91,44.62,8000 -109.86,44.30,8000 -109.68,44.04,8000 -109.65,43.87,8000 -109.80,43.58,8000 -109.62,43.36,8000 -109.28,43.07,8000 -109.01,42.67,8000 -109.17,42.49,8000 -109.42,42.57,8000 -109.82,42.79,8000 -110.11,42.87,8000 -110.22,42.84,8000 -110.43,42.47,8000 -110.54,42.13,8000 -110.85,41.77,8000 -110.86,41.52,8000 -110.75,41.23,8000 -110.49,41.06,8000 -110.21,40.91,8000 -109.92,40.76,8000 -110.08,40.59,8000 -110.59,40.36,8000 -110.74,40.22,8000 -110.80,39.99,8000 -111.11,39.67,8000 -111.43,39.38,8000 -111.52,39.42,8000 -111.62,39.68,8000 -111.62,40.09,8000 -111.75,40.42,8000 -111.77,40.69,8000 -111.79,40.97,8000 -111.86,41.23,8000 -111.94,41.45,8000 -112.00,41.72,8000 -112.16,41.95,8000 -112.46,42.19,8000 -112.59,42.38,8000 -112.52,42.50,8000 -112.19,42.79,8000 -111.82,43.11,8000 -111.45,43.45,8000 -111.33,43.71,8000 -111.28,43.95,8000 -111.55,44.16,8000 -111.94,44.21,8000 -112.32,44.23,8000 -112.55,44.18,8000 -112.74,44.07,8000 -112.88,43.95,8000 -113.19,43.64,8000 -113.53,43.40,8000 -113.89,43.34,8000 -114.20,43.34,8000 -114.68,43.32,8000 -115.03,43.31,8000 -115.40,43.37,8000 -115.81,43.65,8000 -116.06,44.04,8000 -116.27,44.37,8000 -116.43,44.56,8000 -116.69,44.63,8000 -116.91,44.64,8000 -117.07,44.74,8000 -117.60,45.03,8000 -117.84,45.19,8000 -117.83,45.38,8000 -117.96,45.53,8000 -118.12,45.64,8000 -118.10,45.88,8000 -117.79,46.12,8000 -117.54,46.07,8000 -117.50,45.92,8000 -117.29,45.80,8000 -117.07,45.76,8000 -116.82,45.65,8000 -116.53,45.58,8000 -116.22,45.68,8000 -115.86,45.96,8000 -115.69,46.18,8000 -115.82,46.39,8000 -115.93,46.64,8000 -116.11,46.73,8000 -116.57,46.90,8000 -116.71,47.10,8000 -116.67,47.32,8000 -116.60,47.47,8000 -116.62,47.76,8000 -116.77,47.93,8000 -117.06,48.04,8000 -117.60,48.24,8000 -117.79,48.41,8000 -117.90,48.69,8000 -118.04,48.83,8000 -118.32,48.93,8000 -118.39,49.06,8000 -118.64,49.25,8000 -118.77,49.36,8000 -118.87,49.56,8000 -119.03,49.85,8000 -118.97,50.14,8000 -118.83,50.53,8000 -118.78,50.82,8000 -118.73,51.10,8000 -118.58,51.35,8000 -118.48,51.41,8000 
          </coordinates>
        </LinearRing>
      </outerBoundaryIs>
      <innerBoundaryIs>
        <LinearRing>
          <coordinates>
-110.29,45.12,9000 -110.27,45.13,9000 -110.26,45.13,9000 -110.24,45.14,9000 -110.23,45.14,9000 -110.21,45.15,9000 -110.20,45.15,9000 -110.18,45.16,9000 -110.17,45.16,9000 -110.15,45.17,9000 -110.14,45.17,9000 -110.12,45.18,9000 -110.11,45.18,9000 -110.10,45.18,9000 -110.09,45.19,9000 -110.07,45.19,9000 -110.06,45.19,9000 -110.05,45.19,9000 -110.03,45.19,9000 -110.01,45.19,9000 -110.00,45.19,9000 -109.98,45.18,9000 -109.97,45.18,9000 -109.95,45.17,9000 -109.94,45.16,9000 -109.93,45.15,9000 -109.92,45.14,9000 -109.92,45.13,9000 -109.92,45.12,9000 -109.92,45.11,9000 -109.92,45.10,9000 -109.92,45.09,9000 -109.93,45.08,9000 -109.93,45.07,9000 -109.94,45.06,9000 -109.94,45.05,9000 -109.95,45.03,9000 -109.95,45.02,9000 -109.96,45.01,9000 -109.97,45.00,9000 -109.97,44.99,9000 -109.98,44.98,9000 -109.98,44.97,9000 -109.99,44.96,9000 -109.99,44.95,9000 -110.00,44.93,9000 -110.00,44.92,9000 -110.00,44.90,9000 -110.00,44.90,9000 -110.00,44.89,9000 -110.01,44.89,9000 -110.02,44.89,9000 -110.02,44.90,9000 -110.03,44.90,9000 -110.03,44.91,9000 -110.04,44.92,9000 -110.05,44.94,9000 -110.07,44.95,9000 -110.08,44.96,9000 -110.09,44.96,9000 -110.10,44.97,9000 -110.11,44.98,9000 -110.13,44.98,9000 -110.14,44.99,9000 -110.16,45.00,9000 -110.17,45.01,9000 -110.18,45.02,9000 -110.20,45.02,9000 -110.21,45.03,9000 -110.23,45.04,9000 -110.24,45.05,9000 -110.25,45.05,9000 -110.26,45.06,9000 -110.27,45.07,9000 -110.28,45.07,9000 -110.30,45.09,9000 -110.31,45.10,9000 -110.30,45.10,9000 -110.29,45.12,9000 
          </coordinates>
        </LinearRing>
      </innerBoundaryIs>
      <innerBoundaryIs>
        <LinearRing>
          <coordinates>
-118.47,51.35,9000 -117.94,51.41,9000 -117.47,51.40,9000 -117.20,51.29,9000 -117.18,51.02,9000 -116.66,50.78,9000 -116.17,50.48,9000 -115.95,50.09,9000 -115.99,49.71,9000 -115.92,49.50,9000 -115.66,49.32,9000 -115.27,48.96,9000 -115.08,49.26,9000 -115.24,49.48,9000 -115.44,49.68,9000 -115.53,49.89,9000 -115.55,50.14,9000 -115.44,50.35,9000 -115.42,50.55,9000 -115.55,50.70,9000 -115.67,50.83,9000 -115.52,50.99,9000 -115.33,51.20,9000 -115.72,51.28,9000 -116.09,51.27,9000 -116.50,51.46,9000 -116.11,51.59,9000 -115.65,51.63,9000 -115.11,51.68,9000 -114.36,51.76,9000 -113.52,51.83,9000 -112.71,51.90,9000 -112.04,51.95,9000 -111.25,52.01,9000 -110.64,52.05,9000 -110.07,52.09,9000 -109.50,52.13,9000 -108.96,52.16,9000 -108.38,52.20,9000 -107.68,52.24,9000 -106.94,52.28,9000 -106.36,52.31,9000 -105.78,52.34,9000 -105.24,52.32,9000 -104.91,52.30,9000 -104.48,52.24,9000 -103.79,52.06,9000 -103.13,51.89,9000 -102.58,51.87,9000 -102.04,51.71,9000 -101.74,51.54,9000 -101.48,51.45,9000 -101.27,51.44,9000 -100.68,51.42,9000 -100.20,51.30,9000 -100.09,51.18,9000 -99.89,51.00,9000 -99.65,50.91,9000 -99.43,50.79,9000 -99.25,50.60,9000 -99.27,50.27,9000 -99.39,50.10,9000 -99.60,49.93,9000 -99.81,49.83,9000 -100.19,49.76,9000 -100.60,49.68,9000 -101.03,49.43,9000 -101.34,49.15,9000 -101.66,49.05,9000 -102.15,49.02,9000 -102.77,49.19,9000 -103.10,49.33,9000 -103.40,49.45,9000 -103.73,49.54,9000 -104.07,49.57,9000 -104.50,49.61,9000 -104.75,49.66,9000 -105.08,49.83,9000 -105.24,49.97,9000 -105.37,50.31,9000 -105.53,50.49,9000 -105.83,50.59,9000 -106.09,50.73,9000 -106.38,50.87,9000 -106.59,50.91,9000 -107.14,50.84,9000 -107.58,50.77,9000 -107.95,50.78,9000 -108.23,50.86,9000 -108.65,50.90,9000 -109.06,50.85,9000 -109.51,50.78,9000 -109.88,50.70,9000 -110.21,50.61,9000 -110.71,50.49,9000 -110.94,50.33,9000 -111.18,50.18,9000 -111.60,50.10,9000 -112.02,50.16,9000 -112.46,50.22,9000 -112.97,50.17,9000 -113.31,50.22,9000 -113.55,50.37,9000 -113.93,50.47,9000 -114.06,50.33,9000 -114.00,50.21,9000 -113.89,50.00,9000 -113.86,49.72,9000 -113.86,49.54,9000 -113.58,49.35,9000 -113.29,49.17,9000 -113.13,49.00,9000 -113.17,48.76,9000 -113.20,48.60,9000 -113.13,48.39,9000 -112.80,48.09,9000 -112.72,47.85,9000 -112.76,47.69,9000 -112.76,47.47,9000 -112.64,47.31,9000 -112.54,47.06,9000 -112.55,46.79,9000 -112.83,46.95,9000 -113.11,47.08,9000 -113.35,47.14,9000 -113.61,47.08,9000 -113.86,47.10,9000 -113.91,47.19,9000 -113.94,47.48,9000 -113.98,47.68,9000 -113.93,47.93,9000 -114.06,48.28,9000 -114.25,48.44,9000 -114.78,48.59,9000 -114.89,48.79,9000 -114.99,48.90,9000 -115.17,48.85,9000 -115.32,48.60,9000 -115.51,48.43,9000 -115.41,48.19,9000 -115.28,48.06,9000 -115.29,47.84,9000 -115.45,47.69,9000 -115.40,47.56,9000 -115.01,47.22,9000 -114.73,47.08,9000 -114.58,46.91,9000 -114.42,46.71,9000 -114.37,46.45,9000 -114.57,46.04,9000 -114.85,46.08,9000 -115.02,46.00,9000 -115.28,45.71,9000 -115.47,45.39,9000 -115.08,45.11,9000 -114.82,44.77,9000 -114.59,44.55,9000 -114.51,44.39,9000 -114.28,44.16,9000 -113.91,44.16,9000 -113.62,44.32,9000 -113.34,44.49,9000 -112.99,44.52,9000 -112.53,44.61,9000 -112.25,44.78,9000 -111.99,44.95,9000 -111.77,45.01,9000 -111.44,45.18,9000 -111.27,45.25,9000 -111.14,45.20,9000 -110.95,45.06,9000 -110.45,44.83,9000 -110.09,44.76,9000 -110.09,44.48,9000 -109.83,44.11,9000 -109.76,43.97,9000 -109.80,43.81,9000 -109.86,43.68,9000 -109.91,43.55,9000 -109.81,43.41,9000 -109.63,43.29,9000 -109.23,42.94,9000 -109.14,42.73,9000 -109.18,42.57,9000 -109.46,42.70,9000 -109.77,42.87,9000 -110.11,43.00,9000 -110.41,42.84,9000 -110.49,42.58,9000 -110.56,42.31,9000 -110.73,42.11,9000 -110.98,42.05,9000 -111.07,41.83,9000 -111.01,41.52,9000 -110.86,41.22,9000 -110.45,40.97,9000 -110.09,40.73,9000 -110.34,40.56,9000 -110.69,40.37,9000 -110.80,40.26,9000 -110.90,39.98,9000 -111.25,39.65,9000 -111.41,39.68,9000 -111.51,39.84,9000 -111.50,40.10,9000 -111.63,40.37,9000 -111.68,40.69,9000 -111.73,41.04,9000 -111.81,41.28,9000 -111.86,41.66,9000 -111.94,42.03,9000 -112.20,42.17,9000 -112.29,42.31,9000 -112.25,42.46,9000 -111.92,42.85,9000 -111.66,43.07,9000 -111.43,43.27,9000 -111.31,43.46,9000 -111.27,43.66,9000 -111.15,43.89,9000 -111.32,44.17,9000 -111.90,44.27,9000 -112.46,44.30,9000 -112.71,44.18,9000 -112.95,44.00,9000 -113.36,43.64,9000 -113.54,43.51,9000 -113.89,43.41,9000 -114.30,43.40,9000 -114.72,43.40,9000 -115.14,43.38,9000 -115.36,43.41,9000 -115.58,43.55,9000 -115.80,43.78,9000 -116.00,44.13,9000 -116.27,44.53,9000 -116.56,44.73,9000 -116.86,44.81,9000 -117.41,45.02,9000 -117.69,45.25,9000 -117.63,45.40,9000 -117.40,45.61,9000 -117.22,45.63,9000 -116.94,45.52,9000 -116.61,45.47,9000 -116.31,45.49,9000 -116.15,45.56,9000 -115.74,45.91,9000 -115.58,46.05,9000 -115.53,46.19,9000 -115.61,46.31,9000 -115.76,46.56,9000 -115.95,46.80,9000 -116.31,46.90,9000 -116.53,47.06,9000 -116.36,47.46,9000 -116.22,47.62,9000 -116.32,47.71,9000 -116.36,47.97,9000 -116.17,48.13,9000 -116.21,48.27,9000 -116.36,48.37,9000 -116.73,48.34,9000 -117.17,48.27,9000 -117.48,48.32,9000 -117.63,48.59,9000 -117.59,48.84,9000 -117.49,49.02,9000 -117.66,49.28,9000 -117.97,49.22,9000 -118.17,49.25,9000 -118.42,49.52,9000 -118.61,49.74,9000 -118.75,49.95,9000 -118.55,50.12,9000 -118.37,50.06,9000 -118.27,49.76,9000 -117.95,49.76,9000 -117.80,49.83,9000 -117.61,50.16,9000 -117.67,50.36,9000 -117.92,50.49,9000 -118.07,50.40,9000 -118.22,50.32,9000 -118.45,50.40,9000 -118.53,50.58,9000 -118.52,50.80,9000 -118.53,51.01,9000 -118.62,51.19,9000 -118.47,51.35,9000 
          </coordinates>
        </LinearRing>
      </innerBoundaryIs>
  </Polygon>
 </MultiGeometry>
</Placemark>
<Placemark>
  <name>70%</name>
  <visibility>1</visibility>
  <styleUrl>#poly_70</styleUrl>
  <MultiGeometry>
    <Polygon>
      <outerBoundaryIs>
        <LinearRing>
          <coordinates>
-107.13,41.27,8000 -106.99,41.24,8000 -106.86,41.21,8000 -106.75,41.18,8000 -106.65,41.14,8000 -106.56,41.08,8000 -106.50,41.01,8000 -106.45,40.94,8000 -106.43,40.85,8000 -106.42,40.75,8000 -106.40,40.68,8000 -106.34,40.63,8000 -106.24,40.61,8000 -106.13,40.63,8000 -106.01,40.66,8000 -105.90,40.66,8000 -105.82,40.61,8000 -105.77,40.53,8000 -105.73,40.44,8000 -105.69,40.35,8000 -105.67,40.26,8000 -105.75,40.19,8000 -105.84,40.17,8000 -105.96,40.17,8000 -106.11,40.16,8000 -106.27,40.16,8000 -106.42,40.16,8000 -106.55,40.15,8000 -106.64,40.14,8000 -106.75,40.08,8000 -106.77,40.00,8000 -106.74,39.94,8000 -106.65,39.90,8000 -106.52,39.87,8000 -106.38,39.85,8000 -106.26,39.86,8000 -106.14,39.89,8000 -106.04,39.90,8000 -105.94,39.84,8000 -105.90,39.75,8000 -105.91,39.67,8000 -105.94,39.58,8000 -105.99,39.48,8000 -106.03,39.40,8000 -106.08,39.31,8000 -106.14,39.22,8000 -106.19,39.13,8000 -106.23,39.05,8000 -106.27,38.96,8000 -106.30,38.88,8000 -106.34,38.80,8000 -106.37,38.74,8000 -106.41,38.68,8000 -106.48,38.66,8000 -106.58,38.65,8000 -106.70,38.64,8000 -106.82,38.63,8000 -106.93,38.61,8000 -107.04,38.60,8000 -107.15,38.59,8000 -107.25,38.59,8000 -107.35,38.61,8000 -107.45,38.65,8000 -107.53,38.71,8000 -107.61,38.79,8000 -107.69,38.88,8000 -107.77,38.95,8000 -107.88,39.02,8000 -107.99,39.08,8000 -108.04,39.15,8000 -108.02,39.22,8000 -107.97,39.30,8000 -107.90,39.37,8000 -107.83,39.43,8000 -107.73,39.46,8000 -107.62,39.47,8000 -107.55,39.49,8000 -107.56,39.56,8000 -107.62,39.64,8000 -107.69,39.69,8000 -107.77,39.75,8000 -107.81,39.81,8000 -107.80,39.88,8000 -107.75,39.96,8000 -107.67,40.04,8000 -107.58,40.10,8000 -107.47,40.15,8000 -107.35,40.21,8000 -107.25,40.26,8000 -107.14,40.32,8000 -107.05,40.38,8000 -107.02,40.46,8000 -107.06,40.54,8000 -107.14,40.62,8000 -107.23,40.71,8000 -107.29,40.79,8000 -107.32,40.87,8000 -107.33,40.94,8000 -107.33,41.00,8000 -107.13,41.27,8000 
          </coordinates>
        </LinearRing>
      </outerBoundaryIs>
      <innerBoundaryIs>
        <LinearRing>
          <coordinates>
-107.12,41.18,9000 -107.10,41.18,9000 -107.06,41.17,9000 -107.03,41.16,9000 -107.00,41.15,9000 -106.96,41.14,9000 -106.91,41.12,9000 -106.87,41.11,9000 -106.83,41.10,9000 -106.79,41.08,9000 -106.74,41.06,9000 -106.70,41.05,9000 -106.67,41.03,9000 -106.64,41.02,9000 -106.63,41.00,9000 -106.62,40.98,9000 -106.60,40.95,9000 -106.58,40.92,9000 -106.56,40.88,9000 -106.55,40.85,9000 -106.54,40.82,9000 -106.54,40.79,9000 -106.54,40.76,9000 -106.54,40.73,9000 -106.54,40.70,9000 -106.54,40.67,9000 -106.53,40.64,9000 -106.52,40.61,9000 -106.51,40.58,9000 -106.50,40.56,9000 -106.49,40.53,9000 -106.49,40.50,9000 -106.49,40.47,9000 -106.50,40.43,9000 -106.52,40.40,9000 -106.53,40.37,9000 -106.54,40.34,9000 -106.55,40.32,9000 -106.58,40.32,9000 -106.61,40.32,9000 -106.66,40.31,9000 -106.71,40.30,9000 -106.75,40.29,9000 -106.78,40.29,9000 -106.79,40.30,9000 -106.80,40.32,9000 -106.81,40.34,9000 -106.82,40.37,9000 -106.83,40.41,9000 -106.85,40.44,9000 -106.87,40.47,9000 -106.89,40.50,9000 -106.92,40.52,9000 -106.94,40.55,9000 -106.97,40.58,9000 -107.00,40.60,9000 -107.02,40.62,9000 -107.04,40.64,9000 -107.05,40.65,9000 -107.07,40.67,9000 -107.09,40.69,9000 -107.11,40.72,9000 -107.14,40.75,9000 -107.16,40.78,9000 -107.18,40.81,9000 -107.19,40.84,9000 -107.20,40.87,9000 -107.20,40.89,9000 -107.20,40.92,9000 -107.20,40.95,9000 -107.20,40.98,9000 -107.20,41.01,9000 -107.19,41.04,9000 -107.18,41.07,9000 -107.17,41.10,9000 -107.15,41.13,9000 -107.14,41.16,9000 -107.12,41.18,9000 
          </coordinates>
        </LinearRing>
      </innerBoundaryIs>
      <innerBoundaryIs>
        <LinearRing>
          <coordinates>
-105.88,40.56,9000 -105.88,40.57,9000 -105.87,40.56,9000 -105.86,40.54,9000 -105.86,40.53,9000 -105.85,40.52,9000 -105.85,40.52,9000 -105.85,40.50,9000 -105.84,40.49,9000 -105.84,40.48,9000 -105.84,40.47,9000 -105.83,40.46,9000 -105.83,40.44,9000 -105.82,40.43,9000 -105.82,40.42,9000 -105.82,40.40,9000 -105.81,40.39,9000 -105.81,40.38,9000 -105.81,40.37,9000 -105.81,40.36,9000 -105.81,40.35,9000 -105.81,40.33,9000 -105.81,40.32,9000 -105.81,40.30,9000 -105.81,40.29,9000 -105.82,40.28,9000 -105.82,40.27,9000 -105.83,40.26,9000 -105.84,40.25,9000 -105.85,40.25,9000 -105.86,40.25,9000 -105.87,40.25,9000 -105.88,40.25,9000 -105.90,40.25,9000 -105.91,40.26,9000 -105.93,40.26,9000 -105.94,40.26,9000 -105.96,40.27,9000 -105.97,40.27,9000 -105.99,40.28,9000 -106.01,40.28,9000 -106.02,40.29,9000 -106.04,40.29,9000 -106.05,40.30,9000 -106.07,40.30,9000 -106.08,40.31,9000 -106.09,40.31,9000 -106.11,40.31,9000 -106.13,40.32,9000 -106.15,40.32,9000 -106.17,40.32,9000 -106.18,40.33,9000 -106.19,40.33,9000 -106.20,40.33,9000 -106.20,40.34,9000 -106.20,40.35,9000 -106.19,40.35,9000 -106.19,40.36,9000 -106.18,40.37,9000 -106.17,40.37,9000 -106.15,40.38,9000 -106.14,40.39,9000 -106.13,40.40,9000 -106.11,40.41,9000 -106.10,40.42,9000 -106.09,40.43,9000 -106.08,40.43,9000 -106.07,40.44,9000 -106.06,40.45,9000 -106.05,40.46,9000 -106.04,40.46,9000 -106.03,40.47,9000 -106.02,40.48,9000 -106.01,40.49,9000 -106.00,40.50,9000 -105.99,40.50,9000 -105.98,40.51,9000 -105.97,40.52,9000 -105.96,40.53,9000 -105.88,40.56,9000 
          </coordinates>
        </LinearRing>
      </innerBoundaryIs>
      <innerBoundaryIs>
        <LinearRing>
          <coordinates>
-107.45,40.12,9000 -107.38,40.13,9000 -107.31,40.14,9000 -107.24,40.15,9000 -107.18,40.16,9000 -107.12,40.16,9000 -107.04,40.16,9000 -106.98,40.15,9000 -106.94,40.12,9000 -106.93,40.08,9000 -106.93,40.03,9000 -106.93,39.97,9000 -106.92,39.91,9000 -106.91,39.86,9000 -106.88,39.81,9000 -106.83,39.76,9000 -106.77,39.72,9000 -106.71,39.70,9000 -106.65,39.69,9000 -106.58,39.70,9000 -106.51,39.71,9000 -106.44,39.72,9000 -106.37,39.72,9000 -106.29,39.72,9000 -106.21,39.71,9000 -106.13,39.70,9000 -106.07,39.68,9000 -106.03,39.64,9000 -106.03,39.61,9000 -106.04,39.57,9000 -106.06,39.52,9000 -106.08,39.47,9000 -106.11,39.42,9000 -106.14,39.36,9000 -106.17,39.31,9000 -106.20,39.26,9000 -106.22,39.21,9000 -106.25,39.16,9000 -106.27,39.10,9000 -106.30,39.05,9000 -106.32,39.00,9000 -106.34,38.95,9000 -106.37,38.91,9000 -106.39,38.87,9000 -106.43,38.81,9000 -106.47,38.76,9000 -106.51,38.73,9000 -106.56,38.70,9000 -106.62,38.69,9000 -106.68,38.69,9000 -106.75,38.69,9000 -106.83,38.69,9000 -106.89,38.69,9000 -106.96,38.68,9000 -107.04,38.67,9000 -107.11,38.66,9000 -107.19,38.66,9000 -107.25,38.66,9000 -107.31,38.67,9000 -107.37,38.70,9000 -107.41,38.74,9000 -107.44,38.78,9000 -107.46,38.83,9000 -107.50,38.87,9000 -107.55,38.91,9000 -107.61,38.94,9000 -107.67,38.97,9000 -107.72,39.00,9000 -107.78,39.03,9000 -107.82,39.05,9000 -107.85,39.09,9000 -107.86,39.14,9000 -107.85,39.20,9000 -107.84,39.26,9000 -107.81,39.30,9000 -107.76,39.32,9000 -107.68,39.33,9000 -107.61,39.34,9000 -107.54,39.35,9000 -107.49,39.37,9000 -107.44,39.40,9000 -107.40,39.43,9000 -107.37,39.46,9000 -107.34,39.50,9000 -107.33,39.55,9000 -107.34,39.59,9000 -107.37,39.62,9000 -107.42,39.65,9000 -107.48,39.68,9000 -107.53,39.72,9000 -107.57,39.76,9000 -107.60,39.81,9000 -107.63,39.87,9000 -107.66,39.92,9000 -107.45,40.12,9000 
          </coordinates>
        </LinearRing>
      </innerBoundaryIs>
  </Polygon>
 </MultiGeometry>
</Placemark>
<Placemark>
  <name>80%</name>
  <visibility>1</visibility>
  <styleUrl>#poly_80</styleUrl>
  <MultiGeometry>
    <Polygon>
      <outerBoundaryIs>
        <LinearRing>
          <coordinates>
-114.30,38.30,9000 -114.20,38.30,9000 -114.11,38.30,9000 -114.03,38.29,9000 -113.95,38.28,9000 -113.88,38.26,9000 -113.83,38.23,9000 -113.80,38.18,9000 -113.79,38.12,9000 -113.80,38.04,9000 -113.80,37.97,9000 -113.78,37.91,9000 -113.74,37.86,9000 -113.69,37.80,9000 -113.63,37.76,9000 -113.57,37.72,9000 -113.51,37.69,9000 -113.45,37.68,9000 -113.38,37.68,9000 -113.31,37.69,9000 -113.25,37.71,9000 -113.18,37.72,9000 -113.12,37.73,9000 -113.05,37.75,9000 -112.99,37.77,9000 -112.92,37.80,9000 -112.85,37.82,9000 -112.78,37.84,9000 -112.72,37.87,9000 -112.64,37.90,9000 -112.57,37.93,9000 -112.50,37.95,9000 -112.42,37.98,9000 -112.35,38.00,9000 -112.28,38.02,9000 -112.20,38.04,9000 -112.13,38.05,9000 -112.06,38.07,9000 -112.00,38.08,9000 -111.94,38.10,9000 -111.86,38.13,9000 -111.80,38.17,9000 -111.75,38.19,9000 -111.71,38.19,9000 -111.67,38.15,9000 -111.64,38.09,9000 -111.63,38.02,9000 -111.64,37.95,9000 -111.67,37.91,9000 -111.70,37.87,9000 -111.75,37.83,9000 -111.81,37.79,9000 -111.86,37.75,9000 -111.92,37.70,9000 -111.97,37.65,9000 -112.01,37.60,9000 -112.06,37.55,9000 -112.11,37.49,9000 -112.17,37.44,9000 -112.22,37.39,9000 -112.28,37.35,9000 -112.34,37.32,9000 -112.41,37.28,9000 -112.47,37.26,9000 -112.54,37.24,9000 -112.61,37.22,9000 -112.68,37.21,9000 -112.75,37.21,9000 -112.82,37.22,9000 -112.89,37.24,9000 -112.96,37.28,9000 -113.03,37.31,9000 -113.10,37.35,9000 -113.17,37.38,9000 -113.24,37.41,9000 -113.31,37.43,9000 -113.38,37.45,9000 -113.46,37.47,9000 -113.53,37.49,9000 -113.60,37.51,9000 -113.66,37.52,9000 -113.71,37.53,9000 -113.79,37.54,9000 -113.83,37.54,9000 -113.89,37.55,9000 -113.95,37.57,9000 -114.01,37.59,9000 -114.08,37.62,9000 -114.15,37.65,9000 -114.19,37.68,9000 -114.21,37.73,9000 -114.20,37.79,9000 -114.21,37.86,9000 -114.23,37.91,9000 -114.25,37.96,9000 -114.27,38.02,9000 -114.30,38.07,9000 -114.33,38.14,9000 -114.36,38.20,9000 -114.30,38.30,9000 
          </coordinates>
        </LinearRing>
      </outerBoundaryIs>
      <innerBoundaryIs>
        <LinearRing>
          <coordinates>
-113.27,37.61,10000 -113.24,37.61,10000 -113.21,37.62,10000 -113.18,37.62,10000 -113.14,37.62,10000 -113.11,37.63,10000 -113.08,37.63,10000 -113.05,37.64,10000 -113.02,37.65,10000 -112.99,37.65,10000 -112.96,37.66,10000 -112.92,37.67,10000 -112.89,37.68,10000 -112.86,37.69,10000 -112.83,37.70,10000 -112.80,37.71,10000 -112.77,37.72,10000 -112.74,37.73,10000 -112.70,37.74,10000 -112.67,37.75,10000 -112.64,37.75,10000 -112.61,37.76,10000 -112.58,37.76,10000 -112.55,37.77,10000 -112.52,37.77,10000 -112.48,37.77,10000 -112.45,37.77,10000 -112.42,37.77,10000 -112.39,37.77,10000 -112.36,37.77,10000 -112.32,37.77,10000 -112.28,37.78,10000 -112.25,37.78,10000 -112.21,37.78,10000 -112.18,37.78,10000 -112.16,37.78,10000 -112.13,37.76,10000 -112.12,37.74,10000 -112.12,37.72,10000 -112.13,37.72,10000 -112.15,37.70,10000 -112.16,37.68,10000 -112.18,37.66,10000 -112.19,37.63,10000 -112.21,37.61,10000 -112.23,37.58,10000 -112.25,37.55,10000 -112.26,37.53,10000 -112.28,37.50,10000 -112.30,37.48,10000 -112.32,37.46,10000 -112.34,37.44,10000 -112.36,37.42,10000 -112.38,37.40,10000 -112.41,37.38,10000 -112.43,37.36,10000 -112.45,37.34,10000 -112.47,37.33,10000 -112.49,37.31,10000 -112.51,37.31,10000 -112.54,37.30,10000 -112.57,37.30,10000 -112.60,37.29,10000 -112.63,37.29,10000 -112.67,37.29,10000 -112.71,37.28,10000 -112.74,37.28,10000 -112.76,37.28,10000 -112.78,37.28,10000 -112.80,37.29,10000 -112.82,37.30,10000 -112.84,37.31,10000 -112.87,37.33,10000 -112.90,37.35,10000 -112.93,37.37,10000 -112.96,37.38,10000 -112.99,37.40,10000 -113.01,37.41,10000 -113.05,37.42,10000 -113.07,37.42,10000 -113.10,37.44,10000 -113.12,37.46,10000 -113.15,37.48,10000 -113.17,37.50,10000 -113.20,37.53,10000 -113.23,37.55,10000 -113.25,37.57,10000 -113.27,37.59,10000 -113.31,37.61,10000 -113.33,37.60,10000 -113.27,37.61,10000 
          </coordinates>
        </LinearRing>
      </innerBoundaryIs>
  </Polygon>
 </MultiGeometry>
</Placemark>
<Placemark>
  <name>80%</name>
  <visibility>1</visibility>
  <styleUrl>#poly_80</styleUrl>
  <MultiGeometry>
    <Polygon>
      <outerBoundaryIs>
        <LinearRing>
          <coordinates>
-115.23,39.54,9000 -115.22,39.53,9000 -115.19,39.53,9000 -115.16,39.53,9000 -115.12,39.53,9000 -115.07,39.52,9000 -115.03,39.52,9000 -114.99,39.51,9000 -114.95,39.50,9000 -114.91,39.48,9000 -114.86,39.46,9000 -114.82,39.44,9000 -114.79,39.42,9000 -114.76,39.41,9000 -114.74,39.40,9000 -114.72,39.38,9000 -114.69,39.36,9000 -114.66,39.34,9000 -114.63,39.31,9000 -114.60,39.28,9000 -114.58,39.25,9000 -114.56,39.22,9000 -114.55,39.19,9000 -114.54,39.16,9000 -114.52,39.14,9000 -114.51,39.11,9000 -114.50,39.08,9000 -114.48,39.05,9000 -114.46,39.02,9000 -114.45,38.99,9000 -114.43,38.96,9000 -114.42,38.94,9000 -114.41,38.91,9000 -114.41,38.89,9000 -114.42,38.87,9000 -114.44,38.84,9000 -114.46,38.81,9000 -114.47,38.78,9000 -114.49,38.75,9000 -114.51,38.72,9000 -114.53,38.69,9000 -114.54,38.67,9000 -114.56,38.65,9000 -114.59,38.63,9000 -114.62,38.62,9000 -114.66,38.61,9000 -114.70,38.60,9000 -114.74,38.59,9000 -114.79,38.59,9000 -114.82,38.59,9000 -114.86,38.60,9000 -114.90,38.62,9000 -114.93,38.65,9000 -114.96,38.67,9000 -114.99,38.69,9000 -115.01,38.70,9000 -115.04,38.72,9000 -115.07,38.74,9000 -115.11,38.76,9000 -115.14,38.78,9000 -115.18,38.80,9000 -115.22,38.82,9000 -115.26,38.84,9000 -115.29,38.86,9000 -115.33,38.88,9000 -115.36,38.89,9000 -115.40,38.91,9000 -115.44,38.93,9000 -115.48,38.94,9000 -115.51,38.96,9000 -115.54,38.98,9000 -115.56,39.01,9000 -115.58,39.04,9000 -115.60,39.06,9000 -115.62,39.09,9000 -115.64,39.11,9000 -115.65,39.13,9000 -115.64,39.15,9000 -115.62,39.18,9000 -115.60,39.20,9000 -115.58,39.23,9000 -115.56,39.26,9000 -115.54,39.30,9000 -115.52,39.32,9000 -115.49,39.35,9000 -115.47,39.36,9000 -115.43,39.39,9000 -115.40,39.41,9000 -115.37,39.43,9000 -115.34,39.45,9000 -115.30,39.48,9000 -115.27,39.50,9000 -115.23,39.53,9000 -115.23,39.54,9000 
          </coordinates>
        </LinearRing>
      </outerBoundaryIs>
      <innerBoundaryIs>
        <LinearRing>
          <coordinates>
-115.16,39.19,10000 -115.14,39.20,10000 -115.12,39.20,10000 -115.10,39.21,10000 -115.07,39.21,10000 -115.05,39.22,10000 -115.04,39.22,10000 -115.02,39.23,10000 -115.00,39.23,10000 -114.98,39.23,10000 -114.97,39.24,10000 -114.95,39.24,10000 -114.94,39.24,10000 -114.92,39.24,10000 -114.91,39.24,10000 -114.90,39.24,10000 -114.88,39.22,10000 -114.87,39.21,10000 -114.86,39.21,10000 -114.85,39.20,10000 -114.84,39.19,10000 -114.82,39.18,10000 -114.81,39.17,10000 -114.79,39.16,10000 -114.78,39.14,10000 -114.76,39.13,10000 -114.75,39.12,10000 -114.74,39.11,10000 -114.73,39.10,10000 -114.72,39.08,10000 -114.71,39.07,10000 -114.70,39.06,10000 -114.69,39.05,10000 -114.69,39.03,10000 -114.69,39.01,10000 -114.68,39.00,10000 -114.68,38.98,10000 -114.68,38.96,10000 -114.69,38.95,10000 -114.69,38.93,10000 -114.69,38.92,10000 -114.70,38.90,10000 -114.70,38.89,10000 -114.71,38.88,10000 -114.72,38.87,10000 -114.74,38.86,10000 -114.75,38.85,10000 -114.77,38.85,10000 -114.79,38.85,10000 -114.81,38.84,10000 -114.83,38.84,10000 -114.85,38.84,10000 -114.86,38.84,10000 -114.88,38.84,10000 -114.88,38.84,10000 -114.90,38.86,10000 -114.91,38.87,10000 -114.92,38.87,10000 -114.93,38.88,10000 -114.94,38.89,10000 -114.96,38.90,10000 -114.97,38.91,10000 -114.99,38.92,10000 -115.00,38.93,10000 -115.02,38.94,10000 -115.03,38.96,10000 -115.04,38.97,10000 -115.06,38.98,10000 -115.07,38.99,10000 -115.08,39.00,10000 -115.09,39.01,10000 -115.10,39.02,10000 -115.11,39.04,10000 -115.12,39.05,10000 -115.12,39.07,10000 -115.13,39.09,10000 -115.13,39.10,10000 -115.14,39.12,10000 -115.14,39.13,10000 -115.14,39.14,10000 -115.15,39.15,10000 -115.15,39.16,10000 -115.16,39.18,10000 -115.17,39.18,10000 -115.18,39.18,10000 -115.16,39.19,10000 
          </coordinates>
        </LinearRing>
      </innerBoundaryIs>
  </Polygon>
 </MultiGeometry>
</Placemark>
<Placemark>
  <name>80%</name>
  <visibility>1</visibility>
  <styleUrl>#poly_80</styleUrl>
  <MultiGeometry>
    <Polygon>
      <outerBoundaryIs>
        <LinearRing>
          <coordinates>
-69.12,50.63,9000 -68.99,50.63,9000 -68.87,50.63,9000 -68.75,50.63,9000 -68.63,50.63,9000 -68.52,50.62,9000 -68.42,50.62,9000 -68.33,50.62,9000 -68.21,50.62,9000 -68.11,50.62,9000 -68.03,50.61,9000 -67.95,50.60,9000 -67.86,50.58,9000 -67.77,50.55,9000 -67.68,50.52,9000 -67.58,50.49,9000 -67.50,50.46,9000 -67.41,50.43,9000 -67.31,50.40,9000 -67.22,50.37,9000 -67.12,50.33,9000 -67.03,50.30,9000 -66.94,50.27,9000 -66.84,50.23,9000 -66.75,50.20,9000 -66.66,50.16,9000 -66.58,50.12,9000 -66.49,50.07,9000 -66.41,50.00,9000 -66.34,49.94,9000 -66.28,49.88,9000 -66.23,49.83,9000 -66.17,49.76,9000 -66.15,49.70,9000 -66.15,49.65,9000 -66.20,49.59,9000 -66.27,49.54,9000 -66.35,49.49,9000 -66.41,49.46,9000 -66.47,49.43,9000 -66.55,49.41,9000 -66.62,49.40,9000 -66.70,49.39,9000 -66.80,49.38,9000 -66.90,49.38,9000 -66.99,49.38,9000 -67.08,49.37,9000 -67.19,49.37,9000 -67.30,49.37,9000 -67.42,49.37,9000 -67.52,49.37,9000 -67.62,49.37,9000 -67.73,49.37,9000 -67.85,49.38,9000 -67.97,49.38,9000 -68.08,49.39,9000 -68.19,49.40,9000 -68.30,49.42,9000 -68.41,49.44,9000 -68.52,49.46,9000 -68.63,49.49,9000 -68.73,49.51,9000 -68.83,49.54,9000 -68.92,49.56,9000 -69.03,49.59,9000 -69.13,49.61,9000 -69.22,49.63,9000 -69.31,49.65,9000 -69.40,49.68,9000 -69.49,49.71,9000 -69.58,49.74,9000 -69.67,49.78,9000 -69.76,49.81,9000 -69.83,49.85,9000 -69.90,49.88,9000 -69.99,49.94,9000 -70.05,49.99,9000 -70.08,50.05,9000 -70.09,50.10,9000 -70.08,50.16,9000 -70.05,50.23,9000 -70.04,50.29,9000 -70.03,50.36,9000 -70.02,50.44,9000 -69.99,50.51,9000 -69.92,50.56,9000 -69.85,50.58,9000 -69.76,50.60,9000 -69.66,50.61,9000 -69.55,50.62,9000 -69.42,50.62,9000 -69.30,50.62,9000 -69.17,50.62,9000 -69.12,50.63,9000 
          </coordinates>
        </LinearRing>
      </outerBoundaryIs>
      <innerBoundaryIs>
        <LinearRing>
          <coordinates>
-68.36,50.53,10000 -68.26,50.53,10000 -68.17,50.53,10000 -68.07,50.52,10000 -67.98,50.51,10000 -67.90,50.50,10000 -67.82,50.48,10000 -67.73,50.46,10000 -67.64,50.43,10000 -67.57,50.40,10000 -67.49,50.37,10000 -67.40,50.34,10000 -67.32,50.30,10000 -67.23,50.26,10000 -67.15,50.23,10000 -67.07,50.20,10000 -66.99,50.16,10000 -66.90,50.13,10000 -66.83,50.10,10000 -66.75,50.07,10000 -66.69,50.04,10000 -66.59,50.00,10000 -66.52,49.97,10000 -66.46,49.93,10000 -66.41,49.87,10000 -66.37,49.81,10000 -66.34,49.75,10000 -66.32,49.68,10000 -66.34,49.63,10000 -66.39,49.58,10000 -66.47,49.53,10000 -66.51,49.50,10000 -66.56,49.47,10000 -66.67,49.46,10000 -66.74,49.46,10000 -66.83,49.46,10000 -66.94,49.47,10000 -67.05,49.47,10000 -67.16,49.48,10000 -67.27,49.49,10000 -67.38,49.50,10000 -67.47,49.51,10000 -67.57,49.52,10000 -67.67,49.52,10000 -67.77,49.53,10000 -67.87,49.54,10000 -67.96,49.55,10000 -68.05,49.57,10000 -68.13,49.58,10000 -68.24,49.60,10000 -68.33,49.63,10000 -68.41,49.66,10000 -68.50,49.69,10000 -68.61,49.72,10000 -68.69,49.74,10000 -68.78,49.76,10000 -68.87,49.78,10000 -68.97,49.80,10000 -69.07,49.83,10000 -69.17,49.85,10000 -69.26,49.87,10000 -69.34,49.89,10000 -69.44,49.91,10000 -69.55,49.94,10000 -69.64,49.96,10000 -69.73,49.98,10000 -69.80,50.01,10000 -69.86,50.04,10000 -69.91,50.10,10000 -69.93,50.17,10000 -69.92,50.23,10000 -69.92,50.29,10000 -69.91,50.36,10000 -69.87,50.41,10000 -69.83,50.45,10000 -69.77,50.48,10000 -69.68,50.51,10000 -69.60,50.52,10000 -69.50,50.52,10000 -69.38,50.53,10000 -69.26,50.53,10000 -69.14,50.53,10000 -69.05,50.53,10000 -68.96,50.53,10000 -68.87,50.54,10000 -68.77,50.54,10000 -68.67,50.54,10000 -68.57,50.54,10000 -68.47,50.54,10000 -68.36,50.53,10000 
          </coordinates>
        </LinearRing>
      </innerBoundaryIs>
  </Polygon>
 </MultiGeometry>
</Placemark>
<Placemark>
  <name>80%</name>
  <visibility>1</visibility>
  <styleUrl>#poly_80</styleUrl>
  <MultiGeometry>
    <Polygon>
      <outerBoundaryIs>
        <LinearRing>
          <coordinates>
-65.60,49.39,9000 -65.58,49.38,9000 -65.56,49.37,9000 -65.54,49.36,9000 -65.52,49.36,9000 -65.49,49.35,9000 -65.47,49.34,9000 -65.46,49.33,9000 -65.44,49.33,9000 -65.42,49.32,9000 -65.40,49.31,9000 -65.39,49.31,9000 -65.37,49.30,9000 -65.34,49.29,9000 -65.32,49.29,9000 -65.30,49.28,9000 -65.28,49.28,9000 -65.27,49.27,9000 -65.25,49.26,9000 -65.24,49.25,9000 -65.23,49.24,9000 -65.22,49.22,9000 -65.21,49.21,9000 -65.20,49.19,9000 -65.18,49.18,9000 -65.17,49.16,9000 -65.16,49.15,9000 -65.14,49.14,9000 -65.12,49.12,9000 -65.10,49.11,9000 -65.08,49.10,9000 -65.06,49.09,9000 -65.04,49.08,9000 -65.03,49.07,9000 -65.03,49.06,9000 -65.04,49.06,9000 -65.05,49.05,9000 -65.07,49.05,9000 -65.09,49.05,9000 -65.12,49.06,9000 -65.14,49.06,9000 -65.17,49.06,9000 -65.20,49.06,9000 -65.22,49.06,9000 -65.24,49.06,9000 -65.26,49.06,9000 -65.29,49.06,9000 -65.31,49.06,9000 -65.33,49.06,9000 -65.36,49.07,9000 -65.38,49.07,9000 -65.40,49.07,9000 -65.43,49.07,9000 -65.45,49.07,9000 -65.47,49.07,9000 -65.50,49.07,9000 -65.52,49.07,9000 -65.55,49.07,9000 -65.57,49.08,9000 -65.60,49.08,9000 -65.62,49.08,9000 -65.64,49.08,9000 -65.66,49.08,9000 -65.68,49.09,9000 -65.70,49.09,9000 -65.72,49.10,9000 -65.74,49.10,9000 -65.76,49.11,9000 -65.77,49.12,9000 -65.79,49.13,9000 -65.80,49.14,9000 -65.81,49.16,9000 -65.82,49.17,9000 -65.83,49.18,9000 -65.83,49.19,9000 -65.83,49.21,9000 -65.83,49.22,9000 -65.84,49.24,9000 -65.84,49.25,9000 -65.84,49.27,9000 -65.83,49.29,9000 -65.83,49.31,9000 -65.83,49.32,9000 -65.83,49.34,9000 -65.60,49.39,9000 
          </coordinates>
        </LinearRing>
      </outerBoundaryIs>
  </Polygon>
 </MultiGeometry>
</Placemark>
<Placemark>
  <name>80%</name>
  <visibility>1</visibility>
  <styleUrl>#poly_80</styleUrl>
  <MultiGeometry>
    <Polygon>
      <outerBoundaryIs>
        <LinearRing>
          <coordinates>
-121.46,48.24,9000 -121.41,48.24,9000 -121.37,48.24,9000 -121.33,48.24,9000 -121.29,48.23,9000 -121.25,48.23,9000 -121.22,48.23,9000 -121.20,48.23,9000 -121.20,48.22,9000 -121.19,48.20,9000 -121.19,48.18,9000 -121.18,48.16,9000 -121.18,48.13,9000 -121.17,48.11,9000 -121.17,48.08,9000 -121.18,48.05,9000 -121.19,48.03,9000 -121.20,48.01,9000 -121.22,47.98,9000 -121.24,47.96,9000 -121.26,47.94,9000 -121.28,47.92,9000 -121.29,47.89,9000 -121.30,47.87,9000 -121.30,47.85,9000 -121.31,47.82,9000 -121.30,47.80,9000 -121.30,47.77,9000 -121.29,47.75,9000 -121.29,47.72,9000 -121.28,47.70,9000 -121.27,47.67,9000 -121.26,47.64,9000 -121.25,47.61,9000 -121.24,47.58,9000 -121.23,47.56,9000 -121.22,47.54,9000 -121.22,47.51,9000 -121.24,47.50,9000 -121.27,47.50,9000 -121.30,47.53,9000 -121.30,47.55,9000 -121.31,47.57,9000 -121.31,47.59,9000 -121.31,47.62,9000 -121.31,47.65,9000 -121.32,47.68,9000 -121.32,47.70,9000 -121.33,47.73,9000 -121.33,47.75,9000 -121.34,47.78,9000 -121.34,47.81,9000 -121.35,47.83,9000 -121.36,47.86,9000 -121.37,47.88,9000 -121.38,47.91,9000 -121.39,47.93,9000 -121.41,47.95,9000 -121.42,47.97,9000 -121.43,48.00,9000 -121.44,48.02,9000 -121.45,48.04,9000 -121.45,48.07,9000 -121.46,48.09,9000 -121.47,48.12,9000 -121.47,48.14,9000 -121.48,48.17,9000 -121.48,48.19,9000 -121.46,48.24,9000 
          </coordinates>
        </LinearRing>
      </outerBoundaryIs>
  </Polygon>
 </MultiGeometry>
</Placemark>
<Placemark>
  <name>80%</name>
  <visibility>1</visibility>
  <styleUrl>#poly_80</styleUrl>
  <MultiGeometry>
    <Polygon>
      <outerBoundaryIs>
        <LinearRing>
          <coordinates>
-118.35,42.04,9000 -118.24,42.05,9000 -118.13,42.07,9000 -118.03,42.08,9000 -117.93,42.09,9000 -117.83,42.09,9000 -117.74,42.09,9000 -117.66,42.09,9000 -117.54,42.07,9000 -117.45,42.04,9000 -117.37,42.00,9000 -117.29,41.95,9000 -117.24,41.89,9000 -117.19,41.81,9000 -117.15,41.73,9000 -117.11,41.66,9000 -117.06,41.61,9000 -116.98,41.58,9000 -116.88,41.57,9000 -116.78,41.57,9000 -116.70,41.58,9000 -116.63,41.60,9000 -116.57,41.63,9000 -116.50,41.69,9000 -116.45,41.74,9000 -116.39,41.82,9000 -116.32,41.89,9000 -116.26,41.96,9000 -116.20,42.00,9000 -116.10,42.02,9000 -116.01,42.00,9000 -115.92,41.97,9000 -115.84,41.94,9000 -115.77,41.89,9000 -115.69,41.86,9000 -115.60,41.84,9000 -115.52,41.84,9000 -115.43,41.82,9000 -115.34,41.79,9000 -115.25,41.75,9000 -115.20,41.70,9000 -115.21,41.63,9000 -115.25,41.56,9000 -115.32,41.48,9000 -115.39,41.43,9000 -115.49,41.38,9000 -115.57,41.33,9000 -115.63,41.27,9000 -115.65,41.20,9000 -115.63,41.13,9000 -115.61,41.06,9000 -115.59,41.00,9000 -115.56,40.94,9000 -115.50,40.90,9000 -115.41,40.88,9000 -115.31,40.86,9000 -115.23,40.83,9000 -115.21,40.78,9000 -115.21,40.72,9000 -115.21,40.65,9000 -115.20,40.59,9000 -115.19,40.52,9000 -115.18,40.45,9000 -115.16,40.39,9000 -115.13,40.32,9000 -115.09,40.25,9000 -115.07,40.18,9000 -115.06,40.09,9000 -115.06,40.00,9000 -115.07,39.93,9000 -115.12,39.86,9000 -115.20,39.82,9000 -115.28,39.81,9000 -115.37,39.82,9000 -115.47,39.86,9000 -115.54,39.90,9000 -115.61,39.97,9000 -115.69,40.04,9000 -115.75,40.10,9000 -115.81,40.15,9000 -115.88,40.21,9000 -115.93,40.26,9000 -115.96,40.31,9000 -115.99,40.38,9000 -116.02,40.44,9000 -116.04,40.51,9000 -116.05,40.58,9000 -116.06,40.65,9000 -116.07,40.72,9000 -116.08,40.77,9000 -116.11,40.82,9000 -116.19,40.87,9000 -116.25,40.90,9000 -116.34,40.94,9000 -116.43,40.98,9000 -116.53,41.02,9000 -116.63,41.06,9000 -116.71,41.10,9000 -116.82,41.15,9000 -116.91,41.19,9000 -117.00,41.24,9000 -117.08,41.27,9000 -117.18,41.30,9000 -117.26,41.33,9000 -117.36,41.34,9000 -117.44,41.34,9000 -117.54,41.32,9000 -117.63,41.32,9000 -117.71,41.34,9000 -117.77,41.39,9000 -117.82,41.46,9000 -117.87,41.54,9000 -117.92,41.62,9000 -117.98,41.68,9000 -118.06,41.73,9000 -118.14,41.77,9000 -118.23,41.80,9000 -118.32,41.82,9000 -118.35,42.04,9000 
          </coordinates>
        </LinearRing>
      </outerBoundaryIs>
      <innerBoundaryIs>
        <LinearRing>
          <coordinates>
-116.31,41.39,10000 -116.29,41.39,10000 -116.28,41.40,10000 -116.26,41.40,10000 -116.24,41.40,10000 -116.23,41.41,10000 -116.21,41.41,10000 -116.20,41.41,10000 -116.18,41.42,10000 -116.17,41.42,10000 -116.15,41.42,10000 -116.14,41.42,10000 -116.13,41.43,10000 -116.12,41.43,10000 -116.11,41.43,10000 -116.10,41.43,10000 -116.09,41.43,10000 -116.08,41.43,10000 -116.06,41.43,10000 -116.06,41.43,10000 -116.06,41.42,10000 -116.06,41.41,10000 -116.06,41.39,10000 -116.06,41.38,10000 -116.06,41.38,10000 -116.05,41.37,10000 -116.05,41.36,10000 -116.05,41.35,10000 -116.05,41.33,10000 -116.04,41.32,10000 -116.04,41.31,10000 -116.04,41.30,10000 -116.03,41.29,10000 -116.03,41.27,10000 -116.03,41.26,10000 -116.03,41.25,10000 -116.02,41.24,10000 -116.02,41.23,10000 -116.02,41.23,10000 -116.02,41.22,10000 -116.01,41.20,10000 -116.01,41.20,10000 -116.03,41.19,10000 -116.04,41.19,10000 -116.05,41.19,10000 -116.06,41.18,10000 -116.07,41.18,10000 -116.08,41.18,10000 -116.10,41.17,10000 -116.11,41.17,10000 -116.13,41.17,10000 -116.14,41.16,10000 -116.16,41.16,10000 -116.17,41.16,10000 -116.19,41.16,10000 -116.20,41.15,10000 -116.22,41.15,10000 -116.23,41.15,10000 -116.24,41.15,10000 -116.25,41.15,10000 -116.27,41.15,10000 -116.29,41.15,10000 -116.30,41.15,10000 -116.31,41.16,10000 -116.31,41.17,10000 -116.32,41.18,10000 -116.32,41.19,10000 -116.33,41.19,10000 -116.33,41.20,10000 -116.33,41.21,10000 -116.33,41.22,10000 -116.33,41.23,10000 -116.34,41.24,10000 -116.34,41.25,10000 -116.34,41.26,10000 -116.34,41.27,10000 -116.34,41.28,10000 -116.34,41.29,10000 -116.34,41.30,10000 -116.35,41.31,10000 -116.35,41.32,10000 -116.35,41.34,10000 -116.35,41.35,10000 -116.35,41.36,10000 -116.31,41.39,10000 
          </coordinates>
        </LinearRing>
      </innerBoundaryIs>
  </Polygon>
 </MultiGeometry>
</Placemark>
<Placemark>
  <name>80%</name>
  <visibility>1</visibility>
  <styleUrl>#poly_80</styleUrl>
  <MultiGeometry>
    <Polygon>
      <outerBoundaryIs>
        <LinearRing>
          <coordinates>
-121.67,48.93,9000 -121.65,48.93,9000 -121.63,48.92,9000 -121.62,48.92,9000 -121.60,48.92,9000 -121.58,48.91,9000 -121.57,48.91,9000 -121.55,48.90,9000 -121.54,48.90,9000 -121.52,48.89,9000 -121.51,48.88,9000 -121.50,48.88,9000 -121.50,48.87,9000 -121.49,48.86,9000 -121.49,48.85,9000 -121.49,48.84,9000 -121.49,48.83,9000 -121.49,48.82,9000 -121.49,48.81,9000 -121.49,48.80,9000 -121.50,48.79,9000 -121.50,48.78,9000 -121.51,48.77,9000 -121.51,48.76,9000 -121.52,48.74,9000 -121.53,48.73,9000 -121.53,48.72,9000 -121.54,48.71,9000 -121.54,48.70,9000 -121.55,48.70,9000 -121.55,48.69,9000 -121.56,48.67,9000 -121.56,48.67,9000 -121.57,48.66,9000 -121.59,48.66,9000 -121.60,48.66,9000 -121.61,48.66,9000 -121.63,48.66,9000 -121.64,48.65,9000 -121.66,48.65,9000 -121.68,48.65,9000 -121.70,48.65,9000 -121.72,48.65,9000 -121.74,48.65,9000 -121.76,48.64,9000 -121.77,48.64,9000 -121.79,48.64,9000 -121.81,48.64,9000 -121.82,48.64,9000 -121.83,48.64,9000 -121.84,48.64,9000 -121.84,48.65,9000 -121.84,48.65,9000 -121.85,48.66,9000 -121.85,48.68,9000 -121.85,48.69,9000 -121.85,48.69,9000 -121.85,48.70,9000 -121.85,48.71,9000 -121.85,48.72,9000 -121.85,48.73,9000 -121.85,48.75,9000 -121.85,48.76,9000 -121.85,48.77,9000 -121.85,48.78,9000 -121.85,48.79,9000 -121.85,48.81,9000 -121.85,48.82,9000 -121.67,48.93,9000 
          </coordinates>
        </LinearRing>
      </outerBoundaryIs>
  </Polygon>
 </MultiGeometry>
</Placemark>
<Placemark>
  <name>80%</name>
  <visibility>1</visibility>
  <styleUrl>#poly_80</styleUrl>
  <MultiGeometry>
    <Polygon>
      <outerBoundaryIs>
        <LinearRing>
          <coordinates>
-107.12,41.18,9000 -107.10,41.18,9000 -107.06,41.17,9000 -107.03,41.16,9000 -107.00,41.15,9000 -106.96,41.14,9000 -106.91,41.12,9000 -106.87,41.11,9000 -106.83,41.10,9000 -106.79,41.08,9000 -106.74,41.06,9000 -106.70,41.05,9000 -106.67,41.03,9000 -106.64,41.02,9000 -106.63,41.00,9000 -106.62,40.98,9000 -106.60,40.95,9000 -106.58,40.92,9000 -106.56,40.88,9000 -106.55,40.85,9000 -106.54,40.82,9000 -106.54,40.79,9000 -106.54,40.76,9000 -106.54,40.73,9000 -106.54,40.70,9000 -106.54,40.67,9000 -106.53,40.64,9000 -106.52,40.61,9000 -106.51,40.58,9000 -106.50,40.56,9000 -106.49,40.53,9000 -106.49,40.50,9000 -106.49,40.47,9000 -106.50,40.43,9000 -106.52,40.40,9000 -106.53,40.37,9000 -106.54,40.34,9000 -106.55,40.32,9000 -106.58,40.32,9000 -106.61,40.32,9000 -106.66,40.31,9000 -106.71,40.30,9000 -106.75,40.29,9000 -106.78,40.29,9000 -106.79,40.30,9000 -106.80,40.32,9000 -106.81,40.34,9000 -106.82,40.37,9000 -106.83,40.41,9000 -106.85,40.44,9000 -106.87,40.47,9000 -106.89,40.50,9000 -106.92,40.52,9000 -106.94,40.55,9000 -106.97,40.58,9000 -107.00,40.60,9000 -107.02,40.62,9000 -107.04,40.64,9000 -107.05,40.65,9000 -107.07,40.67,9000 -107.09,40.69,9000 -107.11,40.72,9000 -107.14,40.75,9000 -107.16,40.78,9000 -107.18,40.81,9000 -107.19,40.84,9000 -107.20,40.87,9000 -107.20,40.89,9000 -107.20,40.92,9000 -107.20,40.95,9000 -107.20,40.98,9000 -107.20,41.01,9000 -107.19,41.04,9000 -107.18,41.07,9000 -107.17,41.10,9000 -107.15,41.13,9000 -107.14,41.16,9000 -107.12,41.18,9000 
          </coordinates>
        </LinearRing>
      </outerBoundaryIs>
      <innerBoundaryIs>
        <LinearRing>
          <coordinates>
-106.86,41.00,10000 -106.85,40.99,10000 -106.84,40.98,10000 -106.83,40.96,10000 -106.81,40.95,10000 -106.80,40.94,10000 -106.79,40.93,10000 -106.78,40.92,10000 -106.77,40.90,10000 -106.77,40.89,10000 -106.76,40.88,10000 -106.75,40.87,10000 -106.75,40.85,10000 -106.74,40.84,10000 -106.74,40.83,10000 -106.74,40.82,10000 -106.74,40.80,10000 -106.74,40.79,10000 -106.74,40.77,10000 -106.75,40.76,10000 -106.75,40.75,10000 -106.76,40.73,10000 -106.76,40.72,10000 -106.77,40.70,10000 -106.77,40.69,10000 -106.78,40.68,10000 -106.78,40.67,10000 -106.79,40.66,10000 -106.79,40.65,10000 -106.80,40.63,10000 -106.81,40.63,10000 -106.82,40.63,10000 -106.82,40.63,10000 -106.84,40.65,10000 -106.85,40.66,10000 -106.85,40.66,10000 -106.86,40.67,10000 -106.87,40.68,10000 -106.88,40.69,10000 -106.89,40.70,10000 -106.90,40.71,10000 -106.91,40.72,10000 -106.92,40.73,10000 -106.93,40.74,10000 -106.95,40.76,10000 -106.96,40.77,10000 -106.97,40.78,10000 -106.98,40.79,10000 -107.00,40.81,10000 -107.01,40.82,10000 -106.86,41.00,10000 
          </coordinates>
        </LinearRing>
      </innerBoundaryIs>
  </Polygon>
 </MultiGeometry>
</Placemark>
<Placemark>
  <name>80%</name>
  <visibility>1</visibility>
  <styleUrl>#poly_80</styleUrl>
  <MultiGeometry>
    <Polygon>
      <outerBoundaryIs>
        <LinearRing>
          <coordinates>
-126.80,50.26,9000 -126.74,50.27,9000 -126.68,50.29,9000 -126.62,50.30,9000 -126.56,50.31,9000 -126.50,50.32,9000 -126.44,50.33,9000 -126.37,50.34,9000 -126.31,50.35,9000 -126.26,50.35,9000 -126.20,50.35,9000 -126.14,50.34,9000 -126.09,50.34,9000 -126.04,50.33,9000 -125.97,50.32,9000 -125.92,50.30,9000 -125.87,50.28,9000 -125.82,50.25,9000 -125.77,50.23,9000 -125.73,50.20,9000 -125.68,50.17,9000 -125.65,50.14,9000 -125.64,50.11,9000 -125.63,50.07,9000 -125.62,50.02,9000 -125.60,49.98,9000 -125.58,49.94,9000 -125.56,49.90,9000 -125.53,49.86,9000 -125.50,49.83,9000 -125.45,49.80,9000 -125.40,49.77,9000 -125.34,49.75,9000 -125.30,49.73,9000 -125.27,49.72,9000 -125.24,49.70,9000 -125.22,49.68,9000 -125.19,49.65,9000 -125.17,49.62,9000 -125.14,49.58,9000 -125.11,49.55,9000 -125.08,49.52,9000 -125.04,49.49,9000 -125.01,49.45,9000 -124.99,49.42,9000 -124.98,49.39,9000 -124.99,49.36,9000 -125.01,49.32,9000 -125.05,49.29,9000 -125.09,49.27,9000 -125.13,49.25,9000 -125.18,49.25,9000 -125.24,49.25,9000 -125.30,49.27,9000 -125.36,49.28,9000 -125.40,49.29,9000 -125.45,49.30,9000 -125.49,49.32,9000 -125.53,49.34,9000 -125.58,49.36,9000 -125.63,49.39,9000 -125.68,49.41,9000 -125.71,49.43,9000 -125.75,49.45,9000 -125.78,49.47,9000 -125.83,49.50,9000 -125.88,49.53,9000 -125.92,49.57,9000 -125.96,49.59,9000 -126.01,49.62,9000 -126.05,49.64,9000 -126.08,49.67,9000 -126.10,49.69,9000 -126.14,49.73,9000 -126.17,49.76,9000 -126.22,49.79,9000 -126.26,49.82,9000 -126.31,49.85,9000 -126.34,49.87,9000 -126.38,49.89,9000 -126.41,49.90,9000 -126.45,49.92,9000 -126.50,49.95,9000 -126.55,49.98,9000 -126.59,50.00,9000 -126.64,50.02,9000 -126.68,50.03,9000 -126.72,50.05,9000 -126.76,50.07,9000 -126.80,50.08,9000 -126.85,50.10,9000 -126.89,50.12,9000 -126.80,50.26,9000 
          </coordinates>
        </LinearRing>
      </outerBoundaryIs>
      <innerBoundaryIs>
        <LinearRing>
          <coordinates>
-126.77,50.17,10000 -126.73,50.18,10000 -126.69,50.20,10000 -126.65,50.21,10000 -126.61,50.22,10000 -126.57,50.23,10000 -126.53,50.24,10000 -126.49,50.25,10000 -126.45,50.26,10000 -126.41,50.26,10000 -126.36,50.27,10000 -126.32,50.28,10000 -126.28,50.28,10000 -126.23,50.28,10000 -126.19,50.28,10000 -126.14,50.28,10000 -126.09,50.28,10000 -126.05,50.27,10000 -126.02,50.27,10000 -125.99,50.27,10000 -125.97,50.26,10000 -125.95,50.25,10000 -125.91,50.23,10000 -125.88,50.21,10000 -125.84,50.19,10000 -125.80,50.17,10000 -125.77,50.15,10000 -125.75,50.13,10000 -125.74,50.10,10000 -125.73,50.08,10000 -125.73,50.05,10000 -125.73,50.02,10000 -125.73,49.99,10000 -125.73,49.96,10000 -125.72,49.93,10000 -125.71,49.90,10000 -125.70,49.87,10000 -125.69,49.84,10000 -125.67,49.82,10000 -125.66,49.80,10000 -125.63,49.78,10000 -125.60,49.77,10000 -125.57,49.76,10000 -125.54,49.74,10000 -125.51,49.72,10000 -125.48,49.70,10000 -125.44,49.67,10000 -125.41,49.65,10000 -125.38,49.63,10000 -125.34,49.61,10000 -125.30,49.59,10000 -125.27,49.57,10000 -125.25,49.55,10000 -125.24,49.53,10000 -125.25,49.51,10000 -125.29,49.49,10000 -125.33,49.47,10000 -125.38,49.46,10000 -125.43,49.45,10000 -125.46,49.44,10000 -125.49,49.45,10000 -125.53,49.48,10000 -125.56,49.49,10000 -125.60,49.51,10000 -125.64,49.54,10000 -125.68,49.56,10000 -125.72,49.58,10000 -125.76,49.60,10000 -125.78,49.61,10000 -125.78,49.62,10000 -125.80,49.64,10000 -125.82,49.66,10000 -125.85,49.69,10000 -125.89,49.72,10000 -125.92,49.74,10000 -125.95,49.76,10000 -125.99,49.78,10000 -126.03,49.79,10000 -126.07,49.80,10000 -126.11,49.81,10000 -126.14,49.83,10000 -126.16,49.85,10000 -126.18,49.87,10000 -126.21,49.89,10000 -126.24,49.91,10000 -126.28,49.92,10000 -126.33,49.94,10000 -126.37,49.96,10000 -126.41,49.98,10000 -126.44,49.99,10000 -126.46,50.00,10000 -126.49,50.02,10000 -126.52,50.03,10000 -126.56,50.05,10000 -126.60,50.06,10000 -126.64,50.08,10000 -126.69,50.10,10000 -126.72,50.11,10000 -126.75,50.12,10000 -126.79,50.14,10000 -126.79,50.14,10000 -126.77,50.17,10000 
          </coordinates>
        </LinearRing>
      </innerBoundaryIs>
  </Polygon>
 </MultiGeometry>
</Placemark>
<Placemark>
  <name>80%</name>
  <visibility>1</visibility>
  <styleUrl>#poly_80</styleUrl>
  <MultiGeometry>
    <Polygon>
      <outerBoundaryIs>
        <LinearRing>
          <coordinates>
-110.29,45.12,9000 -110.27,45.13,9000 -110.26,45.13,9000 -110.24,45.14,9000 -110.23,45.14,9000 -110.21,45.15,9000 -110.20,45.15,9000 -110.18,45.16,9000 -110.17,45.16,9000 -110.15,45.17,9000 -110.14,45.17,9000 -110.12,45.18,9000 -110.11,45.18,9000 -110.10,45.18,9000 -110.09,45.19,9000 -110.07,45.19,9000 -110.06,45.19,9000 -110.05,45.19,9000 -110.03,45.19,9000 -110.01,45.19,9000 -110.00,45.19,9000 -109.98,45.18,9000 -109.97,45.18,9000 -109.95,45.17,9000 -109.94,45.16,9000 -109.93,45.15,9000 -109.92,45.14,9000 -109.92,45.13,9000 -109.92,45.12,9000 -109.92,45.11,9000 -109.92,45.10,9000 -109.92,45.09,9000 -109.93,45.08,9000 -109.93,45.07,9000 -109.94,45.06,9000 -109.94,45.05,9000 -109.95,45.03,9000 -109.95,45.02,9000 -109.96,45.01,9000 -109.97,45.00,9000 -109.97,44.99,9000 -109.98,44.98,9000 -109.98,44.97,9000 -109.99,44.96,9000 -109.99,44.95,9000 -110.00,44.93,9000 -110.00,44.92,9000 -110.00,44.90,9000 -110.00,44.90,9000 -110.00,44.89,9000 -110.01,44.89,9000 -110.02,44.89,9000 -110.02,44.90,9000 -110.03,44.90,9000 -110.03,44.91,9000 -110.04,44.92,9000 -110.05,44.94,9000 -110.07,44.95,9000 -110.08,44.96,9000 -110.09,44.96,9000 -110.10,44.97,9000 -110.11,44.98,9000 -110.13,44.98,9000 -110.14,44.99,9000 -110.16,45.00,9000 -110.17,45.01,9000 -110.18,45.02,9000 -110.20,45.02,9000 -110.21,45.03,9000 -110.23,45.04,9000 -110.24,45.05,9000 -110.25,45.05,9000 -110.26,45.06,9000 -110.27,45.07,9000 -110.28,45.07,9000 -110.30,45.09,9000 -110.31,45.10,9000 -110.30,45.10,9000 -110.29,45.12,9000 
          </coordinates>
        </LinearRing>
      </outerBoundaryIs>
  </Polygon>
 </MultiGeometry>
</Placemark>
<Placemark>
  <name>80%</name>
  <visibility>1</visibility>
  <styleUrl>#poly_80</styleUrl>
  <MultiGeometry>
    <Polygon>
      <outerBoundaryIs>
        <LinearRing>
          <coordinates>
-124.57,49.14,9000 -124.56,49.14,9000 -124.54,49.14,9000 -124.52,49.13,9000 -124.49,49.13,9000 -124.47,49.13,9000 -124.45,49.12,9000 -124.42,49.12,9000 -124.40,49.12,9000 -124.37,49.11,9000 -124.35,49.10,9000 -124.32,49.10,9000 -124.30,49.09,9000 -124.28,49.08,9000 -124.26,49.07,9000 -124.24,49.06,9000 -124.22,49.05,9000 -124.21,49.03,9000 -124.19,49.02,9000 -124.18,49.00,9000 -124.17,48.99,9000 -124.16,48.97,9000 -124.15,48.96,9000 -124.15,48.94,9000 -124.14,48.92,9000 -124.13,48.91,9000 -124.13,48.89,9000 -124.12,48.87,9000 -124.12,48.86,9000 -124.12,48.84,9000 -124.12,48.82,9000 -124.12,48.80,9000 -124.12,48.78,9000 -124.12,48.76,9000 -124.12,48.74,9000 -124.12,48.72,9000 -124.13,48.70,9000 -124.14,48.68,9000 -124.15,48.67,9000 -124.16,48.67,9000 -124.17,48.67,9000 -124.19,48.68,9000 -124.21,48.68,9000 -124.23,48.69,9000 -124.25,48.71,9000 -124.28,48.72,9000 -124.30,48.74,9000 -124.33,48.75,9000 -124.35,48.77,9000 -124.37,48.78,9000 -124.39,48.79,9000 -124.40,48.80,9000 -124.43,48.81,9000 -124.44,48.82,9000 -124.45,48.83,9000 -124.47,48.84,9000 -124.48,48.85,9000 -124.50,48.86,9000 -124.51,48.87,9000 -124.53,48.89,9000 -124.54,48.90,9000 -124.56,48.92,9000 -124.57,48.93,9000 -124.58,48.95,9000 -124.59,48.96,9000 -124.59,48.98,9000 -124.60,48.99,9000 -124.61,49.01,9000 -124.61,49.03,9000 -124.62,49.04,9000 -124.62,49.06,9000 -124.62,49.08,9000 -124.63,49.09,9000 -124.63,49.11,9000 -124.57,49.14,9000 
          </coordinates>
        </LinearRing>
      </outerBoundaryIs>
  </Polygon>
 </MultiGeometry>
</Placemark>
<Placemark>
  <name>80%</name>
  <visibility>1</visibility>
  <styleUrl>#poly_80</styleUrl>
  <MultiGeometry>
    <Polygon>
      <outerBoundaryIs>
        <LinearRing>
          <coordinates>
-124.80,50.55,9000 -124.71,50.57,9000 -124.63,50.59,9000 -124.54,50.62,9000 -124.45,50.63,9000 -124.37,50.65,9000 -124.29,50.66,9000 -124.21,50.67,9000 -124.13,50.67,9000 -124.05,50.67,9000 -123.97,50.66,9000 -123.88,50.64,9000 -123.80,50.61,9000 -123.73,50.58,9000 -123.65,50.54,9000 -123.58,50.51,9000 -123.51,50.48,9000 -123.45,50.45,9000 -123.36,50.42,9000 -123.29,50.40,9000 -123.23,50.38,9000 -123.16,50.36,9000 -123.08,50.33,9000 -123.02,50.30,9000 -122.96,50.27,9000 -122.89,50.24,9000 -122.82,50.20,9000 -122.75,50.16,9000 -122.68,50.13,9000 -122.62,50.10,9000 -122.56,50.07,9000 -122.47,50.04,9000 -122.39,50.02,9000 -122.31,50.00,9000 -122.24,49.98,9000 -122.17,49.95,9000 -122.11,49.91,9000 -122.05,49.87,9000 -122.00,49.83,9000 -121.97,49.78,9000 -121.95,49.73,9000 -121.95,49.68,9000 -121.96,49.62,9000 -121.99,49.57,9000 -122.03,49.51,9000 -122.09,49.47,9000 -122.15,49.44,9000 -122.23,49.42,9000 -122.32,49.40,9000 -122.42,49.38,9000 -122.50,49.37,9000 -122.57,49.36,9000 -122.66,49.35,9000 -122.73,49.36,9000 -122.80,49.37,9000 -122.86,49.38,9000 -122.91,49.40,9000 -122.98,49.42,9000 -123.05,49.44,9000 -123.12,49.46,9000 -123.19,49.48,9000 -123.27,49.49,9000 -123.35,49.51,9000 -123.43,49.53,9000 -123.51,49.56,9000 -123.58,49.59,9000 -123.64,49.62,9000 -123.69,49.67,9000 -123.74,49.71,9000 -123.79,49.76,9000 -123.84,49.81,9000 -123.90,49.85,9000 -123.95,49.88,9000 -124.02,49.91,9000 -124.08,49.92,9000 -124.15,49.94,9000 -124.22,49.95,9000 -124.29,49.96,9000 -124.35,49.99,9000 -124.41,50.02,9000 -124.46,50.06,9000 -124.52,50.11,9000 -124.57,50.15,9000 -124.62,50.20,9000 -124.67,50.24,9000 -124.71,50.28,9000 -124.76,50.34,9000 -124.80,50.39,9000 -124.83,50.44,9000 -124.85,50.48,9000 -124.80,50.55,9000 
          </coordinates>
        </LinearRing>
      </outerBoundaryIs>
      <innerBoundaryIs>
        <LinearRing>
          <coordinates>
-124.77,50.47,10000 -124.69,50.49,10000 -124.61,50.50,10000 -124.54,50.52,10000 -124.47,50.53,10000 -124.40,50.55,10000 -124.34,50.56,10000 -124.28,50.57,10000 -124.20,50.59,10000 -124.13,50.60,10000 -124.08,50.61,10000 -124.03,50.61,10000 -123.97,50.60,10000 -123.93,50.59,10000 -123.87,50.56,10000 -123.82,50.53,10000 -123.77,50.50,10000 -123.71,50.46,10000 -123.64,50.43,10000 -123.58,50.41,10000 -123.51,50.39,10000 -123.43,50.37,10000 -123.35,50.35,10000 -123.29,50.33,10000 -123.23,50.31,10000 -123.18,50.28,10000 -123.15,50.25,10000 -123.12,50.21,10000 -123.08,50.17,10000 -123.04,50.14,10000 -122.99,50.10,10000 -122.93,50.06,10000 -122.88,50.02,10000 -122.82,49.99,10000 -122.77,49.96,10000 -122.71,49.93,10000 -122.64,49.91,10000 -122.58,49.89,10000 -122.52,49.88,10000 -122.47,49.86,10000 -122.41,49.84,10000 -122.35,49.82,10000 -122.31,49.80,10000 -122.27,49.77,10000 -122.24,49.73,10000 -122.22,49.69,10000 -122.22,49.65,10000 -122.22,49.61,10000 -122.25,49.56,10000 -122.29,49.52,10000 -122.35,49.49,10000 -122.40,49.47,10000 -122.46,49.46,10000 -122.53,49.46,10000 -122.61,49.46,10000 -122.67,49.46,10000 -122.74,49.47,10000 -122.81,49.47,10000 -122.88,49.48,10000 -122.95,49.49,10000 -123.02,49.50,10000 -123.09,49.51,10000 -123.16,49.53,10000 -123.24,49.55,10000 -123.31,49.57,10000 -123.37,49.59,10000 -123.43,49.61,10000 -123.48,49.64,10000 -123.53,49.67,10000 -123.56,49.70,10000 -123.60,49.73,10000 -123.63,49.76,10000 -123.67,49.80,10000 -123.70,49.83,10000 -123.74,49.87,10000 -123.79,49.90,10000 -123.85,49.93,10000 -123.91,49.95,10000 -123.98,49.97,10000 -124.05,50.00,10000 -124.12,50.02,10000 -124.18,50.04,10000 -124.25,50.07,10000 -124.31,50.09,10000 -124.38,50.12,10000 -124.44,50.15,10000 -124.48,50.18,10000 -124.53,50.21,10000 -124.57,50.25,10000 -124.62,50.28,10000 -124.66,50.32,10000 -124.71,50.36,10000 -124.75,50.40,10000 -124.77,50.47,10000 
          </coordinates>
        </LinearRing>
      </innerBoundaryIs>
  </Polygon>
 </MultiGeometry>
</Placemark>
<Placemark>
  <name>80%</name>
  <visibility>1</visibility>
  <styleUrl>#poly_80</styleUrl>
  <MultiGeometry>
    <Polygon>
      <outerBoundaryIs>
        <LinearRing>
          <coordinates>
-117.80,40.70,9000 -117.67,40.73,9000 -117.56,40.73,9000 -117.50,40.69,9000 -117.44,40.61,9000 -117.40,40.55,9000 -117.36,40.49,9000 -117.31,40.42,9000 -117.24,40.36,9000 -117.15,40.31,9000 -117.03,40.27,9000 -116.92,40.23,9000 -116.83,40.19,9000 -116.73,40.15,9000 -116.67,40.10,9000 -116.63,40.05,9000 -116.59,39.98,9000 -116.58,39.91,9000 -116.59,39.84,9000 -116.62,39.77,9000 -116.66,39.70,9000 -116.69,39.63,9000 -116.72,39.56,9000 -116.76,39.49,9000 -116.80,39.44,9000 -116.90,39.39,9000 -116.99,39.32,9000 -117.03,39.23,9000 -117.06,39.13,9000 -117.06,39.05,9000 -117.01,39.00,9000 -116.93,38.99,9000 -116.88,39.02,9000 -116.81,39.08,9000 -116.74,39.12,9000 -116.65,39.17,9000 -116.54,39.18,9000 -116.44,39.15,9000 -116.33,39.11,9000 -116.22,39.05,9000 -116.14,38.99,9000 -116.09,38.91,9000 -116.09,38.83,9000 -116.10,38.76,9000 -116.13,38.70,9000 -116.20,38.63,9000 -116.26,38.57,9000 -116.32,38.50,9000 -116.39,38.43,9000 -116.45,38.37,9000 -116.51,38.30,9000 -116.57,38.26,9000 -116.64,38.23,9000 -116.71,38.20,9000 -116.80,38.19,9000 -116.90,38.21,9000 -117.01,38.25,9000 -117.11,38.31,9000 -117.19,38.37,9000 -117.26,38.43,9000 -117.33,38.50,9000 -117.40,38.55,9000 -117.52,38.60,9000 -117.61,38.64,9000 -117.68,38.70,9000 -117.73,38.77,9000 -117.75,38.84,9000 -117.77,38.93,9000 -117.79,39.01,9000 -117.83,39.07,9000 -117.88,39.12,9000 -117.93,39.18,9000 -117.97,39.25,9000 -118.01,39.33,9000 -118.01,39.41,9000 -117.98,39.47,9000 -117.93,39.53,9000 -117.86,39.60,9000 -117.80,39.66,9000 -117.74,39.72,9000 -117.67,39.78,9000 -117.60,39.84,9000 -117.56,39.90,9000 -117.53,39.97,9000 -117.53,40.04,9000 -117.55,40.10,9000 -117.59,40.15,9000 -117.69,40.20,9000 -117.77,40.24,9000 -117.86,40.28,9000 -117.97,40.33,9000 -118.09,40.38,9000 -118.21,40.43,9000 -117.80,40.70,9000 
          </coordinates>
        </LinearRing>
      </outerBoundaryIs>
      <innerBoundaryIs>
        <LinearRing>
          <coordinates>
-117.48,39.24,10000 -117.48,39.23,10000 -117.47,39.22,10000 -117.47,39.20,10000 -117.47,39.19,10000 -117.46,39.18,10000 -117.46,39.17,10000 -117.46,39.15,10000 -117.45,39.14,10000 -117.45,39.13,10000 -117.45,39.12,10000 -117.45,39.11,10000 -117.44,39.09,10000 -117.44,39.08,10000 -117.44,39.07,10000 -117.43,39.05,10000 -117.43,39.04,10000 -117.43,39.02,10000 -117.43,39.01,10000 -117.42,38.99,10000 -117.42,38.98,10000 -117.42,38.97,10000 -117.42,38.95,10000 -117.42,38.94,10000 -117.41,38.93,10000 -117.41,38.92,10000 -117.41,38.91,10000 -117.40,38.89,10000 -117.40,38.88,10000 -117.40,38.88,10000 -117.40,38.88,10000 -117.41,38.89,10000 -117.42,38.91,10000 -117.42,38.92,10000 -117.43,38.93,10000 -117.43,38.94,10000 -117.43,38.95,10000 -117.44,38.96,10000 -117.44,38.98,10000 -117.44,38.99,10000 -117.45,39.00,10000 -117.45,39.02,10000 -117.46,39.03,10000 -117.46,39.05,10000 -117.47,39.06,10000 -117.47,39.08,10000 -117.48,39.24,10000 
          </coordinates>
        </LinearRing>
      </innerBoundaryIs>
      <innerBoundaryIs>
        <LinearRing>
          <coordinates>
-116.93,38.80,10000 -116.91,38.81,10000 -116.88,38.82,10000 -116.86,38.83,10000 -116.84,38.84,10000 -116.81,38.85,10000 -116.79,38.86,10000 -116.77,38.87,10000 -116.74,38.88,10000 -116.72,38.89,10000 -116.69,38.90,10000 -116.66,38.91,10000 -116.63,38.92,10000 -116.61,38.93,10000 -116.58,38.93,10000 -116.55,38.94,10000 -116.52,38.94,10000 -116.50,38.94,10000 -116.47,38.94,10000 -116.44,38.93,10000 -116.41,38.91,10000 -116.39,38.90,10000 -116.37,38.88,10000 -116.36,38.86,10000 -116.36,38.84,10000 -116.36,38.82,10000 -116.36,38.80,10000 -116.36,38.78,10000 -116.37,38.76,10000 -116.37,38.73,10000 -116.38,38.71,10000 -116.39,38.70,10000 -116.39,38.68,10000 -116.40,38.66,10000 -116.41,38.65,10000 -116.42,38.64,10000 -116.43,38.62,10000 -116.44,38.60,10000 -116.45,38.58,10000 -116.46,38.56,10000 -116.48,38.54,10000 -116.49,38.52,10000 -116.51,38.50,10000 -116.52,38.48,10000 -116.54,38.46,10000 -116.55,38.45,10000 -116.57,38.43,10000 -116.59,38.42,10000 -116.62,38.41,10000 -116.64,38.40,10000 -116.67,38.39,10000 -116.69,38.38,10000 -116.72,38.37,10000 -116.75,38.36,10000 -116.78,38.35,10000 -116.80,38.34,10000 -116.83,38.34,10000 -116.86,38.34,10000 -116.88,38.35,10000 -116.91,38.36,10000 -116.93,38.37,10000 -116.96,38.38,10000 -116.98,38.40,10000 -117.00,38.41,10000 -117.02,38.42,10000 -117.04,38.44,10000 -117.06,38.45,10000 -117.07,38.47,10000 -117.08,38.49,10000 -117.09,38.51,10000 -117.10,38.52,10000 -117.11,38.54,10000 -117.13,38.55,10000 -117.13,38.57,10000 -117.14,38.58,10000 -117.14,38.60,10000 -117.15,38.61,10000 -117.14,38.63,10000 -117.13,38.65,10000 -117.12,38.66,10000 -117.11,38.68,10000 -117.09,38.69,10000 -117.07,38.71,10000 -117.05,38.73,10000 -117.03,38.74,10000 -117.01,38.76,10000 -116.99,38.78,10000 -116.93,38.80,10000 
          </coordinates>
        </LinearRing>
      </innerBoundaryIs>
  </Polygon>
 </MultiGeometry>
</Placemark>
<Placemark>
  <name>80%</name>
  <visibility>1</visibility>
  <styleUrl>#poly_80</styleUrl>
  <MultiGeometry>
    <Polygon>
      <outerBoundaryIs>
        <LinearRing>
          <coordinates>
-108.11,37.97,9000 -108.05,37.98,9000 -107.98,37.98,9000 -107.92,37.99,9000 -107.86,38.00,9000 -107.81,38.01,9000 -107.75,38.01,9000 -107.70,38.02,9000 -107.66,38.03,9000 -107.59,38.05,9000 -107.54,38.07,9000 -107.50,38.09,9000 -107.45,38.10,9000 -107.40,38.10,9000 -107.36,38.09,9000 -107.31,38.08,9000 -107.26,38.07,9000 -107.21,38.05,9000 -107.16,38.03,9000 -107.11,38.02,9000 -107.07,38.00,9000 -107.02,37.97,9000 -106.97,37.95,9000 -106.92,37.93,9000 -106.87,37.91,9000 -106.83,37.88,9000 -106.78,37.85,9000 -106.73,37.81,9000 -106.70,37.78,9000 -106.67,37.74,9000 -106.64,37.69,9000 -106.60,37.65,9000 -106.57,37.60,9000 -106.55,37.56,9000 -106.52,37.52,9000 -106.50,37.48,9000 -106.47,37.43,9000 -106.45,37.39,9000 -106.43,37.35,9000 -106.42,37.30,9000 -106.41,37.26,9000 -106.40,37.22,9000 -106.39,37.17,9000 -106.37,37.11,9000 -106.36,37.06,9000 -106.36,37.02,9000 -106.36,36.98,9000 -106.37,36.95,9000 -106.40,36.92,9000 -106.45,36.91,9000 -106.51,36.91,9000 -106.57,36.92,9000 -106.63,36.93,9000 -106.67,36.95,9000 -106.71,36.97,9000 -106.76,37.00,9000 -106.80,37.03,9000 -106.84,37.06,9000 -106.88,37.09,9000 -106.92,37.12,9000 -106.96,37.15,9000 -107.00,37.17,9000 -107.04,37.20,9000 -107.08,37.23,9000 -107.12,37.25,9000 -107.16,37.27,9000 -107.20,37.29,9000 -107.24,37.31,9000 -107.29,37.33,9000 -107.35,37.34,9000 -107.40,37.35,9000 -107.45,37.35,9000 -107.52,37.36,9000 -107.58,37.36,9000 -107.64,37.36,9000 -107.71,37.37,9000 -107.76,37.37,9000 -107.81,37.37,9000 -107.88,37.37,9000 -107.93,37.36,9000 -107.98,37.36,9000 -108.03,37.37,9000 -108.08,37.39,9000 -108.13,37.41,9000 -108.18,37.43,9000 -108.23,37.46,9000 -108.27,37.49,9000 -108.31,37.52,9000 -108.35,37.56,9000 -108.37,37.61,9000 -108.38,37.66,9000 -108.38,37.70,9000 -108.37,37.74,9000 -108.34,37.78,9000 -108.31,37.81,9000 -108.11,37.97,9000 
          </coordinates>
        </LinearRing>
      </outerBoundaryIs>
      <innerBoundaryIs>
        <LinearRing>
          <coordinates>
-107.43,37.96,10000 -107.40,37.96,10000 -107.36,37.95,10000 -107.32,37.94,10000 -107.28,37.92,10000 -107.23,37.90,10000 -107.19,37.88,10000 -107.15,37.86,10000 -107.11,37.84,10000 -107.07,37.82,10000 -107.04,37.80,10000 -107.01,37.79,10000 -106.98,37.78,10000 -106.95,37.76,10000 -106.92,37.74,10000 -106.88,37.71,10000 -106.84,37.69,10000 -106.81,37.66,10000 -106.78,37.64,10000 -106.74,37.61,10000 -106.71,37.59,10000 -106.69,37.57,10000 -106.67,37.54,10000 -106.65,37.51,10000 -106.63,37.47,10000 -106.61,37.44,10000 -106.59,37.41,10000 -106.57,37.37,10000 -106.55,37.34,10000 -106.54,37.30,10000 -106.53,37.26,10000 -106.52,37.22,10000 -106.52,37.18,10000 -106.52,37.15,10000 -106.53,37.12,10000 -106.56,37.09,10000 -106.61,37.07,10000 -106.65,37.06,10000 -106.68,37.07,10000 -106.71,37.10,10000 -106.74,37.12,10000 -106.78,37.15,10000 -106.82,37.19,10000 -106.86,37.22,10000 -106.89,37.24,10000 -106.91,37.26,10000 -106.94,37.27,10000 -106.97,37.29,10000 -107.00,37.31,10000 -107.04,37.33,10000 -107.09,37.35,10000 -107.13,37.37,10000 -107.18,37.38,10000 -107.23,37.39,10000 -107.28,37.40,10000 -107.32,37.41,10000 -107.36,37.41,10000 -107.41,37.41,10000 -107.44,37.42,10000 -107.49,37.43,10000 -107.54,37.45,10000 -107.59,37.46,10000 -107.63,37.46,10000 -107.68,37.47,10000 -107.73,37.47,10000 -107.77,37.47,10000 -107.82,37.47,10000 -107.87,37.47,10000 -107.92,37.47,10000 -107.97,37.47,10000 -108.01,37.47,10000 -108.05,37.48,10000 -108.10,37.49,10000 -108.13,37.51,10000 -108.16,37.54,10000 -108.18,37.57,10000 -108.20,37.60,10000 -108.22,37.64,10000 -108.23,37.68,10000 -108.23,37.71,10000 -108.22,37.74,10000 -108.19,37.77,10000 -108.16,37.80,10000 -108.13,37.82,10000 -108.09,37.84,10000 -108.05,37.86,10000 -108.01,37.87,10000 -107.96,37.87,10000 -107.92,37.88,10000 -107.87,37.89,10000 -107.82,37.90,10000 -107.77,37.91,10000 -107.72,37.92,10000 -107.68,37.92,10000 -107.65,37.93,10000 -107.63,37.93,10000 -107.43,37.96,10000 
          </coordinates>
        </LinearRing>
      </innerBoundaryIs>
  </Polygon>
 </MultiGeometry>
</Placemark>
<Placemark>
  <name>80%</name>
  <visibility>1</visibility>
  <styleUrl>#poly_80</styleUrl>
  <MultiGeometry>
    <Polygon>
      <outerBoundaryIs>
        <LinearRing>
          <coordinates>
-105.88,40.56,9000 -105.88,40.57,9000 -105.87,40.56,9000 -105.86,40.54,9000 -105.86,40.53,9000 -105.85,40.52,9000 -105.85,40.52,9000 -105.85,40.50,9000 -105.84,40.49,9000 -105.84,40.48,9000 -105.84,40.47,9000 -105.83,40.46,9000 -105.83,40.44,9000 -105.82,40.43,9000 -105.82,40.42,9000 -105.82,40.40,9000 -105.81,40.39,9000 -105.81,40.38,9000 -105.81,40.37,9000 -105.81,40.36,9000 -105.81,40.35,9000 -105.81,40.33,9000 -105.81,40.32,9000 -105.81,40.30,9000 -105.81,40.29,9000 -105.82,40.28,9000 -105.82,40.27,9000 -105.83,40.26,9000 -105.84,40.25,9000 -105.85,40.25,9000 -105.86,40.25,9000 -105.87,40.25,9000 -105.88,40.25,9000 -105.90,40.25,9000 -105.91,40.26,9000 -105.93,40.26,9000 -105.94,40.26,9000 -105.96,40.27,9000 -105.97,40.27,9000 -105.99,40.28,9000 -106.01,40.28,9000 -106.02,40.29,9000 -106.04,40.29,9000 -106.05,40.30,9000 -106.07,40.30,9000 -106.08,40.31,9000 -106.09,40.31,9000 -106.11,40.31,9000 -106.13,40.32,9000 -106.15,40.32,9000 -106.17,40.32,9000 -106.18,40.33,9000 -106.19,40.33,9000 -106.20,40.33,9000 -106.20,40.34,9000 -106.20,40.35,9000 -106.19,40.35,9000 -106.19,40.36,9000 -106.18,40.37,9000 -106.17,40.37,9000 -106.15,40.38,9000 -106.14,40.39,9000 -106.13,40.40,9000 -106.11,40.41,9000 -106.10,40.42,9000 -106.09,40.43,9000 -106.08,40.43,9000 -106.07,40.44,9000 -106.06,40.45,9000 -106.05,40.46,9000 -106.04,40.46,9000 -106.03,40.47,9000 -106.02,40.48,9000 -106.01,40.49,9000 -106.00,40.50,9000 -105.99,40.50,9000 -105.98,40.51,9000 -105.97,40.52,9000 -105.96,40.53,9000 -105.88,40.56,9000 
          </coordinates>
        </LinearRing>
      </outerBoundaryIs>
  </Polygon>
 </MultiGeometry>
</Placemark>
<Placemark>
  <name>80%</name>
  <visibility>1</visibility>
  <styleUrl>#poly_80</styleUrl>
  <MultiGeometry>
    <Polygon>
      <outerBoundaryIs>
        <LinearRing>
          <coordinates>
-118.47,51.35,9000 -117.94,51.41,9000 -117.47,51.40,9000 -117.20,51.29,9000 -117.18,51.02,9000 -116.66,50.78,9000 -116.17,50.48,9000 -115.95,50.09,9000 -115.99,49.71,9000 -115.92,49.50,9000 -115.66,49.32,9000 -115.27,48.96,9000 -115.08,49.26,9000 -115.24,49.48,9000 -115.44,49.68,9000 -115.53,49.89,9000 -115.55,50.14,9000 -115.44,50.35,9000 -115.42,50.55,9000 -115.55,50.70,9000 -115.67,50.83,9000 -115.52,50.99,9000 -115.33,51.20,9000 -115.72,51.28,9000 -116.09,51.27,9000 -116.50,51.46,9000 -116.11,51.59,9000 -115.65,51.63,9000 -115.11,51.68,9000 -114.36,51.76,9000 -113.52,51.83,9000 -112.71,51.90,9000 -112.04,51.95,9000 -111.25,52.01,9000 -110.64,52.05,9000 -110.07,52.09,9000 -109.50,52.13,9000 -108.96,52.16,9000 -108.38,52.20,9000 -107.68,52.24,9000 -106.94,52.28,9000 -106.36,52.31,9000 -105.78,52.34,9000 -105.24,52.32,9000 -104.91,52.30,9000 -104.48,52.24,9000 -103.79,52.06,9000 -103.13,51.89,9000 -102.58,51.87,9000 -102.04,51.71,9000 -101.74,51.54,9000 -101.48,51.45,9000 -101.27,51.44,9000 -100.68,51.42,9000 -100.20,51.30,9000 -100.09,51.18,9000 -99.89,51.00,9000 -99.65,50.91,9000 -99.43,50.79,9000 -99.25,50.60,9000 -99.27,50.27,9000 -99.39,50.10,9000 -99.60,49.93,9000 -99.81,49.83,9000 -100.19,49.76,9000 -100.60,49.68,9000 -101.03,49.43,9000 -101.34,49.15,9000 -101.66,49.05,9000 -102.15,49.02,9000 -102.77,49.19,9000 -103.10,49.33,9000 -103.40,49.45,9000 -103.73,49.54,9000 -104.07,49.57,9000 -104.50,49.61,9000 -104.75,49.66,9000 -105.08,49.83,9000 -105.24,49.97,9000 -105.37,50.31,9000 -105.53,50.49,9000 -105.83,50.59,9000 -106.09,50.73,9000 -106.38,50.87,9000 -106.59,50.91,9000 -107.14,50.84,9000 -107.58,50.77,9000 -107.95,50.78,9000 -108.23,50.86,9000 -108.65,50.90,9000 -109.06,50.85,9000 -109.51,50.78,9000 -109.88,50.70,9000 -110.21,50.61,9000 -110.71,50.49,9000 -110.94,50.33,9000 -111.18,50.18,9000 -111.60,50.10,9000 -112.02,50.16,9000 -112.46,50.22,9000 -112.97,50.17,9000 -113.31,50.22,9000 -113.55,50.37,9000 -113.93,50.47,9000 -114.06,50.33,9000 -114.00,50.21,9000 -113.89,50.00,9000 -113.86,49.72,9000 -113.86,49.54,9000 -113.58,49.35,9000 -113.29,49.17,9000 -113.13,49.00,9000 -113.17,48.76,9000 -113.20,48.60,9000 -113.13,48.39,9000 -112.80,48.09,9000 -112.72,47.85,9000 -112.76,47.69,9000 -112.76,47.47,9000 -112.64,47.31,9000 -112.54,47.06,9000 -112.55,46.79,9000 -112.83,46.95,9000 -113.11,47.08,9000 -113.35,47.14,9000 -113.61,47.08,9000 -113.86,47.10,9000 -113.91,47.19,9000 -113.94,47.48,9000 -113.98,47.68,9000 -113.93,47.93,9000 -114.06,48.28,9000 -114.25,48.44,9000 -114.78,48.59,9000 -114.89,48.79,9000 -114.99,48.90,9000 -115.17,48.85,9000 -115.32,48.60,9000 -115.51,48.43,9000 -115.41,48.19,9000 -115.28,48.06,9000 -115.29,47.84,9000 -115.45,47.69,9000 -115.40,47.56,9000 -115.01,47.22,9000 -114.73,47.08,9000 -114.58,46.91,9000 -114.42,46.71,9000 -114.37,46.45,9000 -114.57,46.04,9000 -114.85,46.08,9000 -115.02,46.00,9000 -115.28,45.71,9000 -115.47,45.39,9000 -115.08,45.11,9000 -114.82,44.77,9000 -114.59,44.55,9000 -114.51,44.39,9000 -114.28,44.16,9000 -113.91,44.16,9000 -113.62,44.32,9000 -113.34,44.49,9000 -112.99,44.52,9000 -112.53,44.61,9000 -112.25,44.78,9000 -111.99,44.95,9000 -111.77,45.01,9000 -111.44,45.18,9000 -111.27,45.25,9000 -111.14,45.20,9000 -110.95,45.06,9000 -110.45,44.83,9000 -110.09,44.76,9000 -110.09,44.48,9000 -109.83,44.11,9000 -109.76,43.97,9000 -109.80,43.81,9000 -109.86,43.68,9000 -109.91,43.55,9000 -109.81,43.41,9000 -109.63,43.29,9000 -109.23,42.94,9000 -109.14,42.73,9000 -109.18,42.57,9000 -109.46,42.70,9000 -109.77,42.87,9000 -110.11,43.00,9000 -110.41,42.84,9000 -110.49,42.58,9000 -110.56,42.31,9000 -110.73,42.11,9000 -110.98,42.05,9000 -111.07,41.83,9000 -111.01,41.52,9000 -110.86,41.22,9000 -110.45,40.97,9000 -110.09,40.73,9000 -110.34,40.56,9000 -110.69,40.37,9000 -110.80,40.26,9000 -110.90,39.98,9000 -111.25,39.65,9000 -111.41,39.68,9000 -111.51,39.84,9000 -111.50,40.10,9000 -111.63,40.37,9000 -111.68,40.69,9000 -111.73,41.04,9000 -111.81,41.28,9000 -111.86,41.66,9000 -111.94,42.03,9000 -112.20,42.17,9000 -112.29,42.31,9000 -112.25,42.46,9000 -111.92,42.85,9000 -111.66,43.07,9000 -111.43,43.27,9000 -111.31,43.46,9000 -111.27,43.66,9000 -111.15,43.89,9000 -111.32,44.17,9000 -111.90,44.27,9000 -112.46,44.30,9000 -112.71,44.18,9000 -112.95,44.00,9000 -113.36,43.64,9000 -113.54,43.51,9000 -113.89,43.41,9000 -114.30,43.40,9000 -114.72,43.40,9000 -115.14,43.38,9000 -115.36,43.41,9000 -115.58,43.55,9000 -115.80,43.78,9000 -116.00,44.13,9000 -116.27,44.53,9000 -116.56,44.73,9000 -116.86,44.81,9000 -117.41,45.02,9000 -117.69,45.25,9000 -117.63,45.40,9000 -117.40,45.61,9000 -117.22,45.63,9000 -116.94,45.52,9000 -116.61,45.47,9000 -116.31,45.49,9000 -116.15,45.56,9000 -115.74,45.91,9000 -115.58,46.05,9000 -115.53,46.19,9000 -115.61,46.31,9000 -115.76,46.56,9000 -115.95,46.80,9000 -116.31,46.90,9000 -116.53,47.06,9000 -116.36,47.46,9000 -116.22,47.62,9000 -116.32,47.71,9000 -116.36,47.97,9000 -116.17,48.13,9000 -116.21,48.27,9000 -116.36,48.37,9000 -116.73,48.34,9000 -117.17,48.27,9000 -117.48,48.32,9000 -117.63,48.59,9000 -117.59,48.84,9000 -117.49,49.02,9000 -117.66,49.28,9000 -117.97,49.22,9000 -118.17,49.25,9000 -118.42,49.52,9000 -118.61,49.74,9000 -118.75,49.95,9000 -118.55,50.12,9000 -118.37,50.06,9000 -118.27,49.76,9000 -117.95,49.76,9000 -117.80,49.83,9000 -117.61,50.16,9000 -117.67,50.36,9000 -117.92,50.49,9000 -118.07,50.40,9000 -118.22,50.32,9000 -118.45,50.40,9000 -118.53,50.58,9000 -118.52,50.80,9000 -118.53,51.01,9000 -118.62,51.19,9000 -118.47,51.35,9000 
          </coordinates>
        </LinearRing>
      </outerBoundaryIs>
      <innerBoundaryIs>
        <LinearRing>
          <coordinates>
-116.14,51.49,10000 -115.82,51.52,10000 -115.51,51.55,10000 -115.19,51.58,10000 -114.88,51.62,10000 -114.56,51.65,10000 -114.24,51.69,10000 -113.89,51.72,10000 -113.53,51.74,10000 -113.18,51.77,10000 -112.78,51.80,10000 -112.27,51.85,10000 -111.95,51.88,10000 -111.58,51.91,10000 -111.18,51.94,10000 -110.76,51.97,10000 -110.36,52.00,10000 -109.97,52.03,10000 -109.57,52.06,10000 -109.17,52.08,10000 -108.77,52.11,10000 -108.38,52.13,10000 -107.98,52.15,10000 -107.56,52.18,10000 -107.15,52.20,10000 -106.78,52.22,10000 -106.45,52.23,10000 -106.03,52.25,10000 -105.71,52.27,10000 -105.43,52.27,10000 -105.17,52.26,10000 -104.70,52.15,10000 -104.40,52.08,10000 -104.00,51.98,10000 -103.56,51.86,10000 -103.11,51.74,10000 -102.68,51.62,10000 -102.31,51.50,10000 -102.04,51.41,10000 -101.74,51.19,10000 -101.75,51.04,10000 -101.55,50.83,10000 -101.52,50.55,10000 -101.39,50.33,10000 -101.16,50.10,10000 -101.07,49.91,10000 -101.12,49.76,10000 -101.34,49.58,10000 -101.57,49.41,10000 -101.78,49.32,10000 -102.02,49.33,10000 -102.35,49.44,10000 -102.61,49.57,10000 -102.93,49.71,10000 -103.30,49.80,10000 -103.66,49.88,10000 -103.95,49.96,10000 -104.18,50.05,10000 -104.46,50.26,10000 -104.54,50.39,10000 -104.63,50.54,10000 -104.74,50.69,10000 -104.99,50.88,10000 -105.18,50.99,10000 -105.41,51.11,10000 -105.69,51.25,10000 -105.94,51.40,10000 -106.08,51.55,10000 -106.18,51.67,10000 -106.32,51.76,10000 -106.60,51.80,10000 -106.85,51.73,10000 -107.17,51.65,10000 -107.39,51.61,10000 -107.62,51.58,10000 -107.98,51.62,10000 -108.27,51.65,10000 -108.48,51.64,10000 -108.74,51.62,10000 -109.08,51.58,10000 -109.49,51.52,10000 -109.81,51.46,10000 -110.15,51.38,10000 -110.45,51.31,10000 -110.81,51.21,10000 -111.08,51.13,10000 -111.32,51.06,10000 -111.54,50.98,10000 -111.75,50.99,10000 -112.08,51.06,10000 -112.41,51.14,10000 -112.69,51.26,10000 -112.90,51.45,10000 -113.28,51.56,10000 -113.53,51.56,10000 -113.90,51.52,10000 -114.35,51.49,10000 -114.76,51.49,10000 -115.19,51.50,10000 -115.49,51.48,10000 -115.80,51.46,10000 -116.11,51.43,10000 -116.14,51.49,10000 
          </coordinates>
        </LinearRing>
      </innerBoundaryIs>
      <innerBoundaryIs>
        <LinearRing>
          <coordinates>
-116.62,50.28,10000 -116.52,50.28,10000 -116.43,50.27,10000 -116.35,50.23,10000 -116.32,50.20,10000 -116.29,50.15,10000 -116.27,50.10,10000 -116.25,50.04,10000 -116.23,49.97,10000 -116.22,49.92,10000 -116.21,49.86,10000 -116.21,49.79,10000 -116.20,49.72,10000 -116.19,49.65,10000 -116.19,49.58,10000 -116.18,49.53,10000 -116.17,49.48,10000 -116.14,49.40,10000 -116.11,49.37,10000 -116.06,49.33,10000 -116.00,49.30,10000 -115.93,49.27,10000 -115.86,49.23,10000 -115.80,49.18,10000 -115.77,49.13,10000 -115.74,49.08,10000 -115.71,49.02,10000 -115.69,48.96,10000 -115.68,48.91,10000 -115.67,48.87,10000 -115.68,48.81,10000 -115.74,48.79,10000 -115.82,48.78,10000 -115.91,48.79,10000 -116.00,48.81,10000 -116.05,48.84,10000 -116.09,48.88,10000 -116.13,48.93,10000 -116.16,48.97,10000 -116.17,49.03,10000 -116.17,49.09,10000 -116.18,49.15,10000 -116.23,49.20,10000 -116.30,49.25,10000 -116.37,49.29,10000 -116.45,49.33,10000 -116.54,49.35,10000 -116.63,49.35,10000 -116.69,49.31,10000 -116.76,49.26,10000 -116.81,49.19,10000 -116.85,49.14,10000 -116.87,49.09,10000 -116.82,49.03,10000 -116.77,48.99,10000 -116.69,48.94,10000 -116.61,48.89,10000 -116.54,48.84,10000 -116.51,48.79,10000 -116.52,48.73,10000 -116.55,48.66,10000 -116.62,48.61,10000 -116.71,48.58,10000 -116.78,48.58,10000 -116.87,48.59,10000 -116.97,48.60,10000 -117.07,48.62,10000 -117.16,48.65,10000 -117.24,48.67,10000 -117.29,48.69,10000 -117.31,48.74,10000 -117.26,48.79,10000 -117.21,48.86,10000 -117.20,48.91,10000 -117.20,48.97,10000 -117.20,49.03,10000 -117.20,49.10,10000 -117.20,49.16,10000 -117.20,49.21,10000 -117.20,49.27,10000 -117.20,49.32,10000 -117.19,49.37,10000 -117.17,49.41,10000 -117.12,49.45,10000 -117.05,49.49,10000 -116.99,49.53,10000 -116.95,49.57,10000 -116.96,49.62,10000 -116.99,49.67,10000 -117.02,49.72,10000 -117.02,49.78,10000 -117.01,49.84,10000 -116.97,49.90,10000 -116.93,49.94,10000 -116.88,49.98,10000 -116.82,50.01,10000 -116.75,50.05,10000 -116.68,50.09,10000 -116.62,50.28,10000 
          </coordinates>
        </LinearRing>
      </innerBoundaryIs>
      <innerBoundaryIs>
        <LinearRing>
          <coordinates>
-115.05,50.24,10000 -114.91,50.24,10000 -114.80,50.23,10000 -114.74,50.20,10000 -114.69,50.13,10000 -114.64,50.04,10000 -114.57,49.92,10000 -114.52,49.81,10000 -114.48,49.70,10000 -114.45,49.58,10000 -114.41,49.49,10000 -114.35,49.41,10000 -114.25,49.33,10000 -114.14,49.27,10000 -114.01,49.20,10000 -113.87,49.13,10000 -113.75,49.05,10000 -113.66,48.97,10000 -113.59,48.89,10000 -113.53,48.81,10000 -113.48,48.74,10000 -113.43,48.66,10000 -113.40,48.58,10000 -113.35,48.48,10000 -113.30,48.36,10000 -113.24,48.26,10000 -113.13,48.18,10000 -113.02,48.11,10000 -112.94,48.03,10000 -112.89,47.95,10000 -112.88,47.88,10000 -112.89,47.79,10000 -112.90,47.71,10000 -112.91,47.61,10000 -112.91,47.52,10000 -112.91,47.44,10000 -112.87,47.34,10000 -112.83,47.28,10000 -112.87,47.18,10000 -112.96,47.19,10000 -113.08,47.21,10000 -113.21,47.24,10000 -113.36,47.26,10000 -113.52,47.28,10000 -113.64,47.31,10000 -113.70,47.37,10000 -113.73,47.44,10000 -113.75,47.53,10000 -113.77,47.64,10000 -113.79,47.76,10000 -113.79,47.86,10000 -113.76,47.96,10000 -113.74,48.04,10000 -113.78,48.11,10000 -113.84,48.20,10000 -113.86,48.30,10000 -113.88,48.43,10000 -113.91,48.53,10000 -113.96,48.62,10000 -114.02,48.68,10000 -114.10,48.74,10000 -114.20,48.78,10000 -114.34,48.77,10000 -114.46,48.75,10000 -114.54,48.81,10000 -114.61,48.89,10000 -114.71,49.00,10000 -114.78,49.09,10000 -114.81,49.17,10000 -114.85,49.28,10000 -114.91,49.36,10000 -114.99,49.46,10000 -115.07,49.56,10000 -115.15,49.66,10000 -115.21,49.74,10000 -115.25,49.84,10000 -115.26,49.91,10000 -115.25,49.97,10000 -115.05,50.24,10000 
          </coordinates>
        </LinearRing>
      </innerBoundaryIs>
      <innerBoundaryIs>
        <LinearRing>
          <coordinates>
-118.45,51.28,10000 -118.42,51.28,10000 -118.39,51.29,10000 -118.36,51.29,10000 -118.33,51.29,10000 -118.30,51.30,10000 -118.28,51.30,10000 -118.25,51.30,10000 -118.22,51.31,10000 -118.19,51.31,10000 -118.16,51.31,10000 -118.13,51.32,10000 -118.10,51.32,10000 -118.06,51.32,10000 -118.03,51.32,10000 -118.00,51.32,10000 -117.97,51.33,10000 -117.94,51.33,10000 -117.91,51.33,10000 -117.88,51.34,10000 -117.85,51.34,10000 -117.83,51.35,10000 -117.80,51.35,10000 -117.77,51.35,10000 -117.74,51.36,10000 -117.71,51.36,10000 -117.68,51.36,10000 -117.65,51.36,10000 -117.61,51.36,10000 -117.58,51.36,10000 -117.54,51.36,10000 -117.50,51.36,10000 -117.47,51.36,10000 -117.45,51.35,10000 -117.43,51.35,10000 -117.42,51.34,10000 -117.42,51.33,10000 -117.43,51.32,10000 -117.44,51.30,10000 -117.46,51.29,10000 -117.48,51.27,10000 -117.50,51.25,10000 -117.53,51.23,10000 -117.56,51.22,10000 -117.58,51.20,10000 -117.61,51.19,10000 -117.63,51.18,10000 -117.66,51.17,10000 -117.68,51.17,10000 -117.71,51.17,10000 -117.74,51.17,10000 -117.77,51.17,10000 -117.80,51.17,10000 -117.83,51.17,10000 -117.86,51.17,10000 -117.89,51.17,10000 -117.92,51.17,10000 -117.95,51.16,10000 -117.98,51.16,10000 -118.02,51.15,10000 -118.05,51.14,10000 -118.08,51.14,10000 -118.11,51.13,10000 -118.14,51.13,10000 -118.17,51.13,10000 -118.20,51.12,10000 -118.23,51.12,10000 -118.26,51.12,10000 -118.29,51.12,10000 -118.32,51.11,10000 -118.35,51.11,10000 -118.38,51.12,10000 -118.40,51.12,10000 -118.43,51.13,10000 -118.45,51.14,10000 -118.46,51.16,10000 -118.48,51.18,10000 -118.49,51.20,10000 -118.50,51.22,10000 -118.45,51.28,10000 
          </coordinates>
        </LinearRing>
      </innerBoundaryIs>
      <innerBoundaryIs>
        <LinearRing>
          <coordinates>
-115.92,47.38,10000 -115.86,47.40,10000 -115.79,47.41,10000 -115.73,47.42,10000 -115.68,47.42,10000 -115.62,47.41,10000 -115.58,47.39,10000 -115.52,47.36,10000 -115.48,47.34,10000 -115.43,47.31,10000 -115.38,47.27,10000 -115.34,47.24,10000 -115.29,47.21,10000 -115.25,47.18,10000 -115.21,47.16,10000 -115.18,47.13,10000 -115.14,47.10,10000 -115.09,47.06,10000 -115.06,47.03,10000 -115.02,47.00,10000 -114.98,46.96,10000 -114.94,46.92,10000 -114.90,46.88,10000 -114.86,46.84,10000 -114.82,46.81,10000 -114.78,46.78,10000 -114.73,46.75,10000 -114.67,46.72,10000 -114.62,46.69,10000 -114.57,46.67,10000 -114.53,46.65,10000 -114.50,46.63,10000 -114.47,46.60,10000 -114.47,46.58,10000 -114.49,46.54,10000 -114.50,46.51,10000 -114.52,46.48,10000 -114.54,46.43,10000 -114.56,46.39,10000 -114.59,46.35,10000 -114.61,46.31,10000 -114.63,46.27,10000 -114.65,46.25,10000 -114.69,46.22,10000 -114.74,46.24,10000 -114.78,46.25,10000 -114.83,46.27,10000 -114.88,46.29,10000 -114.93,46.30,10000 -114.99,46.29,10000 -115.05,46.27,10000 -115.11,46.25,10000 -115.17,46.24,10000 -115.22,46.25,10000 -115.26,46.26,10000 -115.31,46.28,10000 -115.36,46.30,10000 -115.40,46.33,10000 -115.44,46.36,10000 -115.46,46.39,10000 -115.48,46.43,10000 -115.49,46.47,10000 -115.50,46.51,10000 -115.51,46.56,10000 -115.52,46.60,10000 -115.53,46.64,10000 -115.54,46.67,10000 -115.56,46.72,10000 -115.57,46.76,10000 -115.58,46.80,10000 -115.61,46.83,10000 -115.65,46.86,10000 -115.70,46.88,10000 -115.75,46.90,10000 -115.81,46.92,10000 -115.86,46.93,10000 -115.92,46.93,10000 -115.98,46.94,10000 -116.03,46.95,10000 -116.08,46.96,10000 -116.12,46.99,10000 -116.16,47.03,10000 -116.19,47.07,10000 -116.20,47.11,10000 -116.19,47.15,10000 -116.17,47.18,10000 -116.13,47.21,10000 -115.92,47.38,10000 
          </coordinates>
        </LinearRing>
      </innerBoundaryIs>
      <innerBoundaryIs>
        <LinearRing>
          <coordinates>
-111.25,45.06,10000 -111.05,44.94,10000 -110.86,44.83,10000 -110.71,44.72,10000 -110.56,44.57,10000 -110.45,44.44,10000 -110.30,44.34,10000 -110.17,44.25,10000 -110.06,44.15,10000 -109.99,44.05,10000 -109.96,43.95,10000 -109.96,43.85,10000 -110.04,43.69,10000 -110.05,43.59,10000 -110.04,43.50,10000 -109.99,43.40,10000 -109.89,43.33,10000 -109.76,43.26,10000 -109.61,43.19,10000 -109.49,43.10,10000 -109.42,42.97,10000 -109.42,42.88,10000 -109.54,42.90,10000 -109.70,42.98,10000 -109.84,43.08,10000 -109.98,43.17,10000 -110.12,43.19,10000 -110.25,43.18,10000 -110.49,43.12,10000 -110.56,43.03,10000 -110.60,42.93,10000 -110.60,42.75,10000 -110.61,42.62,10000 -110.64,42.49,10000 -110.70,42.37,10000 -110.80,42.28,10000 -110.94,42.30,10000 -111.09,42.32,10000 -111.23,42.27,10000 -111.32,42.16,10000 -111.33,42.03,10000 -111.31,41.88,10000 -111.28,41.73,10000 -111.23,41.54,10000 -111.18,41.37,10000 -111.14,41.26,10000 -111.06,41.17,10000 -110.91,41.06,10000 -110.72,40.95,10000 -110.52,40.86,10000 -110.35,40.78,10000 -110.32,40.72,10000 -110.44,40.64,10000 -110.61,40.52,10000 -110.78,40.40,10000 -110.92,40.30,10000 -111.04,40.13,10000 -111.12,40.02,10000 -111.26,40.02,10000 -111.39,40.11,10000 -111.45,40.21,10000 -111.50,40.35,10000 -111.54,40.49,10000 -111.56,40.62,10000 -111.56,40.75,10000 -111.57,40.88,10000 -111.60,41.02,10000 -111.65,41.17,10000 -111.68,41.31,10000 -111.70,41.48,10000 -111.71,41.67,10000 -111.71,41.81,10000 -111.70,41.98,10000 -111.69,42.14,10000 -111.67,42.28,10000 -111.62,42.44,10000 -111.55,42.56,10000 -111.46,42.68,10000 -111.35,42.80,10000 -111.19,42.89,10000 -111.05,43.00,10000 -111.03,43.12,10000 -111.04,43.25,10000 -111.05,43.38,10000 -111.05,43.55,10000 -111.03,43.70,10000 -110.92,43.85,10000 -110.93,44.01,10000 -111.02,44.11,10000 -111.16,44.20,10000 -111.32,44.27,10000 -111.53,44.33,10000 -111.72,44.36,10000 -111.93,44.39,10000 -112.09,44.41,10000 -112.21,44.43,10000 -112.25,44.59,10000 -112.16,44.69,10000 -112.02,44.78,10000 -111.88,44.83,10000 -111.72,44.86,10000 -111.25,45.06,10000 
          </coordinates>
        </LinearRing>
      </innerBoundaryIs>
      <innerBoundaryIs>
        <LinearRing>
          <coordinates>
-117.43,45.36,10000 -117.32,45.34,10000 -117.21,45.31,10000 -117.09,45.30,10000 -116.97,45.29,10000 -116.84,45.29,10000 -116.71,45.31,10000 -116.58,45.32,10000 -116.44,45.33,10000 -116.33,45.33,10000 -116.22,45.33,10000 -116.11,45.33,10000 -116.00,45.32,10000 -115.89,45.31,10000 -115.76,45.29,10000 -115.65,45.25,10000 -115.53,45.21,10000 -115.42,45.14,10000 -115.35,45.07,10000 -115.28,44.99,10000 -115.21,44.90,10000 -115.15,44.81,10000 -115.09,44.73,10000 -115.03,44.66,10000 -114.95,44.59,10000 -114.87,44.54,10000 -114.80,44.50,10000 -114.73,44.44,10000 -114.67,44.36,10000 -114.61,44.27,10000 -114.55,44.19,10000 -114.48,44.12,10000 -114.39,44.07,10000 -114.30,44.03,10000 -114.20,44.01,10000 -114.10,44.00,10000 -113.98,44.02,10000 -113.86,44.07,10000 -113.75,44.11,10000 -113.65,44.14,10000 -113.56,44.18,10000 -113.47,44.20,10000 -113.37,44.21,10000 -113.27,44.22,10000 -113.18,44.22,10000 -113.05,44.23,10000 -113.03,44.16,10000 -113.07,44.11,10000 -113.14,44.05,10000 -113.22,43.97,10000 -113.31,43.89,10000 -113.41,43.80,10000 -113.50,43.73,10000 -113.58,43.66,10000 -113.65,43.61,10000 -113.77,43.54,10000 -113.87,43.53,10000 -113.99,43.52,10000 -114.10,43.51,10000 -114.22,43.50,10000 -114.35,43.49,10000 -114.48,43.49,10000 -114.59,43.48,10000 -114.72,43.47,10000 -114.83,43.45,10000 -114.94,43.44,10000 -115.04,43.44,10000 -115.14,43.46,10000 -115.23,43.49,10000 -115.32,43.53,10000 -115.40,43.58,10000 -115.47,43.64,10000 -115.53,43.70,10000 -115.59,43.77,10000 -115.65,43.85,10000 -115.69,43.92,10000 -115.72,43.99,10000 -115.75,44.06,10000 -115.79,44.14,10000 -115.85,44.23,10000 -115.90,44.30,10000 -115.97,44.38,10000 -116.04,44.47,10000 -116.11,44.55,10000 -116.19,44.63,10000 -116.26,44.70,10000 -116.32,44.76,10000 -116.42,44.83,10000 -116.50,44.87,10000 -116.58,44.90,10000 -116.65,44.93,10000 -116.75,45.00,10000 -116.84,45.06,10000 -116.93,45.07,10000 -117.03,45.07,10000 -117.12,45.07,10000 -117.26,45.08,10000 -117.37,45.09,10000 -117.43,45.17,10000 -117.43,45.36,10000 
          </coordinates>
        </LinearRing>
      </innerBoundaryIs>
  </Polygon>
 </MultiGeometry>
</Placemark>
<Placemark>
  <name>80%</name>
  <visibility>1</visibility>
  <styleUrl>#poly_80</styleUrl>
  <MultiGeometry>
    <Polygon>
      <outerBoundaryIs>
        <LinearRing>
          <coordinates>
-118.41,45.34,9000 -118.39,45.34,9000 -118.36,45.32,9000 -118.34,45.31,9000 -118.32,45.29,9000 -118.30,45.27,9000 -118.28,45.24,9000 -118.25,45.22,9000 -118.23,45.19,9000 -118.21,45.17,9000 -118.19,45.15,9000 -118.17,45.13,9000 -118.16,45.10,9000 -118.14,45.08,9000 -118.13,45.06,9000 -118.12,45.03,9000 -118.11,45.01,9000 -118.10,44.98,9000 -118.10,44.96,9000 -118.10,44.93,9000 -118.10,44.90,9000 -118.10,44.88,9000 -118.11,44.85,9000 -118.12,44.83,9000 -118.13,44.80,9000 -118.15,44.78,9000 -118.18,44.76,9000 -118.20,44.74,9000 -118.23,44.72,9000 -118.26,44.70,9000 -118.29,44.68,9000 -118.32,44.67,9000 -118.35,44.65,9000 -118.38,44.64,9000 -118.41,44.63,9000 -118.45,44.62,9000 -118.48,44.61,9000 -118.52,44.61,9000 -118.55,44.61,9000 -118.59,44.61,9000 -118.63,44.61,9000 -118.67,44.61,9000 -118.70,44.62,9000 -118.73,44.63,9000 -118.76,44.65,9000 -118.78,44.66,9000 -118.80,44.69,9000 -118.81,44.71,9000 -118.82,44.74,9000 -118.83,44.76,9000 -118.83,44.79,9000 -118.83,44.81,9000 -118.83,44.84,9000 -118.82,44.87,9000 -118.83,44.89,9000 -118.83,44.92,9000 -118.84,44.94,9000 -118.85,44.97,9000 -118.87,45.00,9000 -118.88,45.02,9000 -118.90,45.04,9000 -118.91,45.06,9000 -118.91,45.08,9000 -118.91,45.10,9000 -118.89,45.10,9000 -118.85,45.12,9000 -118.83,45.13,9000 -118.81,45.15,9000 -118.78,45.17,9000 -118.75,45.18,9000 -118.72,45.20,9000 -118.69,45.22,9000 -118.66,45.24,9000 -118.64,45.25,9000 -118.60,45.27,9000 -118.57,45.28,9000 -118.54,45.29,9000 -118.52,45.30,9000 -118.41,45.34,9000 
          </coordinates>
        </LinearRing>
      </outerBoundaryIs>
  </Polygon>
 </MultiGeometry>
</Placemark>
<Placemark>
  <name>80%</name>
  <visibility>1</visibility>
  <styleUrl>#poly_80</styleUrl>
  <MultiGeometry>
    <Polygon>
      <outerBoundaryIs>
        <LinearRing>
          <coordinates>
-107.45,40.12,9000 -107.38,40.13,9000 -107.31,40.14,9000 -107.24,40.15,9000 -107.18,40.16,9000 -107.12,40.16,9000 -107.04,40.16,9000 -106.98,40.15,9000 -106.94,40.12,9000 -106.93,40.08,9000 -106.93,40.03,9000 -106.93,39.97,9000 -106.92,39.91,9000 -106.91,39.86,9000 -106.88,39.81,9000 -106.83,39.76,9000 -106.77,39.72,9000 -106.71,39.70,9000 -106.65,39.69,9000 -106.58,39.70,9000 -106.51,39.71,9000 -106.44,39.72,9000 -106.37,39.72,9000 -106.29,39.72,9000 -106.21,39.71,9000 -106.13,39.70,9000 -106.07,39.68,9000 -106.03,39.64,9000 -106.03,39.61,9000 -106.04,39.57,9000 -106.06,39.52,9000 -106.08,39.47,9000 -106.11,39.42,9000 -106.14,39.36,9000 -106.17,39.31,9000 -106.20,39.26,9000 -106.22,39.21,9000 -106.25,39.16,9000 -106.27,39.10,9000 -106.30,39.05,9000 -106.32,39.00,9000 -106.34,38.95,9000 -106.37,38.91,9000 -106.39,38.87,9000 -106.43,38.81,9000 -106.47,38.76,9000 -106.51,38.73,9000 -106.56,38.70,9000 -106.62,38.69,9000 -106.68,38.69,9000 -106.75,38.69,9000 -106.83,38.69,9000 -106.89,38.69,9000 -106.96,38.68,9000 -107.04,38.67,9000 -107.11,38.66,9000 -107.19,38.66,9000 -107.25,38.66,9000 -107.31,38.67,9000 -107.37,38.70,9000 -107.41,38.74,9000 -107.44,38.78,9000 -107.46,38.83,9000 -107.50,38.87,9000 -107.55,38.91,9000 -107.61,38.94,9000 -107.67,38.97,9000 -107.72,39.00,9000 -107.78,39.03,9000 -107.82,39.05,9000 -107.85,39.09,9000 -107.86,39.14,9000 -107.85,39.20,9000 -107.84,39.26,9000 -107.81,39.30,9000 -107.76,39.32,9000 -107.68,39.33,9000 -107.61,39.34,9000 -107.54,39.35,9000 -107.49,39.37,9000 -107.44,39.40,9000 -107.40,39.43,9000 -107.37,39.46,9000 -107.34,39.50,9000 -107.33,39.55,9000 -107.34,39.59,9000 -107.37,39.62,9000 -107.42,39.65,9000 -107.48,39.68,9000 -107.53,39.72,9000 -107.57,39.76,9000 -107.60,39.81,9000 -107.63,39.87,9000 -107.66,39.92,9000 -107.45,40.12,9000 
          </coordinates>
        </LinearRing>
      </outerBoundaryIs>
      <innerBoundaryIs>
        <LinearRing>
          <coordinates>
-106.91,39.44,10000 -106.87,39.45,10000 -106.84,39.46,10000 -106.80,39.47,10000 -106.76,39.47,10000 -106.73,39.48,10000 -106.69,39.49,10000 -106.65,39.50,10000 -106.61,39.51,10000 -106.57,39.52,10000 -106.53,39.53,10000 -106.49,39.53,10000 -106.46,39.53,10000 -106.42,39.52,10000 -106.39,39.50,10000 -106.37,39.48,10000 -106.35,39.45,10000 -106.35,39.43,10000 -106.35,39.40,10000 -106.35,39.37,10000 -106.36,39.33,10000 -106.36,39.30,10000 -106.37,39.27,10000 -106.38,39.24,10000 -106.38,39.20,10000 -106.39,39.17,10000 -106.40,39.14,10000 -106.41,39.11,10000 -106.41,39.09,10000 -106.41,39.08,10000 -106.42,39.06,10000 -106.44,39.03,10000 -106.47,39.00,10000 -106.49,38.96,10000 -106.51,38.93,10000 -106.53,38.90,10000 -106.55,38.87,10000 -106.56,38.84,10000 -106.58,38.82,10000 -106.61,38.80,10000 -106.64,38.79,10000 -106.68,38.79,10000 -106.72,38.79,10000 -106.76,38.80,10000 -106.80,38.80,10000 -106.84,38.80,10000 -106.88,38.80,10000 -106.92,38.80,10000 -106.96,38.79,10000 -106.99,38.79,10000 -107.03,38.79,10000 -107.07,38.79,10000 -107.11,38.79,10000 -107.15,38.79,10000 -107.20,38.80,10000 -107.24,38.80,10000 -107.27,38.81,10000 -107.30,38.81,10000 -107.32,38.82,10000 -107.33,38.85,10000 -107.35,38.87,10000 -107.37,38.89,10000 -107.40,38.92,10000 -107.43,38.94,10000 -107.46,38.97,10000 -107.48,38.99,10000 -107.50,39.01,10000 -107.52,39.03,10000 -107.53,39.04,10000 -107.56,39.06,10000 -107.59,39.07,10000 -107.62,39.08,10000 -107.66,39.10,10000 -107.70,39.11,10000 -107.74,39.13,10000 -107.78,39.14,10000 -107.80,39.15,10000 -107.81,39.17,10000 -107.80,39.18,10000 -107.78,39.18,10000 -107.74,39.19,10000 -107.70,39.20,10000 -107.66,39.20,10000 -107.62,39.21,10000 -107.58,39.22,10000 -107.54,39.23,10000 -107.50,39.23,10000 -107.46,39.24,10000 -107.43,39.25,10000 -107.39,39.26,10000 -107.35,39.27,10000 -107.31,39.28,10000 -107.27,39.30,10000 -107.23,39.31,10000 -107.20,39.32,10000 -107.16,39.34,10000 -107.13,39.35,10000 -107.09,39.36,10000 -107.06,39.38,10000 -107.03,39.39,10000 -107.01,39.40,10000 -106.91,39.44,10000 
          </coordinates>
        </LinearRing>
      </innerBoundaryIs>
      <innerBoundaryIs>
        <LinearRing>
          <coordinates>
-107.44,39.98,10000 -107.43,39.98,10000 -107.41,39.99,10000 -107.40,39.99,10000 -107.39,39.99,10000 -107.38,40.00,10000 -107.36,40.00,10000 -107.35,40.00,10000 -107.34,40.01,10000 -107.33,40.01,10000 -107.32,40.01,10000 -107.30,40.01,10000 -107.29,40.02,10000 -107.28,40.02,10000 -107.27,40.02,10000 -107.26,40.02,10000 -107.25,40.02,10000 -107.24,40.02,10000 -107.23,40.02,10000 -107.23,40.02,10000 -107.22,40.02,10000 -107.21,40.02,10000 -107.20,40.02,10000 -107.19,40.01,10000 -107.18,40.01,10000 -107.18,40.00,10000 -107.17,40.00,10000 -107.16,39.99,10000 -107.16,39.98,10000 -107.15,39.97,10000 -107.15,39.96,10000 -107.15,39.95,10000 -107.14,39.95,10000 -107.14,39.94,10000 -107.14,39.93,10000 -107.14,39.92,10000 -107.14,39.91,10000 -107.14,39.90,10000 -107.14,39.90,10000 -107.14,39.89,10000 -107.14,39.88,10000 -107.14,39.87,10000 -107.14,39.86,10000 -107.14,39.85,10000 -107.14,39.84,10000 -107.15,39.83,10000 -107.15,39.82,10000 -107.15,39.81,10000 -107.16,39.80,10000 -107.16,39.80,10000 -107.17,39.79,10000 -107.18,39.79,10000 -107.19,39.79,10000 -107.19,39.79,10000 -107.20,39.79,10000 -107.21,39.79,10000 -107.22,39.78,10000 -107.24,39.79,10000 -107.25,39.79,10000 -107.26,39.79,10000 -107.27,39.79,10000 -107.28,39.79,10000 -107.30,39.79,10000 -107.31,39.79,10000 -107.32,39.80,10000 -107.34,39.80,10000 -107.35,39.80,10000 -107.36,39.80,10000 -107.37,39.81,10000 -107.38,39.81,10000 -107.39,39.81,10000 -107.40,39.81,10000 -107.41,39.82,10000 -107.42,39.82,10000 -107.43,39.82,10000 -107.44,39.83,10000 -107.45,39.84,10000 -107.46,39.84,10000 -107.47,39.85,10000 -107.47,39.86,10000 -107.48,39.86,10000 -107.49,39.87,10000 -107.49,39.88,10000 -107.49,39.88,10000 -107.50,39.89,10000 -107.50,39.90,10000 -107.44,39.98,10000 
          </coordinates>
        </LinearRing>
      </innerBoundaryIs>
  </Polygon>
 </MultiGeometry>
</Placemark>
<Placemark>
  <name>80%</name>
  <visibility>1</visibility>
  <styleUrl>#poly_80</styleUrl>
  <MultiGeometry>
    <Polygon>
      <outerBoundaryIs>
        <LinearRing>
          <coordinates>
-121.63,47.08,9000 -121.40,46.92,9000 -121.42,46.70,9000 -121.44,46.35,9000 -121.67,46.06,9000 -121.87,45.76,9000 -121.82,45.50,9000 -121.72,45.27,9000 -121.79,44.94,9000 -121.80,44.69,9000 -121.78,44.43,9000 -121.63,44.02,9000 -121.66,43.66,9000 -121.65,43.47,9000 -121.55,43.36,9000 -121.24,43.08,9000 -120.91,42.89,9000 -120.66,42.75,9000 -120.42,42.69,9000 -119.99,42.57,9000 -119.64,42.34,9000 -119.30,42.05,9000 -119.04,41.84,9000 -118.85,41.72,9000 -118.83,41.51,9000 -119.11,41.25,9000 -119.27,40.95,9000 -119.20,40.64,9000 -119.08,40.47,9000 -119.29,40.38,9000 -119.58,40.28,9000 -119.65,40.17,9000 -119.58,39.91,9000 -119.47,39.80,9000 -119.40,39.54,9000 -119.34,39.26,9000 -119.27,39.02,9000 -119.13,38.80,9000 -118.85,38.56,9000 -118.46,38.30,9000 -118.23,38.00,9000 -117.91,37.70,9000 -117.77,37.61,9000 -117.68,37.43,9000 -117.87,37.09,9000 -117.94,36.78,9000 -117.91,36.50,9000 -117.82,36.28,9000 -117.74,36.15,9000 -117.97,35.97,9000 -118.10,35.77,9000 -118.27,35.52,9000 -118.50,35.73,9000 -118.58,35.96,9000 -118.64,36.21,9000 -118.76,36.51,9000 -119.03,36.87,9000 -119.31,37.12,9000 -119.59,37.36,9000 -119.89,37.66,9000 -120.05,37.88,9000 -120.21,38.10,9000 -120.43,38.41,9000 -120.61,38.82,9000 -120.78,39.11,9000 -121.02,39.44,9000 -121.30,39.75,9000 -121.58,40.08,9000 -121.70,40.33,9000 -121.76,40.53,9000 -121.84,40.69,9000 -122.09,40.90,9000 -122.43,40.89,9000 -122.75,40.70,9000 -122.91,40.43,9000 -122.87,40.02,9000 -122.84,39.75,9000 -122.83,39.53,9000 -123.01,39.46,9000 -123.15,39.50,9000 -123.38,39.75,9000 -123.48,39.99,9000 -123.60,40.31,9000 -123.70,40.66,9000 -123.78,41.03,9000 -123.79,41.29,9000 -123.79,41.52,9000 -123.84,41.76,9000 -123.89,41.97,9000 -123.92,42.25,9000 -123.87,42.35,9000 -123.73,42.46,9000 -123.43,42.42,9000 -123.14,42.38,9000 -123.00,42.48,9000 -123.15,42.78,9000 -122.98,43.11,9000 -122.97,43.42,9000 -122.77,43.74,9000 -122.57,44.10,9000 -122.49,44.39,9000 -122.42,44.77,9000 -122.18,45.07,9000 -122.07,45.18,9000 -121.99,45.45,9000 -122.04,45.66,9000 -122.19,45.86,9000 -122.32,45.99,9000 -122.38,46.18,9000 -122.05,46.43,9000 -121.87,46.62,9000 -121.91,46.78,9000 -121.84,46.94,9000 -121.63,47.08,9000 
          </coordinates>
        </LinearRing>
      </outerBoundaryIs>
      <innerBoundaryIs>
        <LinearRing>
          <coordinates>
-122.62,41.94,10000 -122.60,41.95,10000 -122.58,41.95,10000 -122.56,41.96,10000 -122.54,41.97,10000 -122.52,41.97,10000 -122.50,41.98,10000 -122.48,41.98,10000 -122.46,41.99,10000 -122.45,41.99,10000 -122.43,42.00,10000 -122.41,42.00,10000 -122.40,42.00,10000 -122.38,42.00,10000 -122.35,42.00,10000 -122.34,42.00,10000 -122.32,41.99,10000 -122.31,41.98,10000 -122.30,41.97,10000 -122.30,41.96,10000 -122.30,41.95,10000 -122.29,41.93,10000 -122.29,41.92,10000 -122.30,41.90,10000 -122.30,41.88,10000 -122.30,41.86,10000 -122.30,41.84,10000 -122.30,41.83,10000 -122.31,41.81,10000 -122.31,41.80,10000 -122.31,41.79,10000 -122.31,41.77,10000 -122.31,41.78,10000 -122.33,41.76,10000 -122.34,41.75,10000 -122.35,41.74,10000 -122.36,41.73,10000 -122.37,41.71,10000 -122.38,41.70,10000 -122.39,41.68,10000 -122.41,41.67,10000 -122.42,41.65,10000 -122.44,41.64,10000 -122.45,41.62,10000 -122.47,41.61,10000 -122.48,41.60,10000 -122.49,41.59,10000 -122.51,41.58,10000 -122.52,41.58,10000 -122.53,41.58,10000 -122.55,41.58,10000 -122.57,41.59,10000 -122.58,41.60,10000 -122.60,41.61,10000 -122.62,41.62,10000 -122.63,41.63,10000 -122.65,41.65,10000 -122.66,41.66,10000 -122.68,41.67,10000 -122.69,41.69,10000 -122.70,41.70,10000 -122.70,41.72,10000 -122.71,41.73,10000 -122.71,41.74,10000 -122.71,41.76,10000 -122.71,41.77,10000 -122.71,41.78,10000 -122.71,41.80,10000 -122.70,41.81,10000 -122.69,41.83,10000 -122.68,41.84,10000 -122.67,41.86,10000 -122.66,41.87,10000 -122.65,41.89,10000 -122.64,41.90,10000 -122.63,41.92,10000 -122.62,41.94,10000 
          </coordinates>
        </LinearRing>
      </innerBoundaryIs>
      <innerBoundaryIs>
        <LinearRing>
          <coordinates>
-122.22,44.82,10000 -121.99,44.89,10000 -121.94,44.80,10000 -121.88,44.50,10000 -121.84,44.23,10000 -121.74,44.01,10000 -121.81,43.76,10000 -121.86,43.48,10000 -121.75,43.19,10000 -121.60,42.96,10000 -121.38,42.86,10000 -121.18,42.86,10000 -120.90,42.71,10000 -120.63,42.57,10000 -120.28,42.45,10000 -119.99,42.23,10000 -119.77,41.97,10000 -119.46,41.84,10000 -119.16,41.71,10000 -119.01,41.52,10000 -119.16,41.39,10000 -119.34,41.17,10000 -119.47,40.89,10000 -119.66,40.68,10000 -119.89,40.41,10000 -119.90,40.07,10000 -119.72,39.80,10000 -119.53,39.52,10000 -119.48,39.31,10000 -119.46,39.12,10000 -119.40,38.94,10000 -119.29,38.77,10000 -119.05,38.57,10000 -118.80,38.38,10000 -118.55,38.16,10000 -118.43,37.99,10000 -118.33,37.84,10000 -118.27,37.71,10000 -118.05,37.63,10000 -117.88,37.40,10000 -117.96,37.08,10000 -118.06,36.76,10000 -118.09,36.49,10000 -118.02,36.32,10000 -117.97,36.15,10000 -118.06,35.99,10000 -118.17,35.84,10000 -118.28,35.66,10000 -118.37,35.69,10000 -118.43,35.88,10000 -118.50,36.15,10000 -118.59,36.40,10000 -118.77,36.69,10000 -118.98,36.94,10000 -119.21,37.16,10000 -119.43,37.35,10000 -119.72,37.59,10000 -119.93,37.86,10000 -120.12,38.09,10000 -120.31,38.33,10000 -120.39,38.53,10000 -120.45,38.71,10000 -120.53,38.87,10000 -120.64,39.05,10000 -120.82,39.32,10000 -121.04,39.60,10000 -121.28,39.86,10000 -121.49,40.10,10000 -121.57,40.29,10000 -121.61,40.46,10000 -121.69,40.64,10000 -121.79,40.80,10000 -122.02,40.97,10000 -122.46,40.99,10000 -122.77,40.81,10000 -122.96,40.60,10000 -123.05,40.41,10000 -123.02,40.20,10000 -122.97,40.01,10000 -122.92,39.82,10000 -122.90,39.54,10000 -123.16,39.62,10000 -123.31,39.89,10000 -123.37,40.07,10000 -123.43,40.26,10000 -123.51,40.46,10000 -123.58,40.66,10000 -123.63,40.84,10000 -123.66,41.02,10000 -123.68,41.23,10000 -123.70,41.44,10000 -123.75,41.64,10000 -123.79,41.82,10000 -123.77,42.09,10000 -123.68,42.29,10000 -123.39,42.24,10000 -123.07,42.18,10000 -122.71,42.27,10000 -122.63,42.44,10000 -122.69,42.60,10000 -122.87,42.79,10000 -122.83,43.04,10000 -122.83,43.26,10000 -122.82,43.48,10000 -122.62,43.66,10000 -122.46,43.92,10000 -122.40,44.11,10000 -122.36,44.33,10000 -122.22,44.82,10000 
          </coordinates>
        </LinearRing>
      </innerBoundaryIs>
      <innerBoundaryIs>
        <LinearRing>
          <coordinates>
-122.13,46.22,10000 -122.11,46.22,10000 -122.09,46.23,10000 -122.07,46.23,10000 -122.05,46.23,10000 -122.03,46.23,10000 -122.01,46.24,10000 -121.99,46.24,10000 -121.97,46.24,10000 -121.95,46.24,10000 -121.94,46.24,10000 -121.92,46.25,10000 -121.91,46.25,10000 -121.90,46.25,10000 -121.89,46.25,10000 -121.87,46.26,10000 -121.87,46.25,10000 -121.87,46.24,10000 -121.86,46.23,10000 -121.86,46.22,10000 -121.85,46.21,10000 -121.85,46.20,10000 -121.84,46.19,10000 -121.84,46.18,10000 -121.83,46.16,10000 -121.83,46.15,10000 -121.82,46.13,10000 -121.82,46.12,10000 -121.82,46.11,10000 -121.83,46.09,10000 -121.83,46.08,10000 -121.84,46.07,10000 -121.84,46.06,10000 -121.85,46.05,10000 -121.86,46.04,10000 -121.87,46.02,10000 -121.89,46.01,10000 -121.90,46.00,10000 -121.91,45.99,10000 -121.93,45.98,10000 -121.94,45.97,10000 -121.96,45.95,10000 -121.97,45.94,10000 -121.98,45.94,10000 -122.00,45.93,10000 -122.01,45.92,10000 -122.02,45.92,10000 -122.03,45.91,10000 -122.04,45.91,10000 -122.05,45.91,10000 -122.06,45.91,10000 -122.07,45.92,10000 -122.08,45.93,10000 -122.09,45.94,10000 -122.09,45.95,10000 -122.10,45.97,10000 -122.10,45.98,10000 -122.11,46.00,10000 -122.11,46.01,10000 -122.12,46.03,10000 -122.12,46.04,10000 -122.12,46.05,10000 -122.13,46.06,10000 -122.13,46.07,10000 -122.13,46.09,10000 -122.13,46.10,10000 -122.13,46.11,10000 -122.13,46.12,10000 -122.13,46.13,10000 -122.13,46.15,10000 -122.13,46.16,10000 -122.13,46.17,10000 -122.13,46.18,10000 -122.13,46.20,10000 -122.13,46.21,10000 -122.13,46.22,10000 
          </coordinates>
        </LinearRing>
      </innerBoundaryIs>
      <innerBoundaryIs>
        <LinearRing>
          <coordinates>
-121.62,42.66,10000 -121.60,42.66,10000 -121.57,42.64,10000 -121.54,42.62,10000 -121.52,42.61,10000 -121.50,42.59,10000 -121.48,42.57,10000 -121.46,42.55,10000 -121.44,42.53,10000 -121.42,42.50,10000 -121.40,42.48,10000 -121.39,42.46,10000 -121.38,42.44,10000 -121.38,42.41,10000 -121.38,42.39,10000 -121.38,42.36,10000 -121.38,42.34,10000 -121.39,42.32,10000 -121.39,42.29,10000 -121.39,42.27,10000 -121.40,42.24,10000 -121.40,42.21,10000 -121.40,42.19,10000 -121.41,42.16,10000 -121.41,42.14,10000 -121.42,42.12,10000 -121.42,42.10,10000 -121.42,42.07,10000 -121.43,42.06,10000 -121.45,42.04,10000 -121.47,42.03,10000 -121.50,42.02,10000 -121.53,42.01,10000 -121.57,42.00,10000 -121.60,41.99,10000 -121.64,41.98,10000 -121.67,41.98,10000 -121.70,41.98,10000 -121.73,41.99,10000 -121.76,41.99,10000 -121.79,42.00,10000 -121.81,42.01,10000 -121.84,42.03,10000 -121.86,42.04,10000 -121.88,42.06,10000 -121.90,42.08,10000 -121.92,42.10,10000 -121.93,42.12,10000 -121.94,42.15,10000 -121.95,42.17,10000 -121.95,42.20,10000 -121.95,42.22,10000 -121.94,42.24,10000 -121.93,42.27,10000 -121.91,42.29,10000 -121.89,42.32,10000 -121.88,42.34,10000 -121.86,42.36,10000 -121.85,42.38,10000 -121.84,42.40,10000 -121.83,42.43,10000 -121.83,42.44,10000 -121.82,42.46,10000 -121.81,42.48,10000 -121.80,42.49,10000 -121.78,42.51,10000 -121.76,42.53,10000 -121.73,42.55,10000 -121.71,42.56,10000 -121.69,42.58,10000 -121.66,42.60,10000 -121.62,42.66,10000 
          </coordinates>
        </LinearRing>
      </innerBoundaryIs>
  </Polygon>
 </MultiGeometry>
</Placemark>
<Placemark>
  <name>80%</name>
  <visibility>1</visibility>
  <styleUrl>#poly_80</styleUrl>
  <MultiGeometry>
    <Polygon>
      <outerBoundaryIs>
        <LinearRing>
          <coordinates>
-123.92,47.94,9000 -123.89,47.94,9000 -123.87,47.94,9000 -123.84,47.95,9000 -123.81,47.95,9000 -123.78,47.95,9000 -123.76,47.95,9000 -123.73,47.95,9000 -123.70,47.95,9000 -123.67,47.95,9000 -123.64,47.95,9000 -123.61,47.95,9000 -123.58,47.95,9000 -123.55,47.95,9000 -123.52,47.94,9000 -123.48,47.94,9000 -123.46,47.93,9000 -123.43,47.93,9000 -123.40,47.92,9000 -123.38,47.91,9000 -123.35,47.90,9000 -123.33,47.89,9000 -123.31,47.87,9000 -123.29,47.86,9000 -123.27,47.84,9000 -123.25,47.83,9000 -123.23,47.81,9000 -123.22,47.80,9000 -123.21,47.78,9000 -123.20,47.76,9000 -123.20,47.74,9000 -123.20,47.72,9000 -123.20,47.70,9000 -123.21,47.67,9000 -123.21,47.65,9000 -123.22,47.63,9000 -123.23,47.62,9000 -123.23,47.60,9000 -123.24,47.58,9000 -123.24,47.56,9000 -123.26,47.55,9000 -123.28,47.53,9000 -123.29,47.52,9000 -123.31,47.50,9000 -123.33,47.49,9000 -123.35,47.47,9000 -123.37,47.45,9000 -123.39,47.44,9000 -123.42,47.42,9000 -123.44,47.41,9000 -123.47,47.40,9000 -123.49,47.40,9000 -123.51,47.40,9000 -123.54,47.41,9000 -123.57,47.41,9000 -123.60,47.42,9000 -123.63,47.43,9000 -123.66,47.45,9000 -123.69,47.46,9000 -123.72,47.47,9000 -123.74,47.48,9000 -123.76,47.49,9000 -123.78,47.50,9000 -123.80,47.51,9000 -123.80,47.52,9000 -123.81,47.53,9000 -123.82,47.55,9000 -123.83,47.56,9000 -123.84,47.58,9000 -123.85,47.60,9000 -123.87,47.62,9000 -123.88,47.64,9000 -123.89,47.66,9000 -123.90,47.68,9000 -123.91,47.70,9000 -123.92,47.72,9000 -123.93,47.73,9000 -123.93,47.75,9000 -123.94,47.77,9000 -123.95,47.79,9000 -123.96,47.80,9000 -123.96,47.82,9000 -123.97,47.84,9000 -123.92,47.94,9000 
          </coordinates>
        </LinearRing>
      </outerBoundaryIs>
      <innerBoundaryIs>
        <LinearRing>
          <coordinates>
-123.65,47.88,10000 -123.63,47.87,10000 -123.61,47.87,10000 -123.58,47.86,10000 -123.56,47.86,10000 -123.54,47.85,10000 -123.52,47.85,10000 -123.50,47.84,10000 -123.48,47.84,10000 -123.46,47.83,10000 -123.44,47.83,10000 -123.43,47.82,10000 -123.41,47.82,10000 -123.40,47.81,10000 -123.38,47.81,10000 -123.37,47.80,10000 -123.36,47.80,10000 -123.33,47.79,10000 -123.32,47.78,10000 -123.32,47.77,10000 -123.32,47.76,10000 -123.32,47.75,10000 -123.31,47.74,10000 -123.31,47.72,10000 -123.31,47.71,10000 -123.31,47.70,10000 -123.32,47.68,10000 -123.32,47.67,10000 -123.33,47.66,10000 -123.33,47.65,10000 -123.34,47.63,10000 -123.35,47.62,10000 -123.36,47.61,10000 -123.37,47.60,10000 -123.39,47.59,10000 -123.40,47.58,10000 -123.41,47.57,10000 -123.43,47.56,10000 -123.45,47.55,10000 -123.46,47.54,10000 -123.48,47.53,10000 -123.50,47.53,10000 -123.52,47.52,10000 -123.53,47.52,10000 -123.55,47.52,10000 -123.56,47.52,10000 -123.58,47.52,10000 -123.59,47.53,10000 -123.60,47.54,10000 -123.62,47.55,10000 -123.63,47.56,10000 -123.64,47.57,10000 -123.65,47.58,10000 -123.65,47.59,10000 -123.66,47.60,10000 -123.67,47.61,10000 -123.68,47.62,10000 -123.69,47.63,10000 -123.70,47.65,10000 -123.71,47.66,10000 -123.72,47.67,10000 -123.73,47.69,10000 -123.74,47.70,10000 -123.65,47.88,10000 
          </coordinates>
        </LinearRing>
      </innerBoundaryIs>
  </Polygon>
 </MultiGeometry>
</Placemark>
<Placemark>
  <name>90%</name>
  <visibility>1</visibility>
  <styleUrl>#poly_90</styleUrl>
  <MultiGeometry>
    <Polygon>
      <outerBoundaryIs>
        <LinearRing>
          <coordinates>
-116.31,41.39,10000 -116.29,41.39,10000 -116.28,41.40,10000 -116.26,41.40,10000 -116.24,41.40,10000 -116.23,41.41,10000 -116.21,41.41,10000 -116.20,41.41,10000 -116.18,41.42,10000 -116.17,41.42,10000 -116.15,41.42,10000 -116.14,41.42,10000 -116.13,41.43,10000 -116.12,41.43,10000 -116.11,41.43,10000 -116.10,41.43,10000 -116.09,41.43,10000 -116.08,41.43,10000 -116.06,41.43,10000 -116.06,41.43,10000 -116.06,41.42,10000 -116.06,41.41,10000 -116.06,41.39,10000 -116.06,41.38,10000 -116.06,41.38,10000 -116.05,41.37,10000 -116.05,41.36,10000 -116.05,41.35,10000 -116.05,41.33,10000 -116.04,41.32,10000 -116.04,41.31,10000 -116.04,41.30,10000 -116.03,41.29,10000 -116.03,41.27,10000 -116.03,41.26,10000 -116.03,41.25,10000 -116.02,41.24,10000 -116.02,41.23,10000 -116.02,41.23,10000 -116.02,41.22,10000 -116.01,41.20,10000 -116.01,41.20,10000 -116.03,41.19,10000 -116.04,41.19,10000 -116.05,41.19,10000 -116.06,41.18,10000 -116.07,41.18,10000 -116.08,41.18,10000 -116.10,41.17,10000 -116.11,41.17,10000 -116.13,41.17,10000 -116.14,41.16,10000 -116.16,41.16,10000 -116.17,41.16,10000 -116.19,41.16,10000 -116.20,41.15,10000 -116.22,41.15,10000 -116.23,41.15,10000 -116.24,41.15,10000 -116.25,41.15,10000 -116.27,41.15,10000 -116.29,41.15,10000 -116.30,41.15,10000 -116.31,41.16,10000 -116.31,41.17,10000 -116.32,41.18,10000 -116.32,41.19,10000 -116.33,41.19,10000 -116.33,41.20,10000 -116.33,41.21,10000 -116.33,41.22,10000 -116.33,41.23,10000 -116.34,41.24,10000 -116.34,41.25,10000 -116.34,41.26,10000 -116.34,41.27,10000 -116.34,41.28,10000 -116.34,41.29,10000 -116.34,41.30,10000 -116.35,41.31,10000 -116.35,41.32,10000 -116.35,41.34,10000 -116.35,41.35,10000 -116.35,41.36,10000 -116.31,41.39,10000 
          </coordinates>
        </LinearRing>
      </outerBoundaryIs>
  </Polygon>
 </MultiGeometry>
</Placemark>
<Placemark>
  <name>90%</name>
  <visibility>1</visibility>
  <styleUrl>#poly_90</styleUrl>
  <MultiGeometry>
    <Polygon>
      <outerBoundaryIs>
        <LinearRing>
          <coordinates>
-106.91,39.44,10000 -106.87,39.45,10000 -106.84,39.46,10000 -106.80,39.47,10000 -106.76,39.47,10000 -106.73,39.48,10000 -106.69,39.49,10000 -106.65,39.50,10000 -106.61,39.51,10000 -106.57,39.52,10000 -106.53,39.53,10000 -106.49,39.53,10000 -106.46,39.53,10000 -106.42,39.52,10000 -106.39,39.50,10000 -106.37,39.48,10000 -106.35,39.45,10000 -106.35,39.43,10000 -106.35,39.40,10000 -106.35,39.37,10000 -106.36,39.33,10000 -106.36,39.30,10000 -106.37,39.27,10000 -106.38,39.24,10000 -106.38,39.20,10000 -106.39,39.17,10000 -106.40,39.14,10000 -106.41,39.11,10000 -106.41,39.09,10000 -106.41,39.08,10000 -106.42,39.06,10000 -106.44,39.03,10000 -106.47,39.00,10000 -106.49,38.96,10000 -106.51,38.93,10000 -106.53,38.90,10000 -106.55,38.87,10000 -106.56,38.84,10000 -106.58,38.82,10000 -106.61,38.80,10000 -106.64,38.79,10000 -106.68,38.79,10000 -106.72,38.79,10000 -106.76,38.80,10000 -106.80,38.80,10000 -106.84,38.80,10000 -106.88,38.80,10000 -106.92,38.80,10000 -106.96,38.79,10000 -106.99,38.79,10000 -107.03,38.79,10000 -107.07,38.79,10000 -107.11,38.79,10000 -107.15,38.79,10000 -107.20,38.80,10000 -107.24,38.80,10000 -107.27,38.81,10000 -107.30,38.81,10000 -107.32,38.82,10000 -107.33,38.85,10000 -107.35,38.87,10000 -107.37,38.89,10000 -107.40,38.92,10000 -107.43,38.94,10000 -107.46,38.97,10000 -107.48,38.99,10000 -107.50,39.01,10000 -107.52,39.03,10000 -107.53,39.04,10000 -107.56,39.06,10000 -107.59,39.07,10000 -107.62,39.08,10000 -107.66,39.10,10000 -107.70,39.11,10000 -107.74,39.13,10000 -107.78,39.14,10000 -107.80,39.15,10000 -107.81,39.17,10000 -107.80,39.18,10000 -107.78,39.18,10000 -107.74,39.19,10000 -107.70,39.20,10000 -107.66,39.20,10000 -107.62,39.21,10000 -107.58,39.22,10000 -107.54,39.23,10000 -107.50,39.23,10000 -107.46,39.24,10000 -107.43,39.25,10000 -107.39,39.26,10000 -107.35,39.27,10000 -107.31,39.28,10000 -107.27,39.30,10000 -107.23,39.31,10000 -107.20,39.32,10000 -107.16,39.34,10000 -107.13,39.35,10000 -107.09,39.36,10000 -107.06,39.38,10000 -107.03,39.39,10000 -107.01,39.40,10000 -106.91,39.44,10000 
          </coordinates>
        </LinearRing>
      </outerBoundaryIs>
      <innerBoundaryIs>
        <LinearRing>
          <coordinates>
-107.12,39.23,11000 -107.10,39.24,11000 -107.08,39.24,11000 -107.06,39.24,11000 -107.04,39.25,11000 -107.01,39.25,11000 -106.99,39.26,11000 -106.97,39.26,11000 -106.95,39.27,11000 -106.93,39.27,11000 -106.91,39.28,11000 -106.89,39.28,11000 -106.87,39.28,11000 -106.84,39.29,11000 -106.82,39.29,11000 -106.80,39.30,11000 -106.77,39.30,11000 -106.75,39.31,11000 -106.73,39.31,11000 -106.71,39.31,11000 -106.69,39.31,11000 -106.67,39.31,11000 -106.64,39.31,11000 -106.62,39.30,11000 -106.60,39.29,11000 -106.58,39.28,11000 -106.57,39.27,11000 -106.56,39.25,11000 -106.56,39.24,11000 -106.56,39.22,11000 -106.56,39.21,11000 -106.56,39.19,11000 -106.57,39.17,11000 -106.57,39.15,11000 -106.58,39.14,11000 -106.58,39.12,11000 -106.59,39.10,11000 -106.59,39.08,11000 -106.59,39.06,11000 -106.60,39.04,11000 -106.60,39.02,11000 -106.60,39.00,11000 -106.61,38.98,11000 -106.61,38.96,11000 -106.61,38.94,11000 -106.62,38.93,11000 -106.62,38.91,11000 -106.62,38.90,11000 -106.62,38.89,11000 -106.63,38.89,11000 -106.65,38.88,11000 -106.67,38.88,11000 -106.70,38.88,11000 -106.72,38.88,11000 -106.75,38.87,11000 -106.77,38.87,11000 -106.80,38.87,11000 -106.83,38.86,11000 -106.85,38.86,11000 -106.87,38.86,11000 -106.90,38.86,11000 -106.92,38.85,11000 -106.94,38.85,11000 -106.97,38.85,11000 -106.99,38.85,11000 -107.01,38.85,11000 -107.03,38.85,11000 -107.05,38.85,11000 -107.07,38.85,11000 -107.10,38.85,11000 -107.12,38.85,11000 -107.14,38.85,11000 -107.16,38.86,11000 -107.17,38.87,11000 -107.19,38.88,11000 -107.21,38.89,11000 -107.23,38.91,11000 -107.24,38.92,11000 -107.26,38.94,11000 -107.28,38.95,11000 -107.30,38.97,11000 -107.31,38.98,11000 -107.32,38.99,11000 -107.34,39.00,11000 -107.35,39.01,11000 -107.35,39.02,11000 -107.35,39.03,11000 -107.35,39.05,11000 -107.35,39.07,11000 -107.35,39.09,11000 -107.35,39.11,11000 -107.34,39.13,11000 -107.33,39.14,11000 -107.31,39.16,11000 -107.30,39.17,11000 -107.28,39.18,11000 -107.26,39.19,11000 -107.23,39.20,11000 -107.21,39.21,11000 -107.12,39.23,11000 
          </coordinates>
        </LinearRing>
      </innerBoundaryIs>
  </Polygon>
 </MultiGeometry>
</Placemark>
<Placemark>
  <name>90%</name>
  <visibility>1</visibility>
  <styleUrl>#poly_90</styleUrl>
  <MultiGeometry>
    <Polygon>
      <outerBoundaryIs>
        <LinearRing>
          <coordinates>
-115.16,39.19,10000 -115.14,39.20,10000 -115.12,39.20,10000 -115.10,39.21,10000 -115.07,39.21,10000 -115.05,39.22,10000 -115.04,39.22,10000 -115.02,39.23,10000 -115.00,39.23,10000 -114.98,39.23,10000 -114.97,39.24,10000 -114.95,39.24,10000 -114.94,39.24,10000 -114.92,39.24,10000 -114.91,39.24,10000 -114.90,39.24,10000 -114.88,39.22,10000 -114.87,39.21,10000 -114.86,39.21,10000 -114.85,39.20,10000 -114.84,39.19,10000 -114.82,39.18,10000 -114.81,39.17,10000 -114.79,39.16,10000 -114.78,39.14,10000 -114.76,39.13,10000 -114.75,39.12,10000 -114.74,39.11,10000 -114.73,39.10,10000 -114.72,39.08,10000 -114.71,39.07,10000 -114.70,39.06,10000 -114.69,39.05,10000 -114.69,39.03,10000 -114.69,39.01,10000 -114.68,39.00,10000 -114.68,38.98,10000 -114.68,38.96,10000 -114.69,38.95,10000 -114.69,38.93,10000 -114.69,38.92,10000 -114.70,38.90,10000 -114.70,38.89,10000 -114.71,38.88,10000 -114.72,38.87,10000 -114.74,38.86,10000 -114.75,38.85,10000 -114.77,38.85,10000 -114.79,38.85,10000 -114.81,38.84,10000 -114.83,38.84,10000 -114.85,38.84,10000 -114.86,38.84,10000 -114.88,38.84,10000 -114.88,38.84,10000 -114.90,38.86,10000 -114.91,38.87,10000 -114.92,38.87,10000 -114.93,38.88,10000 -114.94,38.89,10000 -114.96,38.90,10000 -114.97,38.91,10000 -114.99,38.92,10000 -115.00,38.93,10000 -115.02,38.94,10000 -115.03,38.96,10000 -115.04,38.97,10000 -115.06,38.98,10000 -115.07,38.99,10000 -115.08,39.00,10000 -115.09,39.01,10000 -115.10,39.02,10000 -115.11,39.04,10000 -115.12,39.05,10000 -115.12,39.07,10000 -115.13,39.09,10000 -115.13,39.10,10000 -115.14,39.12,10000 -115.14,39.13,10000 -115.14,39.14,10000 -115.15,39.15,10000 -115.15,39.16,10000 -115.16,39.18,10000 -115.17,39.18,10000 -115.18,39.18,10000 -115.16,39.19,10000 
          </coordinates>
        </LinearRing>
      </outerBoundaryIs>
  </Polygon>
 </MultiGeometry>
</Placemark>
<Placemark>
  <name>90%</name>
  <visibility>1</visibility>
  <styleUrl>#poly_90</styleUrl>
  <MultiGeometry>
    <Polygon>
      <outerBoundaryIs>
        <LinearRing>
          <coordinates>
-123.65,47.88,10000 -123.63,47.87,10000 -123.61,47.87,10000 -123.58,47.86,10000 -123.56,47.86,10000 -123.54,47.85,10000 -123.52,47.85,10000 -123.50,47.84,10000 -123.48,47.84,10000 -123.46,47.83,10000 -123.44,47.83,10000 -123.43,47.82,10000 -123.41,47.82,10000 -123.40,47.81,10000 -123.38,47.81,10000 -123.37,47.80,10000 -123.36,47.80,10000 -123.33,47.79,10000 -123.32,47.78,10000 -123.32,47.77,10000 -123.32,47.76,10000 -123.32,47.75,10000 -123.31,47.74,10000 -123.31,47.72,10000 -123.31,47.71,10000 -123.31,47.70,10000 -123.32,47.68,10000 -123.32,47.67,10000 -123.33,47.66,10000 -123.33,47.65,10000 -123.34,47.63,10000 -123.35,47.62,10000 -123.36,47.61,10000 -123.37,47.60,10000 -123.39,47.59,10000 -123.40,47.58,10000 -123.41,47.57,10000 -123.43,47.56,10000 -123.45,47.55,10000 -123.46,47.54,10000 -123.48,47.53,10000 -123.50,47.53,10000 -123.52,47.52,10000 -123.53,47.52,10000 -123.55,47.52,10000 -123.56,47.52,10000 -123.58,47.52,10000 -123.59,47.53,10000 -123.60,47.54,10000 -123.62,47.55,10000 -123.63,47.56,10000 -123.64,47.57,10000 -123.65,47.58,10000 -123.65,47.59,10000 -123.66,47.60,10000 -123.67,47.61,10000 -123.68,47.62,10000 -123.69,47.63,10000 -123.70,47.65,10000 -123.71,47.66,10000 -123.72,47.67,10000 -123.73,47.69,10000 -123.74,47.70,10000 -123.65,47.88,10000 
          </coordinates>
        </LinearRing>
      </outerBoundaryIs>
  </Polygon>
 </MultiGeometry>
</Placemark>
<Placemark>
  <name>90%</name>
  <visibility>1</visibility>
  <styleUrl>#poly_90</styleUrl>
  <MultiGeometry>
    <Polygon>
      <outerBoundaryIs>
        <LinearRing>
          <coordinates>
-116.14,51.49,10000 -115.82,51.52,10000 -115.51,51.55,10000 -115.19,51.58,10000 -114.88,51.62,10000 -114.56,51.65,10000 -114.24,51.69,10000 -113.89,51.72,10000 -113.53,51.74,10000 -113.18,51.77,10000 -112.78,51.80,10000 -112.27,51.85,10000 -111.95,51.88,10000 -111.58,51.91,10000 -111.18,51.94,10000 -110.76,51.97,10000 -110.36,52.00,10000 -109.97,52.03,10000 -109.57,52.06,10000 -109.17,52.08,10000 -108.77,52.11,10000 -108.38,52.13,10000 -107.98,52.15,10000 -107.56,52.18,10000 -107.15,52.20,10000 -106.78,52.22,10000 -106.45,52.23,10000 -106.03,52.25,10000 -105.71,52.27,10000 -105.43,52.27,10000 -105.17,52.26,10000 -104.70,52.15,10000 -104.40,52.08,10000 -104.00,51.98,10000 -103.56,51.86,10000 -103.11,51.74,10000 -102.68,51.62,10000 -102.31,51.50,10000 -102.04,51.41,10000 -101.74,51.19,10000 -101.75,51.04,10000 -101.55,50.83,10000 -101.52,50.55,10000 -101.39,50.33,10000 -101.16,50.10,10000 -101.07,49.91,10000 -101.12,49.76,10000 -101.34,49.58,10000 -101.57,49.41,10000 -101.78,49.32,10000 -102.02,49.33,10000 -102.35,49.44,10000 -102.61,49.57,10000 -102.93,49.71,10000 -103.30,49.80,10000 -103.66,49.88,10000 -103.95,49.96,10000 -104.18,50.05,10000 -104.46,50.26,10000 -104.54,50.39,10000 -104.63,50.54,10000 -104.74,50.69,10000 -104.99,50.88,10000 -105.18,50.99,10000 -105.41,51.11,10000 -105.69,51.25,10000 -105.94,51.40,10000 -106.08,51.55,10000 -106.18,51.67,10000 -106.32,51.76,10000 -106.60,51.80,10000 -106.85,51.73,10000 -107.17,51.65,10000 -107.39,51.61,10000 -107.62,51.58,10000 -107.98,51.62,10000 -108.27,51.65,10000 -108.48,51.64,10000 -108.74,51.62,10000 -109.08,51.58,10000 -109.49,51.52,10000 -109.81,51.46,10000 -110.15,51.38,10000 -110.45,51.31,10000 -110.81,51.21,10000 -111.08,51.13,10000 -111.32,51.06,10000 -111.54,50.98,10000 -111.75,50.99,10000 -112.08,51.06,10000 -112.41,51.14,10000 -112.69,51.26,10000 -112.90,51.45,10000 -113.28,51.56,10000 -113.53,51.56,10000 -113.90,51.52,10000 -114.35,51.49,10000 -114.76,51.49,10000 -115.19,51.50,10000 -115.49,51.48,10000 -115.80,51.46,10000 -116.11,51.43,10000 -116.14,51.49,10000 
          </coordinates>
        </LinearRing>
      </outerBoundaryIs>
      <innerBoundaryIs>
        <LinearRing>
          <coordinates>
-114.33,51.64,11000 -114.31,51.64,11000 -114.30,51.64,11000 -114.28,51.64,11000 -114.27,51.64,11000 -114.25,51.65,11000 -114.24,51.65,11000 -114.22,51.65,11000 -114.21,51.65,11000 -114.19,51.65,11000 -114.18,51.65,11000 -114.16,51.65,11000 -114.15,51.65,11000 -114.14,51.65,11000 -114.12,51.66,11000 -114.11,51.66,11000 -114.10,51.66,11000 -114.09,51.66,11000 -114.08,51.66,11000 -114.07,51.66,11000 -114.05,51.66,11000 -114.03,51.66,11000 -114.01,51.67,11000 -114.00,51.67,11000 -113.99,51.67,11000 -113.98,51.67,11000 -113.97,51.67,11000 -113.97,51.67,11000 -113.97,51.67,11000 -113.98,51.67,11000 -113.99,51.66,11000 -114.00,51.66,11000 -114.01,51.66,11000 -114.03,51.66,11000 -114.05,51.65,11000 -114.07,51.65,11000 -114.08,51.65,11000 -114.09,51.65,11000 -114.10,51.65,11000 -114.12,51.65,11000 -114.13,51.64,11000 -114.15,51.64,11000 -114.16,51.64,11000 -114.18,51.64,11000 -114.19,51.64,11000 -114.21,51.64,11000 -114.22,51.64,11000 -114.24,51.64,11000 -114.25,51.63,11000 -114.27,51.63,11000 -114.28,51.63,11000 -114.30,51.63,11000 -114.31,51.63,11000 -114.32,51.63,11000 -114.33,51.63,11000 -114.35,51.63,11000 -114.37,51.63,11000 -114.39,51.63,11000 -114.40,51.63,11000 -114.41,51.63,11000 -114.42,51.63,11000 -114.43,51.63,11000 -114.44,51.63,11000 -114.33,51.64,11000 
          </coordinates>
        </LinearRing>
      </innerBoundaryIs>
      <innerBoundaryIs>
        <LinearRing>
          <coordinates>
-112.52,51.79,11000 -112.26,51.81,11000 -112.00,51.84,11000 -111.75,51.86,11000 -111.49,51.88,11000 -111.23,51.90,11000 -110.97,51.92,11000 -110.71,51.94,11000 -110.45,51.96,11000 -110.18,51.98,11000 -109.91,52.00,11000 -109.62,52.02,11000 -109.34,52.03,11000 -109.07,52.05,11000 -108.82,52.06,11000 -108.58,52.08,11000 -108.37,52.09,11000 -108.04,52.11,11000 -107.80,52.12,11000 -107.58,52.14,11000 -107.35,52.15,11000 -107.10,52.17,11000 -106.85,52.19,11000 -106.59,52.21,11000 -106.28,52.20,11000 -106.03,52.18,11000 -105.75,52.15,11000 -105.45,52.11,11000 -105.15,52.07,11000 -104.89,52.03,11000 -104.68,51.98,11000 -104.41,51.87,11000 -104.26,51.76,11000 -104.14,51.68,11000 -103.85,51.67,11000 -103.59,51.60,11000 -103.33,51.53,11000 -103.07,51.48,11000 -102.90,51.38,11000 -102.78,51.24,11000 -102.79,51.06,11000 -102.86,50.89,11000 -103.00,50.78,11000 -103.24,50.72,11000 -103.43,50.76,11000 -103.60,50.86,11000 -103.66,51.03,11000 -103.70,51.21,11000 -103.83,51.36,11000 -103.96,51.48,11000 -104.11,51.58,11000 -104.39,51.62,11000 -104.61,51.53,11000 -104.79,51.57,11000 -105.03,51.63,11000 -105.27,51.70,11000 -105.44,51.76,11000 -105.51,51.91,11000 -105.49,52.08,11000 -105.74,52.16,11000 -105.88,52.19,11000 -106.03,52.21,11000 -106.17,52.21,11000 -106.33,52.20,11000 -106.55,52.17,11000 -106.80,52.13,11000 -107.05,52.08,11000 -107.30,52.03,11000 -107.55,52.00,11000 -107.81,51.99,11000 -108.00,52.00,11000 -108.21,52.03,11000 -108.40,52.04,11000 -108.62,52.04,11000 -108.89,52.02,11000 -109.12,51.99,11000 -109.39,51.96,11000 -109.67,51.92,11000 -109.90,51.89,11000 -110.20,51.84,11000 -110.43,51.81,11000 -110.66,51.80,11000 -110.95,51.79,11000 -111.16,51.78,11000 -111.41,51.77,11000 -111.69,51.75,11000 -111.97,51.74,11000 -112.52,51.79,11000 
          </coordinates>
        </LinearRing>
      </innerBoundaryIs>
  </Polygon>
 </MultiGeometry>
</Placemark>
<Placemark>
  <name>90%</name>
  <visibility>1</visibility>
  <styleUrl>#poly_90</styleUrl>
  <MultiGeometry>
    <Polygon>
      <outerBoundaryIs>
        <LinearRing>
          <coordinates>
-122.22,44.82,10000 -121.99,44.89,10000 -121.94,44.80,10000 -121.88,44.50,10000 -121.84,44.23,10000 -121.74,44.01,10000 -121.81,43.76,10000 -121.86,43.48,10000 -121.75,43.19,10000 -121.60,42.96,10000 -121.38,42.86,10000 -121.18,42.86,10000 -120.90,42.71,10000 -120.63,42.57,10000 -120.28,42.45,10000 -119.99,42.23,10000 -119.77,41.97,10000 -119.46,41.84,10000 -119.16,41.71,10000 -119.01,41.52,10000 -119.16,41.39,10000 -119.34,41.17,10000 -119.47,40.89,10000 -119.66,40.68,10000 -119.89,40.41,10000 -119.90,40.07,10000 -119.72,39.80,10000 -119.53,39.52,10000 -119.48,39.31,10000 -119.46,39.12,10000 -119.40,38.94,10000 -119.29,38.77,10000 -119.05,38.57,10000 -118.80,38.38,10000 -118.55,38.16,10000 -118.43,37.99,10000 -118.33,37.84,10000 -118.27,37.71,10000 -118.05,37.63,10000 -117.88,37.40,10000 -117.96,37.08,10000 -118.06,36.76,10000 -118.09,36.49,10000 -118.02,36.32,10000 -117.97,36.15,10000 -118.06,35.99,10000 -118.17,35.84,10000 -118.28,35.66,10000 -118.37,35.69,10000 -118.43,35.88,10000 -118.50,36.15,10000 -118.59,36.40,10000 -118.77,36.69,10000 -118.98,36.94,10000 -119.21,37.16,10000 -119.43,37.35,10000 -119.72,37.59,10000 -119.93,37.86,10000 -120.12,38.09,10000 -120.31,38.33,10000 -120.39,38.53,10000 -120.45,38.71,10000 -120.53,38.87,10000 -120.64,39.05,10000 -120.82,39.32,10000 -121.04,39.60,10000 -121.28,39.86,10000 -121.49,40.10,10000 -121.57,40.29,10000 -121.61,40.46,10000 -121.69,40.64,10000 -121.79,40.80,10000 -122.02,40.97,10000 -122.46,40.99,10000 -122.77,40.81,10000 -122.96,40.60,10000 -123.05,40.41,10000 -123.02,40.20,10000 -122.97,40.01,10000 -122.92,39.82,10000 -122.90,39.54,10000 -123.16,39.62,10000 -123.31,39.89,10000 -123.37,40.07,10000 -123.43,40.26,10000 -123.51,40.46,10000 -123.58,40.66,10000 -123.63,40.84,10000 -123.66,41.02,10000 -123.68,41.23,10000 -123.70,41.44,10000 -123.75,41.64,10000 -123.79,41.82,10000 -123.77,42.09,10000 -123.68,42.29,10000 -123.39,42.24,10000 -123.07,42.18,10000 -122.71,42.27,10000 -122.63,42.44,10000 -122.69,42.60,10000 -122.87,42.79,10000 -122.83,43.04,10000 -122.83,43.26,10000 -122.82,43.48,10000 -122.62,43.66,10000 -122.46,43.92,10000 -122.40,44.11,10000 -122.36,44.33,10000 -122.22,44.82,10000 
          </coordinates>
        </LinearRing>
      </outerBoundaryIs>
      <innerBoundaryIs>
        <LinearRing>
          <coordinates>
-122.62,41.94,10000 -122.60,41.95,10000 -122.58,41.95,10000 -122.56,41.96,10000 -122.54,41.97,10000 -122.52,41.97,10000 -122.50,41.98,10000 -122.48,41.98,10000 -122.46,41.99,10000 -122.45,41.99,10000 -122.43,42.00,10000 -122.41,42.00,10000 -122.40,42.00,10000 -122.38,42.00,10000 -122.35,42.00,10000 -122.34,42.00,10000 -122.32,41.99,10000 -122.31,41.98,10000 -122.30,41.97,10000 -122.30,41.96,10000 -122.30,41.95,10000 -122.29,41.93,10000 -122.29,41.92,10000 -122.30,41.90,10000 -122.30,41.88,10000 -122.30,41.86,10000 -122.30,41.84,10000 -122.30,41.83,10000 -122.31,41.81,10000 -122.31,41.80,10000 -122.31,41.79,10000 -122.31,41.77,10000 -122.31,41.78,10000 -122.33,41.76,10000 -122.34,41.75,10000 -122.35,41.74,10000 -122.36,41.73,10000 -122.37,41.71,10000 -122.38,41.70,10000 -122.39,41.68,10000 -122.41,41.67,10000 -122.42,41.65,10000 -122.44,41.64,10000 -122.45,41.62,10000 -122.47,41.61,10000 -122.48,41.60,10000 -122.49,41.59,10000 -122.51,41.58,10000 -122.52,41.58,10000 -122.53,41.58,10000 -122.55,41.58,10000 -122.57,41.59,10000 -122.58,41.60,10000 -122.60,41.61,10000 -122.62,41.62,10000 -122.63,41.63,10000 -122.65,41.65,10000 -122.66,41.66,10000 -122.68,41.67,10000 -122.69,41.69,10000 -122.70,41.70,10000 -122.70,41.72,10000 -122.71,41.73,10000 -122.71,41.74,10000 -122.71,41.76,10000 -122.71,41.77,10000 -122.71,41.78,10000 -122.71,41.80,10000 -122.70,41.81,10000 -122.69,41.83,10000 -122.68,41.84,10000 -122.67,41.86,10000 -122.66,41.87,10000 -122.65,41.89,10000 -122.64,41.90,10000 -122.63,41.92,10000 -122.62,41.94,10000 
          </coordinates>
        </LinearRing>
      </innerBoundaryIs>
      <innerBoundaryIs>
        <LinearRing>
          <coordinates>
-121.62,42.66,10000 -121.60,42.66,10000 -121.57,42.64,10000 -121.54,42.62,10000 -121.52,42.61,10000 -121.50,42.59,10000 -121.48,42.57,10000 -121.46,42.55,10000 -121.44,42.53,10000 -121.42,42.50,10000 -121.40,42.48,10000 -121.39,42.46,10000 -121.38,42.44,10000 -121.38,42.41,10000 -121.38,42.39,10000 -121.38,42.36,10000 -121.38,42.34,10000 -121.39,42.32,10000 -121.39,42.29,10000 -121.39,42.27,10000 -121.40,42.24,10000 -121.40,42.21,10000 -121.40,42.19,10000 -121.41,42.16,10000 -121.41,42.14,10000 -121.42,42.12,10000 -121.42,42.10,10000 -121.42,42.07,10000 -121.43,42.06,10000 -121.45,42.04,10000 -121.47,42.03,10000 -121.50,42.02,10000 -121.53,42.01,10000 -121.57,42.00,10000 -121.60,41.99,10000 -121.64,41.98,10000 -121.67,41.98,10000 -121.70,41.98,10000 -121.73,41.99,10000 -121.76,41.99,10000 -121.79,42.00,10000 -121.81,42.01,10000 -121.84,42.03,10000 -121.86,42.04,10000 -121.88,42.06,10000 -121.90,42.08,10000 -121.92,42.10,10000 -121.93,42.12,10000 -121.94,42.15,10000 -121.95,42.17,10000 -121.95,42.20,10000 -121.95,42.22,10000 -121.94,42.24,10000 -121.93,42.27,10000 -121.91,42.29,10000 -121.89,42.32,10000 -121.88,42.34,10000 -121.86,42.36,10000 -121.85,42.38,10000 -121.84,42.40,10000 -121.83,42.43,10000 -121.83,42.44,10000 -121.82,42.46,10000 -121.81,42.48,10000 -121.80,42.49,10000 -121.78,42.51,10000 -121.76,42.53,10000 -121.73,42.55,10000 -121.71,42.56,10000 -121.69,42.58,10000 -121.66,42.60,10000 -121.62,42.66,10000 
          </coordinates>
        </LinearRing>
      </innerBoundaryIs>
      <innerBoundaryIs>
        <LinearRing>
          <coordinates>
-122.15,44.57,11000 -122.12,44.51,11000 -122.09,44.45,11000 -122.06,44.38,11000 -122.03,44.31,11000 -122.01,44.24,11000 -121.98,44.17,11000 -121.96,44.10,11000 -121.93,44.03,11000 -121.92,43.97,11000 -121.91,43.90,11000 -121.91,43.84,11000 -121.92,43.79,11000 -121.96,43.73,11000 -122.01,43.67,11000 -122.05,43.61,11000 -122.06,43.56,11000 -122.05,43.50,11000 -122.03,43.43,11000 -122.02,43.37,11000 -122.00,43.30,11000 -121.97,43.22,11000 -121.95,43.15,11000 -121.94,43.09,11000 -121.92,43.02,11000 -121.91,42.97,11000 -121.92,42.90,11000 -121.94,42.84,11000 -121.97,42.77,11000 -122.00,42.70,11000 -122.04,42.63,11000 -122.07,42.57,11000 -122.11,42.48,11000 -122.15,42.41,11000 -122.19,42.35,11000 -122.29,42.30,11000 -122.38,42.32,11000 -122.41,42.37,11000 -122.43,42.43,11000 -122.45,42.51,11000 -122.47,42.59,11000 -122.49,42.65,11000 -122.54,42.71,11000 -122.59,42.75,11000 -122.63,42.81,11000 -122.66,42.88,11000 -122.68,42.96,11000 -122.70,43.04,11000 -122.71,43.11,11000 -122.72,43.19,11000 -122.71,43.26,11000 -122.70,43.33,11000 -122.68,43.40,11000 -122.64,43.46,11000 -122.58,43.53,11000 -122.51,43.58,11000 -122.41,43.64,11000 -122.32,43.70,11000 -122.25,43.75,11000 -122.21,43.81,11000 -122.21,43.86,11000 -122.20,43.93,11000 -122.19,43.99,11000 -122.18,44.06,11000 -122.18,44.13,11000 -122.17,44.21,11000 -122.16,44.29,11000 -122.15,44.57,11000 
          </coordinates>
        </LinearRing>
      </innerBoundaryIs>
      <innerBoundaryIs>
        <LinearRing>
          <coordinates>
-123.64,42.16,11000 -123.36,42.12,11000 -123.12,42.02,11000 -122.99,41.86,11000 -122.88,41.67,11000 -122.79,41.52,11000 -122.59,41.46,11000 -122.37,41.50,11000 -122.26,41.60,11000 -122.15,41.71,11000 -121.99,41.82,11000 -121.79,41.82,11000 -121.58,41.78,11000 -121.37,41.76,11000 -121.24,41.84,11000 -121.15,41.96,11000 -121.13,42.11,11000 -121.13,42.27,11000 -121.03,42.50,11000 -120.86,42.55,11000 -120.60,42.45,11000 -120.31,42.28,11000 -120.17,42.13,11000 -120.06,41.96,11000 -119.96,41.83,11000 -119.72,41.70,11000 -119.46,41.64,11000 -119.37,41.47,11000 -119.50,41.24,11000 -119.57,41.03,11000 -119.76,40.82,11000 -119.94,40.65,11000 -120.10,40.48,11000 -120.19,40.32,11000 -120.16,40.17,11000 -119.98,40.00,11000 -119.87,39.87,11000 -119.74,39.71,11000 -119.64,39.54,11000 -119.57,39.29,11000 -119.52,39.04,11000 -119.44,38.83,11000 -119.32,38.65,11000 -119.12,38.50,11000 -118.90,38.35,11000 -118.71,38.17,11000 -118.57,37.95,11000 -118.56,37.76,11000 -118.58,37.55,11000 -118.58,37.40,11000 -118.41,37.32,11000 -118.23,37.39,11000 -118.04,37.38,11000 -118.08,37.22,11000 -118.10,37.11,11000 -118.12,36.95,11000 -118.16,36.77,11000 -118.20,36.56,11000 -118.22,36.38,11000 -118.17,36.20,11000 -118.13,36.07,11000 -118.24,35.86,11000 -118.32,35.70,11000 -118.39,35.88,11000 -118.44,36.07,11000 -118.50,36.30,11000 -118.58,36.52,11000 -118.67,36.67,11000 -118.77,36.81,11000 -118.92,36.97,11000 -119.09,37.13,11000 -119.30,37.30,11000 -119.52,37.49,11000 -119.72,37.69,11000 -119.90,37.91,11000 -120.08,38.15,11000 -120.24,38.38,11000 -120.36,38.57,11000 -120.45,38.79,11000 -120.48,38.93,11000 -120.56,39.06,11000 -120.66,39.20,11000 -120.75,39.35,11000 -120.86,39.52,11000 -120.98,39.67,11000 -121.19,39.82,11000 -121.38,39.98,11000 -121.46,40.16,11000 -121.52,40.36,11000 -121.58,40.54,11000 -121.68,40.75,11000 -121.79,40.90,11000 -122.01,41.02,11000 -122.21,41.05,11000 -122.43,41.05,11000 -122.63,40.98,11000 -122.80,40.89,11000 -122.99,40.74,11000 -123.08,40.64,11000 -123.13,40.47,11000 -123.09,40.26,11000 -123.02,40.02,11000 -122.97,39.83,11000 -122.97,39.71,11000 -123.23,39.84,11000 -123.30,39.99,11000 -123.35,40.18,11000 -123.41,40.37,11000 -123.47,40.55,11000 -123.53,40.74,11000 -123.57,40.91,11000 -123.60,41.12,11000 -123.62,41.34,11000 -123.64,41.52,11000 -123.65,41.72,11000 -123.67,41.93,11000 -123.64,42.16,11000 
          </coordinates>
        </LinearRing>
      </innerBoundaryIs>
  </Polygon>
 </MultiGeometry>
</Placemark>
<Placemark>
  <name>90%</name>
  <visibility>1</visibility>
  <styleUrl>#poly_90</styleUrl>
  <MultiGeometry>
    <Polygon>
      <outerBoundaryIs>
        <LinearRing>
          <coordinates>
-107.43,37.96,10000 -107.40,37.96,10000 -107.36,37.95,10000 -107.32,37.94,10000 -107.28,37.92,10000 -107.23,37.90,10000 -107.19,37.88,10000 -107.15,37.86,10000 -107.11,37.84,10000 -107.07,37.82,10000 -107.04,37.80,10000 -107.01,37.79,10000 -106.98,37.78,10000 -106.95,37.76,10000 -106.92,37.74,10000 -106.88,37.71,10000 -106.84,37.69,10000 -106.81,37.66,10000 -106.78,37.64,10000 -106.74,37.61,10000 -106.71,37.59,10000 -106.69,37.57,10000 -106.67,37.54,10000 -106.65,37.51,10000 -106.63,37.47,10000 -106.61,37.44,10000 -106.59,37.41,10000 -106.57,37.37,10000 -106.55,37.34,10000 -106.54,37.30,10000 -106.53,37.26,10000 -106.52,37.22,10000 -106.52,37.18,10000 -106.52,37.15,10000 -106.53,37.12,10000 -106.56,37.09,10000 -106.61,37.07,10000 -106.65,37.06,10000 -106.68,37.07,10000 -106.71,37.10,10000 -106.74,37.12,10000 -106.78,37.15,10000 -106.82,37.19,10000 -106.86,37.22,10000 -106.89,37.24,10000 -106.91,37.26,10000 -106.94,37.27,10000 -106.97,37.29,10000 -107.00,37.31,10000 -107.04,37.33,10000 -107.09,37.35,10000 -107.13,37.37,10000 -107.18,37.38,10000 -107.23,37.39,10000 -107.28,37.40,10000 -107.32,37.41,10000 -107.36,37.41,10000 -107.41,37.41,10000 -107.44,37.42,10000 -107.49,37.43,10000 -107.54,37.45,10000 -107.59,37.46,10000 -107.63,37.46,10000 -107.68,37.47,10000 -107.73,37.47,10000 -107.77,37.47,10000 -107.82,37.47,10000 -107.87,37.47,10000 -107.92,37.47,10000 -107.97,37.47,10000 -108.01,37.47,10000 -108.05,37.48,10000 -108.10,37.49,10000 -108.13,37.51,10000 -108.16,37.54,10000 -108.18,37.57,10000 -108.20,37.60,10000 -108.22,37.64,10000 -108.23,37.68,10000 -108.23,37.71,10000 -108.22,37.74,10000 -108.19,37.77,10000 -108.16,37.80,10000 -108.13,37.82,10000 -108.09,37.84,10000 -108.05,37.86,10000 -108.01,37.87,10000 -107.96,37.87,10000 -107.92,37.88,10000 -107.87,37.89,10000 -107.82,37.90,10000 -107.77,37.91,10000 -107.72,37.92,10000 -107.68,37.92,10000 -107.65,37.93,10000 -107.63,37.93,10000 -107.43,37.96,10000 
          </coordinates>
        </LinearRing>
      </outerBoundaryIs>
      <innerBoundaryIs>
        <LinearRing>
          <coordinates>
-108.08,37.74,11000 -108.04,37.75,11000 -108.01,37.75,11000 -107.97,37.76,11000 -107.93,37.77,11000 -107.90,37.77,11000 -107.86,37.78,11000 -107.82,37.79,11000 -107.78,37.79,11000 -107.74,37.80,11000 -107.71,37.80,11000 -107.67,37.81,11000 -107.63,37.81,11000 -107.58,37.81,11000 -107.54,37.81,11000 -107.49,37.81,11000 -107.45,37.81,11000 -107.41,37.81,11000 -107.37,37.80,11000 -107.35,37.80,11000 -107.32,37.78,11000 -107.29,37.77,11000 -107.27,37.75,11000 -107.24,37.73,11000 -107.20,37.71,11000 -107.17,37.69,11000 -107.13,37.67,11000 -107.09,37.66,11000 -107.04,37.64,11000 -107.00,37.63,11000 -106.97,37.62,11000 -106.95,37.61,11000 -106.93,37.60,11000 -106.90,37.59,11000 -106.87,37.57,11000 -106.83,37.55,11000 -106.79,37.52,11000 -106.75,37.50,11000 -106.71,37.48,11000 -106.69,37.47,11000 -106.69,37.46,11000 -106.68,37.44,11000 -106.67,37.41,11000 -106.66,37.38,11000 -106.65,37.35,11000 -106.64,37.32,11000 -106.63,37.29,11000 -106.63,37.25,11000 -106.63,37.22,11000 -106.64,37.19,11000 -106.66,37.18,11000 -106.68,37.19,11000 -106.71,37.22,11000 -106.74,37.25,11000 -106.77,37.28,11000 -106.79,37.30,11000 -106.82,37.32,11000 -106.85,37.34,11000 -106.88,37.35,11000 -106.91,37.37,11000 -106.94,37.38,11000 -106.98,37.39,11000 -107.02,37.40,11000 -107.06,37.41,11000 -107.10,37.42,11000 -107.14,37.43,11000 -107.18,37.44,11000 -107.22,37.46,11000 -107.25,37.48,11000 -107.29,37.49,11000 -107.33,37.51,11000 -107.37,37.52,11000 -107.41,37.53,11000 -107.45,37.53,11000 -107.49,37.54,11000 -107.52,37.54,11000 -107.56,37.54,11000 -107.60,37.54,11000 -107.64,37.54,11000 -107.68,37.54,11000 -107.72,37.54,11000 -107.75,37.54,11000 -107.79,37.54,11000 -107.83,37.54,11000 -107.88,37.54,11000 -107.93,37.54,11000 -107.98,37.54,11000 -108.02,37.54,11000 -108.05,37.54,11000 -108.06,37.54,11000 -108.06,37.56,11000 -108.07,37.58,11000 -108.08,37.61,11000 -108.08,37.65,11000 -108.09,37.68,11000 -108.10,37.72,11000 -108.08,37.74,11000 
          </coordinates>
        </LinearRing>
      </innerBoundaryIs>
  </Polygon>
 </MultiGeometry>
</Placemark>
<Placemark>
  <name>90%</name>
  <visibility>1</visibility>
  <styleUrl>#poly_90</styleUrl>
  <MultiGeometry>
    <Polygon>
      <outerBoundaryIs>
        <LinearRing>
          <coordinates>
-68.36,50.53,10000 -68.26,50.53,10000 -68.17,50.53,10000 -68.07,50.52,10000 -67.98,50.51,10000 -67.90,50.50,10000 -67.82,50.48,10000 -67.73,50.46,10000 -67.64,50.43,10000 -67.57,50.40,10000 -67.49,50.37,10000 -67.40,50.34,10000 -67.32,50.30,10000 -67.23,50.26,10000 -67.15,50.23,10000 -67.07,50.20,10000 -66.99,50.16,10000 -66.90,50.13,10000 -66.83,50.10,10000 -66.75,50.07,10000 -66.69,50.04,10000 -66.59,50.00,10000 -66.52,49.97,10000 -66.46,49.93,10000 -66.41,49.87,10000 -66.37,49.81,10000 -66.34,49.75,10000 -66.32,49.68,10000 -66.34,49.63,10000 -66.39,49.58,10000 -66.47,49.53,10000 -66.51,49.50,10000 -66.56,49.47,10000 -66.67,49.46,10000 -66.74,49.46,10000 -66.83,49.46,10000 -66.94,49.47,10000 -67.05,49.47,10000 -67.16,49.48,10000 -67.27,49.49,10000 -67.38,49.50,10000 -67.47,49.51,10000 -67.57,49.52,10000 -67.67,49.52,10000 -67.77,49.53,10000 -67.87,49.54,10000 -67.96,49.55,10000 -68.05,49.57,10000 -68.13,49.58,10000 -68.24,49.60,10000 -68.33,49.63,10000 -68.41,49.66,10000 -68.50,49.69,10000 -68.61,49.72,10000 -68.69,49.74,10000 -68.78,49.76,10000 -68.87,49.78,10000 -68.97,49.80,10000 -69.07,49.83,10000 -69.17,49.85,10000 -69.26,49.87,10000 -69.34,49.89,10000 -69.44,49.91,10000 -69.55,49.94,10000 -69.64,49.96,10000 -69.73,49.98,10000 -69.80,50.01,10000 -69.86,50.04,10000 -69.91,50.10,10000 -69.93,50.17,10000 -69.92,50.23,10000 -69.92,50.29,10000 -69.91,50.36,10000 -69.87,50.41,10000 -69.83,50.45,10000 -69.77,50.48,10000 -69.68,50.51,10000 -69.60,50.52,10000 -69.50,50.52,10000 -69.38,50.53,10000 -69.26,50.53,10000 -69.14,50.53,10000 -69.05,50.53,10000 -68.96,50.53,10000 -68.87,50.54,10000 -68.77,50.54,10000 -68.67,50.54,10000 -68.57,50.54,10000 -68.47,50.54,10000 -68.36,50.53,10000 
          </coordinates>
        </LinearRing>
      </outerBoundaryIs>
      <innerBoundaryIs>
        <LinearRing>
          <coordinates>
-69.16,50.48,11000 -69.05,50.47,11000 -68.95,50.47,11000 -68.84,50.46,11000 -68.74,50.46,11000 -68.64,50.45,11000 -68.55,50.45,11000 -68.47,50.44,11000 -68.39,50.44,11000 -68.27,50.44,11000 -68.17,50.44,11000 -68.09,50.45,11000 -68.00,50.44,11000 -67.91,50.42,11000 -67.82,50.39,11000 -67.74,50.36,11000 -67.64,50.32,11000 -67.57,50.30,11000 -67.49,50.27,11000 -67.41,50.24,11000 -67.33,50.22,11000 -67.25,50.19,11000 -67.17,50.16,11000 -67.08,50.13,11000 -66.99,50.10,11000 -66.90,50.07,11000 -66.81,50.03,11000 -66.74,50.00,11000 -66.67,49.97,11000 -66.60,49.92,11000 -66.55,49.88,11000 -66.52,49.84,11000 -66.49,49.79,11000 -66.46,49.72,11000 -66.45,49.65,11000 -66.47,49.60,11000 -66.53,49.57,11000 -66.61,49.56,11000 -66.71,49.55,11000 -66.79,49.55,11000 -66.88,49.55,11000 -66.99,49.55,11000 -67.10,49.56,11000 -67.18,49.56,11000 -67.28,49.57,11000 -67.38,49.58,11000 -67.48,49.58,11000 -67.57,49.59,11000 -67.66,49.60,11000 -67.75,49.61,11000 -67.84,49.61,11000 -67.92,49.62,11000 -68.01,49.64,11000 -68.11,49.66,11000 -68.19,49.68,11000 -68.27,49.71,11000 -68.36,49.74,11000 -68.46,49.77,11000 -68.55,49.80,11000 -68.64,49.83,11000 -68.74,49.86,11000 -68.82,49.88,11000 -68.91,49.90,11000 -69.01,49.92,11000 -69.10,49.94,11000 -69.19,49.95,11000 -69.27,49.96,11000 -69.34,49.98,11000 -69.41,49.99,11000 -69.52,50.01,11000 -69.60,50.03,11000 -69.67,50.06,11000 -69.74,50.10,11000 -69.80,50.15,11000 -69.83,50.20,11000 -69.83,50.25,11000 -69.82,50.30,11000 -69.79,50.35,11000 -69.75,50.39,11000 -69.69,50.42,11000 -69.61,50.44,11000 -69.52,50.46,11000 -69.43,50.47,11000 -69.16,50.48,11000 
          </coordinates>
        </LinearRing>
      </innerBoundaryIs>
  </Polygon>
 </MultiGeometry>
</Placemark>
<Placemark>
  <name>90%</name>
  <visibility>1</visibility>
  <styleUrl>#poly_90</styleUrl>
  <MultiGeometry>
    <Polygon>
      <outerBoundaryIs>
        <LinearRing>
          <coordinates>
-116.62,50.28,10000 -116.52,50.28,10000 -116.43,50.27,10000 -116.35,50.23,10000 -116.32,50.20,10000 -116.29,50.15,10000 -116.27,50.10,10000 -116.25,50.04,10000 -116.23,49.97,10000 -116.22,49.92,10000 -116.21,49.86,10000 -116.21,49.79,10000 -116.20,49.72,10000 -116.19,49.65,10000 -116.19,49.58,10000 -116.18,49.53,10000 -116.17,49.48,10000 -116.14,49.40,10000 -116.11,49.37,10000 -116.06,49.33,10000 -116.00,49.30,10000 -115.93,49.27,10000 -115.86,49.23,10000 -115.80,49.18,10000 -115.77,49.13,10000 -115.74,49.08,10000 -115.71,49.02,10000 -115.69,48.96,10000 -115.68,48.91,10000 -115.67,48.87,10000 -115.68,48.81,10000 -115.74,48.79,10000 -115.82,48.78,10000 -115.91,48.79,10000 -116.00,48.81,10000 -116.05,48.84,10000 -116.09,48.88,10000 -116.13,48.93,10000 -116.16,48.97,10000 -116.17,49.03,10000 -116.17,49.09,10000 -116.18,49.15,10000 -116.23,49.20,10000 -116.30,49.25,10000 -116.37,49.29,10000 -116.45,49.33,10000 -116.54,49.35,10000 -116.63,49.35,10000 -116.69,49.31,10000 -116.76,49.26,10000 -116.81,49.19,10000 -116.85,49.14,10000 -116.87,49.09,10000 -116.82,49.03,10000 -116.77,48.99,10000 -116.69,48.94,10000 -116.61,48.89,10000 -116.54,48.84,10000 -116.51,48.79,10000 -116.52,48.73,10000 -116.55,48.66,10000 -116.62,48.61,10000 -116.71,48.58,10000 -116.78,48.58,10000 -116.87,48.59,10000 -116.97,48.60,10000 -117.07,48.62,10000 -117.16,48.65,10000 -117.24,48.67,10000 -117.29,48.69,10000 -117.31,48.74,10000 -117.26,48.79,10000 -117.21,48.86,10000 -117.20,48.91,10000 -117.20,48.97,10000 -117.20,49.03,10000 -117.20,49.10,10000 -117.20,49.16,10000 -117.20,49.21,10000 -117.20,49.27,10000 -117.20,49.32,10000 -117.19,49.37,10000 -117.17,49.41,10000 -117.12,49.45,10000 -117.05,49.49,10000 -116.99,49.53,10000 -116.95,49.57,10000 -116.96,49.62,10000 -116.99,49.67,10000 -117.02,49.72,10000 -117.02,49.78,10000 -117.01,49.84,10000 -116.97,49.90,10000 -116.93,49.94,10000 -116.88,49.98,10000 -116.82,50.01,10000 -116.75,50.05,10000 -116.68,50.09,10000 -116.62,50.28,10000 
          </coordinates>
        </LinearRing>
      </outerBoundaryIs>
  </Polygon>
 </MultiGeometry>
</Placemark>
<Placemark>
  <name>90%</name>
  <visibility>1</visibility>
  <styleUrl>#poly_90</styleUrl>
  <MultiGeometry>
    <Polygon>
      <outerBoundaryIs>
        <LinearRing>
          <coordinates>
-124.77,50.47,10000 -124.69,50.49,10000 -124.61,50.50,10000 -124.54,50.52,10000 -124.47,50.53,10000 -124.40,50.55,10000 -124.34,50.56,10000 -124.28,50.57,10000 -124.20,50.59,10000 -124.13,50.60,10000 -124.08,50.61,10000 -124.03,50.61,10000 -123.97,50.60,10000 -123.93,50.59,10000 -123.87,50.56,10000 -123.82,50.53,10000 -123.77,50.50,10000 -123.71,50.46,10000 -123.64,50.43,10000 -123.58,50.41,10000 -123.51,50.39,10000 -123.43,50.37,10000 -123.35,50.35,10000 -123.29,50.33,10000 -123.23,50.31,10000 -123.18,50.28,10000 -123.15,50.25,10000 -123.12,50.21,10000 -123.08,50.17,10000 -123.04,50.14,10000 -122.99,50.10,10000 -122.93,50.06,10000 -122.88,50.02,10000 -122.82,49.99,10000 -122.77,49.96,10000 -122.71,49.93,10000 -122.64,49.91,10000 -122.58,49.89,10000 -122.52,49.88,10000 -122.47,49.86,10000 -122.41,49.84,10000 -122.35,49.82,10000 -122.31,49.80,10000 -122.27,49.77,10000 -122.24,49.73,10000 -122.22,49.69,10000 -122.22,49.65,10000 -122.22,49.61,10000 -122.25,49.56,10000 -122.29,49.52,10000 -122.35,49.49,10000 -122.40,49.47,10000 -122.46,49.46,10000 -122.53,49.46,10000 -122.61,49.46,10000 -122.67,49.46,10000 -122.74,49.47,10000 -122.81,49.47,10000 -122.88,49.48,10000 -122.95,49.49,10000 -123.02,49.50,10000 -123.09,49.51,10000 -123.16,49.53,10000 -123.24,49.55,10000 -123.31,49.57,10000 -123.37,49.59,10000 -123.43,49.61,10000 -123.48,49.64,10000 -123.53,49.67,10000 -123.56,49.70,10000 -123.60,49.73,10000 -123.63,49.76,10000 -123.67,49.80,10000 -123.70,49.83,10000 -123.74,49.87,10000 -123.79,49.90,10000 -123.85,49.93,10000 -123.91,49.95,10000 -123.98,49.97,10000 -124.05,50.00,10000 -124.12,50.02,10000 -124.18,50.04,10000 -124.25,50.07,10000 -124.31,50.09,10000 -124.38,50.12,10000 -124.44,50.15,10000 -124.48,50.18,10000 -124.53,50.21,10000 -124.57,50.25,10000 -124.62,50.28,10000 -124.66,50.32,10000 -124.71,50.36,10000 -124.75,50.40,10000 -124.77,50.47,10000 
          </coordinates>
        </LinearRing>
      </outerBoundaryIs>
      <innerBoundaryIs>
        <LinearRing>
          <coordinates>
-124.52,50.50,11000 -124.45,50.52,11000 -124.38,50.53,11000 -124.31,50.54,11000 -124.25,50.56,11000 -124.18,50.57,11000 -124.12,50.57,11000 -124.07,50.57,11000 -124.02,50.57,11000 -123.97,50.56,11000 -123.92,50.53,11000 -123.89,50.50,11000 -123.85,50.47,11000 -123.82,50.44,11000 -123.77,50.41,11000 -123.71,50.39,11000 -123.65,50.38,11000 -123.58,50.37,11000 -123.52,50.35,11000 -123.46,50.34,11000 -123.41,50.32,11000 -123.37,50.29,11000 -123.35,50.26,11000 -123.34,50.22,11000 -123.32,50.18,11000 -123.29,50.14,11000 -123.26,50.11,11000 -123.22,50.08,11000 -123.19,50.05,11000 -123.15,50.02,11000 -123.10,49.99,11000 -123.06,49.97,11000 -123.02,49.94,11000 -122.97,49.91,11000 -122.92,49.89,11000 -122.86,49.87,11000 -122.81,49.85,11000 -122.76,49.83,11000 -122.72,49.81,11000 -122.65,49.79,11000 -122.60,49.77,11000 -122.55,49.74,11000 -122.52,49.71,11000 -122.48,49.68,11000 -122.44,49.64,11000 -122.43,49.61,11000 -122.44,49.58,11000 -122.48,49.56,11000 -122.53,49.55,11000 -122.60,49.53,11000 -122.67,49.52,11000 -122.75,49.51,11000 -122.82,49.51,11000 -122.88,49.51,11000 -122.94,49.52,11000 -122.99,49.54,11000 -123.04,49.57,11000 -123.09,49.59,11000 -123.13,49.62,11000 -123.18,49.64,11000 -123.24,49.66,11000 -123.30,49.67,11000 -123.37,49.68,11000 -123.42,49.70,11000 -123.47,49.72,11000 -123.50,49.75,11000 -123.52,49.78,11000 -123.54,49.82,11000 -123.56,49.86,11000 -123.58,49.90,11000 -123.61,49.93,11000 -123.64,49.96,11000 -123.67,49.99,11000 -123.71,50.02,11000 -123.75,50.05,11000 -123.79,50.07,11000 -123.85,50.09,11000 -123.90,50.10,11000 -123.96,50.11,11000 -124.03,50.12,11000 -124.11,50.13,11000 -124.18,50.13,11000 -124.24,50.14,11000 -124.30,50.15,11000 -124.35,50.16,11000 -124.40,50.19,11000 -124.44,50.22,11000 -124.46,50.25,11000 -124.48,50.28,11000 -124.51,50.31,11000 -124.55,50.34,11000 -124.59,50.36,11000 -124.63,50.39,11000 -124.67,50.41,11000 -124.71,50.44,11000 -124.52,50.50,11000 
          </coordinates>
        </LinearRing>
      </innerBoundaryIs>
  </Polygon>
 </MultiGeometry>
</Placemark>
<Placemark>
  <name>90%</name>
  <visibility>1</visibility>
  <styleUrl>#poly_90</styleUrl>
  <MultiGeometry>
    <Polygon>
      <outerBoundaryIs>
        <LinearRing>
          <coordinates>
-113.27,37.61,10000 -113.24,37.61,10000 -113.21,37.62,10000 -113.18,37.62,10000 -113.14,37.62,10000 -113.11,37.63,10000 -113.08,37.63,10000 -113.05,37.64,10000 -113.02,37.65,10000 -112.99,37.65,10000 -112.96,37.66,10000 -112.92,37.67,10000 -112.89,37.68,10000 -112.86,37.69,10000 -112.83,37.70,10000 -112.80,37.71,10000 -112.77,37.72,10000 -112.74,37.73,10000 -112.70,37.74,10000 -112.67,37.75,10000 -112.64,37.75,10000 -112.61,37.76,10000 -112.58,37.76,10000 -112.55,37.77,10000 -112.52,37.77,10000 -112.48,37.77,10000 -112.45,37.77,10000 -112.42,37.77,10000 -112.39,37.77,10000 -112.36,37.77,10000 -112.32,37.77,10000 -112.28,37.78,10000 -112.25,37.78,10000 -112.21,37.78,10000 -112.18,37.78,10000 -112.16,37.78,10000 -112.13,37.76,10000 -112.12,37.74,10000 -112.12,37.72,10000 -112.13,37.72,10000 -112.15,37.70,10000 -112.16,37.68,10000 -112.18,37.66,10000 -112.19,37.63,10000 -112.21,37.61,10000 -112.23,37.58,10000 -112.25,37.55,10000 -112.26,37.53,10000 -112.28,37.50,10000 -112.30,37.48,10000 -112.32,37.46,10000 -112.34,37.44,10000 -112.36,37.42,10000 -112.38,37.40,10000 -112.41,37.38,10000 -112.43,37.36,10000 -112.45,37.34,10000 -112.47,37.33,10000 -112.49,37.31,10000 -112.51,37.31,10000 -112.54,37.30,10000 -112.57,37.30,10000 -112.60,37.29,10000 -112.63,37.29,10000 -112.67,37.29,10000 -112.71,37.28,10000 -112.74,37.28,10000 -112.76,37.28,10000 -112.78,37.28,10000 -112.80,37.29,10000 -112.82,37.30,10000 -112.84,37.31,10000 -112.87,37.33,10000 -112.90,37.35,10000 -112.93,37.37,10000 -112.96,37.38,10000 -112.99,37.40,10000 -113.01,37.41,10000 -113.05,37.42,10000 -113.07,37.42,10000 -113.10,37.44,10000 -113.12,37.46,10000 -113.15,37.48,10000 -113.17,37.50,10000 -113.20,37.53,10000 -113.23,37.55,10000 -113.25,37.57,10000 -113.27,37.59,10000 -113.31,37.61,10000 -113.33,37.60,10000 -113.27,37.61,10000 
          </coordinates>
        </LinearRing>
      </outerBoundaryIs>
      <innerBoundaryIs>
        <LinearRing>
          <coordinates>
-112.60,37.68,11000 -112.59,37.69,11000 -112.58,37.69,11000 -112.55,37.68,11000 -112.54,37.67,11000 -112.53,37.67,11000 -112.52,37.66,11000 -112.51,37.65,11000 -112.50,37.64,11000 -112.48,37.63,11000 -112.47,37.62,11000 -112.46,37.61,11000 -112.44,37.60,11000 -112.43,37.58,11000 -112.42,37.57,11000 -112.41,37.56,11000 -112.40,37.55,11000 -112.40,37.54,11000 -112.39,37.53,11000 -112.39,37.52,11000 -112.39,37.51,11000 -112.40,37.50,11000 -112.40,37.49,11000 -112.41,37.48,11000 -112.43,37.47,11000 -112.44,37.46,11000 -112.45,37.45,11000 -112.47,37.44,11000 -112.49,37.43,11000 -112.50,37.42,11000 -112.52,37.41,11000 -112.53,37.41,11000 -112.55,37.40,11000 -112.56,37.39,11000 -112.58,37.39,11000 -112.60,37.39,11000 -112.61,37.38,11000 -112.63,37.38,11000 -112.65,37.37,11000 -112.66,37.37,11000 -112.68,37.37,11000 -112.70,37.37,11000 -112.72,37.37,11000 -112.73,37.37,11000 -112.75,37.37,11000 -112.76,37.37,11000 -112.78,37.37,11000 -112.80,37.37,11000 -112.81,37.38,11000 -112.83,37.38,11000 -112.85,37.39,11000 -112.87,37.39,11000 -112.88,37.40,11000 -112.90,37.41,11000 -112.92,37.41,11000 -112.93,37.42,11000 -112.94,37.43,11000 -112.95,37.44,11000 -112.96,37.45,11000 -112.96,37.46,11000 -112.96,37.47,11000 -112.96,37.48,11000 -112.95,37.49,11000 -112.95,37.50,11000 -112.94,37.51,11000 -112.93,37.53,11000 -112.92,37.54,11000 -112.91,37.55,11000 -112.89,37.57,11000 -112.88,37.58,11000 -112.87,37.59,11000 -112.86,37.60,11000 -112.85,37.61,11000 -112.84,37.62,11000 -112.83,37.63,11000 -112.82,37.64,11000 -112.80,37.66,11000 -112.78,37.66,11000 -112.77,37.66,11000 -112.76,37.66,11000 -112.60,37.68,11000 
          </coordinates>
        </LinearRing>
      </innerBoundaryIs>
  </Polygon>
 </MultiGeometry>
</Placemark>
<Placemark>
  <name>90%</name>
  <visibility>1</visibility>
  <styleUrl>#poly_90</styleUrl>
  <MultiGeometry>
    <Polygon>
      <outerBoundaryIs>
        <LinearRing>
          <coordinates>
-115.05,50.24,10000 -114.91,50.24,10000 -114.80,50.23,10000 -114.74,50.20,10000 -114.69,50.13,10000 -114.64,50.04,10000 -114.57,49.92,10000 -114.52,49.81,10000 -114.48,49.70,10000 -114.45,49.58,10000 -114.41,49.49,10000 -114.35,49.41,10000 -114.25,49.33,10000 -114.14,49.27,10000 -114.01,49.20,10000 -113.87,49.13,10000 -113.75,49.05,10000 -113.66,48.97,10000 -113.59,48.89,10000 -113.53,48.81,10000 -113.48,48.74,10000 -113.43,48.66,10000 -113.40,48.58,10000 -113.35,48.48,10000 -113.30,48.36,10000 -113.24,48.26,10000 -113.13,48.18,10000 -113.02,48.11,10000 -112.94,48.03,10000 -112.89,47.95,10000 -112.88,47.88,10000 -112.89,47.79,10000 -112.90,47.71,10000 -112.91,47.61,10000 -112.91,47.52,10000 -112.91,47.44,10000 -112.87,47.34,10000 -112.83,47.28,10000 -112.87,47.18,10000 -112.96,47.19,10000 -113.08,47.21,10000 -113.21,47.24,10000 -113.36,47.26,10000 -113.52,47.28,10000 -113.64,47.31,10000 -113.70,47.37,10000 -113.73,47.44,10000 -113.75,47.53,10000 -113.77,47.64,10000 -113.79,47.76,10000 -113.79,47.86,10000 -113.76,47.96,10000 -113.74,48.04,10000 -113.78,48.11,10000 -113.84,48.20,10000 -113.86,48.30,10000 -113.88,48.43,10000 -113.91,48.53,10000 -113.96,48.62,10000 -114.02,48.68,10000 -114.10,48.74,10000 -114.20,48.78,10000 -114.34,48.77,10000 -114.46,48.75,10000 -114.54,48.81,10000 -114.61,48.89,10000 -114.71,49.00,10000 -114.78,49.09,10000 -114.81,49.17,10000 -114.85,49.28,10000 -114.91,49.36,10000 -114.99,49.46,10000 -115.07,49.56,10000 -115.15,49.66,10000 -115.21,49.74,10000 -115.25,49.84,10000 -115.26,49.91,10000 -115.25,49.97,10000 -115.05,50.24,10000 
          </coordinates>
        </LinearRing>
      </outerBoundaryIs>
      <innerBoundaryIs>
        <LinearRing>
          <coordinates>
-113.67,48.62,11000 -113.67,48.59,11000 -113.65,48.55,11000 -113.64,48.52,11000 -113.62,48.47,11000 -113.59,48.43,11000 -113.57,48.39,11000 -113.54,48.35,11000 -113.51,48.31,11000 -113.48,48.27,11000 -113.45,48.24,11000 -113.41,48.21,11000 -113.36,48.18,11000 -113.32,48.16,11000 -113.29,48.14,11000 -113.27,48.12,11000 -113.24,48.09,11000 -113.19,48.07,11000 -113.13,48.04,11000 -113.07,48.01,11000 -113.03,47.99,11000 -113.00,47.97,11000 -112.99,47.94,11000 -112.99,47.90,11000 -112.98,47.85,11000 -112.98,47.80,11000 -112.98,47.77,11000 -112.98,47.75,11000 -113.01,47.73,11000 -113.05,47.69,11000 -113.10,47.66,11000 -113.14,47.62,11000 -113.17,47.59,11000 -113.18,47.54,11000 -113.17,47.49,11000 -113.18,47.47,11000 -113.21,47.48,11000 -113.24,47.51,11000 -113.28,47.54,11000 -113.32,47.57,11000 -113.37,47.60,11000 -113.42,47.62,11000 -113.47,47.65,11000 -113.52,47.67,11000 -113.56,47.69,11000 -113.59,47.72,11000 -113.59,47.76,11000 -113.58,47.80,11000 -113.56,47.85,11000 -113.55,47.89,11000 -113.55,47.93,11000 -113.55,47.98,11000 -113.56,48.02,11000 -113.57,48.06,11000 -113.58,48.10,11000 -113.60,48.14,11000 -113.62,48.18,11000 -113.63,48.22,11000 -113.64,48.26,11000 -113.65,48.30,11000 -113.66,48.34,11000 -113.67,48.38,11000 -113.67,48.42,11000 -113.67,48.46,11000 -113.67,48.51,11000 -113.66,48.55,11000 -113.67,48.62,11000 
          </coordinates>
        </LinearRing>
      </innerBoundaryIs>
  </Polygon>
 </MultiGeometry>
</Placemark>
<Placemark>
  <name>90%</name>
  <visibility>1</visibility>
  <styleUrl>#poly_90</styleUrl>
  <MultiGeometry>
    <Polygon>
      <outerBoundaryIs>
        <LinearRing>
          <coordinates>
-118.45,51.28,10000 -118.42,51.28,10000 -118.39,51.29,10000 -118.36,51.29,10000 -118.33,51.29,10000 -118.30,51.30,10000 -118.28,51.30,10000 -118.25,51.30,10000 -118.22,51.31,10000 -118.19,51.31,10000 -118.16,51.31,10000 -118.13,51.32,10000 -118.10,51.32,10000 -118.06,51.32,10000 -118.03,51.32,10000 -118.00,51.32,10000 -117.97,51.33,10000 -117.94,51.33,10000 -117.91,51.33,10000 -117.88,51.34,10000 -117.85,51.34,10000 -117.83,51.35,10000 -117.80,51.35,10000 -117.77,51.35,10000 -117.74,51.36,10000 -117.71,51.36,10000 -117.68,51.36,10000 -117.65,51.36,10000 -117.61,51.36,10000 -117.58,51.36,10000 -117.54,51.36,10000 -117.50,51.36,10000 -117.47,51.36,10000 -117.45,51.35,10000 -117.43,51.35,10000 -117.42,51.34,10000 -117.42,51.33,10000 -117.43,51.32,10000 -117.44,51.30,10000 -117.46,51.29,10000 -117.48,51.27,10000 -117.50,51.25,10000 -117.53,51.23,10000 -117.56,51.22,10000 -117.58,51.20,10000 -117.61,51.19,10000 -117.63,51.18,10000 -117.66,51.17,10000 -117.68,51.17,10000 -117.71,51.17,10000 -117.74,51.17,10000 -117.77,51.17,10000 -117.80,51.17,10000 -117.83,51.17,10000 -117.86,51.17,10000 -117.89,51.17,10000 -117.92,51.17,10000 -117.95,51.16,10000 -117.98,51.16,10000 -118.02,51.15,10000 -118.05,51.14,10000 -118.08,51.14,10000 -118.11,51.13,10000 -118.14,51.13,10000 -118.17,51.13,10000 -118.20,51.12,10000 -118.23,51.12,10000 -118.26,51.12,10000 -118.29,51.12,10000 -118.32,51.11,10000 -118.35,51.11,10000 -118.38,51.12,10000 -118.40,51.12,10000 -118.43,51.13,10000 -118.45,51.14,10000 -118.46,51.16,10000 -118.48,51.18,10000 -118.49,51.20,10000 -118.50,51.22,10000 -118.45,51.28,10000 
          </coordinates>
        </LinearRing>
      </outerBoundaryIs>
      <innerBoundaryIs>
        <LinearRing>
          <coordinates>
-118.44,51.24,11000 -118.42,51.24,11000 -118.39,51.25,11000 -118.37,51.25,11000 -118.34,51.25,11000 -118.32,51.25,11000 -118.30,51.26,11000 -118.27,51.26,11000 -118.25,51.26,11000 -118.23,51.27,11000 -118.20,51.27,11000 -118.18,51.27,11000 -118.16,51.27,11000 -118.13,51.27,11000 -118.11,51.28,11000 -118.09,51.28,11000 -118.07,51.28,11000 -118.04,51.28,11000 -118.02,51.28,11000 -118.00,51.28,11000 -117.98,51.29,11000 -117.95,51.29,11000 -117.93,51.29,11000 -117.91,51.29,11000 -117.88,51.30,11000 -117.85,51.30,11000 -117.83,51.30,11000 -117.80,51.30,11000 -117.77,51.31,11000 -117.75,51.31,11000 -117.73,51.31,11000 -117.70,51.32,11000 -117.69,51.32,11000 -117.67,51.32,11000 -117.63,51.32,11000 -117.62,51.32,11000 -117.62,51.32,11000 -117.62,51.31,11000 -117.63,51.30,11000 -117.66,51.29,11000 -117.68,51.29,11000 -117.69,51.29,11000 -117.72,51.28,11000 -117.74,51.28,11000 -117.76,51.28,11000 -117.79,51.28,11000 -117.82,51.28,11000 -117.84,51.28,11000 -117.87,51.27,11000 -117.90,51.27,11000 -117.92,51.27,11000 -117.94,51.27,11000 -117.97,51.26,11000 -117.99,51.26,11000 -118.01,51.26,11000 -118.03,51.25,11000 -118.06,51.25,11000 -118.08,51.24,11000 -118.10,51.24,11000 -118.12,51.24,11000 -118.15,51.23,11000 -118.17,51.23,11000 -118.19,51.23,11000 -118.22,51.23,11000 -118.25,51.22,11000 -118.27,51.22,11000 -118.30,51.22,11000 -118.33,51.22,11000 -118.35,51.22,11000 -118.38,51.22,11000 -118.40,51.22,11000 -118.42,51.22,11000 -118.43,51.22,11000 -118.44,51.23,11000 -118.44,51.24,11000 
          </coordinates>
        </LinearRing>
      </innerBoundaryIs>
  </Polygon>
 </MultiGeometry>
</Placemark>
<Placemark>
  <name>90%</name>
  <visibility>1</visibility>
  <styleUrl>#poly_90</styleUrl>
  <MultiGeometry>
    <Polygon>
      <outerBoundaryIs>
        <LinearRing>
          <coordinates>
-117.48,39.24,10000 -117.48,39.23,10000 -117.47,39.22,10000 -117.47,39.20,10000 -117.47,39.19,10000 -117.46,39.18,10000 -117.46,39.17,10000 -117.46,39.15,10000 -117.45,39.14,10000 -117.45,39.13,10000 -117.45,39.12,10000 -117.45,39.11,10000 -117.44,39.09,10000 -117.44,39.08,10000 -117.44,39.07,10000 -117.43,39.05,10000 -117.43,39.04,10000 -117.43,39.02,10000 -117.43,39.01,10000 -117.42,38.99,10000 -117.42,38.98,10000 -117.42,38.97,10000 -117.42,38.95,10000 -117.42,38.94,10000 -117.41,38.93,10000 -117.41,38.92,10000 -117.41,38.91,10000 -117.40,38.89,10000 -117.40,38.88,10000 -117.40,38.88,10000 -117.40,38.88,10000 -117.41,38.89,10000 -117.42,38.91,10000 -117.42,38.92,10000 -117.43,38.93,10000 -117.43,38.94,10000 -117.43,38.95,10000 -117.44,38.96,10000 -117.44,38.98,10000 -117.44,38.99,10000 -117.45,39.00,10000 -117.45,39.02,10000 -117.46,39.03,10000 -117.46,39.05,10000 -117.47,39.06,10000 -117.47,39.08,10000 -117.48,39.24,10000 
          </coordinates>
        </LinearRing>
      </outerBoundaryIs>
  </Polygon>
 </MultiGeometry>
</Placemark>
<Placemark>
  <name>90%</name>
  <visibility>1</visibility>
  <styleUrl>#poly_90</styleUrl>
  <MultiGeometry>
    <Polygon>
      <outerBoundaryIs>
        <LinearRing>
          <coordinates>
-115.92,47.38,10000 -115.86,47.40,10000 -115.79,47.41,10000 -115.73,47.42,10000 -115.68,47.42,10000 -115.62,47.41,10000 -115.58,47.39,10000 -115.52,47.36,10000 -115.48,47.34,10000 -115.43,47.31,10000 -115.38,47.27,10000 -115.34,47.24,10000 -115.29,47.21,10000 -115.25,47.18,10000 -115.21,47.16,10000 -115.18,47.13,10000 -115.14,47.10,10000 -115.09,47.06,10000 -115.06,47.03,10000 -115.02,47.00,10000 -114.98,46.96,10000 -114.94,46.92,10000 -114.90,46.88,10000 -114.86,46.84,10000 -114.82,46.81,10000 -114.78,46.78,10000 -114.73,46.75,10000 -114.67,46.72,10000 -114.62,46.69,10000 -114.57,46.67,10000 -114.53,46.65,10000 -114.50,46.63,10000 -114.47,46.60,10000 -114.47,46.58,10000 -114.49,46.54,10000 -114.50,46.51,10000 -114.52,46.48,10000 -114.54,46.43,10000 -114.56,46.39,10000 -114.59,46.35,10000 -114.61,46.31,10000 -114.63,46.27,10000 -114.65,46.25,10000 -114.69,46.22,10000 -114.74,46.24,10000 -114.78,46.25,10000 -114.83,46.27,10000 -114.88,46.29,10000 -114.93,46.30,10000 -114.99,46.29,10000 -115.05,46.27,10000 -115.11,46.25,10000 -115.17,46.24,10000 -115.22,46.25,10000 -115.26,46.26,10000 -115.31,46.28,10000 -115.36,46.30,10000 -115.40,46.33,10000 -115.44,46.36,10000 -115.46,46.39,10000 -115.48,46.43,10000 -115.49,46.47,10000 -115.50,46.51,10000 -115.51,46.56,10000 -115.52,46.60,10000 -115.53,46.64,10000 -115.54,46.67,10000 -115.56,46.72,10000 -115.57,46.76,10000 -115.58,46.80,10000 -115.61,46.83,10000 -115.65,46.86,10000 -115.70,46.88,10000 -115.75,46.90,10000 -115.81,46.92,10000 -115.86,46.93,10000 -115.92,46.93,10000 -115.98,46.94,10000 -116.03,46.95,10000 -116.08,46.96,10000 -116.12,46.99,10000 -116.16,47.03,10000 -116.19,47.07,10000 -116.20,47.11,10000 -116.19,47.15,10000 -116.17,47.18,10000 -116.13,47.21,10000 -115.92,47.38,10000 
          </coordinates>
        </LinearRing>
      </outerBoundaryIs>
  </Polygon>
 </MultiGeometry>
</Placemark>
<Placemark>
  <name>90%</name>
  <visibility>1</visibility>
  <styleUrl>#poly_90</styleUrl>
  <MultiGeometry>
    <Polygon>
      <outerBoundaryIs>
        <LinearRing>
          <coordinates>
-106.86,41.00,10000 -106.85,40.99,10000 -106.84,40.98,10000 -106.83,40.96,10000 -106.81,40.95,10000 -106.80,40.94,10000 -106.79,40.93,10000 -106.78,40.92,10000 -106.77,40.90,10000 -106.77,40.89,10000 -106.76,40.88,10000 -106.75,40.87,10000 -106.75,40.85,10000 -106.74,40.84,10000 -106.74,40.83,10000 -106.74,40.82,10000 -106.74,40.80,10000 -106.74,40.79,10000 -106.74,40.77,10000 -106.75,40.76,10000 -106.75,40.75,10000 -106.76,40.73,10000 -106.76,40.72,10000 -106.77,40.70,10000 -106.77,40.69,10000 -106.78,40.68,10000 -106.78,40.67,10000 -106.79,40.66,10000 -106.79,40.65,10000 -106.80,40.63,10000 -106.81,40.63,10000 -106.82,40.63,10000 -106.82,40.63,10000 -106.84,40.65,10000 -106.85,40.66,10000 -106.85,40.66,10000 -106.86,40.67,10000 -106.87,40.68,10000 -106.88,40.69,10000 -106.89,40.70,10000 -106.90,40.71,10000 -106.91,40.72,10000 -106.92,40.73,10000 -106.93,40.74,10000 -106.95,40.76,10000 -106.96,40.77,10000 -106.97,40.78,10000 -106.98,40.79,10000 -107.00,40.81,10000 -107.01,40.82,10000 -106.86,41.00,10000 
          </coordinates>
        </LinearRing>
      </outerBoundaryIs>
  </Polygon>
 </MultiGeometry>
</Placemark>
<Placemark>
  <name>90%</name>
  <visibility>1</visibility>
  <styleUrl>#poly_90</styleUrl>
  <MultiGeometry>
    <Polygon>
      <outerBoundaryIs>
        <LinearRing>
          <coordinates>
-122.13,46.22,10000 -122.11,46.22,10000 -122.09,46.23,10000 -122.07,46.23,10000 -122.05,46.23,10000 -122.03,46.23,10000 -122.01,46.24,10000 -121.99,46.24,10000 -121.97,46.24,10000 -121.95,46.24,10000 -121.94,46.24,10000 -121.92,46.25,10000 -121.91,46.25,10000 -121.90,46.25,10000 -121.89,46.25,10000 -121.87,46.26,10000 -121.87,46.25,10000 -121.87,46.24,10000 -121.86,46.23,10000 -121.86,46.22,10000 -121.85,46.21,10000 -121.85,46.20,10000 -121.84,46.19,10000 -121.84,46.18,10000 -121.83,46.16,10000 -121.83,46.15,10000 -121.82,46.13,10000 -121.82,46.12,10000 -121.82,46.11,10000 -121.83,46.09,10000 -121.83,46.08,10000 -121.84,46.07,10000 -121.84,46.06,10000 -121.85,46.05,10000 -121.86,46.04,10000 -121.87,46.02,10000 -121.89,46.01,10000 -121.90,46.00,10000 -121.91,45.99,10000 -121.93,45.98,10000 -121.94,45.97,10000 -121.96,45.95,10000 -121.97,45.94,10000 -121.98,45.94,10000 -122.00,45.93,10000 -122.01,45.92,10000 -122.02,45.92,10000 -122.03,45.91,10000 -122.04,45.91,10000 -122.05,45.91,10000 -122.06,45.91,10000 -122.07,45.92,10000 -122.08,45.93,10000 -122.09,45.94,10000 -122.09,45.95,10000 -122.10,45.97,10000 -122.10,45.98,10000 -122.11,46.00,10000 -122.11,46.01,10000 -122.12,46.03,10000 -122.12,46.04,10000 -122.12,46.05,10000 -122.13,46.06,10000 -122.13,46.07,10000 -122.13,46.09,10000 -122.13,46.10,10000 -122.13,46.11,10000 -122.13,46.12,10000 -122.13,46.13,10000 -122.13,46.15,10000 -122.13,46.16,10000 -122.13,46.17,10000 -122.13,46.18,10000 -122.13,46.20,10000 -122.13,46.21,10000 -122.13,46.22,10000 
          </coordinates>
        </LinearRing>
      </outerBoundaryIs>
  </Polygon>
 </MultiGeometry>
</Placemark>
<Placemark>
  <name>90%</name>
  <visibility>1</visibility>
  <styleUrl>#poly_90</styleUrl>
  <MultiGeometry>
    <Polygon>
      <outerBoundaryIs>
        <LinearRing>
          <coordinates>
-126.77,50.17,10000 -126.73,50.18,10000 -126.69,50.20,10000 -126.65,50.21,10000 -126.61,50.22,10000 -126.57,50.23,10000 -126.53,50.24,10000 -126.49,50.25,10000 -126.45,50.26,10000 -126.41,50.26,10000 -126.36,50.27,10000 -126.32,50.28,10000 -126.28,50.28,10000 -126.23,50.28,10000 -126.19,50.28,10000 -126.14,50.28,10000 -126.09,50.28,10000 -126.05,50.27,10000 -126.02,50.27,10000 -125.99,50.27,10000 -125.97,50.26,10000 -125.95,50.25,10000 -125.91,50.23,10000 -125.88,50.21,10000 -125.84,50.19,10000 -125.80,50.17,10000 -125.77,50.15,10000 -125.75,50.13,10000 -125.74,50.10,10000 -125.73,50.08,10000 -125.73,50.05,10000 -125.73,50.02,10000 -125.73,49.99,10000 -125.73,49.96,10000 -125.72,49.93,10000 -125.71,49.90,10000 -125.70,49.87,10000 -125.69,49.84,10000 -125.67,49.82,10000 -125.66,49.80,10000 -125.63,49.78,10000 -125.60,49.77,10000 -125.57,49.76,10000 -125.54,49.74,10000 -125.51,49.72,10000 -125.48,49.70,10000 -125.44,49.67,10000 -125.41,49.65,10000 -125.38,49.63,10000 -125.34,49.61,10000 -125.30,49.59,10000 -125.27,49.57,10000 -125.25,49.55,10000 -125.24,49.53,10000 -125.25,49.51,10000 -125.29,49.49,10000 -125.33,49.47,10000 -125.38,49.46,10000 -125.43,49.45,10000 -125.46,49.44,10000 -125.49,49.45,10000 -125.53,49.48,10000 -125.56,49.49,10000 -125.60,49.51,10000 -125.64,49.54,10000 -125.68,49.56,10000 -125.72,49.58,10000 -125.76,49.60,10000 -125.78,49.61,10000 -125.78,49.62,10000 -125.80,49.64,10000 -125.82,49.66,10000 -125.85,49.69,10000 -125.89,49.72,10000 -125.92,49.74,10000 -125.95,49.76,10000 -125.99,49.78,10000 -126.03,49.79,10000 -126.07,49.80,10000 -126.11,49.81,10000 -126.14,49.83,10000 -126.16,49.85,10000 -126.18,49.87,10000 -126.21,49.89,10000 -126.24,49.91,10000 -126.28,49.92,10000 -126.33,49.94,10000 -126.37,49.96,10000 -126.41,49.98,10000 -126.44,49.99,10000 -126.46,50.00,10000 -126.49,50.02,10000 -126.52,50.03,10000 -126.56,50.05,10000 -126.60,50.06,10000 -126.64,50.08,10000 -126.69,50.10,10000 -126.72,50.11,10000 -126.75,50.12,10000 -126.79,50.14,10000 -126.79,50.14,10000 -126.77,50.17,10000 
          </coordinates>
        </LinearRing>
      </outerBoundaryIs>
      <innerBoundaryIs>
        <LinearRing>
          <coordinates>
-126.52,50.21,11000 -126.49,50.22,11000 -126.47,50.22,11000 -126.44,50.22,11000 -126.42,50.23,11000 -126.39,50.23,11000 -126.37,50.24,11000 -126.34,50.24,11000 -126.32,50.24,11000 -126.29,50.25,11000 -126.27,50.25,11000 -126.24,50.25,11000 -126.21,50.25,11000 -126.18,50.25,11000 -126.15,50.25,11000 -126.13,50.25,11000 -126.10,50.25,11000 -126.08,50.25,11000 -126.06,50.25,11000 -126.03,50.25,11000 -126.02,50.24,11000 -126.00,50.22,11000 -125.99,50.21,11000 -125.97,50.20,11000 -125.95,50.19,11000 -125.93,50.18,11000 -125.91,50.17,11000 -125.89,50.15,11000 -125.88,50.14,11000 -125.86,50.13,11000 -125.85,50.11,11000 -125.84,50.10,11000 -125.84,50.08,11000 -125.83,50.07,11000 -125.83,50.05,11000 -125.83,50.03,11000 -125.83,50.02,11000 -125.83,50.00,11000 -125.83,49.98,11000 -125.83,49.97,11000 -125.83,49.95,11000 -125.83,49.94,11000 -125.83,49.92,11000 -125.83,49.90,11000 -125.83,49.88,11000 -125.83,49.86,11000 -125.83,49.85,11000 -125.84,49.84,11000 -125.86,49.83,11000 -125.88,49.83,11000 -125.90,49.83,11000 -125.92,49.83,11000 -125.94,49.84,11000 -125.97,49.85,11000 -126.00,49.85,11000 -126.03,49.86,11000 -126.06,49.87,11000 -126.08,49.87,11000 -126.11,49.88,11000 -126.13,49.89,11000 -126.14,49.89,11000 -126.15,49.90,11000 -126.16,49.91,11000 -126.18,49.91,11000 -126.20,49.92,11000 -126.22,49.93,11000 -126.24,49.95,11000 -126.26,49.96,11000 -126.28,49.97,11000 -126.31,49.98,11000 -126.33,49.99,11000 -126.35,50.01,11000 -126.37,50.01,11000 -126.39,50.02,11000 -126.40,50.03,11000 -126.43,50.04,11000 -126.43,50.04,11000 -126.46,50.05,11000 -126.47,50.06,11000 -126.49,50.06,11000 -126.51,50.07,11000 -126.53,50.08,11000 -126.55,50.08,11000 -126.57,50.09,11000 -126.59,50.10,11000 -126.61,50.11,11000 -126.64,50.12,11000 -126.66,50.13,11000 -126.69,50.14,11000 -126.71,50.15,11000 -126.52,50.21,11000 
          </coordinates>
        </LinearRing>
      </innerBoundaryIs>
  </Polygon>
 </MultiGeometry>
</Placemark>
<Placemark>
  <name>90%</name>
  <visibility>1</visibility>
  <styleUrl>#poly_90</styleUrl>
  <MultiGeometry>
    <Polygon>
      <outerBoundaryIs>
        <LinearRing>
          <coordinates>
-111.25,45.06,10000 -111.05,44.94,10000 -110.86,44.83,10000 -110.71,44.72,10000 -110.56,44.57,10000 -110.45,44.44,10000 -110.30,44.34,10000 -110.17,44.25,10000 -110.06,44.15,10000 -109.99,44.05,10000 -109.96,43.95,10000 -109.96,43.85,10000 -110.04,43.69,10000 -110.05,43.59,10000 -110.04,43.50,10000 -109.99,43.40,10000 -109.89,43.33,10000 -109.76,43.26,10000 -109.61,43.19,10000 -109.49,43.10,10000 -109.42,42.97,10000 -109.42,42.88,10000 -109.54,42.90,10000 -109.70,42.98,10000 -109.84,43.08,10000 -109.98,43.17,10000 -110.12,43.19,10000 -110.25,43.18,10000 -110.49,43.12,10000 -110.56,43.03,10000 -110.60,42.93,10000 -110.60,42.75,10000 -110.61,42.62,10000 -110.64,42.49,10000 -110.70,42.37,10000 -110.80,42.28,10000 -110.94,42.30,10000 -111.09,42.32,10000 -111.23,42.27,10000 -111.32,42.16,10000 -111.33,42.03,10000 -111.31,41.88,10000 -111.28,41.73,10000 -111.23,41.54,10000 -111.18,41.37,10000 -111.14,41.26,10000 -111.06,41.17,10000 -110.91,41.06,10000 -110.72,40.95,10000 -110.52,40.86,10000 -110.35,40.78,10000 -110.32,40.72,10000 -110.44,40.64,10000 -110.61,40.52,10000 -110.78,40.40,10000 -110.92,40.30,10000 -111.04,40.13,10000 -111.12,40.02,10000 -111.26,40.02,10000 -111.39,40.11,10000 -111.45,40.21,10000 -111.50,40.35,10000 -111.54,40.49,10000 -111.56,40.62,10000 -111.56,40.75,10000 -111.57,40.88,10000 -111.60,41.02,10000 -111.65,41.17,10000 -111.68,41.31,10000 -111.70,41.48,10000 -111.71,41.67,10000 -111.71,41.81,10000 -111.70,41.98,10000 -111.69,42.14,10000 -111.67,42.28,10000 -111.62,42.44,10000 -111.55,42.56,10000 -111.46,42.68,10000 -111.35,42.80,10000 -111.19,42.89,10000 -111.05,43.00,10000 -111.03,43.12,10000 -111.04,43.25,10000 -111.05,43.38,10000 -111.05,43.55,10000 -111.03,43.70,10000 -110.92,43.85,10000 -110.93,44.01,10000 -111.02,44.11,10000 -111.16,44.20,10000 -111.32,44.27,10000 -111.53,44.33,10000 -111.72,44.36,10000 -111.93,44.39,10000 -112.09,44.41,10000 -112.21,44.43,10000 -112.25,44.59,10000 -112.16,44.69,10000 -112.02,44.78,10000 -111.88,44.83,10000 -111.72,44.86,10000 -111.25,45.06,10000 
          </coordinates>
        </LinearRing>
      </outerBoundaryIs>
      <innerBoundaryIs>
        <LinearRing>
          <coordinates>
-111.52,40.90,11000 -111.49,40.91,11000 -111.45,40.92,11000 -111.42,40.93,11000 -111.39,40.94,11000 -111.36,40.94,11000 -111.32,40.95,11000 -111.29,40.95,11000 -111.26,40.95,11000 -111.22,40.94,11000 -111.18,40.93,11000 -111.15,40.93,11000 -111.11,40.92,11000 -111.08,40.91,11000 -111.05,40.90,11000 -111.01,40.89,11000 -110.98,40.89,11000 -110.94,40.88,11000 -110.92,40.88,11000 -110.89,40.87,11000 -110.86,40.87,11000 -110.85,40.86,11000 -110.81,40.85,11000 -110.79,40.84,11000 -110.75,40.83,11000 -110.72,40.82,11000 -110.68,40.80,11000 -110.65,40.79,11000 -110.61,40.77,11000 -110.58,40.76,11000 -110.56,40.75,11000 -110.52,40.73,11000 -110.51,40.72,11000 -110.51,40.72,11000 -110.55,40.70,11000 -110.57,40.69,11000 -110.60,40.67,11000 -110.62,40.64,11000 -110.66,40.62,11000 -110.69,40.60,11000 -110.72,40.57,11000 -110.74,40.55,11000 -110.76,40.54,11000 -110.78,40.52,11000 -110.80,40.51,11000 -110.82,40.49,11000 -110.85,40.47,11000 -110.89,40.45,11000 -110.92,40.43,11000 -110.95,40.42,11000 -110.97,40.40,11000 -111.00,40.38,11000 -111.02,40.36,11000 -111.04,40.34,11000 -111.06,40.32,11000 -111.08,40.30,11000 -111.09,40.27,11000 -111.11,40.24,11000 -111.13,40.21,11000 -111.15,40.19,11000 -111.17,40.18,11000 -111.20,40.18,11000 -111.23,40.20,11000 -111.26,40.22,11000 -111.29,40.25,11000 -111.32,40.27,11000 -111.34,40.29,11000 -111.37,40.31,11000 -111.39,40.33,11000 -111.41,40.34,11000 -111.43,40.36,11000 -111.44,40.38,11000 -111.45,40.40,11000 -111.46,40.43,11000 -111.47,40.46,11000 -111.48,40.48,11000 -111.48,40.51,11000 -111.49,40.54,11000 -111.49,40.57,11000 -111.50,40.60,11000 -111.50,40.63,11000 -111.50,40.66,11000 -111.50,40.68,11000 -111.51,40.71,11000 -111.51,40.73,11000 -111.51,40.76,11000 -111.51,40.78,11000 -111.51,40.81,11000 -111.52,40.90,11000 
          </coordinates>
        </LinearRing>
      </innerBoundaryIs>
      <innerBoundaryIs>
        <LinearRing>
          <coordinates>
-111.22,44.88,11000 -111.22,44.88,11000 -111.19,44.86,11000 -111.17,44.85,11000 -111.15,44.83,11000 -111.12,44.81,11000 -111.08,44.79,11000 -111.05,44.77,11000 -111.02,44.75,11000 -110.99,44.74,11000 -110.97,44.72,11000 -110.95,44.71,11000 -110.94,44.70,11000 -110.93,44.69,11000 -110.91,44.67,11000 -110.89,44.64,11000 -110.87,44.62,11000 -110.85,44.59,11000 -110.83,44.56,11000 -110.81,44.54,11000 -110.80,44.52,11000 -110.78,44.49,11000 -110.77,44.47,11000 -110.76,44.45,11000 -110.75,44.43,11000 -110.74,44.40,11000 -110.73,44.38,11000 -110.72,44.36,11000 -110.70,44.33,11000 -110.68,44.30,11000 -110.67,44.28,11000 -110.65,44.25,11000 -110.64,44.23,11000 -110.63,44.22,11000 -110.62,44.21,11000 -110.62,44.20,11000 -110.64,44.20,11000 -110.68,44.19,11000 -110.72,44.18,11000 -110.76,44.17,11000 -110.80,44.17,11000 -110.84,44.16,11000 -110.86,44.16,11000 -110.87,44.16,11000 -110.88,44.19,11000 -110.90,44.20,11000 -110.92,44.21,11000 -110.95,44.23,11000 -110.99,44.25,11000 -111.02,44.26,11000 -111.05,44.28,11000 -111.08,44.30,11000 -111.11,44.31,11000 -111.13,44.32,11000 -111.15,44.33,11000 -111.17,44.34,11000 -111.19,44.35,11000 -111.22,44.37,11000 -111.25,44.38,11000 -111.28,44.40,11000 -111.32,44.41,11000 -111.36,44.43,11000 -111.39,44.44,11000 -111.43,44.45,11000 -111.46,44.45,11000 -111.51,44.45,11000 -111.54,44.46,11000 -111.58,44.46,11000 -111.61,44.46,11000 -111.64,44.46,11000 -111.68,44.46,11000 -111.70,44.47,11000 -111.71,44.49,11000 -111.71,44.51,11000 -111.72,44.54,11000 -111.72,44.57,11000 -111.72,44.60,11000 -111.72,44.62,11000 -111.72,44.64,11000 -111.71,44.65,11000 -111.67,44.65,11000 -111.65,44.66,11000 -111.62,44.68,11000 -111.59,44.69,11000 -111.56,44.71,11000 -111.53,44.73,11000 -111.50,44.75,11000 -111.47,44.77,11000 -111.45,44.78,11000 -111.42,44.80,11000 -111.40,44.82,11000 -111.38,44.83,11000 -111.37,44.84,11000 -111.22,44.88,11000 
          </coordinates>
        </LinearRing>
      </innerBoundaryIs>
      <innerBoundaryIs>
        <LinearRing>
          <coordinates>
-111.62,41.57,11000 -111.60,41.57,11000 -111.57,41.56,11000 -111.55,41.56,11000 -111.53,41.56,11000 -111.51,41.55,11000 -111.49,41.54,11000 -111.47,41.53,11000 -111.46,41.52,11000 -111.45,41.51,11000 -111.44,41.49,11000 -111.44,41.48,11000 -111.43,41.46,11000 -111.43,41.44,11000 -111.42,41.42,11000 -111.42,41.41,11000 -111.42,41.39,11000 -111.42,41.37,11000 -111.42,41.35,11000 -111.42,41.33,11000 -111.42,41.32,11000 -111.43,41.30,11000 -111.43,41.28,11000 -111.43,41.26,11000 -111.44,41.25,11000 -111.45,41.23,11000 -111.45,41.21,11000 -111.46,41.20,11000 -111.46,41.18,11000 -111.47,41.17,11000 -111.48,41.15,11000 -111.50,41.13,11000 -111.51,41.11,11000 -111.53,41.10,11000 -111.54,41.09,11000 -111.55,41.09,11000 -111.56,41.09,11000 -111.56,41.11,11000 -111.56,41.13,11000 -111.56,41.16,11000 -111.56,41.17,11000 -111.57,41.19,11000 -111.57,41.20,11000 -111.58,41.22,11000 -111.58,41.24,11000 -111.59,41.26,11000 -111.60,41.28,11000 -111.60,41.29,11000 -111.61,41.31,11000 -111.61,41.33,11000 -111.61,41.35,11000 -111.62,41.36,11000 -111.62,41.38,11000 -111.62,41.40,11000 -111.62,41.42,11000 -111.62,41.43,11000 -111.63,41.45,11000 -111.63,41.47,11000 -111.63,41.48,11000 -111.63,41.50,11000 -111.62,41.57,11000 
          </coordinates>
        </LinearRing>
      </innerBoundaryIs>
  </Polygon>
 </MultiGeometry>
</Placemark>
<Placemark>
  <name>90%</name>
  <visibility>1</visibility>
  <styleUrl>#poly_90</styleUrl>
  <MultiGeometry>
    <Polygon>
      <outerBoundaryIs>
        <LinearRing>
          <coordinates>
-117.43,45.36,10000 -117.32,45.34,10000 -117.21,45.31,10000 -117.09,45.30,10000 -116.97,45.29,10000 -116.84,45.29,10000 -116.71,45.31,10000 -116.58,45.32,10000 -116.44,45.33,10000 -116.33,45.33,10000 -116.22,45.33,10000 -116.11,45.33,10000 -116.00,45.32,10000 -115.89,45.31,10000 -115.76,45.29,10000 -115.65,45.25,10000 -115.53,45.21,10000 -115.42,45.14,10000 -115.35,45.07,10000 -115.28,44.99,10000 -115.21,44.90,10000 -115.15,44.81,10000 -115.09,44.73,10000 -115.03,44.66,10000 -114.95,44.59,10000 -114.87,44.54,10000 -114.80,44.50,10000 -114.73,44.44,10000 -114.67,44.36,10000 -114.61,44.27,10000 -114.55,44.19,10000 -114.48,44.12,10000 -114.39,44.07,10000 -114.30,44.03,10000 -114.20,44.01,10000 -114.10,44.00,10000 -113.98,44.02,10000 -113.86,44.07,10000 -113.75,44.11,10000 -113.65,44.14,10000 -113.56,44.18,10000 -113.47,44.20,10000 -113.37,44.21,10000 -113.27,44.22,10000 -113.18,44.22,10000 -113.05,44.23,10000 -113.03,44.16,10000 -113.07,44.11,10000 -113.14,44.05,10000 -113.22,43.97,10000 -113.31,43.89,10000 -113.41,43.80,10000 -113.50,43.73,10000 -113.58,43.66,10000 -113.65,43.61,10000 -113.77,43.54,10000 -113.87,43.53,10000 -113.99,43.52,10000 -114.10,43.51,10000 -114.22,43.50,10000 -114.35,43.49,10000 -114.48,43.49,10000 -114.59,43.48,10000 -114.72,43.47,10000 -114.83,43.45,10000 -114.94,43.44,10000 -115.04,43.44,10000 -115.14,43.46,10000 -115.23,43.49,10000 -115.32,43.53,10000 -115.40,43.58,10000 -115.47,43.64,10000 -115.53,43.70,10000 -115.59,43.77,10000 -115.65,43.85,10000 -115.69,43.92,10000 -115.72,43.99,10000 -115.75,44.06,10000 -115.79,44.14,10000 -115.85,44.23,10000 -115.90,44.30,10000 -115.97,44.38,10000 -116.04,44.47,10000 -116.11,44.55,10000 -116.19,44.63,10000 -116.26,44.70,10000 -116.32,44.76,10000 -116.42,44.83,10000 -116.50,44.87,10000 -116.58,44.90,10000 -116.65,44.93,10000 -116.75,45.00,10000 -116.84,45.06,10000 -116.93,45.07,10000 -117.03,45.07,10000 -117.12,45.07,10000 -117.26,45.08,10000 -117.37,45.09,10000 -117.43,45.17,10000 -117.43,45.36,10000 
          </coordinates>
        </LinearRing>
      </outerBoundaryIs>
      <innerBoundaryIs>
        <LinearRing>
          <coordinates>
-116.42,45.21,11000 -116.33,45.21,11000 -116.25,45.21,11000 -116.16,45.21,11000 -116.08,45.20,11000 -116.00,45.19,11000 -115.92,45.17,11000 -115.85,45.15,11000 -115.77,45.12,11000 -115.71,45.08,11000 -115.64,45.04,11000 -115.58,45.00,11000 -115.52,44.96,11000 -115.48,44.92,11000 -115.44,44.88,11000 -115.40,44.83,11000 -115.37,44.78,11000 -115.34,44.73,11000 -115.30,44.69,11000 -115.25,44.64,11000 -115.20,44.60,11000 -115.15,44.56,11000 -115.09,44.53,11000 -115.03,44.49,11000 -114.97,44.45,11000 -114.91,44.42,11000 -114.86,44.38,11000 -114.81,44.34,11000 -114.76,44.29,11000 -114.71,44.24,11000 -114.67,44.19,11000 -114.63,44.14,11000 -114.59,44.09,11000 -114.55,44.05,11000 -114.52,44.02,11000 -114.45,43.97,11000 -114.40,43.95,11000 -114.33,43.94,11000 -114.25,43.93,11000 -114.16,43.92,11000 -114.07,43.91,11000 -114.00,43.90,11000 -113.93,43.88,11000 -113.89,43.86,11000 -113.86,43.82,11000 -113.84,43.76,11000 -113.83,43.69,11000 -113.90,43.64,11000 -113.95,43.63,11000 -114.02,43.62,11000 -114.10,43.61,11000 -114.19,43.61,11000 -114.28,43.60,11000 -114.38,43.60,11000 -114.46,43.60,11000 -114.54,43.59,11000 -114.61,43.59,11000 -114.70,43.58,11000 -114.78,43.58,11000 -114.84,43.57,11000 -114.90,43.57,11000 -114.96,43.57,11000 -115.05,43.57,11000 -115.14,43.58,11000 -115.21,43.60,11000 -115.28,43.63,11000 -115.33,43.68,11000 -115.38,43.73,11000 -115.40,43.77,11000 -115.41,43.81,11000 -115.43,43.85,11000 -115.46,43.92,11000 -115.49,43.96,11000 -115.52,44.01,11000 -115.55,44.07,11000 -115.59,44.12,11000 -115.62,44.18,11000 -115.66,44.24,11000 -115.70,44.29,11000 -115.74,44.34,11000 -115.78,44.39,11000 -115.83,44.44,11000 -115.87,44.48,11000 -115.92,44.52,11000 -115.96,44.57,11000 -116.01,44.61,11000 -116.05,44.65,11000 -116.10,44.70,11000 -116.16,44.75,11000 -116.22,44.80,11000 -116.27,44.85,11000 -116.32,44.90,11000 -116.36,44.94,11000 -116.40,44.99,11000 -116.43,45.04,11000 -116.45,45.07,11000 -116.47,45.11,11000 -116.42,45.21,11000 
          </coordinates>
        </LinearRing>
      </innerBoundaryIs>
  </Polygon>
 </MultiGeometry>
</Placemark>
<Placemark>
  <name>90%</name>
  <visibility>1</visibility>
  <styleUrl>#poly_90</styleUrl>
  <MultiGeometry>
    <Polygon>
      <outerBoundaryIs>
        <LinearRing>
          <coordinates>
-116.93,38.80,10000 -116.91,38.81,10000 -116.88,38.82,10000 -116.86,38.83,10000 -116.84,38.84,10000 -116.81,38.85,10000 -116.79,38.86,10000 -116.77,38.87,10000 -116.74,38.88,10000 -116.72,38.89,10000 -116.69,38.90,10000 -116.66,38.91,10000 -116.63,38.92,10000 -116.61,38.93,10000 -116.58,38.93,10000 -116.55,38.94,10000 -116.52,38.94,10000 -116.50,38.94,10000 -116.47,38.94,10000 -116.44,38.93,10000 -116.41,38.91,10000 -116.39,38.90,10000 -116.37,38.88,10000 -116.36,38.86,10000 -116.36,38.84,10000 -116.36,38.82,10000 -116.36,38.80,10000 -116.36,38.78,10000 -116.37,38.76,10000 -116.37,38.73,10000 -116.38,38.71,10000 -116.39,38.70,10000 -116.39,38.68,10000 -116.40,38.66,10000 -116.41,38.65,10000 -116.42,38.64,10000 -116.43,38.62,10000 -116.44,38.60,10000 -116.45,38.58,10000 -116.46,38.56,10000 -116.48,38.54,10000 -116.49,38.52,10000 -116.51,38.50,10000 -116.52,38.48,10000 -116.54,38.46,10000 -116.55,38.45,10000 -116.57,38.43,10000 -116.59,38.42,10000 -116.62,38.41,10000 -116.64,38.40,10000 -116.67,38.39,10000 -116.69,38.38,10000 -116.72,38.37,10000 -116.75,38.36,10000 -116.78,38.35,10000 -116.80,38.34,10000 -116.83,38.34,10000 -116.86,38.34,10000 -116.88,38.35,10000 -116.91,38.36,10000 -116.93,38.37,10000 -116.96,38.38,10000 -116.98,38.40,10000 -117.00,38.41,10000 -117.02,38.42,10000 -117.04,38.44,10000 -117.06,38.45,10000 -117.07,38.47,10000 -117.08,38.49,10000 -117.09,38.51,10000 -117.10,38.52,10000 -117.11,38.54,10000 -117.13,38.55,10000 -117.13,38.57,10000 -117.14,38.58,10000 -117.14,38.60,10000 -117.15,38.61,10000 -117.14,38.63,10000 -117.13,38.65,10000 -117.12,38.66,10000 -117.11,38.68,10000 -117.09,38.69,10000 -117.07,38.71,10000 -117.05,38.73,10000 -117.03,38.74,10000 -117.01,38.76,10000 -116.99,38.78,10000 -116.93,38.80,10000 
          </coordinates>
        </LinearRing>
      </outerBoundaryIs>
      <innerBoundaryIs>
        <LinearRing>
          <coordinates>
-116.89,38.63,11000 -116.88,38.63,11000 -116.87,38.64,11000 -116.86,38.64,11000 -116.85,38.64,11000 -116.84,38.64,11000 -116.83,38.64,11000 -116.82,38.65,11000 -116.82,38.65,11000 -116.81,38.65,11000 -116.80,38.65,11000 -116.79,38.66,11000 -116.78,38.66,11000 -116.77,38.66,11000 -116.76,38.66,11000 -116.75,38.66,11000 -116.75,38.67,11000 -116.74,38.67,11000 -116.73,38.67,11000 -116.72,38.67,11000 -116.72,38.67,11000 -116.71,38.67,11000 -116.70,38.68,11000 -116.70,38.68,11000 -116.69,38.68,11000 -116.69,38.68,11000 -116.68,38.68,11000 -116.67,38.68,11000 -116.67,38.68,11000 -116.65,38.68,11000 -116.64,38.68,11000 -116.64,38.67,11000 -116.63,38.67,11000 -116.63,38.66,11000 -116.63,38.66,11000 -116.63,38.65,11000 -116.63,38.65,11000 -116.63,38.64,11000 -116.63,38.64,11000 -116.63,38.63,11000 -116.63,38.62,11000 -116.63,38.62,11000 -116.64,38.61,11000 -116.65,38.61,11000 -116.66,38.60,11000 -116.66,38.60,11000 -116.67,38.60,11000 -116.68,38.59,11000 -116.68,38.59,11000 -116.69,38.59,11000 -116.70,38.58,11000 -116.71,38.58,11000 -116.71,38.58,11000 -116.72,38.58,11000 -116.73,38.57,11000 -116.74,38.57,11000 -116.75,38.57,11000 -116.76,38.56,11000 -116.77,38.56,11000 -116.78,38.56,11000 -116.79,38.56,11000 -116.80,38.55,11000 -116.81,38.55,11000 -116.81,38.55,11000 -116.82,38.55,11000 -116.83,38.54,11000 -116.84,38.54,11000 -116.85,38.54,11000 -116.85,38.54,11000 -116.86,38.54,11000 -116.87,38.54,11000 -116.87,38.54,11000 -116.88,38.54,11000 -116.89,38.54,11000 -116.89,38.55,11000 -116.90,38.55,11000 -116.90,38.56,11000 -116.91,38.56,11000 -116.91,38.57,11000 -116.91,38.58,11000 -116.91,38.58,11000 -116.91,38.59,11000 -116.91,38.60,11000 -116.91,38.61,11000 -116.89,38.63,11000 
          </coordinates>
        </LinearRing>
      </innerBoundaryIs>
  </Polygon>
 </MultiGeometry>
</Placemark>
<Placemark>
  <name>90%</name>
  <visibility>1</visibility>
  <styleUrl>#poly_90</styleUrl>
  <MultiGeometry>
    <Polygon>
      <outerBoundaryIs>
        <LinearRing>
          <coordinates>
-107.44,39.98,10000 -107.43,39.98,10000 -107.41,39.99,10000 -107.40,39.99,10000 -107.39,39.99,10000 -107.38,40.00,10000 -107.36,40.00,10000 -107.35,40.00,10000 -107.34,40.01,10000 -107.33,40.01,10000 -107.32,40.01,10000 -107.30,40.01,10000 -107.29,40.02,10000 -107.28,40.02,10000 -107.27,40.02,10000 -107.26,40.02,10000 -107.25,40.02,10000 -107.24,40.02,10000 -107.23,40.02,10000 -107.23,40.02,10000 -107.22,40.02,10000 -107.21,40.02,10000 -107.20,40.02,10000 -107.19,40.01,10000 -107.18,40.01,10000 -107.18,40.00,10000 -107.17,40.00,10000 -107.16,39.99,10000 -107.16,39.98,10000 -107.15,39.97,10000 -107.15,39.96,10000 -107.15,39.95,10000 -107.14,39.95,10000 -107.14,39.94,10000 -107.14,39.93,10000 -107.14,39.92,10000 -107.14,39.91,10000 -107.14,39.90,10000 -107.14,39.90,10000 -107.14,39.89,10000 -107.14,39.88,10000 -107.14,39.87,10000 -107.14,39.86,10000 -107.14,39.85,10000 -107.14,39.84,10000 -107.15,39.83,10000 -107.15,39.82,10000 -107.15,39.81,10000 -107.16,39.80,10000 -107.16,39.80,10000 -107.17,39.79,10000 -107.18,39.79,10000 -107.19,39.79,10000 -107.19,39.79,10000 -107.20,39.79,10000 -107.21,39.79,10000 -107.22,39.78,10000 -107.24,39.79,10000 -107.25,39.79,10000 -107.26,39.79,10000 -107.27,39.79,10000 -107.28,39.79,10000 -107.30,39.79,10000 -107.31,39.79,10000 -107.32,39.80,10000 -107.34,39.80,10000 -107.35,39.80,10000 -107.36,39.80,10000 -107.37,39.81,10000 -107.38,39.81,10000 -107.39,39.81,10000 -107.40,39.81,10000 -107.41,39.82,10000 -107.42,39.82,10000 -107.43,39.82,10000 -107.44,39.83,10000 -107.45,39.84,10000 -107.46,39.84,10000 -107.47,39.85,10000 -107.47,39.86,10000 -107.48,39.86,10000 -107.49,39.87,10000 -107.49,39.88,10000 -107.49,39.88,10000 -107.50,39.89,10000 -107.50,39.90,10000 -107.44,39.98,10000 
          </coordinates>
        </LinearRing>
      </outerBoundaryIs>
  </Polygon>
 </MultiGeometry>
</Placemark>
<Placemark>
  <name>95%</name>
  <visibility>1</visibility>
  <styleUrl>#poly_95</styleUrl>
  <MultiGeometry>
    <Polygon>
      <outerBoundaryIs>
        <LinearRing>
          <coordinates>
-116.42,45.21,11000 -116.33,45.21,11000 -116.25,45.21,11000 -116.16,45.21,11000 -116.08,45.20,11000 -116.00,45.19,11000 -115.92,45.17,11000 -115.85,45.15,11000 -115.77,45.12,11000 -115.71,45.08,11000 -115.64,45.04,11000 -115.58,45.00,11000 -115.52,44.96,11000 -115.48,44.92,11000 -115.44,44.88,11000 -115.40,44.83,11000 -115.37,44.78,11000 -115.34,44.73,11000 -115.30,44.69,11000 -115.25,44.64,11000 -115.20,44.60,11000 -115.15,44.56,11000 -115.09,44.53,11000 -115.03,44.49,11000 -114.97,44.45,11000 -114.91,44.42,11000 -114.86,44.38,11000 -114.81,44.34,11000 -114.76,44.29,11000 -114.71,44.24,11000 -114.67,44.19,11000 -114.63,44.14,11000 -114.59,44.09,11000 -114.55,44.05,11000 -114.52,44.02,11000 -114.45,43.97,11000 -114.40,43.95,11000 -114.33,43.94,11000 -114.25,43.93,11000 -114.16,43.92,11000 -114.07,43.91,11000 -114.00,43.90,11000 -113.93,43.88,11000 -113.89,43.86,11000 -113.86,43.82,11000 -113.84,43.76,11000 -113.83,43.69,11000 -113.90,43.64,11000 -113.95,43.63,11000 -114.02,43.62,11000 -114.10,43.61,11000 -114.19,43.61,11000 -114.28,43.60,11000 -114.38,43.60,11000 -114.46,43.60,11000 -114.54,43.59,11000 -114.61,43.59,11000 -114.70,43.58,11000 -114.78,43.58,11000 -114.84,43.57,11000 -114.90,43.57,11000 -114.96,43.57,11000 -115.05,43.57,11000 -115.14,43.58,11000 -115.21,43.60,11000 -115.28,43.63,11000 -115.33,43.68,11000 -115.38,43.73,11000 -115.40,43.77,11000 -115.41,43.81,11000 -115.43,43.85,11000 -115.46,43.92,11000 -115.49,43.96,11000 -115.52,44.01,11000 -115.55,44.07,11000 -115.59,44.12,11000 -115.62,44.18,11000 -115.66,44.24,11000 -115.70,44.29,11000 -115.74,44.34,11000 -115.78,44.39,11000 -115.83,44.44,11000 -115.87,44.48,11000 -115.92,44.52,11000 -115.96,44.57,11000 -116.01,44.61,11000 -116.05,44.65,11000 -116.10,44.70,11000 -116.16,44.75,11000 -116.22,44.80,11000 -116.27,44.85,11000 -116.32,44.90,11000 -116.36,44.94,11000 -116.40,44.99,11000 -116.43,45.04,11000 -116.45,45.07,11000 -116.47,45.11,11000 -116.42,45.21,11000 
          </coordinates>
        </LinearRing>
      </outerBoundaryIs>
  </Polygon>
 </MultiGeometry>
</Placemark>
<Placemark>
  <name>95%</name>
  <visibility>1</visibility>
  <styleUrl>#poly_95</styleUrl>
  <MultiGeometry>
    <Polygon>
      <outerBoundaryIs>
        <LinearRing>
          <coordinates>
-114.33,51.64,11000 -114.31,51.64,11000 -114.30,51.64,11000 -114.28,51.64,11000 -114.27,51.64,11000 -114.25,51.65,11000 -114.24,51.65,11000 -114.22,51.65,11000 -114.21,51.65,11000 -114.19,51.65,11000 -114.18,51.65,11000 -114.16,51.65,11000 -114.15,51.65,11000 -114.14,51.65,11000 -114.12,51.66,11000 -114.11,51.66,11000 -114.10,51.66,11000 -114.09,51.66,11000 -114.08,51.66,11000 -114.07,51.66,11000 -114.05,51.66,11000 -114.03,51.66,11000 -114.01,51.67,11000 -114.00,51.67,11000 -113.99,51.67,11000 -113.98,51.67,11000 -113.97,51.67,11000 -113.97,51.67,11000 -113.97,51.67,11000 -113.98,51.67,11000 -113.99,51.66,11000 -114.00,51.66,11000 -114.01,51.66,11000 -114.03,51.66,11000 -114.05,51.65,11000 -114.07,51.65,11000 -114.08,51.65,11000 -114.09,51.65,11000 -114.10,51.65,11000 -114.12,51.65,11000 -114.13,51.64,11000 -114.15,51.64,11000 -114.16,51.64,11000 -114.18,51.64,11000 -114.19,51.64,11000 -114.21,51.64,11000 -114.22,51.64,11000 -114.24,51.64,11000 -114.25,51.63,11000 -114.27,51.63,11000 -114.28,51.63,11000 -114.30,51.63,11000 -114.31,51.63,11000 -114.32,51.63,11000 -114.33,51.63,11000 -114.35,51.63,11000 -114.37,51.63,11000 -114.39,51.63,11000 -114.40,51.63,11000 -114.41,51.63,11000 -114.42,51.63,11000 -114.43,51.63,11000 -114.44,51.63,11000 -114.33,51.64,11000 
          </coordinates>
        </LinearRing>
      </outerBoundaryIs>
  </Polygon>
 </MultiGeometry>
</Placemark>
<Placemark>
  <name>95%</name>
  <visibility>1</visibility>
  <styleUrl>#poly_95</styleUrl>
  <MultiGeometry>
    <Polygon>
      <outerBoundaryIs>
        <LinearRing>
          <coordinates>
-113.67,48.62,11000 -113.67,48.59,11000 -113.65,48.55,11000 -113.64,48.52,11000 -113.62,48.47,11000 -113.59,48.43,11000 -113.57,48.39,11000 -113.54,48.35,11000 -113.51,48.31,11000 -113.48,48.27,11000 -113.45,48.24,11000 -113.41,48.21,11000 -113.36,48.18,11000 -113.32,48.16,11000 -113.29,48.14,11000 -113.27,48.12,11000 -113.24,48.09,11000 -113.19,48.07,11000 -113.13,48.04,11000 -113.07,48.01,11000 -113.03,47.99,11000 -113.00,47.97,11000 -112.99,47.94,11000 -112.99,47.90,11000 -112.98,47.85,11000 -112.98,47.80,11000 -112.98,47.77,11000 -112.98,47.75,11000 -113.01,47.73,11000 -113.05,47.69,11000 -113.10,47.66,11000 -113.14,47.62,11000 -113.17,47.59,11000 -113.18,47.54,11000 -113.17,47.49,11000 -113.18,47.47,11000 -113.21,47.48,11000 -113.24,47.51,11000 -113.28,47.54,11000 -113.32,47.57,11000 -113.37,47.60,11000 -113.42,47.62,11000 -113.47,47.65,11000 -113.52,47.67,11000 -113.56,47.69,11000 -113.59,47.72,11000 -113.59,47.76,11000 -113.58,47.80,11000 -113.56,47.85,11000 -113.55,47.89,11000 -113.55,47.93,11000 -113.55,47.98,11000 -113.56,48.02,11000 -113.57,48.06,11000 -113.58,48.10,11000 -113.60,48.14,11000 -113.62,48.18,11000 -113.63,48.22,11000 -113.64,48.26,11000 -113.65,48.30,11000 -113.66,48.34,11000 -113.67,48.38,11000 -113.67,48.42,11000 -113.67,48.46,11000 -113.67,48.51,11000 -113.66,48.55,11000 -113.67,48.62,11000 
          </coordinates>
        </LinearRing>
      </outerBoundaryIs>
  </Polygon>
 </MultiGeometry>
</Placemark>
<Placemark>
  <name>95%</name>
  <visibility>1</visibility>
  <styleUrl>#poly_95</styleUrl>
  <MultiGeometry>
    <Polygon>
      <outerBoundaryIs>
        <LinearRing>
          <coordinates>
-122.15,44.57,11000 -122.12,44.51,11000 -122.09,44.45,11000 -122.06,44.38,11000 -122.03,44.31,11000 -122.01,44.24,11000 -121.98,44.17,11000 -121.96,44.10,11000 -121.93,44.03,11000 -121.92,43.97,11000 -121.91,43.90,11000 -121.91,43.84,11000 -121.92,43.79,11000 -121.96,43.73,11000 -122.01,43.67,11000 -122.05,43.61,11000 -122.06,43.56,11000 -122.05,43.50,11000 -122.03,43.43,11000 -122.02,43.37,11000 -122.00,43.30,11000 -121.97,43.22,11000 -121.95,43.15,11000 -121.94,43.09,11000 -121.92,43.02,11000 -121.91,42.97,11000 -121.92,42.90,11000 -121.94,42.84,11000 -121.97,42.77,11000 -122.00,42.70,11000 -122.04,42.63,11000 -122.07,42.57,11000 -122.11,42.48,11000 -122.15,42.41,11000 -122.19,42.35,11000 -122.29,42.30,11000 -122.38,42.32,11000 -122.41,42.37,11000 -122.43,42.43,11000 -122.45,42.51,11000 -122.47,42.59,11000 -122.49,42.65,11000 -122.54,42.71,11000 -122.59,42.75,11000 -122.63,42.81,11000 -122.66,42.88,11000 -122.68,42.96,11000 -122.70,43.04,11000 -122.71,43.11,11000 -122.72,43.19,11000 -122.71,43.26,11000 -122.70,43.33,11000 -122.68,43.40,11000 -122.64,43.46,11000 -122.58,43.53,11000 -122.51,43.58,11000 -122.41,43.64,11000 -122.32,43.70,11000 -122.25,43.75,11000 -122.21,43.81,11000 -122.21,43.86,11000 -122.20,43.93,11000 -122.19,43.99,11000 -122.18,44.06,11000 -122.18,44.13,11000 -122.17,44.21,11000 -122.16,44.29,11000 -122.15,44.57,11000 
          </coordinates>
        </LinearRing>
      </outerBoundaryIs>
  </Polygon>
 </MultiGeometry>
</Placemark>
<Placemark>
  <name>95%</name>
  <visibility>1</visibility>
  <styleUrl>#poly_95</styleUrl>
  <MultiGeometry>
    <Polygon>
      <outerBoundaryIs>
        <LinearRing>
          <coordinates>
-112.60,37.68,11000 -112.59,37.69,11000 -112.58,37.69,11000 -112.55,37.68,11000 -112.54,37.67,11000 -112.53,37.67,11000 -112.52,37.66,11000 -112.51,37.65,11000 -112.50,37.64,11000 -112.48,37.63,11000 -112.47,37.62,11000 -112.46,37.61,11000 -112.44,37.60,11000 -112.43,37.58,11000 -112.42,37.57,11000 -112.41,37.56,11000 -112.40,37.55,11000 -112.40,37.54,11000 -112.39,37.53,11000 -112.39,37.52,11000 -112.39,37.51,11000 -112.40,37.50,11000 -112.40,37.49,11000 -112.41,37.48,11000 -112.43,37.47,11000 -112.44,37.46,11000 -112.45,37.45,11000 -112.47,37.44,11000 -112.49,37.43,11000 -112.50,37.42,11000 -112.52,37.41,11000 -112.53,37.41,11000 -112.55,37.40,11000 -112.56,37.39,11000 -112.58,37.39,11000 -112.60,37.39,11000 -112.61,37.38,11000 -112.63,37.38,11000 -112.65,37.37,11000 -112.66,37.37,11000 -112.68,37.37,11000 -112.70,37.37,11000 -112.72,37.37,11000 -112.73,37.37,11000 -112.75,37.37,11000 -112.76,37.37,11000 -112.78,37.37,11000 -112.80,37.37,11000 -112.81,37.38,11000 -112.83,37.38,11000 -112.85,37.39,11000 -112.87,37.39,11000 -112.88,37.40,11000 -112.90,37.41,11000 -112.92,37.41,11000 -112.93,37.42,11000 -112.94,37.43,11000 -112.95,37.44,11000 -112.96,37.45,11000 -112.96,37.46,11000 -112.96,37.47,11000 -112.96,37.48,11000 -112.95,37.49,11000 -112.95,37.50,11000 -112.94,37.51,11000 -112.93,37.53,11000 -112.92,37.54,11000 -112.91,37.55,11000 -112.89,37.57,11000 -112.88,37.58,11000 -112.87,37.59,11000 -112.86,37.60,11000 -112.85,37.61,11000 -112.84,37.62,11000 -112.83,37.63,11000 -112.82,37.64,11000 -112.80,37.66,11000 -112.78,37.66,11000 -112.77,37.66,11000 -112.76,37.66,11000 -112.60,37.68,11000 
          </coordinates>
        </LinearRing>
      </outerBoundaryIs>
  </Polygon>
 </MultiGeometry>
</Placemark>
<Placemark>
  <name>95%</name>
  <visibility>1</visibility>
  <styleUrl>#poly_95</styleUrl>
  <MultiGeometry>
    <Polygon>
      <outerBoundaryIs>
        <LinearRing>
          <coordinates>
-111.52,40.90,11000 -111.49,40.91,11000 -111.45,40.92,11000 -111.42,40.93,11000 -111.39,40.94,11000 -111.36,40.94,11000 -111.32,40.95,11000 -111.29,40.95,11000 -111.26,40.95,11000 -111.22,40.94,11000 -111.18,40.93,11000 -111.15,40.93,11000 -111.11,40.92,11000 -111.08,40.91,11000 -111.05,40.90,11000 -111.01,40.89,11000 -110.98,40.89,11000 -110.94,40.88,11000 -110.92,40.88,11000 -110.89,40.87,11000 -110.86,40.87,11000 -110.85,40.86,11000 -110.81,40.85,11000 -110.79,40.84,11000 -110.75,40.83,11000 -110.72,40.82,11000 -110.68,40.80,11000 -110.65,40.79,11000 -110.61,40.77,11000 -110.58,40.76,11000 -110.56,40.75,11000 -110.52,40.73,11000 -110.51,40.72,11000 -110.51,40.72,11000 -110.55,40.70,11000 -110.57,40.69,11000 -110.60,40.67,11000 -110.62,40.64,11000 -110.66,40.62,11000 -110.69,40.60,11000 -110.72,40.57,11000 -110.74,40.55,11000 -110.76,40.54,11000 -110.78,40.52,11000 -110.80,40.51,11000 -110.82,40.49,11000 -110.85,40.47,11000 -110.89,40.45,11000 -110.92,40.43,11000 -110.95,40.42,11000 -110.97,40.40,11000 -111.00,40.38,11000 -111.02,40.36,11000 -111.04,40.34,11000 -111.06,40.32,11000 -111.08,40.30,11000 -111.09,40.27,11000 -111.11,40.24,11000 -111.13,40.21,11000 -111.15,40.19,11000 -111.17,40.18,11000 -111.20,40.18,11000 -111.23,40.20,11000 -111.26,40.22,11000 -111.29,40.25,11000 -111.32,40.27,11000 -111.34,40.29,11000 -111.37,40.31,11000 -111.39,40.33,11000 -111.41,40.34,11000 -111.43,40.36,11000 -111.44,40.38,11000 -111.45,40.40,11000 -111.46,40.43,11000 -111.47,40.46,11000 -111.48,40.48,11000 -111.48,40.51,11000 -111.49,40.54,11000 -111.49,40.57,11000 -111.50,40.60,11000 -111.50,40.63,11000 -111.50,40.66,11000 -111.50,40.68,11000 -111.51,40.71,11000 -111.51,40.73,11000 -111.51,40.76,11000 -111.51,40.78,11000 -111.51,40.81,11000 -111.52,40.90,11000 
          </coordinates>
        </LinearRing>
      </outerBoundaryIs>
  </Polygon>
 </MultiGeometry>
</Placemark>
<Placemark>
  <name>95%</name>
  <visibility>1</visibility>
  <styleUrl>#poly_95</styleUrl>
  <MultiGeometry>
    <Polygon>
      <outerBoundaryIs>
        <LinearRing>
          <coordinates>
-69.16,50.48,11000 -69.05,50.47,11000 -68.95,50.47,11000 -68.84,50.46,11000 -68.74,50.46,11000 -68.64,50.45,11000 -68.55,50.45,11000 -68.47,50.44,11000 -68.39,50.44,11000 -68.27,50.44,11000 -68.17,50.44,11000 -68.09,50.45,11000 -68.00,50.44,11000 -67.91,50.42,11000 -67.82,50.39,11000 -67.74,50.36,11000 -67.64,50.32,11000 -67.57,50.30,11000 -67.49,50.27,11000 -67.41,50.24,11000 -67.33,50.22,11000 -67.25,50.19,11000 -67.17,50.16,11000 -67.08,50.13,11000 -66.99,50.10,11000 -66.90,50.07,11000 -66.81,50.03,11000 -66.74,50.00,11000 -66.67,49.97,11000 -66.60,49.92,11000 -66.55,49.88,11000 -66.52,49.84,11000 -66.49,49.79,11000 -66.46,49.72,11000 -66.45,49.65,11000 -66.47,49.60,11000 -66.53,49.57,11000 -66.61,49.56,11000 -66.71,49.55,11000 -66.79,49.55,11000 -66.88,49.55,11000 -66.99,49.55,11000 -67.10,49.56,11000 -67.18,49.56,11000 -67.28,49.57,11000 -67.38,49.58,11000 -67.48,49.58,11000 -67.57,49.59,11000 -67.66,49.60,11000 -67.75,49.61,11000 -67.84,49.61,11000 -67.92,49.62,11000 -68.01,49.64,11000 -68.11,49.66,11000 -68.19,49.68,11000 -68.27,49.71,11000 -68.36,49.74,11000 -68.46,49.77,11000 -68.55,49.80,11000 -68.64,49.83,11000 -68.74,49.86,11000 -68.82,49.88,11000 -68.91,49.90,11000 -69.01,49.92,11000 -69.10,49.94,11000 -69.19,49.95,11000 -69.27,49.96,11000 -69.34,49.98,11000 -69.41,49.99,11000 -69.52,50.01,11000 -69.60,50.03,11000 -69.67,50.06,11000 -69.74,50.10,11000 -69.80,50.15,11000 -69.83,50.20,11000 -69.83,50.25,11000 -69.82,50.30,11000 -69.79,50.35,11000 -69.75,50.39,11000 -69.69,50.42,11000 -69.61,50.44,11000 -69.52,50.46,11000 -69.43,50.47,11000 -69.16,50.48,11000 
          </coordinates>
        </LinearRing>
      </outerBoundaryIs>
  </Polygon>
 </MultiGeometry>
</Placemark>
<Placemark>
  <name>95%</name>
  <visibility>1</visibility>
  <styleUrl>#poly_95</styleUrl>
  <MultiGeometry>
    <Polygon>
      <outerBoundaryIs>
        <LinearRing>
          <coordinates>
-124.52,50.50,11000 -124.45,50.52,11000 -124.38,50.53,11000 -124.31,50.54,11000 -124.25,50.56,11000 -124.18,50.57,11000 -124.12,50.57,11000 -124.07,50.57,11000 -124.02,50.57,11000 -123.97,50.56,11000 -123.92,50.53,11000 -123.89,50.50,11000 -123.85,50.47,11000 -123.82,50.44,11000 -123.77,50.41,11000 -123.71,50.39,11000 -123.65,50.38,11000 -123.58,50.37,11000 -123.52,50.35,11000 -123.46,50.34,11000 -123.41,50.32,11000 -123.37,50.29,11000 -123.35,50.26,11000 -123.34,50.22,11000 -123.32,50.18,11000 -123.29,50.14,11000 -123.26,50.11,11000 -123.22,50.08,11000 -123.19,50.05,11000 -123.15,50.02,11000 -123.10,49.99,11000 -123.06,49.97,11000 -123.02,49.94,11000 -122.97,49.91,11000 -122.92,49.89,11000 -122.86,49.87,11000 -122.81,49.85,11000 -122.76,49.83,11000 -122.72,49.81,11000 -122.65,49.79,11000 -122.60,49.77,11000 -122.55,49.74,11000 -122.52,49.71,11000 -122.48,49.68,11000 -122.44,49.64,11000 -122.43,49.61,11000 -122.44,49.58,11000 -122.48,49.56,11000 -122.53,49.55,11000 -122.60,49.53,11000 -122.67,49.52,11000 -122.75,49.51,11000 -122.82,49.51,11000 -122.88,49.51,11000 -122.94,49.52,11000 -122.99,49.54,11000 -123.04,49.57,11000 -123.09,49.59,11000 -123.13,49.62,11000 -123.18,49.64,11000 -123.24,49.66,11000 -123.30,49.67,11000 -123.37,49.68,11000 -123.42,49.70,11000 -123.47,49.72,11000 -123.50,49.75,11000 -123.52,49.78,11000 -123.54,49.82,11000 -123.56,49.86,11000 -123.58,49.90,11000 -123.61,49.93,11000 -123.64,49.96,11000 -123.67,49.99,11000 -123.71,50.02,11000 -123.75,50.05,11000 -123.79,50.07,11000 -123.85,50.09,11000 -123.90,50.10,11000 -123.96,50.11,11000 -124.03,50.12,11000 -124.11,50.13,11000 -124.18,50.13,11000 -124.24,50.14,11000 -124.30,50.15,11000 -124.35,50.16,11000 -124.40,50.19,11000 -124.44,50.22,11000 -124.46,50.25,11000 -124.48,50.28,11000 -124.51,50.31,11000 -124.55,50.34,11000 -124.59,50.36,11000 -124.63,50.39,11000 -124.67,50.41,11000 -124.71,50.44,11000 -124.52,50.50,11000 
          </coordinates>
        </LinearRing>
      </outerBoundaryIs>
  </Polygon>
 </MultiGeometry>
</Placemark>
<Placemark>
  <name>95%</name>
  <visibility>1</visibility>
  <styleUrl>#poly_95</styleUrl>
  <MultiGeometry>
    <Polygon>
      <outerBoundaryIs>
        <LinearRing>
          <coordinates>
-108.08,37.74,11000 -108.04,37.75,11000 -108.01,37.75,11000 -107.97,37.76,11000 -107.93,37.77,11000 -107.90,37.77,11000 -107.86,37.78,11000 -107.82,37.79,11000 -107.78,37.79,11000 -107.74,37.80,11000 -107.71,37.80,11000 -107.67,37.81,11000 -107.63,37.81,11000 -107.58,37.81,11000 -107.54,37.81,11000 -107.49,37.81,11000 -107.45,37.81,11000 -107.41,37.81,11000 -107.37,37.80,11000 -107.35,37.80,11000 -107.32,37.78,11000 -107.29,37.77,11000 -107.27,37.75,11000 -107.24,37.73,11000 -107.20,37.71,11000 -107.17,37.69,11000 -107.13,37.67,11000 -107.09,37.66,11000 -107.04,37.64,11000 -107.00,37.63,11000 -106.97,37.62,11000 -106.95,37.61,11000 -106.93,37.60,11000 -106.90,37.59,11000 -106.87,37.57,11000 -106.83,37.55,11000 -106.79,37.52,11000 -106.75,37.50,11000 -106.71,37.48,11000 -106.69,37.47,11000 -106.69,37.46,11000 -106.68,37.44,11000 -106.67,37.41,11000 -106.66,37.38,11000 -106.65,37.35,11000 -106.64,37.32,11000 -106.63,37.29,11000 -106.63,37.25,11000 -106.63,37.22,11000 -106.64,37.19,11000 -106.66,37.18,11000 -106.68,37.19,11000 -106.71,37.22,11000 -106.74,37.25,11000 -106.77,37.28,11000 -106.79,37.30,11000 -106.82,37.32,11000 -106.85,37.34,11000 -106.88,37.35,11000 -106.91,37.37,11000 -106.94,37.38,11000 -106.98,37.39,11000 -107.02,37.40,11000 -107.06,37.41,11000 -107.10,37.42,11000 -107.14,37.43,11000 -107.18,37.44,11000 -107.22,37.46,11000 -107.25,37.48,11000 -107.29,37.49,11000 -107.33,37.51,11000 -107.37,37.52,11000 -107.41,37.53,11000 -107.45,37.53,11000 -107.49,37.54,11000 -107.52,37.54,11000 -107.56,37.54,11000 -107.60,37.54,11000 -107.64,37.54,11000 -107.68,37.54,11000 -107.72,37.54,11000 -107.75,37.54,11000 -107.79,37.54,11000 -107.83,37.54,11000 -107.88,37.54,11000 -107.93,37.54,11000 -107.98,37.54,11000 -108.02,37.54,11000 -108.05,37.54,11000 -108.06,37.54,11000 -108.06,37.56,11000 -108.07,37.58,11000 -108.08,37.61,11000 -108.08,37.65,11000 -108.09,37.68,11000 -108.10,37.72,11000 -108.08,37.74,11000 
          </coordinates>
        </LinearRing>
      </outerBoundaryIs>
  </Polygon>
 </MultiGeometry>
</Placemark>
<Placemark>
  <name>95%</name>
  <visibility>1</visibility>
  <styleUrl>#poly_95</styleUrl>
  <MultiGeometry>
    <Polygon>
      <outerBoundaryIs>
        <LinearRing>
          <coordinates>
-107.12,39.23,11000 -107.10,39.24,11000 -107.08,39.24,11000 -107.06,39.24,11000 -107.04,39.25,11000 -107.01,39.25,11000 -106.99,39.26,11000 -106.97,39.26,11000 -106.95,39.27,11000 -106.93,39.27,11000 -106.91,39.28,11000 -106.89,39.28,11000 -106.87,39.28,11000 -106.84,39.29,11000 -106.82,39.29,11000 -106.80,39.30,11000 -106.77,39.30,11000 -106.75,39.31,11000 -106.73,39.31,11000 -106.71,39.31,11000 -106.69,39.31,11000 -106.67,39.31,11000 -106.64,39.31,11000 -106.62,39.30,11000 -106.60,39.29,11000 -106.58,39.28,11000 -106.57,39.27,11000 -106.56,39.25,11000 -106.56,39.24,11000 -106.56,39.22,11000 -106.56,39.21,11000 -106.56,39.19,11000 -106.57,39.17,11000 -106.57,39.15,11000 -106.58,39.14,11000 -106.58,39.12,11000 -106.59,39.10,11000 -106.59,39.08,11000 -106.59,39.06,11000 -106.60,39.04,11000 -106.60,39.02,11000 -106.60,39.00,11000 -106.61,38.98,11000 -106.61,38.96,11000 -106.61,38.94,11000 -106.62,38.93,11000 -106.62,38.91,11000 -106.62,38.90,11000 -106.62,38.89,11000 -106.63,38.89,11000 -106.65,38.88,11000 -106.67,38.88,11000 -106.70,38.88,11000 -106.72,38.88,11000 -106.75,38.87,11000 -106.77,38.87,11000 -106.80,38.87,11000 -106.83,38.86,11000 -106.85,38.86,11000 -106.87,38.86,11000 -106.90,38.86,11000 -106.92,38.85,11000 -106.94,38.85,11000 -106.97,38.85,11000 -106.99,38.85,11000 -107.01,38.85,11000 -107.03,38.85,11000 -107.05,38.85,11000 -107.07,38.85,11000 -107.10,38.85,11000 -107.12,38.85,11000 -107.14,38.85,11000 -107.16,38.86,11000 -107.17,38.87,11000 -107.19,38.88,11000 -107.21,38.89,11000 -107.23,38.91,11000 -107.24,38.92,11000 -107.26,38.94,11000 -107.28,38.95,11000 -107.30,38.97,11000 -107.31,38.98,11000 -107.32,38.99,11000 -107.34,39.00,11000 -107.35,39.01,11000 -107.35,39.02,11000 -107.35,39.03,11000 -107.35,39.05,11000 -107.35,39.07,11000 -107.35,39.09,11000 -107.35,39.11,11000 -107.34,39.13,11000 -107.33,39.14,11000 -107.31,39.16,11000 -107.30,39.17,11000 -107.28,39.18,11000 -107.26,39.19,11000 -107.23,39.20,11000 -107.21,39.21,11000 -107.12,39.23,11000 
          </coordinates>
        </LinearRing>
      </outerBoundaryIs>
  </Polygon>
 </MultiGeometry>
</Placemark>
<Placemark>
  <name>95%</name>
  <visibility>1</visibility>
  <styleUrl>#poly_95</styleUrl>
  <MultiGeometry>
    <Polygon>
      <outerBoundaryIs>
        <LinearRing>
          <coordinates>
-111.22,44.88,11000 -111.22,44.88,11000 -111.19,44.86,11000 -111.17,44.85,11000 -111.15,44.83,11000 -111.12,44.81,11000 -111.08,44.79,11000 -111.05,44.77,11000 -111.02,44.75,11000 -110.99,44.74,11000 -110.97,44.72,11000 -110.95,44.71,11000 -110.94,44.70,11000 -110.93,44.69,11000 -110.91,44.67,11000 -110.89,44.64,11000 -110.87,44.62,11000 -110.85,44.59,11000 -110.83,44.56,11000 -110.81,44.54,11000 -110.80,44.52,11000 -110.78,44.49,11000 -110.77,44.47,11000 -110.76,44.45,11000 -110.75,44.43,11000 -110.74,44.40,11000 -110.73,44.38,11000 -110.72,44.36,11000 -110.70,44.33,11000 -110.68,44.30,11000 -110.67,44.28,11000 -110.65,44.25,11000 -110.64,44.23,11000 -110.63,44.22,11000 -110.62,44.21,11000 -110.62,44.20,11000 -110.64,44.20,11000 -110.68,44.19,11000 -110.72,44.18,11000 -110.76,44.17,11000 -110.80,44.17,11000 -110.84,44.16,11000 -110.86,44.16,11000 -110.87,44.16,11000 -110.88,44.19,11000 -110.90,44.20,11000 -110.92,44.21,11000 -110.95,44.23,11000 -110.99,44.25,11000 -111.02,44.26,11000 -111.05,44.28,11000 -111.08,44.30,11000 -111.11,44.31,11000 -111.13,44.32,11000 -111.15,44.33,11000 -111.17,44.34,11000 -111.19,44.35,11000 -111.22,44.37,11000 -111.25,44.38,11000 -111.28,44.40,11000 -111.32,44.41,11000 -111.36,44.43,11000 -111.39,44.44,11000 -111.43,44.45,11000 -111.46,44.45,11000 -111.51,44.45,11000 -111.54,44.46,11000 -111.58,44.46,11000 -111.61,44.46,11000 -111.64,44.46,11000 -111.68,44.46,11000 -111.70,44.47,11000 -111.71,44.49,11000 -111.71,44.51,11000 -111.72,44.54,11000 -111.72,44.57,11000 -111.72,44.60,11000 -111.72,44.62,11000 -111.72,44.64,11000 -111.71,44.65,11000 -111.67,44.65,11000 -111.65,44.66,11000 -111.62,44.68,11000 -111.59,44.69,11000 -111.56,44.71,11000 -111.53,44.73,11000 -111.50,44.75,11000 -111.47,44.77,11000 -111.45,44.78,11000 -111.42,44.80,11000 -111.40,44.82,11000 -111.38,44.83,11000 -111.37,44.84,11000 -111.22,44.88,11000 
          </coordinates>
        </LinearRing>
      </outerBoundaryIs>
  </Polygon>
 </MultiGeometry>
</Placemark>
<Placemark>
  <name>95%</name>
  <visibility>1</visibility>
  <styleUrl>#poly_95</styleUrl>
  <MultiGeometry>
    <Polygon>
      <outerBoundaryIs>
        <LinearRing>
          <coordinates>
-118.44,51.24,11000 -118.42,51.24,11000 -118.39,51.25,11000 -118.37,51.25,11000 -118.34,51.25,11000 -118.32,51.25,11000 -118.30,51.26,11000 -118.27,51.26,11000 -118.25,51.26,11000 -118.23,51.27,11000 -118.20,51.27,11000 -118.18,51.27,11000 -118.16,51.27,11000 -118.13,51.27,11000 -118.11,51.28,11000 -118.09,51.28,11000 -118.07,51.28,11000 -118.04,51.28,11000 -118.02,51.28,11000 -118.00,51.28,11000 -117.98,51.29,11000 -117.95,51.29,11000 -117.93,51.29,11000 -117.91,51.29,11000 -117.88,51.30,11000 -117.85,51.30,11000 -117.83,51.30,11000 -117.80,51.30,11000 -117.77,51.31,11000 -117.75,51.31,11000 -117.73,51.31,11000 -117.70,51.32,11000 -117.69,51.32,11000 -117.67,51.32,11000 -117.63,51.32,11000 -117.62,51.32,11000 -117.62,51.32,11000 -117.62,51.31,11000 -117.63,51.30,11000 -117.66,51.29,11000 -117.68,51.29,11000 -117.69,51.29,11000 -117.72,51.28,11000 -117.74,51.28,11000 -117.76,51.28,11000 -117.79,51.28,11000 -117.82,51.28,11000 -117.84,51.28,11000 -117.87,51.27,11000 -117.90,51.27,11000 -117.92,51.27,11000 -117.94,51.27,11000 -117.97,51.26,11000 -117.99,51.26,11000 -118.01,51.26,11000 -118.03,51.25,11000 -118.06,51.25,11000 -118.08,51.24,11000 -118.10,51.24,11000 -118.12,51.24,11000 -118.15,51.23,11000 -118.17,51.23,11000 -118.19,51.23,11000 -118.22,51.23,11000 -118.25,51.22,11000 -118.27,51.22,11000 -118.30,51.22,11000 -118.33,51.22,11000 -118.35,51.22,11000 -118.38,51.22,11000 -118.40,51.22,11000 -118.42,51.22,11000 -118.43,51.22,11000 -118.44,51.23,11000 -118.44,51.24,11000 
          </coordinates>
        </LinearRing>
      </outerBoundaryIs>
  </Polygon>
 </MultiGeometry>
</Placemark>
<Placemark>
  <name>95%</name>
  <visibility>1</visibility>
  <styleUrl>#poly_95</styleUrl>
  <MultiGeometry>
    <Polygon>
      <outerBoundaryIs>
        <LinearRing>
          <coordinates>
-123.64,42.16,11000 -123.36,42.12,11000 -123.12,42.02,11000 -122.99,41.86,11000 -122.88,41.67,11000 -122.79,41.52,11000 -122.59,41.46,11000 -122.37,41.50,11000 -122.26,41.60,11000 -122.15,41.71,11000 -121.99,41.82,11000 -121.79,41.82,11000 -121.58,41.78,11000 -121.37,41.76,11000 -121.24,41.84,11000 -121.15,41.96,11000 -121.13,42.11,11000 -121.13,42.27,11000 -121.03,42.50,11000 -120.86,42.55,11000 -120.60,42.45,11000 -120.31,42.28,11000 -120.17,42.13,11000 -120.06,41.96,11000 -119.96,41.83,11000 -119.72,41.70,11000 -119.46,41.64,11000 -119.37,41.47,11000 -119.50,41.24,11000 -119.57,41.03,11000 -119.76,40.82,11000 -119.94,40.65,11000 -120.10,40.48,11000 -120.19,40.32,11000 -120.16,40.17,11000 -119.98,40.00,11000 -119.87,39.87,11000 -119.74,39.71,11000 -119.64,39.54,11000 -119.57,39.29,11000 -119.52,39.04,11000 -119.44,38.83,11000 -119.32,38.65,11000 -119.12,38.50,11000 -118.90,38.35,11000 -118.71,38.17,11000 -118.57,37.95,11000 -118.56,37.76,11000 -118.58,37.55,11000 -118.58,37.40,11000 -118.41,37.32,11000 -118.23,37.39,11000 -118.04,37.38,11000 -118.08,37.22,11000 -118.10,37.11,11000 -118.12,36.95,11000 -118.16,36.77,11000 -118.20,36.56,11000 -118.22,36.38,11000 -118.17,36.20,11000 -118.13,36.07,11000 -118.24,35.86,11000 -118.32,35.70,11000 -118.39,35.88,11000 -118.44,36.07,11000 -118.50,36.30,11000 -118.58,36.52,11000 -118.67,36.67,11000 -118.77,36.81,11000 -118.92,36.97,11000 -119.09,37.13,11000 -119.30,37.30,11000 -119.52,37.49,11000 -119.72,37.69,11000 -119.90,37.91,11000 -120.08,38.15,11000 -120.24,38.38,11000 -120.36,38.57,11000 -120.45,38.79,11000 -120.48,38.93,11000 -120.56,39.06,11000 -120.66,39.20,11000 -120.75,39.35,11000 -120.86,39.52,11000 -120.98,39.67,11000 -121.19,39.82,11000 -121.38,39.98,11000 -121.46,40.16,11000 -121.52,40.36,11000 -121.58,40.54,11000 -121.68,40.75,11000 -121.79,40.90,11000 -122.01,41.02,11000 -122.21,41.05,11000 -122.43,41.05,11000 -122.63,40.98,11000 -122.80,40.89,11000 -122.99,40.74,11000 -123.08,40.64,11000 -123.13,40.47,11000 -123.09,40.26,11000 -123.02,40.02,11000 -122.97,39.83,11000 -122.97,39.71,11000 -123.23,39.84,11000 -123.30,39.99,11000 -123.35,40.18,11000 -123.41,40.37,11000 -123.47,40.55,11000 -123.53,40.74,11000 -123.57,40.91,11000 -123.60,41.12,11000 -123.62,41.34,11000 -123.64,41.52,11000 -123.65,41.72,11000 -123.67,41.93,11000 -123.64,42.16,11000 
          </coordinates>
        </LinearRing>
      </outerBoundaryIs>
  </Polygon>
 </MultiGeometry>
</Placemark>
<Placemark>
  <name>95%</name>
  <visibility>1</visibility>
  <styleUrl>#poly_95</styleUrl>
  <MultiGeometry>
    <Polygon>
      <outerBoundaryIs>
        <LinearRing>
          <coordinates>
-126.52,50.21,11000 -126.49,50.22,11000 -126.47,50.22,11000 -126.44,50.22,11000 -126.42,50.23,11000 -126.39,50.23,11000 -126.37,50.24,11000 -126.34,50.24,11000 -126.32,50.24,11000 -126.29,50.25,11000 -126.27,50.25,11000 -126.24,50.25,11000 -126.21,50.25,11000 -126.18,50.25,11000 -126.15,50.25,11000 -126.13,50.25,11000 -126.10,50.25,11000 -126.08,50.25,11000 -126.06,50.25,11000 -126.03,50.25,11000 -126.02,50.24,11000 -126.00,50.22,11000 -125.99,50.21,11000 -125.97,50.20,11000 -125.95,50.19,11000 -125.93,50.18,11000 -125.91,50.17,11000 -125.89,50.15,11000 -125.88,50.14,11000 -125.86,50.13,11000 -125.85,50.11,11000 -125.84,50.10,11000 -125.84,50.08,11000 -125.83,50.07,11000 -125.83,50.05,11000 -125.83,50.03,11000 -125.83,50.02,11000 -125.83,50.00,11000 -125.83,49.98,11000 -125.83,49.97,11000 -125.83,49.95,11000 -125.83,49.94,11000 -125.83,49.92,11000 -125.83,49.90,11000 -125.83,49.88,11000 -125.83,49.86,11000 -125.83,49.85,11000 -125.84,49.84,11000 -125.86,49.83,11000 -125.88,49.83,11000 -125.90,49.83,11000 -125.92,49.83,11000 -125.94,49.84,11000 -125.97,49.85,11000 -126.00,49.85,11000 -126.03,49.86,11000 -126.06,49.87,11000 -126.08,49.87,11000 -126.11,49.88,11000 -126.13,49.89,11000 -126.14,49.89,11000 -126.15,49.90,11000 -126.16,49.91,11000 -126.18,49.91,11000 -126.20,49.92,11000 -126.22,49.93,11000 -126.24,49.95,11000 -126.26,49.96,11000 -126.28,49.97,11000 -126.31,49.98,11000 -126.33,49.99,11000 -126.35,50.01,11000 -126.37,50.01,11000 -126.39,50.02,11000 -126.40,50.03,11000 -126.43,50.04,11000 -126.43,50.04,11000 -126.46,50.05,11000 -126.47,50.06,11000 -126.49,50.06,11000 -126.51,50.07,11000 -126.53,50.08,11000 -126.55,50.08,11000 -126.57,50.09,11000 -126.59,50.10,11000 -126.61,50.11,11000 -126.64,50.12,11000 -126.66,50.13,11000 -126.69,50.14,11000 -126.71,50.15,11000 -126.52,50.21,11000 
          </coordinates>
        </LinearRing>
      </outerBoundaryIs>
  </Polygon>
 </MultiGeometry>
</Placemark>
<Placemark>
  <name>95%</name>
  <visibility>1</visibility>
  <styleUrl>#poly_95</styleUrl>
  <MultiGeometry>
    <Polygon>
      <outerBoundaryIs>
        <LinearRing>
          <coordinates>
-116.89,38.63,11000 -116.88,38.63,11000 -116.87,38.64,11000 -116.86,38.64,11000 -116.85,38.64,11000 -116.84,38.64,11000 -116.83,38.64,11000 -116.82,38.65,11000 -116.82,38.65,11000 -116.81,38.65,11000 -116.80,38.65,11000 -116.79,38.66,11000 -116.78,38.66,11000 -116.77,38.66,11000 -116.76,38.66,11000 -116.75,38.66,11000 -116.75,38.67,11000 -116.74,38.67,11000 -116.73,38.67,11000 -116.72,38.67,11000 -116.72,38.67,11000 -116.71,38.67,11000 -116.70,38.68,11000 -116.70,38.68,11000 -116.69,38.68,11000 -116.69,38.68,11000 -116.68,38.68,11000 -116.67,38.68,11000 -116.67,38.68,11000 -116.65,38.68,11000 -116.64,38.68,11000 -116.64,38.67,11000 -116.63,38.67,11000 -116.63,38.66,11000 -116.63,38.66,11000 -116.63,38.65,11000 -116.63,38.65,11000 -116.63,38.64,11000 -116.63,38.64,11000 -116.63,38.63,11000 -116.63,38.62,11000 -116.63,38.62,11000 -116.64,38.61,11000 -116.65,38.61,11000 -116.66,38.60,11000 -116.66,38.60,11000 -116.67,38.60,11000 -116.68,38.59,11000 -116.68,38.59,11000 -116.69,38.59,11000 -116.70,38.58,11000 -116.71,38.58,11000 -116.71,38.58,11000 -116.72,38.58,11000 -116.73,38.57,11000 -116.74,38.57,11000 -116.75,38.57,11000 -116.76,38.56,11000 -116.77,38.56,11000 -116.78,38.56,11000 -116.79,38.56,11000 -116.80,38.55,11000 -116.81,38.55,11000 -116.81,38.55,11000 -116.82,38.55,11000 -116.83,38.54,11000 -116.84,38.54,11000 -116.85,38.54,11000 -116.85,38.54,11000 -116.86,38.54,11000 -116.87,38.54,11000 -116.87,38.54,11000 -116.88,38.54,11000 -116.89,38.54,11000 -116.89,38.55,11000 -116.90,38.55,11000 -116.90,38.56,11000 -116.91,38.56,11000 -116.91,38.57,11000 -116.91,38.58,11000 -116.91,38.58,11000 -116.91,38.59,11000 -116.91,38.60,11000 -116.91,38.61,11000 -116.89,38.63,11000 
          </coordinates>
        </LinearRing>
      </outerBoundaryIs>
  </Polygon>
 </MultiGeometry>
</Placemark>
<Placemark>
  <name>95%</name>
  <visibility>1</visibility>
  <styleUrl>#poly_95</styleUrl>
  <MultiGeometry>
    <Polygon>
      <outerBoundaryIs>
        <LinearRing>
          <coordinates>
-111.62,41.57,11000 -111.60,41.57,11000 -111.57,41.56,11000 -111.55,41.56,11000 -111.53,41.56,11000 -111.51,41.55,11000 -111.49,41.54,11000 -111.47,41.53,11000 -111.46,41.52,11000 -111.45,41.51,11000 -111.44,41.49,11000 -111.44,41.48,11000 -111.43,41.46,11000 -111.43,41.44,11000 -111.42,41.42,11000 -111.42,41.41,11000 -111.42,41.39,11000 -111.42,41.37,11000 -111.42,41.35,11000 -111.42,41.33,11000 -111.42,41.32,11000 -111.43,41.30,11000 -111.43,41.28,11000 -111.43,41.26,11000 -111.44,41.25,11000 -111.45,41.23,11000 -111.45,41.21,11000 -111.46,41.20,11000 -111.46,41.18,11000 -111.47,41.17,11000 -111.48,41.15,11000 -111.50,41.13,11000 -111.51,41.11,11000 -111.53,41.10,11000 -111.54,41.09,11000 -111.55,41.09,11000 -111.56,41.09,11000 -111.56,41.11,11000 -111.56,41.13,11000 -111.56,41.16,11000 -111.56,41.17,11000 -111.57,41.19,11000 -111.57,41.20,11000 -111.58,41.22,11000 -111.58,41.24,11000 -111.59,41.26,11000 -111.60,41.28,11000 -111.60,41.29,11000 -111.61,41.31,11000 -111.61,41.33,11000 -111.61,41.35,11000 -111.62,41.36,11000 -111.62,41.38,11000 -111.62,41.40,11000 -111.62,41.42,11000 -111.62,41.43,11000 -111.63,41.45,11000 -111.63,41.47,11000 -111.63,41.48,11000 -111.63,41.50,11000 -111.62,41.57,11000 
          </coordinates>
        </LinearRing>
      </outerBoundaryIs>
  </Polygon>
 </MultiGeometry>
</Placemark>
<Placemark>
  <name>95%</name>
  <visibility>1</visibility>
  <styleUrl>#poly_95</styleUrl>
  <MultiGeometry>
    <Polygon>
      <outerBoundaryIs>
        <LinearRing>
          <coordinates>
-112.52,51.79,11000 -112.26,51.81,11000 -112.00,51.84,11000 -111.75,51.86,11000 -111.49,51.88,11000 -111.23,51.90,11000 -110.97,51.92,11000 -110.71,51.94,11000 -110.45,51.96,11000 -110.18,51.98,11000 -109.91,52.00,11000 -109.62,52.02,11000 -109.34,52.03,11000 -109.07,52.05,11000 -108.82,52.06,11000 -108.58,52.08,11000 -108.37,52.09,11000 -108.04,52.11,11000 -107.80,52.12,11000 -107.58,52.14,11000 -107.35,52.15,11000 -107.10,52.17,11000 -106.85,52.19,11000 -106.59,52.21,11000 -106.28,52.20,11000 -106.03,52.18,11000 -105.75,52.15,11000 -105.45,52.11,11000 -105.15,52.07,11000 -104.89,52.03,11000 -104.68,51.98,11000 -104.41,51.87,11000 -104.26,51.76,11000 -104.14,51.68,11000 -103.85,51.67,11000 -103.59,51.60,11000 -103.33,51.53,11000 -103.07,51.48,11000 -102.90,51.38,11000 -102.78,51.24,11000 -102.79,51.06,11000 -102.86,50.89,11000 -103.00,50.78,11000 -103.24,50.72,11000 -103.43,50.76,11000 -103.60,50.86,11000 -103.66,51.03,11000 -103.70,51.21,11000 -103.83,51.36,11000 -103.96,51.48,11000 -104.11,51.58,11000 -104.39,51.62,11000 -104.61,51.53,11000 -104.79,51.57,11000 -105.03,51.63,11000 -105.27,51.70,11000 -105.44,51.76,11000 -105.51,51.91,11000 -105.49,52.08,11000 -105.74,52.16,11000 -105.88,52.19,11000 -106.03,52.21,11000 -106.17,52.21,11000 -106.33,52.20,11000 -106.55,52.17,11000 -106.80,52.13,11000 -107.05,52.08,11000 -107.30,52.03,11000 -107.55,52.00,11000 -107.81,51.99,11000 -108.00,52.00,11000 -108.21,52.03,11000 -108.40,52.04,11000 -108.62,52.04,11000 -108.89,52.02,11000 -109.12,51.99,11000 -109.39,51.96,11000 -109.67,51.92,11000 -109.90,51.89,11000 -110.20,51.84,11000 -110.43,51.81,11000 -110.66,51.80,11000 -110.95,51.79,11000 -111.16,51.78,11000 -111.41,51.77,11000 -111.69,51.75,11000 -111.97,51.74,11000 -112.52,51.79,11000 
          </coordinates>
        </LinearRing>
      </outerBoundaryIs>
  </Polygon>
 </MultiGeometry>
</Placemark>
    </Folder>
  </Document>
</kml>
