<?xml version="1.0" encoding="UTF-8"?>
<kml xmlns="http://www.opengis.net/kml/2.2">
<Document id="prb_72hsnow_ge02_f072">
<name>WPC 72-Hr Prob of Snow > 2"</name>
  <open>1</open>
  <snippet>Valid 12Z 05/19/2026 - 12Z 05/22/2026</snippet>
  <description></description>
    <Style id="poly_1">
        <IconStyle>
           <color>00000000</color>
           <scale>1</scale>
        </IconStyle>
        <LabelStyle>
            <color>ff26478b</color>
            <scale>0.8</scale>
        </LabelStyle>
        <LineStyle>
            <color>6626478b</color>
            <width>0</width>
        </LineStyle>
	<PolyStyle>
            <color>6626478b</color>
	</PolyStyle>
        <BalloonStyle>
            <text>
                <![CDATA[ <table border=0 width="300"><tr><td style="font-size:10pt;">
                During this forecast period, there is a <b>1-5%</b> probability of snowfall exceeding the depicted amount in the enclosed area.
                <br/><br/>
                *<span style="font-size:8pt;">Note that in cases where this contour is embedded within a 5% contour, 
                the probability of snowfall exceeding the depicted amount is &lt;1%.</span>
                </td></tr></table>]]>
            </text>
        </BalloonStyle>
    </Style>

    <Style id="poly_5">
        <IconStyle>
           <color>00000000</color>
           <scale>1</scale>
        </IconStyle>
        <LabelStyle>
            <color>ff00eeee</color>
            <scale>0.8</scale>
        </LabelStyle>
        <LineStyle>
            <color>6600eeee</color>
            <width>0.4</width>
        </LineStyle>
	<PolyStyle>
	    <color>6600eeee</color>
	</PolyStyle>
        <BalloonStyle>
            <text>
                <![CDATA[ <table border=0 width="300"><tr><td style="font-size:10pt;">
                During this forecast period, there is a <b>5-10%</b> probability of snowfall exceeding the depicted amount in the enclosed area.
                <br/><br/>
                *<span style="font-size:8pt;">Note that in cases where this contour is embedded within a 10% contour, 
                the probability of snowfall exceeding the depicted amount is &lt;5%.</span>
                </td></tr></table>]]>
            </text>
        </BalloonStyle>
    </Style>

    <Style id="poly_10">
        <IconStyle>
           <color>00000000</color>
           <scale>1</scale>
        </IconStyle>
        <LabelStyle>
            <color>ff00ff7f</color>
            <scale>0.8</scale>
        </LabelStyle>
        <LineStyle>
            <color>6600ff7f</color>
            <width>0.4</width>
        </LineStyle>
	<PolyStyle>
	    <color>6600ff7f</color>
	</PolyStyle>
        <BalloonStyle>
            <text>
                <![CDATA[ <table border=0 width="300"><tr><td style="font-size:10pt;">
                During this forecast period, there is a <b>10-20%</b> probability of snowfall exceeding the depicted amount in the enclosed area.
                <br/><br/>
                *<span style="font-size:8pt;">Note that in cases where this contour is embedded within a 20% contour, 
                the probability of snowfall exceeding the depicted amount is &lt;10%.</span>
                </td></tr></table>]]>
            </text>
        </BalloonStyle>
    </Style>
    
    <Style id="poly_20">
        <IconStyle>
            <color>00000000</color>
            <scale>1</scale>
        </IconStyle>
        <LabelStyle>
            <color>ff00cd00</color>
            <scale>0.8</scale>
        </LabelStyle>
        <LineStyle>
            <color>6600cd00</color>
	    <width>0.4</width>
	</LineStyle>
	<PolyStyle>
	    <color>6600cd00</color>
	</PolyStyle>
        <BalloonStyle>
            <text>
                <![CDATA[ <table border=0 width="300"><tr><td style="font-size:10pt;">
                During this forecast period, there is a <b>20-30%</b> probability of snowfall exceeding the depicted amount in the enclosed area.
                <br/><br/>
                *<span style="font-size:8pt;">Note that in cases where this contour is embedded within a 30% contour, 
                the probability of snowfall exceeding the depicted amount is &lt;20%.</span>
                </td></tr></table>]]>
            </text>
        </BalloonStyle>
    </Style>

    <Style id="poly_30">
        <IconStyle>
            <color>00000000</color>
            <scale>1</scale>
        </IconStyle>
        <LabelStyle>
            <color>ff008b00</color>
            <scale>0.8</scale>
        </LabelStyle>
        <LineStyle>
            <color>66008b00</color>
	    <width>0.4</width>
	</LineStyle>
	<PolyStyle>
	    <color>66008b00</color>
	</PolyStyle>
        <BalloonStyle>
            <text>
                <![CDATA[ <table border=0 width="300"><tr><td style="font-size:10pt;">
                During this forecast period, there is a <b>30-40%</b> probability of snowfall exceeding the depicted amount in the enclosed area.
                <br/><br/>
                *<span style="font-size:8pt;">Note that in cases where this contour is embedded within a 40% contour, 
                the probability of snowfall exceeding the depicted amount is &lt;30%.</span>
                </td></tr></table>]]>
            </text>
        </BalloonStyle>
    </Style>

    <Style id="poly_40">
        <IconStyle>
            <color>00000000</color>
            <scale>1</scale>
        </IconStyle>
        <LabelStyle>
            <color>ff8b4e10</color>
            <scale>0.8</scale>
        </LabelStyle>
        <LineStyle>
            <color>668b4e10</color>
	    <width>0.4</width>
	</LineStyle>
	<PolyStyle>
	    <color>668b4e10</color>
	</PolyStyle>
        <BalloonStyle>
            <text>
                <![CDATA[ <table border=0 width="300"><tr><td style="font-size:10pt;">
                During this forecast period, there is a <b>40-50%</b> probability of snowfall exceeding the depicted amount in the enclosed area.
                <br/><br/>
                *<span style="font-size:8pt;">Note that in cases where this contour is embedded within a 50% contour, 
                the probability of snowfall exceeding the depicted amount is &lt;40%.</span>
                </td></tr></table>]]>
            </text>
        </BalloonStyle>
    </Style>

    <Style id="poly_50">
        <IconStyle>
            <color>00000000</color>
            <scale>1</scale>
        </IconStyle>
        <LabelStyle>
            <color>ffff901e</color>
            <scale>0.8</scale>
        </LabelStyle>
        <LineStyle>
            <color>66ff901e</color>
	    <width>0.4</width>
	</LineStyle>
	<PolyStyle>
	    <color>66ff901e</color>
	</PolyStyle>
        <BalloonStyle>
            <text>
                <![CDATA[ <table border=0 width="300"><tr><td style="font-size:10pt;">
                During this forecast period, there is a <b>50-60%</b> probability of snowfall exceeding the depicted amount in the enclosed area.
                <br/><br/>
                *<span style="font-size:8pt;">Note that in cases where this contour is embedded within a 60% contour, 
                the probability of snowfall exceeding the depicted amount is &lt;50%.</span>
                </td></tr></table>]]>
            </text>
        </BalloonStyle>
    </Style>

    <Style id="poly_60">
        <IconStyle>
            <color>00000000</color>
            <scale>1</scale>
        </IconStyle>
        <LabelStyle>
            <color>ffeeb200</color>
            <scale>0.8</scale>
        </LabelStyle>
        <LineStyle>
            <color>66eeb200</color>
	    <width>0.4</width>
	</LineStyle>
	<PolyStyle>
	    <color>66eeb200</color>
	</PolyStyle>
        <BalloonStyle>
            <text>
                <![CDATA[ <table border=0 width="300"><tr><td style="font-size:10pt;">
                During this forecast period, there is a <b>60-70%</b> probability of snowfall exceeding the depicted amount in the enclosed area.
                <br/><br/>
                *<span style="font-size:8pt;">Note that in cases where this contour is embedded within a 70% contour, 
                the probability of snowfall exceeding the depicted amount is &lt;60%.</span>
                </td></tr></table>]]>
            </text>
        </BalloonStyle>
    </Style>
    
    <Style id="poly_70">
        <IconStyle>
            <color>00000000</color>
            <scale>1</scale>
        </IconStyle>
        <LabelStyle>
            <color>ffeeee00</color>
            <scale>0.8</scale>
        </LabelStyle>
        <LineStyle>
            <color>66eeee00</color>
	    <width>0.4</width>
	</LineStyle>
	<PolyStyle>
	    <color>66eeee00</color>
	</PolyStyle>
        <BalloonStyle>
            <text>
                <![CDATA[ <table border=0 width="300"><tr><td style="font-size:10pt;">
                During this forecast period, there is a <b>70-80%</b> probability of snowfall exceeding the depicted amount in the enclosed area.
                <br/><br/>
                *<span style="font-size:8pt;">Note that in cases where this contour is embedded within a 80% contour, 
                the probability of snowfall exceeding the depicted amount is &lt;70%.</span>
                </td></tr></table>]]>
            </text>
        </BalloonStyle>
    </Style>

    <Style id="poly_80">
        <IconStyle>
            <color>00000000</color>
            <scale>1</scale>
        </IconStyle>
        <LabelStyle>
            <color>ff4782ff</color>
            <scale>0.8</scale>
        </LabelStyle>
        <LineStyle>
            <color>664782ff</color>
	    <width>0.4</width>
	</LineStyle>
	<PolyStyle>
	    <color>664782ff</color>
	</PolyStyle>
        <BalloonStyle>
            <text>
                <![CDATA[ <table border=0 width="300"><tr><td style="font-size:10pt;">
                During this forecast period, there is a <b>80-90%</b> probability of snowfall exceeding the depicted amount in the enclosed area.
                <br/><br/>
                *<span style="font-size:8pt;">Note that in cases where this contour is embedded within a 90% contour, 
                the probability of snowfall exceeding the depicted amount is &lt;80%.</span>
                </td></tr></table>]]>
            </text>
        </BalloonStyle>
    </Style>

    <Style id="poly_90">
        <IconStyle>
            <color>00000000</color>
            <scale>1</scale>
        </IconStyle>
        <LabelStyle>
            <color>ff2c2cee</color>
            <scale>0.8</scale>
        </LabelStyle>
        <LineStyle>
            <color>662c2cee</color>
            <width>0.4</width>
        </LineStyle>
        <PolyStyle>
            <color>662c2cee</color>
        </PolyStyle>
        <BalloonStyle>
            <text>
                <![CDATA[ <table border=0 width="300"><tr><td style="font-size:10pt;">
                During this forecast period, there is a <b>90-95%</b> probability of snowfall exceeding the depicted amount in the enclosed area.
                <br/><br/>
                *<span style="font-size:8pt;">Note that in cases where this contour is embedded within a 95% contour, 
                the probability of snowfall exceeding the depicted amount is &lt;90%.</span>
                </td></tr></table>]]>
            </text>
        </BalloonStyle>
    </Style>

    <Style id="poly_95">
        <IconStyle>
            <color>00000000</color>
            <scale>1</scale>
        </IconStyle>
        <LabelStyle>
            <color>ff00008b</color>
            <scale>0.8</scale>
        </LabelStyle>
        <LineStyle>
            <color>6600008b</color>
	    <width>0.4</width>
	</LineStyle>
	<PolyStyle>
	    <color>6600008b</color>
	</PolyStyle>
        <BalloonStyle>
            <text>
                <![CDATA[ <table border=0 width="300"><tr><td style="font-size:10pt;">
                The probability of snowfall exceeding the depicted amount is <b>&ge;95%</b> in the enclosed area during this forecast period.
                </td></tr></table>]]>
            </text>
        </BalloonStyle>
    </Style>

  <ScreenOverlay>
    <name>Logos</name>
    <description></description>
    <Icon>
      <href>https://www.wpc.ncep.noaa.gov/images/noaa_and_nws_logo.png</href>
    </Icon>
   <overlayXY x=".01" y=".01" xunits="fraction" yunits="fraction" />
   <screenXY x=".01" y=".01" xunits="fraction" yunits="fraction" />
   <rotationXY x="0" y="0" xunits="fraction" yunits="fraction" />
   <size x="-1" y="-1" xunits="fraction" yunits="fraction" />
  </ScreenOverlay>
    <Folder>
      <name>Snow Probabilities</name>
      <open>0</open>
<Placemark>
  <name>1%</name>
  <visibility>1</visibility>
  <styleUrl>#poly_1</styleUrl>
  <MultiGeometry>
    <Polygon>
      <outerBoundaryIs>
        <LinearRing>
          <coordinates>
-110.61,41.08,0 -110.56,41.09,0 -110.50,41.10,0 -110.46,41.11,0 -110.41,41.12,0 -110.38,41.12,0 -110.35,41.11,0 -110.32,41.09,0 -110.28,41.09,0 -110.24,41.09,0 -110.19,41.10,0 -110.14,41.10,0 -110.10,41.10,0 -110.05,41.10,0 -110.01,41.11,0 -109.96,41.10,0 -109.91,41.10,0 -109.87,41.09,0 -109.83,41.08,0 -109.78,41.07,0 -109.74,41.05,0 -109.70,41.04,0 -109.67,41.03,0 -109.63,41.02,0 -109.61,41.00,0 -109.58,40.98,0 -109.56,40.95,0 -109.53,40.92,0 -109.51,40.88,0 -109.49,40.85,0 -109.48,40.81,0 -109.48,40.77,0 -109.49,40.73,0 -109.50,40.69,0 -109.52,40.66,0 -109.53,40.63,0 -109.55,40.60,0 -109.56,40.58,0 -109.60,40.56,0 -109.63,40.54,0 -109.66,40.53,0 -109.70,40.51,0 -109.74,40.49,0 -109.78,40.47,0 -109.82,40.46,0 -109.86,40.45,0 -109.91,40.44,0 -109.95,40.44,0 -110.00,40.43,0 -110.04,40.43,0 -110.09,40.43,0 -110.13,40.42,0 -110.18,40.42,0 -110.22,40.41,0 -110.27,40.41,0 -110.32,40.41,0 -110.36,40.40,0 -110.41,40.40,0 -110.45,40.39,0 -110.50,40.39,0 -110.55,40.39,0 -110.60,40.38,0 -110.64,40.38,0 -110.69,40.38,0 -110.74,40.39,0 -110.78,40.40,0 -110.83,40.42,0 -110.87,40.44,0 -110.92,40.46,0 -110.95,40.48,0 -110.98,40.49,0 -111.01,40.50,0 -111.03,40.52,0 -111.05,40.54,0 -111.08,40.57,0 -111.11,40.61,0 -111.13,40.64,0 -111.14,40.67,0 -111.14,40.71,0 -111.12,40.75,0 -111.10,40.79,0 -111.08,40.82,0 -111.07,40.85,0 -111.04,40.87,0 -111.02,40.89,0 -110.98,40.91,0 -110.95,40.94,0 -110.91,40.97,0 -110.87,41.00,0 -110.83,41.02,0 -110.79,41.04,0 -110.75,41.05,0 -110.71,41.06,0 -110.67,41.06,0 -110.63,41.07,0 -110.61,41.08,0 
          </coordinates>
        </LinearRing>
      </outerBoundaryIs>
      <innerBoundaryIs>
        <LinearRing>
          <coordinates>
-110.60,40.99,1000 -110.57,41.00,1000 -110.53,41.00,1000 -110.50,41.01,1000 -110.47,41.02,1000 -110.44,41.02,1000 -110.40,41.03,1000 -110.37,41.03,1000 -110.34,41.03,1000 -110.30,41.03,1000 -110.27,41.04,1000 -110.23,41.04,1000 -110.20,41.04,1000 -110.16,41.03,1000 -110.13,41.03,1000 -110.09,41.02,1000 -110.06,41.02,1000 -110.02,41.01,1000 -109.98,41.00,1000 -109.94,40.99,1000 -109.91,40.98,1000 -109.89,40.97,1000 -109.87,40.97,1000 -109.85,40.96,1000 -109.83,40.95,1000 -109.81,40.93,1000 -109.79,40.91,1000 -109.76,40.89,1000 -109.74,40.86,1000 -109.71,40.84,1000 -109.70,40.81,1000 -109.69,40.79,1000 -109.69,40.77,1000 -109.70,40.74,1000 -109.72,40.72,1000 -109.73,40.69,1000 -109.75,40.67,1000 -109.77,40.64,1000 -109.79,40.63,1000 -109.80,40.61,1000 -109.81,40.59,1000 -109.83,40.58,1000 -109.85,40.57,1000 -109.88,40.56,1000 -109.91,40.55,1000 -109.95,40.53,1000 -109.98,40.52,1000 -110.02,40.51,1000 -110.05,40.50,1000 -110.08,40.49,1000 -110.11,40.49,1000 -110.15,40.48,1000 -110.18,40.48,1000 -110.21,40.47,1000 -110.25,40.47,1000 -110.28,40.47,1000 -110.31,40.47,1000 -110.35,40.47,1000 -110.39,40.47,1000 -110.42,40.47,1000 -110.46,40.47,1000 -110.49,40.48,1000 -110.52,40.48,1000 -110.55,40.49,1000 -110.59,40.49,1000 -110.62,40.50,1000 -110.65,40.51,1000 -110.68,40.52,1000 -110.70,40.53,1000 -110.73,40.54,1000 -110.76,40.56,1000 -110.78,40.57,1000 -110.80,40.59,1000 -110.83,40.61,1000 -110.86,40.63,1000 -110.88,40.65,1000 -110.90,40.67,1000 -110.91,40.69,1000 -110.91,40.71,1000 -110.90,40.74,1000 -110.88,40.77,1000 -110.86,40.80,1000 -110.84,40.82,1000 -110.82,40.84,1000 -110.81,40.86,1000 -110.80,40.87,1000 -110.60,40.99,1000 
          </coordinates>
        </LinearRing>
      </innerBoundaryIs>
  </Polygon>
 </MultiGeometry>
</Placemark>
<Placemark>
  <name>1%</name>
  <visibility>1</visibility>
  <styleUrl>#poly_1</styleUrl>
  <MultiGeometry>
    <Polygon>
      <outerBoundaryIs>
        <LinearRing>
          <coordinates>
-113.77,49.09,0 -113.73,49.08,0 -113.70,49.08,0 -113.66,49.07,0 -113.63,49.06,0 -113.60,49.05,0 -113.57,49.05,0 -113.53,49.04,0 -113.50,49.03,0 -113.47,49.02,0 -113.45,49.00,0 -113.42,48.98,0 -113.39,48.96,0 -113.37,48.94,0 -113.34,48.92,0 -113.31,48.90,0 -113.29,48.87,0 -113.26,48.85,0 -113.23,48.83,0 -113.21,48.81,0 -113.19,48.79,0 -113.17,48.78,0 -113.15,48.77,0 -113.13,48.75,0 -113.11,48.73,0 -113.09,48.71,0 -113.06,48.69,0 -113.04,48.66,0 -113.02,48.63,0 -113.01,48.61,0 -113.01,48.58,0 -113.02,48.55,0 -113.03,48.52,0 -113.04,48.49,0 -113.06,48.46,0 -113.07,48.44,0 -113.08,48.41,0 -113.08,48.40,0 -113.11,48.38,0 -113.13,48.37,0 -113.16,48.36,0 -113.20,48.34,0 -113.24,48.33,0 -113.27,48.32,0 -113.31,48.31,0 -113.35,48.30,0 -113.39,48.30,0 -113.44,48.30,0 -113.49,48.30,0 -113.53,48.31,0 -113.57,48.31,0 -113.61,48.32,0 -113.65,48.33,0 -113.68,48.34,0 -113.70,48.36,0 -113.73,48.38,0 -113.76,48.40,0 -113.79,48.42,0 -113.82,48.45,0 -113.85,48.47,0 -113.88,48.49,0 -113.90,48.51,0 -113.93,48.53,0 -113.95,48.54,0 -113.97,48.56,0 -113.99,48.58,0 -114.02,48.61,0 -114.04,48.63,0 -114.06,48.66,0 -114.08,48.68,0 -114.09,48.71,0 -114.10,48.74,0 -114.11,48.77,0 -114.11,48.80,0 -114.11,48.82,0 -114.10,48.85,0 -114.09,48.88,0 -114.07,48.91,0 -114.05,48.94,0 -114.02,48.96,0 -114.00,48.98,0 -113.97,49.00,0 -113.94,49.01,0 -113.91,49.02,0 -113.88,49.03,0 -113.77,49.09,0 
          </coordinates>
        </LinearRing>
      </outerBoundaryIs>
      <innerBoundaryIs>
        <LinearRing>
          <coordinates>
-113.71,48.80,1000 -113.69,48.80,1000 -113.68,48.79,1000 -113.66,48.79,1000 -113.65,48.78,1000 -113.63,48.78,1000 -113.61,48.78,1000 -113.60,48.77,1000 -113.58,48.77,1000 -113.57,48.76,1000 -113.56,48.76,1000 -113.54,48.76,1000 -113.53,48.75,1000 -113.52,48.75,1000 -113.51,48.75,1000 -113.50,48.74,1000 -113.49,48.74,1000 -113.47,48.73,1000 -113.46,48.73,1000 -113.45,48.73,1000 -113.44,48.72,1000 -113.43,48.71,1000 -113.42,48.70,1000 -113.42,48.70,1000 -113.41,48.69,1000 -113.40,48.68,1000 -113.40,48.67,1000 -113.39,48.66,1000 -113.38,48.65,1000 -113.37,48.64,1000 -113.37,48.63,1000 -113.36,48.62,1000 -113.35,48.61,1000 -113.35,48.60,1000 -113.35,48.59,1000 -113.34,48.59,1000 -113.34,48.58,1000 -113.34,48.57,1000 -113.34,48.55,1000 -113.35,48.54,1000 -113.36,48.54,1000 -113.37,48.53,1000 -113.39,48.53,1000 -113.40,48.53,1000 -113.41,48.53,1000 -113.43,48.53,1000 -113.44,48.53,1000 -113.46,48.53,1000 -113.47,48.54,1000 -113.49,48.54,1000 -113.51,48.54,1000 -113.52,48.55,1000 -113.54,48.55,1000 -113.55,48.55,1000 -113.57,48.56,1000 -113.58,48.56,1000 -113.59,48.56,1000 -113.61,48.56,1000 -113.62,48.57,1000 -113.63,48.57,1000 -113.64,48.57,1000 -113.65,48.58,1000 -113.66,48.59,1000 -113.67,48.60,1000 -113.67,48.60,1000 -113.68,48.61,1000 -113.68,48.62,1000 -113.69,48.62,1000 -113.70,48.63,1000 -113.70,48.64,1000 -113.71,48.65,1000 -113.72,48.66,1000 -113.72,48.67,1000 -113.73,48.68,1000 -113.74,48.69,1000 -113.74,48.70,1000 -113.75,48.71,1000 -113.71,48.80,1000 
          </coordinates>
        </LinearRing>
      </innerBoundaryIs>
  </Polygon>
 </MultiGeometry>
</Placemark>
<Placemark>
  <name>1%</name>
  <visibility>1</visibility>
  <styleUrl>#poly_1</styleUrl>
  <MultiGeometry>
    <Polygon>
      <outerBoundaryIs>
        <LinearRing>
          <coordinates>
-113.02,46.64,0 -112.97,46.63,0 -112.93,46.62,0 -112.89,46.61,0 -112.85,46.60,0 -112.81,46.59,0 -112.78,46.57,0 -112.75,46.55,0 -112.72,46.53,0 -112.69,46.50,0 -112.66,46.47,0 -112.65,46.44,0 -112.65,46.41,0 -112.67,46.38,0 -112.69,46.35,0 -112.71,46.32,0 -112.72,46.30,0 -112.72,46.27,0 -112.72,46.25,0 -112.73,46.22,0 -112.73,46.19,0 -112.73,46.15,0 -112.74,46.12,0 -112.74,46.09,0 -112.75,46.06,0 -112.75,46.03,0 -112.76,46.00,0 -112.76,45.97,0 -112.77,45.94,0 -112.78,45.92,0 -112.80,45.89,0 -112.82,45.86,0 -112.86,45.84,0 -112.89,45.83,0 -112.93,45.81,0 -112.97,45.80,0 -113.01,45.78,0 -113.05,45.77,0 -113.09,45.76,0 -113.14,45.75,0 -113.18,45.74,0 -113.23,45.74,0 -113.28,45.74,0 -113.33,45.74,0 -113.37,45.75,0 -113.41,45.76,0 -113.46,45.78,0 -113.50,45.79,0 -113.54,45.81,0 -113.57,45.82,0 -113.60,45.83,0 -113.62,45.84,0 -113.64,45.86,0 -113.67,45.88,0 -113.70,45.91,0 -113.73,45.94,0 -113.76,45.97,0 -113.77,46.00,0 -113.77,46.03,0 -113.76,46.06,0 -113.74,46.10,0 -113.72,46.13,0 -113.70,46.16,0 -113.69,46.18,0 -113.67,46.19,0 -113.65,46.20,0 -113.62,46.22,0 -113.59,46.25,0 -113.55,46.27,0 -113.51,46.29,0 -113.48,46.31,0 -113.45,46.33,0 -113.41,46.35,0 -113.36,46.36,0 -113.33,46.36,0 -113.30,46.38,0 -113.28,46.41,0 -113.27,46.44,0 -113.25,46.47,0 -113.24,46.50,0 -113.22,46.53,0 -113.19,46.55,0 -113.16,46.57,0 -113.02,46.64,0 
          </coordinates>
        </LinearRing>
      </outerBoundaryIs>
      <innerBoundaryIs>
        <LinearRing>
          <coordinates>
-113.18,46.23,1000 -113.18,46.24,1000 -113.15,46.23,1000 -113.14,46.22,1000 -113.13,46.22,1000 -113.12,46.21,1000 -113.11,46.20,1000 -113.10,46.19,1000 -113.09,46.19,1000 -113.07,46.18,1000 -113.06,46.17,1000 -113.05,46.15,1000 -113.03,46.14,1000 -113.02,46.13,1000 -113.01,46.12,1000 -113.00,46.11,1000 -112.99,46.10,1000 -112.99,46.09,1000 -112.98,46.08,1000 -112.98,46.07,1000 -112.98,46.06,1000 -112.98,46.05,1000 -112.99,46.04,1000 -112.99,46.03,1000 -113.00,46.01,1000 -113.01,46.00,1000 -113.01,45.99,1000 -113.02,45.98,1000 -113.03,45.97,1000 -113.05,45.96,1000 -113.06,45.95,1000 -113.07,45.94,1000 -113.08,45.93,1000 -113.10,45.92,1000 -113.11,45.92,1000 -113.12,45.91,1000 -113.13,45.91,1000 -113.15,45.90,1000 -113.16,45.90,1000 -113.18,45.90,1000 -113.20,45.90,1000 -113.22,45.90,1000 -113.24,45.90,1000 -113.25,45.90,1000 -113.27,45.90,1000 -113.29,45.90,1000 -113.31,45.91,1000 -113.33,45.91,1000 -113.34,45.91,1000 -113.36,45.92,1000 -113.37,45.92,1000 -113.39,45.93,1000 -113.40,45.93,1000 -113.42,45.94,1000 -113.43,45.95,1000 -113.45,45.95,1000 -113.46,45.96,1000 -113.47,45.97,1000 -113.48,45.98,1000 -113.49,45.99,1000 -113.50,46.00,1000 -113.51,46.01,1000 -113.51,46.02,1000 -113.51,46.03,1000 -113.51,46.04,1000 -113.51,46.05,1000 -113.50,46.06,1000 -113.50,46.07,1000 -113.49,46.08,1000 -113.48,46.09,1000 -113.47,46.10,1000 -113.46,46.11,1000 -113.45,46.12,1000 -113.44,46.13,1000 -113.43,46.14,1000 -113.42,46.15,1000 -113.41,46.16,1000 -113.40,46.16,1000 -113.38,46.17,1000 -113.37,46.18,1000 -113.36,46.18,1000 -113.34,46.19,1000 -113.33,46.19,1000 -113.31,46.20,1000 -113.30,46.20,1000 -113.28,46.21,1000 -113.26,46.21,1000 -113.25,46.22,1000 -113.23,46.22,1000 -113.18,46.23,1000 
          </coordinates>
        </LinearRing>
      </innerBoundaryIs>
  </Polygon>
 </MultiGeometry>
</Placemark>
<Placemark>
  <name>1%</name>
  <visibility>1</visibility>
  <styleUrl>#poly_1</styleUrl>
  <MultiGeometry>
    <Polygon>
      <outerBoundaryIs>
        <LinearRing>
          <coordinates>
-113.07,48.17,0 -113.03,48.16,0 -112.99,48.15,0 -112.96,48.15,0 -112.92,48.14,0 -112.89,48.13,0 -112.86,48.13,0 -112.84,48.12,0 -112.82,48.12,0 -112.81,48.12,0 -112.79,48.11,0 -112.76,48.11,0 -112.73,48.09,0 -112.70,48.08,0 -112.66,48.07,0 -112.62,48.06,0 -112.59,48.05,0 -112.56,48.04,0 -112.54,48.03,0 -112.50,48.02,0 -112.49,48.01,0 -112.47,47.99,0 -112.46,47.98,0 -112.44,47.96,0 -112.42,47.94,0 -112.40,47.92,0 -112.39,47.90,0 -112.37,47.87,0 -112.36,47.85,0 -112.36,47.83,0 -112.36,47.81,0 -112.37,47.78,0 -112.39,47.76,0 -112.40,47.73,0 -112.42,47.71,0 -112.44,47.68,0 -112.45,47.66,0 -112.46,47.65,0 -112.47,47.65,0 -112.49,47.64,0 -112.51,47.62,0 -112.54,47.61,0 -112.56,47.59,0 -112.59,47.57,0 -112.63,47.55,0 -112.66,47.54,0 -112.69,47.53,0 -112.72,47.53,0 -112.75,47.53,0 -112.78,47.54,0 -112.81,47.54,0 -112.84,47.55,0 -112.87,47.56,0 -112.90,47.58,0 -112.93,47.59,0 -112.96,47.60,0 -112.99,47.61,0 -113.02,47.63,0 -113.04,47.64,0 -113.07,47.66,0 -113.10,47.68,0 -113.12,47.70,0 -113.14,47.71,0 -113.16,47.73,0 -113.18,47.75,0 -113.20,47.77,0 -113.21,47.79,0 -113.22,47.81,0 -113.23,47.83,0 -113.24,47.86,0 -113.25,47.88,0 -113.25,47.90,0 -113.25,47.92,0 -113.25,47.94,0 -113.25,47.96,0 -113.24,47.98,0 -113.23,48.00,0 -113.22,48.03,0 -113.21,48.05,0 -113.20,48.07,0 -113.19,48.09,0 -113.07,48.17,0 
          </coordinates>
        </LinearRing>
      </outerBoundaryIs>
  </Polygon>
 </MultiGeometry>
</Placemark>
<Placemark>
  <name>1%</name>
  <visibility>1</visibility>
  <styleUrl>#poly_1</styleUrl>
  <MultiGeometry>
    <Polygon>
      <outerBoundaryIs>
        <LinearRing>
          <coordinates>
-107.67,38.13,0 -107.65,38.14,0 -107.63,38.15,0 -107.62,38.16,0 -107.60,38.17,0 -107.58,38.18,0 -107.56,38.19,0 -107.54,38.20,0 -107.53,38.21,0 -107.51,38.21,0 -107.49,38.22,0 -107.48,38.22,0 -107.46,38.22,0 -107.44,38.22,0 -107.42,38.22,0 -107.40,38.21,0 -107.38,38.21,0 -107.36,38.20,0 -107.34,38.19,0 -107.32,38.18,0 -107.31,38.17,0 -107.29,38.15,0 -107.28,38.14,0 -107.27,38.13,0 -107.26,38.12,0 -107.25,38.10,0 -107.25,38.09,0 -107.24,38.07,0 -107.23,38.05,0 -107.23,38.04,0 -107.22,38.02,0 -107.22,38.01,0 -107.22,37.99,0 -107.23,37.97,0 -107.23,37.96,0 -107.24,37.95,0 -107.24,37.93,0 -107.26,37.92,0 -107.27,37.90,0 -107.28,37.89,0 -107.30,37.88,0 -107.31,37.86,0 -107.33,37.85,0 -107.34,37.84,0 -107.36,37.83,0 -107.38,37.82,0 -107.39,37.81,0 -107.41,37.80,0 -107.43,37.79,0 -107.45,37.79,0 -107.47,37.78,0 -107.49,37.78,0 -107.51,37.77,0 -107.53,37.77,0 -107.55,37.77,0 -107.57,37.77,0 -107.59,37.77,0 -107.61,37.78,0 -107.63,37.78,0 -107.65,37.79,0 -107.66,37.80,0 -107.68,37.81,0 -107.70,37.82,0 -107.71,37.83,0 -107.73,37.84,0 -107.74,37.86,0 -107.75,37.87,0 -107.76,37.89,0 -107.77,37.90,0 -107.77,37.92,0 -107.77,37.93,0 -107.77,37.95,0 -107.77,37.96,0 -107.77,37.97,0 -107.76,37.99,0 -107.75,38.00,0 -107.75,38.02,0 -107.74,38.03,0 -107.73,38.05,0 -107.72,38.06,0 -107.71,38.08,0 -107.70,38.09,0 -107.69,38.11,0 -107.67,38.13,0 
          </coordinates>
        </LinearRing>
      </outerBoundaryIs>
  </Polygon>
 </MultiGeometry>
</Placemark>
<Placemark>
  <name>1%</name>
  <visibility>1</visibility>
  <styleUrl>#poly_1</styleUrl>
  <MultiGeometry>
    <Polygon>
      <outerBoundaryIs>
        <LinearRing>
          <coordinates>
-106.47,41.65,0 -106.44,41.66,0 -106.41,41.67,0 -106.38,41.67,0 -106.36,41.68,0 -106.33,41.68,0 -106.30,41.69,0 -106.27,41.69,0 -106.24,41.69,0 -106.21,41.69,0 -106.18,41.68,0 -106.16,41.68,0 -106.13,41.67,0 -106.10,41.67,0 -106.07,41.66,0 -106.04,41.65,0 -106.02,41.65,0 -106.00,41.64,0 -105.97,41.63,0 -105.95,41.62,0 -105.93,41.61,0 -105.91,41.59,0 -105.90,41.58,0 -105.89,41.56,0 -105.87,41.54,0 -105.86,41.52,0 -105.85,41.50,0 -105.84,41.48,0 -105.83,41.46,0 -105.82,41.44,0 -105.82,41.42,0 -105.82,41.40,0 -105.82,41.38,0 -105.83,41.36,0 -105.83,41.33,0 -105.84,41.31,0 -105.85,41.29,0 -105.85,41.27,0 -105.86,41.25,0 -105.87,41.24,0 -105.88,41.22,0 -105.90,41.20,0 -105.92,41.19,0 -105.95,41.18,0 -105.97,41.17,0 -105.99,41.16,0 -106.01,41.15,0 -106.04,41.14,0 -106.06,41.13,0 -106.09,41.12,0 -106.12,41.11,0 -106.14,41.11,0 -106.17,41.10,0 -106.20,41.10,0 -106.22,41.09,0 -106.25,41.09,0 -106.28,41.09,0 -106.31,41.09,0 -106.33,41.09,0 -106.36,41.09,0 -106.39,41.10,0 -106.41,41.10,0 -106.44,41.11,0 -106.46,41.12,0 -106.48,41.13,0 -106.51,41.14,0 -106.53,41.15,0 -106.55,41.17,0 -106.56,41.18,0 -106.58,41.20,0 -106.59,41.22,0 -106.60,41.23,0 -106.61,41.25,0 -106.62,41.27,0 -106.63,41.29,0 -106.64,41.31,0 -106.64,41.33,0 -106.65,41.35,0 -106.65,41.37,0 -106.65,41.39,0 -106.65,41.41,0 -106.65,41.43,0 -106.64,41.45,0 -106.64,41.47,0 -106.63,41.49,0 -106.62,41.51,0 -106.62,41.53,0 -106.61,41.55,0 -106.47,41.65,0 
          </coordinates>
        </LinearRing>
      </outerBoundaryIs>
  </Polygon>
 </MultiGeometry>
</Placemark>
<Placemark>
  <name>1%</name>
  <visibility>1</visibility>
  <styleUrl>#poly_1</styleUrl>
  <MultiGeometry>
    <Polygon>
      <outerBoundaryIs>
        <LinearRing>
          <coordinates>
-116.97,50.66,0 -116.94,50.67,0 -116.91,50.69,0 -116.88,50.70,0 -116.85,50.71,0 -116.82,50.72,0 -116.79,50.73,0 -116.76,50.73,0 -116.73,50.74,0 -116.70,50.74,0 -116.66,50.75,0 -116.63,50.75,0 -116.60,50.75,0 -116.56,50.74,0 -116.53,50.74,0 -116.50,50.74,0 -116.47,50.73,0 -116.44,50.72,0 -116.41,50.71,0 -116.38,50.70,0 -116.35,50.68,0 -116.33,50.66,0 -116.30,50.65,0 -116.28,50.63,0 -116.26,50.61,0 -116.25,50.60,0 -116.23,50.58,0 -116.22,50.56,0 -116.20,50.54,0 -116.19,50.52,0 -116.19,50.50,0 -116.18,50.48,0 -116.18,50.46,0 -116.17,50.44,0 -116.17,50.42,0 -116.18,50.39,0 -116.18,50.37,0 -116.18,50.35,0 -116.19,50.33,0 -116.20,50.31,0 -116.21,50.29,0 -116.23,50.27,0 -116.24,50.25,0 -116.26,50.23,0 -116.28,50.22,0 -116.30,50.20,0 -116.33,50.19,0 -116.36,50.18,0 -116.38,50.17,0 -116.41,50.16,0 -116.45,50.15,0 -116.48,50.14,0 -116.51,50.14,0 -116.55,50.13,0 -116.58,50.13,0 -116.61,50.13,0 -116.65,50.13,0 -116.68,50.13,0 -116.72,50.14,0 -116.75,50.14,0 -116.78,50.15,0 -116.81,50.15,0 -116.84,50.16,0 -116.88,50.17,0 -116.91,50.18,0 -116.93,50.19,0 -116.96,50.21,0 -116.98,50.23,0 -117.00,50.24,0 -117.01,50.26,0 -117.03,50.28,0 -117.04,50.30,0 -117.05,50.32,0 -117.06,50.34,0 -117.07,50.36,0 -117.08,50.38,0 -117.08,50.40,0 -117.09,50.42,0 -117.09,50.44,0 -117.09,50.46,0 -117.08,50.48,0 -117.08,50.51,0 -117.07,50.53,0 -117.07,50.55,0 -116.97,50.66,0 
          </coordinates>
        </LinearRing>
      </outerBoundaryIs>
  </Polygon>
 </MultiGeometry>
</Placemark>
<Placemark>
  <name>1%</name>
  <visibility>1</visibility>
  <styleUrl>#poly_1</styleUrl>
  <MultiGeometry>
    <Polygon>
      <outerBoundaryIs>
        <LinearRing>
          <coordinates>
-111.12,47.16,0 -111.09,47.18,0 -111.06,47.19,0 -111.02,47.20,0 -110.99,47.22,0 -110.96,47.23,0 -110.92,47.24,0 -110.89,47.25,0 -110.86,47.26,0 -110.82,47.26,0 -110.78,47.27,0 -110.75,47.27,0 -110.71,47.27,0 -110.68,47.27,0 -110.64,47.27,0 -110.60,47.27,0 -110.57,47.27,0 -110.53,47.27,0 -110.49,47.27,0 -110.46,47.27,0 -110.42,47.27,0 -110.39,47.26,0 -110.35,47.25,0 -110.32,47.24,0 -110.29,47.22,0 -110.26,47.20,0 -110.23,47.18,0 -110.21,47.16,0 -110.19,47.14,0 -110.18,47.12,0 -110.17,47.09,0 -110.15,47.07,0 -110.14,47.04,0 -110.14,47.01,0 -110.13,46.99,0 -110.12,46.97,0 -110.12,46.94,0 -110.11,46.92,0 -110.11,46.89,0 -110.11,46.87,0 -110.11,46.84,0 -110.12,46.82,0 -110.13,46.80,0 -110.15,46.77,0 -110.17,46.75,0 -110.20,46.72,0 -110.22,46.69,0 -110.25,46.67,0 -110.27,46.65,0 -110.28,46.64,0 -110.29,46.64,0 -110.31,46.63,0 -110.34,46.61,0 -110.37,46.59,0 -110.41,46.57,0 -110.45,46.55,0 -110.48,46.54,0 -110.52,46.53,0 -110.56,46.53,0 -110.60,46.54,0 -110.64,46.55,0 -110.68,46.56,0 -110.71,46.57,0 -110.75,46.58,0 -110.77,46.59,0 -110.80,46.60,0 -110.82,46.61,0 -110.86,46.62,0 -110.89,46.63,0 -110.93,46.64,0 -110.97,46.66,0 -111.01,46.67,0 -111.04,46.68,0 -111.08,46.69,0 -111.11,46.70,0 -111.13,46.72,0 -111.16,46.74,0 -111.18,46.76,0 -111.19,46.78,0 -111.21,46.80,0 -111.22,46.82,0 -111.23,46.85,0 -111.24,46.88,0 -111.25,46.90,0 -111.25,46.92,0 -111.25,46.95,0 -111.25,46.98,0 -111.24,47.00,0 -111.23,47.03,0 -111.22,47.05,0 -111.21,47.08,0 -111.12,47.16,0 
          </coordinates>
        </LinearRing>
      </outerBoundaryIs>
      <innerBoundaryIs>
        <LinearRing>
          <coordinates>
-110.87,47.14,1000 -110.84,47.15,1000 -110.81,47.15,1000 -110.78,47.16,1000 -110.76,47.16,1000 -110.73,47.17,1000 -110.70,47.17,1000 -110.68,47.18,1000 -110.65,47.18,1000 -110.63,47.18,1000 -110.60,47.18,1000 -110.57,47.17,1000 -110.55,47.17,1000 -110.52,47.16,1000 -110.50,47.15,1000 -110.48,47.14,1000 -110.46,47.13,1000 -110.44,47.12,1000 -110.42,47.10,1000 -110.40,47.09,1000 -110.38,47.07,1000 -110.36,47.06,1000 -110.34,47.05,1000 -110.32,47.04,1000 -110.30,47.03,1000 -110.29,47.01,1000 -110.28,47.00,1000 -110.27,46.98,1000 -110.27,46.96,1000 -110.27,46.95,1000 -110.27,46.92,1000 -110.28,46.90,1000 -110.29,46.88,1000 -110.29,46.86,1000 -110.30,46.84,1000 -110.31,46.82,1000 -110.31,46.81,1000 -110.32,46.81,1000 -110.33,46.80,1000 -110.35,46.79,1000 -110.36,46.78,1000 -110.38,46.76,1000 -110.40,46.75,1000 -110.43,46.73,1000 -110.45,46.72,1000 -110.47,46.70,1000 -110.50,46.69,1000 -110.52,46.68,1000 -110.54,46.67,1000 -110.56,46.67,1000 -110.59,46.66,1000 -110.62,46.66,1000 -110.64,46.66,1000 -110.67,46.67,1000 -110.70,46.67,1000 -110.72,46.68,1000 -110.75,46.68,1000 -110.77,46.69,1000 -110.79,46.69,1000 -110.82,46.70,1000 -110.84,46.70,1000 -110.86,46.71,1000 -110.88,46.72,1000 -110.90,46.73,1000 -110.92,46.74,1000 -110.94,46.76,1000 -110.95,46.77,1000 -110.97,46.79,1000 -110.98,46.80,1000 -111.00,46.82,1000 -111.01,46.83,1000 -111.02,46.85,1000 -111.03,46.87,1000 -111.04,46.89,1000 -111.05,46.90,1000 -111.05,46.92,1000 -111.05,46.94,1000 -111.04,46.95,1000 -111.04,46.97,1000 -111.03,46.98,1000 -111.02,47.00,1000 -111.01,47.02,1000 -111.00,47.03,1000 -110.98,47.05,1000 -110.97,47.07,1000 -110.96,47.08,1000 -110.94,47.10,1000 -110.87,47.14,1000 
          </coordinates>
        </LinearRing>
      </innerBoundaryIs>
  </Polygon>
 </MultiGeometry>
</Placemark>
<Placemark>
  <name>1%</name>
  <visibility>1</visibility>
  <styleUrl>#poly_1</styleUrl>
  <MultiGeometry>
    <Polygon>
      <outerBoundaryIs>
        <LinearRing>
          <coordinates>
-106.16,40.99,0 -105.99,41.02,0 -105.82,41.03,0 -105.69,41.03,0 -105.56,40.98,0 -105.46,40.91,0 -105.36,40.85,0 -105.28,40.78,0 -105.23,40.69,0 -105.20,40.57,0 -105.18,40.47,0 -105.17,40.36,0 -105.16,40.23,0 -105.15,40.13,0 -105.13,40.03,0 -105.11,39.91,0 -105.10,39.79,0 -105.10,39.67,0 -105.10,39.53,0 -105.10,39.38,0 -105.10,39.26,0 -105.08,39.17,0 -104.95,39.12,0 -104.81,39.14,0 -104.71,39.09,0 -104.64,39.02,0 -104.61,38.95,0 -104.60,38.88,0 -104.59,38.78,0 -104.60,38.68,0 -104.65,38.59,0 -104.75,38.53,0 -104.89,38.50,0 -105.06,38.49,0 -105.21,38.49,0 -105.36,38.54,0 -105.45,38.62,0 -105.46,38.71,0 -105.46,38.79,0 -105.62,38.79,0 -105.56,38.72,0 -105.50,38.63,0 -105.56,38.53,0 -105.65,38.46,0 -105.76,38.49,0 -105.84,38.57,0 -105.81,38.68,0 -105.77,38.77,0 -105.93,38.76,0 -105.92,38.68,0 -105.91,38.59,0 -105.97,38.51,0 -106.00,38.44,0 -105.86,38.42,0 -105.68,38.42,0 -105.57,38.42,0 -105.46,38.41,0 -105.33,38.35,0 -105.20,38.27,0 -105.06,38.21,0 -104.95,38.15,0 -104.89,38.07,0 -104.92,37.97,0 -105.00,37.90,0 -105.12,37.81,0 -105.25,37.72,0 -105.36,37.66,0 -105.48,37.61,0 -105.58,37.60,0 -105.70,37.62,0 -105.81,37.66,0 -105.91,37.73,0 -105.99,37.83,0 -106.02,37.95,0 -106.03,38.09,0 -106.04,38.20,0 -106.06,38.29,0 -106.10,38.33,0 -106.20,38.30,0 -106.33,38.27,0 -106.48,38.30,0 -106.63,38.37,0 -106.69,38.46,0 -106.73,38.57,0 -106.82,38.67,0 -106.95,38.72,0 -107.12,38.76,0 -107.28,38.80,0 -107.40,38.84,0 -107.48,38.92,0 -107.49,39.01,0 -107.49,39.11,0 -107.45,39.20,0 -107.33,39.28,0 -107.18,39.35,0 -107.04,39.42,0 -106.93,39.49,0 -106.91,39.59,0 -106.94,39.67,0 -107.04,39.66,0 -107.16,39.62,0 -107.28,39.61,0 -107.40,39.64,0 -107.47,39.70,0 -107.54,39.78,0 -107.59,39.86,0 -107.61,39.96,0 -107.59,40.05,0 -107.55,40.13,0 -107.48,40.19,0 -107.38,40.24,0 -107.26,40.26,0 -107.13,40.26,0 -107.00,40.24,0 -106.91,40.19,0 -106.85,40.12,0 -106.81,40.03,0 -106.80,39.94,0 -106.82,39.86,0 -106.84,39.80,0 -106.74,39.72,0 -106.67,39.78,0 -106.57,39.87,0 -106.46,39.97,0 -106.36,40.07,0 -106.30,40.16,0 -106.29,40.27,0 -106.33,40.36,0 -106.36,40.45,0 -106.35,40.56,0 -106.34,40.66,0 -106.34,40.76,0 -106.34,40.86,0 -106.16,40.99,0 
          </coordinates>
        </LinearRing>
      </outerBoundaryIs>
      <innerBoundaryIs>
        <LinearRing>
          <coordinates>
-105.92,40.93,1000 -105.81,40.93,1000 -105.69,40.90,1000 -105.61,40.87,1000 -105.53,40.84,1000 -105.45,40.79,1000 -105.38,40.74,1000 -105.33,40.67,1000 -105.29,40.59,1000 -105.26,40.51,1000 -105.23,40.42,1000 -105.21,40.34,1000 -105.20,40.26,1000 -105.19,40.17,1000 -105.18,40.05,1000 -105.17,39.97,1000 -105.17,39.88,1000 -105.16,39.79,1000 -105.15,39.68,1000 -105.15,39.58,1000 -105.14,39.49,1000 -105.14,39.41,1000 -105.14,39.34,1000 -105.16,39.21,1000 -105.17,39.16,1000 -105.13,39.11,1000 -105.05,39.08,1000 -104.97,39.05,1000 -104.88,39.03,1000 -104.80,38.99,1000 -104.72,38.91,1000 -104.69,38.83,1000 -104.71,38.76,1000 -104.77,38.69,1000 -104.83,38.64,1000 -104.91,38.59,1000 -104.99,38.56,1000 -105.07,38.56,1000 -105.15,38.59,1000 -105.23,38.64,1000 -105.28,38.71,1000 -105.32,38.81,1000 -105.37,38.90,1000 -105.42,38.97,1000 -105.51,39.00,1000 -105.61,39.00,1000 -105.70,38.99,1000 -105.79,38.99,1000 -105.88,38.98,1000 -105.95,38.94,1000 -105.99,38.87,1000 -106.03,38.77,1000 -106.06,38.67,1000 -106.10,38.59,1000 -106.17,38.51,1000 -106.25,38.46,1000 -106.34,38.43,1000 -106.43,38.44,1000 -106.52,38.48,1000 -106.61,38.54,1000 -106.67,38.59,1000 -106.72,38.66,1000 -106.78,38.73,1000 -106.84,38.78,1000 -106.93,38.82,1000 -107.03,38.83,1000 -107.11,38.86,1000 -107.18,38.91,1000 -107.24,38.96,1000 -107.27,39.02,1000 -107.26,39.08,1000 -107.22,39.15,1000 -107.16,39.21,1000 -107.09,39.26,1000 -107.00,39.29,1000 -106.92,39.34,1000 -106.84,39.40,1000 -106.76,39.47,1000 -106.69,39.54,1000 -106.63,39.62,1000 -106.57,39.70,1000 -106.51,39.77,1000 -106.43,39.84,1000 -106.35,39.90,1000 -106.28,39.96,1000 -106.23,40.02,1000 -106.19,40.07,1000 -106.17,40.15,1000 -106.19,40.23,1000 -106.23,40.32,1000 -106.26,40.42,1000 -106.28,40.51,1000 -106.27,40.59,1000 -106.24,40.67,1000 -106.20,40.74,1000 -106.15,40.81,1000 -105.92,40.93,1000 
          </coordinates>
        </LinearRing>
      </innerBoundaryIs>
      <innerBoundaryIs>
        <LinearRing>
          <coordinates>
-105.65,38.31,1000 -105.62,38.30,1000 -105.60,38.30,1000 -105.57,38.29,1000 -105.55,38.28,1000 -105.53,38.28,1000 -105.50,38.27,1000 -105.49,38.27,1000 -105.47,38.26,1000 -105.45,38.25,1000 -105.44,38.25,1000 -105.42,38.23,1000 -105.41,38.22,1000 -105.39,38.21,1000 -105.37,38.20,1000 -105.36,38.18,1000 -105.34,38.17,1000 -105.32,38.15,1000 -105.30,38.14,1000 -105.28,38.12,1000 -105.27,38.11,1000 -105.26,38.09,1000 -105.25,38.07,1000 -105.25,38.05,1000 -105.25,38.03,1000 -105.25,38.01,1000 -105.26,37.99,1000 -105.26,37.96,1000 -105.27,37.94,1000 -105.27,37.93,1000 -105.28,37.91,1000 -105.29,37.89,1000 -105.30,37.88,1000 -105.32,37.86,1000 -105.34,37.85,1000 -105.36,37.84,1000 -105.38,37.83,1000 -105.40,37.82,1000 -105.42,37.81,1000 -105.44,37.80,1000 -105.46,37.79,1000 -105.49,37.78,1000 -105.51,37.77,1000 -105.54,37.77,1000 -105.56,37.76,1000 -105.59,37.76,1000 -105.61,37.76,1000 -105.64,37.77,1000 -105.67,37.77,1000 -105.69,37.78,1000 -105.72,37.79,1000 -105.75,37.80,1000 -105.77,37.81,1000 -105.79,37.82,1000 -105.81,37.82,1000 -105.83,37.83,1000 -105.86,37.84,1000 -105.87,37.85,1000 -105.87,37.86,1000 -105.88,37.88,1000 -105.89,37.89,1000 -105.90,37.91,1000 -105.91,37.93,1000 -105.92,37.95,1000 -105.93,37.97,1000 -105.94,37.99,1000 -105.94,38.01,1000 -105.95,38.03,1000 -105.95,38.05,1000 -105.95,38.07,1000 -105.94,38.09,1000 -105.93,38.11,1000 -105.91,38.13,1000 -105.90,38.15,1000 -105.88,38.16,1000 -105.87,38.18,1000 -105.86,38.19,1000 -105.84,38.21,1000 -105.83,38.22,1000 -105.81,38.23,1000 -105.80,38.24,1000 -105.65,38.31,1000 
          </coordinates>
        </LinearRing>
      </innerBoundaryIs>
      <innerBoundaryIs>
        <LinearRing>
          <coordinates>
-107.22,40.10,1000 -107.22,40.12,1000 -107.20,40.10,1000 -107.19,40.10,1000 -107.19,40.09,1000 -107.18,40.08,1000 -107.17,40.08,1000 -107.16,40.07,1000 -107.15,40.06,1000 -107.14,40.05,1000 -107.13,40.04,1000 -107.12,40.03,1000 -107.10,40.02,1000 -107.09,40.01,1000 -107.08,40.00,1000 -107.07,39.99,1000 -107.06,39.98,1000 -107.05,39.97,1000 -107.05,39.96,1000 -107.04,39.95,1000 -107.03,39.95,1000 -107.03,39.94,1000 -107.03,39.93,1000 -107.03,39.92,1000 -107.03,39.91,1000 -107.04,39.90,1000 -107.04,39.89,1000 -107.05,39.88,1000 -107.06,39.87,1000 -107.07,39.86,1000 -107.08,39.85,1000 -107.09,39.84,1000 -107.11,39.83,1000 -107.12,39.82,1000 -107.13,39.81,1000 -107.14,39.81,1000 -107.16,39.80,1000 -107.17,39.80,1000 -107.18,39.80,1000 -107.19,39.80,1000 -107.20,39.80,1000 -107.22,39.80,1000 -107.23,39.81,1000 -107.25,39.81,1000 -107.26,39.82,1000 -107.28,39.82,1000 -107.29,39.83,1000 -107.31,39.84,1000 -107.32,39.85,1000 -107.33,39.86,1000 -107.34,39.86,1000 -107.36,39.87,1000 -107.36,39.88,1000 -107.37,39.89,1000 -107.38,39.90,1000 -107.38,39.91,1000 -107.38,39.92,1000 -107.38,39.93,1000 -107.38,39.93,1000 -107.38,39.94,1000 -107.37,39.95,1000 -107.37,39.96,1000 -107.36,39.97,1000 -107.36,39.98,1000 -107.35,39.99,1000 -107.34,40.00,1000 -107.33,40.01,1000 -107.32,40.02,1000 -107.32,40.03,1000 -107.31,40.04,1000 -107.30,40.05,1000 -107.28,40.06,1000 -107.27,40.07,1000 -107.26,40.08,1000 -107.25,40.09,1000 -107.24,40.10,1000 -107.22,40.10,1000 
          </coordinates>
        </LinearRing>
      </innerBoundaryIs>
  </Polygon>
 </MultiGeometry>
</Placemark>
<Placemark>
  <name>1%</name>
  <visibility>1</visibility>
  <styleUrl>#poly_1</styleUrl>
  <MultiGeometry>
    <Polygon>
      <outerBoundaryIs>
        <LinearRing>
          <coordinates>
-110.74,46.36,0 -110.71,46.37,0 -110.68,46.38,0 -110.65,46.39,0 -110.62,46.40,0 -110.59,46.40,0 -110.56,46.41,0 -110.53,46.42,0 -110.50,46.42,0 -110.47,46.42,0 -110.44,46.43,0 -110.40,46.43,0 -110.37,46.43,0 -110.34,46.43,0 -110.31,46.43,0 -110.28,46.43,0 -110.25,46.42,0 -110.22,46.41,0 -110.19,46.40,0 -110.17,46.39,0 -110.14,46.38,0 -110.11,46.37,0 -110.09,46.35,0 -110.07,46.34,0 -110.05,46.32,0 -110.03,46.30,0 -110.02,46.28,0 -110.00,46.26,0 -109.99,46.24,0 -109.98,46.22,0 -109.97,46.20,0 -109.97,46.18,0 -109.96,46.16,0 -109.95,46.14,0 -109.95,46.12,0 -109.94,46.10,0 -109.94,46.08,0 -109.93,46.05,0 -109.94,46.03,0 -109.94,46.01,0 -109.95,45.99,0 -109.96,45.97,0 -109.98,45.95,0 -109.99,45.93,0 -110.01,45.92,0 -110.03,45.90,0 -110.06,45.88,0 -110.08,45.86,0 -110.10,45.85,0 -110.13,45.83,0 -110.15,45.82,0 -110.18,45.81,0 -110.21,45.80,0 -110.24,45.80,0 -110.27,45.79,0 -110.30,45.79,0 -110.34,45.79,0 -110.37,45.79,0 -110.40,45.79,0 -110.43,45.79,0 -110.46,45.79,0 -110.49,45.79,0 -110.52,45.79,0 -110.55,45.79,0 -110.58,45.79,0 -110.61,45.79,0 -110.64,45.80,0 -110.67,45.81,0 -110.69,45.82,0 -110.72,45.84,0 -110.75,45.85,0 -110.77,45.87,0 -110.79,45.88,0 -110.81,45.90,0 -110.83,45.92,0 -110.85,45.94,0 -110.86,45.96,0 -110.87,45.98,0 -110.88,46.01,0 -110.88,46.03,0 -110.89,46.06,0 -110.89,46.08,0 -110.89,46.10,0 -110.89,46.12,0 -110.89,46.15,0 -110.88,46.17,0 -110.88,46.19,0 -110.87,46.21,0 -110.87,46.24,0 -110.86,46.26,0 -110.74,46.36,0 
          </coordinates>
        </LinearRing>
      </outerBoundaryIs>
      <innerBoundaryIs>
        <LinearRing>
          <coordinates>
-110.48,46.28,1000 -110.46,46.28,1000 -110.44,46.27,1000 -110.42,46.27,1000 -110.39,46.26,1000 -110.37,46.26,1000 -110.35,46.25,1000 -110.33,46.25,1000 -110.31,46.24,1000 -110.30,46.24,1000 -110.28,46.23,1000 -110.26,46.23,1000 -110.25,46.22,1000 -110.23,46.22,1000 -110.22,46.21,1000 -110.20,46.20,1000 -110.18,46.19,1000 -110.17,46.18,1000 -110.16,46.17,1000 -110.15,46.16,1000 -110.14,46.15,1000 -110.14,46.14,1000 -110.14,46.13,1000 -110.14,46.12,1000 -110.15,46.10,1000 -110.15,46.09,1000 -110.16,46.07,1000 -110.17,46.06,1000 -110.17,46.04,1000 -110.18,46.03,1000 -110.19,46.02,1000 -110.20,46.01,1000 -110.21,46.00,1000 -110.22,45.99,1000 -110.24,45.98,1000 -110.25,45.97,1000 -110.27,45.96,1000 -110.28,45.95,1000 -110.30,45.95,1000 -110.32,45.94,1000 -110.34,45.93,1000 -110.35,45.93,1000 -110.37,45.92,1000 -110.39,45.92,1000 -110.41,45.91,1000 -110.42,45.91,1000 -110.44,45.91,1000 -110.46,45.91,1000 -110.47,45.91,1000 -110.49,45.92,1000 -110.51,45.94,1000 -110.52,45.95,1000 -110.53,45.95,1000 -110.54,45.96,1000 -110.55,45.97,1000 -110.56,45.98,1000 -110.57,45.99,1000 -110.58,46.00,1000 -110.59,46.01,1000 -110.61,46.03,1000 -110.62,46.04,1000 -110.63,46.05,1000 -110.64,46.06,1000 -110.65,46.07,1000 -110.67,46.09,1000 -110.68,46.10,1000 -110.48,46.28,1000 
          </coordinates>
        </LinearRing>
      </innerBoundaryIs>
  </Polygon>
 </MultiGeometry>
</Placemark>
<Placemark>
  <name>1%</name>
  <visibility>1</visibility>
  <styleUrl>#poly_1</styleUrl>
  <MultiGeometry>
    <Polygon>
      <outerBoundaryIs>
        <LinearRing>
          <coordinates>
-108.11,45.24,0 -108.03,45.25,0 -107.96,45.27,0 -107.89,45.28,0 -107.82,45.28,0 -107.75,45.29,0 -107.69,45.29,0 -107.63,45.28,0 -107.56,45.26,0 -107.51,45.23,0 -107.46,45.19,0 -107.41,45.15,0 -107.36,45.11,0 -107.31,45.08,0 -107.26,45.04,0 -107.20,45.01,0 -107.15,44.98,0 -107.10,44.95,0 -107.05,44.92,0 -106.99,44.89,0 -106.94,44.86,0 -106.89,44.83,0 -106.84,44.80,0 -106.78,44.77,0 -106.73,44.74,0 -106.68,44.71,0 -106.64,44.68,0 -106.61,44.64,0 -106.60,44.60,0 -106.59,44.56,0 -106.58,44.50,0 -106.57,44.46,0 -106.57,44.41,0 -106.56,44.36,0 -106.55,44.30,0 -106.55,44.25,0 -106.54,44.20,0 -106.54,44.16,0 -106.53,44.09,0 -106.53,44.05,0 -106.55,44.00,0 -106.57,43.96,0 -106.61,43.91,0 -106.65,43.86,0 -106.72,43.83,0 -106.77,43.82,0 -106.84,43.80,0 -106.91,43.79,0 -106.98,43.79,0 -107.06,43.79,0 -107.13,43.79,0 -107.20,43.79,0 -107.27,43.80,0 -107.35,43.82,0 -107.42,43.84,0 -107.48,43.86,0 -107.54,43.89,0 -107.59,43.92,0 -107.63,43.96,0 -107.66,44.01,0 -107.68,44.06,0 -107.70,44.11,0 -107.73,44.16,0 -107.76,44.20,0 -107.80,44.25,0 -107.84,44.29,0 -107.89,44.33,0 -107.93,44.37,0 -107.97,44.41,0 -108.02,44.44,0 -108.08,44.47,0 -108.13,44.50,0 -108.18,44.53,0 -108.22,44.57,0 -108.24,44.61,0 -108.26,44.66,0 -108.27,44.71,0 -108.27,44.77,0 -108.28,44.82,0 -108.29,44.87,0 -108.29,44.91,0 -108.30,44.98,0 -108.30,45.03,0 -108.29,45.07,0 -108.11,45.24,0 
          </coordinates>
        </LinearRing>
      </outerBoundaryIs>
      <innerBoundaryIs>
        <LinearRing>
          <coordinates>
-108.10,45.12,1000 -108.05,45.15,1000 -107.99,45.18,1000 -107.94,45.20,1000 -107.88,45.21,1000 -107.82,45.21,1000 -107.75,45.20,1000 -107.68,45.18,1000 -107.61,45.15,1000 -107.57,45.13,1000 -107.52,45.10,1000 -107.48,45.06,1000 -107.44,45.03,1000 -107.39,45.00,1000 -107.35,44.97,1000 -107.30,44.94,1000 -107.25,44.91,1000 -107.19,44.89,1000 -107.14,44.86,1000 -107.09,44.83,1000 -107.04,44.80,1000 -106.98,44.77,1000 -106.92,44.74,1000 -106.87,44.70,1000 -106.82,44.67,1000 -106.78,44.64,1000 -106.73,44.61,1000 -106.70,44.58,1000 -106.67,44.55,1000 -106.64,44.50,1000 -106.63,44.46,1000 -106.61,44.41,1000 -106.60,44.36,1000 -106.60,44.30,1000 -106.59,44.25,1000 -106.60,44.20,1000 -106.60,44.16,1000 -106.62,44.11,1000 -106.64,44.07,1000 -106.67,44.03,1000 -106.70,44.00,1000 -106.74,43.97,1000 -106.79,43.93,1000 -106.84,43.90,1000 -106.89,43.88,1000 -106.95,43.86,1000 -107.01,43.85,1000 -107.08,43.85,1000 -107.14,43.85,1000 -107.21,43.86,1000 -107.26,43.87,1000 -107.31,43.89,1000 -107.36,43.91,1000 -107.41,43.94,1000 -107.46,43.98,1000 -107.50,44.01,1000 -107.53,44.05,1000 -107.57,44.10,1000 -107.61,44.14,1000 -107.64,44.18,1000 -107.68,44.22,1000 -107.71,44.26,1000 -107.76,44.31,1000 -107.80,44.35,1000 -107.84,44.38,1000 -107.88,44.42,1000 -107.92,44.46,1000 -107.96,44.50,1000 -108.00,44.54,1000 -108.04,44.58,1000 -108.08,44.62,1000 -108.13,44.65,1000 -108.17,44.69,1000 -108.20,44.73,1000 -108.22,44.77,1000 -108.23,44.82,1000 -108.24,44.86,1000 -108.24,44.91,1000 -108.10,45.12,1000 
          </coordinates>
        </LinearRing>
      </innerBoundaryIs>
  </Polygon>
 </MultiGeometry>
</Placemark>
<Placemark>
  <name>1%</name>
  <visibility>1</visibility>
  <styleUrl>#poly_1</styleUrl>
  <MultiGeometry>
    <Polygon>
      <outerBoundaryIs>
        <LinearRing>
          <coordinates>
-116.20,51.75,0 -116.11,51.77,0 -116.03,51.79,0 -115.94,51.80,0 -115.84,51.80,0 -115.73,51.79,0 -115.62,51.76,0 -115.51,51.73,0 -115.40,51.70,0 -115.29,51.67,0 -115.18,51.65,0 -115.07,51.62,0 -114.99,51.58,0 -114.93,51.53,0 -114.89,51.48,0 -114.87,51.42,0 -114.84,51.36,0 -114.82,51.30,0 -114.82,51.24,0 -114.81,51.18,0 -114.78,51.11,0 -114.73,51.06,0 -114.67,51.00,0 -114.59,50.95,0 -114.53,50.88,0 -114.47,50.81,0 -114.44,50.75,0 -114.42,50.68,0 -114.40,50.60,0 -114.38,50.52,0 -114.36,50.45,0 -114.35,50.38,0 -114.33,50.32,0 -114.30,50.24,0 -114.27,50.19,0 -114.25,50.14,0 -114.24,50.10,0 -114.26,50.04,0 -114.30,49.99,0 -114.36,49.95,0 -114.43,49.92,0 -114.52,49.88,0 -114.61,49.86,0 -114.71,49.86,0 -114.79,49.89,0 -114.88,49.93,0 -114.97,49.99,0 -115.06,50.04,0 -115.13,50.08,0 -115.22,50.12,0 -115.28,50.15,0 -115.34,50.19,0 -115.39,50.23,0 -115.44,50.27,0 -115.49,50.31,0 -115.55,50.37,0 -115.60,50.41,0 -115.66,50.46,0 -115.73,50.51,0 -115.79,50.56,0 -115.85,50.62,0 -115.90,50.67,0 -115.94,50.73,0 -115.97,50.79,0 -116.00,50.86,0 -116.04,50.92,0 -116.09,50.98,0 -116.16,51.03,0 -116.26,51.08,0 -116.36,51.13,0 -116.45,51.17,0 -116.53,51.22,0 -116.58,51.26,0 -116.58,51.31,0 -116.52,51.36,0 -116.45,51.41,0 -116.40,51.45,0 -116.37,51.51,0 -116.36,51.56,0 -116.36,51.61,0 -116.20,51.75,0 
          </coordinates>
        </LinearRing>
      </outerBoundaryIs>
      <innerBoundaryIs>
        <LinearRing>
          <coordinates>
-115.93,51.72,1000 -115.85,51.72,1000 -115.77,51.71,1000 -115.69,51.70,1000 -115.61,51.68,1000 -115.54,51.66,1000 -115.46,51.64,1000 -115.38,51.61,1000 -115.30,51.58,1000 -115.24,51.55,1000 -115.18,51.52,1000 -115.12,51.48,1000 -115.08,51.45,1000 -115.05,51.41,1000 -115.03,51.37,1000 -115.03,51.32,1000 -115.02,51.28,1000 -115.02,51.23,1000 -115.02,51.18,1000 -115.02,51.13,1000 -115.01,51.08,1000 -114.98,51.03,1000 -114.94,50.99,1000 -114.89,50.96,1000 -114.83,50.92,1000 -114.77,50.88,1000 -114.72,50.84,1000 -114.68,50.79,1000 -114.66,50.74,1000 -114.65,50.68,1000 -114.66,50.63,1000 -114.66,50.57,1000 -114.67,50.51,1000 -114.68,50.46,1000 -114.69,50.40,1000 -114.70,50.34,1000 -114.72,50.28,1000 -114.75,50.23,1000 -114.78,50.20,1000 -114.84,50.19,1000 -114.91,50.20,1000 -114.99,50.23,1000 -115.06,50.26,1000 -115.12,50.28,1000 -115.17,50.31,1000 -115.23,50.34,1000 -115.29,50.37,1000 -115.35,50.41,1000 -115.40,50.45,1000 -115.46,50.49,1000 -115.52,50.54,1000 -115.58,50.59,1000 -115.63,50.64,1000 -115.67,50.68,1000 -115.72,50.73,1000 -115.76,50.77,1000 -115.78,50.81,1000 -115.79,50.85,1000 -115.77,50.89,1000 -115.74,50.94,1000 -115.70,50.98,1000 -115.70,51.02,1000 -115.74,51.06,1000 -115.81,51.09,1000 -115.89,51.13,1000 -115.97,51.16,1000 -116.05,51.19,1000 -116.12,51.22,1000 -116.20,51.26,1000 -116.25,51.29,1000 -116.28,51.34,1000 -116.29,51.40,1000 -116.28,51.45,1000 -116.26,51.49,1000 -116.24,51.53,1000 -116.21,51.57,1000 -116.17,51.61,1000 -115.93,51.72,1000 
          </coordinates>
        </LinearRing>
      </innerBoundaryIs>
  </Polygon>
 </MultiGeometry>
</Placemark>
<Placemark>
  <name>1%</name>
  <visibility>1</visibility>
  <styleUrl>#poly_1</styleUrl>
  <MultiGeometry>
    <Polygon>
      <outerBoundaryIs>
        <LinearRing>
          <coordinates>
-114.19,47.51,0 -114.17,47.52,0 -114.15,47.54,0 -114.12,47.55,0 -114.10,47.56,0 -114.08,47.57,0 -114.05,47.58,0 -114.03,47.59,0 -114.01,47.60,0 -113.98,47.61,0 -113.96,47.61,0 -113.93,47.61,0 -113.91,47.61,0 -113.88,47.61,0 -113.85,47.60,0 -113.82,47.59,0 -113.79,47.59,0 -113.76,47.58,0 -113.74,47.57,0 -113.72,47.56,0 -113.70,47.56,0 -113.68,47.56,0 -113.67,47.54,0 -113.66,47.53,0 -113.64,47.52,0 -113.63,47.50,0 -113.61,47.49,0 -113.59,47.47,0 -113.57,47.45,0 -113.55,47.43,0 -113.54,47.41,0 -113.53,47.40,0 -113.52,47.38,0 -113.52,47.36,0 -113.52,47.34,0 -113.53,47.33,0 -113.54,47.31,0 -113.55,47.29,0 -113.56,47.27,0 -113.57,47.25,0 -113.58,47.24,0 -113.59,47.22,0 -113.60,47.21,0 -113.60,47.19,0 -113.62,47.18,0 -113.63,47.17,0 -113.65,47.16,0 -113.67,47.15,0 -113.70,47.14,0 -113.72,47.13,0 -113.75,47.12,0 -113.77,47.11,0 -113.80,47.10,0 -113.82,47.09,0 -113.85,47.09,0 -113.88,47.09,0 -113.90,47.09,0 -113.93,47.10,0 -113.96,47.10,0 -113.99,47.11,0 -114.02,47.12,0 -114.05,47.12,0 -114.07,47.13,0 -114.09,47.14,0 -114.11,47.14,0 -114.14,47.14,0 -114.15,47.15,0 -114.16,47.16,0 -114.17,47.17,0 -114.19,47.19,0 -114.21,47.20,0 -114.23,47.22,0 -114.24,47.24,0 -114.26,47.26,0 -114.27,47.27,0 -114.28,47.29,0 -114.29,47.31,0 -114.29,47.33,0 -114.29,47.34,0 -114.29,47.36,0 -114.28,47.38,0 -114.27,47.40,0 -114.27,47.42,0 -114.26,47.43,0 -114.24,47.45,0 -114.23,47.47,0 -114.22,47.49,0 -114.19,47.51,0 
          </coordinates>
        </LinearRing>
      </outerBoundaryIs>
  </Polygon>
 </MultiGeometry>
</Placemark>
<Placemark>
  <name>1%</name>
  <visibility>1</visibility>
  <styleUrl>#poly_1</styleUrl>
  <MultiGeometry>
    <Polygon>
      <outerBoundaryIs>
        <LinearRing>
          <coordinates>
-110.68,43.02,0 -110.68,43.00,0 -110.65,42.99,0 -110.63,42.99,0 -110.60,42.99,0 -110.57,42.99,0 -110.53,42.99,0 -110.49,42.98,0 -110.46,42.98,0 -110.43,42.97,0 -110.40,42.96,0 -110.38,42.94,0 -110.35,42.93,0 -110.33,42.91,0 -110.31,42.89,0 -110.29,42.87,0 -110.27,42.85,0 -110.26,42.83,0 -110.24,42.81,0 -110.23,42.78,0 -110.23,42.76,0 -110.22,42.73,0 -110.21,42.70,0 -110.21,42.68,0 -110.21,42.66,0 -110.20,42.63,0 -110.20,42.61,0 -110.20,42.58,0 -110.21,42.56,0 -110.21,42.53,0 -110.22,42.51,0 -110.23,42.49,0 -110.25,42.46,0 -110.27,42.44,0 -110.29,42.42,0 -110.31,42.40,0 -110.34,42.38,0 -110.37,42.37,0 -110.39,42.35,0 -110.43,42.34,0 -110.46,42.33,0 -110.49,42.32,0 -110.53,42.31,0 -110.56,42.31,0 -110.59,42.31,0 -110.63,42.31,0 -110.67,42.31,0 -110.70,42.32,0 -110.74,42.32,0 -110.77,42.33,0 -110.80,42.34,0 -110.83,42.35,0 -110.86,42.37,0 -110.89,42.38,0 -110.92,42.40,0 -110.94,42.42,0 -110.96,42.44,0 -110.98,42.46,0 -110.99,42.48,0 -111.00,42.51,0 -111.01,42.53,0 -111.02,42.56,0 -111.02,42.58,0 -111.03,42.61,0 -111.03,42.64,0 -111.04,42.66,0 -111.04,42.69,0 -111.04,42.72,0 -111.03,42.74,0 -111.03,42.77,0 -111.02,42.79,0 -111.01,42.81,0 -111.00,42.84,0 -110.98,42.86,0 -110.96,42.88,0 -110.94,42.90,0 -110.92,42.91,0 -110.90,42.93,0 -110.88,42.94,0 -110.85,42.95,0 -110.82,42.96,0 -110.79,42.97,0 -110.76,42.98,0 -110.72,42.98,0 -110.69,42.99,0 -110.68,43.02,0 
          </coordinates>
        </LinearRing>
      </outerBoundaryIs>
  </Polygon>
 </MultiGeometry>
</Placemark>
<Placemark>
  <name>1%</name>
  <visibility>1</visibility>
  <styleUrl>#poly_1</styleUrl>
  <MultiGeometry>
    <Polygon>
      <outerBoundaryIs>
        <LinearRing>
          <coordinates>
-91.08,52.01,0 -90.90,52.01,0 -90.74,52.01,0 -90.61,52.00,0 -90.43,51.95,0 -90.32,51.90,0 -90.18,51.82,0 -90.01,51.74,0 -89.79,51.67,0 -89.63,51.63,0 -89.43,51.59,0 -89.22,51.55,0 -89.00,51.52,0 -88.79,51.48,0 -88.59,51.45,0 -88.42,51.42,0 -88.18,51.39,0 -87.99,51.37,0 -87.82,51.35,0 -87.65,51.33,0 -87.48,51.30,0 -87.31,51.26,0 -87.15,51.23,0 -86.97,51.19,0 -86.77,51.16,0 -86.55,51.13,0 -86.33,51.09,0 -86.13,51.06,0 -85.94,51.02,0 -85.77,50.98,0 -85.60,50.94,0 -85.44,50.90,0 -85.23,50.85,0 -85.02,50.79,0 -84.86,50.74,0 -84.71,50.67,0 -84.63,50.60,0 -84.57,50.51,0 -84.54,50.43,0 -84.51,50.37,0 -84.56,50.29,0 -84.66,50.23,0 -84.80,50.15,0 -84.95,50.07,0 -85.07,50.01,0 -85.20,49.95,0 -85.33,49.93,0 -85.44,49.90,0 -85.57,49.88,0 -85.81,49.89,0 -85.95,49.91,0 -86.13,49.94,0 -86.33,49.97,0 -86.55,50.01,0 -86.76,50.04,0 -86.97,50.07,0 -87.16,50.10,0 -87.32,50.12,0 -87.55,50.13,0 -87.72,50.13,0 -87.87,50.11,0 -88.04,50.10,0 -88.24,50.09,0 -88.45,50.07,0 -88.66,50.05,0 -88.87,50.04,0 -89.09,50.03,0 -89.31,50.02,0 -89.52,50.02,0 -89.72,50.03,0 -89.90,50.06,0 -90.07,50.10,0 -90.23,50.15,0 -90.39,50.20,0 -90.56,50.24,0 -90.74,50.28,0 -90.90,50.32,0 -91.04,50.36,0 -91.23,50.44,0 -91.36,50.52,0 -91.45,50.59,0 -91.53,50.68,0 -91.60,50.76,0 -91.68,50.87,0 -91.76,50.97,0 -91.82,51.07,0 -91.85,51.17,0 -91.86,51.27,0 -91.85,51.36,0 -91.83,51.46,0 -91.80,51.56,0 -91.74,51.66,0 -91.64,51.76,0 -91.52,51.85,0 -91.38,51.94,0 -91.08,52.01,0 
          </coordinates>
        </LinearRing>
      </outerBoundaryIs>
      <innerBoundaryIs>
        <LinearRing>
          <coordinates>
-91.08,51.86,1000 -90.87,51.88,1000 -90.69,51.88,1000 -90.56,51.86,1000 -90.43,51.81,1000 -90.32,51.75,1000 -90.20,51.69,1000 -90.05,51.62,1000 -89.92,51.58,1000 -89.79,51.53,1000 -89.64,51.49,1000 -89.48,51.46,1000 -89.31,51.44,1000 -89.13,51.42,1000 -88.94,51.41,1000 -88.77,51.39,1000 -88.62,51.36,1000 -88.47,51.33,1000 -88.33,51.29,1000 -88.18,51.26,1000 -88.01,51.24,1000 -87.83,51.22,1000 -87.66,51.20,1000 -87.49,51.18,1000 -87.30,51.14,1000 -87.12,51.09,1000 -86.93,51.05,1000 -86.77,51.02,1000 -86.61,51.00,1000 -86.43,50.97,1000 -86.22,50.93,1000 -86.07,50.90,1000 -85.90,50.86,1000 -85.71,50.81,1000 -85.53,50.76,1000 -85.35,50.72,1000 -85.20,50.67,1000 -85.09,50.64,1000 -84.94,50.57,1000 -84.93,50.51,1000 -84.92,50.42,1000 -84.96,50.33,1000 -85.04,50.27,1000 -85.15,50.21,1000 -85.27,50.16,1000 -85.40,50.12,1000 -85.54,50.10,1000 -85.67,50.08,1000 -85.84,50.07,1000 -86.01,50.07,1000 -86.15,50.09,1000 -86.30,50.11,1000 -86.43,50.14,1000 -86.56,50.18,1000 -86.67,50.22,1000 -86.79,50.24,1000 -86.93,50.26,1000 -87.08,50.27,1000 -87.27,50.26,1000 -87.43,50.24,1000 -87.62,50.21,1000 -87.83,50.19,1000 -88.00,50.19,1000 -88.18,50.19,1000 -88.37,50.20,1000 -88.56,50.20,1000 -88.72,50.20,1000 -88.90,50.19,1000 -89.07,50.18,1000 -89.23,50.17,1000 -89.37,50.17,1000 -89.59,50.17,1000 -89.76,50.19,1000 -89.92,50.21,1000 -90.09,50.25,1000 -90.26,50.29,1000 -90.45,50.33,1000 -90.64,50.38,1000 -90.81,50.44,1000 -90.98,50.51,1000 -91.12,50.58,1000 -91.24,50.66,1000 -91.34,50.75,1000 -91.43,50.84,1000 -91.52,50.94,1000 -91.59,51.06,1000 -91.64,51.17,1000 -91.64,51.28,1000 -91.62,51.39,1000 -91.57,51.50,1000 -91.50,51.60,1000 -91.41,51.68,1000 -91.30,51.77,1000 -91.08,51.86,1000 
          </coordinates>
        </LinearRing>
      </innerBoundaryIs>
  </Polygon>
 </MultiGeometry>
</Placemark>
<Placemark>
  <name>1%</name>
  <visibility>1</visibility>
  <styleUrl>#poly_1</styleUrl>
  <MultiGeometry>
    <Polygon>
      <outerBoundaryIs>
        <LinearRing>
          <coordinates>
-112.38,45.88,0 -112.18,45.85,0 -111.99,45.82,0 -111.80,45.79,0 -111.62,45.76,0 -111.44,45.74,0 -111.27,45.72,0 -111.12,45.71,0 -110.92,45.71,0 -110.75,45.72,0 -110.59,45.75,0 -110.44,45.77,0 -110.31,45.78,0 -110.13,45.79,0 -109.99,45.79,0 -109.87,45.77,0 -109.76,45.72,0 -109.64,45.64,0 -109.52,45.59,0 -109.36,45.52,0 -109.21,45.45,0 -109.09,45.39,0 -108.95,45.29,0 -108.87,45.18,0 -108.84,45.08,0 -108.84,44.97,0 -108.85,44.87,0 -108.94,44.77,0 -109.02,44.69,0 -109.01,44.62,0 -108.96,44.55,0 -108.90,44.48,0 -108.83,44.40,0 -108.77,44.31,0 -108.73,44.24,0 -108.70,44.17,0 -108.69,44.02,0 -108.70,43.93,0 -108.71,43.81,0 -108.73,43.68,0 -108.74,43.54,0 -108.76,43.40,0 -108.78,43.27,0 -108.78,43.16,0 -108.78,43.07,0 -108.72,42.94,0 -108.63,42.90,0 -108.55,42.85,0 -108.52,42.76,0 -108.50,42.66,0 -108.50,42.58,0 -108.51,42.50,0 -108.55,42.43,0 -108.62,42.36,0 -108.73,42.31,0 -108.84,42.28,0 -108.99,42.26,0 -109.14,42.27,0 -109.27,42.31,0 -109.42,42.37,0 -109.56,42.44,0 -109.68,42.50,0 -109.80,42.61,0 -109.89,42.71,0 -110.01,42.79,0 -110.12,42.86,0 -110.15,42.95,0 -110.20,43.03,0 -110.34,43.04,0 -110.52,43.07,0 -110.63,43.13,0 -110.75,43.22,0 -110.87,43.30,0 -110.97,43.37,0 -111.08,43.42,0 -111.15,43.46,0 -111.20,43.52,0 -111.23,43.60,0 -111.25,43.72,0 -111.26,43.87,0 -111.24,43.97,0 -111.21,44.08,0 -111.20,44.19,0 -111.22,44.30,0 -111.25,44.41,0 -111.31,44.50,0 -111.45,44.58,0 -111.61,44.62,0 -111.71,44.63,0 -111.82,44.63,0 -111.94,44.64,0 -112.09,44.66,0 -112.20,44.68,0 -112.31,44.78,0 -112.31,44.85,0 -112.29,44.93,0 -112.25,45.02,0 -112.22,45.10,0 -112.30,45.16,0 -112.37,45.22,0 -112.44,45.30,0 -112.48,45.37,0 -112.51,45.47,0 -112.51,45.56,0 -112.51,45.66,0 -112.50,45.77,0 -112.38,45.88,0 
          </coordinates>
        </LinearRing>
      </outerBoundaryIs>
      <innerBoundaryIs>
        <LinearRing>
          <coordinates>
-112.34,45.69,1000 -112.24,45.75,1000 -112.14,45.79,1000 -112.03,45.79,1000 -111.92,45.76,1000 -111.85,45.70,1000 -111.70,45.64,1000 -111.56,45.63,1000 -111.39,45.62,1000 -111.20,45.62,1000 -111.01,45.62,1000 -110.86,45.63,1000 -110.69,45.66,1000 -110.56,45.69,1000 -110.44,45.72,1000 -110.31,45.73,1000 -110.19,45.73,1000 -110.06,45.71,1000 -109.94,45.67,1000 -109.82,45.61,1000 -109.69,45.55,1000 -109.58,45.50,1000 -109.46,45.45,1000 -109.35,45.41,1000 -109.26,45.37,1000 -109.15,45.31,1000 -109.07,45.23,1000 -109.00,45.11,1000 -108.96,44.99,1000 -108.99,44.92,1000 -109.04,44.85,1000 -109.07,44.76,1000 -109.09,44.64,1000 -109.10,44.54,1000 -109.05,44.43,1000 -108.97,44.30,1000 -108.91,44.20,1000 -108.83,44.07,1000 -108.76,43.95,1000 -108.72,43.84,1000 -108.73,43.73,1000 -108.77,43.63,1000 -108.82,43.56,1000 -108.90,43.49,1000 -108.97,43.44,1000 -109.04,43.37,1000 -109.06,43.29,1000 -108.99,43.22,1000 -108.88,43.13,1000 -108.81,43.05,1000 -108.73,42.95,1000 -108.66,42.84,1000 -108.62,42.75,1000 -108.62,42.64,1000 -108.65,42.55,1000 -108.70,42.47,1000 -108.78,42.38,1000 -108.91,42.35,1000 -109.03,42.36,1000 -109.17,42.39,1000 -109.32,42.44,1000 -109.46,42.50,1000 -109.56,42.56,1000 -109.66,42.64,1000 -109.76,42.73,1000 -109.85,42.81,1000 -109.94,42.88,1000 -110.06,42.97,1000 -110.17,43.05,1000 -110.29,43.13,1000 -110.43,43.20,1000 -110.58,43.26,1000 -110.73,43.34,1000 -110.85,43.42,1000 -110.97,43.52,1000 -111.08,43.61,1000 -111.15,43.70,1000 -111.16,43.80,1000 -111.12,43.89,1000 -111.06,43.97,1000 -110.92,44.06,1000 -110.86,44.18,1000 -110.91,44.26,1000 -111.00,44.36,1000 -111.12,44.46,1000 -111.24,44.57,1000 -111.35,44.66,1000 -111.44,44.73,1000 -111.62,44.79,1000 -111.74,44.80,1000 -111.84,44.90,1000 -111.91,45.02,1000 -111.97,45.15,1000 -112.04,45.26,1000 -112.16,45.31,1000 -112.28,45.35,1000 -112.35,45.46,1000 -112.40,45.59,1000 -112.34,45.69,1000 
          </coordinates>
        </LinearRing>
      </innerBoundaryIs>
  </Polygon>
 </MultiGeometry>
</Placemark>
<Placemark>
  <name>5%</name>
  <visibility>1</visibility>
  <styleUrl>#poly_5</styleUrl>
  <MultiGeometry>
    <Polygon>
      <outerBoundaryIs>
        <LinearRing>
          <coordinates>
-108.10,45.12,1000 -108.05,45.15,1000 -107.99,45.18,1000 -107.94,45.20,1000 -107.88,45.21,1000 -107.82,45.21,1000 -107.75,45.20,1000 -107.68,45.18,1000 -107.61,45.15,1000 -107.57,45.13,1000 -107.52,45.10,1000 -107.48,45.06,1000 -107.44,45.03,1000 -107.39,45.00,1000 -107.35,44.97,1000 -107.30,44.94,1000 -107.25,44.91,1000 -107.19,44.89,1000 -107.14,44.86,1000 -107.09,44.83,1000 -107.04,44.80,1000 -106.98,44.77,1000 -106.92,44.74,1000 -106.87,44.70,1000 -106.82,44.67,1000 -106.78,44.64,1000 -106.73,44.61,1000 -106.70,44.58,1000 -106.67,44.55,1000 -106.64,44.50,1000 -106.63,44.46,1000 -106.61,44.41,1000 -106.60,44.36,1000 -106.60,44.30,1000 -106.59,44.25,1000 -106.60,44.20,1000 -106.60,44.16,1000 -106.62,44.11,1000 -106.64,44.07,1000 -106.67,44.03,1000 -106.70,44.00,1000 -106.74,43.97,1000 -106.79,43.93,1000 -106.84,43.90,1000 -106.89,43.88,1000 -106.95,43.86,1000 -107.01,43.85,1000 -107.08,43.85,1000 -107.14,43.85,1000 -107.21,43.86,1000 -107.26,43.87,1000 -107.31,43.89,1000 -107.36,43.91,1000 -107.41,43.94,1000 -107.46,43.98,1000 -107.50,44.01,1000 -107.53,44.05,1000 -107.57,44.10,1000 -107.61,44.14,1000 -107.64,44.18,1000 -107.68,44.22,1000 -107.71,44.26,1000 -107.76,44.31,1000 -107.80,44.35,1000 -107.84,44.38,1000 -107.88,44.42,1000 -107.92,44.46,1000 -107.96,44.50,1000 -108.00,44.54,1000 -108.04,44.58,1000 -108.08,44.62,1000 -108.13,44.65,1000 -108.17,44.69,1000 -108.20,44.73,1000 -108.22,44.77,1000 -108.23,44.82,1000 -108.24,44.86,1000 -108.24,44.91,1000 -108.10,45.12,1000 
          </coordinates>
        </LinearRing>
      </outerBoundaryIs>
      <innerBoundaryIs>
        <LinearRing>
          <coordinates>
-107.86,45.14,2000 -107.81,45.14,2000 -107.76,45.13,2000 -107.71,45.12,2000 -107.66,45.11,2000 -107.61,45.09,2000 -107.57,45.07,2000 -107.52,45.04,2000 -107.48,45.02,2000 -107.43,44.99,2000 -107.38,44.96,2000 -107.34,44.93,2000 -107.30,44.90,2000 -107.25,44.88,2000 -107.21,44.86,2000 -107.17,44.83,2000 -107.12,44.81,2000 -107.08,44.78,2000 -107.03,44.75,2000 -106.99,44.72,2000 -106.94,44.69,2000 -106.89,44.66,2000 -106.85,44.63,2000 -106.81,44.59,2000 -106.78,44.56,2000 -106.75,44.52,2000 -106.72,44.48,2000 -106.70,44.45,2000 -106.68,44.41,2000 -106.67,44.37,2000 -106.66,44.33,2000 -106.66,44.29,2000 -106.66,44.25,2000 -106.68,44.21,2000 -106.69,44.17,2000 -106.71,44.13,2000 -106.73,44.09,2000 -106.75,44.06,2000 -106.79,44.02,2000 -106.83,43.99,2000 -106.87,43.96,2000 -106.92,43.94,2000 -106.97,43.92,2000 -107.03,43.91,2000 -107.09,43.92,2000 -107.16,43.93,2000 -107.22,43.95,2000 -107.26,43.97,2000 -107.31,43.98,2000 -107.35,44.01,2000 -107.40,44.03,2000 -107.44,44.06,2000 -107.49,44.10,2000 -107.52,44.13,2000 -107.55,44.16,2000 -107.58,44.20,2000 -107.61,44.24,2000 -107.64,44.29,2000 -107.67,44.33,2000 -107.70,44.36,2000 -107.73,44.40,2000 -107.76,44.43,2000 -107.81,44.47,2000 -107.85,44.51,2000 -107.89,44.53,2000 -107.93,44.56,2000 -107.97,44.59,2000 -108.01,44.62,2000 -108.05,44.65,2000 -108.08,44.68,2000 -108.11,44.71,2000 -108.13,44.75,2000 -108.13,44.78,2000 -108.13,44.82,2000 -108.13,44.86,2000 -108.12,44.90,2000 -108.11,44.94,2000 -108.09,44.99,2000 -108.08,45.03,2000 -107.86,45.14,2000 
          </coordinates>
        </LinearRing>
      </innerBoundaryIs>
  </Polygon>
 </MultiGeometry>
</Placemark>
<Placemark>
  <name>5%</name>
  <visibility>1</visibility>
  <styleUrl>#poly_5</styleUrl>
  <MultiGeometry>
    <Polygon>
      <outerBoundaryIs>
        <LinearRing>
          <coordinates>
-113.71,48.80,1000 -113.69,48.80,1000 -113.68,48.79,1000 -113.66,48.79,1000 -113.65,48.78,1000 -113.63,48.78,1000 -113.61,48.78,1000 -113.60,48.77,1000 -113.58,48.77,1000 -113.57,48.76,1000 -113.56,48.76,1000 -113.54,48.76,1000 -113.53,48.75,1000 -113.52,48.75,1000 -113.51,48.75,1000 -113.50,48.74,1000 -113.49,48.74,1000 -113.47,48.73,1000 -113.46,48.73,1000 -113.45,48.73,1000 -113.44,48.72,1000 -113.43,48.71,1000 -113.42,48.70,1000 -113.42,48.70,1000 -113.41,48.69,1000 -113.40,48.68,1000 -113.40,48.67,1000 -113.39,48.66,1000 -113.38,48.65,1000 -113.37,48.64,1000 -113.37,48.63,1000 -113.36,48.62,1000 -113.35,48.61,1000 -113.35,48.60,1000 -113.35,48.59,1000 -113.34,48.59,1000 -113.34,48.58,1000 -113.34,48.57,1000 -113.34,48.55,1000 -113.35,48.54,1000 -113.36,48.54,1000 -113.37,48.53,1000 -113.39,48.53,1000 -113.40,48.53,1000 -113.41,48.53,1000 -113.43,48.53,1000 -113.44,48.53,1000 -113.46,48.53,1000 -113.47,48.54,1000 -113.49,48.54,1000 -113.51,48.54,1000 -113.52,48.55,1000 -113.54,48.55,1000 -113.55,48.55,1000 -113.57,48.56,1000 -113.58,48.56,1000 -113.59,48.56,1000 -113.61,48.56,1000 -113.62,48.57,1000 -113.63,48.57,1000 -113.64,48.57,1000 -113.65,48.58,1000 -113.66,48.59,1000 -113.67,48.60,1000 -113.67,48.60,1000 -113.68,48.61,1000 -113.68,48.62,1000 -113.69,48.62,1000 -113.70,48.63,1000 -113.70,48.64,1000 -113.71,48.65,1000 -113.72,48.66,1000 -113.72,48.67,1000 -113.73,48.68,1000 -113.74,48.69,1000 -113.74,48.70,1000 -113.75,48.71,1000 -113.71,48.80,1000 
          </coordinates>
        </LinearRing>
      </outerBoundaryIs>
  </Polygon>
 </MultiGeometry>
</Placemark>
<Placemark>
  <name>5%</name>
  <visibility>1</visibility>
  <styleUrl>#poly_5</styleUrl>
  <MultiGeometry>
    <Polygon>
      <outerBoundaryIs>
        <LinearRing>
          <coordinates>
-105.92,40.93,1000 -105.81,40.93,1000 -105.69,40.90,1000 -105.61,40.87,1000 -105.53,40.84,1000 -105.45,40.79,1000 -105.38,40.74,1000 -105.33,40.67,1000 -105.29,40.59,1000 -105.26,40.51,1000 -105.23,40.42,1000 -105.21,40.34,1000 -105.20,40.26,1000 -105.19,40.17,1000 -105.18,40.05,1000 -105.17,39.97,1000 -105.17,39.88,1000 -105.16,39.79,1000 -105.15,39.68,1000 -105.15,39.58,1000 -105.14,39.49,1000 -105.14,39.41,1000 -105.14,39.34,1000 -105.16,39.21,1000 -105.17,39.16,1000 -105.13,39.11,1000 -105.05,39.08,1000 -104.97,39.05,1000 -104.88,39.03,1000 -104.80,38.99,1000 -104.72,38.91,1000 -104.69,38.83,1000 -104.71,38.76,1000 -104.77,38.69,1000 -104.83,38.64,1000 -104.91,38.59,1000 -104.99,38.56,1000 -105.07,38.56,1000 -105.15,38.59,1000 -105.23,38.64,1000 -105.28,38.71,1000 -105.32,38.81,1000 -105.37,38.90,1000 -105.42,38.97,1000 -105.51,39.00,1000 -105.61,39.00,1000 -105.70,38.99,1000 -105.79,38.99,1000 -105.88,38.98,1000 -105.95,38.94,1000 -105.99,38.87,1000 -106.03,38.77,1000 -106.06,38.67,1000 -106.10,38.59,1000 -106.17,38.51,1000 -106.25,38.46,1000 -106.34,38.43,1000 -106.43,38.44,1000 -106.52,38.48,1000 -106.61,38.54,1000 -106.67,38.59,1000 -106.72,38.66,1000 -106.78,38.73,1000 -106.84,38.78,1000 -106.93,38.82,1000 -107.03,38.83,1000 -107.11,38.86,1000 -107.18,38.91,1000 -107.24,38.96,1000 -107.27,39.02,1000 -107.26,39.08,1000 -107.22,39.15,1000 -107.16,39.21,1000 -107.09,39.26,1000 -107.00,39.29,1000 -106.92,39.34,1000 -106.84,39.40,1000 -106.76,39.47,1000 -106.69,39.54,1000 -106.63,39.62,1000 -106.57,39.70,1000 -106.51,39.77,1000 -106.43,39.84,1000 -106.35,39.90,1000 -106.28,39.96,1000 -106.23,40.02,1000 -106.19,40.07,1000 -106.17,40.15,1000 -106.19,40.23,1000 -106.23,40.32,1000 -106.26,40.42,1000 -106.28,40.51,1000 -106.27,40.59,1000 -106.24,40.67,1000 -106.20,40.74,1000 -106.15,40.81,1000 -105.92,40.93,1000 
          </coordinates>
        </LinearRing>
      </outerBoundaryIs>
      <innerBoundaryIs>
        <LinearRing>
          <coordinates>
-106.13,40.71,2000 -106.05,40.76,2000 -105.97,40.81,2000 -105.89,40.84,2000 -105.81,40.86,2000 -105.72,40.85,2000 -105.64,40.83,2000 -105.55,40.79,2000 -105.48,40.74,2000 -105.43,40.69,2000 -105.39,40.63,2000 -105.35,40.56,2000 -105.32,40.48,2000 -105.29,40.40,2000 -105.27,40.33,2000 -105.25,40.26,2000 -105.24,40.19,2000 -105.23,40.11,2000 -105.22,40.03,2000 -105.21,39.95,2000 -105.20,39.87,2000 -105.19,39.79,2000 -105.19,39.71,2000 -105.19,39.62,2000 -105.19,39.54,2000 -105.19,39.47,2000 -105.19,39.40,2000 -105.20,39.34,2000 -105.22,39.26,2000 -105.25,39.21,2000 -105.29,39.17,2000 -105.34,39.12,2000 -105.41,39.07,2000 -105.49,39.03,2000 -105.60,39.02,2000 -105.72,39.03,2000 -105.82,39.03,2000 -105.89,39.02,2000 -105.94,38.99,2000 -106.01,38.94,2000 -106.06,38.89,2000 -106.11,38.82,2000 -106.16,38.74,2000 -106.21,38.66,2000 -106.27,38.60,2000 -106.32,38.56,2000 -106.42,38.55,2000 -106.51,38.60,2000 -106.60,38.66,2000 -106.66,38.71,2000 -106.73,38.77,2000 -106.79,38.83,2000 -106.85,38.88,2000 -106.95,38.94,2000 -107.04,38.98,2000 -107.11,39.02,2000 -107.10,39.08,2000 -107.05,39.12,2000 -106.98,39.17,2000 -106.90,39.24,2000 -106.82,39.30,2000 -106.74,39.36,2000 -106.68,39.42,2000 -106.62,39.50,2000 -106.57,39.57,2000 -106.53,39.64,2000 -106.48,39.71,2000 -106.42,39.77,2000 -106.34,39.82,2000 -106.26,39.88,2000 -106.19,39.94,2000 -106.14,39.99,2000 -106.09,40.07,2000 -106.08,40.16,2000 -106.08,40.23,2000 -106.11,40.29,2000 -106.16,40.35,2000 -106.19,40.42,2000 -106.19,40.48,2000 -106.18,40.55,2000 -106.16,40.62,2000 -106.14,40.70,2000 -106.13,40.71,2000 
          </coordinates>
        </LinearRing>
      </innerBoundaryIs>
  </Polygon>
 </MultiGeometry>
</Placemark>
<Placemark>
  <name>5%</name>
  <visibility>1</visibility>
  <styleUrl>#poly_5</styleUrl>
  <MultiGeometry>
    <Polygon>
      <outerBoundaryIs>
        <LinearRing>
          <coordinates>
-91.08,51.86,1000 -90.87,51.88,1000 -90.69,51.88,1000 -90.56,51.86,1000 -90.43,51.81,1000 -90.32,51.75,1000 -90.20,51.69,1000 -90.05,51.62,1000 -89.92,51.58,1000 -89.79,51.53,1000 -89.64,51.49,1000 -89.48,51.46,1000 -89.31,51.44,1000 -89.13,51.42,1000 -88.94,51.41,1000 -88.77,51.39,1000 -88.62,51.36,1000 -88.47,51.33,1000 -88.33,51.29,1000 -88.18,51.26,1000 -88.01,51.24,1000 -87.83,51.22,1000 -87.66,51.20,1000 -87.49,51.18,1000 -87.30,51.14,1000 -87.12,51.09,1000 -86.93,51.05,1000 -86.77,51.02,1000 -86.61,51.00,1000 -86.43,50.97,1000 -86.22,50.93,1000 -86.07,50.90,1000 -85.90,50.86,1000 -85.71,50.81,1000 -85.53,50.76,1000 -85.35,50.72,1000 -85.20,50.67,1000 -85.09,50.64,1000 -84.94,50.57,1000 -84.93,50.51,1000 -84.92,50.42,1000 -84.96,50.33,1000 -85.04,50.27,1000 -85.15,50.21,1000 -85.27,50.16,1000 -85.40,50.12,1000 -85.54,50.10,1000 -85.67,50.08,1000 -85.84,50.07,1000 -86.01,50.07,1000 -86.15,50.09,1000 -86.30,50.11,1000 -86.43,50.14,1000 -86.56,50.18,1000 -86.67,50.22,1000 -86.79,50.24,1000 -86.93,50.26,1000 -87.08,50.27,1000 -87.27,50.26,1000 -87.43,50.24,1000 -87.62,50.21,1000 -87.83,50.19,1000 -88.00,50.19,1000 -88.18,50.19,1000 -88.37,50.20,1000 -88.56,50.20,1000 -88.72,50.20,1000 -88.90,50.19,1000 -89.07,50.18,1000 -89.23,50.17,1000 -89.37,50.17,1000 -89.59,50.17,1000 -89.76,50.19,1000 -89.92,50.21,1000 -90.09,50.25,1000 -90.26,50.29,1000 -90.45,50.33,1000 -90.64,50.38,1000 -90.81,50.44,1000 -90.98,50.51,1000 -91.12,50.58,1000 -91.24,50.66,1000 -91.34,50.75,1000 -91.43,50.84,1000 -91.52,50.94,1000 -91.59,51.06,1000 -91.64,51.17,1000 -91.64,51.28,1000 -91.62,51.39,1000 -91.57,51.50,1000 -91.50,51.60,1000 -91.41,51.68,1000 -91.30,51.77,1000 -91.08,51.86,1000 
          </coordinates>
        </LinearRing>
      </outerBoundaryIs>
      <innerBoundaryIs>
        <LinearRing>
          <coordinates>
-91.09,51.76,2000 -90.95,51.78,2000 -90.82,51.78,2000 -90.69,51.78,2000 -90.53,51.74,2000 -90.35,51.68,2000 -90.25,51.63,2000 -90.15,51.58,2000 -90.02,51.52,2000 -89.84,51.46,2000 -89.70,51.43,2000 -89.54,51.40,2000 -89.36,51.38,2000 -89.16,51.35,2000 -88.97,51.33,2000 -88.78,51.30,2000 -88.59,51.27,2000 -88.41,51.24,2000 -88.23,51.21,2000 -88.05,51.18,2000 -87.87,51.15,2000 -87.69,51.12,2000 -87.51,51.09,2000 -87.34,51.06,2000 -87.17,51.03,2000 -87.00,50.99,2000 -86.83,50.95,2000 -86.66,50.92,2000 -86.51,50.88,2000 -86.36,50.85,2000 -86.23,50.82,2000 -86.04,50.78,2000 -85.88,50.74,2000 -85.75,50.71,2000 -85.62,50.67,2000 -85.44,50.61,2000 -85.27,50.54,2000 -85.17,50.48,2000 -85.17,50.39,2000 -85.25,50.32,2000 -85.33,50.27,2000 -85.48,50.23,2000 -85.60,50.21,2000 -85.75,50.19,2000 -85.90,50.18,2000 -86.04,50.18,2000 -86.20,50.21,2000 -86.35,50.25,2000 -86.50,50.29,2000 -86.64,50.32,2000 -86.77,50.35,2000 -86.90,50.36,2000 -87.02,50.35,2000 -87.15,50.34,2000 -87.31,50.32,2000 -87.47,50.31,2000 -87.66,50.30,2000 -87.86,50.29,2000 -88.04,50.28,2000 -88.20,50.28,2000 -88.35,50.28,2000 -88.50,50.29,2000 -88.66,50.29,2000 -88.83,50.28,2000 -88.99,50.27,2000 -89.16,50.25,2000 -89.33,50.25,2000 -89.49,50.26,2000 -89.65,50.27,2000 -89.80,50.29,2000 -89.96,50.32,2000 -90.12,50.35,2000 -90.29,50.38,2000 -90.45,50.42,2000 -90.60,50.46,2000 -90.74,50.51,2000 -90.86,50.56,2000 -90.98,50.61,2000 -91.08,50.67,2000 -91.20,50.75,2000 -91.29,50.84,2000 -91.37,50.92,2000 -91.45,51.00,2000 -91.50,51.08,2000 -91.53,51.16,2000 -91.54,51.24,2000 -91.53,51.33,2000 -91.48,51.42,2000 -91.41,51.51,2000 -91.33,51.61,2000 -91.09,51.76,2000 
          </coordinates>
        </LinearRing>
      </innerBoundaryIs>
  </Polygon>
 </MultiGeometry>
</Placemark>
<Placemark>
  <name>5%</name>
  <visibility>1</visibility>
  <styleUrl>#poly_5</styleUrl>
  <MultiGeometry>
    <Polygon>
      <outerBoundaryIs>
        <LinearRing>
          <coordinates>
-115.93,51.72,1000 -115.85,51.72,1000 -115.77,51.71,1000 -115.69,51.70,1000 -115.61,51.68,1000 -115.54,51.66,1000 -115.46,51.64,1000 -115.38,51.61,1000 -115.30,51.58,1000 -115.24,51.55,1000 -115.18,51.52,1000 -115.12,51.48,1000 -115.08,51.45,1000 -115.05,51.41,1000 -115.03,51.37,1000 -115.03,51.32,1000 -115.02,51.28,1000 -115.02,51.23,1000 -115.02,51.18,1000 -115.02,51.13,1000 -115.01,51.08,1000 -114.98,51.03,1000 -114.94,50.99,1000 -114.89,50.96,1000 -114.83,50.92,1000 -114.77,50.88,1000 -114.72,50.84,1000 -114.68,50.79,1000 -114.66,50.74,1000 -114.65,50.68,1000 -114.66,50.63,1000 -114.66,50.57,1000 -114.67,50.51,1000 -114.68,50.46,1000 -114.69,50.40,1000 -114.70,50.34,1000 -114.72,50.28,1000 -114.75,50.23,1000 -114.78,50.20,1000 -114.84,50.19,1000 -114.91,50.20,1000 -114.99,50.23,1000 -115.06,50.26,1000 -115.12,50.28,1000 -115.17,50.31,1000 -115.23,50.34,1000 -115.29,50.37,1000 -115.35,50.41,1000 -115.40,50.45,1000 -115.46,50.49,1000 -115.52,50.54,1000 -115.58,50.59,1000 -115.63,50.64,1000 -115.67,50.68,1000 -115.72,50.73,1000 -115.76,50.77,1000 -115.78,50.81,1000 -115.79,50.85,1000 -115.77,50.89,1000 -115.74,50.94,1000 -115.70,50.98,1000 -115.70,51.02,1000 -115.74,51.06,1000 -115.81,51.09,1000 -115.89,51.13,1000 -115.97,51.16,1000 -116.05,51.19,1000 -116.12,51.22,1000 -116.20,51.26,1000 -116.25,51.29,1000 -116.28,51.34,1000 -116.29,51.40,1000 -116.28,51.45,1000 -116.26,51.49,1000 -116.24,51.53,1000 -116.21,51.57,1000 -116.17,51.61,1000 -115.93,51.72,1000 
          </coordinates>
        </LinearRing>
      </outerBoundaryIs>
      <innerBoundaryIs>
        <LinearRing>
          <coordinates>
-115.48,50.96,2000 -115.45,50.97,2000 -115.41,50.98,2000 -115.38,50.98,2000 -115.35,50.99,2000 -115.32,51.00,2000 -115.29,51.00,2000 -115.26,51.00,2000 -115.23,51.00,2000 -115.20,50.99,2000 -115.17,50.98,2000 -115.14,50.97,2000 -115.11,50.95,2000 -115.08,50.93,2000 -115.06,50.92,2000 -115.03,50.91,2000 -115.01,50.90,2000 -114.99,50.89,2000 -114.96,50.87,2000 -114.94,50.86,2000 -114.92,50.85,2000 -114.90,50.83,2000 -114.88,50.82,2000 -114.85,50.81,2000 -114.84,50.79,2000 -114.82,50.77,2000 -114.81,50.75,2000 -114.80,50.73,2000 -114.79,50.71,2000 -114.78,50.69,2000 -114.78,50.67,2000 -114.77,50.65,2000 -114.77,50.63,2000 -114.77,50.61,2000 -114.77,50.59,2000 -114.78,50.57,2000 -114.79,50.54,2000 -114.80,50.52,2000 -114.81,50.50,2000 -114.83,50.48,2000 -114.84,50.47,2000 -114.86,50.45,2000 -114.89,50.44,2000 -114.92,50.44,2000 -114.95,50.43,2000 -114.98,50.42,2000 -115.01,50.41,2000 -115.04,50.40,2000 -115.07,50.39,2000 -115.09,50.39,2000 -115.10,50.39,2000 -115.13,50.41,2000 -115.15,50.42,2000 -115.17,50.43,2000 -115.19,50.45,2000 -115.22,50.47,2000 -115.25,50.49,2000 -115.28,50.50,2000 -115.31,50.52,2000 -115.33,50.54,2000 -115.35,50.55,2000 -115.37,50.56,2000 -115.39,50.57,2000 -115.40,50.58,2000 -115.42,50.59,2000 -115.45,50.61,2000 -115.47,50.63,2000 -115.49,50.64,2000 -115.52,50.66,2000 -115.54,50.68,2000 -115.55,50.70,2000 -115.56,50.72,2000 -115.57,50.74,2000 -115.57,50.76,2000 -115.58,50.78,2000 -115.58,50.80,2000 -115.58,50.83,2000 -115.58,50.85,2000 -115.58,50.87,2000 -115.48,50.96,2000 
          </coordinates>
        </LinearRing>
      </innerBoundaryIs>
      <innerBoundaryIs>
        <LinearRing>
          <coordinates>
-116.14,51.49,2000 -116.12,51.51,2000 -116.10,51.52,2000 -116.08,51.54,2000 -116.06,51.56,2000 -116.04,51.57,2000 -116.02,51.59,2000 -116.00,51.60,2000 -115.98,51.61,2000 -115.95,51.62,2000 -115.93,51.63,2000 -115.91,51.64,2000 -115.88,51.65,2000 -115.85,51.65,2000 -115.82,51.65,2000 -115.80,51.65,2000 -115.77,51.65,2000 -115.74,51.65,2000 -115.71,51.64,2000 -115.68,51.64,2000 -115.65,51.63,2000 -115.62,51.62,2000 -115.59,51.61,2000 -115.56,51.60,2000 -115.53,51.59,2000 -115.50,51.58,2000 -115.48,51.57,2000 -115.45,51.56,2000 -115.43,51.55,2000 -115.41,51.54,2000 -115.38,51.53,2000 -115.37,51.52,2000 -115.35,51.50,2000 -115.33,51.49,2000 -115.31,51.48,2000 -115.29,51.47,2000 -115.26,51.46,2000 -115.24,51.45,2000 -115.21,51.43,2000 -115.19,51.42,2000 -115.18,51.40,2000 -115.17,51.38,2000 -115.17,51.37,2000 -115.17,51.35,2000 -115.17,51.33,2000 -115.17,51.30,2000 -115.18,51.28,2000 -115.18,51.26,2000 -115.19,51.25,2000 -115.19,51.23,2000 -115.20,51.21,2000 -115.20,51.19,2000 -115.21,51.17,2000 -115.22,51.15,2000 -115.24,51.14,2000 -115.26,51.13,2000 -115.28,51.12,2000 -115.31,51.12,2000 -115.34,51.12,2000 -115.37,51.12,2000 -115.40,51.11,2000 -115.43,51.11,2000 -115.46,51.12,2000 -115.49,51.12,2000 -115.52,51.12,2000 -115.55,51.13,2000 -115.58,51.13,2000 -115.60,51.14,2000 -115.63,51.15,2000 -115.65,51.16,2000 -115.67,51.17,2000 -115.69,51.18,2000 -115.72,51.19,2000 -115.74,51.19,2000 -115.76,51.19,2000 -115.80,51.20,2000 -115.82,51.21,2000 -115.85,51.22,2000 -115.87,51.23,2000 -115.90,51.24,2000 -115.94,51.25,2000 -115.97,51.26,2000 -116.00,51.27,2000 -116.03,51.28,2000 -116.05,51.29,2000 -116.07,51.30,2000 -116.09,51.31,2000 -116.11,51.33,2000 -116.10,51.33,2000 -116.10,51.35,2000 -116.10,51.36,2000 -116.11,51.38,2000 -116.12,51.39,2000 -116.13,51.41,2000 -116.13,51.43,2000 -116.14,51.45,2000 -116.15,51.47,2000 -116.14,51.49,2000 
          </coordinates>
        </LinearRing>
      </innerBoundaryIs>
  </Polygon>
 </MultiGeometry>
</Placemark>
<Placemark>
  <name>5%</name>
  <visibility>1</visibility>
  <styleUrl>#poly_5</styleUrl>
  <MultiGeometry>
    <Polygon>
      <outerBoundaryIs>
        <LinearRing>
          <coordinates>
-110.87,47.14,1000 -110.84,47.15,1000 -110.81,47.15,1000 -110.78,47.16,1000 -110.76,47.16,1000 -110.73,47.17,1000 -110.70,47.17,1000 -110.68,47.18,1000 -110.65,47.18,1000 -110.63,47.18,1000 -110.60,47.18,1000 -110.57,47.17,1000 -110.55,47.17,1000 -110.52,47.16,1000 -110.50,47.15,1000 -110.48,47.14,1000 -110.46,47.13,1000 -110.44,47.12,1000 -110.42,47.10,1000 -110.40,47.09,1000 -110.38,47.07,1000 -110.36,47.06,1000 -110.34,47.05,1000 -110.32,47.04,1000 -110.30,47.03,1000 -110.29,47.01,1000 -110.28,47.00,1000 -110.27,46.98,1000 -110.27,46.96,1000 -110.27,46.95,1000 -110.27,46.92,1000 -110.28,46.90,1000 -110.29,46.88,1000 -110.29,46.86,1000 -110.30,46.84,1000 -110.31,46.82,1000 -110.31,46.81,1000 -110.32,46.81,1000 -110.33,46.80,1000 -110.35,46.79,1000 -110.36,46.78,1000 -110.38,46.76,1000 -110.40,46.75,1000 -110.43,46.73,1000 -110.45,46.72,1000 -110.47,46.70,1000 -110.50,46.69,1000 -110.52,46.68,1000 -110.54,46.67,1000 -110.56,46.67,1000 -110.59,46.66,1000 -110.62,46.66,1000 -110.64,46.66,1000 -110.67,46.67,1000 -110.70,46.67,1000 -110.72,46.68,1000 -110.75,46.68,1000 -110.77,46.69,1000 -110.79,46.69,1000 -110.82,46.70,1000 -110.84,46.70,1000 -110.86,46.71,1000 -110.88,46.72,1000 -110.90,46.73,1000 -110.92,46.74,1000 -110.94,46.76,1000 -110.95,46.77,1000 -110.97,46.79,1000 -110.98,46.80,1000 -111.00,46.82,1000 -111.01,46.83,1000 -111.02,46.85,1000 -111.03,46.87,1000 -111.04,46.89,1000 -111.05,46.90,1000 -111.05,46.92,1000 -111.05,46.94,1000 -111.04,46.95,1000 -111.04,46.97,1000 -111.03,46.98,1000 -111.02,47.00,1000 -111.01,47.02,1000 -111.00,47.03,1000 -110.98,47.05,1000 -110.97,47.07,1000 -110.96,47.08,1000 -110.94,47.10,1000 -110.87,47.14,1000 
          </coordinates>
        </LinearRing>
      </outerBoundaryIs>
      <innerBoundaryIs>
        <LinearRing>
          <coordinates>
-110.85,47.03,2000 -110.83,47.04,2000 -110.82,47.04,2000 -110.80,47.05,2000 -110.78,47.06,2000 -110.77,47.06,2000 -110.75,47.07,2000 -110.73,47.07,2000 -110.72,47.08,2000 -110.70,47.08,2000 -110.69,47.09,2000 -110.67,47.09,2000 -110.66,47.09,2000 -110.64,47.09,2000 -110.62,47.09,2000 -110.61,47.09,2000 -110.59,47.09,2000 -110.58,47.08,2000 -110.56,47.08,2000 -110.55,47.07,2000 -110.53,47.07,2000 -110.51,47.06,2000 -110.50,47.05,2000 -110.48,47.04,2000 -110.47,47.03,2000 -110.45,47.02,2000 -110.44,47.01,2000 -110.43,47.00,2000 -110.42,46.99,2000 -110.42,46.98,2000 -110.41,46.97,2000 -110.41,46.96,2000 -110.41,46.95,2000 -110.41,46.94,2000 -110.41,46.92,2000 -110.42,46.91,2000 -110.42,46.90,2000 -110.43,46.89,2000 -110.44,46.87,2000 -110.45,46.86,2000 -110.45,46.85,2000 -110.46,46.84,2000 -110.47,46.83,2000 -110.48,46.82,2000 -110.48,46.81,2000 -110.49,46.80,2000 -110.50,46.79,2000 -110.51,46.77,2000 -110.52,46.77,2000 -110.53,46.76,2000 -110.54,46.76,2000 -110.56,46.76,2000 -110.57,46.76,2000 -110.59,46.76,2000 -110.61,46.76,2000 -110.62,46.76,2000 -110.64,46.77,2000 -110.66,46.77,2000 -110.68,46.77,2000 -110.70,46.78,2000 -110.71,46.78,2000 -110.73,46.78,2000 -110.74,46.79,2000 -110.76,46.79,2000 -110.77,46.79,2000 -110.78,46.79,2000 -110.80,46.80,2000 -110.81,46.81,2000 -110.82,46.82,2000 -110.83,46.82,2000 -110.84,46.83,2000 -110.85,46.84,2000 -110.86,46.85,2000 -110.87,46.86,2000 -110.88,46.87,2000 -110.89,46.88,2000 -110.90,46.89,2000 -110.91,46.91,2000 -110.92,46.92,2000 -110.93,46.93,2000 -110.85,47.03,2000 
          </coordinates>
        </LinearRing>
      </innerBoundaryIs>
  </Polygon>
 </MultiGeometry>
</Placemark>
<Placemark>
  <name>5%</name>
  <visibility>1</visibility>
  <styleUrl>#poly_5</styleUrl>
  <MultiGeometry>
    <Polygon>
      <outerBoundaryIs>
        <LinearRing>
          <coordinates>
-110.48,46.28,1000 -110.46,46.28,1000 -110.44,46.27,1000 -110.42,46.27,1000 -110.39,46.26,1000 -110.37,46.26,1000 -110.35,46.25,1000 -110.33,46.25,1000 -110.31,46.24,1000 -110.30,46.24,1000 -110.28,46.23,1000 -110.26,46.23,1000 -110.25,46.22,1000 -110.23,46.22,1000 -110.22,46.21,1000 -110.20,46.20,1000 -110.18,46.19,1000 -110.17,46.18,1000 -110.16,46.17,1000 -110.15,46.16,1000 -110.14,46.15,1000 -110.14,46.14,1000 -110.14,46.13,1000 -110.14,46.12,1000 -110.15,46.10,1000 -110.15,46.09,1000 -110.16,46.07,1000 -110.17,46.06,1000 -110.17,46.04,1000 -110.18,46.03,1000 -110.19,46.02,1000 -110.20,46.01,1000 -110.21,46.00,1000 -110.22,45.99,1000 -110.24,45.98,1000 -110.25,45.97,1000 -110.27,45.96,1000 -110.28,45.95,1000 -110.30,45.95,1000 -110.32,45.94,1000 -110.34,45.93,1000 -110.35,45.93,1000 -110.37,45.92,1000 -110.39,45.92,1000 -110.41,45.91,1000 -110.42,45.91,1000 -110.44,45.91,1000 -110.46,45.91,1000 -110.47,45.91,1000 -110.49,45.92,1000 -110.51,45.94,1000 -110.52,45.95,1000 -110.53,45.95,1000 -110.54,45.96,1000 -110.55,45.97,1000 -110.56,45.98,1000 -110.57,45.99,1000 -110.58,46.00,1000 -110.59,46.01,1000 -110.61,46.03,1000 -110.62,46.04,1000 -110.63,46.05,1000 -110.64,46.06,1000 -110.65,46.07,1000 -110.67,46.09,1000 -110.68,46.10,1000 -110.48,46.28,1000 
          </coordinates>
        </LinearRing>
      </outerBoundaryIs>
  </Polygon>
 </MultiGeometry>
</Placemark>
<Placemark>
  <name>5%</name>
  <visibility>1</visibility>
  <styleUrl>#poly_5</styleUrl>
  <MultiGeometry>
    <Polygon>
      <outerBoundaryIs>
        <LinearRing>
          <coordinates>
-105.65,38.31,1000 -105.62,38.30,1000 -105.60,38.30,1000 -105.57,38.29,1000 -105.55,38.28,1000 -105.53,38.28,1000 -105.50,38.27,1000 -105.49,38.27,1000 -105.47,38.26,1000 -105.45,38.25,1000 -105.44,38.25,1000 -105.42,38.23,1000 -105.41,38.22,1000 -105.39,38.21,1000 -105.37,38.20,1000 -105.36,38.18,1000 -105.34,38.17,1000 -105.32,38.15,1000 -105.30,38.14,1000 -105.28,38.12,1000 -105.27,38.11,1000 -105.26,38.09,1000 -105.25,38.07,1000 -105.25,38.05,1000 -105.25,38.03,1000 -105.25,38.01,1000 -105.26,37.99,1000 -105.26,37.96,1000 -105.27,37.94,1000 -105.27,37.93,1000 -105.28,37.91,1000 -105.29,37.89,1000 -105.30,37.88,1000 -105.32,37.86,1000 -105.34,37.85,1000 -105.36,37.84,1000 -105.38,37.83,1000 -105.40,37.82,1000 -105.42,37.81,1000 -105.44,37.80,1000 -105.46,37.79,1000 -105.49,37.78,1000 -105.51,37.77,1000 -105.54,37.77,1000 -105.56,37.76,1000 -105.59,37.76,1000 -105.61,37.76,1000 -105.64,37.77,1000 -105.67,37.77,1000 -105.69,37.78,1000 -105.72,37.79,1000 -105.75,37.80,1000 -105.77,37.81,1000 -105.79,37.82,1000 -105.81,37.82,1000 -105.83,37.83,1000 -105.86,37.84,1000 -105.87,37.85,1000 -105.87,37.86,1000 -105.88,37.88,1000 -105.89,37.89,1000 -105.90,37.91,1000 -105.91,37.93,1000 -105.92,37.95,1000 -105.93,37.97,1000 -105.94,37.99,1000 -105.94,38.01,1000 -105.95,38.03,1000 -105.95,38.05,1000 -105.95,38.07,1000 -105.94,38.09,1000 -105.93,38.11,1000 -105.91,38.13,1000 -105.90,38.15,1000 -105.88,38.16,1000 -105.87,38.18,1000 -105.86,38.19,1000 -105.84,38.21,1000 -105.83,38.22,1000 -105.81,38.23,1000 -105.80,38.24,1000 -105.65,38.31,1000 
          </coordinates>
        </LinearRing>
      </outerBoundaryIs>
      <innerBoundaryIs>
        <LinearRing>
          <coordinates>
-105.64,38.20,2000 -105.62,38.19,2000 -105.60,38.19,2000 -105.59,38.18,2000 -105.57,38.18,2000 -105.55,38.17,2000 -105.53,38.16,2000 -105.52,38.16,2000 -105.50,38.15,2000 -105.49,38.14,2000 -105.47,38.14,2000 -105.46,38.13,2000 -105.45,38.12,2000 -105.44,38.11,2000 -105.43,38.11,2000 -105.42,38.10,2000 -105.41,38.09,2000 -105.41,38.08,2000 -105.41,38.07,2000 -105.41,38.06,2000 -105.41,38.05,2000 -105.41,38.03,2000 -105.42,38.02,2000 -105.42,38.01,2000 -105.43,37.99,2000 -105.44,37.98,2000 -105.45,37.97,2000 -105.46,37.95,2000 -105.47,37.94,2000 -105.48,37.93,2000 -105.49,37.92,2000 -105.49,37.91,2000 -105.50,37.90,2000 -105.51,37.89,2000 -105.52,37.88,2000 -105.54,37.87,2000 -105.55,37.86,2000 -105.56,37.86,2000 -105.57,37.85,2000 -105.59,37.85,2000 -105.60,37.85,2000 -105.61,37.85,2000 -105.63,37.85,2000 -105.64,37.85,2000 -105.66,37.86,2000 -105.67,37.87,2000 -105.68,37.88,2000 -105.70,37.89,2000 -105.71,37.90,2000 -105.71,37.91,2000 -105.72,37.91,2000 -105.73,37.92,2000 -105.74,37.93,2000 -105.75,37.95,2000 -105.75,37.96,2000 -105.76,37.97,2000 -105.77,37.98,2000 -105.78,37.99,2000 -105.79,38.01,2000 -105.79,38.02,2000 -105.80,38.03,2000 -105.81,38.05,2000 -105.82,38.06,2000 -105.64,38.20,2000 
          </coordinates>
        </LinearRing>
      </innerBoundaryIs>
  </Polygon>
 </MultiGeometry>
</Placemark>
<Placemark>
  <name>5%</name>
  <visibility>1</visibility>
  <styleUrl>#poly_5</styleUrl>
  <MultiGeometry>
    <Polygon>
      <outerBoundaryIs>
        <LinearRing>
          <coordinates>
-110.60,40.99,1000 -110.57,41.00,1000 -110.53,41.00,1000 -110.50,41.01,1000 -110.47,41.02,1000 -110.44,41.02,1000 -110.40,41.03,1000 -110.37,41.03,1000 -110.34,41.03,1000 -110.30,41.03,1000 -110.27,41.04,1000 -110.23,41.04,1000 -110.20,41.04,1000 -110.16,41.03,1000 -110.13,41.03,1000 -110.09,41.02,1000 -110.06,41.02,1000 -110.02,41.01,1000 -109.98,41.00,1000 -109.94,40.99,1000 -109.91,40.98,1000 -109.89,40.97,1000 -109.87,40.97,1000 -109.85,40.96,1000 -109.83,40.95,1000 -109.81,40.93,1000 -109.79,40.91,1000 -109.76,40.89,1000 -109.74,40.86,1000 -109.71,40.84,1000 -109.70,40.81,1000 -109.69,40.79,1000 -109.69,40.77,1000 -109.70,40.74,1000 -109.72,40.72,1000 -109.73,40.69,1000 -109.75,40.67,1000 -109.77,40.64,1000 -109.79,40.63,1000 -109.80,40.61,1000 -109.81,40.59,1000 -109.83,40.58,1000 -109.85,40.57,1000 -109.88,40.56,1000 -109.91,40.55,1000 -109.95,40.53,1000 -109.98,40.52,1000 -110.02,40.51,1000 -110.05,40.50,1000 -110.08,40.49,1000 -110.11,40.49,1000 -110.15,40.48,1000 -110.18,40.48,1000 -110.21,40.47,1000 -110.25,40.47,1000 -110.28,40.47,1000 -110.31,40.47,1000 -110.35,40.47,1000 -110.39,40.47,1000 -110.42,40.47,1000 -110.46,40.47,1000 -110.49,40.48,1000 -110.52,40.48,1000 -110.55,40.49,1000 -110.59,40.49,1000 -110.62,40.50,1000 -110.65,40.51,1000 -110.68,40.52,1000 -110.70,40.53,1000 -110.73,40.54,1000 -110.76,40.56,1000 -110.78,40.57,1000 -110.80,40.59,1000 -110.83,40.61,1000 -110.86,40.63,1000 -110.88,40.65,1000 -110.90,40.67,1000 -110.91,40.69,1000 -110.91,40.71,1000 -110.90,40.74,1000 -110.88,40.77,1000 -110.86,40.80,1000 -110.84,40.82,1000 -110.82,40.84,1000 -110.81,40.86,1000 -110.80,40.87,1000 -110.60,40.99,1000 
          </coordinates>
        </LinearRing>
      </outerBoundaryIs>
      <innerBoundaryIs>
        <LinearRing>
          <coordinates>
-110.58,40.90,2000 -110.56,40.91,2000 -110.53,40.92,2000 -110.51,40.93,2000 -110.48,40.93,2000 -110.46,40.94,2000 -110.44,40.95,2000 -110.41,40.95,2000 -110.39,40.96,2000 -110.36,40.96,2000 -110.33,40.96,2000 -110.30,40.96,2000 -110.27,40.96,2000 -110.24,40.96,2000 -110.21,40.95,2000 -110.19,40.95,2000 -110.16,40.94,2000 -110.14,40.94,2000 -110.12,40.94,2000 -110.10,40.95,2000 -110.09,40.94,2000 -110.07,40.93,2000 -110.06,40.92,2000 -110.03,40.91,2000 -110.01,40.90,2000 -109.98,40.88,2000 -109.95,40.87,2000 -109.93,40.85,2000 -109.91,40.84,2000 -109.89,40.83,2000 -109.87,40.82,2000 -109.84,40.80,2000 -109.83,40.79,2000 -109.83,40.78,2000 -109.83,40.77,2000 -109.83,40.76,2000 -109.86,40.74,2000 -109.87,40.73,2000 -109.89,40.72,2000 -109.91,40.70,2000 -109.93,40.69,2000 -109.95,40.67,2000 -109.97,40.65,2000 -110.00,40.64,2000 -110.02,40.62,2000 -110.04,40.61,2000 -110.06,40.60,2000 -110.07,40.59,2000 -110.10,40.58,2000 -110.12,40.58,2000 -110.14,40.58,2000 -110.16,40.58,2000 -110.19,40.57,2000 -110.22,40.57,2000 -110.25,40.57,2000 -110.28,40.56,2000 -110.30,40.56,2000 -110.32,40.56,2000 -110.35,40.56,2000 -110.37,40.56,2000 -110.39,40.56,2000 -110.42,40.56,2000 -110.44,40.56,2000 -110.47,40.57,2000 -110.50,40.57,2000 -110.53,40.58,2000 -110.55,40.59,2000 -110.58,40.60,2000 -110.60,40.61,2000 -110.63,40.62,2000 -110.66,40.63,2000 -110.68,40.64,2000 -110.70,40.66,2000 -110.72,40.67,2000 -110.73,40.68,2000 -110.74,40.70,2000 -110.74,40.71,2000 -110.74,40.73,2000 -110.73,40.75,2000 -110.72,40.76,2000 -110.71,40.78,2000 -110.69,40.80,2000 -110.67,40.82,2000 -110.65,40.83,2000 -110.63,40.85,2000 -110.61,40.87,2000 -110.59,40.89,2000 -110.58,40.90,2000 
          </coordinates>
        </LinearRing>
      </innerBoundaryIs>
  </Polygon>
 </MultiGeometry>
</Placemark>
<Placemark>
  <name>5%</name>
  <visibility>1</visibility>
  <styleUrl>#poly_5</styleUrl>
  <MultiGeometry>
    <Polygon>
      <outerBoundaryIs>
        <LinearRing>
          <coordinates>
-113.18,46.23,1000 -113.18,46.24,1000 -113.15,46.23,1000 -113.14,46.22,1000 -113.13,46.22,1000 -113.12,46.21,1000 -113.11,46.20,1000 -113.10,46.19,1000 -113.09,46.19,1000 -113.07,46.18,1000 -113.06,46.17,1000 -113.05,46.15,1000 -113.03,46.14,1000 -113.02,46.13,1000 -113.01,46.12,1000 -113.00,46.11,1000 -112.99,46.10,1000 -112.99,46.09,1000 -112.98,46.08,1000 -112.98,46.07,1000 -112.98,46.06,1000 -112.98,46.05,1000 -112.99,46.04,1000 -112.99,46.03,1000 -113.00,46.01,1000 -113.01,46.00,1000 -113.01,45.99,1000 -113.02,45.98,1000 -113.03,45.97,1000 -113.05,45.96,1000 -113.06,45.95,1000 -113.07,45.94,1000 -113.08,45.93,1000 -113.10,45.92,1000 -113.11,45.92,1000 -113.12,45.91,1000 -113.13,45.91,1000 -113.15,45.90,1000 -113.16,45.90,1000 -113.18,45.90,1000 -113.20,45.90,1000 -113.22,45.90,1000 -113.24,45.90,1000 -113.25,45.90,1000 -113.27,45.90,1000 -113.29,45.90,1000 -113.31,45.91,1000 -113.33,45.91,1000 -113.34,45.91,1000 -113.36,45.92,1000 -113.37,45.92,1000 -113.39,45.93,1000 -113.40,45.93,1000 -113.42,45.94,1000 -113.43,45.95,1000 -113.45,45.95,1000 -113.46,45.96,1000 -113.47,45.97,1000 -113.48,45.98,1000 -113.49,45.99,1000 -113.50,46.00,1000 -113.51,46.01,1000 -113.51,46.02,1000 -113.51,46.03,1000 -113.51,46.04,1000 -113.51,46.05,1000 -113.50,46.06,1000 -113.50,46.07,1000 -113.49,46.08,1000 -113.48,46.09,1000 -113.47,46.10,1000 -113.46,46.11,1000 -113.45,46.12,1000 -113.44,46.13,1000 -113.43,46.14,1000 -113.42,46.15,1000 -113.41,46.16,1000 -113.40,46.16,1000 -113.38,46.17,1000 -113.37,46.18,1000 -113.36,46.18,1000 -113.34,46.19,1000 -113.33,46.19,1000 -113.31,46.20,1000 -113.30,46.20,1000 -113.28,46.21,1000 -113.26,46.21,1000 -113.25,46.22,1000 -113.23,46.22,1000 -113.18,46.23,1000 
          </coordinates>
        </LinearRing>
      </outerBoundaryIs>
  </Polygon>
 </MultiGeometry>
</Placemark>
<Placemark>
  <name>5%</name>
  <visibility>1</visibility>
  <styleUrl>#poly_5</styleUrl>
  <MultiGeometry>
    <Polygon>
      <outerBoundaryIs>
        <LinearRing>
          <coordinates>
-107.22,40.10,1000 -107.22,40.12,1000 -107.20,40.10,1000 -107.19,40.10,1000 -107.19,40.09,1000 -107.18,40.08,1000 -107.17,40.08,1000 -107.16,40.07,1000 -107.15,40.06,1000 -107.14,40.05,1000 -107.13,40.04,1000 -107.12,40.03,1000 -107.10,40.02,1000 -107.09,40.01,1000 -107.08,40.00,1000 -107.07,39.99,1000 -107.06,39.98,1000 -107.05,39.97,1000 -107.05,39.96,1000 -107.04,39.95,1000 -107.03,39.95,1000 -107.03,39.94,1000 -107.03,39.93,1000 -107.03,39.92,1000 -107.03,39.91,1000 -107.04,39.90,1000 -107.04,39.89,1000 -107.05,39.88,1000 -107.06,39.87,1000 -107.07,39.86,1000 -107.08,39.85,1000 -107.09,39.84,1000 -107.11,39.83,1000 -107.12,39.82,1000 -107.13,39.81,1000 -107.14,39.81,1000 -107.16,39.80,1000 -107.17,39.80,1000 -107.18,39.80,1000 -107.19,39.80,1000 -107.20,39.80,1000 -107.22,39.80,1000 -107.23,39.81,1000 -107.25,39.81,1000 -107.26,39.82,1000 -107.28,39.82,1000 -107.29,39.83,1000 -107.31,39.84,1000 -107.32,39.85,1000 -107.33,39.86,1000 -107.34,39.86,1000 -107.36,39.87,1000 -107.36,39.88,1000 -107.37,39.89,1000 -107.38,39.90,1000 -107.38,39.91,1000 -107.38,39.92,1000 -107.38,39.93,1000 -107.38,39.93,1000 -107.38,39.94,1000 -107.37,39.95,1000 -107.37,39.96,1000 -107.36,39.97,1000 -107.36,39.98,1000 -107.35,39.99,1000 -107.34,40.00,1000 -107.33,40.01,1000 -107.32,40.02,1000 -107.32,40.03,1000 -107.31,40.04,1000 -107.30,40.05,1000 -107.28,40.06,1000 -107.27,40.07,1000 -107.26,40.08,1000 -107.25,40.09,1000 -107.24,40.10,1000 -107.22,40.10,1000 
          </coordinates>
        </LinearRing>
      </outerBoundaryIs>
  </Polygon>
 </MultiGeometry>
</Placemark>
<Placemark>
  <name>5%</name>
  <visibility>1</visibility>
  <styleUrl>#poly_5</styleUrl>
  <MultiGeometry>
    <Polygon>
      <outerBoundaryIs>
        <LinearRing>
          <coordinates>
-112.34,45.69,1000 -112.24,45.75,1000 -112.14,45.79,1000 -112.03,45.79,1000 -111.92,45.76,1000 -111.85,45.70,1000 -111.70,45.64,1000 -111.56,45.63,1000 -111.39,45.62,1000 -111.20,45.62,1000 -111.01,45.62,1000 -110.86,45.63,1000 -110.69,45.66,1000 -110.56,45.69,1000 -110.44,45.72,1000 -110.31,45.73,1000 -110.19,45.73,1000 -110.06,45.71,1000 -109.94,45.67,1000 -109.82,45.61,1000 -109.69,45.55,1000 -109.58,45.50,1000 -109.46,45.45,1000 -109.35,45.41,1000 -109.26,45.37,1000 -109.15,45.31,1000 -109.07,45.23,1000 -109.00,45.11,1000 -108.96,44.99,1000 -108.99,44.92,1000 -109.04,44.85,1000 -109.07,44.76,1000 -109.09,44.64,1000 -109.10,44.54,1000 -109.05,44.43,1000 -108.97,44.30,1000 -108.91,44.20,1000 -108.83,44.07,1000 -108.76,43.95,1000 -108.72,43.84,1000 -108.73,43.73,1000 -108.77,43.63,1000 -108.82,43.56,1000 -108.90,43.49,1000 -108.97,43.44,1000 -109.04,43.37,1000 -109.06,43.29,1000 -108.99,43.22,1000 -108.88,43.13,1000 -108.81,43.05,1000 -108.73,42.95,1000 -108.66,42.84,1000 -108.62,42.75,1000 -108.62,42.64,1000 -108.65,42.55,1000 -108.70,42.47,1000 -108.78,42.38,1000 -108.91,42.35,1000 -109.03,42.36,1000 -109.17,42.39,1000 -109.32,42.44,1000 -109.46,42.50,1000 -109.56,42.56,1000 -109.66,42.64,1000 -109.76,42.73,1000 -109.85,42.81,1000 -109.94,42.88,1000 -110.06,42.97,1000 -110.17,43.05,1000 -110.29,43.13,1000 -110.43,43.20,1000 -110.58,43.26,1000 -110.73,43.34,1000 -110.85,43.42,1000 -110.97,43.52,1000 -111.08,43.61,1000 -111.15,43.70,1000 -111.16,43.80,1000 -111.12,43.89,1000 -111.06,43.97,1000 -110.92,44.06,1000 -110.86,44.18,1000 -110.91,44.26,1000 -111.00,44.36,1000 -111.12,44.46,1000 -111.24,44.57,1000 -111.35,44.66,1000 -111.44,44.73,1000 -111.62,44.79,1000 -111.74,44.80,1000 -111.84,44.90,1000 -111.91,45.02,1000 -111.97,45.15,1000 -112.04,45.26,1000 -112.16,45.31,1000 -112.28,45.35,1000 -112.35,45.46,1000 -112.40,45.59,1000 -112.34,45.69,1000 
          </coordinates>
        </LinearRing>
      </outerBoundaryIs>
      <innerBoundaryIs>
        <LinearRing>
          <coordinates>
-112.10,45.72,2000 -112.00,45.65,2000 -111.90,45.58,2000 -111.79,45.53,2000 -111.67,45.50,2000 -111.53,45.50,2000 -111.37,45.53,2000 -111.22,45.57,2000 -111.10,45.59,2000 -110.97,45.57,2000 -110.87,45.54,2000 -110.73,45.55,2000 -110.59,45.58,2000 -110.45,45.63,2000 -110.31,45.68,2000 -110.17,45.68,2000 -110.01,45.64,2000 -109.90,45.60,2000 -109.76,45.54,2000 -109.64,45.48,2000 -109.53,45.43,2000 -109.40,45.37,2000 -109.31,45.31,2000 -109.20,45.24,2000 -109.11,45.17,2000 -109.06,45.12,2000 -109.06,45.02,2000 -109.09,44.94,2000 -109.13,44.84,2000 -109.18,44.73,2000 -109.22,44.62,2000 -109.23,44.52,2000 -109.19,44.42,2000 -109.13,44.34,2000 -109.05,44.26,2000 -108.98,44.17,2000 -108.93,44.07,2000 -108.87,43.96,2000 -108.83,43.86,2000 -108.81,43.78,2000 -108.83,43.69,2000 -108.89,43.62,2000 -109.04,43.58,2000 -109.12,43.46,2000 -109.09,43.38,2000 -109.05,43.28,2000 -108.98,43.17,2000 -108.91,43.04,2000 -108.84,42.92,2000 -108.78,42.81,2000 -108.73,42.71,2000 -108.70,42.63,2000 -108.74,42.50,2000 -108.88,42.48,2000 -108.98,42.46,2000 -109.11,42.46,2000 -109.24,42.48,2000 -109.34,42.52,2000 -109.45,42.58,2000 -109.57,42.65,2000 -109.68,42.73,2000 -109.79,42.81,2000 -109.90,42.91,2000 -110.01,43.01,2000 -110.12,43.09,2000 -110.25,43.16,2000 -110.38,43.22,2000 -110.51,43.27,2000 -110.63,43.34,2000 -110.74,43.43,2000 -110.85,43.52,2000 -110.95,43.61,2000 -111.02,43.69,2000 -111.07,43.77,2000 -111.05,43.83,2000 -110.95,43.92,2000 -110.83,44.00,2000 -110.70,44.03,2000 -110.65,44.09,2000 -110.65,44.17,2000 -110.72,44.22,2000 -110.83,44.28,2000 -110.90,44.35,2000 -110.88,44.47,2000 -110.83,44.60,2000 -110.82,44.71,2000 -110.90,44.76,2000 -111.03,44.78,2000 -111.15,44.80,2000 -111.31,44.81,2000 -111.46,44.83,2000 -111.61,44.88,2000 -111.73,44.95,2000 -111.78,45.05,2000 -111.79,45.15,2000 -111.79,45.22,2000 -111.79,45.28,2000 -111.92,45.35,2000 -112.07,45.39,2000 -112.20,45.44,2000 -112.22,45.54,2000 -112.18,45.66,2000 -112.10,45.72,2000 
          </coordinates>
        </LinearRing>
      </innerBoundaryIs>
  </Polygon>
 </MultiGeometry>
</Placemark>
<Placemark>
  <name>10%</name>
  <visibility>1</visibility>
  <styleUrl>#poly_10</styleUrl>
  <MultiGeometry>
    <Polygon>
      <outerBoundaryIs>
        <LinearRing>
          <coordinates>
-106.13,40.71,2000 -106.05,40.76,2000 -105.97,40.81,2000 -105.89,40.84,2000 -105.81,40.86,2000 -105.72,40.85,2000 -105.64,40.83,2000 -105.55,40.79,2000 -105.48,40.74,2000 -105.43,40.69,2000 -105.39,40.63,2000 -105.35,40.56,2000 -105.32,40.48,2000 -105.29,40.40,2000 -105.27,40.33,2000 -105.25,40.26,2000 -105.24,40.19,2000 -105.23,40.11,2000 -105.22,40.03,2000 -105.21,39.95,2000 -105.20,39.87,2000 -105.19,39.79,2000 -105.19,39.71,2000 -105.19,39.62,2000 -105.19,39.54,2000 -105.19,39.47,2000 -105.19,39.40,2000 -105.20,39.34,2000 -105.22,39.26,2000 -105.25,39.21,2000 -105.29,39.17,2000 -105.34,39.12,2000 -105.41,39.07,2000 -105.49,39.03,2000 -105.60,39.02,2000 -105.72,39.03,2000 -105.82,39.03,2000 -105.89,39.02,2000 -105.94,38.99,2000 -106.01,38.94,2000 -106.06,38.89,2000 -106.11,38.82,2000 -106.16,38.74,2000 -106.21,38.66,2000 -106.27,38.60,2000 -106.32,38.56,2000 -106.42,38.55,2000 -106.51,38.60,2000 -106.60,38.66,2000 -106.66,38.71,2000 -106.73,38.77,2000 -106.79,38.83,2000 -106.85,38.88,2000 -106.95,38.94,2000 -107.04,38.98,2000 -107.11,39.02,2000 -107.10,39.08,2000 -107.05,39.12,2000 -106.98,39.17,2000 -106.90,39.24,2000 -106.82,39.30,2000 -106.74,39.36,2000 -106.68,39.42,2000 -106.62,39.50,2000 -106.57,39.57,2000 -106.53,39.64,2000 -106.48,39.71,2000 -106.42,39.77,2000 -106.34,39.82,2000 -106.26,39.88,2000 -106.19,39.94,2000 -106.14,39.99,2000 -106.09,40.07,2000 -106.08,40.16,2000 -106.08,40.23,2000 -106.11,40.29,2000 -106.16,40.35,2000 -106.19,40.42,2000 -106.19,40.48,2000 -106.18,40.55,2000 -106.16,40.62,2000 -106.14,40.70,2000 -106.13,40.71,2000 
          </coordinates>
        </LinearRing>
      </outerBoundaryIs>
      <innerBoundaryIs>
        <LinearRing>
          <coordinates>
-105.90,40.78,3000 -105.81,40.78,3000 -105.73,40.77,3000 -105.65,40.75,3000 -105.59,40.72,3000 -105.54,40.68,3000 -105.49,40.62,3000 -105.45,40.56,3000 -105.43,40.50,3000 -105.41,40.44,3000 -105.40,40.37,3000 -105.38,40.29,3000 -105.37,40.21,3000 -105.36,40.14,3000 -105.35,40.07,3000 -105.33,39.99,3000 -105.32,39.91,3000 -105.31,39.83,3000 -105.30,39.76,3000 -105.30,39.69,3000 -105.30,39.60,3000 -105.29,39.53,3000 -105.30,39.45,3000 -105.31,39.39,3000 -105.33,39.33,3000 -105.38,39.27,3000 -105.45,39.22,3000 -105.53,39.18,3000 -105.60,39.15,3000 -105.69,39.14,3000 -105.77,39.14,3000 -105.86,39.12,3000 -105.92,39.09,3000 -105.98,39.04,3000 -106.05,38.99,3000 -106.11,38.94,3000 -106.17,38.90,3000 -106.23,38.84,3000 -106.29,38.78,3000 -106.35,38.74,3000 -106.42,38.73,3000 -106.48,38.75,3000 -106.55,38.79,3000 -106.63,38.83,3000 -106.71,38.89,3000 -106.77,38.95,3000 -106.82,39.01,3000 -106.85,39.06,3000 -106.85,39.12,3000 -106.81,39.18,3000 -106.76,39.24,3000 -106.69,39.31,3000 -106.63,39.37,3000 -106.57,39.43,3000 -106.52,39.49,3000 -106.47,39.55,3000 -106.41,39.61,3000 -106.36,39.67,3000 -106.31,39.73,3000 -106.26,39.78,3000 -106.19,39.84,3000 -106.12,39.90,3000 -106.05,39.95,3000 -106.01,40.00,3000 -105.99,40.06,3000 -105.98,40.12,3000 -105.99,40.19,3000 -106.00,40.25,3000 -106.01,40.32,3000 -106.04,40.38,3000 -106.06,40.45,3000 -106.09,40.52,3000 -105.90,40.78,3000 
          </coordinates>
        </LinearRing>
      </innerBoundaryIs>
  </Polygon>
 </MultiGeometry>
</Placemark>
<Placemark>
  <name>10%</name>
  <visibility>1</visibility>
  <styleUrl>#poly_10</styleUrl>
  <MultiGeometry>
    <Polygon>
      <outerBoundaryIs>
        <LinearRing>
          <coordinates>
-115.48,50.96,2000 -115.45,50.97,2000 -115.41,50.98,2000 -115.38,50.98,2000 -115.35,50.99,2000 -115.32,51.00,2000 -115.29,51.00,2000 -115.26,51.00,2000 -115.23,51.00,2000 -115.20,50.99,2000 -115.17,50.98,2000 -115.14,50.97,2000 -115.11,50.95,2000 -115.08,50.93,2000 -115.06,50.92,2000 -115.03,50.91,2000 -115.01,50.90,2000 -114.99,50.89,2000 -114.96,50.87,2000 -114.94,50.86,2000 -114.92,50.85,2000 -114.90,50.83,2000 -114.88,50.82,2000 -114.85,50.81,2000 -114.84,50.79,2000 -114.82,50.77,2000 -114.81,50.75,2000 -114.80,50.73,2000 -114.79,50.71,2000 -114.78,50.69,2000 -114.78,50.67,2000 -114.77,50.65,2000 -114.77,50.63,2000 -114.77,50.61,2000 -114.77,50.59,2000 -114.78,50.57,2000 -114.79,50.54,2000 -114.80,50.52,2000 -114.81,50.50,2000 -114.83,50.48,2000 -114.84,50.47,2000 -114.86,50.45,2000 -114.89,50.44,2000 -114.92,50.44,2000 -114.95,50.43,2000 -114.98,50.42,2000 -115.01,50.41,2000 -115.04,50.40,2000 -115.07,50.39,2000 -115.09,50.39,2000 -115.10,50.39,2000 -115.13,50.41,2000 -115.15,50.42,2000 -115.17,50.43,2000 -115.19,50.45,2000 -115.22,50.47,2000 -115.25,50.49,2000 -115.28,50.50,2000 -115.31,50.52,2000 -115.33,50.54,2000 -115.35,50.55,2000 -115.37,50.56,2000 -115.39,50.57,2000 -115.40,50.58,2000 -115.42,50.59,2000 -115.45,50.61,2000 -115.47,50.63,2000 -115.49,50.64,2000 -115.52,50.66,2000 -115.54,50.68,2000 -115.55,50.70,2000 -115.56,50.72,2000 -115.57,50.74,2000 -115.57,50.76,2000 -115.58,50.78,2000 -115.58,50.80,2000 -115.58,50.83,2000 -115.58,50.85,2000 -115.58,50.87,2000 -115.48,50.96,2000 
          </coordinates>
        </LinearRing>
      </outerBoundaryIs>
  </Polygon>
 </MultiGeometry>
</Placemark>
<Placemark>
  <name>10%</name>
  <visibility>1</visibility>
  <styleUrl>#poly_10</styleUrl>
  <MultiGeometry>
    <Polygon>
      <outerBoundaryIs>
        <LinearRing>
          <coordinates>
-91.09,51.76,2000 -90.95,51.78,2000 -90.82,51.78,2000 -90.69,51.78,2000 -90.53,51.74,2000 -90.35,51.68,2000 -90.25,51.63,2000 -90.15,51.58,2000 -90.02,51.52,2000 -89.84,51.46,2000 -89.70,51.43,2000 -89.54,51.40,2000 -89.36,51.38,2000 -89.16,51.35,2000 -88.97,51.33,2000 -88.78,51.30,2000 -88.59,51.27,2000 -88.41,51.24,2000 -88.23,51.21,2000 -88.05,51.18,2000 -87.87,51.15,2000 -87.69,51.12,2000 -87.51,51.09,2000 -87.34,51.06,2000 -87.17,51.03,2000 -87.00,50.99,2000 -86.83,50.95,2000 -86.66,50.92,2000 -86.51,50.88,2000 -86.36,50.85,2000 -86.23,50.82,2000 -86.04,50.78,2000 -85.88,50.74,2000 -85.75,50.71,2000 -85.62,50.67,2000 -85.44,50.61,2000 -85.27,50.54,2000 -85.17,50.48,2000 -85.17,50.39,2000 -85.25,50.32,2000 -85.33,50.27,2000 -85.48,50.23,2000 -85.60,50.21,2000 -85.75,50.19,2000 -85.90,50.18,2000 -86.04,50.18,2000 -86.20,50.21,2000 -86.35,50.25,2000 -86.50,50.29,2000 -86.64,50.32,2000 -86.77,50.35,2000 -86.90,50.36,2000 -87.02,50.35,2000 -87.15,50.34,2000 -87.31,50.32,2000 -87.47,50.31,2000 -87.66,50.30,2000 -87.86,50.29,2000 -88.04,50.28,2000 -88.20,50.28,2000 -88.35,50.28,2000 -88.50,50.29,2000 -88.66,50.29,2000 -88.83,50.28,2000 -88.99,50.27,2000 -89.16,50.25,2000 -89.33,50.25,2000 -89.49,50.26,2000 -89.65,50.27,2000 -89.80,50.29,2000 -89.96,50.32,2000 -90.12,50.35,2000 -90.29,50.38,2000 -90.45,50.42,2000 -90.60,50.46,2000 -90.74,50.51,2000 -90.86,50.56,2000 -90.98,50.61,2000 -91.08,50.67,2000 -91.20,50.75,2000 -91.29,50.84,2000 -91.37,50.92,2000 -91.45,51.00,2000 -91.50,51.08,2000 -91.53,51.16,2000 -91.54,51.24,2000 -91.53,51.33,2000 -91.48,51.42,2000 -91.41,51.51,2000 -91.33,51.61,2000 -91.09,51.76,2000 
          </coordinates>
        </LinearRing>
      </outerBoundaryIs>
      <innerBoundaryIs>
        <LinearRing>
          <coordinates>
-90.83,51.68,3000 -90.71,51.66,3000 -90.59,51.63,3000 -90.47,51.60,3000 -90.35,51.55,3000 -90.22,51.49,3000 -90.07,51.43,3000 -89.94,51.39,3000 -89.80,51.36,3000 -89.66,51.33,3000 -89.52,51.30,3000 -89.41,51.28,3000 -89.31,51.27,3000 -89.20,51.26,3000 -89.04,51.24,3000 -88.92,51.22,3000 -88.78,51.20,3000 -88.62,51.17,3000 -88.46,51.14,3000 -88.30,51.12,3000 -88.15,51.09,3000 -88.02,51.07,3000 -87.83,51.04,3000 -87.68,51.02,3000 -87.54,51.00,3000 -87.41,50.98,3000 -87.26,50.95,3000 -87.13,50.91,3000 -87.00,50.87,3000 -86.88,50.82,3000 -86.75,50.77,3000 -86.62,50.71,3000 -86.52,50.67,3000 -86.42,50.62,3000 -86.33,50.58,3000 -86.21,50.56,3000 -86.08,50.55,3000 -86.00,50.53,3000 -86.10,50.48,3000 -86.19,50.49,3000 -86.31,50.51,3000 -86.43,50.52,3000 -86.52,50.53,3000 -86.60,50.53,3000 -86.77,50.52,3000 -86.89,50.51,3000 -87.03,50.49,3000 -87.19,50.46,3000 -87.36,50.44,3000 -87.52,50.41,3000 -87.68,50.39,3000 -87.81,50.38,3000 -87.99,50.37,3000 -88.14,50.37,3000 -88.27,50.38,3000 -88.42,50.38,3000 -88.55,50.38,3000 -88.69,50.37,3000 -88.83,50.36,3000 -88.97,50.36,3000 -89.10,50.36,3000 -89.26,50.36,3000 -89.42,50.37,3000 -89.57,50.39,3000 -89.71,50.40,3000 -89.84,50.42,3000 -89.96,50.44,3000 -90.08,50.46,3000 -90.20,50.49,3000 -90.32,50.52,3000 -90.45,50.55,3000 -90.57,50.59,3000 -90.69,50.63,3000 -90.81,50.68,3000 -90.92,50.73,3000 -91.03,50.78,3000 -91.12,50.84,3000 -91.21,50.92,3000 -91.27,50.99,3000 -91.32,51.07,3000 -91.35,51.14,3000 -91.36,51.21,3000 -91.35,51.28,3000 -91.33,51.35,3000 -91.29,51.42,3000 -91.24,51.49,3000 -90.83,51.68,3000 
          </coordinates>
        </LinearRing>
      </innerBoundaryIs>
  </Polygon>
 </MultiGeometry>
</Placemark>
<Placemark>
  <name>10%</name>
  <visibility>1</visibility>
  <styleUrl>#poly_10</styleUrl>
  <MultiGeometry>
    <Polygon>
      <outerBoundaryIs>
        <LinearRing>
          <coordinates>
-110.58,40.90,2000 -110.56,40.91,2000 -110.53,40.92,2000 -110.51,40.93,2000 -110.48,40.93,2000 -110.46,40.94,2000 -110.44,40.95,2000 -110.41,40.95,2000 -110.39,40.96,2000 -110.36,40.96,2000 -110.33,40.96,2000 -110.30,40.96,2000 -110.27,40.96,2000 -110.24,40.96,2000 -110.21,40.95,2000 -110.19,40.95,2000 -110.16,40.94,2000 -110.14,40.94,2000 -110.12,40.94,2000 -110.10,40.95,2000 -110.09,40.94,2000 -110.07,40.93,2000 -110.06,40.92,2000 -110.03,40.91,2000 -110.01,40.90,2000 -109.98,40.88,2000 -109.95,40.87,2000 -109.93,40.85,2000 -109.91,40.84,2000 -109.89,40.83,2000 -109.87,40.82,2000 -109.84,40.80,2000 -109.83,40.79,2000 -109.83,40.78,2000 -109.83,40.77,2000 -109.83,40.76,2000 -109.86,40.74,2000 -109.87,40.73,2000 -109.89,40.72,2000 -109.91,40.70,2000 -109.93,40.69,2000 -109.95,40.67,2000 -109.97,40.65,2000 -110.00,40.64,2000 -110.02,40.62,2000 -110.04,40.61,2000 -110.06,40.60,2000 -110.07,40.59,2000 -110.10,40.58,2000 -110.12,40.58,2000 -110.14,40.58,2000 -110.16,40.58,2000 -110.19,40.57,2000 -110.22,40.57,2000 -110.25,40.57,2000 -110.28,40.56,2000 -110.30,40.56,2000 -110.32,40.56,2000 -110.35,40.56,2000 -110.37,40.56,2000 -110.39,40.56,2000 -110.42,40.56,2000 -110.44,40.56,2000 -110.47,40.57,2000 -110.50,40.57,2000 -110.53,40.58,2000 -110.55,40.59,2000 -110.58,40.60,2000 -110.60,40.61,2000 -110.63,40.62,2000 -110.66,40.63,2000 -110.68,40.64,2000 -110.70,40.66,2000 -110.72,40.67,2000 -110.73,40.68,2000 -110.74,40.70,2000 -110.74,40.71,2000 -110.74,40.73,2000 -110.73,40.75,2000 -110.72,40.76,2000 -110.71,40.78,2000 -110.69,40.80,2000 -110.67,40.82,2000 -110.65,40.83,2000 -110.63,40.85,2000 -110.61,40.87,2000 -110.59,40.89,2000 -110.58,40.90,2000 
          </coordinates>
        </LinearRing>
      </outerBoundaryIs>
  </Polygon>
 </MultiGeometry>
</Placemark>
<Placemark>
  <name>10%</name>
  <visibility>1</visibility>
  <styleUrl>#poly_10</styleUrl>
  <MultiGeometry>
    <Polygon>
      <outerBoundaryIs>
        <LinearRing>
          <coordinates>
-112.10,45.72,2000 -112.00,45.65,2000 -111.90,45.58,2000 -111.79,45.53,2000 -111.67,45.50,2000 -111.53,45.50,2000 -111.37,45.53,2000 -111.22,45.57,2000 -111.10,45.59,2000 -110.97,45.57,2000 -110.87,45.54,2000 -110.73,45.55,2000 -110.59,45.58,2000 -110.45,45.63,2000 -110.31,45.68,2000 -110.17,45.68,2000 -110.01,45.64,2000 -109.90,45.60,2000 -109.76,45.54,2000 -109.64,45.48,2000 -109.53,45.43,2000 -109.40,45.37,2000 -109.31,45.31,2000 -109.20,45.24,2000 -109.11,45.17,2000 -109.06,45.12,2000 -109.06,45.02,2000 -109.09,44.94,2000 -109.13,44.84,2000 -109.18,44.73,2000 -109.22,44.62,2000 -109.23,44.52,2000 -109.19,44.42,2000 -109.13,44.34,2000 -109.05,44.26,2000 -108.98,44.17,2000 -108.93,44.07,2000 -108.87,43.96,2000 -108.83,43.86,2000 -108.81,43.78,2000 -108.83,43.69,2000 -108.89,43.62,2000 -109.04,43.58,2000 -109.12,43.46,2000 -109.09,43.38,2000 -109.05,43.28,2000 -108.98,43.17,2000 -108.91,43.04,2000 -108.84,42.92,2000 -108.78,42.81,2000 -108.73,42.71,2000 -108.70,42.63,2000 -108.74,42.50,2000 -108.88,42.48,2000 -108.98,42.46,2000 -109.11,42.46,2000 -109.24,42.48,2000 -109.34,42.52,2000 -109.45,42.58,2000 -109.57,42.65,2000 -109.68,42.73,2000 -109.79,42.81,2000 -109.90,42.91,2000 -110.01,43.01,2000 -110.12,43.09,2000 -110.25,43.16,2000 -110.38,43.22,2000 -110.51,43.27,2000 -110.63,43.34,2000 -110.74,43.43,2000 -110.85,43.52,2000 -110.95,43.61,2000 -111.02,43.69,2000 -111.07,43.77,2000 -111.05,43.83,2000 -110.95,43.92,2000 -110.83,44.00,2000 -110.70,44.03,2000 -110.65,44.09,2000 -110.65,44.17,2000 -110.72,44.22,2000 -110.83,44.28,2000 -110.90,44.35,2000 -110.88,44.47,2000 -110.83,44.60,2000 -110.82,44.71,2000 -110.90,44.76,2000 -111.03,44.78,2000 -111.15,44.80,2000 -111.31,44.81,2000 -111.46,44.83,2000 -111.61,44.88,2000 -111.73,44.95,2000 -111.78,45.05,2000 -111.79,45.15,2000 -111.79,45.22,2000 -111.79,45.28,2000 -111.92,45.35,2000 -112.07,45.39,2000 -112.20,45.44,2000 -112.22,45.54,2000 -112.18,45.66,2000 -112.10,45.72,2000 
          </coordinates>
        </LinearRing>
      </outerBoundaryIs>
      <innerBoundaryIs>
        <LinearRing>
          <coordinates>
-111.55,45.37,3000 -111.43,45.42,3000 -111.31,45.46,3000 -111.20,45.48,3000 -111.08,45.47,3000 -110.97,45.44,3000 -110.88,45.41,3000 -110.79,45.34,3000 -110.71,45.39,3000 -110.59,45.47,3000 -110.48,45.52,3000 -110.36,45.57,3000 -110.24,45.60,3000 -110.13,45.60,3000 -110.02,45.58,3000 -109.90,45.54,3000 -109.80,45.50,3000 -109.68,45.44,3000 -109.57,45.39,3000 -109.48,45.34,3000 -109.36,45.28,3000 -109.27,45.22,3000 -109.19,45.15,3000 -109.15,45.04,3000 -109.17,44.96,3000 -109.22,44.86,3000 -109.26,44.75,3000 -109.30,44.66,3000 -109.32,44.56,3000 -109.34,44.47,3000 -109.33,44.40,3000 -109.28,44.32,3000 -109.20,44.26,3000 -109.11,44.18,3000 -109.02,44.08,3000 -108.97,44.00,3000 -108.93,43.91,3000 -108.91,43.83,3000 -108.93,43.75,3000 -108.97,43.67,3000 -109.03,43.60,3000 -109.17,43.54,3000 -109.28,43.49,3000 -109.28,43.40,3000 -109.22,43.28,3000 -109.17,43.21,3000 -109.09,43.12,3000 -109.02,43.04,3000 -108.96,42.96,3000 -108.90,42.87,3000 -108.86,42.79,3000 -108.84,42.72,3000 -108.86,42.61,3000 -108.94,42.53,3000 -109.08,42.53,3000 -109.23,42.56,3000 -109.32,42.58,3000 -109.41,42.63,3000 -109.49,42.68,3000 -109.59,42.75,3000 -109.69,42.82,3000 -109.78,42.89,3000 -109.86,42.96,3000 -109.94,43.04,3000 -110.02,43.12,3000 -110.10,43.19,3000 -110.20,43.25,3000 -110.30,43.31,3000 -110.41,43.36,3000 -110.50,43.42,3000 -110.62,43.51,3000 -110.72,43.61,3000 -110.79,43.68,3000 -110.74,43.76,3000 -110.64,43.70,3000 -110.54,43.68,3000 -110.51,43.74,3000 -110.48,43.83,3000 -110.46,43.94,3000 -110.45,44.03,3000 -110.45,44.13,3000 -110.46,44.21,3000 -110.48,44.30,3000 -110.51,44.39,3000 -110.56,44.47,3000 -110.58,44.56,3000 -110.56,44.65,3000 -110.53,44.74,3000 -110.52,44.83,3000 -110.56,44.91,3000 -110.62,44.99,3000 -110.68,45.05,3000 -110.72,45.12,3000 -110.76,45.16,3000 -110.90,45.14,3000 -111.00,45.09,3000 -111.13,45.03,3000 -111.25,45.00,3000 -111.39,44.99,3000 -111.50,45.00,3000 -111.56,45.05,3000 -111.59,45.14,3000 -111.60,45.24,3000 -111.55,45.37,3000 
          </coordinates>
        </LinearRing>
      </innerBoundaryIs>
  </Polygon>
 </MultiGeometry>
</Placemark>
<Placemark>
  <name>10%</name>
  <visibility>1</visibility>
  <styleUrl>#poly_10</styleUrl>
  <MultiGeometry>
    <Polygon>
      <outerBoundaryIs>
        <LinearRing>
          <coordinates>
-116.14,51.49,2000 -116.12,51.51,2000 -116.10,51.52,2000 -116.08,51.54,2000 -116.06,51.56,2000 -116.04,51.57,2000 -116.02,51.59,2000 -116.00,51.60,2000 -115.98,51.61,2000 -115.95,51.62,2000 -115.93,51.63,2000 -115.91,51.64,2000 -115.88,51.65,2000 -115.85,51.65,2000 -115.82,51.65,2000 -115.80,51.65,2000 -115.77,51.65,2000 -115.74,51.65,2000 -115.71,51.64,2000 -115.68,51.64,2000 -115.65,51.63,2000 -115.62,51.62,2000 -115.59,51.61,2000 -115.56,51.60,2000 -115.53,51.59,2000 -115.50,51.58,2000 -115.48,51.57,2000 -115.45,51.56,2000 -115.43,51.55,2000 -115.41,51.54,2000 -115.38,51.53,2000 -115.37,51.52,2000 -115.35,51.50,2000 -115.33,51.49,2000 -115.31,51.48,2000 -115.29,51.47,2000 -115.26,51.46,2000 -115.24,51.45,2000 -115.21,51.43,2000 -115.19,51.42,2000 -115.18,51.40,2000 -115.17,51.38,2000 -115.17,51.37,2000 -115.17,51.35,2000 -115.17,51.33,2000 -115.17,51.30,2000 -115.18,51.28,2000 -115.18,51.26,2000 -115.19,51.25,2000 -115.19,51.23,2000 -115.20,51.21,2000 -115.20,51.19,2000 -115.21,51.17,2000 -115.22,51.15,2000 -115.24,51.14,2000 -115.26,51.13,2000 -115.28,51.12,2000 -115.31,51.12,2000 -115.34,51.12,2000 -115.37,51.12,2000 -115.40,51.11,2000 -115.43,51.11,2000 -115.46,51.12,2000 -115.49,51.12,2000 -115.52,51.12,2000 -115.55,51.13,2000 -115.58,51.13,2000 -115.60,51.14,2000 -115.63,51.15,2000 -115.65,51.16,2000 -115.67,51.17,2000 -115.69,51.18,2000 -115.72,51.19,2000 -115.74,51.19,2000 -115.76,51.19,2000 -115.80,51.20,2000 -115.82,51.21,2000 -115.85,51.22,2000 -115.87,51.23,2000 -115.90,51.24,2000 -115.94,51.25,2000 -115.97,51.26,2000 -116.00,51.27,2000 -116.03,51.28,2000 -116.05,51.29,2000 -116.07,51.30,2000 -116.09,51.31,2000 -116.11,51.33,2000 -116.10,51.33,2000 -116.10,51.35,2000 -116.10,51.36,2000 -116.11,51.38,2000 -116.12,51.39,2000 -116.13,51.41,2000 -116.13,51.43,2000 -116.14,51.45,2000 -116.15,51.47,2000 -116.14,51.49,2000 
          </coordinates>
        </LinearRing>
      </outerBoundaryIs>
      <innerBoundaryIs>
        <LinearRing>
          <coordinates>
-115.89,51.54,3000 -115.87,51.54,3000 -115.86,51.54,3000 -115.84,51.54,3000 -115.82,51.54,3000 -115.81,51.54,3000 -115.79,51.54,3000 -115.78,51.54,3000 -115.76,51.54,3000 -115.75,51.54,3000 -115.73,51.54,3000 -115.72,51.54,3000 -115.70,51.54,3000 -115.69,51.54,3000 -115.67,51.53,3000 -115.66,51.53,3000 -115.65,51.53,3000 -115.63,51.52,3000 -115.62,51.52,3000 -115.61,51.52,3000 -115.60,51.51,3000 -115.59,51.50,3000 -115.58,51.50,3000 -115.56,51.49,3000 -115.55,51.48,3000 -115.54,51.47,3000 -115.53,51.47,3000 -115.52,51.46,3000 -115.51,51.45,3000 -115.50,51.44,3000 -115.49,51.43,3000 -115.48,51.42,3000 -115.48,51.41,3000 -115.47,51.40,3000 -115.46,51.40,3000 -115.46,51.39,3000 -115.46,51.38,3000 -115.45,51.38,3000 -115.45,51.37,3000 -115.45,51.36,3000 -115.45,51.35,3000 -115.46,51.34,3000 -115.46,51.34,3000 -115.47,51.33,3000 -115.48,51.32,3000 -115.50,51.32,3000 -115.51,51.31,3000 -115.53,51.31,3000 -115.54,51.30,3000 -115.56,51.30,3000 -115.57,51.30,3000 -115.58,51.30,3000 -115.60,51.30,3000 -115.61,51.30,3000 -115.63,51.30,3000 -115.65,51.30,3000 -115.66,51.30,3000 -115.68,51.30,3000 -115.70,51.30,3000 -115.72,51.30,3000 -115.73,51.30,3000 -115.75,51.30,3000 -115.77,51.30,3000 -115.78,51.31,3000 -115.80,51.31,3000 -115.81,51.31,3000 -115.82,51.31,3000 -115.83,51.31,3000 -115.86,51.31,3000 -115.87,51.31,3000 -115.87,51.31,3000 -115.88,51.33,3000 -115.88,51.34,3000 -115.89,51.34,3000 -115.89,51.35,3000 -115.90,51.35,3000 -115.90,51.36,3000 -115.90,51.37,3000 -115.91,51.38,3000 -115.91,51.39,3000 -115.92,51.40,3000 -115.92,51.41,3000 -115.93,51.42,3000 -115.93,51.43,3000 -115.94,51.44,3000 -115.94,51.45,3000 -115.95,51.46,3000 -115.95,51.47,3000 -115.96,51.48,3000 -115.96,51.49,3000 -115.89,51.54,3000 
          </coordinates>
        </LinearRing>
      </innerBoundaryIs>
  </Polygon>
 </MultiGeometry>
</Placemark>
<Placemark>
  <name>10%</name>
  <visibility>1</visibility>
  <styleUrl>#poly_10</styleUrl>
  <MultiGeometry>
    <Polygon>
      <outerBoundaryIs>
        <LinearRing>
          <coordinates>
-105.64,38.20,2000 -105.62,38.19,2000 -105.60,38.19,2000 -105.59,38.18,2000 -105.57,38.18,2000 -105.55,38.17,2000 -105.53,38.16,2000 -105.52,38.16,2000 -105.50,38.15,2000 -105.49,38.14,2000 -105.47,38.14,2000 -105.46,38.13,2000 -105.45,38.12,2000 -105.44,38.11,2000 -105.43,38.11,2000 -105.42,38.10,2000 -105.41,38.09,2000 -105.41,38.08,2000 -105.41,38.07,2000 -105.41,38.06,2000 -105.41,38.05,2000 -105.41,38.03,2000 -105.42,38.02,2000 -105.42,38.01,2000 -105.43,37.99,2000 -105.44,37.98,2000 -105.45,37.97,2000 -105.46,37.95,2000 -105.47,37.94,2000 -105.48,37.93,2000 -105.49,37.92,2000 -105.49,37.91,2000 -105.50,37.90,2000 -105.51,37.89,2000 -105.52,37.88,2000 -105.54,37.87,2000 -105.55,37.86,2000 -105.56,37.86,2000 -105.57,37.85,2000 -105.59,37.85,2000 -105.60,37.85,2000 -105.61,37.85,2000 -105.63,37.85,2000 -105.64,37.85,2000 -105.66,37.86,2000 -105.67,37.87,2000 -105.68,37.88,2000 -105.70,37.89,2000 -105.71,37.90,2000 -105.71,37.91,2000 -105.72,37.91,2000 -105.73,37.92,2000 -105.74,37.93,2000 -105.75,37.95,2000 -105.75,37.96,2000 -105.76,37.97,2000 -105.77,37.98,2000 -105.78,37.99,2000 -105.79,38.01,2000 -105.79,38.02,2000 -105.80,38.03,2000 -105.81,38.05,2000 -105.82,38.06,2000 -105.64,38.20,2000 
          </coordinates>
        </LinearRing>
      </outerBoundaryIs>
  </Polygon>
 </MultiGeometry>
</Placemark>
<Placemark>
  <name>10%</name>
  <visibility>1</visibility>
  <styleUrl>#poly_10</styleUrl>
  <MultiGeometry>
    <Polygon>
      <outerBoundaryIs>
        <LinearRing>
          <coordinates>
-107.86,45.14,2000 -107.81,45.14,2000 -107.76,45.13,2000 -107.71,45.12,2000 -107.66,45.11,2000 -107.61,45.09,2000 -107.57,45.07,2000 -107.52,45.04,2000 -107.48,45.02,2000 -107.43,44.99,2000 -107.38,44.96,2000 -107.34,44.93,2000 -107.30,44.90,2000 -107.25,44.88,2000 -107.21,44.86,2000 -107.17,44.83,2000 -107.12,44.81,2000 -107.08,44.78,2000 -107.03,44.75,2000 -106.99,44.72,2000 -106.94,44.69,2000 -106.89,44.66,2000 -106.85,44.63,2000 -106.81,44.59,2000 -106.78,44.56,2000 -106.75,44.52,2000 -106.72,44.48,2000 -106.70,44.45,2000 -106.68,44.41,2000 -106.67,44.37,2000 -106.66,44.33,2000 -106.66,44.29,2000 -106.66,44.25,2000 -106.68,44.21,2000 -106.69,44.17,2000 -106.71,44.13,2000 -106.73,44.09,2000 -106.75,44.06,2000 -106.79,44.02,2000 -106.83,43.99,2000 -106.87,43.96,2000 -106.92,43.94,2000 -106.97,43.92,2000 -107.03,43.91,2000 -107.09,43.92,2000 -107.16,43.93,2000 -107.22,43.95,2000 -107.26,43.97,2000 -107.31,43.98,2000 -107.35,44.01,2000 -107.40,44.03,2000 -107.44,44.06,2000 -107.49,44.10,2000 -107.52,44.13,2000 -107.55,44.16,2000 -107.58,44.20,2000 -107.61,44.24,2000 -107.64,44.29,2000 -107.67,44.33,2000 -107.70,44.36,2000 -107.73,44.40,2000 -107.76,44.43,2000 -107.81,44.47,2000 -107.85,44.51,2000 -107.89,44.53,2000 -107.93,44.56,2000 -107.97,44.59,2000 -108.01,44.62,2000 -108.05,44.65,2000 -108.08,44.68,2000 -108.11,44.71,2000 -108.13,44.75,2000 -108.13,44.78,2000 -108.13,44.82,2000 -108.13,44.86,2000 -108.12,44.90,2000 -108.11,44.94,2000 -108.09,44.99,2000 -108.08,45.03,2000 -107.86,45.14,2000 
          </coordinates>
        </LinearRing>
      </outerBoundaryIs>
      <innerBoundaryIs>
        <LinearRing>
          <coordinates>
-107.84,45.06,3000 -107.78,45.05,3000 -107.72,45.04,3000 -107.67,45.03,3000 -107.63,45.02,3000 -107.59,45.01,3000 -107.55,44.99,3000 -107.52,44.96,3000 -107.49,44.94,3000 -107.45,44.92,3000 -107.40,44.89,3000 -107.36,44.87,3000 -107.33,44.85,3000 -107.30,44.83,3000 -107.26,44.81,3000 -107.23,44.79,3000 -107.19,44.77,3000 -107.14,44.74,3000 -107.10,44.72,3000 -107.07,44.70,3000 -107.03,44.68,3000 -107.01,44.67,3000 -106.98,44.65,3000 -106.95,44.62,3000 -106.92,44.59,3000 -106.88,44.56,3000 -106.85,44.52,3000 -106.83,44.49,3000 -106.81,44.45,3000 -106.80,44.41,3000 -106.80,44.38,3000 -106.79,44.35,3000 -106.77,44.32,3000 -106.78,44.29,3000 -106.78,44.26,3000 -106.78,44.22,3000 -106.79,44.18,3000 -106.81,44.14,3000 -106.83,44.11,3000 -106.86,44.08,3000 -106.90,44.05,3000 -106.94,44.03,3000 -106.98,44.01,3000 -107.02,44.00,3000 -107.07,44.00,3000 -107.13,44.00,3000 -107.18,44.00,3000 -107.22,44.01,3000 -107.26,44.02,3000 -107.30,44.04,3000 -107.33,44.07,3000 -107.36,44.09,3000 -107.39,44.11,3000 -107.42,44.14,3000 -107.45,44.16,3000 -107.47,44.19,3000 -107.49,44.21,3000 -107.52,44.24,3000 -107.55,44.27,3000 -107.57,44.30,3000 -107.60,44.33,3000 -107.63,44.37,3000 -107.66,44.40,3000 -107.69,44.43,3000 -107.72,44.47,3000 -107.74,44.49,3000 -107.77,44.52,3000 -107.80,44.54,3000 -107.83,44.56,3000 -107.87,44.59,3000 -107.90,44.62,3000 -107.93,44.65,3000 -107.96,44.68,3000 -107.99,44.72,3000 -108.01,44.75,3000 -108.02,44.78,3000 -108.03,44.82,3000 -108.03,44.86,3000 -108.03,44.89,3000 -108.03,44.93,3000 -107.84,45.06,3000 
          </coordinates>
        </LinearRing>
      </innerBoundaryIs>
  </Polygon>
 </MultiGeometry>
</Placemark>
<Placemark>
  <name>10%</name>
  <visibility>1</visibility>
  <styleUrl>#poly_10</styleUrl>
  <MultiGeometry>
    <Polygon>
      <outerBoundaryIs>
        <LinearRing>
          <coordinates>
-110.85,47.03,2000 -110.83,47.04,2000 -110.82,47.04,2000 -110.80,47.05,2000 -110.78,47.06,2000 -110.77,47.06,2000 -110.75,47.07,2000 -110.73,47.07,2000 -110.72,47.08,2000 -110.70,47.08,2000 -110.69,47.09,2000 -110.67,47.09,2000 -110.66,47.09,2000 -110.64,47.09,2000 -110.62,47.09,2000 -110.61,47.09,2000 -110.59,47.09,2000 -110.58,47.08,2000 -110.56,47.08,2000 -110.55,47.07,2000 -110.53,47.07,2000 -110.51,47.06,2000 -110.50,47.05,2000 -110.48,47.04,2000 -110.47,47.03,2000 -110.45,47.02,2000 -110.44,47.01,2000 -110.43,47.00,2000 -110.42,46.99,2000 -110.42,46.98,2000 -110.41,46.97,2000 -110.41,46.96,2000 -110.41,46.95,2000 -110.41,46.94,2000 -110.41,46.92,2000 -110.42,46.91,2000 -110.42,46.90,2000 -110.43,46.89,2000 -110.44,46.87,2000 -110.45,46.86,2000 -110.45,46.85,2000 -110.46,46.84,2000 -110.47,46.83,2000 -110.48,46.82,2000 -110.48,46.81,2000 -110.49,46.80,2000 -110.50,46.79,2000 -110.51,46.77,2000 -110.52,46.77,2000 -110.53,46.76,2000 -110.54,46.76,2000 -110.56,46.76,2000 -110.57,46.76,2000 -110.59,46.76,2000 -110.61,46.76,2000 -110.62,46.76,2000 -110.64,46.77,2000 -110.66,46.77,2000 -110.68,46.77,2000 -110.70,46.78,2000 -110.71,46.78,2000 -110.73,46.78,2000 -110.74,46.79,2000 -110.76,46.79,2000 -110.77,46.79,2000 -110.78,46.79,2000 -110.80,46.80,2000 -110.81,46.81,2000 -110.82,46.82,2000 -110.83,46.82,2000 -110.84,46.83,2000 -110.85,46.84,2000 -110.86,46.85,2000 -110.87,46.86,2000 -110.88,46.87,2000 -110.89,46.88,2000 -110.90,46.89,2000 -110.91,46.91,2000 -110.92,46.92,2000 -110.93,46.93,2000 -110.85,47.03,2000 
          </coordinates>
        </LinearRing>
      </outerBoundaryIs>
  </Polygon>
 </MultiGeometry>
</Placemark>
<Placemark>
  <name>20%</name>
  <visibility>1</visibility>
  <styleUrl>#poly_20</styleUrl>
  <MultiGeometry>
    <Polygon>
      <outerBoundaryIs>
        <LinearRing>
          <coordinates>
-111.55,45.37,3000 -111.43,45.42,3000 -111.31,45.46,3000 -111.20,45.48,3000 -111.08,45.47,3000 -110.97,45.44,3000 -110.88,45.41,3000 -110.79,45.34,3000 -110.71,45.39,3000 -110.59,45.47,3000 -110.48,45.52,3000 -110.36,45.57,3000 -110.24,45.60,3000 -110.13,45.60,3000 -110.02,45.58,3000 -109.90,45.54,3000 -109.80,45.50,3000 -109.68,45.44,3000 -109.57,45.39,3000 -109.48,45.34,3000 -109.36,45.28,3000 -109.27,45.22,3000 -109.19,45.15,3000 -109.15,45.04,3000 -109.17,44.96,3000 -109.22,44.86,3000 -109.26,44.75,3000 -109.30,44.66,3000 -109.32,44.56,3000 -109.34,44.47,3000 -109.33,44.40,3000 -109.28,44.32,3000 -109.20,44.26,3000 -109.11,44.18,3000 -109.02,44.08,3000 -108.97,44.00,3000 -108.93,43.91,3000 -108.91,43.83,3000 -108.93,43.75,3000 -108.97,43.67,3000 -109.03,43.60,3000 -109.17,43.54,3000 -109.28,43.49,3000 -109.28,43.40,3000 -109.22,43.28,3000 -109.17,43.21,3000 -109.09,43.12,3000 -109.02,43.04,3000 -108.96,42.96,3000 -108.90,42.87,3000 -108.86,42.79,3000 -108.84,42.72,3000 -108.86,42.61,3000 -108.94,42.53,3000 -109.08,42.53,3000 -109.23,42.56,3000 -109.32,42.58,3000 -109.41,42.63,3000 -109.49,42.68,3000 -109.59,42.75,3000 -109.69,42.82,3000 -109.78,42.89,3000 -109.86,42.96,3000 -109.94,43.04,3000 -110.02,43.12,3000 -110.10,43.19,3000 -110.20,43.25,3000 -110.30,43.31,3000 -110.41,43.36,3000 -110.50,43.42,3000 -110.62,43.51,3000 -110.72,43.61,3000 -110.79,43.68,3000 -110.74,43.76,3000 -110.64,43.70,3000 -110.54,43.68,3000 -110.51,43.74,3000 -110.48,43.83,3000 -110.46,43.94,3000 -110.45,44.03,3000 -110.45,44.13,3000 -110.46,44.21,3000 -110.48,44.30,3000 -110.51,44.39,3000 -110.56,44.47,3000 -110.58,44.56,3000 -110.56,44.65,3000 -110.53,44.74,3000 -110.52,44.83,3000 -110.56,44.91,3000 -110.62,44.99,3000 -110.68,45.05,3000 -110.72,45.12,3000 -110.76,45.16,3000 -110.90,45.14,3000 -111.00,45.09,3000 -111.13,45.03,3000 -111.25,45.00,3000 -111.39,44.99,3000 -111.50,45.00,3000 -111.56,45.05,3000 -111.59,45.14,3000 -111.60,45.24,3000 -111.55,45.37,3000 
          </coordinates>
        </LinearRing>
      </outerBoundaryIs>
      <innerBoundaryIs>
        <LinearRing>
          <coordinates>
-110.35,45.54,4000 -110.23,45.56,4000 -110.11,45.56,4000 -110.02,45.54,4000 -109.91,45.49,4000 -109.81,45.44,4000 -109.70,45.38,4000 -109.59,45.33,4000 -109.46,45.27,4000 -109.35,45.20,4000 -109.25,45.13,4000 -109.21,45.01,4000 -109.24,44.93,4000 -109.30,44.82,4000 -109.37,44.71,4000 -109.43,44.61,4000 -109.47,44.53,4000 -109.49,44.43,4000 -109.45,44.37,4000 -109.37,44.30,4000 -109.27,44.22,4000 -109.18,44.15,4000 -109.10,44.08,4000 -109.05,44.01,4000 -109.00,43.92,4000 -108.98,43.83,4000 -109.01,43.73,4000 -109.08,43.64,4000 -109.19,43.60,4000 -109.30,43.57,4000 -109.40,43.52,4000 -109.45,43.45,4000 -109.41,43.38,4000 -109.31,43.28,4000 -109.25,43.21,4000 -109.18,43.12,4000 -109.10,43.02,4000 -109.03,42.93,4000 -108.98,42.86,4000 -108.93,42.74,4000 -108.95,42.66,4000 -109.04,42.62,4000 -109.17,42.61,4000 -109.25,42.62,4000 -109.34,42.65,4000 -109.44,42.71,4000 -109.52,42.76,4000 -109.61,42.83,4000 -109.70,42.90,4000 -109.80,42.98,4000 -109.88,43.06,4000 -109.96,43.15,4000 -110.03,43.24,4000 -110.10,43.33,4000 -110.16,43.44,4000 -110.21,43.55,4000 -110.24,43.64,4000 -110.26,43.74,4000 -110.27,43.85,4000 -110.29,43.96,4000 -110.30,44.06,4000 -110.31,44.16,4000 -110.32,44.24,4000 -110.35,44.37,4000 -110.38,44.46,4000 -110.40,44.56,4000 -110.39,44.65,4000 -110.37,44.75,4000 -110.36,44.84,4000 -110.36,44.92,4000 -110.44,45.02,4000 -110.53,45.09,4000 -110.59,45.17,4000 -110.63,45.24,4000 -110.57,45.34,4000 -110.35,45.54,4000 
          </coordinates>
        </LinearRing>
      </innerBoundaryIs>
      <innerBoundaryIs>
        <LinearRing>
          <coordinates>
-111.31,45.39,4000 -111.30,45.39,4000 -111.28,45.39,4000 -111.27,45.39,4000 -111.26,45.39,4000 -111.24,45.39,4000 -111.23,45.39,4000 -111.22,45.39,4000 -111.20,45.39,4000 -111.19,45.39,4000 -111.18,45.39,4000 -111.17,45.39,4000 -111.16,45.39,4000 -111.15,45.39,4000 -111.13,45.39,4000 -111.12,45.39,4000 -111.11,45.39,4000 -111.11,45.39,4000 -111.10,45.39,4000 -111.09,45.39,4000 -111.08,45.39,4000 -111.07,45.39,4000 -111.07,45.39,4000 -111.06,45.39,4000 -111.04,45.39,4000 -111.05,45.38,4000 -111.05,45.38,4000 -111.04,45.37,4000 -111.05,45.37,4000 -111.06,45.35,4000 -111.06,45.35,4000 -111.07,45.34,4000 -111.07,45.34,4000 -111.08,45.33,4000 -111.09,45.32,4000 -111.09,45.32,4000 -111.10,45.31,4000 -111.11,45.30,4000 -111.11,45.30,4000 -111.12,45.29,4000 -111.13,45.28,4000 -111.14,45.27,4000 -111.15,45.27,4000 -111.15,45.26,4000 -111.16,45.25,4000 -111.17,45.24,4000 -111.18,45.24,4000 -111.18,45.23,4000 -111.19,45.22,4000 -111.20,45.22,4000 -111.20,45.21,4000 -111.21,45.21,4000 -111.22,45.20,4000 -111.22,45.20,4000 -111.23,45.19,4000 -111.25,45.18,4000 -111.25,45.18,4000 -111.26,45.18,4000 -111.26,45.18,4000 -111.27,45.18,4000 -111.28,45.18,4000 -111.29,45.17,4000 -111.30,45.18,4000 -111.31,45.19,4000 -111.31,45.19,4000 -111.31,45.20,4000 -111.32,45.20,4000 -111.32,45.21,4000 -111.32,45.21,4000 -111.32,45.22,4000 -111.33,45.23,4000 -111.33,45.23,4000 -111.33,45.24,4000 -111.33,45.25,4000 -111.34,45.26,4000 -111.34,45.26,4000 -111.34,45.27,4000 -111.34,45.28,4000 -111.35,45.29,4000 -111.35,45.30,4000 -111.35,45.31,4000 -111.36,45.31,4000 -111.36,45.32,4000 -111.36,45.33,4000 -111.36,45.34,4000 -111.37,45.35,4000 -111.37,45.36,4000 -111.31,45.39,4000 
          </coordinates>
        </LinearRing>
      </innerBoundaryIs>
  </Polygon>
 </MultiGeometry>
</Placemark>
<Placemark>
  <name>20%</name>
  <visibility>1</visibility>
  <styleUrl>#poly_20</styleUrl>
  <MultiGeometry>
    <Polygon>
      <outerBoundaryIs>
        <LinearRing>
          <coordinates>
-105.90,40.78,3000 -105.81,40.78,3000 -105.73,40.77,3000 -105.65,40.75,3000 -105.59,40.72,3000 -105.54,40.68,3000 -105.49,40.62,3000 -105.45,40.56,3000 -105.43,40.50,3000 -105.41,40.44,3000 -105.40,40.37,3000 -105.38,40.29,3000 -105.37,40.21,3000 -105.36,40.14,3000 -105.35,40.07,3000 -105.33,39.99,3000 -105.32,39.91,3000 -105.31,39.83,3000 -105.30,39.76,3000 -105.30,39.69,3000 -105.30,39.60,3000 -105.29,39.53,3000 -105.30,39.45,3000 -105.31,39.39,3000 -105.33,39.33,3000 -105.38,39.27,3000 -105.45,39.22,3000 -105.53,39.18,3000 -105.60,39.15,3000 -105.69,39.14,3000 -105.77,39.14,3000 -105.86,39.12,3000 -105.92,39.09,3000 -105.98,39.04,3000 -106.05,38.99,3000 -106.11,38.94,3000 -106.17,38.90,3000 -106.23,38.84,3000 -106.29,38.78,3000 -106.35,38.74,3000 -106.42,38.73,3000 -106.48,38.75,3000 -106.55,38.79,3000 -106.63,38.83,3000 -106.71,38.89,3000 -106.77,38.95,3000 -106.82,39.01,3000 -106.85,39.06,3000 -106.85,39.12,3000 -106.81,39.18,3000 -106.76,39.24,3000 -106.69,39.31,3000 -106.63,39.37,3000 -106.57,39.43,3000 -106.52,39.49,3000 -106.47,39.55,3000 -106.41,39.61,3000 -106.36,39.67,3000 -106.31,39.73,3000 -106.26,39.78,3000 -106.19,39.84,3000 -106.12,39.90,3000 -106.05,39.95,3000 -106.01,40.00,3000 -105.99,40.06,3000 -105.98,40.12,3000 -105.99,40.19,3000 -106.00,40.25,3000 -106.01,40.32,3000 -106.04,40.38,3000 -106.06,40.45,3000 -106.09,40.52,3000 -105.90,40.78,3000 
          </coordinates>
        </LinearRing>
      </outerBoundaryIs>
      <innerBoundaryIs>
        <LinearRing>
          <coordinates>
-105.90,40.69,4000 -105.82,40.69,4000 -105.74,40.69,4000 -105.67,40.68,4000 -105.61,40.66,4000 -105.56,40.62,4000 -105.52,40.56,4000 -105.50,40.51,4000 -105.49,40.46,4000 -105.48,40.40,4000 -105.47,40.34,4000 -105.46,40.27,4000 -105.45,40.21,4000 -105.44,40.15,4000 -105.42,40.09,4000 -105.41,40.03,4000 -105.39,39.98,4000 -105.38,39.92,4000 -105.37,39.86,4000 -105.36,39.80,4000 -105.36,39.74,4000 -105.36,39.68,4000 -105.36,39.62,4000 -105.36,39.56,4000 -105.37,39.51,4000 -105.38,39.45,4000 -105.40,39.38,4000 -105.42,39.32,4000 -105.46,39.27,4000 -105.51,39.23,4000 -105.57,39.21,4000 -105.65,39.19,4000 -105.73,39.19,4000 -105.82,39.18,4000 -105.89,39.17,4000 -105.96,39.16,4000 -106.03,39.13,4000 -106.08,39.08,4000 -106.13,39.04,4000 -106.18,39.00,4000 -106.23,38.95,4000 -106.28,38.90,4000 -106.34,38.86,4000 -106.39,38.85,4000 -106.44,38.87,4000 -106.50,38.90,4000 -106.56,38.95,4000 -106.61,39.01,4000 -106.63,39.07,4000 -106.63,39.13,4000 -106.61,39.19,4000 -106.57,39.26,4000 -106.54,39.33,4000 -106.50,39.39,4000 -106.47,39.44,4000 -106.44,39.50,4000 -106.40,39.54,4000 -106.37,39.58,4000 -106.33,39.62,4000 -106.28,39.67,4000 -106.23,39.72,4000 -106.17,39.77,4000 -106.12,39.82,4000 -106.07,39.87,4000 -106.01,39.91,4000 -105.97,39.96,4000 -105.93,40.00,4000 -105.90,40.06,4000 -105.89,40.11,4000 -105.89,40.17,4000 -105.91,40.23,4000 -105.95,40.29,4000 -105.98,40.35,4000 -106.00,40.41,4000 -106.00,40.46,4000 -106.01,40.52,4000 -105.90,40.69,4000 
          </coordinates>
        </LinearRing>
      </innerBoundaryIs>
  </Polygon>
 </MultiGeometry>
</Placemark>
<Placemark>
  <name>20%</name>
  <visibility>1</visibility>
  <styleUrl>#poly_20</styleUrl>
  <MultiGeometry>
    <Polygon>
      <outerBoundaryIs>
        <LinearRing>
          <coordinates>
-115.89,51.54,3000 -115.87,51.54,3000 -115.86,51.54,3000 -115.84,51.54,3000 -115.82,51.54,3000 -115.81,51.54,3000 -115.79,51.54,3000 -115.78,51.54,3000 -115.76,51.54,3000 -115.75,51.54,3000 -115.73,51.54,3000 -115.72,51.54,3000 -115.70,51.54,3000 -115.69,51.54,3000 -115.67,51.53,3000 -115.66,51.53,3000 -115.65,51.53,3000 -115.63,51.52,3000 -115.62,51.52,3000 -115.61,51.52,3000 -115.60,51.51,3000 -115.59,51.50,3000 -115.58,51.50,3000 -115.56,51.49,3000 -115.55,51.48,3000 -115.54,51.47,3000 -115.53,51.47,3000 -115.52,51.46,3000 -115.51,51.45,3000 -115.50,51.44,3000 -115.49,51.43,3000 -115.48,51.42,3000 -115.48,51.41,3000 -115.47,51.40,3000 -115.46,51.40,3000 -115.46,51.39,3000 -115.46,51.38,3000 -115.45,51.38,3000 -115.45,51.37,3000 -115.45,51.36,3000 -115.45,51.35,3000 -115.46,51.34,3000 -115.46,51.34,3000 -115.47,51.33,3000 -115.48,51.32,3000 -115.50,51.32,3000 -115.51,51.31,3000 -115.53,51.31,3000 -115.54,51.30,3000 -115.56,51.30,3000 -115.57,51.30,3000 -115.58,51.30,3000 -115.60,51.30,3000 -115.61,51.30,3000 -115.63,51.30,3000 -115.65,51.30,3000 -115.66,51.30,3000 -115.68,51.30,3000 -115.70,51.30,3000 -115.72,51.30,3000 -115.73,51.30,3000 -115.75,51.30,3000 -115.77,51.30,3000 -115.78,51.31,3000 -115.80,51.31,3000 -115.81,51.31,3000 -115.82,51.31,3000 -115.83,51.31,3000 -115.86,51.31,3000 -115.87,51.31,3000 -115.87,51.31,3000 -115.88,51.33,3000 -115.88,51.34,3000 -115.89,51.34,3000 -115.89,51.35,3000 -115.90,51.35,3000 -115.90,51.36,3000 -115.90,51.37,3000 -115.91,51.38,3000 -115.91,51.39,3000 -115.92,51.40,3000 -115.92,51.41,3000 -115.93,51.42,3000 -115.93,51.43,3000 -115.94,51.44,3000 -115.94,51.45,3000 -115.95,51.46,3000 -115.95,51.47,3000 -115.96,51.48,3000 -115.96,51.49,3000 -115.89,51.54,3000 
          </coordinates>
        </LinearRing>
      </outerBoundaryIs>
  </Polygon>
 </MultiGeometry>
</Placemark>
<Placemark>
  <name>20%</name>
  <visibility>1</visibility>
  <styleUrl>#poly_20</styleUrl>
  <MultiGeometry>
    <Polygon>
      <outerBoundaryIs>
        <LinearRing>
          <coordinates>
-107.84,45.06,3000 -107.78,45.05,3000 -107.72,45.04,3000 -107.67,45.03,3000 -107.63,45.02,3000 -107.59,45.01,3000 -107.55,44.99,3000 -107.52,44.96,3000 -107.49,44.94,3000 -107.45,44.92,3000 -107.40,44.89,3000 -107.36,44.87,3000 -107.33,44.85,3000 -107.30,44.83,3000 -107.26,44.81,3000 -107.23,44.79,3000 -107.19,44.77,3000 -107.14,44.74,3000 -107.10,44.72,3000 -107.07,44.70,3000 -107.03,44.68,3000 -107.01,44.67,3000 -106.98,44.65,3000 -106.95,44.62,3000 -106.92,44.59,3000 -106.88,44.56,3000 -106.85,44.52,3000 -106.83,44.49,3000 -106.81,44.45,3000 -106.80,44.41,3000 -106.80,44.38,3000 -106.79,44.35,3000 -106.77,44.32,3000 -106.78,44.29,3000 -106.78,44.26,3000 -106.78,44.22,3000 -106.79,44.18,3000 -106.81,44.14,3000 -106.83,44.11,3000 -106.86,44.08,3000 -106.90,44.05,3000 -106.94,44.03,3000 -106.98,44.01,3000 -107.02,44.00,3000 -107.07,44.00,3000 -107.13,44.00,3000 -107.18,44.00,3000 -107.22,44.01,3000 -107.26,44.02,3000 -107.30,44.04,3000 -107.33,44.07,3000 -107.36,44.09,3000 -107.39,44.11,3000 -107.42,44.14,3000 -107.45,44.16,3000 -107.47,44.19,3000 -107.49,44.21,3000 -107.52,44.24,3000 -107.55,44.27,3000 -107.57,44.30,3000 -107.60,44.33,3000 -107.63,44.37,3000 -107.66,44.40,3000 -107.69,44.43,3000 -107.72,44.47,3000 -107.74,44.49,3000 -107.77,44.52,3000 -107.80,44.54,3000 -107.83,44.56,3000 -107.87,44.59,3000 -107.90,44.62,3000 -107.93,44.65,3000 -107.96,44.68,3000 -107.99,44.72,3000 -108.01,44.75,3000 -108.02,44.78,3000 -108.03,44.82,3000 -108.03,44.86,3000 -108.03,44.89,3000 -108.03,44.93,3000 -107.84,45.06,3000 
          </coordinates>
        </LinearRing>
      </outerBoundaryIs>
      <innerBoundaryIs>
        <LinearRing>
          <coordinates>
-107.83,44.99,4000 -107.79,44.98,4000 -107.74,44.97,4000 -107.70,44.96,4000 -107.67,44.95,4000 -107.63,44.95,4000 -107.58,44.93,4000 -107.55,44.91,4000 -107.51,44.89,4000 -107.47,44.87,4000 -107.42,44.84,4000 -107.39,44.82,4000 -107.36,44.80,4000 -107.34,44.79,4000 -107.32,44.78,4000 -107.29,44.77,4000 -107.26,44.74,4000 -107.22,44.72,4000 -107.18,44.70,4000 -107.14,44.67,4000 -107.10,44.65,4000 -107.08,44.64,4000 -107.06,44.63,4000 -107.04,44.61,4000 -107.01,44.59,4000 -106.98,44.56,4000 -106.94,44.54,4000 -106.91,44.51,4000 -106.89,44.48,4000 -106.87,44.45,4000 -106.85,44.42,4000 -106.84,44.39,4000 -106.83,44.35,4000 -106.83,44.32,4000 -106.83,44.29,4000 -106.84,44.26,4000 -106.86,44.22,4000 -106.87,44.19,4000 -106.89,44.16,4000 -106.90,44.14,4000 -106.92,44.11,4000 -106.95,44.08,4000 -106.99,44.07,4000 -107.03,44.06,4000 -107.08,44.06,4000 -107.14,44.06,4000 -107.19,44.07,4000 -107.23,44.07,4000 -107.27,44.08,4000 -107.30,44.11,4000 -107.32,44.13,4000 -107.35,44.16,4000 -107.39,44.19,4000 -107.42,44.22,4000 -107.45,44.25,4000 -107.47,44.27,4000 -107.49,44.30,4000 -107.51,44.32,4000 -107.53,44.34,4000 -107.54,44.36,4000 -107.56,44.39,4000 -107.59,44.41,4000 -107.61,44.44,4000 -107.63,44.47,4000 -107.66,44.50,4000 -107.70,44.53,4000 -107.73,44.56,4000 -107.75,44.58,4000 -107.77,44.60,4000 -107.78,44.61,4000 -107.80,44.63,4000 -107.83,44.65,4000 -107.86,44.68,4000 -107.90,44.70,4000 -107.92,44.73,4000 -107.94,44.76,4000 -107.95,44.79,4000 -107.95,44.83,4000 -107.94,44.86,4000 -107.93,44.90,4000 -107.91,44.93,4000 -107.83,44.99,4000 
          </coordinates>
        </LinearRing>
      </innerBoundaryIs>
  </Polygon>
 </MultiGeometry>
</Placemark>
<Placemark>
  <name>20%</name>
  <visibility>1</visibility>
  <styleUrl>#poly_20</styleUrl>
  <MultiGeometry>
    <Polygon>
      <outerBoundaryIs>
        <LinearRing>
          <coordinates>
-90.83,51.68,3000 -90.71,51.66,3000 -90.59,51.63,3000 -90.47,51.60,3000 -90.35,51.55,3000 -90.22,51.49,3000 -90.07,51.43,3000 -89.94,51.39,3000 -89.80,51.36,3000 -89.66,51.33,3000 -89.52,51.30,3000 -89.41,51.28,3000 -89.31,51.27,3000 -89.20,51.26,3000 -89.04,51.24,3000 -88.92,51.22,3000 -88.78,51.20,3000 -88.62,51.17,3000 -88.46,51.14,3000 -88.30,51.12,3000 -88.15,51.09,3000 -88.02,51.07,3000 -87.83,51.04,3000 -87.68,51.02,3000 -87.54,51.00,3000 -87.41,50.98,3000 -87.26,50.95,3000 -87.13,50.91,3000 -87.00,50.87,3000 -86.88,50.82,3000 -86.75,50.77,3000 -86.62,50.71,3000 -86.52,50.67,3000 -86.42,50.62,3000 -86.33,50.58,3000 -86.21,50.56,3000 -86.08,50.55,3000 -86.00,50.53,3000 -86.10,50.48,3000 -86.19,50.49,3000 -86.31,50.51,3000 -86.43,50.52,3000 -86.52,50.53,3000 -86.60,50.53,3000 -86.77,50.52,3000 -86.89,50.51,3000 -87.03,50.49,3000 -87.19,50.46,3000 -87.36,50.44,3000 -87.52,50.41,3000 -87.68,50.39,3000 -87.81,50.38,3000 -87.99,50.37,3000 -88.14,50.37,3000 -88.27,50.38,3000 -88.42,50.38,3000 -88.55,50.38,3000 -88.69,50.37,3000 -88.83,50.36,3000 -88.97,50.36,3000 -89.10,50.36,3000 -89.26,50.36,3000 -89.42,50.37,3000 -89.57,50.39,3000 -89.71,50.40,3000 -89.84,50.42,3000 -89.96,50.44,3000 -90.08,50.46,3000 -90.20,50.49,3000 -90.32,50.52,3000 -90.45,50.55,3000 -90.57,50.59,3000 -90.69,50.63,3000 -90.81,50.68,3000 -90.92,50.73,3000 -91.03,50.78,3000 -91.12,50.84,3000 -91.21,50.92,3000 -91.27,50.99,3000 -91.32,51.07,3000 -91.35,51.14,3000 -91.36,51.21,3000 -91.35,51.28,3000 -91.33,51.35,3000 -91.29,51.42,3000 -91.24,51.49,3000 -90.83,51.68,3000 
          </coordinates>
        </LinearRing>
      </outerBoundaryIs>
      <innerBoundaryIs>
        <LinearRing>
          <coordinates>
-90.84,51.57,4000 -90.74,51.55,4000 -90.64,51.53,4000 -90.54,51.51,4000 -90.44,51.48,4000 -90.35,51.45,4000 -90.28,51.41,4000 -90.19,51.38,4000 -90.07,51.34,4000 -89.98,51.32,4000 -89.88,51.30,4000 -89.77,51.28,4000 -89.65,51.26,4000 -89.53,51.24,4000 -89.41,51.22,4000 -89.30,51.20,4000 -89.19,51.18,4000 -89.09,51.17,4000 -88.98,51.15,4000 -88.88,51.13,4000 -88.77,51.12,4000 -88.65,51.10,4000 -88.53,51.08,4000 -88.42,51.06,4000 -88.31,51.05,4000 -88.19,51.03,4000 -88.07,51.01,4000 -87.94,50.99,4000 -87.82,50.97,4000 -87.71,50.95,4000 -87.60,50.93,4000 -87.51,50.91,4000 -87.36,50.87,4000 -87.23,50.83,4000 -87.12,50.79,4000 -87.03,50.76,4000 -86.98,50.72,4000 -86.97,50.67,4000 -87.04,50.62,4000 -87.14,50.58,4000 -87.22,50.55,4000 -87.32,50.53,4000 -87.44,50.52,4000 -87.55,50.50,4000 -87.67,50.49,4000 -87.79,50.47,4000 -87.91,50.46,4000 -88.04,50.46,4000 -88.14,50.46,4000 -88.24,50.47,4000 -88.34,50.47,4000 -88.46,50.48,4000 -88.58,50.48,4000 -88.68,50.48,4000 -88.78,50.48,4000 -88.89,50.47,4000 -89.01,50.47,4000 -89.12,50.47,4000 -89.24,50.47,4000 -89.35,50.47,4000 -89.46,50.48,4000 -89.57,50.49,4000 -89.68,50.50,4000 -89.78,50.51,4000 -89.89,50.53,4000 -90.00,50.55,4000 -90.11,50.57,4000 -90.22,50.60,4000 -90.34,50.63,4000 -90.47,50.66,4000 -90.59,50.70,4000 -90.70,50.74,4000 -90.80,50.77,4000 -90.88,50.80,4000 -91.00,50.86,4000 -91.06,50.91,4000 -91.11,50.96,4000 -91.16,51.02,4000 -91.20,51.09,4000 -91.22,51.17,4000 -91.21,51.23,4000 -91.19,51.30,4000 -91.15,51.37,4000 -91.11,51.44,4000 -90.84,51.57,4000 
          </coordinates>
        </LinearRing>
      </innerBoundaryIs>
  </Polygon>
 </MultiGeometry>
</Placemark>
<Placemark>
  <name>30%</name>
  <visibility>1</visibility>
  <styleUrl>#poly_30</styleUrl>
  <MultiGeometry>
    <Polygon>
      <outerBoundaryIs>
        <LinearRing>
          <coordinates>
-107.83,44.99,4000 -107.79,44.98,4000 -107.74,44.97,4000 -107.70,44.96,4000 -107.67,44.95,4000 -107.63,44.95,4000 -107.58,44.93,4000 -107.55,44.91,4000 -107.51,44.89,4000 -107.47,44.87,4000 -107.42,44.84,4000 -107.39,44.82,4000 -107.36,44.80,4000 -107.34,44.79,4000 -107.32,44.78,4000 -107.29,44.77,4000 -107.26,44.74,4000 -107.22,44.72,4000 -107.18,44.70,4000 -107.14,44.67,4000 -107.10,44.65,4000 -107.08,44.64,4000 -107.06,44.63,4000 -107.04,44.61,4000 -107.01,44.59,4000 -106.98,44.56,4000 -106.94,44.54,4000 -106.91,44.51,4000 -106.89,44.48,4000 -106.87,44.45,4000 -106.85,44.42,4000 -106.84,44.39,4000 -106.83,44.35,4000 -106.83,44.32,4000 -106.83,44.29,4000 -106.84,44.26,4000 -106.86,44.22,4000 -106.87,44.19,4000 -106.89,44.16,4000 -106.90,44.14,4000 -106.92,44.11,4000 -106.95,44.08,4000 -106.99,44.07,4000 -107.03,44.06,4000 -107.08,44.06,4000 -107.14,44.06,4000 -107.19,44.07,4000 -107.23,44.07,4000 -107.27,44.08,4000 -107.30,44.11,4000 -107.32,44.13,4000 -107.35,44.16,4000 -107.39,44.19,4000 -107.42,44.22,4000 -107.45,44.25,4000 -107.47,44.27,4000 -107.49,44.30,4000 -107.51,44.32,4000 -107.53,44.34,4000 -107.54,44.36,4000 -107.56,44.39,4000 -107.59,44.41,4000 -107.61,44.44,4000 -107.63,44.47,4000 -107.66,44.50,4000 -107.70,44.53,4000 -107.73,44.56,4000 -107.75,44.58,4000 -107.77,44.60,4000 -107.78,44.61,4000 -107.80,44.63,4000 -107.83,44.65,4000 -107.86,44.68,4000 -107.90,44.70,4000 -107.92,44.73,4000 -107.94,44.76,4000 -107.95,44.79,4000 -107.95,44.83,4000 -107.94,44.86,4000 -107.93,44.90,4000 -107.91,44.93,4000 -107.83,44.99,4000 
          </coordinates>
        </LinearRing>
      </outerBoundaryIs>
      <innerBoundaryIs>
        <LinearRing>
          <coordinates>
-107.82,44.89,5000 -107.78,44.89,5000 -107.74,44.88,5000 -107.71,44.88,5000 -107.67,44.88,5000 -107.64,44.87,5000 -107.61,44.87,5000 -107.58,44.86,5000 -107.54,44.85,5000 -107.51,44.83,5000 -107.49,44.81,5000 -107.46,44.79,5000 -107.43,44.78,5000 -107.41,44.76,5000 -107.38,44.75,5000 -107.35,44.73,5000 -107.32,44.72,5000 -107.29,44.70,5000 -107.26,44.69,5000 -107.23,44.67,5000 -107.20,44.66,5000 -107.17,44.64,5000 -107.14,44.62,5000 -107.11,44.61,5000 -107.08,44.59,5000 -107.05,44.57,5000 -107.03,44.55,5000 -107.01,44.54,5000 -106.99,44.52,5000 -106.97,44.50,5000 -106.95,44.48,5000 -106.94,44.46,5000 -106.93,44.44,5000 -106.91,44.41,5000 -106.90,44.39,5000 -106.89,44.36,5000 -106.89,44.34,5000 -106.89,44.31,5000 -106.90,44.28,5000 -106.91,44.25,5000 -106.93,44.22,5000 -106.95,44.20,5000 -106.96,44.17,5000 -106.98,44.15,5000 -106.99,44.13,5000 -107.00,44.13,5000 -107.01,44.13,5000 -107.05,44.13,5000 -107.08,44.13,5000 -107.12,44.13,5000 -107.16,44.13,5000 -107.20,44.13,5000 -107.24,44.14,5000 -107.27,44.15,5000 -107.29,44.17,5000 -107.32,44.19,5000 -107.34,44.21,5000 -107.37,44.24,5000 -107.39,44.26,5000 -107.41,44.28,5000 -107.43,44.30,5000 -107.45,44.33,5000 -107.47,44.36,5000 -107.49,44.38,5000 -107.51,44.40,5000 -107.52,44.42,5000 -107.54,44.44,5000 -107.55,44.46,5000 -107.57,44.48,5000 -107.60,44.50,5000 -107.62,44.53,5000 -107.65,44.55,5000 -107.67,44.58,5000 -107.69,44.60,5000 -107.72,44.62,5000 -107.74,44.65,5000 -107.76,44.67,5000 -107.78,44.68,5000 -107.80,44.70,5000 -107.82,44.73,5000 -107.84,44.75,5000 -107.86,44.77,5000 -107.82,44.89,5000 
          </coordinates>
        </LinearRing>
      </innerBoundaryIs>
  </Polygon>
 </MultiGeometry>
</Placemark>
<Placemark>
  <name>30%</name>
  <visibility>1</visibility>
  <styleUrl>#poly_30</styleUrl>
  <MultiGeometry>
    <Polygon>
      <outerBoundaryIs>
        <LinearRing>
          <coordinates>
-105.90,40.69,4000 -105.82,40.69,4000 -105.74,40.69,4000 -105.67,40.68,4000 -105.61,40.66,4000 -105.56,40.62,4000 -105.52,40.56,4000 -105.50,40.51,4000 -105.49,40.46,4000 -105.48,40.40,4000 -105.47,40.34,4000 -105.46,40.27,4000 -105.45,40.21,4000 -105.44,40.15,4000 -105.42,40.09,4000 -105.41,40.03,4000 -105.39,39.98,4000 -105.38,39.92,4000 -105.37,39.86,4000 -105.36,39.80,4000 -105.36,39.74,4000 -105.36,39.68,4000 -105.36,39.62,4000 -105.36,39.56,4000 -105.37,39.51,4000 -105.38,39.45,4000 -105.40,39.38,4000 -105.42,39.32,4000 -105.46,39.27,4000 -105.51,39.23,4000 -105.57,39.21,4000 -105.65,39.19,4000 -105.73,39.19,4000 -105.82,39.18,4000 -105.89,39.17,4000 -105.96,39.16,4000 -106.03,39.13,4000 -106.08,39.08,4000 -106.13,39.04,4000 -106.18,39.00,4000 -106.23,38.95,4000 -106.28,38.90,4000 -106.34,38.86,4000 -106.39,38.85,4000 -106.44,38.87,4000 -106.50,38.90,4000 -106.56,38.95,4000 -106.61,39.01,4000 -106.63,39.07,4000 -106.63,39.13,4000 -106.61,39.19,4000 -106.57,39.26,4000 -106.54,39.33,4000 -106.50,39.39,4000 -106.47,39.44,4000 -106.44,39.50,4000 -106.40,39.54,4000 -106.37,39.58,4000 -106.33,39.62,4000 -106.28,39.67,4000 -106.23,39.72,4000 -106.17,39.77,4000 -106.12,39.82,4000 -106.07,39.87,4000 -106.01,39.91,4000 -105.97,39.96,4000 -105.93,40.00,4000 -105.90,40.06,4000 -105.89,40.11,4000 -105.89,40.17,4000 -105.91,40.23,4000 -105.95,40.29,4000 -105.98,40.35,4000 -106.00,40.41,4000 -106.00,40.46,4000 -106.01,40.52,4000 -105.90,40.69,4000 
          </coordinates>
        </LinearRing>
      </outerBoundaryIs>
      <innerBoundaryIs>
        <LinearRing>
          <coordinates>
-105.89,40.61,5000 -105.82,40.61,5000 -105.75,40.61,5000 -105.69,40.60,5000 -105.63,40.58,5000 -105.59,40.55,5000 -105.57,40.52,5000 -105.56,40.47,5000 -105.55,40.42,5000 -105.55,40.36,5000 -105.54,40.31,5000 -105.54,40.25,5000 -105.53,40.20,5000 -105.52,40.15,5000 -105.50,40.10,5000 -105.48,40.05,5000 -105.47,40.01,5000 -105.45,39.96,5000 -105.44,39.91,5000 -105.43,39.86,5000 -105.42,39.81,5000 -105.42,39.75,5000 -105.42,39.70,5000 -105.42,39.64,5000 -105.42,39.59,5000 -105.42,39.54,5000 -105.43,39.50,5000 -105.44,39.44,5000 -105.45,39.39,5000 -105.47,39.35,5000 -105.52,39.31,5000 -105.57,39.29,5000 -105.63,39.28,5000 -105.70,39.26,5000 -105.77,39.25,5000 -105.85,39.24,5000 -105.91,39.22,5000 -105.97,39.21,5000 -106.04,39.18,5000 -106.09,39.14,5000 -106.14,39.11,5000 -106.19,39.09,5000 -106.26,39.07,5000 -106.34,39.06,5000 -106.41,39.06,5000 -106.46,39.08,5000 -106.48,39.12,5000 -106.48,39.17,5000 -106.46,39.23,5000 -106.44,39.30,5000 -106.42,39.34,5000 -106.40,39.39,5000 -106.37,39.44,5000 -106.34,39.49,5000 -106.30,39.54,5000 -106.27,39.58,5000 -106.24,39.62,5000 -106.20,39.67,5000 -106.16,39.70,5000 -106.11,39.74,5000 -106.07,39.77,5000 -106.03,39.81,5000 -105.99,39.85,5000 -105.95,39.89,5000 -105.91,39.93,5000 -105.88,39.97,5000 -105.85,40.01,5000 -105.82,40.06,5000 -105.78,40.10,5000 -105.76,40.15,5000 -105.76,40.19,5000 -105.78,40.23,5000 -105.81,40.28,5000 -105.86,40.32,5000 -105.91,40.36,5000 -105.89,40.61,5000 
          </coordinates>
        </LinearRing>
      </innerBoundaryIs>
  </Polygon>
 </MultiGeometry>
</Placemark>
<Placemark>
  <name>30%</name>
  <visibility>1</visibility>
  <styleUrl>#poly_30</styleUrl>
  <MultiGeometry>
    <Polygon>
      <outerBoundaryIs>
        <LinearRing>
          <coordinates>
-110.35,45.54,4000 -110.23,45.56,4000 -110.11,45.56,4000 -110.02,45.54,4000 -109.91,45.49,4000 -109.81,45.44,4000 -109.70,45.38,4000 -109.59,45.33,4000 -109.46,45.27,4000 -109.35,45.20,4000 -109.25,45.13,4000 -109.21,45.01,4000 -109.24,44.93,4000 -109.30,44.82,4000 -109.37,44.71,4000 -109.43,44.61,4000 -109.47,44.53,4000 -109.49,44.43,4000 -109.45,44.37,4000 -109.37,44.30,4000 -109.27,44.22,4000 -109.18,44.15,4000 -109.10,44.08,4000 -109.05,44.01,4000 -109.00,43.92,4000 -108.98,43.83,4000 -109.01,43.73,4000 -109.08,43.64,4000 -109.19,43.60,4000 -109.30,43.57,4000 -109.40,43.52,4000 -109.45,43.45,4000 -109.41,43.38,4000 -109.31,43.28,4000 -109.25,43.21,4000 -109.18,43.12,4000 -109.10,43.02,4000 -109.03,42.93,4000 -108.98,42.86,4000 -108.93,42.74,4000 -108.95,42.66,4000 -109.04,42.62,4000 -109.17,42.61,4000 -109.25,42.62,4000 -109.34,42.65,4000 -109.44,42.71,4000 -109.52,42.76,4000 -109.61,42.83,4000 -109.70,42.90,4000 -109.80,42.98,4000 -109.88,43.06,4000 -109.96,43.15,4000 -110.03,43.24,4000 -110.10,43.33,4000 -110.16,43.44,4000 -110.21,43.55,4000 -110.24,43.64,4000 -110.26,43.74,4000 -110.27,43.85,4000 -110.29,43.96,4000 -110.30,44.06,4000 -110.31,44.16,4000 -110.32,44.24,4000 -110.35,44.37,4000 -110.38,44.46,4000 -110.40,44.56,4000 -110.39,44.65,4000 -110.37,44.75,4000 -110.36,44.84,4000 -110.36,44.92,4000 -110.44,45.02,4000 -110.53,45.09,4000 -110.59,45.17,4000 -110.63,45.24,4000 -110.57,45.34,4000 -110.35,45.54,4000 
          </coordinates>
        </LinearRing>
      </outerBoundaryIs>
      <innerBoundaryIs>
        <LinearRing>
          <coordinates>
-109.79,43.50,5000 -109.75,43.48,5000 -109.71,43.47,5000 -109.68,43.45,5000 -109.65,43.44,5000 -109.62,43.43,5000 -109.58,43.42,5000 -109.54,43.41,5000 -109.52,43.39,5000 -109.49,43.37,5000 -109.46,43.35,5000 -109.43,43.32,5000 -109.41,43.29,5000 -109.38,43.27,5000 -109.35,43.25,5000 -109.33,43.22,5000 -109.30,43.20,5000 -109.28,43.18,5000 -109.26,43.16,5000 -109.24,43.14,5000 -109.23,43.13,5000 -109.21,43.11,5000 -109.20,43.09,5000 -109.18,43.07,5000 -109.16,43.05,5000 -109.15,43.02,5000 -109.13,42.99,5000 -109.11,42.97,5000 -109.10,42.94,5000 -109.08,42.91,5000 -109.07,42.88,5000 -109.05,42.85,5000 -109.04,42.82,5000 -109.04,42.79,5000 -109.04,42.77,5000 -109.06,42.74,5000 -109.09,42.72,5000 -109.12,42.70,5000 -109.16,42.69,5000 -109.20,42.68,5000 -109.23,42.68,5000 -109.27,42.70,5000 -109.31,42.72,5000 -109.34,42.74,5000 -109.37,42.75,5000 -109.40,42.76,5000 -109.42,42.76,5000 -109.45,42.78,5000 -109.47,42.80,5000 -109.50,42.81,5000 -109.53,42.84,5000 -109.56,42.86,5000 -109.59,42.88,5000 -109.61,42.90,5000 -109.64,42.92,5000 -109.67,42.94,5000 -109.70,42.96,5000 -109.72,42.98,5000 -109.74,43.00,5000 -109.77,43.01,5000 -109.79,43.03,5000 -109.81,43.06,5000 -109.83,43.08,5000 -109.84,43.10,5000 -109.86,43.13,5000 -109.88,43.15,5000 -109.90,43.18,5000 -109.91,43.20,5000 -109.92,43.23,5000 -109.92,43.26,5000 -109.92,43.29,5000 -109.92,43.31,5000 -109.91,43.34,5000 -109.90,43.37,5000 -109.89,43.40,5000 -109.79,43.50,5000 
          </coordinates>
        </LinearRing>
      </innerBoundaryIs>
      <innerBoundaryIs>
        <LinearRing>
          <coordinates>
-110.35,45.49,5000 -110.25,45.50,5000 -110.15,45.50,5000 -110.06,45.49,5000 -109.99,45.48,5000 -109.94,45.45,5000 -109.85,45.41,5000 -109.78,45.38,5000 -109.70,45.34,5000 -109.61,45.30,5000 -109.53,45.25,5000 -109.45,45.21,5000 -109.39,45.17,5000 -109.32,45.12,5000 -109.29,45.07,5000 -109.29,45.00,5000 -109.31,44.95,5000 -109.33,44.88,5000 -109.37,44.81,5000 -109.41,44.74,5000 -109.45,44.68,5000 -109.48,44.63,5000 -109.53,44.57,5000 -109.58,44.53,5000 -109.61,44.50,5000 -109.62,44.44,5000 -109.59,44.39,5000 -109.55,44.35,5000 -109.50,44.31,5000 -109.43,44.26,5000 -109.38,44.22,5000 -109.32,44.18,5000 -109.26,44.13,5000 -109.19,44.08,5000 -109.14,44.03,5000 -109.10,43.99,5000 -109.06,43.93,5000 -109.05,43.87,5000 -109.05,43.82,5000 -109.07,43.77,5000 -109.10,43.73,5000 -109.15,43.69,5000 -109.23,43.66,5000 -109.33,43.64,5000 -109.40,43.64,5000 -109.49,43.63,5000 -109.60,43.64,5000 -109.70,43.64,5000 -109.81,43.64,5000 -109.91,43.65,5000 -110.00,43.66,5000 -110.06,43.67,5000 -110.14,43.70,5000 -110.15,43.74,5000 -110.16,43.80,5000 -110.18,43.86,5000 -110.21,43.93,5000 -110.23,44.00,5000 -110.24,44.07,5000 -110.24,44.13,5000 -110.23,44.19,5000 -110.22,44.26,5000 -110.22,44.32,5000 -110.23,44.38,5000 -110.26,44.45,5000 -110.28,44.52,5000 -110.29,44.59,5000 -110.28,44.65,5000 -110.26,44.72,5000 -110.24,44.79,5000 -110.22,44.86,5000 -110.23,44.93,5000 -110.25,44.99,5000 -110.29,45.04,5000 -110.34,45.10,5000 -110.39,45.15,5000 -110.45,45.21,5000 -110.51,45.26,5000 -110.35,45.49,5000 
          </coordinates>
        </LinearRing>
      </innerBoundaryIs>
  </Polygon>
 </MultiGeometry>
</Placemark>
<Placemark>
  <name>30%</name>
  <visibility>1</visibility>
  <styleUrl>#poly_30</styleUrl>
  <MultiGeometry>
    <Polygon>
      <outerBoundaryIs>
        <LinearRing>
          <coordinates>
-90.84,51.57,4000 -90.74,51.55,4000 -90.64,51.53,4000 -90.54,51.51,4000 -90.44,51.48,4000 -90.35,51.45,4000 -90.28,51.41,4000 -90.19,51.38,4000 -90.07,51.34,4000 -89.98,51.32,4000 -89.88,51.30,4000 -89.77,51.28,4000 -89.65,51.26,4000 -89.53,51.24,4000 -89.41,51.22,4000 -89.30,51.20,4000 -89.19,51.18,4000 -89.09,51.17,4000 -88.98,51.15,4000 -88.88,51.13,4000 -88.77,51.12,4000 -88.65,51.10,4000 -88.53,51.08,4000 -88.42,51.06,4000 -88.31,51.05,4000 -88.19,51.03,4000 -88.07,51.01,4000 -87.94,50.99,4000 -87.82,50.97,4000 -87.71,50.95,4000 -87.60,50.93,4000 -87.51,50.91,4000 -87.36,50.87,4000 -87.23,50.83,4000 -87.12,50.79,4000 -87.03,50.76,4000 -86.98,50.72,4000 -86.97,50.67,4000 -87.04,50.62,4000 -87.14,50.58,4000 -87.22,50.55,4000 -87.32,50.53,4000 -87.44,50.52,4000 -87.55,50.50,4000 -87.67,50.49,4000 -87.79,50.47,4000 -87.91,50.46,4000 -88.04,50.46,4000 -88.14,50.46,4000 -88.24,50.47,4000 -88.34,50.47,4000 -88.46,50.48,4000 -88.58,50.48,4000 -88.68,50.48,4000 -88.78,50.48,4000 -88.89,50.47,4000 -89.01,50.47,4000 -89.12,50.47,4000 -89.24,50.47,4000 -89.35,50.47,4000 -89.46,50.48,4000 -89.57,50.49,4000 -89.68,50.50,4000 -89.78,50.51,4000 -89.89,50.53,4000 -90.00,50.55,4000 -90.11,50.57,4000 -90.22,50.60,4000 -90.34,50.63,4000 -90.47,50.66,4000 -90.59,50.70,4000 -90.70,50.74,4000 -90.80,50.77,4000 -90.88,50.80,4000 -91.00,50.86,4000 -91.06,50.91,4000 -91.11,50.96,4000 -91.16,51.02,4000 -91.20,51.09,4000 -91.22,51.17,4000 -91.21,51.23,4000 -91.19,51.30,4000 -91.15,51.37,4000 -91.11,51.44,4000 -90.84,51.57,4000 
          </coordinates>
        </LinearRing>
      </outerBoundaryIs>
      <innerBoundaryIs>
        <LinearRing>
          <coordinates>
-90.84,51.45,5000 -90.74,51.44,5000 -90.65,51.42,5000 -90.56,51.41,5000 -90.48,51.39,5000 -90.41,51.37,5000 -90.36,51.34,5000 -90.25,51.31,5000 -90.17,51.29,5000 -90.08,51.27,5000 -89.98,51.24,5000 -89.87,51.22,5000 -89.76,51.19,5000 -89.65,51.17,5000 -89.56,51.15,5000 -89.45,51.13,5000 -89.36,51.12,5000 -89.26,51.11,5000 -89.17,51.10,5000 -89.05,51.08,5000 -88.96,51.07,5000 -88.87,51.05,5000 -88.77,51.03,5000 -88.66,51.02,5000 -88.56,51.00,5000 -88.46,50.98,5000 -88.37,50.97,5000 -88.28,50.95,5000 -88.16,50.93,5000 -88.05,50.91,5000 -87.95,50.89,5000 -87.86,50.87,5000 -87.77,50.85,5000 -87.67,50.83,5000 -87.58,50.81,5000 -87.51,50.79,5000 -87.46,50.76,5000 -87.44,50.71,5000 -87.47,50.66,5000 -87.54,50.62,5000 -87.61,50.60,5000 -87.70,50.58,5000 -87.81,50.57,5000 -87.93,50.56,5000 -88.06,50.55,5000 -88.14,50.55,5000 -88.23,50.54,5000 -88.33,50.54,5000 -88.43,50.54,5000 -88.53,50.54,5000 -88.63,50.54,5000 -88.73,50.55,5000 -88.83,50.55,5000 -88.93,50.55,5000 -89.03,50.56,5000 -89.13,50.56,5000 -89.23,50.57,5000 -89.33,50.58,5000 -89.43,50.59,5000 -89.52,50.59,5000 -89.60,50.60,5000 -89.72,50.61,5000 -89.82,50.62,5000 -89.91,50.63,5000 -90.01,50.65,5000 -90.11,50.67,5000 -90.21,50.69,5000 -90.31,50.72,5000 -90.42,50.75,5000 -90.53,50.78,5000 -90.62,50.81,5000 -90.70,50.83,5000 -90.80,50.87,5000 -90.87,50.90,5000 -90.92,50.94,5000 -90.96,50.99,5000 -91.00,51.04,5000 -91.03,51.10,5000 -91.06,51.16,5000 -90.84,51.45,5000 
          </coordinates>
        </LinearRing>
      </innerBoundaryIs>
  </Polygon>
 </MultiGeometry>
</Placemark>
<Placemark>
  <name>30%</name>
  <visibility>1</visibility>
  <styleUrl>#poly_30</styleUrl>
  <MultiGeometry>
    <Polygon>
      <outerBoundaryIs>
        <LinearRing>
          <coordinates>
-111.31,45.39,4000 -111.30,45.39,4000 -111.28,45.39,4000 -111.27,45.39,4000 -111.26,45.39,4000 -111.24,45.39,4000 -111.23,45.39,4000 -111.22,45.39,4000 -111.20,45.39,4000 -111.19,45.39,4000 -111.18,45.39,4000 -111.17,45.39,4000 -111.16,45.39,4000 -111.15,45.39,4000 -111.13,45.39,4000 -111.12,45.39,4000 -111.11,45.39,4000 -111.11,45.39,4000 -111.10,45.39,4000 -111.09,45.39,4000 -111.08,45.39,4000 -111.07,45.39,4000 -111.07,45.39,4000 -111.06,45.39,4000 -111.04,45.39,4000 -111.05,45.38,4000 -111.05,45.38,4000 -111.04,45.37,4000 -111.05,45.37,4000 -111.06,45.35,4000 -111.06,45.35,4000 -111.07,45.34,4000 -111.07,45.34,4000 -111.08,45.33,4000 -111.09,45.32,4000 -111.09,45.32,4000 -111.10,45.31,4000 -111.11,45.30,4000 -111.11,45.30,4000 -111.12,45.29,4000 -111.13,45.28,4000 -111.14,45.27,4000 -111.15,45.27,4000 -111.15,45.26,4000 -111.16,45.25,4000 -111.17,45.24,4000 -111.18,45.24,4000 -111.18,45.23,4000 -111.19,45.22,4000 -111.20,45.22,4000 -111.20,45.21,4000 -111.21,45.21,4000 -111.22,45.20,4000 -111.22,45.20,4000 -111.23,45.19,4000 -111.25,45.18,4000 -111.25,45.18,4000 -111.26,45.18,4000 -111.26,45.18,4000 -111.27,45.18,4000 -111.28,45.18,4000 -111.29,45.17,4000 -111.30,45.18,4000 -111.31,45.19,4000 -111.31,45.19,4000 -111.31,45.20,4000 -111.32,45.20,4000 -111.32,45.21,4000 -111.32,45.21,4000 -111.32,45.22,4000 -111.33,45.23,4000 -111.33,45.23,4000 -111.33,45.24,4000 -111.33,45.25,4000 -111.34,45.26,4000 -111.34,45.26,4000 -111.34,45.27,4000 -111.34,45.28,4000 -111.35,45.29,4000 -111.35,45.30,4000 -111.35,45.31,4000 -111.36,45.31,4000 -111.36,45.32,4000 -111.36,45.33,4000 -111.36,45.34,4000 -111.37,45.35,4000 -111.37,45.36,4000 -111.31,45.39,4000 
          </coordinates>
        </LinearRing>
      </outerBoundaryIs>
  </Polygon>
 </MultiGeometry>
</Placemark>
<Placemark>
  <name>40%</name>
  <visibility>1</visibility>
  <styleUrl>#poly_40</styleUrl>
  <MultiGeometry>
    <Polygon>
      <outerBoundaryIs>
        <LinearRing>
          <coordinates>
-109.79,43.50,5000 -109.75,43.48,5000 -109.71,43.47,5000 -109.68,43.45,5000 -109.65,43.44,5000 -109.62,43.43,5000 -109.58,43.42,5000 -109.54,43.41,5000 -109.52,43.39,5000 -109.49,43.37,5000 -109.46,43.35,5000 -109.43,43.32,5000 -109.41,43.29,5000 -109.38,43.27,5000 -109.35,43.25,5000 -109.33,43.22,5000 -109.30,43.20,5000 -109.28,43.18,5000 -109.26,43.16,5000 -109.24,43.14,5000 -109.23,43.13,5000 -109.21,43.11,5000 -109.20,43.09,5000 -109.18,43.07,5000 -109.16,43.05,5000 -109.15,43.02,5000 -109.13,42.99,5000 -109.11,42.97,5000 -109.10,42.94,5000 -109.08,42.91,5000 -109.07,42.88,5000 -109.05,42.85,5000 -109.04,42.82,5000 -109.04,42.79,5000 -109.04,42.77,5000 -109.06,42.74,5000 -109.09,42.72,5000 -109.12,42.70,5000 -109.16,42.69,5000 -109.20,42.68,5000 -109.23,42.68,5000 -109.27,42.70,5000 -109.31,42.72,5000 -109.34,42.74,5000 -109.37,42.75,5000 -109.40,42.76,5000 -109.42,42.76,5000 -109.45,42.78,5000 -109.47,42.80,5000 -109.50,42.81,5000 -109.53,42.84,5000 -109.56,42.86,5000 -109.59,42.88,5000 -109.61,42.90,5000 -109.64,42.92,5000 -109.67,42.94,5000 -109.70,42.96,5000 -109.72,42.98,5000 -109.74,43.00,5000 -109.77,43.01,5000 -109.79,43.03,5000 -109.81,43.06,5000 -109.83,43.08,5000 -109.84,43.10,5000 -109.86,43.13,5000 -109.88,43.15,5000 -109.90,43.18,5000 -109.91,43.20,5000 -109.92,43.23,5000 -109.92,43.26,5000 -109.92,43.29,5000 -109.92,43.31,5000 -109.91,43.34,5000 -109.90,43.37,5000 -109.89,43.40,5000 -109.79,43.50,5000 
          </coordinates>
        </LinearRing>
      </outerBoundaryIs>
      <innerBoundaryIs>
        <LinearRing>
          <coordinates>
-109.77,43.37,6000 -109.74,43.37,6000 -109.70,43.36,6000 -109.67,43.36,6000 -109.64,43.36,6000 -109.61,43.36,6000 -109.58,43.35,6000 -109.55,43.35,6000 -109.53,43.34,6000 -109.50,43.33,6000 -109.49,43.32,6000 -109.47,43.31,6000 -109.46,43.29,6000 -109.44,43.27,6000 -109.43,43.25,6000 -109.41,43.24,6000 -109.39,43.22,6000 -109.37,43.19,6000 -109.35,43.17,6000 -109.33,43.15,6000 -109.32,43.13,6000 -109.30,43.11,6000 -109.29,43.10,6000 -109.27,43.08,6000 -109.26,43.07,6000 -109.25,43.06,6000 -109.24,43.05,6000 -109.22,43.03,6000 -109.21,43.01,6000 -109.19,42.99,6000 -109.18,42.96,6000 -109.17,42.94,6000 -109.17,42.92,6000 -109.17,42.90,6000 -109.17,42.87,6000 -109.17,42.84,6000 -109.17,42.82,6000 -109.17,42.79,6000 -109.18,42.77,6000 -109.18,42.76,6000 -109.19,42.74,6000 -109.21,42.75,6000 -109.21,42.75,6000 -109.24,42.76,6000 -109.26,42.77,6000 -109.28,42.78,6000 -109.31,42.79,6000 -109.35,42.80,6000 -109.38,42.81,6000 -109.41,42.82,6000 -109.44,42.83,6000 -109.46,42.84,6000 -109.49,42.86,6000 -109.50,42.87,6000 -109.52,42.89,6000 -109.54,42.91,6000 -109.56,42.92,6000 -109.58,42.94,6000 -109.60,42.96,6000 -109.63,42.97,6000 -109.65,42.99,6000 -109.68,43.01,6000 -109.70,43.03,6000 -109.72,43.04,6000 -109.73,43.05,6000 -109.75,43.06,6000 -109.75,43.07,6000 -109.76,43.08,6000 -109.77,43.10,6000 -109.78,43.12,6000 -109.79,43.14,6000 -109.81,43.16,6000 -109.82,43.18,6000 -109.83,43.21,6000 -109.85,43.23,6000 -109.77,43.37,6000 
          </coordinates>
        </LinearRing>
      </innerBoundaryIs>
  </Polygon>
 </MultiGeometry>
</Placemark>
<Placemark>
  <name>40%</name>
  <visibility>1</visibility>
  <styleUrl>#poly_40</styleUrl>
  <MultiGeometry>
    <Polygon>
      <outerBoundaryIs>
        <LinearRing>
          <coordinates>
-110.35,45.49,5000 -110.25,45.50,5000 -110.15,45.50,5000 -110.06,45.49,5000 -109.99,45.48,5000 -109.94,45.45,5000 -109.85,45.41,5000 -109.78,45.38,5000 -109.70,45.34,5000 -109.61,45.30,5000 -109.53,45.25,5000 -109.45,45.21,5000 -109.39,45.17,5000 -109.32,45.12,5000 -109.29,45.07,5000 -109.29,45.00,5000 -109.31,44.95,5000 -109.33,44.88,5000 -109.37,44.81,5000 -109.41,44.74,5000 -109.45,44.68,5000 -109.48,44.63,5000 -109.53,44.57,5000 -109.58,44.53,5000 -109.61,44.50,5000 -109.62,44.44,5000 -109.59,44.39,5000 -109.55,44.35,5000 -109.50,44.31,5000 -109.43,44.26,5000 -109.38,44.22,5000 -109.32,44.18,5000 -109.26,44.13,5000 -109.19,44.08,5000 -109.14,44.03,5000 -109.10,43.99,5000 -109.06,43.93,5000 -109.05,43.87,5000 -109.05,43.82,5000 -109.07,43.77,5000 -109.10,43.73,5000 -109.15,43.69,5000 -109.23,43.66,5000 -109.33,43.64,5000 -109.40,43.64,5000 -109.49,43.63,5000 -109.60,43.64,5000 -109.70,43.64,5000 -109.81,43.64,5000 -109.91,43.65,5000 -110.00,43.66,5000 -110.06,43.67,5000 -110.14,43.70,5000 -110.15,43.74,5000 -110.16,43.80,5000 -110.18,43.86,5000 -110.21,43.93,5000 -110.23,44.00,5000 -110.24,44.07,5000 -110.24,44.13,5000 -110.23,44.19,5000 -110.22,44.26,5000 -110.22,44.32,5000 -110.23,44.38,5000 -110.26,44.45,5000 -110.28,44.52,5000 -110.29,44.59,5000 -110.28,44.65,5000 -110.26,44.72,5000 -110.24,44.79,5000 -110.22,44.86,5000 -110.23,44.93,5000 -110.25,44.99,5000 -110.29,45.04,5000 -110.34,45.10,5000 -110.39,45.15,5000 -110.45,45.21,5000 -110.51,45.26,5000 -110.35,45.49,5000 
          </coordinates>
        </LinearRing>
      </outerBoundaryIs>
      <innerBoundaryIs>
        <LinearRing>
          <coordinates>
-110.10,45.46,6000 -110.02,45.43,6000 -109.94,45.40,6000 -109.87,45.37,6000 -109.80,45.35,6000 -109.74,45.32,6000 -109.66,45.28,6000 -109.59,45.25,6000 -109.53,45.20,6000 -109.48,45.16,6000 -109.42,45.11,6000 -109.38,45.06,6000 -109.37,45.00,6000 -109.39,44.95,6000 -109.42,44.88,6000 -109.46,44.82,6000 -109.51,44.75,6000 -109.55,44.69,6000 -109.59,44.64,6000 -109.65,44.59,6000 -109.70,44.55,6000 -109.75,44.52,6000 -109.78,44.49,6000 -109.78,44.45,6000 -109.75,44.42,6000 -109.69,44.37,6000 -109.64,44.34,6000 -109.58,44.31,6000 -109.52,44.27,6000 -109.45,44.23,6000 -109.38,44.19,6000 -109.33,44.14,6000 -109.28,44.09,6000 -109.22,44.03,6000 -109.17,43.97,6000 -109.13,43.91,6000 -109.11,43.85,6000 -109.12,43.81,6000 -109.16,43.78,6000 -109.23,43.76,6000 -109.32,43.74,6000 -109.41,43.73,6000 -109.50,43.72,6000 -109.58,43.71,6000 -109.67,43.70,6000 -109.75,43.71,6000 -109.82,43.72,6000 -109.88,43.73,6000 -109.96,43.75,6000 -110.03,43.78,6000 -110.08,43.83,6000 -110.10,43.87,6000 -110.12,43.93,6000 -110.13,44.00,6000 -110.14,44.06,6000 -110.14,44.12,6000 -110.14,44.17,6000 -110.12,44.24,6000 -110.09,44.28,6000 -110.06,44.33,6000 -110.04,44.38,6000 -110.03,44.42,6000 -110.04,44.47,6000 -110.08,44.51,6000 -110.13,44.55,6000 -110.16,44.60,6000 -110.16,44.65,6000 -110.14,44.71,6000 -110.13,44.78,6000 -110.13,44.84,6000 -110.16,44.90,6000 -110.20,44.96,6000 -110.24,45.01,6000 -110.28,45.06,6000 -110.34,45.11,6000 -110.37,45.17,6000 -110.37,45.22,6000 -110.37,45.29,6000 -110.35,45.36,6000 -110.34,45.43,6000 -110.10,45.46,6000 
          </coordinates>
        </LinearRing>
      </innerBoundaryIs>
  </Polygon>
 </MultiGeometry>
</Placemark>
<Placemark>
  <name>40%</name>
  <visibility>1</visibility>
  <styleUrl>#poly_40</styleUrl>
  <MultiGeometry>
    <Polygon>
      <outerBoundaryIs>
        <LinearRing>
          <coordinates>
-90.84,51.45,5000 -90.74,51.44,5000 -90.65,51.42,5000 -90.56,51.41,5000 -90.48,51.39,5000 -90.41,51.37,5000 -90.36,51.34,5000 -90.25,51.31,5000 -90.17,51.29,5000 -90.08,51.27,5000 -89.98,51.24,5000 -89.87,51.22,5000 -89.76,51.19,5000 -89.65,51.17,5000 -89.56,51.15,5000 -89.45,51.13,5000 -89.36,51.12,5000 -89.26,51.11,5000 -89.17,51.10,5000 -89.05,51.08,5000 -88.96,51.07,5000 -88.87,51.05,5000 -88.77,51.03,5000 -88.66,51.02,5000 -88.56,51.00,5000 -88.46,50.98,5000 -88.37,50.97,5000 -88.28,50.95,5000 -88.16,50.93,5000 -88.05,50.91,5000 -87.95,50.89,5000 -87.86,50.87,5000 -87.77,50.85,5000 -87.67,50.83,5000 -87.58,50.81,5000 -87.51,50.79,5000 -87.46,50.76,5000 -87.44,50.71,5000 -87.47,50.66,5000 -87.54,50.62,5000 -87.61,50.60,5000 -87.70,50.58,5000 -87.81,50.57,5000 -87.93,50.56,5000 -88.06,50.55,5000 -88.14,50.55,5000 -88.23,50.54,5000 -88.33,50.54,5000 -88.43,50.54,5000 -88.53,50.54,5000 -88.63,50.54,5000 -88.73,50.55,5000 -88.83,50.55,5000 -88.93,50.55,5000 -89.03,50.56,5000 -89.13,50.56,5000 -89.23,50.57,5000 -89.33,50.58,5000 -89.43,50.59,5000 -89.52,50.59,5000 -89.60,50.60,5000 -89.72,50.61,5000 -89.82,50.62,5000 -89.91,50.63,5000 -90.01,50.65,5000 -90.11,50.67,5000 -90.21,50.69,5000 -90.31,50.72,5000 -90.42,50.75,5000 -90.53,50.78,5000 -90.62,50.81,5000 -90.70,50.83,5000 -90.80,50.87,5000 -90.87,50.90,5000 -90.92,50.94,5000 -90.96,50.99,5000 -91.00,51.04,5000 -91.03,51.10,5000 -91.06,51.16,5000 -90.84,51.45,5000 
          </coordinates>
        </LinearRing>
      </outerBoundaryIs>
      <innerBoundaryIs>
        <LinearRing>
          <coordinates>
-90.86,51.21,6000 -90.80,51.24,6000 -90.73,51.27,6000 -90.67,51.29,6000 -90.60,51.30,6000 -90.54,51.29,6000 -90.48,51.28,6000 -90.41,51.25,6000 -90.34,51.23,6000 -90.27,51.21,6000 -90.20,51.20,6000 -90.12,51.18,6000 -90.04,51.16,6000 -89.96,51.14,6000 -89.88,51.12,6000 -89.81,51.10,6000 -89.74,51.08,6000 -89.66,51.07,6000 -89.57,51.05,6000 -89.49,51.04,6000 -89.40,51.03,6000 -89.31,51.02,6000 -89.22,51.02,6000 -89.14,51.01,6000 -89.06,51.00,6000 -88.98,50.99,6000 -88.91,50.98,6000 -88.85,50.97,6000 -88.78,50.96,6000 -88.71,50.94,6000 -88.64,50.92,6000 -88.57,50.90,6000 -88.50,50.88,6000 -88.43,50.86,6000 -88.36,50.84,6000 -88.29,50.82,6000 -88.20,50.80,6000 -88.10,50.79,6000 -88.00,50.78,6000 -87.94,50.77,6000 -87.91,50.76,6000 -87.94,50.75,6000 -88.00,50.74,6000 -88.10,50.72,6000 -88.20,50.71,6000 -88.30,50.70,6000 -88.38,50.69,6000 -88.46,50.68,6000 -88.55,50.67,6000 -88.64,50.67,6000 -88.73,50.66,6000 -88.82,50.66,6000 -88.91,50.66,6000 -88.99,50.66,6000 -89.07,50.67,6000 -89.16,50.68,6000 -89.24,50.68,6000 -89.33,50.69,6000 -89.40,50.70,6000 -89.48,50.70,6000 -89.56,50.71,6000 -89.63,50.72,6000 -89.71,50.73,6000 -89.78,50.74,6000 -89.85,50.75,6000 -89.93,50.76,6000 -90.01,50.77,6000 -90.09,50.78,6000 -90.17,50.79,6000 -90.24,50.81,6000 -90.31,50.82,6000 -90.40,50.84,6000 -90.47,50.86,6000 -90.54,50.88,6000 -90.61,50.91,6000 -90.66,50.94,6000 -90.71,50.97,6000 -90.76,51.01,6000 -90.81,51.05,6000 -90.86,51.09,6000 -90.86,51.21,6000 
          </coordinates>
        </LinearRing>
      </innerBoundaryIs>
  </Polygon>
 </MultiGeometry>
</Placemark>
<Placemark>
  <name>40%</name>
  <visibility>1</visibility>
  <styleUrl>#poly_40</styleUrl>
  <MultiGeometry>
    <Polygon>
      <outerBoundaryIs>
        <LinearRing>
          <coordinates>
-107.82,44.89,5000 -107.78,44.89,5000 -107.74,44.88,5000 -107.71,44.88,5000 -107.67,44.88,5000 -107.64,44.87,5000 -107.61,44.87,5000 -107.58,44.86,5000 -107.54,44.85,5000 -107.51,44.83,5000 -107.49,44.81,5000 -107.46,44.79,5000 -107.43,44.78,5000 -107.41,44.76,5000 -107.38,44.75,5000 -107.35,44.73,5000 -107.32,44.72,5000 -107.29,44.70,5000 -107.26,44.69,5000 -107.23,44.67,5000 -107.20,44.66,5000 -107.17,44.64,5000 -107.14,44.62,5000 -107.11,44.61,5000 -107.08,44.59,5000 -107.05,44.57,5000 -107.03,44.55,5000 -107.01,44.54,5000 -106.99,44.52,5000 -106.97,44.50,5000 -106.95,44.48,5000 -106.94,44.46,5000 -106.93,44.44,5000 -106.91,44.41,5000 -106.90,44.39,5000 -106.89,44.36,5000 -106.89,44.34,5000 -106.89,44.31,5000 -106.90,44.28,5000 -106.91,44.25,5000 -106.93,44.22,5000 -106.95,44.20,5000 -106.96,44.17,5000 -106.98,44.15,5000 -106.99,44.13,5000 -107.00,44.13,5000 -107.01,44.13,5000 -107.05,44.13,5000 -107.08,44.13,5000 -107.12,44.13,5000 -107.16,44.13,5000 -107.20,44.13,5000 -107.24,44.14,5000 -107.27,44.15,5000 -107.29,44.17,5000 -107.32,44.19,5000 -107.34,44.21,5000 -107.37,44.24,5000 -107.39,44.26,5000 -107.41,44.28,5000 -107.43,44.30,5000 -107.45,44.33,5000 -107.47,44.36,5000 -107.49,44.38,5000 -107.51,44.40,5000 -107.52,44.42,5000 -107.54,44.44,5000 -107.55,44.46,5000 -107.57,44.48,5000 -107.60,44.50,5000 -107.62,44.53,5000 -107.65,44.55,5000 -107.67,44.58,5000 -107.69,44.60,5000 -107.72,44.62,5000 -107.74,44.65,5000 -107.76,44.67,5000 -107.78,44.68,5000 -107.80,44.70,5000 -107.82,44.73,5000 -107.84,44.75,5000 -107.86,44.77,5000 -107.82,44.89,5000 
          </coordinates>
        </LinearRing>
      </outerBoundaryIs>
      <innerBoundaryIs>
        <LinearRing>
          <coordinates>
-107.57,44.80,6000 -107.55,44.79,6000 -107.53,44.78,6000 -107.51,44.77,6000 -107.49,44.76,6000 -107.46,44.75,6000 -107.43,44.73,6000 -107.40,44.72,6000 -107.38,44.70,6000 -107.35,44.69,6000 -107.33,44.68,6000 -107.31,44.67,6000 -107.28,44.65,6000 -107.27,44.65,6000 -107.25,44.63,6000 -107.23,44.62,6000 -107.21,44.61,6000 -107.19,44.59,6000 -107.16,44.58,6000 -107.14,44.56,6000 -107.11,44.55,6000 -107.09,44.53,6000 -107.07,44.52,6000 -107.05,44.51,6000 -107.02,44.50,6000 -107.01,44.48,6000 -107.00,44.46,6000 -106.99,44.45,6000 -106.98,44.42,6000 -106.97,44.40,6000 -106.96,44.37,6000 -106.96,44.35,6000 -106.95,44.33,6000 -106.95,44.31,6000 -106.95,44.28,6000 -106.96,44.26,6000 -106.97,44.24,6000 -106.98,44.22,6000 -107.01,44.21,6000 -107.03,44.20,6000 -107.06,44.20,6000 -107.09,44.20,6000 -107.13,44.19,6000 -107.16,44.19,6000 -107.20,44.19,6000 -107.23,44.20,6000 -107.25,44.20,6000 -107.28,44.21,6000 -107.30,44.22,6000 -107.32,44.24,6000 -107.33,44.26,6000 -107.35,44.28,6000 -107.36,44.30,6000 -107.37,44.31,6000 -107.39,44.33,6000 -107.40,44.35,6000 -107.41,44.38,6000 -107.43,44.40,6000 -107.44,44.42,6000 -107.45,44.43,6000 -107.46,44.45,6000 -107.48,44.47,6000 -107.49,44.49,6000 -107.50,44.50,6000 -107.52,44.52,6000 -107.53,44.53,6000 -107.55,44.54,6000 -107.56,44.56,6000 -107.58,44.57,6000 -107.60,44.59,6000 -107.61,44.61,6000 -107.62,44.63,6000 -107.62,44.65,6000 -107.63,44.67,6000 -107.63,44.69,6000 -107.64,44.71,6000 -107.64,44.73,6000 -107.65,44.76,6000 -107.65,44.78,6000 -107.57,44.80,6000 
          </coordinates>
        </LinearRing>
      </innerBoundaryIs>
  </Polygon>
 </MultiGeometry>
</Placemark>
<Placemark>
  <name>40%</name>
  <visibility>1</visibility>
  <styleUrl>#poly_40</styleUrl>
  <MultiGeometry>
    <Polygon>
      <outerBoundaryIs>
        <LinearRing>
          <coordinates>
-105.89,40.61,5000 -105.82,40.61,5000 -105.75,40.61,5000 -105.69,40.60,5000 -105.63,40.58,5000 -105.59,40.55,5000 -105.57,40.52,5000 -105.56,40.47,5000 -105.55,40.42,5000 -105.55,40.36,5000 -105.54,40.31,5000 -105.54,40.25,5000 -105.53,40.20,5000 -105.52,40.15,5000 -105.50,40.10,5000 -105.48,40.05,5000 -105.47,40.01,5000 -105.45,39.96,5000 -105.44,39.91,5000 -105.43,39.86,5000 -105.42,39.81,5000 -105.42,39.75,5000 -105.42,39.70,5000 -105.42,39.64,5000 -105.42,39.59,5000 -105.42,39.54,5000 -105.43,39.50,5000 -105.44,39.44,5000 -105.45,39.39,5000 -105.47,39.35,5000 -105.52,39.31,5000 -105.57,39.29,5000 -105.63,39.28,5000 -105.70,39.26,5000 -105.77,39.25,5000 -105.85,39.24,5000 -105.91,39.22,5000 -105.97,39.21,5000 -106.04,39.18,5000 -106.09,39.14,5000 -106.14,39.11,5000 -106.19,39.09,5000 -106.26,39.07,5000 -106.34,39.06,5000 -106.41,39.06,5000 -106.46,39.08,5000 -106.48,39.12,5000 -106.48,39.17,5000 -106.46,39.23,5000 -106.44,39.30,5000 -106.42,39.34,5000 -106.40,39.39,5000 -106.37,39.44,5000 -106.34,39.49,5000 -106.30,39.54,5000 -106.27,39.58,5000 -106.24,39.62,5000 -106.20,39.67,5000 -106.16,39.70,5000 -106.11,39.74,5000 -106.07,39.77,5000 -106.03,39.81,5000 -105.99,39.85,5000 -105.95,39.89,5000 -105.91,39.93,5000 -105.88,39.97,5000 -105.85,40.01,5000 -105.82,40.06,5000 -105.78,40.10,5000 -105.76,40.15,5000 -105.76,40.19,5000 -105.78,40.23,5000 -105.81,40.28,5000 -105.86,40.32,5000 -105.91,40.36,5000 -105.89,40.61,5000 
          </coordinates>
        </LinearRing>
      </outerBoundaryIs>
      <innerBoundaryIs>
        <LinearRing>
          <coordinates>
-105.61,40.19,6000 -105.60,40.16,6000 -105.59,40.13,6000 -105.57,40.10,6000 -105.56,40.06,6000 -105.55,40.03,6000 -105.54,40.00,6000 -105.52,39.96,6000 -105.51,39.92,6000 -105.50,39.89,6000 -105.49,39.85,6000 -105.48,39.82,6000 -105.48,39.78,6000 -105.47,39.75,6000 -105.47,39.71,6000 -105.47,39.68,6000 -105.47,39.64,6000 -105.47,39.60,6000 -105.48,39.57,6000 -105.48,39.53,6000 -105.49,39.50,6000 -105.50,39.46,6000 -105.50,39.44,6000 -105.53,39.41,6000 -105.56,39.39,6000 -105.61,39.37,6000 -105.66,39.36,6000 -105.71,39.34,6000 -105.75,39.33,6000 -105.79,39.32,6000 -105.83,39.31,6000 -105.86,39.30,6000 -105.90,39.29,6000 -105.93,39.28,6000 -105.98,39.27,6000 -106.01,39.26,6000 -106.05,39.24,6000 -106.09,39.22,6000 -106.13,39.20,6000 -106.17,39.19,6000 -106.20,39.18,6000 -106.24,39.19,6000 -106.28,39.21,6000 -106.31,39.24,6000 -106.33,39.27,6000 -106.33,39.30,6000 -106.33,39.34,6000 -106.32,39.38,6000 -106.31,39.42,6000 -106.30,39.45,6000 -106.28,39.48,6000 -106.26,39.50,6000 -106.23,39.53,6000 -106.21,39.56,6000 -106.18,39.58,6000 -106.16,39.61,6000 -106.13,39.64,6000 -106.10,39.66,6000 -106.07,39.69,6000 -106.05,39.71,6000 -106.02,39.73,6000 -106.00,39.75,6000 -105.98,39.78,6000 -105.96,39.80,6000 -105.94,39.83,6000 -105.92,39.86,6000 -105.89,39.88,6000 -105.87,39.91,6000 -105.84,39.94,6000 -105.82,39.96,6000 -105.78,39.99,6000 -105.74,40.01,6000 -105.70,40.02,6000 -105.61,40.19,6000 
          </coordinates>
        </LinearRing>
      </innerBoundaryIs>
  </Polygon>
 </MultiGeometry>
</Placemark>
<Placemark>
  <name>50%</name>
  <visibility>1</visibility>
  <styleUrl>#poly_50</styleUrl>
  <MultiGeometry>
    <Polygon>
      <outerBoundaryIs>
        <LinearRing>
          <coordinates>
-90.86,51.21,6000 -90.80,51.24,6000 -90.73,51.27,6000 -90.67,51.29,6000 -90.60,51.30,6000 -90.54,51.29,6000 -90.48,51.28,6000 -90.41,51.25,6000 -90.34,51.23,6000 -90.27,51.21,6000 -90.20,51.20,6000 -90.12,51.18,6000 -90.04,51.16,6000 -89.96,51.14,6000 -89.88,51.12,6000 -89.81,51.10,6000 -89.74,51.08,6000 -89.66,51.07,6000 -89.57,51.05,6000 -89.49,51.04,6000 -89.40,51.03,6000 -89.31,51.02,6000 -89.22,51.02,6000 -89.14,51.01,6000 -89.06,51.00,6000 -88.98,50.99,6000 -88.91,50.98,6000 -88.85,50.97,6000 -88.78,50.96,6000 -88.71,50.94,6000 -88.64,50.92,6000 -88.57,50.90,6000 -88.50,50.88,6000 -88.43,50.86,6000 -88.36,50.84,6000 -88.29,50.82,6000 -88.20,50.80,6000 -88.10,50.79,6000 -88.00,50.78,6000 -87.94,50.77,6000 -87.91,50.76,6000 -87.94,50.75,6000 -88.00,50.74,6000 -88.10,50.72,6000 -88.20,50.71,6000 -88.30,50.70,6000 -88.38,50.69,6000 -88.46,50.68,6000 -88.55,50.67,6000 -88.64,50.67,6000 -88.73,50.66,6000 -88.82,50.66,6000 -88.91,50.66,6000 -88.99,50.66,6000 -89.07,50.67,6000 -89.16,50.68,6000 -89.24,50.68,6000 -89.33,50.69,6000 -89.40,50.70,6000 -89.48,50.70,6000 -89.56,50.71,6000 -89.63,50.72,6000 -89.71,50.73,6000 -89.78,50.74,6000 -89.85,50.75,6000 -89.93,50.76,6000 -90.01,50.77,6000 -90.09,50.78,6000 -90.17,50.79,6000 -90.24,50.81,6000 -90.31,50.82,6000 -90.40,50.84,6000 -90.47,50.86,6000 -90.54,50.88,6000 -90.61,50.91,6000 -90.66,50.94,6000 -90.71,50.97,6000 -90.76,51.01,6000 -90.81,51.05,6000 -90.86,51.09,6000 -90.86,51.21,6000 
          </coordinates>
        </LinearRing>
      </outerBoundaryIs>
  </Polygon>
 </MultiGeometry>
</Placemark>
<Placemark>
  <name>50%</name>
  <visibility>1</visibility>
  <styleUrl>#poly_50</styleUrl>
  <MultiGeometry>
    <Polygon>
      <outerBoundaryIs>
        <LinearRing>
          <coordinates>
-107.57,44.80,6000 -107.55,44.79,6000 -107.53,44.78,6000 -107.51,44.77,6000 -107.49,44.76,6000 -107.46,44.75,6000 -107.43,44.73,6000 -107.40,44.72,6000 -107.38,44.70,6000 -107.35,44.69,6000 -107.33,44.68,6000 -107.31,44.67,6000 -107.28,44.65,6000 -107.27,44.65,6000 -107.25,44.63,6000 -107.23,44.62,6000 -107.21,44.61,6000 -107.19,44.59,6000 -107.16,44.58,6000 -107.14,44.56,6000 -107.11,44.55,6000 -107.09,44.53,6000 -107.07,44.52,6000 -107.05,44.51,6000 -107.02,44.50,6000 -107.01,44.48,6000 -107.00,44.46,6000 -106.99,44.45,6000 -106.98,44.42,6000 -106.97,44.40,6000 -106.96,44.37,6000 -106.96,44.35,6000 -106.95,44.33,6000 -106.95,44.31,6000 -106.95,44.28,6000 -106.96,44.26,6000 -106.97,44.24,6000 -106.98,44.22,6000 -107.01,44.21,6000 -107.03,44.20,6000 -107.06,44.20,6000 -107.09,44.20,6000 -107.13,44.19,6000 -107.16,44.19,6000 -107.20,44.19,6000 -107.23,44.20,6000 -107.25,44.20,6000 -107.28,44.21,6000 -107.30,44.22,6000 -107.32,44.24,6000 -107.33,44.26,6000 -107.35,44.28,6000 -107.36,44.30,6000 -107.37,44.31,6000 -107.39,44.33,6000 -107.40,44.35,6000 -107.41,44.38,6000 -107.43,44.40,6000 -107.44,44.42,6000 -107.45,44.43,6000 -107.46,44.45,6000 -107.48,44.47,6000 -107.49,44.49,6000 -107.50,44.50,6000 -107.52,44.52,6000 -107.53,44.53,6000 -107.55,44.54,6000 -107.56,44.56,6000 -107.58,44.57,6000 -107.60,44.59,6000 -107.61,44.61,6000 -107.62,44.63,6000 -107.62,44.65,6000 -107.63,44.67,6000 -107.63,44.69,6000 -107.64,44.71,6000 -107.64,44.73,6000 -107.65,44.76,6000 -107.65,44.78,6000 -107.57,44.80,6000 
          </coordinates>
        </LinearRing>
      </outerBoundaryIs>
      <innerBoundaryIs>
        <LinearRing>
          <coordinates>
-107.30,44.59,7000 -107.29,44.58,7000 -107.27,44.57,7000 -107.26,44.57,7000 -107.24,44.56,7000 -107.23,44.55,7000 -107.21,44.54,7000 -107.20,44.54,7000 -107.19,44.53,7000 -107.17,44.52,7000 -107.16,44.51,7000 -107.15,44.51,7000 -107.14,44.50,7000 -107.13,44.49,7000 -107.12,44.48,7000 -107.11,44.48,7000 -107.10,44.47,7000 -107.09,44.46,7000 -107.08,44.45,7000 -107.07,44.44,7000 -107.06,44.43,7000 -107.05,44.42,7000 -107.05,44.41,7000 -107.04,44.40,7000 -107.04,44.39,7000 -107.03,44.38,7000 -107.03,44.37,7000 -107.02,44.36,7000 -107.02,44.34,7000 -107.01,44.33,7000 -107.01,44.32,7000 -107.01,44.31,7000 -107.01,44.30,7000 -107.02,44.29,7000 -107.03,44.29,7000 -107.04,44.29,7000 -107.06,44.28,7000 -107.07,44.28,7000 -107.09,44.28,7000 -107.11,44.28,7000 -107.13,44.27,7000 -107.15,44.27,7000 -107.17,44.27,7000 -107.19,44.27,7000 -107.21,44.26,7000 -107.22,44.26,7000 -107.24,44.26,7000 -107.25,44.26,7000 -107.26,44.26,7000 -107.28,44.26,7000 -107.28,44.27,7000 -107.28,44.29,7000 -107.28,44.30,7000 -107.29,44.30,7000 -107.29,44.31,7000 -107.30,44.32,7000 -107.31,44.33,7000 -107.31,44.34,7000 -107.32,44.35,7000 -107.33,44.36,7000 -107.33,44.38,7000 -107.34,44.39,7000 -107.35,44.40,7000 -107.36,44.41,7000 -107.36,44.42,7000 -107.37,44.44,7000 -107.38,44.45,7000 -107.30,44.59,7000 
          </coordinates>
        </LinearRing>
      </innerBoundaryIs>
  </Polygon>
 </MultiGeometry>
</Placemark>
<Placemark>
  <name>50%</name>
  <visibility>1</visibility>
  <styleUrl>#poly_50</styleUrl>
  <MultiGeometry>
    <Polygon>
      <outerBoundaryIs>
        <LinearRing>
          <coordinates>
-109.77,43.37,6000 -109.74,43.37,6000 -109.70,43.36,6000 -109.67,43.36,6000 -109.64,43.36,6000 -109.61,43.36,6000 -109.58,43.35,6000 -109.55,43.35,6000 -109.53,43.34,6000 -109.50,43.33,6000 -109.49,43.32,6000 -109.47,43.31,6000 -109.46,43.29,6000 -109.44,43.27,6000 -109.43,43.25,6000 -109.41,43.24,6000 -109.39,43.22,6000 -109.37,43.19,6000 -109.35,43.17,6000 -109.33,43.15,6000 -109.32,43.13,6000 -109.30,43.11,6000 -109.29,43.10,6000 -109.27,43.08,6000 -109.26,43.07,6000 -109.25,43.06,6000 -109.24,43.05,6000 -109.22,43.03,6000 -109.21,43.01,6000 -109.19,42.99,6000 -109.18,42.96,6000 -109.17,42.94,6000 -109.17,42.92,6000 -109.17,42.90,6000 -109.17,42.87,6000 -109.17,42.84,6000 -109.17,42.82,6000 -109.17,42.79,6000 -109.18,42.77,6000 -109.18,42.76,6000 -109.19,42.74,6000 -109.21,42.75,6000 -109.21,42.75,6000 -109.24,42.76,6000 -109.26,42.77,6000 -109.28,42.78,6000 -109.31,42.79,6000 -109.35,42.80,6000 -109.38,42.81,6000 -109.41,42.82,6000 -109.44,42.83,6000 -109.46,42.84,6000 -109.49,42.86,6000 -109.50,42.87,6000 -109.52,42.89,6000 -109.54,42.91,6000 -109.56,42.92,6000 -109.58,42.94,6000 -109.60,42.96,6000 -109.63,42.97,6000 -109.65,42.99,6000 -109.68,43.01,6000 -109.70,43.03,6000 -109.72,43.04,6000 -109.73,43.05,6000 -109.75,43.06,6000 -109.75,43.07,6000 -109.76,43.08,6000 -109.77,43.10,6000 -109.78,43.12,6000 -109.79,43.14,6000 -109.81,43.16,6000 -109.82,43.18,6000 -109.83,43.21,6000 -109.85,43.23,6000 -109.77,43.37,6000 
          </coordinates>
        </LinearRing>
      </outerBoundaryIs>
      <innerBoundaryIs>
        <LinearRing>
          <coordinates>
-109.76,43.28,7000 -109.74,43.28,7000 -109.71,43.28,7000 -109.69,43.28,7000 -109.67,43.28,7000 -109.65,43.28,7000 -109.63,43.28,7000 -109.61,43.27,7000 -109.59,43.27,7000 -109.57,43.27,7000 -109.56,43.27,7000 -109.54,43.27,7000 -109.53,43.27,7000 -109.52,43.27,7000 -109.51,43.26,7000 -109.50,43.25,7000 -109.50,43.25,7000 -109.49,43.24,7000 -109.48,43.23,7000 -109.47,43.21,7000 -109.46,43.20,7000 -109.45,43.19,7000 -109.43,43.18,7000 -109.42,43.16,7000 -109.41,43.15,7000 -109.40,43.14,7000 -109.39,43.13,7000 -109.39,43.11,7000 -109.38,43.10,7000 -109.37,43.09,7000 -109.37,43.07,7000 -109.37,43.06,7000 -109.36,43.04,7000 -109.36,43.02,7000 -109.36,43.01,7000 -109.35,42.99,7000 -109.35,42.98,7000 -109.35,42.96,7000 -109.35,42.95,7000 -109.35,42.94,7000 -109.36,42.93,7000 -109.36,42.92,7000 -109.37,42.91,7000 -109.39,42.90,7000 -109.41,42.90,7000 -109.44,42.91,7000 -109.46,42.91,7000 -109.47,42.91,7000 -109.47,42.92,7000 -109.48,42.93,7000 -109.48,42.93,7000 -109.49,42.94,7000 -109.50,42.95,7000 -109.52,42.96,7000 -109.53,42.98,7000 -109.54,42.99,7000 -109.55,43.00,7000 -109.57,43.01,7000 -109.58,43.03,7000 -109.59,43.04,7000 -109.61,43.05,7000 -109.62,43.06,7000 -109.63,43.07,7000 -109.64,43.08,7000 -109.65,43.09,7000 -109.67,43.10,7000 -109.68,43.12,7000 -109.69,43.13,7000 -109.70,43.14,7000 -109.71,43.15,7000 -109.72,43.15,7000 -109.73,43.16,7000 -109.74,43.17,7000 -109.75,43.18,7000 -109.76,43.19,7000 -109.77,43.21,7000 -109.77,43.22,7000 -109.78,43.23,7000 -109.78,43.24,7000 -109.76,43.28,7000 
          </coordinates>
        </LinearRing>
      </innerBoundaryIs>
  </Polygon>
 </MultiGeometry>
</Placemark>
<Placemark>
  <name>50%</name>
  <visibility>1</visibility>
  <styleUrl>#poly_50</styleUrl>
  <MultiGeometry>
    <Polygon>
      <outerBoundaryIs>
        <LinearRing>
          <coordinates>
-105.61,40.19,6000 -105.60,40.16,6000 -105.59,40.13,6000 -105.57,40.10,6000 -105.56,40.06,6000 -105.55,40.03,6000 -105.54,40.00,6000 -105.52,39.96,6000 -105.51,39.92,6000 -105.50,39.89,6000 -105.49,39.85,6000 -105.48,39.82,6000 -105.48,39.78,6000 -105.47,39.75,6000 -105.47,39.71,6000 -105.47,39.68,6000 -105.47,39.64,6000 -105.47,39.60,6000 -105.48,39.57,6000 -105.48,39.53,6000 -105.49,39.50,6000 -105.50,39.46,6000 -105.50,39.44,6000 -105.53,39.41,6000 -105.56,39.39,6000 -105.61,39.37,6000 -105.66,39.36,6000 -105.71,39.34,6000 -105.75,39.33,6000 -105.79,39.32,6000 -105.83,39.31,6000 -105.86,39.30,6000 -105.90,39.29,6000 -105.93,39.28,6000 -105.98,39.27,6000 -106.01,39.26,6000 -106.05,39.24,6000 -106.09,39.22,6000 -106.13,39.20,6000 -106.17,39.19,6000 -106.20,39.18,6000 -106.24,39.19,6000 -106.28,39.21,6000 -106.31,39.24,6000 -106.33,39.27,6000 -106.33,39.30,6000 -106.33,39.34,6000 -106.32,39.38,6000 -106.31,39.42,6000 -106.30,39.45,6000 -106.28,39.48,6000 -106.26,39.50,6000 -106.23,39.53,6000 -106.21,39.56,6000 -106.18,39.58,6000 -106.16,39.61,6000 -106.13,39.64,6000 -106.10,39.66,6000 -106.07,39.69,6000 -106.05,39.71,6000 -106.02,39.73,6000 -106.00,39.75,6000 -105.98,39.78,6000 -105.96,39.80,6000 -105.94,39.83,6000 -105.92,39.86,6000 -105.89,39.88,6000 -105.87,39.91,6000 -105.84,39.94,6000 -105.82,39.96,6000 -105.78,39.99,6000 -105.74,40.01,6000 -105.70,40.02,6000 -105.61,40.19,6000 
          </coordinates>
        </LinearRing>
      </outerBoundaryIs>
      <innerBoundaryIs>
        <LinearRing>
          <coordinates>
-105.81,39.89,7000 -105.78,39.90,7000 -105.75,39.91,7000 -105.72,39.92,7000 -105.70,39.92,7000 -105.67,39.93,7000 -105.65,39.94,7000 -105.63,39.94,7000 -105.61,39.94,7000 -105.59,39.94,7000 -105.57,39.93,7000 -105.56,39.92,7000 -105.56,39.90,7000 -105.55,39.88,7000 -105.55,39.85,7000 -105.55,39.83,7000 -105.54,39.82,7000 -105.54,39.79,7000 -105.54,39.77,7000 -105.54,39.75,7000 -105.53,39.73,7000 -105.53,39.71,7000 -105.53,39.69,7000 -105.53,39.67,7000 -105.53,39.65,7000 -105.53,39.63,7000 -105.54,39.61,7000 -105.54,39.59,7000 -105.54,39.57,7000 -105.55,39.55,7000 -105.55,39.54,7000 -105.55,39.52,7000 -105.55,39.51,7000 -105.57,39.49,7000 -105.58,39.48,7000 -105.60,39.47,7000 -105.62,39.46,7000 -105.64,39.45,7000 -105.66,39.43,7000 -105.69,39.42,7000 -105.71,39.41,7000 -105.74,39.40,7000 -105.76,39.39,7000 -105.78,39.38,7000 -105.81,39.38,7000 -105.83,39.37,7000 -105.86,39.36,7000 -105.89,39.36,7000 -105.91,39.36,7000 -105.94,39.36,7000 -105.97,39.36,7000 -105.99,39.36,7000 -106.02,39.36,7000 -106.04,39.37,7000 -106.07,39.38,7000 -106.10,39.39,7000 -106.13,39.40,7000 -106.15,39.42,7000 -106.17,39.43,7000 -106.18,39.44,7000 -106.19,39.46,7000 -106.19,39.47,7000 -106.18,39.49,7000 -106.17,39.51,7000 -106.15,39.53,7000 -106.13,39.55,7000 -106.11,39.57,7000 -106.09,39.58,7000 -106.07,39.60,7000 -106.05,39.62,7000 -106.04,39.63,7000 -106.03,39.64,7000 -106.02,39.65,7000 -106.01,39.66,7000 -106.00,39.67,7000 -105.99,39.68,7000 -105.98,39.70,7000 -105.96,39.72,7000 -105.95,39.73,7000 -105.93,39.75,7000 -105.91,39.77,7000 -105.90,39.79,7000 -105.88,39.81,7000 -105.86,39.83,7000 -105.81,39.89,7000 
          </coordinates>
        </LinearRing>
      </innerBoundaryIs>
  </Polygon>
 </MultiGeometry>
</Placemark>
<Placemark>
  <name>50%</name>
  <visibility>1</visibility>
  <styleUrl>#poly_50</styleUrl>
  <MultiGeometry>
    <Polygon>
      <outerBoundaryIs>
        <LinearRing>
          <coordinates>
-110.10,45.46,6000 -110.02,45.43,6000 -109.94,45.40,6000 -109.87,45.37,6000 -109.80,45.35,6000 -109.74,45.32,6000 -109.66,45.28,6000 -109.59,45.25,6000 -109.53,45.20,6000 -109.48,45.16,6000 -109.42,45.11,6000 -109.38,45.06,6000 -109.37,45.00,6000 -109.39,44.95,6000 -109.42,44.88,6000 -109.46,44.82,6000 -109.51,44.75,6000 -109.55,44.69,6000 -109.59,44.64,6000 -109.65,44.59,6000 -109.70,44.55,6000 -109.75,44.52,6000 -109.78,44.49,6000 -109.78,44.45,6000 -109.75,44.42,6000 -109.69,44.37,6000 -109.64,44.34,6000 -109.58,44.31,6000 -109.52,44.27,6000 -109.45,44.23,6000 -109.38,44.19,6000 -109.33,44.14,6000 -109.28,44.09,6000 -109.22,44.03,6000 -109.17,43.97,6000 -109.13,43.91,6000 -109.11,43.85,6000 -109.12,43.81,6000 -109.16,43.78,6000 -109.23,43.76,6000 -109.32,43.74,6000 -109.41,43.73,6000 -109.50,43.72,6000 -109.58,43.71,6000 -109.67,43.70,6000 -109.75,43.71,6000 -109.82,43.72,6000 -109.88,43.73,6000 -109.96,43.75,6000 -110.03,43.78,6000 -110.08,43.83,6000 -110.10,43.87,6000 -110.12,43.93,6000 -110.13,44.00,6000 -110.14,44.06,6000 -110.14,44.12,6000 -110.14,44.17,6000 -110.12,44.24,6000 -110.09,44.28,6000 -110.06,44.33,6000 -110.04,44.38,6000 -110.03,44.42,6000 -110.04,44.47,6000 -110.08,44.51,6000 -110.13,44.55,6000 -110.16,44.60,6000 -110.16,44.65,6000 -110.14,44.71,6000 -110.13,44.78,6000 -110.13,44.84,6000 -110.16,44.90,6000 -110.20,44.96,6000 -110.24,45.01,6000 -110.28,45.06,6000 -110.34,45.11,6000 -110.37,45.17,6000 -110.37,45.22,6000 -110.37,45.29,6000 -110.35,45.36,6000 -110.34,45.43,6000 -110.10,45.46,6000 
          </coordinates>
        </LinearRing>
      </outerBoundaryIs>
      <innerBoundaryIs>
        <LinearRing>
          <coordinates>
-109.92,44.33,7000 -109.90,44.32,7000 -109.87,44.31,7000 -109.85,44.30,7000 -109.82,44.29,7000 -109.80,44.29,7000 -109.78,44.28,7000 -109.75,44.28,7000 -109.73,44.27,7000 -109.71,44.27,7000 -109.67,44.26,7000 -109.65,44.25,7000 -109.63,44.24,7000 -109.60,44.23,7000 -109.58,44.22,7000 -109.55,44.21,7000 -109.52,44.19,7000 -109.49,44.18,7000 -109.47,44.17,7000 -109.44,44.16,7000 -109.42,44.15,7000 -109.41,44.14,7000 -109.40,44.14,7000 -109.39,44.13,7000 -109.37,44.12,7000 -109.35,44.10,7000 -109.33,44.08,7000 -109.31,44.06,7000 -109.29,44.04,7000 -109.28,44.02,7000 -109.26,44.00,7000 -109.25,43.98,7000 -109.24,43.96,7000 -109.24,43.94,7000 -109.24,43.92,7000 -109.23,43.89,7000 -109.23,43.87,7000 -109.24,43.85,7000 -109.24,43.83,7000 -109.24,43.81,7000 -109.25,43.80,7000 -109.26,43.78,7000 -109.28,43.77,7000 -109.30,43.76,7000 -109.32,43.75,7000 -109.35,43.75,7000 -109.37,43.75,7000 -109.40,43.75,7000 -109.44,43.75,7000 -109.47,43.75,7000 -109.51,43.75,7000 -109.54,43.76,7000 -109.57,43.76,7000 -109.59,43.76,7000 -109.63,43.76,7000 -109.64,43.77,7000 -109.67,43.77,7000 -109.69,43.77,7000 -109.72,43.77,7000 -109.75,43.77,7000 -109.78,43.78,7000 -109.81,43.78,7000 -109.84,43.79,7000 -109.86,43.80,7000 -109.88,43.81,7000 -109.91,43.82,7000 -109.93,43.83,7000 -109.96,43.85,7000 -109.98,43.86,7000 -110.00,43.88,7000 -110.02,43.89,7000 -110.03,43.91,7000 -110.04,43.93,7000 -110.05,43.95,7000 -110.05,43.97,7000 -110.06,43.99,7000 -110.06,44.01,7000 -110.06,44.03,7000 -110.06,44.05,7000 -110.05,44.07,7000 -110.05,44.09,7000 -110.05,44.11,7000 -110.04,44.13,7000 -110.03,44.15,7000 -110.02,44.17,7000 -110.01,44.19,7000 -110.00,44.21,7000 -109.99,44.23,7000 -109.98,44.25,7000 -109.97,44.27,7000 -109.92,44.33,7000 
          </coordinates>
        </LinearRing>
      </innerBoundaryIs>
      <innerBoundaryIs>
        <LinearRing>
          <coordinates>
-110.32,45.32,7000 -110.29,45.34,7000 -110.26,45.35,7000 -110.22,45.37,7000 -110.19,45.38,7000 -110.16,45.39,7000 -110.12,45.40,7000 -110.09,45.40,7000 -110.05,45.40,7000 -110.01,45.39,7000 -109.97,45.37,7000 -109.93,45.36,7000 -109.89,45.34,7000 -109.85,45.33,7000 -109.83,45.32,7000 -109.82,45.31,7000 -109.80,45.30,7000 -109.77,45.28,7000 -109.73,45.27,7000 -109.70,45.25,7000 -109.66,45.23,7000 -109.62,45.21,7000 -109.59,45.19,7000 -109.57,45.18,7000 -109.55,45.17,7000 -109.54,45.16,7000 -109.53,45.14,7000 -109.51,45.12,7000 -109.50,45.10,7000 -109.48,45.07,7000 -109.47,45.05,7000 -109.45,45.02,7000 -109.45,45.00,7000 -109.45,44.97,7000 -109.46,44.95,7000 -109.48,44.92,7000 -109.49,44.90,7000 -109.51,44.88,7000 -109.52,44.86,7000 -109.53,44.84,7000 -109.55,44.83,7000 -109.57,44.81,7000 -109.58,44.79,7000 -109.60,44.77,7000 -109.62,44.75,7000 -109.64,44.72,7000 -109.66,44.70,7000 -109.68,44.67,7000 -109.71,44.65,7000 -109.73,44.64,7000 -109.77,44.63,7000 -109.81,44.62,7000 -109.86,44.62,7000 -109.90,44.62,7000 -109.94,44.63,7000 -109.97,44.64,7000 -109.99,44.66,7000 -110.00,44.69,7000 -110.00,44.72,7000 -110.00,44.75,7000 -110.00,44.78,7000 -110.00,44.81,7000 -110.01,44.84,7000 -110.01,44.86,7000 -110.01,44.89,7000 -110.01,44.91,7000 -110.01,44.94,7000 -110.01,44.95,7000 -110.02,44.96,7000 -110.04,44.97,7000 -110.06,44.99,7000 -110.08,45.01,7000 -110.11,45.03,7000 -110.14,45.05,7000 -110.17,45.07,7000 -110.19,45.09,7000 -110.21,45.11,7000 -110.24,45.14,7000 -110.26,45.16,7000 -110.28,45.18,7000 -110.30,45.20,7000 -110.32,45.23,7000 -110.34,45.25,7000 -110.35,45.27,7000 -110.32,45.32,7000 
          </coordinates>
        </LinearRing>
      </innerBoundaryIs>
  </Polygon>
 </MultiGeometry>
</Placemark>
<Placemark>
  <name>60%</name>
  <visibility>1</visibility>
  <styleUrl>#poly_60</styleUrl>
  <MultiGeometry>
    <Polygon>
      <outerBoundaryIs>
        <LinearRing>
          <coordinates>
-109.76,43.28,7000 -109.74,43.28,7000 -109.71,43.28,7000 -109.69,43.28,7000 -109.67,43.28,7000 -109.65,43.28,7000 -109.63,43.28,7000 -109.61,43.27,7000 -109.59,43.27,7000 -109.57,43.27,7000 -109.56,43.27,7000 -109.54,43.27,7000 -109.53,43.27,7000 -109.52,43.27,7000 -109.51,43.26,7000 -109.50,43.25,7000 -109.50,43.25,7000 -109.49,43.24,7000 -109.48,43.23,7000 -109.47,43.21,7000 -109.46,43.20,7000 -109.45,43.19,7000 -109.43,43.18,7000 -109.42,43.16,7000 -109.41,43.15,7000 -109.40,43.14,7000 -109.39,43.13,7000 -109.39,43.11,7000 -109.38,43.10,7000 -109.37,43.09,7000 -109.37,43.07,7000 -109.37,43.06,7000 -109.36,43.04,7000 -109.36,43.02,7000 -109.36,43.01,7000 -109.35,42.99,7000 -109.35,42.98,7000 -109.35,42.96,7000 -109.35,42.95,7000 -109.35,42.94,7000 -109.36,42.93,7000 -109.36,42.92,7000 -109.37,42.91,7000 -109.39,42.90,7000 -109.41,42.90,7000 -109.44,42.91,7000 -109.46,42.91,7000 -109.47,42.91,7000 -109.47,42.92,7000 -109.48,42.93,7000 -109.48,42.93,7000 -109.49,42.94,7000 -109.50,42.95,7000 -109.52,42.96,7000 -109.53,42.98,7000 -109.54,42.99,7000 -109.55,43.00,7000 -109.57,43.01,7000 -109.58,43.03,7000 -109.59,43.04,7000 -109.61,43.05,7000 -109.62,43.06,7000 -109.63,43.07,7000 -109.64,43.08,7000 -109.65,43.09,7000 -109.67,43.10,7000 -109.68,43.12,7000 -109.69,43.13,7000 -109.70,43.14,7000 -109.71,43.15,7000 -109.72,43.15,7000 -109.73,43.16,7000 -109.74,43.17,7000 -109.75,43.18,7000 -109.76,43.19,7000 -109.77,43.21,7000 -109.77,43.22,7000 -109.78,43.23,7000 -109.78,43.24,7000 -109.76,43.28,7000 
          </coordinates>
        </LinearRing>
      </outerBoundaryIs>
  </Polygon>
 </MultiGeometry>
</Placemark>
<Placemark>
  <name>60%</name>
  <visibility>1</visibility>
  <styleUrl>#poly_60</styleUrl>
  <MultiGeometry>
    <Polygon>
      <outerBoundaryIs>
        <LinearRing>
          <coordinates>
-105.81,39.89,7000 -105.78,39.90,7000 -105.75,39.91,7000 -105.72,39.92,7000 -105.70,39.92,7000 -105.67,39.93,7000 -105.65,39.94,7000 -105.63,39.94,7000 -105.61,39.94,7000 -105.59,39.94,7000 -105.57,39.93,7000 -105.56,39.92,7000 -105.56,39.90,7000 -105.55,39.88,7000 -105.55,39.85,7000 -105.55,39.83,7000 -105.54,39.82,7000 -105.54,39.79,7000 -105.54,39.77,7000 -105.54,39.75,7000 -105.53,39.73,7000 -105.53,39.71,7000 -105.53,39.69,7000 -105.53,39.67,7000 -105.53,39.65,7000 -105.53,39.63,7000 -105.54,39.61,7000 -105.54,39.59,7000 -105.54,39.57,7000 -105.55,39.55,7000 -105.55,39.54,7000 -105.55,39.52,7000 -105.55,39.51,7000 -105.57,39.49,7000 -105.58,39.48,7000 -105.60,39.47,7000 -105.62,39.46,7000 -105.64,39.45,7000 -105.66,39.43,7000 -105.69,39.42,7000 -105.71,39.41,7000 -105.74,39.40,7000 -105.76,39.39,7000 -105.78,39.38,7000 -105.81,39.38,7000 -105.83,39.37,7000 -105.86,39.36,7000 -105.89,39.36,7000 -105.91,39.36,7000 -105.94,39.36,7000 -105.97,39.36,7000 -105.99,39.36,7000 -106.02,39.36,7000 -106.04,39.37,7000 -106.07,39.38,7000 -106.10,39.39,7000 -106.13,39.40,7000 -106.15,39.42,7000 -106.17,39.43,7000 -106.18,39.44,7000 -106.19,39.46,7000 -106.19,39.47,7000 -106.18,39.49,7000 -106.17,39.51,7000 -106.15,39.53,7000 -106.13,39.55,7000 -106.11,39.57,7000 -106.09,39.58,7000 -106.07,39.60,7000 -106.05,39.62,7000 -106.04,39.63,7000 -106.03,39.64,7000 -106.02,39.65,7000 -106.01,39.66,7000 -106.00,39.67,7000 -105.99,39.68,7000 -105.98,39.70,7000 -105.96,39.72,7000 -105.95,39.73,7000 -105.93,39.75,7000 -105.91,39.77,7000 -105.90,39.79,7000 -105.88,39.81,7000 -105.86,39.83,7000 -105.81,39.89,7000 
          </coordinates>
        </LinearRing>
      </outerBoundaryIs>
      <innerBoundaryIs>
        <LinearRing>
          <coordinates>
-105.80,39.80,8000 -105.78,39.79,8000 -105.77,39.78,8000 -105.75,39.78,8000 -105.73,39.77,8000 -105.72,39.76,8000 -105.70,39.75,8000 -105.69,39.74,8000 -105.68,39.74,8000 -105.67,39.73,8000 -105.65,39.72,8000 -105.64,39.71,8000 -105.64,39.70,8000 -105.63,39.69,8000 -105.62,39.68,8000 -105.62,39.67,8000 -105.62,39.66,8000 -105.62,39.65,8000 -105.62,39.64,8000 -105.63,39.62,8000 -105.63,39.61,8000 -105.64,39.60,8000 -105.65,39.59,8000 -105.66,39.57,8000 -105.66,39.56,8000 -105.67,39.55,8000 -105.68,39.54,8000 -105.69,39.53,8000 -105.70,39.52,8000 -105.71,39.51,8000 -105.71,39.50,8000 -105.72,39.49,8000 -105.73,39.47,8000 -105.74,39.46,8000 -105.75,39.46,8000 -105.77,39.46,8000 -105.78,39.46,8000 -105.80,39.46,8000 -105.81,39.46,8000 -105.83,39.45,8000 -105.85,39.45,8000 -105.87,39.45,8000 -105.89,39.45,8000 -105.91,39.45,8000 -105.93,39.45,8000 -105.95,39.46,8000 -105.96,39.46,8000 -105.97,39.46,8000 -105.98,39.47,8000 -105.98,39.48,8000 -105.99,39.48,8000 -105.99,39.49,8000 -105.99,39.50,8000 -105.98,39.51,8000 -105.98,39.53,8000 -105.97,39.54,8000 -105.97,39.55,8000 -105.96,39.56,8000 -105.95,39.58,8000 -105.95,39.59,8000 -105.94,39.61,8000 -105.93,39.62,8000 -105.92,39.64,8000 -105.91,39.65,8000 -105.80,39.80,8000 
          </coordinates>
        </LinearRing>
      </innerBoundaryIs>
  </Polygon>
 </MultiGeometry>
</Placemark>
<Placemark>
  <name>60%</name>
  <visibility>1</visibility>
  <styleUrl>#poly_60</styleUrl>
  <MultiGeometry>
    <Polygon>
      <outerBoundaryIs>
        <LinearRing>
          <coordinates>
-109.92,44.33,7000 -109.90,44.32,7000 -109.87,44.31,7000 -109.85,44.30,7000 -109.82,44.29,7000 -109.80,44.29,7000 -109.78,44.28,7000 -109.75,44.28,7000 -109.73,44.27,7000 -109.71,44.27,7000 -109.67,44.26,7000 -109.65,44.25,7000 -109.63,44.24,7000 -109.60,44.23,7000 -109.58,44.22,7000 -109.55,44.21,7000 -109.52,44.19,7000 -109.49,44.18,7000 -109.47,44.17,7000 -109.44,44.16,7000 -109.42,44.15,7000 -109.41,44.14,7000 -109.40,44.14,7000 -109.39,44.13,7000 -109.37,44.12,7000 -109.35,44.10,7000 -109.33,44.08,7000 -109.31,44.06,7000 -109.29,44.04,7000 -109.28,44.02,7000 -109.26,44.00,7000 -109.25,43.98,7000 -109.24,43.96,7000 -109.24,43.94,7000 -109.24,43.92,7000 -109.23,43.89,7000 -109.23,43.87,7000 -109.24,43.85,7000 -109.24,43.83,7000 -109.24,43.81,7000 -109.25,43.80,7000 -109.26,43.78,7000 -109.28,43.77,7000 -109.30,43.76,7000 -109.32,43.75,7000 -109.35,43.75,7000 -109.37,43.75,7000 -109.40,43.75,7000 -109.44,43.75,7000 -109.47,43.75,7000 -109.51,43.75,7000 -109.54,43.76,7000 -109.57,43.76,7000 -109.59,43.76,7000 -109.63,43.76,7000 -109.64,43.77,7000 -109.67,43.77,7000 -109.69,43.77,7000 -109.72,43.77,7000 -109.75,43.77,7000 -109.78,43.78,7000 -109.81,43.78,7000 -109.84,43.79,7000 -109.86,43.80,7000 -109.88,43.81,7000 -109.91,43.82,7000 -109.93,43.83,7000 -109.96,43.85,7000 -109.98,43.86,7000 -110.00,43.88,7000 -110.02,43.89,7000 -110.03,43.91,7000 -110.04,43.93,7000 -110.05,43.95,7000 -110.05,43.97,7000 -110.06,43.99,7000 -110.06,44.01,7000 -110.06,44.03,7000 -110.06,44.05,7000 -110.05,44.07,7000 -110.05,44.09,7000 -110.05,44.11,7000 -110.04,44.13,7000 -110.03,44.15,7000 -110.02,44.17,7000 -110.01,44.19,7000 -110.00,44.21,7000 -109.99,44.23,7000 -109.98,44.25,7000 -109.97,44.27,7000 -109.92,44.33,7000 
          </coordinates>
        </LinearRing>
      </outerBoundaryIs>
      <innerBoundaryIs>
        <LinearRing>
          <coordinates>
-109.90,44.19,8000 -109.88,44.19,8000 -109.86,44.19,8000 -109.84,44.19,8000 -109.82,44.19,8000 -109.80,44.19,8000 -109.78,44.20,8000 -109.76,44.20,8000 -109.74,44.20,8000 -109.72,44.20,8000 -109.71,44.19,8000 -109.69,44.19,8000 -109.68,44.19,8000 -109.66,44.19,8000 -109.64,44.19,8000 -109.62,44.18,8000 -109.61,44.18,8000 -109.59,44.17,8000 -109.58,44.16,8000 -109.56,44.15,8000 -109.55,44.15,8000 -109.53,44.14,8000 -109.52,44.13,8000 -109.51,44.12,8000 -109.49,44.11,8000 -109.48,44.10,8000 -109.46,44.10,8000 -109.45,44.09,8000 -109.44,44.08,8000 -109.42,44.07,8000 -109.41,44.06,8000 -109.40,44.05,8000 -109.39,44.04,8000 -109.38,44.03,8000 -109.37,44.02,8000 -109.35,44.01,8000 -109.35,44.00,8000 -109.34,43.99,8000 -109.33,43.98,8000 -109.33,43.97,8000 -109.33,43.96,8000 -109.33,43.95,8000 -109.33,43.93,8000 -109.33,43.92,8000 -109.33,43.90,8000 -109.33,43.89,8000 -109.33,43.87,8000 -109.33,43.86,8000 -109.34,43.85,8000 -109.35,43.84,8000 -109.36,43.83,8000 -109.37,43.83,8000 -109.39,43.82,8000 -109.40,43.82,8000 -109.42,43.82,8000 -109.44,43.82,8000 -109.46,43.82,8000 -109.48,43.82,8000 -109.50,43.83,8000 -109.52,43.83,8000 -109.54,43.83,8000 -109.56,43.84,8000 -109.58,43.84,8000 -109.60,43.84,8000 -109.62,43.84,8000 -109.64,43.84,8000 -109.66,43.85,8000 -109.68,43.85,8000 -109.70,43.85,8000 -109.72,43.86,8000 -109.74,43.86,8000 -109.75,43.86,8000 -109.77,43.86,8000 -109.79,43.87,8000 -109.81,43.87,8000 -109.82,43.87,8000 -109.84,43.88,8000 -109.85,43.88,8000 -109.88,43.89,8000 -109.89,43.89,8000 -109.90,43.89,8000 -109.91,43.90,8000 -109.92,43.92,8000 -109.92,43.93,8000 -109.93,43.94,8000 -109.93,43.95,8000 -109.93,43.96,8000 -109.94,43.97,8000 -109.94,43.99,8000 -109.94,44.00,8000 -109.94,44.01,8000 -109.94,44.03,8000 -109.95,44.04,8000 -109.95,44.06,8000 -109.95,44.07,8000 -109.95,44.09,8000 -109.90,44.19,8000 
          </coordinates>
        </LinearRing>
      </innerBoundaryIs>
  </Polygon>
 </MultiGeometry>
</Placemark>
<Placemark>
  <name>60%</name>
  <visibility>1</visibility>
  <styleUrl>#poly_60</styleUrl>
  <MultiGeometry>
    <Polygon>
      <outerBoundaryIs>
        <LinearRing>
          <coordinates>
-107.30,44.59,7000 -107.29,44.58,7000 -107.27,44.57,7000 -107.26,44.57,7000 -107.24,44.56,7000 -107.23,44.55,7000 -107.21,44.54,7000 -107.20,44.54,7000 -107.19,44.53,7000 -107.17,44.52,7000 -107.16,44.51,7000 -107.15,44.51,7000 -107.14,44.50,7000 -107.13,44.49,7000 -107.12,44.48,7000 -107.11,44.48,7000 -107.10,44.47,7000 -107.09,44.46,7000 -107.08,44.45,7000 -107.07,44.44,7000 -107.06,44.43,7000 -107.05,44.42,7000 -107.05,44.41,7000 -107.04,44.40,7000 -107.04,44.39,7000 -107.03,44.38,7000 -107.03,44.37,7000 -107.02,44.36,7000 -107.02,44.34,7000 -107.01,44.33,7000 -107.01,44.32,7000 -107.01,44.31,7000 -107.01,44.30,7000 -107.02,44.29,7000 -107.03,44.29,7000 -107.04,44.29,7000 -107.06,44.28,7000 -107.07,44.28,7000 -107.09,44.28,7000 -107.11,44.28,7000 -107.13,44.27,7000 -107.15,44.27,7000 -107.17,44.27,7000 -107.19,44.27,7000 -107.21,44.26,7000 -107.22,44.26,7000 -107.24,44.26,7000 -107.25,44.26,7000 -107.26,44.26,7000 -107.28,44.26,7000 -107.28,44.27,7000 -107.28,44.29,7000 -107.28,44.30,7000 -107.29,44.30,7000 -107.29,44.31,7000 -107.30,44.32,7000 -107.31,44.33,7000 -107.31,44.34,7000 -107.32,44.35,7000 -107.33,44.36,7000 -107.33,44.38,7000 -107.34,44.39,7000 -107.35,44.40,7000 -107.36,44.41,7000 -107.36,44.42,7000 -107.37,44.44,7000 -107.38,44.45,7000 -107.30,44.59,7000 
          </coordinates>
        </LinearRing>
      </outerBoundaryIs>
  </Polygon>
 </MultiGeometry>
</Placemark>
<Placemark>
  <name>60%</name>
  <visibility>1</visibility>
  <styleUrl>#poly_60</styleUrl>
  <MultiGeometry>
    <Polygon>
      <outerBoundaryIs>
        <LinearRing>
          <coordinates>
-110.32,45.32,7000 -110.29,45.34,7000 -110.26,45.35,7000 -110.22,45.37,7000 -110.19,45.38,7000 -110.16,45.39,7000 -110.12,45.40,7000 -110.09,45.40,7000 -110.05,45.40,7000 -110.01,45.39,7000 -109.97,45.37,7000 -109.93,45.36,7000 -109.89,45.34,7000 -109.85,45.33,7000 -109.83,45.32,7000 -109.82,45.31,7000 -109.80,45.30,7000 -109.77,45.28,7000 -109.73,45.27,7000 -109.70,45.25,7000 -109.66,45.23,7000 -109.62,45.21,7000 -109.59,45.19,7000 -109.57,45.18,7000 -109.55,45.17,7000 -109.54,45.16,7000 -109.53,45.14,7000 -109.51,45.12,7000 -109.50,45.10,7000 -109.48,45.07,7000 -109.47,45.05,7000 -109.45,45.02,7000 -109.45,45.00,7000 -109.45,44.97,7000 -109.46,44.95,7000 -109.48,44.92,7000 -109.49,44.90,7000 -109.51,44.88,7000 -109.52,44.86,7000 -109.53,44.84,7000 -109.55,44.83,7000 -109.57,44.81,7000 -109.58,44.79,7000 -109.60,44.77,7000 -109.62,44.75,7000 -109.64,44.72,7000 -109.66,44.70,7000 -109.68,44.67,7000 -109.71,44.65,7000 -109.73,44.64,7000 -109.77,44.63,7000 -109.81,44.62,7000 -109.86,44.62,7000 -109.90,44.62,7000 -109.94,44.63,7000 -109.97,44.64,7000 -109.99,44.66,7000 -110.00,44.69,7000 -110.00,44.72,7000 -110.00,44.75,7000 -110.00,44.78,7000 -110.00,44.81,7000 -110.01,44.84,7000 -110.01,44.86,7000 -110.01,44.89,7000 -110.01,44.91,7000 -110.01,44.94,7000 -110.01,44.95,7000 -110.02,44.96,7000 -110.04,44.97,7000 -110.06,44.99,7000 -110.08,45.01,7000 -110.11,45.03,7000 -110.14,45.05,7000 -110.17,45.07,7000 -110.19,45.09,7000 -110.21,45.11,7000 -110.24,45.14,7000 -110.26,45.16,7000 -110.28,45.18,7000 -110.30,45.20,7000 -110.32,45.23,7000 -110.34,45.25,7000 -110.35,45.27,7000 -110.32,45.32,7000 
          </coordinates>
        </LinearRing>
      </outerBoundaryIs>
      <innerBoundaryIs>
        <LinearRing>
          <coordinates>
-110.08,45.34,8000 -110.06,45.33,8000 -110.03,45.33,8000 -110.01,45.32,8000 -109.99,45.31,8000 -109.96,45.30,8000 -109.94,45.29,8000 -109.92,45.28,8000 -109.90,45.27,8000 -109.88,45.26,8000 -109.86,45.25,8000 -109.84,45.24,8000 -109.82,45.23,8000 -109.80,45.22,8000 -109.78,45.21,8000 -109.76,45.20,8000 -109.73,45.20,8000 -109.71,45.19,8000 -109.69,45.18,8000 -109.67,45.16,8000 -109.65,45.15,8000 -109.63,45.14,8000 -109.62,45.12,8000 -109.61,45.10,8000 -109.59,45.08,8000 -109.58,45.06,8000 -109.57,45.04,8000 -109.56,45.03,8000 -109.55,45.01,8000 -109.54,45.00,8000 -109.53,44.99,8000 -109.54,44.99,8000 -109.55,44.98,8000 -109.56,44.97,8000 -109.58,44.95,8000 -109.60,44.93,8000 -109.62,44.92,8000 -109.64,44.90,8000 -109.66,44.88,8000 -109.68,44.86,8000 -109.70,44.84,8000 -109.72,44.83,8000 -109.74,44.82,8000 -109.75,44.82,8000 -109.77,44.82,8000 -109.78,44.83,8000 -109.79,44.84,8000 -109.80,44.86,8000 -109.81,44.88,8000 -109.81,44.90,8000 -109.82,44.92,8000 -109.84,44.94,8000 -109.85,44.96,8000 -109.87,44.97,8000 -109.88,44.99,8000 -109.90,45.00,8000 -109.93,45.01,8000 -109.95,45.03,8000 -109.97,45.04,8000 -109.99,45.05,8000 -110.01,45.06,8000 -110.03,45.07,8000 -110.04,45.08,8000 -110.06,45.09,8000 -110.07,45.10,8000 -110.09,45.12,8000 -110.10,45.13,8000 -110.11,45.14,8000 -110.12,45.16,8000 -110.13,45.17,8000 -110.15,45.19,8000 -110.16,45.21,8000 -110.18,45.22,8000 -110.19,45.24,8000 -110.20,45.26,8000 -110.22,45.28,8000 -110.08,45.34,8000 
          </coordinates>
        </LinearRing>
      </innerBoundaryIs>
  </Polygon>
 </MultiGeometry>
</Placemark>
<Placemark>
  <name>70%</name>
  <visibility>1</visibility>
  <styleUrl>#poly_70</styleUrl>
  <MultiGeometry>
    <Polygon>
      <outerBoundaryIs>
        <LinearRing>
          <coordinates>
-110.08,45.34,8000 -110.06,45.33,8000 -110.03,45.33,8000 -110.01,45.32,8000 -109.99,45.31,8000 -109.96,45.30,8000 -109.94,45.29,8000 -109.92,45.28,8000 -109.90,45.27,8000 -109.88,45.26,8000 -109.86,45.25,8000 -109.84,45.24,8000 -109.82,45.23,8000 -109.80,45.22,8000 -109.78,45.21,8000 -109.76,45.20,8000 -109.73,45.20,8000 -109.71,45.19,8000 -109.69,45.18,8000 -109.67,45.16,8000 -109.65,45.15,8000 -109.63,45.14,8000 -109.62,45.12,8000 -109.61,45.10,8000 -109.59,45.08,8000 -109.58,45.06,8000 -109.57,45.04,8000 -109.56,45.03,8000 -109.55,45.01,8000 -109.54,45.00,8000 -109.53,44.99,8000 -109.54,44.99,8000 -109.55,44.98,8000 -109.56,44.97,8000 -109.58,44.95,8000 -109.60,44.93,8000 -109.62,44.92,8000 -109.64,44.90,8000 -109.66,44.88,8000 -109.68,44.86,8000 -109.70,44.84,8000 -109.72,44.83,8000 -109.74,44.82,8000 -109.75,44.82,8000 -109.77,44.82,8000 -109.78,44.83,8000 -109.79,44.84,8000 -109.80,44.86,8000 -109.81,44.88,8000 -109.81,44.90,8000 -109.82,44.92,8000 -109.84,44.94,8000 -109.85,44.96,8000 -109.87,44.97,8000 -109.88,44.99,8000 -109.90,45.00,8000 -109.93,45.01,8000 -109.95,45.03,8000 -109.97,45.04,8000 -109.99,45.05,8000 -110.01,45.06,8000 -110.03,45.07,8000 -110.04,45.08,8000 -110.06,45.09,8000 -110.07,45.10,8000 -110.09,45.12,8000 -110.10,45.13,8000 -110.11,45.14,8000 -110.12,45.16,8000 -110.13,45.17,8000 -110.15,45.19,8000 -110.16,45.21,8000 -110.18,45.22,8000 -110.19,45.24,8000 -110.20,45.26,8000 -110.22,45.28,8000 -110.08,45.34,8000 
          </coordinates>
        </LinearRing>
      </outerBoundaryIs>
  </Polygon>
 </MultiGeometry>
</Placemark>
<Placemark>
  <name>70%</name>
  <visibility>1</visibility>
  <styleUrl>#poly_70</styleUrl>
  <MultiGeometry>
    <Polygon>
      <outerBoundaryIs>
        <LinearRing>
          <coordinates>
-105.80,39.80,8000 -105.78,39.79,8000 -105.77,39.78,8000 -105.75,39.78,8000 -105.73,39.77,8000 -105.72,39.76,8000 -105.70,39.75,8000 -105.69,39.74,8000 -105.68,39.74,8000 -105.67,39.73,8000 -105.65,39.72,8000 -105.64,39.71,8000 -105.64,39.70,8000 -105.63,39.69,8000 -105.62,39.68,8000 -105.62,39.67,8000 -105.62,39.66,8000 -105.62,39.65,8000 -105.62,39.64,8000 -105.63,39.62,8000 -105.63,39.61,8000 -105.64,39.60,8000 -105.65,39.59,8000 -105.66,39.57,8000 -105.66,39.56,8000 -105.67,39.55,8000 -105.68,39.54,8000 -105.69,39.53,8000 -105.70,39.52,8000 -105.71,39.51,8000 -105.71,39.50,8000 -105.72,39.49,8000 -105.73,39.47,8000 -105.74,39.46,8000 -105.75,39.46,8000 -105.77,39.46,8000 -105.78,39.46,8000 -105.80,39.46,8000 -105.81,39.46,8000 -105.83,39.45,8000 -105.85,39.45,8000 -105.87,39.45,8000 -105.89,39.45,8000 -105.91,39.45,8000 -105.93,39.45,8000 -105.95,39.46,8000 -105.96,39.46,8000 -105.97,39.46,8000 -105.98,39.47,8000 -105.98,39.48,8000 -105.99,39.48,8000 -105.99,39.49,8000 -105.99,39.50,8000 -105.98,39.51,8000 -105.98,39.53,8000 -105.97,39.54,8000 -105.97,39.55,8000 -105.96,39.56,8000 -105.95,39.58,8000 -105.95,39.59,8000 -105.94,39.61,8000 -105.93,39.62,8000 -105.92,39.64,8000 -105.91,39.65,8000 -105.80,39.80,8000 
          </coordinates>
        </LinearRing>
      </outerBoundaryIs>
  </Polygon>
 </MultiGeometry>
</Placemark>
<Placemark>
  <name>70%</name>
  <visibility>1</visibility>
  <styleUrl>#poly_70</styleUrl>
  <MultiGeometry>
    <Polygon>
      <outerBoundaryIs>
        <LinearRing>
          <coordinates>
-109.90,44.19,8000 -109.88,44.19,8000 -109.86,44.19,8000 -109.84,44.19,8000 -109.82,44.19,8000 -109.80,44.19,8000 -109.78,44.20,8000 -109.76,44.20,8000 -109.74,44.20,8000 -109.72,44.20,8000 -109.71,44.19,8000 -109.69,44.19,8000 -109.68,44.19,8000 -109.66,44.19,8000 -109.64,44.19,8000 -109.62,44.18,8000 -109.61,44.18,8000 -109.59,44.17,8000 -109.58,44.16,8000 -109.56,44.15,8000 -109.55,44.15,8000 -109.53,44.14,8000 -109.52,44.13,8000 -109.51,44.12,8000 -109.49,44.11,8000 -109.48,44.10,8000 -109.46,44.10,8000 -109.45,44.09,8000 -109.44,44.08,8000 -109.42,44.07,8000 -109.41,44.06,8000 -109.40,44.05,8000 -109.39,44.04,8000 -109.38,44.03,8000 -109.37,44.02,8000 -109.35,44.01,8000 -109.35,44.00,8000 -109.34,43.99,8000 -109.33,43.98,8000 -109.33,43.97,8000 -109.33,43.96,8000 -109.33,43.95,8000 -109.33,43.93,8000 -109.33,43.92,8000 -109.33,43.90,8000 -109.33,43.89,8000 -109.33,43.87,8000 -109.33,43.86,8000 -109.34,43.85,8000 -109.35,43.84,8000 -109.36,43.83,8000 -109.37,43.83,8000 -109.39,43.82,8000 -109.40,43.82,8000 -109.42,43.82,8000 -109.44,43.82,8000 -109.46,43.82,8000 -109.48,43.82,8000 -109.50,43.83,8000 -109.52,43.83,8000 -109.54,43.83,8000 -109.56,43.84,8000 -109.58,43.84,8000 -109.60,43.84,8000 -109.62,43.84,8000 -109.64,43.84,8000 -109.66,43.85,8000 -109.68,43.85,8000 -109.70,43.85,8000 -109.72,43.86,8000 -109.74,43.86,8000 -109.75,43.86,8000 -109.77,43.86,8000 -109.79,43.87,8000 -109.81,43.87,8000 -109.82,43.87,8000 -109.84,43.88,8000 -109.85,43.88,8000 -109.88,43.89,8000 -109.89,43.89,8000 -109.90,43.89,8000 -109.91,43.90,8000 -109.92,43.92,8000 -109.92,43.93,8000 -109.93,43.94,8000 -109.93,43.95,8000 -109.93,43.96,8000 -109.94,43.97,8000 -109.94,43.99,8000 -109.94,44.00,8000 -109.94,44.01,8000 -109.94,44.03,8000 -109.95,44.04,8000 -109.95,44.06,8000 -109.95,44.07,8000 -109.95,44.09,8000 -109.90,44.19,8000 
          </coordinates>
        </LinearRing>
      </outerBoundaryIs>
      <innerBoundaryIs>
        <LinearRing>
          <coordinates>
-109.65,44.12,9000 -109.64,44.12,9000 -109.64,44.12,9000 -109.63,44.11,9000 -109.63,44.11,9000 -109.62,44.10,9000 -109.62,44.10,9000 -109.61,44.09,9000 -109.60,44.09,9000 -109.59,44.08,9000 -109.59,44.07,9000 -109.58,44.07,9000 -109.57,44.06,9000 -109.56,44.05,9000 -109.55,44.05,9000 -109.55,44.04,9000 -109.54,44.03,9000 -109.53,44.02,9000 -109.52,44.02,9000 -109.52,44.01,9000 -109.51,44.00,9000 -109.50,44.00,9000 -109.50,43.99,9000 -109.49,43.98,9000 -109.49,43.98,9000 -109.49,43.97,9000 -109.48,43.97,9000 -109.48,43.96,9000 -109.48,43.96,9000 -109.48,43.95,9000 -109.48,43.95,9000 -109.49,43.94,9000 -109.50,43.94,9000 -109.51,43.94,9000 -109.52,43.93,9000 -109.53,43.93,9000 -109.54,43.93,9000 -109.55,43.93,9000 -109.56,43.92,9000 -109.58,43.92,9000 -109.59,43.92,9000 -109.60,43.92,9000 -109.61,43.92,9000 -109.62,43.92,9000 -109.63,43.92,9000 -109.64,43.92,9000 -109.66,43.92,9000 -109.67,43.92,9000 -109.68,43.92,9000 -109.69,43.92,9000 -109.70,43.92,9000 -109.71,43.92,9000 -109.72,43.92,9000 -109.73,43.93,9000 -109.74,43.93,9000 -109.74,43.94,9000 -109.74,43.94,9000 -109.74,43.95,9000 -109.74,43.95,9000 -109.74,43.96,9000 -109.74,43.96,9000 -109.74,43.97,9000 -109.74,43.98,9000 -109.73,43.98,9000 -109.73,43.99,9000 -109.73,44.00,9000 -109.73,44.00,9000 -109.72,44.01,9000 -109.72,44.02,9000 -109.72,44.03,9000 -109.71,44.03,9000 -109.71,44.04,9000 -109.71,44.05,9000 -109.70,44.06,9000 -109.70,44.07,9000 -109.69,44.08,9000 -109.69,44.08,9000 -109.68,44.09,9000 -109.68,44.10,9000 -109.67,44.11,9000 -109.67,44.12,9000 -109.65,44.12,9000 
          </coordinates>
        </LinearRing>
      </innerBoundaryIs>
  </Polygon>
 </MultiGeometry>
</Placemark>
<Placemark>
  <name>80%</name>
  <visibility>1</visibility>
  <styleUrl>#poly_80</styleUrl>
  <MultiGeometry>
    <Polygon>
      <outerBoundaryIs>
        <LinearRing>
          <coordinates>
-109.65,44.12,9000 -109.64,44.12,9000 -109.64,44.12,9000 -109.63,44.11,9000 -109.63,44.11,9000 -109.62,44.10,9000 -109.62,44.10,9000 -109.61,44.09,9000 -109.60,44.09,9000 -109.59,44.08,9000 -109.59,44.07,9000 -109.58,44.07,9000 -109.57,44.06,9000 -109.56,44.05,9000 -109.55,44.05,9000 -109.55,44.04,9000 -109.54,44.03,9000 -109.53,44.02,9000 -109.52,44.02,9000 -109.52,44.01,9000 -109.51,44.00,9000 -109.50,44.00,9000 -109.50,43.99,9000 -109.49,43.98,9000 -109.49,43.98,9000 -109.49,43.97,9000 -109.48,43.97,9000 -109.48,43.96,9000 -109.48,43.96,9000 -109.48,43.95,9000 -109.48,43.95,9000 -109.49,43.94,9000 -109.50,43.94,9000 -109.51,43.94,9000 -109.52,43.93,9000 -109.53,43.93,9000 -109.54,43.93,9000 -109.55,43.93,9000 -109.56,43.92,9000 -109.58,43.92,9000 -109.59,43.92,9000 -109.60,43.92,9000 -109.61,43.92,9000 -109.62,43.92,9000 -109.63,43.92,9000 -109.64,43.92,9000 -109.66,43.92,9000 -109.67,43.92,9000 -109.68,43.92,9000 -109.69,43.92,9000 -109.70,43.92,9000 -109.71,43.92,9000 -109.72,43.92,9000 -109.73,43.93,9000 -109.74,43.93,9000 -109.74,43.94,9000 -109.74,43.94,9000 -109.74,43.95,9000 -109.74,43.95,9000 -109.74,43.96,9000 -109.74,43.96,9000 -109.74,43.97,9000 -109.74,43.98,9000 -109.73,43.98,9000 -109.73,43.99,9000 -109.73,44.00,9000 -109.73,44.00,9000 -109.72,44.01,9000 -109.72,44.02,9000 -109.72,44.03,9000 -109.71,44.03,9000 -109.71,44.04,9000 -109.71,44.05,9000 -109.70,44.06,9000 -109.70,44.07,9000 -109.69,44.08,9000 -109.69,44.08,9000 -109.68,44.09,9000 -109.68,44.10,9000 -109.67,44.11,9000 -109.67,44.12,9000 -109.65,44.12,9000 
          </coordinates>
        </LinearRing>
      </outerBoundaryIs>
  </Polygon>
 </MultiGeometry>
</Placemark>
    </Folder>
  </Document>
</kml>
