<?xml version="1.0" encoding="UTF-8"?>
<kml xmlns="http://www.opengis.net/kml/2.2">
<Document id="prb_72hsnow_ge02_f072">
<name>WPC 72-Hr Prob of Snow > 2"</name>
  <open>1</open>
  <snippet>Valid 12Z 10/10/2026 - 12Z 10/13/2026</snippet>
  <description></description>
    <Style id="poly_1">
        <IconStyle>
           <color>00000000</color>
           <scale>1</scale>
        </IconStyle>
        <LabelStyle>
            <color>ff26478b</color>
            <scale>0.8</scale>
        </LabelStyle>
        <LineStyle>
            <color>6626478b</color>
            <width>0</width>
        </LineStyle>
	<PolyStyle>
            <color>6626478b</color>
	</PolyStyle>
        <BalloonStyle>
            <text>
                <![CDATA[ <table border=0 width="300"><tr><td style="font-size:10pt;">
                During this forecast period, there is a <b>1-5%</b> probability of snowfall exceeding the depicted amount in the enclosed area.
                <br/><br/>
                *<span style="font-size:8pt;">Note that in cases where this contour is embedded within a 5% contour, 
                the probability of snowfall exceeding the depicted amount is &lt;1%.</span>
                </td></tr></table>]]>
            </text>
        </BalloonStyle>
    </Style>

    <Style id="poly_5">
        <IconStyle>
           <color>00000000</color>
           <scale>1</scale>
        </IconStyle>
        <LabelStyle>
            <color>ff00eeee</color>
            <scale>0.8</scale>
        </LabelStyle>
        <LineStyle>
            <color>6600eeee</color>
            <width>0.4</width>
        </LineStyle>
	<PolyStyle>
	    <color>6600eeee</color>
	</PolyStyle>
        <BalloonStyle>
            <text>
                <![CDATA[ <table border=0 width="300"><tr><td style="font-size:10pt;">
                During this forecast period, there is a <b>5-10%</b> probability of snowfall exceeding the depicted amount in the enclosed area.
                <br/><br/>
                *<span style="font-size:8pt;">Note that in cases where this contour is embedded within a 10% contour, 
                the probability of snowfall exceeding the depicted amount is &lt;5%.</span>
                </td></tr></table>]]>
            </text>
        </BalloonStyle>
    </Style>

    <Style id="poly_10">
        <IconStyle>
           <color>00000000</color>
           <scale>1</scale>
        </IconStyle>
        <LabelStyle>
            <color>ff00ff7f</color>
            <scale>0.8</scale>
        </LabelStyle>
        <LineStyle>
            <color>6600ff7f</color>
            <width>0.4</width>
        </LineStyle>
	<PolyStyle>
	    <color>6600ff7f</color>
	</PolyStyle>
        <BalloonStyle>
            <text>
                <![CDATA[ <table border=0 width="300"><tr><td style="font-size:10pt;">
                During this forecast period, there is a <b>10-20%</b> probability of snowfall exceeding the depicted amount in the enclosed area.
                <br/><br/>
                *<span style="font-size:8pt;">Note that in cases where this contour is embedded within a 20% contour, 
                the probability of snowfall exceeding the depicted amount is &lt;10%.</span>
                </td></tr></table>]]>
            </text>
        </BalloonStyle>
    </Style>
    
    <Style id="poly_20">
        <IconStyle>
            <color>00000000</color>
            <scale>1</scale>
        </IconStyle>
        <LabelStyle>
            <color>ff00cd00</color>
            <scale>0.8</scale>
        </LabelStyle>
        <LineStyle>
            <color>6600cd00</color>
	    <width>0.4</width>
	</LineStyle>
	<PolyStyle>
	    <color>6600cd00</color>
	</PolyStyle>
        <BalloonStyle>
            <text>
                <![CDATA[ <table border=0 width="300"><tr><td style="font-size:10pt;">
                During this forecast period, there is a <b>20-30%</b> probability of snowfall exceeding the depicted amount in the enclosed area.
                <br/><br/>
                *<span style="font-size:8pt;">Note that in cases where this contour is embedded within a 30% contour, 
                the probability of snowfall exceeding the depicted amount is &lt;20%.</span>
                </td></tr></table>]]>
            </text>
        </BalloonStyle>
    </Style>

    <Style id="poly_30">
        <IconStyle>
            <color>00000000</color>
            <scale>1</scale>
        </IconStyle>
        <LabelStyle>
            <color>ff008b00</color>
            <scale>0.8</scale>
        </LabelStyle>
        <LineStyle>
            <color>66008b00</color>
	    <width>0.4</width>
	</LineStyle>
	<PolyStyle>
	    <color>66008b00</color>
	</PolyStyle>
        <BalloonStyle>
            <text>
                <![CDATA[ <table border=0 width="300"><tr><td style="font-size:10pt;">
                During this forecast period, there is a <b>30-40%</b> probability of snowfall exceeding the depicted amount in the enclosed area.
                <br/><br/>
                *<span style="font-size:8pt;">Note that in cases where this contour is embedded within a 40% contour, 
                the probability of snowfall exceeding the depicted amount is &lt;30%.</span>
                </td></tr></table>]]>
            </text>
        </BalloonStyle>
    </Style>

    <Style id="poly_40">
        <IconStyle>
            <color>00000000</color>
            <scale>1</scale>
        </IconStyle>
        <LabelStyle>
            <color>ff8b4e10</color>
            <scale>0.8</scale>
        </LabelStyle>
        <LineStyle>
            <color>668b4e10</color>
	    <width>0.4</width>
	</LineStyle>
	<PolyStyle>
	    <color>668b4e10</color>
	</PolyStyle>
        <BalloonStyle>
            <text>
                <![CDATA[ <table border=0 width="300"><tr><td style="font-size:10pt;">
                During this forecast period, there is a <b>40-50%</b> probability of snowfall exceeding the depicted amount in the enclosed area.
                <br/><br/>
                *<span style="font-size:8pt;">Note that in cases where this contour is embedded within a 50% contour, 
                the probability of snowfall exceeding the depicted amount is &lt;40%.</span>
                </td></tr></table>]]>
            </text>
        </BalloonStyle>
    </Style>

    <Style id="poly_50">
        <IconStyle>
            <color>00000000</color>
            <scale>1</scale>
        </IconStyle>
        <LabelStyle>
            <color>ffff901e</color>
            <scale>0.8</scale>
        </LabelStyle>
        <LineStyle>
            <color>66ff901e</color>
	    <width>0.4</width>
	</LineStyle>
	<PolyStyle>
	    <color>66ff901e</color>
	</PolyStyle>
        <BalloonStyle>
            <text>
                <![CDATA[ <table border=0 width="300"><tr><td style="font-size:10pt;">
                During this forecast period, there is a <b>50-60%</b> probability of snowfall exceeding the depicted amount in the enclosed area.
                <br/><br/>
                *<span style="font-size:8pt;">Note that in cases where this contour is embedded within a 60% contour, 
                the probability of snowfall exceeding the depicted amount is &lt;50%.</span>
                </td></tr></table>]]>
            </text>
        </BalloonStyle>
    </Style>

    <Style id="poly_60">
        <IconStyle>
            <color>00000000</color>
            <scale>1</scale>
        </IconStyle>
        <LabelStyle>
            <color>ffeeb200</color>
            <scale>0.8</scale>
        </LabelStyle>
        <LineStyle>
            <color>66eeb200</color>
	    <width>0.4</width>
	</LineStyle>
	<PolyStyle>
	    <color>66eeb200</color>
	</PolyStyle>
        <BalloonStyle>
            <text>
                <![CDATA[ <table border=0 width="300"><tr><td style="font-size:10pt;">
                During this forecast period, there is a <b>60-70%</b> probability of snowfall exceeding the depicted amount in the enclosed area.
                <br/><br/>
                *<span style="font-size:8pt;">Note that in cases where this contour is embedded within a 70% contour, 
                the probability of snowfall exceeding the depicted amount is &lt;60%.</span>
                </td></tr></table>]]>
            </text>
        </BalloonStyle>
    </Style>
    
    <Style id="poly_70">
        <IconStyle>
            <color>00000000</color>
            <scale>1</scale>
        </IconStyle>
        <LabelStyle>
            <color>ffeeee00</color>
            <scale>0.8</scale>
        </LabelStyle>
        <LineStyle>
            <color>66eeee00</color>
	    <width>0.4</width>
	</LineStyle>
	<PolyStyle>
	    <color>66eeee00</color>
	</PolyStyle>
        <BalloonStyle>
            <text>
                <![CDATA[ <table border=0 width="300"><tr><td style="font-size:10pt;">
                During this forecast period, there is a <b>70-80%</b> probability of snowfall exceeding the depicted amount in the enclosed area.
                <br/><br/>
                *<span style="font-size:8pt;">Note that in cases where this contour is embedded within a 80% contour, 
                the probability of snowfall exceeding the depicted amount is &lt;70%.</span>
                </td></tr></table>]]>
            </text>
        </BalloonStyle>
    </Style>

    <Style id="poly_80">
        <IconStyle>
            <color>00000000</color>
            <scale>1</scale>
        </IconStyle>
        <LabelStyle>
            <color>ff4782ff</color>
            <scale>0.8</scale>
        </LabelStyle>
        <LineStyle>
            <color>664782ff</color>
	    <width>0.4</width>
	</LineStyle>
	<PolyStyle>
	    <color>664782ff</color>
	</PolyStyle>
        <BalloonStyle>
            <text>
                <![CDATA[ <table border=0 width="300"><tr><td style="font-size:10pt;">
                During this forecast period, there is a <b>80-90%</b> probability of snowfall exceeding the depicted amount in the enclosed area.
                <br/><br/>
                *<span style="font-size:8pt;">Note that in cases where this contour is embedded within a 90% contour, 
                the probability of snowfall exceeding the depicted amount is &lt;80%.</span>
                </td></tr></table>]]>
            </text>
        </BalloonStyle>
    </Style>

    <Style id="poly_90">
        <IconStyle>
            <color>00000000</color>
            <scale>1</scale>
        </IconStyle>
        <LabelStyle>
            <color>ff2c2cee</color>
            <scale>0.8</scale>
        </LabelStyle>
        <LineStyle>
            <color>662c2cee</color>
            <width>0.4</width>
        </LineStyle>
        <PolyStyle>
            <color>662c2cee</color>
        </PolyStyle>
        <BalloonStyle>
            <text>
                <![CDATA[ <table border=0 width="300"><tr><td style="font-size:10pt;">
                During this forecast period, there is a <b>90-95%</b> probability of snowfall exceeding the depicted amount in the enclosed area.
                <br/><br/>
                *<span style="font-size:8pt;">Note that in cases where this contour is embedded within a 95% contour, 
                the probability of snowfall exceeding the depicted amount is &lt;90%.</span>
                </td></tr></table>]]>
            </text>
        </BalloonStyle>
    </Style>

    <Style id="poly_95">
        <IconStyle>
            <color>00000000</color>
            <scale>1</scale>
        </IconStyle>
        <LabelStyle>
            <color>ff00008b</color>
            <scale>0.8</scale>
        </LabelStyle>
        <LineStyle>
            <color>6600008b</color>
	    <width>0.4</width>
	</LineStyle>
	<PolyStyle>
	    <color>6600008b</color>
	</PolyStyle>
        <BalloonStyle>
            <text>
                <![CDATA[ <table border=0 width="300"><tr><td style="font-size:10pt;">
                The probability of snowfall exceeding the depicted amount is <b>&ge;95%</b> in the enclosed area during this forecast period.
                </td></tr></table>]]>
            </text>
        </BalloonStyle>
    </Style>

  <ScreenOverlay>
    <name>Logos</name>
    <description></description>
    <Icon>
      <href>https://www.wpc.ncep.noaa.gov/images/noaa_and_nws_logo.png</href>
    </Icon>
   <overlayXY x=".01" y=".01" xunits="fraction" yunits="fraction" />
   <screenXY x=".01" y=".01" xunits="fraction" yunits="fraction" />
   <rotationXY x="0" y="0" xunits="fraction" yunits="fraction" />
   <size x="-1" y="-1" xunits="fraction" yunits="fraction" />
  </ScreenOverlay>
    <Folder>
      <name>Snow Probabilities</name>
      <open>0</open>
<Placemark>
  <name>1%</name>
  <visibility>1</visibility>
  <styleUrl>#poly_1</styleUrl>
  <MultiGeometry>
    <Polygon>
      <outerBoundaryIs>
        <LinearRing>
          <coordinates>
-115.72,40.84,0 -115.69,40.85,0 -115.67,40.86,0 -115.64,40.87,0 -115.61,40.88,0 -115.58,40.88,0 -115.56,40.89,0 -115.53,40.90,0 -115.50,40.90,0 -115.47,40.90,0 -115.44,40.90,0 -115.41,40.90,0 -115.38,40.90,0 -115.35,40.90,0 -115.32,40.90,0 -115.29,40.90,0 -115.26,40.89,0 -115.23,40.88,0 -115.20,40.87,0 -115.18,40.86,0 -115.15,40.85,0 -115.13,40.83,0 -115.11,40.82,0 -115.09,40.80,0 -115.08,40.78,0 -115.06,40.76,0 -115.05,40.74,0 -115.04,40.72,0 -115.04,40.70,0 -115.03,40.68,0 -115.02,40.65,0 -115.02,40.63,0 -115.02,40.61,0 -115.01,40.58,0 -115.01,40.56,0 -115.01,40.54,0 -115.01,40.51,0 -115.01,40.49,0 -115.01,40.47,0 -115.02,40.45,0 -115.03,40.43,0 -115.05,40.41,0 -115.06,40.39,0 -115.08,40.37,0 -115.10,40.35,0 -115.13,40.33,0 -115.15,40.32,0 -115.17,40.31,0 -115.20,40.30,0 -115.23,40.29,0 -115.25,40.28,0 -115.28,40.27,0 -115.31,40.26,0 -115.34,40.26,0 -115.37,40.25,0 -115.40,40.24,0 -115.43,40.24,0 -115.46,40.24,0 -115.49,40.23,0 -115.52,40.23,0 -115.55,40.23,0 -115.57,40.23,0 -115.60,40.24,0 -115.63,40.25,0 -115.65,40.26,0 -115.68,40.27,0 -115.71,40.29,0 -115.73,40.31,0 -115.75,40.32,0 -115.77,40.34,0 -115.79,40.36,0 -115.80,40.38,0 -115.82,40.40,0 -115.82,40.42,0 -115.83,40.44,0 -115.84,40.46,0 -115.84,40.49,0 -115.85,40.51,0 -115.85,40.53,0 -115.85,40.55,0 -115.85,40.57,0 -115.86,40.60,0 -115.86,40.62,0 -115.85,40.64,0 -115.85,40.66,0 -115.85,40.69,0 -115.85,40.71,0 -115.72,40.84,0 
          </coordinates>
        </LinearRing>
      </outerBoundaryIs>
      <innerBoundaryIs>
        <LinearRing>
          <coordinates>
-115.47,40.77,1000 -115.46,40.77,1000 -115.45,40.77,1000 -115.44,40.77,1000 -115.41,40.76,1000 -115.40,40.75,1000 -115.39,40.75,1000 -115.37,40.74,1000 -115.35,40.73,1000 -115.34,40.72,1000 -115.32,40.71,1000 -115.30,40.70,1000 -115.28,40.69,1000 -115.26,40.68,1000 -115.25,40.67,1000 -115.23,40.66,1000 -115.22,40.66,1000 -115.21,40.65,1000 -115.19,40.64,1000 -115.18,40.63,1000 -115.18,40.62,1000 -115.18,40.61,1000 -115.18,40.60,1000 -115.18,40.59,1000 -115.19,40.58,1000 -115.20,40.56,1000 -115.21,40.55,1000 -115.21,40.54,1000 -115.22,40.53,1000 -115.23,40.52,1000 -115.25,40.50,1000 -115.26,40.49,1000 -115.27,40.48,1000 -115.28,40.46,1000 -115.29,40.45,1000 -115.30,40.44,1000 -115.31,40.43,1000 -115.32,40.42,1000 -115.33,40.41,1000 -115.35,40.39,1000 -115.36,40.38,1000 -115.37,40.38,1000 -115.39,40.38,1000 -115.40,40.38,1000 -115.42,40.38,1000 -115.44,40.38,1000 -115.46,40.39,1000 -115.48,40.40,1000 -115.49,40.41,1000 -115.51,40.41,1000 -115.52,40.42,1000 -115.54,40.43,1000 -115.55,40.44,1000 -115.57,40.45,1000 -115.58,40.46,1000 -115.60,40.47,1000 -115.61,40.48,1000 -115.63,40.49,1000 -115.64,40.49,1000 -115.65,40.50,1000 -115.67,40.52,1000 -115.68,40.53,1000 -115.69,40.54,1000 -115.69,40.55,1000 -115.69,40.56,1000 -115.69,40.57,1000 -115.69,40.58,1000 -115.67,40.60,1000 -115.66,40.61,1000 -115.65,40.62,1000 -115.65,40.63,1000 -115.64,40.64,1000 -115.62,40.65,1000 -115.61,40.66,1000 -115.60,40.67,1000 -115.59,40.68,1000 -115.58,40.70,1000 -115.56,40.71,1000 -115.55,40.72,1000 -115.53,40.74,1000 -115.52,40.75,1000 -115.47,40.77,1000 
          </coordinates>
        </LinearRing>
      </innerBoundaryIs>
  </Polygon>
 </MultiGeometry>
</Placemark>
<Placemark>
  <name>1%</name>
  <visibility>1</visibility>
  <styleUrl>#poly_1</styleUrl>
  <MultiGeometry>
    <Polygon>
      <outerBoundaryIs>
        <LinearRing>
          <coordinates>
-120.48,48.39,0 -120.45,48.39,0 -120.42,48.38,0 -120.40,48.38,0 -120.37,48.37,0 -120.35,48.37,0 -120.32,48.37,0 -120.30,48.36,0 -120.28,48.36,0 -120.26,48.36,0 -120.24,48.35,0 -120.23,48.35,0 -120.21,48.35,0 -120.21,48.33,0 -120.20,48.32,0 -120.19,48.31,0 -120.18,48.30,0 -120.17,48.28,0 -120.15,48.27,0 -120.14,48.25,0 -120.12,48.23,0 -120.11,48.22,0 -120.11,48.20,0 -120.10,48.19,0 -120.10,48.17,0 -120.10,48.16,0 -120.10,48.14,0 -120.11,48.13,0 -120.12,48.12,0 -120.13,48.10,0 -120.14,48.09,0 -120.15,48.08,0 -120.16,48.06,0 -120.18,48.05,0 -120.20,48.04,0 -120.21,48.02,0 -120.23,48.01,0 -120.25,48.00,0 -120.26,47.99,0 -120.28,47.97,0 -120.30,47.96,0 -120.32,47.95,0 -120.34,47.94,0 -120.36,47.94,0 -120.38,47.94,0 -120.40,47.94,0 -120.42,47.94,0 -120.45,47.95,0 -120.47,47.96,0 -120.49,47.96,0 -120.51,47.97,0 -120.53,47.98,0 -120.55,47.98,0 -120.57,47.99,0 -120.59,48.00,0 -120.61,48.01,0 -120.63,48.02,0 -120.65,48.03,0 -120.66,48.04,0 -120.68,48.05,0 -120.70,48.07,0 -120.71,48.08,0 -120.72,48.09,0 -120.73,48.11,0 -120.73,48.12,0 -120.73,48.14,0 -120.73,48.16,0 -120.72,48.18,0 -120.71,48.20,0 -120.70,48.21,0 -120.70,48.23,0 -120.69,48.24,0 -120.68,48.26,0 -120.67,48.27,0 -120.66,48.28,0 -120.65,48.29,0 -120.48,48.39,0 
          </coordinates>
        </LinearRing>
      </outerBoundaryIs>
  </Polygon>
 </MultiGeometry>
</Placemark>
<Placemark>
  <name>1%</name>
  <visibility>1</visibility>
  <styleUrl>#poly_1</styleUrl>
  <MultiGeometry>
    <Polygon>
      <outerBoundaryIs>
        <LinearRing>
          <coordinates>
-66.17,49.25,0 -66.14,49.26,0 -66.10,49.27,0 -66.07,49.27,0 -66.03,49.28,0 -66.00,49.28,0 -65.96,49.28,0 -65.93,49.28,0 -65.90,49.28,0 -65.87,49.27,0 -65.83,49.26,0 -65.80,49.25,0 -65.77,49.23,0 -65.74,49.21,0 -65.71,49.19,0 -65.69,49.18,0 -65.67,49.17,0 -65.65,49.15,0 -65.64,49.14,0 -65.63,49.12,0 -65.62,49.10,0 -65.60,49.08,0 -65.59,49.05,0 -65.58,49.03,0 -65.56,49.00,0 -65.55,48.98,0 -65.55,48.96,0 -65.55,48.94,0 -65.55,48.91,0 -65.55,48.89,0 -65.56,48.86,0 -65.57,48.84,0 -65.58,48.82,0 -65.60,48.80,0 -65.62,48.78,0 -65.64,48.77,0 -65.67,48.75,0 -65.71,48.73,0 -65.74,48.72,0 -65.77,48.70,0 -65.80,48.69,0 -65.82,48.68,0 -65.84,48.67,0 -65.86,48.67,0 -65.88,48.67,0 -65.91,48.66,0 -65.95,48.65,0 -65.99,48.64,0 -66.03,48.64,0 -66.07,48.63,0 -66.11,48.63,0 -66.15,48.63,0 -66.18,48.64,0 -66.22,48.64,0 -66.26,48.65,0 -66.29,48.66,0 -66.32,48.67,0 -66.35,48.68,0 -66.38,48.69,0 -66.41,48.70,0 -66.43,48.71,0 -66.44,48.73,0 -66.46,48.75,0 -66.47,48.77,0 -66.48,48.79,0 -66.49,48.81,0 -66.50,48.84,0 -66.51,48.86,0 -66.52,48.89,0 -66.52,48.91,0 -66.53,48.92,0 -66.54,48.94,0 -66.52,48.95,0 -66.51,48.96,0 -66.51,48.98,0 -66.50,49.00,0 -66.49,49.02,0 -66.48,49.05,0 -66.47,49.07,0 -66.45,49.09,0 -66.43,49.11,0 -66.41,49.12,0 -66.39,49.14,0 -66.36,49.15,0 -66.34,49.17,0 -66.31,49.18,0 -66.28,49.20,0 -66.25,49.21,0 -66.22,49.23,0 -66.17,49.25,0 
          </coordinates>
        </LinearRing>
      </outerBoundaryIs>
      <innerBoundaryIs>
        <LinearRing>
          <coordinates>
-65.97,49.08,1000 -65.96,49.08,1000 -65.94,49.07,1000 -65.93,49.07,1000 -65.92,49.06,1000 -65.91,49.05,1000 -65.90,49.05,1000 -65.89,49.04,1000 -65.89,49.03,1000 -65.88,49.02,1000 -65.88,49.01,1000 -65.88,49.00,1000 -65.88,49.00,1000 -65.88,48.99,1000 -65.89,48.98,1000 -65.89,48.97,1000 -65.89,48.96,1000 -65.90,48.95,1000 -65.90,48.94,1000 -65.91,48.93,1000 -65.91,48.92,1000 -65.92,48.91,1000 -65.93,48.90,1000 -65.93,48.89,1000 -65.94,48.88,1000 -65.94,48.87,1000 -65.95,48.86,1000 -65.96,48.86,1000 -65.96,48.85,1000 -65.97,48.84,1000 -65.98,48.83,1000 -66.00,48.83,1000 -66.01,48.83,1000 -66.02,48.83,1000 -66.04,48.83,1000 -66.05,48.83,1000 -66.06,48.83,1000 -66.07,48.83,1000 -66.09,48.84,1000 -66.10,48.84,1000 -66.11,48.84,1000 -66.13,48.85,1000 -66.14,48.85,1000 -66.15,48.86,1000 -66.15,48.87,1000 -66.16,48.88,1000 -66.16,48.89,1000 -66.16,48.89,1000 -66.16,48.90,1000 -66.16,48.91,1000 -66.16,48.91,1000 -66.16,48.92,1000 -66.16,48.93,1000 -66.16,48.94,1000 -66.16,48.95,1000 -66.15,48.96,1000 -66.15,48.97,1000 -66.15,48.98,1000 -66.14,48.99,1000 -66.14,49.00,1000 -66.14,49.01,1000 -66.13,49.02,1000 -66.13,49.03,1000 -66.12,49.04,1000 -66.12,49.05,1000 -65.97,49.08,1000 
          </coordinates>
        </LinearRing>
      </innerBoundaryIs>
  </Polygon>
 </MultiGeometry>
</Placemark>
<Placemark>
  <name>1%</name>
  <visibility>1</visibility>
  <styleUrl>#poly_1</styleUrl>
  <MultiGeometry>
    <Polygon>
      <outerBoundaryIs>
        <LinearRing>
          <coordinates>
-69.60,49.87,0 -69.56,49.84,0 -69.53,49.80,0 -69.49,49.75,0 -69.45,49.70,0 -69.43,49.65,0 -69.43,49.59,0 -69.45,49.54,0 -69.47,49.49,0 -69.49,49.45,0 -69.51,49.40,0 -69.54,49.36,0 -69.55,49.33,0 -69.54,49.30,0 -69.52,49.27,0 -69.51,49.24,0 -69.51,49.20,0 -69.50,49.16,0 -69.50,49.12,0 -69.49,49.08,0 -69.49,49.03,0 -69.49,48.99,0 -69.49,48.95,0 -69.50,48.90,0 -69.51,48.86,0 -69.52,48.82,0 -69.53,48.78,0 -69.54,48.74,0 -69.56,48.70,0 -69.58,48.66,0 -69.62,48.62,0 -69.68,48.59,0 -69.72,48.56,0 -69.74,48.54,0 -69.78,48.52,0 -69.83,48.50,0 -69.89,48.47,0 -69.96,48.45,0 -70.02,48.43,0 -70.08,48.42,0 -70.15,48.42,0 -70.21,48.43,0 -70.27,48.44,0 -70.33,48.47,0 -70.39,48.51,0 -70.45,48.55,0 -70.49,48.58,0 -70.51,48.61,0 -70.52,48.64,0 -70.53,48.69,0 -70.55,48.73,0 -70.55,48.78,0 -70.54,48.83,0 -70.52,48.89,0 -70.51,48.94,0 -70.51,48.98,0 -70.50,49.02,0 -70.50,49.07,0 -70.50,49.11,0 -70.49,49.15,0 -70.49,49.20,0 -70.48,49.24,0 -70.46,49.28,0 -70.43,49.32,0 -70.38,49.36,0 -70.34,49.39,0 -70.30,49.42,0 -70.24,49.45,0 -70.19,49.47,0 -70.13,49.50,0 -70.06,49.53,0 -70.01,49.56,0 -69.98,49.60,0 -69.96,49.64,0 -69.95,49.69,0 -69.94,49.72,0 -69.92,49.75,0 -69.89,49.77,0 -69.84,49.79,0 -69.78,49.82,0 -69.71,49.85,0 -69.60,49.87,0 
          </coordinates>
        </LinearRing>
      </outerBoundaryIs>
  </Polygon>
 </MultiGeometry>
</Placemark>
<Placemark>
  <name>1%</name>
  <visibility>1</visibility>
  <styleUrl>#poly_1</styleUrl>
  <MultiGeometry>
    <Polygon>
      <outerBoundaryIs>
        <LinearRing>
          <coordinates>
-115.50,42.07,0 -115.47,42.06,0 -115.44,42.06,0 -115.42,42.05,0 -115.39,42.05,0 -115.36,42.04,0 -115.34,42.04,0 -115.32,42.03,0 -115.30,42.03,0 -115.28,42.03,0 -115.26,42.02,0 -115.25,42.02,0 -115.25,42.01,0 -115.24,42.00,0 -115.23,41.99,0 -115.21,41.98,0 -115.19,41.96,0 -115.17,41.95,0 -115.15,41.93,0 -115.13,41.91,0 -115.12,41.89,0 -115.11,41.88,0 -115.10,41.86,0 -115.10,41.84,0 -115.10,41.83,0 -115.10,41.81,0 -115.11,41.79,0 -115.11,41.77,0 -115.12,41.75,0 -115.13,41.73,0 -115.14,41.72,0 -115.15,41.70,0 -115.17,41.68,0 -115.18,41.67,0 -115.19,41.66,0 -115.21,41.64,0 -115.23,41.63,0 -115.25,41.62,0 -115.27,41.61,0 -115.29,41.59,0 -115.31,41.58,0 -115.34,41.58,0 -115.36,41.57,0 -115.38,41.56,0 -115.40,41.56,0 -115.42,41.56,0 -115.45,41.56,0 -115.47,41.57,0 -115.50,41.57,0 -115.53,41.58,0 -115.55,41.59,0 -115.58,41.60,0 -115.60,41.61,0 -115.62,41.62,0 -115.63,41.62,0 -115.65,41.63,0 -115.66,41.64,0 -115.67,41.65,0 -115.69,41.66,0 -115.71,41.68,0 -115.73,41.70,0 -115.74,41.71,0 -115.76,41.73,0 -115.77,41.75,0 -115.78,41.76,0 -115.79,41.78,0 -115.79,41.80,0 -115.79,41.82,0 -115.78,41.83,0 -115.77,41.85,0 -115.76,41.87,0 -115.75,41.89,0 -115.74,41.91,0 -115.73,41.93,0 -115.72,41.94,0 -115.71,41.95,0 -115.70,41.97,0 -115.70,41.97,0 -115.50,42.07,0 
          </coordinates>
        </LinearRing>
      </outerBoundaryIs>
  </Polygon>
 </MultiGeometry>
</Placemark>
<Placemark>
  <name>1%</name>
  <visibility>1</visibility>
  <styleUrl>#poly_1</styleUrl>
  <MultiGeometry>
    <Polygon>
      <outerBoundaryIs>
        <LinearRing>
          <coordinates>
-111.80,38.35,0 -111.78,38.36,0 -111.75,38.37,0 -111.73,38.38,0 -111.70,38.40,0 -111.68,38.41,0 -111.65,38.41,0 -111.63,38.42,0 -111.60,38.43,0 -111.58,38.43,0 -111.55,38.43,0 -111.53,38.43,0 -111.50,38.43,0 -111.47,38.43,0 -111.44,38.42,0 -111.42,38.42,0 -111.39,38.41,0 -111.37,38.41,0 -111.35,38.40,0 -111.32,38.39,0 -111.30,38.38,0 -111.29,38.37,0 -111.28,38.36,0 -111.26,38.34,0 -111.25,38.33,0 -111.24,38.31,0 -111.22,38.29,0 -111.21,38.27,0 -111.19,38.25,0 -111.18,38.23,0 -111.17,38.21,0 -111.16,38.19,0 -111.16,38.17,0 -111.16,38.15,0 -111.16,38.13,0 -111.16,38.11,0 -111.17,38.08,0 -111.18,38.06,0 -111.19,38.04,0 -111.19,38.02,0 -111.20,38.01,0 -111.21,37.99,0 -111.22,37.97,0 -111.23,37.95,0 -111.24,37.94,0 -111.26,37.93,0 -111.28,37.92,0 -111.30,37.91,0 -111.32,37.90,0 -111.34,37.89,0 -111.36,37.88,0 -111.39,37.87,0 -111.41,37.86,0 -111.44,37.85,0 -111.46,37.84,0 -111.49,37.84,0 -111.52,37.84,0 -111.54,37.84,0 -111.57,37.84,0 -111.60,37.85,0 -111.63,37.85,0 -111.66,37.86,0 -111.69,37.87,0 -111.71,37.87,0 -111.73,37.88,0 -111.76,37.89,0 -111.78,37.90,0 -111.79,37.91,0 -111.81,37.93,0 -111.82,37.94,0 -111.83,37.96,0 -111.85,37.98,0 -111.86,38.00,0 -111.87,38.02,0 -111.89,38.04,0 -111.90,38.06,0 -111.90,38.08,0 -111.91,38.10,0 -111.91,38.12,0 -111.91,38.14,0 -111.91,38.16,0 -111.91,38.18,0 -111.90,38.20,0 -111.89,38.22,0 -111.89,38.24,0 -111.88,38.26,0 -111.87,38.28,0 -111.80,38.35,0 
          </coordinates>
        </LinearRing>
      </outerBoundaryIs>
  </Polygon>
 </MultiGeometry>
</Placemark>
<Placemark>
  <name>1%</name>
  <visibility>1</visibility>
  <styleUrl>#poly_1</styleUrl>
  <MultiGeometry>
    <Polygon>
      <outerBoundaryIs>
        <LinearRing>
          <coordinates>
-120.35,49.69,0 -120.30,49.72,0 -120.25,49.74,0 -120.19,49.76,0 -120.14,49.78,0 -120.09,49.79,0 -120.03,49.79,0 -119.96,49.79,0 -119.90,49.77,0 -119.84,49.75,0 -119.79,49.73,0 -119.75,49.71,0 -119.71,49.68,0 -119.67,49.64,0 -119.63,49.60,0 -119.61,49.57,0 -119.59,49.53,0 -119.58,49.49,0 -119.56,49.45,0 -119.55,49.41,0 -119.54,49.36,0 -119.52,49.32,0 -119.51,49.28,0 -119.49,49.24,0 -119.48,49.20,0 -119.46,49.15,0 -119.44,49.11,0 -119.42,49.07,0 -119.41,49.03,0 -119.40,48.99,0 -119.40,48.95,0 -119.41,48.90,0 -119.43,48.86,0 -119.45,48.82,0 -119.48,48.79,0 -119.52,48.75,0 -119.55,48.72,0 -119.59,48.68,0 -119.64,48.65,0 -119.69,48.62,0 -119.74,48.60,0 -119.79,48.58,0 -119.85,48.56,0 -119.91,48.55,0 -119.96,48.54,0 -120.00,48.54,0 -120.04,48.54,0 -120.09,48.54,0 -120.15,48.53,0 -120.22,48.53,0 -120.30,48.53,0 -120.38,48.53,0 -120.46,48.53,0 -120.52,48.54,0 -120.58,48.56,0 -120.63,48.58,0 -120.68,48.61,0 -120.73,48.64,0 -120.77,48.68,0 -120.81,48.71,0 -120.84,48.73,0 -120.87,48.76,0 -120.87,48.79,0 -120.87,48.83,0 -120.87,48.87,0 -120.87,48.91,0 -120.88,48.96,0 -120.87,49.02,0 -120.87,49.07,0 -120.86,49.11,0 -120.84,49.15,0 -120.82,49.19,0 -120.79,49.23,0 -120.76,49.26,0 -120.72,49.30,0 -120.68,49.33,0 -120.64,49.37,0 -120.60,49.40,0 -120.56,49.43,0 -120.51,49.47,0 -120.46,49.50,0 -120.35,49.69,0 
          </coordinates>
        </LinearRing>
      </outerBoundaryIs>
      <innerBoundaryIs>
        <LinearRing>
          <coordinates>
-120.06,49.60,1000 -120.02,49.60,1000 -119.98,49.58,1000 -119.95,49.56,1000 -119.93,49.54,1000 -119.91,49.50,1000 -119.90,49.47,1000 -119.88,49.43,1000 -119.86,49.40,1000 -119.83,49.37,1000 -119.80,49.33,1000 -119.77,49.30,1000 -119.74,49.27,1000 -119.72,49.25,1000 -119.70,49.23,1000 -119.68,49.21,1000 -119.65,49.19,1000 -119.61,49.16,1000 -119.58,49.13,1000 -119.56,49.10,1000 -119.55,49.07,1000 -119.55,49.03,1000 -119.56,48.99,1000 -119.56,48.96,1000 -119.57,48.93,1000 -119.57,48.91,1000 -119.60,48.90,1000 -119.63,48.88,1000 -119.66,48.85,1000 -119.71,48.82,1000 -119.75,48.79,1000 -119.78,48.76,1000 -119.81,48.74,1000 -119.83,48.73,1000 -119.86,48.72,1000 -119.90,48.70,1000 -119.95,48.68,1000 -120.00,48.66,1000 -120.05,48.65,1000 -120.10,48.65,1000 -120.15,48.65,1000 -120.20,48.65,1000 -120.26,48.66,1000 -120.31,48.67,1000 -120.36,48.68,1000 -120.41,48.70,1000 -120.46,48.71,1000 -120.51,48.73,1000 -120.56,48.75,1000 -120.59,48.76,1000 -120.64,48.78,1000 -120.65,48.80,1000 -120.66,48.83,1000 -120.67,48.86,1000 -120.68,48.90,1000 -120.69,48.93,1000 -120.69,48.96,1000 -120.68,48.99,1000 -120.67,49.02,1000 -120.67,49.05,1000 -120.66,49.07,1000 -120.66,49.11,1000 -120.64,49.14,1000 -120.62,49.16,1000 -120.60,49.19,1000 -120.57,49.22,1000 -120.54,49.25,1000 -120.52,49.27,1000 -120.49,49.29,1000 -120.44,49.31,1000 -120.40,49.32,1000 -120.36,49.34,1000 -120.34,49.36,1000 -120.31,49.38,1000 -120.29,49.41,1000 -120.27,49.43,1000 -120.24,49.46,1000 -120.21,49.48,1000 -120.17,49.51,1000 -120.14,49.54,1000 -120.06,49.60,1000 
          </coordinates>
        </LinearRing>
      </innerBoundaryIs>
  </Polygon>
 </MultiGeometry>
</Placemark>
<Placemark>
  <name>1%</name>
  <visibility>1</visibility>
  <styleUrl>#poly_1</styleUrl>
  <MultiGeometry>
    <Polygon>
      <outerBoundaryIs>
        <LinearRing>
          <coordinates>
-115.92,51.68,0 -115.70,51.81,0 -115.44,51.85,0 -114.96,51.90,0 -114.41,51.93,0 -114.08,51.91,0 -113.78,51.88,0 -113.51,51.78,0 -113.33,51.54,0 -113.29,51.26,0 -113.23,50.97,0 -113.05,50.77,0 -112.84,50.61,0 -112.67,50.44,0 -112.54,50.30,0 -112.45,50.16,0 -112.17,50.01,0 -112.05,49.91,0 -111.62,49.87,0 -111.19,49.91,0 -110.59,49.97,0 -109.95,50.04,0 -109.36,50.11,0 -108.92,50.16,0 -108.50,50.25,0 -108.38,50.32,0 -108.05,50.39,0 -107.68,50.42,0 -107.32,50.36,0 -107.05,50.21,0 -106.92,49.97,0 -106.73,49.74,0 -106.36,49.71,0 -106.00,49.74,0 -105.72,49.71,0 -105.48,49.63,0 -105.22,49.39,0 -105.23,49.06,0 -105.38,48.87,0 -105.50,48.68,0 -105.64,48.50,0 -105.88,48.35,0 -106.33,48.33,0 -106.59,48.44,0 -106.83,48.57,0 -107.04,48.74,0 -107.36,48.78,0 -107.61,48.69,0 -107.83,48.50,0 -107.82,48.23,0 -107.78,47.88,0 -107.71,47.62,0 -107.37,47.59,0 -107.13,47.50,0 -106.92,47.37,0 -106.69,47.11,0 -106.81,46.85,0 -107.10,46.71,0 -107.29,46.59,0 -107.48,46.45,0 -107.65,46.30,0 -107.80,46.16,0 -108.00,46.00,0 -107.97,45.79,0 -107.96,45.45,0 -108.11,45.25,0 -108.36,45.10,0 -108.65,45.08,0 -108.82,45.06,0 -108.84,44.95,0 -109.02,44.71,0 -109.05,44.49,0 -108.97,44.19,0 -108.89,43.89,0 -108.96,43.60,0 -109.12,43.45,0 -109.05,43.27,0 -108.87,43.14,0 -108.77,42.86,0 -108.80,42.60,0 -108.98,42.47,0 -109.22,42.44,0 -109.41,42.45,0 -109.59,42.56,0 -109.84,42.68,0 -110.09,42.84,0 -110.18,43.03,0 -110.22,43.23,0 -110.24,43.42,0 -110.25,43.64,0 -110.30,43.96,0 -110.36,44.26,0 -110.43,44.44,0 -110.66,44.57,0 -110.97,44.56,0 -111.39,44.53,0 -111.82,44.49,0 -112.14,44.43,0 -112.41,44.26,0 -112.55,44.09,0 -112.99,43.95,0 -113.23,43.97,0 -113.45,43.82,0 -113.50,43.63,0 -113.63,43.48,0 -113.85,43.42,0 -114.17,43.41,0 -114.40,43.47,0 -114.63,43.56,0 -114.87,43.66,0 -115.14,43.81,0 -115.25,43.92,0 -115.22,44.05,0 -115.19,44.24,0 -115.18,44.43,0 -115.30,44.64,0 -115.61,44.70,0 -115.90,44.78,0 -116.18,44.87,0 -116.40,45.01,0 -116.56,45.19,0 -116.50,45.44,0 -116.38,45.70,0 -116.05,45.91,0 -115.56,45.98,0 -115.54,46.19,0 -115.44,46.41,0 -115.42,46.68,0 -115.56,46.96,0 -115.61,47.24,0 -115.61,47.54,0 -115.75,47.85,0 -115.89,47.98,0 -115.87,48.17,0 -115.65,48.30,0 -115.37,48.25,0 -115.10,48.21,0 -114.92,48.43,0 -115.12,48.72,0 -115.21,48.93,0 -115.29,49.12,0 -115.46,49.23,0 -115.70,49.13,0 -115.93,49.03,0 -116.16,49.02,0 -116.52,49.11,0 -116.75,49.09,0 -116.94,49.02,0 -117.10,48.97,0 -117.24,49.04,0 -117.44,49.34,0 -117.76,49.47,0 -118.11,49.45,0 -118.49,49.53,0 -118.77,49.61,0 -119.05,49.78,0 -119.24,50.03,0 -119.06,50.21,0 -118.67,50.21,0 -118.41,50.05,0 -118.11,50.07,0 -117.94,50.19,0 -117.76,50.35,0 -117.56,50.50,0 -117.19,50.51,0 -117.15,50.69,0 -116.91,50.89,0 -116.52,50.92,0 -116.22,50.87,0 -116.18,51.08,0 -116.23,51.25,0 -116.15,51.45,0 -115.92,51.68,0 
          </coordinates>
        </LinearRing>
      </outerBoundaryIs>
      <innerBoundaryIs>
        <LinearRing>
          <coordinates>
-114.37,48.34,0 -114.36,48.34,0 -114.35,48.32,0 -114.35,48.31,0 -114.35,48.30,0 -114.34,48.29,0 -114.34,48.28,0 -114.34,48.27,0 -114.33,48.26,0 -114.33,48.24,0 -114.33,48.23,0 -114.32,48.22,0 -114.32,48.20,0 -114.32,48.19,0 -114.31,48.17,0 -114.31,48.16,0 -114.31,48.15,0 -114.31,48.14,0 -114.30,48.12,0 -114.30,48.10,0 -114.30,48.09,0 -114.30,48.07,0 -114.29,48.06,0 -114.29,48.04,0 -114.29,48.03,0 -114.29,48.02,0 -114.29,48.01,0 -114.29,48.00,0 -114.29,48.00,0 -114.29,48.00,0 -114.30,48.01,0 -114.30,48.01,0 -114.31,48.02,0 -114.31,48.04,0 -114.32,48.05,0 -114.32,48.06,0 -114.33,48.08,0 -114.34,48.09,0 -114.35,48.11,0 -114.35,48.12,0 -114.36,48.14,0 -114.37,48.15,0 -114.38,48.16,0 -114.39,48.17,0 -114.39,48.18,0 -114.40,48.19,0 -114.41,48.20,0 -114.42,48.21,0 -114.43,48.23,0 -114.44,48.24,0 -114.45,48.25,0 -114.46,48.26,0 -114.47,48.27,0 -114.48,48.28,0 -114.49,48.29,0 -114.50,48.30,0 -114.37,48.34,0 
          </coordinates>
        </LinearRing>
      </innerBoundaryIs>
      <innerBoundaryIs>
        <LinearRing>
          <coordinates>
-114.09,44.59,1000 -114.08,44.59,1000 -114.07,44.58,1000 -114.06,44.57,1000 -114.04,44.55,1000 -114.02,44.54,1000 -114.00,44.52,1000 -113.99,44.50,1000 -113.97,44.48,1000 -113.96,44.47,1000 -113.95,44.45,1000 -113.94,44.43,1000 -113.94,44.41,1000 -113.94,44.39,1000 -113.95,44.37,1000 -113.96,44.35,1000 -113.97,44.33,1000 -113.98,44.31,1000 -113.99,44.29,1000 -114.00,44.28,1000 -114.00,44.26,1000 -114.01,44.25,1000 -114.02,44.24,1000 -114.03,44.23,1000 -114.04,44.22,1000 -114.06,44.20,1000 -114.08,44.18,1000 -114.10,44.16,1000 -114.12,44.14,1000 -114.13,44.12,1000 -114.15,44.11,1000 -114.17,44.09,1000 -114.19,44.07,1000 -114.20,44.06,1000 -114.21,44.05,1000 -114.22,44.05,1000 -114.23,44.05,1000 -114.24,44.06,1000 -114.26,44.07,1000 -114.28,44.08,1000 -114.30,44.09,1000 -114.32,44.11,1000 -114.34,44.12,1000 -114.36,44.14,1000 -114.38,44.15,1000 -114.40,44.17,1000 -114.42,44.18,1000 -114.43,44.20,1000 -114.44,44.22,1000 -114.45,44.24,1000 -114.46,44.26,1000 -114.46,44.28,1000 -114.47,44.30,1000 -114.47,44.32,1000 -114.47,44.34,1000 -114.47,44.36,1000 -114.46,44.38,1000 -114.45,44.40,1000 -114.44,44.42,1000 -114.43,44.44,1000 -114.41,44.45,1000 -114.39,44.47,1000 -114.37,44.49,1000 -114.36,44.50,1000 -114.34,44.52,1000 -114.32,44.53,1000 -114.30,44.54,1000 -114.28,44.55,1000 -114.25,44.56,1000 -114.23,44.57,1000 -114.21,44.57,1000 -114.18,44.58,1000 -114.16,44.58,1000 -114.09,44.59,1000 
          </coordinates>
        </LinearRing>
      </innerBoundaryIs>
      <innerBoundaryIs>
        <LinearRing>
          <coordinates>
-115.66,51.70,1000 -115.41,51.79,1000 -115.13,51.83,1000 -114.62,51.86,1000 -114.17,51.81,1000 -113.71,51.68,1000 -113.59,51.52,1000 -113.57,51.36,1000 -113.67,51.04,1000 -113.60,50.71,1000 -113.33,50.53,1000 -112.97,50.32,1000 -112.68,50.16,1000 -112.43,49.99,1000 -112.11,49.89,1000 -111.85,49.80,1000 -111.59,49.71,1000 -111.24,49.58,1000 -111.04,49.55,1000 -110.97,49.63,1000 -110.71,49.83,1000 -110.40,49.93,1000 -110.07,49.95,1000 -109.53,49.94,1000 -109.08,50.00,1000 -108.74,50.08,1000 -108.39,50.16,1000 -107.93,50.23,1000 -107.51,50.22,1000 -107.30,50.05,1000 -107.27,49.84,1000 -107.10,49.69,1000 -106.82,49.56,1000 -106.38,49.57,1000 -105.94,49.57,1000 -105.61,49.44,1000 -105.46,49.28,1000 -105.46,49.12,1000 -105.63,48.85,1000 -105.84,48.58,1000 -106.11,48.48,1000 -106.37,48.51,1000 -106.63,48.63,1000 -106.86,48.87,1000 -107.07,48.91,1000 -107.53,48.91,1000 -107.75,48.79,1000 -107.88,48.67,1000 -108.20,48.52,1000 -108.58,48.45,1000 -108.31,48.41,1000 -108.18,48.31,1000 -107.95,48.16,1000 -107.85,47.99,1000 -107.87,47.81,1000 -107.97,47.63,1000 -107.92,47.29,1000 -107.70,47.20,1000 -107.39,47.26,1000 -107.48,47.04,1000 -107.66,46.74,1000 -107.80,46.49,1000 -107.97,46.26,1000 -108.20,46.09,1000 -108.30,45.83,1000 -108.28,45.52,1000 -108.37,45.38,1000 -108.78,45.29,1000 -108.92,45.17,1000 -109.04,44.90,1000 -109.16,44.68,1000 -109.27,44.48,1000 -109.26,44.30,1000 -109.12,44.20,1000 -109.00,44.04,1000 -108.97,43.81,1000 -109.15,43.62,1000 -109.32,43.45,1000 -109.15,43.31,1000 -109.02,43.09,1000 -108.87,42.88,1000 -108.98,42.62,1000 -109.18,42.53,1000 -109.39,42.58,1000 -109.66,42.72,1000 -109.93,42.88,1000 -110.10,43.02,1000 -110.15,43.20,1000 -110.17,43.38,1000 -110.05,43.59,1000 -110.08,43.77,1000 -110.17,43.98,1000 -110.16,44.21,1000 -110.20,44.41,1000 -110.38,44.59,1000 -110.51,44.75,1000 -110.77,44.72,1000 -111.16,44.61,1000 -111.59,44.55,1000 -112.02,44.50,1000 -112.37,44.42,1000 -112.58,44.27,1000 -112.79,44.12,1000 -113.18,44.12,1000 -113.48,43.95,1000 -113.68,43.76,1000 -113.78,43.57,1000 -114.12,43.51,1000 -114.39,43.59,1000 -114.61,43.67,1000 -114.83,43.77,1000 -115.06,43.98,1000 -114.94,44.23,1000 -114.87,44.38,1000 -114.90,44.54,1000 -114.78,44.69,1000 -114.86,44.87,1000 -115.09,44.83,1000 -115.36,44.79,1000 -115.80,44.94,1000 -116.15,45.01,1000 -116.30,45.26,1000 -116.23,45.52,1000 -116.10,45.76,1000 -115.80,45.88,1000 -115.33,45.96,1000 -115.23,46.25,1000 -115.20,46.55,1000 -115.28,46.78,1000 -115.47,47.02,1000 -115.40,47.28,1000 -115.05,47.40,1000 -115.20,47.60,1000 -115.37,47.79,1000 -115.16,47.91,1000 -115.02,47.91,1000 -114.78,47.97,1000 -114.72,47.81,1000 -114.81,47.72,1000 -115.19,47.56,1000 -114.92,47.44,1000 -114.68,47.46,1000 -114.42,47.44,1000 -114.25,47.71,1000 -114.12,48.02,1000 -114.14,48.22,1000 -114.22,48.37,1000 -114.47,48.51,1000 -114.78,48.62,1000 -114.98,48.89,1000 -115.13,49.10,1000 -115.28,49.29,1000 -115.43,49.40,1000 -115.62,49.47,1000 -115.69,49.40,1000 -115.91,49.19,1000 -116.09,49.13,1000 -116.46,49.16,1000 -116.86,49.24,1000 -117.08,49.40,1000 -117.24,49.55,1000 -117.56,49.61,1000 -117.88,49.61,1000 -118.01,49.62,1000 -118.13,49.78,1000 -117.99,49.97,1000 -117.62,50.16,1000 -117.33,50.08,1000 -117.07,50.05,1000 -117.00,50.30,1000 -116.98,50.58,1000 -116.79,50.75,1000 -116.60,50.78,1000 -116.38,50.74,1000 -116.08,50.60,1000 -115.87,50.39,1000 -115.75,50.52,1000 -115.83,50.68,1000 -115.91,50.89,1000 -115.98,51.10,1000 -116.02,51.28,1000 -115.98,51.46,1000 -115.66,51.70,1000 
          </coordinates>
        </LinearRing>
      </innerBoundaryIs>
  </Polygon>
 </MultiGeometry>
</Placemark>
<Placemark>
  <name>1%</name>
  <visibility>1</visibility>
  <styleUrl>#poly_1</styleUrl>
  <MultiGeometry>
    <Polygon>
      <outerBoundaryIs>
        <LinearRing>
          <coordinates>
-113.08,37.82,0 -113.06,37.83,0 -113.04,37.85,0 -113.02,37.86,0 -113.00,37.87,0 -112.98,37.89,0 -112.96,37.90,0 -112.94,37.90,0 -112.91,37.91,0 -112.89,37.92,0 -112.87,37.92,0 -112.85,37.92,0 -112.82,37.92,0 -112.79,37.91,0 -112.77,37.91,0 -112.74,37.90,0 -112.71,37.89,0 -112.69,37.88,0 -112.66,37.87,0 -112.65,37.86,0 -112.63,37.86,0 -112.61,37.85,0 -112.60,37.84,0 -112.59,37.83,0 -112.57,37.81,0 -112.56,37.80,0 -112.54,37.78,0 -112.52,37.76,0 -112.51,37.74,0 -112.49,37.73,0 -112.49,37.71,0 -112.48,37.69,0 -112.48,37.67,0 -112.48,37.65,0 -112.49,37.63,0 -112.50,37.61,0 -112.51,37.59,0 -112.52,37.57,0 -112.53,37.55,0 -112.54,37.53,0 -112.54,37.51,0 -112.55,37.50,0 -112.55,37.48,0 -112.57,37.48,0 -112.58,37.47,0 -112.60,37.46,0 -112.62,37.45,0 -112.64,37.44,0 -112.66,37.43,0 -112.69,37.41,0 -112.71,37.40,0 -112.73,37.39,0 -112.76,37.38,0 -112.78,37.38,0 -112.80,37.38,0 -112.83,37.38,0 -112.85,37.39,0 -112.88,37.39,0 -112.91,37.40,0 -112.93,37.41,0 -112.96,37.42,0 -112.98,37.43,0 -113.00,37.44,0 -113.01,37.44,0 -113.03,37.45,0 -113.04,37.46,0 -113.05,37.47,0 -113.07,37.49,0 -113.09,37.50,0 -113.11,37.52,0 -113.12,37.54,0 -113.14,37.56,0 -113.15,37.57,0 -113.16,37.59,0 -113.17,37.61,0 -113.17,37.63,0 -113.17,37.65,0 -113.17,37.66,0 -113.16,37.68,0 -113.15,37.70,0 -113.14,37.72,0 -113.13,37.74,0 -113.12,37.76,0 -113.10,37.78,0 -113.09,37.80,0 -113.08,37.82,0 
          </coordinates>
        </LinearRing>
      </outerBoundaryIs>
  </Polygon>
 </MultiGeometry>
</Placemark>
<Placemark>
  <name>1%</name>
  <visibility>1</visibility>
  <styleUrl>#poly_1</styleUrl>
  <MultiGeometry>
    <Polygon>
      <outerBoundaryIs>
        <LinearRing>
          <coordinates>
-117.28,39.36,0 -117.23,39.36,0 -117.19,39.35,0 -117.14,39.35,0 -117.10,39.35,0 -117.07,39.34,0 -117.04,39.34,0 -117.01,39.34,0 -117.00,39.32,0 -116.99,39.30,0 -116.98,39.27,0 -116.96,39.24,0 -116.95,39.20,0 -116.93,39.17,0 -116.91,39.15,0 -116.88,39.13,0 -116.85,39.11,0 -116.81,39.10,0 -116.78,39.09,0 -116.75,39.08,0 -116.72,39.06,0 -116.69,39.05,0 -116.66,39.03,0 -116.63,39.01,0 -116.61,38.99,0 -116.59,38.96,0 -116.57,38.93,0 -116.55,38.90,0 -116.54,38.87,0 -116.53,38.84,0 -116.53,38.81,0 -116.53,38.78,0 -116.53,38.75,0 -116.54,38.71,0 -116.55,38.69,0 -116.56,38.66,0 -116.58,38.63,0 -116.59,38.60,0 -116.62,38.58,0 -116.65,38.56,0 -116.68,38.55,0 -116.71,38.53,0 -116.75,38.52,0 -116.78,38.51,0 -116.82,38.50,0 -116.86,38.49,0 -116.90,38.48,0 -116.94,38.48,0 -116.97,38.47,0 -117.01,38.47,0 -117.05,38.46,0 -117.09,38.46,0 -117.13,38.45,0 -117.16,38.45,0 -117.20,38.44,0 -117.24,38.44,0 -117.27,38.43,0 -117.31,38.43,0 -117.35,38.43,0 -117.39,38.43,0 -117.43,38.44,0 -117.47,38.45,0 -117.51,38.45,0 -117.54,38.46,0 -117.58,38.47,0 -117.60,38.48,0 -117.62,38.50,0 -117.65,38.52,0 -117.67,38.54,0 -117.70,38.57,0 -117.72,38.59,0 -117.74,38.62,0 -117.76,38.65,0 -117.78,38.68,0 -117.79,38.71,0 -117.81,38.75,0 -117.81,38.78,0 -117.82,38.81,0 -117.82,38.85,0 -117.82,38.88,0 -117.82,38.91,0 -117.81,38.95,0 -117.81,38.98,0 -117.80,39.01,0 -117.79,39.04,0 -117.77,39.07,0 -117.75,39.10,0 -117.72,39.13,0 -117.69,39.15,0 -117.66,39.17,0 -117.62,39.19,0 -117.58,39.21,0 -117.54,39.22,0 -117.51,39.24,0 -117.48,39.25,0 -117.44,39.26,0 -117.43,39.26,0 -117.28,39.36,0 
          </coordinates>
        </LinearRing>
      </outerBoundaryIs>
      <innerBoundaryIs>
        <LinearRing>
          <coordinates>
-117.45,39.10,1000 -117.42,39.10,1000 -117.39,39.10,1000 -117.36,39.10,1000 -117.33,39.11,1000 -117.30,39.11,1000 -117.28,39.11,1000 -117.26,39.11,1000 -117.24,39.11,1000 -117.22,39.11,1000 -117.21,39.10,1000 -117.19,39.09,1000 -117.17,39.08,1000 -117.15,39.07,1000 -117.13,39.05,1000 -117.11,39.04,1000 -117.08,39.02,1000 -117.06,39.01,1000 -117.04,38.99,1000 -117.02,38.98,1000 -117.00,38.97,1000 -116.99,38.96,1000 -116.97,38.94,1000 -116.97,38.94,1000 -116.95,38.93,1000 -116.94,38.92,1000 -116.92,38.91,1000 -116.89,38.90,1000 -116.87,38.88,1000 -116.84,38.87,1000 -116.82,38.85,1000 -116.80,38.84,1000 -116.79,38.82,1000 -116.78,38.81,1000 -116.78,38.79,1000 -116.79,38.78,1000 -116.79,38.76,1000 -116.81,38.74,1000 -116.82,38.73,1000 -116.84,38.71,1000 -116.86,38.69,1000 -116.88,38.68,1000 -116.90,38.67,1000 -116.92,38.66,1000 -116.94,38.65,1000 -116.97,38.65,1000 -116.99,38.64,1000 -117.02,38.64,1000 -117.04,38.64,1000 -117.07,38.64,1000 -117.10,38.63,1000 -117.12,38.63,1000 -117.14,38.63,1000 -117.17,38.62,1000 -117.19,38.62,1000 -117.22,38.61,1000 -117.24,38.61,1000 -117.26,38.60,1000 -117.29,38.60,1000 -117.31,38.60,1000 -117.34,38.60,1000 -117.36,38.60,1000 -117.39,38.61,1000 -117.41,38.62,1000 -117.44,38.62,1000 -117.46,38.63,1000 -117.49,38.64,1000 -117.51,38.65,1000 -117.54,38.66,1000 -117.56,38.67,1000 -117.58,38.67,1000 -117.59,38.68,1000 -117.61,38.68,1000 -117.61,38.70,1000 -117.61,38.71,1000 -117.62,38.73,1000 -117.63,38.75,1000 -117.63,38.77,1000 -117.64,38.80,1000 -117.65,38.82,1000 -117.65,38.84,1000 -117.66,38.86,1000 -117.66,38.87,1000 -117.66,38.89,1000 -117.66,38.89,1000 -117.64,38.91,1000 -117.63,38.92,1000 -117.62,38.93,1000 -117.61,38.95,1000 -117.60,38.96,1000 -117.58,38.97,1000 -117.57,38.99,1000 -117.55,39.01,1000 -117.53,39.03,1000 -117.52,39.04,1000 -117.50,39.06,1000 -117.48,39.08,1000 -117.45,39.10,1000 
          </coordinates>
        </LinearRing>
      </innerBoundaryIs>
  </Polygon>
 </MultiGeometry>
</Placemark>
<Placemark>
  <name>1%</name>
  <visibility>1</visibility>
  <styleUrl>#poly_1</styleUrl>
  <MultiGeometry>
    <Polygon>
      <outerBoundaryIs>
        <LinearRing>
          <coordinates>
-111.06,40.98,0 -111.02,40.99,0 -110.97,41.00,0 -110.93,41.01,0 -110.88,41.02,0 -110.84,41.03,0 -110.79,41.04,0 -110.75,41.04,0 -110.70,41.05,0 -110.66,41.05,0 -110.61,41.06,0 -110.57,41.06,0 -110.53,41.07,0 -110.49,41.07,0 -110.45,41.07,0 -110.41,41.08,0 -110.37,41.08,0 -110.32,41.08,0 -110.28,41.09,0 -110.23,41.09,0 -110.19,41.10,0 -110.14,41.10,0 -110.09,41.10,0 -110.05,41.10,0 -110.00,41.10,0 -109.95,41.10,0 -109.91,41.09,0 -109.87,41.08,0 -109.83,41.06,0 -109.79,41.04,0 -109.76,41.02,0 -109.73,40.99,0 -109.70,40.97,0 -109.68,40.94,0 -109.67,40.91,0 -109.66,40.87,0 -109.65,40.84,0 -109.65,40.80,0 -109.65,40.77,0 -109.64,40.74,0 -109.64,40.71,0 -109.64,40.68,0 -109.64,40.65,0 -109.65,40.62,0 -109.67,40.59,0 -109.69,40.56,0 -109.72,40.54,0 -109.75,40.51,0 -109.79,40.49,0 -109.82,40.47,0 -109.86,40.45,0 -109.90,40.44,0 -109.95,40.43,0 -109.99,40.43,0 -110.04,40.42,0 -110.09,40.41,0 -110.13,40.41,0 -110.18,40.41,0 -110.22,40.40,0 -110.27,40.40,0 -110.32,40.40,0 -110.36,40.39,0 -110.41,40.39,0 -110.45,40.38,0 -110.50,40.38,0 -110.55,40.38,0 -110.59,40.37,0 -110.64,40.37,0 -110.68,40.36,0 -110.73,40.36,0 -110.77,40.36,0 -110.81,40.36,0 -110.85,40.36,0 -110.89,40.37,0 -110.93,40.37,0 -110.97,40.38,0 -111.01,40.40,0 -111.05,40.41,0 -111.09,40.44,0 -111.12,40.46,0 -111.15,40.49,0 -111.17,40.52,0 -111.19,40.55,0 -111.20,40.59,0 -111.20,40.62,0 -111.21,40.66,0 -111.21,40.69,0 -111.22,40.72,0 -111.22,40.75,0 -111.21,40.78,0 -111.21,40.81,0 -111.21,40.84,0 -111.06,40.98,0 
          </coordinates>
        </LinearRing>
      </outerBoundaryIs>
      <innerBoundaryIs>
        <LinearRing>
          <coordinates>
-110.83,40.98,1000 -110.79,40.99,1000 -110.75,40.99,1000 -110.72,41.00,1000 -110.68,41.01,1000 -110.64,41.01,1000 -110.60,41.02,1000 -110.56,41.03,1000 -110.52,41.03,1000 -110.49,41.04,1000 -110.45,41.04,1000 -110.41,41.05,1000 -110.37,41.05,1000 -110.33,41.05,1000 -110.29,41.06,1000 -110.26,41.06,1000 -110.22,41.06,1000 -110.18,41.06,1000 -110.14,41.05,1000 -110.11,41.04,1000 -110.08,41.03,1000 -110.04,41.02,1000 -110.01,41.01,1000 -109.98,41.00,1000 -109.95,40.98,1000 -109.92,40.97,1000 -109.89,40.95,1000 -109.86,40.93,1000 -109.84,40.91,1000 -109.81,40.89,1000 -109.79,40.86,1000 -109.77,40.84,1000 -109.76,40.81,1000 -109.75,40.79,1000 -109.75,40.76,1000 -109.76,40.74,1000 -109.78,40.71,1000 -109.80,40.68,1000 -109.81,40.65,1000 -109.83,40.63,1000 -109.84,40.61,1000 -109.84,40.60,1000 -109.86,40.59,1000 -109.88,40.57,1000 -109.91,40.55,1000 -109.95,40.53,1000 -109.98,40.50,1000 -110.02,40.48,1000 -110.05,40.47,1000 -110.09,40.46,1000 -110.13,40.45,1000 -110.16,40.44,1000 -110.20,40.44,1000 -110.24,40.43,1000 -110.28,40.43,1000 -110.32,40.43,1000 -110.36,40.42,1000 -110.39,40.42,1000 -110.43,40.41,1000 -110.47,40.41,1000 -110.51,40.41,1000 -110.55,40.41,1000 -110.59,40.41,1000 -110.63,40.41,1000 -110.66,40.41,1000 -110.70,40.41,1000 -110.74,40.42,1000 -110.77,40.43,1000 -110.81,40.44,1000 -110.84,40.45,1000 -110.87,40.47,1000 -110.90,40.48,1000 -110.93,40.50,1000 -110.95,40.51,1000 -110.98,40.53,1000 -110.99,40.55,1000 -111.00,40.57,1000 -111.02,40.59,1000 -111.05,40.62,1000 -111.08,40.64,1000 -111.09,40.67,1000 -111.09,40.69,1000 -111.07,40.72,1000 -111.06,40.74,1000 -111.04,40.77,1000 -111.03,40.79,1000 -111.02,40.82,1000 -111.01,40.84,1000 -111.01,40.86,1000 -110.83,40.98,1000 
          </coordinates>
        </LinearRing>
      </innerBoundaryIs>
  </Polygon>
 </MultiGeometry>
</Placemark>
<Placemark>
  <name>1%</name>
  <visibility>1</visibility>
  <styleUrl>#poly_1</styleUrl>
  <MultiGeometry>
    <Polygon>
      <outerBoundaryIs>
        <LinearRing>
          <coordinates>
-120.46,39.09,0 -120.35,39.14,0 -120.24,39.17,0 -120.15,39.19,0 -120.04,39.17,0 -119.94,39.12,0 -119.84,39.07,0 -119.74,39.02,0 -119.65,38.96,0 -119.56,38.87,0 -119.49,38.79,0 -119.40,38.77,0 -119.30,38.77,0 -119.20,38.75,0 -119.10,38.70,0 -119.02,38.64,0 -118.95,38.52,0 -118.92,38.43,0 -118.90,38.31,0 -118.88,38.18,0 -118.86,38.07,0 -118.83,38.00,0 -118.74,38.00,0 -118.65,38.08,0 -118.56,38.12,0 -118.46,38.16,0 -118.31,38.17,0 -118.17,38.16,0 -118.07,38.11,0 -118.00,38.03,0 -117.94,37.94,0 -117.89,37.82,0 -117.87,37.73,0 -117.84,37.61,0 -117.83,37.50,0 -117.83,37.41,0 -117.90,37.30,0 -117.98,37.23,0 -117.99,37.17,0 -117.96,37.09,0 -117.94,37.00,0 -117.91,36.89,0 -117.88,36.78,0 -117.86,36.68,0 -117.84,36.58,0 -117.84,36.50,0 -117.84,36.42,0 -117.87,36.31,0 -117.93,36.22,0 -118.02,36.16,0 -118.14,36.12,0 -118.26,36.09,0 -118.40,36.08,0 -118.50,36.09,0 -118.61,36.11,0 -118.70,36.14,0 -118.79,36.20,0 -118.86,36.31,0 -118.89,36.40,0 -118.91,36.50,0 -118.93,36.61,0 -118.97,36.71,0 -119.03,36.79,0 -119.11,36.86,0 -119.18,36.92,0 -119.25,36.98,0 -119.31,37.06,0 -119.36,37.13,0 -119.41,37.19,0 -119.52,37.24,0 -119.63,37.29,0 -119.71,37.35,0 -119.77,37.44,0 -119.80,37.53,0 -119.83,37.63,0 -119.87,37.74,0 -119.91,37.84,0 -119.99,37.93,0 -120.07,38.02,0 -120.15,38.11,0 -120.19,38.20,0 -120.23,38.31,0 -120.26,38.42,0 -120.30,38.51,0 -120.36,38.61,0 -120.44,38.70,0 -120.51,38.78,0 -120.46,39.09,0 
          </coordinates>
        </LinearRing>
      </outerBoundaryIs>
      <innerBoundaryIs>
        <LinearRing>
          <coordinates>
-120.20,38.96,1000 -120.09,38.95,1000 -119.99,38.94,1000 -119.90,38.91,1000 -119.83,38.87,1000 -119.77,38.81,1000 -119.69,38.76,1000 -119.60,38.73,1000 -119.50,38.70,1000 -119.40,38.67,1000 -119.31,38.64,1000 -119.23,38.61,1000 -119.18,38.59,1000 -119.11,38.50,1000 -119.07,38.42,1000 -119.03,38.32,1000 -118.98,38.21,1000 -118.93,38.09,1000 -118.89,37.98,1000 -118.85,37.88,1000 -118.81,37.82,1000 -118.73,37.78,1000 -118.66,37.85,1000 -118.58,37.91,1000 -118.48,37.99,1000 -118.37,38.03,1000 -118.25,38.02,1000 -118.13,37.98,1000 -118.03,37.91,1000 -117.98,37.84,1000 -117.94,37.75,1000 -117.92,37.66,1000 -117.91,37.58,1000 -117.93,37.50,1000 -117.98,37.43,1000 -118.03,37.36,1000 -118.09,37.27,1000 -118.12,37.19,1000 -118.09,37.12,1000 -118.03,37.02,1000 -118.00,36.94,1000 -117.96,36.84,1000 -117.93,36.74,1000 -117.92,36.65,1000 -117.92,36.56,1000 -117.94,36.48,1000 -117.97,36.40,1000 -118.00,36.34,1000 -118.06,36.27,1000 -118.13,36.22,1000 -118.22,36.19,1000 -118.33,36.18,1000 -118.45,36.19,1000 -118.56,36.22,1000 -118.66,36.26,1000 -118.74,36.32,1000 -118.81,36.39,1000 -118.83,36.46,1000 -118.84,36.53,1000 -118.85,36.62,1000 -118.89,36.72,1000 -118.94,36.79,1000 -119.00,36.88,1000 -119.07,36.97,1000 -119.14,37.05,1000 -119.21,37.14,1000 -119.28,37.21,1000 -119.36,37.28,1000 -119.43,37.33,1000 -119.50,37.38,1000 -119.58,37.44,1000 -119.65,37.52,1000 -119.70,37.60,1000 -119.76,37.70,1000 -119.82,37.81,1000 -119.87,37.91,1000 -119.92,38.02,1000 -119.96,38.11,1000 -120.00,38.19,1000 -120.04,38.30,1000 -120.05,38.36,1000 -120.07,38.42,1000 -120.11,38.51,1000 -120.17,38.60,1000 -120.23,38.70,1000 -120.20,38.96,1000 
          </coordinates>
        </LinearRing>
      </innerBoundaryIs>
  </Polygon>
 </MultiGeometry>
</Placemark>
<Placemark>
  <name>5%</name>
  <visibility>1</visibility>
  <styleUrl>#poly_5</styleUrl>
  <MultiGeometry>
    <Polygon>
      <outerBoundaryIs>
        <LinearRing>
          <coordinates>
-120.06,49.60,1000 -120.02,49.60,1000 -119.98,49.58,1000 -119.95,49.56,1000 -119.93,49.54,1000 -119.91,49.50,1000 -119.90,49.47,1000 -119.88,49.43,1000 -119.86,49.40,1000 -119.83,49.37,1000 -119.80,49.33,1000 -119.77,49.30,1000 -119.74,49.27,1000 -119.72,49.25,1000 -119.70,49.23,1000 -119.68,49.21,1000 -119.65,49.19,1000 -119.61,49.16,1000 -119.58,49.13,1000 -119.56,49.10,1000 -119.55,49.07,1000 -119.55,49.03,1000 -119.56,48.99,1000 -119.56,48.96,1000 -119.57,48.93,1000 -119.57,48.91,1000 -119.60,48.90,1000 -119.63,48.88,1000 -119.66,48.85,1000 -119.71,48.82,1000 -119.75,48.79,1000 -119.78,48.76,1000 -119.81,48.74,1000 -119.83,48.73,1000 -119.86,48.72,1000 -119.90,48.70,1000 -119.95,48.68,1000 -120.00,48.66,1000 -120.05,48.65,1000 -120.10,48.65,1000 -120.15,48.65,1000 -120.20,48.65,1000 -120.26,48.66,1000 -120.31,48.67,1000 -120.36,48.68,1000 -120.41,48.70,1000 -120.46,48.71,1000 -120.51,48.73,1000 -120.56,48.75,1000 -120.59,48.76,1000 -120.64,48.78,1000 -120.65,48.80,1000 -120.66,48.83,1000 -120.67,48.86,1000 -120.68,48.90,1000 -120.69,48.93,1000 -120.69,48.96,1000 -120.68,48.99,1000 -120.67,49.02,1000 -120.67,49.05,1000 -120.66,49.07,1000 -120.66,49.11,1000 -120.64,49.14,1000 -120.62,49.16,1000 -120.60,49.19,1000 -120.57,49.22,1000 -120.54,49.25,1000 -120.52,49.27,1000 -120.49,49.29,1000 -120.44,49.31,1000 -120.40,49.32,1000 -120.36,49.34,1000 -120.34,49.36,1000 -120.31,49.38,1000 -120.29,49.41,1000 -120.27,49.43,1000 -120.24,49.46,1000 -120.21,49.48,1000 -120.17,49.51,1000 -120.14,49.54,1000 -120.06,49.60,1000 
          </coordinates>
        </LinearRing>
      </outerBoundaryIs>
      <innerBoundaryIs>
        <LinearRing>
          <coordinates>
-120.46,49.20,2000 -120.44,49.22,2000 -120.41,49.23,2000 -120.39,49.25,2000 -120.37,49.26,2000 -120.34,49.28,2000 -120.32,49.29,2000 -120.29,49.30,2000 -120.27,49.31,2000 -120.24,49.32,2000 -120.21,49.33,2000 -120.17,49.33,2000 -120.14,49.34,2000 -120.10,49.34,2000 -120.07,49.34,2000 -120.04,49.34,2000 -120.01,49.33,2000 -119.98,49.33,2000 -119.95,49.32,2000 -119.93,49.31,2000 -119.90,49.29,2000 -119.88,49.28,2000 -119.86,49.26,2000 -119.84,49.24,2000 -119.82,49.23,2000 -119.80,49.21,2000 -119.78,49.20,2000 -119.76,49.18,2000 -119.74,49.16,2000 -119.72,49.14,2000 -119.70,49.13,2000 -119.69,49.11,2000 -119.68,49.09,2000 -119.67,49.07,2000 -119.67,49.05,2000 -119.67,49.03,2000 -119.67,49.00,2000 -119.67,48.98,2000 -119.67,48.96,2000 -119.68,48.94,2000 -119.69,48.92,2000 -119.70,48.90,2000 -119.72,48.88,2000 -119.74,48.86,2000 -119.76,48.84,2000 -119.78,48.83,2000 -119.80,48.81,2000 -119.83,48.80,2000 -119.86,48.79,2000 -119.88,48.78,2000 -119.91,48.77,2000 -119.94,48.76,2000 -119.97,48.75,2000 -120.01,48.75,2000 -120.04,48.74,2000 -120.07,48.74,2000 -120.10,48.74,2000 -120.14,48.74,2000 -120.17,48.74,2000 -120.20,48.74,2000 -120.24,48.74,2000 -120.27,48.74,2000 -120.30,48.75,2000 -120.33,48.75,2000 -120.36,48.76,2000 -120.39,48.77,2000 -120.42,48.78,2000 -120.45,48.79,2000 -120.47,48.80,2000 -120.49,48.82,2000 -120.51,48.84,2000 -120.52,48.85,2000 -120.54,48.87,2000 -120.55,48.89,2000 -120.56,48.91,2000 -120.57,48.94,2000 -120.58,48.96,2000 -120.58,48.98,2000 -120.58,49.00,2000 -120.58,49.02,2000 -120.57,49.04,2000 -120.56,49.06,2000 -120.55,49.08,2000 -120.54,49.10,2000 -120.53,49.12,2000 -120.51,49.14,2000 -120.50,49.16,2000 -120.46,49.20,2000 
          </coordinates>
        </LinearRing>
      </innerBoundaryIs>
  </Polygon>
 </MultiGeometry>
</Placemark>
<Placemark>
  <name>5%</name>
  <visibility>1</visibility>
  <styleUrl>#poly_5</styleUrl>
  <MultiGeometry>
    <Polygon>
      <outerBoundaryIs>
        <LinearRing>
          <coordinates>
-110.83,40.98,1000 -110.79,40.99,1000 -110.75,40.99,1000 -110.72,41.00,1000 -110.68,41.01,1000 -110.64,41.01,1000 -110.60,41.02,1000 -110.56,41.03,1000 -110.52,41.03,1000 -110.49,41.04,1000 -110.45,41.04,1000 -110.41,41.05,1000 -110.37,41.05,1000 -110.33,41.05,1000 -110.29,41.06,1000 -110.26,41.06,1000 -110.22,41.06,1000 -110.18,41.06,1000 -110.14,41.05,1000 -110.11,41.04,1000 -110.08,41.03,1000 -110.04,41.02,1000 -110.01,41.01,1000 -109.98,41.00,1000 -109.95,40.98,1000 -109.92,40.97,1000 -109.89,40.95,1000 -109.86,40.93,1000 -109.84,40.91,1000 -109.81,40.89,1000 -109.79,40.86,1000 -109.77,40.84,1000 -109.76,40.81,1000 -109.75,40.79,1000 -109.75,40.76,1000 -109.76,40.74,1000 -109.78,40.71,1000 -109.80,40.68,1000 -109.81,40.65,1000 -109.83,40.63,1000 -109.84,40.61,1000 -109.84,40.60,1000 -109.86,40.59,1000 -109.88,40.57,1000 -109.91,40.55,1000 -109.95,40.53,1000 -109.98,40.50,1000 -110.02,40.48,1000 -110.05,40.47,1000 -110.09,40.46,1000 -110.13,40.45,1000 -110.16,40.44,1000 -110.20,40.44,1000 -110.24,40.43,1000 -110.28,40.43,1000 -110.32,40.43,1000 -110.36,40.42,1000 -110.39,40.42,1000 -110.43,40.41,1000 -110.47,40.41,1000 -110.51,40.41,1000 -110.55,40.41,1000 -110.59,40.41,1000 -110.63,40.41,1000 -110.66,40.41,1000 -110.70,40.41,1000 -110.74,40.42,1000 -110.77,40.43,1000 -110.81,40.44,1000 -110.84,40.45,1000 -110.87,40.47,1000 -110.90,40.48,1000 -110.93,40.50,1000 -110.95,40.51,1000 -110.98,40.53,1000 -110.99,40.55,1000 -111.00,40.57,1000 -111.02,40.59,1000 -111.05,40.62,1000 -111.08,40.64,1000 -111.09,40.67,1000 -111.09,40.69,1000 -111.07,40.72,1000 -111.06,40.74,1000 -111.04,40.77,1000 -111.03,40.79,1000 -111.02,40.82,1000 -111.01,40.84,1000 -111.01,40.86,1000 -110.83,40.98,1000 
          </coordinates>
        </LinearRing>
      </outerBoundaryIs>
      <innerBoundaryIs>
        <LinearRing>
          <coordinates>
-110.82,40.91,2000 -110.79,40.92,2000 -110.76,40.93,2000 -110.73,40.94,2000 -110.71,40.95,2000 -110.68,40.96,2000 -110.65,40.97,2000 -110.62,40.97,2000 -110.59,40.98,2000 -110.56,40.99,2000 -110.52,40.99,2000 -110.49,41.00,2000 -110.46,41.00,2000 -110.43,41.01,2000 -110.39,41.01,2000 -110.36,41.01,2000 -110.33,41.01,2000 -110.29,41.01,2000 -110.26,41.01,2000 -110.22,41.00,2000 -110.19,41.00,2000 -110.16,40.99,2000 -110.13,40.99,2000 -110.10,40.98,2000 -110.08,40.98,2000 -110.05,40.97,2000 -110.03,40.96,2000 -110.01,40.94,2000 -109.99,40.93,2000 -109.97,40.91,2000 -109.95,40.89,2000 -109.93,40.87,2000 -109.91,40.85,2000 -109.89,40.82,2000 -109.88,40.80,2000 -109.87,40.78,2000 -109.87,40.76,2000 -109.88,40.73,2000 -109.89,40.71,2000 -109.90,40.68,2000 -109.92,40.65,2000 -109.93,40.63,2000 -109.95,40.61,2000 -109.96,40.59,2000 -109.98,40.57,2000 -110.00,40.55,2000 -110.03,40.54,2000 -110.06,40.53,2000 -110.08,40.52,2000 -110.11,40.51,2000 -110.13,40.51,2000 -110.16,40.50,2000 -110.19,40.49,2000 -110.22,40.48,2000 -110.25,40.48,2000 -110.28,40.47,2000 -110.31,40.47,2000 -110.34,40.46,2000 -110.38,40.46,2000 -110.41,40.46,2000 -110.44,40.46,2000 -110.48,40.46,2000 -110.51,40.46,2000 -110.54,40.46,2000 -110.57,40.46,2000 -110.61,40.47,2000 -110.64,40.47,2000 -110.67,40.48,2000 -110.70,40.48,2000 -110.73,40.49,2000 -110.75,40.49,2000 -110.78,40.50,2000 -110.80,40.50,2000 -110.82,40.52,2000 -110.84,40.53,2000 -110.86,40.55,2000 -110.88,40.57,2000 -110.91,40.59,2000 -110.93,40.61,2000 -110.96,40.63,2000 -110.97,40.66,2000 -110.98,40.68,2000 -110.98,40.70,2000 -110.98,40.72,2000 -110.97,40.74,2000 -110.96,40.76,2000 -110.95,40.78,2000 -110.93,40.80,2000 -110.92,40.83,2000 -110.90,40.85,2000 -110.88,40.87,2000 -110.82,40.91,2000 
          </coordinates>
        </LinearRing>
      </innerBoundaryIs>
  </Polygon>
 </MultiGeometry>
</Placemark>
<Placemark>
  <name>5%</name>
  <visibility>1</visibility>
  <styleUrl>#poly_5</styleUrl>
  <MultiGeometry>
    <Polygon>
      <outerBoundaryIs>
        <LinearRing>
          <coordinates>
-120.20,38.96,1000 -120.09,38.95,1000 -119.99,38.94,1000 -119.90,38.91,1000 -119.83,38.87,1000 -119.77,38.81,1000 -119.69,38.76,1000 -119.60,38.73,1000 -119.50,38.70,1000 -119.40,38.67,1000 -119.31,38.64,1000 -119.23,38.61,1000 -119.18,38.59,1000 -119.11,38.50,1000 -119.07,38.42,1000 -119.03,38.32,1000 -118.98,38.21,1000 -118.93,38.09,1000 -118.89,37.98,1000 -118.85,37.88,1000 -118.81,37.82,1000 -118.73,37.78,1000 -118.66,37.85,1000 -118.58,37.91,1000 -118.48,37.99,1000 -118.37,38.03,1000 -118.25,38.02,1000 -118.13,37.98,1000 -118.03,37.91,1000 -117.98,37.84,1000 -117.94,37.75,1000 -117.92,37.66,1000 -117.91,37.58,1000 -117.93,37.50,1000 -117.98,37.43,1000 -118.03,37.36,1000 -118.09,37.27,1000 -118.12,37.19,1000 -118.09,37.12,1000 -118.03,37.02,1000 -118.00,36.94,1000 -117.96,36.84,1000 -117.93,36.74,1000 -117.92,36.65,1000 -117.92,36.56,1000 -117.94,36.48,1000 -117.97,36.40,1000 -118.00,36.34,1000 -118.06,36.27,1000 -118.13,36.22,1000 -118.22,36.19,1000 -118.33,36.18,1000 -118.45,36.19,1000 -118.56,36.22,1000 -118.66,36.26,1000 -118.74,36.32,1000 -118.81,36.39,1000 -118.83,36.46,1000 -118.84,36.53,1000 -118.85,36.62,1000 -118.89,36.72,1000 -118.94,36.79,1000 -119.00,36.88,1000 -119.07,36.97,1000 -119.14,37.05,1000 -119.21,37.14,1000 -119.28,37.21,1000 -119.36,37.28,1000 -119.43,37.33,1000 -119.50,37.38,1000 -119.58,37.44,1000 -119.65,37.52,1000 -119.70,37.60,1000 -119.76,37.70,1000 -119.82,37.81,1000 -119.87,37.91,1000 -119.92,38.02,1000 -119.96,38.11,1000 -120.00,38.19,1000 -120.04,38.30,1000 -120.05,38.36,1000 -120.07,38.42,1000 -120.11,38.51,1000 -120.17,38.60,1000 -120.23,38.70,1000 -120.20,38.96,1000 
          </coordinates>
        </LinearRing>
      </outerBoundaryIs>
      <innerBoundaryIs>
        <LinearRing>
          <coordinates>
-119.92,38.76,2000 -119.81,38.73,2000 -119.69,38.69,2000 -119.59,38.66,2000 -119.50,38.63,2000 -119.42,38.60,2000 -119.33,38.56,2000 -119.27,38.52,2000 -119.22,38.48,2000 -119.18,38.42,2000 -119.16,38.35,2000 -119.14,38.29,2000 -119.12,38.22,2000 -119.08,38.13,2000 -119.05,38.07,2000 -119.00,38.00,2000 -118.96,37.92,2000 -118.91,37.85,2000 -118.87,37.79,2000 -118.80,37.71,2000 -118.74,37.68,2000 -118.68,37.70,2000 -118.62,37.75,2000 -118.55,37.80,2000 -118.48,37.86,2000 -118.41,37.92,2000 -118.34,37.95,2000 -118.26,37.94,2000 -118.17,37.90,2000 -118.10,37.84,2000 -118.06,37.78,2000 -118.02,37.71,2000 -118.00,37.63,2000 -118.00,37.56,2000 -118.05,37.49,2000 -118.14,37.42,2000 -118.21,37.36,2000 -118.23,37.29,2000 -118.22,37.22,2000 -118.21,37.16,2000 -118.18,37.10,2000 -118.13,37.01,2000 -118.10,36.95,2000 -118.07,36.87,2000 -118.04,36.78,2000 -118.02,36.71,2000 -118.00,36.64,2000 -118.00,36.54,2000 -118.03,36.46,2000 -118.08,36.39,2000 -118.15,36.33,2000 -118.22,36.28,2000 -118.30,36.26,2000 -118.38,36.26,2000 -118.46,36.27,2000 -118.54,36.30,2000 -118.62,36.33,2000 -118.69,36.38,2000 -118.74,36.43,2000 -118.77,36.50,2000 -118.79,36.56,2000 -118.79,36.62,2000 -118.79,36.68,2000 -118.81,36.75,2000 -118.85,36.81,2000 -118.92,36.87,2000 -118.99,36.94,2000 -119.06,37.02,2000 -119.11,37.08,2000 -119.17,37.16,2000 -119.22,37.24,2000 -119.28,37.31,2000 -119.33,37.38,2000 -119.38,37.43,2000 -119.48,37.49,2000 -119.56,37.53,2000 -119.60,37.59,2000 -119.63,37.66,2000 -119.65,37.72,2000 -119.67,37.79,2000 -119.71,37.88,2000 -119.75,37.94,2000 -119.80,38.00,2000 -119.85,38.08,2000 -119.90,38.15,2000 -119.94,38.22,2000 -119.96,38.30,2000 -119.97,38.39,2000 -119.97,38.47,2000 -119.97,38.55,2000 -119.92,38.76,2000 
          </coordinates>
        </LinearRing>
      </innerBoundaryIs>
  </Polygon>
 </MultiGeometry>
</Placemark>
<Placemark>
  <name>5%</name>
  <visibility>1</visibility>
  <styleUrl>#poly_5</styleUrl>
  <MultiGeometry>
    <Polygon>
      <outerBoundaryIs>
        <LinearRing>
          <coordinates>
-65.97,49.08,1000 -65.96,49.08,1000 -65.94,49.07,1000 -65.93,49.07,1000 -65.92,49.06,1000 -65.91,49.05,1000 -65.90,49.05,1000 -65.89,49.04,1000 -65.89,49.03,1000 -65.88,49.02,1000 -65.88,49.01,1000 -65.88,49.00,1000 -65.88,49.00,1000 -65.88,48.99,1000 -65.89,48.98,1000 -65.89,48.97,1000 -65.89,48.96,1000 -65.90,48.95,1000 -65.90,48.94,1000 -65.91,48.93,1000 -65.91,48.92,1000 -65.92,48.91,1000 -65.93,48.90,1000 -65.93,48.89,1000 -65.94,48.88,1000 -65.94,48.87,1000 -65.95,48.86,1000 -65.96,48.86,1000 -65.96,48.85,1000 -65.97,48.84,1000 -65.98,48.83,1000 -66.00,48.83,1000 -66.01,48.83,1000 -66.02,48.83,1000 -66.04,48.83,1000 -66.05,48.83,1000 -66.06,48.83,1000 -66.07,48.83,1000 -66.09,48.84,1000 -66.10,48.84,1000 -66.11,48.84,1000 -66.13,48.85,1000 -66.14,48.85,1000 -66.15,48.86,1000 -66.15,48.87,1000 -66.16,48.88,1000 -66.16,48.89,1000 -66.16,48.89,1000 -66.16,48.90,1000 -66.16,48.91,1000 -66.16,48.91,1000 -66.16,48.92,1000 -66.16,48.93,1000 -66.16,48.94,1000 -66.16,48.95,1000 -66.15,48.96,1000 -66.15,48.97,1000 -66.15,48.98,1000 -66.14,48.99,1000 -66.14,49.00,1000 -66.14,49.01,1000 -66.13,49.02,1000 -66.13,49.03,1000 -66.12,49.04,1000 -66.12,49.05,1000 -65.97,49.08,1000 
          </coordinates>
        </LinearRing>
      </outerBoundaryIs>
  </Polygon>
 </MultiGeometry>
</Placemark>
<Placemark>
  <name>5%</name>
  <visibility>1</visibility>
  <styleUrl>#poly_5</styleUrl>
  <MultiGeometry>
    <Polygon>
      <outerBoundaryIs>
        <LinearRing>
          <coordinates>
-117.45,39.10,1000 -117.42,39.10,1000 -117.39,39.10,1000 -117.36,39.10,1000 -117.33,39.11,1000 -117.30,39.11,1000 -117.28,39.11,1000 -117.26,39.11,1000 -117.24,39.11,1000 -117.22,39.11,1000 -117.21,39.10,1000 -117.19,39.09,1000 -117.17,39.08,1000 -117.15,39.07,1000 -117.13,39.05,1000 -117.11,39.04,1000 -117.08,39.02,1000 -117.06,39.01,1000 -117.04,38.99,1000 -117.02,38.98,1000 -117.00,38.97,1000 -116.99,38.96,1000 -116.97,38.94,1000 -116.97,38.94,1000 -116.95,38.93,1000 -116.94,38.92,1000 -116.92,38.91,1000 -116.89,38.90,1000 -116.87,38.88,1000 -116.84,38.87,1000 -116.82,38.85,1000 -116.80,38.84,1000 -116.79,38.82,1000 -116.78,38.81,1000 -116.78,38.79,1000 -116.79,38.78,1000 -116.79,38.76,1000 -116.81,38.74,1000 -116.82,38.73,1000 -116.84,38.71,1000 -116.86,38.69,1000 -116.88,38.68,1000 -116.90,38.67,1000 -116.92,38.66,1000 -116.94,38.65,1000 -116.97,38.65,1000 -116.99,38.64,1000 -117.02,38.64,1000 -117.04,38.64,1000 -117.07,38.64,1000 -117.10,38.63,1000 -117.12,38.63,1000 -117.14,38.63,1000 -117.17,38.62,1000 -117.19,38.62,1000 -117.22,38.61,1000 -117.24,38.61,1000 -117.26,38.60,1000 -117.29,38.60,1000 -117.31,38.60,1000 -117.34,38.60,1000 -117.36,38.60,1000 -117.39,38.61,1000 -117.41,38.62,1000 -117.44,38.62,1000 -117.46,38.63,1000 -117.49,38.64,1000 -117.51,38.65,1000 -117.54,38.66,1000 -117.56,38.67,1000 -117.58,38.67,1000 -117.59,38.68,1000 -117.61,38.68,1000 -117.61,38.70,1000 -117.61,38.71,1000 -117.62,38.73,1000 -117.63,38.75,1000 -117.63,38.77,1000 -117.64,38.80,1000 -117.65,38.82,1000 -117.65,38.84,1000 -117.66,38.86,1000 -117.66,38.87,1000 -117.66,38.89,1000 -117.66,38.89,1000 -117.64,38.91,1000 -117.63,38.92,1000 -117.62,38.93,1000 -117.61,38.95,1000 -117.60,38.96,1000 -117.58,38.97,1000 -117.57,38.99,1000 -117.55,39.01,1000 -117.53,39.03,1000 -117.52,39.04,1000 -117.50,39.06,1000 -117.48,39.08,1000 -117.45,39.10,1000 
          </coordinates>
        </LinearRing>
      </outerBoundaryIs>
      <innerBoundaryIs>
        <LinearRing>
          <coordinates>
-117.42,38.96,2000 -117.41,38.96,2000 -117.39,38.96,2000 -117.38,38.96,2000 -117.36,38.96,2000 -117.35,38.96,2000 -117.34,38.96,2000 -117.32,38.96,2000 -117.31,38.96,2000 -117.30,38.95,2000 -117.29,38.95,2000 -117.28,38.95,2000 -117.27,38.94,2000 -117.27,38.94,2000 -117.26,38.93,2000 -117.26,38.92,2000 -117.25,38.92,2000 -117.25,38.91,2000 -117.25,38.90,2000 -117.25,38.89,2000 -117.24,38.88,2000 -117.24,38.87,2000 -117.24,38.86,2000 -117.24,38.85,2000 -117.24,38.84,2000 -117.24,38.83,2000 -117.24,38.82,2000 -117.25,38.81,2000 -117.25,38.80,2000 -117.25,38.79,2000 -117.25,38.78,2000 -117.25,38.77,2000 -117.25,38.76,2000 -117.26,38.76,2000 -117.26,38.75,2000 -117.27,38.74,2000 -117.27,38.73,2000 -117.28,38.73,2000 -117.29,38.72,2000 -117.31,38.72,2000 -117.32,38.72,2000 -117.33,38.71,2000 -117.34,38.71,2000 -117.35,38.71,2000 -117.36,38.71,2000 -117.37,38.71,2000 -117.38,38.71,2000 -117.39,38.71,2000 -117.40,38.71,2000 -117.41,38.73,2000 -117.41,38.74,2000 -117.42,38.74,2000 -117.42,38.75,2000 -117.42,38.75,2000 -117.43,38.76,2000 -117.43,38.77,2000 -117.43,38.78,2000 -117.44,38.78,2000 -117.44,38.79,2000 -117.45,38.80,2000 -117.45,38.81,2000 -117.45,38.82,2000 -117.46,38.83,2000 -117.46,38.84,2000 -117.47,38.85,2000 -117.47,38.86,2000 -117.48,38.87,2000 -117.48,38.88,2000 -117.49,38.89,2000 -117.49,38.90,2000 -117.42,38.96,2000 
          </coordinates>
        </LinearRing>
      </innerBoundaryIs>
  </Polygon>
 </MultiGeometry>
</Placemark>
<Placemark>
  <name>5%</name>
  <visibility>1</visibility>
  <styleUrl>#poly_5</styleUrl>
  <MultiGeometry>
    <Polygon>
      <outerBoundaryIs>
        <LinearRing>
          <coordinates>
-115.47,40.77,1000 -115.46,40.77,1000 -115.45,40.77,1000 -115.44,40.77,1000 -115.41,40.76,1000 -115.40,40.75,1000 -115.39,40.75,1000 -115.37,40.74,1000 -115.35,40.73,1000 -115.34,40.72,1000 -115.32,40.71,1000 -115.30,40.70,1000 -115.28,40.69,1000 -115.26,40.68,1000 -115.25,40.67,1000 -115.23,40.66,1000 -115.22,40.66,1000 -115.21,40.65,1000 -115.19,40.64,1000 -115.18,40.63,1000 -115.18,40.62,1000 -115.18,40.61,1000 -115.18,40.60,1000 -115.18,40.59,1000 -115.19,40.58,1000 -115.20,40.56,1000 -115.21,40.55,1000 -115.21,40.54,1000 -115.22,40.53,1000 -115.23,40.52,1000 -115.25,40.50,1000 -115.26,40.49,1000 -115.27,40.48,1000 -115.28,40.46,1000 -115.29,40.45,1000 -115.30,40.44,1000 -115.31,40.43,1000 -115.32,40.42,1000 -115.33,40.41,1000 -115.35,40.39,1000 -115.36,40.38,1000 -115.37,40.38,1000 -115.39,40.38,1000 -115.40,40.38,1000 -115.42,40.38,1000 -115.44,40.38,1000 -115.46,40.39,1000 -115.48,40.40,1000 -115.49,40.41,1000 -115.51,40.41,1000 -115.52,40.42,1000 -115.54,40.43,1000 -115.55,40.44,1000 -115.57,40.45,1000 -115.58,40.46,1000 -115.60,40.47,1000 -115.61,40.48,1000 -115.63,40.49,1000 -115.64,40.49,1000 -115.65,40.50,1000 -115.67,40.52,1000 -115.68,40.53,1000 -115.69,40.54,1000 -115.69,40.55,1000 -115.69,40.56,1000 -115.69,40.57,1000 -115.69,40.58,1000 -115.67,40.60,1000 -115.66,40.61,1000 -115.65,40.62,1000 -115.65,40.63,1000 -115.64,40.64,1000 -115.62,40.65,1000 -115.61,40.66,1000 -115.60,40.67,1000 -115.59,40.68,1000 -115.58,40.70,1000 -115.56,40.71,1000 -115.55,40.72,1000 -115.53,40.74,1000 -115.52,40.75,1000 -115.47,40.77,1000 
          </coordinates>
        </LinearRing>
      </outerBoundaryIs>
  </Polygon>
 </MultiGeometry>
</Placemark>
<Placemark>
  <name>5%</name>
  <visibility>1</visibility>
  <styleUrl>#poly_5</styleUrl>
  <MultiGeometry>
    <Polygon>
      <outerBoundaryIs>
        <LinearRing>
          <coordinates>
-115.66,51.70,1000 -115.41,51.79,1000 -115.13,51.83,1000 -114.62,51.86,1000 -114.17,51.81,1000 -113.71,51.68,1000 -113.59,51.52,1000 -113.57,51.36,1000 -113.67,51.04,1000 -113.60,50.71,1000 -113.33,50.53,1000 -112.97,50.32,1000 -112.68,50.16,1000 -112.43,49.99,1000 -112.11,49.89,1000 -111.85,49.80,1000 -111.59,49.71,1000 -111.24,49.58,1000 -111.04,49.55,1000 -110.97,49.63,1000 -110.71,49.83,1000 -110.40,49.93,1000 -110.07,49.95,1000 -109.53,49.94,1000 -109.08,50.00,1000 -108.74,50.08,1000 -108.39,50.16,1000 -107.93,50.23,1000 -107.51,50.22,1000 -107.30,50.05,1000 -107.27,49.84,1000 -107.10,49.69,1000 -106.82,49.56,1000 -106.38,49.57,1000 -105.94,49.57,1000 -105.61,49.44,1000 -105.46,49.28,1000 -105.46,49.12,1000 -105.63,48.85,1000 -105.84,48.58,1000 -106.11,48.48,1000 -106.37,48.51,1000 -106.63,48.63,1000 -106.86,48.87,1000 -107.07,48.91,1000 -107.53,48.91,1000 -107.75,48.79,1000 -107.88,48.67,1000 -108.20,48.52,1000 -108.58,48.45,1000 -108.31,48.41,1000 -108.18,48.31,1000 -107.95,48.16,1000 -107.85,47.99,1000 -107.87,47.81,1000 -107.97,47.63,1000 -107.92,47.29,1000 -107.70,47.20,1000 -107.39,47.26,1000 -107.48,47.04,1000 -107.66,46.74,1000 -107.80,46.49,1000 -107.97,46.26,1000 -108.20,46.09,1000 -108.30,45.83,1000 -108.28,45.52,1000 -108.37,45.38,1000 -108.78,45.29,1000 -108.92,45.17,1000 -109.04,44.90,1000 -109.16,44.68,1000 -109.27,44.48,1000 -109.26,44.30,1000 -109.12,44.20,1000 -109.00,44.04,1000 -108.97,43.81,1000 -109.15,43.62,1000 -109.32,43.45,1000 -109.15,43.31,1000 -109.02,43.09,1000 -108.87,42.88,1000 -108.98,42.62,1000 -109.18,42.53,1000 -109.39,42.58,1000 -109.66,42.72,1000 -109.93,42.88,1000 -110.10,43.02,1000 -110.15,43.20,1000 -110.17,43.38,1000 -110.05,43.59,1000 -110.08,43.77,1000 -110.17,43.98,1000 -110.16,44.21,1000 -110.20,44.41,1000 -110.38,44.59,1000 -110.51,44.75,1000 -110.77,44.72,1000 -111.16,44.61,1000 -111.59,44.55,1000 -112.02,44.50,1000 -112.37,44.42,1000 -112.58,44.27,1000 -112.79,44.12,1000 -113.18,44.12,1000 -113.48,43.95,1000 -113.68,43.76,1000 -113.78,43.57,1000 -114.12,43.51,1000 -114.39,43.59,1000 -114.61,43.67,1000 -114.83,43.77,1000 -115.06,43.98,1000 -114.94,44.23,1000 -114.87,44.38,1000 -114.90,44.54,1000 -114.78,44.69,1000 -114.86,44.87,1000 -115.09,44.83,1000 -115.36,44.79,1000 -115.80,44.94,1000 -116.15,45.01,1000 -116.30,45.26,1000 -116.23,45.52,1000 -116.10,45.76,1000 -115.80,45.88,1000 -115.33,45.96,1000 -115.23,46.25,1000 -115.20,46.55,1000 -115.28,46.78,1000 -115.47,47.02,1000 -115.40,47.28,1000 -115.05,47.40,1000 -115.20,47.60,1000 -115.37,47.79,1000 -115.16,47.91,1000 -115.02,47.91,1000 -114.78,47.97,1000 -114.72,47.81,1000 -114.81,47.72,1000 -115.19,47.56,1000 -114.92,47.44,1000 -114.68,47.46,1000 -114.42,47.44,1000 -114.25,47.71,1000 -114.12,48.02,1000 -114.14,48.22,1000 -114.22,48.37,1000 -114.47,48.51,1000 -114.78,48.62,1000 -114.98,48.89,1000 -115.13,49.10,1000 -115.28,49.29,1000 -115.43,49.40,1000 -115.62,49.47,1000 -115.69,49.40,1000 -115.91,49.19,1000 -116.09,49.13,1000 -116.46,49.16,1000 -116.86,49.24,1000 -117.08,49.40,1000 -117.24,49.55,1000 -117.56,49.61,1000 -117.88,49.61,1000 -118.01,49.62,1000 -118.13,49.78,1000 -117.99,49.97,1000 -117.62,50.16,1000 -117.33,50.08,1000 -117.07,50.05,1000 -117.00,50.30,1000 -116.98,50.58,1000 -116.79,50.75,1000 -116.60,50.78,1000 -116.38,50.74,1000 -116.08,50.60,1000 -115.87,50.39,1000 -115.75,50.52,1000 -115.83,50.68,1000 -115.91,50.89,1000 -115.98,51.10,1000 -116.02,51.28,1000 -115.98,51.46,1000 -115.66,51.70,1000 
          </coordinates>
        </LinearRing>
      </outerBoundaryIs>
      <innerBoundaryIs>
        <LinearRing>
          <coordinates>
-114.09,44.59,1000 -114.08,44.59,1000 -114.07,44.58,1000 -114.06,44.57,1000 -114.04,44.55,1000 -114.02,44.54,1000 -114.00,44.52,1000 -113.99,44.50,1000 -113.97,44.48,1000 -113.96,44.47,1000 -113.95,44.45,1000 -113.94,44.43,1000 -113.94,44.41,1000 -113.94,44.39,1000 -113.95,44.37,1000 -113.96,44.35,1000 -113.97,44.33,1000 -113.98,44.31,1000 -113.99,44.29,1000 -114.00,44.28,1000 -114.00,44.26,1000 -114.01,44.25,1000 -114.02,44.24,1000 -114.03,44.23,1000 -114.04,44.22,1000 -114.06,44.20,1000 -114.08,44.18,1000 -114.10,44.16,1000 -114.12,44.14,1000 -114.13,44.12,1000 -114.15,44.11,1000 -114.17,44.09,1000 -114.19,44.07,1000 -114.20,44.06,1000 -114.21,44.05,1000 -114.22,44.05,1000 -114.23,44.05,1000 -114.24,44.06,1000 -114.26,44.07,1000 -114.28,44.08,1000 -114.30,44.09,1000 -114.32,44.11,1000 -114.34,44.12,1000 -114.36,44.14,1000 -114.38,44.15,1000 -114.40,44.17,1000 -114.42,44.18,1000 -114.43,44.20,1000 -114.44,44.22,1000 -114.45,44.24,1000 -114.46,44.26,1000 -114.46,44.28,1000 -114.47,44.30,1000 -114.47,44.32,1000 -114.47,44.34,1000 -114.47,44.36,1000 -114.46,44.38,1000 -114.45,44.40,1000 -114.44,44.42,1000 -114.43,44.44,1000 -114.41,44.45,1000 -114.39,44.47,1000 -114.37,44.49,1000 -114.36,44.50,1000 -114.34,44.52,1000 -114.32,44.53,1000 -114.30,44.54,1000 -114.28,44.55,1000 -114.25,44.56,1000 -114.23,44.57,1000 -114.21,44.57,1000 -114.18,44.58,1000 -114.16,44.58,1000 -114.09,44.59,1000 
          </coordinates>
        </LinearRing>
      </innerBoundaryIs>
      <innerBoundaryIs>
        <LinearRing>
          <coordinates>
-115.40,51.72,2000 -114.96,51.47,2000 -114.54,51.23,2000 -114.12,50.98,2000 -113.72,50.75,2000 -113.35,50.53,2000 -112.99,50.32,2000 -112.67,50.13,2000 -112.38,49.96,2000 -112.12,49.82,2000 -111.57,49.55,2000 -111.24,49.45,2000 -110.99,49.43,2000 -110.74,49.59,2000 -110.59,49.80,2000 -110.35,49.87,2000 -109.85,49.86,2000 -109.50,49.87,2000 -109.15,49.90,2000 -108.84,49.97,2000 -108.57,50.03,2000 -108.15,50.07,2000 -107.75,50.08,2000 -107.55,49.89,2000 -107.38,49.69,2000 -107.14,49.57,2000 -106.81,49.47,2000 -106.30,49.49,2000 -105.92,49.45,2000 -105.65,49.25,2000 -105.66,49.08,2000 -105.75,48.89,2000 -105.91,48.72,2000 -106.08,48.60,2000 -106.30,48.60,2000 -106.60,48.77,2000 -106.76,48.92,2000 -107.13,49.01,2000 -107.38,49.04,2000 -107.65,49.01,2000 -107.90,48.83,2000 -108.10,48.65,2000 -108.25,48.61,2000 -108.65,48.60,2000 -108.96,48.60,2000 -108.82,48.47,2000 -108.52,48.36,2000 -108.22,48.23,2000 -108.00,48.01,2000 -107.99,47.87,2000 -108.07,47.67,2000 -108.14,47.50,2000 -108.09,47.34,2000 -107.95,47.06,2000 -107.94,46.81,2000 -107.99,46.60,2000 -108.08,46.37,2000 -108.27,46.18,2000 -108.46,45.98,2000 -108.52,45.74,2000 -108.59,45.53,2000 -109.01,45.40,2000 -109.10,45.33,2000 -109.09,45.14,2000 -109.10,44.91,2000 -109.28,44.69,2000 -109.41,44.45,2000 -109.24,44.15,2000 -109.05,43.88,2000 -109.20,43.70,2000 -109.57,43.60,2000 -109.29,43.35,2000 -109.12,43.13,2000 -108.99,42.93,2000 -108.97,42.77,2000 -109.28,42.63,2000 -109.63,42.76,2000 -109.92,42.94,2000 -110.08,43.14,2000 -110.07,43.41,2000 -109.85,43.57,2000 -110.04,43.88,2000 -110.04,44.15,2000 -110.06,44.43,2000 -110.22,44.65,2000 -110.43,44.80,2000 -110.81,44.78,2000 -111.19,44.69,2000 -111.48,44.65,2000 -111.79,44.60,2000 -112.06,44.56,2000 -112.28,44.51,2000 -112.52,44.36,2000 -112.91,44.20,2000 -113.38,44.16,2000 -113.58,44.01,2000 -113.74,43.85,2000 -113.89,43.66,2000 -114.26,43.65,2000 -114.50,43.71,2000 -114.72,43.80,2000 -114.87,44.03,2000 -114.73,44.18,2000 -114.45,44.11,2000 -114.20,43.95,2000 -113.96,44.05,2000 -113.85,44.36,2000 -114.05,44.64,2000 -114.35,44.74,2000 -114.58,44.90,2000 -114.98,44.95,2000 -115.41,44.93,2000 -115.71,45.06,2000 -115.95,45.08,2000 -116.08,45.31,2000 -116.06,45.59,2000 -115.92,45.71,2000 -115.80,45.79,2000 -115.53,45.81,2000 -115.28,45.86,2000 -115.08,45.93,2000 -114.99,46.05,2000 -115.11,46.31,2000 -115.14,46.64,2000 -115.26,46.85,2000 -115.35,47.04,2000 -115.20,47.25,2000 -114.75,47.36,2000 -114.35,47.43,2000 -114.21,47.62,2000 -114.09,47.79,2000 -114.01,48.00,2000 -114.03,48.23,2000 -114.14,48.44,2000 -114.37,48.56,2000 -114.64,48.67,2000 -114.86,48.89,2000 -115.02,49.09,2000 -115.09,49.24,2000 -115.34,49.43,2000 -115.63,49.57,2000 -115.83,49.45,2000 -115.92,49.30,2000 -116.15,49.19,2000 -116.44,49.23,2000 -116.74,49.34,2000 -116.91,49.46,2000 -116.94,49.61,2000 -117.01,49.93,2000 -116.93,50.24,2000 -116.89,50.44,2000 -116.81,50.62,2000 -116.45,50.71,2000 -116.22,50.60,2000 -116.02,50.41,2000 -115.83,50.24,2000 -115.59,50.37,2000 -115.66,50.63,2000 -115.78,50.80,2000 -115.83,50.97,2000 -115.87,51.15,2000 -115.88,51.39,2000 -115.76,51.55,2000 -115.40,51.72,2000 
          </coordinates>
        </LinearRing>
      </innerBoundaryIs>
      <innerBoundaryIs>
        <LinearRing>
          <coordinates>
-117.59,50.05,2000 -117.57,50.05,2000 -117.55,50.04,2000 -117.53,50.04,2000 -117.51,50.03,2000 -117.49,50.02,2000 -117.47,50.01,2000 -117.46,50.00,2000 -117.44,49.99,2000 -117.42,49.98,2000 -117.41,49.97,2000 -117.39,49.95,2000 -117.37,49.94,2000 -117.35,49.93,2000 -117.34,49.92,2000 -117.32,49.91,2000 -117.30,49.90,2000 -117.28,49.89,2000 -117.25,49.89,2000 -117.22,49.89,2000 -117.19,49.89,2000 -117.17,49.89,2000 -117.14,49.89,2000 -117.12,49.89,2000 -117.11,49.89,2000 -117.10,49.88,2000 -117.10,49.87,2000 -117.11,49.86,2000 -117.12,49.85,2000 -117.13,49.84,2000 -117.15,49.83,2000 -117.17,49.82,2000 -117.19,49.81,2000 -117.22,49.80,2000 -117.24,49.79,2000 -117.26,49.78,2000 -117.28,49.78,2000 -117.30,49.77,2000 -117.32,49.77,2000 -117.35,49.77,2000 -117.37,49.77,2000 -117.40,49.77,2000 -117.42,49.77,2000 -117.45,49.77,2000 -117.47,49.77,2000 -117.50,49.77,2000 -117.52,49.77,2000 -117.54,49.77,2000 -117.57,49.76,2000 -117.59,49.76,2000 -117.62,49.75,2000 -117.64,49.75,2000 -117.66,49.74,2000 -117.69,49.74,2000 -117.71,49.73,2000 -117.73,49.73,2000 -117.75,49.73,2000 -117.77,49.73,2000 -117.80,49.73,2000 -117.82,49.74,2000 -117.84,49.74,2000 -117.87,49.75,2000 -117.89,49.76,2000 -117.90,49.77,2000 -117.91,49.79,2000 -117.92,49.80,2000 -117.92,49.81,2000 -117.92,49.82,2000 -117.91,49.84,2000 -117.90,49.85,2000 -117.89,49.87,2000 -117.88,49.89,2000 -117.87,49.90,2000 -117.86,49.92,2000 -117.85,49.93,2000 -117.84,49.94,2000 -117.83,49.95,2000 -117.81,49.97,2000 -117.79,49.98,2000 -117.78,49.98,2000 -117.59,50.05,2000 
          </coordinates>
        </LinearRing>
      </innerBoundaryIs>
  </Polygon>
 </MultiGeometry>
</Placemark>
<Placemark>
  <name>10%</name>
  <visibility>1</visibility>
  <styleUrl>#poly_10</styleUrl>
  <MultiGeometry>
    <Polygon>
      <outerBoundaryIs>
        <LinearRing>
          <coordinates>
-120.46,49.20,2000 -120.44,49.22,2000 -120.41,49.23,2000 -120.39,49.25,2000 -120.37,49.26,2000 -120.34,49.28,2000 -120.32,49.29,2000 -120.29,49.30,2000 -120.27,49.31,2000 -120.24,49.32,2000 -120.21,49.33,2000 -120.17,49.33,2000 -120.14,49.34,2000 -120.10,49.34,2000 -120.07,49.34,2000 -120.04,49.34,2000 -120.01,49.33,2000 -119.98,49.33,2000 -119.95,49.32,2000 -119.93,49.31,2000 -119.90,49.29,2000 -119.88,49.28,2000 -119.86,49.26,2000 -119.84,49.24,2000 -119.82,49.23,2000 -119.80,49.21,2000 -119.78,49.20,2000 -119.76,49.18,2000 -119.74,49.16,2000 -119.72,49.14,2000 -119.70,49.13,2000 -119.69,49.11,2000 -119.68,49.09,2000 -119.67,49.07,2000 -119.67,49.05,2000 -119.67,49.03,2000 -119.67,49.00,2000 -119.67,48.98,2000 -119.67,48.96,2000 -119.68,48.94,2000 -119.69,48.92,2000 -119.70,48.90,2000 -119.72,48.88,2000 -119.74,48.86,2000 -119.76,48.84,2000 -119.78,48.83,2000 -119.80,48.81,2000 -119.83,48.80,2000 -119.86,48.79,2000 -119.88,48.78,2000 -119.91,48.77,2000 -119.94,48.76,2000 -119.97,48.75,2000 -120.01,48.75,2000 -120.04,48.74,2000 -120.07,48.74,2000 -120.10,48.74,2000 -120.14,48.74,2000 -120.17,48.74,2000 -120.20,48.74,2000 -120.24,48.74,2000 -120.27,48.74,2000 -120.30,48.75,2000 -120.33,48.75,2000 -120.36,48.76,2000 -120.39,48.77,2000 -120.42,48.78,2000 -120.45,48.79,2000 -120.47,48.80,2000 -120.49,48.82,2000 -120.51,48.84,2000 -120.52,48.85,2000 -120.54,48.87,2000 -120.55,48.89,2000 -120.56,48.91,2000 -120.57,48.94,2000 -120.58,48.96,2000 -120.58,48.98,2000 -120.58,49.00,2000 -120.58,49.02,2000 -120.57,49.04,2000 -120.56,49.06,2000 -120.55,49.08,2000 -120.54,49.10,2000 -120.53,49.12,2000 -120.51,49.14,2000 -120.50,49.16,2000 -120.46,49.20,2000 
          </coordinates>
        </LinearRing>
      </outerBoundaryIs>
      <innerBoundaryIs>
        <LinearRing>
          <coordinates>
-120.20,49.19,3000 -120.18,49.19,3000 -120.16,49.19,3000 -120.13,49.18,3000 -120.11,49.18,3000 -120.09,49.18,3000 -120.07,49.18,3000 -120.05,49.17,3000 -120.03,49.17,3000 -120.01,49.17,3000 -119.99,49.16,3000 -119.98,49.16,3000 -119.96,49.16,3000 -119.94,49.15,3000 -119.93,49.15,3000 -119.91,49.14,3000 -119.89,49.13,3000 -119.87,49.13,3000 -119.86,49.12,3000 -119.85,49.11,3000 -119.84,49.10,3000 -119.83,49.08,3000 -119.83,49.07,3000 -119.83,49.06,3000 -119.83,49.05,3000 -119.83,49.03,3000 -119.83,49.02,3000 -119.84,49.00,3000 -119.84,48.99,3000 -119.85,48.98,3000 -119.85,48.96,3000 -119.86,48.95,3000 -119.86,48.94,3000 -119.87,48.93,3000 -119.88,48.92,3000 -119.89,48.91,3000 -119.90,48.90,3000 -119.92,48.90,3000 -119.94,48.89,3000 -119.95,48.88,3000 -119.97,48.88,3000 -119.99,48.87,3000 -120.01,48.86,3000 -120.03,48.86,3000 -120.05,48.85,3000 -120.07,48.85,3000 -120.08,48.84,3000 -120.10,48.84,3000 -120.12,48.84,3000 -120.13,48.84,3000 -120.15,48.84,3000 -120.16,48.84,3000 -120.18,48.85,3000 -120.20,48.86,3000 -120.21,48.87,3000 -120.22,48.87,3000 -120.23,48.88,3000 -120.24,48.89,3000 -120.25,48.90,3000 -120.27,48.90,3000 -120.28,48.91,3000 -120.29,48.92,3000 -120.31,48.93,3000 -120.32,48.94,3000 -120.33,48.96,3000 -120.35,48.97,3000 -120.36,48.98,3000 -120.38,48.99,3000 -120.39,49.00,3000 -120.20,49.19,3000 
          </coordinates>
        </LinearRing>
      </innerBoundaryIs>
  </Polygon>
 </MultiGeometry>
</Placemark>
<Placemark>
  <name>10%</name>
  <visibility>1</visibility>
  <styleUrl>#poly_10</styleUrl>
  <MultiGeometry>
    <Polygon>
      <outerBoundaryIs>
        <LinearRing>
          <coordinates>
-119.92,38.76,2000 -119.81,38.73,2000 -119.69,38.69,2000 -119.59,38.66,2000 -119.50,38.63,2000 -119.42,38.60,2000 -119.33,38.56,2000 -119.27,38.52,2000 -119.22,38.48,2000 -119.18,38.42,2000 -119.16,38.35,2000 -119.14,38.29,2000 -119.12,38.22,2000 -119.08,38.13,2000 -119.05,38.07,2000 -119.00,38.00,2000 -118.96,37.92,2000 -118.91,37.85,2000 -118.87,37.79,2000 -118.80,37.71,2000 -118.74,37.68,2000 -118.68,37.70,2000 -118.62,37.75,2000 -118.55,37.80,2000 -118.48,37.86,2000 -118.41,37.92,2000 -118.34,37.95,2000 -118.26,37.94,2000 -118.17,37.90,2000 -118.10,37.84,2000 -118.06,37.78,2000 -118.02,37.71,2000 -118.00,37.63,2000 -118.00,37.56,2000 -118.05,37.49,2000 -118.14,37.42,2000 -118.21,37.36,2000 -118.23,37.29,2000 -118.22,37.22,2000 -118.21,37.16,2000 -118.18,37.10,2000 -118.13,37.01,2000 -118.10,36.95,2000 -118.07,36.87,2000 -118.04,36.78,2000 -118.02,36.71,2000 -118.00,36.64,2000 -118.00,36.54,2000 -118.03,36.46,2000 -118.08,36.39,2000 -118.15,36.33,2000 -118.22,36.28,2000 -118.30,36.26,2000 -118.38,36.26,2000 -118.46,36.27,2000 -118.54,36.30,2000 -118.62,36.33,2000 -118.69,36.38,2000 -118.74,36.43,2000 -118.77,36.50,2000 -118.79,36.56,2000 -118.79,36.62,2000 -118.79,36.68,2000 -118.81,36.75,2000 -118.85,36.81,2000 -118.92,36.87,2000 -118.99,36.94,2000 -119.06,37.02,2000 -119.11,37.08,2000 -119.17,37.16,2000 -119.22,37.24,2000 -119.28,37.31,2000 -119.33,37.38,2000 -119.38,37.43,2000 -119.48,37.49,2000 -119.56,37.53,2000 -119.60,37.59,2000 -119.63,37.66,2000 -119.65,37.72,2000 -119.67,37.79,2000 -119.71,37.88,2000 -119.75,37.94,2000 -119.80,38.00,2000 -119.85,38.08,2000 -119.90,38.15,2000 -119.94,38.22,2000 -119.96,38.30,2000 -119.97,38.39,2000 -119.97,38.47,2000 -119.97,38.55,2000 -119.92,38.76,2000 
          </coordinates>
        </LinearRing>
      </outerBoundaryIs>
      <innerBoundaryIs>
        <LinearRing>
          <coordinates>
-119.63,38.52,3000 -119.54,38.50,3000 -119.46,38.48,3000 -119.39,38.45,3000 -119.35,38.42,3000 -119.32,38.37,3000 -119.27,38.29,3000 -119.24,38.23,3000 -119.21,38.16,3000 -119.17,38.09,3000 -119.14,38.00,3000 -119.10,37.92,3000 -119.06,37.85,3000 -119.02,37.79,3000 -118.96,37.72,3000 -118.90,37.67,3000 -118.84,37.62,3000 -118.78,37.58,3000 -118.72,37.55,3000 -118.63,37.51,3000 -118.54,37.48,3000 -118.48,37.45,3000 -118.45,37.42,3000 -118.42,37.33,3000 -118.39,37.28,3000 -118.36,37.21,3000 -118.32,37.13,3000 -118.27,37.04,3000 -118.23,36.96,3000 -118.20,36.88,3000 -118.17,36.82,3000 -118.14,36.73,3000 -118.12,36.66,3000 -118.12,36.60,3000 -118.12,36.54,3000 -118.14,36.47,3000 -118.17,36.40,3000 -118.23,36.36,3000 -118.32,36.34,3000 -118.43,36.35,3000 -118.53,36.37,3000 -118.59,36.42,3000 -118.64,36.49,3000 -118.68,36.57,3000 -118.71,36.63,3000 -118.73,36.70,3000 -118.75,36.77,3000 -118.78,36.84,3000 -118.81,36.91,3000 -118.87,36.98,3000 -118.93,37.05,3000 -119.00,37.11,3000 -119.05,37.17,3000 -119.08,37.23,3000 -119.09,37.30,3000 -119.11,37.36,3000 -119.14,37.41,3000 -119.19,37.45,3000 -119.26,37.48,3000 -119.34,37.51,3000 -119.41,37.57,3000 -119.45,37.62,3000 -119.50,37.69,3000 -119.54,37.77,3000 -119.59,37.85,3000 -119.63,37.92,3000 -119.67,37.99,3000 -119.70,38.05,3000 -119.75,38.15,3000 -119.78,38.22,3000 -119.80,38.28,3000 -119.63,38.52,3000 
          </coordinates>
        </LinearRing>
      </innerBoundaryIs>
      <innerBoundaryIs>
        <LinearRing>
          <coordinates>
-118.32,37.81,3000 -118.30,37.81,3000 -118.29,37.80,3000 -118.27,37.80,3000 -118.26,37.79,3000 -118.24,37.79,3000 -118.23,37.78,3000 -118.22,37.77,3000 -118.21,37.77,3000 -118.19,37.76,3000 -118.18,37.75,3000 -118.18,37.74,3000 -118.17,37.73,3000 -118.17,37.72,3000 -118.16,37.71,3000 -118.16,37.70,3000 -118.16,37.69,3000 -118.16,37.67,3000 -118.16,37.66,3000 -118.16,37.65,3000 -118.16,37.63,3000 -118.16,37.62,3000 -118.16,37.61,3000 -118.17,37.59,3000 -118.17,37.58,3000 -118.17,37.57,3000 -118.17,37.56,3000 -118.18,37.55,3000 -118.18,37.54,3000 -118.19,37.52,3000 -118.19,37.51,3000 -118.20,37.50,3000 -118.21,37.49,3000 -118.22,37.49,3000 -118.23,37.48,3000 -118.25,37.48,3000 -118.26,37.48,3000 -118.27,37.48,3000 -118.29,37.48,3000 -118.30,37.48,3000 -118.32,37.48,3000 -118.34,37.48,3000 -118.35,37.48,3000 -118.37,37.48,3000 -118.39,37.48,3000 -118.40,37.49,3000 -118.42,37.49,3000 -118.43,37.50,3000 -118.44,37.50,3000 -118.45,37.51,3000 -118.46,37.52,3000 -118.46,37.53,3000 -118.46,37.54,3000 -118.47,37.55,3000 -118.47,37.56,3000 -118.47,37.57,3000 -118.47,37.58,3000 -118.46,37.59,3000 -118.46,37.61,3000 -118.46,37.62,3000 -118.46,37.63,3000 -118.45,37.65,3000 -118.45,37.66,3000 -118.44,37.68,3000 -118.44,37.69,3000 -118.32,37.81,3000 
          </coordinates>
        </LinearRing>
      </innerBoundaryIs>
  </Polygon>
 </MultiGeometry>
</Placemark>
<Placemark>
  <name>10%</name>
  <visibility>1</visibility>
  <styleUrl>#poly_10</styleUrl>
  <MultiGeometry>
    <Polygon>
      <outerBoundaryIs>
        <LinearRing>
          <coordinates>
-117.42,38.96,2000 -117.41,38.96,2000 -117.39,38.96,2000 -117.38,38.96,2000 -117.36,38.96,2000 -117.35,38.96,2000 -117.34,38.96,2000 -117.32,38.96,2000 -117.31,38.96,2000 -117.30,38.95,2000 -117.29,38.95,2000 -117.28,38.95,2000 -117.27,38.94,2000 -117.27,38.94,2000 -117.26,38.93,2000 -117.26,38.92,2000 -117.25,38.92,2000 -117.25,38.91,2000 -117.25,38.90,2000 -117.25,38.89,2000 -117.24,38.88,2000 -117.24,38.87,2000 -117.24,38.86,2000 -117.24,38.85,2000 -117.24,38.84,2000 -117.24,38.83,2000 -117.24,38.82,2000 -117.25,38.81,2000 -117.25,38.80,2000 -117.25,38.79,2000 -117.25,38.78,2000 -117.25,38.77,2000 -117.25,38.76,2000 -117.26,38.76,2000 -117.26,38.75,2000 -117.27,38.74,2000 -117.27,38.73,2000 -117.28,38.73,2000 -117.29,38.72,2000 -117.31,38.72,2000 -117.32,38.72,2000 -117.33,38.71,2000 -117.34,38.71,2000 -117.35,38.71,2000 -117.36,38.71,2000 -117.37,38.71,2000 -117.38,38.71,2000 -117.39,38.71,2000 -117.40,38.71,2000 -117.41,38.73,2000 -117.41,38.74,2000 -117.42,38.74,2000 -117.42,38.75,2000 -117.42,38.75,2000 -117.43,38.76,2000 -117.43,38.77,2000 -117.43,38.78,2000 -117.44,38.78,2000 -117.44,38.79,2000 -117.45,38.80,2000 -117.45,38.81,2000 -117.45,38.82,2000 -117.46,38.83,2000 -117.46,38.84,2000 -117.47,38.85,2000 -117.47,38.86,2000 -117.48,38.87,2000 -117.48,38.88,2000 -117.49,38.89,2000 -117.49,38.90,2000 -117.42,38.96,2000 
          </coordinates>
        </LinearRing>
      </outerBoundaryIs>
  </Polygon>
 </MultiGeometry>
</Placemark>
<Placemark>
  <name>10%</name>
  <visibility>1</visibility>
  <styleUrl>#poly_10</styleUrl>
  <MultiGeometry>
    <Polygon>
      <outerBoundaryIs>
        <LinearRing>
          <coordinates>
-110.82,40.91,2000 -110.79,40.92,2000 -110.76,40.93,2000 -110.73,40.94,2000 -110.71,40.95,2000 -110.68,40.96,2000 -110.65,40.97,2000 -110.62,40.97,2000 -110.59,40.98,2000 -110.56,40.99,2000 -110.52,40.99,2000 -110.49,41.00,2000 -110.46,41.00,2000 -110.43,41.01,2000 -110.39,41.01,2000 -110.36,41.01,2000 -110.33,41.01,2000 -110.29,41.01,2000 -110.26,41.01,2000 -110.22,41.00,2000 -110.19,41.00,2000 -110.16,40.99,2000 -110.13,40.99,2000 -110.10,40.98,2000 -110.08,40.98,2000 -110.05,40.97,2000 -110.03,40.96,2000 -110.01,40.94,2000 -109.99,40.93,2000 -109.97,40.91,2000 -109.95,40.89,2000 -109.93,40.87,2000 -109.91,40.85,2000 -109.89,40.82,2000 -109.88,40.80,2000 -109.87,40.78,2000 -109.87,40.76,2000 -109.88,40.73,2000 -109.89,40.71,2000 -109.90,40.68,2000 -109.92,40.65,2000 -109.93,40.63,2000 -109.95,40.61,2000 -109.96,40.59,2000 -109.98,40.57,2000 -110.00,40.55,2000 -110.03,40.54,2000 -110.06,40.53,2000 -110.08,40.52,2000 -110.11,40.51,2000 -110.13,40.51,2000 -110.16,40.50,2000 -110.19,40.49,2000 -110.22,40.48,2000 -110.25,40.48,2000 -110.28,40.47,2000 -110.31,40.47,2000 -110.34,40.46,2000 -110.38,40.46,2000 -110.41,40.46,2000 -110.44,40.46,2000 -110.48,40.46,2000 -110.51,40.46,2000 -110.54,40.46,2000 -110.57,40.46,2000 -110.61,40.47,2000 -110.64,40.47,2000 -110.67,40.48,2000 -110.70,40.48,2000 -110.73,40.49,2000 -110.75,40.49,2000 -110.78,40.50,2000 -110.80,40.50,2000 -110.82,40.52,2000 -110.84,40.53,2000 -110.86,40.55,2000 -110.88,40.57,2000 -110.91,40.59,2000 -110.93,40.61,2000 -110.96,40.63,2000 -110.97,40.66,2000 -110.98,40.68,2000 -110.98,40.70,2000 -110.98,40.72,2000 -110.97,40.74,2000 -110.96,40.76,2000 -110.95,40.78,2000 -110.93,40.80,2000 -110.92,40.83,2000 -110.90,40.85,2000 -110.88,40.87,2000 -110.82,40.91,2000 
          </coordinates>
        </LinearRing>
      </outerBoundaryIs>
      <innerBoundaryIs>
        <LinearRing>
          <coordinates>
-110.35,40.92,3000 -110.35,40.92,3000 -110.31,40.92,3000 -110.29,40.92,3000 -110.27,40.91,3000 -110.25,40.91,3000 -110.23,40.90,3000 -110.20,40.90,3000 -110.18,40.89,3000 -110.15,40.89,3000 -110.13,40.88,3000 -110.11,40.87,3000 -110.09,40.86,3000 -110.07,40.85,3000 -110.05,40.84,3000 -110.03,40.82,3000 -110.01,40.81,3000 -109.99,40.80,3000 -109.98,40.78,3000 -109.98,40.77,3000 -109.98,40.76,3000 -109.99,40.74,3000 -110.00,40.72,3000 -110.01,40.71,3000 -110.03,40.69,3000 -110.04,40.68,3000 -110.06,40.66,3000 -110.08,40.65,3000 -110.10,40.64,3000 -110.12,40.63,3000 -110.15,40.61,3000 -110.17,40.60,3000 -110.20,40.59,3000 -110.22,40.58,3000 -110.24,40.58,3000 -110.26,40.57,3000 -110.28,40.56,3000 -110.30,40.56,3000 -110.32,40.56,3000 -110.34,40.56,3000 -110.37,40.56,3000 -110.39,40.55,3000 -110.42,40.55,3000 -110.45,40.55,3000 -110.47,40.55,3000 -110.49,40.55,3000 -110.51,40.54,3000 -110.53,40.55,3000 -110.54,40.55,3000 -110.56,40.56,3000 -110.59,40.57,3000 -110.61,40.57,3000 -110.63,40.58,3000 -110.66,40.59,3000 -110.69,40.60,3000 -110.71,40.61,3000 -110.73,40.62,3000 -110.75,40.62,3000 -110.77,40.63,3000 -110.80,40.64,3000 -110.82,40.65,3000 -110.84,40.67,3000 -110.85,40.68,3000 -110.85,40.69,3000 -110.85,40.70,3000 -110.84,40.72,3000 -110.83,40.73,3000 -110.81,40.75,3000 -110.79,40.77,3000 -110.78,40.78,3000 -110.76,40.79,3000 -110.74,40.80,3000 -110.72,40.82,3000 -110.69,40.83,3000 -110.67,40.84,3000 -110.65,40.85,3000 -110.63,40.86,3000 -110.61,40.87,3000 -110.59,40.88,3000 -110.58,40.89,3000 -110.57,40.89,3000 -110.35,40.92,3000 
          </coordinates>
        </LinearRing>
      </innerBoundaryIs>
  </Polygon>
 </MultiGeometry>
</Placemark>
<Placemark>
  <name>10%</name>
  <visibility>1</visibility>
  <styleUrl>#poly_10</styleUrl>
  <MultiGeometry>
    <Polygon>
      <outerBoundaryIs>
        <LinearRing>
          <coordinates>
-115.40,51.72,2000 -114.96,51.47,2000 -114.54,51.23,2000 -114.12,50.98,2000 -113.72,50.75,2000 -113.35,50.53,2000 -112.99,50.32,2000 -112.67,50.13,2000 -112.38,49.96,2000 -112.12,49.82,2000 -111.57,49.55,2000 -111.24,49.45,2000 -110.99,49.43,2000 -110.74,49.59,2000 -110.59,49.80,2000 -110.35,49.87,2000 -109.85,49.86,2000 -109.50,49.87,2000 -109.15,49.90,2000 -108.84,49.97,2000 -108.57,50.03,2000 -108.15,50.07,2000 -107.75,50.08,2000 -107.55,49.89,2000 -107.38,49.69,2000 -107.14,49.57,2000 -106.81,49.47,2000 -106.30,49.49,2000 -105.92,49.45,2000 -105.65,49.25,2000 -105.66,49.08,2000 -105.75,48.89,2000 -105.91,48.72,2000 -106.08,48.60,2000 -106.30,48.60,2000 -106.60,48.77,2000 -106.76,48.92,2000 -107.13,49.01,2000 -107.38,49.04,2000 -107.65,49.01,2000 -107.90,48.83,2000 -108.10,48.65,2000 -108.25,48.61,2000 -108.65,48.60,2000 -108.96,48.60,2000 -108.82,48.47,2000 -108.52,48.36,2000 -108.22,48.23,2000 -108.00,48.01,2000 -107.99,47.87,2000 -108.07,47.67,2000 -108.14,47.50,2000 -108.09,47.34,2000 -107.95,47.06,2000 -107.94,46.81,2000 -107.99,46.60,2000 -108.08,46.37,2000 -108.27,46.18,2000 -108.46,45.98,2000 -108.52,45.74,2000 -108.59,45.53,2000 -109.01,45.40,2000 -109.10,45.33,2000 -109.09,45.14,2000 -109.10,44.91,2000 -109.28,44.69,2000 -109.41,44.45,2000 -109.24,44.15,2000 -109.05,43.88,2000 -109.20,43.70,2000 -109.57,43.60,2000 -109.29,43.35,2000 -109.12,43.13,2000 -108.99,42.93,2000 -108.97,42.77,2000 -109.28,42.63,2000 -109.63,42.76,2000 -109.92,42.94,2000 -110.08,43.14,2000 -110.07,43.41,2000 -109.85,43.57,2000 -110.04,43.88,2000 -110.04,44.15,2000 -110.06,44.43,2000 -110.22,44.65,2000 -110.43,44.80,2000 -110.81,44.78,2000 -111.19,44.69,2000 -111.48,44.65,2000 -111.79,44.60,2000 -112.06,44.56,2000 -112.28,44.51,2000 -112.52,44.36,2000 -112.91,44.20,2000 -113.38,44.16,2000 -113.58,44.01,2000 -113.74,43.85,2000 -113.89,43.66,2000 -114.26,43.65,2000 -114.50,43.71,2000 -114.72,43.80,2000 -114.87,44.03,2000 -114.73,44.18,2000 -114.45,44.11,2000 -114.20,43.95,2000 -113.96,44.05,2000 -113.85,44.36,2000 -114.05,44.64,2000 -114.35,44.74,2000 -114.58,44.90,2000 -114.98,44.95,2000 -115.41,44.93,2000 -115.71,45.06,2000 -115.95,45.08,2000 -116.08,45.31,2000 -116.06,45.59,2000 -115.92,45.71,2000 -115.80,45.79,2000 -115.53,45.81,2000 -115.28,45.86,2000 -115.08,45.93,2000 -114.99,46.05,2000 -115.11,46.31,2000 -115.14,46.64,2000 -115.26,46.85,2000 -115.35,47.04,2000 -115.20,47.25,2000 -114.75,47.36,2000 -114.35,47.43,2000 -114.21,47.62,2000 -114.09,47.79,2000 -114.01,48.00,2000 -114.03,48.23,2000 -114.14,48.44,2000 -114.37,48.56,2000 -114.64,48.67,2000 -114.86,48.89,2000 -115.02,49.09,2000 -115.09,49.24,2000 -115.34,49.43,2000 -115.63,49.57,2000 -115.83,49.45,2000 -115.92,49.30,2000 -116.15,49.19,2000 -116.44,49.23,2000 -116.74,49.34,2000 -116.91,49.46,2000 -116.94,49.61,2000 -117.01,49.93,2000 -116.93,50.24,2000 -116.89,50.44,2000 -116.81,50.62,2000 -116.45,50.71,2000 -116.22,50.60,2000 -116.02,50.41,2000 -115.83,50.24,2000 -115.59,50.37,2000 -115.66,50.63,2000 -115.78,50.80,2000 -115.83,50.97,2000 -115.87,51.15,2000 -115.88,51.39,2000 -115.76,51.55,2000 -115.40,51.72,2000 
          </coordinates>
        </LinearRing>
      </outerBoundaryIs>
      <innerBoundaryIs>
        <LinearRing>
          <coordinates>
-113.96,45.19,3000 -113.95,45.18,3000 -113.94,45.18,3000 -113.93,45.17,3000 -113.92,45.17,3000 -113.91,45.16,3000 -113.90,45.14,3000 -113.88,45.13,3000 -113.87,45.12,3000 -113.86,45.11,3000 -113.85,45.10,3000 -113.83,45.09,3000 -113.82,45.08,3000 -113.81,45.07,3000 -113.79,45.06,3000 -113.78,45.05,3000 -113.76,45.04,3000 -113.75,45.03,3000 -113.74,45.01,3000 -113.73,45.00,3000 -113.73,44.99,3000 -113.72,44.98,3000 -113.72,44.97,3000 -113.72,44.96,3000 -113.73,44.95,3000 -113.73,44.93,3000 -113.74,44.92,3000 -113.76,44.91,3000 -113.77,44.90,3000 -113.78,44.88,3000 -113.80,44.87,3000 -113.82,44.86,3000 -113.83,44.85,3000 -113.85,44.84,3000 -113.86,44.84,3000 -113.88,44.83,3000 -113.89,44.83,3000 -113.91,44.83,3000 -113.92,44.83,3000 -113.94,44.84,3000 -113.96,44.84,3000 -113.97,44.85,3000 -113.99,44.86,3000 -114.01,44.87,3000 -114.02,44.88,3000 -114.04,44.89,3000 -114.05,44.91,3000 -114.06,44.92,3000 -114.07,44.93,3000 -114.08,44.94,3000 -114.08,44.95,3000 -114.08,44.96,3000 -114.09,44.97,3000 -114.09,44.99,3000 -114.09,45.00,3000 -114.09,45.01,3000 -114.09,45.03,3000 -114.08,45.04,3000 -114.08,45.05,3000 -114.08,45.07,3000 -114.08,45.08,3000 -114.07,45.10,3000 -114.07,45.11,3000 -113.96,45.19,3000 
          </coordinates>
        </LinearRing>
      </innerBoundaryIs>
      <innerBoundaryIs>
        <LinearRing>
          <coordinates>
-110.56,49.68,3000 -110.48,49.72,3000 -110.40,49.76,3000 -110.31,49.78,3000 -110.19,49.79,3000 -110.04,49.79,3000 -109.95,49.78,3000 -109.84,49.76,3000 -109.71,49.75,3000 -109.55,49.75,3000 -109.44,49.76,3000 -109.32,49.77,3000 -109.19,49.78,3000 -109.04,49.80,3000 -108.90,49.82,3000 -108.77,49.83,3000 -108.64,49.84,3000 -108.54,49.85,3000 -108.38,49.85,3000 -108.27,49.84,3000 -108.18,49.83,3000 -108.09,49.81,3000 -107.99,49.78,3000 -107.91,49.73,3000 -107.80,49.67,3000 -107.71,49.63,3000 -107.61,49.59,3000 -107.50,49.54,3000 -107.38,49.49,3000 -107.28,49.44,3000 -107.19,49.40,3000 -107.07,49.34,3000 -106.99,49.29,3000 -106.89,49.26,3000 -106.78,49.27,3000 -106.65,49.29,3000 -106.53,49.32,3000 -106.42,49.34,3000 -106.27,49.35,3000 -106.16,49.34,3000 -106.05,49.31,3000 -105.96,49.26,3000 -105.91,49.18,3000 -105.90,49.09,3000 -105.94,49.01,3000 -106.00,48.94,3000 -106.05,48.87,3000 -106.11,48.83,3000 -106.23,48.83,3000 -106.37,48.87,3000 -106.45,48.93,3000 -106.53,49.00,3000 -106.62,49.07,3000 -106.72,49.12,3000 -106.82,49.16,3000 -106.94,49.19,3000 -107.05,49.20,3000 -107.18,49.20,3000 -107.31,49.19,3000 -107.42,49.19,3000 -107.57,49.20,3000 -107.68,49.19,3000 -107.78,49.16,3000 -107.91,49.09,3000 -107.99,49.03,3000 -108.08,48.95,3000 -108.17,48.87,3000 -108.27,48.79,3000 -108.37,48.74,3000 -108.50,48.72,3000 -108.64,48.72,3000 -108.77,48.74,3000 -108.88,48.76,3000 -108.98,48.79,3000 -109.06,48.84,3000 -109.15,48.91,3000 -109.22,48.97,3000 -109.28,49.04,3000 -109.36,49.11,3000 -109.45,49.17,3000 -109.57,49.22,3000 -109.68,49.24,3000 -109.82,49.25,3000 -109.97,49.25,3000 -110.12,49.24,3000 -110.26,49.24,3000 -110.39,49.25,3000 -110.48,49.26,3000 -110.60,49.32,3000 -110.64,49.40,3000 -110.63,49.49,3000 -110.56,49.68,3000 
          </coordinates>
        </LinearRing>
      </innerBoundaryIs>
      <innerBoundaryIs>
        <LinearRing>
          <coordinates>
-109.79,43.51,3000 -109.75,43.50,3000 -109.71,43.49,3000 -109.67,43.49,3000 -109.63,43.48,3000 -109.60,43.47,3000 -109.57,43.47,3000 -109.55,43.46,3000 -109.53,43.45,3000 -109.52,43.43,3000 -109.50,43.41,3000 -109.47,43.39,3000 -109.44,43.37,3000 -109.40,43.35,3000 -109.37,43.32,3000 -109.34,43.30,3000 -109.32,43.28,3000 -109.30,43.25,3000 -109.29,43.23,3000 -109.28,43.21,3000 -109.27,43.19,3000 -109.25,43.17,3000 -109.24,43.15,3000 -109.22,43.14,3000 -109.20,43.11,3000 -109.19,43.09,3000 -109.17,43.07,3000 -109.15,43.04,3000 -109.14,43.02,3000 -109.12,42.99,3000 -109.11,42.97,3000 -109.10,42.94,3000 -109.10,42.91,3000 -109.10,42.88,3000 -109.10,42.85,3000 -109.11,42.82,3000 -109.12,42.79,3000 -109.13,42.77,3000 -109.15,42.74,3000 -109.17,42.72,3000 -109.20,42.71,3000 -109.23,42.71,3000 -109.27,42.72,3000 -109.31,42.73,3000 -109.35,42.74,3000 -109.38,42.75,3000 -109.41,42.75,3000 -109.44,42.76,3000 -109.46,42.77,3000 -109.50,42.78,3000 -109.53,42.80,3000 -109.57,42.82,3000 -109.61,42.84,3000 -109.65,42.86,3000 -109.68,42.87,3000 -109.70,42.88,3000 -109.73,42.89,3000 -109.75,42.90,3000 -109.77,42.92,3000 -109.80,42.94,3000 -109.83,42.96,3000 -109.86,42.98,3000 -109.89,43.01,3000 -109.91,43.03,3000 -109.93,43.05,3000 -109.95,43.08,3000 -109.96,43.11,3000 -109.98,43.13,3000 -109.98,43.16,3000 -109.99,43.19,3000 -109.99,43.22,3000 -109.99,43.25,3000 -109.98,43.27,3000 -109.98,43.30,3000 -109.97,43.32,3000 -109.96,43.35,3000 -109.94,43.37,3000 -109.93,43.40,3000 -109.79,43.51,3000 
          </coordinates>
        </LinearRing>
      </innerBoundaryIs>
      <innerBoundaryIs>
        <LinearRing>
          <coordinates>
-109.89,44.11,3000 -109.87,44.13,3000 -109.85,44.14,3000 -109.83,44.16,3000 -109.81,44.18,3000 -109.79,44.19,3000 -109.77,44.20,3000 -109.75,44.22,3000 -109.73,44.23,3000 -109.71,44.24,3000 -109.69,44.24,3000 -109.67,44.25,3000 -109.65,44.25,3000 -109.62,44.25,3000 -109.59,44.25,3000 -109.56,44.24,3000 -109.54,44.24,3000 -109.51,44.23,3000 -109.48,44.22,3000 -109.46,44.21,3000 -109.44,44.21,3000 -109.42,44.20,3000 -109.39,44.19,3000 -109.37,44.18,3000 -109.36,44.17,3000 -109.34,44.16,3000 -109.32,44.14,3000 -109.31,44.13,3000 -109.29,44.11,3000 -109.28,44.10,3000 -109.26,44.08,3000 -109.24,44.07,3000 -109.23,44.05,3000 -109.21,44.03,3000 -109.20,44.01,3000 -109.19,44.00,3000 -109.18,43.98,3000 -109.18,43.96,3000 -109.17,43.94,3000 -109.17,43.92,3000 -109.18,43.90,3000 -109.18,43.88,3000 -109.19,43.86,3000 -109.19,43.84,3000 -109.20,43.83,3000 -109.21,43.81,3000 -109.22,43.79,3000 -109.24,43.77,3000 -109.26,43.76,3000 -109.28,43.74,3000 -109.30,43.73,3000 -109.32,43.72,3000 -109.35,43.71,3000 -109.37,43.70,3000 -109.40,43.70,3000 -109.42,43.70,3000 -109.45,43.70,3000 -109.48,43.69,3000 -109.51,43.69,3000 -109.53,43.70,3000 -109.56,43.70,3000 -109.58,43.70,3000 -109.61,43.71,3000 -109.64,43.71,3000 -109.66,43.72,3000 -109.69,43.73,3000 -109.71,43.75,3000 -109.73,43.76,3000 -109.75,43.77,3000 -109.77,43.79,3000 -109.79,43.80,3000 -109.80,43.82,3000 -109.82,43.83,3000 -109.84,43.85,3000 -109.85,43.86,3000 -109.87,43.88,3000 -109.89,43.89,3000 -109.91,43.90,3000 -109.92,43.92,3000 -109.92,43.93,3000 -109.92,43.95,3000 -109.92,43.97,3000 -109.92,43.99,3000 -109.91,44.01,3000 -109.91,44.03,3000 -109.90,44.05,3000 -109.90,44.08,3000 -109.89,44.10,3000 -109.89,44.11,3000 
          </coordinates>
        </LinearRing>
      </innerBoundaryIs>
      <innerBoundaryIs>
        <LinearRing>
          <coordinates>
-115.62,51.54,3000 -115.39,51.65,3000 -115.08,51.70,3000 -114.77,51.71,3000 -114.45,51.69,3000 -114.21,51.64,3000 -114.03,51.56,3000 -113.94,51.29,3000 -114.06,51.08,3000 -114.06,50.93,3000 -114.02,50.77,3000 -113.94,50.62,3000 -113.83,50.47,3000 -113.76,50.36,3000 -113.53,50.23,3000 -113.23,50.11,3000 -112.82,49.97,3000 -112.41,49.82,3000 -112.08,49.70,3000 -111.71,49.55,3000 -111.43,49.45,3000 -111.07,49.36,3000 -110.73,49.24,3000 -110.55,49.07,3000 -110.41,48.88,3000 -110.29,48.72,3000 -110.14,48.60,3000 -109.91,48.59,3000 -109.57,48.60,3000 -109.39,48.56,3000 -109.06,48.44,3000 -108.72,48.32,3000 -108.40,48.21,3000 -108.25,48.15,3000 -108.11,47.98,3000 -108.16,47.83,3000 -108.23,47.69,3000 -108.31,47.55,3000 -108.29,47.36,3000 -108.23,47.16,3000 -108.18,46.93,3000 -108.18,46.78,3000 -108.27,46.57,3000 -108.40,46.37,3000 -108.57,46.12,3000 -108.75,45.87,3000 -108.91,45.69,3000 -109.18,45.56,3000 -109.37,45.52,3000 -109.33,45.42,3000 -109.23,45.25,3000 -109.15,45.05,3000 -109.22,44.89,3000 -109.34,44.75,3000 -109.47,44.61,3000 -109.60,44.51,3000 -109.87,44.51,3000 -110.01,44.58,3000 -110.11,44.70,3000 -110.22,44.82,3000 -110.50,44.95,3000 -110.73,44.90,3000 -111.02,44.81,3000 -111.34,44.73,3000 -111.71,44.68,3000 -112.11,44.64,3000 -112.41,44.59,3000 -112.66,44.40,3000 -112.81,44.32,3000 -113.07,44.31,3000 -113.30,44.33,3000 -113.52,44.33,3000 -113.68,44.45,3000 -113.77,44.58,3000 -113.88,44.71,3000 -114.03,44.81,3000 -114.20,44.90,3000 -114.52,45.05,3000 -114.65,45.16,3000 -114.78,45.29,3000 -114.91,45.43,3000 -115.02,45.56,3000 -115.08,45.71,3000 -114.84,45.89,3000 -114.85,46.06,3000 -114.90,46.23,3000 -114.98,46.42,3000 -114.99,46.66,3000 -115.10,46.87,3000 -115.14,47.07,3000 -114.99,47.13,3000 -114.75,47.18,3000 -114.49,47.24,3000 -114.22,47.35,3000 -114.06,47.58,3000 -113.93,47.85,3000 -113.90,48.05,3000 -113.94,48.22,3000 -114.02,48.40,3000 -114.13,48.55,3000 -114.43,48.70,3000 -114.58,48.82,3000 -114.74,48.98,3000 -114.91,49.20,3000 -115.12,49.43,3000 -115.42,49.63,3000 -115.71,49.76,3000 -115.96,49.63,3000 -116.02,49.46,3000 -116.09,49.30,3000 -116.36,49.30,3000 -116.67,49.42,3000 -116.70,49.50,3000 -116.74,49.73,3000 -116.77,49.99,3000 -116.78,50.18,3000 -116.78,50.34,3000 -116.71,50.52,3000 -116.43,50.59,3000 -116.25,50.46,3000 -116.05,50.27,3000 -115.88,50.13,3000 -115.68,50.09,3000 -115.53,50.18,3000 -115.47,50.35,3000 -115.50,50.54,3000 -115.58,50.69,3000 -115.66,50.85,3000 -115.69,51.00,3000 -115.71,51.13,3000 -115.75,51.31,3000 -115.68,51.48,3000 -115.62,51.54,3000 
          </coordinates>
        </LinearRing>
      </innerBoundaryIs>
  </Polygon>
 </MultiGeometry>
</Placemark>
<Placemark>
  <name>10%</name>
  <visibility>1</visibility>
  <styleUrl>#poly_10</styleUrl>
  <MultiGeometry>
    <Polygon>
      <outerBoundaryIs>
        <LinearRing>
          <coordinates>
-117.59,50.05,2000 -117.57,50.05,2000 -117.55,50.04,2000 -117.53,50.04,2000 -117.51,50.03,2000 -117.49,50.02,2000 -117.47,50.01,2000 -117.46,50.00,2000 -117.44,49.99,2000 -117.42,49.98,2000 -117.41,49.97,2000 -117.39,49.95,2000 -117.37,49.94,2000 -117.35,49.93,2000 -117.34,49.92,2000 -117.32,49.91,2000 -117.30,49.90,2000 -117.28,49.89,2000 -117.25,49.89,2000 -117.22,49.89,2000 -117.19,49.89,2000 -117.17,49.89,2000 -117.14,49.89,2000 -117.12,49.89,2000 -117.11,49.89,2000 -117.10,49.88,2000 -117.10,49.87,2000 -117.11,49.86,2000 -117.12,49.85,2000 -117.13,49.84,2000 -117.15,49.83,2000 -117.17,49.82,2000 -117.19,49.81,2000 -117.22,49.80,2000 -117.24,49.79,2000 -117.26,49.78,2000 -117.28,49.78,2000 -117.30,49.77,2000 -117.32,49.77,2000 -117.35,49.77,2000 -117.37,49.77,2000 -117.40,49.77,2000 -117.42,49.77,2000 -117.45,49.77,2000 -117.47,49.77,2000 -117.50,49.77,2000 -117.52,49.77,2000 -117.54,49.77,2000 -117.57,49.76,2000 -117.59,49.76,2000 -117.62,49.75,2000 -117.64,49.75,2000 -117.66,49.74,2000 -117.69,49.74,2000 -117.71,49.73,2000 -117.73,49.73,2000 -117.75,49.73,2000 -117.77,49.73,2000 -117.80,49.73,2000 -117.82,49.74,2000 -117.84,49.74,2000 -117.87,49.75,2000 -117.89,49.76,2000 -117.90,49.77,2000 -117.91,49.79,2000 -117.92,49.80,2000 -117.92,49.81,2000 -117.92,49.82,2000 -117.91,49.84,2000 -117.90,49.85,2000 -117.89,49.87,2000 -117.88,49.89,2000 -117.87,49.90,2000 -117.86,49.92,2000 -117.85,49.93,2000 -117.84,49.94,2000 -117.83,49.95,2000 -117.81,49.97,2000 -117.79,49.98,2000 -117.78,49.98,2000 -117.59,50.05,2000 
          </coordinates>
        </LinearRing>
      </outerBoundaryIs>
  </Polygon>
 </MultiGeometry>
</Placemark>
<Placemark>
  <name>20%</name>
  <visibility>1</visibility>
  <styleUrl>#poly_20</styleUrl>
  <MultiGeometry>
    <Polygon>
      <outerBoundaryIs>
        <LinearRing>
          <coordinates>
-120.20,49.19,3000 -120.18,49.19,3000 -120.16,49.19,3000 -120.13,49.18,3000 -120.11,49.18,3000 -120.09,49.18,3000 -120.07,49.18,3000 -120.05,49.17,3000 -120.03,49.17,3000 -120.01,49.17,3000 -119.99,49.16,3000 -119.98,49.16,3000 -119.96,49.16,3000 -119.94,49.15,3000 -119.93,49.15,3000 -119.91,49.14,3000 -119.89,49.13,3000 -119.87,49.13,3000 -119.86,49.12,3000 -119.85,49.11,3000 -119.84,49.10,3000 -119.83,49.08,3000 -119.83,49.07,3000 -119.83,49.06,3000 -119.83,49.05,3000 -119.83,49.03,3000 -119.83,49.02,3000 -119.84,49.00,3000 -119.84,48.99,3000 -119.85,48.98,3000 -119.85,48.96,3000 -119.86,48.95,3000 -119.86,48.94,3000 -119.87,48.93,3000 -119.88,48.92,3000 -119.89,48.91,3000 -119.90,48.90,3000 -119.92,48.90,3000 -119.94,48.89,3000 -119.95,48.88,3000 -119.97,48.88,3000 -119.99,48.87,3000 -120.01,48.86,3000 -120.03,48.86,3000 -120.05,48.85,3000 -120.07,48.85,3000 -120.08,48.84,3000 -120.10,48.84,3000 -120.12,48.84,3000 -120.13,48.84,3000 -120.15,48.84,3000 -120.16,48.84,3000 -120.18,48.85,3000 -120.20,48.86,3000 -120.21,48.87,3000 -120.22,48.87,3000 -120.23,48.88,3000 -120.24,48.89,3000 -120.25,48.90,3000 -120.27,48.90,3000 -120.28,48.91,3000 -120.29,48.92,3000 -120.31,48.93,3000 -120.32,48.94,3000 -120.33,48.96,3000 -120.35,48.97,3000 -120.36,48.98,3000 -120.38,48.99,3000 -120.39,49.00,3000 -120.20,49.19,3000 
          </coordinates>
        </LinearRing>
      </outerBoundaryIs>
  </Polygon>
 </MultiGeometry>
</Placemark>
<Placemark>
  <name>20%</name>
  <visibility>1</visibility>
  <styleUrl>#poly_20</styleUrl>
  <MultiGeometry>
    <Polygon>
      <outerBoundaryIs>
        <LinearRing>
          <coordinates>
-110.56,49.68,3000 -110.48,49.72,3000 -110.40,49.76,3000 -110.31,49.78,3000 -110.19,49.79,3000 -110.04,49.79,3000 -109.95,49.78,3000 -109.84,49.76,3000 -109.71,49.75,3000 -109.55,49.75,3000 -109.44,49.76,3000 -109.32,49.77,3000 -109.19,49.78,3000 -109.04,49.80,3000 -108.90,49.82,3000 -108.77,49.83,3000 -108.64,49.84,3000 -108.54,49.85,3000 -108.38,49.85,3000 -108.27,49.84,3000 -108.18,49.83,3000 -108.09,49.81,3000 -107.99,49.78,3000 -107.91,49.73,3000 -107.80,49.67,3000 -107.71,49.63,3000 -107.61,49.59,3000 -107.50,49.54,3000 -107.38,49.49,3000 -107.28,49.44,3000 -107.19,49.40,3000 -107.07,49.34,3000 -106.99,49.29,3000 -106.89,49.26,3000 -106.78,49.27,3000 -106.65,49.29,3000 -106.53,49.32,3000 -106.42,49.34,3000 -106.27,49.35,3000 -106.16,49.34,3000 -106.05,49.31,3000 -105.96,49.26,3000 -105.91,49.18,3000 -105.90,49.09,3000 -105.94,49.01,3000 -106.00,48.94,3000 -106.05,48.87,3000 -106.11,48.83,3000 -106.23,48.83,3000 -106.37,48.87,3000 -106.45,48.93,3000 -106.53,49.00,3000 -106.62,49.07,3000 -106.72,49.12,3000 -106.82,49.16,3000 -106.94,49.19,3000 -107.05,49.20,3000 -107.18,49.20,3000 -107.31,49.19,3000 -107.42,49.19,3000 -107.57,49.20,3000 -107.68,49.19,3000 -107.78,49.16,3000 -107.91,49.09,3000 -107.99,49.03,3000 -108.08,48.95,3000 -108.17,48.87,3000 -108.27,48.79,3000 -108.37,48.74,3000 -108.50,48.72,3000 -108.64,48.72,3000 -108.77,48.74,3000 -108.88,48.76,3000 -108.98,48.79,3000 -109.06,48.84,3000 -109.15,48.91,3000 -109.22,48.97,3000 -109.28,49.04,3000 -109.36,49.11,3000 -109.45,49.17,3000 -109.57,49.22,3000 -109.68,49.24,3000 -109.82,49.25,3000 -109.97,49.25,3000 -110.12,49.24,3000 -110.26,49.24,3000 -110.39,49.25,3000 -110.48,49.26,3000 -110.60,49.32,3000 -110.64,49.40,3000 -110.63,49.49,3000 -110.56,49.68,3000 
          </coordinates>
        </LinearRing>
      </outerBoundaryIs>
      <innerBoundaryIs>
        <LinearRing>
          <coordinates>
-110.30,49.69,4000 -110.23,49.70,4000 -110.17,49.70,4000 -110.10,49.70,4000 -110.03,49.70,4000 -109.97,49.70,4000 -109.90,49.69,4000 -109.84,49.68,4000 -109.79,49.66,4000 -109.74,49.63,4000 -109.68,49.61,4000 -109.63,49.58,4000 -109.57,49.57,4000 -109.51,49.56,4000 -109.45,49.56,4000 -109.39,49.57,4000 -109.33,49.58,4000 -109.27,49.60,4000 -109.20,49.62,4000 -109.14,49.63,4000 -109.08,49.64,4000 -109.02,49.65,4000 -108.95,49.65,4000 -108.88,49.65,4000 -108.82,49.64,4000 -108.76,49.63,4000 -108.69,49.62,4000 -108.63,49.61,4000 -108.56,49.60,4000 -108.49,49.59,4000 -108.41,49.58,4000 -108.34,49.56,4000 -108.28,49.55,4000 -108.23,49.54,4000 -108.16,49.52,4000 -108.13,49.50,4000 -108.11,49.47,4000 -108.09,49.44,4000 -108.08,49.39,4000 -108.08,49.35,4000 -108.11,49.31,4000 -108.15,49.29,4000 -108.20,49.27,4000 -108.26,49.25,4000 -108.33,49.23,4000 -108.39,49.21,4000 -108.44,49.19,4000 -108.51,49.17,4000 -108.57,49.15,4000 -108.63,49.13,4000 -108.66,49.10,4000 -108.66,49.06,4000 -108.64,49.02,4000 -108.62,48.98,4000 -108.61,48.95,4000 -108.66,48.92,4000 -108.72,48.94,4000 -108.72,48.97,4000 -108.71,49.02,4000 -108.71,49.07,4000 -108.71,49.12,4000 -108.73,49.16,4000 -108.76,49.20,4000 -108.79,49.23,4000 -108.83,49.27,4000 -108.87,49.30,4000 -108.91,49.33,4000 -108.96,49.36,4000 -109.00,49.39,4000 -109.05,49.42,4000 -109.10,49.45,4000 -109.15,49.47,4000 -109.20,49.49,4000 -109.26,49.51,4000 -109.31,49.53,4000 -109.37,49.55,4000 -109.43,49.56,4000 -109.51,49.55,4000 -109.56,49.54,4000 -109.62,49.52,4000 -109.69,49.50,4000 -109.75,49.47,4000 -109.82,49.45,4000 -109.89,49.42,4000 -109.95,49.40,4000 -110.00,49.39,4000 -110.08,49.38,4000 -110.15,49.38,4000 -110.21,49.39,4000 -110.26,49.40,4000 -110.31,49.42,4000 -110.35,49.44,4000 -110.39,49.46,4000 -110.42,49.49,4000 -110.30,49.69,4000 
          </coordinates>
        </LinearRing>
      </innerBoundaryIs>
  </Polygon>
 </MultiGeometry>
</Placemark>
<Placemark>
  <name>20%</name>
  <visibility>1</visibility>
  <styleUrl>#poly_20</styleUrl>
  <MultiGeometry>
    <Polygon>
      <outerBoundaryIs>
        <LinearRing>
          <coordinates>
-109.79,43.51,3000 -109.75,43.50,3000 -109.71,43.49,3000 -109.67,43.49,3000 -109.63,43.48,3000 -109.60,43.47,3000 -109.57,43.47,3000 -109.55,43.46,3000 -109.53,43.45,3000 -109.52,43.43,3000 -109.50,43.41,3000 -109.47,43.39,3000 -109.44,43.37,3000 -109.40,43.35,3000 -109.37,43.32,3000 -109.34,43.30,3000 -109.32,43.28,3000 -109.30,43.25,3000 -109.29,43.23,3000 -109.28,43.21,3000 -109.27,43.19,3000 -109.25,43.17,3000 -109.24,43.15,3000 -109.22,43.14,3000 -109.20,43.11,3000 -109.19,43.09,3000 -109.17,43.07,3000 -109.15,43.04,3000 -109.14,43.02,3000 -109.12,42.99,3000 -109.11,42.97,3000 -109.10,42.94,3000 -109.10,42.91,3000 -109.10,42.88,3000 -109.10,42.85,3000 -109.11,42.82,3000 -109.12,42.79,3000 -109.13,42.77,3000 -109.15,42.74,3000 -109.17,42.72,3000 -109.20,42.71,3000 -109.23,42.71,3000 -109.27,42.72,3000 -109.31,42.73,3000 -109.35,42.74,3000 -109.38,42.75,3000 -109.41,42.75,3000 -109.44,42.76,3000 -109.46,42.77,3000 -109.50,42.78,3000 -109.53,42.80,3000 -109.57,42.82,3000 -109.61,42.84,3000 -109.65,42.86,3000 -109.68,42.87,3000 -109.70,42.88,3000 -109.73,42.89,3000 -109.75,42.90,3000 -109.77,42.92,3000 -109.80,42.94,3000 -109.83,42.96,3000 -109.86,42.98,3000 -109.89,43.01,3000 -109.91,43.03,3000 -109.93,43.05,3000 -109.95,43.08,3000 -109.96,43.11,3000 -109.98,43.13,3000 -109.98,43.16,3000 -109.99,43.19,3000 -109.99,43.22,3000 -109.99,43.25,3000 -109.98,43.27,3000 -109.98,43.30,3000 -109.97,43.32,3000 -109.96,43.35,3000 -109.94,43.37,3000 -109.93,43.40,3000 -109.79,43.51,3000 
          </coordinates>
        </LinearRing>
      </outerBoundaryIs>
      <innerBoundaryIs>
        <LinearRing>
          <coordinates>
-109.78,43.43,4000 -109.78,43.43,4000 -109.74,43.42,4000 -109.72,43.42,4000 -109.69,43.41,4000 -109.66,43.41,4000 -109.63,43.40,4000 -109.60,43.40,4000 -109.57,43.39,4000 -109.54,43.38,4000 -109.52,43.37,4000 -109.49,43.36,4000 -109.47,43.34,4000 -109.45,43.33,4000 -109.43,43.31,4000 -109.41,43.29,4000 -109.39,43.27,4000 -109.38,43.25,4000 -109.36,43.23,4000 -109.35,43.21,4000 -109.34,43.19,4000 -109.33,43.17,4000 -109.32,43.15,4000 -109.31,43.13,4000 -109.30,43.12,4000 -109.29,43.10,4000 -109.28,43.08,4000 -109.27,43.06,4000 -109.26,43.04,4000 -109.25,43.03,4000 -109.24,43.01,4000 -109.23,42.99,4000 -109.22,42.97,4000 -109.21,42.96,4000 -109.20,42.94,4000 -109.20,42.92,4000 -109.19,42.90,4000 -109.20,42.89,4000 -109.22,42.87,4000 -109.24,42.86,4000 -109.26,42.86,4000 -109.29,42.85,4000 -109.32,42.84,4000 -109.35,42.84,4000 -109.38,42.83,4000 -109.41,42.83,4000 -109.44,42.83,4000 -109.46,42.83,4000 -109.49,42.84,4000 -109.52,42.85,4000 -109.54,42.86,4000 -109.57,42.87,4000 -109.59,42.89,4000 -109.61,42.90,4000 -109.64,42.91,4000 -109.66,42.92,4000 -109.68,42.93,4000 -109.71,42.95,4000 -109.73,42.96,4000 -109.75,42.98,4000 -109.78,42.99,4000 -109.80,43.01,4000 -109.82,43.02,4000 -109.84,43.04,4000 -109.86,43.06,4000 -109.87,43.08,4000 -109.89,43.10,4000 -109.90,43.12,4000 -109.91,43.14,4000 -109.91,43.16,4000 -109.92,43.19,4000 -109.92,43.21,4000 -109.92,43.23,4000 -109.92,43.25,4000 -109.91,43.27,4000 -109.90,43.29,4000 -109.88,43.31,4000 -109.87,43.33,4000 -109.85,43.35,4000 -109.84,43.37,4000 -109.82,43.39,4000 -109.80,43.41,4000 -109.78,43.43,4000 
          </coordinates>
        </LinearRing>
      </innerBoundaryIs>
  </Polygon>
 </MultiGeometry>
</Placemark>
<Placemark>
  <name>20%</name>
  <visibility>1</visibility>
  <styleUrl>#poly_20</styleUrl>
  <MultiGeometry>
    <Polygon>
      <outerBoundaryIs>
        <LinearRing>
          <coordinates>
-109.89,44.11,3000 -109.87,44.13,3000 -109.85,44.14,3000 -109.83,44.16,3000 -109.81,44.18,3000 -109.79,44.19,3000 -109.77,44.20,3000 -109.75,44.22,3000 -109.73,44.23,3000 -109.71,44.24,3000 -109.69,44.24,3000 -109.67,44.25,3000 -109.65,44.25,3000 -109.62,44.25,3000 -109.59,44.25,3000 -109.56,44.24,3000 -109.54,44.24,3000 -109.51,44.23,3000 -109.48,44.22,3000 -109.46,44.21,3000 -109.44,44.21,3000 -109.42,44.20,3000 -109.39,44.19,3000 -109.37,44.18,3000 -109.36,44.17,3000 -109.34,44.16,3000 -109.32,44.14,3000 -109.31,44.13,3000 -109.29,44.11,3000 -109.28,44.10,3000 -109.26,44.08,3000 -109.24,44.07,3000 -109.23,44.05,3000 -109.21,44.03,3000 -109.20,44.01,3000 -109.19,44.00,3000 -109.18,43.98,3000 -109.18,43.96,3000 -109.17,43.94,3000 -109.17,43.92,3000 -109.18,43.90,3000 -109.18,43.88,3000 -109.19,43.86,3000 -109.19,43.84,3000 -109.20,43.83,3000 -109.21,43.81,3000 -109.22,43.79,3000 -109.24,43.77,3000 -109.26,43.76,3000 -109.28,43.74,3000 -109.30,43.73,3000 -109.32,43.72,3000 -109.35,43.71,3000 -109.37,43.70,3000 -109.40,43.70,3000 -109.42,43.70,3000 -109.45,43.70,3000 -109.48,43.69,3000 -109.51,43.69,3000 -109.53,43.70,3000 -109.56,43.70,3000 -109.58,43.70,3000 -109.61,43.71,3000 -109.64,43.71,3000 -109.66,43.72,3000 -109.69,43.73,3000 -109.71,43.75,3000 -109.73,43.76,3000 -109.75,43.77,3000 -109.77,43.79,3000 -109.79,43.80,3000 -109.80,43.82,3000 -109.82,43.83,3000 -109.84,43.85,3000 -109.85,43.86,3000 -109.87,43.88,3000 -109.89,43.89,3000 -109.91,43.90,3000 -109.92,43.92,3000 -109.92,43.93,3000 -109.92,43.95,3000 -109.92,43.97,3000 -109.92,43.99,3000 -109.91,44.01,3000 -109.91,44.03,3000 -109.90,44.05,3000 -109.90,44.08,3000 -109.89,44.10,3000 -109.89,44.11,3000 
          </coordinates>
        </LinearRing>
      </outerBoundaryIs>
      <innerBoundaryIs>
        <LinearRing>
          <coordinates>
-109.65,44.13,4000 -109.64,44.13,4000 -109.63,44.13,4000 -109.62,44.13,4000 -109.60,44.12,4000 -109.58,44.12,4000 -109.57,44.12,4000 -109.55,44.12,4000 -109.54,44.12,4000 -109.52,44.11,4000 -109.50,44.11,4000 -109.48,44.11,4000 -109.47,44.11,4000 -109.45,44.11,4000 -109.43,44.10,4000 -109.41,44.10,4000 -109.40,44.09,4000 -109.39,44.08,4000 -109.37,44.08,4000 -109.36,44.07,4000 -109.35,44.06,4000 -109.34,44.05,4000 -109.32,44.04,4000 -109.31,44.03,4000 -109.30,44.02,4000 -109.30,44.01,4000 -109.29,43.99,4000 -109.28,43.98,4000 -109.28,43.97,4000 -109.28,43.96,4000 -109.28,43.95,4000 -109.28,43.93,4000 -109.29,43.92,4000 -109.29,43.91,4000 -109.30,43.89,4000 -109.30,43.88,4000 -109.31,43.87,4000 -109.32,43.85,4000 -109.32,43.84,4000 -109.33,43.83,4000 -109.34,43.82,4000 -109.34,43.81,4000 -109.35,43.80,4000 -109.35,43.79,4000 -109.36,43.79,4000 -109.36,43.79,4000 -109.38,43.79,4000 -109.39,43.79,4000 -109.40,43.79,4000 -109.42,43.79,4000 -109.43,43.79,4000 -109.45,43.79,4000 -109.47,43.79,4000 -109.49,43.79,4000 -109.51,43.79,4000 -109.53,43.80,4000 -109.55,43.80,4000 -109.57,43.80,4000 -109.58,43.81,4000 -109.60,43.81,4000 -109.61,43.82,4000 -109.63,43.82,4000 -109.65,43.83,4000 -109.66,43.83,4000 -109.68,43.84,4000 -109.69,43.85,4000 -109.71,43.86,4000 -109.72,43.87,4000 -109.74,43.88,4000 -109.75,43.89,4000 -109.76,43.90,4000 -109.77,43.91,4000 -109.78,43.92,4000 -109.78,43.93,4000 -109.78,43.94,4000 -109.78,43.95,4000 -109.78,43.96,4000 -109.78,43.97,4000 -109.77,43.98,4000 -109.77,43.99,4000 -109.76,44.01,4000 -109.76,44.02,4000 -109.75,44.03,4000 -109.74,44.04,4000 -109.73,44.06,4000 -109.72,44.07,4000 -109.71,44.08,4000 -109.70,44.09,4000 -109.69,44.11,4000 -109.68,44.12,4000 -109.65,44.13,4000 
          </coordinates>
        </LinearRing>
      </innerBoundaryIs>
  </Polygon>
 </MultiGeometry>
</Placemark>
<Placemark>
  <name>20%</name>
  <visibility>1</visibility>
  <styleUrl>#poly_20</styleUrl>
  <MultiGeometry>
    <Polygon>
      <outerBoundaryIs>
        <LinearRing>
          <coordinates>
-119.63,38.52,3000 -119.54,38.50,3000 -119.46,38.48,3000 -119.39,38.45,3000 -119.35,38.42,3000 -119.32,38.37,3000 -119.27,38.29,3000 -119.24,38.23,3000 -119.21,38.16,3000 -119.17,38.09,3000 -119.14,38.00,3000 -119.10,37.92,3000 -119.06,37.85,3000 -119.02,37.79,3000 -118.96,37.72,3000 -118.90,37.67,3000 -118.84,37.62,3000 -118.78,37.58,3000 -118.72,37.55,3000 -118.63,37.51,3000 -118.54,37.48,3000 -118.48,37.45,3000 -118.45,37.42,3000 -118.42,37.33,3000 -118.39,37.28,3000 -118.36,37.21,3000 -118.32,37.13,3000 -118.27,37.04,3000 -118.23,36.96,3000 -118.20,36.88,3000 -118.17,36.82,3000 -118.14,36.73,3000 -118.12,36.66,3000 -118.12,36.60,3000 -118.12,36.54,3000 -118.14,36.47,3000 -118.17,36.40,3000 -118.23,36.36,3000 -118.32,36.34,3000 -118.43,36.35,3000 -118.53,36.37,3000 -118.59,36.42,3000 -118.64,36.49,3000 -118.68,36.57,3000 -118.71,36.63,3000 -118.73,36.70,3000 -118.75,36.77,3000 -118.78,36.84,3000 -118.81,36.91,3000 -118.87,36.98,3000 -118.93,37.05,3000 -119.00,37.11,3000 -119.05,37.17,3000 -119.08,37.23,3000 -119.09,37.30,3000 -119.11,37.36,3000 -119.14,37.41,3000 -119.19,37.45,3000 -119.26,37.48,3000 -119.34,37.51,3000 -119.41,37.57,3000 -119.45,37.62,3000 -119.50,37.69,3000 -119.54,37.77,3000 -119.59,37.85,3000 -119.63,37.92,3000 -119.67,37.99,3000 -119.70,38.05,3000 -119.75,38.15,3000 -119.78,38.22,3000 -119.80,38.28,3000 -119.63,38.52,3000 
          </coordinates>
        </LinearRing>
      </outerBoundaryIs>
      <innerBoundaryIs>
        <LinearRing>
          <coordinates>
-118.94,37.53,4000 -118.90,37.51,4000 -118.85,37.49,4000 -118.81,37.47,4000 -118.78,37.46,4000 -118.74,37.45,4000 -118.69,37.44,4000 -118.66,37.42,4000 -118.63,37.40,4000 -118.59,37.37,4000 -118.56,37.34,4000 -118.53,37.31,4000 -118.50,37.28,4000 -118.47,37.24,4000 -118.45,37.21,4000 -118.43,37.17,4000 -118.41,37.15,4000 -118.40,37.13,4000 -118.38,37.10,4000 -118.36,37.06,4000 -118.34,37.02,4000 -118.32,36.98,4000 -118.31,36.95,4000 -118.29,36.91,4000 -118.28,36.88,4000 -118.26,36.84,4000 -118.25,36.81,4000 -118.23,36.78,4000 -118.22,36.74,4000 -118.20,36.71,4000 -118.19,36.68,4000 -118.18,36.64,4000 -118.18,36.60,4000 -118.20,36.56,4000 -118.21,36.51,4000 -118.23,36.48,4000 -118.24,36.45,4000 -118.25,36.43,4000 -118.28,36.43,4000 -118.33,36.42,4000 -118.39,36.42,4000 -118.44,36.41,4000 -118.47,36.41,4000 -118.48,36.41,4000 -118.50,36.43,4000 -118.53,36.47,4000 -118.56,36.50,4000 -118.59,36.54,4000 -118.61,36.58,4000 -118.62,36.62,4000 -118.61,36.65,4000 -118.60,36.69,4000 -118.60,36.72,4000 -118.60,36.76,4000 -118.61,36.80,4000 -118.63,36.83,4000 -118.65,36.87,4000 -118.68,36.90,4000 -118.70,36.93,4000 -118.73,36.96,4000 -118.77,36.98,4000 -118.80,36.99,4000 -118.83,37.01,4000 -118.86,37.03,4000 -118.88,37.05,4000 -118.91,37.08,4000 -118.93,37.11,4000 -118.95,37.14,4000 -118.97,37.18,4000 -118.99,37.21,4000 -119.00,37.25,4000 -119.01,37.29,4000 -119.01,37.32,4000 -119.01,37.36,4000 -119.00,37.39,4000 -119.00,37.43,4000 -118.94,37.53,4000 
          </coordinates>
        </LinearRing>
      </innerBoundaryIs>
      <innerBoundaryIs>
        <LinearRing>
          <coordinates>
-119.60,38.37,4000 -119.57,38.36,4000 -119.54,38.34,4000 -119.52,38.32,4000 -119.49,38.31,4000 -119.46,38.29,4000 -119.44,38.27,4000 -119.42,38.25,4000 -119.40,38.23,4000 -119.38,38.20,4000 -119.36,38.18,4000 -119.34,38.15,4000 -119.32,38.13,4000 -119.31,38.12,4000 -119.30,38.11,4000 -119.29,38.09,4000 -119.27,38.07,4000 -119.26,38.05,4000 -119.24,38.02,4000 -119.22,37.99,4000 -119.20,37.97,4000 -119.19,37.94,4000 -119.18,37.92,4000 -119.17,37.89,4000 -119.15,37.87,4000 -119.14,37.84,4000 -119.14,37.82,4000 -119.13,37.79,4000 -119.13,37.77,4000 -119.13,37.74,4000 -119.13,37.71,4000 -119.14,37.67,4000 -119.15,37.64,4000 -119.17,37.62,4000 -119.19,37.61,4000 -119.21,37.61,4000 -119.24,37.62,4000 -119.27,37.63,4000 -119.30,37.65,4000 -119.33,37.67,4000 -119.37,37.69,4000 -119.40,37.71,4000 -119.42,37.72,4000 -119.44,37.73,4000 -119.45,37.74,4000 -119.46,37.76,4000 -119.47,37.78,4000 -119.48,37.81,4000 -119.49,37.84,4000 -119.51,37.87,4000 -119.52,37.90,4000 -119.53,37.92,4000 -119.54,37.95,4000 -119.55,37.97,4000 -119.56,38.00,4000 -119.57,38.02,4000 -119.58,38.05,4000 -119.59,38.07,4000 -119.60,38.09,4000 -119.61,38.12,4000 -119.62,38.14,4000 -119.63,38.17,4000 -119.63,38.19,4000 -119.64,38.22,4000 -119.65,38.24,4000 -119.60,38.37,4000 
          </coordinates>
        </LinearRing>
      </innerBoundaryIs>
  </Polygon>
 </MultiGeometry>
</Placemark>
<Placemark>
  <name>20%</name>
  <visibility>1</visibility>
  <styleUrl>#poly_20</styleUrl>
  <MultiGeometry>
    <Polygon>
      <outerBoundaryIs>
        <LinearRing>
          <coordinates>
-115.62,51.54,3000 -115.39,51.65,3000 -115.08,51.70,3000 -114.77,51.71,3000 -114.45,51.69,3000 -114.21,51.64,3000 -114.03,51.56,3000 -113.94,51.29,3000 -114.06,51.08,3000 -114.06,50.93,3000 -114.02,50.77,3000 -113.94,50.62,3000 -113.83,50.47,3000 -113.76,50.36,3000 -113.53,50.23,3000 -113.23,50.11,3000 -112.82,49.97,3000 -112.41,49.82,3000 -112.08,49.70,3000 -111.71,49.55,3000 -111.43,49.45,3000 -111.07,49.36,3000 -110.73,49.24,3000 -110.55,49.07,3000 -110.41,48.88,3000 -110.29,48.72,3000 -110.14,48.60,3000 -109.91,48.59,3000 -109.57,48.60,3000 -109.39,48.56,3000 -109.06,48.44,3000 -108.72,48.32,3000 -108.40,48.21,3000 -108.25,48.15,3000 -108.11,47.98,3000 -108.16,47.83,3000 -108.23,47.69,3000 -108.31,47.55,3000 -108.29,47.36,3000 -108.23,47.16,3000 -108.18,46.93,3000 -108.18,46.78,3000 -108.27,46.57,3000 -108.40,46.37,3000 -108.57,46.12,3000 -108.75,45.87,3000 -108.91,45.69,3000 -109.18,45.56,3000 -109.37,45.52,3000 -109.33,45.42,3000 -109.23,45.25,3000 -109.15,45.05,3000 -109.22,44.89,3000 -109.34,44.75,3000 -109.47,44.61,3000 -109.60,44.51,3000 -109.87,44.51,3000 -110.01,44.58,3000 -110.11,44.70,3000 -110.22,44.82,3000 -110.50,44.95,3000 -110.73,44.90,3000 -111.02,44.81,3000 -111.34,44.73,3000 -111.71,44.68,3000 -112.11,44.64,3000 -112.41,44.59,3000 -112.66,44.40,3000 -112.81,44.32,3000 -113.07,44.31,3000 -113.30,44.33,3000 -113.52,44.33,3000 -113.68,44.45,3000 -113.77,44.58,3000 -113.88,44.71,3000 -114.03,44.81,3000 -114.20,44.90,3000 -114.52,45.05,3000 -114.65,45.16,3000 -114.78,45.29,3000 -114.91,45.43,3000 -115.02,45.56,3000 -115.08,45.71,3000 -114.84,45.89,3000 -114.85,46.06,3000 -114.90,46.23,3000 -114.98,46.42,3000 -114.99,46.66,3000 -115.10,46.87,3000 -115.14,47.07,3000 -114.99,47.13,3000 -114.75,47.18,3000 -114.49,47.24,3000 -114.22,47.35,3000 -114.06,47.58,3000 -113.93,47.85,3000 -113.90,48.05,3000 -113.94,48.22,3000 -114.02,48.40,3000 -114.13,48.55,3000 -114.43,48.70,3000 -114.58,48.82,3000 -114.74,48.98,3000 -114.91,49.20,3000 -115.12,49.43,3000 -115.42,49.63,3000 -115.71,49.76,3000 -115.96,49.63,3000 -116.02,49.46,3000 -116.09,49.30,3000 -116.36,49.30,3000 -116.67,49.42,3000 -116.70,49.50,3000 -116.74,49.73,3000 -116.77,49.99,3000 -116.78,50.18,3000 -116.78,50.34,3000 -116.71,50.52,3000 -116.43,50.59,3000 -116.25,50.46,3000 -116.05,50.27,3000 -115.88,50.13,3000 -115.68,50.09,3000 -115.53,50.18,3000 -115.47,50.35,3000 -115.50,50.54,3000 -115.58,50.69,3000 -115.66,50.85,3000 -115.69,51.00,3000 -115.71,51.13,3000 -115.75,51.31,3000 -115.68,51.48,3000 -115.62,51.54,3000 
          </coordinates>
        </LinearRing>
      </outerBoundaryIs>
      <innerBoundaryIs>
        <LinearRing>
          <coordinates>
-113.96,45.19,3000 -113.95,45.18,3000 -113.94,45.18,3000 -113.93,45.17,3000 -113.92,45.17,3000 -113.91,45.16,3000 -113.90,45.14,3000 -113.88,45.13,3000 -113.87,45.12,3000 -113.86,45.11,3000 -113.85,45.10,3000 -113.83,45.09,3000 -113.82,45.08,3000 -113.81,45.07,3000 -113.79,45.06,3000 -113.78,45.05,3000 -113.76,45.04,3000 -113.75,45.03,3000 -113.74,45.01,3000 -113.73,45.00,3000 -113.73,44.99,3000 -113.72,44.98,3000 -113.72,44.97,3000 -113.72,44.96,3000 -113.73,44.95,3000 -113.73,44.93,3000 -113.74,44.92,3000 -113.76,44.91,3000 -113.77,44.90,3000 -113.78,44.88,3000 -113.80,44.87,3000 -113.82,44.86,3000 -113.83,44.85,3000 -113.85,44.84,3000 -113.86,44.84,3000 -113.88,44.83,3000 -113.89,44.83,3000 -113.91,44.83,3000 -113.92,44.83,3000 -113.94,44.84,3000 -113.96,44.84,3000 -113.97,44.85,3000 -113.99,44.86,3000 -114.01,44.87,3000 -114.02,44.88,3000 -114.04,44.89,3000 -114.05,44.91,3000 -114.06,44.92,3000 -114.07,44.93,3000 -114.08,44.94,3000 -114.08,44.95,3000 -114.08,44.96,3000 -114.09,44.97,3000 -114.09,44.99,3000 -114.09,45.00,3000 -114.09,45.01,3000 -114.09,45.03,3000 -114.08,45.04,3000 -114.08,45.05,3000 -114.08,45.07,3000 -114.08,45.08,3000 -114.07,45.10,3000 -114.07,45.11,3000 -113.96,45.19,3000 
          </coordinates>
        </LinearRing>
      </innerBoundaryIs>
      <innerBoundaryIs>
        <LinearRing>
          <coordinates>
-115.37,51.59,4000 -115.09,51.63,4000 -114.84,51.65,4000 -114.43,51.61,4000 -114.12,51.42,4000 -114.15,51.29,4000 -114.22,51.15,4000 -114.22,50.99,4000 -114.19,50.84,4000 -114.10,50.68,4000 -114.00,50.54,4000 -113.88,50.40,4000 -113.66,50.22,4000 -113.43,50.04,4000 -113.26,49.98,4000 -113.02,49.92,4000 -112.81,49.86,4000 -112.56,49.78,4000 -112.25,49.68,4000 -111.94,49.57,4000 -111.58,49.44,4000 -111.24,49.31,4000 -110.98,49.21,4000 -110.77,49.10,4000 -110.69,49.01,4000 -110.54,48.76,4000 -110.44,48.59,4000 -110.35,48.42,4000 -110.33,48.24,4000 -110.29,48.14,4000 -110.09,48.27,4000 -109.86,48.45,4000 -109.62,48.50,4000 -109.39,48.48,4000 -109.07,48.37,4000 -108.84,48.28,4000 -108.56,48.18,4000 -108.35,48.09,4000 -108.23,47.94,4000 -108.33,47.80,4000 -108.45,47.65,4000 -108.49,47.42,4000 -108.39,47.20,4000 -108.34,46.97,4000 -108.39,46.78,4000 -108.50,46.63,4000 -108.65,46.46,4000 -108.77,46.30,4000 -108.84,46.13,4000 -108.89,46.00,4000 -109.01,45.87,4000 -109.15,45.77,4000 -109.42,45.65,4000 -109.53,45.48,4000 -109.41,45.33,4000 -109.26,45.19,4000 -109.29,44.94,4000 -109.38,44.81,4000 -109.50,44.70,4000 -109.75,44.60,4000 -110.00,44.76,4000 -110.26,44.95,4000 -110.52,45.02,4000 -110.80,45.01,4000 -110.96,44.94,4000 -111.12,44.86,4000 -111.42,44.78,4000 -111.66,44.75,4000 -111.92,44.72,4000 -112.18,44.70,4000 -112.42,44.66,4000 -112.71,44.51,4000 -112.94,44.42,4000 -113.20,44.44,4000 -113.41,44.47,4000 -113.59,44.54,4000 -113.61,44.73,4000 -113.59,44.93,4000 -113.71,45.15,4000 -113.84,45.26,4000 -113.99,45.35,4000 -114.23,45.36,4000 -114.49,45.28,4000 -114.65,45.36,4000 -114.79,45.47,4000 -114.88,45.63,4000 -114.83,45.76,4000 -114.78,45.90,4000 -114.75,46.06,4000 -114.80,46.21,4000 -114.87,46.37,4000 -114.89,46.53,4000 -114.89,46.68,4000 -114.89,46.83,4000 -114.86,46.96,4000 -114.65,47.08,4000 -114.35,47.09,4000 -114.13,47.23,4000 -114.08,47.38,4000 -114.03,47.55,4000 -113.88,47.77,4000 -113.79,48.03,4000 -113.84,48.24,4000 -113.88,48.36,4000 -113.98,48.50,4000 -114.21,48.66,4000 -114.48,48.84,4000 -114.65,49.00,4000 -114.81,49.17,4000 -114.95,49.32,4000 -115.07,49.47,4000 -115.17,49.57,4000 -115.50,49.71,4000 -115.63,49.87,4000 -115.50,50.01,4000 -115.35,50.24,4000 -115.35,50.39,4000 -115.39,50.55,4000 -115.48,50.73,4000 -115.57,50.92,4000 -115.62,51.12,4000 -115.63,51.31,4000 -115.48,51.53,4000 -115.37,51.59,4000 
          </coordinates>
        </LinearRing>
      </innerBoundaryIs>
      <innerBoundaryIs>
        <LinearRing>
          <coordinates>
-116.65,50.43,4000 -116.58,50.45,4000 -116.51,50.46,4000 -116.45,50.47,4000 -116.41,50.48,4000 -116.36,50.46,4000 -116.34,50.44,4000 -116.31,50.41,4000 -116.29,50.38,4000 -116.26,50.34,4000 -116.23,50.31,4000 -116.20,50.28,4000 -116.17,50.24,4000 -116.14,50.21,4000 -116.11,50.18,4000 -116.09,50.16,4000 -116.06,50.14,4000 -116.03,50.12,4000 -115.99,50.10,4000 -115.95,50.07,4000 -115.91,50.04,4000 -115.88,50.01,4000 -115.86,49.98,4000 -115.84,49.94,4000 -115.82,49.91,4000 -115.82,49.88,4000 -115.82,49.85,4000 -115.84,49.82,4000 -115.88,49.80,4000 -115.93,49.78,4000 -115.97,49.76,4000 -116.00,49.74,4000 -116.04,49.71,4000 -116.07,49.69,4000 -116.09,49.66,4000 -116.10,49.63,4000 -116.10,49.59,4000 -116.11,49.55,4000 -116.11,49.52,4000 -116.11,49.49,4000 -116.12,49.45,4000 -116.15,49.42,4000 -116.19,49.41,4000 -116.24,49.41,4000 -116.30,49.40,4000 -116.35,49.40,4000 -116.40,49.40,4000 -116.45,49.40,4000 -116.49,49.41,4000 -116.52,49.44,4000 -116.54,49.47,4000 -116.55,49.50,4000 -116.56,49.54,4000 -116.56,49.57,4000 -116.57,49.61,4000 -116.57,49.65,4000 -116.57,49.69,4000 -116.57,49.73,4000 -116.58,49.77,4000 -116.59,49.80,4000 -116.61,49.83,4000 -116.62,49.87,4000 -116.64,49.90,4000 -116.65,49.93,4000 -116.66,49.96,4000 -116.66,50.00,4000 -116.66,50.03,4000 -116.66,50.07,4000 -116.66,50.10,4000 -116.66,50.14,4000 -116.67,50.18,4000 -116.67,50.22,4000 -116.67,50.26,4000 -116.67,50.29,4000 -116.67,50.33,4000 -116.67,50.36,4000 -116.66,50.40,4000 -116.66,50.43,4000 -116.65,50.43,4000 
          </coordinates>
        </LinearRing>
      </innerBoundaryIs>
  </Polygon>
 </MultiGeometry>
</Placemark>
<Placemark>
  <name>20%</name>
  <visibility>1</visibility>
  <styleUrl>#poly_20</styleUrl>
  <MultiGeometry>
    <Polygon>
      <outerBoundaryIs>
        <LinearRing>
          <coordinates>
-118.32,37.81,3000 -118.30,37.81,3000 -118.29,37.80,3000 -118.27,37.80,3000 -118.26,37.79,3000 -118.24,37.79,3000 -118.23,37.78,3000 -118.22,37.77,3000 -118.21,37.77,3000 -118.19,37.76,3000 -118.18,37.75,3000 -118.18,37.74,3000 -118.17,37.73,3000 -118.17,37.72,3000 -118.16,37.71,3000 -118.16,37.70,3000 -118.16,37.69,3000 -118.16,37.67,3000 -118.16,37.66,3000 -118.16,37.65,3000 -118.16,37.63,3000 -118.16,37.62,3000 -118.16,37.61,3000 -118.17,37.59,3000 -118.17,37.58,3000 -118.17,37.57,3000 -118.17,37.56,3000 -118.18,37.55,3000 -118.18,37.54,3000 -118.19,37.52,3000 -118.19,37.51,3000 -118.20,37.50,3000 -118.21,37.49,3000 -118.22,37.49,3000 -118.23,37.48,3000 -118.25,37.48,3000 -118.26,37.48,3000 -118.27,37.48,3000 -118.29,37.48,3000 -118.30,37.48,3000 -118.32,37.48,3000 -118.34,37.48,3000 -118.35,37.48,3000 -118.37,37.48,3000 -118.39,37.48,3000 -118.40,37.49,3000 -118.42,37.49,3000 -118.43,37.50,3000 -118.44,37.50,3000 -118.45,37.51,3000 -118.46,37.52,3000 -118.46,37.53,3000 -118.46,37.54,3000 -118.47,37.55,3000 -118.47,37.56,3000 -118.47,37.57,3000 -118.47,37.58,3000 -118.46,37.59,3000 -118.46,37.61,3000 -118.46,37.62,3000 -118.46,37.63,3000 -118.45,37.65,3000 -118.45,37.66,3000 -118.44,37.68,3000 -118.44,37.69,3000 -118.32,37.81,3000 
          </coordinates>
        </LinearRing>
      </outerBoundaryIs>
  </Polygon>
 </MultiGeometry>
</Placemark>
<Placemark>
  <name>20%</name>
  <visibility>1</visibility>
  <styleUrl>#poly_20</styleUrl>
  <MultiGeometry>
    <Polygon>
      <outerBoundaryIs>
        <LinearRing>
          <coordinates>
-110.35,40.92,3000 -110.35,40.92,3000 -110.31,40.92,3000 -110.29,40.92,3000 -110.27,40.91,3000 -110.25,40.91,3000 -110.23,40.90,3000 -110.20,40.90,3000 -110.18,40.89,3000 -110.15,40.89,3000 -110.13,40.88,3000 -110.11,40.87,3000 -110.09,40.86,3000 -110.07,40.85,3000 -110.05,40.84,3000 -110.03,40.82,3000 -110.01,40.81,3000 -109.99,40.80,3000 -109.98,40.78,3000 -109.98,40.77,3000 -109.98,40.76,3000 -109.99,40.74,3000 -110.00,40.72,3000 -110.01,40.71,3000 -110.03,40.69,3000 -110.04,40.68,3000 -110.06,40.66,3000 -110.08,40.65,3000 -110.10,40.64,3000 -110.12,40.63,3000 -110.15,40.61,3000 -110.17,40.60,3000 -110.20,40.59,3000 -110.22,40.58,3000 -110.24,40.58,3000 -110.26,40.57,3000 -110.28,40.56,3000 -110.30,40.56,3000 -110.32,40.56,3000 -110.34,40.56,3000 -110.37,40.56,3000 -110.39,40.55,3000 -110.42,40.55,3000 -110.45,40.55,3000 -110.47,40.55,3000 -110.49,40.55,3000 -110.51,40.54,3000 -110.53,40.55,3000 -110.54,40.55,3000 -110.56,40.56,3000 -110.59,40.57,3000 -110.61,40.57,3000 -110.63,40.58,3000 -110.66,40.59,3000 -110.69,40.60,3000 -110.71,40.61,3000 -110.73,40.62,3000 -110.75,40.62,3000 -110.77,40.63,3000 -110.80,40.64,3000 -110.82,40.65,3000 -110.84,40.67,3000 -110.85,40.68,3000 -110.85,40.69,3000 -110.85,40.70,3000 -110.84,40.72,3000 -110.83,40.73,3000 -110.81,40.75,3000 -110.79,40.77,3000 -110.78,40.78,3000 -110.76,40.79,3000 -110.74,40.80,3000 -110.72,40.82,3000 -110.69,40.83,3000 -110.67,40.84,3000 -110.65,40.85,3000 -110.63,40.86,3000 -110.61,40.87,3000 -110.59,40.88,3000 -110.58,40.89,3000 -110.57,40.89,3000 -110.35,40.92,3000 
          </coordinates>
        </LinearRing>
      </outerBoundaryIs>
      <innerBoundaryIs>
        <LinearRing>
          <coordinates>
-110.57,40.80,4000 -110.55,40.80,4000 -110.54,40.81,4000 -110.52,40.81,4000 -110.50,40.82,4000 -110.49,40.82,4000 -110.47,40.83,4000 -110.46,40.83,4000 -110.44,40.83,4000 -110.42,40.84,4000 -110.41,40.84,4000 -110.39,40.84,4000 -110.37,40.84,4000 -110.36,40.84,4000 -110.34,40.84,4000 -110.32,40.84,4000 -110.31,40.84,4000 -110.29,40.83,4000 -110.27,40.83,4000 -110.25,40.82,4000 -110.23,40.82,4000 -110.21,40.81,4000 -110.19,40.81,4000 -110.17,40.80,4000 -110.15,40.79,4000 -110.14,40.79,4000 -110.13,40.78,4000 -110.12,40.77,4000 -110.11,40.77,4000 -110.11,40.76,4000 -110.11,40.75,4000 -110.11,40.75,4000 -110.12,40.74,4000 -110.13,40.73,4000 -110.14,40.72,4000 -110.16,40.71,4000 -110.17,40.70,4000 -110.19,40.69,4000 -110.21,40.68,4000 -110.23,40.67,4000 -110.24,40.67,4000 -110.26,40.66,4000 -110.28,40.65,4000 -110.29,40.64,4000 -110.31,40.64,4000 -110.33,40.64,4000 -110.34,40.63,4000 -110.36,40.63,4000 -110.38,40.63,4000 -110.40,40.62,4000 -110.42,40.62,4000 -110.44,40.62,4000 -110.45,40.62,4000 -110.47,40.62,4000 -110.49,40.62,4000 -110.51,40.63,4000 -110.52,40.63,4000 -110.54,40.63,4000 -110.56,40.63,4000 -110.57,40.64,4000 -110.59,40.64,4000 -110.60,40.65,4000 -110.62,40.65,4000 -110.63,40.66,4000 -110.64,40.67,4000 -110.66,40.68,4000 -110.67,40.68,4000 -110.68,40.69,4000 -110.70,40.70,4000 -110.71,40.71,4000 -110.57,40.80,4000 
          </coordinates>
        </LinearRing>
      </innerBoundaryIs>
  </Polygon>
 </MultiGeometry>
</Placemark>
<Placemark>
  <name>30%</name>
  <visibility>1</visibility>
  <styleUrl>#poly_30</styleUrl>
  <MultiGeometry>
    <Polygon>
      <outerBoundaryIs>
        <LinearRing>
          <coordinates>
-109.65,44.13,4000 -109.64,44.13,4000 -109.63,44.13,4000 -109.62,44.13,4000 -109.60,44.12,4000 -109.58,44.12,4000 -109.57,44.12,4000 -109.55,44.12,4000 -109.54,44.12,4000 -109.52,44.11,4000 -109.50,44.11,4000 -109.48,44.11,4000 -109.47,44.11,4000 -109.45,44.11,4000 -109.43,44.10,4000 -109.41,44.10,4000 -109.40,44.09,4000 -109.39,44.08,4000 -109.37,44.08,4000 -109.36,44.07,4000 -109.35,44.06,4000 -109.34,44.05,4000 -109.32,44.04,4000 -109.31,44.03,4000 -109.30,44.02,4000 -109.30,44.01,4000 -109.29,43.99,4000 -109.28,43.98,4000 -109.28,43.97,4000 -109.28,43.96,4000 -109.28,43.95,4000 -109.28,43.93,4000 -109.29,43.92,4000 -109.29,43.91,4000 -109.30,43.89,4000 -109.30,43.88,4000 -109.31,43.87,4000 -109.32,43.85,4000 -109.32,43.84,4000 -109.33,43.83,4000 -109.34,43.82,4000 -109.34,43.81,4000 -109.35,43.80,4000 -109.35,43.79,4000 -109.36,43.79,4000 -109.36,43.79,4000 -109.38,43.79,4000 -109.39,43.79,4000 -109.40,43.79,4000 -109.42,43.79,4000 -109.43,43.79,4000 -109.45,43.79,4000 -109.47,43.79,4000 -109.49,43.79,4000 -109.51,43.79,4000 -109.53,43.80,4000 -109.55,43.80,4000 -109.57,43.80,4000 -109.58,43.81,4000 -109.60,43.81,4000 -109.61,43.82,4000 -109.63,43.82,4000 -109.65,43.83,4000 -109.66,43.83,4000 -109.68,43.84,4000 -109.69,43.85,4000 -109.71,43.86,4000 -109.72,43.87,4000 -109.74,43.88,4000 -109.75,43.89,4000 -109.76,43.90,4000 -109.77,43.91,4000 -109.78,43.92,4000 -109.78,43.93,4000 -109.78,43.94,4000 -109.78,43.95,4000 -109.78,43.96,4000 -109.78,43.97,4000 -109.77,43.98,4000 -109.77,43.99,4000 -109.76,44.01,4000 -109.76,44.02,4000 -109.75,44.03,4000 -109.74,44.04,4000 -109.73,44.06,4000 -109.72,44.07,4000 -109.71,44.08,4000 -109.70,44.09,4000 -109.69,44.11,4000 -109.68,44.12,4000 -109.65,44.13,4000 
          </coordinates>
        </LinearRing>
      </outerBoundaryIs>
      <innerBoundaryIs>
        <LinearRing>
          <coordinates>
-109.63,43.98,5000 -109.62,43.98,5000 -109.61,43.98,5000 -109.60,43.98,5000 -109.59,43.98,5000 -109.58,43.98,5000 -109.57,43.98,5000 -109.56,43.98,5000 -109.55,43.98,5000 -109.54,43.98,5000 -109.53,43.98,5000 -109.52,43.98,5000 -109.51,43.98,5000 -109.50,43.98,5000 -109.49,43.98,5000 -109.49,43.98,5000 -109.48,43.97,5000 -109.47,43.97,5000 -109.46,43.97,5000 -109.45,43.97,5000 -109.45,43.97,5000 -109.44,43.97,5000 -109.43,43.97,5000 -109.42,43.97,5000 -109.42,43.97,5000 -109.41,43.97,5000 -109.40,43.97,5000 -109.40,43.97,5000 -109.39,43.97,5000 -109.39,43.97,5000 -109.38,43.97,5000 -109.38,43.97,5000 -109.35,43.97,5000 -109.38,43.96,5000 -109.38,43.96,5000 -109.39,43.96,5000 -109.39,43.96,5000 -109.40,43.96,5000 -109.41,43.95,5000 -109.41,43.95,5000 -109.42,43.95,5000 -109.43,43.95,5000 -109.44,43.95,5000 -109.45,43.95,5000 -109.46,43.95,5000 -109.47,43.94,5000 -109.47,43.94,5000 -109.48,43.94,5000 -109.49,43.94,5000 -109.50,43.94,5000 -109.51,43.94,5000 -109.52,43.93,5000 -109.53,43.93,5000 -109.54,43.93,5000 -109.55,43.93,5000 -109.56,43.93,5000 -109.57,43.93,5000 -109.58,43.93,5000 -109.58,43.92,5000 -109.59,43.92,5000 -109.60,43.92,5000 -109.60,43.92,5000 -109.61,43.92,5000 -109.62,43.92,5000 -109.62,43.92,5000 -109.64,43.92,5000 -109.65,43.92,5000 -109.65,43.92,5000 -109.66,43.93,5000 -109.65,43.93,5000 -109.65,43.94,5000 -109.63,43.98,5000 
          </coordinates>
        </LinearRing>
      </innerBoundaryIs>
  </Polygon>
 </MultiGeometry>
</Placemark>
<Placemark>
  <name>30%</name>
  <visibility>1</visibility>
  <styleUrl>#poly_30</styleUrl>
  <MultiGeometry>
    <Polygon>
      <outerBoundaryIs>
        <LinearRing>
          <coordinates>
-118.94,37.53,4000 -118.90,37.51,4000 -118.85,37.49,4000 -118.81,37.47,4000 -118.78,37.46,4000 -118.74,37.45,4000 -118.69,37.44,4000 -118.66,37.42,4000 -118.63,37.40,4000 -118.59,37.37,4000 -118.56,37.34,4000 -118.53,37.31,4000 -118.50,37.28,4000 -118.47,37.24,4000 -118.45,37.21,4000 -118.43,37.17,4000 -118.41,37.15,4000 -118.40,37.13,4000 -118.38,37.10,4000 -118.36,37.06,4000 -118.34,37.02,4000 -118.32,36.98,4000 -118.31,36.95,4000 -118.29,36.91,4000 -118.28,36.88,4000 -118.26,36.84,4000 -118.25,36.81,4000 -118.23,36.78,4000 -118.22,36.74,4000 -118.20,36.71,4000 -118.19,36.68,4000 -118.18,36.64,4000 -118.18,36.60,4000 -118.20,36.56,4000 -118.21,36.51,4000 -118.23,36.48,4000 -118.24,36.45,4000 -118.25,36.43,4000 -118.28,36.43,4000 -118.33,36.42,4000 -118.39,36.42,4000 -118.44,36.41,4000 -118.47,36.41,4000 -118.48,36.41,4000 -118.50,36.43,4000 -118.53,36.47,4000 -118.56,36.50,4000 -118.59,36.54,4000 -118.61,36.58,4000 -118.62,36.62,4000 -118.61,36.65,4000 -118.60,36.69,4000 -118.60,36.72,4000 -118.60,36.76,4000 -118.61,36.80,4000 -118.63,36.83,4000 -118.65,36.87,4000 -118.68,36.90,4000 -118.70,36.93,4000 -118.73,36.96,4000 -118.77,36.98,4000 -118.80,36.99,4000 -118.83,37.01,4000 -118.86,37.03,4000 -118.88,37.05,4000 -118.91,37.08,4000 -118.93,37.11,4000 -118.95,37.14,4000 -118.97,37.18,4000 -118.99,37.21,4000 -119.00,37.25,4000 -119.01,37.29,4000 -119.01,37.32,4000 -119.01,37.36,4000 -119.00,37.39,4000 -119.00,37.43,4000 -118.94,37.53,4000 
          </coordinates>
        </LinearRing>
      </outerBoundaryIs>
      <innerBoundaryIs>
        <LinearRing>
          <coordinates>
-118.52,36.67,5000 -118.51,36.67,5000 -118.50,36.68,5000 -118.49,36.68,5000 -118.48,36.69,5000 -118.47,36.69,5000 -118.46,36.70,5000 -118.46,36.70,5000 -118.45,36.71,5000 -118.44,36.71,5000 -118.43,36.71,5000 -118.42,36.72,5000 -118.41,36.72,5000 -118.40,36.72,5000 -118.39,36.73,5000 -118.39,36.73,5000 -118.38,36.73,5000 -118.37,36.73,5000 -118.36,36.74,5000 -118.36,36.74,5000 -118.35,36.74,5000 -118.34,36.74,5000 -118.34,36.74,5000 -118.33,36.74,5000 -118.33,36.74,5000 -118.32,36.74,5000 -118.31,36.74,5000 -118.31,36.73,5000 -118.30,36.73,5000 -118.29,36.73,5000 -118.29,36.72,5000 -118.29,36.71,5000 -118.28,36.71,5000 -118.28,36.70,5000 -118.27,36.69,5000 -118.27,36.68,5000 -118.27,36.67,5000 -118.27,36.66,5000 -118.27,36.66,5000 -118.26,36.65,5000 -118.26,36.64,5000 -118.26,36.64,5000 -118.26,36.63,5000 -118.26,36.62,5000 -118.26,36.61,5000 -118.25,36.60,5000 -118.25,36.60,5000 -118.25,36.59,5000 -118.26,36.59,5000 -118.26,36.58,5000 -118.27,36.57,5000 -118.28,36.57,5000 -118.29,36.57,5000 -118.29,36.57,5000 -118.30,36.57,5000 -118.31,36.56,5000 -118.31,36.56,5000 -118.32,36.56,5000 -118.33,36.56,5000 -118.34,36.56,5000 -118.35,36.56,5000 -118.36,36.56,5000 -118.37,36.56,5000 -118.38,36.55,5000 -118.39,36.55,5000 -118.41,36.55,5000 -118.42,36.55,5000 -118.43,36.55,5000 -118.44,36.55,5000 -118.45,36.55,5000 -118.46,36.55,5000 -118.46,36.55,5000 -118.47,36.55,5000 -118.48,36.55,5000 -118.49,36.55,5000 -118.49,36.55,5000 -118.50,36.55,5000 -118.52,36.55,5000 -118.53,36.56,5000 -118.53,36.56,5000 -118.53,36.57,5000 -118.53,36.57,5000 -118.53,36.58,5000 -118.53,36.59,5000 -118.52,36.67,5000 
          </coordinates>
        </LinearRing>
      </innerBoundaryIs>
      <innerBoundaryIs>
        <LinearRing>
          <coordinates>
-118.90,37.34,5000 -118.88,37.34,5000 -118.85,37.34,5000 -118.83,37.34,5000 -118.81,37.34,5000 -118.79,37.34,5000 -118.77,37.34,5000 -118.75,37.34,5000 -118.73,37.34,5000 -118.71,37.33,5000 -118.70,37.33,5000 -118.68,37.33,5000 -118.67,37.33,5000 -118.65,37.33,5000 -118.65,37.32,5000 -118.64,37.30,5000 -118.63,37.29,5000 -118.62,37.28,5000 -118.62,37.27,5000 -118.60,37.26,5000 -118.59,37.25,5000 -118.58,37.23,5000 -118.57,37.22,5000 -118.56,37.20,5000 -118.55,37.19,5000 -118.54,37.17,5000 -118.53,37.16,5000 -118.52,37.14,5000 -118.52,37.13,5000 -118.52,37.11,5000 -118.52,37.10,5000 -118.52,37.08,5000 -118.52,37.07,5000 -118.53,37.05,5000 -118.53,37.03,5000 -118.54,37.02,5000 -118.54,37.00,5000 -118.55,36.99,5000 -118.55,36.97,5000 -118.56,36.96,5000 -118.56,36.95,5000 -118.57,36.92,5000 -118.57,36.91,5000 -118.58,36.91,5000 -118.57,36.91,5000 -118.59,36.94,5000 -118.60,36.95,5000 -118.61,36.95,5000 -118.62,36.96,5000 -118.64,36.97,5000 -118.65,36.98,5000 -118.67,37.00,5000 -118.69,37.01,5000 -118.71,37.02,5000 -118.72,37.03,5000 -118.74,37.04,5000 -118.76,37.05,5000 -118.77,37.06,5000 -118.79,37.07,5000 -118.80,37.08,5000 -118.81,37.09,5000 -118.83,37.11,5000 -118.84,37.12,5000 -118.85,37.13,5000 -118.85,37.15,5000 -118.86,37.16,5000 -118.87,37.17,5000 -118.87,37.19,5000 -118.88,37.20,5000 -118.89,37.21,5000 -118.90,37.23,5000 -118.90,37.24,5000 -118.91,37.26,5000 -118.90,37.34,5000 
          </coordinates>
        </LinearRing>
      </innerBoundaryIs>
  </Polygon>
 </MultiGeometry>
</Placemark>
<Placemark>
  <name>30%</name>
  <visibility>1</visibility>
  <styleUrl>#poly_30</styleUrl>
  <MultiGeometry>
    <Polygon>
      <outerBoundaryIs>
        <LinearRing>
          <coordinates>
-119.60,38.37,4000 -119.57,38.36,4000 -119.54,38.34,4000 -119.52,38.32,4000 -119.49,38.31,4000 -119.46,38.29,4000 -119.44,38.27,4000 -119.42,38.25,4000 -119.40,38.23,4000 -119.38,38.20,4000 -119.36,38.18,4000 -119.34,38.15,4000 -119.32,38.13,4000 -119.31,38.12,4000 -119.30,38.11,4000 -119.29,38.09,4000 -119.27,38.07,4000 -119.26,38.05,4000 -119.24,38.02,4000 -119.22,37.99,4000 -119.20,37.97,4000 -119.19,37.94,4000 -119.18,37.92,4000 -119.17,37.89,4000 -119.15,37.87,4000 -119.14,37.84,4000 -119.14,37.82,4000 -119.13,37.79,4000 -119.13,37.77,4000 -119.13,37.74,4000 -119.13,37.71,4000 -119.14,37.67,4000 -119.15,37.64,4000 -119.17,37.62,4000 -119.19,37.61,4000 -119.21,37.61,4000 -119.24,37.62,4000 -119.27,37.63,4000 -119.30,37.65,4000 -119.33,37.67,4000 -119.37,37.69,4000 -119.40,37.71,4000 -119.42,37.72,4000 -119.44,37.73,4000 -119.45,37.74,4000 -119.46,37.76,4000 -119.47,37.78,4000 -119.48,37.81,4000 -119.49,37.84,4000 -119.51,37.87,4000 -119.52,37.90,4000 -119.53,37.92,4000 -119.54,37.95,4000 -119.55,37.97,4000 -119.56,38.00,4000 -119.57,38.02,4000 -119.58,38.05,4000 -119.59,38.07,4000 -119.60,38.09,4000 -119.61,38.12,4000 -119.62,38.14,4000 -119.63,38.17,4000 -119.63,38.19,4000 -119.64,38.22,4000 -119.65,38.24,4000 -119.60,38.37,4000 
          </coordinates>
        </LinearRing>
      </outerBoundaryIs>
  </Polygon>
 </MultiGeometry>
</Placemark>
<Placemark>
  <name>30%</name>
  <visibility>1</visibility>
  <styleUrl>#poly_30</styleUrl>
  <MultiGeometry>
    <Polygon>
      <outerBoundaryIs>
        <LinearRing>
          <coordinates>
-110.57,40.80,4000 -110.55,40.80,4000 -110.54,40.81,4000 -110.52,40.81,4000 -110.50,40.82,4000 -110.49,40.82,4000 -110.47,40.83,4000 -110.46,40.83,4000 -110.44,40.83,4000 -110.42,40.84,4000 -110.41,40.84,4000 -110.39,40.84,4000 -110.37,40.84,4000 -110.36,40.84,4000 -110.34,40.84,4000 -110.32,40.84,4000 -110.31,40.84,4000 -110.29,40.83,4000 -110.27,40.83,4000 -110.25,40.82,4000 -110.23,40.82,4000 -110.21,40.81,4000 -110.19,40.81,4000 -110.17,40.80,4000 -110.15,40.79,4000 -110.14,40.79,4000 -110.13,40.78,4000 -110.12,40.77,4000 -110.11,40.77,4000 -110.11,40.76,4000 -110.11,40.75,4000 -110.11,40.75,4000 -110.12,40.74,4000 -110.13,40.73,4000 -110.14,40.72,4000 -110.16,40.71,4000 -110.17,40.70,4000 -110.19,40.69,4000 -110.21,40.68,4000 -110.23,40.67,4000 -110.24,40.67,4000 -110.26,40.66,4000 -110.28,40.65,4000 -110.29,40.64,4000 -110.31,40.64,4000 -110.33,40.64,4000 -110.34,40.63,4000 -110.36,40.63,4000 -110.38,40.63,4000 -110.40,40.62,4000 -110.42,40.62,4000 -110.44,40.62,4000 -110.45,40.62,4000 -110.47,40.62,4000 -110.49,40.62,4000 -110.51,40.63,4000 -110.52,40.63,4000 -110.54,40.63,4000 -110.56,40.63,4000 -110.57,40.64,4000 -110.59,40.64,4000 -110.60,40.65,4000 -110.62,40.65,4000 -110.63,40.66,4000 -110.64,40.67,4000 -110.66,40.68,4000 -110.67,40.68,4000 -110.68,40.69,4000 -110.70,40.70,4000 -110.71,40.71,4000 -110.57,40.80,4000 
          </coordinates>
        </LinearRing>
      </outerBoundaryIs>
  </Polygon>
 </MultiGeometry>
</Placemark>
<Placemark>
  <name>30%</name>
  <visibility>1</visibility>
  <styleUrl>#poly_30</styleUrl>
  <MultiGeometry>
    <Polygon>
      <outerBoundaryIs>
        <LinearRing>
          <coordinates>
-115.37,51.59,4000 -115.09,51.63,4000 -114.84,51.65,4000 -114.43,51.61,4000 -114.12,51.42,4000 -114.15,51.29,4000 -114.22,51.15,4000 -114.22,50.99,4000 -114.19,50.84,4000 -114.10,50.68,4000 -114.00,50.54,4000 -113.88,50.40,4000 -113.66,50.22,4000 -113.43,50.04,4000 -113.26,49.98,4000 -113.02,49.92,4000 -112.81,49.86,4000 -112.56,49.78,4000 -112.25,49.68,4000 -111.94,49.57,4000 -111.58,49.44,4000 -111.24,49.31,4000 -110.98,49.21,4000 -110.77,49.10,4000 -110.69,49.01,4000 -110.54,48.76,4000 -110.44,48.59,4000 -110.35,48.42,4000 -110.33,48.24,4000 -110.29,48.14,4000 -110.09,48.27,4000 -109.86,48.45,4000 -109.62,48.50,4000 -109.39,48.48,4000 -109.07,48.37,4000 -108.84,48.28,4000 -108.56,48.18,4000 -108.35,48.09,4000 -108.23,47.94,4000 -108.33,47.80,4000 -108.45,47.65,4000 -108.49,47.42,4000 -108.39,47.20,4000 -108.34,46.97,4000 -108.39,46.78,4000 -108.50,46.63,4000 -108.65,46.46,4000 -108.77,46.30,4000 -108.84,46.13,4000 -108.89,46.00,4000 -109.01,45.87,4000 -109.15,45.77,4000 -109.42,45.65,4000 -109.53,45.48,4000 -109.41,45.33,4000 -109.26,45.19,4000 -109.29,44.94,4000 -109.38,44.81,4000 -109.50,44.70,4000 -109.75,44.60,4000 -110.00,44.76,4000 -110.26,44.95,4000 -110.52,45.02,4000 -110.80,45.01,4000 -110.96,44.94,4000 -111.12,44.86,4000 -111.42,44.78,4000 -111.66,44.75,4000 -111.92,44.72,4000 -112.18,44.70,4000 -112.42,44.66,4000 -112.71,44.51,4000 -112.94,44.42,4000 -113.20,44.44,4000 -113.41,44.47,4000 -113.59,44.54,4000 -113.61,44.73,4000 -113.59,44.93,4000 -113.71,45.15,4000 -113.84,45.26,4000 -113.99,45.35,4000 -114.23,45.36,4000 -114.49,45.28,4000 -114.65,45.36,4000 -114.79,45.47,4000 -114.88,45.63,4000 -114.83,45.76,4000 -114.78,45.90,4000 -114.75,46.06,4000 -114.80,46.21,4000 -114.87,46.37,4000 -114.89,46.53,4000 -114.89,46.68,4000 -114.89,46.83,4000 -114.86,46.96,4000 -114.65,47.08,4000 -114.35,47.09,4000 -114.13,47.23,4000 -114.08,47.38,4000 -114.03,47.55,4000 -113.88,47.77,4000 -113.79,48.03,4000 -113.84,48.24,4000 -113.88,48.36,4000 -113.98,48.50,4000 -114.21,48.66,4000 -114.48,48.84,4000 -114.65,49.00,4000 -114.81,49.17,4000 -114.95,49.32,4000 -115.07,49.47,4000 -115.17,49.57,4000 -115.50,49.71,4000 -115.63,49.87,4000 -115.50,50.01,4000 -115.35,50.24,4000 -115.35,50.39,4000 -115.39,50.55,4000 -115.48,50.73,4000 -115.57,50.92,4000 -115.62,51.12,4000 -115.63,51.31,4000 -115.48,51.53,4000 -115.37,51.59,4000 
          </coordinates>
        </LinearRing>
      </outerBoundaryIs>
      <innerBoundaryIs>
        <LinearRing>
          <coordinates>
-115.11,51.58,5000 -114.81,51.59,5000 -114.51,51.53,5000 -114.32,51.42,5000 -114.34,51.23,5000 -114.37,51.01,5000 -114.30,50.83,5000 -114.21,50.67,5000 -114.07,50.47,5000 -113.97,50.37,5000 -113.83,50.25,5000 -113.65,50.08,5000 -113.40,49.91,5000 -113.15,49.83,5000 -112.85,49.77,5000 -112.56,49.70,5000 -112.30,49.61,5000 -112.04,49.50,5000 -111.80,49.41,5000 -111.46,49.29,5000 -111.18,49.20,5000 -110.92,49.09,5000 -110.81,48.96,5000 -110.72,48.80,5000 -110.68,48.63,5000 -110.65,48.46,5000 -110.60,48.30,5000 -110.54,48.16,5000 -110.33,47.95,5000 -109.99,47.82,5000 -109.93,47.96,5000 -109.89,48.18,5000 -109.84,48.34,5000 -109.63,48.42,5000 -109.33,48.40,5000 -109.16,48.33,5000 -108.97,48.25,5000 -108.75,48.19,5000 -108.55,48.11,5000 -108.42,47.88,5000 -108.54,47.78,5000 -108.70,47.77,5000 -108.97,47.86,5000 -109.28,47.74,5000 -109.02,47.59,5000 -108.71,47.43,5000 -108.59,47.26,5000 -108.54,47.07,5000 -108.53,46.88,5000 -108.68,46.69,5000 -108.84,46.57,5000 -109.01,46.46,5000 -109.17,46.39,5000 -109.17,46.23,5000 -109.19,45.98,5000 -109.41,45.82,5000 -109.64,45.76,5000 -109.78,45.66,5000 -109.67,45.50,5000 -109.47,45.29,5000 -109.33,45.12,5000 -109.40,44.93,5000 -109.53,44.82,5000 -109.70,44.75,5000 -109.83,44.79,5000 -110.10,44.94,5000 -110.43,45.06,5000 -110.73,45.13,5000 -111.00,45.00,5000 -111.23,44.91,5000 -111.46,44.84,5000 -111.77,44.80,5000 -112.02,44.78,5000 -112.28,44.75,5000 -112.60,44.69,5000 -112.84,44.54,5000 -113.06,44.57,5000 -113.27,44.63,5000 -113.42,44.79,5000 -113.49,44.96,5000 -113.61,45.15,5000 -113.84,45.34,5000 -114.10,45.48,5000 -114.37,45.49,5000 -114.60,45.48,5000 -114.74,45.66,5000 -114.67,45.90,5000 -114.71,46.11,5000 -114.77,46.36,5000 -114.81,46.56,5000 -114.78,46.76,5000 -114.60,46.88,5000 -114.31,46.89,5000 -114.17,47.08,5000 -114.00,47.36,5000 -113.84,47.65,5000 -113.73,47.87,5000 -113.69,48.05,5000 -113.75,48.16,5000 -113.79,48.33,5000 -113.89,48.50,5000 -114.08,48.62,5000 -114.36,48.82,5000 -114.53,48.98,5000 -114.73,49.18,5000 -114.94,49.39,5000 -115.14,49.59,5000 -115.28,49.73,5000 -115.40,49.87,5000 -115.34,50.01,5000 -115.24,50.22,5000 -115.25,50.38,5000 -115.29,50.54,5000 -115.37,50.67,5000 -115.45,50.82,5000 -115.51,51.07,5000 -115.51,51.32,5000 -115.41,51.46,5000 -115.25,51.55,5000 -115.11,51.58,5000 
          </coordinates>
        </LinearRing>
      </innerBoundaryIs>
  </Polygon>
 </MultiGeometry>
</Placemark>
<Placemark>
  <name>30%</name>
  <visibility>1</visibility>
  <styleUrl>#poly_30</styleUrl>
  <MultiGeometry>
    <Polygon>
      <outerBoundaryIs>
        <LinearRing>
          <coordinates>
-110.30,49.69,4000 -110.23,49.70,4000 -110.17,49.70,4000 -110.10,49.70,4000 -110.03,49.70,4000 -109.97,49.70,4000 -109.90,49.69,4000 -109.84,49.68,4000 -109.79,49.66,4000 -109.74,49.63,4000 -109.68,49.61,4000 -109.63,49.58,4000 -109.57,49.57,4000 -109.51,49.56,4000 -109.45,49.56,4000 -109.39,49.57,4000 -109.33,49.58,4000 -109.27,49.60,4000 -109.20,49.62,4000 -109.14,49.63,4000 -109.08,49.64,4000 -109.02,49.65,4000 -108.95,49.65,4000 -108.88,49.65,4000 -108.82,49.64,4000 -108.76,49.63,4000 -108.69,49.62,4000 -108.63,49.61,4000 -108.56,49.60,4000 -108.49,49.59,4000 -108.41,49.58,4000 -108.34,49.56,4000 -108.28,49.55,4000 -108.23,49.54,4000 -108.16,49.52,4000 -108.13,49.50,4000 -108.11,49.47,4000 -108.09,49.44,4000 -108.08,49.39,4000 -108.08,49.35,4000 -108.11,49.31,4000 -108.15,49.29,4000 -108.20,49.27,4000 -108.26,49.25,4000 -108.33,49.23,4000 -108.39,49.21,4000 -108.44,49.19,4000 -108.51,49.17,4000 -108.57,49.15,4000 -108.63,49.13,4000 -108.66,49.10,4000 -108.66,49.06,4000 -108.64,49.02,4000 -108.62,48.98,4000 -108.61,48.95,4000 -108.66,48.92,4000 -108.72,48.94,4000 -108.72,48.97,4000 -108.71,49.02,4000 -108.71,49.07,4000 -108.71,49.12,4000 -108.73,49.16,4000 -108.76,49.20,4000 -108.79,49.23,4000 -108.83,49.27,4000 -108.87,49.30,4000 -108.91,49.33,4000 -108.96,49.36,4000 -109.00,49.39,4000 -109.05,49.42,4000 -109.10,49.45,4000 -109.15,49.47,4000 -109.20,49.49,4000 -109.26,49.51,4000 -109.31,49.53,4000 -109.37,49.55,4000 -109.43,49.56,4000 -109.51,49.55,4000 -109.56,49.54,4000 -109.62,49.52,4000 -109.69,49.50,4000 -109.75,49.47,4000 -109.82,49.45,4000 -109.89,49.42,4000 -109.95,49.40,4000 -110.00,49.39,4000 -110.08,49.38,4000 -110.15,49.38,4000 -110.21,49.39,4000 -110.26,49.40,4000 -110.31,49.42,4000 -110.35,49.44,4000 -110.39,49.46,4000 -110.42,49.49,4000 -110.30,49.69,4000 
          </coordinates>
        </LinearRing>
      </outerBoundaryIs>
  </Polygon>
 </MultiGeometry>
</Placemark>
<Placemark>
  <name>30%</name>
  <visibility>1</visibility>
  <styleUrl>#poly_30</styleUrl>
  <MultiGeometry>
    <Polygon>
      <outerBoundaryIs>
        <LinearRing>
          <coordinates>
-116.65,50.43,4000 -116.58,50.45,4000 -116.51,50.46,4000 -116.45,50.47,4000 -116.41,50.48,4000 -116.36,50.46,4000 -116.34,50.44,4000 -116.31,50.41,4000 -116.29,50.38,4000 -116.26,50.34,4000 -116.23,50.31,4000 -116.20,50.28,4000 -116.17,50.24,4000 -116.14,50.21,4000 -116.11,50.18,4000 -116.09,50.16,4000 -116.06,50.14,4000 -116.03,50.12,4000 -115.99,50.10,4000 -115.95,50.07,4000 -115.91,50.04,4000 -115.88,50.01,4000 -115.86,49.98,4000 -115.84,49.94,4000 -115.82,49.91,4000 -115.82,49.88,4000 -115.82,49.85,4000 -115.84,49.82,4000 -115.88,49.80,4000 -115.93,49.78,4000 -115.97,49.76,4000 -116.00,49.74,4000 -116.04,49.71,4000 -116.07,49.69,4000 -116.09,49.66,4000 -116.10,49.63,4000 -116.10,49.59,4000 -116.11,49.55,4000 -116.11,49.52,4000 -116.11,49.49,4000 -116.12,49.45,4000 -116.15,49.42,4000 -116.19,49.41,4000 -116.24,49.41,4000 -116.30,49.40,4000 -116.35,49.40,4000 -116.40,49.40,4000 -116.45,49.40,4000 -116.49,49.41,4000 -116.52,49.44,4000 -116.54,49.47,4000 -116.55,49.50,4000 -116.56,49.54,4000 -116.56,49.57,4000 -116.57,49.61,4000 -116.57,49.65,4000 -116.57,49.69,4000 -116.57,49.73,4000 -116.58,49.77,4000 -116.59,49.80,4000 -116.61,49.83,4000 -116.62,49.87,4000 -116.64,49.90,4000 -116.65,49.93,4000 -116.66,49.96,4000 -116.66,50.00,4000 -116.66,50.03,4000 -116.66,50.07,4000 -116.66,50.10,4000 -116.66,50.14,4000 -116.67,50.18,4000 -116.67,50.22,4000 -116.67,50.26,4000 -116.67,50.29,4000 -116.67,50.33,4000 -116.67,50.36,4000 -116.66,50.40,4000 -116.66,50.43,4000 -116.65,50.43,4000 
          </coordinates>
        </LinearRing>
      </outerBoundaryIs>
      <innerBoundaryIs>
        <LinearRing>
          <coordinates>
-116.36,50.29,5000 -116.35,50.27,5000 -116.33,50.25,5000 -116.32,50.23,5000 -116.30,50.21,5000 -116.29,50.19,5000 -116.27,50.18,5000 -116.25,50.16,5000 -116.23,50.14,5000 -116.21,50.12,5000 -116.18,50.11,5000 -116.15,50.09,5000 -116.12,50.07,5000 -116.10,50.06,5000 -116.07,50.04,5000 -116.05,50.03,5000 -116.03,50.02,5000 -116.00,50.01,5000 -116.00,50.00,5000 -116.00,49.98,5000 -116.00,49.96,5000 -116.00,49.94,5000 -116.00,49.92,5000 -116.00,49.90,5000 -116.00,49.88,5000 -116.00,49.86,5000 -115.99,49.85,5000 -116.01,49.83,5000 -116.02,49.82,5000 -116.04,49.80,5000 -116.06,49.77,5000 -116.08,49.75,5000 -116.11,49.73,5000 -116.13,49.71,5000 -116.16,49.69,5000 -116.19,49.68,5000 -116.21,49.67,5000 -116.24,49.67,5000 -116.26,49.68,5000 -116.29,49.69,5000 -116.32,49.71,5000 -116.35,49.72,5000 -116.38,49.74,5000 -116.41,49.76,5000 -116.43,49.78,5000 -116.45,49.79,5000 -116.48,49.81,5000 -116.49,49.83,5000 -116.50,49.85,5000 -116.51,49.87,5000 -116.52,49.89,5000 -116.53,49.91,5000 -116.54,49.92,5000 -116.55,49.94,5000 -116.55,49.96,5000 -116.55,49.98,5000 -116.55,50.00,5000 -116.55,50.02,5000 -116.55,50.04,5000 -116.54,50.06,5000 -116.54,50.09,5000 -116.53,50.11,5000 -116.36,50.29,5000 
          </coordinates>
        </LinearRing>
      </innerBoundaryIs>
  </Polygon>
 </MultiGeometry>
</Placemark>
<Placemark>
  <name>30%</name>
  <visibility>1</visibility>
  <styleUrl>#poly_30</styleUrl>
  <MultiGeometry>
    <Polygon>
      <outerBoundaryIs>
        <LinearRing>
          <coordinates>
-109.78,43.43,4000 -109.78,43.43,4000 -109.74,43.42,4000 -109.72,43.42,4000 -109.69,43.41,4000 -109.66,43.41,4000 -109.63,43.40,4000 -109.60,43.40,4000 -109.57,43.39,4000 -109.54,43.38,4000 -109.52,43.37,4000 -109.49,43.36,4000 -109.47,43.34,4000 -109.45,43.33,4000 -109.43,43.31,4000 -109.41,43.29,4000 -109.39,43.27,4000 -109.38,43.25,4000 -109.36,43.23,4000 -109.35,43.21,4000 -109.34,43.19,4000 -109.33,43.17,4000 -109.32,43.15,4000 -109.31,43.13,4000 -109.30,43.12,4000 -109.29,43.10,4000 -109.28,43.08,4000 -109.27,43.06,4000 -109.26,43.04,4000 -109.25,43.03,4000 -109.24,43.01,4000 -109.23,42.99,4000 -109.22,42.97,4000 -109.21,42.96,4000 -109.20,42.94,4000 -109.20,42.92,4000 -109.19,42.90,4000 -109.20,42.89,4000 -109.22,42.87,4000 -109.24,42.86,4000 -109.26,42.86,4000 -109.29,42.85,4000 -109.32,42.84,4000 -109.35,42.84,4000 -109.38,42.83,4000 -109.41,42.83,4000 -109.44,42.83,4000 -109.46,42.83,4000 -109.49,42.84,4000 -109.52,42.85,4000 -109.54,42.86,4000 -109.57,42.87,4000 -109.59,42.89,4000 -109.61,42.90,4000 -109.64,42.91,4000 -109.66,42.92,4000 -109.68,42.93,4000 -109.71,42.95,4000 -109.73,42.96,4000 -109.75,42.98,4000 -109.78,42.99,4000 -109.80,43.01,4000 -109.82,43.02,4000 -109.84,43.04,4000 -109.86,43.06,4000 -109.87,43.08,4000 -109.89,43.10,4000 -109.90,43.12,4000 -109.91,43.14,4000 -109.91,43.16,4000 -109.92,43.19,4000 -109.92,43.21,4000 -109.92,43.23,4000 -109.92,43.25,4000 -109.91,43.27,4000 -109.90,43.29,4000 -109.88,43.31,4000 -109.87,43.33,4000 -109.85,43.35,4000 -109.84,43.37,4000 -109.82,43.39,4000 -109.80,43.41,4000 -109.78,43.43,4000 
          </coordinates>
        </LinearRing>
      </outerBoundaryIs>
      <innerBoundaryIs>
        <LinearRing>
          <coordinates>
-109.77,43.35,5000 -109.74,43.35,5000 -109.72,43.34,5000 -109.69,43.34,5000 -109.67,43.34,5000 -109.65,43.33,5000 -109.62,43.33,5000 -109.60,43.33,5000 -109.58,43.32,5000 -109.56,43.32,5000 -109.55,43.31,5000 -109.53,43.31,5000 -109.51,43.30,5000 -109.49,43.30,5000 -109.48,43.29,5000 -109.47,43.28,5000 -109.46,43.26,5000 -109.45,43.25,5000 -109.44,43.24,5000 -109.43,43.22,5000 -109.42,43.21,5000 -109.41,43.20,5000 -109.40,43.18,5000 -109.39,43.16,5000 -109.38,43.15,5000 -109.38,43.13,5000 -109.37,43.12,5000 -109.37,43.10,5000 -109.37,43.09,5000 -109.37,43.07,5000 -109.37,43.05,5000 -109.38,43.04,5000 -109.39,43.02,5000 -109.39,43.00,5000 -109.40,42.98,5000 -109.41,42.97,5000 -109.41,42.95,5000 -109.42,42.94,5000 -109.43,42.93,5000 -109.43,42.92,5000 -109.45,42.90,5000 -109.47,42.91,5000 -109.48,42.91,5000 -109.49,42.91,5000 -109.51,42.92,5000 -109.52,42.93,5000 -109.54,42.94,5000 -109.56,42.94,5000 -109.59,42.95,5000 -109.61,42.96,5000 -109.63,42.97,5000 -109.65,42.98,5000 -109.67,42.99,5000 -109.69,43.00,5000 -109.71,43.00,5000 -109.72,43.01,5000 -109.75,43.02,5000 -109.76,43.03,5000 -109.77,43.03,5000 -109.78,43.04,5000 -109.79,43.06,5000 -109.80,43.07,5000 -109.80,43.08,5000 -109.81,43.10,5000 -109.81,43.11,5000 -109.82,43.13,5000 -109.82,43.14,5000 -109.83,43.16,5000 -109.83,43.18,5000 -109.84,43.19,5000 -109.84,43.21,5000 -109.85,43.23,5000 -109.77,43.35,5000 
          </coordinates>
        </LinearRing>
      </innerBoundaryIs>
  </Polygon>
 </MultiGeometry>
</Placemark>
<Placemark>
  <name>40%</name>
  <visibility>1</visibility>
  <styleUrl>#poly_40</styleUrl>
  <MultiGeometry>
    <Polygon>
      <outerBoundaryIs>
        <LinearRing>
          <coordinates>
-109.63,43.98,5000 -109.62,43.98,5000 -109.61,43.98,5000 -109.60,43.98,5000 -109.59,43.98,5000 -109.58,43.98,5000 -109.57,43.98,5000 -109.56,43.98,5000 -109.55,43.98,5000 -109.54,43.98,5000 -109.53,43.98,5000 -109.52,43.98,5000 -109.51,43.98,5000 -109.50,43.98,5000 -109.49,43.98,5000 -109.49,43.98,5000 -109.48,43.97,5000 -109.47,43.97,5000 -109.46,43.97,5000 -109.45,43.97,5000 -109.45,43.97,5000 -109.44,43.97,5000 -109.43,43.97,5000 -109.42,43.97,5000 -109.42,43.97,5000 -109.41,43.97,5000 -109.40,43.97,5000 -109.40,43.97,5000 -109.39,43.97,5000 -109.39,43.97,5000 -109.38,43.97,5000 -109.38,43.97,5000 -109.35,43.97,5000 -109.38,43.96,5000 -109.38,43.96,5000 -109.39,43.96,5000 -109.39,43.96,5000 -109.40,43.96,5000 -109.41,43.95,5000 -109.41,43.95,5000 -109.42,43.95,5000 -109.43,43.95,5000 -109.44,43.95,5000 -109.45,43.95,5000 -109.46,43.95,5000 -109.47,43.94,5000 -109.47,43.94,5000 -109.48,43.94,5000 -109.49,43.94,5000 -109.50,43.94,5000 -109.51,43.94,5000 -109.52,43.93,5000 -109.53,43.93,5000 -109.54,43.93,5000 -109.55,43.93,5000 -109.56,43.93,5000 -109.57,43.93,5000 -109.58,43.93,5000 -109.58,43.92,5000 -109.59,43.92,5000 -109.60,43.92,5000 -109.60,43.92,5000 -109.61,43.92,5000 -109.62,43.92,5000 -109.62,43.92,5000 -109.64,43.92,5000 -109.65,43.92,5000 -109.65,43.92,5000 -109.66,43.93,5000 -109.65,43.93,5000 -109.65,43.94,5000 -109.63,43.98,5000 
          </coordinates>
        </LinearRing>
      </outerBoundaryIs>
  </Polygon>
 </MultiGeometry>
</Placemark>
<Placemark>
  <name>40%</name>
  <visibility>1</visibility>
  <styleUrl>#poly_40</styleUrl>
  <MultiGeometry>
    <Polygon>
      <outerBoundaryIs>
        <LinearRing>
          <coordinates>
-116.36,50.29,5000 -116.35,50.27,5000 -116.33,50.25,5000 -116.32,50.23,5000 -116.30,50.21,5000 -116.29,50.19,5000 -116.27,50.18,5000 -116.25,50.16,5000 -116.23,50.14,5000 -116.21,50.12,5000 -116.18,50.11,5000 -116.15,50.09,5000 -116.12,50.07,5000 -116.10,50.06,5000 -116.07,50.04,5000 -116.05,50.03,5000 -116.03,50.02,5000 -116.00,50.01,5000 -116.00,50.00,5000 -116.00,49.98,5000 -116.00,49.96,5000 -116.00,49.94,5000 -116.00,49.92,5000 -116.00,49.90,5000 -116.00,49.88,5000 -116.00,49.86,5000 -115.99,49.85,5000 -116.01,49.83,5000 -116.02,49.82,5000 -116.04,49.80,5000 -116.06,49.77,5000 -116.08,49.75,5000 -116.11,49.73,5000 -116.13,49.71,5000 -116.16,49.69,5000 -116.19,49.68,5000 -116.21,49.67,5000 -116.24,49.67,5000 -116.26,49.68,5000 -116.29,49.69,5000 -116.32,49.71,5000 -116.35,49.72,5000 -116.38,49.74,5000 -116.41,49.76,5000 -116.43,49.78,5000 -116.45,49.79,5000 -116.48,49.81,5000 -116.49,49.83,5000 -116.50,49.85,5000 -116.51,49.87,5000 -116.52,49.89,5000 -116.53,49.91,5000 -116.54,49.92,5000 -116.55,49.94,5000 -116.55,49.96,5000 -116.55,49.98,5000 -116.55,50.00,5000 -116.55,50.02,5000 -116.55,50.04,5000 -116.54,50.06,5000 -116.54,50.09,5000 -116.53,50.11,5000 -116.36,50.29,5000 
          </coordinates>
        </LinearRing>
      </outerBoundaryIs>
      <innerBoundaryIs>
        <LinearRing>
          <coordinates>
-116.31,50.08,6000 -116.29,50.07,6000 -116.28,50.07,6000 -116.26,50.06,6000 -116.25,50.05,6000 -116.24,50.05,6000 -116.22,50.04,6000 -116.21,50.03,6000 -116.20,50.03,6000 -116.19,50.02,6000 -116.18,50.01,6000 -116.17,50.00,6000 -116.16,49.99,6000 -116.16,49.98,6000 -116.16,49.97,6000 -116.16,49.96,6000 -116.16,49.95,6000 -116.16,49.94,6000 -116.16,49.93,6000 -116.17,49.91,6000 -116.17,49.90,6000 -116.17,49.89,6000 -116.18,49.88,6000 -116.18,49.87,6000 -116.19,49.85,6000 -116.19,49.84,6000 -116.20,49.83,6000 -116.20,49.82,6000 -116.21,49.82,6000 -116.21,49.81,6000 -116.22,49.79,6000 -116.22,49.79,6000 -116.23,49.79,6000 -116.24,49.79,6000 -116.25,49.78,6000 -116.27,49.80,6000 -116.27,49.81,6000 -116.28,49.81,6000 -116.29,49.82,6000 -116.29,49.83,6000 -116.30,49.83,6000 -116.30,49.84,6000 -116.31,49.85,6000 -116.32,49.86,6000 -116.33,49.87,6000 -116.33,49.88,6000 -116.34,49.89,6000 -116.35,49.90,6000 -116.36,49.91,6000 -116.37,49.93,6000 -116.37,49.94,6000 -116.38,49.95,6000 -116.39,49.96,6000 -116.31,50.08,6000 
          </coordinates>
        </LinearRing>
      </innerBoundaryIs>
  </Polygon>
 </MultiGeometry>
</Placemark>
<Placemark>
  <name>40%</name>
  <visibility>1</visibility>
  <styleUrl>#poly_40</styleUrl>
  <MultiGeometry>
    <Polygon>
      <outerBoundaryIs>
        <LinearRing>
          <coordinates>
-109.77,43.35,5000 -109.74,43.35,5000 -109.72,43.34,5000 -109.69,43.34,5000 -109.67,43.34,5000 -109.65,43.33,5000 -109.62,43.33,5000 -109.60,43.33,5000 -109.58,43.32,5000 -109.56,43.32,5000 -109.55,43.31,5000 -109.53,43.31,5000 -109.51,43.30,5000 -109.49,43.30,5000 -109.48,43.29,5000 -109.47,43.28,5000 -109.46,43.26,5000 -109.45,43.25,5000 -109.44,43.24,5000 -109.43,43.22,5000 -109.42,43.21,5000 -109.41,43.20,5000 -109.40,43.18,5000 -109.39,43.16,5000 -109.38,43.15,5000 -109.38,43.13,5000 -109.37,43.12,5000 -109.37,43.10,5000 -109.37,43.09,5000 -109.37,43.07,5000 -109.37,43.05,5000 -109.38,43.04,5000 -109.39,43.02,5000 -109.39,43.00,5000 -109.40,42.98,5000 -109.41,42.97,5000 -109.41,42.95,5000 -109.42,42.94,5000 -109.43,42.93,5000 -109.43,42.92,5000 -109.45,42.90,5000 -109.47,42.91,5000 -109.48,42.91,5000 -109.49,42.91,5000 -109.51,42.92,5000 -109.52,42.93,5000 -109.54,42.94,5000 -109.56,42.94,5000 -109.59,42.95,5000 -109.61,42.96,5000 -109.63,42.97,5000 -109.65,42.98,5000 -109.67,42.99,5000 -109.69,43.00,5000 -109.71,43.00,5000 -109.72,43.01,5000 -109.75,43.02,5000 -109.76,43.03,5000 -109.77,43.03,5000 -109.78,43.04,5000 -109.79,43.06,5000 -109.80,43.07,5000 -109.80,43.08,5000 -109.81,43.10,5000 -109.81,43.11,5000 -109.82,43.13,5000 -109.82,43.14,5000 -109.83,43.16,5000 -109.83,43.18,5000 -109.84,43.19,5000 -109.84,43.21,5000 -109.85,43.23,5000 -109.77,43.35,5000 
          </coordinates>
        </LinearRing>
      </outerBoundaryIs>
      <innerBoundaryIs>
        <LinearRing>
          <coordinates>
-109.76,43.27,6000 -109.75,43.27,6000 -109.73,43.27,6000 -109.72,43.27,6000 -109.71,43.26,6000 -109.69,43.26,6000 -109.68,43.26,6000 -109.67,43.26,6000 -109.65,43.26,6000 -109.64,43.26,6000 -109.63,43.26,6000 -109.62,43.25,6000 -109.61,43.25,6000 -109.60,43.25,6000 -109.59,43.25,6000 -109.57,43.25,6000 -109.56,43.24,6000 -109.55,43.24,6000 -109.54,43.24,6000 -109.53,43.23,6000 -109.52,43.23,6000 -109.51,43.22,6000 -109.50,43.21,6000 -109.50,43.21,6000 -109.49,43.20,6000 -109.49,43.19,6000 -109.48,43.18,6000 -109.48,43.17,6000 -109.47,43.16,6000 -109.46,43.15,6000 -109.46,43.14,6000 -109.45,43.13,6000 -109.45,43.12,6000 -109.45,43.11,6000 -109.44,43.11,6000 -109.44,43.10,6000 -109.44,43.09,6000 -109.44,43.08,6000 -109.44,43.07,6000 -109.44,43.05,6000 -109.44,43.04,6000 -109.44,43.03,6000 -109.45,43.02,6000 -109.46,43.02,6000 -109.47,43.01,6000 -109.48,43.01,6000 -109.49,43.01,6000 -109.50,43.01,6000 -109.51,43.01,6000 -109.52,43.01,6000 -109.53,43.02,6000 -109.55,43.02,6000 -109.56,43.03,6000 -109.58,43.03,6000 -109.59,43.03,6000 -109.61,43.04,6000 -109.62,43.04,6000 -109.63,43.05,6000 -109.65,43.05,6000 -109.66,43.06,6000 -109.67,43.06,6000 -109.68,43.07,6000 -109.69,43.07,6000 -109.71,43.08,6000 -109.72,43.08,6000 -109.72,43.09,6000 -109.73,43.09,6000 -109.73,43.10,6000 -109.73,43.11,6000 -109.74,43.12,6000 -109.74,43.13,6000 -109.75,43.13,6000 -109.75,43.14,6000 -109.75,43.15,6000 -109.76,43.16,6000 -109.76,43.17,6000 -109.76,43.18,6000 -109.77,43.19,6000 -109.77,43.20,6000 -109.77,43.21,6000 -109.77,43.22,6000 -109.78,43.23,6000 -109.78,43.24,6000 -109.76,43.27,6000 
          </coordinates>
        </LinearRing>
      </innerBoundaryIs>
  </Polygon>
 </MultiGeometry>
</Placemark>
<Placemark>
  <name>40%</name>
  <visibility>1</visibility>
  <styleUrl>#poly_40</styleUrl>
  <MultiGeometry>
    <Polygon>
      <outerBoundaryIs>
        <LinearRing>
          <coordinates>
-118.52,36.67,5000 -118.51,36.67,5000 -118.50,36.68,5000 -118.49,36.68,5000 -118.48,36.69,5000 -118.47,36.69,5000 -118.46,36.70,5000 -118.46,36.70,5000 -118.45,36.71,5000 -118.44,36.71,5000 -118.43,36.71,5000 -118.42,36.72,5000 -118.41,36.72,5000 -118.40,36.72,5000 -118.39,36.73,5000 -118.39,36.73,5000 -118.38,36.73,5000 -118.37,36.73,5000 -118.36,36.74,5000 -118.36,36.74,5000 -118.35,36.74,5000 -118.34,36.74,5000 -118.34,36.74,5000 -118.33,36.74,5000 -118.33,36.74,5000 -118.32,36.74,5000 -118.31,36.74,5000 -118.31,36.73,5000 -118.30,36.73,5000 -118.29,36.73,5000 -118.29,36.72,5000 -118.29,36.71,5000 -118.28,36.71,5000 -118.28,36.70,5000 -118.27,36.69,5000 -118.27,36.68,5000 -118.27,36.67,5000 -118.27,36.66,5000 -118.27,36.66,5000 -118.26,36.65,5000 -118.26,36.64,5000 -118.26,36.64,5000 -118.26,36.63,5000 -118.26,36.62,5000 -118.26,36.61,5000 -118.25,36.60,5000 -118.25,36.60,5000 -118.25,36.59,5000 -118.26,36.59,5000 -118.26,36.58,5000 -118.27,36.57,5000 -118.28,36.57,5000 -118.29,36.57,5000 -118.29,36.57,5000 -118.30,36.57,5000 -118.31,36.56,5000 -118.31,36.56,5000 -118.32,36.56,5000 -118.33,36.56,5000 -118.34,36.56,5000 -118.35,36.56,5000 -118.36,36.56,5000 -118.37,36.56,5000 -118.38,36.55,5000 -118.39,36.55,5000 -118.41,36.55,5000 -118.42,36.55,5000 -118.43,36.55,5000 -118.44,36.55,5000 -118.45,36.55,5000 -118.46,36.55,5000 -118.46,36.55,5000 -118.47,36.55,5000 -118.48,36.55,5000 -118.49,36.55,5000 -118.49,36.55,5000 -118.50,36.55,5000 -118.52,36.55,5000 -118.53,36.56,5000 -118.53,36.56,5000 -118.53,36.57,5000 -118.53,36.57,5000 -118.53,36.58,5000 -118.53,36.59,5000 -118.52,36.67,5000 
          </coordinates>
        </LinearRing>
      </outerBoundaryIs>
  </Polygon>
 </MultiGeometry>
</Placemark>
<Placemark>
  <name>40%</name>
  <visibility>1</visibility>
  <styleUrl>#poly_40</styleUrl>
  <MultiGeometry>
    <Polygon>
      <outerBoundaryIs>
        <LinearRing>
          <coordinates>
-115.11,51.58,5000 -114.81,51.59,5000 -114.51,51.53,5000 -114.32,51.42,5000 -114.34,51.23,5000 -114.37,51.01,5000 -114.30,50.83,5000 -114.21,50.67,5000 -114.07,50.47,5000 -113.97,50.37,5000 -113.83,50.25,5000 -113.65,50.08,5000 -113.40,49.91,5000 -113.15,49.83,5000 -112.85,49.77,5000 -112.56,49.70,5000 -112.30,49.61,5000 -112.04,49.50,5000 -111.80,49.41,5000 -111.46,49.29,5000 -111.18,49.20,5000 -110.92,49.09,5000 -110.81,48.96,5000 -110.72,48.80,5000 -110.68,48.63,5000 -110.65,48.46,5000 -110.60,48.30,5000 -110.54,48.16,5000 -110.33,47.95,5000 -109.99,47.82,5000 -109.93,47.96,5000 -109.89,48.18,5000 -109.84,48.34,5000 -109.63,48.42,5000 -109.33,48.40,5000 -109.16,48.33,5000 -108.97,48.25,5000 -108.75,48.19,5000 -108.55,48.11,5000 -108.42,47.88,5000 -108.54,47.78,5000 -108.70,47.77,5000 -108.97,47.86,5000 -109.28,47.74,5000 -109.02,47.59,5000 -108.71,47.43,5000 -108.59,47.26,5000 -108.54,47.07,5000 -108.53,46.88,5000 -108.68,46.69,5000 -108.84,46.57,5000 -109.01,46.46,5000 -109.17,46.39,5000 -109.17,46.23,5000 -109.19,45.98,5000 -109.41,45.82,5000 -109.64,45.76,5000 -109.78,45.66,5000 -109.67,45.50,5000 -109.47,45.29,5000 -109.33,45.12,5000 -109.40,44.93,5000 -109.53,44.82,5000 -109.70,44.75,5000 -109.83,44.79,5000 -110.10,44.94,5000 -110.43,45.06,5000 -110.73,45.13,5000 -111.00,45.00,5000 -111.23,44.91,5000 -111.46,44.84,5000 -111.77,44.80,5000 -112.02,44.78,5000 -112.28,44.75,5000 -112.60,44.69,5000 -112.84,44.54,5000 -113.06,44.57,5000 -113.27,44.63,5000 -113.42,44.79,5000 -113.49,44.96,5000 -113.61,45.15,5000 -113.84,45.34,5000 -114.10,45.48,5000 -114.37,45.49,5000 -114.60,45.48,5000 -114.74,45.66,5000 -114.67,45.90,5000 -114.71,46.11,5000 -114.77,46.36,5000 -114.81,46.56,5000 -114.78,46.76,5000 -114.60,46.88,5000 -114.31,46.89,5000 -114.17,47.08,5000 -114.00,47.36,5000 -113.84,47.65,5000 -113.73,47.87,5000 -113.69,48.05,5000 -113.75,48.16,5000 -113.79,48.33,5000 -113.89,48.50,5000 -114.08,48.62,5000 -114.36,48.82,5000 -114.53,48.98,5000 -114.73,49.18,5000 -114.94,49.39,5000 -115.14,49.59,5000 -115.28,49.73,5000 -115.40,49.87,5000 -115.34,50.01,5000 -115.24,50.22,5000 -115.25,50.38,5000 -115.29,50.54,5000 -115.37,50.67,5000 -115.45,50.82,5000 -115.51,51.07,5000 -115.51,51.32,5000 -115.41,51.46,5000 -115.25,51.55,5000 -115.11,51.58,5000 
          </coordinates>
        </LinearRing>
      </outerBoundaryIs>
      <innerBoundaryIs>
        <LinearRing>
          <coordinates>
-115.33,51.42,6000 -115.07,51.46,6000 -114.86,51.49,6000 -114.61,51.46,6000 -114.54,51.32,6000 -114.51,51.15,6000 -114.48,50.97,6000 -114.39,50.82,6000 -114.32,50.69,6000 -114.24,50.56,6000 -114.05,50.35,6000 -113.88,50.17,6000 -113.70,50.00,6000 -113.43,49.82,6000 -113.15,49.75,6000 -112.91,49.70,6000 -112.62,49.63,6000 -112.36,49.56,6000 -112.09,49.45,6000 -111.84,49.34,6000 -111.52,49.24,6000 -111.23,49.15,6000 -110.97,49.02,6000 -110.85,48.82,6000 -110.88,48.66,6000 -110.94,48.47,6000 -110.94,48.30,6000 -110.78,48.11,6000 -110.54,47.95,6000 -110.27,47.80,6000 -110.01,47.68,6000 -109.73,47.56,6000 -109.46,47.53,6000 -109.25,47.49,6000 -109.05,47.44,6000 -108.81,47.27,6000 -108.73,47.13,6000 -108.69,46.99,6000 -108.71,46.86,6000 -108.80,46.74,6000 -109.03,46.62,6000 -109.28,46.52,6000 -109.48,46.45,6000 -109.60,46.37,6000 -109.52,46.22,6000 -109.49,46.05,6000 -109.72,45.98,6000 -110.03,45.91,6000 -110.18,45.80,6000 -110.07,45.66,6000 -109.83,45.49,6000 -109.57,45.31,6000 -109.41,45.17,6000 -109.39,45.00,6000 -109.50,44.91,6000 -109.73,44.85,6000 -109.94,44.94,6000 -110.23,45.07,6000 -110.52,45.19,6000 -110.78,45.24,6000 -110.88,45.18,6000 -111.10,45.03,6000 -111.24,44.96,6000 -111.47,44.90,6000 -111.75,44.88,6000 -112.08,44.86,6000 -112.39,44.83,6000 -112.73,44.71,6000 -113.04,44.69,6000 -113.22,44.82,6000 -113.42,45.02,6000 -113.61,45.22,6000 -113.76,45.38,6000 -114.01,45.55,6000 -114.25,45.55,6000 -114.48,45.55,6000 -114.60,45.69,6000 -114.56,45.91,6000 -114.63,46.15,6000 -114.70,46.37,6000 -114.72,46.49,6000 -114.67,46.64,6000 -114.55,46.77,6000 -114.30,46.74,6000 -114.06,46.68,6000 -113.95,46.80,6000 -113.95,46.95,6000 -113.96,47.13,6000 -113.94,47.33,6000 -113.83,47.52,6000 -113.72,47.69,6000 -113.64,47.89,6000 -113.65,48.04,6000 -113.69,48.21,6000 -113.75,48.37,6000 -113.82,48.51,6000 -114.01,48.67,6000 -114.25,48.82,6000 -114.38,48.93,6000 -114.52,49.08,6000 -114.69,49.26,6000 -114.86,49.47,6000 -115.05,49.69,6000 -115.19,49.91,6000 -115.17,50.14,6000 -115.13,50.38,6000 -115.24,50.62,6000 -115.36,50.85,6000 -115.39,51.08,6000 -115.37,51.31,6000 -115.33,51.42,6000 
          </coordinates>
        </LinearRing>
      </innerBoundaryIs>
      <innerBoundaryIs>
        <LinearRing>
          <coordinates>
-109.80,48.23,6000 -109.78,48.24,6000 -109.77,48.26,6000 -109.75,48.27,6000 -109.73,48.28,6000 -109.71,48.29,6000 -109.70,48.31,6000 -109.68,48.32,6000 -109.66,48.33,6000 -109.64,48.34,6000 -109.63,48.34,6000 -109.61,48.35,6000 -109.59,48.36,6000 -109.57,48.36,6000 -109.55,48.36,6000 -109.53,48.36,6000 -109.50,48.36,6000 -109.48,48.36,6000 -109.46,48.35,6000 -109.43,48.35,6000 -109.41,48.34,6000 -109.39,48.33,6000 -109.37,48.33,6000 -109.35,48.32,6000 -109.33,48.32,6000 -109.31,48.31,6000 -109.29,48.30,6000 -109.26,48.30,6000 -109.24,48.29,6000 -109.22,48.28,6000 -109.21,48.27,6000 -109.19,48.26,6000 -109.17,48.25,6000 -109.16,48.24,6000 -109.15,48.23,6000 -109.14,48.22,6000 -109.13,48.20,6000 -109.12,48.19,6000 -109.11,48.17,6000 -109.10,48.15,6000 -109.09,48.14,6000 -109.09,48.12,6000 -109.09,48.11,6000 -109.09,48.09,6000 -109.09,48.08,6000 -109.10,48.07,6000 -109.11,48.06,6000 -109.12,48.05,6000 -109.14,48.04,6000 -109.16,48.03,6000 -109.18,48.02,6000 -109.20,48.01,6000 -109.22,48.00,6000 -109.24,48.00,6000 -109.26,47.99,6000 -109.28,47.98,6000 -109.30,47.98,6000 -109.32,47.97,6000 -109.34,47.96,6000 -109.36,47.96,6000 -109.39,47.95,6000 -109.41,47.95,6000 -109.43,47.94,6000 -109.46,47.94,6000 -109.48,47.94,6000 -109.50,47.94,6000 -109.52,47.94,6000 -109.54,47.95,6000 -109.56,47.96,6000 -109.58,47.96,6000 -109.61,47.97,6000 -109.63,47.98,6000 -109.65,47.99,6000 -109.67,48.00,6000 -109.69,48.01,6000 -109.70,48.02,6000 -109.72,48.03,6000 -109.73,48.04,6000 -109.75,48.05,6000 -109.76,48.06,6000 -109.77,48.08,6000 -109.77,48.09,6000 -109.78,48.10,6000 -109.79,48.11,6000 -109.79,48.13,6000 -109.80,48.14,6000 -109.81,48.15,6000 -109.82,48.17,6000 -109.82,48.18,6000 -109.83,48.20,6000 -109.80,48.23,6000 
          </coordinates>
        </LinearRing>
      </innerBoundaryIs>
  </Polygon>
 </MultiGeometry>
</Placemark>
<Placemark>
  <name>40%</name>
  <visibility>1</visibility>
  <styleUrl>#poly_40</styleUrl>
  <MultiGeometry>
    <Polygon>
      <outerBoundaryIs>
        <LinearRing>
          <coordinates>
-118.90,37.34,5000 -118.88,37.34,5000 -118.85,37.34,5000 -118.83,37.34,5000 -118.81,37.34,5000 -118.79,37.34,5000 -118.77,37.34,5000 -118.75,37.34,5000 -118.73,37.34,5000 -118.71,37.33,5000 -118.70,37.33,5000 -118.68,37.33,5000 -118.67,37.33,5000 -118.65,37.33,5000 -118.65,37.32,5000 -118.64,37.30,5000 -118.63,37.29,5000 -118.62,37.28,5000 -118.62,37.27,5000 -118.60,37.26,5000 -118.59,37.25,5000 -118.58,37.23,5000 -118.57,37.22,5000 -118.56,37.20,5000 -118.55,37.19,5000 -118.54,37.17,5000 -118.53,37.16,5000 -118.52,37.14,5000 -118.52,37.13,5000 -118.52,37.11,5000 -118.52,37.10,5000 -118.52,37.08,5000 -118.52,37.07,5000 -118.53,37.05,5000 -118.53,37.03,5000 -118.54,37.02,5000 -118.54,37.00,5000 -118.55,36.99,5000 -118.55,36.97,5000 -118.56,36.96,5000 -118.56,36.95,5000 -118.57,36.92,5000 -118.57,36.91,5000 -118.58,36.91,5000 -118.57,36.91,5000 -118.59,36.94,5000 -118.60,36.95,5000 -118.61,36.95,5000 -118.62,36.96,5000 -118.64,36.97,5000 -118.65,36.98,5000 -118.67,37.00,5000 -118.69,37.01,5000 -118.71,37.02,5000 -118.72,37.03,5000 -118.74,37.04,5000 -118.76,37.05,5000 -118.77,37.06,5000 -118.79,37.07,5000 -118.80,37.08,5000 -118.81,37.09,5000 -118.83,37.11,5000 -118.84,37.12,5000 -118.85,37.13,5000 -118.85,37.15,5000 -118.86,37.16,5000 -118.87,37.17,5000 -118.87,37.19,5000 -118.88,37.20,5000 -118.89,37.21,5000 -118.90,37.23,5000 -118.90,37.24,5000 -118.91,37.26,5000 -118.90,37.34,5000 
          </coordinates>
        </LinearRing>
      </outerBoundaryIs>
  </Polygon>
 </MultiGeometry>
</Placemark>
<Placemark>
  <name>50%</name>
  <visibility>1</visibility>
  <styleUrl>#poly_50</styleUrl>
  <MultiGeometry>
    <Polygon>
      <outerBoundaryIs>
        <LinearRing>
          <coordinates>
-116.31,50.08,6000 -116.29,50.07,6000 -116.28,50.07,6000 -116.26,50.06,6000 -116.25,50.05,6000 -116.24,50.05,6000 -116.22,50.04,6000 -116.21,50.03,6000 -116.20,50.03,6000 -116.19,50.02,6000 -116.18,50.01,6000 -116.17,50.00,6000 -116.16,49.99,6000 -116.16,49.98,6000 -116.16,49.97,6000 -116.16,49.96,6000 -116.16,49.95,6000 -116.16,49.94,6000 -116.16,49.93,6000 -116.17,49.91,6000 -116.17,49.90,6000 -116.17,49.89,6000 -116.18,49.88,6000 -116.18,49.87,6000 -116.19,49.85,6000 -116.19,49.84,6000 -116.20,49.83,6000 -116.20,49.82,6000 -116.21,49.82,6000 -116.21,49.81,6000 -116.22,49.79,6000 -116.22,49.79,6000 -116.23,49.79,6000 -116.24,49.79,6000 -116.25,49.78,6000 -116.27,49.80,6000 -116.27,49.81,6000 -116.28,49.81,6000 -116.29,49.82,6000 -116.29,49.83,6000 -116.30,49.83,6000 -116.30,49.84,6000 -116.31,49.85,6000 -116.32,49.86,6000 -116.33,49.87,6000 -116.33,49.88,6000 -116.34,49.89,6000 -116.35,49.90,6000 -116.36,49.91,6000 -116.37,49.93,6000 -116.37,49.94,6000 -116.38,49.95,6000 -116.39,49.96,6000 -116.31,50.08,6000 
          </coordinates>
        </LinearRing>
      </outerBoundaryIs>
  </Polygon>
 </MultiGeometry>
</Placemark>
<Placemark>
  <name>50%</name>
  <visibility>1</visibility>
  <styleUrl>#poly_50</styleUrl>
  <MultiGeometry>
    <Polygon>
      <outerBoundaryIs>
        <LinearRing>
          <coordinates>
-115.33,51.42,6000 -115.07,51.46,6000 -114.86,51.49,6000 -114.61,51.46,6000 -114.54,51.32,6000 -114.51,51.15,6000 -114.48,50.97,6000 -114.39,50.82,6000 -114.32,50.69,6000 -114.24,50.56,6000 -114.05,50.35,6000 -113.88,50.17,6000 -113.70,50.00,6000 -113.43,49.82,6000 -113.15,49.75,6000 -112.91,49.70,6000 -112.62,49.63,6000 -112.36,49.56,6000 -112.09,49.45,6000 -111.84,49.34,6000 -111.52,49.24,6000 -111.23,49.15,6000 -110.97,49.02,6000 -110.85,48.82,6000 -110.88,48.66,6000 -110.94,48.47,6000 -110.94,48.30,6000 -110.78,48.11,6000 -110.54,47.95,6000 -110.27,47.80,6000 -110.01,47.68,6000 -109.73,47.56,6000 -109.46,47.53,6000 -109.25,47.49,6000 -109.05,47.44,6000 -108.81,47.27,6000 -108.73,47.13,6000 -108.69,46.99,6000 -108.71,46.86,6000 -108.80,46.74,6000 -109.03,46.62,6000 -109.28,46.52,6000 -109.48,46.45,6000 -109.60,46.37,6000 -109.52,46.22,6000 -109.49,46.05,6000 -109.72,45.98,6000 -110.03,45.91,6000 -110.18,45.80,6000 -110.07,45.66,6000 -109.83,45.49,6000 -109.57,45.31,6000 -109.41,45.17,6000 -109.39,45.00,6000 -109.50,44.91,6000 -109.73,44.85,6000 -109.94,44.94,6000 -110.23,45.07,6000 -110.52,45.19,6000 -110.78,45.24,6000 -110.88,45.18,6000 -111.10,45.03,6000 -111.24,44.96,6000 -111.47,44.90,6000 -111.75,44.88,6000 -112.08,44.86,6000 -112.39,44.83,6000 -112.73,44.71,6000 -113.04,44.69,6000 -113.22,44.82,6000 -113.42,45.02,6000 -113.61,45.22,6000 -113.76,45.38,6000 -114.01,45.55,6000 -114.25,45.55,6000 -114.48,45.55,6000 -114.60,45.69,6000 -114.56,45.91,6000 -114.63,46.15,6000 -114.70,46.37,6000 -114.72,46.49,6000 -114.67,46.64,6000 -114.55,46.77,6000 -114.30,46.74,6000 -114.06,46.68,6000 -113.95,46.80,6000 -113.95,46.95,6000 -113.96,47.13,6000 -113.94,47.33,6000 -113.83,47.52,6000 -113.72,47.69,6000 -113.64,47.89,6000 -113.65,48.04,6000 -113.69,48.21,6000 -113.75,48.37,6000 -113.82,48.51,6000 -114.01,48.67,6000 -114.25,48.82,6000 -114.38,48.93,6000 -114.52,49.08,6000 -114.69,49.26,6000 -114.86,49.47,6000 -115.05,49.69,6000 -115.19,49.91,6000 -115.17,50.14,6000 -115.13,50.38,6000 -115.24,50.62,6000 -115.36,50.85,6000 -115.39,51.08,6000 -115.37,51.31,6000 -115.33,51.42,6000 
          </coordinates>
        </LinearRing>
      </outerBoundaryIs>
      <innerBoundaryIs>
        <LinearRing>
          <coordinates>
-115.03,51.27,7000 -114.82,51.05,7000 -114.62,50.84,7000 -114.42,50.63,7000 -114.24,50.43,7000 -114.07,50.25,7000 -113.91,50.09,7000 -113.78,49.95,7000 -113.67,49.84,7000 -113.41,49.71,7000 -113.24,49.67,7000 -113.03,49.63,7000 -112.72,49.57,7000 -112.38,49.48,7000 -112.10,49.36,7000 -111.83,49.24,7000 -111.53,49.16,7000 -111.27,49.09,7000 -111.07,48.98,7000 -111.00,48.83,7000 -111.08,48.71,7000 -111.24,48.65,7000 -111.39,48.58,7000 -111.36,48.41,7000 -111.21,48.29,7000 -110.99,48.13,7000 -110.75,47.96,7000 -110.51,47.81,7000 -110.27,47.67,7000 -110.00,47.54,7000 -109.76,47.42,7000 -109.56,47.34,7000 -109.34,47.30,7000 -109.20,47.30,7000 -108.98,47.15,7000 -108.90,47.00,7000 -108.93,46.86,7000 -109.06,46.71,7000 -109.29,46.66,7000 -109.60,46.62,7000 -109.83,46.53,7000 -109.91,46.38,7000 -109.92,46.19,7000 -109.97,46.03,7000 -110.25,45.88,7000 -110.52,45.77,7000 -110.57,45.64,7000 -110.47,45.59,7000 -110.30,45.58,7000 -110.12,45.57,7000 -109.87,45.46,7000 -109.74,45.37,7000 -109.62,45.28,7000 -109.49,45.11,7000 -109.62,44.96,7000 -109.83,44.97,7000 -109.99,45.02,7000 -110.14,45.08,7000 -110.33,45.17,7000 -110.49,45.27,7000 -110.58,45.42,7000 -110.76,45.39,7000 -110.95,45.26,7000 -111.15,45.11,7000 -111.41,44.99,7000 -111.59,44.96,7000 -111.81,44.94,7000 -112.13,44.92,7000 -112.44,44.92,7000 -112.71,44.96,7000 -112.96,45.05,7000 -113.15,45.05,7000 -113.34,45.14,7000 -113.53,45.30,7000 -113.64,45.41,7000 -113.75,45.52,7000 -114.00,45.65,7000 -114.31,45.72,7000 -114.41,45.84,7000 -114.42,45.97,7000 -114.44,46.13,7000 -114.53,46.28,7000 -114.61,46.43,7000 -114.54,46.66,7000 -114.23,46.65,7000 -114.05,46.46,7000 -113.91,46.56,7000 -113.79,46.78,7000 -113.80,46.95,7000 -113.83,47.07,7000 -113.85,47.21,7000 -113.80,47.36,7000 -113.72,47.54,7000 -113.63,47.76,7000 -113.56,47.98,7000 -113.58,48.13,7000 -113.64,48.27,7000 -113.72,48.44,7000 -113.83,48.60,7000 -114.02,48.74,7000 -114.22,48.88,7000 -114.40,49.04,7000 -114.55,49.19,7000 -114.66,49.30,7000 -114.74,49.41,7000 -114.81,49.55,7000 -114.86,49.70,7000 -114.91,49.84,7000 -114.96,49.99,7000 -114.97,50.15,7000 -115.00,50.32,7000 -115.09,50.51,7000 -115.19,50.68,7000 -115.25,50.81,7000 -115.27,50.92,7000 -115.21,51.07,7000 -115.03,51.27,7000 
          </coordinates>
        </LinearRing>
      </innerBoundaryIs>
      <innerBoundaryIs>
        <LinearRing>
          <coordinates>
-114.20,46.38,7000 -114.18,46.37,7000 -114.16,46.37,7000 -114.14,46.36,7000 -114.12,46.35,7000 -114.11,46.35,7000 -114.09,46.34,7000 -114.08,46.32,7000 -114.07,46.31,7000 -114.06,46.30,7000 -114.06,46.29,7000 -114.06,46.27,7000 -114.06,46.26,7000 -114.05,46.25,7000 -114.05,46.23,7000 -114.05,46.22,7000 -114.05,46.20,7000 -114.05,46.18,7000 -114.06,46.17,7000 -114.06,46.15,7000 -114.06,46.14,7000 -114.06,46.12,7000 -114.06,46.11,7000 -114.07,46.09,7000 -114.07,46.07,7000 -114.07,46.05,7000 -114.08,46.04,7000 -114.08,46.02,7000 -114.09,46.00,7000 -114.09,45.99,7000 -114.10,45.98,7000 -114.11,45.97,7000 -114.12,45.97,7000 -114.13,45.97,7000 -114.15,45.97,7000 -114.16,45.98,7000 -114.18,45.99,7000 -114.20,46.00,7000 -114.22,46.01,7000 -114.24,46.02,7000 -114.25,46.04,7000 -114.27,46.05,7000 -114.29,46.07,7000 -114.30,46.08,7000 -114.31,46.10,7000 -114.32,46.11,7000 -114.32,46.12,7000 -114.33,46.14,7000 -114.33,46.15,7000 -114.33,46.17,7000 -114.32,46.18,7000 -114.32,46.20,7000 -114.31,46.21,7000 -114.31,46.23,7000 -114.30,46.24,7000 -114.29,46.26,7000 -114.28,46.27,7000 -114.27,46.29,7000 -114.20,46.38,7000 
          </coordinates>
        </LinearRing>
      </innerBoundaryIs>
  </Polygon>
 </MultiGeometry>
</Placemark>
<Placemark>
  <name>50%</name>
  <visibility>1</visibility>
  <styleUrl>#poly_50</styleUrl>
  <MultiGeometry>
    <Polygon>
      <outerBoundaryIs>
        <LinearRing>
          <coordinates>
-109.76,43.27,6000 -109.75,43.27,6000 -109.73,43.27,6000 -109.72,43.27,6000 -109.71,43.26,6000 -109.69,43.26,6000 -109.68,43.26,6000 -109.67,43.26,6000 -109.65,43.26,6000 -109.64,43.26,6000 -109.63,43.26,6000 -109.62,43.25,6000 -109.61,43.25,6000 -109.60,43.25,6000 -109.59,43.25,6000 -109.57,43.25,6000 -109.56,43.24,6000 -109.55,43.24,6000 -109.54,43.24,6000 -109.53,43.23,6000 -109.52,43.23,6000 -109.51,43.22,6000 -109.50,43.21,6000 -109.50,43.21,6000 -109.49,43.20,6000 -109.49,43.19,6000 -109.48,43.18,6000 -109.48,43.17,6000 -109.47,43.16,6000 -109.46,43.15,6000 -109.46,43.14,6000 -109.45,43.13,6000 -109.45,43.12,6000 -109.45,43.11,6000 -109.44,43.11,6000 -109.44,43.10,6000 -109.44,43.09,6000 -109.44,43.08,6000 -109.44,43.07,6000 -109.44,43.05,6000 -109.44,43.04,6000 -109.44,43.03,6000 -109.45,43.02,6000 -109.46,43.02,6000 -109.47,43.01,6000 -109.48,43.01,6000 -109.49,43.01,6000 -109.50,43.01,6000 -109.51,43.01,6000 -109.52,43.01,6000 -109.53,43.02,6000 -109.55,43.02,6000 -109.56,43.03,6000 -109.58,43.03,6000 -109.59,43.03,6000 -109.61,43.04,6000 -109.62,43.04,6000 -109.63,43.05,6000 -109.65,43.05,6000 -109.66,43.06,6000 -109.67,43.06,6000 -109.68,43.07,6000 -109.69,43.07,6000 -109.71,43.08,6000 -109.72,43.08,6000 -109.72,43.09,6000 -109.73,43.09,6000 -109.73,43.10,6000 -109.73,43.11,6000 -109.74,43.12,6000 -109.74,43.13,6000 -109.75,43.13,6000 -109.75,43.14,6000 -109.75,43.15,6000 -109.76,43.16,6000 -109.76,43.17,6000 -109.76,43.18,6000 -109.77,43.19,6000 -109.77,43.20,6000 -109.77,43.21,6000 -109.77,43.22,6000 -109.78,43.23,6000 -109.78,43.24,6000 -109.76,43.27,6000 
          </coordinates>
        </LinearRing>
      </outerBoundaryIs>
  </Polygon>
 </MultiGeometry>
</Placemark>
<Placemark>
  <name>50%</name>
  <visibility>1</visibility>
  <styleUrl>#poly_50</styleUrl>
  <MultiGeometry>
    <Polygon>
      <outerBoundaryIs>
        <LinearRing>
          <coordinates>
-109.80,48.23,6000 -109.78,48.24,6000 -109.77,48.26,6000 -109.75,48.27,6000 -109.73,48.28,6000 -109.71,48.29,6000 -109.70,48.31,6000 -109.68,48.32,6000 -109.66,48.33,6000 -109.64,48.34,6000 -109.63,48.34,6000 -109.61,48.35,6000 -109.59,48.36,6000 -109.57,48.36,6000 -109.55,48.36,6000 -109.53,48.36,6000 -109.50,48.36,6000 -109.48,48.36,6000 -109.46,48.35,6000 -109.43,48.35,6000 -109.41,48.34,6000 -109.39,48.33,6000 -109.37,48.33,6000 -109.35,48.32,6000 -109.33,48.32,6000 -109.31,48.31,6000 -109.29,48.30,6000 -109.26,48.30,6000 -109.24,48.29,6000 -109.22,48.28,6000 -109.21,48.27,6000 -109.19,48.26,6000 -109.17,48.25,6000 -109.16,48.24,6000 -109.15,48.23,6000 -109.14,48.22,6000 -109.13,48.20,6000 -109.12,48.19,6000 -109.11,48.17,6000 -109.10,48.15,6000 -109.09,48.14,6000 -109.09,48.12,6000 -109.09,48.11,6000 -109.09,48.09,6000 -109.09,48.08,6000 -109.10,48.07,6000 -109.11,48.06,6000 -109.12,48.05,6000 -109.14,48.04,6000 -109.16,48.03,6000 -109.18,48.02,6000 -109.20,48.01,6000 -109.22,48.00,6000 -109.24,48.00,6000 -109.26,47.99,6000 -109.28,47.98,6000 -109.30,47.98,6000 -109.32,47.97,6000 -109.34,47.96,6000 -109.36,47.96,6000 -109.39,47.95,6000 -109.41,47.95,6000 -109.43,47.94,6000 -109.46,47.94,6000 -109.48,47.94,6000 -109.50,47.94,6000 -109.52,47.94,6000 -109.54,47.95,6000 -109.56,47.96,6000 -109.58,47.96,6000 -109.61,47.97,6000 -109.63,47.98,6000 -109.65,47.99,6000 -109.67,48.00,6000 -109.69,48.01,6000 -109.70,48.02,6000 -109.72,48.03,6000 -109.73,48.04,6000 -109.75,48.05,6000 -109.76,48.06,6000 -109.77,48.08,6000 -109.77,48.09,6000 -109.78,48.10,6000 -109.79,48.11,6000 -109.79,48.13,6000 -109.80,48.14,6000 -109.81,48.15,6000 -109.82,48.17,6000 -109.82,48.18,6000 -109.83,48.20,6000 -109.80,48.23,6000 
          </coordinates>
        </LinearRing>
      </outerBoundaryIs>
  </Polygon>
 </MultiGeometry>
</Placemark>
<Placemark>
  <name>60%</name>
  <visibility>1</visibility>
  <styleUrl>#poly_60</styleUrl>
  <MultiGeometry>
    <Polygon>
      <outerBoundaryIs>
        <LinearRing>
          <coordinates>
-115.03,51.27,7000 -114.82,51.05,7000 -114.62,50.84,7000 -114.42,50.63,7000 -114.24,50.43,7000 -114.07,50.25,7000 -113.91,50.09,7000 -113.78,49.95,7000 -113.67,49.84,7000 -113.41,49.71,7000 -113.24,49.67,7000 -113.03,49.63,7000 -112.72,49.57,7000 -112.38,49.48,7000 -112.10,49.36,7000 -111.83,49.24,7000 -111.53,49.16,7000 -111.27,49.09,7000 -111.07,48.98,7000 -111.00,48.83,7000 -111.08,48.71,7000 -111.24,48.65,7000 -111.39,48.58,7000 -111.36,48.41,7000 -111.21,48.29,7000 -110.99,48.13,7000 -110.75,47.96,7000 -110.51,47.81,7000 -110.27,47.67,7000 -110.00,47.54,7000 -109.76,47.42,7000 -109.56,47.34,7000 -109.34,47.30,7000 -109.20,47.30,7000 -108.98,47.15,7000 -108.90,47.00,7000 -108.93,46.86,7000 -109.06,46.71,7000 -109.29,46.66,7000 -109.60,46.62,7000 -109.83,46.53,7000 -109.91,46.38,7000 -109.92,46.19,7000 -109.97,46.03,7000 -110.25,45.88,7000 -110.52,45.77,7000 -110.57,45.64,7000 -110.47,45.59,7000 -110.30,45.58,7000 -110.12,45.57,7000 -109.87,45.46,7000 -109.74,45.37,7000 -109.62,45.28,7000 -109.49,45.11,7000 -109.62,44.96,7000 -109.83,44.97,7000 -109.99,45.02,7000 -110.14,45.08,7000 -110.33,45.17,7000 -110.49,45.27,7000 -110.58,45.42,7000 -110.76,45.39,7000 -110.95,45.26,7000 -111.15,45.11,7000 -111.41,44.99,7000 -111.59,44.96,7000 -111.81,44.94,7000 -112.13,44.92,7000 -112.44,44.92,7000 -112.71,44.96,7000 -112.96,45.05,7000 -113.15,45.05,7000 -113.34,45.14,7000 -113.53,45.30,7000 -113.64,45.41,7000 -113.75,45.52,7000 -114.00,45.65,7000 -114.31,45.72,7000 -114.41,45.84,7000 -114.42,45.97,7000 -114.44,46.13,7000 -114.53,46.28,7000 -114.61,46.43,7000 -114.54,46.66,7000 -114.23,46.65,7000 -114.05,46.46,7000 -113.91,46.56,7000 -113.79,46.78,7000 -113.80,46.95,7000 -113.83,47.07,7000 -113.85,47.21,7000 -113.80,47.36,7000 -113.72,47.54,7000 -113.63,47.76,7000 -113.56,47.98,7000 -113.58,48.13,7000 -113.64,48.27,7000 -113.72,48.44,7000 -113.83,48.60,7000 -114.02,48.74,7000 -114.22,48.88,7000 -114.40,49.04,7000 -114.55,49.19,7000 -114.66,49.30,7000 -114.74,49.41,7000 -114.81,49.55,7000 -114.86,49.70,7000 -114.91,49.84,7000 -114.96,49.99,7000 -114.97,50.15,7000 -115.00,50.32,7000 -115.09,50.51,7000 -115.19,50.68,7000 -115.25,50.81,7000 -115.27,50.92,7000 -115.21,51.07,7000 -115.03,51.27,7000 
          </coordinates>
        </LinearRing>
      </outerBoundaryIs>
      <innerBoundaryIs>
        <LinearRing>
          <coordinates>
-114.20,46.38,7000 -114.18,46.37,7000 -114.16,46.37,7000 -114.14,46.36,7000 -114.12,46.35,7000 -114.11,46.35,7000 -114.09,46.34,7000 -114.08,46.32,7000 -114.07,46.31,7000 -114.06,46.30,7000 -114.06,46.29,7000 -114.06,46.27,7000 -114.06,46.26,7000 -114.05,46.25,7000 -114.05,46.23,7000 -114.05,46.22,7000 -114.05,46.20,7000 -114.05,46.18,7000 -114.06,46.17,7000 -114.06,46.15,7000 -114.06,46.14,7000 -114.06,46.12,7000 -114.06,46.11,7000 -114.07,46.09,7000 -114.07,46.07,7000 -114.07,46.05,7000 -114.08,46.04,7000 -114.08,46.02,7000 -114.09,46.00,7000 -114.09,45.99,7000 -114.10,45.98,7000 -114.11,45.97,7000 -114.12,45.97,7000 -114.13,45.97,7000 -114.15,45.97,7000 -114.16,45.98,7000 -114.18,45.99,7000 -114.20,46.00,7000 -114.22,46.01,7000 -114.24,46.02,7000 -114.25,46.04,7000 -114.27,46.05,7000 -114.29,46.07,7000 -114.30,46.08,7000 -114.31,46.10,7000 -114.32,46.11,7000 -114.32,46.12,7000 -114.33,46.14,7000 -114.33,46.15,7000 -114.33,46.17,7000 -114.32,46.18,7000 -114.32,46.20,7000 -114.31,46.21,7000 -114.31,46.23,7000 -114.30,46.24,7000 -114.29,46.26,7000 -114.28,46.27,7000 -114.27,46.29,7000 -114.20,46.38,7000 
          </coordinates>
        </LinearRing>
      </innerBoundaryIs>
      <innerBoundaryIs>
        <LinearRing>
          <coordinates>
-110.34,45.46,8000 -110.31,45.46,8000 -110.28,45.47,8000 -110.26,45.47,8000 -110.23,45.48,8000 -110.20,45.48,8000 -110.18,45.48,8000 -110.16,45.49,8000 -110.14,45.49,8000 -110.12,45.49,8000 -110.10,45.49,8000 -110.07,45.49,8000 -110.06,45.48,8000 -110.04,45.47,8000 -110.03,45.46,8000 -110.01,45.45,8000 -109.99,45.44,8000 -109.96,45.43,8000 -109.94,45.42,8000 -109.92,45.41,8000 -109.89,45.40,8000 -109.87,45.39,8000 -109.86,45.38,8000 -109.84,45.37,8000 -109.82,45.36,8000 -109.81,45.35,8000 -109.80,45.34,8000 -109.79,45.33,8000 -109.77,45.31,8000 -109.76,45.30,8000 -109.74,45.29,8000 -109.72,45.28,8000 -109.70,45.26,8000 -109.68,45.25,8000 -109.66,45.24,8000 -109.64,45.22,8000 -109.62,45.21,8000 -109.60,45.20,8000 -109.58,45.19,8000 -109.57,45.18,8000 -109.56,45.17,8000 -109.55,45.16,8000 -109.54,45.15,8000 -109.56,45.13,8000 -109.57,45.12,8000 -109.59,45.12,8000 -109.60,45.11,8000 -109.62,45.10,8000 -109.64,45.08,8000 -109.66,45.07,8000 -109.68,45.06,8000 -109.70,45.05,8000 -109.73,45.04,8000 -109.75,45.04,8000 -109.77,45.03,8000 -109.79,45.03,8000 -109.81,45.03,8000 -109.83,45.03,8000 -109.86,45.04,8000 -109.88,45.05,8000 -109.90,45.05,8000 -109.93,45.06,8000 -109.95,45.07,8000 -109.97,45.08,8000 -109.99,45.09,8000 -110.01,45.10,8000 -110.03,45.11,8000 -110.04,45.11,8000 -110.06,45.11,8000 -110.08,45.12,8000 -110.09,45.13,8000 -110.11,45.13,8000 -110.13,45.14,8000 -110.15,45.16,8000 -110.17,45.17,8000 -110.19,45.18,8000 -110.22,45.19,8000 -110.24,45.20,8000 -110.26,45.21,8000 -110.28,45.22,8000 -110.30,45.23,8000 -110.31,45.24,8000 -110.34,45.25,8000 -110.35,45.25,8000 -110.36,45.27,8000 -110.36,45.28,8000 -110.36,45.29,8000 -110.37,45.31,8000 -110.37,45.32,8000 -110.37,45.34,8000 -110.37,45.36,8000 -110.37,45.38,8000 -110.37,45.40,8000 -110.37,45.42,8000 -110.37,45.44,8000 -110.34,45.46,8000 
          </coordinates>
        </LinearRing>
      </innerBoundaryIs>
      <innerBoundaryIs>
        <LinearRing>
          <coordinates>
-114.97,51.02,8000 -114.80,50.82,8000 -114.63,50.63,8000 -114.46,50.44,8000 -114.30,50.25,8000 -114.13,50.09,8000 -113.97,49.93,8000 -113.80,49.80,8000 -113.64,49.68,8000 -113.36,49.55,8000 -113.07,49.47,8000 -112.79,49.43,8000 -112.54,49.40,8000 -112.34,49.36,8000 -112.12,49.26,8000 -112.00,49.19,8000 -111.73,49.11,8000 -111.46,49.04,8000 -111.17,48.94,8000 -111.21,48.80,8000 -111.46,48.69,8000 -111.69,48.57,8000 -111.59,48.41,8000 -111.36,48.25,8000 -111.20,48.12,8000 -111.02,47.98,8000 -110.83,47.85,8000 -110.65,47.75,8000 -110.39,47.65,8000 -110.16,47.50,8000 -110.00,47.34,8000 -109.85,47.18,8000 -109.75,47.06,8000 -109.65,46.98,8000 -109.35,46.99,8000 -109.49,46.90,8000 -109.74,46.77,8000 -109.99,46.62,8000 -110.16,46.49,8000 -110.20,46.25,8000 -110.17,46.06,8000 -110.29,45.97,8000 -110.46,45.95,8000 -110.65,45.98,8000 -110.82,46.04,8000 -111.00,46.13,8000 -111.15,46.24,8000 -111.33,46.39,8000 -111.47,46.47,8000 -111.60,46.27,8000 -111.60,46.15,8000 -111.57,46.02,8000 -111.54,45.90,8000 -111.50,45.79,8000 -111.36,45.66,8000 -111.19,45.63,8000 -111.03,45.58,8000 -111.01,45.37,8000 -111.20,45.21,8000 -111.46,45.11,8000 -111.71,45.13,8000 -111.97,45.16,8000 -112.27,45.20,8000 -112.35,45.32,8000 -112.41,45.44,8000 -112.59,45.44,8000 -112.70,45.37,8000 -112.84,45.29,8000 -113.03,45.22,8000 -113.22,45.21,8000 -113.34,45.32,8000 -113.46,45.48,8000 -113.64,45.61,8000 -113.80,45.72,8000 -113.94,45.86,8000 -113.89,46.07,8000 -113.86,46.22,8000 -113.83,46.40,8000 -113.80,46.54,8000 -113.70,46.68,8000 -113.60,46.83,8000 -113.60,47.01,8000 -113.65,47.14,8000 -113.69,47.26,8000 -113.67,47.39,8000 -113.59,47.60,8000 -113.50,47.81,8000 -113.47,48.00,8000 -113.50,48.13,8000 -113.56,48.28,8000 -113.67,48.48,8000 -113.83,48.68,8000 -114.04,48.84,8000 -114.26,48.99,8000 -114.44,49.14,8000 -114.58,49.29,8000 -114.67,49.46,8000 -114.73,49.67,8000 -114.78,49.86,8000 -114.82,50.07,8000 -114.86,50.25,8000 -114.89,50.39,8000 -114.92,50.49,8000 -114.99,50.63,8000 -115.09,50.77,8000 -114.97,51.02,8000 
          </coordinates>
        </LinearRing>
      </innerBoundaryIs>
  </Polygon>
 </MultiGeometry>
</Placemark>
<Placemark>
  <name>70%</name>
  <visibility>1</visibility>
  <styleUrl>#poly_70</styleUrl>
  <MultiGeometry>
    <Polygon>
      <outerBoundaryIs>
        <LinearRing>
          <coordinates>
-110.34,45.46,8000 -110.31,45.46,8000 -110.28,45.47,8000 -110.26,45.47,8000 -110.23,45.48,8000 -110.20,45.48,8000 -110.18,45.48,8000 -110.16,45.49,8000 -110.14,45.49,8000 -110.12,45.49,8000 -110.10,45.49,8000 -110.07,45.49,8000 -110.06,45.48,8000 -110.04,45.47,8000 -110.03,45.46,8000 -110.01,45.45,8000 -109.99,45.44,8000 -109.96,45.43,8000 -109.94,45.42,8000 -109.92,45.41,8000 -109.89,45.40,8000 -109.87,45.39,8000 -109.86,45.38,8000 -109.84,45.37,8000 -109.82,45.36,8000 -109.81,45.35,8000 -109.80,45.34,8000 -109.79,45.33,8000 -109.77,45.31,8000 -109.76,45.30,8000 -109.74,45.29,8000 -109.72,45.28,8000 -109.70,45.26,8000 -109.68,45.25,8000 -109.66,45.24,8000 -109.64,45.22,8000 -109.62,45.21,8000 -109.60,45.20,8000 -109.58,45.19,8000 -109.57,45.18,8000 -109.56,45.17,8000 -109.55,45.16,8000 -109.54,45.15,8000 -109.56,45.13,8000 -109.57,45.12,8000 -109.59,45.12,8000 -109.60,45.11,8000 -109.62,45.10,8000 -109.64,45.08,8000 -109.66,45.07,8000 -109.68,45.06,8000 -109.70,45.05,8000 -109.73,45.04,8000 -109.75,45.04,8000 -109.77,45.03,8000 -109.79,45.03,8000 -109.81,45.03,8000 -109.83,45.03,8000 -109.86,45.04,8000 -109.88,45.05,8000 -109.90,45.05,8000 -109.93,45.06,8000 -109.95,45.07,8000 -109.97,45.08,8000 -109.99,45.09,8000 -110.01,45.10,8000 -110.03,45.11,8000 -110.04,45.11,8000 -110.06,45.11,8000 -110.08,45.12,8000 -110.09,45.13,8000 -110.11,45.13,8000 -110.13,45.14,8000 -110.15,45.16,8000 -110.17,45.17,8000 -110.19,45.18,8000 -110.22,45.19,8000 -110.24,45.20,8000 -110.26,45.21,8000 -110.28,45.22,8000 -110.30,45.23,8000 -110.31,45.24,8000 -110.34,45.25,8000 -110.35,45.25,8000 -110.36,45.27,8000 -110.36,45.28,8000 -110.36,45.29,8000 -110.37,45.31,8000 -110.37,45.32,8000 -110.37,45.34,8000 -110.37,45.36,8000 -110.37,45.38,8000 -110.37,45.40,8000 -110.37,45.42,8000 -110.37,45.44,8000 -110.34,45.46,8000 
          </coordinates>
        </LinearRing>
      </outerBoundaryIs>
      <innerBoundaryIs>
        <LinearRing>
          <coordinates>
-110.08,45.36,9000 -110.07,45.36,9000 -110.06,45.35,9000 -110.04,45.35,9000 -110.03,45.34,9000 -110.02,45.34,9000 -110.01,45.33,9000 -110.00,45.33,9000 -109.98,45.32,9000 -109.97,45.32,9000 -109.96,45.32,9000 -109.95,45.31,9000 -109.94,45.31,9000 -109.93,45.30,9000 -109.92,45.29,9000 -109.91,45.29,9000 -109.90,45.28,9000 -109.89,45.27,9000 -109.88,45.27,9000 -109.87,45.26,9000 -109.86,45.25,9000 -109.85,45.25,9000 -109.84,45.24,9000 -109.84,45.23,9000 -109.83,45.23,9000 -109.82,45.22,9000 -109.81,45.21,9000 -109.80,45.20,9000 -109.79,45.20,9000 -109.78,45.19,9000 -109.77,45.18,9000 -109.76,45.18,9000 -109.75,45.17,9000 -109.75,45.16,9000 -109.74,45.16,9000 -109.74,45.15,9000 -109.74,45.14,9000 -109.75,45.13,9000 -109.76,45.13,9000 -109.77,45.12,9000 -109.78,45.12,9000 -109.79,45.11,9000 -109.80,45.11,9000 -109.81,45.11,9000 -109.82,45.11,9000 -109.82,45.11,9000 -109.83,45.12,9000 -109.84,45.12,9000 -109.85,45.13,9000 -109.87,45.14,9000 -109.88,45.14,9000 -109.89,45.15,9000 -109.90,45.15,9000 -109.91,45.16,9000 -109.92,45.16,9000 -109.93,45.17,9000 -109.94,45.17,9000 -109.95,45.18,9000 -109.96,45.18,9000 -109.97,45.19,9000 -109.99,45.20,9000 -110.00,45.20,9000 -110.01,45.21,9000 -110.02,45.21,9000 -110.03,45.22,9000 -110.04,45.22,9000 -110.05,45.23,9000 -110.06,45.23,9000 -110.07,45.24,9000 -110.09,45.24,9000 -110.10,45.25,9000 -110.11,45.25,9000 -110.12,45.26,9000 -110.13,45.26,9000 -110.14,45.27,9000 -110.15,45.27,9000 -110.16,45.28,9000 -110.17,45.28,9000 -110.08,45.36,9000 
          </coordinates>
        </LinearRing>
      </innerBoundaryIs>
  </Polygon>
 </MultiGeometry>
</Placemark>
<Placemark>
  <name>70%</name>
  <visibility>1</visibility>
  <styleUrl>#poly_70</styleUrl>
  <MultiGeometry>
    <Polygon>
      <outerBoundaryIs>
        <LinearRing>
          <coordinates>
-114.97,51.02,8000 -114.80,50.82,8000 -114.63,50.63,8000 -114.46,50.44,8000 -114.30,50.25,8000 -114.13,50.09,8000 -113.97,49.93,8000 -113.80,49.80,8000 -113.64,49.68,8000 -113.36,49.55,8000 -113.07,49.47,8000 -112.79,49.43,8000 -112.54,49.40,8000 -112.34,49.36,8000 -112.12,49.26,8000 -112.00,49.19,8000 -111.73,49.11,8000 -111.46,49.04,8000 -111.17,48.94,8000 -111.21,48.80,8000 -111.46,48.69,8000 -111.69,48.57,8000 -111.59,48.41,8000 -111.36,48.25,8000 -111.20,48.12,8000 -111.02,47.98,8000 -110.83,47.85,8000 -110.65,47.75,8000 -110.39,47.65,8000 -110.16,47.50,8000 -110.00,47.34,8000 -109.85,47.18,8000 -109.75,47.06,8000 -109.65,46.98,8000 -109.35,46.99,8000 -109.49,46.90,8000 -109.74,46.77,8000 -109.99,46.62,8000 -110.16,46.49,8000 -110.20,46.25,8000 -110.17,46.06,8000 -110.29,45.97,8000 -110.46,45.95,8000 -110.65,45.98,8000 -110.82,46.04,8000 -111.00,46.13,8000 -111.15,46.24,8000 -111.33,46.39,8000 -111.47,46.47,8000 -111.60,46.27,8000 -111.60,46.15,8000 -111.57,46.02,8000 -111.54,45.90,8000 -111.50,45.79,8000 -111.36,45.66,8000 -111.19,45.63,8000 -111.03,45.58,8000 -111.01,45.37,8000 -111.20,45.21,8000 -111.46,45.11,8000 -111.71,45.13,8000 -111.97,45.16,8000 -112.27,45.20,8000 -112.35,45.32,8000 -112.41,45.44,8000 -112.59,45.44,8000 -112.70,45.37,8000 -112.84,45.29,8000 -113.03,45.22,8000 -113.22,45.21,8000 -113.34,45.32,8000 -113.46,45.48,8000 -113.64,45.61,8000 -113.80,45.72,8000 -113.94,45.86,8000 -113.89,46.07,8000 -113.86,46.22,8000 -113.83,46.40,8000 -113.80,46.54,8000 -113.70,46.68,8000 -113.60,46.83,8000 -113.60,47.01,8000 -113.65,47.14,8000 -113.69,47.26,8000 -113.67,47.39,8000 -113.59,47.60,8000 -113.50,47.81,8000 -113.47,48.00,8000 -113.50,48.13,8000 -113.56,48.28,8000 -113.67,48.48,8000 -113.83,48.68,8000 -114.04,48.84,8000 -114.26,48.99,8000 -114.44,49.14,8000 -114.58,49.29,8000 -114.67,49.46,8000 -114.73,49.67,8000 -114.78,49.86,8000 -114.82,50.07,8000 -114.86,50.25,8000 -114.89,50.39,8000 -114.92,50.49,8000 -114.99,50.63,8000 -115.09,50.77,8000 -114.97,51.02,8000 
          </coordinates>
        </LinearRing>
      </outerBoundaryIs>
      <innerBoundaryIs>
        <LinearRing>
          <coordinates>
-114.56,50.36,9000 -114.40,50.27,9000 -114.27,50.15,9000 -114.17,49.97,9000 -114.10,49.80,9000 -113.97,49.66,9000 -113.77,49.56,9000 -113.56,49.51,9000 -113.33,49.47,9000 -113.13,49.44,9000 -112.92,49.40,9000 -112.69,49.34,9000 -112.46,49.27,9000 -112.25,49.17,9000 -112.07,49.06,9000 -111.91,48.97,9000 -111.82,48.88,9000 -111.88,48.75,9000 -111.95,48.61,9000 -111.89,48.48,9000 -111.75,48.34,9000 -111.58,48.20,9000 -111.38,48.05,9000 -111.22,47.92,9000 -111.11,47.82,9000 -111.04,47.76,9000 -110.83,47.68,9000 -110.63,47.62,9000 -110.42,47.54,9000 -110.27,47.44,9000 -110.16,47.31,9000 -110.07,47.15,9000 -110.01,47.00,9000 -110.02,46.82,9000 -110.13,46.70,9000 -110.32,46.58,9000 -110.54,46.47,9000 -110.73,46.40,9000 -110.91,46.38,9000 -111.09,46.44,9000 -111.26,46.51,9000 -111.44,46.56,9000 -111.59,46.56,9000 -111.69,46.47,9000 -111.76,46.31,9000 -111.80,46.17,9000 -111.82,46.02,9000 -111.81,45.87,9000 -111.70,45.73,9000 -111.56,45.61,9000 -111.58,45.52,9000 -111.75,45.50,9000 -112.01,45.49,9000 -112.31,45.49,9000 -112.59,45.50,9000 -112.80,45.49,9000 -112.99,45.41,9000 -113.06,45.37,9000 -113.19,45.48,9000 -113.33,45.63,9000 -113.50,45.73,9000 -113.65,45.83,9000 -113.73,45.99,9000 -113.77,46.17,9000 -113.76,46.33,9000 -113.70,46.48,9000 -113.60,46.63,9000 -113.47,46.75,9000 -113.34,46.81,9000 -113.22,46.85,9000 -113.15,46.94,9000 -113.14,47.04,9000 -113.28,47.13,9000 -113.43,47.22,9000 -113.48,47.33,9000 -113.49,47.43,9000 -113.46,47.57,9000 -113.42,47.68,9000 -113.38,47.81,9000 -113.36,47.95,9000 -113.38,48.09,9000 -113.43,48.23,9000 -113.48,48.35,9000 -113.54,48.47,9000 -113.66,48.60,9000 -113.79,48.72,9000 -113.97,48.87,9000 -114.15,49.02,9000 -114.29,49.14,9000 -114.44,49.28,9000 -114.51,49.40,9000 -114.53,49.52,9000 -114.53,49.67,9000 -114.53,49.81,9000 -114.55,49.95,9000 -114.58,50.10,9000 -114.61,50.24,9000 -114.56,50.36,9000 
          </coordinates>
        </LinearRing>
      </innerBoundaryIs>
  </Polygon>
 </MultiGeometry>
</Placemark>
<Placemark>
  <name>80%</name>
  <visibility>1</visibility>
  <styleUrl>#poly_80</styleUrl>
  <MultiGeometry>
    <Polygon>
      <outerBoundaryIs>
        <LinearRing>
          <coordinates>
-114.56,50.36,9000 -114.40,50.27,9000 -114.27,50.15,9000 -114.17,49.97,9000 -114.10,49.80,9000 -113.97,49.66,9000 -113.77,49.56,9000 -113.56,49.51,9000 -113.33,49.47,9000 -113.13,49.44,9000 -112.92,49.40,9000 -112.69,49.34,9000 -112.46,49.27,9000 -112.25,49.17,9000 -112.07,49.06,9000 -111.91,48.97,9000 -111.82,48.88,9000 -111.88,48.75,9000 -111.95,48.61,9000 -111.89,48.48,9000 -111.75,48.34,9000 -111.58,48.20,9000 -111.38,48.05,9000 -111.22,47.92,9000 -111.11,47.82,9000 -111.04,47.76,9000 -110.83,47.68,9000 -110.63,47.62,9000 -110.42,47.54,9000 -110.27,47.44,9000 -110.16,47.31,9000 -110.07,47.15,9000 -110.01,47.00,9000 -110.02,46.82,9000 -110.13,46.70,9000 -110.32,46.58,9000 -110.54,46.47,9000 -110.73,46.40,9000 -110.91,46.38,9000 -111.09,46.44,9000 -111.26,46.51,9000 -111.44,46.56,9000 -111.59,46.56,9000 -111.69,46.47,9000 -111.76,46.31,9000 -111.80,46.17,9000 -111.82,46.02,9000 -111.81,45.87,9000 -111.70,45.73,9000 -111.56,45.61,9000 -111.58,45.52,9000 -111.75,45.50,9000 -112.01,45.49,9000 -112.31,45.49,9000 -112.59,45.50,9000 -112.80,45.49,9000 -112.99,45.41,9000 -113.06,45.37,9000 -113.19,45.48,9000 -113.33,45.63,9000 -113.50,45.73,9000 -113.65,45.83,9000 -113.73,45.99,9000 -113.77,46.17,9000 -113.76,46.33,9000 -113.70,46.48,9000 -113.60,46.63,9000 -113.47,46.75,9000 -113.34,46.81,9000 -113.22,46.85,9000 -113.15,46.94,9000 -113.14,47.04,9000 -113.28,47.13,9000 -113.43,47.22,9000 -113.48,47.33,9000 -113.49,47.43,9000 -113.46,47.57,9000 -113.42,47.68,9000 -113.38,47.81,9000 -113.36,47.95,9000 -113.38,48.09,9000 -113.43,48.23,9000 -113.48,48.35,9000 -113.54,48.47,9000 -113.66,48.60,9000 -113.79,48.72,9000 -113.97,48.87,9000 -114.15,49.02,9000 -114.29,49.14,9000 -114.44,49.28,9000 -114.51,49.40,9000 -114.53,49.52,9000 -114.53,49.67,9000 -114.53,49.81,9000 -114.55,49.95,9000 -114.58,50.10,9000 -114.61,50.24,9000 -114.56,50.36,9000 
          </coordinates>
        </LinearRing>
      </outerBoundaryIs>
      <innerBoundaryIs>
        <LinearRing>
          <coordinates>
-114.09,49.39,10000 -113.91,49.37,10000 -113.73,49.35,10000 -113.55,49.33,10000 -113.38,49.30,10000 -113.21,49.27,10000 -113.05,49.24,10000 -112.89,49.21,10000 -112.76,49.16,10000 -112.61,49.07,10000 -112.49,48.97,10000 -112.40,48.87,10000 -112.35,48.74,10000 -112.31,48.62,10000 -112.27,48.55,10000 -112.21,48.47,10000 -112.10,48.36,10000 -112.01,48.28,10000 -111.91,48.17,10000 -111.80,48.06,10000 -111.67,47.95,10000 -111.54,47.84,10000 -111.40,47.74,10000 -111.24,47.66,10000 -111.06,47.58,10000 -110.86,47.51,10000 -110.68,47.44,10000 -110.52,47.37,10000 -110.40,47.31,10000 -110.28,47.20,10000 -110.25,47.11,10000 -110.25,47.02,10000 -110.24,46.89,10000 -110.29,46.78,10000 -110.39,46.73,10000 -110.52,46.68,10000 -110.65,46.65,10000 -110.78,46.61,10000 -110.93,46.59,10000 -111.09,46.62,10000 -111.29,46.66,10000 -111.46,46.69,10000 -111.66,46.67,10000 -111.80,46.61,10000 -111.85,46.53,10000 -111.88,46.43,10000 -111.90,46.34,10000 -111.91,46.25,10000 -111.95,46.17,10000 -112.06,46.08,10000 -112.22,45.98,10000 -112.37,45.90,10000 -112.54,45.82,10000 -112.69,45.76,10000 -112.88,45.71,10000 -113.03,45.70,10000 -113.13,45.75,10000 -113.21,45.82,10000 -113.33,45.88,10000 -113.45,45.96,10000 -113.54,46.06,10000 -113.59,46.18,10000 -113.58,46.29,10000 -113.55,46.41,10000 -113.51,46.50,10000 -113.44,46.55,10000 -113.33,46.58,10000 -113.16,46.64,10000 -112.99,46.71,10000 -112.87,46.81,10000 -112.85,46.94,10000 -112.92,47.03,10000 -113.05,47.13,10000 -113.17,47.24,10000 -113.26,47.35,10000 -113.29,47.47,10000 -113.28,47.61,10000 -113.26,47.74,10000 -113.25,47.84,10000 -113.23,47.96,10000 -113.23,48.05,10000 -113.28,48.15,10000 -113.34,48.26,10000 -113.38,48.37,10000 -113.43,48.48,10000 -113.51,48.60,10000 -113.63,48.72,10000 -113.76,48.82,10000 -113.91,48.92,10000 -114.03,49.01,10000 -114.12,49.12,10000 -114.16,49.22,10000 -114.09,49.39,10000 
          </coordinates>
        </LinearRing>
      </innerBoundaryIs>
  </Polygon>
 </MultiGeometry>
</Placemark>
<Placemark>
  <name>80%</name>
  <visibility>1</visibility>
  <styleUrl>#poly_80</styleUrl>
  <MultiGeometry>
    <Polygon>
      <outerBoundaryIs>
        <LinearRing>
          <coordinates>
-110.08,45.36,9000 -110.07,45.36,9000 -110.06,45.35,9000 -110.04,45.35,9000 -110.03,45.34,9000 -110.02,45.34,9000 -110.01,45.33,9000 -110.00,45.33,9000 -109.98,45.32,9000 -109.97,45.32,9000 -109.96,45.32,9000 -109.95,45.31,9000 -109.94,45.31,9000 -109.93,45.30,9000 -109.92,45.29,9000 -109.91,45.29,9000 -109.90,45.28,9000 -109.89,45.27,9000 -109.88,45.27,9000 -109.87,45.26,9000 -109.86,45.25,9000 -109.85,45.25,9000 -109.84,45.24,9000 -109.84,45.23,9000 -109.83,45.23,9000 -109.82,45.22,9000 -109.81,45.21,9000 -109.80,45.20,9000 -109.79,45.20,9000 -109.78,45.19,9000 -109.77,45.18,9000 -109.76,45.18,9000 -109.75,45.17,9000 -109.75,45.16,9000 -109.74,45.16,9000 -109.74,45.15,9000 -109.74,45.14,9000 -109.75,45.13,9000 -109.76,45.13,9000 -109.77,45.12,9000 -109.78,45.12,9000 -109.79,45.11,9000 -109.80,45.11,9000 -109.81,45.11,9000 -109.82,45.11,9000 -109.82,45.11,9000 -109.83,45.12,9000 -109.84,45.12,9000 -109.85,45.13,9000 -109.87,45.14,9000 -109.88,45.14,9000 -109.89,45.15,9000 -109.90,45.15,9000 -109.91,45.16,9000 -109.92,45.16,9000 -109.93,45.17,9000 -109.94,45.17,9000 -109.95,45.18,9000 -109.96,45.18,9000 -109.97,45.19,9000 -109.99,45.20,9000 -110.00,45.20,9000 -110.01,45.21,9000 -110.02,45.21,9000 -110.03,45.22,9000 -110.04,45.22,9000 -110.05,45.23,9000 -110.06,45.23,9000 -110.07,45.24,9000 -110.09,45.24,9000 -110.10,45.25,9000 -110.11,45.25,9000 -110.12,45.26,9000 -110.13,45.26,9000 -110.14,45.27,9000 -110.15,45.27,9000 -110.16,45.28,9000 -110.17,45.28,9000 -110.08,45.36,9000 
          </coordinates>
        </LinearRing>
      </outerBoundaryIs>
  </Polygon>
 </MultiGeometry>
</Placemark>
<Placemark>
  <name>90%</name>
  <visibility>1</visibility>
  <styleUrl>#poly_90</styleUrl>
  <MultiGeometry>
    <Polygon>
      <outerBoundaryIs>
        <LinearRing>
          <coordinates>
-114.09,49.39,10000 -113.91,49.37,10000 -113.73,49.35,10000 -113.55,49.33,10000 -113.38,49.30,10000 -113.21,49.27,10000 -113.05,49.24,10000 -112.89,49.21,10000 -112.76,49.16,10000 -112.61,49.07,10000 -112.49,48.97,10000 -112.40,48.87,10000 -112.35,48.74,10000 -112.31,48.62,10000 -112.27,48.55,10000 -112.21,48.47,10000 -112.10,48.36,10000 -112.01,48.28,10000 -111.91,48.17,10000 -111.80,48.06,10000 -111.67,47.95,10000 -111.54,47.84,10000 -111.40,47.74,10000 -111.24,47.66,10000 -111.06,47.58,10000 -110.86,47.51,10000 -110.68,47.44,10000 -110.52,47.37,10000 -110.40,47.31,10000 -110.28,47.20,10000 -110.25,47.11,10000 -110.25,47.02,10000 -110.24,46.89,10000 -110.29,46.78,10000 -110.39,46.73,10000 -110.52,46.68,10000 -110.65,46.65,10000 -110.78,46.61,10000 -110.93,46.59,10000 -111.09,46.62,10000 -111.29,46.66,10000 -111.46,46.69,10000 -111.66,46.67,10000 -111.80,46.61,10000 -111.85,46.53,10000 -111.88,46.43,10000 -111.90,46.34,10000 -111.91,46.25,10000 -111.95,46.17,10000 -112.06,46.08,10000 -112.22,45.98,10000 -112.37,45.90,10000 -112.54,45.82,10000 -112.69,45.76,10000 -112.88,45.71,10000 -113.03,45.70,10000 -113.13,45.75,10000 -113.21,45.82,10000 -113.33,45.88,10000 -113.45,45.96,10000 -113.54,46.06,10000 -113.59,46.18,10000 -113.58,46.29,10000 -113.55,46.41,10000 -113.51,46.50,10000 -113.44,46.55,10000 -113.33,46.58,10000 -113.16,46.64,10000 -112.99,46.71,10000 -112.87,46.81,10000 -112.85,46.94,10000 -112.92,47.03,10000 -113.05,47.13,10000 -113.17,47.24,10000 -113.26,47.35,10000 -113.29,47.47,10000 -113.28,47.61,10000 -113.26,47.74,10000 -113.25,47.84,10000 -113.23,47.96,10000 -113.23,48.05,10000 -113.28,48.15,10000 -113.34,48.26,10000 -113.38,48.37,10000 -113.43,48.48,10000 -113.51,48.60,10000 -113.63,48.72,10000 -113.76,48.82,10000 -113.91,48.92,10000 -114.03,49.01,10000 -114.12,49.12,10000 -114.16,49.22,10000 -114.09,49.39,10000 
          </coordinates>
        </LinearRing>
      </outerBoundaryIs>
      <innerBoundaryIs>
        <LinearRing>
          <coordinates>
-114.04,49.19,11000 -113.91,49.21,11000 -113.77,49.22,11000 -113.63,49.19,11000 -113.48,49.16,11000 -113.33,49.14,11000 -113.19,49.11,11000 -113.08,49.06,11000 -112.98,48.98,11000 -112.93,48.90,11000 -112.89,48.80,11000 -112.84,48.70,11000 -112.78,48.61,11000 -112.69,48.53,11000 -112.58,48.46,11000 -112.47,48.40,11000 -112.37,48.33,11000 -112.28,48.26,11000 -112.19,48.19,11000 -112.11,48.12,11000 -112.03,48.05,11000 -111.95,47.97,11000 -111.86,47.89,11000 -111.79,47.80,11000 -111.72,47.72,11000 -111.67,47.63,11000 -111.63,47.53,11000 -111.60,47.45,11000 -111.55,47.38,11000 -111.42,47.32,11000 -111.27,47.30,11000 -111.14,47.29,11000 -111.00,47.28,11000 -110.89,47.28,11000 -110.72,47.27,11000 -110.59,47.20,11000 -110.48,47.11,11000 -110.42,47.00,11000 -110.44,46.92,11000 -110.48,46.85,11000 -110.56,46.78,11000 -110.68,46.77,11000 -110.85,46.76,11000 -111.03,46.75,11000 -111.17,46.75,11000 -111.32,46.77,11000 -111.44,46.79,11000 -111.56,46.80,11000 -111.69,46.80,11000 -111.80,46.78,11000 -111.91,46.69,11000 -111.98,46.58,11000 -111.97,46.50,11000 -111.95,46.41,11000 -111.97,46.33,11000 -112.06,46.27,11000 -112.19,46.21,11000 -112.32,46.17,11000 -112.43,46.14,11000 -112.54,46.17,11000 -112.62,46.22,11000 -112.71,46.21,11000 -112.81,46.17,11000 -112.94,46.10,11000 -113.07,46.06,11000 -113.21,46.12,11000 -113.29,46.21,11000 -113.22,46.28,11000 -113.08,46.35,11000 -112.97,46.38,11000 -112.84,46.41,11000 -112.75,46.46,11000 -112.71,46.55,11000 -112.71,46.67,11000 -112.71,46.78,11000 -112.70,46.87,11000 -112.70,46.96,11000 -112.71,47.04,11000 -112.78,47.12,11000 -112.89,47.20,11000 -112.99,47.27,11000 -113.11,47.34,11000 -113.19,47.41,11000 -113.23,47.50,11000 -113.21,47.59,11000 -113.16,47.69,11000 -113.11,47.79,11000 -113.10,47.87,11000 -113.10,47.96,11000 -113.10,48.04,11000 -113.11,48.14,11000 -113.15,48.26,11000 -113.20,48.34,11000 -113.27,48.43,11000 -113.34,48.52,11000 -113.42,48.60,11000 -113.52,48.70,11000 -113.63,48.79,11000 -113.74,48.88,11000 -114.04,49.19,11000 
          </coordinates>
        </LinearRing>
      </innerBoundaryIs>
  </Polygon>
 </MultiGeometry>
</Placemark>
<Placemark>
  <name>95%</name>
  <visibility>1</visibility>
  <styleUrl>#poly_95</styleUrl>
  <MultiGeometry>
    <Polygon>
      <outerBoundaryIs>
        <LinearRing>
          <coordinates>
-114.04,49.19,11000 -113.91,49.21,11000 -113.77,49.22,11000 -113.63,49.19,11000 -113.48,49.16,11000 -113.33,49.14,11000 -113.19,49.11,11000 -113.08,49.06,11000 -112.98,48.98,11000 -112.93,48.90,11000 -112.89,48.80,11000 -112.84,48.70,11000 -112.78,48.61,11000 -112.69,48.53,11000 -112.58,48.46,11000 -112.47,48.40,11000 -112.37,48.33,11000 -112.28,48.26,11000 -112.19,48.19,11000 -112.11,48.12,11000 -112.03,48.05,11000 -111.95,47.97,11000 -111.86,47.89,11000 -111.79,47.80,11000 -111.72,47.72,11000 -111.67,47.63,11000 -111.63,47.53,11000 -111.60,47.45,11000 -111.55,47.38,11000 -111.42,47.32,11000 -111.27,47.30,11000 -111.14,47.29,11000 -111.00,47.28,11000 -110.89,47.28,11000 -110.72,47.27,11000 -110.59,47.20,11000 -110.48,47.11,11000 -110.42,47.00,11000 -110.44,46.92,11000 -110.48,46.85,11000 -110.56,46.78,11000 -110.68,46.77,11000 -110.85,46.76,11000 -111.03,46.75,11000 -111.17,46.75,11000 -111.32,46.77,11000 -111.44,46.79,11000 -111.56,46.80,11000 -111.69,46.80,11000 -111.80,46.78,11000 -111.91,46.69,11000 -111.98,46.58,11000 -111.97,46.50,11000 -111.95,46.41,11000 -111.97,46.33,11000 -112.06,46.27,11000 -112.19,46.21,11000 -112.32,46.17,11000 -112.43,46.14,11000 -112.54,46.17,11000 -112.62,46.22,11000 -112.71,46.21,11000 -112.81,46.17,11000 -112.94,46.10,11000 -113.07,46.06,11000 -113.21,46.12,11000 -113.29,46.21,11000 -113.22,46.28,11000 -113.08,46.35,11000 -112.97,46.38,11000 -112.84,46.41,11000 -112.75,46.46,11000 -112.71,46.55,11000 -112.71,46.67,11000 -112.71,46.78,11000 -112.70,46.87,11000 -112.70,46.96,11000 -112.71,47.04,11000 -112.78,47.12,11000 -112.89,47.20,11000 -112.99,47.27,11000 -113.11,47.34,11000 -113.19,47.41,11000 -113.23,47.50,11000 -113.21,47.59,11000 -113.16,47.69,11000 -113.11,47.79,11000 -113.10,47.87,11000 -113.10,47.96,11000 -113.10,48.04,11000 -113.11,48.14,11000 -113.15,48.26,11000 -113.20,48.34,11000 -113.27,48.43,11000 -113.34,48.52,11000 -113.42,48.60,11000 -113.52,48.70,11000 -113.63,48.79,11000 -113.74,48.88,11000 -114.04,49.19,11000 
          </coordinates>
        </LinearRing>
      </outerBoundaryIs>
  </Polygon>
 </MultiGeometry>
</Placemark>
    </Folder>
  </Document>
</kml>
