<?xml version="1.0" encoding="UTF-8"?>
<kml xmlns="http://www.opengis.net/kml/2.2">
<Document id="prb_72hsnow_ge02_f072">
<name>WPC 72-Hr Prob of Snow > 2"</name>
  <open>1</open>
  <snippet>Valid 12Z 04/04/2026 - 12Z 04/07/2026</snippet>
  <description></description>
    <Style id="poly_1">
        <IconStyle>
           <color>00000000</color>
           <scale>1</scale>
        </IconStyle>
        <LabelStyle>
            <color>ff26478b</color>
            <scale>0.8</scale>
        </LabelStyle>
        <LineStyle>
            <color>6626478b</color>
            <width>0</width>
        </LineStyle>
	<PolyStyle>
            <color>6626478b</color>
	</PolyStyle>
        <BalloonStyle>
            <text>
                <![CDATA[ <table border=0 width="300"><tr><td style="font-size:10pt;">
                During this forecast period, there is a <b>1-5%</b> probability of snowfall exceeding the depicted amount in the enclosed area.
                <br/><br/>
                *<span style="font-size:8pt;">Note that in cases where this contour is embedded within a 5% contour, 
                the probability of snowfall exceeding the depicted amount is &lt;1%.</span>
                </td></tr></table>]]>
            </text>
        </BalloonStyle>
    </Style>

    <Style id="poly_5">
        <IconStyle>
           <color>00000000</color>
           <scale>1</scale>
        </IconStyle>
        <LabelStyle>
            <color>ff00eeee</color>
            <scale>0.8</scale>
        </LabelStyle>
        <LineStyle>
            <color>6600eeee</color>
            <width>0.4</width>
        </LineStyle>
	<PolyStyle>
	    <color>6600eeee</color>
	</PolyStyle>
        <BalloonStyle>
            <text>
                <![CDATA[ <table border=0 width="300"><tr><td style="font-size:10pt;">
                During this forecast period, there is a <b>5-10%</b> probability of snowfall exceeding the depicted amount in the enclosed area.
                <br/><br/>
                *<span style="font-size:8pt;">Note that in cases where this contour is embedded within a 10% contour, 
                the probability of snowfall exceeding the depicted amount is &lt;5%.</span>
                </td></tr></table>]]>
            </text>
        </BalloonStyle>
    </Style>

    <Style id="poly_10">
        <IconStyle>
           <color>00000000</color>
           <scale>1</scale>
        </IconStyle>
        <LabelStyle>
            <color>ff00ff7f</color>
            <scale>0.8</scale>
        </LabelStyle>
        <LineStyle>
            <color>6600ff7f</color>
            <width>0.4</width>
        </LineStyle>
	<PolyStyle>
	    <color>6600ff7f</color>
	</PolyStyle>
        <BalloonStyle>
            <text>
                <![CDATA[ <table border=0 width="300"><tr><td style="font-size:10pt;">
                During this forecast period, there is a <b>10-20%</b> probability of snowfall exceeding the depicted amount in the enclosed area.
                <br/><br/>
                *<span style="font-size:8pt;">Note that in cases where this contour is embedded within a 20% contour, 
                the probability of snowfall exceeding the depicted amount is &lt;10%.</span>
                </td></tr></table>]]>
            </text>
        </BalloonStyle>
    </Style>
    
    <Style id="poly_20">
        <IconStyle>
            <color>00000000</color>
            <scale>1</scale>
        </IconStyle>
        <LabelStyle>
            <color>ff00cd00</color>
            <scale>0.8</scale>
        </LabelStyle>
        <LineStyle>
            <color>6600cd00</color>
	    <width>0.4</width>
	</LineStyle>
	<PolyStyle>
	    <color>6600cd00</color>
	</PolyStyle>
        <BalloonStyle>
            <text>
                <![CDATA[ <table border=0 width="300"><tr><td style="font-size:10pt;">
                During this forecast period, there is a <b>20-30%</b> probability of snowfall exceeding the depicted amount in the enclosed area.
                <br/><br/>
                *<span style="font-size:8pt;">Note that in cases where this contour is embedded within a 30% contour, 
                the probability of snowfall exceeding the depicted amount is &lt;20%.</span>
                </td></tr></table>]]>
            </text>
        </BalloonStyle>
    </Style>

    <Style id="poly_30">
        <IconStyle>
            <color>00000000</color>
            <scale>1</scale>
        </IconStyle>
        <LabelStyle>
            <color>ff008b00</color>
            <scale>0.8</scale>
        </LabelStyle>
        <LineStyle>
            <color>66008b00</color>
	    <width>0.4</width>
	</LineStyle>
	<PolyStyle>
	    <color>66008b00</color>
	</PolyStyle>
        <BalloonStyle>
            <text>
                <![CDATA[ <table border=0 width="300"><tr><td style="font-size:10pt;">
                During this forecast period, there is a <b>30-40%</b> probability of snowfall exceeding the depicted amount in the enclosed area.
                <br/><br/>
                *<span style="font-size:8pt;">Note that in cases where this contour is embedded within a 40% contour, 
                the probability of snowfall exceeding the depicted amount is &lt;30%.</span>
                </td></tr></table>]]>
            </text>
        </BalloonStyle>
    </Style>

    <Style id="poly_40">
        <IconStyle>
            <color>00000000</color>
            <scale>1</scale>
        </IconStyle>
        <LabelStyle>
            <color>ff8b4e10</color>
            <scale>0.8</scale>
        </LabelStyle>
        <LineStyle>
            <color>668b4e10</color>
	    <width>0.4</width>
	</LineStyle>
	<PolyStyle>
	    <color>668b4e10</color>
	</PolyStyle>
        <BalloonStyle>
            <text>
                <![CDATA[ <table border=0 width="300"><tr><td style="font-size:10pt;">
                During this forecast period, there is a <b>40-50%</b> probability of snowfall exceeding the depicted amount in the enclosed area.
                <br/><br/>
                *<span style="font-size:8pt;">Note that in cases where this contour is embedded within a 50% contour, 
                the probability of snowfall exceeding the depicted amount is &lt;40%.</span>
                </td></tr></table>]]>
            </text>
        </BalloonStyle>
    </Style>

    <Style id="poly_50">
        <IconStyle>
            <color>00000000</color>
            <scale>1</scale>
        </IconStyle>
        <LabelStyle>
            <color>ffff901e</color>
            <scale>0.8</scale>
        </LabelStyle>
        <LineStyle>
            <color>66ff901e</color>
	    <width>0.4</width>
	</LineStyle>
	<PolyStyle>
	    <color>66ff901e</color>
	</PolyStyle>
        <BalloonStyle>
            <text>
                <![CDATA[ <table border=0 width="300"><tr><td style="font-size:10pt;">
                During this forecast period, there is a <b>50-60%</b> probability of snowfall exceeding the depicted amount in the enclosed area.
                <br/><br/>
                *<span style="font-size:8pt;">Note that in cases where this contour is embedded within a 60% contour, 
                the probability of snowfall exceeding the depicted amount is &lt;50%.</span>
                </td></tr></table>]]>
            </text>
        </BalloonStyle>
    </Style>

    <Style id="poly_60">
        <IconStyle>
            <color>00000000</color>
            <scale>1</scale>
        </IconStyle>
        <LabelStyle>
            <color>ffeeb200</color>
            <scale>0.8</scale>
        </LabelStyle>
        <LineStyle>
            <color>66eeb200</color>
	    <width>0.4</width>
	</LineStyle>
	<PolyStyle>
	    <color>66eeb200</color>
	</PolyStyle>
        <BalloonStyle>
            <text>
                <![CDATA[ <table border=0 width="300"><tr><td style="font-size:10pt;">
                During this forecast period, there is a <b>60-70%</b> probability of snowfall exceeding the depicted amount in the enclosed area.
                <br/><br/>
                *<span style="font-size:8pt;">Note that in cases where this contour is embedded within a 70% contour, 
                the probability of snowfall exceeding the depicted amount is &lt;60%.</span>
                </td></tr></table>]]>
            </text>
        </BalloonStyle>
    </Style>
    
    <Style id="poly_70">
        <IconStyle>
            <color>00000000</color>
            <scale>1</scale>
        </IconStyle>
        <LabelStyle>
            <color>ffeeee00</color>
            <scale>0.8</scale>
        </LabelStyle>
        <LineStyle>
            <color>66eeee00</color>
	    <width>0.4</width>
	</LineStyle>
	<PolyStyle>
	    <color>66eeee00</color>
	</PolyStyle>
        <BalloonStyle>
            <text>
                <![CDATA[ <table border=0 width="300"><tr><td style="font-size:10pt;">
                During this forecast period, there is a <b>70-80%</b> probability of snowfall exceeding the depicted amount in the enclosed area.
                <br/><br/>
                *<span style="font-size:8pt;">Note that in cases where this contour is embedded within a 80% contour, 
                the probability of snowfall exceeding the depicted amount is &lt;70%.</span>
                </td></tr></table>]]>
            </text>
        </BalloonStyle>
    </Style>

    <Style id="poly_80">
        <IconStyle>
            <color>00000000</color>
            <scale>1</scale>
        </IconStyle>
        <LabelStyle>
            <color>ff4782ff</color>
            <scale>0.8</scale>
        </LabelStyle>
        <LineStyle>
            <color>664782ff</color>
	    <width>0.4</width>
	</LineStyle>
	<PolyStyle>
	    <color>664782ff</color>
	</PolyStyle>
        <BalloonStyle>
            <text>
                <![CDATA[ <table border=0 width="300"><tr><td style="font-size:10pt;">
                During this forecast period, there is a <b>80-90%</b> probability of snowfall exceeding the depicted amount in the enclosed area.
                <br/><br/>
                *<span style="font-size:8pt;">Note that in cases where this contour is embedded within a 90% contour, 
                the probability of snowfall exceeding the depicted amount is &lt;80%.</span>
                </td></tr></table>]]>
            </text>
        </BalloonStyle>
    </Style>

    <Style id="poly_90">
        <IconStyle>
            <color>00000000</color>
            <scale>1</scale>
        </IconStyle>
        <LabelStyle>
            <color>ff2c2cee</color>
            <scale>0.8</scale>
        </LabelStyle>
        <LineStyle>
            <color>662c2cee</color>
            <width>0.4</width>
        </LineStyle>
        <PolyStyle>
            <color>662c2cee</color>
        </PolyStyle>
        <BalloonStyle>
            <text>
                <![CDATA[ <table border=0 width="300"><tr><td style="font-size:10pt;">
                During this forecast period, there is a <b>90-95%</b> probability of snowfall exceeding the depicted amount in the enclosed area.
                <br/><br/>
                *<span style="font-size:8pt;">Note that in cases where this contour is embedded within a 95% contour, 
                the probability of snowfall exceeding the depicted amount is &lt;90%.</span>
                </td></tr></table>]]>
            </text>
        </BalloonStyle>
    </Style>

    <Style id="poly_95">
        <IconStyle>
            <color>00000000</color>
            <scale>1</scale>
        </IconStyle>
        <LabelStyle>
            <color>ff00008b</color>
            <scale>0.8</scale>
        </LabelStyle>
        <LineStyle>
            <color>6600008b</color>
	    <width>0.4</width>
	</LineStyle>
	<PolyStyle>
	    <color>6600008b</color>
	</PolyStyle>
        <BalloonStyle>
            <text>
                <![CDATA[ <table border=0 width="300"><tr><td style="font-size:10pt;">
                The probability of snowfall exceeding the depicted amount is <b>&ge;95%</b> in the enclosed area during this forecast period.
                </td></tr></table>]]>
            </text>
        </BalloonStyle>
    </Style>

  <ScreenOverlay>
    <name>Logos</name>
    <description></description>
    <Icon>
      <href>https://www.wpc.ncep.noaa.gov/images/noaa_and_nws_logo.png</href>
    </Icon>
   <overlayXY x=".01" y=".01" xunits="fraction" yunits="fraction" />
   <screenXY x=".01" y=".01" xunits="fraction" yunits="fraction" />
   <rotationXY x="0" y="0" xunits="fraction" yunits="fraction" />
   <size x="-1" y="-1" xunits="fraction" yunits="fraction" />
  </ScreenOverlay>
    <Folder>
      <name>Snow Probabilities</name>
      <open>0</open>
<Placemark>
  <name>1%</name>
  <visibility>1</visibility>
  <styleUrl>#poly_1</styleUrl>
  <MultiGeometry>
    <Polygon>
      <outerBoundaryIs>
        <LinearRing>
          <coordinates>
-122.46,50.63,0 -122.43,50.64,0 -122.40,50.65,0 -122.37,50.66,0 -122.34,50.68,0 -122.31,50.69,0 -122.28,50.69,0 -122.25,50.70,0 -122.22,50.71,0 -122.18,50.72,0 -122.15,50.72,0 -122.11,50.73,0 -122.08,50.73,0 -122.04,50.73,0 -122.00,50.73,0 -121.97,50.73,0 -121.93,50.73,0 -121.90,50.72,0 -121.86,50.71,0 -121.83,50.71,0 -121.79,50.70,0 -121.76,50.69,0 -121.74,50.68,0 -121.71,50.66,0 -121.69,50.65,0 -121.67,50.63,0 -121.65,50.62,0 -121.62,50.61,0 -121.60,50.59,0 -121.57,50.58,0 -121.55,50.56,0 -121.53,50.54,0 -121.52,50.52,0 -121.52,50.49,0 -121.52,50.47,0 -121.52,50.44,0 -121.52,50.41,0 -121.53,50.39,0 -121.53,50.37,0 -121.54,50.34,0 -121.55,50.33,0 -121.57,50.31,0 -121.58,50.29,0 -121.60,50.28,0 -121.62,50.26,0 -121.64,50.24,0 -121.66,50.21,0 -121.67,50.20,0 -121.69,50.18,0 -121.71,50.16,0 -121.72,50.14,0 -121.74,50.12,0 -121.77,50.11,0 -121.80,50.10,0 -121.83,50.10,0 -121.87,50.09,0 -121.91,50.09,0 -121.95,50.08,0 -121.99,50.08,0 -122.02,50.08,0 -122.06,50.08,0 -122.09,50.09,0 -122.12,50.10,0 -122.14,50.11,0 -122.17,50.12,0 -122.20,50.12,0 -122.23,50.13,0 -122.26,50.13,0 -122.30,50.14,0 -122.32,50.15,0 -122.35,50.16,0 -122.38,50.17,0 -122.42,50.18,0 -122.45,50.20,0 -122.48,50.21,0 -122.51,50.22,0 -122.53,50.24,0 -122.55,50.26,0 -122.57,50.28,0 -122.59,50.30,0 -122.61,50.32,0 -122.62,50.34,0 -122.63,50.37,0 -122.63,50.39,0 -122.63,50.41,0 -122.62,50.43,0 -122.61,50.45,0 -122.60,50.48,0 -122.58,50.50,0 -122.57,50.52,0 -122.55,50.55,0 -122.53,50.57,0 -122.46,50.63,0 
          </coordinates>
        </LinearRing>
      </outerBoundaryIs>
  </Polygon>
 </MultiGeometry>
</Placemark>
<Placemark>
  <name>1%</name>
  <visibility>1</visibility>
  <styleUrl>#poly_1</styleUrl>
  <MultiGeometry>
    <Polygon>
      <outerBoundaryIs>
        <LinearRing>
          <coordinates>
-116.71,50.63,0 -116.69,50.63,0 -116.67,50.62,0 -116.65,50.62,0 -116.63,50.62,0 -116.60,50.61,0 -116.58,50.60,0 -116.56,50.59,0 -116.55,50.59,0 -116.53,50.58,0 -116.51,50.57,0 -116.49,50.56,0 -116.47,50.55,0 -116.45,50.54,0 -116.44,50.53,0 -116.42,50.52,0 -116.41,50.51,0 -116.39,50.50,0 -116.38,50.49,0 -116.37,50.48,0 -116.36,50.47,0 -116.36,50.46,0 -116.36,50.45,0 -116.36,50.44,0 -116.37,50.43,0 -116.38,50.42,0 -116.39,50.40,0 -116.40,50.39,0 -116.41,50.38,0 -116.42,50.37,0 -116.44,50.35,0 -116.45,50.34,0 -116.47,50.33,0 -116.48,50.31,0 -116.50,50.30,0 -116.51,50.29,0 -116.52,50.28,0 -116.54,50.27,0 -116.55,50.26,0 -116.57,50.25,0 -116.58,50.24,0 -116.60,50.24,0 -116.62,50.24,0 -116.64,50.24,0 -116.66,50.24,0 -116.68,50.25,0 -116.71,50.26,0 -116.72,50.27,0 -116.74,50.27,0 -116.76,50.28,0 -116.78,50.29,0 -116.80,50.30,0 -116.82,50.31,0 -116.84,50.32,0 -116.86,50.33,0 -116.87,50.34,0 -116.89,50.35,0 -116.90,50.36,0 -116.92,50.37,0 -116.93,50.38,0 -116.94,50.39,0 -116.94,50.40,0 -116.94,50.41,0 -116.94,50.42,0 -116.93,50.43,0 -116.92,50.45,0 -116.91,50.46,0 -116.90,50.47,0 -116.90,50.48,0 -116.89,50.49,0 -116.88,50.50,0 -116.86,50.51,0 -116.85,50.53,0 -116.84,50.54,0 -116.83,50.55,0 -116.81,50.57,0 -116.80,50.58,0 -116.71,50.63,0 
          </coordinates>
        </LinearRing>
      </outerBoundaryIs>
  </Polygon>
 </MultiGeometry>
</Placemark>
<Placemark>
  <name>1%</name>
  <visibility>1</visibility>
  <styleUrl>#poly_1</styleUrl>
  <MultiGeometry>
    <Polygon>
      <outerBoundaryIs>
        <LinearRing>
          <coordinates>
-107.66,38.03,0 -107.63,38.04,0 -107.61,38.04,0 -107.58,38.05,0 -107.55,38.06,0 -107.52,38.06,0 -107.50,38.06,0 -107.47,38.06,0 -107.44,38.06,0 -107.41,38.06,0 -107.38,38.05,0 -107.35,38.04,0 -107.32,38.03,0 -107.29,38.02,0 -107.27,38.01,0 -107.24,38.00,0 -107.22,37.99,0 -107.20,37.98,0 -107.18,37.98,0 -107.17,37.97,0 -107.16,37.96,0 -107.15,37.94,0 -107.13,37.93,0 -107.12,37.91,0 -107.10,37.89,0 -107.08,37.86,0 -107.07,37.84,0 -107.06,37.82,0 -107.05,37.80,0 -107.05,37.78,0 -107.04,37.75,0 -107.04,37.73,0 -107.05,37.70,0 -107.05,37.68,0 -107.06,37.66,0 -107.06,37.64,0 -107.07,37.62,0 -107.08,37.60,0 -107.09,37.58,0 -107.11,37.56,0 -107.12,37.55,0 -107.15,37.53,0 -107.17,37.52,0 -107.19,37.51,0 -107.21,37.50,0 -107.24,37.49,0 -107.26,37.48,0 -107.29,37.47,0 -107.32,37.46,0 -107.34,37.45,0 -107.37,37.45,0 -107.40,37.45,0 -107.42,37.45,0 -107.45,37.45,0 -107.48,37.45,0 -107.50,37.45,0 -107.53,37.45,0 -107.55,37.46,0 -107.58,37.46,0 -107.60,37.47,0 -107.63,37.48,0 -107.65,37.49,0 -107.67,37.50,0 -107.69,37.52,0 -107.71,37.53,0 -107.73,37.55,0 -107.75,37.57,0 -107.76,37.59,0 -107.78,37.61,0 -107.79,37.63,0 -107.80,37.65,0 -107.81,37.67,0 -107.82,37.70,0 -107.83,37.72,0 -107.83,37.74,0 -107.83,37.76,0 -107.83,37.78,0 -107.83,37.81,0 -107.82,37.83,0 -107.81,37.85,0 -107.81,37.87,0 -107.80,37.90,0 -107.79,37.92,0 -107.66,38.03,0 
          </coordinates>
        </LinearRing>
      </outerBoundaryIs>
  </Polygon>
 </MultiGeometry>
</Placemark>
<Placemark>
  <name>1%</name>
  <visibility>1</visibility>
  <styleUrl>#poly_1</styleUrl>
  <MultiGeometry>
    <Polygon>
      <outerBoundaryIs>
        <LinearRing>
          <coordinates>
-115.92,51.69,0 -115.84,51.71,0 -115.75,51.74,0 -115.66,51.76,0 -115.57,51.78,0 -115.48,51.80,0 -115.38,51.82,0 -115.28,51.83,0 -115.17,51.84,0 -115.09,51.84,0 -115.00,51.83,0 -114.91,51.82,0 -114.82,51.80,0 -114.72,51.79,0 -114.63,51.77,0 -114.55,51.75,0 -114.46,51.74,0 -114.37,51.72,0 -114.29,51.70,0 -114.21,51.67,0 -114.13,51.65,0 -114.06,51.62,0 -113.99,51.58,0 -113.92,51.54,0 -113.85,51.50,0 -113.80,51.46,0 -113.76,51.41,0 -113.74,51.36,0 -113.74,51.31,0 -113.76,51.25,0 -113.80,51.19,0 -113.84,51.13,0 -113.89,51.07,0 -113.93,51.02,0 -113.99,50.97,0 -114.05,50.93,0 -114.12,50.89,0 -114.17,50.83,0 -114.19,50.78,0 -114.22,50.72,0 -114.23,50.65,0 -114.25,50.58,0 -114.27,50.52,0 -114.29,50.45,0 -114.31,50.40,0 -114.34,50.33,0 -114.38,50.27,0 -114.41,50.21,0 -114.46,50.16,0 -114.51,50.14,0 -114.57,50.14,0 -114.64,50.16,0 -114.72,50.19,0 -114.81,50.23,0 -114.89,50.27,0 -114.96,50.30,0 -115.04,50.33,0 -115.12,50.37,0 -115.21,50.40,0 -115.29,50.44,0 -115.36,50.47,0 -115.43,50.50,0 -115.49,50.54,0 -115.56,50.57,0 -115.62,50.60,0 -115.68,50.64,0 -115.75,50.68,0 -115.81,50.72,0 -115.87,50.76,0 -115.93,50.81,0 -116.00,50.85,0 -116.06,50.90,0 -116.13,50.94,0 -116.19,50.97,0 -116.28,51.00,0 -116.38,51.03,0 -116.48,51.04,0 -116.56,51.06,0 -116.63,51.09,0 -116.68,51.14,0 -116.71,51.20,0 -116.72,51.27,0 -116.72,51.32,0 -116.72,51.37,0 -116.70,51.40,0 -116.65,51.44,0 -116.58,51.48,0 -116.50,51.51,0 -116.40,51.55,0 -116.31,51.58,0 -116.23,51.60,0 -116.15,51.62,0 -116.07,51.64,0 -115.99,51.65,0 -115.92,51.69,0 
          </coordinates>
        </LinearRing>
      </outerBoundaryIs>
      <innerBoundaryIs>
        <LinearRing>
          <coordinates>
-116.13,51.47,1000 -116.07,51.49,1000 -116.01,51.52,1000 -115.95,51.54,1000 -115.89,51.56,1000 -115.83,51.58,1000 -115.77,51.60,1000 -115.71,51.61,1000 -115.65,51.63,1000 -115.59,51.64,1000 -115.52,51.66,1000 -115.45,51.67,1000 -115.38,51.68,1000 -115.31,51.68,1000 -115.25,51.69,1000 -115.19,51.70,1000 -115.14,51.70,1000 -115.06,51.70,1000 -114.99,51.70,1000 -114.94,51.70,1000 -114.88,51.69,1000 -114.83,51.68,1000 -114.77,51.67,1000 -114.72,51.65,1000 -114.67,51.63,1000 -114.61,51.61,1000 -114.56,51.59,1000 -114.50,51.57,1000 -114.45,51.55,1000 -114.40,51.53,1000 -114.34,51.50,1000 -114.30,51.48,1000 -114.25,51.45,1000 -114.20,51.42,1000 -114.16,51.39,1000 -114.13,51.36,1000 -114.12,51.33,1000 -114.12,51.30,1000 -114.14,51.26,1000 -114.17,51.22,1000 -114.21,51.19,1000 -114.25,51.15,1000 -114.29,51.12,1000 -114.34,51.10,1000 -114.39,51.07,1000 -114.45,51.05,1000 -114.50,51.02,1000 -114.55,50.99,1000 -114.58,50.96,1000 -114.60,50.92,1000 -114.61,50.88,1000 -114.61,50.84,1000 -114.61,50.79,1000 -114.61,50.75,1000 -114.62,50.71,1000 -114.63,50.68,1000 -114.67,50.64,1000 -114.71,50.61,1000 -114.76,50.59,1000 -114.82,50.57,1000 -114.87,50.56,1000 -114.92,50.56,1000 -114.98,50.58,1000 -115.03,50.60,1000 -115.09,50.62,1000 -115.15,50.65,1000 -115.19,50.67,1000 -115.24,50.70,1000 -115.28,50.73,1000 -115.33,50.77,1000 -115.37,50.80,1000 -115.42,50.83,1000 -115.46,50.86,1000 -115.51,50.89,1000 -115.55,50.92,1000 -115.59,50.95,1000 -115.63,50.98,1000 -115.67,51.00,1000 -115.72,51.02,1000 -115.78,51.04,1000 -115.84,51.05,1000 -115.91,51.06,1000 -115.97,51.07,1000 -116.03,51.08,1000 -116.09,51.10,1000 -116.16,51.12,1000 -116.22,51.15,1000 -116.27,51.17,1000 -116.32,51.19,1000 -116.38,51.22,1000 -116.42,51.24,1000 -116.44,51.27,1000 -116.43,51.30,1000 -116.41,51.33,1000 -116.37,51.36,1000 -116.13,51.47,1000 
          </coordinates>
        </LinearRing>
      </innerBoundaryIs>
  </Polygon>
 </MultiGeometry>
</Placemark>
<Placemark>
  <name>1%</name>
  <visibility>1</visibility>
  <styleUrl>#poly_1</styleUrl>
  <MultiGeometry>
    <Polygon>
      <outerBoundaryIs>
        <LinearRing>
          <coordinates>
-69.17,51.32,0 -68.11,51.27,0 -67.54,51.18,0 -67.20,51.03,0 -66.54,50.79,0 -65.88,50.54,0 -65.55,50.31,0 -65.19,49.93,0 -64.61,49.69,0 -63.99,49.46,0 -63.28,49.14,0 -62.94,48.99,0 -62.69,48.79,0 -62.46,48.45,0 -62.17,48.27,0 -61.80,48.10,0 -61.67,47.97,0 -61.57,47.78,0 -61.61,47.60,0 -61.86,46.95,0 -62.14,46.67,0 -62.52,46.61,0 -63.19,46.71,0 -63.91,46.83,0 -64.26,46.80,0 -64.79,46.83,0 -65.20,46.89,0 -65.45,46.88,0 -65.84,46.78,0 -66.06,46.66,0 -66.57,46.36,0 -66.80,46.22,0 -67.16,46.14,0 -67.46,46.23,0 -67.64,46.35,0 -67.91,46.51,0 -68.31,46.49,0 -68.85,46.27,0 -69.36,46.25,0 -69.62,46.16,0 -69.86,45.98,0 -69.98,45.81,0 -70.13,45.39,0 -70.33,45.09,0 -70.56,44.93,0 -71.09,44.56,0 -71.06,44.29,0 -71.23,44.06,0 -71.41,44.02,0 -71.57,44.08,0 -71.79,44.30,0 -71.89,44.31,0 -72.13,44.15,0 -72.43,43.85,0 -72.54,43.61,0 -72.76,43.34,0 -72.99,43.38,0 -73.33,43.76,0 -73.42,43.81,0 -73.65,43.60,0 -74.02,43.33,0 -74.82,42.89,0 -74.81,42.50,0 -74.96,42.43,0 -75.19,42.43,0 -75.40,42.44,0 -76.10,42.24,0 -76.56,42.29,0 -76.83,42.34,0 -76.98,42.24,0 -77.37,41.92,0 -77.79,41.81,0 -78.09,41.79,0 -78.56,41.69,0 -78.87,41.58,0 -79.29,41.58,0 -79.78,41.62,0 -79.99,41.65,0 -80.27,41.86,0 -80.10,42.44,0 -80.25,42.91,0 -80.01,43.04,0 -79.60,43.15,0 -79.02,43.29,0 -78.80,43.48,0 -78.53,43.58,0 -77.79,43.53,0 -77.31,43.32,0 -76.90,43.08,0 -76.64,43.22,0 -76.49,43.42,0 -76.58,43.73,0 -76.86,43.82,0 -77.54,43.80,0 -78.15,43.78,0 -78.47,43.74,0 -79.38,43.73,0 -79.89,43.47,0 -80.23,43.42,0 -80.55,43.27,0 -80.60,43.10,0 -80.75,43.00,0 -81.03,42.85,0 -81.30,42.76,0 -81.79,42.67,0 -82.13,42.61,0 -82.54,42.67,0 -83.28,42.75,0 -83.63,42.98,0 -83.91,43.45,0 -83.98,43.68,0 -84.14,43.70,0 -84.77,43.58,0 -85.01,43.50,0 -85.41,43.44,0 -85.95,43.49,0 -86.28,43.63,0 -86.41,43.86,0 -86.33,44.07,0 -86.29,44.71,0 -86.19,45.00,0 -86.25,45.25,0 -86.76,45.53,0 -87.76,45.69,0 -88.06,45.56,0 -88.27,45.42,0 -88.73,45.09,0 -89.00,45.01,0 -89.27,45.04,0 -89.56,45.14,0 -90.21,45.14,0 -90.62,45.10,0 -90.85,45.18,0 -91.30,45.26,0 -91.73,45.26,0 -92.58,45.32,0 -92.96,45.51,0 -93.36,45.51,0 -94.02,45.34,0 -94.63,45.12,0 -95.12,45.08,0 -95.59,45.16,0 -96.24,45.23,0 -96.85,45.28,0 -97.24,45.19,0 -97.46,45.03,0 -97.82,44.85,0 -98.23,44.93,0 -98.39,45.17,0 -98.73,45.67,0 -98.90,45.99,0 -99.05,46.19,0 -99.05,46.36,0 -98.93,46.49,0 -98.88,46.77,0 -98.70,47.01,0 -98.58,47.24,0 -98.26,47.60,0 -97.91,47.97,0 -97.55,48.32,0 -97.18,48.56,0 -96.76,48.89,0 -96.51,49.21,0 -96.56,49.55,0 -96.65,50.20,0 -96.66,50.57,0 -96.83,50.85,0 -97.66,50.56,0 -98.02,50.55,0 -98.33,50.60,0 -98.62,50.69,0 -99.09,50.79,0 -99.38,50.67,0 -99.60,50.54,0 -99.82,50.50,0 -100.14,50.48,0 -100.38,50.49,0 -100.65,50.51,0 -100.91,50.63,0 -101.13,50.80,0 -101.23,51.02,0 -101.20,51.22,0 -101.25,51.39,0 -101.47,51.60,0 -101.42,51.88,0 -101.22,51.99,0 -100.76,52.02,0 -100.51,51.92,0 -100.10,51.85,0 -99.71,51.84,0 -99.25,51.88,0 -98.89,51.95,0 -98.62,52.07,0 -98.18,52.15,0 -97.89,52.15,0 -96.82,52.05,0 -96.17,52.00,0 -95.77,52.00,0 -95.43,52.08,0 -94.83,52.16,0 -94.26,52.14,0 -93.20,52.01,0 -92.59,51.99,0 -92.13,51.99,0 -91.86,52.07,0 -91.36,52.09,0 -90.87,51.97,0 -90.53,51.90,0 -90.18,51.74,0 -89.90,51.62,0 -89.58,51.56,0 -88.78,51.43,0 -87.85,51.35,0 -87.43,51.31,0 -87.11,51.22,0 -86.50,51.14,0 -86.11,51.09,0 -85.83,51.00,0 -85.00,50.87,0 -84.70,50.77,0 -84.43,50.60,0 -84.19,50.42,0 -83.71,50.31,0 -83.47,50.21,0 -83.16,49.99,0 -82.99,49.86,0 -82.53,49.75,0 -82.25,49.64,0 -82.04,49.48,0 -81.81,49.30,0 -81.31,49.17,0 -81.09,49.08,0 -80.58,49.00,0 -79.80,48.79,0 -79.01,48.57,0 -78.41,48.39,0 -77.96,48.29,0 -77.47,48.30,0 -76.99,48.32,0 -76.36,48.42,0 -75.61,48.62,0 -75.09,48.78,0 -74.44,49.05,0 -73.81,49.30,0 -73.45,49.40,0 -73.26,49.53,0 -73.05,49.77,0 -72.77,49.95,0 -72.51,50.03,0 -72.25,50.22,0 -71.82,50.65,0 -71.26,50.93,0 -70.55,51.09,0 -69.17,51.32,0 
          </coordinates>
        </LinearRing>
      </outerBoundaryIs>
      <innerBoundaryIs>
        <LinearRing>
          <coordinates>
-72.94,46.92,0 -72.78,46.89,0 -72.62,46.86,0 -72.47,46.83,0 -72.32,46.80,0 -72.18,46.77,0 -72.05,46.74,0 -71.94,46.72,0 -71.84,46.70,0 -71.75,46.68,0 -71.58,46.66,0 -71.54,46.66,0 -71.45,46.62,0 -71.40,46.56,0 -71.42,46.51,0 -71.53,46.44,0 -71.61,46.41,0 -71.72,46.37,0 -71.83,46.32,0 -71.94,46.28,0 -72.03,46.23,0 -72.11,46.16,0 -72.16,46.09,0 -72.22,46.02,0 -72.29,45.94,0 -72.37,45.88,0 -72.46,45.81,0 -72.56,45.75,0 -72.65,45.68,0 -72.73,45.62,0 -72.80,45.55,0 -72.86,45.49,0 -72.91,45.42,0 -72.96,45.33,0 -73.00,45.25,0 -73.04,45.15,0 -73.08,45.05,0 -73.12,44.95,0 -73.16,44.87,0 -73.18,44.81,0 -73.20,44.81,0 -73.25,44.86,0 -73.32,44.92,0 -73.40,45.00,0 -73.48,45.08,0 -73.57,45.14,0 -73.68,45.20,0 -73.80,45.26,0 -73.93,45.30,0 -74.05,45.33,0 -74.17,45.33,0 -74.29,45.31,0 -74.42,45.28,0 -74.53,45.26,0 -74.67,45.25,0 -74.81,45.23,0 -74.94,45.23,0 -75.05,45.23,0 -75.15,45.23,0 -75.29,45.25,0 -75.39,45.27,0 -75.51,45.30,0 -75.64,45.33,0 -75.77,45.37,0 -75.88,45.40,0 -75.96,45.43,0 -76.04,45.49,0 -76.03,45.56,0 -76.00,45.62,0 -75.94,45.70,0 -75.92,45.79,0 -75.95,45.87,0 -76.01,45.97,0 -76.07,46.07,0 -76.11,46.15,0 -76.12,46.24,0 -76.11,46.31,0 -76.07,46.37,0 -75.98,46.42,0 -75.87,46.46,0 -75.78,46.44,0 -75.76,46.38,0 -75.75,46.27,0 -75.76,46.16,0 -75.75,46.05,0 -75.74,45.97,0 -75.69,45.90,0 -75.62,45.86,0 -75.53,45.83,0 -75.44,45.80,0 -75.33,45.77,0 -75.18,45.76,0 -75.08,45.76,0 -74.96,45.76,0 -74.83,45.76,0 -74.70,45.77,0 -74.58,45.78,0 -74.47,45.79,0 -74.34,45.82,0 -74.22,45.85,0 -74.12,45.89,0 -74.02,45.94,0 -73.92,46.00,0 -73.83,46.07,0 -73.75,46.14,0 -73.67,46.22,0 -73.60,46.30,0 -73.53,46.38,0 -73.46,46.47,0 -73.40,46.56,0 -72.94,46.92,0 
          </coordinates>
        </LinearRing>
      </innerBoundaryIs>
      <innerBoundaryIs>
        <LinearRing>
          <coordinates>
-69.20,51.21,1000 -68.12,51.14,1000 -67.53,51.05,1000 -67.09,50.87,1000 -66.42,50.62,1000 -65.81,50.35,1000 -65.44,49.96,1000 -64.99,49.72,1000 -64.42,49.48,1000 -63.83,49.24,1000 -63.18,48.94,1000 -62.90,48.77,1000 -62.74,48.54,1000 -62.24,48.19,1000 -61.75,47.83,1000 -61.70,47.51,1000 -61.80,47.22,1000 -62.03,46.90,1000 -62.25,46.78,1000 -62.60,46.71,1000 -63.18,46.77,1000 -64.14,46.90,1000 -64.78,46.96,1000 -65.14,47.02,1000 -65.57,46.97,1000 -65.83,46.91,1000 -66.13,46.77,1000 -66.63,46.50,1000 -66.92,46.38,1000 -67.15,46.33,1000 -67.35,46.37,1000 -67.53,46.53,1000 -67.67,46.79,1000 -67.97,46.79,1000 -68.18,46.73,1000 -68.49,46.64,1000 -68.74,46.50,1000 -69.08,46.44,1000 -69.56,46.44,1000 -70.08,46.22,1000 -70.32,46.13,1000 -70.50,46.07,1000 -70.50,45.97,1000 -70.38,45.74,1000 -70.34,45.51,1000 -70.38,45.32,1000 -70.68,45.04,1000 -70.93,44.88,1000 -71.55,44.62,1000 -72.02,44.56,1000 -72.33,44.42,1000 -72.76,44.07,1000 -72.90,43.92,1000 -72.92,44.08,1000 -72.94,44.47,1000 -72.89,44.83,1000 -72.70,45.23,1000 -72.31,45.65,1000 -71.91,46.04,1000 -71.67,46.20,1000 -71.33,46.28,1000 -71.11,46.32,1000 -70.93,46.56,1000 -71.00,46.74,1000 -71.37,46.77,1000 -71.80,46.80,1000 -72.21,46.90,1000 -72.69,47.16,1000 -72.87,47.22,1000 -73.02,47.17,1000 -73.19,47.01,1000 -73.66,46.72,1000 -73.96,46.29,1000 -74.62,46.39,1000 -75.49,46.58,1000 -76.18,46.68,1000 -76.72,46.35,1000 -76.54,46.08,1000 -76.62,45.73,1000 -76.51,45.48,1000 -76.30,45.28,1000 -75.92,44.92,1000 -75.54,44.82,1000 -75.28,44.87,1000 -74.65,45.02,1000 -74.10,45.13,1000 -73.84,45.08,1000 -73.63,44.94,1000 -73.51,44.67,1000 -73.50,44.48,1000 -73.45,44.19,1000 -73.60,43.89,1000 -73.97,43.58,1000 -74.23,43.36,1000 -74.50,43.22,1000 -75.16,43.06,1000 -75.32,42.93,1000 -75.29,42.74,1000 -75.85,42.44,1000 -76.20,42.40,1000 -76.49,42.48,1000 -76.62,42.56,1000 -76.71,42.75,1000 -76.65,42.92,1000 -76.46,43.04,1000 -76.16,43.14,1000 -76.27,43.71,1000 -76.25,44.04,1000 -76.18,44.27,1000 -76.79,44.21,1000 -77.44,44.04,1000 -78.07,43.93,1000 -78.70,43.87,1000 -79.44,43.93,1000 -79.82,43.67,1000 -80.08,43.55,1000 -80.47,43.47,1000 -80.76,43.35,1000 -81.00,43.15,1000 -81.25,42.98,1000 -81.62,42.86,1000 -81.91,42.83,1000 -82.29,42.87,1000 -82.74,42.92,1000 -83.03,42.93,1000 -83.36,43.05,1000 -83.57,43.32,1000 -83.60,43.54,1000 -83.55,43.84,1000 -83.73,44.04,1000 -83.96,44.14,1000 -84.19,44.14,1000 -84.49,43.97,1000 -84.80,43.80,1000 -85.16,43.67,1000 -85.66,43.67,1000 -85.92,43.78,1000 -86.04,44.05,1000 -86.10,44.32,1000 -86.09,44.71,1000 -85.79,45.08,1000 -85.72,45.26,1000 -85.74,45.50,1000 -85.99,45.66,1000 -86.26,45.69,1000 -86.72,45.72,1000 -87.24,45.81,1000 -87.71,45.86,1000 -88.06,45.77,1000 -88.52,45.44,1000 -88.79,45.28,1000 -89.21,45.20,1000 -89.96,45.30,1000 -91.01,45.44,1000 -92.07,45.58,1000 -92.81,45.67,1000 -93.05,45.71,1000 -93.34,45.63,1000 -94.21,45.40,1000 -94.42,45.32,1000 -94.88,45.24,1000 -95.36,45.24,1000 -95.80,45.31,1000 -96.50,45.39,1000 -96.91,45.39,1000 -97.17,45.32,1000 -97.59,45.08,1000 -97.77,44.99,1000 -97.93,44.95,1000 -98.09,45.00,1000 -98.30,45.17,1000 -98.40,45.44,1000 -98.68,45.89,1000 -98.86,46.20,1000 -98.84,46.50,1000 -98.67,46.86,1000 -98.31,47.38,1000 -97.84,47.81,1000 -97.62,48.04,1000 -97.38,48.22,1000 -96.76,48.65,1000 -96.25,49.02,1000 -96.02,49.24,1000 -95.85,49.52,1000 -95.84,49.81,1000 -95.98,50.12,1000 -96.24,50.57,1000 -96.52,51.03,1000 -96.80,51.18,1000 -97.00,51.20,1000 -97.21,51.18,1000 -97.54,51.03,1000 -97.68,50.98,1000 -98.13,50.93,1000 -98.79,51.15,1000 -99.10,51.32,1000 -99.11,51.51,1000 -98.89,51.62,1000 -98.61,51.81,1000 -98.17,51.98,1000 -97.65,51.97,1000 -97.19,51.86,1000 -96.71,51.84,1000 -95.90,51.83,1000 -95.52,51.87,1000 -94.96,51.99,1000 -94.48,51.99,1000 -93.96,51.94,1000 -92.86,51.85,1000 -92.17,51.84,1000 -91.73,51.92,1000 -91.20,51.89,1000 -90.53,51.69,1000 -89.93,51.46,1000 -89.07,51.36,1000 -88.32,51.26,1000 -87.71,51.21,1000 -87.28,51.16,1000 -86.83,51.05,1000 -85.99,50.94,1000 -85.61,50.84,1000 -85.29,50.79,1000 -85.02,50.75,1000 -84.76,50.65,1000 -84.55,50.53,1000 -83.79,50.17,1000 -82.80,49.68,1000 -82.06,49.31,1000 -81.80,49.14,1000 -81.29,49.04,1000 -80.92,48.91,1000 -80.42,48.82,1000 -79.75,48.63,1000 -79.08,48.43,1000 -78.57,48.31,1000 -78.28,48.21,1000 -77.92,48.13,1000 -77.51,48.14,1000 -76.93,48.18,1000 -76.37,48.29,1000 -75.75,48.46,1000 -75.15,48.62,1000 -74.78,48.73,1000 -74.49,48.86,1000 -74.21,49.03,1000 -73.90,49.15,1000 -73.48,49.26,1000 -73.18,49.40,1000 -72.66,49.85,1000 -72.34,49.97,1000 -72.11,50.11,1000 -71.69,50.58,1000 -71.42,50.73,1000 -71.10,50.85,1000 -70.53,50.97,1000 -69.72,51.13,1000 -69.20,51.21,1000 
          </coordinates>
        </LinearRing>
      </innerBoundaryIs>
      <innerBoundaryIs>
        <LinearRing>
          <coordinates>
-78.29,43.50,1000 -78.20,43.50,1000 -78.12,43.51,1000 -78.03,43.50,1000 -77.95,43.49,1000 -77.88,43.47,1000 -77.82,43.45,1000 -77.76,43.42,1000 -77.69,43.39,1000 -77.63,43.36,1000 -77.57,43.33,1000 -77.51,43.29,1000 -77.45,43.26,1000 -77.39,43.21,1000 -77.33,43.16,1000 -77.29,43.11,1000 -77.24,43.06,1000 -77.19,43.00,1000 -77.15,42.94,1000 -77.11,42.88,1000 -77.08,42.83,1000 -77.05,42.78,1000 -77.03,42.71,1000 -77.02,42.65,1000 -77.03,42.59,1000 -77.05,42.53,1000 -77.07,42.48,1000 -77.10,42.43,1000 -77.14,42.38,1000 -77.19,42.33,1000 -77.24,42.28,1000 -77.29,42.24,1000 -77.34,42.19,1000 -77.40,42.14,1000 -77.46,42.09,1000 -77.52,42.05,1000 -77.59,42.02,1000 -77.66,42.00,1000 -77.74,41.98,1000 -77.83,41.97,1000 -77.91,41.96,1000 -78.00,41.95,1000 -78.08,41.94,1000 -78.16,41.93,1000 -78.25,41.91,1000 -78.33,41.90,1000 -78.41,41.89,1000 -78.49,41.87,1000 -78.56,41.86,1000 -78.64,41.84,1000 -78.72,41.82,1000 -78.79,41.79,1000 -78.86,41.77,1000 -78.92,41.76,1000 -78.99,41.75,1000 -79.05,41.75,1000 -79.12,41.75,1000 -79.20,41.76,1000 -79.27,41.76,1000 -79.35,41.76,1000 -79.44,41.77,1000 -79.52,41.77,1000 -79.61,41.78,1000 -79.68,41.80,1000 -79.76,41.83,1000 -79.84,41.86,1000 -79.91,41.90,1000 -79.97,41.95,1000 -80.00,42.00,1000 -80.00,42.05,1000 -79.98,42.10,1000 -79.94,42.15,1000 -79.90,42.21,1000 -79.86,42.27,1000 -79.83,42.34,1000 -79.82,42.40,1000 -79.82,42.47,1000 -79.82,42.54,1000 -79.82,42.61,1000 -79.82,42.68,1000 -79.82,42.75,1000 -79.80,42.81,1000 -79.78,42.86,1000 -79.73,42.91,1000 -79.65,42.95,1000 -79.57,42.98,1000 -79.48,43.01,1000 -79.39,43.03,1000 -79.32,43.05,1000 -79.23,43.07,1000 -79.16,43.09,1000 -79.09,43.10,1000 -79.03,43.12,1000 -78.97,43.15,1000 -78.92,43.18,1000 -78.87,43.21,1000 -78.81,43.25,1000 -78.76,43.28,1000 -78.70,43.32,1000 -78.64,43.36,1000 -78.58,43.40,1000 -78.52,43.44,1000 -78.29,43.50,1000 
          </coordinates>
        </LinearRing>
      </innerBoundaryIs>
      <innerBoundaryIs>
        <LinearRing>
          <coordinates>
-80.65,45.37,1000 -80.63,45.37,1000 -80.62,45.36,1000 -80.60,45.36,1000 -80.59,45.36,1000 -80.58,45.36,1000 -80.56,45.35,1000 -80.55,45.35,1000 -80.53,45.35,1000 -80.52,45.34,1000 -80.51,45.34,1000 -80.50,45.34,1000 -80.48,45.33,1000 -80.47,45.33,1000 -80.46,45.33,1000 -80.45,45.32,1000 -80.44,45.32,1000 -80.43,45.31,1000 -80.42,45.30,1000 -80.41,45.29,1000 -80.41,45.29,1000 -80.40,45.28,1000 -80.39,45.27,1000 -80.38,45.26,1000 -80.37,45.25,1000 -80.36,45.24,1000 -80.35,45.23,1000 -80.35,45.22,1000 -80.34,45.21,1000 -80.33,45.20,1000 -80.32,45.19,1000 -80.32,45.18,1000 -80.31,45.17,1000 -80.31,45.16,1000 -80.31,45.16,1000 -80.31,45.15,1000 -80.31,45.14,1000 -80.32,45.13,1000 -80.33,45.12,1000 -80.34,45.12,1000 -80.36,45.11,1000 -80.37,45.10,1000 -80.39,45.10,1000 -80.41,45.09,1000 -80.42,45.09,1000 -80.44,45.09,1000 -80.45,45.09,1000 -80.46,45.09,1000 -80.47,45.09,1000 -80.48,45.10,1000 -80.50,45.10,1000 -80.51,45.11,1000 -80.52,45.12,1000 -80.53,45.12,1000 -80.54,45.13,1000 -80.55,45.14,1000 -80.56,45.15,1000 -80.57,45.15,1000 -80.58,45.16,1000 -80.59,45.17,1000 -80.60,45.18,1000 -80.61,45.19,1000 -80.61,45.20,1000 -80.62,45.21,1000 -80.62,45.22,1000 -80.63,45.23,1000 -80.64,45.24,1000 -80.64,45.25,1000 -80.64,45.26,1000 -80.65,45.27,1000 -80.65,45.27,1000 -80.66,45.28,1000 -80.66,45.29,1000 -80.67,45.30,1000 -80.67,45.32,1000 -80.67,45.33,1000 -80.68,45.33,1000 -80.68,45.34,1000 -80.68,45.35,1000 -80.65,45.37,1000 
          </coordinates>
        </LinearRing>
      </innerBoundaryIs>
      <innerBoundaryIs>
        <LinearRing>
          <coordinates>
-100.19,51.30,1000 -100.16,51.30,1000 -100.12,51.30,1000 -100.09,51.30,1000 -100.06,51.30,1000 -100.03,51.30,1000 -100.00,51.31,1000 -99.97,51.31,1000 -99.93,51.30,1000 -99.90,51.29,1000 -99.87,51.28,1000 -99.84,51.27,1000 -99.81,51.25,1000 -99.77,51.23,1000 -99.74,51.22,1000 -99.71,51.20,1000 -99.68,51.19,1000 -99.66,51.18,1000 -99.63,51.17,1000 -99.62,51.15,1000 -99.61,51.13,1000 -99.59,51.11,1000 -99.57,51.09,1000 -99.56,51.07,1000 -99.54,51.04,1000 -99.53,51.01,1000 -99.52,50.99,1000 -99.52,50.97,1000 -99.52,50.94,1000 -99.53,50.91,1000 -99.53,50.89,1000 -99.54,50.86,1000 -99.55,50.84,1000 -99.56,50.82,1000 -99.57,50.80,1000 -99.59,50.79,1000 -99.61,50.78,1000 -99.64,50.76,1000 -99.66,50.75,1000 -99.69,50.73,1000 -99.73,50.72,1000 -99.76,50.70,1000 -99.79,50.68,1000 -99.82,50.67,1000 -99.84,50.66,1000 -99.86,50.64,1000 -99.89,50.64,1000 -99.92,50.64,1000 -99.95,50.63,1000 -99.99,50.63,1000 -100.04,50.63,1000 -100.08,50.62,1000 -100.12,50.62,1000 -100.15,50.62,1000 -100.19,50.62,1000 -100.22,50.63,1000 -100.24,50.64,1000 -100.27,50.65,1000 -100.30,50.66,1000 -100.33,50.66,1000 -100.37,50.67,1000 -100.41,50.68,1000 -100.44,50.69,1000 -100.47,50.71,1000 -100.51,50.72,1000 -100.54,50.74,1000 -100.58,50.76,1000 -100.61,50.77,1000 -100.64,50.79,1000 -100.66,50.80,1000 -100.68,50.81,1000 -100.68,50.83,1000 -100.69,50.85,1000 -100.70,50.87,1000 -100.72,50.89,1000 -100.73,50.91,1000 -100.75,50.94,1000 -100.75,50.96,1000 -100.75,50.98,1000 -100.74,51.01,1000 -100.73,51.03,1000 -100.71,51.05,1000 -100.70,51.07,1000 -100.69,51.09,1000 -100.70,51.10,1000 -100.68,51.12,1000 -100.66,51.13,1000 -100.64,51.15,1000 -100.61,51.16,1000 -100.57,51.18,1000 -100.54,51.20,1000 -100.50,51.22,1000 -100.47,51.24,1000 -100.44,51.25,1000 -100.40,51.26,1000 -100.36,51.27,1000 -100.32,51.28,1000 -100.29,51.29,1000 -100.25,51.29,1000 -100.21,51.30,1000 -100.19,51.30,1000 
          </coordinates>
        </LinearRing>
      </innerBoundaryIs>
  </Polygon>
 </MultiGeometry>
</Placemark>
<Placemark>
  <name>5%</name>
  <visibility>1</visibility>
  <styleUrl>#poly_5</styleUrl>
  <MultiGeometry>
    <Polygon>
      <outerBoundaryIs>
        <LinearRing>
          <coordinates>
-69.20,51.21,1000 -68.12,51.14,1000 -67.53,51.05,1000 -67.09,50.87,1000 -66.42,50.62,1000 -65.81,50.35,1000 -65.44,49.96,1000 -64.99,49.72,1000 -64.42,49.48,1000 -63.83,49.24,1000 -63.18,48.94,1000 -62.90,48.77,1000 -62.74,48.54,1000 -62.24,48.19,1000 -61.75,47.83,1000 -61.70,47.51,1000 -61.80,47.22,1000 -62.03,46.90,1000 -62.25,46.78,1000 -62.60,46.71,1000 -63.18,46.77,1000 -64.14,46.90,1000 -64.78,46.96,1000 -65.14,47.02,1000 -65.57,46.97,1000 -65.83,46.91,1000 -66.13,46.77,1000 -66.63,46.50,1000 -66.92,46.38,1000 -67.15,46.33,1000 -67.35,46.37,1000 -67.53,46.53,1000 -67.67,46.79,1000 -67.97,46.79,1000 -68.18,46.73,1000 -68.49,46.64,1000 -68.74,46.50,1000 -69.08,46.44,1000 -69.56,46.44,1000 -70.08,46.22,1000 -70.32,46.13,1000 -70.50,46.07,1000 -70.50,45.97,1000 -70.38,45.74,1000 -70.34,45.51,1000 -70.38,45.32,1000 -70.68,45.04,1000 -70.93,44.88,1000 -71.55,44.62,1000 -72.02,44.56,1000 -72.33,44.42,1000 -72.76,44.07,1000 -72.90,43.92,1000 -72.92,44.08,1000 -72.94,44.47,1000 -72.89,44.83,1000 -72.70,45.23,1000 -72.31,45.65,1000 -71.91,46.04,1000 -71.67,46.20,1000 -71.33,46.28,1000 -71.11,46.32,1000 -70.93,46.56,1000 -71.00,46.74,1000 -71.37,46.77,1000 -71.80,46.80,1000 -72.21,46.90,1000 -72.69,47.16,1000 -72.87,47.22,1000 -73.02,47.17,1000 -73.19,47.01,1000 -73.66,46.72,1000 -73.96,46.29,1000 -74.62,46.39,1000 -75.49,46.58,1000 -76.18,46.68,1000 -76.72,46.35,1000 -76.54,46.08,1000 -76.62,45.73,1000 -76.51,45.48,1000 -76.30,45.28,1000 -75.92,44.92,1000 -75.54,44.82,1000 -75.28,44.87,1000 -74.65,45.02,1000 -74.10,45.13,1000 -73.84,45.08,1000 -73.63,44.94,1000 -73.51,44.67,1000 -73.50,44.48,1000 -73.45,44.19,1000 -73.60,43.89,1000 -73.97,43.58,1000 -74.23,43.36,1000 -74.50,43.22,1000 -75.16,43.06,1000 -75.32,42.93,1000 -75.29,42.74,1000 -75.85,42.44,1000 -76.20,42.40,1000 -76.49,42.48,1000 -76.62,42.56,1000 -76.71,42.75,1000 -76.65,42.92,1000 -76.46,43.04,1000 -76.16,43.14,1000 -76.27,43.71,1000 -76.25,44.04,1000 -76.18,44.27,1000 -76.79,44.21,1000 -77.44,44.04,1000 -78.07,43.93,1000 -78.70,43.87,1000 -79.44,43.93,1000 -79.82,43.67,1000 -80.08,43.55,1000 -80.47,43.47,1000 -80.76,43.35,1000 -81.00,43.15,1000 -81.25,42.98,1000 -81.62,42.86,1000 -81.91,42.83,1000 -82.29,42.87,1000 -82.74,42.92,1000 -83.03,42.93,1000 -83.36,43.05,1000 -83.57,43.32,1000 -83.60,43.54,1000 -83.55,43.84,1000 -83.73,44.04,1000 -83.96,44.14,1000 -84.19,44.14,1000 -84.49,43.97,1000 -84.80,43.80,1000 -85.16,43.67,1000 -85.66,43.67,1000 -85.92,43.78,1000 -86.04,44.05,1000 -86.10,44.32,1000 -86.09,44.71,1000 -85.79,45.08,1000 -85.72,45.26,1000 -85.74,45.50,1000 -85.99,45.66,1000 -86.26,45.69,1000 -86.72,45.72,1000 -87.24,45.81,1000 -87.71,45.86,1000 -88.06,45.77,1000 -88.52,45.44,1000 -88.79,45.28,1000 -89.21,45.20,1000 -89.96,45.30,1000 -91.01,45.44,1000 -92.07,45.58,1000 -92.81,45.67,1000 -93.05,45.71,1000 -93.34,45.63,1000 -94.21,45.40,1000 -94.42,45.32,1000 -94.88,45.24,1000 -95.36,45.24,1000 -95.80,45.31,1000 -96.50,45.39,1000 -96.91,45.39,1000 -97.17,45.32,1000 -97.59,45.08,1000 -97.77,44.99,1000 -97.93,44.95,1000 -98.09,45.00,1000 -98.30,45.17,1000 -98.40,45.44,1000 -98.68,45.89,1000 -98.86,46.20,1000 -98.84,46.50,1000 -98.67,46.86,1000 -98.31,47.38,1000 -97.84,47.81,1000 -97.62,48.04,1000 -97.38,48.22,1000 -96.76,48.65,1000 -96.25,49.02,1000 -96.02,49.24,1000 -95.85,49.52,1000 -95.84,49.81,1000 -95.98,50.12,1000 -96.24,50.57,1000 -96.52,51.03,1000 -96.80,51.18,1000 -97.00,51.20,1000 -97.21,51.18,1000 -97.54,51.03,1000 -97.68,50.98,1000 -98.13,50.93,1000 -98.79,51.15,1000 -99.10,51.32,1000 -99.11,51.51,1000 -98.89,51.62,1000 -98.61,51.81,1000 -98.17,51.98,1000 -97.65,51.97,1000 -97.19,51.86,1000 -96.71,51.84,1000 -95.90,51.83,1000 -95.52,51.87,1000 -94.96,51.99,1000 -94.48,51.99,1000 -93.96,51.94,1000 -92.86,51.85,1000 -92.17,51.84,1000 -91.73,51.92,1000 -91.20,51.89,1000 -90.53,51.69,1000 -89.93,51.46,1000 -89.07,51.36,1000 -88.32,51.26,1000 -87.71,51.21,1000 -87.28,51.16,1000 -86.83,51.05,1000 -85.99,50.94,1000 -85.61,50.84,1000 -85.29,50.79,1000 -85.02,50.75,1000 -84.76,50.65,1000 -84.55,50.53,1000 -83.79,50.17,1000 -82.80,49.68,1000 -82.06,49.31,1000 -81.80,49.14,1000 -81.29,49.04,1000 -80.92,48.91,1000 -80.42,48.82,1000 -79.75,48.63,1000 -79.08,48.43,1000 -78.57,48.31,1000 -78.28,48.21,1000 -77.92,48.13,1000 -77.51,48.14,1000 -76.93,48.18,1000 -76.37,48.29,1000 -75.75,48.46,1000 -75.15,48.62,1000 -74.78,48.73,1000 -74.49,48.86,1000 -74.21,49.03,1000 -73.90,49.15,1000 -73.48,49.26,1000 -73.18,49.40,1000 -72.66,49.85,1000 -72.34,49.97,1000 -72.11,50.11,1000 -71.69,50.58,1000 -71.42,50.73,1000 -71.10,50.85,1000 -70.53,50.97,1000 -69.72,51.13,1000 -69.20,51.21,1000 
          </coordinates>
        </LinearRing>
      </outerBoundaryIs>
      <innerBoundaryIs>
        <LinearRing>
          <coordinates>
-80.65,45.37,1000 -80.63,45.37,1000 -80.62,45.36,1000 -80.60,45.36,1000 -80.59,45.36,1000 -80.58,45.36,1000 -80.56,45.35,1000 -80.55,45.35,1000 -80.53,45.35,1000 -80.52,45.34,1000 -80.51,45.34,1000 -80.50,45.34,1000 -80.48,45.33,1000 -80.47,45.33,1000 -80.46,45.33,1000 -80.45,45.32,1000 -80.44,45.32,1000 -80.43,45.31,1000 -80.42,45.30,1000 -80.41,45.29,1000 -80.41,45.29,1000 -80.40,45.28,1000 -80.39,45.27,1000 -80.38,45.26,1000 -80.37,45.25,1000 -80.36,45.24,1000 -80.35,45.23,1000 -80.35,45.22,1000 -80.34,45.21,1000 -80.33,45.20,1000 -80.32,45.19,1000 -80.32,45.18,1000 -80.31,45.17,1000 -80.31,45.16,1000 -80.31,45.16,1000 -80.31,45.15,1000 -80.31,45.14,1000 -80.32,45.13,1000 -80.33,45.12,1000 -80.34,45.12,1000 -80.36,45.11,1000 -80.37,45.10,1000 -80.39,45.10,1000 -80.41,45.09,1000 -80.42,45.09,1000 -80.44,45.09,1000 -80.45,45.09,1000 -80.46,45.09,1000 -80.47,45.09,1000 -80.48,45.10,1000 -80.50,45.10,1000 -80.51,45.11,1000 -80.52,45.12,1000 -80.53,45.12,1000 -80.54,45.13,1000 -80.55,45.14,1000 -80.56,45.15,1000 -80.57,45.15,1000 -80.58,45.16,1000 -80.59,45.17,1000 -80.60,45.18,1000 -80.61,45.19,1000 -80.61,45.20,1000 -80.62,45.21,1000 -80.62,45.22,1000 -80.63,45.23,1000 -80.64,45.24,1000 -80.64,45.25,1000 -80.64,45.26,1000 -80.65,45.27,1000 -80.65,45.27,1000 -80.66,45.28,1000 -80.66,45.29,1000 -80.67,45.30,1000 -80.67,45.32,1000 -80.67,45.33,1000 -80.68,45.33,1000 -80.68,45.34,1000 -80.68,45.35,1000 -80.65,45.37,1000 
          </coordinates>
        </LinearRing>
      </innerBoundaryIs>
      <innerBoundaryIs>
        <LinearRing>
          <coordinates>
-76.23,42.97,2000 -76.20,42.97,2000 -76.18,42.97,2000 -76.15,42.98,2000 -76.12,42.98,2000 -76.10,42.98,2000 -76.07,42.98,2000 -76.04,42.98,2000 -76.02,42.98,2000 -75.99,42.98,2000 -75.96,42.98,2000 -75.94,42.98,2000 -75.91,42.97,2000 -75.88,42.97,2000 -75.86,42.97,2000 -75.83,42.96,2000 -75.81,42.96,2000 -75.78,42.95,2000 -75.76,42.94,2000 -75.74,42.93,2000 -75.71,42.92,2000 -75.68,42.90,2000 -75.66,42.89,2000 -75.63,42.88,2000 -75.61,42.86,2000 -75.59,42.84,2000 -75.58,42.83,2000 -75.57,42.81,2000 -75.57,42.79,2000 -75.57,42.77,2000 -75.58,42.75,2000 -75.59,42.73,2000 -75.60,42.71,2000 -75.61,42.69,2000 -75.63,42.67,2000 -75.64,42.66,2000 -75.66,42.64,2000 -75.68,42.62,2000 -75.70,42.61,2000 -75.73,42.60,2000 -75.75,42.59,2000 -75.78,42.58,2000 -75.80,42.57,2000 -75.83,42.56,2000 -75.86,42.55,2000 -75.88,42.54,2000 -75.91,42.53,2000 -75.94,42.52,2000 -75.97,42.51,2000 -75.99,42.51,2000 -76.01,42.50,2000 -76.04,42.49,2000 -76.05,42.48,2000 -76.08,42.48,2000 -76.10,42.48,2000 -76.13,42.48,2000 -76.15,42.49,2000 -76.19,42.49,2000 -76.22,42.49,2000 -76.25,42.50,2000 -76.28,42.50,2000 -76.30,42.51,2000 -76.32,42.51,2000 -76.35,42.52,2000 -76.35,42.52,2000 -76.37,42.54,2000 -76.38,42.55,2000 -76.40,42.57,2000 -76.42,42.59,2000 -76.44,42.60,2000 -76.46,42.62,2000 -76.48,42.64,2000 -76.49,42.66,2000 -76.51,42.68,2000 -76.52,42.69,2000 -76.54,42.71,2000 -76.55,42.72,2000 -76.55,42.73,2000 -76.54,42.74,2000 -76.54,42.76,2000 -76.52,42.78,2000 -76.51,42.80,2000 -76.50,42.82,2000 -76.49,42.84,2000 -76.48,42.86,2000 -76.47,42.87,2000 -76.46,42.89,2000 -76.45,42.90,2000 -76.23,42.97,2000 
          </coordinates>
        </LinearRing>
      </innerBoundaryIs>
      <innerBoundaryIs>
        <LinearRing>
          <coordinates>
-74.37,45.00,2000 -74.28,45.02,2000 -74.18,45.03,2000 -74.09,45.03,2000 -74.01,45.02,2000 -73.93,45.00,2000 -73.86,44.97,2000 -73.79,44.93,2000 -73.73,44.87,2000 -73.70,44.82,2000 -73.67,44.76,2000 -73.64,44.70,2000 -73.62,44.63,2000 -73.60,44.57,2000 -73.59,44.51,2000 -73.58,44.44,2000 -73.58,44.38,2000 -73.58,44.32,2000 -73.59,44.26,2000 -73.59,44.20,2000 -73.60,44.13,2000 -73.61,44.07,2000 -73.65,44.00,2000 -73.69,43.95,2000 -73.75,43.90,2000 -73.81,43.85,2000 -73.88,43.80,2000 -73.95,43.74,2000 -74.01,43.69,2000 -74.07,43.64,2000 -74.13,43.58,2000 -74.19,43.52,2000 -74.25,43.47,2000 -74.31,43.42,2000 -74.37,43.38,2000 -74.44,43.34,2000 -74.52,43.31,2000 -74.59,43.28,2000 -74.67,43.26,2000 -74.74,43.24,2000 -74.83,43.22,2000 -74.91,43.21,2000 -75.00,43.21,2000 -75.09,43.21,2000 -75.18,43.21,2000 -75.28,43.22,2000 -75.37,43.23,2000 -75.46,43.24,2000 -75.55,43.25,2000 -75.64,43.26,2000 -75.72,43.27,2000 -75.79,43.29,2000 -75.87,43.31,2000 -75.93,43.34,2000 -75.99,43.38,2000 -76.04,43.43,2000 -76.09,43.50,2000 -76.12,43.56,2000 -76.14,43.61,2000 -76.15,43.67,2000 -76.14,43.74,2000 -76.12,43.79,2000 -76.09,43.85,2000 -76.06,43.91,2000 -76.02,43.97,2000 -75.99,44.02,2000 -75.95,44.07,2000 -75.90,44.12,2000 -75.84,44.15,2000 -75.79,44.18,2000 -75.74,44.21,2000 -75.70,44.26,2000 -75.66,44.31,2000 -75.60,44.38,2000 -75.56,44.43,2000 -75.51,44.48,2000 -75.45,44.54,2000 -75.39,44.59,2000 -75.33,44.65,2000 -75.27,44.69,2000 -75.20,44.73,2000 -75.12,44.77,2000 -75.05,44.79,2000 -74.97,44.82,2000 -74.89,44.84,2000 -74.37,45.00,2000 
          </coordinates>
        </LinearRing>
      </innerBoundaryIs>
      <innerBoundaryIs>
        <LinearRing>
          <coordinates>
-68.97,51.11,2000 -68.55,51.08,2000 -68.06,51.08,2000 -67.63,51.01,2000 -67.31,50.88,2000 -66.74,50.68,2000 -66.17,50.46,2000 -65.75,50.20,2000 -65.48,49.90,2000 -65.11,49.70,2000 -64.69,49.52,2000 -64.13,49.30,2000 -63.58,49.07,2000 -63.16,48.86,2000 -62.83,48.51,2000 -62.68,48.34,2000 -62.42,48.20,2000 -61.93,47.94,2000 -61.80,47.73,2000 -61.77,47.50,2000 -61.89,47.18,2000 -62.08,46.97,2000 -62.31,46.83,2000 -62.70,46.81,2000 -63.45,46.86,2000 -64.22,46.96,2000 -64.96,47.05,2000 -65.45,47.07,2000 -65.91,46.97,2000 -66.77,46.53,2000 -67.01,46.46,2000 -67.27,46.49,2000 -67.39,46.79,2000 -67.54,46.91,2000 -67.93,46.91,2000 -68.44,46.74,2000 -68.97,46.57,2000 -69.53,46.59,2000 -70.13,46.37,2000 -70.35,46.29,2000 -70.68,46.38,2000 -70.70,46.86,2000 -71.11,46.84,2000 -71.56,46.87,2000 -71.99,46.92,2000 -72.41,47.10,2000 -72.82,47.35,2000 -73.04,47.37,2000 -73.16,47.31,2000 -73.37,47.07,2000 -73.54,46.97,2000 -73.95,46.69,2000 -74.09,46.46,2000 -74.27,46.30,2000 -74.54,46.32,2000 -74.80,46.54,2000 -75.16,46.93,2000 -75.50,47.08,2000 -75.89,47.10,2000 -76.18,46.95,2000 -76.40,46.77,2000 -76.57,46.71,2000 -76.89,46.70,2000 -77.24,46.72,2000 -77.49,46.59,2000 -77.59,46.31,2000 -77.59,46.09,2000 -77.39,45.93,2000 -77.13,45.86,2000 -76.75,45.50,2000 -76.41,45.12,2000 -76.17,44.72,2000 -76.20,44.60,2000 -76.39,44.51,2000 -76.59,44.46,2000 -77.28,44.40,2000 -77.64,44.18,2000 -77.78,44.08,2000 -78.04,44.03,2000 -78.66,43.98,2000 -79.29,44.09,2000 -79.59,44.05,2000 -79.69,43.94,2000 -79.90,43.71,2000 -80.23,43.60,2000 -80.77,43.47,2000 -81.04,43.33,2000 -81.24,43.16,2000 -81.71,42.99,2000 -82.07,43.00,2000 -82.35,43.06,2000 -82.89,43.07,2000 -83.11,43.10,2000 -83.34,43.29,2000 -83.36,43.50,2000 -83.28,43.69,2000 -83.20,43.94,2000 -83.26,44.10,2000 -83.81,44.29,2000 -84.21,44.35,2000 -84.49,44.24,2000 -84.87,43.97,2000 -85.20,43.83,2000 -85.51,43.82,2000 -85.75,43.93,2000 -85.97,44.28,2000 -86.00,44.59,2000 -85.84,44.84,2000 -85.54,45.13,2000 -85.47,45.76,2000 -85.52,45.82,2000 -85.77,45.83,2000 -86.17,45.79,2000 -86.66,45.80,2000 -87.12,45.90,2000 -87.55,45.94,2000 -87.92,45.92,2000 -88.34,45.71,2000 -88.80,45.42,2000 -89.10,45.33,2000 -89.50,45.37,2000 -89.84,45.42,2000 -90.25,45.42,2000 -90.76,45.52,2000 -91.14,45.56,2000 -91.49,45.54,2000 -92.13,45.63,2000 -92.54,45.72,2000 -92.86,45.77,2000 -93.19,45.75,2000 -93.70,45.60,2000 -94.04,45.54,2000 -94.37,45.43,2000 -94.90,45.32,2000 -95.68,45.38,2000 -96.44,45.45,2000 -96.86,45.47,2000 -97.24,45.36,2000 -97.66,45.09,2000 -97.86,45.04,2000 -98.06,45.09,2000 -98.24,45.25,2000 -98.46,45.72,2000 -98.68,46.07,2000 -98.77,46.33,2000 -98.71,46.55,2000 -98.50,46.96,2000 -98.27,47.29,2000 -97.75,47.78,2000 -97.47,48.04,2000 -97.06,48.31,2000 -96.65,48.59,2000 -96.23,48.89,2000 -95.80,49.25,2000 -95.50,49.57,2000 -95.60,49.96,2000 -95.87,50.38,2000 -96.16,50.81,2000 -96.47,51.21,2000 -96.85,51.44,2000 -97.01,51.51,2000 -96.86,51.61,2000 -96.66,51.69,2000 -95.86,51.72,2000 -95.20,51.84,2000 -94.97,51.89,2000 -94.61,51.90,2000 -94.11,51.85,2000 -93.54,51.79,2000 -92.73,51.76,2000 -92.05,51.80,2000 -91.38,51.81,2000 -90.69,51.62,2000 -90.35,51.47,2000 -90.06,51.39,2000 -89.35,51.28,2000 -88.52,51.23,2000 -87.63,51.14,2000 -86.92,51.01,2000 -86.26,50.90,2000 -85.60,50.78,2000 -84.95,50.64,2000 -84.60,50.48,2000 -84.21,50.23,2000 -83.71,50.08,2000 -83.38,49.91,2000 -83.16,49.74,2000 -82.54,49.52,2000 -82.17,49.30,2000 -81.99,49.16,2000 -81.64,49.05,2000 -80.90,48.86,2000 -79.92,48.60,2000 -79.16,48.39,2000 -78.57,48.21,2000 -78.11,48.08,2000 -77.66,48.03,2000 -76.90,48.08,2000 -76.37,48.19,2000 -75.34,48.45,2000 -74.53,48.74,2000 -73.97,49.05,2000 -73.34,49.23,2000 -72.92,49.52,2000 -72.52,49.80,2000 -72.15,49.96,2000 -71.81,50.32,2000 -71.62,50.52,2000 -71.42,50.66,2000 -71.17,50.76,2000 -70.88,50.82,2000 -69.79,51.03,2000 -69.18,51.11,2000 -68.97,51.11,2000 
          </coordinates>
        </LinearRing>
      </innerBoundaryIs>
      <innerBoundaryIs>
        <LinearRing>
          <coordinates>
-71.65,46.07,2000 -71.59,46.09,2000 -71.53,46.11,2000 -71.46,46.12,2000 -71.40,46.13,2000 -71.34,46.13,2000 -71.28,46.12,2000 -71.21,46.11,2000 -71.15,46.09,2000 -71.10,46.06,2000 -71.05,46.03,2000 -71.00,46.00,2000 -70.95,45.96,2000 -70.90,45.92,2000 -70.85,45.89,2000 -70.79,45.85,2000 -70.74,45.82,2000 -70.68,45.78,2000 -70.63,45.74,2000 -70.59,45.71,2000 -70.55,45.66,2000 -70.52,45.61,2000 -70.50,45.56,2000 -70.49,45.52,2000 -70.48,45.46,2000 -70.48,45.41,2000 -70.49,45.36,2000 -70.51,45.32,2000 -70.54,45.27,2000 -70.58,45.23,2000 -70.62,45.19,2000 -70.66,45.15,2000 -70.71,45.12,2000 -70.76,45.08,2000 -70.82,45.05,2000 -70.88,45.02,2000 -70.94,44.99,2000 -71.01,44.96,2000 -71.07,44.94,2000 -71.14,44.91,2000 -71.21,44.89,2000 -71.27,44.86,2000 -71.34,44.84,2000 -71.41,44.83,2000 -71.47,44.81,2000 -71.53,44.79,2000 -71.59,44.78,2000 -71.65,44.78,2000 -71.73,44.77,2000 -71.79,44.77,2000 -71.86,44.77,2000 -71.93,44.78,2000 -72.01,44.78,2000 -72.08,44.79,2000 -72.15,44.79,2000 -72.21,44.78,2000 -72.28,44.76,2000 -72.34,44.72,2000 -72.40,44.68,2000 -72.45,44.65,2000 -72.49,44.63,2000 -72.56,44.65,2000 -72.61,44.69,2000 -72.64,44.74,2000 -72.63,44.77,2000 -72.61,44.81,2000 -72.57,44.85,2000 -72.54,44.91,2000 -72.52,44.95,2000 -72.50,45.00,2000 -72.49,45.05,2000 -72.47,45.10,2000 -72.45,45.15,2000 -72.43,45.20,2000 -72.41,45.24,2000 -72.39,45.30,2000 -72.37,45.34,2000 -72.34,45.38,2000 -72.30,45.43,2000 -72.26,45.46,2000 -72.22,45.50,2000 -72.17,45.54,2000 -72.12,45.58,2000 -72.07,45.62,2000 -72.03,45.66,2000 -71.99,45.69,2000 -71.94,45.74,2000 -71.91,45.79,2000 -71.88,45.83,2000 -71.86,45.87,2000 -71.65,46.07,2000 
          </coordinates>
        </LinearRing>
      </innerBoundaryIs>
      <innerBoundaryIs>
        <LinearRing>
          <coordinates>
-80.86,45.59,2000 -80.82,45.60,2000 -80.78,45.60,2000 -80.74,45.61,2000 -80.70,45.61,2000 -80.66,45.61,2000 -80.62,45.60,2000 -80.58,45.59,2000 -80.54,45.57,2000 -80.50,45.55,2000 -80.46,45.53,2000 -80.43,45.51,2000 -80.41,45.50,2000 -80.39,45.49,2000 -80.37,45.47,2000 -80.35,45.45,2000 -80.32,45.43,2000 -80.29,45.40,2000 -80.26,45.37,2000 -80.23,45.35,2000 -80.21,45.33,2000 -80.19,45.31,2000 -80.17,45.30,2000 -80.16,45.28,2000 -80.14,45.26,2000 -80.11,45.24,2000 -80.09,45.21,2000 -80.07,45.18,2000 -80.05,45.16,2000 -80.03,45.13,2000 -80.02,45.10,2000 -80.00,45.08,2000 -79.99,45.05,2000 -79.98,45.02,2000 -79.98,45.00,2000 -79.98,44.97,2000 -79.99,44.95,2000 -80.01,44.93,2000 -80.03,44.91,2000 -80.07,44.88,2000 -80.10,44.86,2000 -80.14,44.84,2000 -80.18,44.83,2000 -80.22,44.82,2000 -80.25,44.81,2000 -80.28,44.81,2000 -80.32,44.82,2000 -80.35,44.83,2000 -80.38,44.84,2000 -80.42,44.86,2000 -80.45,44.88,2000 -80.48,44.89,2000 -80.51,44.90,2000 -80.55,44.92,2000 -80.59,44.94,2000 -80.62,44.95,2000 -80.66,44.97,2000 -80.69,44.98,2000 -80.71,44.99,2000 -80.73,45.00,2000 -80.75,45.01,2000 -80.77,45.02,2000 -80.79,45.04,2000 -80.82,45.07,2000 -80.85,45.09,2000 -80.88,45.11,2000 -80.91,45.13,2000 -80.93,45.15,2000 -80.96,45.17,2000 -80.98,45.18,2000 -81.00,45.20,2000 -81.01,45.22,2000 -81.03,45.24,2000 -81.04,45.27,2000 -81.06,45.30,2000 -81.07,45.33,2000 -81.08,45.35,2000 -81.08,45.38,2000 -81.08,45.41,2000 -81.07,45.44,2000 -81.05,45.46,2000 -81.03,45.49,2000 -81.01,45.51,2000 -80.99,45.54,2000 -80.86,45.59,2000 
          </coordinates>
        </LinearRing>
      </innerBoundaryIs>
      <innerBoundaryIs>
        <LinearRing>
          <coordinates>
-98.13,51.87,2000 -98.09,51.87,2000 -98.04,51.88,2000 -98.00,51.88,2000 -97.96,51.88,2000 -97.91,51.88,2000 -97.87,51.88,2000 -97.82,51.87,2000 -97.78,51.87,2000 -97.73,51.86,2000 -97.69,51.85,2000 -97.65,51.84,2000 -97.62,51.83,2000 -97.61,51.83,2000 -97.59,51.82,2000 -97.56,51.80,2000 -97.52,51.78,2000 -97.48,51.76,2000 -97.45,51.74,2000 -97.41,51.72,2000 -97.38,51.70,2000 -97.35,51.69,2000 -97.30,51.68,2000 -97.27,51.67,2000 -97.25,51.65,2000 -97.23,51.63,2000 -97.20,51.61,2000 -97.18,51.58,2000 -97.15,51.55,2000 -97.14,51.53,2000 -97.14,51.51,2000 -97.16,51.49,2000 -97.19,51.48,2000 -97.23,51.47,2000 -97.27,51.46,2000 -97.31,51.45,2000 -97.34,51.44,2000 -97.37,51.42,2000 -97.39,51.40,2000 -97.41,51.39,2000 -97.43,51.37,2000 -97.45,51.35,2000 -97.47,51.33,2000 -97.50,51.32,2000 -97.53,51.30,2000 -97.56,51.29,2000 -97.59,51.27,2000 -97.62,51.25,2000 -97.66,51.24,2000 -97.70,51.22,2000 -97.74,51.21,2000 -97.77,51.19,2000 -97.80,51.18,2000 -97.82,51.16,2000 -97.85,51.16,2000 -97.88,51.16,2000 -97.93,51.15,2000 -97.98,51.15,2000 -98.03,51.15,2000 -98.07,51.15,2000 -98.11,51.15,2000 -98.15,51.15,2000 -98.17,51.16,2000 -98.20,51.17,2000 -98.23,51.18,2000 -98.26,51.19,2000 -98.30,51.20,2000 -98.34,51.21,2000 -98.37,51.23,2000 -98.40,51.24,2000 -98.42,51.26,2000 -98.45,51.27,2000 -98.48,51.29,2000 -98.50,51.31,2000 -98.52,51.33,2000 -98.54,51.35,2000 -98.55,51.38,2000 -98.56,51.41,2000 -98.57,51.43,2000 -98.58,51.46,2000 -98.58,51.49,2000 -98.58,51.51,2000 -98.57,51.54,2000 -98.56,51.57,2000 -98.54,51.59,2000 -98.53,51.62,2000 -98.51,51.64,2000 -98.50,51.66,2000 -98.48,51.68,2000 -98.46,51.70,2000 -98.44,51.72,2000 -98.41,51.73,2000 -98.39,51.75,2000 -98.36,51.77,2000 -98.33,51.79,2000 -98.29,51.80,2000 -98.26,51.82,2000 -98.13,51.87,2000 
          </coordinates>
        </LinearRing>
      </innerBoundaryIs>
  </Polygon>
 </MultiGeometry>
</Placemark>
<Placemark>
  <name>5%</name>
  <visibility>1</visibility>
  <styleUrl>#poly_5</styleUrl>
  <MultiGeometry>
    <Polygon>
      <outerBoundaryIs>
        <LinearRing>
          <coordinates>
-78.29,43.50,1000 -78.20,43.50,1000 -78.12,43.51,1000 -78.03,43.50,1000 -77.95,43.49,1000 -77.88,43.47,1000 -77.82,43.45,1000 -77.76,43.42,1000 -77.69,43.39,1000 -77.63,43.36,1000 -77.57,43.33,1000 -77.51,43.29,1000 -77.45,43.26,1000 -77.39,43.21,1000 -77.33,43.16,1000 -77.29,43.11,1000 -77.24,43.06,1000 -77.19,43.00,1000 -77.15,42.94,1000 -77.11,42.88,1000 -77.08,42.83,1000 -77.05,42.78,1000 -77.03,42.71,1000 -77.02,42.65,1000 -77.03,42.59,1000 -77.05,42.53,1000 -77.07,42.48,1000 -77.10,42.43,1000 -77.14,42.38,1000 -77.19,42.33,1000 -77.24,42.28,1000 -77.29,42.24,1000 -77.34,42.19,1000 -77.40,42.14,1000 -77.46,42.09,1000 -77.52,42.05,1000 -77.59,42.02,1000 -77.66,42.00,1000 -77.74,41.98,1000 -77.83,41.97,1000 -77.91,41.96,1000 -78.00,41.95,1000 -78.08,41.94,1000 -78.16,41.93,1000 -78.25,41.91,1000 -78.33,41.90,1000 -78.41,41.89,1000 -78.49,41.87,1000 -78.56,41.86,1000 -78.64,41.84,1000 -78.72,41.82,1000 -78.79,41.79,1000 -78.86,41.77,1000 -78.92,41.76,1000 -78.99,41.75,1000 -79.05,41.75,1000 -79.12,41.75,1000 -79.20,41.76,1000 -79.27,41.76,1000 -79.35,41.76,1000 -79.44,41.77,1000 -79.52,41.77,1000 -79.61,41.78,1000 -79.68,41.80,1000 -79.76,41.83,1000 -79.84,41.86,1000 -79.91,41.90,1000 -79.97,41.95,1000 -80.00,42.00,1000 -80.00,42.05,1000 -79.98,42.10,1000 -79.94,42.15,1000 -79.90,42.21,1000 -79.86,42.27,1000 -79.83,42.34,1000 -79.82,42.40,1000 -79.82,42.47,1000 -79.82,42.54,1000 -79.82,42.61,1000 -79.82,42.68,1000 -79.82,42.75,1000 -79.80,42.81,1000 -79.78,42.86,1000 -79.73,42.91,1000 -79.65,42.95,1000 -79.57,42.98,1000 -79.48,43.01,1000 -79.39,43.03,1000 -79.32,43.05,1000 -79.23,43.07,1000 -79.16,43.09,1000 -79.09,43.10,1000 -79.03,43.12,1000 -78.97,43.15,1000 -78.92,43.18,1000 -78.87,43.21,1000 -78.81,43.25,1000 -78.76,43.28,1000 -78.70,43.32,1000 -78.64,43.36,1000 -78.58,43.40,1000 -78.52,43.44,1000 -78.29,43.50,1000 
          </coordinates>
        </LinearRing>
      </outerBoundaryIs>
      <innerBoundaryIs>
        <LinearRing>
          <coordinates>
-78.06,43.43,2000 -77.99,43.41,2000 -77.92,43.39,2000 -77.85,43.37,2000 -77.79,43.35,2000 -77.72,43.33,2000 -77.66,43.30,2000 -77.61,43.27,2000 -77.55,43.23,2000 -77.50,43.19,2000 -77.45,43.14,2000 -77.41,43.09,2000 -77.37,43.04,2000 -77.33,42.99,2000 -77.30,42.94,2000 -77.27,42.89,2000 -77.24,42.83,2000 -77.21,42.77,2000 -77.19,42.72,2000 -77.17,42.66,2000 -77.16,42.62,2000 -77.16,42.56,2000 -77.18,42.51,2000 -77.22,42.47,2000 -77.25,42.43,2000 -77.28,42.39,2000 -77.32,42.36,2000 -77.37,42.33,2000 -77.43,42.29,2000 -77.48,42.26,2000 -77.54,42.22,2000 -77.61,42.19,2000 -77.68,42.15,2000 -77.75,42.12,2000 -77.82,42.09,2000 -77.88,42.07,2000 -77.95,42.07,2000 -78.02,42.06,2000 -78.09,42.05,2000 -78.16,42.05,2000 -78.23,42.04,2000 -78.30,42.03,2000 -78.37,42.01,2000 -78.45,41.99,2000 -78.52,41.97,2000 -78.60,41.94,2000 -78.67,41.92,2000 -78.74,41.90,2000 -78.80,41.88,2000 -78.88,41.87,2000 -78.95,41.86,2000 -79.01,41.86,2000 -79.07,41.86,2000 -79.14,41.86,2000 -79.21,41.86,2000 -79.29,41.87,2000 -79.36,41.87,2000 -79.43,41.88,2000 -79.50,41.89,2000 -79.57,41.90,2000 -79.64,41.91,2000 -79.70,41.93,2000 -79.75,41.96,2000 -79.78,42.00,2000 -79.80,42.04,2000 -79.81,42.10,2000 -79.80,42.16,2000 -79.78,42.20,2000 -79.75,42.25,2000 -79.71,42.30,2000 -79.67,42.35,2000 -79.64,42.40,2000 -79.60,42.45,2000 -79.58,42.49,2000 -79.57,42.55,2000 -79.57,42.60,2000 -79.57,42.65,2000 -79.57,42.70,2000 -79.56,42.74,2000 -79.53,42.78,2000 -79.50,42.82,2000 -79.46,42.85,2000 -79.41,42.89,2000 -79.34,42.92,2000 -79.28,42.94,2000 -79.21,42.97,2000 -79.13,42.99,2000 -79.05,43.01,2000 -78.98,43.04,2000 -78.90,43.06,2000 -78.84,43.09,2000 -78.78,43.13,2000 -78.72,43.17,2000 -78.68,43.21,2000 -78.63,43.26,2000 -78.59,43.30,2000 -78.55,43.35,2000 -78.06,43.43,2000 
          </coordinates>
        </LinearRing>
      </innerBoundaryIs>
  </Polygon>
 </MultiGeometry>
</Placemark>
<Placemark>
  <name>5%</name>
  <visibility>1</visibility>
  <styleUrl>#poly_5</styleUrl>
  <MultiGeometry>
    <Polygon>
      <outerBoundaryIs>
        <LinearRing>
          <coordinates>
-100.19,51.30,1000 -100.16,51.30,1000 -100.12,51.30,1000 -100.09,51.30,1000 -100.06,51.30,1000 -100.03,51.30,1000 -100.00,51.31,1000 -99.97,51.31,1000 -99.93,51.30,1000 -99.90,51.29,1000 -99.87,51.28,1000 -99.84,51.27,1000 -99.81,51.25,1000 -99.77,51.23,1000 -99.74,51.22,1000 -99.71,51.20,1000 -99.68,51.19,1000 -99.66,51.18,1000 -99.63,51.17,1000 -99.62,51.15,1000 -99.61,51.13,1000 -99.59,51.11,1000 -99.57,51.09,1000 -99.56,51.07,1000 -99.54,51.04,1000 -99.53,51.01,1000 -99.52,50.99,1000 -99.52,50.97,1000 -99.52,50.94,1000 -99.53,50.91,1000 -99.53,50.89,1000 -99.54,50.86,1000 -99.55,50.84,1000 -99.56,50.82,1000 -99.57,50.80,1000 -99.59,50.79,1000 -99.61,50.78,1000 -99.64,50.76,1000 -99.66,50.75,1000 -99.69,50.73,1000 -99.73,50.72,1000 -99.76,50.70,1000 -99.79,50.68,1000 -99.82,50.67,1000 -99.84,50.66,1000 -99.86,50.64,1000 -99.89,50.64,1000 -99.92,50.64,1000 -99.95,50.63,1000 -99.99,50.63,1000 -100.04,50.63,1000 -100.08,50.62,1000 -100.12,50.62,1000 -100.15,50.62,1000 -100.19,50.62,1000 -100.22,50.63,1000 -100.24,50.64,1000 -100.27,50.65,1000 -100.30,50.66,1000 -100.33,50.66,1000 -100.37,50.67,1000 -100.41,50.68,1000 -100.44,50.69,1000 -100.47,50.71,1000 -100.51,50.72,1000 -100.54,50.74,1000 -100.58,50.76,1000 -100.61,50.77,1000 -100.64,50.79,1000 -100.66,50.80,1000 -100.68,50.81,1000 -100.68,50.83,1000 -100.69,50.85,1000 -100.70,50.87,1000 -100.72,50.89,1000 -100.73,50.91,1000 -100.75,50.94,1000 -100.75,50.96,1000 -100.75,50.98,1000 -100.74,51.01,1000 -100.73,51.03,1000 -100.71,51.05,1000 -100.70,51.07,1000 -100.69,51.09,1000 -100.70,51.10,1000 -100.68,51.12,1000 -100.66,51.13,1000 -100.64,51.15,1000 -100.61,51.16,1000 -100.57,51.18,1000 -100.54,51.20,1000 -100.50,51.22,1000 -100.47,51.24,1000 -100.44,51.25,1000 -100.40,51.26,1000 -100.36,51.27,1000 -100.32,51.28,1000 -100.29,51.29,1000 -100.25,51.29,1000 -100.21,51.30,1000 -100.19,51.30,1000 
          </coordinates>
        </LinearRing>
      </outerBoundaryIs>
      <innerBoundaryIs>
        <LinearRing>
          <coordinates>
-100.17,51.08,2000 -100.15,51.08,2000 -100.13,51.08,2000 -100.11,51.08,2000 -100.09,51.08,2000 -100.06,51.08,2000 -100.04,51.08,2000 -100.03,51.08,2000 -100.01,51.07,2000 -99.99,51.07,2000 -99.97,51.07,2000 -99.95,51.07,2000 -99.94,51.07,2000 -99.92,51.06,2000 -99.91,51.06,2000 -99.89,51.05,2000 -99.87,51.05,2000 -99.86,51.04,2000 -99.85,51.03,2000 -99.84,51.02,2000 -99.83,51.01,2000 -99.82,51.00,2000 -99.81,50.99,2000 -99.81,50.98,2000 -99.81,50.97,2000 -99.81,50.96,2000 -99.81,50.95,2000 -99.81,50.94,2000 -99.81,50.92,2000 -99.81,50.91,2000 -99.81,50.90,2000 -99.81,50.88,2000 -99.81,50.87,2000 -99.82,50.86,2000 -99.82,50.85,2000 -99.82,50.84,2000 -99.83,50.83,2000 -99.83,50.82,2000 -99.84,50.80,2000 -99.85,50.79,2000 -99.86,50.79,2000 -99.87,50.78,2000 -99.90,50.78,2000 -99.91,50.78,2000 -99.93,50.78,2000 -99.94,50.77,2000 -99.96,50.77,2000 -99.98,50.77,2000 -100.00,50.77,2000 -100.02,50.76,2000 -100.04,50.76,2000 -100.06,50.76,2000 -100.08,50.76,2000 -100.10,50.76,2000 -100.12,50.76,2000 -100.13,50.76,2000 -100.15,50.76,2000 -100.17,50.76,2000 -100.19,50.76,2000 -100.21,50.77,2000 -100.23,50.77,2000 -100.24,50.78,2000 -100.26,50.78,2000 -100.27,50.79,2000 -100.29,50.80,2000 -100.30,50.81,2000 -100.31,50.82,2000 -100.31,50.83,2000 -100.32,50.84,2000 -100.33,50.85,2000 -100.33,50.86,2000 -100.34,50.87,2000 -100.34,50.88,2000 -100.35,50.89,2000 -100.35,50.90,2000 -100.36,50.92,2000 -100.36,50.93,2000 -100.36,50.94,2000 -100.37,50.96,2000 -100.37,50.97,2000 -100.17,51.08,2000 
          </coordinates>
        </LinearRing>
      </innerBoundaryIs>
  </Polygon>
 </MultiGeometry>
</Placemark>
<Placemark>
  <name>5%</name>
  <visibility>1</visibility>
  <styleUrl>#poly_5</styleUrl>
  <MultiGeometry>
    <Polygon>
      <outerBoundaryIs>
        <LinearRing>
          <coordinates>
-116.13,51.47,1000 -116.07,51.49,1000 -116.01,51.52,1000 -115.95,51.54,1000 -115.89,51.56,1000 -115.83,51.58,1000 -115.77,51.60,1000 -115.71,51.61,1000 -115.65,51.63,1000 -115.59,51.64,1000 -115.52,51.66,1000 -115.45,51.67,1000 -115.38,51.68,1000 -115.31,51.68,1000 -115.25,51.69,1000 -115.19,51.70,1000 -115.14,51.70,1000 -115.06,51.70,1000 -114.99,51.70,1000 -114.94,51.70,1000 -114.88,51.69,1000 -114.83,51.68,1000 -114.77,51.67,1000 -114.72,51.65,1000 -114.67,51.63,1000 -114.61,51.61,1000 -114.56,51.59,1000 -114.50,51.57,1000 -114.45,51.55,1000 -114.40,51.53,1000 -114.34,51.50,1000 -114.30,51.48,1000 -114.25,51.45,1000 -114.20,51.42,1000 -114.16,51.39,1000 -114.13,51.36,1000 -114.12,51.33,1000 -114.12,51.30,1000 -114.14,51.26,1000 -114.17,51.22,1000 -114.21,51.19,1000 -114.25,51.15,1000 -114.29,51.12,1000 -114.34,51.10,1000 -114.39,51.07,1000 -114.45,51.05,1000 -114.50,51.02,1000 -114.55,50.99,1000 -114.58,50.96,1000 -114.60,50.92,1000 -114.61,50.88,1000 -114.61,50.84,1000 -114.61,50.79,1000 -114.61,50.75,1000 -114.62,50.71,1000 -114.63,50.68,1000 -114.67,50.64,1000 -114.71,50.61,1000 -114.76,50.59,1000 -114.82,50.57,1000 -114.87,50.56,1000 -114.92,50.56,1000 -114.98,50.58,1000 -115.03,50.60,1000 -115.09,50.62,1000 -115.15,50.65,1000 -115.19,50.67,1000 -115.24,50.70,1000 -115.28,50.73,1000 -115.33,50.77,1000 -115.37,50.80,1000 -115.42,50.83,1000 -115.46,50.86,1000 -115.51,50.89,1000 -115.55,50.92,1000 -115.59,50.95,1000 -115.63,50.98,1000 -115.67,51.00,1000 -115.72,51.02,1000 -115.78,51.04,1000 -115.84,51.05,1000 -115.91,51.06,1000 -115.97,51.07,1000 -116.03,51.08,1000 -116.09,51.10,1000 -116.16,51.12,1000 -116.22,51.15,1000 -116.27,51.17,1000 -116.32,51.19,1000 -116.38,51.22,1000 -116.42,51.24,1000 -116.44,51.27,1000 -116.43,51.30,1000 -116.41,51.33,1000 -116.37,51.36,1000 -116.13,51.47,1000 
          </coordinates>
        </LinearRing>
      </outerBoundaryIs>
      <innerBoundaryIs>
        <LinearRing>
          <coordinates>
-115.63,51.56,2000 -115.59,51.57,2000 -115.55,51.58,2000 -115.51,51.59,2000 -115.46,51.60,2000 -115.42,51.60,2000 -115.38,51.61,2000 -115.34,51.62,2000 -115.29,51.62,2000 -115.25,51.63,2000 -115.21,51.63,2000 -115.16,51.63,2000 -115.12,51.63,2000 -115.08,51.63,2000 -115.03,51.62,2000 -114.99,51.61,2000 -114.94,51.60,2000 -114.91,51.60,2000 -114.88,51.59,2000 -114.86,51.58,2000 -114.84,51.57,2000 -114.81,51.56,2000 -114.78,51.54,2000 -114.74,51.53,2000 -114.69,51.51,2000 -114.65,51.49,2000 -114.62,51.47,2000 -114.59,51.45,2000 -114.57,51.42,2000 -114.55,51.40,2000 -114.54,51.37,2000 -114.53,51.34,2000 -114.53,51.31,2000 -114.54,51.29,2000 -114.56,51.27,2000 -114.59,51.26,2000 -114.63,51.25,2000 -114.68,51.24,2000 -114.72,51.22,2000 -114.76,51.21,2000 -114.80,51.19,2000 -114.83,51.18,2000 -114.87,51.16,2000 -114.91,51.14,2000 -114.95,51.12,2000 -114.99,51.11,2000 -115.03,51.10,2000 -115.07,51.09,2000 -115.12,51.08,2000 -115.16,51.08,2000 -115.21,51.07,2000 -115.25,51.07,2000 -115.29,51.07,2000 -115.34,51.07,2000 -115.38,51.08,2000 -115.42,51.08,2000 -115.47,51.09,2000 -115.51,51.10,2000 -115.55,51.11,2000 -115.60,51.12,2000 -115.64,51.13,2000 -115.69,51.14,2000 -115.73,51.15,2000 -115.76,51.16,2000 -115.79,51.17,2000 -115.81,51.17,2000 -115.83,51.18,2000 -115.87,51.20,2000 -115.91,51.21,2000 -115.95,51.23,2000 -115.99,51.25,2000 -116.03,51.27,2000 -116.07,51.29,2000 -116.09,51.30,2000 -116.10,51.31,2000 -116.09,51.31,2000 -116.07,51.32,2000 -116.04,51.34,2000 -116.00,51.36,2000 -115.96,51.39,2000 -115.92,51.41,2000 -115.89,51.43,2000 -115.86,51.45,2000 -115.82,51.48,2000 -115.79,51.50,2000 -115.77,51.51,2000 -115.63,51.56,2000 
          </coordinates>
        </LinearRing>
      </innerBoundaryIs>
  </Polygon>
 </MultiGeometry>
</Placemark>
<Placemark>
  <name>10%</name>
  <visibility>1</visibility>
  <styleUrl>#poly_10</styleUrl>
  <MultiGeometry>
    <Polygon>
      <outerBoundaryIs>
        <LinearRing>
          <coordinates>
-76.23,42.97,2000 -76.20,42.97,2000 -76.18,42.97,2000 -76.15,42.98,2000 -76.12,42.98,2000 -76.10,42.98,2000 -76.07,42.98,2000 -76.04,42.98,2000 -76.02,42.98,2000 -75.99,42.98,2000 -75.96,42.98,2000 -75.94,42.98,2000 -75.91,42.97,2000 -75.88,42.97,2000 -75.86,42.97,2000 -75.83,42.96,2000 -75.81,42.96,2000 -75.78,42.95,2000 -75.76,42.94,2000 -75.74,42.93,2000 -75.71,42.92,2000 -75.68,42.90,2000 -75.66,42.89,2000 -75.63,42.88,2000 -75.61,42.86,2000 -75.59,42.84,2000 -75.58,42.83,2000 -75.57,42.81,2000 -75.57,42.79,2000 -75.57,42.77,2000 -75.58,42.75,2000 -75.59,42.73,2000 -75.60,42.71,2000 -75.61,42.69,2000 -75.63,42.67,2000 -75.64,42.66,2000 -75.66,42.64,2000 -75.68,42.62,2000 -75.70,42.61,2000 -75.73,42.60,2000 -75.75,42.59,2000 -75.78,42.58,2000 -75.80,42.57,2000 -75.83,42.56,2000 -75.86,42.55,2000 -75.88,42.54,2000 -75.91,42.53,2000 -75.94,42.52,2000 -75.97,42.51,2000 -75.99,42.51,2000 -76.01,42.50,2000 -76.04,42.49,2000 -76.05,42.48,2000 -76.08,42.48,2000 -76.10,42.48,2000 -76.13,42.48,2000 -76.15,42.49,2000 -76.19,42.49,2000 -76.22,42.49,2000 -76.25,42.50,2000 -76.28,42.50,2000 -76.30,42.51,2000 -76.32,42.51,2000 -76.35,42.52,2000 -76.35,42.52,2000 -76.37,42.54,2000 -76.38,42.55,2000 -76.40,42.57,2000 -76.42,42.59,2000 -76.44,42.60,2000 -76.46,42.62,2000 -76.48,42.64,2000 -76.49,42.66,2000 -76.51,42.68,2000 -76.52,42.69,2000 -76.54,42.71,2000 -76.55,42.72,2000 -76.55,42.73,2000 -76.54,42.74,2000 -76.54,42.76,2000 -76.52,42.78,2000 -76.51,42.80,2000 -76.50,42.82,2000 -76.49,42.84,2000 -76.48,42.86,2000 -76.47,42.87,2000 -76.46,42.89,2000 -76.45,42.90,2000 -76.23,42.97,2000 
          </coordinates>
        </LinearRing>
      </outerBoundaryIs>
  </Polygon>
 </MultiGeometry>
</Placemark>
<Placemark>
  <name>10%</name>
  <visibility>1</visibility>
  <styleUrl>#poly_10</styleUrl>
  <MultiGeometry>
    <Polygon>
      <outerBoundaryIs>
        <LinearRing>
          <coordinates>
-74.37,45.00,2000 -74.28,45.02,2000 -74.18,45.03,2000 -74.09,45.03,2000 -74.01,45.02,2000 -73.93,45.00,2000 -73.86,44.97,2000 -73.79,44.93,2000 -73.73,44.87,2000 -73.70,44.82,2000 -73.67,44.76,2000 -73.64,44.70,2000 -73.62,44.63,2000 -73.60,44.57,2000 -73.59,44.51,2000 -73.58,44.44,2000 -73.58,44.38,2000 -73.58,44.32,2000 -73.59,44.26,2000 -73.59,44.20,2000 -73.60,44.13,2000 -73.61,44.07,2000 -73.65,44.00,2000 -73.69,43.95,2000 -73.75,43.90,2000 -73.81,43.85,2000 -73.88,43.80,2000 -73.95,43.74,2000 -74.01,43.69,2000 -74.07,43.64,2000 -74.13,43.58,2000 -74.19,43.52,2000 -74.25,43.47,2000 -74.31,43.42,2000 -74.37,43.38,2000 -74.44,43.34,2000 -74.52,43.31,2000 -74.59,43.28,2000 -74.67,43.26,2000 -74.74,43.24,2000 -74.83,43.22,2000 -74.91,43.21,2000 -75.00,43.21,2000 -75.09,43.21,2000 -75.18,43.21,2000 -75.28,43.22,2000 -75.37,43.23,2000 -75.46,43.24,2000 -75.55,43.25,2000 -75.64,43.26,2000 -75.72,43.27,2000 -75.79,43.29,2000 -75.87,43.31,2000 -75.93,43.34,2000 -75.99,43.38,2000 -76.04,43.43,2000 -76.09,43.50,2000 -76.12,43.56,2000 -76.14,43.61,2000 -76.15,43.67,2000 -76.14,43.74,2000 -76.12,43.79,2000 -76.09,43.85,2000 -76.06,43.91,2000 -76.02,43.97,2000 -75.99,44.02,2000 -75.95,44.07,2000 -75.90,44.12,2000 -75.84,44.15,2000 -75.79,44.18,2000 -75.74,44.21,2000 -75.70,44.26,2000 -75.66,44.31,2000 -75.60,44.38,2000 -75.56,44.43,2000 -75.51,44.48,2000 -75.45,44.54,2000 -75.39,44.59,2000 -75.33,44.65,2000 -75.27,44.69,2000 -75.20,44.73,2000 -75.12,44.77,2000 -75.05,44.79,2000 -74.97,44.82,2000 -74.89,44.84,2000 -74.37,45.00,2000 
          </coordinates>
        </LinearRing>
      </outerBoundaryIs>
      <innerBoundaryIs>
        <LinearRing>
          <coordinates>
-74.39,44.86,3000 -74.33,44.88,3000 -74.27,44.89,3000 -74.21,44.90,3000 -74.15,44.90,3000 -74.09,44.90,3000 -74.02,44.89,3000 -73.96,44.87,3000 -73.91,44.83,3000 -73.88,44.79,3000 -73.85,44.74,3000 -73.82,44.69,3000 -73.80,44.63,3000 -73.78,44.58,3000 -73.76,44.53,3000 -73.74,44.48,3000 -73.74,44.44,3000 -73.73,44.40,3000 -73.74,44.35,3000 -73.75,44.31,3000 -73.75,44.26,3000 -73.76,44.21,3000 -73.77,44.15,3000 -73.79,44.10,3000 -73.80,44.05,3000 -73.82,44.01,3000 -73.86,43.96,3000 -73.91,43.92,3000 -73.96,43.89,3000 -74.01,43.86,3000 -74.06,43.82,3000 -74.11,43.79,3000 -74.17,43.75,3000 -74.22,43.71,3000 -74.26,43.67,3000 -74.30,43.63,3000 -74.35,43.59,3000 -74.39,43.55,3000 -74.44,43.52,3000 -74.49,43.49,3000 -74.53,43.46,3000 -74.58,43.43,3000 -74.64,43.41,3000 -74.71,43.39,3000 -74.77,43.38,3000 -74.83,43.38,3000 -74.90,43.38,3000 -74.97,43.38,3000 -75.05,43.38,3000 -75.12,43.39,3000 -75.19,43.39,3000 -75.26,43.39,3000 -75.33,43.39,3000 -75.40,43.40,3000 -75.47,43.40,3000 -75.54,43.40,3000 -75.60,43.41,3000 -75.66,43.42,3000 -75.74,43.44,3000 -75.81,43.47,3000 -75.87,43.50,3000 -75.91,43.54,3000 -75.94,43.58,3000 -75.95,43.62,3000 -75.96,43.67,3000 -75.95,43.71,3000 -75.94,43.75,3000 -75.91,43.80,3000 -75.88,43.84,3000 -75.84,43.88,3000 -75.80,43.91,3000 -75.75,43.94,3000 -75.69,43.97,3000 -75.64,44.00,3000 -75.60,44.03,3000 -75.56,44.07,3000 -75.54,44.10,3000 -75.51,44.14,3000 -75.47,44.19,3000 -75.44,44.23,3000 -75.40,44.27,3000 -75.36,44.32,3000 -75.32,44.38,3000 -75.28,44.43,3000 -75.24,44.47,3000 -75.20,44.51,3000 -75.14,44.56,3000 -75.09,44.60,3000 -75.04,44.63,3000 -74.98,44.66,3000 -74.92,44.69,3000 -74.86,44.71,3000 -74.80,44.73,3000 -74.73,44.76,3000 -74.66,44.78,3000 -74.39,44.86,3000 
          </coordinates>
        </LinearRing>
      </innerBoundaryIs>
  </Polygon>
 </MultiGeometry>
</Placemark>
<Placemark>
  <name>10%</name>
  <visibility>1</visibility>
  <styleUrl>#poly_10</styleUrl>
  <MultiGeometry>
    <Polygon>
      <outerBoundaryIs>
        <LinearRing>
          <coordinates>
-68.97,51.11,2000 -68.55,51.08,2000 -68.06,51.08,2000 -67.63,51.01,2000 -67.31,50.88,2000 -66.74,50.68,2000 -66.17,50.46,2000 -65.75,50.20,2000 -65.48,49.90,2000 -65.11,49.70,2000 -64.69,49.52,2000 -64.13,49.30,2000 -63.58,49.07,2000 -63.16,48.86,2000 -62.83,48.51,2000 -62.68,48.34,2000 -62.42,48.20,2000 -61.93,47.94,2000 -61.80,47.73,2000 -61.77,47.50,2000 -61.89,47.18,2000 -62.08,46.97,2000 -62.31,46.83,2000 -62.70,46.81,2000 -63.45,46.86,2000 -64.22,46.96,2000 -64.96,47.05,2000 -65.45,47.07,2000 -65.91,46.97,2000 -66.77,46.53,2000 -67.01,46.46,2000 -67.27,46.49,2000 -67.39,46.79,2000 -67.54,46.91,2000 -67.93,46.91,2000 -68.44,46.74,2000 -68.97,46.57,2000 -69.53,46.59,2000 -70.13,46.37,2000 -70.35,46.29,2000 -70.68,46.38,2000 -70.70,46.86,2000 -71.11,46.84,2000 -71.56,46.87,2000 -71.99,46.92,2000 -72.41,47.10,2000 -72.82,47.35,2000 -73.04,47.37,2000 -73.16,47.31,2000 -73.37,47.07,2000 -73.54,46.97,2000 -73.95,46.69,2000 -74.09,46.46,2000 -74.27,46.30,2000 -74.54,46.32,2000 -74.80,46.54,2000 -75.16,46.93,2000 -75.50,47.08,2000 -75.89,47.10,2000 -76.18,46.95,2000 -76.40,46.77,2000 -76.57,46.71,2000 -76.89,46.70,2000 -77.24,46.72,2000 -77.49,46.59,2000 -77.59,46.31,2000 -77.59,46.09,2000 -77.39,45.93,2000 -77.13,45.86,2000 -76.75,45.50,2000 -76.41,45.12,2000 -76.17,44.72,2000 -76.20,44.60,2000 -76.39,44.51,2000 -76.59,44.46,2000 -77.28,44.40,2000 -77.64,44.18,2000 -77.78,44.08,2000 -78.04,44.03,2000 -78.66,43.98,2000 -79.29,44.09,2000 -79.59,44.05,2000 -79.69,43.94,2000 -79.90,43.71,2000 -80.23,43.60,2000 -80.77,43.47,2000 -81.04,43.33,2000 -81.24,43.16,2000 -81.71,42.99,2000 -82.07,43.00,2000 -82.35,43.06,2000 -82.89,43.07,2000 -83.11,43.10,2000 -83.34,43.29,2000 -83.36,43.50,2000 -83.28,43.69,2000 -83.20,43.94,2000 -83.26,44.10,2000 -83.81,44.29,2000 -84.21,44.35,2000 -84.49,44.24,2000 -84.87,43.97,2000 -85.20,43.83,2000 -85.51,43.82,2000 -85.75,43.93,2000 -85.97,44.28,2000 -86.00,44.59,2000 -85.84,44.84,2000 -85.54,45.13,2000 -85.47,45.76,2000 -85.52,45.82,2000 -85.77,45.83,2000 -86.17,45.79,2000 -86.66,45.80,2000 -87.12,45.90,2000 -87.55,45.94,2000 -87.92,45.92,2000 -88.34,45.71,2000 -88.80,45.42,2000 -89.10,45.33,2000 -89.50,45.37,2000 -89.84,45.42,2000 -90.25,45.42,2000 -90.76,45.52,2000 -91.14,45.56,2000 -91.49,45.54,2000 -92.13,45.63,2000 -92.54,45.72,2000 -92.86,45.77,2000 -93.19,45.75,2000 -93.70,45.60,2000 -94.04,45.54,2000 -94.37,45.43,2000 -94.90,45.32,2000 -95.68,45.38,2000 -96.44,45.45,2000 -96.86,45.47,2000 -97.24,45.36,2000 -97.66,45.09,2000 -97.86,45.04,2000 -98.06,45.09,2000 -98.24,45.25,2000 -98.46,45.72,2000 -98.68,46.07,2000 -98.77,46.33,2000 -98.71,46.55,2000 -98.50,46.96,2000 -98.27,47.29,2000 -97.75,47.78,2000 -97.47,48.04,2000 -97.06,48.31,2000 -96.65,48.59,2000 -96.23,48.89,2000 -95.80,49.25,2000 -95.50,49.57,2000 -95.60,49.96,2000 -95.87,50.38,2000 -96.16,50.81,2000 -96.47,51.21,2000 -96.85,51.44,2000 -97.01,51.51,2000 -96.86,51.61,2000 -96.66,51.69,2000 -95.86,51.72,2000 -95.20,51.84,2000 -94.97,51.89,2000 -94.61,51.90,2000 -94.11,51.85,2000 -93.54,51.79,2000 -92.73,51.76,2000 -92.05,51.80,2000 -91.38,51.81,2000 -90.69,51.62,2000 -90.35,51.47,2000 -90.06,51.39,2000 -89.35,51.28,2000 -88.52,51.23,2000 -87.63,51.14,2000 -86.92,51.01,2000 -86.26,50.90,2000 -85.60,50.78,2000 -84.95,50.64,2000 -84.60,50.48,2000 -84.21,50.23,2000 -83.71,50.08,2000 -83.38,49.91,2000 -83.16,49.74,2000 -82.54,49.52,2000 -82.17,49.30,2000 -81.99,49.16,2000 -81.64,49.05,2000 -80.90,48.86,2000 -79.92,48.60,2000 -79.16,48.39,2000 -78.57,48.21,2000 -78.11,48.08,2000 -77.66,48.03,2000 -76.90,48.08,2000 -76.37,48.19,2000 -75.34,48.45,2000 -74.53,48.74,2000 -73.97,49.05,2000 -73.34,49.23,2000 -72.92,49.52,2000 -72.52,49.80,2000 -72.15,49.96,2000 -71.81,50.32,2000 -71.62,50.52,2000 -71.42,50.66,2000 -71.17,50.76,2000 -70.88,50.82,2000 -69.79,51.03,2000 -69.18,51.11,2000 -68.97,51.11,2000 
          </coordinates>
        </LinearRing>
      </outerBoundaryIs>
      <innerBoundaryIs>
        <LinearRing>
          <coordinates>
-80.86,45.59,2000 -80.82,45.60,2000 -80.78,45.60,2000 -80.74,45.61,2000 -80.70,45.61,2000 -80.66,45.61,2000 -80.62,45.60,2000 -80.58,45.59,2000 -80.54,45.57,2000 -80.50,45.55,2000 -80.46,45.53,2000 -80.43,45.51,2000 -80.41,45.50,2000 -80.39,45.49,2000 -80.37,45.47,2000 -80.35,45.45,2000 -80.32,45.43,2000 -80.29,45.40,2000 -80.26,45.37,2000 -80.23,45.35,2000 -80.21,45.33,2000 -80.19,45.31,2000 -80.17,45.30,2000 -80.16,45.28,2000 -80.14,45.26,2000 -80.11,45.24,2000 -80.09,45.21,2000 -80.07,45.18,2000 -80.05,45.16,2000 -80.03,45.13,2000 -80.02,45.10,2000 -80.00,45.08,2000 -79.99,45.05,2000 -79.98,45.02,2000 -79.98,45.00,2000 -79.98,44.97,2000 -79.99,44.95,2000 -80.01,44.93,2000 -80.03,44.91,2000 -80.07,44.88,2000 -80.10,44.86,2000 -80.14,44.84,2000 -80.18,44.83,2000 -80.22,44.82,2000 -80.25,44.81,2000 -80.28,44.81,2000 -80.32,44.82,2000 -80.35,44.83,2000 -80.38,44.84,2000 -80.42,44.86,2000 -80.45,44.88,2000 -80.48,44.89,2000 -80.51,44.90,2000 -80.55,44.92,2000 -80.59,44.94,2000 -80.62,44.95,2000 -80.66,44.97,2000 -80.69,44.98,2000 -80.71,44.99,2000 -80.73,45.00,2000 -80.75,45.01,2000 -80.77,45.02,2000 -80.79,45.04,2000 -80.82,45.07,2000 -80.85,45.09,2000 -80.88,45.11,2000 -80.91,45.13,2000 -80.93,45.15,2000 -80.96,45.17,2000 -80.98,45.18,2000 -81.00,45.20,2000 -81.01,45.22,2000 -81.03,45.24,2000 -81.04,45.27,2000 -81.06,45.30,2000 -81.07,45.33,2000 -81.08,45.35,2000 -81.08,45.38,2000 -81.08,45.41,2000 -81.07,45.44,2000 -81.05,45.46,2000 -81.03,45.49,2000 -81.01,45.51,2000 -80.99,45.54,2000 -80.86,45.59,2000 
          </coordinates>
        </LinearRing>
      </innerBoundaryIs>
      <innerBoundaryIs>
        <LinearRing>
          <coordinates>
-82.50,44.30,3000 -82.48,44.29,3000 -82.45,44.28,3000 -82.42,44.27,3000 -82.39,44.26,3000 -82.37,44.25,3000 -82.33,44.23,3000 -82.30,44.22,3000 -82.27,44.20,3000 -82.25,44.18,3000 -82.22,44.17,3000 -82.20,44.15,3000 -82.17,44.13,3000 -82.15,44.11,3000 -82.13,44.09,3000 -82.12,44.07,3000 -82.11,44.05,3000 -82.11,44.02,3000 -82.11,44.00,3000 -82.12,43.97,3000 -82.13,43.95,3000 -82.14,43.92,3000 -82.15,43.90,3000 -82.16,43.88,3000 -82.18,43.86,3000 -82.20,43.83,3000 -82.22,43.81,3000 -82.24,43.79,3000 -82.26,43.77,3000 -82.28,43.75,3000 -82.29,43.74,3000 -82.31,43.72,3000 -82.31,43.71,3000 -82.34,43.70,3000 -82.36,43.69,3000 -82.39,43.67,3000 -82.42,43.65,3000 -82.46,43.63,3000 -82.49,43.61,3000 -82.53,43.60,3000 -82.56,43.59,3000 -82.59,43.59,3000 -82.62,43.60,3000 -82.64,43.61,3000 -82.67,43.63,3000 -82.69,43.65,3000 -82.72,43.68,3000 -82.74,43.71,3000 -82.76,43.73,3000 -82.78,43.75,3000 -82.79,43.77,3000 -82.80,43.80,3000 -82.80,43.83,3000 -82.79,43.85,3000 -82.79,43.87,3000 -82.79,43.89,3000 -82.79,43.91,3000 -82.79,43.93,3000 -82.79,43.95,3000 -82.78,43.97,3000 -82.78,43.99,3000 -82.77,44.02,3000 -82.77,44.04,3000 -82.77,44.06,3000 -82.76,44.09,3000 -82.75,44.12,3000 -82.74,44.14,3000 -82.73,44.16,3000 -82.71,44.18,3000 -82.70,44.21,3000 -82.68,44.23,3000 -82.66,44.26,3000 -82.64,44.28,3000 -82.50,44.30,3000 
          </coordinates>
        </LinearRing>
      </innerBoundaryIs>
      <innerBoundaryIs>
        <LinearRing>
          <coordinates>
-67.96,50.97,3000 -67.36,50.81,3000 -66.71,50.57,3000 -66.22,50.37,3000 -65.81,50.09,3000 -65.57,49.82,3000 -65.10,49.59,3000 -64.63,49.40,3000 -64.14,49.20,3000 -63.49,48.92,3000 -63.24,48.78,3000 -63.03,48.59,3000 -62.80,48.31,3000 -62.61,48.17,3000 -62.26,48.02,3000 -62.06,47.90,3000 -61.89,47.70,3000 -61.94,47.34,3000 -62.02,47.19,3000 -62.33,46.93,3000 -62.87,46.90,3000 -63.71,47.00,3000 -64.40,47.05,3000 -65.15,47.17,3000 -65.81,47.11,3000 -66.62,46.75,3000 -66.87,46.68,3000 -67.13,46.80,3000 -67.37,47.04,3000 -68.12,46.96,3000 -69.11,46.80,3000 -69.87,46.66,3000 -70.29,46.49,3000 -70.46,46.61,3000 -70.41,46.90,3000 -70.57,47.01,3000 -70.93,46.96,3000 -71.18,46.92,3000 -71.68,46.95,3000 -72.06,47.04,3000 -72.27,47.16,3000 -72.84,47.51,3000 -73.13,47.52,3000 -73.43,47.43,3000 -73.62,47.29,3000 -73.95,46.99,3000 -74.17,46.81,3000 -74.37,46.72,3000 -74.76,46.91,3000 -75.12,47.13,3000 -75.42,47.24,3000 -75.76,47.27,3000 -76.11,47.23,3000 -76.35,47.12,3000 -76.69,46.89,3000 -77.32,46.98,3000 -77.85,47.02,3000 -78.13,47.00,3000 -78.44,46.86,3000 -78.18,46.44,3000 -77.85,46.00,3000 -77.51,45.73,3000 -77.22,45.57,3000 -76.99,45.38,3000 -76.78,45.06,3000 -76.72,44.88,3000 -76.96,44.75,3000 -77.50,44.74,3000 -77.86,44.71,3000 -78.12,44.63,3000 -78.31,44.56,3000 -78.48,44.66,3000 -79.01,44.78,3000 -79.38,44.83,3000 -79.55,44.92,3000 -79.92,45.29,3000 -80.19,45.52,3000 -80.36,45.67,3000 -80.73,45.80,3000 -81.14,45.79,3000 -81.42,45.72,3000 -81.64,45.54,3000 -81.92,45.42,3000 -82.37,45.47,3000 -82.36,45.31,3000 -82.16,45.11,3000 -82.20,44.97,3000 -82.34,44.90,3000 -82.69,44.81,3000 -83.12,44.48,3000 -83.66,44.52,3000 -84.20,44.57,3000 -84.67,44.41,3000 -85.09,44.16,3000 -85.48,44.08,3000 -85.75,44.27,3000 -85.80,44.50,3000 -85.60,44.77,3000 -85.34,45.17,3000 -85.18,45.52,3000 -85.00,45.72,3000 -84.60,45.65,3000 -83.89,45.73,3000 -84.18,45.84,3000 -84.65,45.86,3000 -85.05,45.91,3000 -85.36,46.01,3000 -85.96,45.94,3000 -86.36,45.91,3000 -86.80,45.94,3000 -87.23,46.02,3000 -87.72,46.05,3000 -88.23,45.92,3000 -88.72,45.64,3000 -88.95,45.54,3000 -89.31,45.50,3000 -90.03,45.55,3000 -90.55,45.63,3000 -91.07,45.70,3000 -91.74,45.73,3000 -92.35,45.86,3000 -93.07,45.89,3000 -93.70,45.71,3000 -94.27,45.57,3000 -94.81,45.45,3000 -95.25,45.43,3000 -95.73,45.48,3000 -96.46,45.56,3000 -96.86,45.57,3000 -97.10,45.50,3000 -97.43,45.36,3000 -97.69,45.20,3000 -97.88,45.14,3000 -98.01,45.19,3000 -98.16,45.35,3000 -98.26,45.59,3000 -98.44,45.92,3000 -98.58,46.14,3000 -98.62,46.42,3000 -98.46,46.83,3000 -98.23,47.17,3000 -97.99,47.44,3000 -97.56,47.81,3000 -97.18,48.08,3000 -96.74,48.39,3000 -96.27,48.71,3000 -95.82,49.02,3000 -95.14,49.56,3000 -95.05,49.83,3000 -95.13,50.13,3000 -95.53,50.50,3000 -95.80,50.81,3000 -96.03,51.23,3000 -96.06,51.36,3000 -95.85,51.48,3000 -95.35,51.63,3000 -94.90,51.74,3000 -94.25,51.71,3000 -93.80,51.66,3000 -92.99,51.61,3000 -92.53,51.60,3000 -92.08,51.61,3000 -91.72,51.66,3000 -91.42,51.66,3000 -90.84,51.49,3000 -90.24,51.28,3000 -89.82,51.21,3000 -89.32,51.18,3000 -88.53,51.14,3000 -87.90,51.07,3000 -87.40,51.01,3000 -86.93,50.93,3000 -86.26,50.81,3000 -85.61,50.69,3000 -85.24,50.63,3000 -84.73,50.44,3000 -84.24,50.14,3000 -83.78,50.02,3000 -83.32,49.72,3000 -83.02,49.57,3000 -82.76,49.50,3000 -82.32,49.25,3000 -81.77,48.98,3000 -81.22,48.82,3000 -80.62,48.68,3000 -79.96,48.50,3000 -79.27,48.30,3000 -78.54,48.08,3000 -77.93,47.90,3000 -77.56,47.89,3000 -77.21,47.94,3000 -76.60,48.00,3000 -75.71,48.24,3000 -75.10,48.39,3000 -74.69,48.55,3000 -74.20,48.83,3000 -73.92,48.97,3000 -73.58,49.07,3000 -73.12,49.22,3000 -72.78,49.53,3000 -72.55,49.70,3000 -72.28,49.80,3000 -71.89,50.05,3000 -71.56,50.43,3000 -71.34,50.58,3000 -71.09,50.68,3000 -70.25,50.86,3000 -69.53,50.99,3000 -69.18,51.03,3000 -68.66,51.00,3000 -67.96,50.97,3000 
          </coordinates>
        </LinearRing>
      </innerBoundaryIs>
      <innerBoundaryIs>
        <LinearRing>
          <coordinates>
-81.20,44.95,3000 -81.14,44.93,3000 -81.08,44.91,3000 -81.01,44.89,3000 -80.95,44.87,3000 -80.88,44.85,3000 -80.82,44.83,3000 -80.75,44.81,3000 -80.69,44.80,3000 -80.62,44.78,3000 -80.56,44.76,3000 -80.50,44.74,3000 -80.43,44.71,3000 -80.36,44.69,3000 -80.30,44.66,3000 -80.23,44.63,3000 -80.17,44.60,3000 -80.11,44.57,3000 -80.04,44.53,3000 -79.97,44.50,3000 -79.91,44.46,3000 -79.87,44.43,3000 -79.83,44.39,3000 -79.82,44.35,3000 -79.82,44.31,3000 -79.82,44.25,3000 -79.82,44.21,3000 -79.83,44.16,3000 -79.84,44.11,3000 -79.85,44.05,3000 -79.87,44.00,3000 -79.88,43.95,3000 -79.90,43.91,3000 -79.93,43.86,3000 -79.97,43.81,3000 -80.02,43.78,3000 -80.08,43.75,3000 -80.14,43.73,3000 -80.21,43.71,3000 -80.28,43.69,3000 -80.35,43.67,3000 -80.42,43.66,3000 -80.49,43.65,3000 -80.56,43.65,3000 -80.64,43.64,3000 -80.72,43.63,3000 -80.78,43.62,3000 -80.84,43.60,3000 -80.91,43.58,3000 -80.98,43.56,3000 -81.05,43.54,3000 -81.11,43.52,3000 -81.17,43.50,3000 -81.25,43.47,3000 -81.31,43.44,3000 -81.37,43.42,3000 -81.42,43.42,3000 -81.48,43.44,3000 -81.53,43.46,3000 -81.58,43.51,3000 -81.63,43.56,3000 -81.66,43.60,3000 -81.69,43.64,3000 -81.72,43.69,3000 -81.74,43.74,3000 -81.77,43.79,3000 -81.79,43.84,3000 -81.81,43.88,3000 -81.84,43.94,3000 -81.86,43.98,3000 -81.87,44.02,3000 -81.87,44.06,3000 -81.85,44.10,3000 -81.82,44.13,3000 -81.78,44.17,3000 -81.74,44.22,3000 -81.71,44.26,3000 -81.67,44.31,3000 -81.64,44.36,3000 -81.60,44.41,3000 -81.56,44.46,3000 -81.53,44.51,3000 -81.50,44.55,3000 -81.47,44.60,3000 -81.46,44.65,3000 -81.45,44.68,3000 -81.44,44.72,3000 -81.42,44.77,3000 -81.41,44.83,3000 -81.39,44.88,3000 -81.20,44.95,3000 
          </coordinates>
        </LinearRing>
      </innerBoundaryIs>
  </Polygon>
 </MultiGeometry>
</Placemark>
<Placemark>
  <name>10%</name>
  <visibility>1</visibility>
  <styleUrl>#poly_10</styleUrl>
  <MultiGeometry>
    <Polygon>
      <outerBoundaryIs>
        <LinearRing>
          <coordinates>
-71.65,46.07,2000 -71.59,46.09,2000 -71.53,46.11,2000 -71.46,46.12,2000 -71.40,46.13,2000 -71.34,46.13,2000 -71.28,46.12,2000 -71.21,46.11,2000 -71.15,46.09,2000 -71.10,46.06,2000 -71.05,46.03,2000 -71.00,46.00,2000 -70.95,45.96,2000 -70.90,45.92,2000 -70.85,45.89,2000 -70.79,45.85,2000 -70.74,45.82,2000 -70.68,45.78,2000 -70.63,45.74,2000 -70.59,45.71,2000 -70.55,45.66,2000 -70.52,45.61,2000 -70.50,45.56,2000 -70.49,45.52,2000 -70.48,45.46,2000 -70.48,45.41,2000 -70.49,45.36,2000 -70.51,45.32,2000 -70.54,45.27,2000 -70.58,45.23,2000 -70.62,45.19,2000 -70.66,45.15,2000 -70.71,45.12,2000 -70.76,45.08,2000 -70.82,45.05,2000 -70.88,45.02,2000 -70.94,44.99,2000 -71.01,44.96,2000 -71.07,44.94,2000 -71.14,44.91,2000 -71.21,44.89,2000 -71.27,44.86,2000 -71.34,44.84,2000 -71.41,44.83,2000 -71.47,44.81,2000 -71.53,44.79,2000 -71.59,44.78,2000 -71.65,44.78,2000 -71.73,44.77,2000 -71.79,44.77,2000 -71.86,44.77,2000 -71.93,44.78,2000 -72.01,44.78,2000 -72.08,44.79,2000 -72.15,44.79,2000 -72.21,44.78,2000 -72.28,44.76,2000 -72.34,44.72,2000 -72.40,44.68,2000 -72.45,44.65,2000 -72.49,44.63,2000 -72.56,44.65,2000 -72.61,44.69,2000 -72.64,44.74,2000 -72.63,44.77,2000 -72.61,44.81,2000 -72.57,44.85,2000 -72.54,44.91,2000 -72.52,44.95,2000 -72.50,45.00,2000 -72.49,45.05,2000 -72.47,45.10,2000 -72.45,45.15,2000 -72.43,45.20,2000 -72.41,45.24,2000 -72.39,45.30,2000 -72.37,45.34,2000 -72.34,45.38,2000 -72.30,45.43,2000 -72.26,45.46,2000 -72.22,45.50,2000 -72.17,45.54,2000 -72.12,45.58,2000 -72.07,45.62,2000 -72.03,45.66,2000 -71.99,45.69,2000 -71.94,45.74,2000 -71.91,45.79,2000 -71.88,45.83,2000 -71.86,45.87,2000 -71.65,46.07,2000 
          </coordinates>
        </LinearRing>
      </outerBoundaryIs>
      <innerBoundaryIs>
        <LinearRing>
          <coordinates>
-71.47,45.79,3000 -71.43,45.79,3000 -71.39,45.79,3000 -71.35,45.79,3000 -71.31,45.79,3000 -71.27,45.79,3000 -71.23,45.78,3000 -71.20,45.77,3000 -71.16,45.77,3000 -71.13,45.76,3000 -71.10,45.75,3000 -71.06,45.74,3000 -71.03,45.72,3000 -71.00,45.71,3000 -70.97,45.69,3000 -70.94,45.68,3000 -70.91,45.66,3000 -70.88,45.64,3000 -70.85,45.62,3000 -70.83,45.60,3000 -70.81,45.58,3000 -70.79,45.57,3000 -70.78,45.56,3000 -70.77,45.54,3000 -70.76,45.52,3000 -70.75,45.49,3000 -70.74,45.46,3000 -70.73,45.43,3000 -70.72,45.41,3000 -70.72,45.38,3000 -70.73,45.36,3000 -70.74,45.33,3000 -70.75,45.30,3000 -70.76,45.28,3000 -70.78,45.26,3000 -70.80,45.24,3000 -70.81,45.22,3000 -70.83,45.20,3000 -70.85,45.19,3000 -70.89,45.17,3000 -70.91,45.16,3000 -70.94,45.15,3000 -70.98,45.13,3000 -71.01,45.12,3000 -71.05,45.10,3000 -71.08,45.09,3000 -71.10,45.08,3000 -71.13,45.07,3000 -71.16,45.06,3000 -71.19,45.06,3000 -71.22,45.05,3000 -71.25,45.05,3000 -71.29,45.04,3000 -71.33,45.04,3000 -71.37,45.04,3000 -71.41,45.04,3000 -71.45,45.04,3000 -71.48,45.05,3000 -71.52,45.06,3000 -71.56,45.07,3000 -71.60,45.08,3000 -71.63,45.09,3000 -71.65,45.10,3000 -71.68,45.12,3000 -71.69,45.13,3000 -71.70,45.16,3000 -71.70,45.18,3000 -71.70,45.20,3000 -71.70,45.23,3000 -71.70,45.25,3000 -71.70,45.28,3000 -71.70,45.30,3000 -71.70,45.33,3000 -71.70,45.35,3000 -71.70,45.38,3000 -71.70,45.40,3000 -71.70,45.43,3000 -71.70,45.45,3000 -71.69,45.48,3000 -71.69,45.50,3000 -71.68,45.53,3000 -71.67,45.55,3000 -71.66,45.58,3000 -71.65,45.61,3000 -71.63,45.63,3000 -71.62,45.66,3000 -71.47,45.79,3000 
          </coordinates>
        </LinearRing>
      </innerBoundaryIs>
  </Polygon>
 </MultiGeometry>
</Placemark>
<Placemark>
  <name>10%</name>
  <visibility>1</visibility>
  <styleUrl>#poly_10</styleUrl>
  <MultiGeometry>
    <Polygon>
      <outerBoundaryIs>
        <LinearRing>
          <coordinates>
-100.17,51.08,2000 -100.15,51.08,2000 -100.13,51.08,2000 -100.11,51.08,2000 -100.09,51.08,2000 -100.06,51.08,2000 -100.04,51.08,2000 -100.03,51.08,2000 -100.01,51.07,2000 -99.99,51.07,2000 -99.97,51.07,2000 -99.95,51.07,2000 -99.94,51.07,2000 -99.92,51.06,2000 -99.91,51.06,2000 -99.89,51.05,2000 -99.87,51.05,2000 -99.86,51.04,2000 -99.85,51.03,2000 -99.84,51.02,2000 -99.83,51.01,2000 -99.82,51.00,2000 -99.81,50.99,2000 -99.81,50.98,2000 -99.81,50.97,2000 -99.81,50.96,2000 -99.81,50.95,2000 -99.81,50.94,2000 -99.81,50.92,2000 -99.81,50.91,2000 -99.81,50.90,2000 -99.81,50.88,2000 -99.81,50.87,2000 -99.82,50.86,2000 -99.82,50.85,2000 -99.82,50.84,2000 -99.83,50.83,2000 -99.83,50.82,2000 -99.84,50.80,2000 -99.85,50.79,2000 -99.86,50.79,2000 -99.87,50.78,2000 -99.90,50.78,2000 -99.91,50.78,2000 -99.93,50.78,2000 -99.94,50.77,2000 -99.96,50.77,2000 -99.98,50.77,2000 -100.00,50.77,2000 -100.02,50.76,2000 -100.04,50.76,2000 -100.06,50.76,2000 -100.08,50.76,2000 -100.10,50.76,2000 -100.12,50.76,2000 -100.13,50.76,2000 -100.15,50.76,2000 -100.17,50.76,2000 -100.19,50.76,2000 -100.21,50.77,2000 -100.23,50.77,2000 -100.24,50.78,2000 -100.26,50.78,2000 -100.27,50.79,2000 -100.29,50.80,2000 -100.30,50.81,2000 -100.31,50.82,2000 -100.31,50.83,2000 -100.32,50.84,2000 -100.33,50.85,2000 -100.33,50.86,2000 -100.34,50.87,2000 -100.34,50.88,2000 -100.35,50.89,2000 -100.35,50.90,2000 -100.36,50.92,2000 -100.36,50.93,2000 -100.36,50.94,2000 -100.37,50.96,2000 -100.37,50.97,2000 -100.17,51.08,2000 
          </coordinates>
        </LinearRing>
      </outerBoundaryIs>
  </Polygon>
 </MultiGeometry>
</Placemark>
<Placemark>
  <name>10%</name>
  <visibility>1</visibility>
  <styleUrl>#poly_10</styleUrl>
  <MultiGeometry>
    <Polygon>
      <outerBoundaryIs>
        <LinearRing>
          <coordinates>
-98.13,51.87,2000 -98.09,51.87,2000 -98.04,51.88,2000 -98.00,51.88,2000 -97.96,51.88,2000 -97.91,51.88,2000 -97.87,51.88,2000 -97.82,51.87,2000 -97.78,51.87,2000 -97.73,51.86,2000 -97.69,51.85,2000 -97.65,51.84,2000 -97.62,51.83,2000 -97.61,51.83,2000 -97.59,51.82,2000 -97.56,51.80,2000 -97.52,51.78,2000 -97.48,51.76,2000 -97.45,51.74,2000 -97.41,51.72,2000 -97.38,51.70,2000 -97.35,51.69,2000 -97.30,51.68,2000 -97.27,51.67,2000 -97.25,51.65,2000 -97.23,51.63,2000 -97.20,51.61,2000 -97.18,51.58,2000 -97.15,51.55,2000 -97.14,51.53,2000 -97.14,51.51,2000 -97.16,51.49,2000 -97.19,51.48,2000 -97.23,51.47,2000 -97.27,51.46,2000 -97.31,51.45,2000 -97.34,51.44,2000 -97.37,51.42,2000 -97.39,51.40,2000 -97.41,51.39,2000 -97.43,51.37,2000 -97.45,51.35,2000 -97.47,51.33,2000 -97.50,51.32,2000 -97.53,51.30,2000 -97.56,51.29,2000 -97.59,51.27,2000 -97.62,51.25,2000 -97.66,51.24,2000 -97.70,51.22,2000 -97.74,51.21,2000 -97.77,51.19,2000 -97.80,51.18,2000 -97.82,51.16,2000 -97.85,51.16,2000 -97.88,51.16,2000 -97.93,51.15,2000 -97.98,51.15,2000 -98.03,51.15,2000 -98.07,51.15,2000 -98.11,51.15,2000 -98.15,51.15,2000 -98.17,51.16,2000 -98.20,51.17,2000 -98.23,51.18,2000 -98.26,51.19,2000 -98.30,51.20,2000 -98.34,51.21,2000 -98.37,51.23,2000 -98.40,51.24,2000 -98.42,51.26,2000 -98.45,51.27,2000 -98.48,51.29,2000 -98.50,51.31,2000 -98.52,51.33,2000 -98.54,51.35,2000 -98.55,51.38,2000 -98.56,51.41,2000 -98.57,51.43,2000 -98.58,51.46,2000 -98.58,51.49,2000 -98.58,51.51,2000 -98.57,51.54,2000 -98.56,51.57,2000 -98.54,51.59,2000 -98.53,51.62,2000 -98.51,51.64,2000 -98.50,51.66,2000 -98.48,51.68,2000 -98.46,51.70,2000 -98.44,51.72,2000 -98.41,51.73,2000 -98.39,51.75,2000 -98.36,51.77,2000 -98.33,51.79,2000 -98.29,51.80,2000 -98.26,51.82,2000 -98.13,51.87,2000 
          </coordinates>
        </LinearRing>
      </outerBoundaryIs>
  </Polygon>
 </MultiGeometry>
</Placemark>
<Placemark>
  <name>10%</name>
  <visibility>1</visibility>
  <styleUrl>#poly_10</styleUrl>
  <MultiGeometry>
    <Polygon>
      <outerBoundaryIs>
        <LinearRing>
          <coordinates>
-115.63,51.56,2000 -115.59,51.57,2000 -115.55,51.58,2000 -115.51,51.59,2000 -115.46,51.60,2000 -115.42,51.60,2000 -115.38,51.61,2000 -115.34,51.62,2000 -115.29,51.62,2000 -115.25,51.63,2000 -115.21,51.63,2000 -115.16,51.63,2000 -115.12,51.63,2000 -115.08,51.63,2000 -115.03,51.62,2000 -114.99,51.61,2000 -114.94,51.60,2000 -114.91,51.60,2000 -114.88,51.59,2000 -114.86,51.58,2000 -114.84,51.57,2000 -114.81,51.56,2000 -114.78,51.54,2000 -114.74,51.53,2000 -114.69,51.51,2000 -114.65,51.49,2000 -114.62,51.47,2000 -114.59,51.45,2000 -114.57,51.42,2000 -114.55,51.40,2000 -114.54,51.37,2000 -114.53,51.34,2000 -114.53,51.31,2000 -114.54,51.29,2000 -114.56,51.27,2000 -114.59,51.26,2000 -114.63,51.25,2000 -114.68,51.24,2000 -114.72,51.22,2000 -114.76,51.21,2000 -114.80,51.19,2000 -114.83,51.18,2000 -114.87,51.16,2000 -114.91,51.14,2000 -114.95,51.12,2000 -114.99,51.11,2000 -115.03,51.10,2000 -115.07,51.09,2000 -115.12,51.08,2000 -115.16,51.08,2000 -115.21,51.07,2000 -115.25,51.07,2000 -115.29,51.07,2000 -115.34,51.07,2000 -115.38,51.08,2000 -115.42,51.08,2000 -115.47,51.09,2000 -115.51,51.10,2000 -115.55,51.11,2000 -115.60,51.12,2000 -115.64,51.13,2000 -115.69,51.14,2000 -115.73,51.15,2000 -115.76,51.16,2000 -115.79,51.17,2000 -115.81,51.17,2000 -115.83,51.18,2000 -115.87,51.20,2000 -115.91,51.21,2000 -115.95,51.23,2000 -115.99,51.25,2000 -116.03,51.27,2000 -116.07,51.29,2000 -116.09,51.30,2000 -116.10,51.31,2000 -116.09,51.31,2000 -116.07,51.32,2000 -116.04,51.34,2000 -116.00,51.36,2000 -115.96,51.39,2000 -115.92,51.41,2000 -115.89,51.43,2000 -115.86,51.45,2000 -115.82,51.48,2000 -115.79,51.50,2000 -115.77,51.51,2000 -115.63,51.56,2000 
          </coordinates>
        </LinearRing>
      </outerBoundaryIs>
      <innerBoundaryIs>
        <LinearRing>
          <coordinates>
-115.58,51.38,3000 -115.56,51.39,3000 -115.55,51.39,3000 -115.53,51.40,3000 -115.52,51.41,3000 -115.50,51.41,3000 -115.49,51.42,3000 -115.47,51.43,3000 -115.45,51.43,3000 -115.44,51.44,3000 -115.42,51.44,3000 -115.41,51.45,3000 -115.39,51.45,3000 -115.37,51.45,3000 -115.36,51.46,3000 -115.34,51.46,3000 -115.32,51.46,3000 -115.30,51.46,3000 -115.28,51.46,3000 -115.26,51.46,3000 -115.24,51.46,3000 -115.22,51.46,3000 -115.20,51.46,3000 -115.18,51.46,3000 -115.16,51.45,3000 -115.15,51.45,3000 -115.13,51.45,3000 -115.11,51.45,3000 -115.10,51.44,3000 -115.08,51.44,3000 -115.07,51.44,3000 -115.04,51.43,3000 -115.03,51.43,3000 -115.02,51.42,3000 -115.01,51.42,3000 -115.01,51.41,3000 -115.01,51.40,3000 -115.01,51.39,3000 -115.01,51.39,3000 -115.03,51.37,3000 -115.05,51.36,3000 -115.06,51.35,3000 -115.07,51.35,3000 -115.08,51.34,3000 -115.09,51.33,3000 -115.10,51.32,3000 -115.12,51.31,3000 -115.13,51.30,3000 -115.15,51.30,3000 -115.16,51.29,3000 -115.18,51.28,3000 -115.19,51.27,3000 -115.21,51.26,3000 -115.23,51.25,3000 -115.24,51.25,3000 -115.26,51.24,3000 -115.27,51.24,3000 -115.29,51.24,3000 -115.30,51.24,3000 -115.32,51.24,3000 -115.34,51.24,3000 -115.35,51.25,3000 -115.37,51.25,3000 -115.39,51.26,3000 -115.41,51.27,3000 -115.42,51.27,3000 -115.44,51.28,3000 -115.46,51.29,3000 -115.48,51.30,3000 -115.49,51.30,3000 -115.51,51.31,3000 -115.52,51.32,3000 -115.54,51.33,3000 -115.55,51.33,3000 -115.56,51.34,3000 -115.57,51.34,3000 -115.60,51.35,3000 -115.62,51.36,3000 -115.62,51.36,3000 -115.62,51.36,3000 -115.58,51.38,3000 
          </coordinates>
        </LinearRing>
      </innerBoundaryIs>
  </Polygon>
 </MultiGeometry>
</Placemark>
<Placemark>
  <name>10%</name>
  <visibility>1</visibility>
  <styleUrl>#poly_10</styleUrl>
  <MultiGeometry>
    <Polygon>
      <outerBoundaryIs>
        <LinearRing>
          <coordinates>
-78.06,43.43,2000 -77.99,43.41,2000 -77.92,43.39,2000 -77.85,43.37,2000 -77.79,43.35,2000 -77.72,43.33,2000 -77.66,43.30,2000 -77.61,43.27,2000 -77.55,43.23,2000 -77.50,43.19,2000 -77.45,43.14,2000 -77.41,43.09,2000 -77.37,43.04,2000 -77.33,42.99,2000 -77.30,42.94,2000 -77.27,42.89,2000 -77.24,42.83,2000 -77.21,42.77,2000 -77.19,42.72,2000 -77.17,42.66,2000 -77.16,42.62,2000 -77.16,42.56,2000 -77.18,42.51,2000 -77.22,42.47,2000 -77.25,42.43,2000 -77.28,42.39,2000 -77.32,42.36,2000 -77.37,42.33,2000 -77.43,42.29,2000 -77.48,42.26,2000 -77.54,42.22,2000 -77.61,42.19,2000 -77.68,42.15,2000 -77.75,42.12,2000 -77.82,42.09,2000 -77.88,42.07,2000 -77.95,42.07,2000 -78.02,42.06,2000 -78.09,42.05,2000 -78.16,42.05,2000 -78.23,42.04,2000 -78.30,42.03,2000 -78.37,42.01,2000 -78.45,41.99,2000 -78.52,41.97,2000 -78.60,41.94,2000 -78.67,41.92,2000 -78.74,41.90,2000 -78.80,41.88,2000 -78.88,41.87,2000 -78.95,41.86,2000 -79.01,41.86,2000 -79.07,41.86,2000 -79.14,41.86,2000 -79.21,41.86,2000 -79.29,41.87,2000 -79.36,41.87,2000 -79.43,41.88,2000 -79.50,41.89,2000 -79.57,41.90,2000 -79.64,41.91,2000 -79.70,41.93,2000 -79.75,41.96,2000 -79.78,42.00,2000 -79.80,42.04,2000 -79.81,42.10,2000 -79.80,42.16,2000 -79.78,42.20,2000 -79.75,42.25,2000 -79.71,42.30,2000 -79.67,42.35,2000 -79.64,42.40,2000 -79.60,42.45,2000 -79.58,42.49,2000 -79.57,42.55,2000 -79.57,42.60,2000 -79.57,42.65,2000 -79.57,42.70,2000 -79.56,42.74,2000 -79.53,42.78,2000 -79.50,42.82,2000 -79.46,42.85,2000 -79.41,42.89,2000 -79.34,42.92,2000 -79.28,42.94,2000 -79.21,42.97,2000 -79.13,42.99,2000 -79.05,43.01,2000 -78.98,43.04,2000 -78.90,43.06,2000 -78.84,43.09,2000 -78.78,43.13,2000 -78.72,43.17,2000 -78.68,43.21,2000 -78.63,43.26,2000 -78.59,43.30,2000 -78.55,43.35,2000 -78.06,43.43,2000 
          </coordinates>
        </LinearRing>
      </outerBoundaryIs>
      <innerBoundaryIs>
        <LinearRing>
          <coordinates>
-78.32,43.31,3000 -78.26,43.32,3000 -78.21,43.33,3000 -78.15,43.34,3000 -78.09,43.34,3000 -78.03,43.34,3000 -77.97,43.33,3000 -77.91,43.32,3000 -77.85,43.29,3000 -77.81,43.26,3000 -77.77,43.23,3000 -77.74,43.20,3000 -77.70,43.16,3000 -77.67,43.12,3000 -77.64,43.08,3000 -77.62,43.04,3000 -77.60,43.00,3000 -77.59,42.95,3000 -77.58,42.91,3000 -77.57,42.87,3000 -77.55,42.83,3000 -77.52,42.79,3000 -77.49,42.75,3000 -77.46,42.72,3000 -77.44,42.68,3000 -77.43,42.65,3000 -77.44,42.61,3000 -77.46,42.56,3000 -77.50,42.52,3000 -77.55,42.48,3000 -77.59,42.45,3000 -77.64,42.43,3000 -77.69,42.40,3000 -77.74,42.38,3000 -77.80,42.35,3000 -77.85,42.33,3000 -77.90,42.31,3000 -77.95,42.28,3000 -78.00,42.26,3000 -78.05,42.23,3000 -78.10,42.21,3000 -78.16,42.19,3000 -78.22,42.17,3000 -78.28,42.15,3000 -78.35,42.14,3000 -78.41,42.12,3000 -78.48,42.10,3000 -78.53,42.09,3000 -78.59,42.07,3000 -78.64,42.05,3000 -78.70,42.03,3000 -78.77,42.02,3000 -78.82,42.02,3000 -78.88,42.02,3000 -78.94,42.02,3000 -79.01,42.02,3000 -79.07,42.02,3000 -79.13,42.03,3000 -79.19,42.03,3000 -79.24,42.04,3000 -79.32,42.06,3000 -79.39,42.07,3000 -79.44,42.10,3000 -79.47,42.13,3000 -79.48,42.17,3000 -79.48,42.21,3000 -79.46,42.26,3000 -79.44,42.32,3000 -79.42,42.35,3000 -79.40,42.39,3000 -79.38,42.44,3000 -79.35,42.48,3000 -79.32,42.53,3000 -79.30,42.57,3000 -79.27,42.61,3000 -79.25,42.64,3000 -79.22,42.69,3000 -79.19,42.73,3000 -79.17,42.77,3000 -79.12,42.80,3000 -79.07,42.82,3000 -79.02,42.85,3000 -78.95,42.87,3000 -78.89,42.89,3000 -78.83,42.92,3000 -78.78,42.94,3000 -78.73,42.97,3000 -78.69,43.01,3000 -78.66,43.04,3000 -78.63,43.07,3000 -78.60,43.11,3000 -78.32,43.31,3000 
          </coordinates>
        </LinearRing>
      </innerBoundaryIs>
  </Polygon>
 </MultiGeometry>
</Placemark>
<Placemark>
  <name>20%</name>
  <visibility>1</visibility>
  <styleUrl>#poly_20</styleUrl>
  <MultiGeometry>
    <Polygon>
      <outerBoundaryIs>
        <LinearRing>
          <coordinates>
-82.50,44.30,3000 -82.48,44.29,3000 -82.45,44.28,3000 -82.42,44.27,3000 -82.39,44.26,3000 -82.37,44.25,3000 -82.33,44.23,3000 -82.30,44.22,3000 -82.27,44.20,3000 -82.25,44.18,3000 -82.22,44.17,3000 -82.20,44.15,3000 -82.17,44.13,3000 -82.15,44.11,3000 -82.13,44.09,3000 -82.12,44.07,3000 -82.11,44.05,3000 -82.11,44.02,3000 -82.11,44.00,3000 -82.12,43.97,3000 -82.13,43.95,3000 -82.14,43.92,3000 -82.15,43.90,3000 -82.16,43.88,3000 -82.18,43.86,3000 -82.20,43.83,3000 -82.22,43.81,3000 -82.24,43.79,3000 -82.26,43.77,3000 -82.28,43.75,3000 -82.29,43.74,3000 -82.31,43.72,3000 -82.31,43.71,3000 -82.34,43.70,3000 -82.36,43.69,3000 -82.39,43.67,3000 -82.42,43.65,3000 -82.46,43.63,3000 -82.49,43.61,3000 -82.53,43.60,3000 -82.56,43.59,3000 -82.59,43.59,3000 -82.62,43.60,3000 -82.64,43.61,3000 -82.67,43.63,3000 -82.69,43.65,3000 -82.72,43.68,3000 -82.74,43.71,3000 -82.76,43.73,3000 -82.78,43.75,3000 -82.79,43.77,3000 -82.80,43.80,3000 -82.80,43.83,3000 -82.79,43.85,3000 -82.79,43.87,3000 -82.79,43.89,3000 -82.79,43.91,3000 -82.79,43.93,3000 -82.79,43.95,3000 -82.78,43.97,3000 -82.78,43.99,3000 -82.77,44.02,3000 -82.77,44.04,3000 -82.77,44.06,3000 -82.76,44.09,3000 -82.75,44.12,3000 -82.74,44.14,3000 -82.73,44.16,3000 -82.71,44.18,3000 -82.70,44.21,3000 -82.68,44.23,3000 -82.66,44.26,3000 -82.64,44.28,3000 -82.50,44.30,3000 
          </coordinates>
        </LinearRing>
      </outerBoundaryIs>
  </Polygon>
 </MultiGeometry>
</Placemark>
<Placemark>
  <name>20%</name>
  <visibility>1</visibility>
  <styleUrl>#poly_20</styleUrl>
  <MultiGeometry>
    <Polygon>
      <outerBoundaryIs>
        <LinearRing>
          <coordinates>
-67.96,50.97,3000 -67.36,50.81,3000 -66.71,50.57,3000 -66.22,50.37,3000 -65.81,50.09,3000 -65.57,49.82,3000 -65.10,49.59,3000 -64.63,49.40,3000 -64.14,49.20,3000 -63.49,48.92,3000 -63.24,48.78,3000 -63.03,48.59,3000 -62.80,48.31,3000 -62.61,48.17,3000 -62.26,48.02,3000 -62.06,47.90,3000 -61.89,47.70,3000 -61.94,47.34,3000 -62.02,47.19,3000 -62.33,46.93,3000 -62.87,46.90,3000 -63.71,47.00,3000 -64.40,47.05,3000 -65.15,47.17,3000 -65.81,47.11,3000 -66.62,46.75,3000 -66.87,46.68,3000 -67.13,46.80,3000 -67.37,47.04,3000 -68.12,46.96,3000 -69.11,46.80,3000 -69.87,46.66,3000 -70.29,46.49,3000 -70.46,46.61,3000 -70.41,46.90,3000 -70.57,47.01,3000 -70.93,46.96,3000 -71.18,46.92,3000 -71.68,46.95,3000 -72.06,47.04,3000 -72.27,47.16,3000 -72.84,47.51,3000 -73.13,47.52,3000 -73.43,47.43,3000 -73.62,47.29,3000 -73.95,46.99,3000 -74.17,46.81,3000 -74.37,46.72,3000 -74.76,46.91,3000 -75.12,47.13,3000 -75.42,47.24,3000 -75.76,47.27,3000 -76.11,47.23,3000 -76.35,47.12,3000 -76.69,46.89,3000 -77.32,46.98,3000 -77.85,47.02,3000 -78.13,47.00,3000 -78.44,46.86,3000 -78.18,46.44,3000 -77.85,46.00,3000 -77.51,45.73,3000 -77.22,45.57,3000 -76.99,45.38,3000 -76.78,45.06,3000 -76.72,44.88,3000 -76.96,44.75,3000 -77.50,44.74,3000 -77.86,44.71,3000 -78.12,44.63,3000 -78.31,44.56,3000 -78.48,44.66,3000 -79.01,44.78,3000 -79.38,44.83,3000 -79.55,44.92,3000 -79.92,45.29,3000 -80.19,45.52,3000 -80.36,45.67,3000 -80.73,45.80,3000 -81.14,45.79,3000 -81.42,45.72,3000 -81.64,45.54,3000 -81.92,45.42,3000 -82.37,45.47,3000 -82.36,45.31,3000 -82.16,45.11,3000 -82.20,44.97,3000 -82.34,44.90,3000 -82.69,44.81,3000 -83.12,44.48,3000 -83.66,44.52,3000 -84.20,44.57,3000 -84.67,44.41,3000 -85.09,44.16,3000 -85.48,44.08,3000 -85.75,44.27,3000 -85.80,44.50,3000 -85.60,44.77,3000 -85.34,45.17,3000 -85.18,45.52,3000 -85.00,45.72,3000 -84.60,45.65,3000 -83.89,45.73,3000 -84.18,45.84,3000 -84.65,45.86,3000 -85.05,45.91,3000 -85.36,46.01,3000 -85.96,45.94,3000 -86.36,45.91,3000 -86.80,45.94,3000 -87.23,46.02,3000 -87.72,46.05,3000 -88.23,45.92,3000 -88.72,45.64,3000 -88.95,45.54,3000 -89.31,45.50,3000 -90.03,45.55,3000 -90.55,45.63,3000 -91.07,45.70,3000 -91.74,45.73,3000 -92.35,45.86,3000 -93.07,45.89,3000 -93.70,45.71,3000 -94.27,45.57,3000 -94.81,45.45,3000 -95.25,45.43,3000 -95.73,45.48,3000 -96.46,45.56,3000 -96.86,45.57,3000 -97.10,45.50,3000 -97.43,45.36,3000 -97.69,45.20,3000 -97.88,45.14,3000 -98.01,45.19,3000 -98.16,45.35,3000 -98.26,45.59,3000 -98.44,45.92,3000 -98.58,46.14,3000 -98.62,46.42,3000 -98.46,46.83,3000 -98.23,47.17,3000 -97.99,47.44,3000 -97.56,47.81,3000 -97.18,48.08,3000 -96.74,48.39,3000 -96.27,48.71,3000 -95.82,49.02,3000 -95.14,49.56,3000 -95.05,49.83,3000 -95.13,50.13,3000 -95.53,50.50,3000 -95.80,50.81,3000 -96.03,51.23,3000 -96.06,51.36,3000 -95.85,51.48,3000 -95.35,51.63,3000 -94.90,51.74,3000 -94.25,51.71,3000 -93.80,51.66,3000 -92.99,51.61,3000 -92.53,51.60,3000 -92.08,51.61,3000 -91.72,51.66,3000 -91.42,51.66,3000 -90.84,51.49,3000 -90.24,51.28,3000 -89.82,51.21,3000 -89.32,51.18,3000 -88.53,51.14,3000 -87.90,51.07,3000 -87.40,51.01,3000 -86.93,50.93,3000 -86.26,50.81,3000 -85.61,50.69,3000 -85.24,50.63,3000 -84.73,50.44,3000 -84.24,50.14,3000 -83.78,50.02,3000 -83.32,49.72,3000 -83.02,49.57,3000 -82.76,49.50,3000 -82.32,49.25,3000 -81.77,48.98,3000 -81.22,48.82,3000 -80.62,48.68,3000 -79.96,48.50,3000 -79.27,48.30,3000 -78.54,48.08,3000 -77.93,47.90,3000 -77.56,47.89,3000 -77.21,47.94,3000 -76.60,48.00,3000 -75.71,48.24,3000 -75.10,48.39,3000 -74.69,48.55,3000 -74.20,48.83,3000 -73.92,48.97,3000 -73.58,49.07,3000 -73.12,49.22,3000 -72.78,49.53,3000 -72.55,49.70,3000 -72.28,49.80,3000 -71.89,50.05,3000 -71.56,50.43,3000 -71.34,50.58,3000 -71.09,50.68,3000 -70.25,50.86,3000 -69.53,50.99,3000 -69.18,51.03,3000 -68.66,51.00,3000 -67.96,50.97,3000 
          </coordinates>
        </LinearRing>
      </outerBoundaryIs>
      <innerBoundaryIs>
        <LinearRing>
          <coordinates>
-84.30,45.42,4000 -84.23,45.44,4000 -84.16,45.45,4000 -84.08,45.46,4000 -84.01,45.48,4000 -83.94,45.49,4000 -83.87,45.50,4000 -83.80,45.50,4000 -83.73,45.50,4000 -83.65,45.50,4000 -83.58,45.50,4000 -83.51,45.49,4000 -83.44,45.48,4000 -83.37,45.47,4000 -83.32,45.46,4000 -83.26,45.43,4000 -83.21,45.40,4000 -83.17,45.36,4000 -83.13,45.32,4000 -83.10,45.29,4000 -83.05,45.25,4000 -83.02,45.21,4000 -83.01,45.17,4000 -83.01,45.13,4000 -83.03,45.09,4000 -83.05,45.04,4000 -83.09,45.00,4000 -83.13,44.97,4000 -83.19,44.94,4000 -83.25,44.91,4000 -83.32,44.88,4000 -83.39,44.87,4000 -83.45,44.87,4000 -83.52,44.88,4000 -83.59,44.89,4000 -83.67,44.91,4000 -83.74,44.92,4000 -83.81,44.93,4000 -83.87,44.93,4000 -83.94,44.92,4000 -83.99,44.89,4000 -84.04,44.86,4000 -84.08,44.83,4000 -84.13,44.80,4000 -84.19,44.77,4000 -84.25,44.74,4000 -84.32,44.71,4000 -84.38,44.68,4000 -84.44,44.65,4000 -84.51,44.63,4000 -84.57,44.60,4000 -84.64,44.57,4000 -84.69,44.55,4000 -84.74,44.52,4000 -84.79,44.50,4000 -84.84,44.47,4000 -84.90,44.44,4000 -84.96,44.42,4000 -85.02,44.40,4000 -85.08,44.37,4000 -85.15,44.34,4000 -85.22,44.32,4000 -85.28,44.30,4000 -85.34,44.28,4000 -85.39,44.28,4000 -85.46,44.30,4000 -85.51,44.34,4000 -85.54,44.39,4000 -85.56,44.44,4000 -85.56,44.48,4000 -85.55,44.53,4000 -85.53,44.57,4000 -85.50,44.62,4000 -85.47,44.66,4000 -85.42,44.70,4000 -85.38,44.75,4000 -85.34,44.80,4000 -85.32,44.84,4000 -85.30,44.88,4000 -85.28,44.93,4000 -85.27,44.98,4000 -85.25,45.03,4000 -85.23,45.08,4000 -85.21,45.12,4000 -85.18,45.17,4000 -85.16,45.22,4000 -85.13,45.27,4000 -85.10,45.31,4000 -85.07,45.35,4000 -85.04,45.38,4000 -84.99,45.41,4000 -84.92,45.42,4000 -84.86,45.43,4000 -84.80,45.43,4000 -84.74,45.43,4000 -84.68,45.43,4000 -84.61,45.42,4000 -84.55,45.41,4000 -84.30,45.42,4000 
          </coordinates>
        </LinearRing>
      </innerBoundaryIs>
      <innerBoundaryIs>
        <LinearRing>
          <coordinates>
-69.01,50.96,4000 -68.63,50.92,4000 -68.18,50.93,4000 -67.77,50.88,4000 -67.38,50.74,4000 -66.46,50.40,4000 -66.00,50.15,4000 -65.72,49.83,4000 -65.37,49.63,4000 -65.05,49.50,4000 -64.57,49.30,4000 -64.07,49.09,4000 -63.57,48.88,4000 -63.17,48.62,4000 -62.92,48.30,4000 -62.47,48.04,4000 -62.03,47.79,4000 -61.95,47.54,4000 -62.07,47.22,4000 -62.26,47.03,4000 -62.58,46.96,4000 -63.26,46.98,4000 -63.95,47.09,4000 -64.66,47.15,4000 -65.05,47.23,4000 -65.37,47.25,4000 -65.83,47.19,4000 -66.55,46.89,4000 -66.74,46.83,4000 -66.92,46.83,4000 -67.04,46.93,4000 -67.21,47.06,4000 -67.56,47.16,4000 -68.13,47.11,4000 -68.64,46.97,4000 -69.25,46.91,4000 -69.93,46.77,4000 -70.23,46.80,4000 -70.22,47.05,4000 -69.89,47.34,4000 -69.99,47.53,4000 -70.06,47.50,4000 -70.56,47.16,4000 -71.04,47.01,4000 -71.51,47.01,4000 -71.90,47.06,4000 -72.03,47.12,4000 -72.36,47.37,4000 -72.69,47.60,4000 -72.96,47.66,4000 -73.26,47.62,4000 -73.66,47.52,4000 -73.86,47.47,4000 -74.05,47.26,4000 -74.14,47.11,4000 -74.40,46.96,4000 -74.72,47.19,4000 -75.02,47.35,4000 -75.43,47.43,4000 -76.17,47.38,4000 -76.72,47.27,4000 -76.93,47.20,4000 -77.38,47.17,4000 -78.15,47.22,4000 -78.79,47.21,4000 -79.14,47.28,4000 -79.36,47.23,4000 -79.52,47.07,4000 -79.59,46.94,4000 -79.43,46.82,4000 -79.30,46.76,4000 -78.86,46.57,4000 -78.46,46.40,4000 -78.21,46.18,4000 -77.71,45.59,4000 -77.63,45.45,4000 -77.69,45.23,4000 -77.86,45.10,4000 -78.20,45.01,4000 -78.77,45.00,4000 -79.25,45.03,4000 -79.44,45.10,4000 -79.83,45.38,4000 -80.12,45.65,4000 -80.34,45.83,4000 -80.61,45.96,4000 -81.46,45.98,4000 -81.78,46.05,4000 -82.14,46.00,4000 -82.63,45.89,4000 -83.25,45.95,4000 -84.04,46.04,4000 -84.71,46.10,4000 -85.59,46.11,4000 -86.19,46.02,4000 -86.52,46.00,4000 -86.89,46.05,4000 -87.36,46.12,4000 -87.92,46.09,4000 -88.41,45.94,4000 -88.81,45.74,4000 -89.19,45.63,4000 -89.40,45.63,4000 -89.93,45.65,4000 -90.37,45.68,4000 -90.78,45.76,4000 -91.47,45.81,4000 -91.93,45.90,4000 -92.66,45.99,4000 -93.00,45.98,4000 -93.32,45.92,4000 -93.70,45.79,4000 -94.10,45.71,4000 -94.63,45.57,4000 -95.09,45.53,4000 -95.63,45.56,4000 -96.45,45.64,4000 -96.82,45.65,4000 -97.19,45.53,4000 -97.55,45.36,4000 -97.87,45.24,4000 -98.07,45.42,4000 -98.28,45.85,4000 -98.49,46.22,4000 -98.51,46.52,4000 -98.44,46.69,4000 -98.23,47.06,4000 -97.96,47.36,4000 -97.32,47.90,4000 -96.76,48.27,4000 -96.25,48.62,4000 -95.62,49.04,4000 -95.12,49.38,4000 -94.75,49.73,4000 -94.69,50.07,4000 -94.75,50.38,4000 -95.17,50.71,4000 -95.38,51.07,4000 -95.38,51.36,4000 -95.15,51.49,4000 -95.00,51.55,4000 -94.60,51.58,4000 -94.07,51.50,4000 -93.71,51.43,4000 -93.36,51.43,4000 -92.65,51.44,4000 -91.63,51.52,4000 -91.23,51.45,4000 -90.76,51.26,4000 -90.17,51.13,4000 -89.32,51.10,4000 -88.50,51.06,4000 -87.81,51.00,4000 -87.06,50.89,4000 -86.23,50.75,4000 -85.52,50.61,4000 -84.96,50.48,4000 -84.60,50.25,4000 -84.40,50.12,4000 -84.15,50.05,4000 -83.75,49.92,4000 -83.41,49.69,4000 -82.96,49.49,4000 -82.56,49.35,4000 -82.09,49.01,4000 -81.45,48.83,4000 -80.96,48.69,4000 -80.41,48.54,4000 -79.86,48.38,4000 -79.30,48.21,4000 -78.73,48.02,4000 -78.25,47.86,4000 -77.89,47.75,4000 -77.47,47.74,4000 -76.83,47.82,4000 -76.34,47.96,4000 -75.83,48.12,4000 -75.02,48.29,4000 -74.54,48.50,4000 -74.26,48.69,4000 -74.00,48.86,4000 -73.70,48.96,4000 -73.16,49.12,4000 -72.82,49.35,4000 -72.45,49.66,4000 -72.00,49.86,4000 -71.69,50.17,4000 -71.39,50.46,4000 -70.90,50.66,4000 -69.83,50.87,4000 -69.24,50.96,4000 -69.01,50.96,4000 
          </coordinates>
        </LinearRing>
      </innerBoundaryIs>
  </Polygon>
 </MultiGeometry>
</Placemark>
<Placemark>
  <name>20%</name>
  <visibility>1</visibility>
  <styleUrl>#poly_20</styleUrl>
  <MultiGeometry>
    <Polygon>
      <outerBoundaryIs>
        <LinearRing>
          <coordinates>
-71.47,45.79,3000 -71.43,45.79,3000 -71.39,45.79,3000 -71.35,45.79,3000 -71.31,45.79,3000 -71.27,45.79,3000 -71.23,45.78,3000 -71.20,45.77,3000 -71.16,45.77,3000 -71.13,45.76,3000 -71.10,45.75,3000 -71.06,45.74,3000 -71.03,45.72,3000 -71.00,45.71,3000 -70.97,45.69,3000 -70.94,45.68,3000 -70.91,45.66,3000 -70.88,45.64,3000 -70.85,45.62,3000 -70.83,45.60,3000 -70.81,45.58,3000 -70.79,45.57,3000 -70.78,45.56,3000 -70.77,45.54,3000 -70.76,45.52,3000 -70.75,45.49,3000 -70.74,45.46,3000 -70.73,45.43,3000 -70.72,45.41,3000 -70.72,45.38,3000 -70.73,45.36,3000 -70.74,45.33,3000 -70.75,45.30,3000 -70.76,45.28,3000 -70.78,45.26,3000 -70.80,45.24,3000 -70.81,45.22,3000 -70.83,45.20,3000 -70.85,45.19,3000 -70.89,45.17,3000 -70.91,45.16,3000 -70.94,45.15,3000 -70.98,45.13,3000 -71.01,45.12,3000 -71.05,45.10,3000 -71.08,45.09,3000 -71.10,45.08,3000 -71.13,45.07,3000 -71.16,45.06,3000 -71.19,45.06,3000 -71.22,45.05,3000 -71.25,45.05,3000 -71.29,45.04,3000 -71.33,45.04,3000 -71.37,45.04,3000 -71.41,45.04,3000 -71.45,45.04,3000 -71.48,45.05,3000 -71.52,45.06,3000 -71.56,45.07,3000 -71.60,45.08,3000 -71.63,45.09,3000 -71.65,45.10,3000 -71.68,45.12,3000 -71.69,45.13,3000 -71.70,45.16,3000 -71.70,45.18,3000 -71.70,45.20,3000 -71.70,45.23,3000 -71.70,45.25,3000 -71.70,45.28,3000 -71.70,45.30,3000 -71.70,45.33,3000 -71.70,45.35,3000 -71.70,45.38,3000 -71.70,45.40,3000 -71.70,45.43,3000 -71.70,45.45,3000 -71.69,45.48,3000 -71.69,45.50,3000 -71.68,45.53,3000 -71.67,45.55,3000 -71.66,45.58,3000 -71.65,45.61,3000 -71.63,45.63,3000 -71.62,45.66,3000 -71.47,45.79,3000 
          </coordinates>
        </LinearRing>
      </outerBoundaryIs>
      <innerBoundaryIs>
        <LinearRing>
          <coordinates>
-71.30,45.51,4000 -71.28,45.51,4000 -71.27,45.51,4000 -71.25,45.51,4000 -71.23,45.51,4000 -71.22,45.51,4000 -71.20,45.51,4000 -71.18,45.51,4000 -71.17,45.51,4000 -71.15,45.51,4000 -71.14,45.51,4000 -71.12,45.51,4000 -71.11,45.51,4000 -71.10,45.51,4000 -71.08,45.51,4000 -71.07,45.51,4000 -71.06,45.50,4000 -71.05,45.50,4000 -71.03,45.49,4000 -71.02,45.49,4000 -71.01,45.48,4000 -71.00,45.47,4000 -70.99,45.46,4000 -70.98,45.45,4000 -70.98,45.44,4000 -70.97,45.43,4000 -70.97,45.42,4000 -70.97,45.41,4000 -70.97,45.40,4000 -70.97,45.39,4000 -70.98,45.38,4000 -70.98,45.37,4000 -70.98,45.36,4000 -70.99,45.35,4000 -70.99,45.34,4000 -71.00,45.33,4000 -71.01,45.31,4000 -71.01,45.30,4000 -71.02,45.29,4000 -71.03,45.28,4000 -71.03,45.27,4000 -71.04,45.26,4000 -71.04,45.26,4000 -71.05,45.25,4000 -71.06,45.24,4000 -71.07,45.23,4000 -71.07,45.22,4000 -71.08,45.22,4000 -71.10,45.22,4000 -71.12,45.22,4000 -71.13,45.22,4000 -71.14,45.22,4000 -71.16,45.22,4000 -71.17,45.23,4000 -71.19,45.23,4000 -71.21,45.23,4000 -71.23,45.23,4000 -71.24,45.24,4000 -71.26,45.24,4000 -71.28,45.24,4000 -71.30,45.25,4000 -71.31,45.25,4000 -71.33,45.25,4000 -71.34,45.26,4000 -71.35,45.26,4000 -71.36,45.26,4000 -71.38,45.26,4000 -71.39,45.27,4000 -71.38,45.27,4000 -71.38,45.29,4000 -71.38,45.30,4000 -71.38,45.30,4000 -71.38,45.31,4000 -71.38,45.32,4000 -71.38,45.33,4000 -71.38,45.34,4000 -71.38,45.35,4000 -71.37,45.36,4000 -71.37,45.37,4000 -71.37,45.38,4000 -71.37,45.40,4000 -71.37,45.41,4000 -71.37,45.42,4000 -71.36,45.43,4000 -71.36,45.45,4000 -71.36,45.46,4000 -71.30,45.51,4000 
          </coordinates>
        </LinearRing>
      </innerBoundaryIs>
  </Polygon>
 </MultiGeometry>
</Placemark>
<Placemark>
  <name>20%</name>
  <visibility>1</visibility>
  <styleUrl>#poly_20</styleUrl>
  <MultiGeometry>
    <Polygon>
      <outerBoundaryIs>
        <LinearRing>
          <coordinates>
-115.58,51.38,3000 -115.56,51.39,3000 -115.55,51.39,3000 -115.53,51.40,3000 -115.52,51.41,3000 -115.50,51.41,3000 -115.49,51.42,3000 -115.47,51.43,3000 -115.45,51.43,3000 -115.44,51.44,3000 -115.42,51.44,3000 -115.41,51.45,3000 -115.39,51.45,3000 -115.37,51.45,3000 -115.36,51.46,3000 -115.34,51.46,3000 -115.32,51.46,3000 -115.30,51.46,3000 -115.28,51.46,3000 -115.26,51.46,3000 -115.24,51.46,3000 -115.22,51.46,3000 -115.20,51.46,3000 -115.18,51.46,3000 -115.16,51.45,3000 -115.15,51.45,3000 -115.13,51.45,3000 -115.11,51.45,3000 -115.10,51.44,3000 -115.08,51.44,3000 -115.07,51.44,3000 -115.04,51.43,3000 -115.03,51.43,3000 -115.02,51.42,3000 -115.01,51.42,3000 -115.01,51.41,3000 -115.01,51.40,3000 -115.01,51.39,3000 -115.01,51.39,3000 -115.03,51.37,3000 -115.05,51.36,3000 -115.06,51.35,3000 -115.07,51.35,3000 -115.08,51.34,3000 -115.09,51.33,3000 -115.10,51.32,3000 -115.12,51.31,3000 -115.13,51.30,3000 -115.15,51.30,3000 -115.16,51.29,3000 -115.18,51.28,3000 -115.19,51.27,3000 -115.21,51.26,3000 -115.23,51.25,3000 -115.24,51.25,3000 -115.26,51.24,3000 -115.27,51.24,3000 -115.29,51.24,3000 -115.30,51.24,3000 -115.32,51.24,3000 -115.34,51.24,3000 -115.35,51.25,3000 -115.37,51.25,3000 -115.39,51.26,3000 -115.41,51.27,3000 -115.42,51.27,3000 -115.44,51.28,3000 -115.46,51.29,3000 -115.48,51.30,3000 -115.49,51.30,3000 -115.51,51.31,3000 -115.52,51.32,3000 -115.54,51.33,3000 -115.55,51.33,3000 -115.56,51.34,3000 -115.57,51.34,3000 -115.60,51.35,3000 -115.62,51.36,3000 -115.62,51.36,3000 -115.62,51.36,3000 -115.58,51.38,3000 
          </coordinates>
        </LinearRing>
      </outerBoundaryIs>
  </Polygon>
 </MultiGeometry>
</Placemark>
<Placemark>
  <name>20%</name>
  <visibility>1</visibility>
  <styleUrl>#poly_20</styleUrl>
  <MultiGeometry>
    <Polygon>
      <outerBoundaryIs>
        <LinearRing>
          <coordinates>
-78.32,43.31,3000 -78.26,43.32,3000 -78.21,43.33,3000 -78.15,43.34,3000 -78.09,43.34,3000 -78.03,43.34,3000 -77.97,43.33,3000 -77.91,43.32,3000 -77.85,43.29,3000 -77.81,43.26,3000 -77.77,43.23,3000 -77.74,43.20,3000 -77.70,43.16,3000 -77.67,43.12,3000 -77.64,43.08,3000 -77.62,43.04,3000 -77.60,43.00,3000 -77.59,42.95,3000 -77.58,42.91,3000 -77.57,42.87,3000 -77.55,42.83,3000 -77.52,42.79,3000 -77.49,42.75,3000 -77.46,42.72,3000 -77.44,42.68,3000 -77.43,42.65,3000 -77.44,42.61,3000 -77.46,42.56,3000 -77.50,42.52,3000 -77.55,42.48,3000 -77.59,42.45,3000 -77.64,42.43,3000 -77.69,42.40,3000 -77.74,42.38,3000 -77.80,42.35,3000 -77.85,42.33,3000 -77.90,42.31,3000 -77.95,42.28,3000 -78.00,42.26,3000 -78.05,42.23,3000 -78.10,42.21,3000 -78.16,42.19,3000 -78.22,42.17,3000 -78.28,42.15,3000 -78.35,42.14,3000 -78.41,42.12,3000 -78.48,42.10,3000 -78.53,42.09,3000 -78.59,42.07,3000 -78.64,42.05,3000 -78.70,42.03,3000 -78.77,42.02,3000 -78.82,42.02,3000 -78.88,42.02,3000 -78.94,42.02,3000 -79.01,42.02,3000 -79.07,42.02,3000 -79.13,42.03,3000 -79.19,42.03,3000 -79.24,42.04,3000 -79.32,42.06,3000 -79.39,42.07,3000 -79.44,42.10,3000 -79.47,42.13,3000 -79.48,42.17,3000 -79.48,42.21,3000 -79.46,42.26,3000 -79.44,42.32,3000 -79.42,42.35,3000 -79.40,42.39,3000 -79.38,42.44,3000 -79.35,42.48,3000 -79.32,42.53,3000 -79.30,42.57,3000 -79.27,42.61,3000 -79.25,42.64,3000 -79.22,42.69,3000 -79.19,42.73,3000 -79.17,42.77,3000 -79.12,42.80,3000 -79.07,42.82,3000 -79.02,42.85,3000 -78.95,42.87,3000 -78.89,42.89,3000 -78.83,42.92,3000 -78.78,42.94,3000 -78.73,42.97,3000 -78.69,43.01,3000 -78.66,43.04,3000 -78.63,43.07,3000 -78.60,43.11,3000 -78.32,43.31,3000 
          </coordinates>
        </LinearRing>
      </outerBoundaryIs>
      <innerBoundaryIs>
        <LinearRing>
          <coordinates>
-78.09,43.26,4000 -78.03,43.25,4000 -77.98,43.24,4000 -77.94,43.22,4000 -77.90,43.20,4000 -77.87,43.16,4000 -77.85,43.13,4000 -77.83,43.10,4000 -77.81,43.06,4000 -77.81,43.03,4000 -77.82,43.00,4000 -77.85,42.96,4000 -77.88,42.93,4000 -77.91,42.91,4000 -77.94,42.89,4000 -77.96,42.87,4000 -77.97,42.84,4000 -77.97,42.81,4000 -77.98,42.77,4000 -77.98,42.74,4000 -77.99,42.70,4000 -77.99,42.67,4000 -77.99,42.63,4000 -78.00,42.60,4000 -78.00,42.56,4000 -78.01,42.53,4000 -78.03,42.49,4000 -78.05,42.46,4000 -78.08,42.42,4000 -78.10,42.39,4000 -78.13,42.36,4000 -78.17,42.33,4000 -78.20,42.32,4000 -78.25,42.30,4000 -78.30,42.28,4000 -78.35,42.25,4000 -78.40,42.23,4000 -78.44,42.21,4000 -78.47,42.20,4000 -78.51,42.19,4000 -78.55,42.18,4000 -78.59,42.17,4000 -78.65,42.16,4000 -78.70,42.15,4000 -78.75,42.14,4000 -78.80,42.14,4000 -78.85,42.13,4000 -78.90,42.13,4000 -78.94,42.13,4000 -78.99,42.14,4000 -79.04,42.16,4000 -79.09,42.18,4000 -79.14,42.21,4000 -79.18,42.23,4000 -79.21,42.25,4000 -79.23,42.28,4000 -79.22,42.31,4000 -79.20,42.34,4000 -79.18,42.37,4000 -79.15,42.41,4000 -79.12,42.45,4000 -79.09,42.48,4000 -79.07,42.51,4000 -79.03,42.55,4000 -79.01,42.58,4000 -78.98,42.61,4000 -78.95,42.64,4000 -78.93,42.66,4000 -78.90,42.68,4000 -78.87,42.71,4000 -78.84,42.74,4000 -78.80,42.77,4000 -78.76,42.80,4000 -78.72,42.82,4000 -78.68,42.85,4000 -78.64,42.87,4000 -78.60,42.89,4000 -78.57,42.90,4000 -78.53,42.92,4000 -78.51,42.95,4000 -78.48,42.98,4000 -78.45,43.02,4000 -78.43,43.06,4000 -78.41,43.09,4000 -78.38,43.12,4000 -78.35,43.15,4000 -78.32,43.17,4000 -78.28,43.19,4000 -78.24,43.22,4000 -78.20,43.24,4000 -78.09,43.26,4000 
          </coordinates>
        </LinearRing>
      </innerBoundaryIs>
  </Polygon>
 </MultiGeometry>
</Placemark>
<Placemark>
  <name>20%</name>
  <visibility>1</visibility>
  <styleUrl>#poly_20</styleUrl>
  <MultiGeometry>
    <Polygon>
      <outerBoundaryIs>
        <LinearRing>
          <coordinates>
-81.20,44.95,3000 -81.14,44.93,3000 -81.08,44.91,3000 -81.01,44.89,3000 -80.95,44.87,3000 -80.88,44.85,3000 -80.82,44.83,3000 -80.75,44.81,3000 -80.69,44.80,3000 -80.62,44.78,3000 -80.56,44.76,3000 -80.50,44.74,3000 -80.43,44.71,3000 -80.36,44.69,3000 -80.30,44.66,3000 -80.23,44.63,3000 -80.17,44.60,3000 -80.11,44.57,3000 -80.04,44.53,3000 -79.97,44.50,3000 -79.91,44.46,3000 -79.87,44.43,3000 -79.83,44.39,3000 -79.82,44.35,3000 -79.82,44.31,3000 -79.82,44.25,3000 -79.82,44.21,3000 -79.83,44.16,3000 -79.84,44.11,3000 -79.85,44.05,3000 -79.87,44.00,3000 -79.88,43.95,3000 -79.90,43.91,3000 -79.93,43.86,3000 -79.97,43.81,3000 -80.02,43.78,3000 -80.08,43.75,3000 -80.14,43.73,3000 -80.21,43.71,3000 -80.28,43.69,3000 -80.35,43.67,3000 -80.42,43.66,3000 -80.49,43.65,3000 -80.56,43.65,3000 -80.64,43.64,3000 -80.72,43.63,3000 -80.78,43.62,3000 -80.84,43.60,3000 -80.91,43.58,3000 -80.98,43.56,3000 -81.05,43.54,3000 -81.11,43.52,3000 -81.17,43.50,3000 -81.25,43.47,3000 -81.31,43.44,3000 -81.37,43.42,3000 -81.42,43.42,3000 -81.48,43.44,3000 -81.53,43.46,3000 -81.58,43.51,3000 -81.63,43.56,3000 -81.66,43.60,3000 -81.69,43.64,3000 -81.72,43.69,3000 -81.74,43.74,3000 -81.77,43.79,3000 -81.79,43.84,3000 -81.81,43.88,3000 -81.84,43.94,3000 -81.86,43.98,3000 -81.87,44.02,3000 -81.87,44.06,3000 -81.85,44.10,3000 -81.82,44.13,3000 -81.78,44.17,3000 -81.74,44.22,3000 -81.71,44.26,3000 -81.67,44.31,3000 -81.64,44.36,3000 -81.60,44.41,3000 -81.56,44.46,3000 -81.53,44.51,3000 -81.50,44.55,3000 -81.47,44.60,3000 -81.46,44.65,3000 -81.45,44.68,3000 -81.44,44.72,3000 -81.42,44.77,3000 -81.41,44.83,3000 -81.39,44.88,3000 -81.20,44.95,3000 
          </coordinates>
        </LinearRing>
      </outerBoundaryIs>
      <innerBoundaryIs>
        <LinearRing>
          <coordinates>
-80.99,44.70,4000 -80.93,44.70,4000 -80.88,44.70,4000 -80.83,44.70,4000 -80.79,44.69,4000 -80.75,44.69,4000 -80.70,44.68,4000 -80.66,44.66,4000 -80.62,44.65,4000 -80.58,44.64,4000 -80.52,44.63,4000 -80.49,44.62,4000 -80.45,44.61,4000 -80.41,44.60,4000 -80.37,44.58,4000 -80.33,44.57,4000 -80.29,44.55,4000 -80.25,44.53,4000 -80.21,44.50,4000 -80.17,44.48,4000 -80.14,44.46,4000 -80.11,44.44,4000 -80.09,44.42,4000 -80.07,44.40,4000 -80.05,44.38,4000 -80.03,44.35,4000 -80.01,44.32,4000 -79.98,44.29,4000 -79.97,44.26,4000 -79.96,44.23,4000 -79.96,44.19,4000 -79.96,44.16,4000 -79.96,44.12,4000 -79.97,44.09,4000 -79.98,44.05,4000 -79.99,44.02,4000 -80.00,43.98,4000 -80.01,43.95,4000 -80.03,43.92,4000 -80.06,43.89,4000 -80.09,43.86,4000 -80.12,43.84,4000 -80.16,43.82,4000 -80.20,43.80,4000 -80.24,43.79,4000 -80.28,43.78,4000 -80.32,43.77,4000 -80.36,43.76,4000 -80.41,43.75,4000 -80.45,43.75,4000 -80.50,43.74,4000 -80.55,43.74,4000 -80.60,43.73,4000 -80.65,43.73,4000 -80.70,43.73,4000 -80.75,43.73,4000 -80.79,43.73,4000 -80.84,43.73,4000 -80.89,43.73,4000 -80.94,43.73,4000 -80.99,43.73,4000 -81.03,43.73,4000 -81.08,43.73,4000 -81.13,43.73,4000 -81.18,43.73,4000 -81.23,43.74,4000 -81.29,43.74,4000 -81.33,43.75,4000 -81.37,43.76,4000 -81.41,43.78,4000 -81.43,43.81,4000 -81.44,43.85,4000 -81.45,43.87,4000 -81.46,43.90,4000 -81.47,43.93,4000 -81.48,43.97,4000 -81.48,44.00,4000 -81.48,44.03,4000 -81.47,44.06,4000 -81.46,44.10,4000 -81.45,44.13,4000 -81.43,44.17,4000 -81.42,44.20,4000 -81.41,44.23,4000 -81.39,44.27,4000 -81.37,44.30,4000 -81.36,44.33,4000 -81.34,44.36,4000 -81.32,44.40,4000 -81.30,44.43,4000 -81.28,44.46,4000 -81.27,44.49,4000 -81.26,44.51,4000 -81.24,44.53,4000 -81.22,44.55,4000 -81.19,44.57,4000 -81.16,44.60,4000 -81.13,44.63,4000 -81.09,44.66,4000 -81.05,44.69,4000 -80.99,44.70,4000 
          </coordinates>
        </LinearRing>
      </innerBoundaryIs>
  </Polygon>
 </MultiGeometry>
</Placemark>
<Placemark>
  <name>20%</name>
  <visibility>1</visibility>
  <styleUrl>#poly_20</styleUrl>
  <MultiGeometry>
    <Polygon>
      <outerBoundaryIs>
        <LinearRing>
          <coordinates>
-74.39,44.86,3000 -74.33,44.88,3000 -74.27,44.89,3000 -74.21,44.90,3000 -74.15,44.90,3000 -74.09,44.90,3000 -74.02,44.89,3000 -73.96,44.87,3000 -73.91,44.83,3000 -73.88,44.79,3000 -73.85,44.74,3000 -73.82,44.69,3000 -73.80,44.63,3000 -73.78,44.58,3000 -73.76,44.53,3000 -73.74,44.48,3000 -73.74,44.44,3000 -73.73,44.40,3000 -73.74,44.35,3000 -73.75,44.31,3000 -73.75,44.26,3000 -73.76,44.21,3000 -73.77,44.15,3000 -73.79,44.10,3000 -73.80,44.05,3000 -73.82,44.01,3000 -73.86,43.96,3000 -73.91,43.92,3000 -73.96,43.89,3000 -74.01,43.86,3000 -74.06,43.82,3000 -74.11,43.79,3000 -74.17,43.75,3000 -74.22,43.71,3000 -74.26,43.67,3000 -74.30,43.63,3000 -74.35,43.59,3000 -74.39,43.55,3000 -74.44,43.52,3000 -74.49,43.49,3000 -74.53,43.46,3000 -74.58,43.43,3000 -74.64,43.41,3000 -74.71,43.39,3000 -74.77,43.38,3000 -74.83,43.38,3000 -74.90,43.38,3000 -74.97,43.38,3000 -75.05,43.38,3000 -75.12,43.39,3000 -75.19,43.39,3000 -75.26,43.39,3000 -75.33,43.39,3000 -75.40,43.40,3000 -75.47,43.40,3000 -75.54,43.40,3000 -75.60,43.41,3000 -75.66,43.42,3000 -75.74,43.44,3000 -75.81,43.47,3000 -75.87,43.50,3000 -75.91,43.54,3000 -75.94,43.58,3000 -75.95,43.62,3000 -75.96,43.67,3000 -75.95,43.71,3000 -75.94,43.75,3000 -75.91,43.80,3000 -75.88,43.84,3000 -75.84,43.88,3000 -75.80,43.91,3000 -75.75,43.94,3000 -75.69,43.97,3000 -75.64,44.00,3000 -75.60,44.03,3000 -75.56,44.07,3000 -75.54,44.10,3000 -75.51,44.14,3000 -75.47,44.19,3000 -75.44,44.23,3000 -75.40,44.27,3000 -75.36,44.32,3000 -75.32,44.38,3000 -75.28,44.43,3000 -75.24,44.47,3000 -75.20,44.51,3000 -75.14,44.56,3000 -75.09,44.60,3000 -75.04,44.63,3000 -74.98,44.66,3000 -74.92,44.69,3000 -74.86,44.71,3000 -74.80,44.73,3000 -74.73,44.76,3000 -74.66,44.78,3000 -74.39,44.86,3000 
          </coordinates>
        </LinearRing>
      </outerBoundaryIs>
      <innerBoundaryIs>
        <LinearRing>
          <coordinates>
-74.17,44.79,4000 -74.12,44.77,4000 -74.07,44.76,4000 -74.02,44.74,4000 -73.98,44.71,4000 -73.95,44.67,4000 -73.93,44.64,4000 -73.91,44.60,4000 -73.90,44.56,4000 -73.89,44.51,4000 -73.88,44.46,4000 -73.88,44.42,4000 -73.88,44.37,4000 -73.88,44.33,4000 -73.89,44.28,4000 -73.90,44.24,4000 -73.91,44.19,4000 -73.93,44.15,4000 -73.94,44.10,4000 -73.96,44.06,4000 -73.98,44.03,4000 -74.02,43.99,4000 -74.06,43.96,4000 -74.11,43.93,4000 -74.16,43.91,4000 -74.21,43.88,4000 -74.25,43.85,4000 -74.29,43.82,4000 -74.33,43.79,4000 -74.38,43.76,4000 -74.42,43.73,4000 -74.46,43.70,4000 -74.50,43.67,4000 -74.54,43.64,4000 -74.59,43.61,4000 -74.63,43.58,4000 -74.67,43.56,4000 -74.73,43.54,4000 -74.79,43.53,4000 -74.85,43.53,4000 -74.91,43.53,4000 -74.96,43.54,4000 -75.01,43.55,4000 -75.07,43.56,4000 -75.15,43.57,4000 -75.20,43.57,4000 -75.27,43.58,4000 -75.34,43.58,4000 -75.41,43.58,4000 -75.48,43.59,4000 -75.54,43.59,4000 -75.59,43.60,4000 -75.63,43.61,4000 -75.66,43.64,4000 -75.65,43.68,4000 -75.62,43.72,4000 -75.59,43.77,4000 -75.57,43.81,4000 -75.53,43.84,4000 -75.50,43.89,4000 -75.46,43.93,4000 -75.42,43.97,4000 -75.39,44.01,4000 -75.37,44.05,4000 -75.34,44.09,4000 -75.33,44.12,4000 -75.31,44.16,4000 -75.29,44.20,4000 -75.26,44.24,4000 -75.23,44.28,4000 -75.21,44.32,4000 -75.17,44.36,4000 -75.14,44.40,4000 -75.11,44.43,4000 -75.07,44.47,4000 -75.04,44.50,4000 -75.00,44.53,4000 -74.96,44.56,4000 -74.91,44.58,4000 -74.87,44.60,4000 -74.82,44.62,4000 -74.77,44.64,4000 -74.72,44.66,4000 -74.66,44.68,4000 -74.60,44.70,4000 -74.54,44.72,4000 -74.48,44.73,4000 -74.42,44.75,4000 -74.17,44.79,4000 
          </coordinates>
        </LinearRing>
      </innerBoundaryIs>
  </Polygon>
 </MultiGeometry>
</Placemark>
<Placemark>
  <name>30%</name>
  <visibility>1</visibility>
  <styleUrl>#poly_30</styleUrl>
  <MultiGeometry>
    <Polygon>
      <outerBoundaryIs>
        <LinearRing>
          <coordinates>
-84.30,45.42,4000 -84.23,45.44,4000 -84.16,45.45,4000 -84.08,45.46,4000 -84.01,45.48,4000 -83.94,45.49,4000 -83.87,45.50,4000 -83.80,45.50,4000 -83.73,45.50,4000 -83.65,45.50,4000 -83.58,45.50,4000 -83.51,45.49,4000 -83.44,45.48,4000 -83.37,45.47,4000 -83.32,45.46,4000 -83.26,45.43,4000 -83.21,45.40,4000 -83.17,45.36,4000 -83.13,45.32,4000 -83.10,45.29,4000 -83.05,45.25,4000 -83.02,45.21,4000 -83.01,45.17,4000 -83.01,45.13,4000 -83.03,45.09,4000 -83.05,45.04,4000 -83.09,45.00,4000 -83.13,44.97,4000 -83.19,44.94,4000 -83.25,44.91,4000 -83.32,44.88,4000 -83.39,44.87,4000 -83.45,44.87,4000 -83.52,44.88,4000 -83.59,44.89,4000 -83.67,44.91,4000 -83.74,44.92,4000 -83.81,44.93,4000 -83.87,44.93,4000 -83.94,44.92,4000 -83.99,44.89,4000 -84.04,44.86,4000 -84.08,44.83,4000 -84.13,44.80,4000 -84.19,44.77,4000 -84.25,44.74,4000 -84.32,44.71,4000 -84.38,44.68,4000 -84.44,44.65,4000 -84.51,44.63,4000 -84.57,44.60,4000 -84.64,44.57,4000 -84.69,44.55,4000 -84.74,44.52,4000 -84.79,44.50,4000 -84.84,44.47,4000 -84.90,44.44,4000 -84.96,44.42,4000 -85.02,44.40,4000 -85.08,44.37,4000 -85.15,44.34,4000 -85.22,44.32,4000 -85.28,44.30,4000 -85.34,44.28,4000 -85.39,44.28,4000 -85.46,44.30,4000 -85.51,44.34,4000 -85.54,44.39,4000 -85.56,44.44,4000 -85.56,44.48,4000 -85.55,44.53,4000 -85.53,44.57,4000 -85.50,44.62,4000 -85.47,44.66,4000 -85.42,44.70,4000 -85.38,44.75,4000 -85.34,44.80,4000 -85.32,44.84,4000 -85.30,44.88,4000 -85.28,44.93,4000 -85.27,44.98,4000 -85.25,45.03,4000 -85.23,45.08,4000 -85.21,45.12,4000 -85.18,45.17,4000 -85.16,45.22,4000 -85.13,45.27,4000 -85.10,45.31,4000 -85.07,45.35,4000 -85.04,45.38,4000 -84.99,45.41,4000 -84.92,45.42,4000 -84.86,45.43,4000 -84.80,45.43,4000 -84.74,45.43,4000 -84.68,45.43,4000 -84.61,45.42,4000 -84.55,45.41,4000 -84.30,45.42,4000 
          </coordinates>
        </LinearRing>
      </outerBoundaryIs>
      <innerBoundaryIs>
        <LinearRing>
          <coordinates>
-84.80,45.29,5000 -84.77,45.29,5000 -84.73,45.29,5000 -84.70,45.29,5000 -84.66,45.28,5000 -84.63,45.28,5000 -84.59,45.27,5000 -84.56,45.26,5000 -84.53,45.25,5000 -84.50,45.23,5000 -84.47,45.22,5000 -84.43,45.20,5000 -84.40,45.18,5000 -84.37,45.16,5000 -84.35,45.14,5000 -84.33,45.13,5000 -84.30,45.11,5000 -84.28,45.10,5000 -84.28,45.07,5000 -84.28,45.05,5000 -84.28,45.03,5000 -84.29,45.00,5000 -84.30,44.97,5000 -84.31,44.94,5000 -84.31,44.92,5000 -84.32,44.90,5000 -84.33,44.88,5000 -84.36,44.87,5000 -84.38,44.86,5000 -84.40,44.84,5000 -84.43,44.82,5000 -84.46,44.81,5000 -84.49,44.79,5000 -84.52,44.77,5000 -84.54,44.75,5000 -84.56,44.74,5000 -84.59,44.72,5000 -84.62,44.71,5000 -84.64,44.70,5000 -84.67,44.69,5000 -84.71,44.67,5000 -84.74,44.66,5000 -84.78,44.64,5000 -84.82,44.63,5000 -84.85,44.62,5000 -84.88,44.61,5000 -84.92,44.60,5000 -84.95,44.60,5000 -84.98,44.59,5000 -85.01,44.59,5000 -85.03,44.59,5000 -85.07,44.58,5000 -85.10,44.58,5000 -85.12,44.58,5000 -85.14,44.58,5000 -85.15,44.60,5000 -85.15,44.62,5000 -85.16,44.64,5000 -85.17,44.66,5000 -85.17,44.69,5000 -85.18,44.72,5000 -85.18,44.74,5000 -85.18,44.77,5000 -85.18,44.79,5000 -85.18,44.82,5000 -85.17,44.84,5000 -85.17,44.87,5000 -85.16,44.89,5000 -85.16,44.92,5000 -85.15,44.94,5000 -85.14,44.97,5000 -85.13,44.99,5000 -85.12,45.02,5000 -85.11,45.05,5000 -85.10,45.07,5000 -85.09,45.09,5000 -85.08,45.11,5000 -85.08,45.13,5000 -85.06,45.14,5000 -85.04,45.15,5000 -85.02,45.16,5000 -85.00,45.18,5000 -84.97,45.20,5000 -84.94,45.21,5000 -84.91,45.23,5000 -84.88,45.25,5000 -84.85,45.27,5000 -84.80,45.29,5000 
          </coordinates>
        </LinearRing>
      </innerBoundaryIs>
  </Polygon>
 </MultiGeometry>
</Placemark>
<Placemark>
  <name>30%</name>
  <visibility>1</visibility>
  <styleUrl>#poly_30</styleUrl>
  <MultiGeometry>
    <Polygon>
      <outerBoundaryIs>
        <LinearRing>
          <coordinates>
-80.99,44.70,4000 -80.93,44.70,4000 -80.88,44.70,4000 -80.83,44.70,4000 -80.79,44.69,4000 -80.75,44.69,4000 -80.70,44.68,4000 -80.66,44.66,4000 -80.62,44.65,4000 -80.58,44.64,4000 -80.52,44.63,4000 -80.49,44.62,4000 -80.45,44.61,4000 -80.41,44.60,4000 -80.37,44.58,4000 -80.33,44.57,4000 -80.29,44.55,4000 -80.25,44.53,4000 -80.21,44.50,4000 -80.17,44.48,4000 -80.14,44.46,4000 -80.11,44.44,4000 -80.09,44.42,4000 -80.07,44.40,4000 -80.05,44.38,4000 -80.03,44.35,4000 -80.01,44.32,4000 -79.98,44.29,4000 -79.97,44.26,4000 -79.96,44.23,4000 -79.96,44.19,4000 -79.96,44.16,4000 -79.96,44.12,4000 -79.97,44.09,4000 -79.98,44.05,4000 -79.99,44.02,4000 -80.00,43.98,4000 -80.01,43.95,4000 -80.03,43.92,4000 -80.06,43.89,4000 -80.09,43.86,4000 -80.12,43.84,4000 -80.16,43.82,4000 -80.20,43.80,4000 -80.24,43.79,4000 -80.28,43.78,4000 -80.32,43.77,4000 -80.36,43.76,4000 -80.41,43.75,4000 -80.45,43.75,4000 -80.50,43.74,4000 -80.55,43.74,4000 -80.60,43.73,4000 -80.65,43.73,4000 -80.70,43.73,4000 -80.75,43.73,4000 -80.79,43.73,4000 -80.84,43.73,4000 -80.89,43.73,4000 -80.94,43.73,4000 -80.99,43.73,4000 -81.03,43.73,4000 -81.08,43.73,4000 -81.13,43.73,4000 -81.18,43.73,4000 -81.23,43.74,4000 -81.29,43.74,4000 -81.33,43.75,4000 -81.37,43.76,4000 -81.41,43.78,4000 -81.43,43.81,4000 -81.44,43.85,4000 -81.45,43.87,4000 -81.46,43.90,4000 -81.47,43.93,4000 -81.48,43.97,4000 -81.48,44.00,4000 -81.48,44.03,4000 -81.47,44.06,4000 -81.46,44.10,4000 -81.45,44.13,4000 -81.43,44.17,4000 -81.42,44.20,4000 -81.41,44.23,4000 -81.39,44.27,4000 -81.37,44.30,4000 -81.36,44.33,4000 -81.34,44.36,4000 -81.32,44.40,4000 -81.30,44.43,4000 -81.28,44.46,4000 -81.27,44.49,4000 -81.26,44.51,4000 -81.24,44.53,4000 -81.22,44.55,4000 -81.19,44.57,4000 -81.16,44.60,4000 -81.13,44.63,4000 -81.09,44.66,4000 -81.05,44.69,4000 -80.99,44.70,4000 
          </coordinates>
        </LinearRing>
      </outerBoundaryIs>
      <innerBoundaryIs>
        <LinearRing>
          <coordinates>
-80.77,44.57,5000 -80.74,44.57,5000 -80.70,44.57,5000 -80.67,44.57,5000 -80.63,44.56,5000 -80.60,44.56,5000 -80.56,44.56,5000 -80.53,44.55,5000 -80.49,44.54,5000 -80.46,44.53,5000 -80.42,44.52,5000 -80.38,44.50,5000 -80.35,44.49,5000 -80.32,44.48,5000 -80.30,44.47,5000 -80.29,44.46,5000 -80.28,44.45,5000 -80.26,44.43,5000 -80.24,44.40,5000 -80.21,44.38,5000 -80.19,44.35,5000 -80.16,44.33,5000 -80.14,44.31,5000 -80.12,44.29,5000 -80.11,44.27,5000 -80.10,44.24,5000 -80.10,44.22,5000 -80.10,44.20,5000 -80.09,44.18,5000 -80.08,44.15,5000 -80.08,44.13,5000 -80.08,44.10,5000 -80.09,44.08,5000 -80.10,44.05,5000 -80.11,44.02,5000 -80.12,44.00,5000 -80.13,43.98,5000 -80.14,43.96,5000 -80.14,43.94,5000 -80.16,43.93,5000 -80.18,43.92,5000 -80.20,43.91,5000 -80.23,43.90,5000 -80.27,43.88,5000 -80.30,43.87,5000 -80.33,43.86,5000 -80.37,43.85,5000 -80.40,43.84,5000 -80.43,43.83,5000 -80.47,43.83,5000 -80.50,43.83,5000 -80.54,43.83,5000 -80.57,43.83,5000 -80.61,43.83,5000 -80.64,43.83,5000 -80.67,43.83,5000 -80.71,43.84,5000 -80.74,43.85,5000 -80.77,43.86,5000 -80.81,43.87,5000 -80.84,43.88,5000 -80.87,43.89,5000 -80.90,43.90,5000 -80.93,43.92,5000 -80.96,43.94,5000 -80.99,43.95,5000 -81.02,43.97,5000 -81.04,43.99,5000 -81.06,44.00,5000 -81.08,44.03,5000 -81.08,44.05,5000 -81.08,44.08,5000 -81.09,44.10,5000 -81.10,44.12,5000 -81.11,44.15,5000 -81.12,44.18,5000 -81.12,44.20,5000 -81.12,44.23,5000 -81.11,44.25,5000 -81.11,44.28,5000 -81.10,44.31,5000 -81.10,44.33,5000 -81.09,44.35,5000 -81.08,44.38,5000 -81.06,44.40,5000 -81.04,44.42,5000 -81.03,44.44,5000 -81.01,44.47,5000 -81.00,44.49,5000 -80.98,44.51,5000 -80.77,44.57,5000 
          </coordinates>
        </LinearRing>
      </innerBoundaryIs>
  </Polygon>
 </MultiGeometry>
</Placemark>
<Placemark>
  <name>30%</name>
  <visibility>1</visibility>
  <styleUrl>#poly_30</styleUrl>
  <MultiGeometry>
    <Polygon>
      <outerBoundaryIs>
        <LinearRing>
          <coordinates>
-78.09,43.26,4000 -78.03,43.25,4000 -77.98,43.24,4000 -77.94,43.22,4000 -77.90,43.20,4000 -77.87,43.16,4000 -77.85,43.13,4000 -77.83,43.10,4000 -77.81,43.06,4000 -77.81,43.03,4000 -77.82,43.00,4000 -77.85,42.96,4000 -77.88,42.93,4000 -77.91,42.91,4000 -77.94,42.89,4000 -77.96,42.87,4000 -77.97,42.84,4000 -77.97,42.81,4000 -77.98,42.77,4000 -77.98,42.74,4000 -77.99,42.70,4000 -77.99,42.67,4000 -77.99,42.63,4000 -78.00,42.60,4000 -78.00,42.56,4000 -78.01,42.53,4000 -78.03,42.49,4000 -78.05,42.46,4000 -78.08,42.42,4000 -78.10,42.39,4000 -78.13,42.36,4000 -78.17,42.33,4000 -78.20,42.32,4000 -78.25,42.30,4000 -78.30,42.28,4000 -78.35,42.25,4000 -78.40,42.23,4000 -78.44,42.21,4000 -78.47,42.20,4000 -78.51,42.19,4000 -78.55,42.18,4000 -78.59,42.17,4000 -78.65,42.16,4000 -78.70,42.15,4000 -78.75,42.14,4000 -78.80,42.14,4000 -78.85,42.13,4000 -78.90,42.13,4000 -78.94,42.13,4000 -78.99,42.14,4000 -79.04,42.16,4000 -79.09,42.18,4000 -79.14,42.21,4000 -79.18,42.23,4000 -79.21,42.25,4000 -79.23,42.28,4000 -79.22,42.31,4000 -79.20,42.34,4000 -79.18,42.37,4000 -79.15,42.41,4000 -79.12,42.45,4000 -79.09,42.48,4000 -79.07,42.51,4000 -79.03,42.55,4000 -79.01,42.58,4000 -78.98,42.61,4000 -78.95,42.64,4000 -78.93,42.66,4000 -78.90,42.68,4000 -78.87,42.71,4000 -78.84,42.74,4000 -78.80,42.77,4000 -78.76,42.80,4000 -78.72,42.82,4000 -78.68,42.85,4000 -78.64,42.87,4000 -78.60,42.89,4000 -78.57,42.90,4000 -78.53,42.92,4000 -78.51,42.95,4000 -78.48,42.98,4000 -78.45,43.02,4000 -78.43,43.06,4000 -78.41,43.09,4000 -78.38,43.12,4000 -78.35,43.15,4000 -78.32,43.17,4000 -78.28,43.19,4000 -78.24,43.22,4000 -78.20,43.24,4000 -78.09,43.26,4000 
          </coordinates>
        </LinearRing>
      </outerBoundaryIs>
      <innerBoundaryIs>
        <LinearRing>
          <coordinates>
-78.40,42.82,5000 -78.37,42.81,5000 -78.35,42.80,5000 -78.32,42.79,5000 -78.29,42.78,5000 -78.27,42.77,5000 -78.25,42.76,5000 -78.23,42.75,5000 -78.21,42.74,5000 -78.19,42.74,5000 -78.18,42.73,5000 -78.18,42.72,5000 -78.18,42.71,5000 -78.18,42.69,5000 -78.18,42.67,5000 -78.18,42.65,5000 -78.18,42.63,5000 -78.18,42.61,5000 -78.19,42.59,5000 -78.19,42.57,5000 -78.19,42.55,5000 -78.19,42.54,5000 -78.20,42.52,5000 -78.22,42.51,5000 -78.23,42.50,5000 -78.24,42.49,5000 -78.26,42.47,5000 -78.28,42.45,5000 -78.29,42.44,5000 -78.31,42.42,5000 -78.33,42.41,5000 -78.34,42.39,5000 -78.36,42.38,5000 -78.38,42.37,5000 -78.40,42.36,5000 -78.42,42.35,5000 -78.44,42.34,5000 -78.46,42.34,5000 -78.49,42.33,5000 -78.51,42.32,5000 -78.53,42.32,5000 -78.56,42.31,5000 -78.58,42.30,5000 -78.61,42.30,5000 -78.64,42.29,5000 -78.66,42.29,5000 -78.69,42.29,5000 -78.71,42.29,5000 -78.73,42.29,5000 -78.75,42.30,5000 -78.77,42.31,5000 -78.79,42.32,5000 -78.81,42.34,5000 -78.83,42.36,5000 -78.85,42.38,5000 -78.86,42.39,5000 -78.87,42.41,5000 -78.87,42.43,5000 -78.87,42.45,5000 -78.86,42.46,5000 -78.85,42.48,5000 -78.84,42.50,5000 -78.82,42.51,5000 -78.81,42.53,5000 -78.79,42.55,5000 -78.78,42.56,5000 -78.76,42.58,5000 -78.75,42.59,5000 -78.73,42.61,5000 -78.72,42.62,5000 -78.70,42.63,5000 -78.69,42.65,5000 -78.67,42.66,5000 -78.65,42.67,5000 -78.64,42.68,5000 -78.62,42.70,5000 -78.60,42.71,5000 -78.57,42.72,5000 -78.55,42.74,5000 -78.53,42.75,5000 -78.40,42.82,5000 
          </coordinates>
        </LinearRing>
      </innerBoundaryIs>
  </Polygon>
 </MultiGeometry>
</Placemark>
<Placemark>
  <name>30%</name>
  <visibility>1</visibility>
  <styleUrl>#poly_30</styleUrl>
  <MultiGeometry>
    <Polygon>
      <outerBoundaryIs>
        <LinearRing>
          <coordinates>
-71.30,45.51,4000 -71.28,45.51,4000 -71.27,45.51,4000 -71.25,45.51,4000 -71.23,45.51,4000 -71.22,45.51,4000 -71.20,45.51,4000 -71.18,45.51,4000 -71.17,45.51,4000 -71.15,45.51,4000 -71.14,45.51,4000 -71.12,45.51,4000 -71.11,45.51,4000 -71.10,45.51,4000 -71.08,45.51,4000 -71.07,45.51,4000 -71.06,45.50,4000 -71.05,45.50,4000 -71.03,45.49,4000 -71.02,45.49,4000 -71.01,45.48,4000 -71.00,45.47,4000 -70.99,45.46,4000 -70.98,45.45,4000 -70.98,45.44,4000 -70.97,45.43,4000 -70.97,45.42,4000 -70.97,45.41,4000 -70.97,45.40,4000 -70.97,45.39,4000 -70.98,45.38,4000 -70.98,45.37,4000 -70.98,45.36,4000 -70.99,45.35,4000 -70.99,45.34,4000 -71.00,45.33,4000 -71.01,45.31,4000 -71.01,45.30,4000 -71.02,45.29,4000 -71.03,45.28,4000 -71.03,45.27,4000 -71.04,45.26,4000 -71.04,45.26,4000 -71.05,45.25,4000 -71.06,45.24,4000 -71.07,45.23,4000 -71.07,45.22,4000 -71.08,45.22,4000 -71.10,45.22,4000 -71.12,45.22,4000 -71.13,45.22,4000 -71.14,45.22,4000 -71.16,45.22,4000 -71.17,45.23,4000 -71.19,45.23,4000 -71.21,45.23,4000 -71.23,45.23,4000 -71.24,45.24,4000 -71.26,45.24,4000 -71.28,45.24,4000 -71.30,45.25,4000 -71.31,45.25,4000 -71.33,45.25,4000 -71.34,45.26,4000 -71.35,45.26,4000 -71.36,45.26,4000 -71.38,45.26,4000 -71.39,45.27,4000 -71.38,45.27,4000 -71.38,45.29,4000 -71.38,45.30,4000 -71.38,45.30,4000 -71.38,45.31,4000 -71.38,45.32,4000 -71.38,45.33,4000 -71.38,45.34,4000 -71.38,45.35,4000 -71.37,45.36,4000 -71.37,45.37,4000 -71.37,45.38,4000 -71.37,45.40,4000 -71.37,45.41,4000 -71.37,45.42,4000 -71.36,45.43,4000 -71.36,45.45,4000 -71.36,45.46,4000 -71.30,45.51,4000 
          </coordinates>
        </LinearRing>
      </outerBoundaryIs>
  </Polygon>
 </MultiGeometry>
</Placemark>
<Placemark>
  <name>30%</name>
  <visibility>1</visibility>
  <styleUrl>#poly_30</styleUrl>
  <MultiGeometry>
    <Polygon>
      <outerBoundaryIs>
        <LinearRing>
          <coordinates>
-74.17,44.79,4000 -74.12,44.77,4000 -74.07,44.76,4000 -74.02,44.74,4000 -73.98,44.71,4000 -73.95,44.67,4000 -73.93,44.64,4000 -73.91,44.60,4000 -73.90,44.56,4000 -73.89,44.51,4000 -73.88,44.46,4000 -73.88,44.42,4000 -73.88,44.37,4000 -73.88,44.33,4000 -73.89,44.28,4000 -73.90,44.24,4000 -73.91,44.19,4000 -73.93,44.15,4000 -73.94,44.10,4000 -73.96,44.06,4000 -73.98,44.03,4000 -74.02,43.99,4000 -74.06,43.96,4000 -74.11,43.93,4000 -74.16,43.91,4000 -74.21,43.88,4000 -74.25,43.85,4000 -74.29,43.82,4000 -74.33,43.79,4000 -74.38,43.76,4000 -74.42,43.73,4000 -74.46,43.70,4000 -74.50,43.67,4000 -74.54,43.64,4000 -74.59,43.61,4000 -74.63,43.58,4000 -74.67,43.56,4000 -74.73,43.54,4000 -74.79,43.53,4000 -74.85,43.53,4000 -74.91,43.53,4000 -74.96,43.54,4000 -75.01,43.55,4000 -75.07,43.56,4000 -75.15,43.57,4000 -75.20,43.57,4000 -75.27,43.58,4000 -75.34,43.58,4000 -75.41,43.58,4000 -75.48,43.59,4000 -75.54,43.59,4000 -75.59,43.60,4000 -75.63,43.61,4000 -75.66,43.64,4000 -75.65,43.68,4000 -75.62,43.72,4000 -75.59,43.77,4000 -75.57,43.81,4000 -75.53,43.84,4000 -75.50,43.89,4000 -75.46,43.93,4000 -75.42,43.97,4000 -75.39,44.01,4000 -75.37,44.05,4000 -75.34,44.09,4000 -75.33,44.12,4000 -75.31,44.16,4000 -75.29,44.20,4000 -75.26,44.24,4000 -75.23,44.28,4000 -75.21,44.32,4000 -75.17,44.36,4000 -75.14,44.40,4000 -75.11,44.43,4000 -75.07,44.47,4000 -75.04,44.50,4000 -75.00,44.53,4000 -74.96,44.56,4000 -74.91,44.58,4000 -74.87,44.60,4000 -74.82,44.62,4000 -74.77,44.64,4000 -74.72,44.66,4000 -74.66,44.68,4000 -74.60,44.70,4000 -74.54,44.72,4000 -74.48,44.73,4000 -74.42,44.75,4000 -74.17,44.79,4000 
          </coordinates>
        </LinearRing>
      </outerBoundaryIs>
      <innerBoundaryIs>
        <LinearRing>
          <coordinates>
-74.44,44.65,5000 -74.39,44.66,5000 -74.33,44.66,5000 -74.28,44.67,5000 -74.24,44.67,5000 -74.20,44.66,5000 -74.16,44.65,5000 -74.13,44.63,5000 -74.10,44.60,5000 -74.08,44.57,5000 -74.06,44.54,5000 -74.05,44.51,5000 -74.04,44.47,5000 -74.03,44.44,5000 -74.02,44.41,5000 -74.01,44.39,5000 -74.01,44.38,5000 -74.01,44.35,5000 -74.02,44.32,5000 -74.02,44.28,5000 -74.03,44.24,5000 -74.03,44.21,5000 -74.04,44.19,5000 -74.06,44.17,5000 -74.08,44.15,5000 -74.11,44.13,5000 -74.14,44.11,5000 -74.17,44.08,5000 -74.20,44.06,5000 -74.24,44.04,5000 -74.27,44.01,5000 -74.31,43.99,5000 -74.34,43.97,5000 -74.38,43.95,5000 -74.41,43.93,5000 -74.45,43.91,5000 -74.48,43.89,5000 -74.52,43.86,5000 -74.56,43.83,5000 -74.59,43.81,5000 -74.62,43.79,5000 -74.65,43.77,5000 -74.69,43.76,5000 -74.72,43.75,5000 -74.76,43.73,5000 -74.80,43.72,5000 -74.84,43.70,5000 -74.88,43.70,5000 -74.92,43.70,5000 -74.96,43.71,5000 -75.00,43.73,5000 -75.05,43.74,5000 -75.08,43.76,5000 -75.11,43.77,5000 -75.15,43.78,5000 -75.16,43.81,5000 -75.17,43.83,5000 -75.18,43.86,5000 -75.19,43.89,5000 -75.20,43.93,5000 -75.21,43.96,5000 -75.21,43.99,5000 -75.21,44.02,5000 -75.20,44.06,5000 -75.18,44.09,5000 -75.17,44.13,5000 -75.15,44.16,5000 -75.13,44.19,5000 -75.11,44.23,5000 -75.08,44.26,5000 -75.06,44.30,5000 -75.04,44.32,5000 -75.02,44.35,5000 -74.99,44.37,5000 -74.96,44.39,5000 -74.93,44.42,5000 -74.90,44.45,5000 -74.86,44.48,5000 -74.82,44.50,5000 -74.78,44.52,5000 -74.74,44.54,5000 -74.70,44.56,5000 -74.66,44.58,5000 -74.62,44.59,5000 -74.59,44.61,5000 -74.55,44.62,5000 -74.44,44.65,5000 
          </coordinates>
        </LinearRing>
      </innerBoundaryIs>
  </Polygon>
 </MultiGeometry>
</Placemark>
<Placemark>
  <name>30%</name>
  <visibility>1</visibility>
  <styleUrl>#poly_30</styleUrl>
  <MultiGeometry>
    <Polygon>
      <outerBoundaryIs>
        <LinearRing>
          <coordinates>
-69.01,50.96,4000 -68.63,50.92,4000 -68.18,50.93,4000 -67.77,50.88,4000 -67.38,50.74,4000 -66.46,50.40,4000 -66.00,50.15,4000 -65.72,49.83,4000 -65.37,49.63,4000 -65.05,49.50,4000 -64.57,49.30,4000 -64.07,49.09,4000 -63.57,48.88,4000 -63.17,48.62,4000 -62.92,48.30,4000 -62.47,48.04,4000 -62.03,47.79,4000 -61.95,47.54,4000 -62.07,47.22,4000 -62.26,47.03,4000 -62.58,46.96,4000 -63.26,46.98,4000 -63.95,47.09,4000 -64.66,47.15,4000 -65.05,47.23,4000 -65.37,47.25,4000 -65.83,47.19,4000 -66.55,46.89,4000 -66.74,46.83,4000 -66.92,46.83,4000 -67.04,46.93,4000 -67.21,47.06,4000 -67.56,47.16,4000 -68.13,47.11,4000 -68.64,46.97,4000 -69.25,46.91,4000 -69.93,46.77,4000 -70.23,46.80,4000 -70.22,47.05,4000 -69.89,47.34,4000 -69.99,47.53,4000 -70.06,47.50,4000 -70.56,47.16,4000 -71.04,47.01,4000 -71.51,47.01,4000 -71.90,47.06,4000 -72.03,47.12,4000 -72.36,47.37,4000 -72.69,47.60,4000 -72.96,47.66,4000 -73.26,47.62,4000 -73.66,47.52,4000 -73.86,47.47,4000 -74.05,47.26,4000 -74.14,47.11,4000 -74.40,46.96,4000 -74.72,47.19,4000 -75.02,47.35,4000 -75.43,47.43,4000 -76.17,47.38,4000 -76.72,47.27,4000 -76.93,47.20,4000 -77.38,47.17,4000 -78.15,47.22,4000 -78.79,47.21,4000 -79.14,47.28,4000 -79.36,47.23,4000 -79.52,47.07,4000 -79.59,46.94,4000 -79.43,46.82,4000 -79.30,46.76,4000 -78.86,46.57,4000 -78.46,46.40,4000 -78.21,46.18,4000 -77.71,45.59,4000 -77.63,45.45,4000 -77.69,45.23,4000 -77.86,45.10,4000 -78.20,45.01,4000 -78.77,45.00,4000 -79.25,45.03,4000 -79.44,45.10,4000 -79.83,45.38,4000 -80.12,45.65,4000 -80.34,45.83,4000 -80.61,45.96,4000 -81.46,45.98,4000 -81.78,46.05,4000 -82.14,46.00,4000 -82.63,45.89,4000 -83.25,45.95,4000 -84.04,46.04,4000 -84.71,46.10,4000 -85.59,46.11,4000 -86.19,46.02,4000 -86.52,46.00,4000 -86.89,46.05,4000 -87.36,46.12,4000 -87.92,46.09,4000 -88.41,45.94,4000 -88.81,45.74,4000 -89.19,45.63,4000 -89.40,45.63,4000 -89.93,45.65,4000 -90.37,45.68,4000 -90.78,45.76,4000 -91.47,45.81,4000 -91.93,45.90,4000 -92.66,45.99,4000 -93.00,45.98,4000 -93.32,45.92,4000 -93.70,45.79,4000 -94.10,45.71,4000 -94.63,45.57,4000 -95.09,45.53,4000 -95.63,45.56,4000 -96.45,45.64,4000 -96.82,45.65,4000 -97.19,45.53,4000 -97.55,45.36,4000 -97.87,45.24,4000 -98.07,45.42,4000 -98.28,45.85,4000 -98.49,46.22,4000 -98.51,46.52,4000 -98.44,46.69,4000 -98.23,47.06,4000 -97.96,47.36,4000 -97.32,47.90,4000 -96.76,48.27,4000 -96.25,48.62,4000 -95.62,49.04,4000 -95.12,49.38,4000 -94.75,49.73,4000 -94.69,50.07,4000 -94.75,50.38,4000 -95.17,50.71,4000 -95.38,51.07,4000 -95.38,51.36,4000 -95.15,51.49,4000 -95.00,51.55,4000 -94.60,51.58,4000 -94.07,51.50,4000 -93.71,51.43,4000 -93.36,51.43,4000 -92.65,51.44,4000 -91.63,51.52,4000 -91.23,51.45,4000 -90.76,51.26,4000 -90.17,51.13,4000 -89.32,51.10,4000 -88.50,51.06,4000 -87.81,51.00,4000 -87.06,50.89,4000 -86.23,50.75,4000 -85.52,50.61,4000 -84.96,50.48,4000 -84.60,50.25,4000 -84.40,50.12,4000 -84.15,50.05,4000 -83.75,49.92,4000 -83.41,49.69,4000 -82.96,49.49,4000 -82.56,49.35,4000 -82.09,49.01,4000 -81.45,48.83,4000 -80.96,48.69,4000 -80.41,48.54,4000 -79.86,48.38,4000 -79.30,48.21,4000 -78.73,48.02,4000 -78.25,47.86,4000 -77.89,47.75,4000 -77.47,47.74,4000 -76.83,47.82,4000 -76.34,47.96,4000 -75.83,48.12,4000 -75.02,48.29,4000 -74.54,48.50,4000 -74.26,48.69,4000 -74.00,48.86,4000 -73.70,48.96,4000 -73.16,49.12,4000 -72.82,49.35,4000 -72.45,49.66,4000 -72.00,49.86,4000 -71.69,50.17,4000 -71.39,50.46,4000 -70.90,50.66,4000 -69.83,50.87,4000 -69.24,50.96,4000 -69.01,50.96,4000 
          </coordinates>
        </LinearRing>
      </outerBoundaryIs>
      <innerBoundaryIs>
        <LinearRing>
          <coordinates>
-92.41,51.22,5000 -91.93,51.23,5000 -91.74,51.18,5000 -91.66,51.03,5000 -91.50,50.97,5000 -91.06,50.97,5000 -90.45,51.01,5000 -90.09,51.01,5000 -89.73,51.00,5000 -89.18,51.03,5000 -88.68,51.02,5000 -88.30,50.99,5000 -87.80,50.94,5000 -87.31,50.87,5000 -86.75,50.78,5000 -86.28,50.70,5000 -85.84,50.62,5000 -85.51,50.55,5000 -84.94,50.39,5000 -84.53,50.12,5000 -83.99,49.94,5000 -83.55,49.70,5000 -83.30,49.54,5000 -82.89,49.41,5000 -82.60,49.26,5000 -82.25,49.06,5000 -81.87,48.88,5000 -81.46,48.74,5000 -81.03,48.63,5000 -80.60,48.51,5000 -80.20,48.40,5000 -79.80,48.28,5000 -79.41,48.16,5000 -78.99,48.01,5000 -78.58,47.84,5000 -78.27,47.71,5000 -78.05,47.56,5000 -78.11,47.48,5000 -78.56,47.46,5000 -79.06,47.57,5000 -79.28,47.64,5000 -79.63,47.66,5000 -79.76,47.40,5000 -79.92,47.23,5000 -80.41,47.19,5000 -80.70,47.06,5000 -80.63,46.92,5000 -80.43,46.71,5000 -80.21,46.51,5000 -79.98,46.39,5000 -79.75,46.51,5000 -79.38,46.55,5000 -79.00,46.42,5000 -78.73,46.33,5000 -78.46,46.20,5000 -78.24,46.02,5000 -78.08,45.83,5000 -77.99,45.57,5000 -78.12,45.29,5000 -78.52,45.15,5000 -78.89,45.14,5000 -79.28,45.21,5000 -79.54,45.35,5000 -79.79,45.53,5000 -79.96,45.71,5000 -80.08,45.91,5000 -80.11,46.20,5000 -80.17,46.43,5000 -80.14,46.40,5000 -80.75,46.30,5000 -81.15,46.29,5000 -81.69,46.28,5000 -82.32,46.27,5000 -83.00,46.25,5000 -83.71,46.23,5000 -84.39,46.20,5000 -85.02,46.18,5000 -85.55,46.15,5000 -85.94,46.13,5000 -86.40,46.08,5000 -86.89,46.12,5000 -87.30,46.18,5000 -87.71,46.20,5000 -88.19,46.09,5000 -88.48,46.00,5000 -88.75,45.90,5000 -89.10,45.77,5000 -89.51,45.74,5000 -89.94,45.75,5000 -90.38,45.78,5000 -90.93,45.87,5000 -91.36,45.90,5000 -91.82,45.99,5000 -92.16,46.04,5000 -92.53,46.07,5000 -92.85,46.07,5000 -93.16,46.03,5000 -93.44,45.95,5000 -93.72,45.86,5000 -93.89,45.80,5000 -94.35,45.74,5000 -94.81,45.72,5000 -95.43,45.70,5000 -96.11,45.67,5000 -96.73,45.64,5000 -97.19,45.60,5000 -97.68,45.46,5000 -97.82,45.35,5000 -97.92,45.34,5000 -98.03,45.56,5000 -98.15,45.82,5000 -98.30,46.15,5000 -98.41,46.42,5000 -98.36,46.69,5000 -98.22,46.94,5000 -98.07,47.13,5000 -97.88,47.34,5000 -97.68,47.52,5000 -97.46,47.69,5000 -97.26,47.83,5000 -97.00,48.00,5000 -96.74,48.18,5000 -96.44,48.40,5000 -96.15,48.60,5000 -95.73,48.88,5000 -95.35,49.11,5000 -94.90,49.39,5000 -94.69,49.56,5000 -94.51,49.75,5000 -94.46,50.00,5000 -94.37,50.23,5000 -94.07,50.35,5000 -93.72,50.43,5000 -93.23,50.58,5000 -92.89,50.75,5000 -92.41,51.22,5000 
          </coordinates>
        </LinearRing>
      </innerBoundaryIs>
      <innerBoundaryIs>
        <LinearRing>
          <coordinates>
-85.07,47.37,5000 -85.04,47.36,5000 -85.00,47.34,5000 -84.97,47.33,5000 -84.94,47.31,5000 -84.91,47.29,5000 -84.88,47.27,5000 -84.86,47.24,5000 -84.84,47.22,5000 -84.83,47.20,5000 -84.82,47.17,5000 -84.82,47.14,5000 -84.82,47.12,5000 -84.82,47.09,5000 -84.81,47.06,5000 -84.81,47.03,5000 -84.80,47.00,5000 -84.79,46.97,5000 -84.77,46.94,5000 -84.74,46.91,5000 -84.71,46.88,5000 -84.68,46.84,5000 -84.66,46.82,5000 -84.64,46.80,5000 -84.63,46.79,5000 -84.63,46.77,5000 -84.62,46.73,5000 -84.61,46.69,5000 -84.61,46.66,5000 -84.61,46.62,5000 -84.62,46.58,5000 -84.62,46.54,5000 -84.64,46.50,5000 -84.65,46.47,5000 -84.68,46.46,5000 -84.71,46.47,5000 -84.74,46.48,5000 -84.78,46.50,5000 -84.82,46.53,5000 -84.85,46.56,5000 -84.89,46.58,5000 -84.91,46.60,5000 -84.92,46.62,5000 -84.93,46.64,5000 -84.95,46.66,5000 -84.99,46.69,5000 -85.03,46.72,5000 -85.07,46.74,5000 -85.10,46.77,5000 -85.13,46.79,5000 -85.16,46.80,5000 -85.19,46.82,5000 -85.21,46.84,5000 -85.24,46.87,5000 -85.28,46.90,5000 -85.31,46.93,5000 -85.34,46.96,5000 -85.36,46.98,5000 -85.38,47.00,5000 -85.37,47.01,5000 -85.35,47.04,5000 -85.34,47.06,5000 -85.34,47.09,5000 -85.33,47.13,5000 -85.31,47.16,5000 -85.29,47.18,5000 -85.27,47.21,5000 -85.24,47.24,5000 -85.21,47.26,5000 -85.18,47.29,5000 -85.15,47.32,5000 -85.07,47.37,5000 
          </coordinates>
        </LinearRing>
      </innerBoundaryIs>
      <innerBoundaryIs>
        <LinearRing>
          <coordinates>
-68.25,50.87,5000 -67.94,50.83,5000 -67.69,50.79,5000 -67.42,50.70,5000 -67.11,50.59,5000 -66.78,50.46,5000 -66.53,50.37,5000 -66.32,50.28,5000 -66.04,50.09,5000 -65.87,49.89,5000 -65.77,49.79,5000 -65.54,49.64,5000 -65.28,49.52,5000 -64.93,49.38,5000 -64.57,49.24,5000 -64.27,49.11,5000 -63.96,48.98,5000 -63.70,48.86,5000 -63.50,48.77,5000 -63.27,48.62,5000 -63.10,48.39,5000 -62.88,48.24,5000 -62.57,48.04,5000 -62.27,47.85,5000 -62.06,47.70,5000 -62.02,47.52,5000 -62.08,47.32,5000 -62.30,47.08,5000 -62.55,47.04,5000 -62.81,47.02,5000 -63.08,47.02,5000 -63.40,47.06,5000 -63.81,47.11,5000 -64.15,47.15,5000 -64.41,47.17,5000 -64.59,47.19,5000 -64.81,47.24,5000 -65.05,47.29,5000 -65.31,47.31,5000 -65.57,47.31,5000 -65.96,47.22,5000 -66.28,47.06,5000 -66.65,46.95,5000 -66.90,47.02,5000 -67.16,47.15,5000 -67.42,47.24,5000 -67.72,47.25,5000 -68.12,47.20,5000 -68.48,47.15,5000 -68.92,47.08,5000 -69.35,47.01,5000 -69.67,46.96,5000 -69.94,46.94,5000 -69.96,47.07,5000 -69.80,47.24,5000 -69.72,47.37,5000 -69.67,47.51,5000 -69.72,47.71,5000 -70.04,47.60,5000 -70.30,47.44,5000 -70.44,47.33,5000 -70.58,47.22,5000 -70.89,47.08,5000 -71.19,47.04,5000 -71.49,47.06,5000 -71.73,47.10,5000 -71.97,47.18,5000 -72.17,47.33,5000 -72.33,47.49,5000 -72.55,47.69,5000 -72.85,47.77,5000 -73.11,47.75,5000 -73.46,47.69,5000 -73.74,47.69,5000 -74.01,47.67,5000 -74.28,47.49,5000 -74.66,47.48,5000 -74.91,47.59,5000 -75.10,47.66,5000 -75.30,47.70,5000 -75.61,47.62,5000 -75.92,47.55,5000 -76.19,47.56,5000 -76.37,47.69,5000 -76.28,47.78,5000 -75.97,47.96,5000 -75.60,48.03,5000 -75.19,48.11,5000 -74.88,48.21,5000 -74.61,48.33,5000 -74.34,48.52,5000 -74.11,48.70,5000 -73.79,48.87,5000 -73.45,48.97,5000 -73.23,49.04,5000 -73.03,49.12,5000 -72.80,49.27,5000 -72.68,49.40,5000 -72.56,49.52,5000 -72.29,49.66,5000 -71.97,49.79,5000 -71.72,50.01,5000 -71.49,50.25,5000 -71.25,50.47,5000 -70.87,50.61,5000 -70.57,50.67,5000 -70.20,50.74,5000 -69.82,50.81,5000 -69.51,50.87,5000 -69.22,50.88,5000 -68.88,50.88,5000 -68.25,50.87,5000 
          </coordinates>
        </LinearRing>
      </innerBoundaryIs>
  </Polygon>
 </MultiGeometry>
</Placemark>
<Placemark>
  <name>40%</name>
  <visibility>1</visibility>
  <styleUrl>#poly_40</styleUrl>
  <MultiGeometry>
    <Polygon>
      <outerBoundaryIs>
        <LinearRing>
          <coordinates>
-92.41,51.22,5000 -91.93,51.23,5000 -91.74,51.18,5000 -91.66,51.03,5000 -91.50,50.97,5000 -91.06,50.97,5000 -90.45,51.01,5000 -90.09,51.01,5000 -89.73,51.00,5000 -89.18,51.03,5000 -88.68,51.02,5000 -88.30,50.99,5000 -87.80,50.94,5000 -87.31,50.87,5000 -86.75,50.78,5000 -86.28,50.70,5000 -85.84,50.62,5000 -85.51,50.55,5000 -84.94,50.39,5000 -84.53,50.12,5000 -83.99,49.94,5000 -83.55,49.70,5000 -83.30,49.54,5000 -82.89,49.41,5000 -82.60,49.26,5000 -82.25,49.06,5000 -81.87,48.88,5000 -81.46,48.74,5000 -81.03,48.63,5000 -80.60,48.51,5000 -80.20,48.40,5000 -79.80,48.28,5000 -79.41,48.16,5000 -78.99,48.01,5000 -78.58,47.84,5000 -78.27,47.71,5000 -78.05,47.56,5000 -78.11,47.48,5000 -78.56,47.46,5000 -79.06,47.57,5000 -79.28,47.64,5000 -79.63,47.66,5000 -79.76,47.40,5000 -79.92,47.23,5000 -80.41,47.19,5000 -80.70,47.06,5000 -80.63,46.92,5000 -80.43,46.71,5000 -80.21,46.51,5000 -79.98,46.39,5000 -79.75,46.51,5000 -79.38,46.55,5000 -79.00,46.42,5000 -78.73,46.33,5000 -78.46,46.20,5000 -78.24,46.02,5000 -78.08,45.83,5000 -77.99,45.57,5000 -78.12,45.29,5000 -78.52,45.15,5000 -78.89,45.14,5000 -79.28,45.21,5000 -79.54,45.35,5000 -79.79,45.53,5000 -79.96,45.71,5000 -80.08,45.91,5000 -80.11,46.20,5000 -80.17,46.43,5000 -80.14,46.40,5000 -80.75,46.30,5000 -81.15,46.29,5000 -81.69,46.28,5000 -82.32,46.27,5000 -83.00,46.25,5000 -83.71,46.23,5000 -84.39,46.20,5000 -85.02,46.18,5000 -85.55,46.15,5000 -85.94,46.13,5000 -86.40,46.08,5000 -86.89,46.12,5000 -87.30,46.18,5000 -87.71,46.20,5000 -88.19,46.09,5000 -88.48,46.00,5000 -88.75,45.90,5000 -89.10,45.77,5000 -89.51,45.74,5000 -89.94,45.75,5000 -90.38,45.78,5000 -90.93,45.87,5000 -91.36,45.90,5000 -91.82,45.99,5000 -92.16,46.04,5000 -92.53,46.07,5000 -92.85,46.07,5000 -93.16,46.03,5000 -93.44,45.95,5000 -93.72,45.86,5000 -93.89,45.80,5000 -94.35,45.74,5000 -94.81,45.72,5000 -95.43,45.70,5000 -96.11,45.67,5000 -96.73,45.64,5000 -97.19,45.60,5000 -97.68,45.46,5000 -97.82,45.35,5000 -97.92,45.34,5000 -98.03,45.56,5000 -98.15,45.82,5000 -98.30,46.15,5000 -98.41,46.42,5000 -98.36,46.69,5000 -98.22,46.94,5000 -98.07,47.13,5000 -97.88,47.34,5000 -97.68,47.52,5000 -97.46,47.69,5000 -97.26,47.83,5000 -97.00,48.00,5000 -96.74,48.18,5000 -96.44,48.40,5000 -96.15,48.60,5000 -95.73,48.88,5000 -95.35,49.11,5000 -94.90,49.39,5000 -94.69,49.56,5000 -94.51,49.75,5000 -94.46,50.00,5000 -94.37,50.23,5000 -94.07,50.35,5000 -93.72,50.43,5000 -93.23,50.58,5000 -92.89,50.75,5000 -92.41,51.22,5000 
          </coordinates>
        </LinearRing>
      </outerBoundaryIs>
      <innerBoundaryIs>
        <LinearRing>
          <coordinates>
-85.07,47.37,5000 -85.04,47.36,5000 -85.00,47.34,5000 -84.97,47.33,5000 -84.94,47.31,5000 -84.91,47.29,5000 -84.88,47.27,5000 -84.86,47.24,5000 -84.84,47.22,5000 -84.83,47.20,5000 -84.82,47.17,5000 -84.82,47.14,5000 -84.82,47.12,5000 -84.82,47.09,5000 -84.81,47.06,5000 -84.81,47.03,5000 -84.80,47.00,5000 -84.79,46.97,5000 -84.77,46.94,5000 -84.74,46.91,5000 -84.71,46.88,5000 -84.68,46.84,5000 -84.66,46.82,5000 -84.64,46.80,5000 -84.63,46.79,5000 -84.63,46.77,5000 -84.62,46.73,5000 -84.61,46.69,5000 -84.61,46.66,5000 -84.61,46.62,5000 -84.62,46.58,5000 -84.62,46.54,5000 -84.64,46.50,5000 -84.65,46.47,5000 -84.68,46.46,5000 -84.71,46.47,5000 -84.74,46.48,5000 -84.78,46.50,5000 -84.82,46.53,5000 -84.85,46.56,5000 -84.89,46.58,5000 -84.91,46.60,5000 -84.92,46.62,5000 -84.93,46.64,5000 -84.95,46.66,5000 -84.99,46.69,5000 -85.03,46.72,5000 -85.07,46.74,5000 -85.10,46.77,5000 -85.13,46.79,5000 -85.16,46.80,5000 -85.19,46.82,5000 -85.21,46.84,5000 -85.24,46.87,5000 -85.28,46.90,5000 -85.31,46.93,5000 -85.34,46.96,5000 -85.36,46.98,5000 -85.38,47.00,5000 -85.37,47.01,5000 -85.35,47.04,5000 -85.34,47.06,5000 -85.34,47.09,5000 -85.33,47.13,5000 -85.31,47.16,5000 -85.29,47.18,5000 -85.27,47.21,5000 -85.24,47.24,5000 -85.21,47.26,5000 -85.18,47.29,5000 -85.15,47.32,5000 -85.07,47.37,5000 
          </coordinates>
        </LinearRing>
      </innerBoundaryIs>
      <innerBoundaryIs>
        <LinearRing>
          <coordinates>
-79.55,46.14,6000 -79.51,46.16,6000 -79.47,46.19,6000 -79.43,46.21,6000 -79.39,46.23,6000 -79.35,46.25,6000 -79.32,46.26,6000 -79.28,46.27,6000 -79.23,46.27,6000 -79.18,46.27,6000 -79.13,46.25,6000 -79.09,46.24,6000 -79.04,46.23,6000 -78.99,46.22,6000 -78.94,46.21,6000 -78.90,46.20,6000 -78.85,46.19,6000 -78.80,46.18,6000 -78.75,46.17,6000 -78.70,46.15,6000 -78.65,46.14,6000 -78.61,46.12,6000 -78.57,46.11,6000 -78.53,46.09,6000 -78.50,46.07,6000 -78.48,46.05,6000 -78.45,46.03,6000 -78.42,46.00,6000 -78.40,45.97,6000 -78.37,45.95,6000 -78.35,45.92,6000 -78.33,45.89,6000 -78.31,45.87,6000 -78.29,45.84,6000 -78.28,45.81,6000 -78.26,45.78,6000 -78.25,45.74,6000 -78.24,45.71,6000 -78.23,45.67,6000 -78.23,45.64,6000 -78.23,45.60,6000 -78.23,45.57,6000 -78.24,45.53,6000 -78.25,45.50,6000 -78.27,45.47,6000 -78.30,45.43,6000 -78.33,45.39,6000 -78.36,45.36,6000 -78.38,45.34,6000 -78.41,45.32,6000 -78.46,45.31,6000 -78.50,45.30,6000 -78.55,45.29,6000 -78.60,45.28,6000 -78.66,45.27,6000 -78.71,45.26,6000 -78.76,45.26,6000 -78.81,45.26,6000 -78.86,45.26,6000 -78.91,45.26,6000 -78.96,45.27,6000 -79.01,45.28,6000 -79.06,45.29,6000 -79.10,45.30,6000 -79.15,45.32,6000 -79.19,45.33,6000 -79.24,45.35,6000 -79.29,45.38,6000 -79.33,45.40,6000 -79.36,45.42,6000 -79.38,45.44,6000 -79.41,45.46,6000 -79.44,45.48,6000 -79.47,45.51,6000 -79.51,45.54,6000 -79.54,45.56,6000 -79.58,45.59,6000 -79.60,45.61,6000 -79.62,45.63,6000 -79.63,45.65,6000 -79.65,45.67,6000 -79.67,45.70,6000 -79.69,45.73,6000 -79.71,45.76,6000 -79.72,45.79,6000 -79.73,45.82,6000 -79.73,45.86,6000 -79.74,45.89,6000 -79.73,45.93,6000 -79.72,45.96,6000 -79.70,45.99,6000 -79.68,46.01,6000 -79.66,46.04,6000 -79.63,46.07,6000 -79.60,46.09,6000 -79.57,46.12,6000 -79.55,46.14,6000 
          </coordinates>
        </LinearRing>
      </innerBoundaryIs>
      <innerBoundaryIs>
        <LinearRing>
          <coordinates>
-89.06,50.97,6000 -88.64,50.95,6000 -88.28,50.93,6000 -87.79,50.88,6000 -87.28,50.81,6000 -86.69,50.71,6000 -86.27,50.64,6000 -85.84,50.56,6000 -85.48,50.49,6000 -85.15,50.40,6000 -84.92,50.31,6000 -84.71,50.17,6000 -84.51,50.04,6000 -84.24,49.96,6000 -83.97,49.88,6000 -83.55,49.62,6000 -83.17,49.43,6000 -82.82,49.32,6000 -82.62,49.19,6000 -82.40,49.05,6000 -82.17,48.94,6000 -81.88,48.82,6000 -81.43,48.68,6000 -80.91,48.53,6000 -80.52,48.41,6000 -80.10,48.28,6000 -79.78,48.17,6000 -79.43,48.00,6000 -79.45,47.92,6000 -79.76,47.86,6000 -80.04,47.68,6000 -80.24,47.45,6000 -80.45,47.38,6000 -80.75,47.36,6000 -81.10,47.28,6000 -81.10,47.08,6000 -80.93,46.73,6000 -81.22,46.58,6000 -81.51,46.57,6000 -81.84,46.57,6000 -82.16,46.54,6000 -82.45,46.50,6000 -82.90,46.48,6000 -83.33,46.47,6000 -83.68,46.50,6000 -83.94,46.54,6000 -84.21,46.61,6000 -84.41,46.77,6000 -84.57,46.96,6000 -84.66,47.15,6000 -84.74,47.33,6000 -85.05,47.54,6000 -85.37,47.38,6000 -85.61,47.18,6000 -85.76,46.97,6000 -85.65,46.80,6000 -85.36,46.67,6000 -85.19,46.49,6000 -85.40,46.38,6000 -85.70,46.28,6000 -86.18,46.18,6000 -86.56,46.16,6000 -86.96,46.20,6000 -87.39,46.27,6000 -87.81,46.25,6000 -88.07,46.19,6000 -88.39,46.11,6000 -88.82,45.98,6000 -89.27,45.86,6000 -89.69,45.84,6000 -90.10,45.86,6000 -90.49,45.90,6000 -90.85,45.94,6000 -91.18,45.98,6000 -91.49,46.02,6000 -91.77,46.07,6000 -92.05,46.12,6000 -92.37,46.15,6000 -92.69,46.16,6000 -93.00,46.14,6000 -93.29,46.09,6000 -93.73,45.95,6000 -93.97,45.90,6000 -94.26,45.86,6000 -94.63,45.79,6000 -95.03,45.73,6000 -95.38,45.72,6000 -95.73,45.74,6000 -96.14,45.78,6000 -96.51,45.81,6000 -96.83,45.80,6000 -97.10,45.70,6000 -97.46,45.55,6000 -97.61,45.48,6000 -97.92,45.51,6000 -98.01,45.70,6000 -98.08,45.92,6000 -98.26,46.24,6000 -98.30,46.50,6000 -98.25,46.73,6000 -98.06,47.04,6000 -97.90,47.22,6000 -97.73,47.38,6000 -97.49,47.57,6000 -97.17,47.80,6000 -96.78,48.06,6000 -96.43,48.31,6000 -96.06,48.57,6000 -95.66,48.82,6000 -95.25,49.06,6000 -94.84,49.31,6000 -94.50,49.53,6000 -94.29,49.79,6000 -94.21,50.05,6000 -93.74,50.23,6000 -93.20,50.39,6000 -92.85,50.48,6000 -92.60,50.53,6000 -92.33,50.59,6000 -91.91,50.60,6000 -91.55,50.66,6000 -91.09,50.76,6000 -90.57,50.86,6000 -89.06,50.97,6000 
          </coordinates>
        </LinearRing>
      </innerBoundaryIs>
  </Polygon>
 </MultiGeometry>
</Placemark>
<Placemark>
  <name>40%</name>
  <visibility>1</visibility>
  <styleUrl>#poly_40</styleUrl>
  <MultiGeometry>
    <Polygon>
      <outerBoundaryIs>
        <LinearRing>
          <coordinates>
-78.40,42.82,5000 -78.37,42.81,5000 -78.35,42.80,5000 -78.32,42.79,5000 -78.29,42.78,5000 -78.27,42.77,5000 -78.25,42.76,5000 -78.23,42.75,5000 -78.21,42.74,5000 -78.19,42.74,5000 -78.18,42.73,5000 -78.18,42.72,5000 -78.18,42.71,5000 -78.18,42.69,5000 -78.18,42.67,5000 -78.18,42.65,5000 -78.18,42.63,5000 -78.18,42.61,5000 -78.19,42.59,5000 -78.19,42.57,5000 -78.19,42.55,5000 -78.19,42.54,5000 -78.20,42.52,5000 -78.22,42.51,5000 -78.23,42.50,5000 -78.24,42.49,5000 -78.26,42.47,5000 -78.28,42.45,5000 -78.29,42.44,5000 -78.31,42.42,5000 -78.33,42.41,5000 -78.34,42.39,5000 -78.36,42.38,5000 -78.38,42.37,5000 -78.40,42.36,5000 -78.42,42.35,5000 -78.44,42.34,5000 -78.46,42.34,5000 -78.49,42.33,5000 -78.51,42.32,5000 -78.53,42.32,5000 -78.56,42.31,5000 -78.58,42.30,5000 -78.61,42.30,5000 -78.64,42.29,5000 -78.66,42.29,5000 -78.69,42.29,5000 -78.71,42.29,5000 -78.73,42.29,5000 -78.75,42.30,5000 -78.77,42.31,5000 -78.79,42.32,5000 -78.81,42.34,5000 -78.83,42.36,5000 -78.85,42.38,5000 -78.86,42.39,5000 -78.87,42.41,5000 -78.87,42.43,5000 -78.87,42.45,5000 -78.86,42.46,5000 -78.85,42.48,5000 -78.84,42.50,5000 -78.82,42.51,5000 -78.81,42.53,5000 -78.79,42.55,5000 -78.78,42.56,5000 -78.76,42.58,5000 -78.75,42.59,5000 -78.73,42.61,5000 -78.72,42.62,5000 -78.70,42.63,5000 -78.69,42.65,5000 -78.67,42.66,5000 -78.65,42.67,5000 -78.64,42.68,5000 -78.62,42.70,5000 -78.60,42.71,5000 -78.57,42.72,5000 -78.55,42.74,5000 -78.53,42.75,5000 -78.40,42.82,5000 
          </coordinates>
        </LinearRing>
      </outerBoundaryIs>
  </Polygon>
 </MultiGeometry>
</Placemark>
<Placemark>
  <name>40%</name>
  <visibility>1</visibility>
  <styleUrl>#poly_40</styleUrl>
  <MultiGeometry>
    <Polygon>
      <outerBoundaryIs>
        <LinearRing>
          <coordinates>
-74.44,44.65,5000 -74.39,44.66,5000 -74.33,44.66,5000 -74.28,44.67,5000 -74.24,44.67,5000 -74.20,44.66,5000 -74.16,44.65,5000 -74.13,44.63,5000 -74.10,44.60,5000 -74.08,44.57,5000 -74.06,44.54,5000 -74.05,44.51,5000 -74.04,44.47,5000 -74.03,44.44,5000 -74.02,44.41,5000 -74.01,44.39,5000 -74.01,44.38,5000 -74.01,44.35,5000 -74.02,44.32,5000 -74.02,44.28,5000 -74.03,44.24,5000 -74.03,44.21,5000 -74.04,44.19,5000 -74.06,44.17,5000 -74.08,44.15,5000 -74.11,44.13,5000 -74.14,44.11,5000 -74.17,44.08,5000 -74.20,44.06,5000 -74.24,44.04,5000 -74.27,44.01,5000 -74.31,43.99,5000 -74.34,43.97,5000 -74.38,43.95,5000 -74.41,43.93,5000 -74.45,43.91,5000 -74.48,43.89,5000 -74.52,43.86,5000 -74.56,43.83,5000 -74.59,43.81,5000 -74.62,43.79,5000 -74.65,43.77,5000 -74.69,43.76,5000 -74.72,43.75,5000 -74.76,43.73,5000 -74.80,43.72,5000 -74.84,43.70,5000 -74.88,43.70,5000 -74.92,43.70,5000 -74.96,43.71,5000 -75.00,43.73,5000 -75.05,43.74,5000 -75.08,43.76,5000 -75.11,43.77,5000 -75.15,43.78,5000 -75.16,43.81,5000 -75.17,43.83,5000 -75.18,43.86,5000 -75.19,43.89,5000 -75.20,43.93,5000 -75.21,43.96,5000 -75.21,43.99,5000 -75.21,44.02,5000 -75.20,44.06,5000 -75.18,44.09,5000 -75.17,44.13,5000 -75.15,44.16,5000 -75.13,44.19,5000 -75.11,44.23,5000 -75.08,44.26,5000 -75.06,44.30,5000 -75.04,44.32,5000 -75.02,44.35,5000 -74.99,44.37,5000 -74.96,44.39,5000 -74.93,44.42,5000 -74.90,44.45,5000 -74.86,44.48,5000 -74.82,44.50,5000 -74.78,44.52,5000 -74.74,44.54,5000 -74.70,44.56,5000 -74.66,44.58,5000 -74.62,44.59,5000 -74.59,44.61,5000 -74.55,44.62,5000 -74.44,44.65,5000 
          </coordinates>
        </LinearRing>
      </outerBoundaryIs>
      <innerBoundaryIs>
        <LinearRing>
          <coordinates>
-74.48,44.48,6000 -74.45,44.47,6000 -74.42,44.46,6000 -74.39,44.46,6000 -74.36,44.45,6000 -74.33,44.44,6000 -74.31,44.44,6000 -74.28,44.43,6000 -74.27,44.42,6000 -74.25,44.42,6000 -74.24,44.41,6000 -74.24,44.40,6000 -74.25,44.38,6000 -74.26,44.36,6000 -74.27,44.35,6000 -74.27,44.33,6000 -74.28,44.31,6000 -74.29,44.29,6000 -74.31,44.27,6000 -74.33,44.25,6000 -74.35,44.24,6000 -74.37,44.23,6000 -74.39,44.21,6000 -74.41,44.20,6000 -74.44,44.19,6000 -74.47,44.18,6000 -74.49,44.17,6000 -74.51,44.16,6000 -74.53,44.15,6000 -74.55,44.14,6000 -74.58,44.13,6000 -74.59,44.12,6000 -74.60,44.12,6000 -74.62,44.10,6000 -74.63,44.09,6000 -74.65,44.07,6000 -74.67,44.06,6000 -74.69,44.04,6000 -74.71,44.02,6000 -74.73,44.01,6000 -74.75,43.99,6000 -74.77,43.97,6000 -74.79,43.96,6000 -74.80,43.95,6000 -74.82,43.93,6000 -74.83,43.93,6000 -74.85,43.93,6000 -74.87,43.94,6000 -74.89,43.96,6000 -74.89,43.97,6000 -74.90,43.99,6000 -74.90,44.01,6000 -74.91,44.03,6000 -74.91,44.05,6000 -74.91,44.07,6000 -74.92,44.09,6000 -74.91,44.11,6000 -74.91,44.13,6000 -74.90,44.15,6000 -74.90,44.17,6000 -74.88,44.18,6000 -74.87,44.20,6000 -74.86,44.22,6000 -74.85,44.24,6000 -74.83,44.26,6000 -74.82,44.27,6000 -74.81,44.29,6000 -74.80,44.30,6000 -74.79,44.32,6000 -74.78,44.33,6000 -74.77,44.35,6000 -74.75,44.36,6000 -74.74,44.37,6000 -74.72,44.38,6000 -74.70,44.39,6000 -74.68,44.40,6000 -74.66,44.41,6000 -74.64,44.43,6000 -74.61,44.44,6000 -74.59,44.45,6000 -74.48,44.48,6000 
          </coordinates>
        </LinearRing>
      </innerBoundaryIs>
  </Polygon>
 </MultiGeometry>
</Placemark>
<Placemark>
  <name>40%</name>
  <visibility>1</visibility>
  <styleUrl>#poly_40</styleUrl>
  <MultiGeometry>
    <Polygon>
      <outerBoundaryIs>
        <LinearRing>
          <coordinates>
-68.25,50.87,5000 -67.94,50.83,5000 -67.69,50.79,5000 -67.42,50.70,5000 -67.11,50.59,5000 -66.78,50.46,5000 -66.53,50.37,5000 -66.32,50.28,5000 -66.04,50.09,5000 -65.87,49.89,5000 -65.77,49.79,5000 -65.54,49.64,5000 -65.28,49.52,5000 -64.93,49.38,5000 -64.57,49.24,5000 -64.27,49.11,5000 -63.96,48.98,5000 -63.70,48.86,5000 -63.50,48.77,5000 -63.27,48.62,5000 -63.10,48.39,5000 -62.88,48.24,5000 -62.57,48.04,5000 -62.27,47.85,5000 -62.06,47.70,5000 -62.02,47.52,5000 -62.08,47.32,5000 -62.30,47.08,5000 -62.55,47.04,5000 -62.81,47.02,5000 -63.08,47.02,5000 -63.40,47.06,5000 -63.81,47.11,5000 -64.15,47.15,5000 -64.41,47.17,5000 -64.59,47.19,5000 -64.81,47.24,5000 -65.05,47.29,5000 -65.31,47.31,5000 -65.57,47.31,5000 -65.96,47.22,5000 -66.28,47.06,5000 -66.65,46.95,5000 -66.90,47.02,5000 -67.16,47.15,5000 -67.42,47.24,5000 -67.72,47.25,5000 -68.12,47.20,5000 -68.48,47.15,5000 -68.92,47.08,5000 -69.35,47.01,5000 -69.67,46.96,5000 -69.94,46.94,5000 -69.96,47.07,5000 -69.80,47.24,5000 -69.72,47.37,5000 -69.67,47.51,5000 -69.72,47.71,5000 -70.04,47.60,5000 -70.30,47.44,5000 -70.44,47.33,5000 -70.58,47.22,5000 -70.89,47.08,5000 -71.19,47.04,5000 -71.49,47.06,5000 -71.73,47.10,5000 -71.97,47.18,5000 -72.17,47.33,5000 -72.33,47.49,5000 -72.55,47.69,5000 -72.85,47.77,5000 -73.11,47.75,5000 -73.46,47.69,5000 -73.74,47.69,5000 -74.01,47.67,5000 -74.28,47.49,5000 -74.66,47.48,5000 -74.91,47.59,5000 -75.10,47.66,5000 -75.30,47.70,5000 -75.61,47.62,5000 -75.92,47.55,5000 -76.19,47.56,5000 -76.37,47.69,5000 -76.28,47.78,5000 -75.97,47.96,5000 -75.60,48.03,5000 -75.19,48.11,5000 -74.88,48.21,5000 -74.61,48.33,5000 -74.34,48.52,5000 -74.11,48.70,5000 -73.79,48.87,5000 -73.45,48.97,5000 -73.23,49.04,5000 -73.03,49.12,5000 -72.80,49.27,5000 -72.68,49.40,5000 -72.56,49.52,5000 -72.29,49.66,5000 -71.97,49.79,5000 -71.72,50.01,5000 -71.49,50.25,5000 -71.25,50.47,5000 -70.87,50.61,5000 -70.57,50.67,5000 -70.20,50.74,5000 -69.82,50.81,5000 -69.51,50.87,5000 -69.22,50.88,5000 -68.88,50.88,5000 -68.25,50.87,5000 
          </coordinates>
        </LinearRing>
      </outerBoundaryIs>
      <innerBoundaryIs>
        <LinearRing>
          <coordinates>
-69.31,50.84,6000 -68.91,50.83,6000 -68.54,50.82,6000 -68.24,50.81,6000 -67.99,50.80,6000 -67.81,50.77,6000 -67.61,50.71,6000 -67.37,50.62,6000 -67.13,50.53,6000 -66.85,50.43,6000 -66.63,50.34,6000 -66.37,50.23,6000 -66.23,50.15,6000 -66.09,50.05,6000 -65.90,49.83,6000 -65.68,49.65,6000 -65.46,49.55,6000 -65.10,49.40,6000 -64.86,49.30,6000 -64.56,49.17,6000 -64.24,49.04,6000 -63.95,48.92,6000 -63.73,48.82,6000 -63.48,48.70,6000 -63.38,48.62,6000 -63.21,48.42,6000 -63.09,48.25,6000 -62.97,48.16,6000 -62.80,48.06,6000 -62.50,47.92,6000 -62.22,47.77,6000 -62.08,47.58,6000 -62.11,47.41,6000 -62.19,47.24,6000 -62.45,47.10,6000 -62.63,47.08,6000 -62.84,47.08,6000 -63.07,47.08,6000 -63.30,47.09,6000 -63.49,47.12,6000 -63.71,47.16,6000 -63.94,47.18,6000 -64.22,47.20,6000 -64.49,47.23,6000 -64.76,47.28,6000 -65.02,47.34,6000 -65.24,47.38,6000 -65.55,47.40,6000 -65.75,47.37,6000 -65.98,47.31,6000 -66.26,47.20,6000 -66.51,47.09,6000 -66.76,47.08,6000 -67.03,47.22,6000 -67.24,47.29,6000 -67.48,47.33,6000 -67.75,47.33,6000 -68.06,47.30,6000 -68.31,47.27,6000 -68.59,47.24,6000 -68.85,47.21,6000 -69.23,47.18,6000 -69.52,47.19,6000 -69.56,47.41,6000 -69.55,47.58,6000 -69.55,47.74,6000 -69.61,47.90,6000 -69.72,47.86,6000 -70.00,47.70,6000 -70.19,47.57,6000 -70.41,47.42,6000 -70.59,47.29,6000 -70.83,47.16,6000 -71.07,47.10,6000 -71.29,47.10,6000 -71.54,47.12,6000 -71.75,47.16,6000 -71.95,47.24,6000 -72.12,47.43,6000 -72.27,47.63,6000 -72.41,47.76,6000 -72.55,47.84,6000 -72.75,47.87,6000 -72.94,47.87,6000 -73.21,47.82,6000 -73.42,47.80,6000 -73.65,47.80,6000 -73.89,47.83,6000 -74.12,47.86,6000 -74.46,47.79,6000 -74.74,47.84,6000 -74.97,47.90,6000 -74.96,47.94,6000 -74.82,48.00,6000 -74.64,48.09,6000 -74.51,48.19,6000 -74.37,48.32,6000 -74.21,48.50,6000 -74.04,48.67,6000 -73.76,48.82,6000 -73.57,48.88,6000 -73.38,48.93,6000 -73.20,48.98,6000 -73.03,49.04,6000 -72.77,49.20,6000 -72.61,49.31,6000 -72.41,49.45,6000 -72.18,49.61,6000 -71.92,49.78,6000 -71.64,49.97,6000 -71.34,50.17,6000 -71.02,50.38,6000 -70.70,50.59,6000 -69.31,50.84,6000 
          </coordinates>
        </LinearRing>
      </innerBoundaryIs>
  </Polygon>
 </MultiGeometry>
</Placemark>
<Placemark>
  <name>40%</name>
  <visibility>1</visibility>
  <styleUrl>#poly_40</styleUrl>
  <MultiGeometry>
    <Polygon>
      <outerBoundaryIs>
        <LinearRing>
          <coordinates>
-80.77,44.57,5000 -80.74,44.57,5000 -80.70,44.57,5000 -80.67,44.57,5000 -80.63,44.56,5000 -80.60,44.56,5000 -80.56,44.56,5000 -80.53,44.55,5000 -80.49,44.54,5000 -80.46,44.53,5000 -80.42,44.52,5000 -80.38,44.50,5000 -80.35,44.49,5000 -80.32,44.48,5000 -80.30,44.47,5000 -80.29,44.46,5000 -80.28,44.45,5000 -80.26,44.43,5000 -80.24,44.40,5000 -80.21,44.38,5000 -80.19,44.35,5000 -80.16,44.33,5000 -80.14,44.31,5000 -80.12,44.29,5000 -80.11,44.27,5000 -80.10,44.24,5000 -80.10,44.22,5000 -80.10,44.20,5000 -80.09,44.18,5000 -80.08,44.15,5000 -80.08,44.13,5000 -80.08,44.10,5000 -80.09,44.08,5000 -80.10,44.05,5000 -80.11,44.02,5000 -80.12,44.00,5000 -80.13,43.98,5000 -80.14,43.96,5000 -80.14,43.94,5000 -80.16,43.93,5000 -80.18,43.92,5000 -80.20,43.91,5000 -80.23,43.90,5000 -80.27,43.88,5000 -80.30,43.87,5000 -80.33,43.86,5000 -80.37,43.85,5000 -80.40,43.84,5000 -80.43,43.83,5000 -80.47,43.83,5000 -80.50,43.83,5000 -80.54,43.83,5000 -80.57,43.83,5000 -80.61,43.83,5000 -80.64,43.83,5000 -80.67,43.83,5000 -80.71,43.84,5000 -80.74,43.85,5000 -80.77,43.86,5000 -80.81,43.87,5000 -80.84,43.88,5000 -80.87,43.89,5000 -80.90,43.90,5000 -80.93,43.92,5000 -80.96,43.94,5000 -80.99,43.95,5000 -81.02,43.97,5000 -81.04,43.99,5000 -81.06,44.00,5000 -81.08,44.03,5000 -81.08,44.05,5000 -81.08,44.08,5000 -81.09,44.10,5000 -81.10,44.12,5000 -81.11,44.15,5000 -81.12,44.18,5000 -81.12,44.20,5000 -81.12,44.23,5000 -81.11,44.25,5000 -81.11,44.28,5000 -81.10,44.31,5000 -81.10,44.33,5000 -81.09,44.35,5000 -81.08,44.38,5000 -81.06,44.40,5000 -81.04,44.42,5000 -81.03,44.44,5000 -81.01,44.47,5000 -81.00,44.49,5000 -80.98,44.51,5000 -80.77,44.57,5000 
          </coordinates>
        </LinearRing>
      </outerBoundaryIs>
      <innerBoundaryIs>
        <LinearRing>
          <coordinates>
-80.80,44.40,6000 -80.77,44.41,6000 -80.75,44.42,6000 -80.72,44.43,6000 -80.69,44.44,6000 -80.67,44.45,6000 -80.64,44.45,6000 -80.61,44.46,6000 -80.59,44.46,6000 -80.56,44.46,6000 -80.54,44.46,6000 -80.52,44.46,6000 -80.49,44.45,6000 -80.47,44.44,6000 -80.44,44.43,6000 -80.42,44.42,6000 -80.40,44.41,6000 -80.37,44.39,6000 -80.35,44.38,6000 -80.34,44.37,6000 -80.32,44.36,6000 -80.30,44.35,6000 -80.28,44.34,6000 -80.27,44.32,6000 -80.26,44.31,6000 -80.25,44.30,6000 -80.24,44.28,6000 -80.23,44.27,6000 -80.23,44.25,6000 -80.22,44.23,6000 -80.21,44.21,6000 -80.21,44.19,6000 -80.20,44.17,6000 -80.20,44.15,6000 -80.21,44.13,6000 -80.21,44.11,6000 -80.22,44.09,6000 -80.23,44.08,6000 -80.24,44.06,6000 -80.26,44.04,6000 -80.27,44.02,6000 -80.29,44.01,6000 -80.31,43.99,6000 -80.32,43.97,6000 -80.34,43.96,6000 -80.35,43.95,6000 -80.36,43.94,6000 -80.38,43.94,6000 -80.40,43.94,6000 -80.42,43.94,6000 -80.45,43.94,6000 -80.48,43.94,6000 -80.51,43.94,6000 -80.54,43.94,6000 -80.57,43.94,6000 -80.60,43.94,6000 -80.62,43.94,6000 -80.65,43.94,6000 -80.67,43.95,6000 -80.68,43.95,6000 -80.70,43.97,6000 -80.71,43.98,6000 -80.73,43.99,6000 -80.75,44.01,6000 -80.76,44.02,6000 -80.78,44.04,6000 -80.80,44.06,6000 -80.82,44.07,6000 -80.83,44.09,6000 -80.84,44.10,6000 -80.86,44.12,6000 -80.86,44.13,6000 -80.87,44.14,6000 -80.87,44.16,6000 -80.87,44.17,6000 -80.87,44.19,6000 -80.87,44.21,6000 -80.87,44.22,6000 -80.87,44.24,6000 -80.87,44.27,6000 -80.87,44.29,6000 -80.87,44.31,6000 -80.87,44.33,6000 -80.80,44.40,6000 
          </coordinates>
        </LinearRing>
      </innerBoundaryIs>
  </Polygon>
 </MultiGeometry>
</Placemark>
<Placemark>
  <name>40%</name>
  <visibility>1</visibility>
  <styleUrl>#poly_40</styleUrl>
  <MultiGeometry>
    <Polygon>
      <outerBoundaryIs>
        <LinearRing>
          <coordinates>
-84.80,45.29,5000 -84.77,45.29,5000 -84.73,45.29,5000 -84.70,45.29,5000 -84.66,45.28,5000 -84.63,45.28,5000 -84.59,45.27,5000 -84.56,45.26,5000 -84.53,45.25,5000 -84.50,45.23,5000 -84.47,45.22,5000 -84.43,45.20,5000 -84.40,45.18,5000 -84.37,45.16,5000 -84.35,45.14,5000 -84.33,45.13,5000 -84.30,45.11,5000 -84.28,45.10,5000 -84.28,45.07,5000 -84.28,45.05,5000 -84.28,45.03,5000 -84.29,45.00,5000 -84.30,44.97,5000 -84.31,44.94,5000 -84.31,44.92,5000 -84.32,44.90,5000 -84.33,44.88,5000 -84.36,44.87,5000 -84.38,44.86,5000 -84.40,44.84,5000 -84.43,44.82,5000 -84.46,44.81,5000 -84.49,44.79,5000 -84.52,44.77,5000 -84.54,44.75,5000 -84.56,44.74,5000 -84.59,44.72,5000 -84.62,44.71,5000 -84.64,44.70,5000 -84.67,44.69,5000 -84.71,44.67,5000 -84.74,44.66,5000 -84.78,44.64,5000 -84.82,44.63,5000 -84.85,44.62,5000 -84.88,44.61,5000 -84.92,44.60,5000 -84.95,44.60,5000 -84.98,44.59,5000 -85.01,44.59,5000 -85.03,44.59,5000 -85.07,44.58,5000 -85.10,44.58,5000 -85.12,44.58,5000 -85.14,44.58,5000 -85.15,44.60,5000 -85.15,44.62,5000 -85.16,44.64,5000 -85.17,44.66,5000 -85.17,44.69,5000 -85.18,44.72,5000 -85.18,44.74,5000 -85.18,44.77,5000 -85.18,44.79,5000 -85.18,44.82,5000 -85.17,44.84,5000 -85.17,44.87,5000 -85.16,44.89,5000 -85.16,44.92,5000 -85.15,44.94,5000 -85.14,44.97,5000 -85.13,44.99,5000 -85.12,45.02,5000 -85.11,45.05,5000 -85.10,45.07,5000 -85.09,45.09,5000 -85.08,45.11,5000 -85.08,45.13,5000 -85.06,45.14,5000 -85.04,45.15,5000 -85.02,45.16,5000 -85.00,45.18,5000 -84.97,45.20,5000 -84.94,45.21,5000 -84.91,45.23,5000 -84.88,45.25,5000 -84.85,45.27,5000 -84.80,45.29,5000 
          </coordinates>
        </LinearRing>
      </outerBoundaryIs>
      <innerBoundaryIs>
        <LinearRing>
          <coordinates>
-84.82,45.14,6000 -84.80,45.14,6000 -84.78,45.13,6000 -84.75,45.13,6000 -84.73,45.12,6000 -84.71,45.12,6000 -84.69,45.11,6000 -84.68,45.11,6000 -84.66,45.11,6000 -84.64,45.10,6000 -84.63,45.10,6000 -84.61,45.10,6000 -84.60,45.09,6000 -84.59,45.09,6000 -84.57,45.09,6000 -84.58,45.07,6000 -84.58,45.06,6000 -84.58,45.05,6000 -84.58,45.04,6000 -84.58,45.02,6000 -84.57,45.01,6000 -84.57,44.99,6000 -84.57,44.97,6000 -84.57,44.96,6000 -84.57,44.94,6000 -84.57,44.93,6000 -84.57,44.92,6000 -84.57,44.91,6000 -84.57,44.90,6000 -84.57,44.90,6000 -84.60,44.89,6000 -84.61,44.89,6000 -84.62,44.88,6000 -84.64,44.87,6000 -84.65,44.86,6000 -84.67,44.85,6000 -84.69,44.84,6000 -84.71,44.83,6000 -84.72,44.82,6000 -84.74,44.81,6000 -84.76,44.81,6000 -84.78,44.80,6000 -84.80,44.79,6000 -84.82,44.79,6000 -84.83,44.78,6000 -84.85,44.78,6000 -84.86,44.78,6000 -84.87,44.78,6000 -84.89,44.79,6000 -84.90,44.80,6000 -84.91,44.81,6000 -84.92,44.82,6000 -84.93,44.83,6000 -84.94,44.84,6000 -84.95,44.86,6000 -84.96,44.87,6000 -84.97,44.89,6000 -84.97,44.90,6000 -84.98,44.91,6000 -84.98,44.93,6000 -84.98,44.94,6000 -84.98,44.95,6000 -84.98,44.96,6000 -84.97,44.98,6000 -84.97,44.99,6000 -84.96,45.00,6000 -84.95,45.01,6000 -84.95,45.03,6000 -84.94,45.04,6000 -84.93,45.05,6000 -84.92,45.06,6000 -84.90,45.08,6000 -84.89,45.09,6000 -84.88,45.10,6000 -84.82,45.14,6000 
          </coordinates>
        </LinearRing>
      </innerBoundaryIs>
  </Polygon>
 </MultiGeometry>
</Placemark>
<Placemark>
  <name>50%</name>
  <visibility>1</visibility>
  <styleUrl>#poly_50</styleUrl>
  <MultiGeometry>
    <Polygon>
      <outerBoundaryIs>
        <LinearRing>
          <coordinates>
-79.55,46.14,6000 -79.51,46.16,6000 -79.47,46.19,6000 -79.43,46.21,6000 -79.39,46.23,6000 -79.35,46.25,6000 -79.32,46.26,6000 -79.28,46.27,6000 -79.23,46.27,6000 -79.18,46.27,6000 -79.13,46.25,6000 -79.09,46.24,6000 -79.04,46.23,6000 -78.99,46.22,6000 -78.94,46.21,6000 -78.90,46.20,6000 -78.85,46.19,6000 -78.80,46.18,6000 -78.75,46.17,6000 -78.70,46.15,6000 -78.65,46.14,6000 -78.61,46.12,6000 -78.57,46.11,6000 -78.53,46.09,6000 -78.50,46.07,6000 -78.48,46.05,6000 -78.45,46.03,6000 -78.42,46.00,6000 -78.40,45.97,6000 -78.37,45.95,6000 -78.35,45.92,6000 -78.33,45.89,6000 -78.31,45.87,6000 -78.29,45.84,6000 -78.28,45.81,6000 -78.26,45.78,6000 -78.25,45.74,6000 -78.24,45.71,6000 -78.23,45.67,6000 -78.23,45.64,6000 -78.23,45.60,6000 -78.23,45.57,6000 -78.24,45.53,6000 -78.25,45.50,6000 -78.27,45.47,6000 -78.30,45.43,6000 -78.33,45.39,6000 -78.36,45.36,6000 -78.38,45.34,6000 -78.41,45.32,6000 -78.46,45.31,6000 -78.50,45.30,6000 -78.55,45.29,6000 -78.60,45.28,6000 -78.66,45.27,6000 -78.71,45.26,6000 -78.76,45.26,6000 -78.81,45.26,6000 -78.86,45.26,6000 -78.91,45.26,6000 -78.96,45.27,6000 -79.01,45.28,6000 -79.06,45.29,6000 -79.10,45.30,6000 -79.15,45.32,6000 -79.19,45.33,6000 -79.24,45.35,6000 -79.29,45.38,6000 -79.33,45.40,6000 -79.36,45.42,6000 -79.38,45.44,6000 -79.41,45.46,6000 -79.44,45.48,6000 -79.47,45.51,6000 -79.51,45.54,6000 -79.54,45.56,6000 -79.58,45.59,6000 -79.60,45.61,6000 -79.62,45.63,6000 -79.63,45.65,6000 -79.65,45.67,6000 -79.67,45.70,6000 -79.69,45.73,6000 -79.71,45.76,6000 -79.72,45.79,6000 -79.73,45.82,6000 -79.73,45.86,6000 -79.74,45.89,6000 -79.73,45.93,6000 -79.72,45.96,6000 -79.70,45.99,6000 -79.68,46.01,6000 -79.66,46.04,6000 -79.63,46.07,6000 -79.60,46.09,6000 -79.57,46.12,6000 -79.55,46.14,6000 
          </coordinates>
        </LinearRing>
      </outerBoundaryIs>
      <innerBoundaryIs>
        <LinearRing>
          <coordinates>
-79.07,46.04,7000 -79.04,46.04,7000 -79.01,46.04,7000 -78.98,46.05,7000 -78.95,46.05,7000 -78.92,46.04,7000 -78.89,46.04,7000 -78.86,46.04,7000 -78.83,46.03,7000 -78.80,46.02,7000 -78.77,46.01,7000 -78.75,46.00,7000 -78.72,45.98,7000 -78.69,45.96,7000 -78.66,45.95,7000 -78.64,45.93,7000 -78.62,45.92,7000 -78.60,45.91,7000 -78.57,45.90,7000 -78.57,45.89,7000 -78.56,45.87,7000 -78.55,45.85,7000 -78.55,45.83,7000 -78.54,45.81,7000 -78.54,45.79,7000 -78.53,45.76,7000 -78.53,45.74,7000 -78.52,45.71,7000 -78.52,45.69,7000 -78.52,45.67,7000 -78.52,45.64,7000 -78.52,45.62,7000 -78.52,45.60,7000 -78.52,45.58,7000 -78.53,45.56,7000 -78.53,45.54,7000 -78.54,45.52,7000 -78.56,45.50,7000 -78.57,45.48,7000 -78.60,45.46,7000 -78.62,45.45,7000 -78.65,45.44,7000 -78.68,45.43,7000 -78.71,45.42,7000 -78.74,45.42,7000 -78.77,45.42,7000 -78.80,45.41,7000 -78.83,45.41,7000 -78.87,45.41,7000 -78.90,45.41,7000 -78.93,45.42,7000 -78.96,45.43,7000 -78.99,45.44,7000 -79.01,45.45,7000 -79.04,45.46,7000 -79.07,45.48,7000 -79.10,45.49,7000 -79.12,45.51,7000 -79.14,45.52,7000 -79.16,45.53,7000 -79.19,45.55,7000 -79.20,45.56,7000 -79.22,45.58,7000 -79.23,45.59,7000 -79.25,45.61,7000 -79.26,45.63,7000 -79.28,45.65,7000 -79.29,45.67,7000 -79.31,45.70,7000 -79.32,45.72,7000 -79.33,45.74,7000 -79.34,45.76,7000 -79.35,45.78,7000 -79.35,45.80,7000 -79.35,45.82,7000 -79.35,45.85,7000 -79.34,45.87,7000 -79.34,45.89,7000 -79.34,45.91,7000 -79.33,45.93,7000 -79.07,46.04,7000 
          </coordinates>
        </LinearRing>
      </innerBoundaryIs>
  </Polygon>
 </MultiGeometry>
</Placemark>
<Placemark>
  <name>50%</name>
  <visibility>1</visibility>
  <styleUrl>#poly_50</styleUrl>
  <MultiGeometry>
    <Polygon>
      <outerBoundaryIs>
        <LinearRing>
          <coordinates>
-69.31,50.84,6000 -68.91,50.83,6000 -68.54,50.82,6000 -68.24,50.81,6000 -67.99,50.80,6000 -67.81,50.77,6000 -67.61,50.71,6000 -67.37,50.62,6000 -67.13,50.53,6000 -66.85,50.43,6000 -66.63,50.34,6000 -66.37,50.23,6000 -66.23,50.15,6000 -66.09,50.05,6000 -65.90,49.83,6000 -65.68,49.65,6000 -65.46,49.55,6000 -65.10,49.40,6000 -64.86,49.30,6000 -64.56,49.17,6000 -64.24,49.04,6000 -63.95,48.92,6000 -63.73,48.82,6000 -63.48,48.70,6000 -63.38,48.62,6000 -63.21,48.42,6000 -63.09,48.25,6000 -62.97,48.16,6000 -62.80,48.06,6000 -62.50,47.92,6000 -62.22,47.77,6000 -62.08,47.58,6000 -62.11,47.41,6000 -62.19,47.24,6000 -62.45,47.10,6000 -62.63,47.08,6000 -62.84,47.08,6000 -63.07,47.08,6000 -63.30,47.09,6000 -63.49,47.12,6000 -63.71,47.16,6000 -63.94,47.18,6000 -64.22,47.20,6000 -64.49,47.23,6000 -64.76,47.28,6000 -65.02,47.34,6000 -65.24,47.38,6000 -65.55,47.40,6000 -65.75,47.37,6000 -65.98,47.31,6000 -66.26,47.20,6000 -66.51,47.09,6000 -66.76,47.08,6000 -67.03,47.22,6000 -67.24,47.29,6000 -67.48,47.33,6000 -67.75,47.33,6000 -68.06,47.30,6000 -68.31,47.27,6000 -68.59,47.24,6000 -68.85,47.21,6000 -69.23,47.18,6000 -69.52,47.19,6000 -69.56,47.41,6000 -69.55,47.58,6000 -69.55,47.74,6000 -69.61,47.90,6000 -69.72,47.86,6000 -70.00,47.70,6000 -70.19,47.57,6000 -70.41,47.42,6000 -70.59,47.29,6000 -70.83,47.16,6000 -71.07,47.10,6000 -71.29,47.10,6000 -71.54,47.12,6000 -71.75,47.16,6000 -71.95,47.24,6000 -72.12,47.43,6000 -72.27,47.63,6000 -72.41,47.76,6000 -72.55,47.84,6000 -72.75,47.87,6000 -72.94,47.87,6000 -73.21,47.82,6000 -73.42,47.80,6000 -73.65,47.80,6000 -73.89,47.83,6000 -74.12,47.86,6000 -74.46,47.79,6000 -74.74,47.84,6000 -74.97,47.90,6000 -74.96,47.94,6000 -74.82,48.00,6000 -74.64,48.09,6000 -74.51,48.19,6000 -74.37,48.32,6000 -74.21,48.50,6000 -74.04,48.67,6000 -73.76,48.82,6000 -73.57,48.88,6000 -73.38,48.93,6000 -73.20,48.98,6000 -73.03,49.04,6000 -72.77,49.20,6000 -72.61,49.31,6000 -72.41,49.45,6000 -72.18,49.61,6000 -71.92,49.78,6000 -71.64,49.97,6000 -71.34,50.17,6000 -71.02,50.38,6000 -70.70,50.59,6000 -69.31,50.84,6000 
          </coordinates>
        </LinearRing>
      </outerBoundaryIs>
      <innerBoundaryIs>
        <LinearRing>
          <coordinates>
-69.07,50.79,7000 -68.79,50.76,7000 -68.53,50.74,7000 -68.31,50.75,7000 -68.06,50.75,7000 -67.84,50.70,7000 -67.60,50.64,7000 -67.36,50.56,7000 -67.12,50.48,7000 -66.89,50.39,7000 -66.67,50.30,7000 -66.40,50.17,7000 -66.17,50.03,7000 -65.98,49.83,7000 -65.79,49.64,7000 -65.60,49.53,7000 -65.29,49.41,7000 -65.06,49.32,7000 -64.78,49.20,7000 -64.47,49.07,7000 -64.19,48.95,7000 -63.97,48.86,7000 -63.69,48.74,7000 -63.55,48.66,7000 -63.36,48.49,7000 -63.25,48.34,7000 -63.13,48.19,7000 -62.93,48.05,7000 -62.72,47.95,7000 -62.51,47.85,7000 -62.31,47.76,7000 -62.21,47.64,7000 -62.14,47.51,7000 -62.22,47.31,7000 -62.33,47.22,7000 -62.50,47.15,7000 -62.75,47.13,7000 -63.08,47.14,7000 -63.39,47.17,7000 -63.74,47.21,7000 -64.04,47.25,7000 -64.31,47.27,7000 -64.52,47.29,7000 -64.75,47.35,7000 -64.98,47.41,7000 -65.24,47.46,7000 -65.48,47.49,7000 -65.80,47.47,7000 -66.07,47.37,7000 -66.33,47.26,7000 -66.58,47.19,7000 -66.88,47.28,7000 -67.05,47.35,7000 -67.24,47.41,7000 -67.48,47.42,7000 -67.77,47.41,7000 -68.01,47.39,7000 -68.28,47.36,7000 -68.52,47.34,7000 -68.84,47.35,7000 -69.09,47.37,7000 -69.34,47.45,7000 -69.38,47.59,7000 -69.38,47.76,7000 -69.33,47.94,7000 -69.28,48.10,7000 -69.31,48.22,7000 -69.50,48.14,7000 -69.70,47.99,7000 -69.93,47.82,7000 -70.15,47.68,7000 -70.37,47.54,7000 -70.62,47.36,7000 -70.84,47.21,7000 -71.12,47.14,7000 -71.37,47.15,7000 -71.62,47.18,7000 -71.86,47.28,7000 -71.95,47.38,7000 -72.03,47.51,7000 -72.06,47.66,7000 -72.27,47.81,7000 -72.53,47.85,7000 -72.89,47.89,7000 -73.28,47.92,7000 -73.64,47.95,7000 -73.90,47.98,7000 -74.17,48.10,7000 -74.17,48.32,7000 -74.06,48.50,7000 -73.91,48.67,7000 -73.65,48.79,7000 -73.43,48.85,7000 -73.21,48.91,7000 -72.96,49.00,7000 -72.83,49.08,7000 -72.68,49.19,7000 -72.50,49.35,7000 -72.29,49.52,7000 -72.02,49.65,7000 -71.76,49.78,7000 -71.62,49.91,7000 -71.49,50.07,7000 -71.38,50.19,7000 -71.19,50.36,7000 -71.08,50.42,7000 -70.87,50.49,7000 -70.60,50.55,7000 -70.25,50.62,7000 -69.87,50.69,7000 -69.07,50.79,7000 
          </coordinates>
        </LinearRing>
      </innerBoundaryIs>
  </Polygon>
 </MultiGeometry>
</Placemark>
<Placemark>
  <name>50%</name>
  <visibility>1</visibility>
  <styleUrl>#poly_50</styleUrl>
  <MultiGeometry>
    <Polygon>
      <outerBoundaryIs>
        <LinearRing>
          <coordinates>
-74.48,44.48,6000 -74.45,44.47,6000 -74.42,44.46,6000 -74.39,44.46,6000 -74.36,44.45,6000 -74.33,44.44,6000 -74.31,44.44,6000 -74.28,44.43,6000 -74.27,44.42,6000 -74.25,44.42,6000 -74.24,44.41,6000 -74.24,44.40,6000 -74.25,44.38,6000 -74.26,44.36,6000 -74.27,44.35,6000 -74.27,44.33,6000 -74.28,44.31,6000 -74.29,44.29,6000 -74.31,44.27,6000 -74.33,44.25,6000 -74.35,44.24,6000 -74.37,44.23,6000 -74.39,44.21,6000 -74.41,44.20,6000 -74.44,44.19,6000 -74.47,44.18,6000 -74.49,44.17,6000 -74.51,44.16,6000 -74.53,44.15,6000 -74.55,44.14,6000 -74.58,44.13,6000 -74.59,44.12,6000 -74.60,44.12,6000 -74.62,44.10,6000 -74.63,44.09,6000 -74.65,44.07,6000 -74.67,44.06,6000 -74.69,44.04,6000 -74.71,44.02,6000 -74.73,44.01,6000 -74.75,43.99,6000 -74.77,43.97,6000 -74.79,43.96,6000 -74.80,43.95,6000 -74.82,43.93,6000 -74.83,43.93,6000 -74.85,43.93,6000 -74.87,43.94,6000 -74.89,43.96,6000 -74.89,43.97,6000 -74.90,43.99,6000 -74.90,44.01,6000 -74.91,44.03,6000 -74.91,44.05,6000 -74.91,44.07,6000 -74.92,44.09,6000 -74.91,44.11,6000 -74.91,44.13,6000 -74.90,44.15,6000 -74.90,44.17,6000 -74.88,44.18,6000 -74.87,44.20,6000 -74.86,44.22,6000 -74.85,44.24,6000 -74.83,44.26,6000 -74.82,44.27,6000 -74.81,44.29,6000 -74.80,44.30,6000 -74.79,44.32,6000 -74.78,44.33,6000 -74.77,44.35,6000 -74.75,44.36,6000 -74.74,44.37,6000 -74.72,44.38,6000 -74.70,44.39,6000 -74.68,44.40,6000 -74.66,44.41,6000 -74.64,44.43,6000 -74.61,44.44,6000 -74.59,44.45,6000 -74.48,44.48,6000 
          </coordinates>
        </LinearRing>
      </outerBoundaryIs>
  </Polygon>
 </MultiGeometry>
</Placemark>
<Placemark>
  <name>50%</name>
  <visibility>1</visibility>
  <styleUrl>#poly_50</styleUrl>
  <MultiGeometry>
    <Polygon>
      <outerBoundaryIs>
        <LinearRing>
          <coordinates>
-80.80,44.40,6000 -80.77,44.41,6000 -80.75,44.42,6000 -80.72,44.43,6000 -80.69,44.44,6000 -80.67,44.45,6000 -80.64,44.45,6000 -80.61,44.46,6000 -80.59,44.46,6000 -80.56,44.46,6000 -80.54,44.46,6000 -80.52,44.46,6000 -80.49,44.45,6000 -80.47,44.44,6000 -80.44,44.43,6000 -80.42,44.42,6000 -80.40,44.41,6000 -80.37,44.39,6000 -80.35,44.38,6000 -80.34,44.37,6000 -80.32,44.36,6000 -80.30,44.35,6000 -80.28,44.34,6000 -80.27,44.32,6000 -80.26,44.31,6000 -80.25,44.30,6000 -80.24,44.28,6000 -80.23,44.27,6000 -80.23,44.25,6000 -80.22,44.23,6000 -80.21,44.21,6000 -80.21,44.19,6000 -80.20,44.17,6000 -80.20,44.15,6000 -80.21,44.13,6000 -80.21,44.11,6000 -80.22,44.09,6000 -80.23,44.08,6000 -80.24,44.06,6000 -80.26,44.04,6000 -80.27,44.02,6000 -80.29,44.01,6000 -80.31,43.99,6000 -80.32,43.97,6000 -80.34,43.96,6000 -80.35,43.95,6000 -80.36,43.94,6000 -80.38,43.94,6000 -80.40,43.94,6000 -80.42,43.94,6000 -80.45,43.94,6000 -80.48,43.94,6000 -80.51,43.94,6000 -80.54,43.94,6000 -80.57,43.94,6000 -80.60,43.94,6000 -80.62,43.94,6000 -80.65,43.94,6000 -80.67,43.95,6000 -80.68,43.95,6000 -80.70,43.97,6000 -80.71,43.98,6000 -80.73,43.99,6000 -80.75,44.01,6000 -80.76,44.02,6000 -80.78,44.04,6000 -80.80,44.06,6000 -80.82,44.07,6000 -80.83,44.09,6000 -80.84,44.10,6000 -80.86,44.12,6000 -80.86,44.13,6000 -80.87,44.14,6000 -80.87,44.16,6000 -80.87,44.17,6000 -80.87,44.19,6000 -80.87,44.21,6000 -80.87,44.22,6000 -80.87,44.24,6000 -80.87,44.27,6000 -80.87,44.29,6000 -80.87,44.31,6000 -80.87,44.33,6000 -80.80,44.40,6000 
          </coordinates>
        </LinearRing>
      </outerBoundaryIs>
      <innerBoundaryIs>
        <LinearRing>
          <coordinates>
-80.56,44.33,7000 -80.55,44.33,7000 -80.54,44.33,7000 -80.53,44.33,7000 -80.52,44.33,7000 -80.51,44.33,7000 -80.50,44.32,7000 -80.49,44.31,7000 -80.48,44.30,7000 -80.48,44.30,7000 -80.47,44.29,7000 -80.47,44.28,7000 -80.46,44.28,7000 -80.45,44.27,7000 -80.45,44.26,7000 -80.44,44.26,7000 -80.43,44.25,7000 -80.42,44.24,7000 -80.42,44.23,7000 -80.41,44.22,7000 -80.40,44.21,7000 -80.40,44.20,7000 -80.39,44.20,7000 -80.38,44.19,7000 -80.38,44.18,7000 -80.37,44.17,7000 -80.37,44.16,7000 -80.36,44.15,7000 -80.36,44.15,7000 -80.36,44.14,7000 -80.36,44.13,7000 -80.36,44.13,7000 -80.36,44.12,7000 -80.36,44.12,7000 -80.36,44.12,7000 -80.37,44.11,7000 -80.38,44.11,7000 -80.39,44.11,7000 -80.40,44.11,7000 -80.41,44.10,7000 -80.42,44.10,7000 -80.43,44.10,7000 -80.45,44.10,7000 -80.46,44.10,7000 -80.48,44.10,7000 -80.49,44.10,7000 -80.51,44.10,7000 -80.52,44.10,7000 -80.54,44.11,7000 -80.55,44.11,7000 -80.56,44.11,7000 -80.57,44.11,7000 -80.58,44.11,7000 -80.59,44.11,7000 -80.60,44.11,7000 -80.62,44.11,7000 -80.63,44.11,7000 -80.63,44.12,7000 -80.63,44.12,7000 -80.63,44.14,7000 -80.63,44.14,7000 -80.63,44.15,7000 -80.63,44.16,7000 -80.63,44.16,7000 -80.63,44.17,7000 -80.63,44.18,7000 -80.63,44.18,7000 -80.63,44.19,7000 -80.63,44.20,7000 -80.63,44.21,7000 -80.62,44.22,7000 -80.62,44.22,7000 -80.62,44.23,7000 -80.62,44.24,7000 -80.62,44.25,7000 -80.62,44.26,7000 -80.62,44.27,7000 -80.61,44.28,7000 -80.61,44.29,7000 -80.61,44.30,7000 -80.61,44.31,7000 -80.56,44.33,7000 
          </coordinates>
        </LinearRing>
      </innerBoundaryIs>
  </Polygon>
 </MultiGeometry>
</Placemark>
<Placemark>
  <name>50%</name>
  <visibility>1</visibility>
  <styleUrl>#poly_50</styleUrl>
  <MultiGeometry>
    <Polygon>
      <outerBoundaryIs>
        <LinearRing>
          <coordinates>
-84.82,45.14,6000 -84.80,45.14,6000 -84.78,45.13,6000 -84.75,45.13,6000 -84.73,45.12,6000 -84.71,45.12,6000 -84.69,45.11,6000 -84.68,45.11,6000 -84.66,45.11,6000 -84.64,45.10,6000 -84.63,45.10,6000 -84.61,45.10,6000 -84.60,45.09,6000 -84.59,45.09,6000 -84.57,45.09,6000 -84.58,45.07,6000 -84.58,45.06,6000 -84.58,45.05,6000 -84.58,45.04,6000 -84.58,45.02,6000 -84.57,45.01,6000 -84.57,44.99,6000 -84.57,44.97,6000 -84.57,44.96,6000 -84.57,44.94,6000 -84.57,44.93,6000 -84.57,44.92,6000 -84.57,44.91,6000 -84.57,44.90,6000 -84.57,44.90,6000 -84.60,44.89,6000 -84.61,44.89,6000 -84.62,44.88,6000 -84.64,44.87,6000 -84.65,44.86,6000 -84.67,44.85,6000 -84.69,44.84,6000 -84.71,44.83,6000 -84.72,44.82,6000 -84.74,44.81,6000 -84.76,44.81,6000 -84.78,44.80,6000 -84.80,44.79,6000 -84.82,44.79,6000 -84.83,44.78,6000 -84.85,44.78,6000 -84.86,44.78,6000 -84.87,44.78,6000 -84.89,44.79,6000 -84.90,44.80,6000 -84.91,44.81,6000 -84.92,44.82,6000 -84.93,44.83,6000 -84.94,44.84,6000 -84.95,44.86,6000 -84.96,44.87,6000 -84.97,44.89,6000 -84.97,44.90,6000 -84.98,44.91,6000 -84.98,44.93,6000 -84.98,44.94,6000 -84.98,44.95,6000 -84.98,44.96,6000 -84.97,44.98,6000 -84.97,44.99,6000 -84.96,45.00,6000 -84.95,45.01,6000 -84.95,45.03,6000 -84.94,45.04,6000 -84.93,45.05,6000 -84.92,45.06,6000 -84.90,45.08,6000 -84.89,45.09,6000 -84.88,45.10,6000 -84.82,45.14,6000 
          </coordinates>
        </LinearRing>
      </outerBoundaryIs>
  </Polygon>
 </MultiGeometry>
</Placemark>
<Placemark>
  <name>50%</name>
  <visibility>1</visibility>
  <styleUrl>#poly_50</styleUrl>
  <MultiGeometry>
    <Polygon>
      <outerBoundaryIs>
        <LinearRing>
          <coordinates>
-89.06,50.97,6000 -88.64,50.95,6000 -88.28,50.93,6000 -87.79,50.88,6000 -87.28,50.81,6000 -86.69,50.71,6000 -86.27,50.64,6000 -85.84,50.56,6000 -85.48,50.49,6000 -85.15,50.40,6000 -84.92,50.31,6000 -84.71,50.17,6000 -84.51,50.04,6000 -84.24,49.96,6000 -83.97,49.88,6000 -83.55,49.62,6000 -83.17,49.43,6000 -82.82,49.32,6000 -82.62,49.19,6000 -82.40,49.05,6000 -82.17,48.94,6000 -81.88,48.82,6000 -81.43,48.68,6000 -80.91,48.53,6000 -80.52,48.41,6000 -80.10,48.28,6000 -79.78,48.17,6000 -79.43,48.00,6000 -79.45,47.92,6000 -79.76,47.86,6000 -80.04,47.68,6000 -80.24,47.45,6000 -80.45,47.38,6000 -80.75,47.36,6000 -81.10,47.28,6000 -81.10,47.08,6000 -80.93,46.73,6000 -81.22,46.58,6000 -81.51,46.57,6000 -81.84,46.57,6000 -82.16,46.54,6000 -82.45,46.50,6000 -82.90,46.48,6000 -83.33,46.47,6000 -83.68,46.50,6000 -83.94,46.54,6000 -84.21,46.61,6000 -84.41,46.77,6000 -84.57,46.96,6000 -84.66,47.15,6000 -84.74,47.33,6000 -85.05,47.54,6000 -85.37,47.38,6000 -85.61,47.18,6000 -85.76,46.97,6000 -85.65,46.80,6000 -85.36,46.67,6000 -85.19,46.49,6000 -85.40,46.38,6000 -85.70,46.28,6000 -86.18,46.18,6000 -86.56,46.16,6000 -86.96,46.20,6000 -87.39,46.27,6000 -87.81,46.25,6000 -88.07,46.19,6000 -88.39,46.11,6000 -88.82,45.98,6000 -89.27,45.86,6000 -89.69,45.84,6000 -90.10,45.86,6000 -90.49,45.90,6000 -90.85,45.94,6000 -91.18,45.98,6000 -91.49,46.02,6000 -91.77,46.07,6000 -92.05,46.12,6000 -92.37,46.15,6000 -92.69,46.16,6000 -93.00,46.14,6000 -93.29,46.09,6000 -93.73,45.95,6000 -93.97,45.90,6000 -94.26,45.86,6000 -94.63,45.79,6000 -95.03,45.73,6000 -95.38,45.72,6000 -95.73,45.74,6000 -96.14,45.78,6000 -96.51,45.81,6000 -96.83,45.80,6000 -97.10,45.70,6000 -97.46,45.55,6000 -97.61,45.48,6000 -97.92,45.51,6000 -98.01,45.70,6000 -98.08,45.92,6000 -98.26,46.24,6000 -98.30,46.50,6000 -98.25,46.73,6000 -98.06,47.04,6000 -97.90,47.22,6000 -97.73,47.38,6000 -97.49,47.57,6000 -97.17,47.80,6000 -96.78,48.06,6000 -96.43,48.31,6000 -96.06,48.57,6000 -95.66,48.82,6000 -95.25,49.06,6000 -94.84,49.31,6000 -94.50,49.53,6000 -94.29,49.79,6000 -94.21,50.05,6000 -93.74,50.23,6000 -93.20,50.39,6000 -92.85,50.48,6000 -92.60,50.53,6000 -92.33,50.59,6000 -91.91,50.60,6000 -91.55,50.66,6000 -91.09,50.76,6000 -90.57,50.86,6000 -89.06,50.97,6000 
          </coordinates>
        </LinearRing>
      </outerBoundaryIs>
      <innerBoundaryIs>
        <LinearRing>
          <coordinates>
-89.58,50.84,7000 -89.18,50.89,7000 -88.75,50.90,7000 -88.44,50.89,7000 -88.05,50.86,7000 -87.56,50.80,7000 -87.01,50.71,7000 -86.58,50.64,7000 -86.13,50.55,7000 -85.75,50.48,7000 -85.37,50.40,7000 -85.11,50.33,7000 -84.76,50.11,7000 -84.46,49.99,7000 -84.09,49.85,7000 -83.79,49.72,7000 -83.47,49.49,7000 -83.07,49.34,7000 -82.83,49.23,7000 -82.61,49.13,7000 -82.44,48.99,7000 -82.13,48.83,7000 -81.66,48.69,7000 -81.16,48.54,7000 -80.87,48.43,7000 -80.64,48.34,7000 -80.22,48.13,7000 -80.16,48.01,7000 -80.34,47.92,7000 -80.74,47.73,7000 -81.22,47.61,7000 -81.67,47.50,7000 -81.87,47.36,7000 -81.86,47.26,7000 -81.63,47.11,7000 -81.55,46.94,7000 -81.91,46.89,7000 -82.45,46.84,7000 -83.00,46.80,7000 -83.41,46.76,7000 -83.91,46.75,7000 -84.11,46.80,7000 -84.34,46.96,7000 -84.46,47.12,7000 -84.58,47.30,7000 -84.80,47.54,7000 -85.10,47.41,7000 -85.51,47.20,7000 -85.98,46.95,7000 -86.45,46.70,7000 -86.85,46.48,7000 -87.15,46.33,7000 -87.52,46.36,7000 -87.92,46.30,7000 -88.37,46.19,7000 -88.84,46.07,7000 -89.31,45.97,7000 -89.82,45.95,7000 -90.21,45.95,7000 -90.60,45.97,7000 -90.86,46.02,7000 -91.12,46.08,7000 -91.47,46.13,7000 -91.82,46.18,7000 -92.09,46.22,7000 -92.35,46.24,7000 -92.68,46.25,7000 -93.03,46.23,7000 -93.40,46.13,7000 -93.78,46.02,7000 -94.14,45.98,7000 -94.47,45.95,7000 -94.71,45.90,7000 -95.01,45.86,7000 -95.38,45.87,7000 -95.83,45.89,7000 -96.22,45.90,7000 -96.65,45.90,7000 -96.96,45.88,7000 -97.27,45.70,7000 -97.50,45.61,7000 -97.65,45.56,7000 -97.77,45.62,7000 -97.93,45.88,7000 -98.06,46.16,7000 -98.17,46.42,7000 -98.19,46.58,7000 -98.10,46.81,7000 -97.97,47.04,7000 -97.73,47.28,7000 -97.47,47.48,7000 -97.11,47.74,7000 -96.73,48.01,7000 -96.41,48.23,7000 -96.09,48.44,7000 -95.82,48.60,7000 -95.56,48.76,7000 -95.12,49.02,7000 -94.75,49.23,7000 -94.41,49.43,7000 -94.11,49.72,7000 -94.02,49.91,7000 -93.84,50.01,7000 -93.46,50.12,7000 -93.21,50.21,7000 -92.95,50.29,7000 -92.44,50.37,7000 -92.07,50.43,7000 -91.70,50.49,7000 -91.43,50.56,7000 -91.14,50.63,7000 -90.74,50.70,7000 -90.28,50.78,7000 -89.58,50.84,7000 
          </coordinates>
        </LinearRing>
      </innerBoundaryIs>
  </Polygon>
 </MultiGeometry>
</Placemark>
<Placemark>
  <name>60%</name>
  <visibility>1</visibility>
  <styleUrl>#poly_60</styleUrl>
  <MultiGeometry>
    <Polygon>
      <outerBoundaryIs>
        <LinearRing>
          <coordinates>
-79.07,46.04,7000 -79.04,46.04,7000 -79.01,46.04,7000 -78.98,46.05,7000 -78.95,46.05,7000 -78.92,46.04,7000 -78.89,46.04,7000 -78.86,46.04,7000 -78.83,46.03,7000 -78.80,46.02,7000 -78.77,46.01,7000 -78.75,46.00,7000 -78.72,45.98,7000 -78.69,45.96,7000 -78.66,45.95,7000 -78.64,45.93,7000 -78.62,45.92,7000 -78.60,45.91,7000 -78.57,45.90,7000 -78.57,45.89,7000 -78.56,45.87,7000 -78.55,45.85,7000 -78.55,45.83,7000 -78.54,45.81,7000 -78.54,45.79,7000 -78.53,45.76,7000 -78.53,45.74,7000 -78.52,45.71,7000 -78.52,45.69,7000 -78.52,45.67,7000 -78.52,45.64,7000 -78.52,45.62,7000 -78.52,45.60,7000 -78.52,45.58,7000 -78.53,45.56,7000 -78.53,45.54,7000 -78.54,45.52,7000 -78.56,45.50,7000 -78.57,45.48,7000 -78.60,45.46,7000 -78.62,45.45,7000 -78.65,45.44,7000 -78.68,45.43,7000 -78.71,45.42,7000 -78.74,45.42,7000 -78.77,45.42,7000 -78.80,45.41,7000 -78.83,45.41,7000 -78.87,45.41,7000 -78.90,45.41,7000 -78.93,45.42,7000 -78.96,45.43,7000 -78.99,45.44,7000 -79.01,45.45,7000 -79.04,45.46,7000 -79.07,45.48,7000 -79.10,45.49,7000 -79.12,45.51,7000 -79.14,45.52,7000 -79.16,45.53,7000 -79.19,45.55,7000 -79.20,45.56,7000 -79.22,45.58,7000 -79.23,45.59,7000 -79.25,45.61,7000 -79.26,45.63,7000 -79.28,45.65,7000 -79.29,45.67,7000 -79.31,45.70,7000 -79.32,45.72,7000 -79.33,45.74,7000 -79.34,45.76,7000 -79.35,45.78,7000 -79.35,45.80,7000 -79.35,45.82,7000 -79.35,45.85,7000 -79.34,45.87,7000 -79.34,45.89,7000 -79.34,45.91,7000 -79.33,45.93,7000 -79.07,46.04,7000 
          </coordinates>
        </LinearRing>
      </outerBoundaryIs>
  </Polygon>
 </MultiGeometry>
</Placemark>
<Placemark>
  <name>60%</name>
  <visibility>1</visibility>
  <styleUrl>#poly_60</styleUrl>
  <MultiGeometry>
    <Polygon>
      <outerBoundaryIs>
        <LinearRing>
          <coordinates>
-89.58,50.84,7000 -89.18,50.89,7000 -88.75,50.90,7000 -88.44,50.89,7000 -88.05,50.86,7000 -87.56,50.80,7000 -87.01,50.71,7000 -86.58,50.64,7000 -86.13,50.55,7000 -85.75,50.48,7000 -85.37,50.40,7000 -85.11,50.33,7000 -84.76,50.11,7000 -84.46,49.99,7000 -84.09,49.85,7000 -83.79,49.72,7000 -83.47,49.49,7000 -83.07,49.34,7000 -82.83,49.23,7000 -82.61,49.13,7000 -82.44,48.99,7000 -82.13,48.83,7000 -81.66,48.69,7000 -81.16,48.54,7000 -80.87,48.43,7000 -80.64,48.34,7000 -80.22,48.13,7000 -80.16,48.01,7000 -80.34,47.92,7000 -80.74,47.73,7000 -81.22,47.61,7000 -81.67,47.50,7000 -81.87,47.36,7000 -81.86,47.26,7000 -81.63,47.11,7000 -81.55,46.94,7000 -81.91,46.89,7000 -82.45,46.84,7000 -83.00,46.80,7000 -83.41,46.76,7000 -83.91,46.75,7000 -84.11,46.80,7000 -84.34,46.96,7000 -84.46,47.12,7000 -84.58,47.30,7000 -84.80,47.54,7000 -85.10,47.41,7000 -85.51,47.20,7000 -85.98,46.95,7000 -86.45,46.70,7000 -86.85,46.48,7000 -87.15,46.33,7000 -87.52,46.36,7000 -87.92,46.30,7000 -88.37,46.19,7000 -88.84,46.07,7000 -89.31,45.97,7000 -89.82,45.95,7000 -90.21,45.95,7000 -90.60,45.97,7000 -90.86,46.02,7000 -91.12,46.08,7000 -91.47,46.13,7000 -91.82,46.18,7000 -92.09,46.22,7000 -92.35,46.24,7000 -92.68,46.25,7000 -93.03,46.23,7000 -93.40,46.13,7000 -93.78,46.02,7000 -94.14,45.98,7000 -94.47,45.95,7000 -94.71,45.90,7000 -95.01,45.86,7000 -95.38,45.87,7000 -95.83,45.89,7000 -96.22,45.90,7000 -96.65,45.90,7000 -96.96,45.88,7000 -97.27,45.70,7000 -97.50,45.61,7000 -97.65,45.56,7000 -97.77,45.62,7000 -97.93,45.88,7000 -98.06,46.16,7000 -98.17,46.42,7000 -98.19,46.58,7000 -98.10,46.81,7000 -97.97,47.04,7000 -97.73,47.28,7000 -97.47,47.48,7000 -97.11,47.74,7000 -96.73,48.01,7000 -96.41,48.23,7000 -96.09,48.44,7000 -95.82,48.60,7000 -95.56,48.76,7000 -95.12,49.02,7000 -94.75,49.23,7000 -94.41,49.43,7000 -94.11,49.72,7000 -94.02,49.91,7000 -93.84,50.01,7000 -93.46,50.12,7000 -93.21,50.21,7000 -92.95,50.29,7000 -92.44,50.37,7000 -92.07,50.43,7000 -91.70,50.49,7000 -91.43,50.56,7000 -91.14,50.63,7000 -90.74,50.70,7000 -90.28,50.78,7000 -89.58,50.84,7000 
          </coordinates>
        </LinearRing>
      </outerBoundaryIs>
      <innerBoundaryIs>
        <LinearRing>
          <coordinates>
-91.55,46.89,8000 -91.54,46.89,8000 -91.53,46.89,8000 -91.52,46.90,8000 -91.51,46.90,8000 -91.50,46.90,8000 -91.49,46.90,8000 -91.48,46.90,8000 -91.47,46.91,8000 -91.46,46.91,8000 -91.45,46.91,8000 -91.44,46.91,8000 -91.43,46.91,8000 -91.42,46.92,8000 -91.42,46.92,8000 -91.41,46.92,8000 -91.40,46.92,8000 -91.39,46.92,8000 -91.38,46.92,8000 -91.37,46.93,8000 -91.37,46.93,8000 -91.36,46.93,8000 -91.35,46.93,8000 -91.34,46.93,8000 -91.34,46.93,8000 -91.33,46.93,8000 -91.33,46.93,8000 -91.32,46.93,8000 -91.31,46.93,8000 -91.31,46.93,8000 -91.30,46.93,8000 -91.30,46.93,8000 -91.29,46.93,8000 -91.29,46.92,8000 -91.28,46.92,8000 -91.28,46.91,8000 -91.28,46.91,8000 -91.28,46.90,8000 -91.28,46.89,8000 -91.28,46.89,8000 -91.28,46.88,8000 -91.29,46.87,8000 -91.29,46.87,8000 -91.29,46.86,8000 -91.29,46.86,8000 -91.28,46.85,8000 -91.28,46.85,8000 -91.30,46.85,8000 -91.30,46.85,8000 -91.31,46.85,8000 -91.32,46.85,8000 -91.32,46.85,8000 -91.33,46.85,8000 -91.34,46.85,8000 -91.35,46.85,8000 -91.36,46.85,8000 -91.36,46.85,8000 -91.37,46.85,8000 -91.38,46.85,8000 -91.39,46.84,8000 -91.40,46.84,8000 -91.41,46.84,8000 -91.42,46.84,8000 -91.43,46.84,8000 -91.44,46.84,8000 -91.46,46.84,8000 -91.47,46.84,8000 -91.47,46.84,8000 -91.48,46.84,8000 -91.49,46.84,8000 -91.50,46.84,8000 -91.51,46.84,8000 -91.52,46.84,8000 -91.53,46.84,8000 -91.53,46.84,8000 -91.54,46.84,8000 -91.55,46.84,8000 -91.55,46.84,8000 -91.57,46.84,8000 -91.58,46.85,8000 -91.58,46.85,8000 -91.58,46.85,8000 -91.57,46.86,8000 -91.55,46.89,8000 
          </coordinates>
        </LinearRing>
      </innerBoundaryIs>
      <innerBoundaryIs>
        <LinearRing>
          <coordinates>
-89.07,50.82,8000 -88.68,50.82,8000 -88.31,50.81,8000 -88.00,50.79,8000 -87.67,50.76,8000 -87.24,50.69,8000 -86.75,50.61,8000 -86.36,50.54,8000 -85.94,50.47,8000 -85.61,50.40,8000 -85.18,50.29,8000 -85.00,50.17,8000 -84.77,50.02,8000 -84.34,49.86,8000 -83.92,49.71,8000 -83.63,49.51,8000 -83.31,49.34,8000 -82.84,49.20,8000 -82.65,49.07,8000 -82.48,48.94,8000 -82.12,48.76,8000 -81.64,48.63,8000 -81.36,48.54,8000 -81.10,48.43,8000 -80.81,48.17,8000 -80.92,48.02,8000 -81.09,47.94,8000 -81.52,47.84,8000 -81.98,47.72,8000 -82.35,47.66,8000 -82.62,47.54,8000 -82.78,47.36,8000 -83.10,47.21,8000 -83.35,47.11,8000 -83.61,47.04,8000 -84.04,47.11,8000 -84.36,47.27,8000 -84.57,47.50,8000 -84.74,47.64,8000 -84.91,47.76,8000 -85.07,47.84,8000 -85.28,47.84,8000 -85.62,47.63,8000 -85.78,47.50,8000 -85.95,47.36,8000 -86.15,47.23,8000 -86.33,47.13,8000 -86.48,47.03,8000 -86.53,46.81,8000 -86.24,46.64,8000 -86.01,46.54,8000 -86.16,46.41,8000 -86.37,46.36,8000 -86.67,46.37,8000 -87.08,46.49,8000 -87.36,46.47,8000 -87.65,46.43,8000 -87.87,46.39,8000 -88.13,46.33,8000 -88.43,46.26,8000 -88.79,46.18,8000 -89.09,46.12,8000 -89.53,46.06,8000 -89.83,46.05,8000 -90.12,46.05,8000 -90.43,46.05,8000 -90.74,46.11,8000 -90.92,46.16,8000 -91.22,46.22,8000 -91.62,46.27,8000 -92.12,46.33,8000 -92.55,46.36,8000 -92.96,46.35,8000 -93.26,46.31,8000 -93.66,46.19,8000 -94.00,46.14,8000 -94.42,46.10,8000 -94.76,46.06,8000 -95.15,46.03,8000 -95.63,46.11,8000 -95.96,46.14,8000 -96.24,46.09,8000 -96.60,46.07,8000 -96.95,46.04,8000 -97.20,45.87,8000 -97.46,45.70,8000 -97.67,45.69,8000 -97.79,45.93,8000 -97.90,46.20,8000 -98.00,46.47,8000 -98.00,46.67,8000 -97.96,46.88,8000 -97.84,47.04,8000 -97.69,47.17,8000 -97.44,47.38,8000 -97.23,47.54,8000 -97.01,47.70,8000 -96.72,47.87,8000 -96.54,48.01,8000 -96.22,48.24,8000 -95.90,48.44,8000 -95.49,48.68,8000 -95.07,48.92,8000 -94.75,49.10,8000 -94.43,49.27,8000 -94.26,49.35,8000 -93.98,49.55,8000 -93.75,49.84,8000 -93.46,49.96,8000 -93.05,50.10,8000 -92.81,50.16,8000 -92.53,50.22,8000 -92.19,50.28,8000 -91.86,50.34,8000 -91.41,50.44,8000 -91.10,50.52,8000 -90.79,50.59,8000 -90.31,50.68,8000 -89.93,50.72,8000 -89.48,50.76,8000 -89.07,50.82,8000 
          </coordinates>
        </LinearRing>
      </innerBoundaryIs>
  </Polygon>
 </MultiGeometry>
</Placemark>
<Placemark>
  <name>60%</name>
  <visibility>1</visibility>
  <styleUrl>#poly_60</styleUrl>
  <MultiGeometry>
    <Polygon>
      <outerBoundaryIs>
        <LinearRing>
          <coordinates>
-80.56,44.33,7000 -80.55,44.33,7000 -80.54,44.33,7000 -80.53,44.33,7000 -80.52,44.33,7000 -80.51,44.33,7000 -80.50,44.32,7000 -80.49,44.31,7000 -80.48,44.30,7000 -80.48,44.30,7000 -80.47,44.29,7000 -80.47,44.28,7000 -80.46,44.28,7000 -80.45,44.27,7000 -80.45,44.26,7000 -80.44,44.26,7000 -80.43,44.25,7000 -80.42,44.24,7000 -80.42,44.23,7000 -80.41,44.22,7000 -80.40,44.21,7000 -80.40,44.20,7000 -80.39,44.20,7000 -80.38,44.19,7000 -80.38,44.18,7000 -80.37,44.17,7000 -80.37,44.16,7000 -80.36,44.15,7000 -80.36,44.15,7000 -80.36,44.14,7000 -80.36,44.13,7000 -80.36,44.13,7000 -80.36,44.12,7000 -80.36,44.12,7000 -80.36,44.12,7000 -80.37,44.11,7000 -80.38,44.11,7000 -80.39,44.11,7000 -80.40,44.11,7000 -80.41,44.10,7000 -80.42,44.10,7000 -80.43,44.10,7000 -80.45,44.10,7000 -80.46,44.10,7000 -80.48,44.10,7000 -80.49,44.10,7000 -80.51,44.10,7000 -80.52,44.10,7000 -80.54,44.11,7000 -80.55,44.11,7000 -80.56,44.11,7000 -80.57,44.11,7000 -80.58,44.11,7000 -80.59,44.11,7000 -80.60,44.11,7000 -80.62,44.11,7000 -80.63,44.11,7000 -80.63,44.12,7000 -80.63,44.12,7000 -80.63,44.14,7000 -80.63,44.14,7000 -80.63,44.15,7000 -80.63,44.16,7000 -80.63,44.16,7000 -80.63,44.17,7000 -80.63,44.18,7000 -80.63,44.18,7000 -80.63,44.19,7000 -80.63,44.20,7000 -80.63,44.21,7000 -80.62,44.22,7000 -80.62,44.22,7000 -80.62,44.23,7000 -80.62,44.24,7000 -80.62,44.25,7000 -80.62,44.26,7000 -80.62,44.27,7000 -80.61,44.28,7000 -80.61,44.29,7000 -80.61,44.30,7000 -80.61,44.31,7000 -80.56,44.33,7000 
          </coordinates>
        </LinearRing>
      </outerBoundaryIs>
  </Polygon>
 </MultiGeometry>
</Placemark>
<Placemark>
  <name>60%</name>
  <visibility>1</visibility>
  <styleUrl>#poly_60</styleUrl>
  <MultiGeometry>
    <Polygon>
      <outerBoundaryIs>
        <LinearRing>
          <coordinates>
-69.07,50.79,7000 -68.79,50.76,7000 -68.53,50.74,7000 -68.31,50.75,7000 -68.06,50.75,7000 -67.84,50.70,7000 -67.60,50.64,7000 -67.36,50.56,7000 -67.12,50.48,7000 -66.89,50.39,7000 -66.67,50.30,7000 -66.40,50.17,7000 -66.17,50.03,7000 -65.98,49.83,7000 -65.79,49.64,7000 -65.60,49.53,7000 -65.29,49.41,7000 -65.06,49.32,7000 -64.78,49.20,7000 -64.47,49.07,7000 -64.19,48.95,7000 -63.97,48.86,7000 -63.69,48.74,7000 -63.55,48.66,7000 -63.36,48.49,7000 -63.25,48.34,7000 -63.13,48.19,7000 -62.93,48.05,7000 -62.72,47.95,7000 -62.51,47.85,7000 -62.31,47.76,7000 -62.21,47.64,7000 -62.14,47.51,7000 -62.22,47.31,7000 -62.33,47.22,7000 -62.50,47.15,7000 -62.75,47.13,7000 -63.08,47.14,7000 -63.39,47.17,7000 -63.74,47.21,7000 -64.04,47.25,7000 -64.31,47.27,7000 -64.52,47.29,7000 -64.75,47.35,7000 -64.98,47.41,7000 -65.24,47.46,7000 -65.48,47.49,7000 -65.80,47.47,7000 -66.07,47.37,7000 -66.33,47.26,7000 -66.58,47.19,7000 -66.88,47.28,7000 -67.05,47.35,7000 -67.24,47.41,7000 -67.48,47.42,7000 -67.77,47.41,7000 -68.01,47.39,7000 -68.28,47.36,7000 -68.52,47.34,7000 -68.84,47.35,7000 -69.09,47.37,7000 -69.34,47.45,7000 -69.38,47.59,7000 -69.38,47.76,7000 -69.33,47.94,7000 -69.28,48.10,7000 -69.31,48.22,7000 -69.50,48.14,7000 -69.70,47.99,7000 -69.93,47.82,7000 -70.15,47.68,7000 -70.37,47.54,7000 -70.62,47.36,7000 -70.84,47.21,7000 -71.12,47.14,7000 -71.37,47.15,7000 -71.62,47.18,7000 -71.86,47.28,7000 -71.95,47.38,7000 -72.03,47.51,7000 -72.06,47.66,7000 -72.27,47.81,7000 -72.53,47.85,7000 -72.89,47.89,7000 -73.28,47.92,7000 -73.64,47.95,7000 -73.90,47.98,7000 -74.17,48.10,7000 -74.17,48.32,7000 -74.06,48.50,7000 -73.91,48.67,7000 -73.65,48.79,7000 -73.43,48.85,7000 -73.21,48.91,7000 -72.96,49.00,7000 -72.83,49.08,7000 -72.68,49.19,7000 -72.50,49.35,7000 -72.29,49.52,7000 -72.02,49.65,7000 -71.76,49.78,7000 -71.62,49.91,7000 -71.49,50.07,7000 -71.38,50.19,7000 -71.19,50.36,7000 -71.08,50.42,7000 -70.87,50.49,7000 -70.60,50.55,7000 -70.25,50.62,7000 -69.87,50.69,7000 -69.07,50.79,7000 
          </coordinates>
        </LinearRing>
      </outerBoundaryIs>
      <innerBoundaryIs>
        <LinearRing>
          <coordinates>
-68.31,50.70,8000 -68.01,50.67,8000 -67.78,50.64,8000 -67.57,50.57,8000 -67.38,50.50,8000 -67.15,50.42,8000 -66.92,50.33,8000 -66.61,50.21,8000 -66.34,50.07,8000 -66.17,49.89,8000 -66.00,49.70,8000 -65.81,49.59,8000 -65.59,49.48,8000 -65.38,49.38,8000 -65.11,49.27,8000 -64.85,49.16,8000 -64.65,49.07,8000 -64.43,48.98,8000 -64.24,48.90,8000 -63.99,48.80,8000 -63.78,48.71,8000 -63.55,48.57,8000 -63.45,48.45,8000 -63.34,48.30,8000 -63.21,48.16,8000 -62.98,48.01,8000 -62.74,47.88,8000 -62.47,47.74,8000 -62.26,47.61,8000 -62.24,47.45,8000 -62.37,47.28,8000 -62.56,47.23,8000 -62.76,47.20,8000 -63.04,47.19,8000 -63.23,47.21,8000 -63.48,47.24,8000 -63.74,47.27,8000 -64.03,47.30,8000 -64.29,47.33,8000 -64.53,47.37,8000 -64.73,47.41,8000 -64.97,47.48,8000 -65.21,47.54,8000 -65.43,47.60,8000 -65.68,47.61,8000 -65.92,47.55,8000 -66.19,47.46,8000 -66.40,47.39,8000 -66.63,47.38,8000 -66.79,47.42,8000 -66.99,47.46,8000 -67.22,47.50,8000 -67.51,47.52,8000 -67.77,47.51,8000 -68.06,47.49,8000 -68.31,47.47,8000 -68.57,47.48,8000 -68.78,47.50,8000 -69.02,47.53,8000 -69.21,47.58,8000 -69.25,47.70,8000 -69.26,47.79,8000 -69.20,47.96,8000 -69.08,48.14,8000 -68.91,48.38,8000 -68.74,48.60,8000 -68.65,48.74,8000 -68.76,48.72,8000 -68.95,48.59,8000 -69.11,48.45,8000 -69.33,48.35,8000 -69.58,48.22,8000 -69.72,48.11,8000 -69.86,47.98,8000 -70.01,47.85,8000 -70.18,47.73,8000 -70.36,47.61,8000 -70.52,47.51,8000 -70.68,47.38,8000 -70.81,47.28,8000 -71.08,47.21,8000 -71.29,47.21,8000 -71.50,47.23,8000 -71.68,47.28,8000 -71.83,47.38,8000 -71.94,47.58,8000 -72.03,47.78,8000 -72.24,47.96,8000 -72.42,48.02,8000 -72.66,48.05,8000 -72.90,48.03,8000 -73.18,47.99,8000 -73.41,47.97,8000 -73.64,48.01,8000 -73.79,48.07,8000 -73.95,48.18,8000 -73.98,48.33,8000 -73.96,48.49,8000 -73.90,48.59,8000 -73.75,48.68,8000 -73.54,48.75,8000 -73.27,48.82,8000 -73.04,48.89,8000 -72.85,48.97,8000 -72.74,49.04,8000 -72.59,49.17,8000 -72.40,49.33,8000 -72.20,49.49,8000 -71.90,49.61,8000 -71.65,49.77,8000 -71.53,49.90,8000 -71.39,50.06,8000 -71.26,50.20,8000 -71.12,50.32,8000 -70.99,50.39,8000 -70.71,50.47,8000 -70.45,50.53,8000 -70.13,50.59,8000 -69.88,50.64,8000 -69.61,50.69,8000 -69.32,50.72,8000 -69.02,50.73,8000 -68.71,50.71,8000 -68.40,50.69,8000 -68.31,50.70,8000 
          </coordinates>
        </LinearRing>
      </innerBoundaryIs>
  </Polygon>
 </MultiGeometry>
</Placemark>
<Placemark>
  <name>70%</name>
  <visibility>1</visibility>
  <styleUrl>#poly_70</styleUrl>
  <MultiGeometry>
    <Polygon>
      <outerBoundaryIs>
        <LinearRing>
          <coordinates>
-89.07,50.82,8000 -88.68,50.82,8000 -88.31,50.81,8000 -88.00,50.79,8000 -87.67,50.76,8000 -87.24,50.69,8000 -86.75,50.61,8000 -86.36,50.54,8000 -85.94,50.47,8000 -85.61,50.40,8000 -85.18,50.29,8000 -85.00,50.17,8000 -84.77,50.02,8000 -84.34,49.86,8000 -83.92,49.71,8000 -83.63,49.51,8000 -83.31,49.34,8000 -82.84,49.20,8000 -82.65,49.07,8000 -82.48,48.94,8000 -82.12,48.76,8000 -81.64,48.63,8000 -81.36,48.54,8000 -81.10,48.43,8000 -80.81,48.17,8000 -80.92,48.02,8000 -81.09,47.94,8000 -81.52,47.84,8000 -81.98,47.72,8000 -82.35,47.66,8000 -82.62,47.54,8000 -82.78,47.36,8000 -83.10,47.21,8000 -83.35,47.11,8000 -83.61,47.04,8000 -84.04,47.11,8000 -84.36,47.27,8000 -84.57,47.50,8000 -84.74,47.64,8000 -84.91,47.76,8000 -85.07,47.84,8000 -85.28,47.84,8000 -85.62,47.63,8000 -85.78,47.50,8000 -85.95,47.36,8000 -86.15,47.23,8000 -86.33,47.13,8000 -86.48,47.03,8000 -86.53,46.81,8000 -86.24,46.64,8000 -86.01,46.54,8000 -86.16,46.41,8000 -86.37,46.36,8000 -86.67,46.37,8000 -87.08,46.49,8000 -87.36,46.47,8000 -87.65,46.43,8000 -87.87,46.39,8000 -88.13,46.33,8000 -88.43,46.26,8000 -88.79,46.18,8000 -89.09,46.12,8000 -89.53,46.06,8000 -89.83,46.05,8000 -90.12,46.05,8000 -90.43,46.05,8000 -90.74,46.11,8000 -90.92,46.16,8000 -91.22,46.22,8000 -91.62,46.27,8000 -92.12,46.33,8000 -92.55,46.36,8000 -92.96,46.35,8000 -93.26,46.31,8000 -93.66,46.19,8000 -94.00,46.14,8000 -94.42,46.10,8000 -94.76,46.06,8000 -95.15,46.03,8000 -95.63,46.11,8000 -95.96,46.14,8000 -96.24,46.09,8000 -96.60,46.07,8000 -96.95,46.04,8000 -97.20,45.87,8000 -97.46,45.70,8000 -97.67,45.69,8000 -97.79,45.93,8000 -97.90,46.20,8000 -98.00,46.47,8000 -98.00,46.67,8000 -97.96,46.88,8000 -97.84,47.04,8000 -97.69,47.17,8000 -97.44,47.38,8000 -97.23,47.54,8000 -97.01,47.70,8000 -96.72,47.87,8000 -96.54,48.01,8000 -96.22,48.24,8000 -95.90,48.44,8000 -95.49,48.68,8000 -95.07,48.92,8000 -94.75,49.10,8000 -94.43,49.27,8000 -94.26,49.35,8000 -93.98,49.55,8000 -93.75,49.84,8000 -93.46,49.96,8000 -93.05,50.10,8000 -92.81,50.16,8000 -92.53,50.22,8000 -92.19,50.28,8000 -91.86,50.34,8000 -91.41,50.44,8000 -91.10,50.52,8000 -90.79,50.59,8000 -90.31,50.68,8000 -89.93,50.72,8000 -89.48,50.76,8000 -89.07,50.82,8000 
          </coordinates>
        </LinearRing>
      </outerBoundaryIs>
      <innerBoundaryIs>
        <LinearRing>
          <coordinates>
-91.55,46.89,8000 -91.54,46.89,8000 -91.53,46.89,8000 -91.52,46.90,8000 -91.51,46.90,8000 -91.50,46.90,8000 -91.49,46.90,8000 -91.48,46.90,8000 -91.47,46.91,8000 -91.46,46.91,8000 -91.45,46.91,8000 -91.44,46.91,8000 -91.43,46.91,8000 -91.42,46.92,8000 -91.42,46.92,8000 -91.41,46.92,8000 -91.40,46.92,8000 -91.39,46.92,8000 -91.38,46.92,8000 -91.37,46.93,8000 -91.37,46.93,8000 -91.36,46.93,8000 -91.35,46.93,8000 -91.34,46.93,8000 -91.34,46.93,8000 -91.33,46.93,8000 -91.33,46.93,8000 -91.32,46.93,8000 -91.31,46.93,8000 -91.31,46.93,8000 -91.30,46.93,8000 -91.30,46.93,8000 -91.29,46.93,8000 -91.29,46.92,8000 -91.28,46.92,8000 -91.28,46.91,8000 -91.28,46.91,8000 -91.28,46.90,8000 -91.28,46.89,8000 -91.28,46.89,8000 -91.28,46.88,8000 -91.29,46.87,8000 -91.29,46.87,8000 -91.29,46.86,8000 -91.29,46.86,8000 -91.28,46.85,8000 -91.28,46.85,8000 -91.30,46.85,8000 -91.30,46.85,8000 -91.31,46.85,8000 -91.32,46.85,8000 -91.32,46.85,8000 -91.33,46.85,8000 -91.34,46.85,8000 -91.35,46.85,8000 -91.36,46.85,8000 -91.36,46.85,8000 -91.37,46.85,8000 -91.38,46.85,8000 -91.39,46.84,8000 -91.40,46.84,8000 -91.41,46.84,8000 -91.42,46.84,8000 -91.43,46.84,8000 -91.44,46.84,8000 -91.46,46.84,8000 -91.47,46.84,8000 -91.47,46.84,8000 -91.48,46.84,8000 -91.49,46.84,8000 -91.50,46.84,8000 -91.51,46.84,8000 -91.52,46.84,8000 -91.53,46.84,8000 -91.53,46.84,8000 -91.54,46.84,8000 -91.55,46.84,8000 -91.55,46.84,8000 -91.57,46.84,8000 -91.58,46.85,8000 -91.58,46.85,8000 -91.58,46.85,8000 -91.57,46.86,8000 -91.55,46.89,8000 
          </coordinates>
        </LinearRing>
      </innerBoundaryIs>
      <innerBoundaryIs>
        <LinearRing>
          <coordinates>
-89.34,50.67,9000 -88.96,50.71,9000 -88.61,50.74,9000 -88.33,50.74,9000 -88.00,50.72,9000 -87.67,50.68,9000 -87.28,50.63,9000 -86.90,50.57,9000 -86.51,50.50,9000 -86.12,50.43,9000 -85.81,50.37,9000 -85.41,50.28,9000 -85.02,50.10,9000 -84.80,49.97,9000 -84.59,49.86,9000 -84.24,49.77,9000 -83.85,49.57,9000 -83.61,49.39,9000 -83.37,49.30,9000 -83.11,49.22,9000 -82.78,49.05,9000 -82.46,48.81,9000 -82.24,48.73,9000 -82.00,48.66,9000 -81.74,48.57,9000 -81.50,48.47,9000 -81.27,48.25,9000 -81.42,48.11,9000 -81.59,48.07,9000 -81.97,47.97,9000 -82.42,47.91,9000 -82.88,47.85,9000 -83.15,47.78,9000 -83.39,47.71,9000 -83.73,47.68,9000 -84.04,47.66,9000 -84.37,47.66,9000 -84.65,47.78,9000 -85.05,47.95,9000 -85.31,47.94,9000 -85.56,47.89,9000 -85.87,47.76,9000 -86.13,47.51,9000 -86.42,47.34,9000 -86.71,47.22,9000 -87.06,47.07,9000 -87.34,46.93,9000 -87.49,46.76,9000 -87.57,46.62,9000 -87.91,46.49,9000 -88.23,46.40,9000 -88.44,46.36,9000 -88.75,46.31,9000 -89.09,46.26,9000 -89.48,46.21,9000 -89.80,46.17,9000 -90.15,46.14,9000 -90.60,46.17,9000 -90.79,46.40,9000 -90.81,46.58,9000 -91.10,46.70,9000 -91.00,46.89,9000 -91.01,47.04,9000 -91.18,47.12,9000 -91.55,47.10,9000 -91.73,46.96,9000 -91.80,46.76,9000 -91.54,46.62,9000 -91.31,46.50,9000 -91.64,46.45,9000 -92.00,46.47,9000 -92.24,46.51,9000 -92.58,46.54,9000 -92.90,46.52,9000 -93.27,46.49,9000 -93.67,46.47,9000 -94.10,46.48,9000 -94.56,46.49,9000 -94.94,46.51,9000 -95.28,46.54,9000 -95.54,46.54,9000 -95.86,46.46,9000 -96.18,46.38,9000 -96.54,46.38,9000 -96.86,46.38,9000 -97.23,46.23,9000 -97.48,46.18,9000 -97.70,46.46,9000 -97.74,46.65,9000 -97.73,46.84,9000 -97.56,47.07,9000 -97.46,47.18,9000 -97.23,47.35,9000 -97.01,47.51,9000 -96.72,47.71,9000 -96.40,47.92,9000 -96.08,48.13,9000 -95.74,48.35,9000 -95.37,48.57,9000 -95.03,48.78,9000 -94.75,48.94,9000 -94.46,49.08,9000 -94.29,49.14,9000 -93.97,49.32,9000 -93.76,49.52,9000 -93.49,49.74,9000 -93.13,49.90,9000 -92.70,50.04,9000 -92.38,50.11,9000 -92.03,50.17,9000 -91.67,50.24,9000 -91.31,50.33,9000 -90.95,50.42,9000 -90.58,50.52,9000 -89.34,50.67,9000 
          </coordinates>
        </LinearRing>
      </innerBoundaryIs>
  </Polygon>
 </MultiGeometry>
</Placemark>
<Placemark>
  <name>70%</name>
  <visibility>1</visibility>
  <styleUrl>#poly_70</styleUrl>
  <MultiGeometry>
    <Polygon>
      <outerBoundaryIs>
        <LinearRing>
          <coordinates>
-68.31,50.70,8000 -68.01,50.67,8000 -67.78,50.64,8000 -67.57,50.57,8000 -67.38,50.50,8000 -67.15,50.42,8000 -66.92,50.33,8000 -66.61,50.21,8000 -66.34,50.07,8000 -66.17,49.89,8000 -66.00,49.70,8000 -65.81,49.59,8000 -65.59,49.48,8000 -65.38,49.38,8000 -65.11,49.27,8000 -64.85,49.16,8000 -64.65,49.07,8000 -64.43,48.98,8000 -64.24,48.90,8000 -63.99,48.80,8000 -63.78,48.71,8000 -63.55,48.57,8000 -63.45,48.45,8000 -63.34,48.30,8000 -63.21,48.16,8000 -62.98,48.01,8000 -62.74,47.88,8000 -62.47,47.74,8000 -62.26,47.61,8000 -62.24,47.45,8000 -62.37,47.28,8000 -62.56,47.23,8000 -62.76,47.20,8000 -63.04,47.19,8000 -63.23,47.21,8000 -63.48,47.24,8000 -63.74,47.27,8000 -64.03,47.30,8000 -64.29,47.33,8000 -64.53,47.37,8000 -64.73,47.41,8000 -64.97,47.48,8000 -65.21,47.54,8000 -65.43,47.60,8000 -65.68,47.61,8000 -65.92,47.55,8000 -66.19,47.46,8000 -66.40,47.39,8000 -66.63,47.38,8000 -66.79,47.42,8000 -66.99,47.46,8000 -67.22,47.50,8000 -67.51,47.52,8000 -67.77,47.51,8000 -68.06,47.49,8000 -68.31,47.47,8000 -68.57,47.48,8000 -68.78,47.50,8000 -69.02,47.53,8000 -69.21,47.58,8000 -69.25,47.70,8000 -69.26,47.79,8000 -69.20,47.96,8000 -69.08,48.14,8000 -68.91,48.38,8000 -68.74,48.60,8000 -68.65,48.74,8000 -68.76,48.72,8000 -68.95,48.59,8000 -69.11,48.45,8000 -69.33,48.35,8000 -69.58,48.22,8000 -69.72,48.11,8000 -69.86,47.98,8000 -70.01,47.85,8000 -70.18,47.73,8000 -70.36,47.61,8000 -70.52,47.51,8000 -70.68,47.38,8000 -70.81,47.28,8000 -71.08,47.21,8000 -71.29,47.21,8000 -71.50,47.23,8000 -71.68,47.28,8000 -71.83,47.38,8000 -71.94,47.58,8000 -72.03,47.78,8000 -72.24,47.96,8000 -72.42,48.02,8000 -72.66,48.05,8000 -72.90,48.03,8000 -73.18,47.99,8000 -73.41,47.97,8000 -73.64,48.01,8000 -73.79,48.07,8000 -73.95,48.18,8000 -73.98,48.33,8000 -73.96,48.49,8000 -73.90,48.59,8000 -73.75,48.68,8000 -73.54,48.75,8000 -73.27,48.82,8000 -73.04,48.89,8000 -72.85,48.97,8000 -72.74,49.04,8000 -72.59,49.17,8000 -72.40,49.33,8000 -72.20,49.49,8000 -71.90,49.61,8000 -71.65,49.77,8000 -71.53,49.90,8000 -71.39,50.06,8000 -71.26,50.20,8000 -71.12,50.32,8000 -70.99,50.39,8000 -70.71,50.47,8000 -70.45,50.53,8000 -70.13,50.59,8000 -69.88,50.64,8000 -69.61,50.69,8000 -69.32,50.72,8000 -69.02,50.73,8000 -68.71,50.71,8000 -68.40,50.69,8000 -68.31,50.70,8000 
          </coordinates>
        </LinearRing>
      </outerBoundaryIs>
      <innerBoundaryIs>
        <LinearRing>
          <coordinates>
-69.37,50.65,9000 -68.99,50.64,9000 -68.64,50.63,9000 -68.36,50.62,9000 -68.12,50.62,9000 -67.95,50.61,9000 -67.76,50.56,9000 -67.54,50.48,9000 -67.32,50.40,9000 -67.07,50.30,9000 -66.86,50.22,9000 -66.57,50.12,9000 -66.43,50.02,9000 -66.30,49.91,9000 -66.14,49.72,9000 -66.03,49.63,9000 -65.87,49.53,9000 -65.68,49.44,9000 -65.35,49.30,9000 -65.12,49.20,9000 -64.83,49.09,9000 -64.52,48.96,9000 -64.23,48.84,9000 -64.01,48.74,9000 -63.73,48.61,9000 -63.58,48.50,9000 -63.44,48.30,9000 -63.29,48.10,9000 -63.06,47.95,9000 -62.81,47.82,9000 -62.56,47.72,9000 -62.37,47.63,9000 -62.34,47.44,9000 -62.52,47.29,9000 -62.70,47.27,9000 -62.96,47.28,9000 -63.21,47.30,9000 -63.49,47.33,9000 -63.77,47.36,9000 -64.02,47.38,9000 -64.26,47.40,9000 -64.49,47.43,9000 -64.72,47.50,9000 -64.94,47.58,9000 -65.15,47.65,9000 -65.43,47.71,9000 -65.66,47.74,9000 -65.98,47.67,9000 -66.20,47.59,9000 -66.51,47.54,9000 -66.82,47.56,9000 -67.18,47.61,9000 -67.48,47.64,9000 -67.74,47.62,9000 -67.91,47.59,9000 -68.22,47.60,9000 -68.47,47.63,9000 -68.78,47.67,9000 -69.00,47.73,9000 -69.07,47.85,9000 -69.02,47.99,9000 -68.97,48.12,9000 -68.86,48.25,9000 -68.62,48.39,9000 -68.39,48.53,9000 -68.35,48.71,9000 -68.39,48.85,9000 -68.62,48.84,9000 -68.89,48.74,9000 -69.08,48.62,9000 -69.26,48.51,9000 -69.54,48.33,9000 -69.71,48.21,9000 -69.91,48.06,9000 -70.13,47.90,9000 -70.33,47.75,9000 -70.49,47.63,9000 -70.75,47.43,9000 -70.93,47.31,9000 -71.21,47.28,9000 -71.41,47.29,9000 -71.60,47.34,9000 -71.71,47.44,9000 -71.77,47.56,9000 -71.83,47.76,9000 -71.92,47.96,9000 -72.14,48.10,9000 -72.39,48.14,9000 -72.65,48.14,9000 -72.92,48.13,9000 -73.10,48.10,9000 -73.26,48.08,9000 -73.49,48.10,9000 -73.69,48.16,9000 -73.79,48.28,9000 -73.84,48.41,9000 -73.80,48.50,9000 -73.69,48.59,9000 -73.54,48.67,9000 -73.25,48.76,9000 -73.04,48.82,9000 -72.83,48.88,9000 -72.62,49.01,9000 -72.48,49.17,9000 -72.29,49.35,9000 -72.02,49.47,9000 -71.73,49.61,9000 -71.57,49.75,9000 -71.42,49.91,9000 -71.29,50.04,9000 -71.16,50.17,9000 -71.07,50.26,9000 -70.87,50.35,9000 -70.67,50.40,9000 -70.42,50.46,9000 -69.37,50.65,9000 
          </coordinates>
        </LinearRing>
      </innerBoundaryIs>
  </Polygon>
 </MultiGeometry>
</Placemark>
<Placemark>
  <name>80%</name>
  <visibility>1</visibility>
  <styleUrl>#poly_80</styleUrl>
  <MultiGeometry>
    <Polygon>
      <outerBoundaryIs>
        <LinearRing>
          <coordinates>
-89.34,50.67,9000 -88.96,50.71,9000 -88.61,50.74,9000 -88.33,50.74,9000 -88.00,50.72,9000 -87.67,50.68,9000 -87.28,50.63,9000 -86.90,50.57,9000 -86.51,50.50,9000 -86.12,50.43,9000 -85.81,50.37,9000 -85.41,50.28,9000 -85.02,50.10,9000 -84.80,49.97,9000 -84.59,49.86,9000 -84.24,49.77,9000 -83.85,49.57,9000 -83.61,49.39,9000 -83.37,49.30,9000 -83.11,49.22,9000 -82.78,49.05,9000 -82.46,48.81,9000 -82.24,48.73,9000 -82.00,48.66,9000 -81.74,48.57,9000 -81.50,48.47,9000 -81.27,48.25,9000 -81.42,48.11,9000 -81.59,48.07,9000 -81.97,47.97,9000 -82.42,47.91,9000 -82.88,47.85,9000 -83.15,47.78,9000 -83.39,47.71,9000 -83.73,47.68,9000 -84.04,47.66,9000 -84.37,47.66,9000 -84.65,47.78,9000 -85.05,47.95,9000 -85.31,47.94,9000 -85.56,47.89,9000 -85.87,47.76,9000 -86.13,47.51,9000 -86.42,47.34,9000 -86.71,47.22,9000 -87.06,47.07,9000 -87.34,46.93,9000 -87.49,46.76,9000 -87.57,46.62,9000 -87.91,46.49,9000 -88.23,46.40,9000 -88.44,46.36,9000 -88.75,46.31,9000 -89.09,46.26,9000 -89.48,46.21,9000 -89.80,46.17,9000 -90.15,46.14,9000 -90.60,46.17,9000 -90.79,46.40,9000 -90.81,46.58,9000 -91.10,46.70,9000 -91.00,46.89,9000 -91.01,47.04,9000 -91.18,47.12,9000 -91.55,47.10,9000 -91.73,46.96,9000 -91.80,46.76,9000 -91.54,46.62,9000 -91.31,46.50,9000 -91.64,46.45,9000 -92.00,46.47,9000 -92.24,46.51,9000 -92.58,46.54,9000 -92.90,46.52,9000 -93.27,46.49,9000 -93.67,46.47,9000 -94.10,46.48,9000 -94.56,46.49,9000 -94.94,46.51,9000 -95.28,46.54,9000 -95.54,46.54,9000 -95.86,46.46,9000 -96.18,46.38,9000 -96.54,46.38,9000 -96.86,46.38,9000 -97.23,46.23,9000 -97.48,46.18,9000 -97.70,46.46,9000 -97.74,46.65,9000 -97.73,46.84,9000 -97.56,47.07,9000 -97.46,47.18,9000 -97.23,47.35,9000 -97.01,47.51,9000 -96.72,47.71,9000 -96.40,47.92,9000 -96.08,48.13,9000 -95.74,48.35,9000 -95.37,48.57,9000 -95.03,48.78,9000 -94.75,48.94,9000 -94.46,49.08,9000 -94.29,49.14,9000 -93.97,49.32,9000 -93.76,49.52,9000 -93.49,49.74,9000 -93.13,49.90,9000 -92.70,50.04,9000 -92.38,50.11,9000 -92.03,50.17,9000 -91.67,50.24,9000 -91.31,50.33,9000 -90.95,50.42,9000 -90.58,50.52,9000 -89.34,50.67,9000 
          </coordinates>
        </LinearRing>
      </outerBoundaryIs>
      <innerBoundaryIs>
        <LinearRing>
          <coordinates>
-88.57,50.63,10000 -88.22,50.62,10000 -87.92,50.61,10000 -87.57,50.57,10000 -87.30,50.53,10000 -86.97,50.47,10000 -86.63,50.41,10000 -86.30,50.35,10000 -85.96,50.29,10000 -85.69,50.23,10000 -85.31,50.13,10000 -85.04,49.95,10000 -84.85,49.86,10000 -84.64,49.77,10000 -84.41,49.71,10000 -84.17,49.63,10000 -83.94,49.48,10000 -83.68,49.32,10000 -83.30,49.16,10000 -82.95,49.02,10000 -82.68,48.80,10000 -82.40,48.66,10000 -82.15,48.54,10000 -81.94,48.43,10000 -81.95,48.32,10000 -82.24,48.25,10000 -82.65,48.17,10000 -82.96,48.11,10000 -83.29,48.04,10000 -83.58,47.99,10000 -83.90,47.96,10000 -84.17,47.97,10000 -84.42,48.01,10000 -84.75,48.05,10000 -85.13,48.06,10000 -85.57,48.07,10000 -85.91,48.06,10000 -86.19,47.99,10000 -86.37,47.78,10000 -86.56,47.56,10000 -86.72,47.47,10000 -86.95,47.38,10000 -87.21,47.29,10000 -87.51,47.18,10000 -87.77,47.10,10000 -88.03,47.04,10000 -88.20,47.00,10000 -88.36,46.87,10000 -88.07,46.78,10000 -88.11,46.60,10000 -88.30,46.57,10000 -88.56,46.56,10000 -88.85,46.57,10000 -89.17,46.55,10000 -89.52,46.43,10000 -89.85,46.32,10000 -90.15,46.29,10000 -90.37,46.32,10000 -90.34,46.52,10000 -90.09,46.70,10000 -89.89,46.76,10000 -89.67,46.80,10000 -89.32,46.81,10000 -89.18,47.00,10000 -89.23,47.15,10000 -89.51,47.13,10000 -89.78,47.09,10000 -90.05,47.15,10000 -90.28,47.35,10000 -90.41,47.42,10000 -90.69,47.46,10000 -91.06,47.38,10000 -91.44,47.27,10000 -91.75,47.14,10000 -91.92,47.03,10000 -92.09,46.92,10000 -92.47,46.86,10000 -92.78,46.90,10000 -93.10,46.94,10000 -93.50,47.00,10000 -93.87,47.05,10000 -94.32,47.10,10000 -94.66,47.14,10000 -94.94,47.15,10000 -95.22,47.10,10000 -95.50,47.03,10000 -95.79,46.98,10000 -96.06,46.93,10000 -96.25,46.92,10000 -96.35,47.02,10000 -96.40,47.23,10000 -96.33,47.39,10000 -96.23,47.55,10000 -96.00,47.73,10000 -95.73,47.86,10000 -95.43,48.03,10000 -95.18,48.28,10000 -94.96,48.51,10000 -94.66,48.71,10000 -94.49,48.80,10000 -94.28,48.90,10000 -94.00,49.05,10000 -93.71,49.22,10000 -93.48,49.40,10000 -93.24,49.57,10000 -92.90,49.74,10000 -92.52,49.88,10000 -92.11,49.98,10000 -91.68,50.06,10000 -91.38,50.13,10000 -91.08,50.21,10000 -90.80,50.28,10000 -90.43,50.36,10000 -90.09,50.42,10000 -88.57,50.63,10000 
          </coordinates>
        </LinearRing>
      </innerBoundaryIs>
  </Polygon>
 </MultiGeometry>
</Placemark>
<Placemark>
  <name>80%</name>
  <visibility>1</visibility>
  <styleUrl>#poly_80</styleUrl>
  <MultiGeometry>
    <Polygon>
      <outerBoundaryIs>
        <LinearRing>
          <coordinates>
-69.37,50.65,9000 -68.99,50.64,9000 -68.64,50.63,9000 -68.36,50.62,9000 -68.12,50.62,9000 -67.95,50.61,9000 -67.76,50.56,9000 -67.54,50.48,9000 -67.32,50.40,9000 -67.07,50.30,9000 -66.86,50.22,9000 -66.57,50.12,9000 -66.43,50.02,9000 -66.30,49.91,9000 -66.14,49.72,9000 -66.03,49.63,9000 -65.87,49.53,9000 -65.68,49.44,9000 -65.35,49.30,9000 -65.12,49.20,9000 -64.83,49.09,9000 -64.52,48.96,9000 -64.23,48.84,9000 -64.01,48.74,9000 -63.73,48.61,9000 -63.58,48.50,9000 -63.44,48.30,9000 -63.29,48.10,9000 -63.06,47.95,9000 -62.81,47.82,9000 -62.56,47.72,9000 -62.37,47.63,9000 -62.34,47.44,9000 -62.52,47.29,9000 -62.70,47.27,9000 -62.96,47.28,9000 -63.21,47.30,9000 -63.49,47.33,9000 -63.77,47.36,9000 -64.02,47.38,9000 -64.26,47.40,9000 -64.49,47.43,9000 -64.72,47.50,9000 -64.94,47.58,9000 -65.15,47.65,9000 -65.43,47.71,9000 -65.66,47.74,9000 -65.98,47.67,9000 -66.20,47.59,9000 -66.51,47.54,9000 -66.82,47.56,9000 -67.18,47.61,9000 -67.48,47.64,9000 -67.74,47.62,9000 -67.91,47.59,9000 -68.22,47.60,9000 -68.47,47.63,9000 -68.78,47.67,9000 -69.00,47.73,9000 -69.07,47.85,9000 -69.02,47.99,9000 -68.97,48.12,9000 -68.86,48.25,9000 -68.62,48.39,9000 -68.39,48.53,9000 -68.35,48.71,9000 -68.39,48.85,9000 -68.62,48.84,9000 -68.89,48.74,9000 -69.08,48.62,9000 -69.26,48.51,9000 -69.54,48.33,9000 -69.71,48.21,9000 -69.91,48.06,9000 -70.13,47.90,9000 -70.33,47.75,9000 -70.49,47.63,9000 -70.75,47.43,9000 -70.93,47.31,9000 -71.21,47.28,9000 -71.41,47.29,9000 -71.60,47.34,9000 -71.71,47.44,9000 -71.77,47.56,9000 -71.83,47.76,9000 -71.92,47.96,9000 -72.14,48.10,9000 -72.39,48.14,9000 -72.65,48.14,9000 -72.92,48.13,9000 -73.10,48.10,9000 -73.26,48.08,9000 -73.49,48.10,9000 -73.69,48.16,9000 -73.79,48.28,9000 -73.84,48.41,9000 -73.80,48.50,9000 -73.69,48.59,9000 -73.54,48.67,9000 -73.25,48.76,9000 -73.04,48.82,9000 -72.83,48.88,9000 -72.62,49.01,9000 -72.48,49.17,9000 -72.29,49.35,9000 -72.02,49.47,9000 -71.73,49.61,9000 -71.57,49.75,9000 -71.42,49.91,9000 -71.29,50.04,9000 -71.16,50.17,9000 -71.07,50.26,9000 -70.87,50.35,9000 -70.67,50.40,9000 -70.42,50.46,9000 -69.37,50.65,9000 
          </coordinates>
        </LinearRing>
      </outerBoundaryIs>
      <innerBoundaryIs>
        <LinearRing>
          <coordinates>
-68.36,50.53,10000 -68.05,50.51,10000 -67.80,50.48,10000 -67.58,50.40,10000 -67.38,50.33,10000 -67.14,50.24,10000 -66.93,50.16,10000 -66.71,50.07,10000 -66.55,49.98,10000 -66.44,49.88,10000 -66.36,49.78,10000 -66.27,49.68,10000 -66.17,49.58,10000 -66.08,49.51,10000 -65.86,49.40,10000 -65.66,49.31,10000 -65.39,49.20,10000 -65.10,49.08,10000 -64.82,48.96,10000 -64.58,48.86,10000 -64.27,48.73,10000 -64.01,48.63,10000 -63.82,48.54,10000 -63.64,48.36,10000 -63.60,48.27,10000 -63.53,48.15,10000 -63.38,48.02,10000 -63.20,47.88,10000 -63.04,47.77,10000 -62.82,47.69,10000 -62.68,47.59,10000 -62.60,47.49,10000 -62.83,47.45,10000 -63.08,47.44,10000 -63.40,47.44,10000 -63.65,47.47,10000 -63.93,47.50,10000 -64.17,47.54,10000 -64.45,47.58,10000 -64.67,47.63,10000 -64.90,47.75,10000 -65.10,47.82,10000 -65.32,47.88,10000 -65.50,47.92,10000 -65.74,47.93,10000 -66.00,47.89,10000 -66.30,47.82,10000 -66.60,47.77,10000 -66.88,47.77,10000 -67.16,47.80,10000 -67.40,47.81,10000 -67.68,47.79,10000 -67.89,47.76,10000 -68.20,47.78,10000 -68.40,47.84,10000 -68.58,47.91,10000 -68.72,48.01,10000 -68.69,48.14,10000 -68.58,48.27,10000 -68.43,48.37,10000 -68.27,48.46,10000 -68.14,48.55,10000 -68.06,48.64,10000 -68.05,48.77,10000 -68.09,48.88,10000 -68.34,48.97,10000 -68.63,48.95,10000 -68.89,48.86,10000 -69.04,48.77,10000 -69.23,48.65,10000 -69.41,48.53,10000 -69.60,48.42,10000 -69.78,48.31,10000 -69.93,48.21,10000 -70.04,48.09,10000 -70.13,47.98,10000 -70.27,47.89,10000 -70.45,47.78,10000 -70.60,47.67,10000 -70.76,47.55,10000 -70.91,47.45,10000 -71.10,47.38,10000 -71.27,47.38,10000 -71.43,47.42,10000 -71.56,47.53,10000 -71.61,47.69,10000 -71.65,47.90,10000 -71.66,48.06,10000 -71.60,48.23,10000 -71.36,48.23,10000 -71.09,48.22,10000 -70.91,48.29,10000 -70.79,48.38,10000 -70.79,48.52,10000 -70.97,48.68,10000 -71.29,48.71,10000 -71.50,48.64,10000 -71.76,48.55,10000 -72.00,48.46,10000 -72.31,48.37,10000 -72.60,48.30,10000 -72.86,48.26,10000 -73.09,48.23,10000 -73.41,48.22,10000 -73.61,48.32,10000 -73.58,48.49,10000 -73.32,48.61,10000 -73.14,48.66,10000 -72.94,48.71,10000 -72.75,48.78,10000 -72.58,48.85,10000 -72.42,49.02,10000 -72.28,49.17,10000 -72.12,49.31,10000 -71.98,49.38,10000 -71.83,49.44,10000 -71.63,49.55,10000 -71.42,49.70,10000 -71.28,49.85,10000 -71.13,50.02,10000 -71.00,50.16,10000 -70.86,50.25,10000 -70.71,50.30,10000 -70.51,50.36,10000 -70.23,50.41,10000 -69.97,50.45,10000 -69.66,50.50,10000 -69.33,50.54,10000 -68.36,50.53,10000 
          </coordinates>
        </LinearRing>
      </innerBoundaryIs>
  </Polygon>
 </MultiGeometry>
</Placemark>
<Placemark>
  <name>90%</name>
  <visibility>1</visibility>
  <styleUrl>#poly_90</styleUrl>
  <MultiGeometry>
    <Polygon>
      <outerBoundaryIs>
        <LinearRing>
          <coordinates>
-88.57,50.63,10000 -88.22,50.62,10000 -87.92,50.61,10000 -87.57,50.57,10000 -87.30,50.53,10000 -86.97,50.47,10000 -86.63,50.41,10000 -86.30,50.35,10000 -85.96,50.29,10000 -85.69,50.23,10000 -85.31,50.13,10000 -85.04,49.95,10000 -84.85,49.86,10000 -84.64,49.77,10000 -84.41,49.71,10000 -84.17,49.63,10000 -83.94,49.48,10000 -83.68,49.32,10000 -83.30,49.16,10000 -82.95,49.02,10000 -82.68,48.80,10000 -82.40,48.66,10000 -82.15,48.54,10000 -81.94,48.43,10000 -81.95,48.32,10000 -82.24,48.25,10000 -82.65,48.17,10000 -82.96,48.11,10000 -83.29,48.04,10000 -83.58,47.99,10000 -83.90,47.96,10000 -84.17,47.97,10000 -84.42,48.01,10000 -84.75,48.05,10000 -85.13,48.06,10000 -85.57,48.07,10000 -85.91,48.06,10000 -86.19,47.99,10000 -86.37,47.78,10000 -86.56,47.56,10000 -86.72,47.47,10000 -86.95,47.38,10000 -87.21,47.29,10000 -87.51,47.18,10000 -87.77,47.10,10000 -88.03,47.04,10000 -88.20,47.00,10000 -88.36,46.87,10000 -88.07,46.78,10000 -88.11,46.60,10000 -88.30,46.57,10000 -88.56,46.56,10000 -88.85,46.57,10000 -89.17,46.55,10000 -89.52,46.43,10000 -89.85,46.32,10000 -90.15,46.29,10000 -90.37,46.32,10000 -90.34,46.52,10000 -90.09,46.70,10000 -89.89,46.76,10000 -89.67,46.80,10000 -89.32,46.81,10000 -89.18,47.00,10000 -89.23,47.15,10000 -89.51,47.13,10000 -89.78,47.09,10000 -90.05,47.15,10000 -90.28,47.35,10000 -90.41,47.42,10000 -90.69,47.46,10000 -91.06,47.38,10000 -91.44,47.27,10000 -91.75,47.14,10000 -91.92,47.03,10000 -92.09,46.92,10000 -92.47,46.86,10000 -92.78,46.90,10000 -93.10,46.94,10000 -93.50,47.00,10000 -93.87,47.05,10000 -94.32,47.10,10000 -94.66,47.14,10000 -94.94,47.15,10000 -95.22,47.10,10000 -95.50,47.03,10000 -95.79,46.98,10000 -96.06,46.93,10000 -96.25,46.92,10000 -96.35,47.02,10000 -96.40,47.23,10000 -96.33,47.39,10000 -96.23,47.55,10000 -96.00,47.73,10000 -95.73,47.86,10000 -95.43,48.03,10000 -95.18,48.28,10000 -94.96,48.51,10000 -94.66,48.71,10000 -94.49,48.80,10000 -94.28,48.90,10000 -94.00,49.05,10000 -93.71,49.22,10000 -93.48,49.40,10000 -93.24,49.57,10000 -92.90,49.74,10000 -92.52,49.88,10000 -92.11,49.98,10000 -91.68,50.06,10000 -91.38,50.13,10000 -91.08,50.21,10000 -90.80,50.28,10000 -90.43,50.36,10000 -90.09,50.42,10000 -88.57,50.63,10000 
          </coordinates>
        </LinearRing>
      </outerBoundaryIs>
      <innerBoundaryIs>
        <LinearRing>
          <coordinates>
-88.84,50.47,11000 -88.58,50.48,11000 -88.33,50.49,11000 -88.13,50.49,11000 -87.90,50.48,11000 -87.61,50.46,11000 -87.20,50.41,11000 -86.89,50.37,11000 -86.52,50.31,11000 -86.13,50.24,11000 -85.78,50.16,11000 -85.45,50.05,11000 -85.13,49.91,11000 -84.85,49.78,11000 -84.63,49.68,11000 -84.32,49.62,11000 -84.05,49.45,11000 -83.83,49.30,11000 -83.60,49.16,11000 -83.41,49.11,11000 -83.24,49.07,11000 -83.02,48.93,11000 -82.85,48.80,11000 -82.68,48.66,11000 -82.41,48.52,11000 -82.48,48.43,11000 -82.71,48.33,11000 -82.92,48.28,11000 -83.19,48.23,11000 -83.52,48.18,11000 -83.89,48.14,11000 -84.15,48.14,11000 -84.41,48.16,11000 -84.66,48.17,11000 -84.95,48.16,11000 -85.27,48.16,11000 -85.58,48.18,11000 -85.94,48.21,11000 -86.23,48.19,11000 -86.42,48.08,11000 -86.54,47.93,11000 -86.66,47.79,11000 -86.84,47.66,11000 -87.03,47.56,11000 -87.32,47.45,11000 -87.59,47.36,11000 -87.85,47.27,11000 -88.06,47.24,11000 -88.31,47.24,11000 -88.61,47.35,11000 -88.95,47.46,11000 -89.20,47.47,11000 -89.47,47.46,11000 -89.71,47.47,11000 -90.01,47.57,11000 -90.25,47.68,11000 -90.53,47.72,11000 -90.77,47.67,11000 -90.95,47.59,11000 -91.17,47.49,11000 -91.38,47.40,11000 -91.66,47.30,11000 -91.92,47.23,11000 -92.09,47.20,11000 -92.31,47.22,11000 -92.58,47.25,11000 -92.91,47.30,11000 -93.26,47.37,11000 -93.55,47.45,11000 -93.87,47.55,11000 -94.17,47.65,11000 -94.40,47.72,11000 -94.65,47.77,11000 -94.82,47.86,11000 -94.83,48.01,11000 -94.74,48.20,11000 -94.55,48.40,11000 -94.37,48.52,11000 -94.11,48.69,11000 -93.81,48.88,11000 -93.50,49.07,11000 -93.19,49.26,11000 -92.92,49.42,11000 -92.71,49.54,11000 -92.39,49.70,11000 -92.23,49.73,11000 -92.02,49.80,11000 -91.70,49.88,11000 -91.44,49.95,11000 -91.12,50.03,11000 -90.76,50.13,11000 -90.39,50.22,11000 -88.84,50.47,11000 
          </coordinates>
        </LinearRing>
      </innerBoundaryIs>
  </Polygon>
 </MultiGeometry>
</Placemark>
<Placemark>
  <name>90%</name>
  <visibility>1</visibility>
  <styleUrl>#poly_90</styleUrl>
  <MultiGeometry>
    <Polygon>
      <outerBoundaryIs>
        <LinearRing>
          <coordinates>
-68.36,50.53,10000 -68.05,50.51,10000 -67.80,50.48,10000 -67.58,50.40,10000 -67.38,50.33,10000 -67.14,50.24,10000 -66.93,50.16,10000 -66.71,50.07,10000 -66.55,49.98,10000 -66.44,49.88,10000 -66.36,49.78,10000 -66.27,49.68,10000 -66.17,49.58,10000 -66.08,49.51,10000 -65.86,49.40,10000 -65.66,49.31,10000 -65.39,49.20,10000 -65.10,49.08,10000 -64.82,48.96,10000 -64.58,48.86,10000 -64.27,48.73,10000 -64.01,48.63,10000 -63.82,48.54,10000 -63.64,48.36,10000 -63.60,48.27,10000 -63.53,48.15,10000 -63.38,48.02,10000 -63.20,47.88,10000 -63.04,47.77,10000 -62.82,47.69,10000 -62.68,47.59,10000 -62.60,47.49,10000 -62.83,47.45,10000 -63.08,47.44,10000 -63.40,47.44,10000 -63.65,47.47,10000 -63.93,47.50,10000 -64.17,47.54,10000 -64.45,47.58,10000 -64.67,47.63,10000 -64.90,47.75,10000 -65.10,47.82,10000 -65.32,47.88,10000 -65.50,47.92,10000 -65.74,47.93,10000 -66.00,47.89,10000 -66.30,47.82,10000 -66.60,47.77,10000 -66.88,47.77,10000 -67.16,47.80,10000 -67.40,47.81,10000 -67.68,47.79,10000 -67.89,47.76,10000 -68.20,47.78,10000 -68.40,47.84,10000 -68.58,47.91,10000 -68.72,48.01,10000 -68.69,48.14,10000 -68.58,48.27,10000 -68.43,48.37,10000 -68.27,48.46,10000 -68.14,48.55,10000 -68.06,48.64,10000 -68.05,48.77,10000 -68.09,48.88,10000 -68.34,48.97,10000 -68.63,48.95,10000 -68.89,48.86,10000 -69.04,48.77,10000 -69.23,48.65,10000 -69.41,48.53,10000 -69.60,48.42,10000 -69.78,48.31,10000 -69.93,48.21,10000 -70.04,48.09,10000 -70.13,47.98,10000 -70.27,47.89,10000 -70.45,47.78,10000 -70.60,47.67,10000 -70.76,47.55,10000 -70.91,47.45,10000 -71.10,47.38,10000 -71.27,47.38,10000 -71.43,47.42,10000 -71.56,47.53,10000 -71.61,47.69,10000 -71.65,47.90,10000 -71.66,48.06,10000 -71.60,48.23,10000 -71.36,48.23,10000 -71.09,48.22,10000 -70.91,48.29,10000 -70.79,48.38,10000 -70.79,48.52,10000 -70.97,48.68,10000 -71.29,48.71,10000 -71.50,48.64,10000 -71.76,48.55,10000 -72.00,48.46,10000 -72.31,48.37,10000 -72.60,48.30,10000 -72.86,48.26,10000 -73.09,48.23,10000 -73.41,48.22,10000 -73.61,48.32,10000 -73.58,48.49,10000 -73.32,48.61,10000 -73.14,48.66,10000 -72.94,48.71,10000 -72.75,48.78,10000 -72.58,48.85,10000 -72.42,49.02,10000 -72.28,49.17,10000 -72.12,49.31,10000 -71.98,49.38,10000 -71.83,49.44,10000 -71.63,49.55,10000 -71.42,49.70,10000 -71.28,49.85,10000 -71.13,50.02,10000 -71.00,50.16,10000 -70.86,50.25,10000 -70.71,50.30,10000 -70.51,50.36,10000 -70.23,50.41,10000 -69.97,50.45,10000 -69.66,50.50,10000 -69.33,50.54,10000 -68.36,50.53,10000 
          </coordinates>
        </LinearRing>
      </outerBoundaryIs>
      <innerBoundaryIs>
        <LinearRing>
          <coordinates>
-69.16,50.49,11000 -68.86,50.47,11000 -68.58,50.45,11000 -68.36,50.44,11000 -68.17,50.44,11000 -68.03,50.44,11000 -67.91,50.42,11000 -67.70,50.35,11000 -67.53,50.29,11000 -67.30,50.22,11000 -67.07,50.14,11000 -66.84,50.05,11000 -66.67,49.97,11000 -66.50,49.83,11000 -66.41,49.70,11000 -66.32,49.58,11000 -66.19,49.48,11000 -65.97,49.37,11000 -65.81,49.30,11000 -65.62,49.21,11000 -65.40,49.11,11000 -65.18,49.02,11000 -64.98,48.93,11000 -64.78,48.85,11000 -64.58,48.77,11000 -64.38,48.70,11000 -64.21,48.63,11000 -64.07,48.57,11000 -63.91,48.48,11000 -63.84,48.40,11000 -63.77,48.30,11000 -63.70,48.18,11000 -63.62,48.02,11000 -63.55,47.87,11000 -63.54,47.75,11000 -63.66,47.75,11000 -63.87,47.76,11000 -64.06,47.76,11000 -64.29,47.76,11000 -64.53,47.79,11000 -64.71,47.84,11000 -64.89,47.90,11000 -65.07,47.97,11000 -65.26,48.02,11000 -65.44,48.06,11000 -65.62,48.10,11000 -65.81,48.12,11000 -66.02,48.13,11000 -66.21,48.11,11000 -66.42,48.08,11000 -66.64,48.03,11000 -66.85,47.99,11000 -67.05,47.97,11000 -67.28,47.96,11000 -67.50,47.96,11000 -67.70,47.97,11000 -67.88,47.99,11000 -68.16,48.07,11000 -68.32,48.16,11000 -68.26,48.32,11000 -68.16,48.40,11000 -68.04,48.48,11000 -67.95,48.58,11000 -67.90,48.69,11000 -67.90,48.81,11000 -67.93,48.91,11000 -68.10,49.03,11000 -68.29,49.05,11000 -68.52,49.04,11000 -68.67,49.04,11000 -68.96,48.92,11000 -69.09,48.84,11000 -69.25,48.74,11000 -69.43,48.62,11000 -69.63,48.49,11000 -69.83,48.36,11000 -70.02,48.22,11000 -70.19,48.10,11000 -70.34,48.00,11000 -70.46,47.92,11000 -70.66,47.80,11000 -70.71,47.79,11000 -70.82,47.71,11000 -70.92,47.62,11000 -71.03,47.48,11000 -71.22,47.48,11000 -71.37,47.56,11000 -71.43,47.66,11000 -71.46,47.78,11000 -71.47,47.92,11000 -71.40,48.04,11000 -71.23,48.09,11000 -71.01,48.13,11000 -70.83,48.17,11000 -70.69,48.25,11000 -70.62,48.34,11000 -70.63,48.46,11000 -70.68,48.58,11000 -70.77,48.67,11000 -70.95,48.75,11000 -71.16,48.82,11000 -71.34,48.84,11000 -71.52,48.83,11000 -71.69,48.79,11000 -71.86,48.76,11000 -72.07,48.77,11000 -72.23,48.82,11000 -72.23,48.97,11000 -72.13,49.15,11000 -72.01,49.23,11000 -71.86,49.30,11000 -71.70,49.38,11000 -71.55,49.48,11000 -71.40,49.59,11000 -71.26,49.70,11000 -71.15,49.81,11000 -71.06,49.93,11000 -70.98,50.02,11000 -70.84,50.16,11000 -70.78,50.20,11000 -70.60,50.25,11000 -70.43,50.29,11000 -70.22,50.33,11000 -69.98,50.37,11000 -69.71,50.42,11000 -69.43,50.47,11000 -69.16,50.49,11000 
          </coordinates>
        </LinearRing>
      </innerBoundaryIs>
      <innerBoundaryIs>
        <LinearRing>
          <coordinates>
-73.33,48.43,11000 -73.32,48.43,11000 -73.31,48.43,11000 -73.30,48.44,11000 -73.29,48.44,11000 -73.28,48.44,11000 -73.27,48.44,11000 -73.26,48.44,11000 -73.25,48.44,11000 -73.24,48.45,11000 -73.23,48.45,11000 -73.22,48.45,11000 -73.21,48.45,11000 -73.20,48.45,11000 -73.19,48.45,11000 -73.18,48.45,11000 -73.17,48.46,11000 -73.16,48.46,11000 -73.15,48.46,11000 -73.14,48.46,11000 -73.14,48.46,11000 -73.13,48.46,11000 -73.12,48.46,11000 -73.11,48.46,11000 -73.11,48.46,11000 -73.10,48.46,11000 -73.09,48.46,11000 -73.09,48.46,11000 -73.08,48.46,11000 -73.08,48.46,11000 -73.07,48.46,11000 -73.06,48.46,11000 -73.05,48.45,11000 -73.05,48.45,11000 -73.04,48.44,11000 -73.04,48.44,11000 -73.04,48.43,11000 -73.04,48.42,11000 -73.04,48.42,11000 -73.04,48.41,11000 -73.04,48.40,11000 -73.04,48.40,11000 -73.04,48.39,11000 -73.04,48.39,11000 -73.04,48.39,11000 -73.04,48.38,11000 -73.05,48.39,11000 -73.06,48.39,11000 -73.08,48.39,11000 -73.09,48.39,11000 -73.09,48.39,11000 -73.10,48.39,11000 -73.11,48.39,11000 -73.12,48.39,11000 -73.12,48.39,11000 -73.13,48.39,11000 -73.14,48.39,11000 -73.15,48.40,11000 -73.16,48.40,11000 -73.17,48.40,11000 -73.19,48.40,11000 -73.20,48.40,11000 -73.21,48.40,11000 -73.22,48.40,11000 -73.23,48.40,11000 -73.24,48.40,11000 -73.25,48.40,11000 -73.26,48.40,11000 -73.27,48.40,11000 -73.28,48.41,11000 -73.29,48.41,11000 -73.30,48.41,11000 -73.31,48.41,11000 -73.31,48.41,11000 -73.32,48.41,11000 -73.32,48.41,11000 -73.33,48.41,11000 -73.36,48.41,11000 -73.35,48.42,11000 -73.34,48.42,11000 -73.33,48.43,11000 
          </coordinates>
        </LinearRing>
      </innerBoundaryIs>
  </Polygon>
 </MultiGeometry>
</Placemark>
<Placemark>
  <name>95%</name>
  <visibility>1</visibility>
  <styleUrl>#poly_95</styleUrl>
  <MultiGeometry>
    <Polygon>
      <outerBoundaryIs>
        <LinearRing>
          <coordinates>
-69.16,50.49,11000 -68.86,50.47,11000 -68.58,50.45,11000 -68.36,50.44,11000 -68.17,50.44,11000 -68.03,50.44,11000 -67.91,50.42,11000 -67.70,50.35,11000 -67.53,50.29,11000 -67.30,50.22,11000 -67.07,50.14,11000 -66.84,50.05,11000 -66.67,49.97,11000 -66.50,49.83,11000 -66.41,49.70,11000 -66.32,49.58,11000 -66.19,49.48,11000 -65.97,49.37,11000 -65.81,49.30,11000 -65.62,49.21,11000 -65.40,49.11,11000 -65.18,49.02,11000 -64.98,48.93,11000 -64.78,48.85,11000 -64.58,48.77,11000 -64.38,48.70,11000 -64.21,48.63,11000 -64.07,48.57,11000 -63.91,48.48,11000 -63.84,48.40,11000 -63.77,48.30,11000 -63.70,48.18,11000 -63.62,48.02,11000 -63.55,47.87,11000 -63.54,47.75,11000 -63.66,47.75,11000 -63.87,47.76,11000 -64.06,47.76,11000 -64.29,47.76,11000 -64.53,47.79,11000 -64.71,47.84,11000 -64.89,47.90,11000 -65.07,47.97,11000 -65.26,48.02,11000 -65.44,48.06,11000 -65.62,48.10,11000 -65.81,48.12,11000 -66.02,48.13,11000 -66.21,48.11,11000 -66.42,48.08,11000 -66.64,48.03,11000 -66.85,47.99,11000 -67.05,47.97,11000 -67.28,47.96,11000 -67.50,47.96,11000 -67.70,47.97,11000 -67.88,47.99,11000 -68.16,48.07,11000 -68.32,48.16,11000 -68.26,48.32,11000 -68.16,48.40,11000 -68.04,48.48,11000 -67.95,48.58,11000 -67.90,48.69,11000 -67.90,48.81,11000 -67.93,48.91,11000 -68.10,49.03,11000 -68.29,49.05,11000 -68.52,49.04,11000 -68.67,49.04,11000 -68.96,48.92,11000 -69.09,48.84,11000 -69.25,48.74,11000 -69.43,48.62,11000 -69.63,48.49,11000 -69.83,48.36,11000 -70.02,48.22,11000 -70.19,48.10,11000 -70.34,48.00,11000 -70.46,47.92,11000 -70.66,47.80,11000 -70.71,47.79,11000 -70.82,47.71,11000 -70.92,47.62,11000 -71.03,47.48,11000 -71.22,47.48,11000 -71.37,47.56,11000 -71.43,47.66,11000 -71.46,47.78,11000 -71.47,47.92,11000 -71.40,48.04,11000 -71.23,48.09,11000 -71.01,48.13,11000 -70.83,48.17,11000 -70.69,48.25,11000 -70.62,48.34,11000 -70.63,48.46,11000 -70.68,48.58,11000 -70.77,48.67,11000 -70.95,48.75,11000 -71.16,48.82,11000 -71.34,48.84,11000 -71.52,48.83,11000 -71.69,48.79,11000 -71.86,48.76,11000 -72.07,48.77,11000 -72.23,48.82,11000 -72.23,48.97,11000 -72.13,49.15,11000 -72.01,49.23,11000 -71.86,49.30,11000 -71.70,49.38,11000 -71.55,49.48,11000 -71.40,49.59,11000 -71.26,49.70,11000 -71.15,49.81,11000 -71.06,49.93,11000 -70.98,50.02,11000 -70.84,50.16,11000 -70.78,50.20,11000 -70.60,50.25,11000 -70.43,50.29,11000 -70.22,50.33,11000 -69.98,50.37,11000 -69.71,50.42,11000 -69.43,50.47,11000 -69.16,50.49,11000 
          </coordinates>
        </LinearRing>
      </outerBoundaryIs>
  </Polygon>
 </MultiGeometry>
</Placemark>
<Placemark>
  <name>95%</name>
  <visibility>1</visibility>
  <styleUrl>#poly_95</styleUrl>
  <MultiGeometry>
    <Polygon>
      <outerBoundaryIs>
        <LinearRing>
          <coordinates>
-88.84,50.47,11000 -88.58,50.48,11000 -88.33,50.49,11000 -88.13,50.49,11000 -87.90,50.48,11000 -87.61,50.46,11000 -87.20,50.41,11000 -86.89,50.37,11000 -86.52,50.31,11000 -86.13,50.24,11000 -85.78,50.16,11000 -85.45,50.05,11000 -85.13,49.91,11000 -84.85,49.78,11000 -84.63,49.68,11000 -84.32,49.62,11000 -84.05,49.45,11000 -83.83,49.30,11000 -83.60,49.16,11000 -83.41,49.11,11000 -83.24,49.07,11000 -83.02,48.93,11000 -82.85,48.80,11000 -82.68,48.66,11000 -82.41,48.52,11000 -82.48,48.43,11000 -82.71,48.33,11000 -82.92,48.28,11000 -83.19,48.23,11000 -83.52,48.18,11000 -83.89,48.14,11000 -84.15,48.14,11000 -84.41,48.16,11000 -84.66,48.17,11000 -84.95,48.16,11000 -85.27,48.16,11000 -85.58,48.18,11000 -85.94,48.21,11000 -86.23,48.19,11000 -86.42,48.08,11000 -86.54,47.93,11000 -86.66,47.79,11000 -86.84,47.66,11000 -87.03,47.56,11000 -87.32,47.45,11000 -87.59,47.36,11000 -87.85,47.27,11000 -88.06,47.24,11000 -88.31,47.24,11000 -88.61,47.35,11000 -88.95,47.46,11000 -89.20,47.47,11000 -89.47,47.46,11000 -89.71,47.47,11000 -90.01,47.57,11000 -90.25,47.68,11000 -90.53,47.72,11000 -90.77,47.67,11000 -90.95,47.59,11000 -91.17,47.49,11000 -91.38,47.40,11000 -91.66,47.30,11000 -91.92,47.23,11000 -92.09,47.20,11000 -92.31,47.22,11000 -92.58,47.25,11000 -92.91,47.30,11000 -93.26,47.37,11000 -93.55,47.45,11000 -93.87,47.55,11000 -94.17,47.65,11000 -94.40,47.72,11000 -94.65,47.77,11000 -94.82,47.86,11000 -94.83,48.01,11000 -94.74,48.20,11000 -94.55,48.40,11000 -94.37,48.52,11000 -94.11,48.69,11000 -93.81,48.88,11000 -93.50,49.07,11000 -93.19,49.26,11000 -92.92,49.42,11000 -92.71,49.54,11000 -92.39,49.70,11000 -92.23,49.73,11000 -92.02,49.80,11000 -91.70,49.88,11000 -91.44,49.95,11000 -91.12,50.03,11000 -90.76,50.13,11000 -90.39,50.22,11000 -88.84,50.47,11000 
          </coordinates>
        </LinearRing>
      </outerBoundaryIs>
  </Polygon>
 </MultiGeometry>
</Placemark>
<Placemark>
  <name>95%</name>
  <visibility>1</visibility>
  <styleUrl>#poly_95</styleUrl>
  <MultiGeometry>
    <Polygon>
      <outerBoundaryIs>
        <LinearRing>
          <coordinates>
-73.33,48.43,11000 -73.32,48.43,11000 -73.31,48.43,11000 -73.30,48.44,11000 -73.29,48.44,11000 -73.28,48.44,11000 -73.27,48.44,11000 -73.26,48.44,11000 -73.25,48.44,11000 -73.24,48.45,11000 -73.23,48.45,11000 -73.22,48.45,11000 -73.21,48.45,11000 -73.20,48.45,11000 -73.19,48.45,11000 -73.18,48.45,11000 -73.17,48.46,11000 -73.16,48.46,11000 -73.15,48.46,11000 -73.14,48.46,11000 -73.14,48.46,11000 -73.13,48.46,11000 -73.12,48.46,11000 -73.11,48.46,11000 -73.11,48.46,11000 -73.10,48.46,11000 -73.09,48.46,11000 -73.09,48.46,11000 -73.08,48.46,11000 -73.08,48.46,11000 -73.07,48.46,11000 -73.06,48.46,11000 -73.05,48.45,11000 -73.05,48.45,11000 -73.04,48.44,11000 -73.04,48.44,11000 -73.04,48.43,11000 -73.04,48.42,11000 -73.04,48.42,11000 -73.04,48.41,11000 -73.04,48.40,11000 -73.04,48.40,11000 -73.04,48.39,11000 -73.04,48.39,11000 -73.04,48.39,11000 -73.04,48.38,11000 -73.05,48.39,11000 -73.06,48.39,11000 -73.08,48.39,11000 -73.09,48.39,11000 -73.09,48.39,11000 -73.10,48.39,11000 -73.11,48.39,11000 -73.12,48.39,11000 -73.12,48.39,11000 -73.13,48.39,11000 -73.14,48.39,11000 -73.15,48.40,11000 -73.16,48.40,11000 -73.17,48.40,11000 -73.19,48.40,11000 -73.20,48.40,11000 -73.21,48.40,11000 -73.22,48.40,11000 -73.23,48.40,11000 -73.24,48.40,11000 -73.25,48.40,11000 -73.26,48.40,11000 -73.27,48.40,11000 -73.28,48.41,11000 -73.29,48.41,11000 -73.30,48.41,11000 -73.31,48.41,11000 -73.31,48.41,11000 -73.32,48.41,11000 -73.32,48.41,11000 -73.33,48.41,11000 -73.36,48.41,11000 -73.35,48.42,11000 -73.34,48.42,11000 -73.33,48.43,11000 
          </coordinates>
        </LinearRing>
      </outerBoundaryIs>
  </Polygon>
 </MultiGeometry>
</Placemark>
    </Folder>
  </Document>
</kml>
