<?xml version="1.0" encoding="UTF-8"?>
<kml xmlns="http://www.opengis.net/kml/2.2">
<Document id="prb_72hsnow_ge02_f072">
<name>WPC 72-Hr Prob of Snow > 2"</name>
  <open>1</open>
  <snippet>Valid 12Z 03/15/2026 - 12Z 03/18/2026</snippet>
  <description></description>
    <Style id="poly_1">
        <IconStyle>
           <color>00000000</color>
           <scale>1</scale>
        </IconStyle>
        <LabelStyle>
            <color>ff26478b</color>
            <scale>0.8</scale>
        </LabelStyle>
        <LineStyle>
            <color>6626478b</color>
            <width>0</width>
        </LineStyle>
	<PolyStyle>
            <color>6626478b</color>
	</PolyStyle>
        <BalloonStyle>
            <text>
                <![CDATA[ <table border=0 width="300"><tr><td style="font-size:10pt;">
                During this forecast period, there is a <b>1-5%</b> probability of snowfall exceeding the depicted amount in the enclosed area.
                <br/><br/>
                *<span style="font-size:8pt;">Note that in cases where this contour is embedded within a 5% contour, 
                the probability of snowfall exceeding the depicted amount is &lt;1%.</span>
                </td></tr></table>]]>
            </text>
        </BalloonStyle>
    </Style>

    <Style id="poly_5">
        <IconStyle>
           <color>00000000</color>
           <scale>1</scale>
        </IconStyle>
        <LabelStyle>
            <color>ff00eeee</color>
            <scale>0.8</scale>
        </LabelStyle>
        <LineStyle>
            <color>6600eeee</color>
            <width>0.4</width>
        </LineStyle>
	<PolyStyle>
	    <color>6600eeee</color>
	</PolyStyle>
        <BalloonStyle>
            <text>
                <![CDATA[ <table border=0 width="300"><tr><td style="font-size:10pt;">
                During this forecast period, there is a <b>5-10%</b> probability of snowfall exceeding the depicted amount in the enclosed area.
                <br/><br/>
                *<span style="font-size:8pt;">Note that in cases where this contour is embedded within a 10% contour, 
                the probability of snowfall exceeding the depicted amount is &lt;5%.</span>
                </td></tr></table>]]>
            </text>
        </BalloonStyle>
    </Style>

    <Style id="poly_10">
        <IconStyle>
           <color>00000000</color>
           <scale>1</scale>
        </IconStyle>
        <LabelStyle>
            <color>ff00ff7f</color>
            <scale>0.8</scale>
        </LabelStyle>
        <LineStyle>
            <color>6600ff7f</color>
            <width>0.4</width>
        </LineStyle>
	<PolyStyle>
	    <color>6600ff7f</color>
	</PolyStyle>
        <BalloonStyle>
            <text>
                <![CDATA[ <table border=0 width="300"><tr><td style="font-size:10pt;">
                During this forecast period, there is a <b>10-20%</b> probability of snowfall exceeding the depicted amount in the enclosed area.
                <br/><br/>
                *<span style="font-size:8pt;">Note that in cases where this contour is embedded within a 20% contour, 
                the probability of snowfall exceeding the depicted amount is &lt;10%.</span>
                </td></tr></table>]]>
            </text>
        </BalloonStyle>
    </Style>
    
    <Style id="poly_20">
        <IconStyle>
            <color>00000000</color>
            <scale>1</scale>
        </IconStyle>
        <LabelStyle>
            <color>ff00cd00</color>
            <scale>0.8</scale>
        </LabelStyle>
        <LineStyle>
            <color>6600cd00</color>
	    <width>0.4</width>
	</LineStyle>
	<PolyStyle>
	    <color>6600cd00</color>
	</PolyStyle>
        <BalloonStyle>
            <text>
                <![CDATA[ <table border=0 width="300"><tr><td style="font-size:10pt;">
                During this forecast period, there is a <b>20-30%</b> probability of snowfall exceeding the depicted amount in the enclosed area.
                <br/><br/>
                *<span style="font-size:8pt;">Note that in cases where this contour is embedded within a 30% contour, 
                the probability of snowfall exceeding the depicted amount is &lt;20%.</span>
                </td></tr></table>]]>
            </text>
        </BalloonStyle>
    </Style>

    <Style id="poly_30">
        <IconStyle>
            <color>00000000</color>
            <scale>1</scale>
        </IconStyle>
        <LabelStyle>
            <color>ff008b00</color>
            <scale>0.8</scale>
        </LabelStyle>
        <LineStyle>
            <color>66008b00</color>
	    <width>0.4</width>
	</LineStyle>
	<PolyStyle>
	    <color>66008b00</color>
	</PolyStyle>
        <BalloonStyle>
            <text>
                <![CDATA[ <table border=0 width="300"><tr><td style="font-size:10pt;">
                During this forecast period, there is a <b>30-40%</b> probability of snowfall exceeding the depicted amount in the enclosed area.
                <br/><br/>
                *<span style="font-size:8pt;">Note that in cases where this contour is embedded within a 40% contour, 
                the probability of snowfall exceeding the depicted amount is &lt;30%.</span>
                </td></tr></table>]]>
            </text>
        </BalloonStyle>
    </Style>

    <Style id="poly_40">
        <IconStyle>
            <color>00000000</color>
            <scale>1</scale>
        </IconStyle>
        <LabelStyle>
            <color>ff8b4e10</color>
            <scale>0.8</scale>
        </LabelStyle>
        <LineStyle>
            <color>668b4e10</color>
	    <width>0.4</width>
	</LineStyle>
	<PolyStyle>
	    <color>668b4e10</color>
	</PolyStyle>
        <BalloonStyle>
            <text>
                <![CDATA[ <table border=0 width="300"><tr><td style="font-size:10pt;">
                During this forecast period, there is a <b>40-50%</b> probability of snowfall exceeding the depicted amount in the enclosed area.
                <br/><br/>
                *<span style="font-size:8pt;">Note that in cases where this contour is embedded within a 50% contour, 
                the probability of snowfall exceeding the depicted amount is &lt;40%.</span>
                </td></tr></table>]]>
            </text>
        </BalloonStyle>
    </Style>

    <Style id="poly_50">
        <IconStyle>
            <color>00000000</color>
            <scale>1</scale>
        </IconStyle>
        <LabelStyle>
            <color>ffff901e</color>
            <scale>0.8</scale>
        </LabelStyle>
        <LineStyle>
            <color>66ff901e</color>
	    <width>0.4</width>
	</LineStyle>
	<PolyStyle>
	    <color>66ff901e</color>
	</PolyStyle>
        <BalloonStyle>
            <text>
                <![CDATA[ <table border=0 width="300"><tr><td style="font-size:10pt;">
                During this forecast period, there is a <b>50-60%</b> probability of snowfall exceeding the depicted amount in the enclosed area.
                <br/><br/>
                *<span style="font-size:8pt;">Note that in cases where this contour is embedded within a 60% contour, 
                the probability of snowfall exceeding the depicted amount is &lt;50%.</span>
                </td></tr></table>]]>
            </text>
        </BalloonStyle>
    </Style>

    <Style id="poly_60">
        <IconStyle>
            <color>00000000</color>
            <scale>1</scale>
        </IconStyle>
        <LabelStyle>
            <color>ffeeb200</color>
            <scale>0.8</scale>
        </LabelStyle>
        <LineStyle>
            <color>66eeb200</color>
	    <width>0.4</width>
	</LineStyle>
	<PolyStyle>
	    <color>66eeb200</color>
	</PolyStyle>
        <BalloonStyle>
            <text>
                <![CDATA[ <table border=0 width="300"><tr><td style="font-size:10pt;">
                During this forecast period, there is a <b>60-70%</b> probability of snowfall exceeding the depicted amount in the enclosed area.
                <br/><br/>
                *<span style="font-size:8pt;">Note that in cases where this contour is embedded within a 70% contour, 
                the probability of snowfall exceeding the depicted amount is &lt;60%.</span>
                </td></tr></table>]]>
            </text>
        </BalloonStyle>
    </Style>
    
    <Style id="poly_70">
        <IconStyle>
            <color>00000000</color>
            <scale>1</scale>
        </IconStyle>
        <LabelStyle>
            <color>ffeeee00</color>
            <scale>0.8</scale>
        </LabelStyle>
        <LineStyle>
            <color>66eeee00</color>
	    <width>0.4</width>
	</LineStyle>
	<PolyStyle>
	    <color>66eeee00</color>
	</PolyStyle>
        <BalloonStyle>
            <text>
                <![CDATA[ <table border=0 width="300"><tr><td style="font-size:10pt;">
                During this forecast period, there is a <b>70-80%</b> probability of snowfall exceeding the depicted amount in the enclosed area.
                <br/><br/>
                *<span style="font-size:8pt;">Note that in cases where this contour is embedded within a 80% contour, 
                the probability of snowfall exceeding the depicted amount is &lt;70%.</span>
                </td></tr></table>]]>
            </text>
        </BalloonStyle>
    </Style>

    <Style id="poly_80">
        <IconStyle>
            <color>00000000</color>
            <scale>1</scale>
        </IconStyle>
        <LabelStyle>
            <color>ff4782ff</color>
            <scale>0.8</scale>
        </LabelStyle>
        <LineStyle>
            <color>664782ff</color>
	    <width>0.4</width>
	</LineStyle>
	<PolyStyle>
	    <color>664782ff</color>
	</PolyStyle>
        <BalloonStyle>
            <text>
                <![CDATA[ <table border=0 width="300"><tr><td style="font-size:10pt;">
                During this forecast period, there is a <b>80-90%</b> probability of snowfall exceeding the depicted amount in the enclosed area.
                <br/><br/>
                *<span style="font-size:8pt;">Note that in cases where this contour is embedded within a 90% contour, 
                the probability of snowfall exceeding the depicted amount is &lt;80%.</span>
                </td></tr></table>]]>
            </text>
        </BalloonStyle>
    </Style>

    <Style id="poly_90">
        <IconStyle>
            <color>00000000</color>
            <scale>1</scale>
        </IconStyle>
        <LabelStyle>
            <color>ff2c2cee</color>
            <scale>0.8</scale>
        </LabelStyle>
        <LineStyle>
            <color>662c2cee</color>
            <width>0.4</width>
        </LineStyle>
        <PolyStyle>
            <color>662c2cee</color>
        </PolyStyle>
        <BalloonStyle>
            <text>
                <![CDATA[ <table border=0 width="300"><tr><td style="font-size:10pt;">
                During this forecast period, there is a <b>90-95%</b> probability of snowfall exceeding the depicted amount in the enclosed area.
                <br/><br/>
                *<span style="font-size:8pt;">Note that in cases where this contour is embedded within a 95% contour, 
                the probability of snowfall exceeding the depicted amount is &lt;90%.</span>
                </td></tr></table>]]>
            </text>
        </BalloonStyle>
    </Style>

    <Style id="poly_95">
        <IconStyle>
            <color>00000000</color>
            <scale>1</scale>
        </IconStyle>
        <LabelStyle>
            <color>ff00008b</color>
            <scale>0.8</scale>
        </LabelStyle>
        <LineStyle>
            <color>6600008b</color>
	    <width>0.4</width>
	</LineStyle>
	<PolyStyle>
	    <color>6600008b</color>
	</PolyStyle>
        <BalloonStyle>
            <text>
                <![CDATA[ <table border=0 width="300"><tr><td style="font-size:10pt;">
                The probability of snowfall exceeding the depicted amount is <b>&ge;95%</b> in the enclosed area during this forecast period.
                </td></tr></table>]]>
            </text>
        </BalloonStyle>
    </Style>

  <ScreenOverlay>
    <name>Logos</name>
    <description></description>
    <Icon>
      <href>https://www.wpc.ncep.noaa.gov/images/noaa_and_nws_logo.png</href>
    </Icon>
   <overlayXY x=".01" y=".01" xunits="fraction" yunits="fraction" />
   <screenXY x=".01" y=".01" xunits="fraction" yunits="fraction" />
   <rotationXY x="0" y="0" xunits="fraction" yunits="fraction" />
   <size x="-1" y="-1" xunits="fraction" yunits="fraction" />
  </ScreenOverlay>
    <Folder>
      <name>Snow Probabilities</name>
      <open>0</open>
<Placemark>
  <name>1%</name>
  <visibility>1</visibility>
  <styleUrl>#poly_1</styleUrl>
  <MultiGeometry>
    <Polygon>
      <outerBoundaryIs>
        <LinearRing>
          <coordinates>
-108.11,45.22,0 -108.06,45.23,0 -108.01,45.24,0 -107.97,45.25,0 -107.92,45.25,0 -107.87,45.26,0 -107.82,45.26,0 -107.77,45.27,0 -107.72,45.27,0 -107.68,45.27,0 -107.63,45.26,0 -107.59,45.25,0 -107.56,45.23,0 -107.52,45.21,0 -107.48,45.19,0 -107.45,45.16,0 -107.43,45.14,0 -107.41,45.11,0 -107.39,45.08,0 -107.39,45.04,0 -107.38,45.00,0 -107.37,44.97,0 -107.36,44.94,0 -107.36,44.90,0 -107.35,44.87,0 -107.35,44.83,0 -107.34,44.80,0 -107.33,44.76,0 -107.33,44.72,0 -107.32,44.69,0 -107.31,44.65,0 -107.31,44.63,0 -107.30,44.62,0 -107.27,44.61,0 -107.24,44.59,0 -107.19,44.57,0 -107.14,44.54,0 -107.10,44.52,0 -107.07,44.49,0 -107.06,44.47,0 -107.07,44.44,0 -107.08,44.41,0 -107.11,44.38,0 -107.15,44.35,0 -107.19,44.32,0 -107.23,44.30,0 -107.26,44.29,0 -107.29,44.30,0 -107.33,44.31,0 -107.37,44.34,0 -107.41,44.37,0 -107.45,44.40,0 -107.48,44.42,0 -107.50,44.44,0 -107.52,44.45,0 -107.55,44.45,0 -107.60,44.45,0 -107.65,44.45,0 -107.71,44.45,0 -107.76,44.45,0 -107.81,44.45,0 -107.86,44.44,0 -107.91,44.44,0 -107.96,44.44,0 -108.01,44.45,0 -108.05,44.46,0 -108.09,44.48,0 -108.12,44.50,0 -108.16,44.52,0 -108.19,44.55,0 -108.21,44.57,0 -108.23,44.60,0 -108.25,44.63,0 -108.26,44.67,0 -108.26,44.71,0 -108.27,44.74,0 -108.28,44.77,0 -108.28,44.81,0 -108.29,44.84,0 -108.29,44.88,0 -108.29,44.91,0 -108.29,44.94,0 -108.29,44.98,0 -108.29,45.01,0 -108.28,45.05,0 -108.28,45.08,0 -108.11,45.22,0 
          </coordinates>
        </LinearRing>
      </outerBoundaryIs>
      <innerBoundaryIs>
        <LinearRing>
          <coordinates>
-107.86,45.18,1000 -107.82,45.17,1000 -107.79,45.16,1000 -107.76,45.15,1000 -107.72,45.14,1000 -107.70,45.13,1000 -107.67,45.13,1000 -107.65,45.12,1000 -107.63,45.12,1000 -107.61,45.11,1000 -107.59,45.10,1000 -107.57,45.09,1000 -107.55,45.07,1000 -107.52,45.05,1000 -107.50,45.03,1000 -107.47,45.01,1000 -107.45,44.99,1000 -107.44,44.97,1000 -107.43,44.95,1000 -107.42,44.93,1000 -107.42,44.90,1000 -107.41,44.88,1000 -107.41,44.86,1000 -107.41,44.84,1000 -107.41,44.81,1000 -107.42,44.79,1000 -107.43,44.77,1000 -107.44,44.74,1000 -107.46,44.72,1000 -107.48,44.69,1000 -107.50,44.67,1000 -107.51,44.65,1000 -107.53,44.63,1000 -107.54,44.62,1000 -107.56,44.61,1000 -107.58,44.60,1000 -107.61,44.59,1000 -107.64,44.57,1000 -107.67,44.56,1000 -107.70,44.54,1000 -107.74,44.53,1000 -107.77,44.53,1000 -107.80,44.53,1000 -107.83,44.54,1000 -107.87,44.55,1000 -107.90,44.56,1000 -107.93,44.57,1000 -107.96,44.58,1000 -107.98,44.59,1000 -108.00,44.59,1000 -108.02,44.60,1000 -108.04,44.61,1000 -108.06,44.63,1000 -108.08,44.64,1000 -108.11,44.66,1000 -108.13,44.68,1000 -108.15,44.70,1000 -108.17,44.72,1000 -108.19,44.74,1000 -108.20,44.76,1000 -108.21,44.78,1000 -108.22,44.80,1000 -108.22,44.82,1000 -108.23,44.84,1000 -108.23,44.87,1000 -108.22,44.89,1000 -108.22,44.91,1000 -108.21,44.93,1000 -108.20,44.96,1000 -108.18,44.98,1000 -108.16,45.00,1000 -108.14,45.03,1000 -108.12,45.05,1000 -108.10,45.07,1000 -108.09,45.08,1000 -108.06,45.10,1000 -108.05,45.10,1000 -107.86,45.18,1000 
          </coordinates>
        </LinearRing>
      </innerBoundaryIs>
  </Polygon>
 </MultiGeometry>
</Placemark>
<Placemark>
  <name>1%</name>
  <visibility>1</visibility>
  <styleUrl>#poly_1</styleUrl>
  <MultiGeometry>
    <Polygon>
      <outerBoundaryIs>
        <LinearRing>
          <coordinates>
-127.93,50.44,0 -127.54,50.51,0 -127.14,50.58,0 -126.80,50.63,0 -126.33,50.70,0 -125.91,50.76,0 -125.38,50.84,0 -124.85,50.92,0 -124.41,50.98,0 -123.83,51.06,0 -123.43,51.11,0 -123.14,51.15,0 -122.93,51.16,0 -122.56,51.06,0 -122.32,51.06,0 -122.08,50.96,0 -121.77,50.83,0 -121.72,50.84,0 -121.74,51.01,0 -121.58,51.17,0 -121.46,51.28,0 -121.08,51.41,0 -120.77,51.45,0 -120.26,51.51,0 -119.85,51.56,0 -119.35,51.62,0 -118.81,51.67,0 -118.30,51.73,0 -117.78,51.79,0 -117.24,51.84,0 -116.76,51.89,0 -116.39,51.93,0 -116.07,51.95,0 -115.76,51.85,0 -115.45,51.69,0 -115.36,51.46,0 -115.28,51.22,0 -115.04,51.00,0 -114.91,50.78,0 -114.75,50.65,0 -114.75,50.40,0 -114.87,50.24,0 -115.01,50.09,0 -115.25,49.93,0 -115.47,50.06,0 -115.69,50.20,0 -115.84,50.26,0 -115.77,49.97,0 -115.75,49.81,0 -115.77,49.62,0 -115.90,49.31,0 -116.00,49.03,0 -115.80,48.87,0 -115.77,48.71,0 -115.71,48.53,0 -115.64,48.36,0 -115.51,48.36,0 -115.32,48.33,0 -115.14,48.21,0 -115.07,48.05,0 -114.83,47.87,0 -114.78,47.71,0 -114.85,47.54,0 -114.97,47.39,0 -114.69,47.25,0 -114.59,47.08,0 -114.32,46.96,0 -114.37,47.21,0 -114.41,47.40,0 -114.44,47.59,0 -114.45,47.76,0 -114.36,47.94,0 -114.44,48.09,0 -114.56,48.24,0 -114.71,48.37,0 -114.94,48.55,0 -115.14,48.75,0 -115.08,48.98,0 -114.74,49.11,0 -114.32,49.09,0 -113.93,49.15,0 -113.58,49.04,0 -113.32,48.93,0 -113.21,48.64,0 -113.10,48.34,0 -112.88,48.13,0 -112.81,47.95,0 -112.77,47.77,0 -112.80,47.48,0 -112.89,47.27,0 -112.85,47.00,0 -112.62,47.03,0 -112.36,46.98,0 -112.20,46.83,0 -112.30,46.65,0 -112.63,46.54,0 -112.87,46.63,0 -112.85,46.90,0 -113.17,46.94,0 -113.33,46.84,0 -113.30,46.56,0 -113.02,46.57,0 -112.74,46.43,0 -112.71,46.26,0 -112.78,46.06,0 -112.87,45.79,0 -112.98,45.52,0 -113.08,45.32,0 -113.40,45.10,0 -113.62,45.02,0 -113.93,45.01,0 -114.11,45.12,0 -114.18,45.30,0 -114.29,45.58,0 -114.62,45.41,0 -115.03,45.38,0 -115.43,45.40,0 -115.72,45.46,0 -115.86,45.66,0 -115.79,45.79,0 -115.57,45.98,0 -115.55,46.11,0 -115.63,46.33,0 -115.81,46.60,0 -116.04,46.92,0 -116.21,47.17,0 -116.13,47.33,0 -116.16,47.50,0 -116.19,47.68,0 -116.05,47.97,0 -116.32,48.01,0 -116.59,48.12,0 -116.98,48.28,0 -117.41,48.46,0 -117.86,48.63,0 -118.25,48.79,0 -118.53,48.89,0 -118.82,48.91,0 -119.11,49.03,0 -119.43,49.12,0 -119.66,49.22,0 -119.93,49.14,0 -120.18,49.16,0 -120.17,49.04,0 -120.13,48.88,0 -120.09,48.70,0 -120.03,48.40,0 -120.05,48.20,0 -120.14,48.09,0 -120.17,47.93,0 -120.34,47.72,0 -120.54,47.63,0 -120.60,47.40,0 -120.78,47.28,0 -120.99,47.23,0 -121.40,47.21,0 -121.61,47.30,0 -121.71,47.48,0 -121.76,47.64,0 -121.82,47.81,0 -121.94,48.02,0 -121.98,48.28,0 -122.16,48.39,0 -122.27,48.54,0 -122.36,48.71,0 -122.43,48.98,0 -122.58,49.07,0 -123.00,49.04,0 -123.28,49.14,0 -123.56,49.14,0 -123.49,48.90,0 -123.43,48.63,0 -123.55,48.41,0 -123.85,48.27,0 -124.20,48.31,0 -124.42,48.45,0 -124.76,48.58,0 -125.00,48.69,0 -125.23,48.85,0 -125.63,48.89,0 -125.92,49.00,0 -126.25,49.13,0 -126.57,49.27,0 -126.78,49.49,0 -127.08,49.61,0 -127.33,49.71,0 -127.42,49.86,0 -127.76,49.88,0 -127.99,50.01,0 -128.07,50.22,0 -127.93,50.44,0 
          </coordinates>
        </LinearRing>
      </outerBoundaryIs>
      <innerBoundaryIs>
        <LinearRing>
          <coordinates>
-124.46,49.56,0 -124.45,49.56,0 -124.44,49.56,0 -124.43,49.56,0 -124.42,49.56,0 -124.41,49.56,0 -124.40,49.56,0 -124.39,49.56,0 -124.38,49.56,0 -124.36,49.55,0 -124.35,49.55,0 -124.34,49.55,0 -124.33,49.55,0 -124.33,49.55,0 -124.32,49.55,0 -124.31,49.55,0 -124.30,49.55,0 -124.29,49.55,0 -124.28,49.55,0 -124.27,49.55,0 -124.26,49.55,0 -124.25,49.55,0 -124.25,49.55,0 -124.24,49.55,0 -124.23,49.55,0 -124.22,49.54,0 -124.22,49.54,0 -124.21,49.54,0 -124.21,49.54,0 -124.20,49.54,0 -124.19,49.54,0 -124.19,49.54,0 -124.17,49.54,0 -124.16,49.53,0 -124.16,49.53,0 -124.17,49.52,0 -124.17,49.52,0 -124.17,49.51,0 -124.17,49.51,0 -124.16,49.50,0 -124.16,49.49,0 -124.15,49.49,0 -124.15,49.48,0 -124.15,49.47,0 -124.14,49.47,0 -124.14,49.46,0 -124.14,49.46,0 -124.15,49.45,0 -124.16,49.45,0 -124.16,49.45,0 -124.17,49.45,0 -124.18,49.45,0 -124.18,49.45,0 -124.19,49.45,0 -124.20,49.45,0 -124.21,49.45,0 -124.22,49.45,0 -124.23,49.45,0 -124.24,49.45,0 -124.25,49.45,0 -124.26,49.45,0 -124.27,49.45,0 -124.28,49.45,0 -124.29,49.46,0 -124.30,49.46,0 -124.31,49.46,0 -124.32,49.46,0 -124.33,49.46,0 -124.34,49.46,0 -124.35,49.46,0 -124.36,49.46,0 -124.37,49.46,0 -124.38,49.47,0 -124.39,49.47,0 -124.40,49.47,0 -124.41,49.47,0 -124.41,49.47,0 -124.42,49.47,0 -124.43,49.47,0 -124.43,49.47,0 -124.46,49.47,0 -124.44,49.47,0 -124.46,49.56,0 
          </coordinates>
        </LinearRing>
      </innerBoundaryIs>
      <innerBoundaryIs>
        <LinearRing>
          <coordinates>
-121.39,50.58,0 -121.35,50.58,0 -121.30,50.58,0 -121.26,50.59,0 -121.23,50.59,0 -121.19,50.59,0 -121.16,50.59,0 -121.14,50.59,0 -121.10,50.59,0 -121.09,50.58,0 -121.07,50.56,0 -121.06,50.54,0 -121.04,50.51,0 -121.02,50.49,0 -121.00,50.46,0 -120.99,50.44,0 -120.98,50.42,0 -120.97,50.39,0 -120.96,50.37,0 -120.95,50.34,0 -120.95,50.32,0 -120.93,50.30,0 -120.92,50.28,0 -120.90,50.26,0 -120.87,50.25,0 -120.84,50.23,0 -120.81,50.22,0 -120.78,50.21,0 -120.76,50.20,0 -120.73,50.19,0 -120.71,50.17,0 -120.68,50.16,0 -120.67,50.14,0 -120.67,50.12,0 -120.66,50.10,0 -120.66,50.07,0 -120.67,50.05,0 -120.67,50.02,0 -120.67,50.00,0 -120.67,49.98,0 -120.67,49.95,0 -120.66,49.92,0 -120.67,49.91,0 -120.68,49.92,0 -120.70,49.93,0 -120.72,49.95,0 -120.75,49.97,0 -120.77,49.98,0 -120.80,50.00,0 -120.83,50.01,0 -120.86,50.03,0 -120.90,50.04,0 -120.93,50.05,0 -120.97,50.06,0 -121.01,50.06,0 -121.05,50.06,0 -121.09,50.06,0 -121.14,50.06,0 -121.18,50.06,0 -121.21,50.06,0 -121.24,50.07,0 -121.26,50.08,0 -121.27,50.10,0 -121.28,50.13,0 -121.28,50.15,0 -121.28,50.18,0 -121.28,50.21,0 -121.29,50.23,0 -121.30,50.25,0 -121.31,50.28,0 -121.32,50.30,0 -121.32,50.32,0 -121.33,50.34,0 -121.34,50.37,0 -121.35,50.39,0 -121.36,50.41,0 -121.37,50.44,0 -121.38,50.46,0 -121.38,50.48,0 -121.39,50.50,0 -121.40,50.53,0 -121.41,50.55,0 -121.39,50.58,0 
          </coordinates>
        </LinearRing>
      </innerBoundaryIs>
      <innerBoundaryIs>
        <LinearRing>
          <coordinates>
-121.34,51.26,1000 -121.11,51.37,1000 -120.83,51.42,1000 -120.62,51.44,1000 -120.29,51.48,1000 -120.02,51.51,1000 -119.68,51.55,1000 -119.32,51.59,1000 -118.98,51.63,1000 -118.66,51.67,1000 -118.35,51.70,1000 -118.04,51.74,1000 -117.71,51.77,1000 -117.33,51.81,1000 -116.92,51.86,1000 -116.54,51.89,1000 -116.24,51.91,1000 -115.98,51.87,1000 -115.87,51.80,1000 -115.60,51.63,1000 -115.43,51.46,1000 -115.37,51.27,1000 -115.29,51.10,1000 -115.20,50.93,1000 -115.04,50.77,1000 -114.96,50.53,1000 -115.06,50.35,1000 -115.34,50.29,1000 -115.51,50.36,1000 -115.67,50.45,1000 -115.92,50.50,1000 -115.91,50.31,1000 -115.86,50.03,1000 -115.83,49.80,1000 -115.89,49.64,1000 -115.96,49.54,1000 -116.02,49.34,1000 -116.19,49.21,1000 -116.34,49.13,1000 -116.35,49.02,1000 -116.34,48.84,1000 -116.22,48.63,1000 -115.97,48.50,1000 -115.64,48.36,1000 -115.36,48.23,1000 -115.12,48.02,1000 -114.99,47.83,1000 -115.03,47.60,1000 -115.21,47.38,1000 -115.08,47.30,1000 -114.88,47.22,1000 -114.72,47.07,1000 -114.57,46.94,1000 -114.30,46.92,1000 -114.29,47.07,1000 -114.33,47.27,1000 -114.37,47.47,1000 -114.37,47.64,1000 -114.26,47.82,1000 -114.26,48.03,1000 -114.33,48.15,1000 -114.44,48.27,1000 -114.58,48.39,1000 -114.72,48.51,1000 -114.84,48.63,1000 -114.90,48.75,1000 -114.64,48.93,1000 -114.29,48.95,1000 -113.98,49.02,1000 -113.72,48.99,1000 -113.51,48.88,1000 -113.37,48.78,1000 -113.28,48.59,1000 -113.29,48.42,1000 -113.19,48.24,1000 -113.10,48.13,1000 -113.02,48.00,1000 -112.97,47.84,1000 -112.94,47.67,1000 -112.93,47.54,1000 -112.99,47.37,1000 -113.15,47.16,1000 -113.37,46.92,1000 -113.53,46.72,1000 -113.54,46.51,1000 -113.27,46.48,1000 -112.98,46.45,1000 -112.84,46.35,1000 -112.77,46.24,1000 -112.77,46.06,1000 -112.88,45.91,1000 -113.02,45.83,1000 -113.17,45.73,1000 -113.28,45.60,1000 -113.36,45.46,1000 -113.48,45.26,1000 -113.67,45.14,1000 -113.98,45.25,1000 -113.93,45.38,1000 -113.84,45.57,1000 -113.94,45.70,1000 -114.08,45.78,1000 -114.30,45.64,1000 -114.56,45.59,1000 -114.83,45.53,1000 -115.02,45.53,1000 -115.20,45.55,1000 -115.45,45.65,1000 -115.44,45.89,1000 -115.43,46.11,1000 -115.43,46.32,1000 -115.47,46.47,1000 -115.56,46.65,1000 -115.79,46.81,1000 -115.99,46.92,1000 -115.97,47.14,1000 -115.95,47.31,1000 -116.06,47.49,1000 -116.03,47.63,1000 -115.98,47.76,1000 -115.93,47.89,1000 -116.01,48.10,1000 -116.20,48.17,1000 -116.43,48.23,1000 -116.66,48.28,1000 -116.89,48.34,1000 -117.11,48.42,1000 -117.32,48.50,1000 -117.49,48.59,1000 -117.62,48.68,1000 -117.74,48.83,1000 -118.05,48.85,1000 -118.26,48.90,1000 -118.52,48.96,1000 -118.78,49.04,1000 -119.05,49.14,1000 -119.33,49.25,1000 -119.55,49.35,1000 -119.75,49.50,1000 -119.83,49.43,1000 -120.00,49.32,1000 -120.24,49.41,1000 -120.37,49.50,1000 -120.49,49.72,1000 -120.47,49.87,1000 -120.44,50.02,1000 -120.43,50.27,1000 -120.51,50.50,1000 -120.81,50.58,1000 -121.15,50.63,1000 -121.52,50.70,1000 -121.63,50.85,1000 -121.58,51.03,1000 -121.34,51.26,1000 
          </coordinates>
        </LinearRing>
      </innerBoundaryIs>
      <innerBoundaryIs>
        <LinearRing>
          <coordinates>
-127.89,50.34,1000 -127.75,50.42,1000 -127.60,50.48,1000 -127.47,50.51,1000 -127.29,50.53,1000 -127.12,50.56,1000 -126.91,50.59,1000 -126.70,50.62,1000 -126.52,50.65,1000 -126.30,50.67,1000 -126.12,50.68,1000 -125.89,50.67,1000 -125.67,50.67,1000 -125.47,50.75,1000 -125.28,50.83,1000 -125.16,50.85,1000 -124.92,50.88,1000 -124.76,50.90,1000 -124.56,50.93,1000 -124.33,50.97,1000 -124.09,51.00,1000 -123.86,51.03,1000 -123.66,51.06,1000 -123.50,51.08,1000 -123.23,51.11,1000 -123.11,51.11,1000 -122.98,51.08,1000 -122.82,51.04,1000 -122.65,51.01,1000 -122.44,50.98,1000 -122.25,50.94,1000 -122.09,50.88,1000 -121.95,50.82,1000 -121.82,50.74,1000 -121.69,50.65,1000 -121.56,50.56,1000 -121.45,50.44,1000 -121.39,50.32,1000 -121.35,50.18,1000 -121.30,50.04,1000 -121.23,49.94,1000 -121.08,49.88,1000 -120.91,49.85,1000 -120.76,49.80,1000 -120.67,49.68,1000 -120.61,49.54,1000 -120.54,49.40,1000 -120.45,49.31,1000 -120.35,49.23,1000 -120.28,49.08,1000 -120.26,48.96,1000 -120.24,48.80,1000 -120.23,48.63,1000 -120.23,48.46,1000 -120.23,48.30,1000 -120.24,48.18,1000 -120.28,48.03,1000 -120.34,47.94,1000 -120.41,47.85,1000 -120.50,47.74,1000 -120.61,47.62,1000 -120.70,47.53,1000 -120.80,47.41,1000 -120.95,47.33,1000 -121.13,47.28,1000 -121.29,47.30,1000 -121.43,47.35,1000 -121.52,47.40,1000 -121.59,47.49,1000 -121.66,47.61,1000 -121.73,47.77,1000 -121.79,47.90,1000 -121.82,48.04,1000 -121.82,48.14,1000 -121.75,48.22,1000 -121.72,48.30,1000 -121.86,48.38,1000 -122.04,48.46,1000 -122.17,48.54,1000 -122.27,48.64,1000 -122.32,48.78,1000 -122.35,48.92,1000 -122.33,49.03,1000 -122.34,49.10,1000 -122.45,49.11,1000 -122.64,49.11,1000 -122.81,49.13,1000 -123.00,49.16,1000 -123.20,49.20,1000 -123.42,49.24,1000 -123.64,49.28,1000 -123.82,49.32,1000 -123.95,49.36,1000 -124.03,49.42,1000 -124.12,49.55,1000 -124.23,49.66,1000 -124.40,49.68,1000 -124.54,49.65,1000 -124.55,49.56,1000 -124.50,49.46,1000 -124.39,49.41,1000 -124.27,49.37,1000 -124.08,49.29,1000 -123.93,49.20,1000 -123.79,49.10,1000 -123.66,48.98,1000 -123.59,48.87,1000 -123.56,48.75,1000 -123.63,48.61,1000 -123.75,48.49,1000 -123.91,48.44,1000 -124.08,48.44,1000 -124.16,48.46,1000 -124.31,48.54,1000 -124.46,48.60,1000 -124.66,48.67,1000 -124.88,48.75,1000 -125.09,48.83,1000 -125.26,48.89,1000 -125.45,48.95,1000 -125.59,48.98,1000 -125.73,49.02,1000 -125.88,49.08,1000 -126.04,49.15,1000 -126.17,49.21,1000 -126.33,49.26,1000 -126.46,49.31,1000 -126.57,49.38,1000 -126.67,49.45,1000 -126.75,49.53,1000 -126.83,49.60,1000 -126.97,49.65,1000 -127.12,49.71,1000 -127.23,49.79,1000 -127.36,49.87,1000 -127.56,49.91,1000 -127.75,49.96,1000 -127.86,50.08,1000 -127.94,50.23,1000 -127.89,50.34,1000 
          </coordinates>
        </LinearRing>
      </innerBoundaryIs>
  </Polygon>
 </MultiGeometry>
</Placemark>
<Placemark>
  <name>1%</name>
  <visibility>1</visibility>
  <styleUrl>#poly_1</styleUrl>
  <MultiGeometry>
    <Polygon>
      <outerBoundaryIs>
        <LinearRing>
          <coordinates>
-122.11,47.03,0 -122.08,47.04,0 -122.05,47.05,0 -122.01,47.05,0 -121.98,47.06,0 -121.95,47.07,0 -121.91,47.08,0 -121.88,47.08,0 -121.85,47.08,0 -121.82,47.09,0 -121.79,47.09,0 -121.75,47.09,0 -121.72,47.10,0 -121.69,47.10,0 -121.66,47.09,0 -121.63,47.09,0 -121.60,47.08,0 -121.57,47.08,0 -121.54,47.07,0 -121.51,47.06,0 -121.49,47.04,0 -121.46,47.03,0 -121.44,47.02,0 -121.42,47.00,0 -121.40,46.98,0 -121.39,46.97,0 -121.38,46.95,0 -121.37,46.92,0 -121.36,46.90,0 -121.35,46.88,0 -121.35,46.86,0 -121.34,46.84,0 -121.33,46.82,0 -121.33,46.80,0 -121.32,46.78,0 -121.32,46.75,0 -121.31,46.73,0 -121.31,46.71,0 -121.31,46.69,0 -121.32,46.67,0 -121.33,46.65,0 -121.34,46.63,0 -121.36,46.61,0 -121.37,46.59,0 -121.39,46.57,0 -121.41,46.55,0 -121.44,46.53,0 -121.46,46.52,0 -121.49,46.51,0 -121.51,46.50,0 -121.54,46.49,0 -121.57,46.49,0 -121.60,46.48,0 -121.64,46.48,0 -121.67,46.47,0 -121.70,46.47,0 -121.73,46.47,0 -121.76,46.46,0 -121.79,46.46,0 -121.83,46.46,0 -121.86,46.45,0 -121.89,46.45,0 -121.92,46.46,0 -121.95,46.46,0 -121.98,46.47,0 -122.01,46.47,0 -122.04,46.48,0 -122.07,46.49,0 -122.09,46.51,0 -122.12,46.52,0 -122.14,46.53,0 -122.16,46.55,0 -122.18,46.57,0 -122.19,46.58,0 -122.20,46.60,0 -122.21,46.62,0 -122.22,46.65,0 -122.23,46.67,0 -122.23,46.69,0 -122.24,46.71,0 -122.24,46.73,0 -122.25,46.75,0 -122.25,46.77,0 -122.25,46.79,0 -122.25,46.82,0 -122.25,46.84,0 -122.25,46.86,0 -122.25,46.88,0 -122.11,47.03,0 
          </coordinates>
        </LinearRing>
      </outerBoundaryIs>
      <innerBoundaryIs>
        <LinearRing>
          <coordinates>
-121.85,46.99,1000 -121.83,46.99,1000 -121.81,46.98,1000 -121.79,46.98,1000 -121.77,46.98,1000 -121.75,46.97,1000 -121.73,46.97,1000 -121.71,46.96,1000 -121.69,46.96,1000 -121.67,46.95,1000 -121.65,46.95,1000 -121.63,46.94,1000 -121.61,46.93,1000 -121.60,46.92,1000 -121.58,46.91,1000 -121.57,46.90,1000 -121.55,46.89,1000 -121.53,46.88,1000 -121.51,46.87,1000 -121.50,46.86,1000 -121.49,46.84,1000 -121.48,46.83,1000 -121.47,46.82,1000 -121.47,46.81,1000 -121.47,46.79,1000 -121.48,46.78,1000 -121.48,46.76,1000 -121.49,46.75,1000 -121.50,46.74,1000 -121.51,46.72,1000 -121.52,46.71,1000 -121.53,46.69,1000 -121.54,46.68,1000 -121.55,46.67,1000 -121.56,46.65,1000 -121.57,46.64,1000 -121.59,46.63,1000 -121.60,46.62,1000 -121.62,46.61,1000 -121.64,46.60,1000 -121.65,46.59,1000 -121.67,46.58,1000 -121.69,46.57,1000 -121.71,46.56,1000 -121.73,46.56,1000 -121.75,46.56,1000 -121.77,46.56,1000 -121.79,46.56,1000 -121.81,46.57,1000 -121.83,46.57,1000 -121.85,46.58,1000 -121.87,46.58,1000 -121.89,46.59,1000 -121.91,46.60,1000 -121.93,46.60,1000 -121.95,46.61,1000 -121.97,46.62,1000 -121.98,46.63,1000 -122.00,46.64,1000 -122.01,46.65,1000 -122.03,46.66,1000 -122.04,46.67,1000 -122.06,46.68,1000 -122.07,46.69,1000 -122.09,46.71,1000 -122.09,46.72,1000 -122.10,46.73,1000 -122.10,46.74,1000 -122.10,46.76,1000 -122.10,46.77,1000 -122.09,46.79,1000 -122.08,46.80,1000 -122.08,46.81,1000 -122.07,46.83,1000 -122.06,46.84,1000 -122.05,46.85,1000 -122.04,46.87,1000 -122.03,46.88,1000 -122.02,46.89,1000 -122.01,46.90,1000 -121.99,46.91,1000 -121.98,46.92,1000 -121.85,46.99,1000 
          </coordinates>
        </LinearRing>
      </innerBoundaryIs>
  </Polygon>
 </MultiGeometry>
</Placemark>
<Placemark>
  <name>1%</name>
  <visibility>1</visibility>
  <styleUrl>#poly_1</styleUrl>
  <MultiGeometry>
    <Polygon>
      <outerBoundaryIs>
        <LinearRing>
          <coordinates>
-107.25,40.32,0 -107.23,40.31,0 -107.21,40.31,0 -107.18,40.30,0 -107.16,40.30,0 -107.14,40.29,0 -107.12,40.28,0 -107.10,40.27,0 -107.08,40.26,0 -107.06,40.25,0 -107.04,40.24,0 -107.02,40.23,0 -107.00,40.22,0 -106.98,40.21,0 -106.97,40.20,0 -106.95,40.18,0 -106.94,40.17,0 -106.92,40.16,0 -106.92,40.14,0 -106.91,40.12,0 -106.91,40.10,0 -106.91,40.09,0 -106.92,40.07,0 -106.92,40.05,0 -106.93,40.02,0 -106.94,40.00,0 -106.94,39.98,0 -106.95,39.97,0 -106.96,39.95,0 -106.96,39.94,0 -106.97,39.93,0 -106.98,39.92,0 -107.00,39.91,0 -107.01,39.90,0 -107.03,39.89,0 -107.05,39.87,0 -107.08,39.86,0 -107.10,39.84,0 -107.12,39.83,0 -107.15,39.82,0 -107.17,39.81,0 -107.19,39.81,0 -107.21,39.81,0 -107.23,39.81,0 -107.26,39.82,0 -107.28,39.82,0 -107.31,39.83,0 -107.33,39.84,0 -107.35,39.85,0 -107.37,39.86,0 -107.39,39.88,0 -107.41,39.89,0 -107.43,39.90,0 -107.45,39.91,0 -107.46,39.93,0 -107.48,39.95,0 -107.49,39.96,0 -107.50,39.98,0 -107.51,40.00,0 -107.52,40.02,0 -107.52,40.04,0 -107.53,40.05,0 -107.53,40.07,0 -107.53,40.09,0 -107.52,40.11,0 -107.51,40.13,0 -107.50,40.14,0 -107.49,40.16,0 -107.47,40.18,0 -107.46,40.19,0 -107.45,40.20,0 -107.43,40.22,0 -107.41,40.23,0 -107.40,40.24,0 -107.38,40.25,0 -107.36,40.26,0 -107.25,40.32,0 
          </coordinates>
        </LinearRing>
      </outerBoundaryIs>
  </Polygon>
 </MultiGeometry>
</Placemark>
<Placemark>
  <name>1%</name>
  <visibility>1</visibility>
  <styleUrl>#poly_1</styleUrl>
  <MultiGeometry>
    <Polygon>
      <outerBoundaryIs>
        <LinearRing>
          <coordinates>
-111.87,47.16,0 -111.68,47.18,0 -111.50,47.20,0 -111.33,47.22,0 -111.18,47.23,0 -110.96,47.25,0 -110.79,47.24,0 -110.61,47.20,0 -110.47,47.14,0 -110.40,47.04,0 -110.36,46.93,0 -110.35,46.81,0 -110.32,46.67,0 -110.23,46.56,0 -110.11,46.44,0 -110.01,46.32,0 -109.95,46.21,0 -109.92,46.11,0 -109.90,46.00,0 -109.91,45.88,0 -109.94,45.75,0 -109.93,45.65,0 -109.80,45.57,0 -109.62,45.49,0 -109.47,45.40,0 -109.31,45.29,0 -109.19,45.19,0 -109.12,45.07,0 -109.12,44.97,0 -109.17,44.86,0 -109.23,44.76,0 -109.25,44.68,0 -109.27,44.60,0 -109.36,44.48,0 -109.44,44.34,0 -109.44,44.23,0 -109.41,44.11,0 -109.40,44.00,0 -109.42,43.85,0 -109.46,43.72,0 -109.51,43.65,0 -109.59,43.60,0 -109.71,43.52,0 -109.85,43.45,0 -110.00,43.44,0 -110.22,43.44,0 -110.39,43.42,0 -110.61,43.40,0 -110.81,43.38,0 -110.97,43.38,0 -111.11,43.43,0 -111.17,43.52,0 -111.22,43.63,0 -111.26,43.78,0 -111.28,43.89,0 -111.30,44.01,0 -111.32,44.13,0 -111.36,44.24,0 -111.44,44.34,0 -111.54,44.43,0 -111.63,44.50,0 -111.77,44.59,0 -111.88,44.69,0 -111.93,44.82,0 -111.95,44.96,0 -111.97,45.07,0 -111.96,45.18,0 -111.90,45.30,0 -111.83,45.41,0 -111.77,45.49,0 -111.69,45.55,0 -111.51,45.62,0 -111.36,45.69,0 -111.34,45.78,0 -111.39,45.88,0 -111.51,45.99,0 -111.64,46.09,0 -111.67,46.16,0 -111.70,46.23,0 -111.81,46.30,0 -111.93,46.38,0 -111.98,46.50,0 -112.01,46.64,0 -112.03,46.77,0 -112.04,46.91,0 -111.87,47.16,0 
          </coordinates>
        </LinearRing>
      </outerBoundaryIs>
      <innerBoundaryIs>
        <LinearRing>
          <coordinates>
-111.61,47.12,1000 -111.41,47.14,1000 -111.22,47.16,1000 -111.06,47.17,1000 -110.92,47.17,1000 -110.77,47.15,1000 -110.68,47.10,1000 -110.57,47.06,1000 -110.47,46.97,1000 -110.43,46.87,1000 -110.39,46.75,1000 -110.36,46.62,1000 -110.31,46.50,1000 -110.21,46.37,1000 -110.10,46.25,1000 -110.02,46.15,1000 -110.01,46.03,1000 -110.05,45.93,1000 -110.13,45.86,1000 -110.19,45.80,1000 -110.19,45.72,1000 -110.13,45.64,1000 -110.01,45.56,1000 -109.86,45.49,1000 -109.70,45.42,1000 -109.55,45.34,1000 -109.43,45.23,1000 -109.34,45.11,1000 -109.31,45.02,1000 -109.31,44.93,1000 -109.32,44.83,1000 -109.36,44.72,1000 -109.43,44.61,1000 -109.47,44.48,1000 -109.48,44.35,1000 -109.47,44.21,1000 -109.46,44.07,1000 -109.46,43.96,1000 -109.50,43.84,1000 -109.56,43.77,1000 -109.65,43.69,1000 -109.77,43.62,1000 -109.94,43.58,1000 -110.12,43.56,1000 -110.24,43.58,1000 -110.35,43.60,1000 -110.51,43.56,1000 -110.68,43.52,1000 -110.85,43.52,1000 -111.00,43.54,1000 -111.09,43.60,1000 -111.15,43.70,1000 -111.17,43.82,1000 -111.18,43.96,1000 -111.18,44.09,1000 -111.20,44.23,1000 -111.24,44.32,1000 -111.30,44.41,1000 -111.37,44.49,1000 -111.51,44.57,1000 -111.66,44.65,1000 -111.78,44.75,1000 -111.87,44.87,1000 -111.91,45.00,1000 -111.88,45.14,1000 -111.81,45.25,1000 -111.71,45.36,1000 -111.60,45.46,1000 -111.47,45.55,1000 -111.33,45.62,1000 -111.25,45.71,1000 -111.27,45.81,1000 -111.34,45.93,1000 -111.43,46.04,1000 -111.53,46.16,1000 -111.63,46.28,1000 -111.73,46.38,1000 -111.84,46.47,1000 -111.92,46.55,1000 -111.97,46.68,1000 -111.98,46.81,1000 -111.93,46.92,1000 -111.84,47.02,1000 -111.61,47.12,1000 
          </coordinates>
        </LinearRing>
      </innerBoundaryIs>
  </Polygon>
 </MultiGeometry>
</Placemark>
<Placemark>
  <name>1%</name>
  <visibility>1</visibility>
  <styleUrl>#poly_1</styleUrl>
  <MultiGeometry>
    <Polygon>
      <outerBoundaryIs>
        <LinearRing>
          <coordinates>
-69.17,51.32,0 -68.34,51.28,0 -67.91,51.25,0 -67.45,51.16,0 -66.34,50.73,0 -65.90,50.56,0 -65.67,50.41,0 -65.36,50.10,0 -65.22,49.95,0 -65.20,49.81,0 -65.25,49.68,0 -65.65,49.31,0 -65.26,49.24,0 -64.92,49.07,0 -64.68,48.89,0 -64.46,48.80,0 -64.25,48.71,0 -64.16,48.52,0 -64.28,48.33,0 -64.45,48.23,0 -64.78,48.06,0 -65.19,47.94,0 -65.59,47.97,0 -65.84,47.94,0 -66.18,47.86,0 -66.46,47.60,0 -66.75,47.44,0 -66.80,47.28,0 -66.86,47.04,0 -67.07,47.23,0 -67.45,47.27,0 -67.84,47.25,0 -68.06,47.22,0 -68.36,47.05,0 -68.49,46.88,0 -68.74,46.68,0 -69.15,46.46,0 -69.65,46.16,0 -69.92,45.96,0 -70.11,45.69,0 -70.40,45.20,0 -70.55,44.94,0 -70.78,44.74,0 -71.05,44.55,0 -71.10,44.35,0 -71.05,44.21,0 -71.16,44.09,0 -71.57,43.95,0 -71.91,44.14,0 -72.13,44.23,0 -72.37,44.23,0 -72.70,44.11,0 -73.16,44.12,0 -73.46,43.68,0 -73.57,43.30,0 -73.54,43.22,0 -73.31,43.25,0 -73.07,43.30,0 -72.85,43.19,0 -72.72,42.98,0 -72.76,42.66,0 -72.90,42.40,0 -73.06,42.27,0 -73.28,42.17,0 -73.70,42.15,0 -74.01,42.08,0 -74.16,41.89,0 -74.53,41.59,0 -74.91,41.25,0 -75.10,40.95,0 -75.43,40.72,0 -75.93,40.44,0 -76.44,40.23,0 -76.79,40.12,0 -76.79,39.85,0 -76.89,39.71,0 -77.16,39.58,0 -77.40,39.45,0 -77.73,39.40,0 -78.03,39.29,0 -78.29,39.09,0 -78.57,38.88,0 -78.73,38.61,0 -79.11,38.15,0 -79.66,37.72,0 -79.94,37.38,0 -80.12,36.82,0 -80.25,36.67,0 -80.59,36.54,0 -81.01,36.40,0 -81.43,36.05,0 -81.64,35.84,0 -81.91,35.65,0 -82.14,35.49,0 -82.44,35.42,0 -82.92,35.11,0 -83.48,34.83,0 -84.09,34.77,0 -84.33,34.70,0 -84.56,34.76,0 -84.69,34.89,0 -84.63,35.41,0 -84.91,35.41,0 -85.23,35.17,0 -85.49,35.03,0 -85.83,34.94,0 -86.02,34.92,0 -86.22,35.07,0 -86.37,35.36,0 -86.35,35.72,0 -86.10,36.41,0 -85.82,36.77,0 -85.63,37.04,0 -85.57,37.37,0 -85.53,37.71,0 -85.71,38.17,0 -86.34,38.15,0 -86.59,38.25,0 -86.84,38.45,0 -87.39,38.72,0 -88.16,38.61,0 -88.56,38.57,0 -89.15,38.57,0 -89.71,38.65,0 -90.18,38.68,0 -90.42,38.66,0 -90.65,38.57,0 -90.86,38.36,0 -91.09,38.15,0 -91.39,38.00,0 -91.58,37.94,0 -91.80,37.96,0 -92.03,38.06,0 -92.48,38.55,0 -92.77,38.89,0 -92.94,39.10,0 -93.17,39.27,0 -93.55,39.46,0 -93.97,39.77,0 -94.46,39.94,0 -95.01,40.15,0 -95.51,40.49,0 -95.93,40.83,0 -96.39,41.16,0 -96.68,41.35,0 -96.99,41.41,0 -97.85,41.49,0 -98.74,41.60,0 -99.22,41.87,0 -99.46,42.04,0 -99.69,42.35,0 -100.12,42.68,0 -100.40,42.91,0 -100.55,43.15,0 -100.45,43.37,0 -100.31,43.48,0 -100.06,43.56,0 -99.76,43.68,0 -99.30,43.72,0 -98.97,43.76,0 -98.78,43.84,0 -98.53,43.96,0 -98.33,44.13,0 -97.91,44.50,0 -97.79,44.91,0 -97.88,45.55,0 -97.89,45.86,0 -97.68,46.15,0 -97.46,46.42,0 -97.50,46.57,0 -97.67,46.71,0 -98.23,47.03,0 -98.72,47.37,0 -98.90,47.56,0 -98.95,47.74,0 -99.04,47.98,0 -99.40,48.57,0 -99.53,48.86,0 -99.79,49.15,0 -99.94,49.30,0 -100.28,49.49,0 -100.78,49.71,0 -101.01,49.88,0 -101.15,50.12,0 -101.58,50.45,0 -102.34,51.04,0 -102.74,51.39,0 -103.14,51.63,0 -103.56,52.00,0 -103.57,52.19,0 -103.48,52.34,0 -103.13,52.45,0 -102.60,52.46,0 -101.98,52.43,0 -101.70,52.37,0 -101.34,52.21,0 -100.89,52.11,0 -100.61,52.09,0 -99.67,52.06,0 -99.10,52.06,0 -98.63,52.13,0 -98.21,52.21,0 -97.49,52.17,0 -96.74,52.12,0 -95.85,52.00,0 -95.07,52.15,0 -94.55,52.14,0 -93.95,52.09,0 -93.39,51.98,0 -92.47,51.89,0 -92.04,51.89,0 -91.57,51.94,0 -91.11,51.90,0 -90.78,51.82,0 -90.27,51.58,0 -90.05,51.46,0 -89.51,51.34,0 -88.77,51.19,0 -87.91,50.95,0 -87.64,50.90,0 -87.25,50.90,0 -86.43,50.98,0 -85.87,50.97,0 -85.32,50.91,0 -84.87,50.81,0 -84.45,50.61,0 -83.82,50.34,0 -83.23,50.06,0 -83.01,49.87,0 -82.51,49.75,0 -82.03,49.48,0 -81.82,49.30,0 -81.52,49.23,0 -80.90,49.05,0 -80.54,49.00,0 -80.22,48.88,0 -79.50,48.74,0 -78.87,48.53,0 -78.12,48.35,0 -77.28,48.35,0 -76.45,48.43,0 -75.73,48.60,0 -75.17,48.77,0 -74.79,48.88,0 -74.56,48.98,0 -73.89,49.29,0 -73.46,49.40,0 -73.25,49.54,0 -73.03,49.78,0 -72.73,49.97,0 -72.45,50.06,0 -72.17,50.31,0 -71.68,50.75,0 -71.08,50.99,0 -70.42,51.10,0 -69.72,51.25,0 -69.17,51.32,0 
          </coordinates>
        </LinearRing>
      </outerBoundaryIs>
      <innerBoundaryIs>
        <LinearRing>
          <coordinates>
-83.50,44.00,0 -83.38,44.01,0 -83.26,44.02,0 -83.15,44.02,0 -83.05,44.01,0 -82.95,43.99,0 -82.88,43.95,0 -82.79,43.87,0 -82.74,43.82,0 -82.68,43.76,0 -82.62,43.69,0 -82.56,43.61,0 -82.50,43.54,0 -82.44,43.46,0 -82.38,43.40,0 -82.32,43.33,0 -82.26,43.27,0 -82.21,43.21,0 -82.15,43.15,0 -82.09,43.09,0 -82.02,43.03,0 -81.94,42.97,0 -81.85,42.91,0 -81.75,42.84,0 -81.66,42.78,0 -81.58,42.73,0 -81.52,42.68,0 -81.47,42.60,0 -81.47,42.55,0 -81.51,42.49,0 -81.56,42.44,0 -81.64,42.39,0 -81.73,42.35,0 -81.80,42.31,0 -81.91,42.28,0 -82.02,42.25,0 -82.09,42.22,0 -82.16,42.18,0 -82.24,42.13,0 -82.31,42.08,0 -82.37,42.03,0 -82.43,41.97,0 -82.48,41.91,0 -82.54,41.86,0 -82.63,41.82,0 -82.73,41.79,0 -82.82,41.76,0 -82.89,41.71,0 -82.96,41.66,0 -83.05,41.63,0 -83.14,41.63,0 -83.24,41.66,0 -83.34,41.69,0 -83.43,41.72,0 -83.52,41.77,0 -83.58,41.84,0 -83.64,41.90,0 -83.70,41.95,0 -83.74,42.00,0 -83.78,42.10,0 -83.79,42.17,0 -83.79,42.25,0 -83.79,42.35,0 -83.79,42.45,0 -83.79,42.55,0 -83.79,42.64,0 -83.79,42.72,0 -83.80,42.79,0 -83.82,42.89,0 -83.86,42.93,0 -83.92,42.97,0 -84.01,43.01,0 -84.12,43.05,0 -84.23,43.10,0 -84.31,43.14,0 -84.35,43.20,0 -84.34,43.27,0 -84.32,43.33,0 -84.30,43.39,0 -84.26,43.44,0 -84.21,43.51,0 -84.17,43.59,0 -84.13,43.68,0 -84.08,43.76,0 -84.02,43.83,0 -83.94,43.88,0 -83.85,43.90,0 -83.75,43.91,0 -83.50,44.00,0 
          </coordinates>
        </LinearRing>
      </innerBoundaryIs>
      <innerBoundaryIs>
        <LinearRing>
          <coordinates>
-83.24,44.19,1000 -83.10,44.17,1000 -82.96,44.14,1000 -82.84,44.10,1000 -82.74,44.06,1000 -82.65,44.00,1000 -82.55,43.91,1000 -82.49,43.83,1000 -82.42,43.74,1000 -82.34,43.63,1000 -82.27,43.53,1000 -82.20,43.43,1000 -82.14,43.35,1000 -82.07,43.26,1000 -82.00,43.20,1000 -81.94,43.15,1000 -81.87,43.09,1000 -81.78,43.03,1000 -81.68,42.97,1000 -81.58,42.91,1000 -81.49,42.86,1000 -81.38,42.81,1000 -81.29,42.76,1000 -81.22,42.72,1000 -81.16,42.67,1000 -81.14,42.62,1000 -81.16,42.56,1000 -81.21,42.50,1000 -81.22,42.47,1000 -81.32,42.40,1000 -81.40,42.36,1000 -81.49,42.30,1000 -81.61,42.24,1000 -81.73,42.17,1000 -81.85,42.10,1000 -81.97,42.04,1000 -82.07,41.98,1000 -82.19,41.90,1000 -82.31,41.83,1000 -82.42,41.76,1000 -82.51,41.69,1000 -82.60,41.63,1000 -82.72,41.54,1000 -82.82,41.46,1000 -82.90,41.40,1000 -82.99,41.34,1000 -83.07,41.31,1000 -83.12,41.30,1000 -83.23,41.36,1000 -83.31,41.40,1000 -83.40,41.46,1000 -83.51,41.52,1000 -83.63,41.60,1000 -83.73,41.67,1000 -83.83,41.75,1000 -83.91,41.84,1000 -83.99,41.93,1000 -84.07,42.03,1000 -84.14,42.13,1000 -84.20,42.22,1000 -84.26,42.30,1000 -84.36,42.41,1000 -84.43,42.48,1000 -84.48,42.55,1000 -84.48,42.63,1000 -84.45,42.71,1000 -84.44,42.78,1000 -84.47,42.85,1000 -84.52,42.91,1000 -84.57,42.98,1000 -84.61,43.06,1000 -84.64,43.16,1000 -84.64,43.25,1000 -84.61,43.34,1000 -84.55,43.43,1000 -84.49,43.53,1000 -84.44,43.62,1000 -84.38,43.71,1000 -84.32,43.80,1000 -84.26,43.88,1000 -84.18,43.95,1000 -84.08,44.00,1000 -83.97,44.04,1000 -83.86,44.07,1000 -83.74,44.10,1000 -83.61,44.13,1000 -83.48,44.16,1000 -83.24,44.19,1000 
          </coordinates>
        </LinearRing>
      </innerBoundaryIs>
      <innerBoundaryIs>
        <LinearRing>
          <coordinates>
-69.20,51.21,1000 -68.38,51.15,1000 -67.96,51.13,1000 -67.49,51.04,1000 -66.90,50.82,1000 -66.32,50.58,1000 -65.90,50.41,1000 -65.71,50.26,1000 -65.43,49.92,1000 -65.35,49.80,1000 -65.40,49.63,1000 -65.67,49.43,1000 -65.74,49.31,1000 -65.54,49.23,1000 -65.18,49.08,1000 -64.55,48.67,1000 -64.47,48.41,1000 -64.75,48.21,1000 -65.45,48.10,1000 -66.40,47.90,1000 -67.17,47.64,1000 -68.01,47.30,1000 -68.69,47.01,1000 -69.58,46.47,1000 -70.02,46.15,1000 -70.23,46.02,1000 -70.40,45.78,1000 -70.48,45.43,1000 -70.62,45.15,1000 -70.97,44.77,1000 -71.56,44.44,1000 -72.36,44.38,1000 -72.68,44.30,1000 -73.12,44.37,1000 -73.29,44.41,1000 -73.36,44.32,1000 -73.44,44.05,1000 -73.71,43.56,1000 -73.81,43.22,1000 -73.81,43.11,1000 -73.66,43.01,1000 -73.11,43.02,1000 -73.00,42.87,1000 -73.00,42.70,1000 -73.06,42.55,1000 -73.24,42.39,1000 -73.56,42.34,1000 -73.87,42.35,1000 -74.03,42.29,1000 -74.29,41.99,1000 -74.54,41.76,1000 -74.84,41.56,1000 -75.14,41.21,1000 -75.46,40.86,1000 -75.97,40.59,1000 -76.18,40.52,1000 -76.55,40.49,1000 -77.04,40.54,1000 -77.20,40.43,1000 -77.25,40.14,1000 -77.35,39.84,1000 -77.68,39.69,1000 -77.98,39.61,1000 -78.30,39.52,1000 -78.59,39.31,1000 -78.80,39.08,1000 -78.95,38.67,1000 -79.29,38.19,1000 -79.73,37.87,1000 -79.89,37.73,1000 -80.10,37.42,1000 -80.65,36.92,1000 -81.38,36.28,1000 -81.93,35.79,1000 -82.29,35.58,1000 -82.59,35.48,1000 -82.82,35.33,1000 -83.20,35.13,1000 -83.67,34.94,1000 -84.12,34.98,1000 -84.35,35.15,1000 -84.37,35.51,1000 -84.30,35.69,1000 -84.15,35.87,1000 -84.13,36.01,1000 -84.40,35.93,1000 -84.92,35.64,1000 -85.47,35.27,1000 -85.79,35.24,1000 -86.01,35.42,1000 -86.07,35.60,1000 -86.04,35.80,1000 -85.91,36.06,1000 -85.69,36.36,1000 -85.42,36.57,1000 -85.14,36.88,1000 -85.09,37.56,1000 -85.10,37.75,1000 -85.28,38.09,1000 -85.44,38.67,1000 -85.70,38.89,1000 -86.00,38.89,1000 -86.29,38.78,1000 -86.80,38.91,1000 -87.34,39.14,1000 -87.64,39.10,1000 -88.01,38.97,1000 -88.33,38.92,1000 -88.85,38.95,1000 -89.64,38.92,1000 -90.11,38.91,1000 -90.56,38.95,1000 -90.89,38.77,1000 -91.13,38.52,1000 -91.38,38.36,1000 -91.66,38.29,1000 -91.92,38.38,1000 -92.11,38.52,1000 -92.29,38.72,1000 -92.48,39.03,1000 -92.91,39.46,1000 -93.43,39.79,1000 -93.92,40.12,1000 -94.77,40.29,1000 -95.57,40.85,1000 -96.35,41.41,1000 -96.92,41.58,1000 -97.38,41.65,1000 -97.82,41.64,1000 -98.50,41.74,1000 -98.92,41.89,1000 -99.21,42.06,1000 -99.43,42.26,1000 -99.54,42.46,1000 -99.74,42.73,1000 -100.04,42.89,1000 -100.24,43.05,1000 -100.27,43.27,1000 -100.04,43.44,1000 -99.56,43.58,1000 -99.07,43.50,1000 -98.79,43.53,1000 -98.67,43.64,1000 -98.12,43.98,1000 -97.64,44.38,1000 -97.53,44.68,1000 -97.54,45.01,1000 -97.67,45.53,1000 -97.73,45.67,1000 -97.69,45.88,1000 -97.38,46.19,1000 -97.32,46.50,1000 -97.43,46.74,1000 -97.90,47.05,1000 -98.47,47.37,1000 -98.65,47.52,1000 -98.74,47.75,1000 -99.05,48.32,1000 -99.17,48.61,1000 -99.21,48.90,1000 -99.56,49.35,1000 -99.80,49.51,1000 -100.15,49.63,1000 -100.52,49.79,1000 -100.83,50.06,1000 -100.94,50.25,1000 -101.17,50.45,1000 -101.66,50.78,1000 -101.93,50.93,1000 -102.16,51.13,1000 -102.67,51.55,1000 -103.10,51.83,1000 -103.23,51.98,1000 -103.14,52.20,1000 -102.84,52.28,1000 -102.40,52.32,1000 -101.92,52.29,1000 -101.65,52.19,1000 -101.40,52.06,1000 -100.94,51.99,1000 -100.03,51.93,1000 -99.00,51.92,1000 -98.27,52.07,1000 -97.65,52.06,1000 -97.10,52.00,1000 -96.24,51.91,1000 -95.77,51.86,1000 -95.22,51.95,1000 -94.72,51.99,1000 -94.25,51.93,1000 -93.34,51.80,1000 -92.37,51.66,1000 -91.33,51.55,1000 -91.11,51.42,1000 -90.96,51.16,1000 -90.75,50.80,1000 -90.55,50.39,1000 -90.29,49.99,1000 -90.10,49.85,1000 -89.80,49.76,1000 -89.32,49.79,1000 -88.94,49.92,1000 -88.67,50.07,1000 -88.41,50.28,1000 -87.78,50.49,1000 -87.14,50.68,1000 -86.84,50.76,1000 -86.17,50.83,1000 -85.53,50.80,1000 -85.01,50.73,1000 -84.71,50.62,1000 -84.45,50.45,1000 -84.13,50.27,1000 -83.55,50.10,1000 -82.86,49.79,1000 -82.00,49.38,1000 -81.33,49.06,1000 -80.80,48.90,1000 -80.40,48.83,1000 -79.99,48.70,1000 -79.43,48.59,1000 -78.80,48.41,1000 -77.96,48.19,1000 -77.17,48.26,1000 -76.74,48.25,1000 -76.42,48.32,1000 -75.77,48.48,1000 -74.99,48.70,1000 -74.65,48.79,1000 -74.30,48.99,1000 -73.60,49.24,1000 -73.31,49.33,1000 -73.03,49.55,1000 -72.81,49.76,1000 -72.64,49.86,1000 -72.30,49.98,1000 -72.10,50.12,1000 -71.68,50.59,1000 -71.44,50.72,1000 -71.09,50.85,1000 -69.20,51.21,1000 
          </coordinates>
        </LinearRing>
      </innerBoundaryIs>
  </Polygon>
 </MultiGeometry>
</Placemark>
<Placemark>
  <name>1%</name>
  <visibility>1</visibility>
  <styleUrl>#poly_1</styleUrl>
  <MultiGeometry>
    <Polygon>
      <outerBoundaryIs>
        <LinearRing>
          <coordinates>
-103.04,42.81,0 -103.03,42.81,0 -103.02,42.81,0 -102.99,42.79,0 -102.98,42.78,0 -102.97,42.77,0 -102.96,42.76,0 -102.94,42.75,0 -102.93,42.74,0 -102.91,42.73,0 -102.89,42.72,0 -102.88,42.70,0 -102.86,42.69,0 -102.85,42.68,0 -102.83,42.67,0 -102.82,42.65,0 -102.81,42.64,0 -102.80,42.64,0 -102.79,42.63,0 -102.79,42.62,0 -102.79,42.61,0 -102.80,42.60,0 -102.80,42.59,0 -102.81,42.58,0 -102.82,42.57,0 -102.84,42.55,0 -102.85,42.53,0 -102.86,42.52,0 -102.87,42.50,0 -102.89,42.49,0 -102.90,42.47,0 -102.91,42.46,0 -102.92,42.45,0 -102.93,42.44,0 -102.95,42.42,0 -102.96,42.41,0 -102.97,42.40,0 -102.99,42.40,0 -103.01,42.40,0 -103.02,42.40,0 -103.04,42.40,0 -103.06,42.40,0 -103.08,42.41,0 -103.11,42.41,0 -103.13,42.41,0 -103.15,42.42,0 -103.17,42.42,0 -103.19,42.42,0 -103.21,42.43,0 -103.23,42.43,0 -103.24,42.43,0 -103.25,42.43,0 -103.26,42.44,0 -103.27,42.45,0 -103.28,42.46,0 -103.29,42.47,0 -103.30,42.48,0 -103.32,42.50,0 -103.33,42.51,0 -103.34,42.53,0 -103.35,42.55,0 -103.36,42.56,0 -103.37,42.57,0 -103.38,42.59,0 -103.38,42.60,0 -103.38,42.61,0 -103.38,42.63,0 -103.37,42.64,0 -103.36,42.66,0 -103.35,42.67,0 -103.33,42.69,0 -103.32,42.70,0 -103.31,42.71,0 -103.29,42.72,0 -103.28,42.73,0 -103.26,42.74,0 -103.25,42.75,0 -103.23,42.76,0 -103.21,42.76,0 -103.20,42.77,0 -103.18,42.77,0 -103.16,42.78,0 -103.14,42.78,0 -103.04,42.81,0 
          </coordinates>
        </LinearRing>
      </outerBoundaryIs>
  </Polygon>
 </MultiGeometry>
</Placemark>
<Placemark>
  <name>1%</name>
  <visibility>1</visibility>
  <styleUrl>#poly_1</styleUrl>
  <MultiGeometry>
    <Polygon>
      <outerBoundaryIs>
        <LinearRing>
          <coordinates>
-105.92,40.92,0 -105.88,40.90,0 -105.83,40.89,0 -105.79,40.89,0 -105.74,40.89,0 -105.68,40.88,0 -105.63,40.86,0 -105.58,40.82,0 -105.53,40.78,0 -105.49,40.74,0 -105.47,40.69,0 -105.46,40.64,0 -105.45,40.60,0 -105.44,40.56,0 -105.41,40.52,0 -105.37,40.50,0 -105.32,40.47,0 -105.27,40.44,0 -105.23,40.40,0 -105.21,40.36,0 -105.19,40.32,0 -105.18,40.27,0 -105.17,40.23,0 -105.16,40.19,0 -105.16,40.14,0 -105.15,40.10,0 -105.15,40.05,0 -105.14,40.00,0 -105.14,39.96,0 -105.14,39.91,0 -105.15,39.87,0 -105.17,39.83,0 -105.21,39.79,0 -105.25,39.75,0 -105.28,39.72,0 -105.31,39.69,0 -105.33,39.67,0 -105.36,39.65,0 -105.40,39.62,0 -105.45,39.58,0 -105.49,39.55,0 -105.54,39.53,0 -105.60,39.51,0 -105.65,39.51,0 -105.71,39.50,0 -105.77,39.50,0 -105.83,39.49,0 -105.89,39.49,0 -105.94,39.49,0 -106.00,39.50,0 -106.05,39.52,0 -106.10,39.55,0 -106.15,39.58,0 -106.20,39.61,0 -106.23,39.63,0 -106.25,39.68,0 -106.28,39.71,0 -106.32,39.75,0 -106.35,39.80,0 -106.37,39.84,0 -106.38,39.88,0 -106.39,39.93,0 -106.40,39.97,0 -106.41,40.01,0 -106.43,40.06,0 -106.44,40.11,0 -106.45,40.15,0 -106.46,40.19,0 -106.47,40.24,0 -106.47,40.28,0 -106.46,40.32,0 -106.44,40.37,0 -106.40,40.41,0 -106.36,40.46,0 -106.34,40.49,0 -106.34,40.51,0 -106.34,40.54,0 -106.33,40.59,0 -106.33,40.64,0 -106.31,40.69,0 -106.28,40.73,0 -106.24,40.78,0 -106.19,40.82,0 -106.15,40.85,0 -106.10,40.87,0 -106.06,40.88,0 -106.01,40.88,0 -105.92,40.92,0 
          </coordinates>
        </LinearRing>
      </outerBoundaryIs>
      <innerBoundaryIs>
        <LinearRing>
          <coordinates>
-105.91,40.79,1000 -105.86,40.77,1000 -105.81,40.75,1000 -105.77,40.73,1000 -105.73,40.72,1000 -105.69,40.71,1000 -105.66,40.69,1000 -105.64,40.67,1000 -105.61,40.63,1000 -105.58,40.60,1000 -105.55,40.56,1000 -105.52,40.53,1000 -105.49,40.49,1000 -105.46,40.45,1000 -105.44,40.42,1000 -105.42,40.39,1000 -105.40,40.36,1000 -105.38,40.34,1000 -105.34,40.31,1000 -105.31,40.28,1000 -105.28,40.25,1000 -105.25,40.22,1000 -105.23,40.18,1000 -105.22,40.14,1000 -105.21,40.09,1000 -105.21,40.05,1000 -105.22,40.01,1000 -105.23,39.97,1000 -105.25,39.93,1000 -105.26,39.90,1000 -105.28,39.87,1000 -105.30,39.83,1000 -105.34,39.80,1000 -105.38,39.78,1000 -105.43,39.75,1000 -105.48,39.72,1000 -105.53,39.69,1000 -105.56,39.67,1000 -105.57,39.67,1000 -105.61,39.65,1000 -105.66,39.63,1000 -105.72,39.61,1000 -105.78,39.60,1000 -105.83,39.60,1000 -105.88,39.62,1000 -105.92,39.64,1000 -105.96,39.65,1000 -105.99,39.65,1000 -106.02,39.67,1000 -106.05,39.69,1000 -106.08,39.72,1000 -106.11,39.75,1000 -106.15,39.78,1000 -106.17,39.81,1000 -106.18,39.84,1000 -106.19,39.88,1000 -106.19,39.92,1000 -106.20,39.95,1000 -106.20,39.99,1000 -106.21,40.03,1000 -106.22,40.08,1000 -106.22,40.12,1000 -106.23,40.16,1000 -106.24,40.20,1000 -106.24,40.23,1000 -106.25,40.27,1000 -106.25,40.30,1000 -106.25,40.34,1000 -106.25,40.38,1000 -106.25,40.43,1000 -106.24,40.47,1000 -106.23,40.51,1000 -106.21,40.55,1000 -106.18,40.59,1000 -106.15,40.63,1000 -106.13,40.66,1000 -106.10,40.69,1000 -106.07,40.70,1000 -105.91,40.79,1000 
          </coordinates>
        </LinearRing>
      </innerBoundaryIs>
  </Polygon>
 </MultiGeometry>
</Placemark>
<Placemark>
  <name>1%</name>
  <visibility>1</visibility>
  <styleUrl>#poly_1</styleUrl>
  <MultiGeometry>
    <Polygon>
      <outerBoundaryIs>
        <LinearRing>
          <coordinates>
-123.98,48.13,0 -123.94,48.14,0 -123.90,48.15,0 -123.87,48.16,0 -123.83,48.17,0 -123.79,48.18,0 -123.75,48.19,0 -123.71,48.20,0 -123.67,48.20,0 -123.63,48.21,0 -123.59,48.22,0 -123.54,48.22,0 -123.50,48.22,0 -123.45,48.22,0 -123.41,48.21,0 -123.36,48.21,0 -123.31,48.20,0 -123.27,48.19,0 -123.23,48.18,0 -123.18,48.17,0 -123.16,48.15,0 -123.12,48.13,0 -123.09,48.11,0 -123.06,48.09,0 -123.03,48.07,0 -123.00,48.04,0 -122.97,48.02,0 -122.95,47.99,0 -122.93,47.96,0 -122.92,47.94,0 -122.91,47.91,0 -122.90,47.88,0 -122.90,47.85,0 -122.89,47.82,0 -122.89,47.79,0 -122.88,47.76,0 -122.88,47.73,0 -122.88,47.70,0 -122.88,47.68,0 -122.89,47.65,0 -122.90,47.62,0 -122.92,47.60,0 -122.94,47.57,0 -122.96,47.55,0 -122.99,47.53,0 -123.02,47.51,0 -123.05,47.49,0 -123.09,47.48,0 -123.13,47.47,0 -123.17,47.46,0 -123.21,47.45,0 -123.25,47.44,0 -123.29,47.43,0 -123.33,47.43,0 -123.37,47.42,0 -123.42,47.42,0 -123.46,47.41,0 -123.50,47.41,0 -123.54,47.41,0 -123.58,47.40,0 -123.63,47.40,0 -123.67,47.39,0 -123.71,47.40,0 -123.75,47.40,0 -123.79,47.41,0 -123.82,47.42,0 -123.86,47.43,0 -123.89,47.45,0 -123.93,47.46,0 -123.96,47.48,0 -123.98,47.50,0 -124.00,47.52,0 -124.02,47.55,0 -124.03,47.58,0 -124.04,47.60,0 -124.05,47.63,0 -124.06,47.66,0 -124.07,47.69,0 -124.08,47.71,0 -124.09,47.74,0 -124.10,47.77,0 -124.10,47.79,0 -124.11,47.82,0 -124.11,47.85,0 -124.12,47.88,0 -124.12,47.90,0 -124.12,47.93,0 -124.12,47.96,0 -124.12,47.99,0 -123.98,48.13,0 
          </coordinates>
        </LinearRing>
      </outerBoundaryIs>
      <innerBoundaryIs>
        <LinearRing>
          <coordinates>
-123.72,48.12,1000 -123.68,48.12,1000 -123.64,48.13,1000 -123.60,48.13,1000 -123.56,48.13,1000 -123.53,48.13,1000 -123.50,48.13,1000 -123.47,48.13,1000 -123.43,48.13,1000 -123.41,48.12,1000 -123.38,48.10,1000 -123.35,48.09,1000 -123.32,48.07,1000 -123.29,48.06,1000 -123.26,48.04,1000 -123.22,48.03,1000 -123.19,48.01,1000 -123.17,48.00,1000 -123.14,47.99,1000 -123.13,47.98,1000 -123.11,47.96,1000 -123.10,47.94,1000 -123.08,47.92,1000 -123.07,47.90,1000 -123.05,47.88,1000 -123.04,47.85,1000 -123.03,47.83,1000 -123.02,47.81,1000 -123.02,47.79,1000 -123.03,47.77,1000 -123.04,47.75,1000 -123.06,47.73,1000 -123.07,47.71,1000 -123.08,47.69,1000 -123.09,47.66,1000 -123.09,47.65,1000 -123.11,47.62,1000 -123.13,47.60,1000 -123.14,47.59,1000 -123.17,47.57,1000 -123.19,47.55,1000 -123.21,47.53,1000 -123.24,47.51,1000 -123.27,47.50,1000 -123.30,47.49,1000 -123.33,47.48,1000 -123.37,47.47,1000 -123.40,47.47,1000 -123.44,47.46,1000 -123.47,47.46,1000 -123.51,47.46,1000 -123.54,47.46,1000 -123.58,47.47,1000 -123.62,47.48,1000 -123.65,47.49,1000 -123.69,47.50,1000 -123.72,47.51,1000 -123.75,47.52,1000 -123.77,47.53,1000 -123.79,47.53,1000 -123.81,47.54,1000 -123.83,47.55,1000 -123.85,47.57,1000 -123.88,47.59,1000 -123.91,47.61,1000 -123.94,47.63,1000 -123.96,47.65,1000 -123.98,47.67,1000 -124.00,47.69,1000 -124.01,47.71,1000 -124.02,47.74,1000 -124.03,47.76,1000 -124.03,47.78,1000 -124.03,47.81,1000 -124.03,47.83,1000 -124.02,47.85,1000 -124.01,47.88,1000 -124.00,47.90,1000 -123.98,47.92,1000 -123.96,47.94,1000 -123.94,47.96,1000 -123.93,47.98,1000 -123.91,48.01,1000 -123.89,48.02,1000 -123.87,48.03,1000 -123.72,48.12,1000 
          </coordinates>
        </LinearRing>
      </innerBoundaryIs>
  </Polygon>
 </MultiGeometry>
</Placemark>
<Placemark>
  <name>5%</name>
  <visibility>1</visibility>
  <styleUrl>#poly_5</styleUrl>
  <MultiGeometry>
    <Polygon>
      <outerBoundaryIs>
        <LinearRing>
          <coordinates>
-121.85,46.99,1000 -121.83,46.99,1000 -121.81,46.98,1000 -121.79,46.98,1000 -121.77,46.98,1000 -121.75,46.97,1000 -121.73,46.97,1000 -121.71,46.96,1000 -121.69,46.96,1000 -121.67,46.95,1000 -121.65,46.95,1000 -121.63,46.94,1000 -121.61,46.93,1000 -121.60,46.92,1000 -121.58,46.91,1000 -121.57,46.90,1000 -121.55,46.89,1000 -121.53,46.88,1000 -121.51,46.87,1000 -121.50,46.86,1000 -121.49,46.84,1000 -121.48,46.83,1000 -121.47,46.82,1000 -121.47,46.81,1000 -121.47,46.79,1000 -121.48,46.78,1000 -121.48,46.76,1000 -121.49,46.75,1000 -121.50,46.74,1000 -121.51,46.72,1000 -121.52,46.71,1000 -121.53,46.69,1000 -121.54,46.68,1000 -121.55,46.67,1000 -121.56,46.65,1000 -121.57,46.64,1000 -121.59,46.63,1000 -121.60,46.62,1000 -121.62,46.61,1000 -121.64,46.60,1000 -121.65,46.59,1000 -121.67,46.58,1000 -121.69,46.57,1000 -121.71,46.56,1000 -121.73,46.56,1000 -121.75,46.56,1000 -121.77,46.56,1000 -121.79,46.56,1000 -121.81,46.57,1000 -121.83,46.57,1000 -121.85,46.58,1000 -121.87,46.58,1000 -121.89,46.59,1000 -121.91,46.60,1000 -121.93,46.60,1000 -121.95,46.61,1000 -121.97,46.62,1000 -121.98,46.63,1000 -122.00,46.64,1000 -122.01,46.65,1000 -122.03,46.66,1000 -122.04,46.67,1000 -122.06,46.68,1000 -122.07,46.69,1000 -122.09,46.71,1000 -122.09,46.72,1000 -122.10,46.73,1000 -122.10,46.74,1000 -122.10,46.76,1000 -122.10,46.77,1000 -122.09,46.79,1000 -122.08,46.80,1000 -122.08,46.81,1000 -122.07,46.83,1000 -122.06,46.84,1000 -122.05,46.85,1000 -122.04,46.87,1000 -122.03,46.88,1000 -122.02,46.89,1000 -122.01,46.90,1000 -121.99,46.91,1000 -121.98,46.92,1000 -121.85,46.99,1000 
          </coordinates>
        </LinearRing>
      </outerBoundaryIs>
  </Polygon>
 </MultiGeometry>
</Placemark>
<Placemark>
  <name>5%</name>
  <visibility>1</visibility>
  <styleUrl>#poly_5</styleUrl>
  <MultiGeometry>
    <Polygon>
      <outerBoundaryIs>
        <LinearRing>
          <coordinates>
-111.61,47.12,1000 -111.41,47.14,1000 -111.22,47.16,1000 -111.06,47.17,1000 -110.92,47.17,1000 -110.77,47.15,1000 -110.68,47.10,1000 -110.57,47.06,1000 -110.47,46.97,1000 -110.43,46.87,1000 -110.39,46.75,1000 -110.36,46.62,1000 -110.31,46.50,1000 -110.21,46.37,1000 -110.10,46.25,1000 -110.02,46.15,1000 -110.01,46.03,1000 -110.05,45.93,1000 -110.13,45.86,1000 -110.19,45.80,1000 -110.19,45.72,1000 -110.13,45.64,1000 -110.01,45.56,1000 -109.86,45.49,1000 -109.70,45.42,1000 -109.55,45.34,1000 -109.43,45.23,1000 -109.34,45.11,1000 -109.31,45.02,1000 -109.31,44.93,1000 -109.32,44.83,1000 -109.36,44.72,1000 -109.43,44.61,1000 -109.47,44.48,1000 -109.48,44.35,1000 -109.47,44.21,1000 -109.46,44.07,1000 -109.46,43.96,1000 -109.50,43.84,1000 -109.56,43.77,1000 -109.65,43.69,1000 -109.77,43.62,1000 -109.94,43.58,1000 -110.12,43.56,1000 -110.24,43.58,1000 -110.35,43.60,1000 -110.51,43.56,1000 -110.68,43.52,1000 -110.85,43.52,1000 -111.00,43.54,1000 -111.09,43.60,1000 -111.15,43.70,1000 -111.17,43.82,1000 -111.18,43.96,1000 -111.18,44.09,1000 -111.20,44.23,1000 -111.24,44.32,1000 -111.30,44.41,1000 -111.37,44.49,1000 -111.51,44.57,1000 -111.66,44.65,1000 -111.78,44.75,1000 -111.87,44.87,1000 -111.91,45.00,1000 -111.88,45.14,1000 -111.81,45.25,1000 -111.71,45.36,1000 -111.60,45.46,1000 -111.47,45.55,1000 -111.33,45.62,1000 -111.25,45.71,1000 -111.27,45.81,1000 -111.34,45.93,1000 -111.43,46.04,1000 -111.53,46.16,1000 -111.63,46.28,1000 -111.73,46.38,1000 -111.84,46.47,1000 -111.92,46.55,1000 -111.97,46.68,1000 -111.98,46.81,1000 -111.93,46.92,1000 -111.84,47.02,1000 -111.61,47.12,1000 
          </coordinates>
        </LinearRing>
      </outerBoundaryIs>
      <innerBoundaryIs>
        <LinearRing>
          <coordinates>
-111.83,46.94,2000 -111.69,47.00,2000 -111.53,47.04,2000 -111.35,47.06,2000 -111.15,47.06,2000 -111.01,47.06,2000 -110.87,47.05,2000 -110.75,47.04,2000 -110.65,47.00,2000 -110.59,46.94,2000 -110.55,46.86,2000 -110.53,46.77,2000 -110.58,46.70,2000 -110.60,46.63,2000 -110.51,46.55,2000 -110.36,46.46,2000 -110.25,46.38,2000 -110.18,46.32,2000 -110.14,46.26,2000 -110.10,46.14,2000 -110.09,46.01,2000 -110.16,45.92,2000 -110.26,45.86,2000 -110.44,45.83,2000 -110.49,45.77,2000 -110.40,45.72,2000 -110.26,45.64,2000 -110.09,45.56,2000 -109.92,45.48,2000 -109.76,45.40,2000 -109.64,45.33,2000 -109.50,45.22,2000 -109.43,45.13,2000 -109.39,45.03,2000 -109.40,44.90,2000 -109.45,44.77,2000 -109.49,44.65,2000 -109.53,44.53,2000 -109.55,44.42,2000 -109.54,44.29,2000 -109.53,44.16,2000 -109.54,44.03,2000 -109.56,43.91,2000 -109.59,43.83,2000 -109.65,43.77,2000 -109.76,43.69,2000 -109.88,43.63,2000 -110.05,43.60,2000 -110.14,43.65,2000 -110.25,43.70,2000 -110.39,43.71,2000 -110.55,43.70,2000 -110.70,43.64,2000 -110.83,43.59,2000 -110.94,43.61,2000 -111.02,43.67,2000 -111.06,43.77,2000 -111.08,43.87,2000 -111.07,43.93,2000 -111.04,44.00,2000 -111.01,44.11,2000 -111.00,44.23,2000 -111.04,44.35,2000 -111.14,44.47,2000 -111.25,44.54,2000 -111.39,44.60,2000 -111.51,44.66,2000 -111.62,44.72,2000 -111.70,44.77,2000 -111.77,44.85,2000 -111.81,44.94,2000 -111.80,45.05,2000 -111.76,45.16,2000 -111.71,45.24,2000 -111.63,45.33,2000 -111.54,45.40,2000 -111.44,45.48,2000 -111.35,45.56,2000 -111.24,45.67,2000 -111.18,45.79,2000 -111.20,45.87,2000 -111.25,45.96,2000 -111.32,46.05,2000 -111.42,46.14,2000 -111.53,46.23,2000 -111.64,46.33,2000 -111.71,46.41,2000 -111.78,46.50,2000 -111.85,46.59,2000 -111.91,46.68,2000 -111.83,46.94,2000 
          </coordinates>
        </LinearRing>
      </innerBoundaryIs>
      <innerBoundaryIs>
        <LinearRing>
          <coordinates>
-110.68,44.53,2000 -110.67,44.51,2000 -110.65,44.50,2000 -110.64,44.48,2000 -110.62,44.46,2000 -110.61,44.45,2000 -110.60,44.43,2000 -110.59,44.41,2000 -110.58,44.39,2000 -110.57,44.37,2000 -110.57,44.35,2000 -110.56,44.34,2000 -110.56,44.32,2000 -110.56,44.30,2000 -110.55,44.28,2000 -110.55,44.26,2000 -110.55,44.24,2000 -110.55,44.22,2000 -110.55,44.20,2000 -110.55,44.18,2000 -110.55,44.16,2000 -110.55,44.14,2000 -110.55,44.12,2000 -110.55,44.10,2000 -110.55,44.08,2000 -110.56,44.07,2000 -110.56,44.05,2000 -110.56,44.04,2000 -110.57,44.01,2000 -110.58,44.00,2000 -110.59,44.00,2000 -110.60,44.00,2000 -110.61,44.01,2000 -110.63,44.04,2000 -110.64,44.05,2000 -110.65,44.06,2000 -110.66,44.08,2000 -110.67,44.09,2000 -110.69,44.11,2000 -110.70,44.13,2000 -110.72,44.15,2000 -110.73,44.17,2000 -110.74,44.18,2000 -110.75,44.20,2000 -110.76,44.22,2000 -110.77,44.24,2000 -110.78,44.26,2000 -110.79,44.27,2000 -110.79,44.29,2000 -110.80,44.31,2000 -110.81,44.33,2000 -110.81,44.35,2000 -110.82,44.37,2000 -110.68,44.53,2000 
          </coordinates>
        </LinearRing>
      </innerBoundaryIs>
  </Polygon>
 </MultiGeometry>
</Placemark>
<Placemark>
  <name>5%</name>
  <visibility>1</visibility>
  <styleUrl>#poly_5</styleUrl>
  <MultiGeometry>
    <Polygon>
      <outerBoundaryIs>
        <LinearRing>
          <coordinates>
-121.34,51.26,1000 -121.11,51.37,1000 -120.83,51.42,1000 -120.62,51.44,1000 -120.29,51.48,1000 -120.02,51.51,1000 -119.68,51.55,1000 -119.32,51.59,1000 -118.98,51.63,1000 -118.66,51.67,1000 -118.35,51.70,1000 -118.04,51.74,1000 -117.71,51.77,1000 -117.33,51.81,1000 -116.92,51.86,1000 -116.54,51.89,1000 -116.24,51.91,1000 -115.98,51.87,1000 -115.87,51.80,1000 -115.60,51.63,1000 -115.43,51.46,1000 -115.37,51.27,1000 -115.29,51.10,1000 -115.20,50.93,1000 -115.04,50.77,1000 -114.96,50.53,1000 -115.06,50.35,1000 -115.34,50.29,1000 -115.51,50.36,1000 -115.67,50.45,1000 -115.92,50.50,1000 -115.91,50.31,1000 -115.86,50.03,1000 -115.83,49.80,1000 -115.89,49.64,1000 -115.96,49.54,1000 -116.02,49.34,1000 -116.19,49.21,1000 -116.34,49.13,1000 -116.35,49.02,1000 -116.34,48.84,1000 -116.22,48.63,1000 -115.97,48.50,1000 -115.64,48.36,1000 -115.36,48.23,1000 -115.12,48.02,1000 -114.99,47.83,1000 -115.03,47.60,1000 -115.21,47.38,1000 -115.08,47.30,1000 -114.88,47.22,1000 -114.72,47.07,1000 -114.57,46.94,1000 -114.30,46.92,1000 -114.29,47.07,1000 -114.33,47.27,1000 -114.37,47.47,1000 -114.37,47.64,1000 -114.26,47.82,1000 -114.26,48.03,1000 -114.33,48.15,1000 -114.44,48.27,1000 -114.58,48.39,1000 -114.72,48.51,1000 -114.84,48.63,1000 -114.90,48.75,1000 -114.64,48.93,1000 -114.29,48.95,1000 -113.98,49.02,1000 -113.72,48.99,1000 -113.51,48.88,1000 -113.37,48.78,1000 -113.28,48.59,1000 -113.29,48.42,1000 -113.19,48.24,1000 -113.10,48.13,1000 -113.02,48.00,1000 -112.97,47.84,1000 -112.94,47.67,1000 -112.93,47.54,1000 -112.99,47.37,1000 -113.15,47.16,1000 -113.37,46.92,1000 -113.53,46.72,1000 -113.54,46.51,1000 -113.27,46.48,1000 -112.98,46.45,1000 -112.84,46.35,1000 -112.77,46.24,1000 -112.77,46.06,1000 -112.88,45.91,1000 -113.02,45.83,1000 -113.17,45.73,1000 -113.28,45.60,1000 -113.36,45.46,1000 -113.48,45.26,1000 -113.67,45.14,1000 -113.98,45.25,1000 -113.93,45.38,1000 -113.84,45.57,1000 -113.94,45.70,1000 -114.08,45.78,1000 -114.30,45.64,1000 -114.56,45.59,1000 -114.83,45.53,1000 -115.02,45.53,1000 -115.20,45.55,1000 -115.45,45.65,1000 -115.44,45.89,1000 -115.43,46.11,1000 -115.43,46.32,1000 -115.47,46.47,1000 -115.56,46.65,1000 -115.79,46.81,1000 -115.99,46.92,1000 -115.97,47.14,1000 -115.95,47.31,1000 -116.06,47.49,1000 -116.03,47.63,1000 -115.98,47.76,1000 -115.93,47.89,1000 -116.01,48.10,1000 -116.20,48.17,1000 -116.43,48.23,1000 -116.66,48.28,1000 -116.89,48.34,1000 -117.11,48.42,1000 -117.32,48.50,1000 -117.49,48.59,1000 -117.62,48.68,1000 -117.74,48.83,1000 -118.05,48.85,1000 -118.26,48.90,1000 -118.52,48.96,1000 -118.78,49.04,1000 -119.05,49.14,1000 -119.33,49.25,1000 -119.55,49.35,1000 -119.75,49.50,1000 -119.83,49.43,1000 -120.00,49.32,1000 -120.24,49.41,1000 -120.37,49.50,1000 -120.49,49.72,1000 -120.47,49.87,1000 -120.44,50.02,1000 -120.43,50.27,1000 -120.51,50.50,1000 -120.81,50.58,1000 -121.15,50.63,1000 -121.52,50.70,1000 -121.63,50.85,1000 -121.58,51.03,1000 -121.34,51.26,1000 
          </coordinates>
        </LinearRing>
      </outerBoundaryIs>
      <innerBoundaryIs>
        <LinearRing>
          <coordinates>
-114.72,48.80,2000 -114.52,48.84,2000 -114.33,48.88,2000 -114.15,48.90,2000 -113.98,48.92,2000 -113.83,48.93,2000 -113.71,48.92,2000 -113.58,48.86,2000 -113.49,48.77,2000 -113.44,48.67,2000 -113.40,48.57,2000 -113.37,48.46,2000 -113.37,48.35,2000 -113.36,48.26,2000 -113.27,48.15,2000 -113.17,48.06,2000 -113.11,47.97,2000 -113.06,47.88,2000 -113.03,47.79,2000 -113.02,47.67,2000 -113.02,47.59,2000 -113.02,47.51,2000 -113.05,47.40,2000 -113.14,47.27,2000 -113.23,47.19,2000 -113.35,47.09,2000 -113.50,46.98,2000 -113.65,46.87,2000 -113.79,46.76,2000 -113.91,46.66,2000 -113.98,46.56,2000 -114.00,46.49,2000 -113.93,46.43,2000 -113.78,46.38,2000 -113.59,46.35,2000 -113.37,46.33,2000 -113.16,46.30,2000 -112.98,46.28,2000 -112.86,46.25,2000 -112.79,46.13,2000 -112.89,46.01,2000 -112.96,45.95,2000 -113.06,45.89,2000 -113.16,45.83,2000 -113.27,45.76,2000 -113.38,45.68,2000 -113.49,45.64,2000 -113.66,45.65,2000 -113.82,45.71,2000 -113.96,45.80,2000 -114.09,45.86,2000 -114.17,45.82,2000 -114.25,45.75,2000 -114.36,45.69,2000 -114.49,45.67,2000 -114.65,45.65,2000 -114.81,45.64,2000 -114.94,45.63,2000 -115.10,45.63,2000 -115.20,45.67,2000 -115.25,45.74,2000 -115.27,45.85,2000 -115.27,45.95,2000 -115.26,46.06,2000 -115.26,46.18,2000 -115.27,46.27,2000 -115.28,46.37,2000 -115.30,46.47,2000 -115.33,46.56,2000 -115.39,46.67,2000 -115.47,46.78,2000 -115.55,46.86,2000 -115.72,46.93,2000 -115.84,46.98,2000 -115.79,47.05,2000 -115.73,47.15,2000 -115.77,47.23,2000 -115.83,47.33,2000 -115.90,47.43,2000 -115.93,47.52,2000 -115.89,47.63,2000 -115.81,47.74,2000 -115.75,47.83,2000 -115.77,47.91,2000 -115.79,47.98,2000 -115.74,48.09,2000 -115.67,48.19,2000 -115.57,48.20,2000 -115.48,48.14,2000 -115.38,48.06,2000 -115.29,47.99,2000 -115.22,47.92,2000 -115.18,47.85,2000 -115.15,47.77,2000 -115.17,47.67,2000 -115.25,47.57,2000 -115.35,47.46,2000 -115.39,47.37,2000 -115.31,47.32,2000 -115.18,47.28,2000 -115.05,47.24,2000 -114.96,47.18,2000 -114.88,47.11,2000 -114.81,47.05,2000 -114.72,46.98,2000 -114.63,46.92,2000 -114.51,46.87,2000 -114.40,46.85,2000 -114.29,46.88,2000 -114.22,46.94,2000 -114.22,47.02,2000 -114.25,47.14,2000 -114.27,47.24,2000 -114.29,47.36,2000 -114.30,47.47,2000 -114.28,47.56,2000 -114.25,47.65,2000 -114.23,47.74,2000 -114.22,47.86,2000 -114.21,47.99,2000 -114.22,48.10,2000 -114.25,48.18,2000 -114.30,48.25,2000 -114.37,48.33,2000 -114.47,48.42,2000 -114.59,48.51,2000 -114.72,48.61,2000 -114.72,48.80,2000 
          </coordinates>
        </LinearRing>
      </innerBoundaryIs>
      <innerBoundaryIs>
        <LinearRing>
          <coordinates>
-121.10,51.33,2000 -120.93,51.36,2000 -120.75,51.38,2000 -120.58,51.41,2000 -120.40,51.43,2000 -120.22,51.46,2000 -120.03,51.48,2000 -119.85,51.50,2000 -119.67,51.52,2000 -119.50,51.54,2000 -119.30,51.56,2000 -119.08,51.59,2000 -118.81,51.62,2000 -118.63,51.64,2000 -118.43,51.66,2000 -118.21,51.69,2000 -117.97,51.72,2000 -117.73,51.74,2000 -117.49,51.77,2000 -117.25,51.79,2000 -117.03,51.82,2000 -116.82,51.83,2000 -116.64,51.85,2000 -116.50,51.86,2000 -116.21,51.87,2000 -116.12,51.84,2000 -116.05,51.81,2000 -115.92,51.77,2000 -115.80,51.71,2000 -115.70,51.65,2000 -115.59,51.55,2000 -115.51,51.43,2000 -115.46,51.32,2000 -115.42,51.19,2000 -115.37,51.05,2000 -115.30,50.93,2000 -115.23,50.79,2000 -115.15,50.66,2000 -115.11,50.57,2000 -115.20,50.50,2000 -115.34,50.43,2000 -115.50,50.49,2000 -115.63,50.58,2000 -115.80,50.69,2000 -115.92,50.67,2000 -115.94,50.60,2000 -115.96,50.49,2000 -115.96,50.35,2000 -115.97,50.20,2000 -115.97,50.04,2000 -115.97,49.90,2000 -115.97,49.77,2000 -115.98,49.67,2000 -116.02,49.52,2000 -116.07,49.44,2000 -116.13,49.38,2000 -116.25,49.28,2000 -116.36,49.18,2000 -116.39,49.07,2000 -116.40,48.96,2000 -116.40,48.85,2000 -116.39,48.74,2000 -116.36,48.65,2000 -116.27,48.57,2000 -116.18,48.50,2000 -116.10,48.41,2000 -116.07,48.33,2000 -116.26,48.32,2000 -116.40,48.33,2000 -116.57,48.36,2000 -116.74,48.39,2000 -116.90,48.43,2000 -117.05,48.48,2000 -117.19,48.53,2000 -117.34,48.59,2000 -117.46,48.66,2000 -117.52,48.76,2000 -117.61,48.85,2000 -117.75,48.88,2000 -117.93,48.90,2000 -118.10,48.93,2000 -118.26,48.97,2000 -118.43,49.01,2000 -118.57,49.05,2000 -118.73,49.09,2000 -118.88,49.13,2000 -118.99,49.18,2000 -119.10,49.24,2000 -119.21,49.30,2000 -119.36,49.37,2000 -119.51,49.44,2000 -119.62,49.52,2000 -119.72,49.61,2000 -119.82,49.66,2000 -119.93,49.59,2000 -120.04,49.52,2000 -120.14,49.55,2000 -120.24,49.61,2000 -120.31,49.72,2000 -120.32,49.83,2000 -120.30,49.97,2000 -120.27,50.12,2000 -120.25,50.25,2000 -120.24,50.36,2000 -120.25,50.48,2000 -120.33,50.54,2000 -120.46,50.58,2000 -120.64,50.60,2000 -120.82,50.63,2000 -120.98,50.65,2000 -121.14,50.67,2000 -121.28,50.70,2000 -121.45,50.77,2000 -121.54,50.87,2000 -121.52,50.96,2000 -121.45,51.06,2000 -121.36,51.17,2000 -121.10,51.33,2000 
          </coordinates>
        </LinearRing>
      </innerBoundaryIs>
  </Polygon>
 </MultiGeometry>
</Placemark>
<Placemark>
  <name>5%</name>
  <visibility>1</visibility>
  <styleUrl>#poly_5</styleUrl>
  <MultiGeometry>
    <Polygon>
      <outerBoundaryIs>
        <LinearRing>
          <coordinates>
-105.91,40.79,1000 -105.86,40.77,1000 -105.81,40.75,1000 -105.77,40.73,1000 -105.73,40.72,1000 -105.69,40.71,1000 -105.66,40.69,1000 -105.64,40.67,1000 -105.61,40.63,1000 -105.58,40.60,1000 -105.55,40.56,1000 -105.52,40.53,1000 -105.49,40.49,1000 -105.46,40.45,1000 -105.44,40.42,1000 -105.42,40.39,1000 -105.40,40.36,1000 -105.38,40.34,1000 -105.34,40.31,1000 -105.31,40.28,1000 -105.28,40.25,1000 -105.25,40.22,1000 -105.23,40.18,1000 -105.22,40.14,1000 -105.21,40.09,1000 -105.21,40.05,1000 -105.22,40.01,1000 -105.23,39.97,1000 -105.25,39.93,1000 -105.26,39.90,1000 -105.28,39.87,1000 -105.30,39.83,1000 -105.34,39.80,1000 -105.38,39.78,1000 -105.43,39.75,1000 -105.48,39.72,1000 -105.53,39.69,1000 -105.56,39.67,1000 -105.57,39.67,1000 -105.61,39.65,1000 -105.66,39.63,1000 -105.72,39.61,1000 -105.78,39.60,1000 -105.83,39.60,1000 -105.88,39.62,1000 -105.92,39.64,1000 -105.96,39.65,1000 -105.99,39.65,1000 -106.02,39.67,1000 -106.05,39.69,1000 -106.08,39.72,1000 -106.11,39.75,1000 -106.15,39.78,1000 -106.17,39.81,1000 -106.18,39.84,1000 -106.19,39.88,1000 -106.19,39.92,1000 -106.20,39.95,1000 -106.20,39.99,1000 -106.21,40.03,1000 -106.22,40.08,1000 -106.22,40.12,1000 -106.23,40.16,1000 -106.24,40.20,1000 -106.24,40.23,1000 -106.25,40.27,1000 -106.25,40.30,1000 -106.25,40.34,1000 -106.25,40.38,1000 -106.25,40.43,1000 -106.24,40.47,1000 -106.23,40.51,1000 -106.21,40.55,1000 -106.18,40.59,1000 -106.15,40.63,1000 -106.13,40.66,1000 -106.10,40.69,1000 -106.07,40.70,1000 -105.91,40.79,1000 
          </coordinates>
        </LinearRing>
      </outerBoundaryIs>
      <innerBoundaryIs>
        <LinearRing>
          <coordinates>
-105.89,40.67,2000 -105.85,40.65,2000 -105.81,40.62,2000 -105.77,40.60,2000 -105.73,40.58,2000 -105.70,40.56,2000 -105.68,40.55,2000 -105.66,40.54,2000 -105.65,40.52,2000 -105.63,40.50,2000 -105.61,40.47,2000 -105.58,40.44,2000 -105.55,40.41,2000 -105.52,40.38,2000 -105.49,40.35,2000 -105.46,40.33,2000 -105.44,40.30,2000 -105.41,40.28,2000 -105.39,40.26,2000 -105.36,40.24,2000 -105.34,40.22,2000 -105.33,40.20,2000 -105.32,40.17,2000 -105.31,40.13,2000 -105.30,40.10,2000 -105.29,40.07,2000 -105.29,40.04,2000 -105.30,40.01,2000 -105.31,39.98,2000 -105.33,39.95,2000 -105.35,39.93,2000 -105.36,39.91,2000 -105.38,39.89,2000 -105.40,39.86,2000 -105.42,39.84,2000 -105.45,39.81,2000 -105.49,39.78,2000 -105.52,39.75,2000 -105.56,39.73,2000 -105.60,39.71,2000 -105.65,39.70,2000 -105.69,39.69,2000 -105.74,39.69,2000 -105.79,39.69,2000 -105.83,39.70,2000 -105.86,39.71,2000 -105.90,39.73,2000 -105.94,39.75,2000 -105.98,39.77,2000 -106.01,39.80,2000 -106.03,39.82,2000 -106.05,39.85,2000 -106.05,39.89,2000 -106.05,39.93,2000 -106.05,39.97,2000 -106.05,40.00,2000 -106.05,40.03,2000 -106.06,40.06,2000 -106.06,40.08,2000 -106.06,40.11,2000 -106.07,40.13,2000 -106.08,40.17,2000 -106.09,40.20,2000 -106.11,40.23,2000 -106.12,40.27,2000 -106.13,40.31,2000 -106.14,40.34,2000 -106.14,40.37,2000 -106.13,40.41,2000 -106.12,40.44,2000 -106.12,40.47,2000 -106.11,40.49,2000 -106.10,40.52,2000 -105.89,40.67,2000 
          </coordinates>
        </LinearRing>
      </innerBoundaryIs>
  </Polygon>
 </MultiGeometry>
</Placemark>
<Placemark>
  <name>5%</name>
  <visibility>1</visibility>
  <styleUrl>#poly_5</styleUrl>
  <MultiGeometry>
    <Polygon>
      <outerBoundaryIs>
        <LinearRing>
          <coordinates>
-69.20,51.21,1000 -68.38,51.15,1000 -67.96,51.13,1000 -67.49,51.04,1000 -66.90,50.82,1000 -66.32,50.58,1000 -65.90,50.41,1000 -65.71,50.26,1000 -65.43,49.92,1000 -65.35,49.80,1000 -65.40,49.63,1000 -65.67,49.43,1000 -65.74,49.31,1000 -65.54,49.23,1000 -65.18,49.08,1000 -64.55,48.67,1000 -64.47,48.41,1000 -64.75,48.21,1000 -65.45,48.10,1000 -66.40,47.90,1000 -67.17,47.64,1000 -68.01,47.30,1000 -68.69,47.01,1000 -69.58,46.47,1000 -70.02,46.15,1000 -70.23,46.02,1000 -70.40,45.78,1000 -70.48,45.43,1000 -70.62,45.15,1000 -70.97,44.77,1000 -71.56,44.44,1000 -72.36,44.38,1000 -72.68,44.30,1000 -73.12,44.37,1000 -73.29,44.41,1000 -73.36,44.32,1000 -73.44,44.05,1000 -73.71,43.56,1000 -73.81,43.22,1000 -73.81,43.11,1000 -73.66,43.01,1000 -73.11,43.02,1000 -73.00,42.87,1000 -73.00,42.70,1000 -73.06,42.55,1000 -73.24,42.39,1000 -73.56,42.34,1000 -73.87,42.35,1000 -74.03,42.29,1000 -74.29,41.99,1000 -74.54,41.76,1000 -74.84,41.56,1000 -75.14,41.21,1000 -75.46,40.86,1000 -75.97,40.59,1000 -76.18,40.52,1000 -76.55,40.49,1000 -77.04,40.54,1000 -77.20,40.43,1000 -77.25,40.14,1000 -77.35,39.84,1000 -77.68,39.69,1000 -77.98,39.61,1000 -78.30,39.52,1000 -78.59,39.31,1000 -78.80,39.08,1000 -78.95,38.67,1000 -79.29,38.19,1000 -79.73,37.87,1000 -79.89,37.73,1000 -80.10,37.42,1000 -80.65,36.92,1000 -81.38,36.28,1000 -81.93,35.79,1000 -82.29,35.58,1000 -82.59,35.48,1000 -82.82,35.33,1000 -83.20,35.13,1000 -83.67,34.94,1000 -84.12,34.98,1000 -84.35,35.15,1000 -84.37,35.51,1000 -84.30,35.69,1000 -84.15,35.87,1000 -84.13,36.01,1000 -84.40,35.93,1000 -84.92,35.64,1000 -85.47,35.27,1000 -85.79,35.24,1000 -86.01,35.42,1000 -86.07,35.60,1000 -86.04,35.80,1000 -85.91,36.06,1000 -85.69,36.36,1000 -85.42,36.57,1000 -85.14,36.88,1000 -85.09,37.56,1000 -85.10,37.75,1000 -85.28,38.09,1000 -85.44,38.67,1000 -85.70,38.89,1000 -86.00,38.89,1000 -86.29,38.78,1000 -86.80,38.91,1000 -87.34,39.14,1000 -87.64,39.10,1000 -88.01,38.97,1000 -88.33,38.92,1000 -88.85,38.95,1000 -89.64,38.92,1000 -90.11,38.91,1000 -90.56,38.95,1000 -90.89,38.77,1000 -91.13,38.52,1000 -91.38,38.36,1000 -91.66,38.29,1000 -91.92,38.38,1000 -92.11,38.52,1000 -92.29,38.72,1000 -92.48,39.03,1000 -92.91,39.46,1000 -93.43,39.79,1000 -93.92,40.12,1000 -94.77,40.29,1000 -95.57,40.85,1000 -96.35,41.41,1000 -96.92,41.58,1000 -97.38,41.65,1000 -97.82,41.64,1000 -98.50,41.74,1000 -98.92,41.89,1000 -99.21,42.06,1000 -99.43,42.26,1000 -99.54,42.46,1000 -99.74,42.73,1000 -100.04,42.89,1000 -100.24,43.05,1000 -100.27,43.27,1000 -100.04,43.44,1000 -99.56,43.58,1000 -99.07,43.50,1000 -98.79,43.53,1000 -98.67,43.64,1000 -98.12,43.98,1000 -97.64,44.38,1000 -97.53,44.68,1000 -97.54,45.01,1000 -97.67,45.53,1000 -97.73,45.67,1000 -97.69,45.88,1000 -97.38,46.19,1000 -97.32,46.50,1000 -97.43,46.74,1000 -97.90,47.05,1000 -98.47,47.37,1000 -98.65,47.52,1000 -98.74,47.75,1000 -99.05,48.32,1000 -99.17,48.61,1000 -99.21,48.90,1000 -99.56,49.35,1000 -99.80,49.51,1000 -100.15,49.63,1000 -100.52,49.79,1000 -100.83,50.06,1000 -100.94,50.25,1000 -101.17,50.45,1000 -101.66,50.78,1000 -101.93,50.93,1000 -102.16,51.13,1000 -102.67,51.55,1000 -103.10,51.83,1000 -103.23,51.98,1000 -103.14,52.20,1000 -102.84,52.28,1000 -102.40,52.32,1000 -101.92,52.29,1000 -101.65,52.19,1000 -101.40,52.06,1000 -100.94,51.99,1000 -100.03,51.93,1000 -99.00,51.92,1000 -98.27,52.07,1000 -97.65,52.06,1000 -97.10,52.00,1000 -96.24,51.91,1000 -95.77,51.86,1000 -95.22,51.95,1000 -94.72,51.99,1000 -94.25,51.93,1000 -93.34,51.80,1000 -92.37,51.66,1000 -91.33,51.55,1000 -91.11,51.42,1000 -90.96,51.16,1000 -90.75,50.80,1000 -90.55,50.39,1000 -90.29,49.99,1000 -90.10,49.85,1000 -89.80,49.76,1000 -89.32,49.79,1000 -88.94,49.92,1000 -88.67,50.07,1000 -88.41,50.28,1000 -87.78,50.49,1000 -87.14,50.68,1000 -86.84,50.76,1000 -86.17,50.83,1000 -85.53,50.80,1000 -85.01,50.73,1000 -84.71,50.62,1000 -84.45,50.45,1000 -84.13,50.27,1000 -83.55,50.10,1000 -82.86,49.79,1000 -82.00,49.38,1000 -81.33,49.06,1000 -80.80,48.90,1000 -80.40,48.83,1000 -79.99,48.70,1000 -79.43,48.59,1000 -78.80,48.41,1000 -77.96,48.19,1000 -77.17,48.26,1000 -76.74,48.25,1000 -76.42,48.32,1000 -75.77,48.48,1000 -74.99,48.70,1000 -74.65,48.79,1000 -74.30,48.99,1000 -73.60,49.24,1000 -73.31,49.33,1000 -73.03,49.55,1000 -72.81,49.76,1000 -72.64,49.86,1000 -72.30,49.98,1000 -72.10,50.12,1000 -71.68,50.59,1000 -71.44,50.72,1000 -71.09,50.85,1000 -69.20,51.21,1000 
          </coordinates>
        </LinearRing>
      </outerBoundaryIs>
      <innerBoundaryIs>
        <LinearRing>
          <coordinates>
-83.24,44.19,1000 -83.10,44.17,1000 -82.96,44.14,1000 -82.84,44.10,1000 -82.74,44.06,1000 -82.65,44.00,1000 -82.55,43.91,1000 -82.49,43.83,1000 -82.42,43.74,1000 -82.34,43.63,1000 -82.27,43.53,1000 -82.20,43.43,1000 -82.14,43.35,1000 -82.07,43.26,1000 -82.00,43.20,1000 -81.94,43.15,1000 -81.87,43.09,1000 -81.78,43.03,1000 -81.68,42.97,1000 -81.58,42.91,1000 -81.49,42.86,1000 -81.38,42.81,1000 -81.29,42.76,1000 -81.22,42.72,1000 -81.16,42.67,1000 -81.14,42.62,1000 -81.16,42.56,1000 -81.21,42.50,1000 -81.22,42.47,1000 -81.32,42.40,1000 -81.40,42.36,1000 -81.49,42.30,1000 -81.61,42.24,1000 -81.73,42.17,1000 -81.85,42.10,1000 -81.97,42.04,1000 -82.07,41.98,1000 -82.19,41.90,1000 -82.31,41.83,1000 -82.42,41.76,1000 -82.51,41.69,1000 -82.60,41.63,1000 -82.72,41.54,1000 -82.82,41.46,1000 -82.90,41.40,1000 -82.99,41.34,1000 -83.07,41.31,1000 -83.12,41.30,1000 -83.23,41.36,1000 -83.31,41.40,1000 -83.40,41.46,1000 -83.51,41.52,1000 -83.63,41.60,1000 -83.73,41.67,1000 -83.83,41.75,1000 -83.91,41.84,1000 -83.99,41.93,1000 -84.07,42.03,1000 -84.14,42.13,1000 -84.20,42.22,1000 -84.26,42.30,1000 -84.36,42.41,1000 -84.43,42.48,1000 -84.48,42.55,1000 -84.48,42.63,1000 -84.45,42.71,1000 -84.44,42.78,1000 -84.47,42.85,1000 -84.52,42.91,1000 -84.57,42.98,1000 -84.61,43.06,1000 -84.64,43.16,1000 -84.64,43.25,1000 -84.61,43.34,1000 -84.55,43.43,1000 -84.49,43.53,1000 -84.44,43.62,1000 -84.38,43.71,1000 -84.32,43.80,1000 -84.26,43.88,1000 -84.18,43.95,1000 -84.08,44.00,1000 -83.97,44.04,1000 -83.86,44.07,1000 -83.74,44.10,1000 -83.61,44.13,1000 -83.48,44.16,1000 -83.24,44.19,1000 
          </coordinates>
        </LinearRing>
      </innerBoundaryIs>
      <innerBoundaryIs>
        <LinearRing>
          <coordinates>
-96.01,48.69,2000 -95.95,48.69,2000 -95.88,48.69,2000 -95.82,48.69,2000 -95.76,48.68,2000 -95.70,48.66,2000 -95.64,48.63,2000 -95.59,48.59,2000 -95.55,48.57,2000 -95.50,48.53,2000 -95.46,48.49,2000 -95.42,48.45,2000 -95.38,48.40,2000 -95.36,48.36,2000 -95.34,48.32,2000 -95.32,48.28,2000 -95.30,48.24,2000 -95.29,48.20,2000 -95.27,48.16,2000 -95.26,48.11,2000 -95.25,48.07,2000 -95.24,48.03,2000 -95.22,47.98,2000 -95.21,47.94,2000 -95.21,47.90,2000 -95.23,47.84,2000 -95.25,47.80,2000 -95.25,47.77,2000 -95.26,47.73,2000 -95.27,47.70,2000 -95.29,47.66,2000 -95.31,47.61,2000 -95.34,47.57,2000 -95.37,47.52,2000 -95.41,47.48,2000 -95.44,47.43,2000 -95.47,47.40,2000 -95.50,47.39,2000 -95.55,47.37,2000 -95.61,47.34,2000 -95.67,47.31,2000 -95.74,47.30,2000 -95.81,47.31,2000 -95.88,47.33,2000 -95.94,47.36,2000 -95.99,47.38,2000 -96.01,47.40,2000 -96.02,47.43,2000 -96.04,47.47,2000 -96.06,47.52,2000 -96.07,47.56,2000 -96.08,47.60,2000 -96.08,47.64,2000 -96.09,47.69,2000 -96.09,47.73,2000 -96.09,47.77,2000 -96.09,47.81,2000 -96.09,47.86,2000 -96.09,47.90,2000 -96.09,47.94,2000 -96.10,47.99,2000 -96.10,48.03,2000 -96.10,48.07,2000 -96.10,48.11,2000 -96.09,48.15,2000 -96.09,48.19,2000 -96.08,48.23,2000 -96.07,48.27,2000 -96.07,48.31,2000 -96.06,48.36,2000 -96.06,48.40,2000 -96.06,48.44,2000 -96.05,48.48,2000 -96.05,48.53,2000 -96.05,48.57,2000 -96.01,48.69,2000 
          </coordinates>
        </LinearRing>
      </innerBoundaryIs>
      <innerBoundaryIs>
        <LinearRing>
          <coordinates>
-83.72,44.19,2000 -83.56,44.22,2000 -83.40,44.24,2000 -83.28,44.25,2000 -83.15,44.25,2000 -83.03,44.24,2000 -82.92,44.21,2000 -82.82,44.17,2000 -82.73,44.13,2000 -82.63,44.07,2000 -82.54,44.00,2000 -82.46,43.93,2000 -82.38,43.85,2000 -82.30,43.75,2000 -82.24,43.66,2000 -82.19,43.57,2000 -82.13,43.47,2000 -82.06,43.38,2000 -81.99,43.30,2000 -81.91,43.22,2000 -81.83,43.15,2000 -81.73,43.08,2000 -81.61,43.02,2000 -81.48,42.96,2000 -81.36,42.90,2000 -81.25,42.86,2000 -81.12,42.82,2000 -81.03,42.78,2000 -80.97,42.71,2000 -80.95,42.63,2000 -80.99,42.53,2000 -81.07,42.43,2000 -81.15,42.37,2000 -81.32,42.28,2000 -81.41,42.23,2000 -81.52,42.17,2000 -81.65,42.09,2000 -81.78,42.02,2000 -81.90,41.95,2000 -82.01,41.88,2000 -82.10,41.83,2000 -82.22,41.75,2000 -82.29,41.70,2000 -82.36,41.64,2000 -82.43,41.57,2000 -82.51,41.48,2000 -82.58,41.39,2000 -82.65,41.32,2000 -82.75,41.22,2000 -82.84,41.14,2000 -82.96,41.07,2000 -83.09,41.03,2000 -83.19,41.06,2000 -83.29,41.11,2000 -83.37,41.17,2000 -83.45,41.27,2000 -83.52,41.38,2000 -83.60,41.44,2000 -83.69,41.49,2000 -83.80,41.57,2000 -83.89,41.65,2000 -83.99,41.73,2000 -84.10,41.83,2000 -84.21,41.94,2000 -84.29,42.02,2000 -84.37,42.12,2000 -84.46,42.21,2000 -84.54,42.31,2000 -84.61,42.41,2000 -84.67,42.50,2000 -84.72,42.60,2000 -84.75,42.70,2000 -84.77,42.80,2000 -84.78,42.89,2000 -84.79,42.98,2000 -84.81,43.08,2000 -84.83,43.16,2000 -84.82,43.26,2000 -84.78,43.37,2000 -84.73,43.45,2000 -84.67,43.54,2000 -84.59,43.63,2000 -84.51,43.72,2000 -84.42,43.82,2000 -84.32,43.93,2000 -84.22,44.03,2000 -83.72,44.19,2000 
          </coordinates>
        </LinearRing>
      </innerBoundaryIs>
      <innerBoundaryIs>
        <LinearRing>
          <coordinates>
-83.18,40.64,2000 -83.15,40.58,2000 -83.12,40.52,2000 -83.09,40.47,2000 -83.05,40.43,2000 -83.01,40.39,2000 -82.98,40.36,2000 -82.97,40.33,2000 -82.96,40.29,2000 -82.94,40.24,2000 -82.92,40.17,2000 -82.91,40.11,2000 -82.90,40.05,2000 -82.90,39.99,2000 -82.91,39.93,2000 -82.93,39.87,2000 -82.95,39.82,2000 -82.97,39.76,2000 -82.99,39.70,2000 -83.02,39.64,2000 -83.04,39.58,2000 -83.07,39.51,2000 -83.09,39.46,2000 -83.14,39.41,2000 -83.18,39.36,2000 -83.23,39.30,2000 -83.26,39.24,2000 -83.24,39.18,2000 -83.20,39.12,2000 -83.17,39.06,2000 -83.17,39.00,2000 -83.19,38.94,2000 -83.22,38.89,2000 -83.30,38.85,2000 -83.38,38.84,2000 -83.45,38.86,2000 -83.49,38.90,2000 -83.50,38.95,2000 -83.49,39.02,2000 -83.48,39.08,2000 -83.45,39.14,2000 -83.42,39.19,2000 -83.40,39.25,2000 -83.42,39.30,2000 -83.45,39.35,2000 -83.48,39.40,2000 -83.51,39.44,2000 -83.53,39.48,2000 -83.54,39.51,2000 -83.55,39.56,2000 -83.56,39.62,2000 -83.54,39.67,2000 -83.52,39.71,2000 -83.50,39.74,2000 -83.48,39.79,2000 -83.47,39.84,2000 -83.45,39.90,2000 -83.44,39.96,2000 -83.42,40.02,2000 -83.41,40.08,2000 -83.39,40.14,2000 -83.37,40.20,2000 -83.35,40.25,2000 -83.33,40.31,2000 -83.31,40.37,2000 -83.28,40.42,2000 -83.25,40.48,2000 -83.18,40.64,2000 
          </coordinates>
        </LinearRing>
      </innerBoundaryIs>
      <innerBoundaryIs>
        <LinearRing>
          <coordinates>
-68.97,51.11,2000 -68.55,51.08,2000 -68.11,51.08,2000 -67.67,51.02,2000 -67.35,50.90,2000 -66.71,50.66,2000 -66.08,50.42,2000 -65.83,50.27,2000 -65.62,50.03,2000 -65.50,49.75,2000 -65.58,49.58,2000 -65.80,49.42,2000 -65.90,49.32,2000 -65.52,49.15,2000 -65.28,49.06,2000 -65.02,48.87,2000 -64.62,48.49,2000 -64.95,48.18,2000 -65.41,48.14,2000 -65.76,48.15,2000 -66.59,47.90,2000 -67.25,47.60,2000 -67.68,47.48,2000 -68.15,47.45,2000 -68.48,47.46,2000 -68.68,47.39,2000 -68.80,47.25,2000 -68.90,47.06,2000 -69.19,46.87,2000 -69.46,46.76,2000 -69.65,46.58,2000 -70.10,46.23,2000 -70.53,46.02,2000 -70.63,45.39,2000 -70.79,45.04,2000 -71.02,44.85,2000 -71.31,44.65,2000 -71.71,44.52,2000 -72.36,44.47,2000 -72.74,44.40,2000 -72.96,44.45,2000 -73.16,44.56,2000 -73.40,44.51,2000 -73.52,44.30,2000 -73.54,44.09,2000 -73.80,43.58,2000 -73.92,43.27,2000 -73.92,42.89,2000 -73.85,42.78,2000 -73.56,42.79,2000 -73.36,42.79,2000 -73.24,42.71,2000 -73.33,42.55,2000 -73.49,42.50,2000 -73.75,42.55,2000 -73.96,42.51,2000 -74.21,42.28,2000 -74.42,41.96,2000 -74.71,41.76,2000 -75.05,41.54,2000 -75.20,41.36,2000 -75.47,40.99,2000 -75.94,40.71,2000 -76.33,40.64,2000 -76.75,40.73,2000 -77.13,40.70,2000 -77.35,40.55,2000 -77.45,40.38,2000 -77.51,40.05,2000 -77.75,39.86,2000 -78.17,39.73,2000 -78.46,39.63,2000 -78.72,39.43,2000 -79.03,38.91,2000 -79.10,38.63,2000 -79.21,38.41,2000 -79.36,38.27,2000 -79.86,37.88,2000 -80.34,37.29,2000 -80.57,37.07,2000 -80.84,36.90,2000 -81.25,36.50,2000 -81.68,36.09,2000 -82.09,35.77,2000 -82.62,35.57,2000 -83.08,35.29,2000 -83.55,35.04,2000 -83.92,35.04,2000 -84.22,35.18,2000 -84.27,35.42,2000 -84.18,35.62,2000 -83.95,35.83,2000 -83.73,35.96,2000 -83.59,36.16,2000 -83.84,36.32,2000 -84.16,36.26,2000 -84.50,36.10,2000 -85.00,35.76,2000 -85.53,35.43,2000 -85.75,35.55,2000 -85.71,35.95,2000 -85.60,36.19,2000 -85.41,36.37,2000 -85.03,36.63,2000 -84.67,36.80,2000 -84.46,36.95,2000 -84.57,37.13,2000 -84.72,37.30,2000 -84.69,37.58,2000 -84.44,37.75,2000 -84.15,37.86,2000 -84.04,38.07,2000 -84.13,38.23,2000 -84.28,38.17,2000 -84.65,38.19,2000 -84.91,38.28,2000 -85.07,38.46,2000 -85.21,38.78,2000 -85.36,38.95,2000 -85.72,39.21,2000 -85.91,39.23,2000 -86.29,39.13,2000 -86.58,39.12,2000 -86.86,39.18,2000 -87.15,39.31,2000 -87.81,39.21,2000 -88.49,39.10,2000 -88.97,39.12,2000 -89.55,39.10,2000 -90.04,39.08,2000 -90.35,39.15,2000 -90.61,39.14,2000 -90.93,38.94,2000 -91.15,38.72,2000 -91.52,38.54,2000 -91.78,38.55,2000 -92.05,38.72,2000 -92.18,38.90,2000 -92.45,39.31,2000 -92.90,39.66,2000 -93.39,39.98,2000 -93.91,40.27,2000 -94.52,40.37,2000 -94.88,40.48,2000 -95.09,40.61,2000 -95.45,40.93,2000 -95.97,41.32,2000 -96.24,41.51,2000 -96.56,41.61,2000 -97.19,41.74,2000 -98.15,41.77,2000 -98.57,41.87,2000 -98.98,42.05,2000 -99.25,42.21,2000 -99.41,42.56,2000 -99.53,42.76,2000 -99.86,42.92,2000 -100.12,43.16,2000 -100.00,43.34,2000 -99.85,43.43,2000 -99.44,43.52,2000 -99.10,43.42,2000 -98.74,43.39,2000 -98.50,43.59,2000 -98.05,43.87,2000 -97.61,44.15,2000 -97.43,44.40,2000 -97.39,44.55,2000 -97.42,45.11,2000 -97.61,45.54,2000 -97.58,45.88,2000 -97.39,46.03,2000 -97.21,46.22,2000 -97.19,46.50,2000 -97.24,46.68,2000 -97.46,46.94,2000 -97.73,47.10,2000 -98.05,47.23,2000 -98.39,47.44,2000 -98.55,47.61,2000 -98.79,48.12,2000 -98.96,48.41,2000 -99.00,48.76,2000 -99.05,49.02,2000 -99.32,49.27,2000 -99.55,49.52,2000 -99.84,49.67,2000 -100.44,49.90,2000 -100.66,50.11,2000 -100.88,50.39,2000 -101.43,50.79,2000 -101.71,50.93,2000 -101.99,51.14,2000 -102.33,51.45,2000 -102.82,51.77,2000 -102.99,51.96,2000 -102.95,52.07,2000 -102.76,52.16,2000 -102.12,52.22,2000 -101.85,52.17,2000 -101.56,52.02,2000 -101.29,51.91,2000 -100.79,51.89,2000 -99.65,51.86,2000 -99.15,51.83,2000 -98.54,51.92,2000 -97.99,51.98,2000 -97.33,51.94,2000 -96.35,51.83,2000 -95.43,51.84,2000 -94.39,51.82,2000 -93.36,51.68,2000 -92.50,51.51,2000 -91.90,51.34,2000 -91.68,51.15,2000 -91.59,51.01,2000 -91.39,50.56,2000 -91.17,50.08,2000 -90.85,49.77,2000 -90.35,49.52,2000 -90.04,49.43,2000 -89.54,49.44,2000 -88.87,49.63,2000 -88.35,49.95,2000 -88.02,50.16,2000 -87.67,50.29,2000 -87.07,50.58,2000 -86.52,50.72,2000 -86.09,50.76,2000 -85.60,50.74,2000 -85.06,50.65,2000 -84.70,50.54,2000 -83.99,50.20,2000 -83.30,49.85,2000 -83.07,49.69,2000 -82.54,49.53,2000 -82.27,49.38,2000 -81.97,49.15,2000 -81.32,48.97,2000 -80.63,48.82,2000 -79.98,48.65,2000 -79.33,48.47,2000 -78.55,48.28,2000 -78.23,48.19,2000 -77.76,48.13,2000 -76.94,48.18,2000 -76.45,48.23,2000 -76.07,48.33,2000 -75.47,48.49,2000 -74.87,48.65,2000 -74.53,48.77,2000 -74.23,48.95,2000 -73.64,49.14,2000 -73.17,49.32,2000 -72.89,49.58,2000 -72.49,49.82,2000 -72.16,49.95,2000 -71.72,50.43,2000 -71.48,50.62,2000 -71.17,50.76,2000 -70.03,51.00,2000 -69.35,51.11,2000 -68.97,51.11,2000 
          </coordinates>
        </LinearRing>
      </innerBoundaryIs>
  </Polygon>
 </MultiGeometry>
</Placemark>
<Placemark>
  <name>5%</name>
  <visibility>1</visibility>
  <styleUrl>#poly_5</styleUrl>
  <MultiGeometry>
    <Polygon>
      <outerBoundaryIs>
        <LinearRing>
          <coordinates>
-127.89,50.34,1000 -127.75,50.42,1000 -127.60,50.48,1000 -127.47,50.51,1000 -127.29,50.53,1000 -127.12,50.56,1000 -126.91,50.59,1000 -126.70,50.62,1000 -126.52,50.65,1000 -126.30,50.67,1000 -126.12,50.68,1000 -125.89,50.67,1000 -125.67,50.67,1000 -125.47,50.75,1000 -125.28,50.83,1000 -125.16,50.85,1000 -124.92,50.88,1000 -124.76,50.90,1000 -124.56,50.93,1000 -124.33,50.97,1000 -124.09,51.00,1000 -123.86,51.03,1000 -123.66,51.06,1000 -123.50,51.08,1000 -123.23,51.11,1000 -123.11,51.11,1000 -122.98,51.08,1000 -122.82,51.04,1000 -122.65,51.01,1000 -122.44,50.98,1000 -122.25,50.94,1000 -122.09,50.88,1000 -121.95,50.82,1000 -121.82,50.74,1000 -121.69,50.65,1000 -121.56,50.56,1000 -121.45,50.44,1000 -121.39,50.32,1000 -121.35,50.18,1000 -121.30,50.04,1000 -121.23,49.94,1000 -121.08,49.88,1000 -120.91,49.85,1000 -120.76,49.80,1000 -120.67,49.68,1000 -120.61,49.54,1000 -120.54,49.40,1000 -120.45,49.31,1000 -120.35,49.23,1000 -120.28,49.08,1000 -120.26,48.96,1000 -120.24,48.80,1000 -120.23,48.63,1000 -120.23,48.46,1000 -120.23,48.30,1000 -120.24,48.18,1000 -120.28,48.03,1000 -120.34,47.94,1000 -120.41,47.85,1000 -120.50,47.74,1000 -120.61,47.62,1000 -120.70,47.53,1000 -120.80,47.41,1000 -120.95,47.33,1000 -121.13,47.28,1000 -121.29,47.30,1000 -121.43,47.35,1000 -121.52,47.40,1000 -121.59,47.49,1000 -121.66,47.61,1000 -121.73,47.77,1000 -121.79,47.90,1000 -121.82,48.04,1000 -121.82,48.14,1000 -121.75,48.22,1000 -121.72,48.30,1000 -121.86,48.38,1000 -122.04,48.46,1000 -122.17,48.54,1000 -122.27,48.64,1000 -122.32,48.78,1000 -122.35,48.92,1000 -122.33,49.03,1000 -122.34,49.10,1000 -122.45,49.11,1000 -122.64,49.11,1000 -122.81,49.13,1000 -123.00,49.16,1000 -123.20,49.20,1000 -123.42,49.24,1000 -123.64,49.28,1000 -123.82,49.32,1000 -123.95,49.36,1000 -124.03,49.42,1000 -124.12,49.55,1000 -124.23,49.66,1000 -124.40,49.68,1000 -124.54,49.65,1000 -124.55,49.56,1000 -124.50,49.46,1000 -124.39,49.41,1000 -124.27,49.37,1000 -124.08,49.29,1000 -123.93,49.20,1000 -123.79,49.10,1000 -123.66,48.98,1000 -123.59,48.87,1000 -123.56,48.75,1000 -123.63,48.61,1000 -123.75,48.49,1000 -123.91,48.44,1000 -124.08,48.44,1000 -124.16,48.46,1000 -124.31,48.54,1000 -124.46,48.60,1000 -124.66,48.67,1000 -124.88,48.75,1000 -125.09,48.83,1000 -125.26,48.89,1000 -125.45,48.95,1000 -125.59,48.98,1000 -125.73,49.02,1000 -125.88,49.08,1000 -126.04,49.15,1000 -126.17,49.21,1000 -126.33,49.26,1000 -126.46,49.31,1000 -126.57,49.38,1000 -126.67,49.45,1000 -126.75,49.53,1000 -126.83,49.60,1000 -126.97,49.65,1000 -127.12,49.71,1000 -127.23,49.79,1000 -127.36,49.87,1000 -127.56,49.91,1000 -127.75,49.96,1000 -127.86,50.08,1000 -127.94,50.23,1000 -127.89,50.34,1000 
          </coordinates>
        </LinearRing>
      </outerBoundaryIs>
      <innerBoundaryIs>
        <LinearRing>
          <coordinates>
-127.65,50.42,2000 -127.49,50.45,2000 -127.32,50.49,2000 -127.15,50.52,2000 -126.97,50.55,2000 -126.76,50.58,2000 -126.53,50.61,2000 -126.31,50.63,2000 -126.14,50.64,2000 -125.98,50.62,2000 -125.89,50.59,2000 -125.73,50.60,2000 -125.58,50.63,2000 -125.48,50.70,2000 -125.37,50.77,2000 -125.27,50.80,2000 -125.15,50.82,2000 -124.91,50.85,2000 -124.74,50.88,2000 -124.52,50.91,2000 -124.28,50.95,2000 -124.03,50.98,2000 -123.78,51.02,2000 -123.55,51.04,2000 -123.37,51.06,2000 -123.07,51.06,2000 -122.87,51.02,2000 -122.70,50.99,2000 -122.50,50.96,2000 -122.35,50.92,2000 -122.20,50.87,2000 -122.04,50.80,2000 -121.92,50.73,2000 -121.79,50.65,2000 -121.67,50.56,2000 -121.58,50.45,2000 -121.50,50.32,2000 -121.44,50.20,2000 -121.41,50.06,2000 -121.37,49.94,2000 -121.21,49.86,2000 -121.04,49.81,2000 -120.86,49.73,2000 -120.75,49.62,2000 -120.64,49.48,2000 -120.57,49.36,2000 -120.50,49.23,2000 -120.44,49.12,2000 -120.36,49.03,2000 -120.30,48.96,2000 -120.30,48.85,2000 -120.32,48.71,2000 -120.32,48.60,2000 -120.32,48.47,2000 -120.32,48.33,2000 -120.33,48.23,2000 -120.35,48.12,2000 -120.39,48.05,2000 -120.47,47.94,2000 -120.57,47.82,2000 -120.67,47.71,2000 -120.77,47.60,2000 -120.86,47.49,2000 -120.96,47.40,2000 -121.08,47.36,2000 -121.20,47.35,2000 -121.31,47.39,2000 -121.41,47.47,2000 -121.48,47.57,2000 -121.55,47.69,2000 -121.63,47.79,2000 -121.70,47.89,2000 -121.70,48.01,2000 -121.68,48.13,2000 -121.68,48.26,2000 -121.74,48.39,2000 -121.87,48.47,2000 -122.04,48.54,2000 -122.17,48.62,2000 -122.25,48.75,2000 -122.27,48.88,2000 -122.23,48.99,2000 -122.19,49.08,2000 -122.29,49.16,2000 -122.40,49.16,2000 -122.56,49.16,2000 -122.78,49.18,2000 -122.96,49.21,2000 -123.19,49.25,2000 -123.43,49.29,2000 -123.65,49.34,2000 -123.83,49.39,2000 -124.01,49.49,2000 -124.12,49.60,2000 -124.22,49.69,2000 -124.39,49.74,2000 -124.55,49.78,2000 -124.69,49.84,2000 -124.82,49.93,2000 -124.93,50.01,2000 -125.04,50.11,2000 -125.13,50.18,2000 -125.23,50.22,2000 -125.27,50.16,2000 -125.20,50.02,2000 -125.10,49.93,2000 -124.97,49.81,2000 -124.81,49.68,2000 -124.64,49.54,2000 -124.50,49.43,2000 -124.38,49.34,2000 -124.18,49.25,2000 -124.04,49.20,2000 -123.92,49.11,2000 -123.80,48.99,2000 -123.71,48.90,2000 -123.69,48.77,2000 -123.73,48.70,2000 -123.79,48.63,2000 -123.86,48.57,2000 -124.00,48.55,2000 -124.15,48.58,2000 -124.34,48.64,2000 -124.53,48.70,2000 -124.69,48.76,2000 -124.85,48.85,2000 -125.00,48.93,2000 -125.17,48.96,2000 -125.38,48.98,2000 -125.58,49.01,2000 -125.77,49.08,2000 -125.96,49.16,2000 -126.14,49.24,2000 -126.32,49.32,2000 -126.50,49.41,2000 -126.64,49.48,2000 -126.74,49.57,2000 -126.81,49.64,2000 -126.91,49.68,2000 -127.04,49.73,2000 -127.18,49.80,2000 -127.34,49.89,2000 -127.49,49.96,2000 -127.65,50.02,2000 -127.76,50.06,2000 -127.85,50.18,2000 -127.65,50.42,2000 
          </coordinates>
        </LinearRing>
      </innerBoundaryIs>
  </Polygon>
 </MultiGeometry>
</Placemark>
<Placemark>
  <name>5%</name>
  <visibility>1</visibility>
  <styleUrl>#poly_5</styleUrl>
  <MultiGeometry>
    <Polygon>
      <outerBoundaryIs>
        <LinearRing>
          <coordinates>
-107.86,45.18,1000 -107.82,45.17,1000 -107.79,45.16,1000 -107.76,45.15,1000 -107.72,45.14,1000 -107.70,45.13,1000 -107.67,45.13,1000 -107.65,45.12,1000 -107.63,45.12,1000 -107.61,45.11,1000 -107.59,45.10,1000 -107.57,45.09,1000 -107.55,45.07,1000 -107.52,45.05,1000 -107.50,45.03,1000 -107.47,45.01,1000 -107.45,44.99,1000 -107.44,44.97,1000 -107.43,44.95,1000 -107.42,44.93,1000 -107.42,44.90,1000 -107.41,44.88,1000 -107.41,44.86,1000 -107.41,44.84,1000 -107.41,44.81,1000 -107.42,44.79,1000 -107.43,44.77,1000 -107.44,44.74,1000 -107.46,44.72,1000 -107.48,44.69,1000 -107.50,44.67,1000 -107.51,44.65,1000 -107.53,44.63,1000 -107.54,44.62,1000 -107.56,44.61,1000 -107.58,44.60,1000 -107.61,44.59,1000 -107.64,44.57,1000 -107.67,44.56,1000 -107.70,44.54,1000 -107.74,44.53,1000 -107.77,44.53,1000 -107.80,44.53,1000 -107.83,44.54,1000 -107.87,44.55,1000 -107.90,44.56,1000 -107.93,44.57,1000 -107.96,44.58,1000 -107.98,44.59,1000 -108.00,44.59,1000 -108.02,44.60,1000 -108.04,44.61,1000 -108.06,44.63,1000 -108.08,44.64,1000 -108.11,44.66,1000 -108.13,44.68,1000 -108.15,44.70,1000 -108.17,44.72,1000 -108.19,44.74,1000 -108.20,44.76,1000 -108.21,44.78,1000 -108.22,44.80,1000 -108.22,44.82,1000 -108.23,44.84,1000 -108.23,44.87,1000 -108.22,44.89,1000 -108.22,44.91,1000 -108.21,44.93,1000 -108.20,44.96,1000 -108.18,44.98,1000 -108.16,45.00,1000 -108.14,45.03,1000 -108.12,45.05,1000 -108.10,45.07,1000 -108.09,45.08,1000 -108.06,45.10,1000 -108.05,45.10,1000 -107.86,45.18,1000 
          </coordinates>
        </LinearRing>
      </outerBoundaryIs>
      <innerBoundaryIs>
        <LinearRing>
          <coordinates>
-108.08,44.98,2000 -108.06,45.00,2000 -108.04,45.01,2000 -108.02,45.03,2000 -108.00,45.04,2000 -107.98,45.05,2000 -107.96,45.07,2000 -107.94,45.08,2000 -107.91,45.09,2000 -107.89,45.09,2000 -107.87,45.10,2000 -107.85,45.10,2000 -107.83,45.10,2000 -107.80,45.10,2000 -107.78,45.09,2000 -107.75,45.08,2000 -107.73,45.07,2000 -107.70,45.06,2000 -107.68,45.05,2000 -107.65,45.04,2000 -107.63,45.03,2000 -107.62,45.02,2000 -107.60,45.01,2000 -107.57,45.00,2000 -107.56,44.99,2000 -107.55,44.98,2000 -107.54,44.96,2000 -107.54,44.95,2000 -107.53,44.93,2000 -107.53,44.91,2000 -107.52,44.90,2000 -107.52,44.88,2000 -107.51,44.86,2000 -107.51,44.84,2000 -107.51,44.82,2000 -107.51,44.80,2000 -107.51,44.79,2000 -107.51,44.77,2000 -107.52,44.76,2000 -107.53,44.75,2000 -107.56,44.73,2000 -107.57,44.72,2000 -107.59,44.71,2000 -107.61,44.70,2000 -107.63,44.68,2000 -107.65,44.67,2000 -107.67,44.65,2000 -107.69,44.64,2000 -107.71,44.63,2000 -107.74,44.62,2000 -107.76,44.61,2000 -107.78,44.61,2000 -107.80,44.61,2000 -107.82,44.61,2000 -107.85,44.62,2000 -107.87,44.63,2000 -107.90,44.63,2000 -107.92,44.64,2000 -107.94,44.65,2000 -107.97,44.67,2000 -107.99,44.68,2000 -108.01,44.68,2000 -108.03,44.69,2000 -108.04,44.70,2000 -108.07,44.71,2000 -108.09,44.72,2000 -108.09,44.73,2000 -108.10,44.75,2000 -108.10,44.76,2000 -108.11,44.78,2000 -108.11,44.79,2000 -108.11,44.81,2000 -108.11,44.82,2000 -108.12,44.84,2000 -108.12,44.86,2000 -108.12,44.88,2000 -108.12,44.90,2000 -108.12,44.92,2000 -108.08,44.98,2000 
          </coordinates>
        </LinearRing>
      </innerBoundaryIs>
  </Polygon>
 </MultiGeometry>
</Placemark>
<Placemark>
  <name>5%</name>
  <visibility>1</visibility>
  <styleUrl>#poly_5</styleUrl>
  <MultiGeometry>
    <Polygon>
      <outerBoundaryIs>
        <LinearRing>
          <coordinates>
-123.72,48.12,1000 -123.68,48.12,1000 -123.64,48.13,1000 -123.60,48.13,1000 -123.56,48.13,1000 -123.53,48.13,1000 -123.50,48.13,1000 -123.47,48.13,1000 -123.43,48.13,1000 -123.41,48.12,1000 -123.38,48.10,1000 -123.35,48.09,1000 -123.32,48.07,1000 -123.29,48.06,1000 -123.26,48.04,1000 -123.22,48.03,1000 -123.19,48.01,1000 -123.17,48.00,1000 -123.14,47.99,1000 -123.13,47.98,1000 -123.11,47.96,1000 -123.10,47.94,1000 -123.08,47.92,1000 -123.07,47.90,1000 -123.05,47.88,1000 -123.04,47.85,1000 -123.03,47.83,1000 -123.02,47.81,1000 -123.02,47.79,1000 -123.03,47.77,1000 -123.04,47.75,1000 -123.06,47.73,1000 -123.07,47.71,1000 -123.08,47.69,1000 -123.09,47.66,1000 -123.09,47.65,1000 -123.11,47.62,1000 -123.13,47.60,1000 -123.14,47.59,1000 -123.17,47.57,1000 -123.19,47.55,1000 -123.21,47.53,1000 -123.24,47.51,1000 -123.27,47.50,1000 -123.30,47.49,1000 -123.33,47.48,1000 -123.37,47.47,1000 -123.40,47.47,1000 -123.44,47.46,1000 -123.47,47.46,1000 -123.51,47.46,1000 -123.54,47.46,1000 -123.58,47.47,1000 -123.62,47.48,1000 -123.65,47.49,1000 -123.69,47.50,1000 -123.72,47.51,1000 -123.75,47.52,1000 -123.77,47.53,1000 -123.79,47.53,1000 -123.81,47.54,1000 -123.83,47.55,1000 -123.85,47.57,1000 -123.88,47.59,1000 -123.91,47.61,1000 -123.94,47.63,1000 -123.96,47.65,1000 -123.98,47.67,1000 -124.00,47.69,1000 -124.01,47.71,1000 -124.02,47.74,1000 -124.03,47.76,1000 -124.03,47.78,1000 -124.03,47.81,1000 -124.03,47.83,1000 -124.02,47.85,1000 -124.01,47.88,1000 -124.00,47.90,1000 -123.98,47.92,1000 -123.96,47.94,1000 -123.94,47.96,1000 -123.93,47.98,1000 -123.91,48.01,1000 -123.89,48.02,1000 -123.87,48.03,1000 -123.72,48.12,1000 
          </coordinates>
        </LinearRing>
      </outerBoundaryIs>
      <innerBoundaryIs>
        <LinearRing>
          <coordinates>
-123.90,47.88,2000 -123.88,47.90,2000 -123.87,47.92,2000 -123.85,47.93,2000 -123.83,47.95,2000 -123.81,47.97,2000 -123.80,47.98,2000 -123.78,48.00,2000 -123.76,48.01,2000 -123.74,48.02,2000 -123.72,48.03,2000 -123.70,48.04,2000 -123.67,48.05,2000 -123.65,48.05,2000 -123.62,48.06,2000 -123.59,48.06,2000 -123.56,48.06,2000 -123.53,48.06,2000 -123.51,48.06,2000 -123.48,48.05,2000 -123.45,48.05,2000 -123.42,48.04,2000 -123.40,48.04,2000 -123.37,48.03,2000 -123.35,48.02,2000 -123.32,48.01,2000 -123.29,48.00,2000 -123.27,47.99,2000 -123.25,47.98,2000 -123.23,47.96,2000 -123.21,47.95,2000 -123.19,47.94,2000 -123.18,47.92,2000 -123.16,47.90,2000 -123.15,47.88,2000 -123.14,47.87,2000 -123.14,47.85,2000 -123.13,47.83,2000 -123.13,47.81,2000 -123.13,47.79,2000 -123.13,47.77,2000 -123.14,47.75,2000 -123.15,47.74,2000 -123.17,47.72,2000 -123.18,47.70,2000 -123.20,47.68,2000 -123.21,47.66,2000 -123.23,47.64,2000 -123.24,47.62,2000 -123.25,47.61,2000 -123.26,47.60,2000 -123.27,47.58,2000 -123.29,47.58,2000 -123.31,47.58,2000 -123.33,47.57,2000 -123.36,47.56,2000 -123.39,47.56,2000 -123.42,47.55,2000 -123.45,47.54,2000 -123.48,47.54,2000 -123.51,47.53,2000 -123.53,47.53,2000 -123.56,47.53,2000 -123.58,47.53,2000 -123.59,47.54,2000 -123.62,47.55,2000 -123.64,47.56,2000 -123.66,47.57,2000 -123.68,47.58,2000 -123.71,47.59,2000 -123.73,47.60,2000 -123.76,47.61,2000 -123.78,47.62,2000 -123.80,47.63,2000 -123.82,47.64,2000 -123.85,47.65,2000 -123.87,47.65,2000 -123.88,47.66,2000 -123.89,47.68,2000 -123.90,47.69,2000 -123.90,47.71,2000 -123.90,47.72,2000 -123.91,47.74,2000 -123.91,47.76,2000 -123.91,47.78,2000 -123.92,47.81,2000 -123.92,47.83,2000 -123.92,47.85,2000 -123.90,47.88,2000 
          </coordinates>
        </LinearRing>
      </innerBoundaryIs>
  </Polygon>
 </MultiGeometry>
</Placemark>
<Placemark>
  <name>10%</name>
  <visibility>1</visibility>
  <styleUrl>#poly_10</styleUrl>
  <MultiGeometry>
    <Polygon>
      <outerBoundaryIs>
        <LinearRing>
          <coordinates>
-108.08,44.98,2000 -108.06,45.00,2000 -108.04,45.01,2000 -108.02,45.03,2000 -108.00,45.04,2000 -107.98,45.05,2000 -107.96,45.07,2000 -107.94,45.08,2000 -107.91,45.09,2000 -107.89,45.09,2000 -107.87,45.10,2000 -107.85,45.10,2000 -107.83,45.10,2000 -107.80,45.10,2000 -107.78,45.09,2000 -107.75,45.08,2000 -107.73,45.07,2000 -107.70,45.06,2000 -107.68,45.05,2000 -107.65,45.04,2000 -107.63,45.03,2000 -107.62,45.02,2000 -107.60,45.01,2000 -107.57,45.00,2000 -107.56,44.99,2000 -107.55,44.98,2000 -107.54,44.96,2000 -107.54,44.95,2000 -107.53,44.93,2000 -107.53,44.91,2000 -107.52,44.90,2000 -107.52,44.88,2000 -107.51,44.86,2000 -107.51,44.84,2000 -107.51,44.82,2000 -107.51,44.80,2000 -107.51,44.79,2000 -107.51,44.77,2000 -107.52,44.76,2000 -107.53,44.75,2000 -107.56,44.73,2000 -107.57,44.72,2000 -107.59,44.71,2000 -107.61,44.70,2000 -107.63,44.68,2000 -107.65,44.67,2000 -107.67,44.65,2000 -107.69,44.64,2000 -107.71,44.63,2000 -107.74,44.62,2000 -107.76,44.61,2000 -107.78,44.61,2000 -107.80,44.61,2000 -107.82,44.61,2000 -107.85,44.62,2000 -107.87,44.63,2000 -107.90,44.63,2000 -107.92,44.64,2000 -107.94,44.65,2000 -107.97,44.67,2000 -107.99,44.68,2000 -108.01,44.68,2000 -108.03,44.69,2000 -108.04,44.70,2000 -108.07,44.71,2000 -108.09,44.72,2000 -108.09,44.73,2000 -108.10,44.75,2000 -108.10,44.76,2000 -108.11,44.78,2000 -108.11,44.79,2000 -108.11,44.81,2000 -108.11,44.82,2000 -108.12,44.84,2000 -108.12,44.86,2000 -108.12,44.88,2000 -108.12,44.90,2000 -108.12,44.92,2000 -108.08,44.98,2000 
          </coordinates>
        </LinearRing>
      </outerBoundaryIs>
      <innerBoundaryIs>
        <LinearRing>
          <coordinates>
-107.84,45.00,3000 -107.83,45.00,3000 -107.81,45.00,3000 -107.80,44.99,3000 -107.78,44.99,3000 -107.77,44.99,3000 -107.76,44.98,3000 -107.75,44.98,3000 -107.74,44.97,3000 -107.73,44.96,3000 -107.72,44.95,3000 -107.72,44.94,3000 -107.71,44.93,3000 -107.71,44.92,3000 -107.71,44.91,3000 -107.70,44.90,3000 -107.70,44.89,3000 -107.70,44.88,3000 -107.70,44.87,3000 -107.70,44.85,3000 -107.69,44.84,3000 -107.69,44.83,3000 -107.69,44.82,3000 -107.69,44.81,3000 -107.70,44.80,3000 -107.70,44.79,3000 -107.70,44.78,3000 -107.71,44.77,3000 -107.71,44.76,3000 -107.72,44.75,3000 -107.73,44.74,3000 -107.74,44.73,3000 -107.75,44.72,3000 -107.77,44.72,3000 -107.78,44.71,3000 -107.79,44.71,3000 -107.80,44.71,3000 -107.81,44.71,3000 -107.83,44.71,3000 -107.84,44.71,3000 -107.85,44.72,3000 -107.87,44.72,3000 -107.88,44.73,3000 -107.89,44.74,3000 -107.90,44.75,3000 -107.91,44.76,3000 -107.91,44.77,3000 -107.92,44.78,3000 -107.92,44.78,3000 -107.92,44.79,3000 -107.92,44.80,3000 -107.93,44.81,3000 -107.93,44.82,3000 -107.93,44.83,3000 -107.93,44.84,3000 -107.93,44.86,3000 -107.93,44.87,3000 -107.93,44.88,3000 -107.93,44.89,3000 -107.93,44.91,3000 -107.93,44.92,3000 -107.93,44.93,3000 -107.84,45.00,3000 
          </coordinates>
        </LinearRing>
      </innerBoundaryIs>
  </Polygon>
 </MultiGeometry>
</Placemark>
<Placemark>
  <name>10%</name>
  <visibility>1</visibility>
  <styleUrl>#poly_10</styleUrl>
  <MultiGeometry>
    <Polygon>
      <outerBoundaryIs>
        <LinearRing>
          <coordinates>
-123.90,47.88,2000 -123.88,47.90,2000 -123.87,47.92,2000 -123.85,47.93,2000 -123.83,47.95,2000 -123.81,47.97,2000 -123.80,47.98,2000 -123.78,48.00,2000 -123.76,48.01,2000 -123.74,48.02,2000 -123.72,48.03,2000 -123.70,48.04,2000 -123.67,48.05,2000 -123.65,48.05,2000 -123.62,48.06,2000 -123.59,48.06,2000 -123.56,48.06,2000 -123.53,48.06,2000 -123.51,48.06,2000 -123.48,48.05,2000 -123.45,48.05,2000 -123.42,48.04,2000 -123.40,48.04,2000 -123.37,48.03,2000 -123.35,48.02,2000 -123.32,48.01,2000 -123.29,48.00,2000 -123.27,47.99,2000 -123.25,47.98,2000 -123.23,47.96,2000 -123.21,47.95,2000 -123.19,47.94,2000 -123.18,47.92,2000 -123.16,47.90,2000 -123.15,47.88,2000 -123.14,47.87,2000 -123.14,47.85,2000 -123.13,47.83,2000 -123.13,47.81,2000 -123.13,47.79,2000 -123.13,47.77,2000 -123.14,47.75,2000 -123.15,47.74,2000 -123.17,47.72,2000 -123.18,47.70,2000 -123.20,47.68,2000 -123.21,47.66,2000 -123.23,47.64,2000 -123.24,47.62,2000 -123.25,47.61,2000 -123.26,47.60,2000 -123.27,47.58,2000 -123.29,47.58,2000 -123.31,47.58,2000 -123.33,47.57,2000 -123.36,47.56,2000 -123.39,47.56,2000 -123.42,47.55,2000 -123.45,47.54,2000 -123.48,47.54,2000 -123.51,47.53,2000 -123.53,47.53,2000 -123.56,47.53,2000 -123.58,47.53,2000 -123.59,47.54,2000 -123.62,47.55,2000 -123.64,47.56,2000 -123.66,47.57,2000 -123.68,47.58,2000 -123.71,47.59,2000 -123.73,47.60,2000 -123.76,47.61,2000 -123.78,47.62,2000 -123.80,47.63,2000 -123.82,47.64,2000 -123.85,47.65,2000 -123.87,47.65,2000 -123.88,47.66,2000 -123.89,47.68,2000 -123.90,47.69,2000 -123.90,47.71,2000 -123.90,47.72,2000 -123.91,47.74,2000 -123.91,47.76,2000 -123.91,47.78,2000 -123.92,47.81,2000 -123.92,47.83,2000 -123.92,47.85,2000 -123.90,47.88,2000 
          </coordinates>
        </LinearRing>
      </outerBoundaryIs>
      <innerBoundaryIs>
        <LinearRing>
          <coordinates>
-123.67,47.96,3000 -123.65,47.96,3000 -123.63,47.96,3000 -123.61,47.96,3000 -123.59,47.96,3000 -123.57,47.96,3000 -123.55,47.96,3000 -123.53,47.96,3000 -123.51,47.96,3000 -123.49,47.96,3000 -123.48,47.96,3000 -123.46,47.96,3000 -123.45,47.96,3000 -123.43,47.96,3000 -123.42,47.96,3000 -123.39,47.96,3000 -123.38,47.96,3000 -123.37,47.95,3000 -123.36,47.94,3000 -123.35,47.93,3000 -123.34,47.92,3000 -123.34,47.91,3000 -123.33,47.90,3000 -123.32,47.89,3000 -123.31,47.88,3000 -123.30,47.87,3000 -123.29,47.85,3000 -123.28,47.84,3000 -123.27,47.83,3000 -123.27,47.81,3000 -123.26,47.80,3000 -123.26,47.79,3000 -123.25,47.78,3000 -123.25,47.77,3000 -123.25,47.76,3000 -123.25,47.74,3000 -123.26,47.73,3000 -123.27,47.72,3000 -123.27,47.71,3000 -123.29,47.71,3000 -123.30,47.70,3000 -123.31,47.69,3000 -123.33,47.68,3000 -123.34,47.67,3000 -123.36,47.67,3000 -123.37,47.66,3000 -123.39,47.66,3000 -123.40,47.65,3000 -123.42,47.64,3000 -123.44,47.64,3000 -123.46,47.63,3000 -123.47,47.63,3000 -123.49,47.63,3000 -123.51,47.62,3000 -123.53,47.62,3000 -123.54,47.62,3000 -123.56,47.62,3000 -123.58,47.62,3000 -123.60,47.62,3000 -123.61,47.63,3000 -123.63,47.63,3000 -123.65,47.64,3000 -123.67,47.65,3000 -123.68,47.65,3000 -123.70,47.66,3000 -123.72,47.67,3000 -123.73,47.68,3000 -123.74,47.69,3000 -123.75,47.70,3000 -123.76,47.71,3000 -123.76,47.72,3000 -123.77,47.73,3000 -123.77,47.74,3000 -123.77,47.75,3000 -123.77,47.76,3000 -123.78,47.78,3000 -123.78,47.79,3000 -123.78,47.80,3000 -123.78,47.82,3000 -123.77,47.83,3000 -123.77,47.84,3000 -123.77,47.86,3000 -123.77,47.87,3000 -123.67,47.96,3000 
          </coordinates>
        </LinearRing>
      </innerBoundaryIs>
  </Polygon>
 </MultiGeometry>
</Placemark>
<Placemark>
  <name>10%</name>
  <visibility>1</visibility>
  <styleUrl>#poly_10</styleUrl>
  <MultiGeometry>
    <Polygon>
      <outerBoundaryIs>
        <LinearRing>
          <coordinates>
-105.89,40.67,2000 -105.85,40.65,2000 -105.81,40.62,2000 -105.77,40.60,2000 -105.73,40.58,2000 -105.70,40.56,2000 -105.68,40.55,2000 -105.66,40.54,2000 -105.65,40.52,2000 -105.63,40.50,2000 -105.61,40.47,2000 -105.58,40.44,2000 -105.55,40.41,2000 -105.52,40.38,2000 -105.49,40.35,2000 -105.46,40.33,2000 -105.44,40.30,2000 -105.41,40.28,2000 -105.39,40.26,2000 -105.36,40.24,2000 -105.34,40.22,2000 -105.33,40.20,2000 -105.32,40.17,2000 -105.31,40.13,2000 -105.30,40.10,2000 -105.29,40.07,2000 -105.29,40.04,2000 -105.30,40.01,2000 -105.31,39.98,2000 -105.33,39.95,2000 -105.35,39.93,2000 -105.36,39.91,2000 -105.38,39.89,2000 -105.40,39.86,2000 -105.42,39.84,2000 -105.45,39.81,2000 -105.49,39.78,2000 -105.52,39.75,2000 -105.56,39.73,2000 -105.60,39.71,2000 -105.65,39.70,2000 -105.69,39.69,2000 -105.74,39.69,2000 -105.79,39.69,2000 -105.83,39.70,2000 -105.86,39.71,2000 -105.90,39.73,2000 -105.94,39.75,2000 -105.98,39.77,2000 -106.01,39.80,2000 -106.03,39.82,2000 -106.05,39.85,2000 -106.05,39.89,2000 -106.05,39.93,2000 -106.05,39.97,2000 -106.05,40.00,2000 -106.05,40.03,2000 -106.06,40.06,2000 -106.06,40.08,2000 -106.06,40.11,2000 -106.07,40.13,2000 -106.08,40.17,2000 -106.09,40.20,2000 -106.11,40.23,2000 -106.12,40.27,2000 -106.13,40.31,2000 -106.14,40.34,2000 -106.14,40.37,2000 -106.13,40.41,2000 -106.12,40.44,2000 -106.12,40.47,2000 -106.11,40.49,2000 -106.10,40.52,2000 -105.89,40.67,2000 
          </coordinates>
        </LinearRing>
      </outerBoundaryIs>
      <innerBoundaryIs>
        <LinearRing>
          <coordinates>
-105.87,40.45,3000 -105.85,40.43,3000 -105.84,40.42,3000 -105.82,40.40,3000 -105.80,40.38,3000 -105.78,40.37,3000 -105.76,40.36,3000 -105.73,40.35,3000 -105.71,40.35,3000 -105.68,40.34,3000 -105.66,40.33,3000 -105.63,40.32,3000 -105.61,40.31,3000 -105.59,40.29,3000 -105.57,40.28,3000 -105.54,40.27,3000 -105.52,40.25,3000 -105.51,40.23,3000 -105.49,40.21,3000 -105.48,40.19,3000 -105.46,40.17,3000 -105.45,40.15,3000 -105.44,40.12,3000 -105.43,40.10,3000 -105.43,40.08,3000 -105.43,40.05,3000 -105.43,40.03,3000 -105.44,40.01,3000 -105.45,39.99,3000 -105.47,39.96,3000 -105.49,39.94,3000 -105.51,39.92,3000 -105.53,39.90,3000 -105.54,39.88,3000 -105.56,39.86,3000 -105.57,39.85,3000 -105.58,39.84,3000 -105.60,39.84,3000 -105.62,39.84,3000 -105.66,39.83,3000 -105.69,39.83,3000 -105.72,39.83,3000 -105.75,39.82,3000 -105.78,39.82,3000 -105.80,39.82,3000 -105.82,39.81,3000 -105.83,39.83,3000 -105.84,39.84,3000 -105.85,39.86,3000 -105.87,39.88,3000 -105.88,39.90,3000 -105.90,39.93,3000 -105.91,39.95,3000 -105.92,39.98,3000 -105.93,40.00,3000 -105.93,40.02,3000 -105.94,40.04,3000 -105.93,40.07,3000 -105.93,40.09,3000 -105.93,40.11,3000 -105.93,40.13,3000 -105.92,40.16,3000 -105.92,40.18,3000 -105.92,40.20,3000 -105.92,40.22,3000 -105.92,40.25,3000 -105.91,40.27,3000 -105.91,40.29,3000 -105.91,40.32,3000 -105.91,40.34,3000 -105.91,40.36,3000 -105.87,40.45,3000 
          </coordinates>
        </LinearRing>
      </innerBoundaryIs>
  </Polygon>
 </MultiGeometry>
</Placemark>
<Placemark>
  <name>10%</name>
  <visibility>1</visibility>
  <styleUrl>#poly_10</styleUrl>
  <MultiGeometry>
    <Polygon>
      <outerBoundaryIs>
        <LinearRing>
          <coordinates>
-111.83,46.94,2000 -111.69,47.00,2000 -111.53,47.04,2000 -111.35,47.06,2000 -111.15,47.06,2000 -111.01,47.06,2000 -110.87,47.05,2000 -110.75,47.04,2000 -110.65,47.00,2000 -110.59,46.94,2000 -110.55,46.86,2000 -110.53,46.77,2000 -110.58,46.70,2000 -110.60,46.63,2000 -110.51,46.55,2000 -110.36,46.46,2000 -110.25,46.38,2000 -110.18,46.32,2000 -110.14,46.26,2000 -110.10,46.14,2000 -110.09,46.01,2000 -110.16,45.92,2000 -110.26,45.86,2000 -110.44,45.83,2000 -110.49,45.77,2000 -110.40,45.72,2000 -110.26,45.64,2000 -110.09,45.56,2000 -109.92,45.48,2000 -109.76,45.40,2000 -109.64,45.33,2000 -109.50,45.22,2000 -109.43,45.13,2000 -109.39,45.03,2000 -109.40,44.90,2000 -109.45,44.77,2000 -109.49,44.65,2000 -109.53,44.53,2000 -109.55,44.42,2000 -109.54,44.29,2000 -109.53,44.16,2000 -109.54,44.03,2000 -109.56,43.91,2000 -109.59,43.83,2000 -109.65,43.77,2000 -109.76,43.69,2000 -109.88,43.63,2000 -110.05,43.60,2000 -110.14,43.65,2000 -110.25,43.70,2000 -110.39,43.71,2000 -110.55,43.70,2000 -110.70,43.64,2000 -110.83,43.59,2000 -110.94,43.61,2000 -111.02,43.67,2000 -111.06,43.77,2000 -111.08,43.87,2000 -111.07,43.93,2000 -111.04,44.00,2000 -111.01,44.11,2000 -111.00,44.23,2000 -111.04,44.35,2000 -111.14,44.47,2000 -111.25,44.54,2000 -111.39,44.60,2000 -111.51,44.66,2000 -111.62,44.72,2000 -111.70,44.77,2000 -111.77,44.85,2000 -111.81,44.94,2000 -111.80,45.05,2000 -111.76,45.16,2000 -111.71,45.24,2000 -111.63,45.33,2000 -111.54,45.40,2000 -111.44,45.48,2000 -111.35,45.56,2000 -111.24,45.67,2000 -111.18,45.79,2000 -111.20,45.87,2000 -111.25,45.96,2000 -111.32,46.05,2000 -111.42,46.14,2000 -111.53,46.23,2000 -111.64,46.33,2000 -111.71,46.41,2000 -111.78,46.50,2000 -111.85,46.59,2000 -111.91,46.68,2000 -111.83,46.94,2000 
          </coordinates>
        </LinearRing>
      </outerBoundaryIs>
      <innerBoundaryIs>
        <LinearRing>
          <coordinates>
-110.68,44.53,2000 -110.67,44.51,2000 -110.65,44.50,2000 -110.64,44.48,2000 -110.62,44.46,2000 -110.61,44.45,2000 -110.60,44.43,2000 -110.59,44.41,2000 -110.58,44.39,2000 -110.57,44.37,2000 -110.57,44.35,2000 -110.56,44.34,2000 -110.56,44.32,2000 -110.56,44.30,2000 -110.55,44.28,2000 -110.55,44.26,2000 -110.55,44.24,2000 -110.55,44.22,2000 -110.55,44.20,2000 -110.55,44.18,2000 -110.55,44.16,2000 -110.55,44.14,2000 -110.55,44.12,2000 -110.55,44.10,2000 -110.55,44.08,2000 -110.56,44.07,2000 -110.56,44.05,2000 -110.56,44.04,2000 -110.57,44.01,2000 -110.58,44.00,2000 -110.59,44.00,2000 -110.60,44.00,2000 -110.61,44.01,2000 -110.63,44.04,2000 -110.64,44.05,2000 -110.65,44.06,2000 -110.66,44.08,2000 -110.67,44.09,2000 -110.69,44.11,2000 -110.70,44.13,2000 -110.72,44.15,2000 -110.73,44.17,2000 -110.74,44.18,2000 -110.75,44.20,2000 -110.76,44.22,2000 -110.77,44.24,2000 -110.78,44.26,2000 -110.79,44.27,2000 -110.79,44.29,2000 -110.80,44.31,2000 -110.81,44.33,2000 -110.81,44.35,2000 -110.82,44.37,2000 -110.68,44.53,2000 
          </coordinates>
        </LinearRing>
      </innerBoundaryIs>
      <innerBoundaryIs>
        <LinearRing>
          <coordinates>
-111.59,46.96,3000 -111.43,46.93,3000 -111.26,46.92,3000 -111.13,46.94,3000 -111.00,46.97,3000 -110.89,46.98,3000 -110.78,46.95,3000 -110.73,46.88,3000 -110.74,46.78,3000 -110.79,46.67,3000 -110.85,46.61,3000 -110.89,46.55,3000 -110.85,46.43,3000 -110.75,46.33,3000 -110.59,46.35,3000 -110.42,46.36,3000 -110.33,46.30,3000 -110.25,46.22,3000 -110.21,46.14,3000 -110.25,46.03,3000 -110.34,45.94,3000 -110.47,45.90,3000 -110.61,45.86,3000 -110.73,45.77,3000 -110.81,45.68,3000 -110.76,45.57,3000 -110.60,45.55,3000 -110.45,45.55,3000 -110.29,45.55,3000 -110.18,45.53,3000 -110.05,45.47,3000 -109.94,45.41,3000 -109.80,45.32,3000 -109.67,45.23,3000 -109.58,45.16,3000 -109.52,45.06,3000 -109.53,44.97,3000 -109.54,44.87,3000 -109.57,44.75,3000 -109.61,44.67,3000 -109.66,44.58,3000 -109.69,44.46,3000 -109.69,44.37,3000 -109.68,44.25,3000 -109.67,44.14,3000 -109.66,44.03,3000 -109.66,43.94,3000 -109.72,43.82,3000 -109.81,43.75,3000 -109.91,43.71,3000 -110.02,43.70,3000 -110.11,43.73,3000 -110.20,43.80,3000 -110.25,43.87,3000 -110.29,43.96,3000 -110.33,44.06,3000 -110.36,44.17,3000 -110.38,44.29,3000 -110.42,44.40,3000 -110.51,44.51,3000 -110.62,44.59,3000 -110.76,44.64,3000 -110.94,44.67,3000 -111.09,44.68,3000 -111.25,44.69,3000 -111.39,44.71,3000 -111.50,44.76,3000 -111.58,44.82,3000 -111.64,44.89,3000 -111.67,44.97,3000 -111.66,45.07,3000 -111.63,45.16,3000 -111.55,45.26,3000 -111.45,45.37,3000 -111.35,45.45,3000 -111.23,45.51,3000 -111.13,45.56,3000 -111.01,45.64,3000 -110.93,45.74,3000 -110.96,45.84,3000 -111.01,45.94,3000 -110.95,46.01,3000 -110.89,46.08,3000 -110.91,46.18,3000 -110.97,46.25,3000 -111.10,46.19,3000 -111.24,46.13,3000 -111.34,46.16,3000 -111.44,46.26,3000 -111.51,46.34,3000 -111.60,46.44,3000 -111.69,46.56,3000 -111.78,46.68,3000 -111.59,46.96,3000 
          </coordinates>
        </LinearRing>
      </innerBoundaryIs>
  </Polygon>
 </MultiGeometry>
</Placemark>
<Placemark>
  <name>10%</name>
  <visibility>1</visibility>
  <styleUrl>#poly_10</styleUrl>
  <MultiGeometry>
    <Polygon>
      <outerBoundaryIs>
        <LinearRing>
          <coordinates>
-114.72,48.80,2000 -114.52,48.84,2000 -114.33,48.88,2000 -114.15,48.90,2000 -113.98,48.92,2000 -113.83,48.93,2000 -113.71,48.92,2000 -113.58,48.86,2000 -113.49,48.77,2000 -113.44,48.67,2000 -113.40,48.57,2000 -113.37,48.46,2000 -113.37,48.35,2000 -113.36,48.26,2000 -113.27,48.15,2000 -113.17,48.06,2000 -113.11,47.97,2000 -113.06,47.88,2000 -113.03,47.79,2000 -113.02,47.67,2000 -113.02,47.59,2000 -113.02,47.51,2000 -113.05,47.40,2000 -113.14,47.27,2000 -113.23,47.19,2000 -113.35,47.09,2000 -113.50,46.98,2000 -113.65,46.87,2000 -113.79,46.76,2000 -113.91,46.66,2000 -113.98,46.56,2000 -114.00,46.49,2000 -113.93,46.43,2000 -113.78,46.38,2000 -113.59,46.35,2000 -113.37,46.33,2000 -113.16,46.30,2000 -112.98,46.28,2000 -112.86,46.25,2000 -112.79,46.13,2000 -112.89,46.01,2000 -112.96,45.95,2000 -113.06,45.89,2000 -113.16,45.83,2000 -113.27,45.76,2000 -113.38,45.68,2000 -113.49,45.64,2000 -113.66,45.65,2000 -113.82,45.71,2000 -113.96,45.80,2000 -114.09,45.86,2000 -114.17,45.82,2000 -114.25,45.75,2000 -114.36,45.69,2000 -114.49,45.67,2000 -114.65,45.65,2000 -114.81,45.64,2000 -114.94,45.63,2000 -115.10,45.63,2000 -115.20,45.67,2000 -115.25,45.74,2000 -115.27,45.85,2000 -115.27,45.95,2000 -115.26,46.06,2000 -115.26,46.18,2000 -115.27,46.27,2000 -115.28,46.37,2000 -115.30,46.47,2000 -115.33,46.56,2000 -115.39,46.67,2000 -115.47,46.78,2000 -115.55,46.86,2000 -115.72,46.93,2000 -115.84,46.98,2000 -115.79,47.05,2000 -115.73,47.15,2000 -115.77,47.23,2000 -115.83,47.33,2000 -115.90,47.43,2000 -115.93,47.52,2000 -115.89,47.63,2000 -115.81,47.74,2000 -115.75,47.83,2000 -115.77,47.91,2000 -115.79,47.98,2000 -115.74,48.09,2000 -115.67,48.19,2000 -115.57,48.20,2000 -115.48,48.14,2000 -115.38,48.06,2000 -115.29,47.99,2000 -115.22,47.92,2000 -115.18,47.85,2000 -115.15,47.77,2000 -115.17,47.67,2000 -115.25,47.57,2000 -115.35,47.46,2000 -115.39,47.37,2000 -115.31,47.32,2000 -115.18,47.28,2000 -115.05,47.24,2000 -114.96,47.18,2000 -114.88,47.11,2000 -114.81,47.05,2000 -114.72,46.98,2000 -114.63,46.92,2000 -114.51,46.87,2000 -114.40,46.85,2000 -114.29,46.88,2000 -114.22,46.94,2000 -114.22,47.02,2000 -114.25,47.14,2000 -114.27,47.24,2000 -114.29,47.36,2000 -114.30,47.47,2000 -114.28,47.56,2000 -114.25,47.65,2000 -114.23,47.74,2000 -114.22,47.86,2000 -114.21,47.99,2000 -114.22,48.10,2000 -114.25,48.18,2000 -114.30,48.25,2000 -114.37,48.33,2000 -114.47,48.42,2000 -114.59,48.51,2000 -114.72,48.61,2000 -114.72,48.80,2000 
          </coordinates>
        </LinearRing>
      </outerBoundaryIs>
      <innerBoundaryIs>
        <LinearRing>
          <coordinates>
-114.45,48.70,3000 -114.34,48.73,3000 -114.24,48.75,3000 -114.14,48.77,3000 -114.05,48.78,3000 -113.96,48.79,3000 -113.86,48.79,3000 -113.76,48.78,3000 -113.68,48.76,3000 -113.62,48.72,3000 -113.60,48.67,3000 -113.60,48.61,3000 -113.60,48.53,3000 -113.60,48.46,3000 -113.59,48.39,3000 -113.56,48.32,3000 -113.51,48.26,3000 -113.45,48.19,3000 -113.40,48.13,3000 -113.36,48.08,3000 -113.30,48.02,3000 -113.26,47.98,3000 -113.22,47.92,3000 -113.20,47.86,3000 -113.18,47.79,3000 -113.16,47.72,3000 -113.15,47.65,3000 -113.14,47.59,3000 -113.15,47.52,3000 -113.17,47.47,3000 -113.20,47.41,3000 -113.23,47.35,3000 -113.28,47.29,3000 -113.32,47.23,3000 -113.37,47.17,3000 -113.42,47.11,3000 -113.47,47.06,3000 -113.53,47.00,3000 -113.58,46.96,3000 -113.65,46.91,3000 -113.72,46.87,3000 -113.79,46.86,3000 -113.86,46.88,3000 -113.93,46.91,3000 -114.00,46.95,3000 -114.06,46.99,3000 -114.10,47.04,3000 -114.12,47.09,3000 -114.14,47.16,3000 -114.15,47.22,3000 -114.17,47.30,3000 -114.18,47.37,3000 -114.18,47.44,3000 -114.18,47.50,3000 -114.17,47.55,3000 -114.16,47.60,3000 -114.15,47.66,3000 -114.13,47.72,3000 -114.11,47.79,3000 -114.08,47.87,3000 -114.06,47.94,3000 -114.06,48.01,3000 -114.07,48.08,3000 -114.10,48.15,3000 -114.13,48.22,3000 -114.17,48.28,3000 -114.21,48.33,3000 -114.28,48.39,3000 -114.35,48.44,3000 -114.41,48.48,3000 -114.45,48.53,3000 -114.48,48.58,3000 -114.51,48.63,3000 -114.45,48.70,3000 
          </coordinates>
        </LinearRing>
      </innerBoundaryIs>
      <innerBoundaryIs>
        <LinearRing>
          <coordinates>
-115.36,47.12,3000 -115.28,47.13,3000 -115.20,47.13,3000 -115.13,47.13,3000 -115.07,47.11,3000 -115.03,47.08,3000 -115.00,47.04,3000 -114.97,46.99,3000 -114.94,46.95,3000 -114.89,46.91,3000 -114.84,46.88,3000 -114.78,46.86,3000 -114.72,46.84,3000 -114.65,46.82,3000 -114.59,46.80,3000 -114.53,46.78,3000 -114.46,46.76,3000 -114.39,46.75,3000 -114.32,46.73,3000 -114.26,46.72,3000 -114.21,46.69,3000 -114.18,46.66,3000 -114.16,46.61,3000 -114.15,46.57,3000 -114.14,46.52,3000 -114.14,46.47,3000 -114.14,46.43,3000 -114.15,46.38,3000 -114.16,46.33,3000 -114.17,46.28,3000 -114.17,46.24,3000 -114.17,46.20,3000 -114.13,46.15,3000 -114.08,46.12,3000 -114.02,46.11,3000 -113.97,46.11,3000 -113.93,46.13,3000 -113.87,46.16,3000 -113.82,46.18,3000 -113.77,46.22,3000 -113.72,46.25,3000 -113.66,46.28,3000 -113.59,46.30,3000 -113.53,46.31,3000 -113.46,46.32,3000 -113.39,46.32,3000 -113.32,46.32,3000 -113.25,46.32,3000 -113.20,46.31,3000 -113.13,46.29,3000 -113.07,46.25,3000 -113.03,46.21,3000 -113.01,46.17,3000 -113.01,46.13,3000 -113.02,46.09,3000 -113.04,46.05,3000 -113.08,46.00,3000 -113.13,45.96,3000 -113.17,45.93,3000 -113.22,45.89,3000 -113.28,45.85,3000 -113.34,45.81,3000 -113.40,45.78,3000 -113.46,45.75,3000 -113.52,45.73,3000 -113.58,45.72,3000 -113.63,45.73,3000 -113.69,45.75,3000 -113.75,45.79,3000 -113.80,45.83,3000 -113.86,45.87,3000 -113.91,45.91,3000 -113.95,45.94,3000 -113.99,45.97,3000 -114.06,46.02,3000 -114.10,46.05,3000 -114.15,46.05,3000 -114.18,46.02,3000 -114.20,45.98,3000 -114.23,45.92,3000 -114.26,45.87,3000 -114.29,45.82,3000 -114.33,45.79,3000 -114.39,45.78,3000 -114.47,45.78,3000 -114.54,45.79,3000 -114.62,45.80,3000 -114.68,45.82,3000 -114.74,45.84,3000 -114.79,45.86,3000 -114.82,45.89,3000 -114.86,45.95,3000 -114.87,45.99,3000 -114.89,46.03,3000 -114.90,46.08,3000 -114.91,46.14,3000 -114.92,46.19,3000 -114.93,46.25,3000 -114.94,46.30,3000 -114.95,46.35,3000 -114.96,46.39,3000 -114.98,46.45,3000 -115.00,46.50,3000 -115.02,46.54,3000 -115.04,46.58,3000 -115.07,46.62,3000 -115.10,46.66,3000 -115.14,46.70,3000 -115.17,46.74,3000 -115.21,46.78,3000 -115.26,46.82,3000 -115.30,46.86,3000 -115.36,47.12,3000 
          </coordinates>
        </LinearRing>
      </innerBoundaryIs>
  </Polygon>
 </MultiGeometry>
</Placemark>
<Placemark>
  <name>10%</name>
  <visibility>1</visibility>
  <styleUrl>#poly_10</styleUrl>
  <MultiGeometry>
    <Polygon>
      <outerBoundaryIs>
        <LinearRing>
          <coordinates>
-127.65,50.42,2000 -127.49,50.45,2000 -127.32,50.49,2000 -127.15,50.52,2000 -126.97,50.55,2000 -126.76,50.58,2000 -126.53,50.61,2000 -126.31,50.63,2000 -126.14,50.64,2000 -125.98,50.62,2000 -125.89,50.59,2000 -125.73,50.60,2000 -125.58,50.63,2000 -125.48,50.70,2000 -125.37,50.77,2000 -125.27,50.80,2000 -125.15,50.82,2000 -124.91,50.85,2000 -124.74,50.88,2000 -124.52,50.91,2000 -124.28,50.95,2000 -124.03,50.98,2000 -123.78,51.02,2000 -123.55,51.04,2000 -123.37,51.06,2000 -123.07,51.06,2000 -122.87,51.02,2000 -122.70,50.99,2000 -122.50,50.96,2000 -122.35,50.92,2000 -122.20,50.87,2000 -122.04,50.80,2000 -121.92,50.73,2000 -121.79,50.65,2000 -121.67,50.56,2000 -121.58,50.45,2000 -121.50,50.32,2000 -121.44,50.20,2000 -121.41,50.06,2000 -121.37,49.94,2000 -121.21,49.86,2000 -121.04,49.81,2000 -120.86,49.73,2000 -120.75,49.62,2000 -120.64,49.48,2000 -120.57,49.36,2000 -120.50,49.23,2000 -120.44,49.12,2000 -120.36,49.03,2000 -120.30,48.96,2000 -120.30,48.85,2000 -120.32,48.71,2000 -120.32,48.60,2000 -120.32,48.47,2000 -120.32,48.33,2000 -120.33,48.23,2000 -120.35,48.12,2000 -120.39,48.05,2000 -120.47,47.94,2000 -120.57,47.82,2000 -120.67,47.71,2000 -120.77,47.60,2000 -120.86,47.49,2000 -120.96,47.40,2000 -121.08,47.36,2000 -121.20,47.35,2000 -121.31,47.39,2000 -121.41,47.47,2000 -121.48,47.57,2000 -121.55,47.69,2000 -121.63,47.79,2000 -121.70,47.89,2000 -121.70,48.01,2000 -121.68,48.13,2000 -121.68,48.26,2000 -121.74,48.39,2000 -121.87,48.47,2000 -122.04,48.54,2000 -122.17,48.62,2000 -122.25,48.75,2000 -122.27,48.88,2000 -122.23,48.99,2000 -122.19,49.08,2000 -122.29,49.16,2000 -122.40,49.16,2000 -122.56,49.16,2000 -122.78,49.18,2000 -122.96,49.21,2000 -123.19,49.25,2000 -123.43,49.29,2000 -123.65,49.34,2000 -123.83,49.39,2000 -124.01,49.49,2000 -124.12,49.60,2000 -124.22,49.69,2000 -124.39,49.74,2000 -124.55,49.78,2000 -124.69,49.84,2000 -124.82,49.93,2000 -124.93,50.01,2000 -125.04,50.11,2000 -125.13,50.18,2000 -125.23,50.22,2000 -125.27,50.16,2000 -125.20,50.02,2000 -125.10,49.93,2000 -124.97,49.81,2000 -124.81,49.68,2000 -124.64,49.54,2000 -124.50,49.43,2000 -124.38,49.34,2000 -124.18,49.25,2000 -124.04,49.20,2000 -123.92,49.11,2000 -123.80,48.99,2000 -123.71,48.90,2000 -123.69,48.77,2000 -123.73,48.70,2000 -123.79,48.63,2000 -123.86,48.57,2000 -124.00,48.55,2000 -124.15,48.58,2000 -124.34,48.64,2000 -124.53,48.70,2000 -124.69,48.76,2000 -124.85,48.85,2000 -125.00,48.93,2000 -125.17,48.96,2000 -125.38,48.98,2000 -125.58,49.01,2000 -125.77,49.08,2000 -125.96,49.16,2000 -126.14,49.24,2000 -126.32,49.32,2000 -126.50,49.41,2000 -126.64,49.48,2000 -126.74,49.57,2000 -126.81,49.64,2000 -126.91,49.68,2000 -127.04,49.73,2000 -127.18,49.80,2000 -127.34,49.89,2000 -127.49,49.96,2000 -127.65,50.02,2000 -127.76,50.06,2000 -127.85,50.18,2000 -127.65,50.42,2000 
          </coordinates>
        </LinearRing>
      </outerBoundaryIs>
      <innerBoundaryIs>
        <LinearRing>
          <coordinates>
-127.39,50.42,3000 -127.17,50.45,3000 -126.96,50.48,3000 -126.75,50.51,3000 -126.54,50.54,3000 -126.34,50.56,3000 -126.14,50.57,3000 -125.93,50.53,3000 -125.73,50.48,3000 -125.56,50.46,3000 -125.44,50.56,3000 -125.32,50.69,3000 -125.16,50.74,3000 -124.96,50.78,3000 -124.74,50.81,3000 -124.56,50.84,3000 -124.37,50.86,3000 -124.17,50.89,3000 -123.97,50.91,3000 -123.77,50.94,3000 -123.58,50.96,3000 -123.38,50.98,3000 -123.20,50.99,3000 -122.97,50.97,3000 -122.75,50.94,3000 -122.57,50.90,3000 -122.38,50.86,3000 -122.21,50.80,3000 -122.07,50.73,3000 -121.91,50.65,3000 -121.79,50.57,3000 -121.68,50.46,3000 -121.61,50.34,3000 -121.58,50.20,3000 -121.56,50.07,3000 -121.53,49.95,3000 -121.47,49.85,3000 -121.35,49.79,3000 -121.20,49.74,3000 -121.02,49.67,3000 -120.85,49.57,3000 -120.76,49.46,3000 -120.68,49.33,3000 -120.61,49.21,3000 -120.51,49.09,3000 -120.43,48.98,3000 -120.41,48.85,3000 -120.42,48.70,3000 -120.43,48.58,3000 -120.44,48.45,3000 -120.46,48.32,3000 -120.48,48.19,3000 -120.52,48.06,3000 -120.57,47.94,3000 -120.66,47.83,3000 -120.78,47.72,3000 -120.87,47.63,3000 -120.94,47.54,3000 -121.01,47.49,3000 -121.15,47.46,3000 -121.31,47.51,3000 -121.39,47.61,3000 -121.49,47.74,3000 -121.57,47.89,3000 -121.62,48.00,3000 -121.61,48.13,3000 -121.58,48.22,3000 -121.60,48.32,3000 -121.67,48.43,3000 -121.79,48.50,3000 -121.95,48.59,3000 -122.09,48.70,3000 -122.14,48.80,3000 -122.16,48.93,3000 -122.19,49.07,3000 -122.22,49.19,3000 -122.29,49.27,3000 -122.48,49.30,3000 -122.71,49.27,3000 -122.94,49.26,3000 -123.14,49.29,3000 -123.34,49.34,3000 -123.52,49.39,3000 -123.68,49.45,3000 -123.82,49.51,3000 -123.94,49.57,3000 -124.06,49.66,3000 -124.16,49.73,3000 -124.27,49.77,3000 -124.40,49.82,3000 -124.52,49.88,3000 -124.65,49.95,3000 -124.79,50.02,3000 -124.93,50.11,3000 -125.06,50.21,3000 -125.18,50.27,3000 -125.32,50.25,3000 -125.38,50.16,3000 -125.32,50.05,3000 -125.19,49.91,3000 -125.06,49.81,3000 -124.91,49.70,3000 -124.79,49.59,3000 -124.72,49.48,3000 -124.67,49.38,3000 -124.61,49.30,3000 -124.49,49.27,3000 -124.35,49.26,3000 -124.21,49.20,3000 -124.08,49.13,3000 -123.99,49.07,3000 -123.93,49.01,3000 -123.84,48.89,3000 -123.84,48.80,3000 -123.88,48.73,3000 -123.96,48.68,3000 -124.16,48.69,3000 -124.29,48.73,3000 -124.46,48.79,3000 -124.65,48.86,3000 -124.84,48.93,3000 -125.00,48.99,3000 -125.13,49.03,3000 -125.34,49.02,3000 -125.50,49.05,3000 -125.69,49.11,3000 -125.84,49.16,3000 -126.00,49.23,3000 -126.19,49.32,3000 -126.33,49.39,3000 -126.49,49.48,3000 -126.65,49.58,3000 -126.81,49.67,3000 -126.95,49.75,3000 -127.14,49.86,3000 -127.30,49.94,3000 -127.43,50.01,3000 -127.60,50.09,3000 -127.71,50.20,3000 -127.62,50.33,3000 -127.39,50.42,3000 
          </coordinates>
        </LinearRing>
      </innerBoundaryIs>
  </Polygon>
 </MultiGeometry>
</Placemark>
<Placemark>
  <name>10%</name>
  <visibility>1</visibility>
  <styleUrl>#poly_10</styleUrl>
  <MultiGeometry>
    <Polygon>
      <outerBoundaryIs>
        <LinearRing>
          <coordinates>
-121.10,51.33,2000 -120.93,51.36,2000 -120.75,51.38,2000 -120.58,51.41,2000 -120.40,51.43,2000 -120.22,51.46,2000 -120.03,51.48,2000 -119.85,51.50,2000 -119.67,51.52,2000 -119.50,51.54,2000 -119.30,51.56,2000 -119.08,51.59,2000 -118.81,51.62,2000 -118.63,51.64,2000 -118.43,51.66,2000 -118.21,51.69,2000 -117.97,51.72,2000 -117.73,51.74,2000 -117.49,51.77,2000 -117.25,51.79,2000 -117.03,51.82,2000 -116.82,51.83,2000 -116.64,51.85,2000 -116.50,51.86,2000 -116.21,51.87,2000 -116.12,51.84,2000 -116.05,51.81,2000 -115.92,51.77,2000 -115.80,51.71,2000 -115.70,51.65,2000 -115.59,51.55,2000 -115.51,51.43,2000 -115.46,51.32,2000 -115.42,51.19,2000 -115.37,51.05,2000 -115.30,50.93,2000 -115.23,50.79,2000 -115.15,50.66,2000 -115.11,50.57,2000 -115.20,50.50,2000 -115.34,50.43,2000 -115.50,50.49,2000 -115.63,50.58,2000 -115.80,50.69,2000 -115.92,50.67,2000 -115.94,50.60,2000 -115.96,50.49,2000 -115.96,50.35,2000 -115.97,50.20,2000 -115.97,50.04,2000 -115.97,49.90,2000 -115.97,49.77,2000 -115.98,49.67,2000 -116.02,49.52,2000 -116.07,49.44,2000 -116.13,49.38,2000 -116.25,49.28,2000 -116.36,49.18,2000 -116.39,49.07,2000 -116.40,48.96,2000 -116.40,48.85,2000 -116.39,48.74,2000 -116.36,48.65,2000 -116.27,48.57,2000 -116.18,48.50,2000 -116.10,48.41,2000 -116.07,48.33,2000 -116.26,48.32,2000 -116.40,48.33,2000 -116.57,48.36,2000 -116.74,48.39,2000 -116.90,48.43,2000 -117.05,48.48,2000 -117.19,48.53,2000 -117.34,48.59,2000 -117.46,48.66,2000 -117.52,48.76,2000 -117.61,48.85,2000 -117.75,48.88,2000 -117.93,48.90,2000 -118.10,48.93,2000 -118.26,48.97,2000 -118.43,49.01,2000 -118.57,49.05,2000 -118.73,49.09,2000 -118.88,49.13,2000 -118.99,49.18,2000 -119.10,49.24,2000 -119.21,49.30,2000 -119.36,49.37,2000 -119.51,49.44,2000 -119.62,49.52,2000 -119.72,49.61,2000 -119.82,49.66,2000 -119.93,49.59,2000 -120.04,49.52,2000 -120.14,49.55,2000 -120.24,49.61,2000 -120.31,49.72,2000 -120.32,49.83,2000 -120.30,49.97,2000 -120.27,50.12,2000 -120.25,50.25,2000 -120.24,50.36,2000 -120.25,50.48,2000 -120.33,50.54,2000 -120.46,50.58,2000 -120.64,50.60,2000 -120.82,50.63,2000 -120.98,50.65,2000 -121.14,50.67,2000 -121.28,50.70,2000 -121.45,50.77,2000 -121.54,50.87,2000 -121.52,50.96,2000 -121.45,51.06,2000 -121.36,51.17,2000 -121.10,51.33,2000 
          </coordinates>
        </LinearRing>
      </outerBoundaryIs>
      <innerBoundaryIs>
        <LinearRing>
          <coordinates>
-120.83,51.32,3000 -120.65,51.34,3000 -120.46,51.36,3000 -120.27,51.38,3000 -120.09,51.41,3000 -119.90,51.43,3000 -119.72,51.45,3000 -119.53,51.47,3000 -119.35,51.49,3000 -119.16,51.51,3000 -118.98,51.53,3000 -118.79,51.55,3000 -118.60,51.57,3000 -118.40,51.59,3000 -118.19,51.62,3000 -117.98,51.64,3000 -117.77,51.66,3000 -117.56,51.69,3000 -117.37,51.71,3000 -117.18,51.73,3000 -117.01,51.74,3000 -116.87,51.76,3000 -116.74,51.77,3000 -116.48,51.79,3000 -116.40,51.80,3000 -116.33,51.79,3000 -116.16,51.77,3000 -116.00,51.73,3000 -115.89,51.68,3000 -115.78,51.61,3000 -115.69,51.53,3000 -115.64,51.43,3000 -115.62,51.32,3000 -115.59,51.19,3000 -115.54,51.08,3000 -115.48,50.96,3000 -115.43,50.85,3000 -115.39,50.76,3000 -115.41,50.68,3000 -115.51,50.67,3000 -115.64,50.68,3000 -115.81,50.81,3000 -115.96,50.79,3000 -115.98,50.72,3000 -116.00,50.63,3000 -116.01,50.52,3000 -116.02,50.39,3000 -116.03,50.25,3000 -116.04,50.12,3000 -116.04,49.98,3000 -116.06,49.86,3000 -116.07,49.75,3000 -116.09,49.66,3000 -116.16,49.51,3000 -116.24,49.41,3000 -116.32,49.35,3000 -116.39,49.29,3000 -116.47,49.21,3000 -116.51,49.15,3000 -116.53,49.06,3000 -116.54,48.96,3000 -116.52,48.87,3000 -116.52,48.77,3000 -116.54,48.68,3000 -116.59,48.59,3000 -116.65,48.53,3000 -116.80,48.52,3000 -116.98,48.55,3000 -117.10,48.58,3000 -117.22,48.62,3000 -117.33,48.68,3000 -117.40,48.78,3000 -117.45,48.91,3000 -117.56,49.00,3000 -117.71,49.03,3000 -117.90,49.04,3000 -118.10,49.04,3000 -118.29,49.06,3000 -118.47,49.10,3000 -118.65,49.16,3000 -118.81,49.22,3000 -118.94,49.27,3000 -119.08,49.33,3000 -119.18,49.38,3000 -119.27,49.44,3000 -119.37,49.50,3000 -119.45,49.58,3000 -119.51,49.69,3000 -119.55,49.81,3000 -119.61,49.89,3000 -119.72,49.87,3000 -119.85,49.81,3000 -120.00,49.80,3000 -120.12,49.81,3000 -120.17,49.92,3000 -120.14,50.00,3000 -120.09,50.09,3000 -120.05,50.18,3000 -120.01,50.28,3000 -119.99,50.38,3000 -119.98,50.48,3000 -120.08,50.57,3000 -120.20,50.60,3000 -120.36,50.62,3000 -120.53,50.64,3000 -120.70,50.66,3000 -120.84,50.68,3000 -121.04,50.71,3000 -121.18,50.75,3000 -121.32,50.80,3000 -121.41,50.87,3000 -121.44,50.95,3000 -121.40,51.05,3000 -121.32,51.11,3000 -121.20,51.18,3000 -121.06,51.25,3000 -120.83,51.32,3000 
          </coordinates>
        </LinearRing>
      </innerBoundaryIs>
  </Polygon>
 </MultiGeometry>
</Placemark>
<Placemark>
  <name>10%</name>
  <visibility>1</visibility>
  <styleUrl>#poly_10</styleUrl>
  <MultiGeometry>
    <Polygon>
      <outerBoundaryIs>
        <LinearRing>
          <coordinates>
-68.97,51.11,2000 -68.55,51.08,2000 -68.11,51.08,2000 -67.67,51.02,2000 -67.35,50.90,2000 -66.71,50.66,2000 -66.08,50.42,2000 -65.83,50.27,2000 -65.62,50.03,2000 -65.50,49.75,2000 -65.58,49.58,2000 -65.80,49.42,2000 -65.90,49.32,2000 -65.52,49.15,2000 -65.28,49.06,2000 -65.02,48.87,2000 -64.62,48.49,2000 -64.95,48.18,2000 -65.41,48.14,2000 -65.76,48.15,2000 -66.59,47.90,2000 -67.25,47.60,2000 -67.68,47.48,2000 -68.15,47.45,2000 -68.48,47.46,2000 -68.68,47.39,2000 -68.80,47.25,2000 -68.90,47.06,2000 -69.19,46.87,2000 -69.46,46.76,2000 -69.65,46.58,2000 -70.10,46.23,2000 -70.53,46.02,2000 -70.63,45.39,2000 -70.79,45.04,2000 -71.02,44.85,2000 -71.31,44.65,2000 -71.71,44.52,2000 -72.36,44.47,2000 -72.74,44.40,2000 -72.96,44.45,2000 -73.16,44.56,2000 -73.40,44.51,2000 -73.52,44.30,2000 -73.54,44.09,2000 -73.80,43.58,2000 -73.92,43.27,2000 -73.92,42.89,2000 -73.85,42.78,2000 -73.56,42.79,2000 -73.36,42.79,2000 -73.24,42.71,2000 -73.33,42.55,2000 -73.49,42.50,2000 -73.75,42.55,2000 -73.96,42.51,2000 -74.21,42.28,2000 -74.42,41.96,2000 -74.71,41.76,2000 -75.05,41.54,2000 -75.20,41.36,2000 -75.47,40.99,2000 -75.94,40.71,2000 -76.33,40.64,2000 -76.75,40.73,2000 -77.13,40.70,2000 -77.35,40.55,2000 -77.45,40.38,2000 -77.51,40.05,2000 -77.75,39.86,2000 -78.17,39.73,2000 -78.46,39.63,2000 -78.72,39.43,2000 -79.03,38.91,2000 -79.10,38.63,2000 -79.21,38.41,2000 -79.36,38.27,2000 -79.86,37.88,2000 -80.34,37.29,2000 -80.57,37.07,2000 -80.84,36.90,2000 -81.25,36.50,2000 -81.68,36.09,2000 -82.09,35.77,2000 -82.62,35.57,2000 -83.08,35.29,2000 -83.55,35.04,2000 -83.92,35.04,2000 -84.22,35.18,2000 -84.27,35.42,2000 -84.18,35.62,2000 -83.95,35.83,2000 -83.73,35.96,2000 -83.59,36.16,2000 -83.84,36.32,2000 -84.16,36.26,2000 -84.50,36.10,2000 -85.00,35.76,2000 -85.53,35.43,2000 -85.75,35.55,2000 -85.71,35.95,2000 -85.60,36.19,2000 -85.41,36.37,2000 -85.03,36.63,2000 -84.67,36.80,2000 -84.46,36.95,2000 -84.57,37.13,2000 -84.72,37.30,2000 -84.69,37.58,2000 -84.44,37.75,2000 -84.15,37.86,2000 -84.04,38.07,2000 -84.13,38.23,2000 -84.28,38.17,2000 -84.65,38.19,2000 -84.91,38.28,2000 -85.07,38.46,2000 -85.21,38.78,2000 -85.36,38.95,2000 -85.72,39.21,2000 -85.91,39.23,2000 -86.29,39.13,2000 -86.58,39.12,2000 -86.86,39.18,2000 -87.15,39.31,2000 -87.81,39.21,2000 -88.49,39.10,2000 -88.97,39.12,2000 -89.55,39.10,2000 -90.04,39.08,2000 -90.35,39.15,2000 -90.61,39.14,2000 -90.93,38.94,2000 -91.15,38.72,2000 -91.52,38.54,2000 -91.78,38.55,2000 -92.05,38.72,2000 -92.18,38.90,2000 -92.45,39.31,2000 -92.90,39.66,2000 -93.39,39.98,2000 -93.91,40.27,2000 -94.52,40.37,2000 -94.88,40.48,2000 -95.09,40.61,2000 -95.45,40.93,2000 -95.97,41.32,2000 -96.24,41.51,2000 -96.56,41.61,2000 -97.19,41.74,2000 -98.15,41.77,2000 -98.57,41.87,2000 -98.98,42.05,2000 -99.25,42.21,2000 -99.41,42.56,2000 -99.53,42.76,2000 -99.86,42.92,2000 -100.12,43.16,2000 -100.00,43.34,2000 -99.85,43.43,2000 -99.44,43.52,2000 -99.10,43.42,2000 -98.74,43.39,2000 -98.50,43.59,2000 -98.05,43.87,2000 -97.61,44.15,2000 -97.43,44.40,2000 -97.39,44.55,2000 -97.42,45.11,2000 -97.61,45.54,2000 -97.58,45.88,2000 -97.39,46.03,2000 -97.21,46.22,2000 -97.19,46.50,2000 -97.24,46.68,2000 -97.46,46.94,2000 -97.73,47.10,2000 -98.05,47.23,2000 -98.39,47.44,2000 -98.55,47.61,2000 -98.79,48.12,2000 -98.96,48.41,2000 -99.00,48.76,2000 -99.05,49.02,2000 -99.32,49.27,2000 -99.55,49.52,2000 -99.84,49.67,2000 -100.44,49.90,2000 -100.66,50.11,2000 -100.88,50.39,2000 -101.43,50.79,2000 -101.71,50.93,2000 -101.99,51.14,2000 -102.33,51.45,2000 -102.82,51.77,2000 -102.99,51.96,2000 -102.95,52.07,2000 -102.76,52.16,2000 -102.12,52.22,2000 -101.85,52.17,2000 -101.56,52.02,2000 -101.29,51.91,2000 -100.79,51.89,2000 -99.65,51.86,2000 -99.15,51.83,2000 -98.54,51.92,2000 -97.99,51.98,2000 -97.33,51.94,2000 -96.35,51.83,2000 -95.43,51.84,2000 -94.39,51.82,2000 -93.36,51.68,2000 -92.50,51.51,2000 -91.90,51.34,2000 -91.68,51.15,2000 -91.59,51.01,2000 -91.39,50.56,2000 -91.17,50.08,2000 -90.85,49.77,2000 -90.35,49.52,2000 -90.04,49.43,2000 -89.54,49.44,2000 -88.87,49.63,2000 -88.35,49.95,2000 -88.02,50.16,2000 -87.67,50.29,2000 -87.07,50.58,2000 -86.52,50.72,2000 -86.09,50.76,2000 -85.60,50.74,2000 -85.06,50.65,2000 -84.70,50.54,2000 -83.99,50.20,2000 -83.30,49.85,2000 -83.07,49.69,2000 -82.54,49.53,2000 -82.27,49.38,2000 -81.97,49.15,2000 -81.32,48.97,2000 -80.63,48.82,2000 -79.98,48.65,2000 -79.33,48.47,2000 -78.55,48.28,2000 -78.23,48.19,2000 -77.76,48.13,2000 -76.94,48.18,2000 -76.45,48.23,2000 -76.07,48.33,2000 -75.47,48.49,2000 -74.87,48.65,2000 -74.53,48.77,2000 -74.23,48.95,2000 -73.64,49.14,2000 -73.17,49.32,2000 -72.89,49.58,2000 -72.49,49.82,2000 -72.16,49.95,2000 -71.72,50.43,2000 -71.48,50.62,2000 -71.17,50.76,2000 -70.03,51.00,2000 -69.35,51.11,2000 -68.97,51.11,2000 
          </coordinates>
        </LinearRing>
      </outerBoundaryIs>
      <innerBoundaryIs>
        <LinearRing>
          <coordinates>
-96.01,48.69,2000 -95.95,48.69,2000 -95.88,48.69,2000 -95.82,48.69,2000 -95.76,48.68,2000 -95.70,48.66,2000 -95.64,48.63,2000 -95.59,48.59,2000 -95.55,48.57,2000 -95.50,48.53,2000 -95.46,48.49,2000 -95.42,48.45,2000 -95.38,48.40,2000 -95.36,48.36,2000 -95.34,48.32,2000 -95.32,48.28,2000 -95.30,48.24,2000 -95.29,48.20,2000 -95.27,48.16,2000 -95.26,48.11,2000 -95.25,48.07,2000 -95.24,48.03,2000 -95.22,47.98,2000 -95.21,47.94,2000 -95.21,47.90,2000 -95.23,47.84,2000 -95.25,47.80,2000 -95.25,47.77,2000 -95.26,47.73,2000 -95.27,47.70,2000 -95.29,47.66,2000 -95.31,47.61,2000 -95.34,47.57,2000 -95.37,47.52,2000 -95.41,47.48,2000 -95.44,47.43,2000 -95.47,47.40,2000 -95.50,47.39,2000 -95.55,47.37,2000 -95.61,47.34,2000 -95.67,47.31,2000 -95.74,47.30,2000 -95.81,47.31,2000 -95.88,47.33,2000 -95.94,47.36,2000 -95.99,47.38,2000 -96.01,47.40,2000 -96.02,47.43,2000 -96.04,47.47,2000 -96.06,47.52,2000 -96.07,47.56,2000 -96.08,47.60,2000 -96.08,47.64,2000 -96.09,47.69,2000 -96.09,47.73,2000 -96.09,47.77,2000 -96.09,47.81,2000 -96.09,47.86,2000 -96.09,47.90,2000 -96.09,47.94,2000 -96.10,47.99,2000 -96.10,48.03,2000 -96.10,48.07,2000 -96.10,48.11,2000 -96.09,48.15,2000 -96.09,48.19,2000 -96.08,48.23,2000 -96.07,48.27,2000 -96.07,48.31,2000 -96.06,48.36,2000 -96.06,48.40,2000 -96.06,48.44,2000 -96.05,48.48,2000 -96.05,48.53,2000 -96.05,48.57,2000 -96.01,48.69,2000 
          </coordinates>
        </LinearRing>
      </innerBoundaryIs>
      <innerBoundaryIs>
        <LinearRing>
          <coordinates>
-83.72,44.19,2000 -83.56,44.22,2000 -83.40,44.24,2000 -83.28,44.25,2000 -83.15,44.25,2000 -83.03,44.24,2000 -82.92,44.21,2000 -82.82,44.17,2000 -82.73,44.13,2000 -82.63,44.07,2000 -82.54,44.00,2000 -82.46,43.93,2000 -82.38,43.85,2000 -82.30,43.75,2000 -82.24,43.66,2000 -82.19,43.57,2000 -82.13,43.47,2000 -82.06,43.38,2000 -81.99,43.30,2000 -81.91,43.22,2000 -81.83,43.15,2000 -81.73,43.08,2000 -81.61,43.02,2000 -81.48,42.96,2000 -81.36,42.90,2000 -81.25,42.86,2000 -81.12,42.82,2000 -81.03,42.78,2000 -80.97,42.71,2000 -80.95,42.63,2000 -80.99,42.53,2000 -81.07,42.43,2000 -81.15,42.37,2000 -81.32,42.28,2000 -81.41,42.23,2000 -81.52,42.17,2000 -81.65,42.09,2000 -81.78,42.02,2000 -81.90,41.95,2000 -82.01,41.88,2000 -82.10,41.83,2000 -82.22,41.75,2000 -82.29,41.70,2000 -82.36,41.64,2000 -82.43,41.57,2000 -82.51,41.48,2000 -82.58,41.39,2000 -82.65,41.32,2000 -82.75,41.22,2000 -82.84,41.14,2000 -82.96,41.07,2000 -83.09,41.03,2000 -83.19,41.06,2000 -83.29,41.11,2000 -83.37,41.17,2000 -83.45,41.27,2000 -83.52,41.38,2000 -83.60,41.44,2000 -83.69,41.49,2000 -83.80,41.57,2000 -83.89,41.65,2000 -83.99,41.73,2000 -84.10,41.83,2000 -84.21,41.94,2000 -84.29,42.02,2000 -84.37,42.12,2000 -84.46,42.21,2000 -84.54,42.31,2000 -84.61,42.41,2000 -84.67,42.50,2000 -84.72,42.60,2000 -84.75,42.70,2000 -84.77,42.80,2000 -84.78,42.89,2000 -84.79,42.98,2000 -84.81,43.08,2000 -84.83,43.16,2000 -84.82,43.26,2000 -84.78,43.37,2000 -84.73,43.45,2000 -84.67,43.54,2000 -84.59,43.63,2000 -84.51,43.72,2000 -84.42,43.82,2000 -84.32,43.93,2000 -84.22,44.03,2000 -83.72,44.19,2000 
          </coordinates>
        </LinearRing>
      </innerBoundaryIs>
      <innerBoundaryIs>
        <LinearRing>
          <coordinates>
-83.18,40.64,2000 -83.15,40.58,2000 -83.12,40.52,2000 -83.09,40.47,2000 -83.05,40.43,2000 -83.01,40.39,2000 -82.98,40.36,2000 -82.97,40.33,2000 -82.96,40.29,2000 -82.94,40.24,2000 -82.92,40.17,2000 -82.91,40.11,2000 -82.90,40.05,2000 -82.90,39.99,2000 -82.91,39.93,2000 -82.93,39.87,2000 -82.95,39.82,2000 -82.97,39.76,2000 -82.99,39.70,2000 -83.02,39.64,2000 -83.04,39.58,2000 -83.07,39.51,2000 -83.09,39.46,2000 -83.14,39.41,2000 -83.18,39.36,2000 -83.23,39.30,2000 -83.26,39.24,2000 -83.24,39.18,2000 -83.20,39.12,2000 -83.17,39.06,2000 -83.17,39.00,2000 -83.19,38.94,2000 -83.22,38.89,2000 -83.30,38.85,2000 -83.38,38.84,2000 -83.45,38.86,2000 -83.49,38.90,2000 -83.50,38.95,2000 -83.49,39.02,2000 -83.48,39.08,2000 -83.45,39.14,2000 -83.42,39.19,2000 -83.40,39.25,2000 -83.42,39.30,2000 -83.45,39.35,2000 -83.48,39.40,2000 -83.51,39.44,2000 -83.53,39.48,2000 -83.54,39.51,2000 -83.55,39.56,2000 -83.56,39.62,2000 -83.54,39.67,2000 -83.52,39.71,2000 -83.50,39.74,2000 -83.48,39.79,2000 -83.47,39.84,2000 -83.45,39.90,2000 -83.44,39.96,2000 -83.42,40.02,2000 -83.41,40.08,2000 -83.39,40.14,2000 -83.37,40.20,2000 -83.35,40.25,2000 -83.33,40.31,2000 -83.31,40.37,2000 -83.28,40.42,2000 -83.25,40.48,2000 -83.18,40.64,2000 
          </coordinates>
        </LinearRing>
      </innerBoundaryIs>
      <innerBoundaryIs>
        <LinearRing>
          <coordinates>
-67.96,50.97,3000 -67.30,50.79,3000 -66.56,50.52,3000 -65.93,50.21,3000 -65.63,49.84,3000 -65.63,49.65,3000 -65.80,49.50,3000 -65.99,49.28,3000 -65.85,49.16,3000 -65.35,48.99,3000 -65.05,48.72,3000 -64.89,48.50,3000 -64.92,48.35,3000 -65.21,48.23,3000 -65.38,48.25,3000 -65.66,48.26,3000 -65.96,48.17,3000 -66.32,48.09,3000 -67.04,47.87,3000 -67.77,47.57,3000 -68.05,47.55,3000 -68.36,47.60,3000 -68.67,47.64,3000 -68.94,47.53,3000 -69.43,47.04,3000 -69.76,46.78,3000 -70.04,46.46,3000 -70.41,46.29,3000 -70.77,46.21,3000 -70.91,46.12,3000 -70.95,45.97,3000 -70.86,45.74,3000 -70.80,45.52,3000 -70.83,45.27,3000 -70.94,45.09,3000 -71.20,44.86,3000 -71.53,44.70,3000 -71.86,44.65,3000 -72.23,44.63,3000 -72.51,44.55,3000 -73.51,44.91,3000 -73.67,44.12,3000 -73.76,43.89,3000 -73.92,43.68,3000 -74.04,43.40,3000 -74.17,42.99,3000 -74.23,42.50,3000 -74.46,42.13,3000 -74.79,41.85,3000 -75.07,41.70,3000 -75.44,41.41,3000 -75.65,41.07,3000 -75.95,40.90,3000 -76.17,40.88,3000 -76.35,40.95,3000 -76.59,41.05,3000 -76.86,41.09,3000 -77.07,41.04,3000 -77.30,40.86,3000 -77.79,40.39,3000 -78.30,39.91,3000 -78.72,39.61,3000 -78.94,39.32,3000 -79.04,39.11,3000 -79.29,38.54,3000 -79.52,38.27,3000 -79.73,38.11,3000 -80.21,37.72,3000 -80.40,37.48,3000 -80.68,37.27,3000 -80.99,37.05,3000 -81.17,36.86,3000 -81.38,36.56,3000 -81.66,36.27,3000 -81.92,36.02,3000 -82.28,35.78,3000 -82.68,35.66,3000 -83.00,35.45,3000 -83.76,35.14,3000 -84.06,35.28,3000 -84.08,35.51,3000 -83.93,35.67,3000 -83.47,35.91,3000 -83.21,36.07,3000 -82.98,36.36,3000 -83.59,36.60,3000 -83.72,36.89,3000 -83.69,37.10,3000 -83.55,37.26,3000 -83.13,37.52,3000 -82.74,37.58,3000 -82.55,37.75,3000 -82.31,38.30,3000 -82.25,38.61,3000 -82.30,38.79,3000 -82.66,39.25,3000 -82.65,39.62,3000 -82.55,39.89,3000 -82.57,40.14,3000 -82.67,40.51,3000 -82.29,41.24,3000 -82.27,41.48,3000 -82.13,41.64,3000 -81.80,41.85,3000 -81.12,42.23,3000 -80.61,42.57,3000 -80.52,42.76,3000 -80.98,42.93,3000 -81.36,43.02,3000 -81.71,43.20,3000 -81.97,43.50,3000 -82.21,43.86,3000 -82.48,44.10,3000 -82.82,44.28,3000 -83.16,44.37,3000 -83.56,44.34,3000 -84.18,44.18,3000 -84.44,44.02,3000 -84.67,43.74,3000 -85.01,43.40,3000 -85.07,43.07,3000 -85.00,42.89,3000 -84.87,42.51,3000 -84.71,42.30,3000 -84.36,41.80,3000 -84.13,41.55,3000 -83.87,41.36,3000 -83.69,41.08,3000 -83.57,40.74,3000 -83.64,40.32,3000 -83.90,40.00,3000 -84.20,39.84,3000 -84.43,39.47,3000 -84.69,39.26,3000 -85.12,39.42,3000 -85.57,39.57,3000 -85.80,39.62,3000 -86.07,39.61,3000 -86.38,39.53,3000 -86.82,39.51,3000 -87.17,39.65,3000 -87.51,39.71,3000 -88.16,39.40,3000 -88.58,39.34,3000 -88.89,39.35,3000 -89.68,39.39,3000 -89.97,39.39,3000 -90.17,39.44,3000 -90.37,39.49,3000 -90.55,39.45,3000 -90.78,39.31,3000 -91.29,38.93,3000 -91.56,38.85,3000 -91.83,39.01,3000 -92.04,39.33,3000 -92.30,39.59,3000 -92.89,39.95,3000 -93.50,40.30,3000 -93.94,40.47,3000 -94.37,40.54,3000 -94.86,40.66,3000 -95.12,40.86,3000 -95.52,41.22,3000 -96.14,41.68,3000 -97.01,41.84,3000 -97.33,41.92,3000 -97.75,41.89,3000 -98.07,41.89,3000 -98.56,42.01,3000 -99.00,42.22,3000 -99.13,42.35,3000 -99.21,42.57,3000 -99.25,42.76,3000 -99.49,42.91,3000 -99.81,43.05,3000 -99.88,43.19,3000 -99.78,43.33,3000 -99.57,43.40,3000 -99.34,43.40,3000 -99.01,43.27,3000 -98.65,43.14,3000 -98.47,43.24,3000 -98.39,43.41,3000 -97.89,43.73,3000 -97.37,44.06,3000 -97.23,44.29,3000 -97.20,44.55,3000 -97.29,44.98,3000 -97.50,45.64,3000 -97.41,45.86,3000 -97.15,46.06,3000 -97.06,46.41,3000 -97.11,46.70,3000 -97.26,46.98,3000 -97.53,47.24,3000 -98.00,47.37,3000 -98.27,47.54,3000 -98.49,47.88,3000 -98.72,48.34,3000 -98.79,48.63,3000 -98.67,48.86,3000 -98.73,49.05,3000 -98.87,49.17,3000 -99.16,49.39,3000 -99.45,49.66,3000 -99.74,49.84,3000 -100.27,50.12,3000 -100.67,50.47,3000 -101.18,50.86,3000 -101.71,51.14,3000 -102.26,51.58,3000 -102.52,51.76,3000 -102.62,51.96,3000 -102.59,52.04,3000 -102.35,52.10,3000 -102.01,52.08,3000 -101.83,52.00,3000 -101.53,51.83,3000 -101.15,51.77,3000 -100.83,51.77,3000 -99.79,51.76,3000 -98.74,51.75,3000 -98.34,51.83,3000 -97.92,51.87,3000 -97.59,51.84,3000 -96.49,51.72,3000 -96.06,51.65,3000 -95.76,51.60,3000 -95.42,51.61,3000 -94.96,51.70,3000 -94.50,51.63,3000 -93.67,51.36,3000 -93.27,51.22,3000 -92.93,51.05,3000 -92.44,50.82,3000 -92.25,50.59,3000 -92.18,50.32,3000 -92.07,50.11,3000 -91.90,49.91,3000 -91.42,49.54,3000 -90.90,49.15,3000 -90.52,49.01,3000 -89.99,48.96,3000 -89.61,49.06,3000 -89.31,49.20,3000 -88.48,49.57,3000 -88.16,49.81,3000 -87.78,50.01,3000 -87.41,50.18,3000 -87.07,50.39,3000 -86.77,50.53,3000 -86.51,50.61,3000 -85.88,50.65,3000 -85.25,50.60,3000 -84.77,50.45,3000 -84.41,50.22,3000 -83.56,49.90,3000 -82.83,49.53,3000 -82.18,49.17,3000 -81.88,49.02,3000 -81.64,48.95,3000 -80.79,48.75,3000 -80.01,48.56,3000 -79.23,48.37,3000 -78.33,48.13,3000 -77.84,48.04,3000 -77.33,48.09,3000 -76.77,48.09,3000 -76.25,48.19,3000 -75.45,48.40,3000 -74.53,48.66,3000 -74.21,48.84,3000 -73.78,49.02,3000 -73.38,49.12,3000 -73.11,49.22,3000 -72.96,49.35,3000 -72.73,49.56,3000 -72.52,49.71,3000 -72.23,49.81,3000 -71.94,50.00,3000 -71.76,50.22,3000 -71.51,50.47,3000 -71.12,50.67,3000 -70.32,50.85,3000 -69.53,50.99,3000 -69.27,51.03,3000 -68.68,51.00,3000 -67.96,50.97,3000 
          </coordinates>
        </LinearRing>
      </innerBoundaryIs>
      <innerBoundaryIs>
        <LinearRing>
          <coordinates>
-79.97,43.47,3000 -79.95,43.48,3000 -79.93,43.48,3000 -79.90,43.49,3000 -79.88,43.50,3000 -79.86,43.50,3000 -79.84,43.51,3000 -79.82,43.51,3000 -79.79,43.52,3000 -79.77,43.52,3000 -79.75,43.52,3000 -79.73,43.52,3000 -79.71,43.52,3000 -79.69,43.51,3000 -79.66,43.51,3000 -79.64,43.50,3000 -79.61,43.49,3000 -79.59,43.48,3000 -79.57,43.48,3000 -79.55,43.47,3000 -79.53,43.46,3000 -79.51,43.45,3000 -79.50,43.44,3000 -79.48,43.43,3000 -79.47,43.41,3000 -79.46,43.40,3000 -79.45,43.38,3000 -79.45,43.37,3000 -79.45,43.35,3000 -79.45,43.33,3000 -79.46,43.32,3000 -79.47,43.30,3000 -79.48,43.28,3000 -79.50,43.26,3000 -79.51,43.25,3000 -79.52,43.23,3000 -79.53,43.22,3000 -79.54,43.21,3000 -79.54,43.20,3000 -79.57,43.19,3000 -79.58,43.18,3000 -79.60,43.18,3000 -79.62,43.17,3000 -79.64,43.16,3000 -79.66,43.15,3000 -79.68,43.14,3000 -79.70,43.12,3000 -79.72,43.11,3000 -79.75,43.11,3000 -79.77,43.10,3000 -79.79,43.09,3000 -79.81,43.08,3000 -79.84,43.08,3000 -79.86,43.07,3000 -79.89,43.07,3000 -79.92,43.06,3000 -79.94,43.06,3000 -79.97,43.06,3000 -79.99,43.06,3000 -80.01,43.05,3000 -80.02,43.05,3000 -80.04,43.04,3000 -80.05,43.05,3000 -80.06,43.06,3000 -80.06,43.07,3000 -80.07,43.09,3000 -80.08,43.10,3000 -80.09,43.12,3000 -80.10,43.14,3000 -80.11,43.16,3000 -80.11,43.18,3000 -80.12,43.20,3000 -80.13,43.21,3000 -80.13,43.23,3000 -80.13,43.25,3000 -80.13,43.26,3000 -80.13,43.28,3000 -80.13,43.30,3000 -80.13,43.32,3000 -80.12,43.33,3000 -80.12,43.35,3000 -80.11,43.37,3000 -80.11,43.38,3000 -80.10,43.40,3000 -79.97,43.47,3000 
          </coordinates>
        </LinearRing>
      </innerBoundaryIs>
      <innerBoundaryIs>
        <LinearRing>
          <coordinates>
-85.23,36.17,3000 -85.22,36.17,3000 -85.21,36.17,3000 -85.20,36.17,3000 -85.19,36.18,3000 -85.18,36.18,3000 -85.17,36.18,3000 -85.16,36.18,3000 -85.15,36.18,3000 -85.14,36.18,3000 -85.13,36.18,3000 -85.13,36.18,3000 -85.12,36.18,3000 -85.11,36.19,3000 -85.10,36.19,3000 -85.09,36.19,3000 -85.08,36.19,3000 -85.07,36.19,3000 -85.07,36.19,3000 -85.06,36.19,3000 -85.05,36.19,3000 -85.05,36.19,3000 -85.04,36.19,3000 -85.03,36.19,3000 -85.03,36.19,3000 -85.02,36.19,3000 -85.01,36.19,3000 -85.01,36.19,3000 -85.00,36.19,3000 -85.00,36.19,3000 -84.99,36.19,3000 -84.98,36.18,3000 -84.98,36.18,3000 -84.97,36.17,3000 -84.97,36.17,3000 -84.98,36.16,3000 -84.98,36.15,3000 -84.98,36.15,3000 -84.98,36.14,3000 -84.98,36.13,3000 -84.98,36.13,3000 -84.98,36.12,3000 -84.98,36.12,3000 -84.98,36.11,3000 -84.99,36.11,3000 -85.00,36.10,3000 -85.01,36.10,3000 -85.01,36.10,3000 -85.02,36.10,3000 -85.03,36.10,3000 -85.03,36.10,3000 -85.04,36.09,3000 -85.05,36.09,3000 -85.06,36.09,3000 -85.07,36.09,3000 -85.07,36.09,3000 -85.08,36.09,3000 -85.09,36.09,3000 -85.10,36.09,3000 -85.11,36.08,3000 -85.12,36.08,3000 -85.13,36.08,3000 -85.14,36.08,3000 -85.15,36.08,3000 -85.16,36.08,3000 -85.17,36.08,3000 -85.18,36.08,3000 -85.19,36.08,3000 -85.20,36.08,3000 -85.20,36.08,3000 -85.21,36.08,3000 -85.22,36.08,3000 -85.22,36.08,3000 -85.23,36.08,3000 -85.24,36.08,3000 -85.24,36.08,3000 -85.25,36.08,3000 -85.26,36.09,3000 -85.26,36.09,3000 -85.26,36.10,3000 -85.27,36.10,3000 -85.27,36.11,3000 -85.26,36.12,3000 -85.26,36.13,3000 -85.26,36.13,3000 -85.25,36.14,3000 -85.25,36.15,3000 -85.23,36.17,3000 
          </coordinates>
        </LinearRing>
      </innerBoundaryIs>
      <innerBoundaryIs>
        <LinearRing>
          <coordinates>
-97.04,50.05,3000 -96.87,50.09,3000 -96.73,50.10,3000 -96.66,50.08,3000 -96.54,50.04,3000 -96.43,50.02,3000 -96.30,50.00,3000 -96.15,49.97,3000 -95.99,49.93,3000 -95.83,49.89,3000 -95.69,49.85,3000 -95.53,49.79,3000 -95.36,49.73,3000 -95.20,49.67,3000 -95.06,49.62,3000 -94.94,49.56,3000 -94.81,49.48,3000 -94.73,49.40,3000 -94.66,49.33,3000 -94.58,49.26,3000 -94.44,49.19,3000 -94.30,49.14,3000 -94.17,49.07,3000 -94.10,49.00,3000 -94.04,48.92,3000 -93.97,48.83,3000 -93.88,48.76,3000 -93.74,48.70,3000 -93.56,48.66,3000 -93.39,48.61,3000 -93.26,48.56,3000 -93.15,48.47,3000 -93.08,48.36,3000 -93.05,48.26,3000 -93.05,48.16,3000 -93.08,48.07,3000 -93.12,47.99,3000 -93.16,47.92,3000 -93.25,47.85,3000 -93.34,47.79,3000 -93.46,47.72,3000 -93.59,47.65,3000 -93.71,47.59,3000 -93.83,47.54,3000 -93.95,47.49,3000 -94.08,47.44,3000 -94.20,47.40,3000 -94.33,47.36,3000 -94.45,47.33,3000 -94.58,47.29,3000 -94.71,47.26,3000 -94.85,47.23,3000 -94.98,47.20,3000 -95.12,47.17,3000 -95.25,47.14,3000 -95.41,47.10,3000 -95.56,47.07,3000 -95.70,47.06,3000 -95.85,47.09,3000 -95.99,47.15,3000 -96.11,47.23,3000 -96.20,47.31,3000 -96.26,47.41,3000 -96.31,47.53,3000 -96.33,47.62,3000 -96.34,47.73,3000 -96.34,47.84,3000 -96.34,47.95,3000 -96.35,48.06,3000 -96.36,48.16,3000 -96.37,48.26,3000 -96.38,48.35,3000 -96.39,48.44,3000 -96.41,48.53,3000 -96.43,48.62,3000 -96.45,48.69,3000 -96.48,48.78,3000 -96.53,48.90,3000 -96.57,48.98,3000 -96.61,49.07,3000 -96.65,49.16,3000 -96.71,49.27,3000 -96.76,49.38,3000 -96.82,49.49,3000 -96.88,49.60,3000 -96.94,49.72,3000 -97.04,50.05,3000 
          </coordinates>
        </LinearRing>
      </innerBoundaryIs>
  </Polygon>
 </MultiGeometry>
</Placemark>
<Placemark>
  <name>20%</name>
  <visibility>1</visibility>
  <styleUrl>#poly_20</styleUrl>
  <MultiGeometry>
    <Polygon>
      <outerBoundaryIs>
        <LinearRing>
          <coordinates>
-111.59,46.96,3000 -111.43,46.93,3000 -111.26,46.92,3000 -111.13,46.94,3000 -111.00,46.97,3000 -110.89,46.98,3000 -110.78,46.95,3000 -110.73,46.88,3000 -110.74,46.78,3000 -110.79,46.67,3000 -110.85,46.61,3000 -110.89,46.55,3000 -110.85,46.43,3000 -110.75,46.33,3000 -110.59,46.35,3000 -110.42,46.36,3000 -110.33,46.30,3000 -110.25,46.22,3000 -110.21,46.14,3000 -110.25,46.03,3000 -110.34,45.94,3000 -110.47,45.90,3000 -110.61,45.86,3000 -110.73,45.77,3000 -110.81,45.68,3000 -110.76,45.57,3000 -110.60,45.55,3000 -110.45,45.55,3000 -110.29,45.55,3000 -110.18,45.53,3000 -110.05,45.47,3000 -109.94,45.41,3000 -109.80,45.32,3000 -109.67,45.23,3000 -109.58,45.16,3000 -109.52,45.06,3000 -109.53,44.97,3000 -109.54,44.87,3000 -109.57,44.75,3000 -109.61,44.67,3000 -109.66,44.58,3000 -109.69,44.46,3000 -109.69,44.37,3000 -109.68,44.25,3000 -109.67,44.14,3000 -109.66,44.03,3000 -109.66,43.94,3000 -109.72,43.82,3000 -109.81,43.75,3000 -109.91,43.71,3000 -110.02,43.70,3000 -110.11,43.73,3000 -110.20,43.80,3000 -110.25,43.87,3000 -110.29,43.96,3000 -110.33,44.06,3000 -110.36,44.17,3000 -110.38,44.29,3000 -110.42,44.40,3000 -110.51,44.51,3000 -110.62,44.59,3000 -110.76,44.64,3000 -110.94,44.67,3000 -111.09,44.68,3000 -111.25,44.69,3000 -111.39,44.71,3000 -111.50,44.76,3000 -111.58,44.82,3000 -111.64,44.89,3000 -111.67,44.97,3000 -111.66,45.07,3000 -111.63,45.16,3000 -111.55,45.26,3000 -111.45,45.37,3000 -111.35,45.45,3000 -111.23,45.51,3000 -111.13,45.56,3000 -111.01,45.64,3000 -110.93,45.74,3000 -110.96,45.84,3000 -111.01,45.94,3000 -110.95,46.01,3000 -110.89,46.08,3000 -110.91,46.18,3000 -110.97,46.25,3000 -111.10,46.19,3000 -111.24,46.13,3000 -111.34,46.16,3000 -111.44,46.26,3000 -111.51,46.34,3000 -111.60,46.44,3000 -111.69,46.56,3000 -111.78,46.68,3000 -111.59,46.96,3000 
          </coordinates>
        </LinearRing>
      </outerBoundaryIs>
      <innerBoundaryIs>
        <LinearRing>
          <coordinates>
-111.31,45.41,4000 -111.24,45.44,4000 -111.18,45.47,4000 -111.10,45.49,4000 -111.02,45.49,4000 -110.94,45.48,4000 -110.83,45.48,4000 -110.76,45.48,4000 -110.68,45.49,4000 -110.59,45.50,4000 -110.50,45.51,4000 -110.42,45.51,4000 -110.35,45.51,4000 -110.27,45.50,4000 -110.21,45.48,4000 -110.15,45.46,4000 -110.09,45.43,4000 -110.02,45.40,4000 -109.95,45.36,4000 -109.88,45.32,4000 -109.82,45.28,4000 -109.76,45.24,4000 -109.71,45.20,4000 -109.67,45.16,4000 -109.64,45.11,4000 -109.63,45.05,4000 -109.62,44.98,4000 -109.62,44.93,4000 -109.63,44.87,4000 -109.64,44.80,4000 -109.65,44.74,4000 -109.66,44.68,4000 -109.67,44.63,4000 -109.70,44.58,4000 -109.73,44.54,4000 -109.76,44.50,4000 -109.78,44.45,4000 -109.78,44.40,4000 -109.76,44.35,4000 -109.74,44.29,4000 -109.73,44.23,4000 -109.71,44.17,4000 -109.71,44.11,4000 -109.72,44.04,4000 -109.74,43.98,4000 -109.77,43.91,4000 -109.81,43.86,4000 -109.84,43.82,4000 -109.91,43.79,4000 -109.99,43.78,4000 -110.06,43.79,4000 -110.12,43.81,4000 -110.17,43.84,4000 -110.21,43.90,4000 -110.23,43.94,4000 -110.24,44.00,4000 -110.25,44.06,4000 -110.26,44.12,4000 -110.27,44.18,4000 -110.29,44.24,4000 -110.31,44.30,4000 -110.33,44.36,4000 -110.35,44.42,4000 -110.38,44.47,4000 -110.41,44.52,4000 -110.44,44.57,4000 -110.49,44.63,4000 -110.55,44.67,4000 -110.62,44.70,4000 -110.68,44.73,4000 -110.74,44.75,4000 -110.80,44.75,4000 -110.87,44.75,4000 -110.96,44.76,4000 -111.03,44.77,4000 -111.12,44.77,4000 -111.21,44.78,4000 -111.30,44.78,4000 -111.39,44.79,4000 -111.45,44.81,4000 -111.51,44.85,4000 -111.56,44.89,4000 -111.58,44.94,4000 -111.59,44.99,4000 -111.58,45.05,4000 -111.55,45.11,4000 -111.50,45.17,4000 -111.31,45.41,4000 
          </coordinates>
        </LinearRing>
      </innerBoundaryIs>
      <innerBoundaryIs>
        <LinearRing>
          <coordinates>
-111.57,46.88,4000 -111.55,46.88,4000 -111.53,46.87,4000 -111.50,46.86,4000 -111.47,46.85,4000 -111.44,46.83,4000 -111.40,46.82,4000 -111.37,46.80,4000 -111.34,46.79,4000 -111.31,46.78,4000 -111.27,46.77,4000 -111.25,46.76,4000 -111.22,46.76,4000 -111.20,46.74,4000 -111.19,46.73,4000 -111.17,46.71,4000 -111.16,46.69,4000 -111.14,46.67,4000 -111.13,46.65,4000 -111.11,46.62,4000 -111.10,46.60,4000 -111.09,46.58,4000 -111.08,46.56,4000 -111.07,46.54,4000 -111.05,46.52,4000 -111.04,46.50,4000 -111.03,46.47,4000 -111.03,46.45,4000 -111.03,46.43,4000 -111.03,46.41,4000 -111.04,46.39,4000 -111.06,46.37,4000 -111.08,46.34,4000 -111.10,46.32,4000 -111.12,46.30,4000 -111.15,46.28,4000 -111.17,46.26,4000 -111.19,46.24,4000 -111.20,46.23,4000 -111.21,46.22,4000 -111.22,46.23,4000 -111.24,46.24,4000 -111.26,46.25,4000 -111.28,46.27,4000 -111.31,46.29,4000 -111.34,46.31,4000 -111.37,46.32,4000 -111.40,46.34,4000 -111.42,46.36,4000 -111.44,46.37,4000 -111.46,46.38,4000 -111.48,46.39,4000 -111.49,46.40,4000 -111.51,46.42,4000 -111.54,46.44,4000 -111.56,46.46,4000 -111.58,46.48,4000 -111.60,46.51,4000 -111.62,46.53,4000 -111.63,46.55,4000 -111.65,46.57,4000 -111.66,46.59,4000 -111.67,46.61,4000 -111.68,46.63,4000 -111.69,46.66,4000 -111.69,46.68,4000 -111.69,46.70,4000 -111.69,46.72,4000 -111.68,46.74,4000 -111.67,46.77,4000 -111.65,46.79,4000 -111.64,46.81,4000 -111.62,46.83,4000 -111.60,46.86,4000 -111.58,46.88,4000 -111.57,46.88,4000 
          </coordinates>
        </LinearRing>
      </innerBoundaryIs>
      <innerBoundaryIs>
        <LinearRing>
          <coordinates>
-110.48,46.30,4000 -110.48,46.31,4000 -110.46,46.29,4000 -110.46,46.28,4000 -110.45,46.28,4000 -110.44,46.27,4000 -110.43,46.26,4000 -110.43,46.25,4000 -110.42,46.24,4000 -110.41,46.23,4000 -110.40,46.22,4000 -110.39,46.21,4000 -110.38,46.20,4000 -110.37,46.19,4000 -110.36,46.18,4000 -110.36,46.17,4000 -110.35,46.16,4000 -110.35,46.15,4000 -110.34,46.14,4000 -110.34,46.13,4000 -110.34,46.12,4000 -110.34,46.11,4000 -110.34,46.10,4000 -110.35,46.08,4000 -110.36,46.07,4000 -110.36,46.06,4000 -110.37,46.05,4000 -110.38,46.04,4000 -110.39,46.03,4000 -110.40,46.02,4000 -110.41,46.02,4000 -110.42,46.01,4000 -110.43,46.01,4000 -110.44,46.01,4000 -110.45,46.01,4000 -110.46,46.01,4000 -110.48,46.02,4000 -110.49,46.02,4000 -110.50,46.03,4000 -110.52,46.04,4000 -110.53,46.05,4000 -110.55,46.05,4000 -110.56,46.06,4000 -110.57,46.07,4000 -110.58,46.08,4000 -110.59,46.09,4000 -110.60,46.10,4000 -110.60,46.11,4000 -110.60,46.12,4000 -110.60,46.13,4000 -110.60,46.14,4000 -110.60,46.14,4000 -110.60,46.15,4000 -110.59,46.16,4000 -110.59,46.17,4000 -110.58,46.18,4000 -110.58,46.19,4000 -110.57,46.20,4000 -110.56,46.21,4000 -110.55,46.23,4000 -110.55,46.24,4000 -110.54,46.25,4000 -110.53,46.26,4000 -110.52,46.27,4000 -110.51,46.28,4000 -110.48,46.30,4000 
          </coordinates>
        </LinearRing>
      </innerBoundaryIs>
  </Polygon>
 </MultiGeometry>
</Placemark>
<Placemark>
  <name>20%</name>
  <visibility>1</visibility>
  <styleUrl>#poly_20</styleUrl>
  <MultiGeometry>
    <Polygon>
      <outerBoundaryIs>
        <LinearRing>
          <coordinates>
-67.96,50.97,3000 -67.30,50.79,3000 -66.56,50.52,3000 -65.93,50.21,3000 -65.63,49.84,3000 -65.63,49.65,3000 -65.80,49.50,3000 -65.99,49.28,3000 -65.85,49.16,3000 -65.35,48.99,3000 -65.05,48.72,3000 -64.89,48.50,3000 -64.92,48.35,3000 -65.21,48.23,3000 -65.38,48.25,3000 -65.66,48.26,3000 -65.96,48.17,3000 -66.32,48.09,3000 -67.04,47.87,3000 -67.77,47.57,3000 -68.05,47.55,3000 -68.36,47.60,3000 -68.67,47.64,3000 -68.94,47.53,3000 -69.43,47.04,3000 -69.76,46.78,3000 -70.04,46.46,3000 -70.41,46.29,3000 -70.77,46.21,3000 -70.91,46.12,3000 -70.95,45.97,3000 -70.86,45.74,3000 -70.80,45.52,3000 -70.83,45.27,3000 -70.94,45.09,3000 -71.20,44.86,3000 -71.53,44.70,3000 -71.86,44.65,3000 -72.23,44.63,3000 -72.51,44.55,3000 -73.51,44.91,3000 -73.67,44.12,3000 -73.76,43.89,3000 -73.92,43.68,3000 -74.04,43.40,3000 -74.17,42.99,3000 -74.23,42.50,3000 -74.46,42.13,3000 -74.79,41.85,3000 -75.07,41.70,3000 -75.44,41.41,3000 -75.65,41.07,3000 -75.95,40.90,3000 -76.17,40.88,3000 -76.35,40.95,3000 -76.59,41.05,3000 -76.86,41.09,3000 -77.07,41.04,3000 -77.30,40.86,3000 -77.79,40.39,3000 -78.30,39.91,3000 -78.72,39.61,3000 -78.94,39.32,3000 -79.04,39.11,3000 -79.29,38.54,3000 -79.52,38.27,3000 -79.73,38.11,3000 -80.21,37.72,3000 -80.40,37.48,3000 -80.68,37.27,3000 -80.99,37.05,3000 -81.17,36.86,3000 -81.38,36.56,3000 -81.66,36.27,3000 -81.92,36.02,3000 -82.28,35.78,3000 -82.68,35.66,3000 -83.00,35.45,3000 -83.76,35.14,3000 -84.06,35.28,3000 -84.08,35.51,3000 -83.93,35.67,3000 -83.47,35.91,3000 -83.21,36.07,3000 -82.98,36.36,3000 -83.59,36.60,3000 -83.72,36.89,3000 -83.69,37.10,3000 -83.55,37.26,3000 -83.13,37.52,3000 -82.74,37.58,3000 -82.55,37.75,3000 -82.31,38.30,3000 -82.25,38.61,3000 -82.30,38.79,3000 -82.66,39.25,3000 -82.65,39.62,3000 -82.55,39.89,3000 -82.57,40.14,3000 -82.67,40.51,3000 -82.29,41.24,3000 -82.27,41.48,3000 -82.13,41.64,3000 -81.80,41.85,3000 -81.12,42.23,3000 -80.61,42.57,3000 -80.52,42.76,3000 -80.98,42.93,3000 -81.36,43.02,3000 -81.71,43.20,3000 -81.97,43.50,3000 -82.21,43.86,3000 -82.48,44.10,3000 -82.82,44.28,3000 -83.16,44.37,3000 -83.56,44.34,3000 -84.18,44.18,3000 -84.44,44.02,3000 -84.67,43.74,3000 -85.01,43.40,3000 -85.07,43.07,3000 -85.00,42.89,3000 -84.87,42.51,3000 -84.71,42.30,3000 -84.36,41.80,3000 -84.13,41.55,3000 -83.87,41.36,3000 -83.69,41.08,3000 -83.57,40.74,3000 -83.64,40.32,3000 -83.90,40.00,3000 -84.20,39.84,3000 -84.43,39.47,3000 -84.69,39.26,3000 -85.12,39.42,3000 -85.57,39.57,3000 -85.80,39.62,3000 -86.07,39.61,3000 -86.38,39.53,3000 -86.82,39.51,3000 -87.17,39.65,3000 -87.51,39.71,3000 -88.16,39.40,3000 -88.58,39.34,3000 -88.89,39.35,3000 -89.68,39.39,3000 -89.97,39.39,3000 -90.17,39.44,3000 -90.37,39.49,3000 -90.55,39.45,3000 -90.78,39.31,3000 -91.29,38.93,3000 -91.56,38.85,3000 -91.83,39.01,3000 -92.04,39.33,3000 -92.30,39.59,3000 -92.89,39.95,3000 -93.50,40.30,3000 -93.94,40.47,3000 -94.37,40.54,3000 -94.86,40.66,3000 -95.12,40.86,3000 -95.52,41.22,3000 -96.14,41.68,3000 -97.01,41.84,3000 -97.33,41.92,3000 -97.75,41.89,3000 -98.07,41.89,3000 -98.56,42.01,3000 -99.00,42.22,3000 -99.13,42.35,3000 -99.21,42.57,3000 -99.25,42.76,3000 -99.49,42.91,3000 -99.81,43.05,3000 -99.88,43.19,3000 -99.78,43.33,3000 -99.57,43.40,3000 -99.34,43.40,3000 -99.01,43.27,3000 -98.65,43.14,3000 -98.47,43.24,3000 -98.39,43.41,3000 -97.89,43.73,3000 -97.37,44.06,3000 -97.23,44.29,3000 -97.20,44.55,3000 -97.29,44.98,3000 -97.50,45.64,3000 -97.41,45.86,3000 -97.15,46.06,3000 -97.06,46.41,3000 -97.11,46.70,3000 -97.26,46.98,3000 -97.53,47.24,3000 -98.00,47.37,3000 -98.27,47.54,3000 -98.49,47.88,3000 -98.72,48.34,3000 -98.79,48.63,3000 -98.67,48.86,3000 -98.73,49.05,3000 -98.87,49.17,3000 -99.16,49.39,3000 -99.45,49.66,3000 -99.74,49.84,3000 -100.27,50.12,3000 -100.67,50.47,3000 -101.18,50.86,3000 -101.71,51.14,3000 -102.26,51.58,3000 -102.52,51.76,3000 -102.62,51.96,3000 -102.59,52.04,3000 -102.35,52.10,3000 -102.01,52.08,3000 -101.83,52.00,3000 -101.53,51.83,3000 -101.15,51.77,3000 -100.83,51.77,3000 -99.79,51.76,3000 -98.74,51.75,3000 -98.34,51.83,3000 -97.92,51.87,3000 -97.59,51.84,3000 -96.49,51.72,3000 -96.06,51.65,3000 -95.76,51.60,3000 -95.42,51.61,3000 -94.96,51.70,3000 -94.50,51.63,3000 -93.67,51.36,3000 -93.27,51.22,3000 -92.93,51.05,3000 -92.44,50.82,3000 -92.25,50.59,3000 -92.18,50.32,3000 -92.07,50.11,3000 -91.90,49.91,3000 -91.42,49.54,3000 -90.90,49.15,3000 -90.52,49.01,3000 -89.99,48.96,3000 -89.61,49.06,3000 -89.31,49.20,3000 -88.48,49.57,3000 -88.16,49.81,3000 -87.78,50.01,3000 -87.41,50.18,3000 -87.07,50.39,3000 -86.77,50.53,3000 -86.51,50.61,3000 -85.88,50.65,3000 -85.25,50.60,3000 -84.77,50.45,3000 -84.41,50.22,3000 -83.56,49.90,3000 -82.83,49.53,3000 -82.18,49.17,3000 -81.88,49.02,3000 -81.64,48.95,3000 -80.79,48.75,3000 -80.01,48.56,3000 -79.23,48.37,3000 -78.33,48.13,3000 -77.84,48.04,3000 -77.33,48.09,3000 -76.77,48.09,3000 -76.25,48.19,3000 -75.45,48.40,3000 -74.53,48.66,3000 -74.21,48.84,3000 -73.78,49.02,3000 -73.38,49.12,3000 -73.11,49.22,3000 -72.96,49.35,3000 -72.73,49.56,3000 -72.52,49.71,3000 -72.23,49.81,3000 -71.94,50.00,3000 -71.76,50.22,3000 -71.51,50.47,3000 -71.12,50.67,3000 -70.32,50.85,3000 -69.53,50.99,3000 -69.27,51.03,3000 -68.68,51.00,3000 -67.96,50.97,3000 
          </coordinates>
        </LinearRing>
      </outerBoundaryIs>
      <innerBoundaryIs>
        <LinearRing>
          <coordinates>
-79.97,43.47,3000 -79.95,43.48,3000 -79.93,43.48,3000 -79.90,43.49,3000 -79.88,43.50,3000 -79.86,43.50,3000 -79.84,43.51,3000 -79.82,43.51,3000 -79.79,43.52,3000 -79.77,43.52,3000 -79.75,43.52,3000 -79.73,43.52,3000 -79.71,43.52,3000 -79.69,43.51,3000 -79.66,43.51,3000 -79.64,43.50,3000 -79.61,43.49,3000 -79.59,43.48,3000 -79.57,43.48,3000 -79.55,43.47,3000 -79.53,43.46,3000 -79.51,43.45,3000 -79.50,43.44,3000 -79.48,43.43,3000 -79.47,43.41,3000 -79.46,43.40,3000 -79.45,43.38,3000 -79.45,43.37,3000 -79.45,43.35,3000 -79.45,43.33,3000 -79.46,43.32,3000 -79.47,43.30,3000 -79.48,43.28,3000 -79.50,43.26,3000 -79.51,43.25,3000 -79.52,43.23,3000 -79.53,43.22,3000 -79.54,43.21,3000 -79.54,43.20,3000 -79.57,43.19,3000 -79.58,43.18,3000 -79.60,43.18,3000 -79.62,43.17,3000 -79.64,43.16,3000 -79.66,43.15,3000 -79.68,43.14,3000 -79.70,43.12,3000 -79.72,43.11,3000 -79.75,43.11,3000 -79.77,43.10,3000 -79.79,43.09,3000 -79.81,43.08,3000 -79.84,43.08,3000 -79.86,43.07,3000 -79.89,43.07,3000 -79.92,43.06,3000 -79.94,43.06,3000 -79.97,43.06,3000 -79.99,43.06,3000 -80.01,43.05,3000 -80.02,43.05,3000 -80.04,43.04,3000 -80.05,43.05,3000 -80.06,43.06,3000 -80.06,43.07,3000 -80.07,43.09,3000 -80.08,43.10,3000 -80.09,43.12,3000 -80.10,43.14,3000 -80.11,43.16,3000 -80.11,43.18,3000 -80.12,43.20,3000 -80.13,43.21,3000 -80.13,43.23,3000 -80.13,43.25,3000 -80.13,43.26,3000 -80.13,43.28,3000 -80.13,43.30,3000 -80.13,43.32,3000 -80.12,43.33,3000 -80.12,43.35,3000 -80.11,43.37,3000 -80.11,43.38,3000 -80.10,43.40,3000 -79.97,43.47,3000 
          </coordinates>
        </LinearRing>
      </innerBoundaryIs>
      <innerBoundaryIs>
        <LinearRing>
          <coordinates>
-97.04,50.05,3000 -96.87,50.09,3000 -96.73,50.10,3000 -96.66,50.08,3000 -96.54,50.04,3000 -96.43,50.02,3000 -96.30,50.00,3000 -96.15,49.97,3000 -95.99,49.93,3000 -95.83,49.89,3000 -95.69,49.85,3000 -95.53,49.79,3000 -95.36,49.73,3000 -95.20,49.67,3000 -95.06,49.62,3000 -94.94,49.56,3000 -94.81,49.48,3000 -94.73,49.40,3000 -94.66,49.33,3000 -94.58,49.26,3000 -94.44,49.19,3000 -94.30,49.14,3000 -94.17,49.07,3000 -94.10,49.00,3000 -94.04,48.92,3000 -93.97,48.83,3000 -93.88,48.76,3000 -93.74,48.70,3000 -93.56,48.66,3000 -93.39,48.61,3000 -93.26,48.56,3000 -93.15,48.47,3000 -93.08,48.36,3000 -93.05,48.26,3000 -93.05,48.16,3000 -93.08,48.07,3000 -93.12,47.99,3000 -93.16,47.92,3000 -93.25,47.85,3000 -93.34,47.79,3000 -93.46,47.72,3000 -93.59,47.65,3000 -93.71,47.59,3000 -93.83,47.54,3000 -93.95,47.49,3000 -94.08,47.44,3000 -94.20,47.40,3000 -94.33,47.36,3000 -94.45,47.33,3000 -94.58,47.29,3000 -94.71,47.26,3000 -94.85,47.23,3000 -94.98,47.20,3000 -95.12,47.17,3000 -95.25,47.14,3000 -95.41,47.10,3000 -95.56,47.07,3000 -95.70,47.06,3000 -95.85,47.09,3000 -95.99,47.15,3000 -96.11,47.23,3000 -96.20,47.31,3000 -96.26,47.41,3000 -96.31,47.53,3000 -96.33,47.62,3000 -96.34,47.73,3000 -96.34,47.84,3000 -96.34,47.95,3000 -96.35,48.06,3000 -96.36,48.16,3000 -96.37,48.26,3000 -96.38,48.35,3000 -96.39,48.44,3000 -96.41,48.53,3000 -96.43,48.62,3000 -96.45,48.69,3000 -96.48,48.78,3000 -96.53,48.90,3000 -96.57,48.98,3000 -96.61,49.07,3000 -96.65,49.16,3000 -96.71,49.27,3000 -96.76,49.38,3000 -96.82,49.49,3000 -96.88,49.60,3000 -96.94,49.72,3000 -97.04,50.05,3000 
          </coordinates>
        </LinearRing>
      </innerBoundaryIs>
      <innerBoundaryIs>
        <LinearRing>
          <coordinates>
-69.01,50.96,4000 -68.49,50.92,4000 -67.95,50.91,4000 -67.45,50.77,4000 -67.11,50.65,4000 -66.26,50.32,4000 -66.03,50.17,4000 -65.83,49.97,4000 -65.73,49.70,4000 -65.92,49.49,4000 -66.19,49.22,4000 -65.71,49.07,4000 -65.37,48.92,4000 -65.15,48.66,4000 -65.15,48.39,4000 -65.67,48.36,4000 -66.03,48.23,4000 -66.55,48.11,4000 -67.07,48.01,4000 -67.42,47.84,4000 -67.66,47.71,4000 -67.89,47.66,4000 -68.17,47.67,4000 -68.48,47.76,4000 -68.97,47.74,4000 -69.38,47.49,4000 -69.91,46.94,4000 -70.56,46.22,4000 -71.01,45.67,4000 -70.94,45.40,4000 -71.10,45.07,4000 -71.35,44.91,4000 -71.69,44.78,4000 -72.23,44.76,4000 -72.55,44.67,4000 -72.79,44.68,4000 -72.92,44.79,4000 -72.95,45.00,4000 -72.82,45.33,4000 -72.51,45.61,4000 -72.27,45.85,4000 -72.21,46.05,4000 -72.33,46.20,4000 -72.64,46.21,4000 -72.84,46.14,4000 -73.17,45.86,4000 -73.42,45.53,4000 -73.72,45.23,4000 -73.77,44.99,4000 -73.71,44.70,4000 -73.76,44.40,4000 -73.84,43.96,4000 -74.05,43.67,4000 -74.32,42.91,4000 -74.59,42.15,4000 -74.89,41.92,4000 -75.28,41.72,4000 -75.82,41.43,4000 -75.99,41.26,4000 -76.21,41.20,4000 -76.82,41.26,4000 -77.26,41.20,4000 -77.53,40.99,4000 -77.99,40.58,4000 -78.37,40.07,4000 -78.85,39.60,4000 -78.98,39.44,4000 -79.15,39.05,4000 -79.29,38.75,4000 -79.55,38.35,4000 -80.20,37.89,4000 -80.76,37.43,4000 -81.27,36.96,4000 -81.63,36.44,4000 -82.13,35.98,4000 -82.42,35.82,4000 -82.76,35.75,4000 -83.11,35.51,4000 -83.51,35.31,4000 -83.70,35.27,4000 -83.95,35.40,4000 -83.75,35.66,4000 -83.58,35.75,4000 -83.17,35.91,4000 -83.01,36.01,4000 -82.85,36.21,4000 -82.53,36.40,4000 -82.42,36.55,4000 -82.50,36.67,4000 -82.65,36.69,4000 -83.26,36.74,4000 -83.40,36.87,4000 -83.35,37.11,4000 -83.10,37.26,4000 -82.85,37.32,4000 -82.49,37.43,4000 -82.27,37.68,4000 -82.11,37.96,4000 -81.85,38.19,4000 -81.76,38.46,4000 -81.82,38.67,4000 -81.81,39.01,4000 -81.72,39.30,4000 -81.69,40.01,4000 -81.77,40.77,4000 -81.98,41.12,4000 -82.08,41.37,4000 -81.99,41.62,4000 -81.29,42.02,4000 -80.55,42.42,4000 -80.15,42.63,4000 -79.86,42.85,4000 -79.57,43.02,4000 -79.26,43.31,4000 -79.37,43.56,4000 -79.64,43.69,4000 -80.04,43.64,4000 -80.22,43.60,4000 -80.36,43.45,4000 -80.54,43.13,4000 -80.76,43.03,4000 -81.08,43.04,4000 -81.48,43.16,4000 -81.76,43.39,4000 -81.98,43.72,4000 -82.34,44.10,4000 -82.69,44.29,4000 -83.11,44.44,4000 -83.56,44.42,4000 -83.92,44.35,4000 -84.30,44.21,4000 -84.58,44.01,4000 -85.07,43.52,4000 -85.27,43.24,4000 -85.27,43.07,4000 -85.17,42.87,4000 -84.83,42.26,4000 -84.48,41.62,4000 -84.29,41.26,4000 -84.54,41.11,4000 -84.75,40.92,4000 -84.95,40.69,4000 -85.30,40.46,4000 -85.56,40.27,4000 -86.02,40.14,4000 -86.22,39.92,4000 -86.50,39.75,4000 -86.75,39.72,4000 -86.97,39.79,4000 -87.34,39.97,4000 -87.67,39.97,4000 -87.93,39.86,4000 -88.26,39.67,4000 -88.57,39.58,4000 -88.92,39.58,4000 -89.57,39.66,4000 -90.42,39.75,4000 -91.00,39.41,4000 -91.30,39.24,4000 -91.55,39.26,4000 -91.97,39.67,4000 -92.54,40.00,4000 -93.35,40.40,4000 -93.72,40.56,4000 -94.34,40.68,4000 -94.61,40.73,4000 -94.98,40.94,4000 -95.47,41.40,4000 -95.78,41.67,4000 -95.90,41.79,4000 -96.11,41.86,4000 -96.69,41.87,4000 -97.06,41.96,4000 -97.68,41.99,4000 -98.31,42.03,4000 -98.77,42.22,4000 -99.00,42.39,4000 -99.04,42.53,4000 -99.07,42.75,4000 -99.24,42.92,4000 -99.51,43.03,4000 -99.66,43.17,4000 -99.54,43.32,4000 -99.25,43.29,4000 -98.93,43.12,4000 -98.57,42.92,4000 -98.24,42.94,4000 -98.19,43.34,4000 -98.10,43.47,4000 -97.86,43.58,4000 -97.32,43.82,4000 -97.14,44.04,4000 -97.06,44.44,4000 -97.21,45.10,4000 -97.34,45.74,4000 -97.03,46.04,4000 -96.94,46.28,4000 -96.96,46.59,4000 -97.06,46.85,4000 -97.23,47.22,4000 -97.50,47.50,4000 -97.99,47.55,4000 -98.29,47.87,4000 -98.51,48.34,4000 -98.51,48.61,4000 -98.38,48.77,4000 -98.42,48.98,4000 -98.65,49.22,4000 -99.25,49.70,4000 -99.86,50.15,4000 -100.16,50.32,4000 -100.52,50.59,4000 -101.20,51.14,4000 -101.59,51.28,4000 -101.92,51.49,4000 -102.25,51.76,4000 -102.32,51.92,4000 -101.95,51.89,4000 -101.67,51.74,4000 -101.19,51.64,4000 -100.57,51.68,4000 -99.60,51.66,4000 -98.64,51.65,4000 -98.15,51.75,4000 -97.76,51.75,4000 -97.40,51.70,4000 -96.26,51.54,4000 -95.55,51.31,4000 -95.16,51.42,4000 -94.86,51.43,4000 -94.68,51.36,4000 -94.50,51.02,4000 -94.12,50.74,4000 -93.98,50.55,4000 -94.14,50.34,4000 -94.56,50.21,4000 -95.65,50.50,4000 -96.39,50.49,4000 -96.81,50.53,4000 -97.18,50.45,4000 -97.41,50.22,4000 -97.31,49.88,4000 -97.05,49.34,4000 -96.79,48.68,4000 -96.62,48.36,4000 -96.55,47.90,4000 -96.52,47.56,4000 -96.45,47.38,4000 -96.21,47.12,4000 -95.85,46.93,4000 -95.48,46.86,4000 -95.18,46.93,4000 -94.35,47.07,4000 -93.50,47.38,4000 -92.76,47.82,4000 -92.18,48.20,4000 -91.25,48.51,4000 -90.85,48.60,4000 -90.28,48.65,4000 -89.90,48.70,4000 -89.46,48.84,4000 -89.09,49.12,4000 -88.66,49.30,4000 -87.87,49.79,4000 -87.46,49.99,4000 -87.13,50.20,4000 -86.81,50.40,4000 -86.40,50.53,4000 -85.91,50.58,4000 -85.25,50.53,4000 -85.00,50.47,4000 -84.73,50.33,4000 -84.39,50.12,4000 -83.66,49.77,4000 -82.68,49.31,4000 -81.79,48.93,4000 -80.74,48.64,4000 -79.89,48.46,4000 -78.91,48.21,4000 -78.34,48.06,4000 -77.74,47.97,4000 -77.23,48.03,4000 -76.81,48.02,4000 -76.49,48.06,4000 -75.48,48.32,4000 -74.59,48.56,4000 -74.22,48.74,4000 -73.71,48.96,4000 -73.25,49.09,4000 -72.93,49.26,4000 -72.45,49.66,4000 -72.02,49.85,4000 -71.76,50.09,4000 -71.50,50.37,4000 -71.23,50.56,4000 -70.72,50.70,4000 -70.08,50.83,4000 -69.41,50.94,4000 -69.01,50.96,4000 
          </coordinates>
        </LinearRing>
      </innerBoundaryIs>
      <innerBoundaryIs>
        <LinearRing>
          <coordinates>
-97.50,48.07,4000 -97.50,48.07,4000 -97.48,48.05,4000 -97.47,48.04,4000 -97.47,48.03,4000 -97.46,48.02,4000 -97.45,48.01,4000 -97.43,47.99,4000 -97.42,47.98,4000 -97.41,47.96,4000 -97.40,47.95,4000 -97.39,47.93,4000 -97.39,47.92,4000 -97.38,47.90,4000 -97.38,47.89,4000 -97.38,47.88,4000 -97.38,47.86,4000 -97.39,47.85,4000 -97.40,47.83,4000 -97.40,47.81,4000 -97.41,47.80,4000 -97.42,47.78,4000 -97.43,47.77,4000 -97.44,47.76,4000 -97.45,47.74,4000 -97.45,47.73,4000 -97.46,47.72,4000 -97.47,47.70,4000 -97.47,47.68,4000 -97.47,47.67,4000 -97.48,47.66,4000 -97.49,47.66,4000 -97.50,47.66,4000 -97.51,47.67,4000 -97.53,47.68,4000 -97.55,47.69,4000 -97.56,47.70,4000 -97.58,47.71,4000 -97.60,47.72,4000 -97.61,47.73,4000 -97.63,47.74,4000 -97.65,47.75,4000 -97.67,47.75,4000 -97.68,47.76,4000 -97.70,47.77,4000 -97.71,47.78,4000 -97.73,47.79,4000 -97.74,47.80,4000 -97.75,47.81,4000 -97.77,47.82,4000 -97.78,47.84,4000 -97.78,47.85,4000 -97.79,47.86,4000 -97.79,47.88,4000 -97.79,47.89,4000 -97.79,47.91,4000 -97.79,47.92,4000 -97.78,47.94,4000 -97.78,47.95,4000 -97.77,47.97,4000 -97.77,47.98,4000 -97.76,48.00,4000 -97.76,48.01,4000 -97.75,48.02,4000 -97.73,48.04,4000 -97.72,48.05,4000 -97.70,48.05,4000 -97.68,48.05,4000 -97.50,48.07,4000 
          </coordinates>
        </LinearRing>
      </innerBoundaryIs>
      <innerBoundaryIs>
        <LinearRing>
          <coordinates>
-85.31,40.18,4000 -85.29,40.18,4000 -85.27,40.19,4000 -85.25,40.19,4000 -85.23,40.20,4000 -85.21,40.20,4000 -85.20,40.21,4000 -85.18,40.21,4000 -85.16,40.21,4000 -85.14,40.22,4000 -85.12,40.22,4000 -85.10,40.22,4000 -85.08,40.22,4000 -85.06,40.22,4000 -85.04,40.22,4000 -85.01,40.22,4000 -84.99,40.22,4000 -84.97,40.22,4000 -84.94,40.22,4000 -84.92,40.21,4000 -84.90,40.21,4000 -84.88,40.20,4000 -84.86,40.20,4000 -84.85,40.19,4000 -84.84,40.18,4000 -84.82,40.17,4000 -84.81,40.16,4000 -84.80,40.14,4000 -84.79,40.13,4000 -84.79,40.11,4000 -84.78,40.09,4000 -84.78,40.08,4000 -84.78,40.06,4000 -84.78,40.05,4000 -84.78,40.04,4000 -84.79,40.02,4000 -84.80,40.01,4000 -84.81,39.99,4000 -84.82,39.98,4000 -84.84,39.96,4000 -84.85,39.95,4000 -84.87,39.94,4000 -84.88,39.93,4000 -84.90,39.92,4000 -84.91,39.91,4000 -84.93,39.91,4000 -84.95,39.90,4000 -84.97,39.89,4000 -84.99,39.89,4000 -85.01,39.89,4000 -85.03,39.88,4000 -85.04,39.88,4000 -85.06,39.88,4000 -85.08,39.88,4000 -85.09,39.88,4000 -85.11,39.88,4000 -85.13,39.88,4000 -85.15,39.88,4000 -85.17,39.88,4000 -85.19,39.89,4000 -85.21,39.89,4000 -85.23,39.89,4000 -85.24,39.90,4000 -85.26,39.90,4000 -85.28,39.91,4000 -85.30,39.92,4000 -85.32,39.93,4000 -85.34,39.94,4000 -85.35,39.95,4000 -85.36,39.96,4000 -85.38,39.97,4000 -85.39,39.98,4000 -85.40,39.99,4000 -85.41,40.01,4000 -85.43,40.02,4000 -85.44,40.03,4000 -85.45,40.05,4000 -85.46,40.06,4000 -85.48,40.08,4000 -85.49,40.09,4000 -85.31,40.18,4000 
          </coordinates>
        </LinearRing>
      </innerBoundaryIs>
  </Polygon>
 </MultiGeometry>
</Placemark>
<Placemark>
  <name>20%</name>
  <visibility>1</visibility>
  <styleUrl>#poly_20</styleUrl>
  <MultiGeometry>
    <Polygon>
      <outerBoundaryIs>
        <LinearRing>
          <coordinates>
-85.23,36.17,3000 -85.22,36.17,3000 -85.21,36.17,3000 -85.20,36.17,3000 -85.19,36.18,3000 -85.18,36.18,3000 -85.17,36.18,3000 -85.16,36.18,3000 -85.15,36.18,3000 -85.14,36.18,3000 -85.13,36.18,3000 -85.13,36.18,3000 -85.12,36.18,3000 -85.11,36.19,3000 -85.10,36.19,3000 -85.09,36.19,3000 -85.08,36.19,3000 -85.07,36.19,3000 -85.07,36.19,3000 -85.06,36.19,3000 -85.05,36.19,3000 -85.05,36.19,3000 -85.04,36.19,3000 -85.03,36.19,3000 -85.03,36.19,3000 -85.02,36.19,3000 -85.01,36.19,3000 -85.01,36.19,3000 -85.00,36.19,3000 -85.00,36.19,3000 -84.99,36.19,3000 -84.98,36.18,3000 -84.98,36.18,3000 -84.97,36.17,3000 -84.97,36.17,3000 -84.98,36.16,3000 -84.98,36.15,3000 -84.98,36.15,3000 -84.98,36.14,3000 -84.98,36.13,3000 -84.98,36.13,3000 -84.98,36.12,3000 -84.98,36.12,3000 -84.98,36.11,3000 -84.99,36.11,3000 -85.00,36.10,3000 -85.01,36.10,3000 -85.01,36.10,3000 -85.02,36.10,3000 -85.03,36.10,3000 -85.03,36.10,3000 -85.04,36.09,3000 -85.05,36.09,3000 -85.06,36.09,3000 -85.07,36.09,3000 -85.07,36.09,3000 -85.08,36.09,3000 -85.09,36.09,3000 -85.10,36.09,3000 -85.11,36.08,3000 -85.12,36.08,3000 -85.13,36.08,3000 -85.14,36.08,3000 -85.15,36.08,3000 -85.16,36.08,3000 -85.17,36.08,3000 -85.18,36.08,3000 -85.19,36.08,3000 -85.20,36.08,3000 -85.20,36.08,3000 -85.21,36.08,3000 -85.22,36.08,3000 -85.22,36.08,3000 -85.23,36.08,3000 -85.24,36.08,3000 -85.24,36.08,3000 -85.25,36.08,3000 -85.26,36.09,3000 -85.26,36.09,3000 -85.26,36.10,3000 -85.27,36.10,3000 -85.27,36.11,3000 -85.26,36.12,3000 -85.26,36.13,3000 -85.26,36.13,3000 -85.25,36.14,3000 -85.25,36.15,3000 -85.23,36.17,3000 
          </coordinates>
        </LinearRing>
      </outerBoundaryIs>
  </Polygon>
 </MultiGeometry>
</Placemark>
<Placemark>
  <name>20%</name>
  <visibility>1</visibility>
  <styleUrl>#poly_20</styleUrl>
  <MultiGeometry>
    <Polygon>
      <outerBoundaryIs>
        <LinearRing>
          <coordinates>
-127.39,50.42,3000 -127.17,50.45,3000 -126.96,50.48,3000 -126.75,50.51,3000 -126.54,50.54,3000 -126.34,50.56,3000 -126.14,50.57,3000 -125.93,50.53,3000 -125.73,50.48,3000 -125.56,50.46,3000 -125.44,50.56,3000 -125.32,50.69,3000 -125.16,50.74,3000 -124.96,50.78,3000 -124.74,50.81,3000 -124.56,50.84,3000 -124.37,50.86,3000 -124.17,50.89,3000 -123.97,50.91,3000 -123.77,50.94,3000 -123.58,50.96,3000 -123.38,50.98,3000 -123.20,50.99,3000 -122.97,50.97,3000 -122.75,50.94,3000 -122.57,50.90,3000 -122.38,50.86,3000 -122.21,50.80,3000 -122.07,50.73,3000 -121.91,50.65,3000 -121.79,50.57,3000 -121.68,50.46,3000 -121.61,50.34,3000 -121.58,50.20,3000 -121.56,50.07,3000 -121.53,49.95,3000 -121.47,49.85,3000 -121.35,49.79,3000 -121.20,49.74,3000 -121.02,49.67,3000 -120.85,49.57,3000 -120.76,49.46,3000 -120.68,49.33,3000 -120.61,49.21,3000 -120.51,49.09,3000 -120.43,48.98,3000 -120.41,48.85,3000 -120.42,48.70,3000 -120.43,48.58,3000 -120.44,48.45,3000 -120.46,48.32,3000 -120.48,48.19,3000 -120.52,48.06,3000 -120.57,47.94,3000 -120.66,47.83,3000 -120.78,47.72,3000 -120.87,47.63,3000 -120.94,47.54,3000 -121.01,47.49,3000 -121.15,47.46,3000 -121.31,47.51,3000 -121.39,47.61,3000 -121.49,47.74,3000 -121.57,47.89,3000 -121.62,48.00,3000 -121.61,48.13,3000 -121.58,48.22,3000 -121.60,48.32,3000 -121.67,48.43,3000 -121.79,48.50,3000 -121.95,48.59,3000 -122.09,48.70,3000 -122.14,48.80,3000 -122.16,48.93,3000 -122.19,49.07,3000 -122.22,49.19,3000 -122.29,49.27,3000 -122.48,49.30,3000 -122.71,49.27,3000 -122.94,49.26,3000 -123.14,49.29,3000 -123.34,49.34,3000 -123.52,49.39,3000 -123.68,49.45,3000 -123.82,49.51,3000 -123.94,49.57,3000 -124.06,49.66,3000 -124.16,49.73,3000 -124.27,49.77,3000 -124.40,49.82,3000 -124.52,49.88,3000 -124.65,49.95,3000 -124.79,50.02,3000 -124.93,50.11,3000 -125.06,50.21,3000 -125.18,50.27,3000 -125.32,50.25,3000 -125.38,50.16,3000 -125.32,50.05,3000 -125.19,49.91,3000 -125.06,49.81,3000 -124.91,49.70,3000 -124.79,49.59,3000 -124.72,49.48,3000 -124.67,49.38,3000 -124.61,49.30,3000 -124.49,49.27,3000 -124.35,49.26,3000 -124.21,49.20,3000 -124.08,49.13,3000 -123.99,49.07,3000 -123.93,49.01,3000 -123.84,48.89,3000 -123.84,48.80,3000 -123.88,48.73,3000 -123.96,48.68,3000 -124.16,48.69,3000 -124.29,48.73,3000 -124.46,48.79,3000 -124.65,48.86,3000 -124.84,48.93,3000 -125.00,48.99,3000 -125.13,49.03,3000 -125.34,49.02,3000 -125.50,49.05,3000 -125.69,49.11,3000 -125.84,49.16,3000 -126.00,49.23,3000 -126.19,49.32,3000 -126.33,49.39,3000 -126.49,49.48,3000 -126.65,49.58,3000 -126.81,49.67,3000 -126.95,49.75,3000 -127.14,49.86,3000 -127.30,49.94,3000 -127.43,50.01,3000 -127.60,50.09,3000 -127.71,50.20,3000 -127.62,50.33,3000 -127.39,50.42,3000 
          </coordinates>
        </LinearRing>
      </outerBoundaryIs>
      <innerBoundaryIs>
        <LinearRing>
          <coordinates>
-127.59,50.25,4000 -127.51,50.28,4000 -127.42,50.32,4000 -127.33,50.35,4000 -127.24,50.38,4000 -127.15,50.40,4000 -127.05,50.42,4000 -126.94,50.44,4000 -126.83,50.45,4000 -126.72,50.47,4000 -126.62,50.48,4000 -126.52,50.49,4000 -126.42,50.51,4000 -126.32,50.52,4000 -126.23,50.53,4000 -126.14,50.53,4000 -126.04,50.52,4000 -125.95,50.51,4000 -125.86,50.48,4000 -125.79,50.46,4000 -125.71,50.42,4000 -125.64,50.38,4000 -125.58,50.34,4000 -125.54,50.29,4000 -125.52,50.24,4000 -125.49,50.19,4000 -125.48,50.14,4000 -125.46,50.09,4000 -125.40,50.01,4000 -125.35,49.97,4000 -125.29,49.92,4000 -125.21,49.86,4000 -125.13,49.80,4000 -125.05,49.74,4000 -124.97,49.68,4000 -124.91,49.63,4000 -124.86,49.58,4000 -124.81,49.51,4000 -124.79,49.44,4000 -124.78,49.38,4000 -124.78,49.32,4000 -124.76,49.28,4000 -124.70,49.23,4000 -124.61,49.21,4000 -124.52,49.20,4000 -124.43,49.20,4000 -124.33,49.19,4000 -124.26,49.16,4000 -124.20,49.12,4000 -124.14,49.08,4000 -124.09,49.04,4000 -124.03,48.98,4000 -123.97,48.92,4000 -123.96,48.87,4000 -124.00,48.83,4000 -124.07,48.80,4000 -124.16,48.79,4000 -124.23,48.79,4000 -124.31,48.80,4000 -124.39,48.82,4000 -124.47,48.85,4000 -124.54,48.90,4000 -124.61,48.96,4000 -124.67,49.02,4000 -124.72,49.07,4000 -124.78,49.13,4000 -124.83,49.15,4000 -124.90,49.14,4000 -124.99,49.11,4000 -125.07,49.08,4000 -125.17,49.06,4000 -125.28,49.06,4000 -125.37,49.07,4000 -125.47,49.09,4000 -125.57,49.12,4000 -125.65,49.15,4000 -125.72,49.18,4000 -125.81,49.22,4000 -125.91,49.26,4000 -125.98,49.29,4000 -126.05,49.32,4000 -126.13,49.36,4000 -126.21,49.40,4000 -126.30,49.43,4000 -126.38,49.47,4000 -126.45,49.51,4000 -126.53,49.55,4000 -126.60,49.60,4000 -126.67,49.64,4000 -126.74,49.68,4000 -126.82,49.73,4000 -126.90,49.78,4000 -126.97,49.82,4000 -127.04,49.86,4000 -127.12,49.90,4000 -127.20,49.94,4000 -127.28,49.99,4000 -127.37,50.03,4000 -127.45,50.08,4000 -127.54,50.12,4000 -127.59,50.25,4000 
          </coordinates>
        </LinearRing>
      </innerBoundaryIs>
      <innerBoundaryIs>
        <LinearRing>
          <coordinates>
-125.35,50.61,4000 -125.24,50.65,4000 -125.12,50.69,4000 -124.99,50.72,4000 -124.86,50.74,4000 -124.73,50.76,4000 -124.54,50.79,4000 -124.38,50.81,4000 -124.18,50.84,4000 -123.97,50.87,4000 -123.77,50.89,4000 -123.61,50.91,4000 -123.39,50.94,4000 -123.23,50.95,4000 -123.09,50.94,4000 -122.94,50.93,4000 -122.78,50.90,4000 -122.64,50.87,4000 -122.49,50.83,4000 -122.35,50.79,4000 -122.23,50.75,4000 -122.07,50.69,4000 -121.96,50.62,4000 -121.85,50.55,4000 -121.76,50.46,4000 -121.71,50.37,4000 -121.66,50.27,4000 -121.63,50.17,4000 -121.62,50.06,4000 -121.61,49.95,4000 -121.59,49.86,4000 -121.52,49.75,4000 -121.41,49.68,4000 -121.25,49.66,4000 -121.08,49.63,4000 -120.96,49.54,4000 -120.86,49.43,4000 -120.81,49.35,4000 -120.76,49.26,4000 -120.72,49.19,4000 -120.66,49.13,4000 -120.60,49.06,4000 -120.55,48.97,4000 -120.51,48.87,4000 -120.48,48.78,4000 -120.51,48.69,4000 -120.55,48.59,4000 -120.55,48.50,4000 -120.55,48.40,4000 -120.55,48.31,4000 -120.57,48.18,4000 -120.60,48.07,4000 -120.64,47.99,4000 -120.70,47.91,4000 -120.80,47.82,4000 -120.90,47.73,4000 -120.97,47.65,4000 -121.04,47.60,4000 -121.16,47.60,4000 -121.28,47.63,4000 -121.35,47.68,4000 -121.41,47.77,4000 -121.46,47.85,4000 -121.51,47.95,4000 -121.54,48.06,4000 -121.52,48.17,4000 -121.49,48.28,4000 -121.51,48.39,4000 -121.61,48.47,4000 -121.75,48.54,4000 -121.89,48.61,4000 -122.00,48.67,4000 -122.07,48.75,4000 -122.08,48.81,4000 -122.09,48.89,4000 -122.07,48.97,4000 -122.00,49.05,4000 -121.89,49.15,4000 -121.76,49.24,4000 -121.62,49.33,4000 -121.52,49.41,4000 -121.53,49.49,4000 -121.61,49.53,4000 -121.70,49.52,4000 -121.83,49.48,4000 -121.93,49.43,4000 -122.05,49.38,4000 -122.18,49.33,4000 -122.32,49.31,4000 -122.47,49.29,4000 -122.62,49.29,4000 -122.77,49.30,4000 -122.92,49.31,4000 -123.06,49.33,4000 -123.23,49.37,4000 -123.37,49.41,4000 -123.47,49.43,4000 -123.57,49.45,4000 -123.67,49.49,4000 -123.79,49.55,4000 -123.89,49.60,4000 -123.96,49.66,4000 -124.02,49.72,4000 -124.10,49.76,4000 -124.29,49.85,4000 -124.40,49.91,4000 -124.55,49.98,4000 -124.72,50.06,4000 -124.90,50.14,4000 -125.06,50.23,4000 -125.21,50.30,4000 -125.31,50.36,4000 -125.45,50.48,4000 -125.41,50.55,4000 -125.35,50.61,4000 
          </coordinates>
        </LinearRing>
      </innerBoundaryIs>
  </Polygon>
 </MultiGeometry>
</Placemark>
<Placemark>
  <name>20%</name>
  <visibility>1</visibility>
  <styleUrl>#poly_20</styleUrl>
  <MultiGeometry>
    <Polygon>
      <outerBoundaryIs>
        <LinearRing>
          <coordinates>
-120.83,51.32,3000 -120.65,51.34,3000 -120.46,51.36,3000 -120.27,51.38,3000 -120.09,51.41,3000 -119.90,51.43,3000 -119.72,51.45,3000 -119.53,51.47,3000 -119.35,51.49,3000 -119.16,51.51,3000 -118.98,51.53,3000 -118.79,51.55,3000 -118.60,51.57,3000 -118.40,51.59,3000 -118.19,51.62,3000 -117.98,51.64,3000 -117.77,51.66,3000 -117.56,51.69,3000 -117.37,51.71,3000 -117.18,51.73,3000 -117.01,51.74,3000 -116.87,51.76,3000 -116.74,51.77,3000 -116.48,51.79,3000 -116.40,51.80,3000 -116.33,51.79,3000 -116.16,51.77,3000 -116.00,51.73,3000 -115.89,51.68,3000 -115.78,51.61,3000 -115.69,51.53,3000 -115.64,51.43,3000 -115.62,51.32,3000 -115.59,51.19,3000 -115.54,51.08,3000 -115.48,50.96,3000 -115.43,50.85,3000 -115.39,50.76,3000 -115.41,50.68,3000 -115.51,50.67,3000 -115.64,50.68,3000 -115.81,50.81,3000 -115.96,50.79,3000 -115.98,50.72,3000 -116.00,50.63,3000 -116.01,50.52,3000 -116.02,50.39,3000 -116.03,50.25,3000 -116.04,50.12,3000 -116.04,49.98,3000 -116.06,49.86,3000 -116.07,49.75,3000 -116.09,49.66,3000 -116.16,49.51,3000 -116.24,49.41,3000 -116.32,49.35,3000 -116.39,49.29,3000 -116.47,49.21,3000 -116.51,49.15,3000 -116.53,49.06,3000 -116.54,48.96,3000 -116.52,48.87,3000 -116.52,48.77,3000 -116.54,48.68,3000 -116.59,48.59,3000 -116.65,48.53,3000 -116.80,48.52,3000 -116.98,48.55,3000 -117.10,48.58,3000 -117.22,48.62,3000 -117.33,48.68,3000 -117.40,48.78,3000 -117.45,48.91,3000 -117.56,49.00,3000 -117.71,49.03,3000 -117.90,49.04,3000 -118.10,49.04,3000 -118.29,49.06,3000 -118.47,49.10,3000 -118.65,49.16,3000 -118.81,49.22,3000 -118.94,49.27,3000 -119.08,49.33,3000 -119.18,49.38,3000 -119.27,49.44,3000 -119.37,49.50,3000 -119.45,49.58,3000 -119.51,49.69,3000 -119.55,49.81,3000 -119.61,49.89,3000 -119.72,49.87,3000 -119.85,49.81,3000 -120.00,49.80,3000 -120.12,49.81,3000 -120.17,49.92,3000 -120.14,50.00,3000 -120.09,50.09,3000 -120.05,50.18,3000 -120.01,50.28,3000 -119.99,50.38,3000 -119.98,50.48,3000 -120.08,50.57,3000 -120.20,50.60,3000 -120.36,50.62,3000 -120.53,50.64,3000 -120.70,50.66,3000 -120.84,50.68,3000 -121.04,50.71,3000 -121.18,50.75,3000 -121.32,50.80,3000 -121.41,50.87,3000 -121.44,50.95,3000 -121.40,51.05,3000 -121.32,51.11,3000 -121.20,51.18,3000 -121.06,51.25,3000 -120.83,51.32,3000 
          </coordinates>
        </LinearRing>
      </outerBoundaryIs>
      <innerBoundaryIs>
        <LinearRing>
          <coordinates>
-121.28,51.07,4000 -121.17,51.13,4000 -121.06,51.19,4000 -120.94,51.24,4000 -120.82,51.27,4000 -120.68,51.29,4000 -120.49,51.31,4000 -120.37,51.32,4000 -120.24,51.34,4000 -120.10,51.36,4000 -119.94,51.37,4000 -119.75,51.40,4000 -119.54,51.42,4000 -119.39,51.44,4000 -119.22,51.46,4000 -119.04,51.48,4000 -118.84,51.50,4000 -118.64,51.52,4000 -118.44,51.55,4000 -118.24,51.57,4000 -118.06,51.59,4000 -117.89,51.61,4000 -117.75,51.62,4000 -117.52,51.64,4000 -117.33,51.66,4000 -117.17,51.68,4000 -117.04,51.69,4000 -116.91,51.70,4000 -116.71,51.72,4000 -116.56,51.74,4000 -116.43,51.75,4000 -116.29,51.75,4000 -116.18,51.74,4000 -116.05,51.70,4000 -115.94,51.65,4000 -115.83,51.57,4000 -115.78,51.50,4000 -115.72,51.40,4000 -115.68,51.30,4000 -115.66,51.20,4000 -115.65,51.09,4000 -115.65,51.00,4000 -115.67,50.88,4000 -115.71,50.81,4000 -115.78,50.82,4000 -115.89,50.86,4000 -116.08,50.89,4000 -116.24,50.84,4000 -116.25,50.76,4000 -116.23,50.66,4000 -116.20,50.53,4000 -116.16,50.41,4000 -116.14,50.32,4000 -116.12,50.22,4000 -116.10,50.15,4000 -116.09,50.07,4000 -116.08,49.98,4000 -116.08,49.88,4000 -116.11,49.77,4000 -116.15,49.69,4000 -116.21,49.60,4000 -116.29,49.51,4000 -116.39,49.38,4000 -116.45,49.30,4000 -116.52,49.19,4000 -116.60,49.08,4000 -116.68,48.96,4000 -116.76,48.85,4000 -116.84,48.75,4000 -116.91,48.67,4000 -116.97,48.61,4000 -117.13,48.61,4000 -117.23,48.73,4000 -117.31,48.81,4000 -117.38,48.90,4000 -117.45,48.97,4000 -117.53,49.04,4000 -117.64,49.09,4000 -117.78,49.09,4000 -117.94,49.06,4000 -118.11,49.06,4000 -118.24,49.08,4000 -118.37,49.12,4000 -118.50,49.17,4000 -118.64,49.22,4000 -118.79,49.28,4000 -118.95,49.35,4000 -119.10,49.42,4000 -119.21,49.48,4000 -119.32,49.57,4000 -119.33,49.63,4000 -119.34,49.71,4000 -119.35,49.81,4000 -119.35,49.89,4000 -119.34,49.99,4000 -119.34,50.09,4000 -119.37,50.20,4000 -119.44,50.29,4000 -119.53,50.35,4000 -119.65,50.42,4000 -119.80,50.48,4000 -119.95,50.55,4000 -120.10,50.60,4000 -120.25,50.65,4000 -120.38,50.69,4000 -120.58,50.73,4000 -120.77,50.75,4000 -120.93,50.76,4000 -121.07,50.78,4000 -121.24,50.85,4000 -121.34,50.92,4000 -121.28,51.07,4000 
          </coordinates>
        </LinearRing>
      </innerBoundaryIs>
  </Polygon>
 </MultiGeometry>
</Placemark>
<Placemark>
  <name>20%</name>
  <visibility>1</visibility>
  <styleUrl>#poly_20</styleUrl>
  <MultiGeometry>
    <Polygon>
      <outerBoundaryIs>
        <LinearRing>
          <coordinates>
-107.84,45.00,3000 -107.83,45.00,3000 -107.81,45.00,3000 -107.80,44.99,3000 -107.78,44.99,3000 -107.77,44.99,3000 -107.76,44.98,3000 -107.75,44.98,3000 -107.74,44.97,3000 -107.73,44.96,3000 -107.72,44.95,3000 -107.72,44.94,3000 -107.71,44.93,3000 -107.71,44.92,3000 -107.71,44.91,3000 -107.70,44.90,3000 -107.70,44.89,3000 -107.70,44.88,3000 -107.70,44.87,3000 -107.70,44.85,3000 -107.69,44.84,3000 -107.69,44.83,3000 -107.69,44.82,3000 -107.69,44.81,3000 -107.70,44.80,3000 -107.70,44.79,3000 -107.70,44.78,3000 -107.71,44.77,3000 -107.71,44.76,3000 -107.72,44.75,3000 -107.73,44.74,3000 -107.74,44.73,3000 -107.75,44.72,3000 -107.77,44.72,3000 -107.78,44.71,3000 -107.79,44.71,3000 -107.80,44.71,3000 -107.81,44.71,3000 -107.83,44.71,3000 -107.84,44.71,3000 -107.85,44.72,3000 -107.87,44.72,3000 -107.88,44.73,3000 -107.89,44.74,3000 -107.90,44.75,3000 -107.91,44.76,3000 -107.91,44.77,3000 -107.92,44.78,3000 -107.92,44.78,3000 -107.92,44.79,3000 -107.92,44.80,3000 -107.93,44.81,3000 -107.93,44.82,3000 -107.93,44.83,3000 -107.93,44.84,3000 -107.93,44.86,3000 -107.93,44.87,3000 -107.93,44.88,3000 -107.93,44.89,3000 -107.93,44.91,3000 -107.93,44.92,3000 -107.93,44.93,3000 -107.84,45.00,3000 
          </coordinates>
        </LinearRing>
      </outerBoundaryIs>
  </Polygon>
 </MultiGeometry>
</Placemark>
<Placemark>
  <name>20%</name>
  <visibility>1</visibility>
  <styleUrl>#poly_20</styleUrl>
  <MultiGeometry>
    <Polygon>
      <outerBoundaryIs>
        <LinearRing>
          <coordinates>
-123.67,47.96,3000 -123.65,47.96,3000 -123.63,47.96,3000 -123.61,47.96,3000 -123.59,47.96,3000 -123.57,47.96,3000 -123.55,47.96,3000 -123.53,47.96,3000 -123.51,47.96,3000 -123.49,47.96,3000 -123.48,47.96,3000 -123.46,47.96,3000 -123.45,47.96,3000 -123.43,47.96,3000 -123.42,47.96,3000 -123.39,47.96,3000 -123.38,47.96,3000 -123.37,47.95,3000 -123.36,47.94,3000 -123.35,47.93,3000 -123.34,47.92,3000 -123.34,47.91,3000 -123.33,47.90,3000 -123.32,47.89,3000 -123.31,47.88,3000 -123.30,47.87,3000 -123.29,47.85,3000 -123.28,47.84,3000 -123.27,47.83,3000 -123.27,47.81,3000 -123.26,47.80,3000 -123.26,47.79,3000 -123.25,47.78,3000 -123.25,47.77,3000 -123.25,47.76,3000 -123.25,47.74,3000 -123.26,47.73,3000 -123.27,47.72,3000 -123.27,47.71,3000 -123.29,47.71,3000 -123.30,47.70,3000 -123.31,47.69,3000 -123.33,47.68,3000 -123.34,47.67,3000 -123.36,47.67,3000 -123.37,47.66,3000 -123.39,47.66,3000 -123.40,47.65,3000 -123.42,47.64,3000 -123.44,47.64,3000 -123.46,47.63,3000 -123.47,47.63,3000 -123.49,47.63,3000 -123.51,47.62,3000 -123.53,47.62,3000 -123.54,47.62,3000 -123.56,47.62,3000 -123.58,47.62,3000 -123.60,47.62,3000 -123.61,47.63,3000 -123.63,47.63,3000 -123.65,47.64,3000 -123.67,47.65,3000 -123.68,47.65,3000 -123.70,47.66,3000 -123.72,47.67,3000 -123.73,47.68,3000 -123.74,47.69,3000 -123.75,47.70,3000 -123.76,47.71,3000 -123.76,47.72,3000 -123.77,47.73,3000 -123.77,47.74,3000 -123.77,47.75,3000 -123.77,47.76,3000 -123.78,47.78,3000 -123.78,47.79,3000 -123.78,47.80,3000 -123.78,47.82,3000 -123.77,47.83,3000 -123.77,47.84,3000 -123.77,47.86,3000 -123.77,47.87,3000 -123.67,47.96,3000 
          </coordinates>
        </LinearRing>
      </outerBoundaryIs>
  </Polygon>
 </MultiGeometry>
</Placemark>
<Placemark>
  <name>20%</name>
  <visibility>1</visibility>
  <styleUrl>#poly_20</styleUrl>
  <MultiGeometry>
    <Polygon>
      <outerBoundaryIs>
        <LinearRing>
          <coordinates>
-114.45,48.70,3000 -114.34,48.73,3000 -114.24,48.75,3000 -114.14,48.77,3000 -114.05,48.78,3000 -113.96,48.79,3000 -113.86,48.79,3000 -113.76,48.78,3000 -113.68,48.76,3000 -113.62,48.72,3000 -113.60,48.67,3000 -113.60,48.61,3000 -113.60,48.53,3000 -113.60,48.46,3000 -113.59,48.39,3000 -113.56,48.32,3000 -113.51,48.26,3000 -113.45,48.19,3000 -113.40,48.13,3000 -113.36,48.08,3000 -113.30,48.02,3000 -113.26,47.98,3000 -113.22,47.92,3000 -113.20,47.86,3000 -113.18,47.79,3000 -113.16,47.72,3000 -113.15,47.65,3000 -113.14,47.59,3000 -113.15,47.52,3000 -113.17,47.47,3000 -113.20,47.41,3000 -113.23,47.35,3000 -113.28,47.29,3000 -113.32,47.23,3000 -113.37,47.17,3000 -113.42,47.11,3000 -113.47,47.06,3000 -113.53,47.00,3000 -113.58,46.96,3000 -113.65,46.91,3000 -113.72,46.87,3000 -113.79,46.86,3000 -113.86,46.88,3000 -113.93,46.91,3000 -114.00,46.95,3000 -114.06,46.99,3000 -114.10,47.04,3000 -114.12,47.09,3000 -114.14,47.16,3000 -114.15,47.22,3000 -114.17,47.30,3000 -114.18,47.37,3000 -114.18,47.44,3000 -114.18,47.50,3000 -114.17,47.55,3000 -114.16,47.60,3000 -114.15,47.66,3000 -114.13,47.72,3000 -114.11,47.79,3000 -114.08,47.87,3000 -114.06,47.94,3000 -114.06,48.01,3000 -114.07,48.08,3000 -114.10,48.15,3000 -114.13,48.22,3000 -114.17,48.28,3000 -114.21,48.33,3000 -114.28,48.39,3000 -114.35,48.44,3000 -114.41,48.48,3000 -114.45,48.53,3000 -114.48,48.58,3000 -114.51,48.63,3000 -114.45,48.70,3000 
          </coordinates>
        </LinearRing>
      </outerBoundaryIs>
      <innerBoundaryIs>
        <LinearRing>
          <coordinates>
-113.88,48.44,4000 -113.87,48.41,4000 -113.82,48.37,4000 -113.77,48.33,4000 -113.71,48.29,4000 -113.64,48.25,4000 -113.60,48.22,4000 -113.58,48.21,4000 -113.55,48.17,4000 -113.51,48.12,4000 -113.47,48.07,4000 -113.44,48.03,4000 -113.41,47.99,4000 -113.38,47.95,4000 -113.35,47.91,4000 -113.32,47.87,4000 -113.29,47.83,4000 -113.27,47.79,4000 -113.25,47.75,4000 -113.25,47.71,4000 -113.25,47.67,4000 -113.26,47.62,4000 -113.27,47.58,4000 -113.28,47.53,4000 -113.30,47.49,4000 -113.31,47.44,4000 -113.33,47.40,4000 -113.36,47.34,4000 -113.39,47.30,4000 -113.40,47.26,4000 -113.43,47.22,4000 -113.46,47.18,4000 -113.51,47.13,4000 -113.56,47.08,4000 -113.59,47.05,4000 -113.61,47.04,4000 -113.65,47.02,4000 -113.71,46.98,4000 -113.77,46.95,4000 -113.82,46.93,4000 -113.89,46.95,4000 -113.95,47.00,4000 -113.98,47.03,4000 -114.01,47.07,4000 -114.03,47.12,4000 -114.05,47.16,4000 -114.06,47.20,4000 -114.07,47.24,4000 -114.08,47.29,4000 -114.08,47.33,4000 -114.09,47.37,4000 -114.09,47.41,4000 -114.09,47.46,4000 -114.09,47.50,4000 -114.08,47.54,4000 -114.07,47.59,4000 -114.06,47.63,4000 -114.05,47.67,4000 -114.03,47.71,4000 -114.02,47.75,4000 -114.00,47.78,4000 -113.98,47.81,4000 -113.96,47.85,4000 -113.96,47.90,4000 -113.96,47.96,4000 -113.96,48.02,4000 -113.96,48.06,4000 -113.97,48.10,4000 -113.98,48.15,4000 -113.98,48.19,4000 -113.98,48.23,4000 -113.97,48.27,4000 -113.96,48.32,4000 -113.95,48.36,4000 -113.88,48.44,4000 
          </coordinates>
        </LinearRing>
      </innerBoundaryIs>
  </Polygon>
 </MultiGeometry>
</Placemark>
<Placemark>
  <name>20%</name>
  <visibility>1</visibility>
  <styleUrl>#poly_20</styleUrl>
  <MultiGeometry>
    <Polygon>
      <outerBoundaryIs>
        <LinearRing>
          <coordinates>
-115.36,47.12,3000 -115.28,47.13,3000 -115.20,47.13,3000 -115.13,47.13,3000 -115.07,47.11,3000 -115.03,47.08,3000 -115.00,47.04,3000 -114.97,46.99,3000 -114.94,46.95,3000 -114.89,46.91,3000 -114.84,46.88,3000 -114.78,46.86,3000 -114.72,46.84,3000 -114.65,46.82,3000 -114.59,46.80,3000 -114.53,46.78,3000 -114.46,46.76,3000 -114.39,46.75,3000 -114.32,46.73,3000 -114.26,46.72,3000 -114.21,46.69,3000 -114.18,46.66,3000 -114.16,46.61,3000 -114.15,46.57,3000 -114.14,46.52,3000 -114.14,46.47,3000 -114.14,46.43,3000 -114.15,46.38,3000 -114.16,46.33,3000 -114.17,46.28,3000 -114.17,46.24,3000 -114.17,46.20,3000 -114.13,46.15,3000 -114.08,46.12,3000 -114.02,46.11,3000 -113.97,46.11,3000 -113.93,46.13,3000 -113.87,46.16,3000 -113.82,46.18,3000 -113.77,46.22,3000 -113.72,46.25,3000 -113.66,46.28,3000 -113.59,46.30,3000 -113.53,46.31,3000 -113.46,46.32,3000 -113.39,46.32,3000 -113.32,46.32,3000 -113.25,46.32,3000 -113.20,46.31,3000 -113.13,46.29,3000 -113.07,46.25,3000 -113.03,46.21,3000 -113.01,46.17,3000 -113.01,46.13,3000 -113.02,46.09,3000 -113.04,46.05,3000 -113.08,46.00,3000 -113.13,45.96,3000 -113.17,45.93,3000 -113.22,45.89,3000 -113.28,45.85,3000 -113.34,45.81,3000 -113.40,45.78,3000 -113.46,45.75,3000 -113.52,45.73,3000 -113.58,45.72,3000 -113.63,45.73,3000 -113.69,45.75,3000 -113.75,45.79,3000 -113.80,45.83,3000 -113.86,45.87,3000 -113.91,45.91,3000 -113.95,45.94,3000 -113.99,45.97,3000 -114.06,46.02,3000 -114.10,46.05,3000 -114.15,46.05,3000 -114.18,46.02,3000 -114.20,45.98,3000 -114.23,45.92,3000 -114.26,45.87,3000 -114.29,45.82,3000 -114.33,45.79,3000 -114.39,45.78,3000 -114.47,45.78,3000 -114.54,45.79,3000 -114.62,45.80,3000 -114.68,45.82,3000 -114.74,45.84,3000 -114.79,45.86,3000 -114.82,45.89,3000 -114.86,45.95,3000 -114.87,45.99,3000 -114.89,46.03,3000 -114.90,46.08,3000 -114.91,46.14,3000 -114.92,46.19,3000 -114.93,46.25,3000 -114.94,46.30,3000 -114.95,46.35,3000 -114.96,46.39,3000 -114.98,46.45,3000 -115.00,46.50,3000 -115.02,46.54,3000 -115.04,46.58,3000 -115.07,46.62,3000 -115.10,46.66,3000 -115.14,46.70,3000 -115.17,46.74,3000 -115.21,46.78,3000 -115.26,46.82,3000 -115.30,46.86,3000 -115.36,47.12,3000 
          </coordinates>
        </LinearRing>
      </outerBoundaryIs>
      <innerBoundaryIs>
        <LinearRing>
          <coordinates>
-113.68,46.22,4000 -113.66,46.22,4000 -113.63,46.22,4000 -113.61,46.22,4000 -113.59,46.22,4000 -113.57,46.23,4000 -113.54,46.23,4000 -113.52,46.23,4000 -113.50,46.23,4000 -113.48,46.23,4000 -113.45,46.23,4000 -113.43,46.23,4000 -113.41,46.23,4000 -113.38,46.23,4000 -113.36,46.23,4000 -113.33,46.23,4000 -113.30,46.23,4000 -113.28,46.23,4000 -113.25,46.23,4000 -113.23,46.23,4000 -113.21,46.23,4000 -113.19,46.23,4000 -113.18,46.23,4000 -113.18,46.22,4000 -113.18,46.21,4000 -113.17,46.20,4000 -113.17,46.18,4000 -113.16,46.16,4000 -113.15,46.14,4000 -113.15,46.12,4000 -113.14,46.10,4000 -113.14,46.09,4000 -113.13,46.07,4000 -113.13,46.06,4000 -113.12,46.05,4000 -113.15,46.04,4000 -113.16,46.03,4000 -113.17,46.02,4000 -113.19,46.01,4000 -113.21,46.00,4000 -113.23,45.99,4000 -113.25,45.98,4000 -113.27,45.96,4000 -113.29,45.95,4000 -113.31,45.94,4000 -113.33,45.93,4000 -113.34,45.92,4000 -113.36,45.91,4000 -113.37,45.90,4000 -113.40,45.88,4000 -113.41,45.88,4000 -113.42,45.87,4000 -113.44,45.86,4000 -113.46,45.85,4000 -113.47,45.84,4000 -113.49,45.83,4000 -113.51,45.82,4000 -113.53,45.81,4000 -113.55,45.80,4000 -113.57,45.79,4000 -113.59,45.79,4000 -113.61,45.79,4000 -113.63,45.79,4000 -113.65,45.80,4000 -113.67,45.81,4000 -113.69,45.83,4000 -113.70,45.84,4000 -113.71,45.85,4000 -113.73,45.86,4000 -113.74,45.88,4000 -113.75,45.89,4000 -113.77,45.91,4000 -113.78,45.93,4000 -113.79,45.94,4000 -113.80,45.96,4000 -113.81,45.97,4000 -113.81,45.99,4000 -113.81,46.00,4000 -113.81,46.02,4000 -113.81,46.03,4000 -113.80,46.05,4000 -113.80,46.06,4000 -113.79,46.08,4000 -113.79,46.09,4000 -113.78,46.11,4000 -113.77,46.12,4000 -113.76,46.14,4000 -113.75,46.15,4000 -113.74,46.17,4000 -113.68,46.22,4000 
          </coordinates>
        </LinearRing>
      </innerBoundaryIs>
      <innerBoundaryIs>
        <LinearRing>
          <coordinates>
-114.77,46.72,4000 -114.73,46.71,4000 -114.68,46.71,4000 -114.64,46.70,4000 -114.60,46.69,4000 -114.56,46.69,4000 -114.52,46.68,4000 -114.47,46.67,4000 -114.42,46.67,4000 -114.38,46.66,4000 -114.34,46.65,4000 -114.31,46.63,4000 -114.29,46.61,4000 -114.28,46.58,4000 -114.28,46.55,4000 -114.27,46.52,4000 -114.27,46.49,4000 -114.27,46.46,4000 -114.27,46.43,4000 -114.27,46.40,4000 -114.27,46.37,4000 -114.27,46.35,4000 -114.27,46.32,4000 -114.27,46.29,4000 -114.26,46.26,4000 -114.25,46.23,4000 -114.24,46.21,4000 -114.23,46.18,4000 -114.22,46.15,4000 -114.22,46.12,4000 -114.22,46.09,4000 -114.22,46.06,4000 -114.22,46.03,4000 -114.22,46.00,4000 -114.23,45.97,4000 -114.24,45.95,4000 -114.26,45.92,4000 -114.28,45.89,4000 -114.30,45.87,4000 -114.34,45.85,4000 -114.37,45.84,4000 -114.42,45.84,4000 -114.46,45.84,4000 -114.51,45.83,4000 -114.55,45.84,4000 -114.59,45.84,4000 -114.63,45.85,4000 -114.66,45.86,4000 -114.69,45.88,4000 -114.72,45.90,4000 -114.74,45.92,4000 -114.76,45.95,4000 -114.77,45.97,4000 -114.79,46.00,4000 -114.80,46.03,4000 -114.81,46.06,4000 -114.82,46.09,4000 -114.82,46.12,4000 -114.83,46.14,4000 -114.83,46.17,4000 -114.83,46.20,4000 -114.83,46.23,4000 -114.83,46.26,4000 -114.83,46.29,4000 -114.83,46.31,4000 -114.83,46.34,4000 -114.83,46.37,4000 -114.83,46.40,4000 -114.83,46.43,4000 -114.83,46.46,4000 -114.83,46.48,4000 -114.84,46.51,4000 -114.84,46.54,4000 -114.84,46.57,4000 -114.77,46.72,4000 
          </coordinates>
        </LinearRing>
      </innerBoundaryIs>
  </Polygon>
 </MultiGeometry>
</Placemark>
<Placemark>
  <name>20%</name>
  <visibility>1</visibility>
  <styleUrl>#poly_20</styleUrl>
  <MultiGeometry>
    <Polygon>
      <outerBoundaryIs>
        <LinearRing>
          <coordinates>
-105.87,40.45,3000 -105.85,40.43,3000 -105.84,40.42,3000 -105.82,40.40,3000 -105.80,40.38,3000 -105.78,40.37,3000 -105.76,40.36,3000 -105.73,40.35,3000 -105.71,40.35,3000 -105.68,40.34,3000 -105.66,40.33,3000 -105.63,40.32,3000 -105.61,40.31,3000 -105.59,40.29,3000 -105.57,40.28,3000 -105.54,40.27,3000 -105.52,40.25,3000 -105.51,40.23,3000 -105.49,40.21,3000 -105.48,40.19,3000 -105.46,40.17,3000 -105.45,40.15,3000 -105.44,40.12,3000 -105.43,40.10,3000 -105.43,40.08,3000 -105.43,40.05,3000 -105.43,40.03,3000 -105.44,40.01,3000 -105.45,39.99,3000 -105.47,39.96,3000 -105.49,39.94,3000 -105.51,39.92,3000 -105.53,39.90,3000 -105.54,39.88,3000 -105.56,39.86,3000 -105.57,39.85,3000 -105.58,39.84,3000 -105.60,39.84,3000 -105.62,39.84,3000 -105.66,39.83,3000 -105.69,39.83,3000 -105.72,39.83,3000 -105.75,39.82,3000 -105.78,39.82,3000 -105.80,39.82,3000 -105.82,39.81,3000 -105.83,39.83,3000 -105.84,39.84,3000 -105.85,39.86,3000 -105.87,39.88,3000 -105.88,39.90,3000 -105.90,39.93,3000 -105.91,39.95,3000 -105.92,39.98,3000 -105.93,40.00,3000 -105.93,40.02,3000 -105.94,40.04,3000 -105.93,40.07,3000 -105.93,40.09,3000 -105.93,40.11,3000 -105.93,40.13,3000 -105.92,40.16,3000 -105.92,40.18,3000 -105.92,40.20,3000 -105.92,40.22,3000 -105.92,40.25,3000 -105.91,40.27,3000 -105.91,40.29,3000 -105.91,40.32,3000 -105.91,40.34,3000 -105.91,40.36,3000 -105.87,40.45,3000 
          </coordinates>
        </LinearRing>
      </outerBoundaryIs>
  </Polygon>
 </MultiGeometry>
</Placemark>
<Placemark>
  <name>30%</name>
  <visibility>1</visibility>
  <styleUrl>#poly_30</styleUrl>
  <MultiGeometry>
    <Polygon>
      <outerBoundaryIs>
        <LinearRing>
          <coordinates>
-69.01,50.96,4000 -68.49,50.92,4000 -67.95,50.91,4000 -67.45,50.77,4000 -67.11,50.65,4000 -66.26,50.32,4000 -66.03,50.17,4000 -65.83,49.97,4000 -65.73,49.70,4000 -65.92,49.49,4000 -66.19,49.22,4000 -65.71,49.07,4000 -65.37,48.92,4000 -65.15,48.66,4000 -65.15,48.39,4000 -65.67,48.36,4000 -66.03,48.23,4000 -66.55,48.11,4000 -67.07,48.01,4000 -67.42,47.84,4000 -67.66,47.71,4000 -67.89,47.66,4000 -68.17,47.67,4000 -68.48,47.76,4000 -68.97,47.74,4000 -69.38,47.49,4000 -69.91,46.94,4000 -70.56,46.22,4000 -71.01,45.67,4000 -70.94,45.40,4000 -71.10,45.07,4000 -71.35,44.91,4000 -71.69,44.78,4000 -72.23,44.76,4000 -72.55,44.67,4000 -72.79,44.68,4000 -72.92,44.79,4000 -72.95,45.00,4000 -72.82,45.33,4000 -72.51,45.61,4000 -72.27,45.85,4000 -72.21,46.05,4000 -72.33,46.20,4000 -72.64,46.21,4000 -72.84,46.14,4000 -73.17,45.86,4000 -73.42,45.53,4000 -73.72,45.23,4000 -73.77,44.99,4000 -73.71,44.70,4000 -73.76,44.40,4000 -73.84,43.96,4000 -74.05,43.67,4000 -74.32,42.91,4000 -74.59,42.15,4000 -74.89,41.92,4000 -75.28,41.72,4000 -75.82,41.43,4000 -75.99,41.26,4000 -76.21,41.20,4000 -76.82,41.26,4000 -77.26,41.20,4000 -77.53,40.99,4000 -77.99,40.58,4000 -78.37,40.07,4000 -78.85,39.60,4000 -78.98,39.44,4000 -79.15,39.05,4000 -79.29,38.75,4000 -79.55,38.35,4000 -80.20,37.89,4000 -80.76,37.43,4000 -81.27,36.96,4000 -81.63,36.44,4000 -82.13,35.98,4000 -82.42,35.82,4000 -82.76,35.75,4000 -83.11,35.51,4000 -83.51,35.31,4000 -83.70,35.27,4000 -83.95,35.40,4000 -83.75,35.66,4000 -83.58,35.75,4000 -83.17,35.91,4000 -83.01,36.01,4000 -82.85,36.21,4000 -82.53,36.40,4000 -82.42,36.55,4000 -82.50,36.67,4000 -82.65,36.69,4000 -83.26,36.74,4000 -83.40,36.87,4000 -83.35,37.11,4000 -83.10,37.26,4000 -82.85,37.32,4000 -82.49,37.43,4000 -82.27,37.68,4000 -82.11,37.96,4000 -81.85,38.19,4000 -81.76,38.46,4000 -81.82,38.67,4000 -81.81,39.01,4000 -81.72,39.30,4000 -81.69,40.01,4000 -81.77,40.77,4000 -81.98,41.12,4000 -82.08,41.37,4000 -81.99,41.62,4000 -81.29,42.02,4000 -80.55,42.42,4000 -80.15,42.63,4000 -79.86,42.85,4000 -79.57,43.02,4000 -79.26,43.31,4000 -79.37,43.56,4000 -79.64,43.69,4000 -80.04,43.64,4000 -80.22,43.60,4000 -80.36,43.45,4000 -80.54,43.13,4000 -80.76,43.03,4000 -81.08,43.04,4000 -81.48,43.16,4000 -81.76,43.39,4000 -81.98,43.72,4000 -82.34,44.10,4000 -82.69,44.29,4000 -83.11,44.44,4000 -83.56,44.42,4000 -83.92,44.35,4000 -84.30,44.21,4000 -84.58,44.01,4000 -85.07,43.52,4000 -85.27,43.24,4000 -85.27,43.07,4000 -85.17,42.87,4000 -84.83,42.26,4000 -84.48,41.62,4000 -84.29,41.26,4000 -84.54,41.11,4000 -84.75,40.92,4000 -84.95,40.69,4000 -85.30,40.46,4000 -85.56,40.27,4000 -86.02,40.14,4000 -86.22,39.92,4000 -86.50,39.75,4000 -86.75,39.72,4000 -86.97,39.79,4000 -87.34,39.97,4000 -87.67,39.97,4000 -87.93,39.86,4000 -88.26,39.67,4000 -88.57,39.58,4000 -88.92,39.58,4000 -89.57,39.66,4000 -90.42,39.75,4000 -91.00,39.41,4000 -91.30,39.24,4000 -91.55,39.26,4000 -91.97,39.67,4000 -92.54,40.00,4000 -93.35,40.40,4000 -93.72,40.56,4000 -94.34,40.68,4000 -94.61,40.73,4000 -94.98,40.94,4000 -95.47,41.40,4000 -95.78,41.67,4000 -95.90,41.79,4000 -96.11,41.86,4000 -96.69,41.87,4000 -97.06,41.96,4000 -97.68,41.99,4000 -98.31,42.03,4000 -98.77,42.22,4000 -99.00,42.39,4000 -99.04,42.53,4000 -99.07,42.75,4000 -99.24,42.92,4000 -99.51,43.03,4000 -99.66,43.17,4000 -99.54,43.32,4000 -99.25,43.29,4000 -98.93,43.12,4000 -98.57,42.92,4000 -98.24,42.94,4000 -98.19,43.34,4000 -98.10,43.47,4000 -97.86,43.58,4000 -97.32,43.82,4000 -97.14,44.04,4000 -97.06,44.44,4000 -97.21,45.10,4000 -97.34,45.74,4000 -97.03,46.04,4000 -96.94,46.28,4000 -96.96,46.59,4000 -97.06,46.85,4000 -97.23,47.22,4000 -97.50,47.50,4000 -97.99,47.55,4000 -98.29,47.87,4000 -98.51,48.34,4000 -98.51,48.61,4000 -98.38,48.77,4000 -98.42,48.98,4000 -98.65,49.22,4000 -99.25,49.70,4000 -99.86,50.15,4000 -100.16,50.32,4000 -100.52,50.59,4000 -101.20,51.14,4000 -101.59,51.28,4000 -101.92,51.49,4000 -102.25,51.76,4000 -102.32,51.92,4000 -101.95,51.89,4000 -101.67,51.74,4000 -101.19,51.64,4000 -100.57,51.68,4000 -99.60,51.66,4000 -98.64,51.65,4000 -98.15,51.75,4000 -97.76,51.75,4000 -97.40,51.70,4000 -96.26,51.54,4000 -95.55,51.31,4000 -95.16,51.42,4000 -94.86,51.43,4000 -94.68,51.36,4000 -94.50,51.02,4000 -94.12,50.74,4000 -93.98,50.55,4000 -94.14,50.34,4000 -94.56,50.21,4000 -95.65,50.50,4000 -96.39,50.49,4000 -96.81,50.53,4000 -97.18,50.45,4000 -97.41,50.22,4000 -97.31,49.88,4000 -97.05,49.34,4000 -96.79,48.68,4000 -96.62,48.36,4000 -96.55,47.90,4000 -96.52,47.56,4000 -96.45,47.38,4000 -96.21,47.12,4000 -95.85,46.93,4000 -95.48,46.86,4000 -95.18,46.93,4000 -94.35,47.07,4000 -93.50,47.38,4000 -92.76,47.82,4000 -92.18,48.20,4000 -91.25,48.51,4000 -90.85,48.60,4000 -90.28,48.65,4000 -89.90,48.70,4000 -89.46,48.84,4000 -89.09,49.12,4000 -88.66,49.30,4000 -87.87,49.79,4000 -87.46,49.99,4000 -87.13,50.20,4000 -86.81,50.40,4000 -86.40,50.53,4000 -85.91,50.58,4000 -85.25,50.53,4000 -85.00,50.47,4000 -84.73,50.33,4000 -84.39,50.12,4000 -83.66,49.77,4000 -82.68,49.31,4000 -81.79,48.93,4000 -80.74,48.64,4000 -79.89,48.46,4000 -78.91,48.21,4000 -78.34,48.06,4000 -77.74,47.97,4000 -77.23,48.03,4000 -76.81,48.02,4000 -76.49,48.06,4000 -75.48,48.32,4000 -74.59,48.56,4000 -74.22,48.74,4000 -73.71,48.96,4000 -73.25,49.09,4000 -72.93,49.26,4000 -72.45,49.66,4000 -72.02,49.85,4000 -71.76,50.09,4000 -71.50,50.37,4000 -71.23,50.56,4000 -70.72,50.70,4000 -70.08,50.83,4000 -69.41,50.94,4000 -69.01,50.96,4000 
          </coordinates>
        </LinearRing>
      </outerBoundaryIs>
      <innerBoundaryIs>
        <LinearRing>
          <coordinates>
-97.50,48.07,4000 -97.50,48.07,4000 -97.48,48.05,4000 -97.47,48.04,4000 -97.47,48.03,4000 -97.46,48.02,4000 -97.45,48.01,4000 -97.43,47.99,4000 -97.42,47.98,4000 -97.41,47.96,4000 -97.40,47.95,4000 -97.39,47.93,4000 -97.39,47.92,4000 -97.38,47.90,4000 -97.38,47.89,4000 -97.38,47.88,4000 -97.38,47.86,4000 -97.39,47.85,4000 -97.40,47.83,4000 -97.40,47.81,4000 -97.41,47.80,4000 -97.42,47.78,4000 -97.43,47.77,4000 -97.44,47.76,4000 -97.45,47.74,4000 -97.45,47.73,4000 -97.46,47.72,4000 -97.47,47.70,4000 -97.47,47.68,4000 -97.47,47.67,4000 -97.48,47.66,4000 -97.49,47.66,4000 -97.50,47.66,4000 -97.51,47.67,4000 -97.53,47.68,4000 -97.55,47.69,4000 -97.56,47.70,4000 -97.58,47.71,4000 -97.60,47.72,4000 -97.61,47.73,4000 -97.63,47.74,4000 -97.65,47.75,4000 -97.67,47.75,4000 -97.68,47.76,4000 -97.70,47.77,4000 -97.71,47.78,4000 -97.73,47.79,4000 -97.74,47.80,4000 -97.75,47.81,4000 -97.77,47.82,4000 -97.78,47.84,4000 -97.78,47.85,4000 -97.79,47.86,4000 -97.79,47.88,4000 -97.79,47.89,4000 -97.79,47.91,4000 -97.79,47.92,4000 -97.78,47.94,4000 -97.78,47.95,4000 -97.77,47.97,4000 -97.77,47.98,4000 -97.76,48.00,4000 -97.76,48.01,4000 -97.75,48.02,4000 -97.73,48.04,4000 -97.72,48.05,4000 -97.70,48.05,4000 -97.68,48.05,4000 -97.50,48.07,4000 
          </coordinates>
        </LinearRing>
      </innerBoundaryIs>
      <innerBoundaryIs>
        <LinearRing>
          <coordinates>
-82.90,37.10,5000 -82.88,37.11,5000 -82.85,37.11,5000 -82.83,37.12,5000 -82.81,37.12,5000 -82.78,37.13,5000 -82.76,37.13,5000 -82.74,37.13,5000 -82.72,37.14,5000 -82.69,37.14,5000 -82.67,37.14,5000 -82.65,37.14,5000 -82.62,37.14,5000 -82.60,37.14,5000 -82.58,37.14,5000 -82.56,37.14,5000 -82.54,37.14,5000 -82.51,37.13,5000 -82.49,37.13,5000 -82.47,37.13,5000 -82.45,37.12,5000 -82.43,37.11,5000 -82.40,37.11,5000 -82.38,37.10,5000 -82.35,37.09,5000 -82.33,37.08,5000 -82.31,37.07,5000 -82.29,37.06,5000 -82.27,37.05,5000 -82.26,37.04,5000 -82.26,37.03,5000 -82.27,37.02,5000 -82.28,37.01,5000 -82.30,37.00,5000 -82.32,36.99,5000 -82.35,36.98,5000 -82.37,36.97,5000 -82.40,36.97,5000 -82.43,36.96,5000 -82.45,36.95,5000 -82.47,36.94,5000 -82.49,36.93,5000 -82.51,36.91,5000 -82.53,36.90,5000 -82.55,36.89,5000 -82.56,36.88,5000 -82.58,36.87,5000 -82.60,36.86,5000 -82.62,36.86,5000 -82.63,36.86,5000 -82.65,36.86,5000 -82.67,36.86,5000 -82.70,36.86,5000 -82.72,36.86,5000 -82.74,36.86,5000 -82.76,36.86,5000 -82.78,36.86,5000 -82.81,36.86,5000 -82.83,36.86,5000 -82.86,36.86,5000 -82.88,36.86,5000 -82.90,36.86,5000 -82.92,36.86,5000 -82.95,36.86,5000 -82.97,36.87,5000 -83.00,36.87,5000 -83.02,36.88,5000 -83.04,36.89,5000 -83.05,36.90,5000 -83.06,36.91,5000 -83.06,36.92,5000 -83.06,36.94,5000 -83.05,36.95,5000 -83.04,36.97,5000 -83.03,36.98,5000 -83.02,37.00,5000 -83.00,37.02,5000 -82.98,37.04,5000 -82.97,37.06,5000 -82.95,37.08,5000 -82.90,37.10,5000 
          </coordinates>
        </LinearRing>
      </innerBoundaryIs>
      <innerBoundaryIs>
        <LinearRing>
          <coordinates>
-83.74,35.53,5000 -83.73,35.54,5000 -83.72,35.55,5000 -83.71,35.56,5000 -83.70,35.56,5000 -83.69,35.57,5000 -83.68,35.58,5000 -83.67,35.59,5000 -83.66,35.60,5000 -83.65,35.60,5000 -83.65,35.61,5000 -83.64,35.62,5000 -83.63,35.62,5000 -83.62,35.63,5000 -83.61,35.64,5000 -83.60,35.64,5000 -83.59,35.65,5000 -83.58,35.65,5000 -83.57,35.66,5000 -83.57,35.66,5000 -83.56,35.67,5000 -83.55,35.67,5000 -83.54,35.67,5000 -83.53,35.68,5000 -83.53,35.68,5000 -83.52,35.68,5000 -83.51,35.68,5000 -83.51,35.68,5000 -83.50,35.68,5000 -83.49,35.68,5000 -83.48,35.68,5000 -83.48,35.67,5000 -83.47,35.67,5000 -83.46,35.66,5000 -83.46,35.65,5000 -83.45,35.65,5000 -83.44,35.64,5000 -83.43,35.63,5000 -83.43,35.62,5000 -83.42,35.61,5000 -83.42,35.60,5000 -83.41,35.59,5000 -83.41,35.58,5000 -83.40,35.57,5000 -83.40,35.56,5000 -83.39,35.55,5000 -83.39,35.54,5000 -83.39,35.53,5000 -83.38,35.52,5000 -83.38,35.51,5000 -83.38,35.50,5000 -83.38,35.50,5000 -83.38,35.49,5000 -83.38,35.48,5000 -83.39,35.47,5000 -83.39,35.47,5000 -83.40,35.46,5000 -83.41,35.46,5000 -83.42,35.45,5000 -83.43,35.45,5000 -83.44,35.45,5000 -83.45,35.45,5000 -83.47,35.44,5000 -83.48,35.44,5000 -83.49,35.44,5000 -83.51,35.44,5000 -83.52,35.44,5000 -83.53,35.44,5000 -83.54,35.44,5000 -83.55,35.44,5000 -83.56,35.44,5000 -83.57,35.44,5000 -83.58,35.44,5000 -83.60,35.45,5000 -83.61,35.45,5000 -83.62,35.45,5000 -83.63,35.45,5000 -83.64,35.46,5000 -83.66,35.46,5000 -83.67,35.46,5000 -83.68,35.46,5000 -83.69,35.47,5000 -83.70,35.47,5000 -83.71,35.47,5000 -83.72,35.47,5000 -83.73,35.48,5000 -83.73,35.48,5000 -83.74,35.48,5000 -83.76,35.49,5000 -83.76,35.50,5000 -83.76,35.50,5000 -83.76,35.51,5000 -83.75,35.52,5000 -83.74,35.53,5000 
          </coordinates>
        </LinearRing>
      </innerBoundaryIs>
      <innerBoundaryIs>
        <LinearRing>
          <coordinates>
-71.64,46.10,5000 -71.60,46.08,5000 -71.55,46.05,5000 -71.51,46.03,5000 -71.47,46.00,5000 -71.43,45.96,5000 -71.40,45.92,5000 -71.37,45.88,5000 -71.34,45.84,5000 -71.31,45.79,5000 -71.28,45.74,5000 -71.25,45.70,5000 -71.22,45.66,5000 -71.18,45.61,5000 -71.15,45.57,5000 -71.11,45.52,5000 -71.09,45.48,5000 -71.07,45.44,5000 -71.06,45.39,5000 -71.06,45.34,5000 -71.08,45.29,5000 -71.10,45.25,5000 -71.13,45.21,5000 -71.17,45.17,5000 -71.22,45.14,5000 -71.27,45.10,5000 -71.31,45.08,5000 -71.36,45.05,5000 -71.41,45.03,5000 -71.46,45.00,5000 -71.52,44.99,5000 -71.57,44.97,5000 -71.63,44.96,5000 -71.69,44.95,5000 -71.75,44.95,5000 -71.82,44.95,5000 -71.88,44.95,5000 -71.93,44.95,5000 -72.00,44.95,5000 -72.06,44.95,5000 -72.11,44.95,5000 -72.16,44.95,5000 -72.21,44.93,5000 -72.25,44.91,5000 -72.32,44.88,5000 -72.37,44.86,5000 -72.44,44.84,5000 -72.51,44.82,5000 -72.58,44.81,5000 -72.65,44.80,5000 -72.69,44.81,5000 -72.71,44.83,5000 -72.73,44.87,5000 -72.74,44.92,5000 -72.74,44.97,5000 -72.74,45.02,5000 -72.74,45.07,5000 -72.73,45.11,5000 -72.72,45.15,5000 -72.70,45.19,5000 -72.67,45.23,5000 -72.64,45.26,5000 -72.61,45.30,5000 -72.57,45.33,5000 -72.53,45.36,5000 -72.49,45.38,5000 -72.44,45.41,5000 -72.39,45.43,5000 -72.34,45.46,5000 -72.29,45.48,5000 -72.24,45.51,5000 -72.19,45.53,5000 -72.14,45.56,5000 -72.09,45.58,5000 -72.05,45.61,5000 -72.01,45.64,5000 -71.98,45.67,5000 -71.95,45.71,5000 -71.92,45.75,5000 -71.89,45.79,5000 -71.87,45.83,5000 -71.85,45.87,5000 -71.64,46.10,5000 
          </coordinates>
        </LinearRing>
      </innerBoundaryIs>
      <innerBoundaryIs>
        <LinearRing>
          <coordinates>
-68.25,50.87,5000 -67.79,50.82,5000 -67.54,50.74,5000 -66.83,50.48,5000 -66.23,50.23,5000 -65.96,50.01,5000 -65.83,49.79,5000 -65.86,49.62,5000 -66.04,49.47,5000 -66.27,49.29,5000 -66.21,49.16,5000 -65.93,49.08,5000 -65.58,48.96,5000 -65.40,48.83,5000 -65.34,48.65,5000 -65.43,48.55,5000 -66.16,48.26,5000 -66.50,48.19,5000 -66.98,48.15,5000 -67.32,48.09,5000 -67.57,47.93,5000 -67.88,47.76,5000 -68.24,47.81,5000 -68.42,47.90,5000 -68.69,47.93,5000 -69.26,47.97,5000 -69.86,47.57,5000 -70.09,47.32,5000 -70.23,46.97,5000 -70.56,46.71,5000 -71.02,46.59,5000 -71.49,46.45,5000 -72.06,46.43,5000 -72.31,46.44,5000 -72.70,46.35,5000 -73.19,46.05,5000 -73.56,45.68,5000 -73.88,45.49,5000 -74.12,45.40,5000 -74.54,45.30,5000 -74.60,45.12,5000 -74.18,45.05,5000 -73.89,44.85,5000 -73.83,44.66,5000 -73.86,44.43,5000 -73.92,44.02,5000 -74.16,43.69,5000 -74.26,43.41,5000 -74.40,43.06,5000 -74.50,42.63,5000 -74.69,42.21,5000 -74.97,42.00,5000 -75.58,41.74,5000 -76.00,41.60,5000 -76.29,41.38,5000 -77.18,41.38,5000 -77.49,41.24,5000 -77.74,41.04,5000 -78.24,40.49,5000 -78.42,40.22,5000 -78.67,39.94,5000 -79.02,39.51,5000 -79.27,38.97,5000 -79.41,38.67,5000 -79.57,38.44,5000 -80.04,38.09,5000 -80.60,37.71,5000 -81.20,37.28,5000 -81.66,36.79,5000 -81.99,36.47,5000 -82.17,37.06,5000 -81.94,37.31,5000 -81.85,37.79,5000 -81.40,38.22,5000 -81.40,38.82,5000 -81.02,39.43,5000 -80.96,39.72,5000 -81.05,39.96,5000 -80.89,40.05,5000 -80.58,39.99,5000 -80.29,39.98,5000 -80.14,40.07,5000 -80.04,40.30,5000 -80.16,40.45,5000 -80.48,40.63,5000 -80.80,40.66,5000 -81.00,40.63,5000 -81.25,40.73,5000 -81.46,40.93,5000 -81.72,41.11,5000 -81.92,41.35,5000 -81.93,41.49,5000 -81.78,41.66,5000 -81.24,41.94,5000 -80.63,42.24,5000 -79.96,42.59,5000 -79.34,43.03,5000 -79.17,43.15,5000 -79.08,43.32,5000 -79.23,43.63,5000 -79.54,44.11,5000 -79.76,44.11,5000 -79.90,43.94,5000 -80.17,43.75,5000 -80.44,43.62,5000 -80.52,43.51,5000 -80.62,43.28,5000 -80.76,43.17,5000 -81.09,43.13,5000 -81.34,43.19,5000 -81.64,43.41,5000 -81.83,43.67,5000 -82.03,43.93,5000 -82.26,44.13,5000 -82.96,44.48,5000 -83.39,44.52,5000 -83.62,44.49,5000 -84.03,44.40,5000 -84.35,44.27,5000 -84.79,43.93,5000 -85.21,43.56,5000 -85.38,43.28,5000 -85.41,43.05,5000 -85.32,42.87,5000 -84.97,42.32,5000 -84.72,41.79,5000 -84.64,41.54,5000 -84.73,41.25,5000 -85.07,41.00,5000 -85.47,40.79,5000 -85.75,40.63,5000 -86.13,40.57,5000 -86.62,40.65,5000 -87.05,40.59,5000 -87.72,40.30,5000 -88.09,40.06,5000 -88.45,39.92,5000 -88.80,39.86,5000 -89.47,39.89,5000 -90.35,39.99,5000 -90.63,39.87,5000 -90.87,39.68,5000 -91.07,39.62,5000 -91.29,39.64,5000 -91.58,39.77,5000 -92.16,40.06,5000 -92.72,40.32,5000 -93.27,40.53,5000 -93.99,40.78,5000 -94.42,40.86,5000 -94.78,41.00,5000 -95.25,41.45,5000 -95.71,41.91,5000 -95.95,42.10,5000 -96.43,41.97,5000 -97.42,42.13,5000 -97.93,42.07,5000 -98.16,42.08,5000 -98.59,42.24,5000 -98.78,42.36,5000 -98.87,42.50,5000 -98.79,42.80,5000 -98.48,42.76,5000 -98.11,42.73,5000 -97.98,42.89,5000 -98.00,43.26,5000 -97.72,43.46,5000 -97.30,43.61,5000 -97.06,43.81,5000 -96.92,44.01,5000 -96.91,44.27,5000 -97.06,44.79,5000 -97.19,45.26,5000 -97.27,45.60,5000 -97.14,45.80,5000 -96.92,46.01,5000 -96.85,46.32,5000 -96.88,46.67,5000 -96.98,46.99,5000 -97.07,47.33,5000 -97.15,47.52,5000 -97.08,47.73,5000 -97.08,48.12,5000 -97.17,48.26,5000 -97.44,48.32,5000 -97.96,48.38,5000 -97.96,48.55,5000 -97.77,48.72,5000 -98.01,48.90,5000 -98.50,49.32,5000 -99.11,49.82,5000 -99.73,50.28,5000 -100.24,50.65,5000 -100.49,50.90,5000 -100.71,51.17,5000 -100.89,51.40,5000 -100.68,51.53,5000 -100.32,51.59,5000 -99.95,51.60,5000 -99.00,51.56,5000 -98.51,51.55,5000 -97.95,51.66,5000 -97.18,51.50,5000 -96.48,51.30,5000 -96.51,51.16,5000 -96.76,51.11,5000 -97.04,51.12,5000 -97.23,51.03,5000 -97.34,50.89,5000 -97.44,50.56,5000 -97.66,50.30,5000 -97.68,50.11,5000 -97.57,49.93,5000 -97.29,49.37,5000 -97.19,49.05,5000 -97.23,48.70,5000 -97.00,48.40,5000 -96.90,48.14,5000 -96.80,47.69,5000 -96.71,47.45,5000 -96.59,47.24,5000 -96.43,47.14,5000 -96.12,46.91,5000 -95.74,46.72,5000 -95.34,46.69,5000 -94.90,46.73,5000 -94.55,46.76,5000 -94.26,46.86,5000 -93.58,47.15,5000 -93.01,47.45,5000 -92.52,47.73,5000 -92.24,47.87,5000 -91.84,48.03,5000 -91.28,48.21,5000 -90.61,48.38,5000 -90.20,48.51,5000 -89.65,48.58,5000 -89.44,48.63,5000 -89.30,48.74,5000 -89.04,48.99,5000 -88.42,49.30,5000 -87.89,49.64,5000 -87.22,50.04,5000 -86.55,50.40,5000 -86.04,50.50,5000 -85.74,50.51,5000 -85.42,50.49,5000 -84.91,50.36,5000 -84.57,50.13,5000 -84.05,49.96,5000 -83.71,49.82,5000 -83.36,49.57,5000 -82.73,49.35,5000 -82.11,48.96,5000 -81.20,48.72,5000 -80.03,48.43,5000 -79.11,48.20,5000 -78.31,47.99,5000 -77.76,47.91,5000 -77.25,47.96,5000 -76.86,47.96,5000 -76.38,48.03,5000 -75.46,48.26,5000 -74.80,48.43,5000 -74.37,48.58,5000 -73.98,48.81,5000 -73.19,49.04,5000 -72.89,49.19,5000 -72.65,49.42,5000 -72.30,49.65,5000 -71.96,49.79,5000 -71.37,50.40,5000 -71.15,50.52,5000 -70.71,50.64,5000 -69.85,50.81,5000 -69.58,50.86,5000 -68.98,50.89,5000 -68.25,50.87,5000 
          </coordinates>
        </LinearRing>
      </innerBoundaryIs>
      <innerBoundaryIs>
        <LinearRing>
          <coordinates>
-82.07,36.47,5000 -82.06,36.45,5000 -82.05,36.43,5000 -82.04,36.41,5000 -82.03,36.39,5000 -82.02,36.37,5000 -82.02,36.35,5000 -82.01,36.33,5000 -82.01,36.31,5000 -82.01,36.29,5000 -82.01,36.27,5000 -82.02,36.25,5000 -82.03,36.23,5000 -82.05,36.20,5000 -82.06,36.18,5000 -82.08,36.16,5000 -82.09,36.15,5000 -82.10,36.13,5000 -82.11,36.12,5000 -82.12,36.11,5000 -82.13,36.10,5000 -82.15,36.09,5000 -82.17,36.08,5000 -82.19,36.06,5000 -82.21,36.04,5000 -82.23,36.03,5000 -82.25,36.01,5000 -82.27,36.00,5000 -82.29,35.98,5000 -82.31,35.97,5000 -82.32,35.96,5000 -82.34,35.94,5000 -82.34,35.94,5000 -82.36,35.93,5000 -82.38,35.93,5000 -82.40,35.92,5000 -82.42,35.91,5000 -82.45,35.91,5000 -82.48,35.90,5000 -82.51,35.89,5000 -82.54,35.89,5000 -82.56,35.89,5000 -82.59,35.89,5000 -82.62,35.89,5000 -82.64,35.90,5000 -82.67,35.91,5000 -82.70,35.92,5000 -82.72,35.93,5000 -82.74,35.94,5000 -82.77,35.95,5000 -82.79,35.96,5000 -82.80,35.97,5000 -82.82,35.98,5000 -82.82,35.99,5000 -82.82,36.00,5000 -82.80,36.02,5000 -82.79,36.03,5000 -82.78,36.05,5000 -82.76,36.06,5000 -82.75,36.08,5000 -82.73,36.10,5000 -82.72,36.12,5000 -82.70,36.13,5000 -82.68,36.15,5000 -82.67,36.16,5000 -82.65,36.17,5000 -82.63,36.19,5000 -82.62,36.19,5000 -82.60,36.20,5000 -82.58,36.21,5000 -82.55,36.22,5000 -82.53,36.23,5000 -82.51,36.23,5000 -82.48,36.24,5000 -82.46,36.25,5000 -82.43,36.26,5000 -82.41,36.27,5000 -82.38,36.27,5000 -82.36,36.28,5000 -82.34,36.28,5000 -82.32,36.29,5000 -82.28,36.30,5000 -82.26,36.31,5000 -82.25,36.31,5000 -82.07,36.47,5000 
          </coordinates>
        </LinearRing>
      </innerBoundaryIs>
  </Polygon>
 </MultiGeometry>
</Placemark>
<Placemark>
  <name>30%</name>
  <visibility>1</visibility>
  <styleUrl>#poly_30</styleUrl>
  <MultiGeometry>
    <Polygon>
      <outerBoundaryIs>
        <LinearRing>
          <coordinates>
-111.31,45.41,4000 -111.24,45.44,4000 -111.18,45.47,4000 -111.10,45.49,4000 -111.02,45.49,4000 -110.94,45.48,4000 -110.83,45.48,4000 -110.76,45.48,4000 -110.68,45.49,4000 -110.59,45.50,4000 -110.50,45.51,4000 -110.42,45.51,4000 -110.35,45.51,4000 -110.27,45.50,4000 -110.21,45.48,4000 -110.15,45.46,4000 -110.09,45.43,4000 -110.02,45.40,4000 -109.95,45.36,4000 -109.88,45.32,4000 -109.82,45.28,4000 -109.76,45.24,4000 -109.71,45.20,4000 -109.67,45.16,4000 -109.64,45.11,4000 -109.63,45.05,4000 -109.62,44.98,4000 -109.62,44.93,4000 -109.63,44.87,4000 -109.64,44.80,4000 -109.65,44.74,4000 -109.66,44.68,4000 -109.67,44.63,4000 -109.70,44.58,4000 -109.73,44.54,4000 -109.76,44.50,4000 -109.78,44.45,4000 -109.78,44.40,4000 -109.76,44.35,4000 -109.74,44.29,4000 -109.73,44.23,4000 -109.71,44.17,4000 -109.71,44.11,4000 -109.72,44.04,4000 -109.74,43.98,4000 -109.77,43.91,4000 -109.81,43.86,4000 -109.84,43.82,4000 -109.91,43.79,4000 -109.99,43.78,4000 -110.06,43.79,4000 -110.12,43.81,4000 -110.17,43.84,4000 -110.21,43.90,4000 -110.23,43.94,4000 -110.24,44.00,4000 -110.25,44.06,4000 -110.26,44.12,4000 -110.27,44.18,4000 -110.29,44.24,4000 -110.31,44.30,4000 -110.33,44.36,4000 -110.35,44.42,4000 -110.38,44.47,4000 -110.41,44.52,4000 -110.44,44.57,4000 -110.49,44.63,4000 -110.55,44.67,4000 -110.62,44.70,4000 -110.68,44.73,4000 -110.74,44.75,4000 -110.80,44.75,4000 -110.87,44.75,4000 -110.96,44.76,4000 -111.03,44.77,4000 -111.12,44.77,4000 -111.21,44.78,4000 -111.30,44.78,4000 -111.39,44.79,4000 -111.45,44.81,4000 -111.51,44.85,4000 -111.56,44.89,4000 -111.58,44.94,4000 -111.59,44.99,4000 -111.58,45.05,4000 -111.55,45.11,4000 -111.50,45.17,4000 -111.31,45.41,4000 
          </coordinates>
        </LinearRing>
      </outerBoundaryIs>
      <innerBoundaryIs>
        <LinearRing>
          <coordinates>
-111.07,45.44,5000 -111.02,45.41,5000 -110.97,45.39,5000 -110.91,45.37,5000 -110.85,45.36,5000 -110.78,45.36,5000 -110.71,45.37,5000 -110.64,45.38,5000 -110.57,45.39,5000 -110.50,45.40,5000 -110.43,45.42,5000 -110.37,45.44,5000 -110.30,45.44,5000 -110.23,45.43,5000 -110.16,45.41,5000 -110.09,45.38,5000 -110.03,45.35,5000 -109.97,45.32,5000 -109.91,45.28,5000 -109.85,45.24,5000 -109.81,45.20,5000 -109.77,45.16,5000 -109.75,45.13,5000 -109.73,45.08,5000 -109.72,45.04,5000 -109.72,44.98,5000 -109.72,44.92,5000 -109.72,44.86,5000 -109.73,44.80,5000 -109.74,44.75,5000 -109.77,44.70,5000 -109.79,44.65,5000 -109.82,44.60,5000 -109.84,44.54,5000 -109.86,44.49,5000 -109.87,44.45,5000 -109.87,44.40,5000 -109.86,44.35,5000 -109.84,44.30,5000 -109.82,44.26,5000 -109.81,44.21,5000 -109.80,44.15,5000 -109.79,44.09,5000 -109.79,44.03,5000 -109.80,43.97,5000 -109.82,43.93,5000 -109.88,43.89,5000 -109.97,43.87,5000 -110.06,43.87,5000 -110.13,43.91,5000 -110.15,43.94,5000 -110.17,43.99,5000 -110.18,44.04,5000 -110.19,44.11,5000 -110.20,44.17,5000 -110.21,44.24,5000 -110.23,44.30,5000 -110.24,44.36,5000 -110.26,44.41,5000 -110.29,44.47,5000 -110.32,44.52,5000 -110.35,44.57,5000 -110.39,44.62,5000 -110.43,44.67,5000 -110.47,44.71,5000 -110.51,44.74,5000 -110.57,44.78,5000 -110.63,44.81,5000 -110.69,44.83,5000 -110.76,44.85,5000 -110.83,44.86,5000 -110.90,44.86,5000 -110.98,44.85,5000 -111.06,44.83,5000 -111.14,44.83,5000 -111.21,44.83,5000 -111.28,44.85,5000 -111.35,44.88,5000 -111.42,44.91,5000 -111.47,44.95,5000 -111.49,45.00,5000 -111.49,45.04,5000 -111.47,45.09,5000 -111.44,45.14,5000 -111.39,45.19,5000 -111.34,45.24,5000 -111.29,45.30,5000 -111.07,45.44,5000 
          </coordinates>
        </LinearRing>
      </innerBoundaryIs>
  </Polygon>
 </MultiGeometry>
</Placemark>
<Placemark>
  <name>30%</name>
  <visibility>1</visibility>
  <styleUrl>#poly_30</styleUrl>
  <MultiGeometry>
    <Polygon>
      <outerBoundaryIs>
        <LinearRing>
          <coordinates>
-121.28,51.07,4000 -121.17,51.13,4000 -121.06,51.19,4000 -120.94,51.24,4000 -120.82,51.27,4000 -120.68,51.29,4000 -120.49,51.31,4000 -120.37,51.32,4000 -120.24,51.34,4000 -120.10,51.36,4000 -119.94,51.37,4000 -119.75,51.40,4000 -119.54,51.42,4000 -119.39,51.44,4000 -119.22,51.46,4000 -119.04,51.48,4000 -118.84,51.50,4000 -118.64,51.52,4000 -118.44,51.55,4000 -118.24,51.57,4000 -118.06,51.59,4000 -117.89,51.61,4000 -117.75,51.62,4000 -117.52,51.64,4000 -117.33,51.66,4000 -117.17,51.68,4000 -117.04,51.69,4000 -116.91,51.70,4000 -116.71,51.72,4000 -116.56,51.74,4000 -116.43,51.75,4000 -116.29,51.75,4000 -116.18,51.74,4000 -116.05,51.70,4000 -115.94,51.65,4000 -115.83,51.57,4000 -115.78,51.50,4000 -115.72,51.40,4000 -115.68,51.30,4000 -115.66,51.20,4000 -115.65,51.09,4000 -115.65,51.00,4000 -115.67,50.88,4000 -115.71,50.81,4000 -115.78,50.82,4000 -115.89,50.86,4000 -116.08,50.89,4000 -116.24,50.84,4000 -116.25,50.76,4000 -116.23,50.66,4000 -116.20,50.53,4000 -116.16,50.41,4000 -116.14,50.32,4000 -116.12,50.22,4000 -116.10,50.15,4000 -116.09,50.07,4000 -116.08,49.98,4000 -116.08,49.88,4000 -116.11,49.77,4000 -116.15,49.69,4000 -116.21,49.60,4000 -116.29,49.51,4000 -116.39,49.38,4000 -116.45,49.30,4000 -116.52,49.19,4000 -116.60,49.08,4000 -116.68,48.96,4000 -116.76,48.85,4000 -116.84,48.75,4000 -116.91,48.67,4000 -116.97,48.61,4000 -117.13,48.61,4000 -117.23,48.73,4000 -117.31,48.81,4000 -117.38,48.90,4000 -117.45,48.97,4000 -117.53,49.04,4000 -117.64,49.09,4000 -117.78,49.09,4000 -117.94,49.06,4000 -118.11,49.06,4000 -118.24,49.08,4000 -118.37,49.12,4000 -118.50,49.17,4000 -118.64,49.22,4000 -118.79,49.28,4000 -118.95,49.35,4000 -119.10,49.42,4000 -119.21,49.48,4000 -119.32,49.57,4000 -119.33,49.63,4000 -119.34,49.71,4000 -119.35,49.81,4000 -119.35,49.89,4000 -119.34,49.99,4000 -119.34,50.09,4000 -119.37,50.20,4000 -119.44,50.29,4000 -119.53,50.35,4000 -119.65,50.42,4000 -119.80,50.48,4000 -119.95,50.55,4000 -120.10,50.60,4000 -120.25,50.65,4000 -120.38,50.69,4000 -120.58,50.73,4000 -120.77,50.75,4000 -120.93,50.76,4000 -121.07,50.78,4000 -121.24,50.85,4000 -121.34,50.92,4000 -121.28,51.07,4000 
          </coordinates>
        </LinearRing>
      </outerBoundaryIs>
      <innerBoundaryIs>
        <LinearRing>
          <coordinates>
-121.05,51.18,5000 -120.89,51.21,5000 -120.73,51.23,5000 -120.57,51.26,5000 -120.40,51.29,5000 -120.23,51.31,5000 -120.09,51.33,5000 -119.95,51.34,5000 -119.82,51.36,5000 -119.66,51.38,5000 -119.49,51.40,5000 -119.28,51.42,5000 -119.15,51.44,5000 -118.99,51.45,5000 -118.83,51.47,5000 -118.65,51.49,5000 -118.47,51.51,5000 -118.29,51.53,5000 -118.11,51.55,5000 -117.93,51.56,5000 -117.77,51.58,5000 -117.62,51.60,5000 -117.49,51.61,5000 -117.25,51.64,5000 -117.06,51.66,5000 -116.91,51.67,5000 -116.77,51.69,5000 -116.64,51.70,5000 -116.45,51.71,5000 -116.30,51.71,5000 -116.17,51.70,5000 -116.01,51.64,5000 -115.89,51.56,5000 -115.82,51.50,5000 -115.79,51.42,5000 -115.77,51.34,5000 -115.77,51.24,5000 -115.77,51.15,5000 -115.79,51.06,5000 -115.85,51.00,5000 -116.01,50.98,5000 -116.17,50.97,5000 -116.30,50.97,5000 -116.32,50.90,5000 -116.31,50.75,5000 -116.29,50.67,5000 -116.27,50.57,5000 -116.24,50.45,5000 -116.21,50.34,5000 -116.18,50.23,5000 -116.16,50.15,5000 -116.14,50.04,5000 -116.13,49.97,5000 -116.14,49.90,5000 -116.17,49.79,5000 -116.23,49.69,5000 -116.28,49.61,5000 -116.34,49.53,5000 -116.41,49.46,5000 -116.53,49.39,5000 -116.63,49.30,5000 -116.65,49.21,5000 -116.66,49.09,5000 -116.67,48.97,5000 -116.68,48.88,5000 -116.71,48.76,5000 -116.77,48.69,5000 -116.91,48.67,5000 -117.08,48.71,5000 -117.17,48.78,5000 -117.27,48.88,5000 -117.36,48.98,5000 -117.44,49.06,5000 -117.54,49.14,5000 -117.66,49.17,5000 -117.79,49.16,5000 -117.95,49.12,5000 -118.12,49.12,5000 -118.26,49.15,5000 -118.41,49.20,5000 -118.57,49.26,5000 -118.72,49.32,5000 -118.84,49.37,5000 -118.97,49.43,5000 -119.10,49.49,5000 -119.20,49.56,5000 -119.28,49.64,5000 -119.32,49.74,5000 -119.32,49.86,5000 -119.31,49.99,5000 -119.30,50.10,5000 -119.29,50.19,5000 -119.28,50.29,5000 -119.30,50.33,5000 -119.38,50.39,5000 -119.49,50.45,5000 -119.58,50.49,5000 -119.68,50.54,5000 -119.79,50.58,5000 -119.92,50.63,5000 -120.05,50.68,5000 -120.20,50.72,5000 -120.37,50.73,5000 -120.54,50.73,5000 -120.69,50.74,5000 -120.83,50.76,5000 -120.94,50.80,5000 -121.04,50.84,5000 -121.14,50.89,5000 -121.25,50.94,5000 -121.05,51.18,5000 
          </coordinates>
        </LinearRing>
      </innerBoundaryIs>
  </Polygon>
 </MultiGeometry>
</Placemark>
<Placemark>
  <name>30%</name>
  <visibility>1</visibility>
  <styleUrl>#poly_30</styleUrl>
  <MultiGeometry>
    <Polygon>
      <outerBoundaryIs>
        <LinearRing>
          <coordinates>
-127.59,50.25,4000 -127.51,50.28,4000 -127.42,50.32,4000 -127.33,50.35,4000 -127.24,50.38,4000 -127.15,50.40,4000 -127.05,50.42,4000 -126.94,50.44,4000 -126.83,50.45,4000 -126.72,50.47,4000 -126.62,50.48,4000 -126.52,50.49,4000 -126.42,50.51,4000 -126.32,50.52,4000 -126.23,50.53,4000 -126.14,50.53,4000 -126.04,50.52,4000 -125.95,50.51,4000 -125.86,50.48,4000 -125.79,50.46,4000 -125.71,50.42,4000 -125.64,50.38,4000 -125.58,50.34,4000 -125.54,50.29,4000 -125.52,50.24,4000 -125.49,50.19,4000 -125.48,50.14,4000 -125.46,50.09,4000 -125.40,50.01,4000 -125.35,49.97,4000 -125.29,49.92,4000 -125.21,49.86,4000 -125.13,49.80,4000 -125.05,49.74,4000 -124.97,49.68,4000 -124.91,49.63,4000 -124.86,49.58,4000 -124.81,49.51,4000 -124.79,49.44,4000 -124.78,49.38,4000 -124.78,49.32,4000 -124.76,49.28,4000 -124.70,49.23,4000 -124.61,49.21,4000 -124.52,49.20,4000 -124.43,49.20,4000 -124.33,49.19,4000 -124.26,49.16,4000 -124.20,49.12,4000 -124.14,49.08,4000 -124.09,49.04,4000 -124.03,48.98,4000 -123.97,48.92,4000 -123.96,48.87,4000 -124.00,48.83,4000 -124.07,48.80,4000 -124.16,48.79,4000 -124.23,48.79,4000 -124.31,48.80,4000 -124.39,48.82,4000 -124.47,48.85,4000 -124.54,48.90,4000 -124.61,48.96,4000 -124.67,49.02,4000 -124.72,49.07,4000 -124.78,49.13,4000 -124.83,49.15,4000 -124.90,49.14,4000 -124.99,49.11,4000 -125.07,49.08,4000 -125.17,49.06,4000 -125.28,49.06,4000 -125.37,49.07,4000 -125.47,49.09,4000 -125.57,49.12,4000 -125.65,49.15,4000 -125.72,49.18,4000 -125.81,49.22,4000 -125.91,49.26,4000 -125.98,49.29,4000 -126.05,49.32,4000 -126.13,49.36,4000 -126.21,49.40,4000 -126.30,49.43,4000 -126.38,49.47,4000 -126.45,49.51,4000 -126.53,49.55,4000 -126.60,49.60,4000 -126.67,49.64,4000 -126.74,49.68,4000 -126.82,49.73,4000 -126.90,49.78,4000 -126.97,49.82,4000 -127.04,49.86,4000 -127.12,49.90,4000 -127.20,49.94,4000 -127.28,49.99,4000 -127.37,50.03,4000 -127.45,50.08,4000 -127.54,50.12,4000 -127.59,50.25,4000 
          </coordinates>
        </LinearRing>
      </outerBoundaryIs>
      <innerBoundaryIs>
        <LinearRing>
          <coordinates>
-124.57,49.12,5000 -124.57,49.12,5000 -124.56,49.12,5000 -124.55,49.12,5000 -124.52,49.12,5000 -124.51,49.12,5000 -124.50,49.12,5000 -124.49,49.12,5000 -124.48,49.12,5000 -124.46,49.12,5000 -124.45,49.12,5000 -124.44,49.12,5000 -124.42,49.12,5000 -124.41,49.12,5000 -124.39,49.11,5000 -124.38,49.11,5000 -124.36,49.11,5000 -124.35,49.11,5000 -124.34,49.11,5000 -124.32,49.11,5000 -124.31,49.10,5000 -124.30,49.10,5000 -124.29,49.10,5000 -124.28,49.09,5000 -124.27,49.09,5000 -124.26,49.08,5000 -124.25,49.07,5000 -124.24,49.07,5000 -124.23,49.06,5000 -124.22,49.05,5000 -124.21,49.04,5000 -124.20,49.04,5000 -124.20,49.03,5000 -124.19,49.02,5000 -124.19,49.01,5000 -124.18,49.01,5000 -124.18,49.00,5000 -124.18,48.99,5000 -124.18,48.98,5000 -124.18,48.97,5000 -124.18,48.96,5000 -124.18,48.96,5000 -124.18,48.95,5000 -124.18,48.94,5000 -124.18,48.93,5000 -124.19,48.92,5000 -124.19,48.91,5000 -124.20,48.90,5000 -124.21,48.90,5000 -124.22,48.89,5000 -124.23,48.89,5000 -124.24,48.89,5000 -124.25,48.89,5000 -124.26,48.89,5000 -124.27,48.89,5000 -124.28,48.89,5000 -124.29,48.89,5000 -124.31,48.89,5000 -124.32,48.89,5000 -124.34,48.90,5000 -124.35,48.90,5000 -124.36,48.90,5000 -124.38,48.90,5000 -124.39,48.91,5000 -124.41,48.91,5000 -124.42,48.91,5000 -124.44,48.92,5000 -124.45,48.92,5000 -124.46,48.92,5000 -124.47,48.92,5000 -124.48,48.93,5000 -124.49,48.93,5000 -124.50,48.93,5000 -124.52,48.93,5000 -124.54,48.93,5000 -124.54,48.93,5000 -124.54,48.94,5000 -124.55,48.95,5000 -124.55,48.96,5000 -124.55,48.96,5000 -124.56,48.97,5000 -124.56,48.97,5000 -124.56,48.98,5000 -124.56,48.99,5000 -124.56,49.00,5000 -124.56,49.00,5000 -124.57,49.01,5000 -124.57,49.02,5000 -124.57,49.03,5000 -124.57,49.04,5000 -124.57,49.05,5000 -124.57,49.06,5000 -124.57,49.07,5000 -124.58,49.08,5000 -124.58,49.09,5000 -124.58,49.10,5000 -124.58,49.11,5000 -124.57,49.12,5000 
          </coordinates>
        </LinearRing>
      </innerBoundaryIs>
      <innerBoundaryIs>
        <LinearRing>
          <coordinates>
-127.35,50.31,5000 -127.28,50.33,5000 -127.21,50.34,5000 -127.14,50.35,5000 -127.07,50.37,5000 -127.00,50.38,5000 -126.93,50.40,5000 -126.86,50.41,5000 -126.79,50.42,5000 -126.72,50.44,5000 -126.64,50.45,5000 -126.57,50.47,5000 -126.50,50.48,5000 -126.43,50.49,5000 -126.36,50.49,5000 -126.28,50.49,5000 -126.19,50.49,5000 -126.11,50.48,5000 -126.03,50.47,5000 -125.96,50.45,5000 -125.89,50.44,5000 -125.82,50.42,5000 -125.76,50.40,5000 -125.70,50.38,5000 -125.66,50.35,5000 -125.61,50.31,5000 -125.58,50.27,5000 -125.56,50.23,5000 -125.53,50.18,5000 -125.51,50.13,5000 -125.49,50.08,5000 -125.47,50.04,5000 -125.45,50.00,5000 -125.42,49.95,5000 -125.38,49.92,5000 -125.35,49.89,5000 -125.30,49.85,5000 -125.26,49.82,5000 -125.21,49.78,5000 -125.15,49.74,5000 -125.10,49.70,5000 -125.04,49.66,5000 -125.00,49.62,5000 -124.96,49.58,5000 -124.91,49.54,5000 -124.88,49.50,5000 -124.85,49.46,5000 -124.84,49.42,5000 -124.84,49.37,5000 -124.85,49.32,5000 -124.88,49.28,5000 -124.91,49.24,5000 -124.96,49.20,5000 -125.01,49.16,5000 -125.08,49.13,5000 -125.14,49.11,5000 -125.20,49.10,5000 -125.26,49.09,5000 -125.33,49.09,5000 -125.40,49.10,5000 -125.47,49.12,5000 -125.55,49.14,5000 -125.62,49.17,5000 -125.68,49.19,5000 -125.74,49.22,5000 -125.81,49.24,5000 -125.87,49.27,5000 -125.93,49.30,5000 -125.99,49.33,5000 -126.05,49.35,5000 -126.12,49.38,5000 -126.18,49.41,5000 -126.24,49.44,5000 -126.29,49.47,5000 -126.35,49.51,5000 -126.40,49.56,5000 -126.46,49.60,5000 -126.51,49.64,5000 -126.56,49.67,5000 -126.62,49.70,5000 -126.67,49.72,5000 -126.73,49.75,5000 -126.78,49.77,5000 -126.83,49.79,5000 -126.89,49.82,5000 -126.95,49.86,5000 -127.01,49.90,5000 -127.07,49.93,5000 -127.13,49.96,5000 -127.18,50.00,5000 -127.23,50.03,5000 -127.29,50.06,5000 -127.35,50.09,5000 -127.40,50.12,5000 -127.46,50.15,5000 -127.52,50.18,5000 -127.35,50.31,5000 
          </coordinates>
        </LinearRing>
      </innerBoundaryIs>
  </Polygon>
 </MultiGeometry>
</Placemark>
<Placemark>
  <name>30%</name>
  <visibility>1</visibility>
  <styleUrl>#poly_30</styleUrl>
  <MultiGeometry>
    <Polygon>
      <outerBoundaryIs>
        <LinearRing>
          <coordinates>
-85.31,40.18,4000 -85.29,40.18,4000 -85.27,40.19,4000 -85.25,40.19,4000 -85.23,40.20,4000 -85.21,40.20,4000 -85.20,40.21,4000 -85.18,40.21,4000 -85.16,40.21,4000 -85.14,40.22,4000 -85.12,40.22,4000 -85.10,40.22,4000 -85.08,40.22,4000 -85.06,40.22,4000 -85.04,40.22,4000 -85.01,40.22,4000 -84.99,40.22,4000 -84.97,40.22,4000 -84.94,40.22,4000 -84.92,40.21,4000 -84.90,40.21,4000 -84.88,40.20,4000 -84.86,40.20,4000 -84.85,40.19,4000 -84.84,40.18,4000 -84.82,40.17,4000 -84.81,40.16,4000 -84.80,40.14,4000 -84.79,40.13,4000 -84.79,40.11,4000 -84.78,40.09,4000 -84.78,40.08,4000 -84.78,40.06,4000 -84.78,40.05,4000 -84.78,40.04,4000 -84.79,40.02,4000 -84.80,40.01,4000 -84.81,39.99,4000 -84.82,39.98,4000 -84.84,39.96,4000 -84.85,39.95,4000 -84.87,39.94,4000 -84.88,39.93,4000 -84.90,39.92,4000 -84.91,39.91,4000 -84.93,39.91,4000 -84.95,39.90,4000 -84.97,39.89,4000 -84.99,39.89,4000 -85.01,39.89,4000 -85.03,39.88,4000 -85.04,39.88,4000 -85.06,39.88,4000 -85.08,39.88,4000 -85.09,39.88,4000 -85.11,39.88,4000 -85.13,39.88,4000 -85.15,39.88,4000 -85.17,39.88,4000 -85.19,39.89,4000 -85.21,39.89,4000 -85.23,39.89,4000 -85.24,39.90,4000 -85.26,39.90,4000 -85.28,39.91,4000 -85.30,39.92,4000 -85.32,39.93,4000 -85.34,39.94,4000 -85.35,39.95,4000 -85.36,39.96,4000 -85.38,39.97,4000 -85.39,39.98,4000 -85.40,39.99,4000 -85.41,40.01,4000 -85.43,40.02,4000 -85.44,40.03,4000 -85.45,40.05,4000 -85.46,40.06,4000 -85.48,40.08,4000 -85.49,40.09,4000 -85.31,40.18,4000 
          </coordinates>
        </LinearRing>
      </outerBoundaryIs>
  </Polygon>
 </MultiGeometry>
</Placemark>
<Placemark>
  <name>30%</name>
  <visibility>1</visibility>
  <styleUrl>#poly_30</styleUrl>
  <MultiGeometry>
    <Polygon>
      <outerBoundaryIs>
        <LinearRing>
          <coordinates>
-113.68,46.22,4000 -113.66,46.22,4000 -113.63,46.22,4000 -113.61,46.22,4000 -113.59,46.22,4000 -113.57,46.23,4000 -113.54,46.23,4000 -113.52,46.23,4000 -113.50,46.23,4000 -113.48,46.23,4000 -113.45,46.23,4000 -113.43,46.23,4000 -113.41,46.23,4000 -113.38,46.23,4000 -113.36,46.23,4000 -113.33,46.23,4000 -113.30,46.23,4000 -113.28,46.23,4000 -113.25,46.23,4000 -113.23,46.23,4000 -113.21,46.23,4000 -113.19,46.23,4000 -113.18,46.23,4000 -113.18,46.22,4000 -113.18,46.21,4000 -113.17,46.20,4000 -113.17,46.18,4000 -113.16,46.16,4000 -113.15,46.14,4000 -113.15,46.12,4000 -113.14,46.10,4000 -113.14,46.09,4000 -113.13,46.07,4000 -113.13,46.06,4000 -113.12,46.05,4000 -113.15,46.04,4000 -113.16,46.03,4000 -113.17,46.02,4000 -113.19,46.01,4000 -113.21,46.00,4000 -113.23,45.99,4000 -113.25,45.98,4000 -113.27,45.96,4000 -113.29,45.95,4000 -113.31,45.94,4000 -113.33,45.93,4000 -113.34,45.92,4000 -113.36,45.91,4000 -113.37,45.90,4000 -113.40,45.88,4000 -113.41,45.88,4000 -113.42,45.87,4000 -113.44,45.86,4000 -113.46,45.85,4000 -113.47,45.84,4000 -113.49,45.83,4000 -113.51,45.82,4000 -113.53,45.81,4000 -113.55,45.80,4000 -113.57,45.79,4000 -113.59,45.79,4000 -113.61,45.79,4000 -113.63,45.79,4000 -113.65,45.80,4000 -113.67,45.81,4000 -113.69,45.83,4000 -113.70,45.84,4000 -113.71,45.85,4000 -113.73,45.86,4000 -113.74,45.88,4000 -113.75,45.89,4000 -113.77,45.91,4000 -113.78,45.93,4000 -113.79,45.94,4000 -113.80,45.96,4000 -113.81,45.97,4000 -113.81,45.99,4000 -113.81,46.00,4000 -113.81,46.02,4000 -113.81,46.03,4000 -113.80,46.05,4000 -113.80,46.06,4000 -113.79,46.08,4000 -113.79,46.09,4000 -113.78,46.11,4000 -113.77,46.12,4000 -113.76,46.14,4000 -113.75,46.15,4000 -113.74,46.17,4000 -113.68,46.22,4000 
          </coordinates>
        </LinearRing>
      </outerBoundaryIs>
      <innerBoundaryIs>
        <LinearRing>
          <coordinates>
-113.66,46.12,5000 -113.65,46.12,5000 -113.63,46.12,5000 -113.62,46.12,5000 -113.60,46.12,5000 -113.59,46.11,5000 -113.57,46.11,5000 -113.56,46.11,5000 -113.55,46.11,5000 -113.53,46.11,5000 -113.52,46.11,5000 -113.51,46.11,5000 -113.49,46.10,5000 -113.48,46.10,5000 -113.47,46.10,5000 -113.46,46.10,5000 -113.45,46.10,5000 -113.44,46.10,5000 -113.43,46.10,5000 -113.42,46.09,5000 -113.41,46.09,5000 -113.40,46.09,5000 -113.38,46.09,5000 -113.37,46.08,5000 -113.35,46.07,5000 -113.34,46.07,5000 -113.34,46.06,5000 -113.33,46.06,5000 -113.32,46.05,5000 -113.32,46.05,5000 -113.32,46.04,5000 -113.32,46.03,5000 -113.32,46.03,5000 -113.33,46.03,5000 -113.34,46.02,5000 -113.35,46.02,5000 -113.37,46.01,5000 -113.39,46.00,5000 -113.40,46.00,5000 -113.40,45.99,5000 -113.41,45.99,5000 -113.42,45.98,5000 -113.43,45.97,5000 -113.44,45.97,5000 -113.45,45.96,5000 -113.46,45.95,5000 -113.47,45.94,5000 -113.49,45.94,5000 -113.50,45.93,5000 -113.51,45.92,5000 -113.52,45.92,5000 -113.53,45.91,5000 -113.54,45.90,5000 -113.55,45.90,5000 -113.56,45.89,5000 -113.57,45.89,5000 -113.58,45.88,5000 -113.59,45.88,5000 -113.60,45.88,5000 -113.61,45.88,5000 -113.62,45.88,5000 -113.63,45.88,5000 -113.64,45.89,5000 -113.65,45.89,5000 -113.65,45.90,5000 -113.66,45.90,5000 -113.67,45.91,5000 -113.68,45.92,5000 -113.68,45.93,5000 -113.69,45.94,5000 -113.69,45.95,5000 -113.70,45.96,5000 -113.70,45.97,5000 -113.71,45.98,5000 -113.71,45.99,5000 -113.72,46.00,5000 -113.66,46.12,5000 
          </coordinates>
        </LinearRing>
      </innerBoundaryIs>
  </Polygon>
 </MultiGeometry>
</Placemark>
<Placemark>
  <name>30%</name>
  <visibility>1</visibility>
  <styleUrl>#poly_30</styleUrl>
  <MultiGeometry>
    <Polygon>
      <outerBoundaryIs>
        <LinearRing>
          <coordinates>
-114.77,46.72,4000 -114.73,46.71,4000 -114.68,46.71,4000 -114.64,46.70,4000 -114.60,46.69,4000 -114.56,46.69,4000 -114.52,46.68,4000 -114.47,46.67,4000 -114.42,46.67,4000 -114.38,46.66,4000 -114.34,46.65,4000 -114.31,46.63,4000 -114.29,46.61,4000 -114.28,46.58,4000 -114.28,46.55,4000 -114.27,46.52,4000 -114.27,46.49,4000 -114.27,46.46,4000 -114.27,46.43,4000 -114.27,46.40,4000 -114.27,46.37,4000 -114.27,46.35,4000 -114.27,46.32,4000 -114.27,46.29,4000 -114.26,46.26,4000 -114.25,46.23,4000 -114.24,46.21,4000 -114.23,46.18,4000 -114.22,46.15,4000 -114.22,46.12,4000 -114.22,46.09,4000 -114.22,46.06,4000 -114.22,46.03,4000 -114.22,46.00,4000 -114.23,45.97,4000 -114.24,45.95,4000 -114.26,45.92,4000 -114.28,45.89,4000 -114.30,45.87,4000 -114.34,45.85,4000 -114.37,45.84,4000 -114.42,45.84,4000 -114.46,45.84,4000 -114.51,45.83,4000 -114.55,45.84,4000 -114.59,45.84,4000 -114.63,45.85,4000 -114.66,45.86,4000 -114.69,45.88,4000 -114.72,45.90,4000 -114.74,45.92,4000 -114.76,45.95,4000 -114.77,45.97,4000 -114.79,46.00,4000 -114.80,46.03,4000 -114.81,46.06,4000 -114.82,46.09,4000 -114.82,46.12,4000 -114.83,46.14,4000 -114.83,46.17,4000 -114.83,46.20,4000 -114.83,46.23,4000 -114.83,46.26,4000 -114.83,46.29,4000 -114.83,46.31,4000 -114.83,46.34,4000 -114.83,46.37,4000 -114.83,46.40,4000 -114.83,46.43,4000 -114.83,46.46,4000 -114.83,46.48,4000 -114.84,46.51,4000 -114.84,46.54,4000 -114.84,46.57,4000 -114.77,46.72,4000 
          </coordinates>
        </LinearRing>
      </outerBoundaryIs>
      <innerBoundaryIs>
        <LinearRing>
          <coordinates>
-114.71,46.42,5000 -114.69,46.44,5000 -114.67,46.46,5000 -114.65,46.48,5000 -114.62,46.50,5000 -114.59,46.52,5000 -114.56,46.54,5000 -114.53,46.56,5000 -114.51,46.57,5000 -114.49,46.57,5000 -114.47,46.57,5000 -114.45,46.55,5000 -114.43,46.53,5000 -114.42,46.50,5000 -114.40,46.48,5000 -114.39,46.45,5000 -114.38,46.43,5000 -114.37,46.41,5000 -114.37,46.39,5000 -114.36,46.37,5000 -114.36,46.35,5000 -114.35,46.32,5000 -114.35,46.30,5000 -114.34,46.28,5000 -114.33,46.26,5000 -114.32,46.23,5000 -114.31,46.21,5000 -114.30,46.19,5000 -114.29,46.17,5000 -114.28,46.14,5000 -114.28,46.12,5000 -114.28,46.10,5000 -114.28,46.07,5000 -114.29,46.05,5000 -114.29,46.02,5000 -114.30,46.00,5000 -114.31,45.97,5000 -114.31,45.96,5000 -114.32,45.94,5000 -114.32,45.91,5000 -114.35,45.91,5000 -114.37,45.91,5000 -114.40,45.90,5000 -114.43,45.90,5000 -114.47,45.90,5000 -114.51,45.90,5000 -114.54,45.90,5000 -114.57,45.90,5000 -114.60,45.91,5000 -114.62,45.92,5000 -114.64,45.94,5000 -114.66,45.96,5000 -114.67,45.98,5000 -114.69,46.00,5000 -114.70,46.03,5000 -114.71,46.05,5000 -114.72,46.07,5000 -114.73,46.09,5000 -114.73,46.12,5000 -114.74,46.14,5000 -114.74,46.17,5000 -114.74,46.19,5000 -114.74,46.22,5000 -114.74,46.24,5000 -114.74,46.26,5000 -114.74,46.28,5000 -114.74,46.31,5000 -114.74,46.33,5000 -114.74,46.35,5000 -114.73,46.38,5000 -114.72,46.40,5000 -114.71,46.42,5000 -114.71,46.42,5000 
          </coordinates>
        </LinearRing>
      </innerBoundaryIs>
  </Polygon>
 </MultiGeometry>
</Placemark>
<Placemark>
  <name>30%</name>
  <visibility>1</visibility>
  <styleUrl>#poly_30</styleUrl>
  <MultiGeometry>
    <Polygon>
      <outerBoundaryIs>
        <LinearRing>
          <coordinates>
-113.88,48.44,4000 -113.87,48.41,4000 -113.82,48.37,4000 -113.77,48.33,4000 -113.71,48.29,4000 -113.64,48.25,4000 -113.60,48.22,4000 -113.58,48.21,4000 -113.55,48.17,4000 -113.51,48.12,4000 -113.47,48.07,4000 -113.44,48.03,4000 -113.41,47.99,4000 -113.38,47.95,4000 -113.35,47.91,4000 -113.32,47.87,4000 -113.29,47.83,4000 -113.27,47.79,4000 -113.25,47.75,4000 -113.25,47.71,4000 -113.25,47.67,4000 -113.26,47.62,4000 -113.27,47.58,4000 -113.28,47.53,4000 -113.30,47.49,4000 -113.31,47.44,4000 -113.33,47.40,4000 -113.36,47.34,4000 -113.39,47.30,4000 -113.40,47.26,4000 -113.43,47.22,4000 -113.46,47.18,4000 -113.51,47.13,4000 -113.56,47.08,4000 -113.59,47.05,4000 -113.61,47.04,4000 -113.65,47.02,4000 -113.71,46.98,4000 -113.77,46.95,4000 -113.82,46.93,4000 -113.89,46.95,4000 -113.95,47.00,4000 -113.98,47.03,4000 -114.01,47.07,4000 -114.03,47.12,4000 -114.05,47.16,4000 -114.06,47.20,4000 -114.07,47.24,4000 -114.08,47.29,4000 -114.08,47.33,4000 -114.09,47.37,4000 -114.09,47.41,4000 -114.09,47.46,4000 -114.09,47.50,4000 -114.08,47.54,4000 -114.07,47.59,4000 -114.06,47.63,4000 -114.05,47.67,4000 -114.03,47.71,4000 -114.02,47.75,4000 -114.00,47.78,4000 -113.98,47.81,4000 -113.96,47.85,4000 -113.96,47.90,4000 -113.96,47.96,4000 -113.96,48.02,4000 -113.96,48.06,4000 -113.97,48.10,4000 -113.98,48.15,4000 -113.98,48.19,4000 -113.98,48.23,4000 -113.97,48.27,4000 -113.96,48.32,4000 -113.95,48.36,4000 -113.88,48.44,4000 
          </coordinates>
        </LinearRing>
      </outerBoundaryIs>
      <innerBoundaryIs>
        <LinearRing>
          <coordinates>
-113.84,48.23,5000 -113.80,48.20,5000 -113.77,48.18,5000 -113.73,48.14,5000 -113.68,48.11,5000 -113.64,48.08,5000 -113.61,48.05,5000 -113.57,48.02,5000 -113.54,48.00,5000 -113.52,47.97,5000 -113.49,47.94,5000 -113.47,47.90,5000 -113.45,47.86,5000 -113.42,47.82,5000 -113.40,47.77,5000 -113.39,47.73,5000 -113.39,47.69,5000 -113.39,47.64,5000 -113.39,47.60,5000 -113.40,47.56,5000 -113.41,47.52,5000 -113.42,47.50,5000 -113.43,47.47,5000 -113.45,47.44,5000 -113.47,47.39,5000 -113.48,47.36,5000 -113.50,47.32,5000 -113.51,47.28,5000 -113.53,47.24,5000 -113.54,47.21,5000 -113.56,47.18,5000 -113.58,47.16,5000 -113.61,47.13,5000 -113.66,47.10,5000 -113.72,47.07,5000 -113.78,47.04,5000 -113.82,47.02,5000 -113.84,47.01,5000 -113.86,47.03,5000 -113.89,47.06,5000 -113.93,47.10,5000 -113.96,47.13,5000 -113.98,47.17,5000 -113.99,47.21,5000 -113.99,47.25,5000 -113.99,47.30,5000 -113.99,47.34,5000 -113.99,47.38,5000 -113.99,47.43,5000 -113.99,47.47,5000 -113.99,47.51,5000 -113.98,47.55,5000 -113.97,47.59,5000 -113.96,47.62,5000 -113.94,47.65,5000 -113.92,47.69,5000 -113.90,47.73,5000 -113.88,47.77,5000 -113.85,47.82,5000 -113.84,47.86,5000 -113.84,47.90,5000 -113.85,47.94,5000 -113.85,47.99,5000 -113.86,48.03,5000 -113.86,48.07,5000 -113.86,48.11,5000 -113.85,48.16,5000 -113.85,48.20,5000 -113.84,48.23,5000 
          </coordinates>
        </LinearRing>
      </innerBoundaryIs>
  </Polygon>
 </MultiGeometry>
</Placemark>
<Placemark>
  <name>30%</name>
  <visibility>1</visibility>
  <styleUrl>#poly_30</styleUrl>
  <MultiGeometry>
    <Polygon>
      <outerBoundaryIs>
        <LinearRing>
          <coordinates>
-125.35,50.61,4000 -125.24,50.65,4000 -125.12,50.69,4000 -124.99,50.72,4000 -124.86,50.74,4000 -124.73,50.76,4000 -124.54,50.79,4000 -124.38,50.81,4000 -124.18,50.84,4000 -123.97,50.87,4000 -123.77,50.89,4000 -123.61,50.91,4000 -123.39,50.94,4000 -123.23,50.95,4000 -123.09,50.94,4000 -122.94,50.93,4000 -122.78,50.90,4000 -122.64,50.87,4000 -122.49,50.83,4000 -122.35,50.79,4000 -122.23,50.75,4000 -122.07,50.69,4000 -121.96,50.62,4000 -121.85,50.55,4000 -121.76,50.46,4000 -121.71,50.37,4000 -121.66,50.27,4000 -121.63,50.17,4000 -121.62,50.06,4000 -121.61,49.95,4000 -121.59,49.86,4000 -121.52,49.75,4000 -121.41,49.68,4000 -121.25,49.66,4000 -121.08,49.63,4000 -120.96,49.54,4000 -120.86,49.43,4000 -120.81,49.35,4000 -120.76,49.26,4000 -120.72,49.19,4000 -120.66,49.13,4000 -120.60,49.06,4000 -120.55,48.97,4000 -120.51,48.87,4000 -120.48,48.78,4000 -120.51,48.69,4000 -120.55,48.59,4000 -120.55,48.50,4000 -120.55,48.40,4000 -120.55,48.31,4000 -120.57,48.18,4000 -120.60,48.07,4000 -120.64,47.99,4000 -120.70,47.91,4000 -120.80,47.82,4000 -120.90,47.73,4000 -120.97,47.65,4000 -121.04,47.60,4000 -121.16,47.60,4000 -121.28,47.63,4000 -121.35,47.68,4000 -121.41,47.77,4000 -121.46,47.85,4000 -121.51,47.95,4000 -121.54,48.06,4000 -121.52,48.17,4000 -121.49,48.28,4000 -121.51,48.39,4000 -121.61,48.47,4000 -121.75,48.54,4000 -121.89,48.61,4000 -122.00,48.67,4000 -122.07,48.75,4000 -122.08,48.81,4000 -122.09,48.89,4000 -122.07,48.97,4000 -122.00,49.05,4000 -121.89,49.15,4000 -121.76,49.24,4000 -121.62,49.33,4000 -121.52,49.41,4000 -121.53,49.49,4000 -121.61,49.53,4000 -121.70,49.52,4000 -121.83,49.48,4000 -121.93,49.43,4000 -122.05,49.38,4000 -122.18,49.33,4000 -122.32,49.31,4000 -122.47,49.29,4000 -122.62,49.29,4000 -122.77,49.30,4000 -122.92,49.31,4000 -123.06,49.33,4000 -123.23,49.37,4000 -123.37,49.41,4000 -123.47,49.43,4000 -123.57,49.45,4000 -123.67,49.49,4000 -123.79,49.55,4000 -123.89,49.60,4000 -123.96,49.66,4000 -124.02,49.72,4000 -124.10,49.76,4000 -124.29,49.85,4000 -124.40,49.91,4000 -124.55,49.98,4000 -124.72,50.06,4000 -124.90,50.14,4000 -125.06,50.23,4000 -125.21,50.30,4000 -125.31,50.36,4000 -125.45,50.48,4000 -125.41,50.55,4000 -125.35,50.61,4000 
          </coordinates>
        </LinearRing>
      </outerBoundaryIs>
      <innerBoundaryIs>
        <LinearRing>
          <coordinates>
-125.33,50.55,5000 -125.25,50.58,5000 -125.16,50.62,5000 -125.08,50.65,5000 -124.99,50.68,5000 -124.89,50.70,5000 -124.80,50.72,5000 -124.70,50.73,5000 -124.60,50.75,5000 -124.49,50.76,5000 -124.35,50.78,5000 -124.27,50.79,5000 -124.17,50.81,5000 -124.07,50.82,5000 -123.95,50.84,5000 -123.84,50.86,5000 -123.73,50.87,5000 -123.62,50.89,5000 -123.52,50.90,5000 -123.42,50.91,5000 -123.34,50.92,5000 -123.21,50.92,5000 -123.10,50.92,5000 -123.02,50.91,5000 -122.94,50.89,5000 -122.86,50.88,5000 -122.76,50.86,5000 -122.67,50.84,5000 -122.59,50.82,5000 -122.51,50.80,5000 -122.42,50.77,5000 -122.33,50.73,5000 -122.24,50.69,5000 -122.16,50.65,5000 -122.06,50.60,5000 -121.97,50.55,5000 -121.90,50.51,5000 -121.83,50.47,5000 -121.79,50.42,5000 -121.76,50.36,5000 -121.75,50.30,5000 -121.74,50.23,5000 -121.73,50.15,5000 -121.73,50.07,5000 -121.72,50.01,5000 -121.71,49.94,5000 -121.70,49.89,5000 -121.69,49.84,5000 -121.67,49.79,5000 -121.65,49.74,5000 -121.65,49.70,5000 -121.70,49.66,5000 -121.78,49.62,5000 -121.86,49.58,5000 -121.92,49.53,5000 -121.97,49.47,5000 -122.06,49.42,5000 -122.14,49.40,5000 -122.25,49.38,5000 -122.36,49.36,5000 -122.47,49.35,5000 -122.57,49.34,5000 -122.66,49.33,5000 -122.74,49.33,5000 -122.82,49.34,5000 -122.91,49.35,5000 -123.00,49.37,5000 -123.09,49.39,5000 -123.19,49.42,5000 -123.29,49.44,5000 -123.37,49.46,5000 -123.47,49.48,5000 -123.55,49.48,5000 -123.63,49.51,5000 -123.70,49.55,5000 -123.78,49.61,5000 -123.86,49.66,5000 -123.93,49.71,5000 -124.00,49.76,5000 -124.06,49.80,5000 -124.14,49.84,5000 -124.22,49.87,5000 -124.31,49.89,5000 -124.41,49.93,5000 -124.51,49.97,5000 -124.58,50.01,5000 -124.66,50.06,5000 -124.74,50.12,5000 -124.82,50.17,5000 -124.89,50.22,5000 -124.96,50.27,5000 -125.03,50.32,5000 -125.10,50.36,5000 -125.17,50.39,5000 -125.23,50.43,5000 -125.29,50.46,5000 -125.33,50.55,5000 
          </coordinates>
        </LinearRing>
      </innerBoundaryIs>
      <innerBoundaryIs>
        <LinearRing>
          <coordinates>
-121.30,49.43,5000 -121.22,49.47,5000 -121.15,49.51,5000 -121.09,49.52,5000 -121.03,49.51,5000 -120.97,49.44,5000 -120.94,49.40,5000 -120.91,49.34,5000 -120.87,49.28,5000 -120.84,49.22,5000 -120.80,49.17,5000 -120.77,49.12,5000 -120.70,49.06,5000 -120.64,49.03,5000 -120.59,48.98,5000 -120.57,48.92,5000 -120.57,48.86,5000 -120.57,48.79,5000 -120.58,48.72,5000 -120.59,48.66,5000 -120.60,48.60,5000 -120.62,48.54,5000 -120.63,48.47,5000 -120.64,48.42,5000 -120.64,48.35,5000 -120.64,48.29,5000 -120.65,48.23,5000 -120.65,48.17,5000 -120.66,48.12,5000 -120.68,48.05,5000 -120.71,48.00,5000 -120.76,47.94,5000 -120.81,47.89,5000 -120.88,47.83,5000 -120.94,47.78,5000 -121.00,47.74,5000 -121.08,47.71,5000 -121.16,47.72,5000 -121.22,47.74,5000 -121.29,47.77,5000 -121.36,47.81,5000 -121.41,47.85,5000 -121.45,47.90,5000 -121.47,47.95,5000 -121.48,48.00,5000 -121.47,48.05,5000 -121.45,48.10,5000 -121.43,48.15,5000 -121.42,48.20,5000 -121.41,48.25,5000 -121.41,48.31,5000 -121.42,48.36,5000 -121.45,48.42,5000 -121.49,48.47,5000 -121.55,48.52,5000 -121.62,48.55,5000 -121.71,48.58,5000 -121.81,48.61,5000 -121.88,48.64,5000 -121.95,48.68,5000 -121.99,48.73,5000 -122.02,48.78,5000 -122.04,48.84,5000 -122.04,48.90,5000 -122.01,48.96,5000 -121.97,49.01,5000 -121.91,49.06,5000 -121.84,49.11,5000 -121.77,49.16,5000 -121.71,49.20,5000 -121.65,49.23,5000 -121.58,49.26,5000 -121.52,49.29,5000 -121.30,49.43,5000 
          </coordinates>
        </LinearRing>
      </innerBoundaryIs>
  </Polygon>
 </MultiGeometry>
</Placemark>
<Placemark>
  <name>30%</name>
  <visibility>1</visibility>
  <styleUrl>#poly_30</styleUrl>
  <MultiGeometry>
    <Polygon>
      <outerBoundaryIs>
        <LinearRing>
          <coordinates>
-111.57,46.88,4000 -111.55,46.88,4000 -111.53,46.87,4000 -111.50,46.86,4000 -111.47,46.85,4000 -111.44,46.83,4000 -111.40,46.82,4000 -111.37,46.80,4000 -111.34,46.79,4000 -111.31,46.78,4000 -111.27,46.77,4000 -111.25,46.76,4000 -111.22,46.76,4000 -111.20,46.74,4000 -111.19,46.73,4000 -111.17,46.71,4000 -111.16,46.69,4000 -111.14,46.67,4000 -111.13,46.65,4000 -111.11,46.62,4000 -111.10,46.60,4000 -111.09,46.58,4000 -111.08,46.56,4000 -111.07,46.54,4000 -111.05,46.52,4000 -111.04,46.50,4000 -111.03,46.47,4000 -111.03,46.45,4000 -111.03,46.43,4000 -111.03,46.41,4000 -111.04,46.39,4000 -111.06,46.37,4000 -111.08,46.34,4000 -111.10,46.32,4000 -111.12,46.30,4000 -111.15,46.28,4000 -111.17,46.26,4000 -111.19,46.24,4000 -111.20,46.23,4000 -111.21,46.22,4000 -111.22,46.23,4000 -111.24,46.24,4000 -111.26,46.25,4000 -111.28,46.27,4000 -111.31,46.29,4000 -111.34,46.31,4000 -111.37,46.32,4000 -111.40,46.34,4000 -111.42,46.36,4000 -111.44,46.37,4000 -111.46,46.38,4000 -111.48,46.39,4000 -111.49,46.40,4000 -111.51,46.42,4000 -111.54,46.44,4000 -111.56,46.46,4000 -111.58,46.48,4000 -111.60,46.51,4000 -111.62,46.53,4000 -111.63,46.55,4000 -111.65,46.57,4000 -111.66,46.59,4000 -111.67,46.61,4000 -111.68,46.63,4000 -111.69,46.66,4000 -111.69,46.68,4000 -111.69,46.70,4000 -111.69,46.72,4000 -111.68,46.74,4000 -111.67,46.77,4000 -111.65,46.79,4000 -111.64,46.81,4000 -111.62,46.83,4000 -111.60,46.86,4000 -111.58,46.88,4000 -111.57,46.88,4000 
          </coordinates>
        </LinearRing>
      </outerBoundaryIs>
      <innerBoundaryIs>
        <LinearRing>
          <coordinates>
-111.55,46.77,5000 -111.53,46.76,5000 -111.51,46.76,5000 -111.50,46.75,5000 -111.48,46.74,5000 -111.46,46.74,5000 -111.44,46.73,5000 -111.42,46.72,5000 -111.40,46.71,5000 -111.38,46.70,5000 -111.37,46.70,5000 -111.35,46.69,5000 -111.33,46.68,5000 -111.31,46.67,5000 -111.29,46.66,5000 -111.28,46.65,5000 -111.26,46.64,5000 -111.25,46.63,5000 -111.23,46.62,5000 -111.22,46.60,5000 -111.21,46.59,5000 -111.20,46.57,5000 -111.19,46.56,5000 -111.19,46.54,5000 -111.18,46.53,5000 -111.18,46.51,5000 -111.17,46.49,5000 -111.17,46.48,5000 -111.16,46.46,5000 -111.16,46.44,5000 -111.16,46.43,5000 -111.16,46.41,5000 -111.16,46.40,5000 -111.17,46.38,5000 -111.17,46.36,5000 -111.19,46.35,5000 -111.20,46.34,5000 -111.22,46.33,5000 -111.23,46.33,5000 -111.24,46.33,5000 -111.26,46.34,5000 -111.27,46.35,5000 -111.28,46.36,5000 -111.30,46.38,5000 -111.32,46.39,5000 -111.33,46.40,5000 -111.35,46.41,5000 -111.37,46.42,5000 -111.39,46.43,5000 -111.40,46.45,5000 -111.42,46.46,5000 -111.44,46.47,5000 -111.46,46.48,5000 -111.48,46.49,5000 -111.49,46.50,5000 -111.50,46.51,5000 -111.52,46.52,5000 -111.52,46.52,5000 -111.53,46.54,5000 -111.53,46.55,5000 -111.54,46.56,5000 -111.55,46.57,5000 -111.55,46.59,5000 -111.56,46.60,5000 -111.56,46.62,5000 -111.57,46.64,5000 -111.58,46.65,5000 -111.59,46.67,5000 -111.59,46.69,5000 -111.60,46.71,5000 -111.55,46.77,5000 
          </coordinates>
        </LinearRing>
      </innerBoundaryIs>
  </Polygon>
 </MultiGeometry>
</Placemark>
<Placemark>
  <name>30%</name>
  <visibility>1</visibility>
  <styleUrl>#poly_30</styleUrl>
  <MultiGeometry>
    <Polygon>
      <outerBoundaryIs>
        <LinearRing>
          <coordinates>
-110.48,46.30,4000 -110.48,46.31,4000 -110.46,46.29,4000 -110.46,46.28,4000 -110.45,46.28,4000 -110.44,46.27,4000 -110.43,46.26,4000 -110.43,46.25,4000 -110.42,46.24,4000 -110.41,46.23,4000 -110.40,46.22,4000 -110.39,46.21,4000 -110.38,46.20,4000 -110.37,46.19,4000 -110.36,46.18,4000 -110.36,46.17,4000 -110.35,46.16,4000 -110.35,46.15,4000 -110.34,46.14,4000 -110.34,46.13,4000 -110.34,46.12,4000 -110.34,46.11,4000 -110.34,46.10,4000 -110.35,46.08,4000 -110.36,46.07,4000 -110.36,46.06,4000 -110.37,46.05,4000 -110.38,46.04,4000 -110.39,46.03,4000 -110.40,46.02,4000 -110.41,46.02,4000 -110.42,46.01,4000 -110.43,46.01,4000 -110.44,46.01,4000 -110.45,46.01,4000 -110.46,46.01,4000 -110.48,46.02,4000 -110.49,46.02,4000 -110.50,46.03,4000 -110.52,46.04,4000 -110.53,46.05,4000 -110.55,46.05,4000 -110.56,46.06,4000 -110.57,46.07,4000 -110.58,46.08,4000 -110.59,46.09,4000 -110.60,46.10,4000 -110.60,46.11,4000 -110.60,46.12,4000 -110.60,46.13,4000 -110.60,46.14,4000 -110.60,46.14,4000 -110.60,46.15,4000 -110.59,46.16,4000 -110.59,46.17,4000 -110.58,46.18,4000 -110.58,46.19,4000 -110.57,46.20,4000 -110.56,46.21,4000 -110.55,46.23,4000 -110.55,46.24,4000 -110.54,46.25,4000 -110.53,46.26,4000 -110.52,46.27,4000 -110.51,46.28,4000 -110.48,46.30,4000 
          </coordinates>
        </LinearRing>
      </outerBoundaryIs>
  </Polygon>
 </MultiGeometry>
</Placemark>
<Placemark>
  <name>40%</name>
  <visibility>1</visibility>
  <styleUrl>#poly_40</styleUrl>
  <MultiGeometry>
    <Polygon>
      <outerBoundaryIs>
        <LinearRing>
          <coordinates>
-124.57,49.12,5000 -124.57,49.12,5000 -124.56,49.12,5000 -124.55,49.12,5000 -124.52,49.12,5000 -124.51,49.12,5000 -124.50,49.12,5000 -124.49,49.12,5000 -124.48,49.12,5000 -124.46,49.12,5000 -124.45,49.12,5000 -124.44,49.12,5000 -124.42,49.12,5000 -124.41,49.12,5000 -124.39,49.11,5000 -124.38,49.11,5000 -124.36,49.11,5000 -124.35,49.11,5000 -124.34,49.11,5000 -124.32,49.11,5000 -124.31,49.10,5000 -124.30,49.10,5000 -124.29,49.10,5000 -124.28,49.09,5000 -124.27,49.09,5000 -124.26,49.08,5000 -124.25,49.07,5000 -124.24,49.07,5000 -124.23,49.06,5000 -124.22,49.05,5000 -124.21,49.04,5000 -124.20,49.04,5000 -124.20,49.03,5000 -124.19,49.02,5000 -124.19,49.01,5000 -124.18,49.01,5000 -124.18,49.00,5000 -124.18,48.99,5000 -124.18,48.98,5000 -124.18,48.97,5000 -124.18,48.96,5000 -124.18,48.96,5000 -124.18,48.95,5000 -124.18,48.94,5000 -124.18,48.93,5000 -124.19,48.92,5000 -124.19,48.91,5000 -124.20,48.90,5000 -124.21,48.90,5000 -124.22,48.89,5000 -124.23,48.89,5000 -124.24,48.89,5000 -124.25,48.89,5000 -124.26,48.89,5000 -124.27,48.89,5000 -124.28,48.89,5000 -124.29,48.89,5000 -124.31,48.89,5000 -124.32,48.89,5000 -124.34,48.90,5000 -124.35,48.90,5000 -124.36,48.90,5000 -124.38,48.90,5000 -124.39,48.91,5000 -124.41,48.91,5000 -124.42,48.91,5000 -124.44,48.92,5000 -124.45,48.92,5000 -124.46,48.92,5000 -124.47,48.92,5000 -124.48,48.93,5000 -124.49,48.93,5000 -124.50,48.93,5000 -124.52,48.93,5000 -124.54,48.93,5000 -124.54,48.93,5000 -124.54,48.94,5000 -124.55,48.95,5000 -124.55,48.96,5000 -124.55,48.96,5000 -124.56,48.97,5000 -124.56,48.97,5000 -124.56,48.98,5000 -124.56,48.99,5000 -124.56,49.00,5000 -124.56,49.00,5000 -124.57,49.01,5000 -124.57,49.02,5000 -124.57,49.03,5000 -124.57,49.04,5000 -124.57,49.05,5000 -124.57,49.06,5000 -124.57,49.07,5000 -124.58,49.08,5000 -124.58,49.09,5000 -124.58,49.10,5000 -124.58,49.11,5000 -124.57,49.12,5000 
          </coordinates>
        </LinearRing>
      </outerBoundaryIs>
  </Polygon>
 </MultiGeometry>
</Placemark>
<Placemark>
  <name>40%</name>
  <visibility>1</visibility>
  <styleUrl>#poly_40</styleUrl>
  <MultiGeometry>
    <Polygon>
      <outerBoundaryIs>
        <LinearRing>
          <coordinates>
-127.35,50.31,5000 -127.28,50.33,5000 -127.21,50.34,5000 -127.14,50.35,5000 -127.07,50.37,5000 -127.00,50.38,5000 -126.93,50.40,5000 -126.86,50.41,5000 -126.79,50.42,5000 -126.72,50.44,5000 -126.64,50.45,5000 -126.57,50.47,5000 -126.50,50.48,5000 -126.43,50.49,5000 -126.36,50.49,5000 -126.28,50.49,5000 -126.19,50.49,5000 -126.11,50.48,5000 -126.03,50.47,5000 -125.96,50.45,5000 -125.89,50.44,5000 -125.82,50.42,5000 -125.76,50.40,5000 -125.70,50.38,5000 -125.66,50.35,5000 -125.61,50.31,5000 -125.58,50.27,5000 -125.56,50.23,5000 -125.53,50.18,5000 -125.51,50.13,5000 -125.49,50.08,5000 -125.47,50.04,5000 -125.45,50.00,5000 -125.42,49.95,5000 -125.38,49.92,5000 -125.35,49.89,5000 -125.30,49.85,5000 -125.26,49.82,5000 -125.21,49.78,5000 -125.15,49.74,5000 -125.10,49.70,5000 -125.04,49.66,5000 -125.00,49.62,5000 -124.96,49.58,5000 -124.91,49.54,5000 -124.88,49.50,5000 -124.85,49.46,5000 -124.84,49.42,5000 -124.84,49.37,5000 -124.85,49.32,5000 -124.88,49.28,5000 -124.91,49.24,5000 -124.96,49.20,5000 -125.01,49.16,5000 -125.08,49.13,5000 -125.14,49.11,5000 -125.20,49.10,5000 -125.26,49.09,5000 -125.33,49.09,5000 -125.40,49.10,5000 -125.47,49.12,5000 -125.55,49.14,5000 -125.62,49.17,5000 -125.68,49.19,5000 -125.74,49.22,5000 -125.81,49.24,5000 -125.87,49.27,5000 -125.93,49.30,5000 -125.99,49.33,5000 -126.05,49.35,5000 -126.12,49.38,5000 -126.18,49.41,5000 -126.24,49.44,5000 -126.29,49.47,5000 -126.35,49.51,5000 -126.40,49.56,5000 -126.46,49.60,5000 -126.51,49.64,5000 -126.56,49.67,5000 -126.62,49.70,5000 -126.67,49.72,5000 -126.73,49.75,5000 -126.78,49.77,5000 -126.83,49.79,5000 -126.89,49.82,5000 -126.95,49.86,5000 -127.01,49.90,5000 -127.07,49.93,5000 -127.13,49.96,5000 -127.18,50.00,5000 -127.23,50.03,5000 -127.29,50.06,5000 -127.35,50.09,5000 -127.40,50.12,5000 -127.46,50.15,5000 -127.52,50.18,5000 -127.35,50.31,5000 
          </coordinates>
        </LinearRing>
      </outerBoundaryIs>
      <innerBoundaryIs>
        <LinearRing>
          <coordinates>
-127.33,50.26,6000 -127.26,50.28,6000 -127.19,50.30,6000 -127.13,50.31,6000 -127.06,50.33,6000 -126.99,50.35,6000 -126.92,50.37,6000 -126.85,50.38,6000 -126.78,50.39,6000 -126.71,50.41,6000 -126.63,50.42,6000 -126.56,50.44,6000 -126.48,50.45,6000 -126.42,50.45,6000 -126.35,50.46,6000 -126.26,50.46,6000 -126.18,50.46,6000 -126.11,50.45,6000 -126.04,50.44,6000 -125.97,50.43,6000 -125.90,50.41,6000 -125.84,50.39,6000 -125.78,50.37,6000 -125.73,50.34,6000 -125.68,50.30,6000 -125.65,50.26,6000 -125.62,50.22,6000 -125.60,50.17,6000 -125.58,50.12,6000 -125.56,50.07,6000 -125.53,50.03,6000 -125.51,49.99,6000 -125.48,49.95,6000 -125.45,49.91,6000 -125.41,49.88,6000 -125.38,49.85,6000 -125.33,49.81,6000 -125.29,49.78,6000 -125.24,49.74,6000 -125.19,49.70,6000 -125.13,49.66,6000 -125.08,49.63,6000 -125.04,49.59,6000 -125.00,49.56,6000 -124.95,49.52,6000 -124.92,49.48,6000 -124.90,49.45,6000 -124.90,49.41,6000 -124.90,49.37,6000 -124.92,49.33,6000 -124.94,49.29,6000 -124.97,49.25,6000 -125.01,49.22,6000 -125.06,49.19,6000 -125.13,49.17,6000 -125.21,49.15,6000 -125.28,49.13,6000 -125.35,49.13,6000 -125.41,49.14,6000 -125.47,49.15,6000 -125.52,49.17,6000 -125.58,49.20,6000 -125.64,49.22,6000 -125.70,49.24,6000 -125.76,49.27,6000 -125.83,49.30,6000 -125.89,49.32,6000 -125.95,49.35,6000 -126.01,49.38,6000 -126.08,49.40,6000 -126.14,49.43,6000 -126.20,49.46,6000 -126.26,49.49,6000 -126.31,49.52,6000 -126.36,49.56,6000 -126.41,49.60,6000 -126.45,49.64,6000 -126.50,49.67,6000 -126.55,49.70,6000 -126.60,49.73,6000 -126.66,49.75,6000 -126.71,49.77,6000 -126.76,49.80,6000 -126.81,49.82,6000 -126.86,49.85,6000 -126.92,49.87,6000 -126.97,49.90,6000 -127.02,49.93,6000 -127.06,49.96,6000 -127.11,50.00,6000 -127.15,50.03,6000 -127.19,50.07,6000 -127.24,50.11,6000 -127.28,50.15,6000 -127.33,50.26,6000 
          </coordinates>
        </LinearRing>
      </innerBoundaryIs>
  </Polygon>
 </MultiGeometry>
</Placemark>
<Placemark>
  <name>40%</name>
  <visibility>1</visibility>
  <styleUrl>#poly_40</styleUrl>
  <MultiGeometry>
    <Polygon>
      <outerBoundaryIs>
        <LinearRing>
          <coordinates>
-82.90,37.10,5000 -82.88,37.11,5000 -82.85,37.11,5000 -82.83,37.12,5000 -82.81,37.12,5000 -82.78,37.13,5000 -82.76,37.13,5000 -82.74,37.13,5000 -82.72,37.14,5000 -82.69,37.14,5000 -82.67,37.14,5000 -82.65,37.14,5000 -82.62,37.14,5000 -82.60,37.14,5000 -82.58,37.14,5000 -82.56,37.14,5000 -82.54,37.14,5000 -82.51,37.13,5000 -82.49,37.13,5000 -82.47,37.13,5000 -82.45,37.12,5000 -82.43,37.11,5000 -82.40,37.11,5000 -82.38,37.10,5000 -82.35,37.09,5000 -82.33,37.08,5000 -82.31,37.07,5000 -82.29,37.06,5000 -82.27,37.05,5000 -82.26,37.04,5000 -82.26,37.03,5000 -82.27,37.02,5000 -82.28,37.01,5000 -82.30,37.00,5000 -82.32,36.99,5000 -82.35,36.98,5000 -82.37,36.97,5000 -82.40,36.97,5000 -82.43,36.96,5000 -82.45,36.95,5000 -82.47,36.94,5000 -82.49,36.93,5000 -82.51,36.91,5000 -82.53,36.90,5000 -82.55,36.89,5000 -82.56,36.88,5000 -82.58,36.87,5000 -82.60,36.86,5000 -82.62,36.86,5000 -82.63,36.86,5000 -82.65,36.86,5000 -82.67,36.86,5000 -82.70,36.86,5000 -82.72,36.86,5000 -82.74,36.86,5000 -82.76,36.86,5000 -82.78,36.86,5000 -82.81,36.86,5000 -82.83,36.86,5000 -82.86,36.86,5000 -82.88,36.86,5000 -82.90,36.86,5000 -82.92,36.86,5000 -82.95,36.86,5000 -82.97,36.87,5000 -83.00,36.87,5000 -83.02,36.88,5000 -83.04,36.89,5000 -83.05,36.90,5000 -83.06,36.91,5000 -83.06,36.92,5000 -83.06,36.94,5000 -83.05,36.95,5000 -83.04,36.97,5000 -83.03,36.98,5000 -83.02,37.00,5000 -83.00,37.02,5000 -82.98,37.04,5000 -82.97,37.06,5000 -82.95,37.08,5000 -82.90,37.10,5000 
          </coordinates>
        </LinearRing>
      </outerBoundaryIs>
  </Polygon>
 </MultiGeometry>
</Placemark>
<Placemark>
  <name>40%</name>
  <visibility>1</visibility>
  <styleUrl>#poly_40</styleUrl>
  <MultiGeometry>
    <Polygon>
      <outerBoundaryIs>
        <LinearRing>
          <coordinates>
-125.33,50.55,5000 -125.25,50.58,5000 -125.16,50.62,5000 -125.08,50.65,5000 -124.99,50.68,5000 -124.89,50.70,5000 -124.80,50.72,5000 -124.70,50.73,5000 -124.60,50.75,5000 -124.49,50.76,5000 -124.35,50.78,5000 -124.27,50.79,5000 -124.17,50.81,5000 -124.07,50.82,5000 -123.95,50.84,5000 -123.84,50.86,5000 -123.73,50.87,5000 -123.62,50.89,5000 -123.52,50.90,5000 -123.42,50.91,5000 -123.34,50.92,5000 -123.21,50.92,5000 -123.10,50.92,5000 -123.02,50.91,5000 -122.94,50.89,5000 -122.86,50.88,5000 -122.76,50.86,5000 -122.67,50.84,5000 -122.59,50.82,5000 -122.51,50.80,5000 -122.42,50.77,5000 -122.33,50.73,5000 -122.24,50.69,5000 -122.16,50.65,5000 -122.06,50.60,5000 -121.97,50.55,5000 -121.90,50.51,5000 -121.83,50.47,5000 -121.79,50.42,5000 -121.76,50.36,5000 -121.75,50.30,5000 -121.74,50.23,5000 -121.73,50.15,5000 -121.73,50.07,5000 -121.72,50.01,5000 -121.71,49.94,5000 -121.70,49.89,5000 -121.69,49.84,5000 -121.67,49.79,5000 -121.65,49.74,5000 -121.65,49.70,5000 -121.70,49.66,5000 -121.78,49.62,5000 -121.86,49.58,5000 -121.92,49.53,5000 -121.97,49.47,5000 -122.06,49.42,5000 -122.14,49.40,5000 -122.25,49.38,5000 -122.36,49.36,5000 -122.47,49.35,5000 -122.57,49.34,5000 -122.66,49.33,5000 -122.74,49.33,5000 -122.82,49.34,5000 -122.91,49.35,5000 -123.00,49.37,5000 -123.09,49.39,5000 -123.19,49.42,5000 -123.29,49.44,5000 -123.37,49.46,5000 -123.47,49.48,5000 -123.55,49.48,5000 -123.63,49.51,5000 -123.70,49.55,5000 -123.78,49.61,5000 -123.86,49.66,5000 -123.93,49.71,5000 -124.00,49.76,5000 -124.06,49.80,5000 -124.14,49.84,5000 -124.22,49.87,5000 -124.31,49.89,5000 -124.41,49.93,5000 -124.51,49.97,5000 -124.58,50.01,5000 -124.66,50.06,5000 -124.74,50.12,5000 -124.82,50.17,5000 -124.89,50.22,5000 -124.96,50.27,5000 -125.03,50.32,5000 -125.10,50.36,5000 -125.17,50.39,5000 -125.23,50.43,5000 -125.29,50.46,5000 -125.33,50.55,5000 
          </coordinates>
        </LinearRing>
      </outerBoundaryIs>
      <innerBoundaryIs>
        <LinearRing>
          <coordinates>
-125.09,50.63,6000 -125.00,50.65,6000 -124.90,50.66,6000 -124.81,50.68,6000 -124.72,50.69,6000 -124.62,50.71,6000 -124.53,50.72,6000 -124.43,50.74,6000 -124.34,50.75,6000 -124.24,50.76,6000 -124.14,50.78,6000 -124.04,50.79,6000 -123.94,50.81,6000 -123.84,50.82,6000 -123.75,50.83,6000 -123.67,50.84,6000 -123.59,50.85,6000 -123.47,50.86,6000 -123.38,50.87,6000 -123.31,50.88,6000 -123.23,50.88,6000 -123.13,50.88,6000 -123.04,50.88,6000 -122.93,50.86,6000 -122.85,50.85,6000 -122.77,50.83,6000 -122.69,50.81,6000 -122.60,50.78,6000 -122.50,50.75,6000 -122.42,50.72,6000 -122.34,50.69,6000 -122.25,50.65,6000 -122.17,50.61,6000 -122.08,50.56,6000 -122.01,50.52,6000 -121.95,50.48,6000 -121.89,50.42,6000 -121.84,50.36,6000 -121.81,50.30,6000 -121.79,50.23,6000 -121.77,50.17,6000 -121.76,50.11,6000 -121.77,50.05,6000 -121.77,49.99,6000 -121.78,49.93,6000 -121.80,49.88,6000 -121.81,49.83,6000 -121.83,49.76,6000 -121.86,49.71,6000 -121.90,49.66,6000 -121.94,49.61,6000 -121.98,49.57,6000 -122.03,49.52,6000 -122.10,49.48,6000 -122.18,49.45,6000 -122.27,49.43,6000 -122.37,49.41,6000 -122.48,49.39,6000 -122.58,49.38,6000 -122.66,49.38,6000 -122.75,49.38,6000 -122.84,49.38,6000 -122.93,49.39,6000 -123.02,49.41,6000 -123.11,49.42,6000 -123.21,49.44,6000 -123.30,49.45,6000 -123.41,49.47,6000 -123.50,49.50,6000 -123.60,49.53,6000 -123.68,49.56,6000 -123.75,49.60,6000 -123.81,49.65,6000 -123.87,49.71,6000 -123.93,49.76,6000 -123.98,49.81,6000 -124.04,49.85,6000 -124.12,49.88,6000 -124.19,49.91,6000 -124.27,49.92,6000 -124.35,49.95,6000 -124.43,49.98,6000 -124.50,50.02,6000 -124.58,50.07,6000 -124.66,50.12,6000 -124.73,50.18,6000 -124.80,50.22,6000 -124.86,50.26,6000 -124.94,50.30,6000 -124.99,50.31,6000 -125.04,50.34,6000 -125.09,50.38,6000 -125.14,50.42,6000 -125.20,50.48,6000 -125.25,50.53,6000 -125.09,50.63,6000 
          </coordinates>
        </LinearRing>
      </innerBoundaryIs>
  </Polygon>
 </MultiGeometry>
</Placemark>
<Placemark>
  <name>40%</name>
  <visibility>1</visibility>
  <styleUrl>#poly_40</styleUrl>
  <MultiGeometry>
    <Polygon>
      <outerBoundaryIs>
        <LinearRing>
          <coordinates>
-113.84,48.23,5000 -113.80,48.20,5000 -113.77,48.18,5000 -113.73,48.14,5000 -113.68,48.11,5000 -113.64,48.08,5000 -113.61,48.05,5000 -113.57,48.02,5000 -113.54,48.00,5000 -113.52,47.97,5000 -113.49,47.94,5000 -113.47,47.90,5000 -113.45,47.86,5000 -113.42,47.82,5000 -113.40,47.77,5000 -113.39,47.73,5000 -113.39,47.69,5000 -113.39,47.64,5000 -113.39,47.60,5000 -113.40,47.56,5000 -113.41,47.52,5000 -113.42,47.50,5000 -113.43,47.47,5000 -113.45,47.44,5000 -113.47,47.39,5000 -113.48,47.36,5000 -113.50,47.32,5000 -113.51,47.28,5000 -113.53,47.24,5000 -113.54,47.21,5000 -113.56,47.18,5000 -113.58,47.16,5000 -113.61,47.13,5000 -113.66,47.10,5000 -113.72,47.07,5000 -113.78,47.04,5000 -113.82,47.02,5000 -113.84,47.01,5000 -113.86,47.03,5000 -113.89,47.06,5000 -113.93,47.10,5000 -113.96,47.13,5000 -113.98,47.17,5000 -113.99,47.21,5000 -113.99,47.25,5000 -113.99,47.30,5000 -113.99,47.34,5000 -113.99,47.38,5000 -113.99,47.43,5000 -113.99,47.47,5000 -113.99,47.51,5000 -113.98,47.55,5000 -113.97,47.59,5000 -113.96,47.62,5000 -113.94,47.65,5000 -113.92,47.69,5000 -113.90,47.73,5000 -113.88,47.77,5000 -113.85,47.82,5000 -113.84,47.86,5000 -113.84,47.90,5000 -113.85,47.94,5000 -113.85,47.99,5000 -113.86,48.03,5000 -113.86,48.07,5000 -113.86,48.11,5000 -113.85,48.16,5000 -113.85,48.20,5000 -113.84,48.23,5000 
          </coordinates>
        </LinearRing>
      </outerBoundaryIs>
      <innerBoundaryIs>
        <LinearRing>
          <coordinates>
-113.91,47.36,6000 -113.89,47.37,6000 -113.88,47.37,6000 -113.86,47.38,6000 -113.84,47.38,6000 -113.82,47.39,6000 -113.81,47.39,6000 -113.79,47.39,6000 -113.78,47.40,6000 -113.76,47.40,6000 -113.75,47.41,6000 -113.73,47.41,6000 -113.72,47.41,6000 -113.71,47.41,6000 -113.70,47.42,6000 -113.69,47.42,6000 -113.68,47.42,6000 -113.67,47.42,6000 -113.65,47.42,6000 -113.65,47.41,6000 -113.65,47.39,6000 -113.65,47.38,6000 -113.65,47.37,6000 -113.65,47.36,6000 -113.65,47.36,6000 -113.65,47.34,6000 -113.65,47.33,6000 -113.65,47.33,6000 -113.66,47.32,6000 -113.66,47.31,6000 -113.66,47.29,6000 -113.66,47.28,6000 -113.66,47.27,6000 -113.67,47.26,6000 -113.67,47.25,6000 -113.68,47.24,6000 -113.68,47.23,6000 -113.69,47.22,6000 -113.69,47.21,6000 -113.70,47.20,6000 -113.71,47.19,6000 -113.72,47.18,6000 -113.74,47.18,6000 -113.75,47.17,6000 -113.76,47.16,6000 -113.78,47.16,6000 -113.80,47.15,6000 -113.81,47.15,6000 -113.83,47.15,6000 -113.84,47.14,6000 -113.85,47.14,6000 -113.86,47.14,6000 -113.88,47.14,6000 -113.89,47.14,6000 -113.89,47.15,6000 -113.90,47.16,6000 -113.90,47.18,6000 -113.90,47.19,6000 -113.90,47.19,6000 -113.90,47.20,6000 -113.90,47.21,6000 -113.91,47.22,6000 -113.91,47.23,6000 -113.91,47.24,6000 -113.91,47.25,6000 -113.91,47.26,6000 -113.91,47.27,6000 -113.91,47.28,6000 -113.91,47.29,6000 -113.91,47.30,6000 -113.91,47.31,6000 -113.91,47.33,6000 -113.91,47.34,6000 -113.91,47.35,6000 -113.91,47.36,6000 
          </coordinates>
        </LinearRing>
      </innerBoundaryIs>
  </Polygon>
 </MultiGeometry>
</Placemark>
<Placemark>
  <name>40%</name>
  <visibility>1</visibility>
  <styleUrl>#poly_40</styleUrl>
  <MultiGeometry>
    <Polygon>
      <outerBoundaryIs>
        <LinearRing>
          <coordinates>
-83.74,35.53,5000 -83.73,35.54,5000 -83.72,35.55,5000 -83.71,35.56,5000 -83.70,35.56,5000 -83.69,35.57,5000 -83.68,35.58,5000 -83.67,35.59,5000 -83.66,35.60,5000 -83.65,35.60,5000 -83.65,35.61,5000 -83.64,35.62,5000 -83.63,35.62,5000 -83.62,35.63,5000 -83.61,35.64,5000 -83.60,35.64,5000 -83.59,35.65,5000 -83.58,35.65,5000 -83.57,35.66,5000 -83.57,35.66,5000 -83.56,35.67,5000 -83.55,35.67,5000 -83.54,35.67,5000 -83.53,35.68,5000 -83.53,35.68,5000 -83.52,35.68,5000 -83.51,35.68,5000 -83.51,35.68,5000 -83.50,35.68,5000 -83.49,35.68,5000 -83.48,35.68,5000 -83.48,35.67,5000 -83.47,35.67,5000 -83.46,35.66,5000 -83.46,35.65,5000 -83.45,35.65,5000 -83.44,35.64,5000 -83.43,35.63,5000 -83.43,35.62,5000 -83.42,35.61,5000 -83.42,35.60,5000 -83.41,35.59,5000 -83.41,35.58,5000 -83.40,35.57,5000 -83.40,35.56,5000 -83.39,35.55,5000 -83.39,35.54,5000 -83.39,35.53,5000 -83.38,35.52,5000 -83.38,35.51,5000 -83.38,35.50,5000 -83.38,35.50,5000 -83.38,35.49,5000 -83.38,35.48,5000 -83.39,35.47,5000 -83.39,35.47,5000 -83.40,35.46,5000 -83.41,35.46,5000 -83.42,35.45,5000 -83.43,35.45,5000 -83.44,35.45,5000 -83.45,35.45,5000 -83.47,35.44,5000 -83.48,35.44,5000 -83.49,35.44,5000 -83.51,35.44,5000 -83.52,35.44,5000 -83.53,35.44,5000 -83.54,35.44,5000 -83.55,35.44,5000 -83.56,35.44,5000 -83.57,35.44,5000 -83.58,35.44,5000 -83.60,35.45,5000 -83.61,35.45,5000 -83.62,35.45,5000 -83.63,35.45,5000 -83.64,35.46,5000 -83.66,35.46,5000 -83.67,35.46,5000 -83.68,35.46,5000 -83.69,35.47,5000 -83.70,35.47,5000 -83.71,35.47,5000 -83.72,35.47,5000 -83.73,35.48,5000 -83.73,35.48,5000 -83.74,35.48,5000 -83.76,35.49,5000 -83.76,35.50,5000 -83.76,35.50,5000 -83.76,35.51,5000 -83.75,35.52,5000 -83.74,35.53,5000 
          </coordinates>
        </LinearRing>
      </outerBoundaryIs>
  </Polygon>
 </MultiGeometry>
</Placemark>
<Placemark>
  <name>40%</name>
  <visibility>1</visibility>
  <styleUrl>#poly_40</styleUrl>
  <MultiGeometry>
    <Polygon>
      <outerBoundaryIs>
        <LinearRing>
          <coordinates>
-111.07,45.44,5000 -111.02,45.41,5000 -110.97,45.39,5000 -110.91,45.37,5000 -110.85,45.36,5000 -110.78,45.36,5000 -110.71,45.37,5000 -110.64,45.38,5000 -110.57,45.39,5000 -110.50,45.40,5000 -110.43,45.42,5000 -110.37,45.44,5000 -110.30,45.44,5000 -110.23,45.43,5000 -110.16,45.41,5000 -110.09,45.38,5000 -110.03,45.35,5000 -109.97,45.32,5000 -109.91,45.28,5000 -109.85,45.24,5000 -109.81,45.20,5000 -109.77,45.16,5000 -109.75,45.13,5000 -109.73,45.08,5000 -109.72,45.04,5000 -109.72,44.98,5000 -109.72,44.92,5000 -109.72,44.86,5000 -109.73,44.80,5000 -109.74,44.75,5000 -109.77,44.70,5000 -109.79,44.65,5000 -109.82,44.60,5000 -109.84,44.54,5000 -109.86,44.49,5000 -109.87,44.45,5000 -109.87,44.40,5000 -109.86,44.35,5000 -109.84,44.30,5000 -109.82,44.26,5000 -109.81,44.21,5000 -109.80,44.15,5000 -109.79,44.09,5000 -109.79,44.03,5000 -109.80,43.97,5000 -109.82,43.93,5000 -109.88,43.89,5000 -109.97,43.87,5000 -110.06,43.87,5000 -110.13,43.91,5000 -110.15,43.94,5000 -110.17,43.99,5000 -110.18,44.04,5000 -110.19,44.11,5000 -110.20,44.17,5000 -110.21,44.24,5000 -110.23,44.30,5000 -110.24,44.36,5000 -110.26,44.41,5000 -110.29,44.47,5000 -110.32,44.52,5000 -110.35,44.57,5000 -110.39,44.62,5000 -110.43,44.67,5000 -110.47,44.71,5000 -110.51,44.74,5000 -110.57,44.78,5000 -110.63,44.81,5000 -110.69,44.83,5000 -110.76,44.85,5000 -110.83,44.86,5000 -110.90,44.86,5000 -110.98,44.85,5000 -111.06,44.83,5000 -111.14,44.83,5000 -111.21,44.83,5000 -111.28,44.85,5000 -111.35,44.88,5000 -111.42,44.91,5000 -111.47,44.95,5000 -111.49,45.00,5000 -111.49,45.04,5000 -111.47,45.09,5000 -111.44,45.14,5000 -111.39,45.19,5000 -111.34,45.24,5000 -111.29,45.30,5000 -111.07,45.44,5000 
          </coordinates>
        </LinearRing>
      </outerBoundaryIs>
      <innerBoundaryIs>
        <LinearRing>
          <coordinates>
-111.05,45.32,6000 -111.04,45.31,6000 -111.03,45.30,6000 -111.01,45.29,6000 -111.00,45.29,6000 -110.99,45.28,6000 -110.98,45.27,6000 -110.98,45.26,6000 -110.97,45.25,6000 -110.96,45.23,6000 -110.96,45.22,6000 -110.96,45.21,6000 -110.96,45.20,6000 -110.96,45.19,6000 -110.96,45.17,6000 -110.96,45.16,6000 -110.97,45.14,6000 -110.97,45.13,6000 -110.97,45.12,6000 -110.98,45.10,6000 -110.98,45.09,6000 -110.98,45.08,6000 -110.99,45.07,6000 -110.99,45.06,6000 -110.99,45.05,6000 -110.98,45.03,6000 -111.00,45.03,6000 -111.01,45.03,6000 -111.02,45.03,6000 -111.04,45.02,6000 -111.05,45.02,6000 -111.07,45.02,6000 -111.09,45.01,6000 -111.11,45.01,6000 -111.13,45.01,6000 -111.15,45.00,6000 -111.17,45.00,6000 -111.18,45.00,6000 -111.20,44.99,6000 -111.22,44.99,6000 -111.23,44.99,6000 -111.24,44.99,6000 -111.27,44.99,6000 -111.28,45.00,6000 -111.29,45.01,6000 -111.29,45.02,6000 -111.29,45.03,6000 -111.29,45.04,6000 -111.28,45.05,6000 -111.28,45.06,6000 -111.27,45.08,6000 -111.26,45.09,6000 -111.25,45.10,6000 -111.25,45.11,6000 -111.24,45.12,6000 -111.23,45.13,6000 -111.22,45.14,6000 -111.21,45.15,6000 -111.20,45.16,6000 -111.19,45.17,6000 -111.18,45.18,6000 -111.17,45.19,6000 -111.16,45.20,6000 -111.05,45.32,6000 
          </coordinates>
        </LinearRing>
      </innerBoundaryIs>
      <innerBoundaryIs>
        <LinearRing>
          <coordinates>
-110.56,45.29,6000 -110.50,45.33,6000 -110.45,45.36,6000 -110.39,45.39,6000 -110.33,45.40,6000 -110.26,45.39,6000 -110.19,45.37,6000 -110.12,45.34,6000 -110.07,45.32,6000 -110.03,45.29,6000 -110.00,45.27,6000 -109.95,45.24,6000 -109.90,45.21,6000 -109.85,45.17,6000 -109.82,45.14,6000 -109.80,45.10,6000 -109.79,45.06,6000 -109.79,45.01,6000 -109.79,44.97,6000 -109.79,44.93,6000 -109.80,44.88,6000 -109.81,44.83,6000 -109.82,44.79,6000 -109.83,44.75,6000 -109.84,44.70,6000 -109.85,44.66,6000 -109.86,44.62,6000 -109.88,44.58,6000 -109.89,44.54,6000 -109.91,44.50,6000 -109.94,44.47,6000 -109.99,44.45,6000 -110.05,44.45,6000 -110.08,44.43,6000 -110.06,44.40,6000 -110.00,44.36,6000 -109.95,44.33,6000 -109.91,44.30,6000 -109.91,44.27,6000 -109.90,44.24,6000 -109.88,44.19,6000 -109.86,44.14,6000 -109.85,44.10,6000 -109.84,44.04,6000 -109.87,44.01,6000 -109.92,44.01,6000 -109.99,44.03,6000 -110.06,44.05,6000 -110.10,44.08,6000 -110.09,44.12,6000 -110.05,44.17,6000 -110.01,44.22,6000 -110.00,44.26,6000 -110.04,44.28,6000 -110.11,44.29,6000 -110.16,44.30,6000 -110.18,44.33,6000 -110.18,44.37,6000 -110.19,44.42,6000 -110.21,44.46,6000 -110.23,44.50,6000 -110.25,44.55,6000 -110.28,44.59,6000 -110.31,44.63,6000 -110.33,44.67,6000 -110.36,44.71,6000 -110.39,44.75,6000 -110.42,44.79,6000 -110.45,44.84,6000 -110.47,44.88,6000 -110.49,44.91,6000 -110.50,44.92,6000 -110.53,44.95,6000 -110.57,44.98,6000 -110.60,45.03,6000 -110.63,45.07,6000 -110.64,45.11,6000 -110.64,45.16,6000 -110.64,45.20,6000 -110.63,45.25,6000 -110.56,45.29,6000 
          </coordinates>
        </LinearRing>
      </innerBoundaryIs>
  </Polygon>
 </MultiGeometry>
</Placemark>
<Placemark>
  <name>40%</name>
  <visibility>1</visibility>
  <styleUrl>#poly_40</styleUrl>
  <MultiGeometry>
    <Polygon>
      <outerBoundaryIs>
        <LinearRing>
          <coordinates>
-121.05,51.18,5000 -120.89,51.21,5000 -120.73,51.23,5000 -120.57,51.26,5000 -120.40,51.29,5000 -120.23,51.31,5000 -120.09,51.33,5000 -119.95,51.34,5000 -119.82,51.36,5000 -119.66,51.38,5000 -119.49,51.40,5000 -119.28,51.42,5000 -119.15,51.44,5000 -118.99,51.45,5000 -118.83,51.47,5000 -118.65,51.49,5000 -118.47,51.51,5000 -118.29,51.53,5000 -118.11,51.55,5000 -117.93,51.56,5000 -117.77,51.58,5000 -117.62,51.60,5000 -117.49,51.61,5000 -117.25,51.64,5000 -117.06,51.66,5000 -116.91,51.67,5000 -116.77,51.69,5000 -116.64,51.70,5000 -116.45,51.71,5000 -116.30,51.71,5000 -116.17,51.70,5000 -116.01,51.64,5000 -115.89,51.56,5000 -115.82,51.50,5000 -115.79,51.42,5000 -115.77,51.34,5000 -115.77,51.24,5000 -115.77,51.15,5000 -115.79,51.06,5000 -115.85,51.00,5000 -116.01,50.98,5000 -116.17,50.97,5000 -116.30,50.97,5000 -116.32,50.90,5000 -116.31,50.75,5000 -116.29,50.67,5000 -116.27,50.57,5000 -116.24,50.45,5000 -116.21,50.34,5000 -116.18,50.23,5000 -116.16,50.15,5000 -116.14,50.04,5000 -116.13,49.97,5000 -116.14,49.90,5000 -116.17,49.79,5000 -116.23,49.69,5000 -116.28,49.61,5000 -116.34,49.53,5000 -116.41,49.46,5000 -116.53,49.39,5000 -116.63,49.30,5000 -116.65,49.21,5000 -116.66,49.09,5000 -116.67,48.97,5000 -116.68,48.88,5000 -116.71,48.76,5000 -116.77,48.69,5000 -116.91,48.67,5000 -117.08,48.71,5000 -117.17,48.78,5000 -117.27,48.88,5000 -117.36,48.98,5000 -117.44,49.06,5000 -117.54,49.14,5000 -117.66,49.17,5000 -117.79,49.16,5000 -117.95,49.12,5000 -118.12,49.12,5000 -118.26,49.15,5000 -118.41,49.20,5000 -118.57,49.26,5000 -118.72,49.32,5000 -118.84,49.37,5000 -118.97,49.43,5000 -119.10,49.49,5000 -119.20,49.56,5000 -119.28,49.64,5000 -119.32,49.74,5000 -119.32,49.86,5000 -119.31,49.99,5000 -119.30,50.10,5000 -119.29,50.19,5000 -119.28,50.29,5000 -119.30,50.33,5000 -119.38,50.39,5000 -119.49,50.45,5000 -119.58,50.49,5000 -119.68,50.54,5000 -119.79,50.58,5000 -119.92,50.63,5000 -120.05,50.68,5000 -120.20,50.72,5000 -120.37,50.73,5000 -120.54,50.73,5000 -120.69,50.74,5000 -120.83,50.76,5000 -120.94,50.80,5000 -121.04,50.84,5000 -121.14,50.89,5000 -121.25,50.94,5000 -121.05,51.18,5000 
          </coordinates>
        </LinearRing>
      </outerBoundaryIs>
      <innerBoundaryIs>
        <LinearRing>
          <coordinates>
-121.04,51.14,6000 -120.92,51.17,6000 -120.80,51.20,6000 -120.67,51.22,6000 -120.54,51.24,6000 -120.41,51.26,6000 -120.22,51.28,6000 -120.10,51.29,6000 -119.97,51.31,6000 -119.83,51.33,6000 -119.67,51.34,6000 -119.48,51.37,6000 -119.27,51.39,6000 -119.14,51.41,6000 -118.98,51.42,6000 -118.82,51.44,6000 -118.64,51.46,6000 -118.46,51.48,6000 -118.28,51.50,6000 -118.10,51.52,6000 -117.92,51.53,6000 -117.76,51.55,6000 -117.61,51.57,6000 -117.48,51.58,6000 -117.24,51.61,6000 -117.06,51.63,6000 -116.90,51.65,6000 -116.77,51.66,6000 -116.64,51.67,6000 -116.45,51.68,6000 -116.30,51.68,6000 -116.17,51.66,6000 -116.05,51.62,6000 -115.96,51.56,6000 -115.89,51.49,6000 -115.84,51.39,6000 -115.85,51.28,6000 -115.89,51.19,6000 -115.96,51.10,6000 -116.06,51.04,6000 -116.22,51.03,6000 -116.41,51.04,6000 -116.55,51.04,6000 -116.58,50.99,6000 -116.53,50.91,6000 -116.46,50.85,6000 -116.38,50.74,6000 -116.35,50.66,6000 -116.32,50.56,6000 -116.29,50.44,6000 -116.26,50.33,6000 -116.24,50.22,6000 -116.22,50.14,6000 -116.20,50.03,6000 -116.19,49.96,6000 -116.20,49.90,6000 -116.21,49.83,6000 -116.27,49.74,6000 -116.33,49.68,6000 -116.41,49.60,6000 -116.50,49.52,6000 -116.59,49.44,6000 -116.65,49.37,6000 -116.72,49.26,6000 -116.75,49.17,6000 -116.75,49.08,6000 -116.74,48.97,6000 -116.74,48.89,6000 -116.80,48.79,6000 -116.90,48.76,6000 -117.03,48.77,6000 -117.11,48.84,6000 -117.19,48.94,6000 -117.29,49.03,6000 -117.38,49.09,6000 -117.49,49.15,6000 -117.60,49.20,6000 -117.71,49.23,6000 -117.87,49.24,6000 -118.03,49.22,6000 -118.17,49.21,6000 -118.31,49.25,6000 -118.43,49.30,6000 -118.56,49.34,6000 -118.69,49.38,6000 -118.78,49.43,6000 -118.86,49.49,6000 -118.94,49.54,6000 -119.06,49.60,6000 -119.15,49.68,6000 -119.18,49.76,6000 -119.20,49.87,6000 -119.20,49.98,6000 -119.19,50.08,6000 -119.18,50.18,6000 -119.17,50.29,6000 -119.17,50.37,6000 -119.22,50.46,6000 -119.32,50.51,6000 -119.41,50.54,6000 -119.52,50.57,6000 -119.66,50.60,6000 -119.78,50.64,6000 -119.93,50.68,6000 -120.07,50.73,6000 -120.21,50.76,6000 -120.38,50.78,6000 -120.54,50.78,6000 -120.68,50.78,6000 -120.83,50.81,6000 -120.95,50.84,6000 -121.07,50.86,6000 -121.15,50.90,6000 -121.16,50.97,6000 -121.14,51.06,6000 -121.04,51.14,6000 
          </coordinates>
        </LinearRing>
      </innerBoundaryIs>
  </Polygon>
 </MultiGeometry>
</Placemark>
<Placemark>
  <name>40%</name>
  <visibility>1</visibility>
  <styleUrl>#poly_40</styleUrl>
  <MultiGeometry>
    <Polygon>
      <outerBoundaryIs>
        <LinearRing>
          <coordinates>
-111.55,46.77,5000 -111.53,46.76,5000 -111.51,46.76,5000 -111.50,46.75,5000 -111.48,46.74,5000 -111.46,46.74,5000 -111.44,46.73,5000 -111.42,46.72,5000 -111.40,46.71,5000 -111.38,46.70,5000 -111.37,46.70,5000 -111.35,46.69,5000 -111.33,46.68,5000 -111.31,46.67,5000 -111.29,46.66,5000 -111.28,46.65,5000 -111.26,46.64,5000 -111.25,46.63,5000 -111.23,46.62,5000 -111.22,46.60,5000 -111.21,46.59,5000 -111.20,46.57,5000 -111.19,46.56,5000 -111.19,46.54,5000 -111.18,46.53,5000 -111.18,46.51,5000 -111.17,46.49,5000 -111.17,46.48,5000 -111.16,46.46,5000 -111.16,46.44,5000 -111.16,46.43,5000 -111.16,46.41,5000 -111.16,46.40,5000 -111.17,46.38,5000 -111.17,46.36,5000 -111.19,46.35,5000 -111.20,46.34,5000 -111.22,46.33,5000 -111.23,46.33,5000 -111.24,46.33,5000 -111.26,46.34,5000 -111.27,46.35,5000 -111.28,46.36,5000 -111.30,46.38,5000 -111.32,46.39,5000 -111.33,46.40,5000 -111.35,46.41,5000 -111.37,46.42,5000 -111.39,46.43,5000 -111.40,46.45,5000 -111.42,46.46,5000 -111.44,46.47,5000 -111.46,46.48,5000 -111.48,46.49,5000 -111.49,46.50,5000 -111.50,46.51,5000 -111.52,46.52,5000 -111.52,46.52,5000 -111.53,46.54,5000 -111.53,46.55,5000 -111.54,46.56,5000 -111.55,46.57,5000 -111.55,46.59,5000 -111.56,46.60,5000 -111.56,46.62,5000 -111.57,46.64,5000 -111.58,46.65,5000 -111.59,46.67,5000 -111.59,46.69,5000 -111.60,46.71,5000 -111.55,46.77,5000 
          </coordinates>
        </LinearRing>
      </outerBoundaryIs>
  </Polygon>
 </MultiGeometry>
</Placemark>
<Placemark>
  <name>40%</name>
  <visibility>1</visibility>
  <styleUrl>#poly_40</styleUrl>
  <MultiGeometry>
    <Polygon>
      <outerBoundaryIs>
        <LinearRing>
          <coordinates>
-114.71,46.42,5000 -114.69,46.44,5000 -114.67,46.46,5000 -114.65,46.48,5000 -114.62,46.50,5000 -114.59,46.52,5000 -114.56,46.54,5000 -114.53,46.56,5000 -114.51,46.57,5000 -114.49,46.57,5000 -114.47,46.57,5000 -114.45,46.55,5000 -114.43,46.53,5000 -114.42,46.50,5000 -114.40,46.48,5000 -114.39,46.45,5000 -114.38,46.43,5000 -114.37,46.41,5000 -114.37,46.39,5000 -114.36,46.37,5000 -114.36,46.35,5000 -114.35,46.32,5000 -114.35,46.30,5000 -114.34,46.28,5000 -114.33,46.26,5000 -114.32,46.23,5000 -114.31,46.21,5000 -114.30,46.19,5000 -114.29,46.17,5000 -114.28,46.14,5000 -114.28,46.12,5000 -114.28,46.10,5000 -114.28,46.07,5000 -114.29,46.05,5000 -114.29,46.02,5000 -114.30,46.00,5000 -114.31,45.97,5000 -114.31,45.96,5000 -114.32,45.94,5000 -114.32,45.91,5000 -114.35,45.91,5000 -114.37,45.91,5000 -114.40,45.90,5000 -114.43,45.90,5000 -114.47,45.90,5000 -114.51,45.90,5000 -114.54,45.90,5000 -114.57,45.90,5000 -114.60,45.91,5000 -114.62,45.92,5000 -114.64,45.94,5000 -114.66,45.96,5000 -114.67,45.98,5000 -114.69,46.00,5000 -114.70,46.03,5000 -114.71,46.05,5000 -114.72,46.07,5000 -114.73,46.09,5000 -114.73,46.12,5000 -114.74,46.14,5000 -114.74,46.17,5000 -114.74,46.19,5000 -114.74,46.22,5000 -114.74,46.24,5000 -114.74,46.26,5000 -114.74,46.28,5000 -114.74,46.31,5000 -114.74,46.33,5000 -114.74,46.35,5000 -114.73,46.38,5000 -114.72,46.40,5000 -114.71,46.42,5000 -114.71,46.42,5000 
          </coordinates>
        </LinearRing>
      </outerBoundaryIs>
      <innerBoundaryIs>
        <LinearRing>
          <coordinates>
-114.44,46.33,6000 -114.44,46.33,6000 -114.44,46.32,6000 -114.43,46.31,6000 -114.43,46.30,6000 -114.42,46.28,6000 -114.42,46.27,6000 -114.41,46.26,6000 -114.41,46.25,6000 -114.40,46.24,6000 -114.40,46.23,6000 -114.39,46.22,6000 -114.39,46.21,6000 -114.38,46.20,6000 -114.38,46.19,6000 -114.37,46.17,6000 -114.37,46.16,6000 -114.36,46.15,6000 -114.36,46.14,6000 -114.35,46.13,6000 -114.35,46.12,6000 -114.35,46.11,6000 -114.35,46.09,6000 -114.35,46.08,6000 -114.34,46.06,6000 -114.34,46.05,6000 -114.35,46.04,6000 -114.35,46.03,6000 -114.36,46.02,6000 -114.38,46.02,6000 -114.39,46.02,6000 -114.40,46.02,6000 -114.42,46.02,6000 -114.43,46.02,6000 -114.45,46.03,6000 -114.47,46.03,6000 -114.48,46.03,6000 -114.50,46.04,6000 -114.52,46.04,6000 -114.54,46.05,6000 -114.56,46.05,6000 -114.58,46.05,6000 -114.59,46.06,6000 -114.61,46.06,6000 -114.62,46.07,6000 -114.63,46.07,6000 -114.64,46.07,6000 -114.64,46.08,6000 -114.64,46.08,6000 -114.65,46.09,6000 -114.64,46.11,6000 -114.64,46.12,6000 -114.63,46.12,6000 -114.62,46.13,6000 -114.62,46.14,6000 -114.61,46.15,6000 -114.60,46.16,6000 -114.60,46.17,6000 -114.59,46.18,6000 -114.58,46.19,6000 -114.57,46.20,6000 -114.56,46.21,6000 -114.55,46.22,6000 -114.54,46.23,6000 -114.53,46.25,6000 -114.52,46.26,6000 -114.51,46.27,6000 -114.44,46.33,6000 
          </coordinates>
        </LinearRing>
      </innerBoundaryIs>
  </Polygon>
 </MultiGeometry>
</Placemark>
<Placemark>
  <name>40%</name>
  <visibility>1</visibility>
  <styleUrl>#poly_40</styleUrl>
  <MultiGeometry>
    <Polygon>
      <outerBoundaryIs>
        <LinearRing>
          <coordinates>
-121.30,49.43,5000 -121.22,49.47,5000 -121.15,49.51,5000 -121.09,49.52,5000 -121.03,49.51,5000 -120.97,49.44,5000 -120.94,49.40,5000 -120.91,49.34,5000 -120.87,49.28,5000 -120.84,49.22,5000 -120.80,49.17,5000 -120.77,49.12,5000 -120.70,49.06,5000 -120.64,49.03,5000 -120.59,48.98,5000 -120.57,48.92,5000 -120.57,48.86,5000 -120.57,48.79,5000 -120.58,48.72,5000 -120.59,48.66,5000 -120.60,48.60,5000 -120.62,48.54,5000 -120.63,48.47,5000 -120.64,48.42,5000 -120.64,48.35,5000 -120.64,48.29,5000 -120.65,48.23,5000 -120.65,48.17,5000 -120.66,48.12,5000 -120.68,48.05,5000 -120.71,48.00,5000 -120.76,47.94,5000 -120.81,47.89,5000 -120.88,47.83,5000 -120.94,47.78,5000 -121.00,47.74,5000 -121.08,47.71,5000 -121.16,47.72,5000 -121.22,47.74,5000 -121.29,47.77,5000 -121.36,47.81,5000 -121.41,47.85,5000 -121.45,47.90,5000 -121.47,47.95,5000 -121.48,48.00,5000 -121.47,48.05,5000 -121.45,48.10,5000 -121.43,48.15,5000 -121.42,48.20,5000 -121.41,48.25,5000 -121.41,48.31,5000 -121.42,48.36,5000 -121.45,48.42,5000 -121.49,48.47,5000 -121.55,48.52,5000 -121.62,48.55,5000 -121.71,48.58,5000 -121.81,48.61,5000 -121.88,48.64,5000 -121.95,48.68,5000 -121.99,48.73,5000 -122.02,48.78,5000 -122.04,48.84,5000 -122.04,48.90,5000 -122.01,48.96,5000 -121.97,49.01,5000 -121.91,49.06,5000 -121.84,49.11,5000 -121.77,49.16,5000 -121.71,49.20,5000 -121.65,49.23,5000 -121.58,49.26,5000 -121.52,49.29,5000 -121.30,49.43,5000 
          </coordinates>
        </LinearRing>
      </outerBoundaryIs>
      <innerBoundaryIs>
        <LinearRing>
          <coordinates>
-121.50,49.23,6000 -121.41,49.26,6000 -121.32,49.30,6000 -121.23,49.32,6000 -121.15,49.34,6000 -121.08,49.35,6000 -121.02,49.35,6000 -120.97,49.32,6000 -120.94,49.28,6000 -120.92,49.22,6000 -120.90,49.16,6000 -120.87,49.11,6000 -120.83,49.07,6000 -120.78,49.04,6000 -120.74,49.00,6000 -120.70,48.97,6000 -120.66,48.92,6000 -120.64,48.87,6000 -120.63,48.80,6000 -120.63,48.75,6000 -120.64,48.69,6000 -120.66,48.63,6000 -120.68,48.57,6000 -120.69,48.51,6000 -120.70,48.46,6000 -120.71,48.40,6000 -120.71,48.36,6000 -120.72,48.32,6000 -120.72,48.28,6000 -120.72,48.23,6000 -120.72,48.17,6000 -120.73,48.12,6000 -120.75,48.07,6000 -120.78,48.02,6000 -120.82,47.98,6000 -120.86,47.93,6000 -120.91,47.88,6000 -120.96,47.83,6000 -121.01,47.79,6000 -121.07,47.77,6000 -121.14,47.78,6000 -121.22,47.81,6000 -121.30,47.85,6000 -121.36,47.89,6000 -121.40,47.94,6000 -121.41,47.99,6000 -121.41,48.06,6000 -121.40,48.10,6000 -121.39,48.16,6000 -121.38,48.21,6000 -121.36,48.27,6000 -121.36,48.32,6000 -121.36,48.37,6000 -121.38,48.42,6000 -121.42,48.46,6000 -121.46,48.50,6000 -121.51,48.54,6000 -121.56,48.57,6000 -121.63,48.61,6000 -121.71,48.64,6000 -121.79,48.66,6000 -121.85,48.69,6000 -121.90,48.72,6000 -121.94,48.75,6000 -121.96,48.79,6000 -121.97,48.83,6000 -121.97,48.88,6000 -121.96,48.92,6000 -121.94,48.97,6000 -121.90,49.01,6000 -121.85,49.05,6000 -121.79,49.09,6000 -121.73,49.13,6000 -121.50,49.23,6000 
          </coordinates>
        </LinearRing>
      </innerBoundaryIs>
  </Polygon>
 </MultiGeometry>
</Placemark>
<Placemark>
  <name>40%</name>
  <visibility>1</visibility>
  <styleUrl>#poly_40</styleUrl>
  <MultiGeometry>
    <Polygon>
      <outerBoundaryIs>
        <LinearRing>
          <coordinates>
-113.66,46.12,5000 -113.65,46.12,5000 -113.63,46.12,5000 -113.62,46.12,5000 -113.60,46.12,5000 -113.59,46.11,5000 -113.57,46.11,5000 -113.56,46.11,5000 -113.55,46.11,5000 -113.53,46.11,5000 -113.52,46.11,5000 -113.51,46.11,5000 -113.49,46.10,5000 -113.48,46.10,5000 -113.47,46.10,5000 -113.46,46.10,5000 -113.45,46.10,5000 -113.44,46.10,5000 -113.43,46.10,5000 -113.42,46.09,5000 -113.41,46.09,5000 -113.40,46.09,5000 -113.38,46.09,5000 -113.37,46.08,5000 -113.35,46.07,5000 -113.34,46.07,5000 -113.34,46.06,5000 -113.33,46.06,5000 -113.32,46.05,5000 -113.32,46.05,5000 -113.32,46.04,5000 -113.32,46.03,5000 -113.32,46.03,5000 -113.33,46.03,5000 -113.34,46.02,5000 -113.35,46.02,5000 -113.37,46.01,5000 -113.39,46.00,5000 -113.40,46.00,5000 -113.40,45.99,5000 -113.41,45.99,5000 -113.42,45.98,5000 -113.43,45.97,5000 -113.44,45.97,5000 -113.45,45.96,5000 -113.46,45.95,5000 -113.47,45.94,5000 -113.49,45.94,5000 -113.50,45.93,5000 -113.51,45.92,5000 -113.52,45.92,5000 -113.53,45.91,5000 -113.54,45.90,5000 -113.55,45.90,5000 -113.56,45.89,5000 -113.57,45.89,5000 -113.58,45.88,5000 -113.59,45.88,5000 -113.60,45.88,5000 -113.61,45.88,5000 -113.62,45.88,5000 -113.63,45.88,5000 -113.64,45.89,5000 -113.65,45.89,5000 -113.65,45.90,5000 -113.66,45.90,5000 -113.67,45.91,5000 -113.68,45.92,5000 -113.68,45.93,5000 -113.69,45.94,5000 -113.69,45.95,5000 -113.70,45.96,5000 -113.70,45.97,5000 -113.71,45.98,5000 -113.71,45.99,5000 -113.72,46.00,5000 -113.66,46.12,5000 
          </coordinates>
        </LinearRing>
      </outerBoundaryIs>
  </Polygon>
 </MultiGeometry>
</Placemark>
<Placemark>
  <name>40%</name>
  <visibility>1</visibility>
  <styleUrl>#poly_40</styleUrl>
  <MultiGeometry>
    <Polygon>
      <outerBoundaryIs>
        <LinearRing>
          <coordinates>
-71.64,46.10,5000 -71.60,46.08,5000 -71.55,46.05,5000 -71.51,46.03,5000 -71.47,46.00,5000 -71.43,45.96,5000 -71.40,45.92,5000 -71.37,45.88,5000 -71.34,45.84,5000 -71.31,45.79,5000 -71.28,45.74,5000 -71.25,45.70,5000 -71.22,45.66,5000 -71.18,45.61,5000 -71.15,45.57,5000 -71.11,45.52,5000 -71.09,45.48,5000 -71.07,45.44,5000 -71.06,45.39,5000 -71.06,45.34,5000 -71.08,45.29,5000 -71.10,45.25,5000 -71.13,45.21,5000 -71.17,45.17,5000 -71.22,45.14,5000 -71.27,45.10,5000 -71.31,45.08,5000 -71.36,45.05,5000 -71.41,45.03,5000 -71.46,45.00,5000 -71.52,44.99,5000 -71.57,44.97,5000 -71.63,44.96,5000 -71.69,44.95,5000 -71.75,44.95,5000 -71.82,44.95,5000 -71.88,44.95,5000 -71.93,44.95,5000 -72.00,44.95,5000 -72.06,44.95,5000 -72.11,44.95,5000 -72.16,44.95,5000 -72.21,44.93,5000 -72.25,44.91,5000 -72.32,44.88,5000 -72.37,44.86,5000 -72.44,44.84,5000 -72.51,44.82,5000 -72.58,44.81,5000 -72.65,44.80,5000 -72.69,44.81,5000 -72.71,44.83,5000 -72.73,44.87,5000 -72.74,44.92,5000 -72.74,44.97,5000 -72.74,45.02,5000 -72.74,45.07,5000 -72.73,45.11,5000 -72.72,45.15,5000 -72.70,45.19,5000 -72.67,45.23,5000 -72.64,45.26,5000 -72.61,45.30,5000 -72.57,45.33,5000 -72.53,45.36,5000 -72.49,45.38,5000 -72.44,45.41,5000 -72.39,45.43,5000 -72.34,45.46,5000 -72.29,45.48,5000 -72.24,45.51,5000 -72.19,45.53,5000 -72.14,45.56,5000 -72.09,45.58,5000 -72.05,45.61,5000 -72.01,45.64,5000 -71.98,45.67,5000 -71.95,45.71,5000 -71.92,45.75,5000 -71.89,45.79,5000 -71.87,45.83,5000 -71.85,45.87,5000 -71.64,46.10,5000 
          </coordinates>
        </LinearRing>
      </outerBoundaryIs>
  </Polygon>
 </MultiGeometry>
</Placemark>
<Placemark>
  <name>40%</name>
  <visibility>1</visibility>
  <styleUrl>#poly_40</styleUrl>
  <MultiGeometry>
    <Polygon>
      <outerBoundaryIs>
        <LinearRing>
          <coordinates>
-68.25,50.87,5000 -67.79,50.82,5000 -67.54,50.74,5000 -66.83,50.48,5000 -66.23,50.23,5000 -65.96,50.01,5000 -65.83,49.79,5000 -65.86,49.62,5000 -66.04,49.47,5000 -66.27,49.29,5000 -66.21,49.16,5000 -65.93,49.08,5000 -65.58,48.96,5000 -65.40,48.83,5000 -65.34,48.65,5000 -65.43,48.55,5000 -66.16,48.26,5000 -66.50,48.19,5000 -66.98,48.15,5000 -67.32,48.09,5000 -67.57,47.93,5000 -67.88,47.76,5000 -68.24,47.81,5000 -68.42,47.90,5000 -68.69,47.93,5000 -69.26,47.97,5000 -69.86,47.57,5000 -70.09,47.32,5000 -70.23,46.97,5000 -70.56,46.71,5000 -71.02,46.59,5000 -71.49,46.45,5000 -72.06,46.43,5000 -72.31,46.44,5000 -72.70,46.35,5000 -73.19,46.05,5000 -73.56,45.68,5000 -73.88,45.49,5000 -74.12,45.40,5000 -74.54,45.30,5000 -74.60,45.12,5000 -74.18,45.05,5000 -73.89,44.85,5000 -73.83,44.66,5000 -73.86,44.43,5000 -73.92,44.02,5000 -74.16,43.69,5000 -74.26,43.41,5000 -74.40,43.06,5000 -74.50,42.63,5000 -74.69,42.21,5000 -74.97,42.00,5000 -75.58,41.74,5000 -76.00,41.60,5000 -76.29,41.38,5000 -77.18,41.38,5000 -77.49,41.24,5000 -77.74,41.04,5000 -78.24,40.49,5000 -78.42,40.22,5000 -78.67,39.94,5000 -79.02,39.51,5000 -79.27,38.97,5000 -79.41,38.67,5000 -79.57,38.44,5000 -80.04,38.09,5000 -80.60,37.71,5000 -81.20,37.28,5000 -81.66,36.79,5000 -81.99,36.47,5000 -82.17,37.06,5000 -81.94,37.31,5000 -81.85,37.79,5000 -81.40,38.22,5000 -81.40,38.82,5000 -81.02,39.43,5000 -80.96,39.72,5000 -81.05,39.96,5000 -80.89,40.05,5000 -80.58,39.99,5000 -80.29,39.98,5000 -80.14,40.07,5000 -80.04,40.30,5000 -80.16,40.45,5000 -80.48,40.63,5000 -80.80,40.66,5000 -81.00,40.63,5000 -81.25,40.73,5000 -81.46,40.93,5000 -81.72,41.11,5000 -81.92,41.35,5000 -81.93,41.49,5000 -81.78,41.66,5000 -81.24,41.94,5000 -80.63,42.24,5000 -79.96,42.59,5000 -79.34,43.03,5000 -79.17,43.15,5000 -79.08,43.32,5000 -79.23,43.63,5000 -79.54,44.11,5000 -79.76,44.11,5000 -79.90,43.94,5000 -80.17,43.75,5000 -80.44,43.62,5000 -80.52,43.51,5000 -80.62,43.28,5000 -80.76,43.17,5000 -81.09,43.13,5000 -81.34,43.19,5000 -81.64,43.41,5000 -81.83,43.67,5000 -82.03,43.93,5000 -82.26,44.13,5000 -82.96,44.48,5000 -83.39,44.52,5000 -83.62,44.49,5000 -84.03,44.40,5000 -84.35,44.27,5000 -84.79,43.93,5000 -85.21,43.56,5000 -85.38,43.28,5000 -85.41,43.05,5000 -85.32,42.87,5000 -84.97,42.32,5000 -84.72,41.79,5000 -84.64,41.54,5000 -84.73,41.25,5000 -85.07,41.00,5000 -85.47,40.79,5000 -85.75,40.63,5000 -86.13,40.57,5000 -86.62,40.65,5000 -87.05,40.59,5000 -87.72,40.30,5000 -88.09,40.06,5000 -88.45,39.92,5000 -88.80,39.86,5000 -89.47,39.89,5000 -90.35,39.99,5000 -90.63,39.87,5000 -90.87,39.68,5000 -91.07,39.62,5000 -91.29,39.64,5000 -91.58,39.77,5000 -92.16,40.06,5000 -92.72,40.32,5000 -93.27,40.53,5000 -93.99,40.78,5000 -94.42,40.86,5000 -94.78,41.00,5000 -95.25,41.45,5000 -95.71,41.91,5000 -95.95,42.10,5000 -96.43,41.97,5000 -97.42,42.13,5000 -97.93,42.07,5000 -98.16,42.08,5000 -98.59,42.24,5000 -98.78,42.36,5000 -98.87,42.50,5000 -98.79,42.80,5000 -98.48,42.76,5000 -98.11,42.73,5000 -97.98,42.89,5000 -98.00,43.26,5000 -97.72,43.46,5000 -97.30,43.61,5000 -97.06,43.81,5000 -96.92,44.01,5000 -96.91,44.27,5000 -97.06,44.79,5000 -97.19,45.26,5000 -97.27,45.60,5000 -97.14,45.80,5000 -96.92,46.01,5000 -96.85,46.32,5000 -96.88,46.67,5000 -96.98,46.99,5000 -97.07,47.33,5000 -97.15,47.52,5000 -97.08,47.73,5000 -97.08,48.12,5000 -97.17,48.26,5000 -97.44,48.32,5000 -97.96,48.38,5000 -97.96,48.55,5000 -97.77,48.72,5000 -98.01,48.90,5000 -98.50,49.32,5000 -99.11,49.82,5000 -99.73,50.28,5000 -100.24,50.65,5000 -100.49,50.90,5000 -100.71,51.17,5000 -100.89,51.40,5000 -100.68,51.53,5000 -100.32,51.59,5000 -99.95,51.60,5000 -99.00,51.56,5000 -98.51,51.55,5000 -97.95,51.66,5000 -97.18,51.50,5000 -96.48,51.30,5000 -96.51,51.16,5000 -96.76,51.11,5000 -97.04,51.12,5000 -97.23,51.03,5000 -97.34,50.89,5000 -97.44,50.56,5000 -97.66,50.30,5000 -97.68,50.11,5000 -97.57,49.93,5000 -97.29,49.37,5000 -97.19,49.05,5000 -97.23,48.70,5000 -97.00,48.40,5000 -96.90,48.14,5000 -96.80,47.69,5000 -96.71,47.45,5000 -96.59,47.24,5000 -96.43,47.14,5000 -96.12,46.91,5000 -95.74,46.72,5000 -95.34,46.69,5000 -94.90,46.73,5000 -94.55,46.76,5000 -94.26,46.86,5000 -93.58,47.15,5000 -93.01,47.45,5000 -92.52,47.73,5000 -92.24,47.87,5000 -91.84,48.03,5000 -91.28,48.21,5000 -90.61,48.38,5000 -90.20,48.51,5000 -89.65,48.58,5000 -89.44,48.63,5000 -89.30,48.74,5000 -89.04,48.99,5000 -88.42,49.30,5000 -87.89,49.64,5000 -87.22,50.04,5000 -86.55,50.40,5000 -86.04,50.50,5000 -85.74,50.51,5000 -85.42,50.49,5000 -84.91,50.36,5000 -84.57,50.13,5000 -84.05,49.96,5000 -83.71,49.82,5000 -83.36,49.57,5000 -82.73,49.35,5000 -82.11,48.96,5000 -81.20,48.72,5000 -80.03,48.43,5000 -79.11,48.20,5000 -78.31,47.99,5000 -77.76,47.91,5000 -77.25,47.96,5000 -76.86,47.96,5000 -76.38,48.03,5000 -75.46,48.26,5000 -74.80,48.43,5000 -74.37,48.58,5000 -73.98,48.81,5000 -73.19,49.04,5000 -72.89,49.19,5000 -72.65,49.42,5000 -72.30,49.65,5000 -71.96,49.79,5000 -71.37,50.40,5000 -71.15,50.52,5000 -70.71,50.64,5000 -69.85,50.81,5000 -69.58,50.86,5000 -68.98,50.89,5000 -68.25,50.87,5000 
          </coordinates>
        </LinearRing>
      </outerBoundaryIs>
      <innerBoundaryIs>
        <LinearRing>
          <coordinates>
-100.20,51.49,6000 -100.07,51.49,6000 -99.94,51.50,6000 -99.82,51.50,6000 -99.70,51.50,6000 -99.59,51.50,6000 -99.47,51.50,6000 -99.36,51.50,6000 -99.25,51.49,6000 -99.13,51.48,6000 -99.00,51.46,6000 -98.85,51.43,6000 -98.71,51.41,6000 -98.55,51.40,6000 -98.41,51.41,6000 -98.26,51.43,6000 -98.10,51.45,6000 -97.97,51.47,6000 -97.86,51.47,6000 -97.73,51.42,6000 -97.69,51.33,6000 -97.68,51.28,6000 -97.70,51.22,6000 -97.71,51.13,6000 -97.70,51.05,6000 -97.69,50.96,6000 -97.68,50.86,6000 -97.68,50.77,6000 -97.69,50.69,6000 -97.75,50.59,6000 -97.83,50.52,6000 -97.90,50.45,6000 -97.96,50.38,6000 -98.01,50.32,6000 -98.03,50.25,6000 -98.02,50.18,6000 -97.98,50.11,6000 -97.93,50.04,6000 -97.87,49.97,6000 -97.80,49.90,6000 -97.73,49.82,6000 -97.69,49.76,6000 -97.65,49.68,6000 -97.61,49.61,6000 -97.57,49.53,6000 -97.54,49.46,6000 -97.50,49.38,6000 -97.47,49.30,6000 -97.45,49.22,6000 -97.44,49.16,6000 -97.45,49.07,6000 -97.50,49.01,6000 -97.63,48.98,6000 -97.78,48.98,6000 -97.88,49.01,6000 -97.98,49.07,6000 -98.08,49.13,6000 -98.14,49.18,6000 -98.19,49.23,6000 -98.25,49.29,6000 -98.33,49.37,6000 -98.39,49.43,6000 -98.46,49.51,6000 -98.54,49.59,6000 -98.62,49.67,6000 -98.69,49.75,6000 -98.77,49.83,6000 -98.83,49.89,6000 -98.92,49.97,6000 -98.99,50.03,6000 -99.05,50.09,6000 -99.12,50.14,6000 -99.20,50.19,6000 -99.28,50.24,6000 -99.37,50.29,6000 -99.45,50.34,6000 -99.54,50.39,6000 -99.63,50.44,6000 -99.71,50.49,6000 -99.79,50.55,6000 -99.84,50.61,6000 -99.88,50.67,6000 -99.92,50.74,6000 -99.99,50.82,6000 -100.06,50.89,6000 -100.15,50.97,6000 -100.25,51.06,6000 -100.35,51.15,6000 -100.43,51.23,6000 -100.48,51.29,6000 -100.49,51.40,6000 -100.38,51.45,6000 -100.20,51.49,6000 
          </coordinates>
        </LinearRing>
      </innerBoundaryIs>
      <innerBoundaryIs>
        <LinearRing>
          <coordinates>
-69.31,50.84,6000 -68.53,50.80,6000 -68.12,50.81,6000 -67.67,50.73,6000 -67.06,50.51,6000 -66.48,50.28,6000 -66.18,50.13,6000 -66.01,49.95,6000 -65.94,49.83,6000 -65.89,49.69,6000 -65.99,49.56,6000 -66.43,49.26,6000 -66.24,49.10,6000 -65.84,49.00,6000 -65.51,48.81,6000 -65.59,48.60,6000 -66.13,48.34,6000 -66.50,48.26,6000 -66.80,48.24,6000 -67.24,48.28,6000 -67.52,48.19,6000 -67.83,48.06,6000 -68.05,48.02,6000 -68.31,48.10,6000 -68.89,48.10,6000 -69.14,48.16,6000 -69.35,48.13,6000 -69.76,47.77,6000 -70.18,47.38,6000 -70.44,47.06,6000 -70.92,46.77,6000 -71.44,46.63,6000 -72.11,46.59,6000 -72.48,46.54,6000 -72.76,46.45,6000 -73.19,46.20,6000 -73.71,45.74,6000 -73.98,45.62,6000 -74.27,45.57,6000 -74.75,45.52,6000 -75.08,45.39,6000 -75.34,45.22,6000 -75.64,45.08,6000 -75.89,44.94,6000 -75.90,44.70,6000 -75.67,44.61,6000 -75.42,44.67,6000 -75.14,44.86,6000 -74.33,44.87,6000 -74.10,44.83,6000 -73.96,44.70,6000 -73.96,44.50,6000 -73.98,44.21,6000 -74.10,43.94,6000 -74.32,43.55,6000 -74.48,43.10,6000 -74.65,42.64,6000 -74.94,42.20,6000 -75.41,42.00,6000 -76.00,41.92,6000 -76.44,41.93,6000 -76.51,41.66,6000 -76.62,41.51,6000 -76.73,41.50,6000 -77.19,41.53,6000 -77.48,41.42,6000 -77.74,41.25,6000 -78.12,40.83,6000 -78.46,40.38,6000 -78.87,39.83,6000 -79.03,39.64,6000 -79.20,39.31,6000 -79.41,38.83,6000 -79.54,38.60,6000 -79.75,38.37,6000 -80.31,38.02,6000 -80.79,37.77,6000 -81.07,37.68,6000 -81.28,37.53,6000 -81.52,37.65,6000 -81.42,37.80,6000 -81.21,38.00,6000 -81.13,38.17,6000 -80.98,38.68,6000 -80.60,39.11,6000 -80.22,39.50,6000 -80.05,39.64,6000 -79.87,39.90,6000 -79.75,40.07,6000 -79.62,40.40,6000 -79.78,40.60,6000 -80.17,40.77,6000 -80.44,40.94,6000 -80.67,41.03,6000 -81.08,41.04,6000 -81.42,41.11,6000 -81.70,41.26,6000 -81.74,41.55,6000 -81.23,41.83,6000 -80.65,42.10,6000 -80.15,42.37,6000 -79.87,42.51,6000 -79.61,42.70,6000 -79.17,42.98,6000 -79.02,43.10,6000 -78.92,43.37,6000 -79.09,43.78,6000 -79.31,44.17,6000 -79.56,44.29,6000 -79.85,44.25,6000 -80.14,43.90,6000 -80.40,43.77,6000 -80.69,43.52,6000 -80.82,43.29,6000 -80.98,43.23,6000 -81.23,43.25,6000 -81.47,43.40,6000 -81.68,43.66,6000 -82.05,44.07,6000 -82.53,44.34,6000 -83.11,44.58,6000 -83.62,44.57,6000 -83.97,44.49,6000 -84.33,44.36,6000 -84.62,44.18,6000 -85.06,43.81,6000 -85.47,43.41,6000 -85.54,43.06,6000 -85.32,42.70,6000 -85.09,42.36,6000 -84.92,41.95,6000 -84.82,41.66,6000 -84.90,41.35,6000 -85.22,41.09,6000 -85.52,40.97,6000 -85.98,40.85,6000 -86.88,40.89,6000 -87.49,40.61,6000 -87.81,40.53,6000 -88.13,40.39,6000 -88.54,40.22,6000 -88.81,40.20,6000 -89.30,40.21,6000 -89.81,40.22,6000 -90.19,40.21,6000 -90.48,40.14,6000 -90.92,39.90,6000 -91.16,39.87,6000 -91.33,39.94,6000 -91.62,40.09,6000 -92.21,40.32,6000 -92.83,40.54,6000 -93.61,40.82,6000 -94.23,41.03,6000 -94.73,41.23,6000 -95.08,41.58,6000 -95.46,41.99,6000 -95.68,42.19,6000 -95.97,42.31,6000 -96.26,42.26,6000 -96.61,42.11,6000 -97.54,42.23,6000 -98.03,42.15,6000 -98.35,42.22,6000 -98.62,42.38,6000 -98.69,42.57,6000 -98.51,42.65,6000 -98.08,42.60,6000 -97.81,42.76,6000 -97.71,43.06,6000 -97.62,43.22,6000 -97.37,43.27,6000 -97.11,43.08,6000 -96.88,43.10,6000 -96.84,43.18,6000 -96.91,43.53,6000 -96.78,43.73,6000 -96.71,43.99,6000 -96.89,44.56,6000 -97.02,44.91,6000 -97.17,45.49,6000 -96.80,46.02,6000 -96.76,46.36,6000 -96.79,46.71,6000 -96.81,46.97,6000 -96.69,47.09,6000 -96.21,46.83,6000 -95.71,46.56,6000 -95.32,46.50,6000 -94.90,46.51,6000 -94.50,46.55,6000 -94.19,46.69,6000 -93.50,47.03,6000 -92.86,47.34,6000 -92.31,47.64,6000 -91.77,47.88,6000 -91.24,48.03,6000 -90.67,48.19,6000 -90.14,48.39,6000 -89.33,48.47,6000 -89.21,48.51,6000 -89.06,48.78,6000 -88.81,48.95,6000 -88.48,49.11,6000 -87.99,49.44,6000 -87.53,49.71,6000 -87.06,49.97,6000 -86.57,50.27,6000 -86.06,50.43,6000 -85.62,50.44,6000 -85.17,50.39,6000 -84.87,50.26,6000 -84.59,50.08,6000 -84.03,49.82,6000 -83.27,49.47,6000 -82.49,49.10,6000 -81.87,48.83,6000 -81.22,48.63,6000 -80.75,48.56,6000 -80.14,48.41,6000 -79.49,48.25,6000 -78.74,48.04,6000 -78.02,47.87,6000 -77.03,47.90,6000 -76.70,47.91,6000 -76.20,48.01,6000 -75.57,48.17,6000 -74.92,48.34,6000 -74.29,48.55,6000 -74.02,48.71,6000 -73.71,48.84,6000 -72.95,49.08,6000 -72.49,49.48,6000 -71.95,49.73,6000 -71.57,50.07,6000 -71.23,50.41,6000 -70.97,50.52,6000 -70.54,50.62,6000 -69.31,50.84,6000 
          </coordinates>
        </LinearRing>
      </innerBoundaryIs>
  </Polygon>
 </MultiGeometry>
</Placemark>
<Placemark>
  <name>40%</name>
  <visibility>1</visibility>
  <styleUrl>#poly_40</styleUrl>
  <MultiGeometry>
    <Polygon>
      <outerBoundaryIs>
        <LinearRing>
          <coordinates>
-82.07,36.47,5000 -82.06,36.45,5000 -82.05,36.43,5000 -82.04,36.41,5000 -82.03,36.39,5000 -82.02,36.37,5000 -82.02,36.35,5000 -82.01,36.33,5000 -82.01,36.31,5000 -82.01,36.29,5000 -82.01,36.27,5000 -82.02,36.25,5000 -82.03,36.23,5000 -82.05,36.20,5000 -82.06,36.18,5000 -82.08,36.16,5000 -82.09,36.15,5000 -82.10,36.13,5000 -82.11,36.12,5000 -82.12,36.11,5000 -82.13,36.10,5000 -82.15,36.09,5000 -82.17,36.08,5000 -82.19,36.06,5000 -82.21,36.04,5000 -82.23,36.03,5000 -82.25,36.01,5000 -82.27,36.00,5000 -82.29,35.98,5000 -82.31,35.97,5000 -82.32,35.96,5000 -82.34,35.94,5000 -82.34,35.94,5000 -82.36,35.93,5000 -82.38,35.93,5000 -82.40,35.92,5000 -82.42,35.91,5000 -82.45,35.91,5000 -82.48,35.90,5000 -82.51,35.89,5000 -82.54,35.89,5000 -82.56,35.89,5000 -82.59,35.89,5000 -82.62,35.89,5000 -82.64,35.90,5000 -82.67,35.91,5000 -82.70,35.92,5000 -82.72,35.93,5000 -82.74,35.94,5000 -82.77,35.95,5000 -82.79,35.96,5000 -82.80,35.97,5000 -82.82,35.98,5000 -82.82,35.99,5000 -82.82,36.00,5000 -82.80,36.02,5000 -82.79,36.03,5000 -82.78,36.05,5000 -82.76,36.06,5000 -82.75,36.08,5000 -82.73,36.10,5000 -82.72,36.12,5000 -82.70,36.13,5000 -82.68,36.15,5000 -82.67,36.16,5000 -82.65,36.17,5000 -82.63,36.19,5000 -82.62,36.19,5000 -82.60,36.20,5000 -82.58,36.21,5000 -82.55,36.22,5000 -82.53,36.23,5000 -82.51,36.23,5000 -82.48,36.24,5000 -82.46,36.25,5000 -82.43,36.26,5000 -82.41,36.27,5000 -82.38,36.27,5000 -82.36,36.28,5000 -82.34,36.28,5000 -82.32,36.29,5000 -82.28,36.30,5000 -82.26,36.31,5000 -82.25,36.31,5000 -82.07,36.47,5000 
          </coordinates>
        </LinearRing>
      </outerBoundaryIs>
  </Polygon>
 </MultiGeometry>
</Placemark>
<Placemark>
  <name>50%</name>
  <visibility>1</visibility>
  <styleUrl>#poly_50</styleUrl>
  <MultiGeometry>
    <Polygon>
      <outerBoundaryIs>
        <LinearRing>
          <coordinates>
-111.05,45.32,6000 -111.04,45.31,6000 -111.03,45.30,6000 -111.01,45.29,6000 -111.00,45.29,6000 -110.99,45.28,6000 -110.98,45.27,6000 -110.98,45.26,6000 -110.97,45.25,6000 -110.96,45.23,6000 -110.96,45.22,6000 -110.96,45.21,6000 -110.96,45.20,6000 -110.96,45.19,6000 -110.96,45.17,6000 -110.96,45.16,6000 -110.97,45.14,6000 -110.97,45.13,6000 -110.97,45.12,6000 -110.98,45.10,6000 -110.98,45.09,6000 -110.98,45.08,6000 -110.99,45.07,6000 -110.99,45.06,6000 -110.99,45.05,6000 -110.98,45.03,6000 -111.00,45.03,6000 -111.01,45.03,6000 -111.02,45.03,6000 -111.04,45.02,6000 -111.05,45.02,6000 -111.07,45.02,6000 -111.09,45.01,6000 -111.11,45.01,6000 -111.13,45.01,6000 -111.15,45.00,6000 -111.17,45.00,6000 -111.18,45.00,6000 -111.20,44.99,6000 -111.22,44.99,6000 -111.23,44.99,6000 -111.24,44.99,6000 -111.27,44.99,6000 -111.28,45.00,6000 -111.29,45.01,6000 -111.29,45.02,6000 -111.29,45.03,6000 -111.29,45.04,6000 -111.28,45.05,6000 -111.28,45.06,6000 -111.27,45.08,6000 -111.26,45.09,6000 -111.25,45.10,6000 -111.25,45.11,6000 -111.24,45.12,6000 -111.23,45.13,6000 -111.22,45.14,6000 -111.21,45.15,6000 -111.20,45.16,6000 -111.19,45.17,6000 -111.18,45.18,6000 -111.17,45.19,6000 -111.16,45.20,6000 -111.05,45.32,6000 
          </coordinates>
        </LinearRing>
      </outerBoundaryIs>
  </Polygon>
 </MultiGeometry>
</Placemark>
<Placemark>
  <name>50%</name>
  <visibility>1</visibility>
  <styleUrl>#poly_50</styleUrl>
  <MultiGeometry>
    <Polygon>
      <outerBoundaryIs>
        <LinearRing>
          <coordinates>
-121.50,49.23,6000 -121.41,49.26,6000 -121.32,49.30,6000 -121.23,49.32,6000 -121.15,49.34,6000 -121.08,49.35,6000 -121.02,49.35,6000 -120.97,49.32,6000 -120.94,49.28,6000 -120.92,49.22,6000 -120.90,49.16,6000 -120.87,49.11,6000 -120.83,49.07,6000 -120.78,49.04,6000 -120.74,49.00,6000 -120.70,48.97,6000 -120.66,48.92,6000 -120.64,48.87,6000 -120.63,48.80,6000 -120.63,48.75,6000 -120.64,48.69,6000 -120.66,48.63,6000 -120.68,48.57,6000 -120.69,48.51,6000 -120.70,48.46,6000 -120.71,48.40,6000 -120.71,48.36,6000 -120.72,48.32,6000 -120.72,48.28,6000 -120.72,48.23,6000 -120.72,48.17,6000 -120.73,48.12,6000 -120.75,48.07,6000 -120.78,48.02,6000 -120.82,47.98,6000 -120.86,47.93,6000 -120.91,47.88,6000 -120.96,47.83,6000 -121.01,47.79,6000 -121.07,47.77,6000 -121.14,47.78,6000 -121.22,47.81,6000 -121.30,47.85,6000 -121.36,47.89,6000 -121.40,47.94,6000 -121.41,47.99,6000 -121.41,48.06,6000 -121.40,48.10,6000 -121.39,48.16,6000 -121.38,48.21,6000 -121.36,48.27,6000 -121.36,48.32,6000 -121.36,48.37,6000 -121.38,48.42,6000 -121.42,48.46,6000 -121.46,48.50,6000 -121.51,48.54,6000 -121.56,48.57,6000 -121.63,48.61,6000 -121.71,48.64,6000 -121.79,48.66,6000 -121.85,48.69,6000 -121.90,48.72,6000 -121.94,48.75,6000 -121.96,48.79,6000 -121.97,48.83,6000 -121.97,48.88,6000 -121.96,48.92,6000 -121.94,48.97,6000 -121.90,49.01,6000 -121.85,49.05,6000 -121.79,49.09,6000 -121.73,49.13,6000 -121.50,49.23,6000 
          </coordinates>
        </LinearRing>
      </outerBoundaryIs>
      <innerBoundaryIs>
        <LinearRing>
          <coordinates>
-121.71,49.08,7000 -121.65,49.10,7000 -121.60,49.12,7000 -121.54,49.14,7000 -121.48,49.16,7000 -121.42,49.18,7000 -121.36,49.20,7000 -121.30,49.22,7000 -121.24,49.22,7000 -121.17,49.20,7000 -121.10,49.17,7000 -121.04,49.13,7000 -120.99,49.10,7000 -120.95,49.07,7000 -120.93,49.05,7000 -120.90,49.02,7000 -120.87,48.99,7000 -120.84,48.95,7000 -120.82,48.91,7000 -120.80,48.87,7000 -120.79,48.83,7000 -120.78,48.79,7000 -120.78,48.74,7000 -120.78,48.69,7000 -120.79,48.65,7000 -120.79,48.61,7000 -120.79,48.57,7000 -120.79,48.54,7000 -120.78,48.50,7000 -120.78,48.45,7000 -120.78,48.41,7000 -120.79,48.36,7000 -120.79,48.32,7000 -120.80,48.27,7000 -120.80,48.23,7000 -120.80,48.18,7000 -120.80,48.14,7000 -120.81,48.10,7000 -120.83,48.06,7000 -120.85,48.03,7000 -120.88,48.00,7000 -120.92,47.97,7000 -120.96,47.94,7000 -121.00,47.91,7000 -121.05,47.87,7000 -121.09,47.84,7000 -121.14,47.85,7000 -121.20,47.88,7000 -121.24,47.91,7000 -121.28,47.95,7000 -121.32,47.99,7000 -121.34,48.03,7000 -121.34,48.07,7000 -121.33,48.12,7000 -121.31,48.16,7000 -121.30,48.21,7000 -121.30,48.25,7000 -121.30,48.30,7000 -121.30,48.34,7000 -121.31,48.38,7000 -121.32,48.42,7000 -121.33,48.46,7000 -121.35,48.51,7000 -121.38,48.54,7000 -121.42,48.57,7000 -121.48,48.59,7000 -121.53,48.61,7000 -121.58,48.63,7000 -121.64,48.65,7000 -121.69,48.67,7000 -121.74,48.69,7000 -121.79,48.73,7000 -121.84,48.76,7000 -121.88,48.78,7000 -121.91,48.81,7000 -121.90,48.85,7000 -121.88,48.89,7000 -121.86,48.94,7000 -121.83,48.99,7000 -121.71,49.08,7000 
          </coordinates>
        </LinearRing>
      </innerBoundaryIs>
  </Polygon>
 </MultiGeometry>
</Placemark>
<Placemark>
  <name>50%</name>
  <visibility>1</visibility>
  <styleUrl>#poly_50</styleUrl>
  <MultiGeometry>
    <Polygon>
      <outerBoundaryIs>
        <LinearRing>
          <coordinates>
-121.04,51.14,6000 -120.92,51.17,6000 -120.80,51.20,6000 -120.67,51.22,6000 -120.54,51.24,6000 -120.41,51.26,6000 -120.22,51.28,6000 -120.10,51.29,6000 -119.97,51.31,6000 -119.83,51.33,6000 -119.67,51.34,6000 -119.48,51.37,6000 -119.27,51.39,6000 -119.14,51.41,6000 -118.98,51.42,6000 -118.82,51.44,6000 -118.64,51.46,6000 -118.46,51.48,6000 -118.28,51.50,6000 -118.10,51.52,6000 -117.92,51.53,6000 -117.76,51.55,6000 -117.61,51.57,6000 -117.48,51.58,6000 -117.24,51.61,6000 -117.06,51.63,6000 -116.90,51.65,6000 -116.77,51.66,6000 -116.64,51.67,6000 -116.45,51.68,6000 -116.30,51.68,6000 -116.17,51.66,6000 -116.05,51.62,6000 -115.96,51.56,6000 -115.89,51.49,6000 -115.84,51.39,6000 -115.85,51.28,6000 -115.89,51.19,6000 -115.96,51.10,6000 -116.06,51.04,6000 -116.22,51.03,6000 -116.41,51.04,6000 -116.55,51.04,6000 -116.58,50.99,6000 -116.53,50.91,6000 -116.46,50.85,6000 -116.38,50.74,6000 -116.35,50.66,6000 -116.32,50.56,6000 -116.29,50.44,6000 -116.26,50.33,6000 -116.24,50.22,6000 -116.22,50.14,6000 -116.20,50.03,6000 -116.19,49.96,6000 -116.20,49.90,6000 -116.21,49.83,6000 -116.27,49.74,6000 -116.33,49.68,6000 -116.41,49.60,6000 -116.50,49.52,6000 -116.59,49.44,6000 -116.65,49.37,6000 -116.72,49.26,6000 -116.75,49.17,6000 -116.75,49.08,6000 -116.74,48.97,6000 -116.74,48.89,6000 -116.80,48.79,6000 -116.90,48.76,6000 -117.03,48.77,6000 -117.11,48.84,6000 -117.19,48.94,6000 -117.29,49.03,6000 -117.38,49.09,6000 -117.49,49.15,6000 -117.60,49.20,6000 -117.71,49.23,6000 -117.87,49.24,6000 -118.03,49.22,6000 -118.17,49.21,6000 -118.31,49.25,6000 -118.43,49.30,6000 -118.56,49.34,6000 -118.69,49.38,6000 -118.78,49.43,6000 -118.86,49.49,6000 -118.94,49.54,6000 -119.06,49.60,6000 -119.15,49.68,6000 -119.18,49.76,6000 -119.20,49.87,6000 -119.20,49.98,6000 -119.19,50.08,6000 -119.18,50.18,6000 -119.17,50.29,6000 -119.17,50.37,6000 -119.22,50.46,6000 -119.32,50.51,6000 -119.41,50.54,6000 -119.52,50.57,6000 -119.66,50.60,6000 -119.78,50.64,6000 -119.93,50.68,6000 -120.07,50.73,6000 -120.21,50.76,6000 -120.38,50.78,6000 -120.54,50.78,6000 -120.68,50.78,6000 -120.83,50.81,6000 -120.95,50.84,6000 -121.07,50.86,6000 -121.15,50.90,6000 -121.16,50.97,6000 -121.14,51.06,6000 -121.04,51.14,6000 
          </coordinates>
        </LinearRing>
      </outerBoundaryIs>
      <innerBoundaryIs>
        <LinearRing>
          <coordinates>
-121.03,51.11,7000 -120.91,51.14,7000 -120.79,51.17,7000 -120.66,51.19,7000 -120.53,51.21,7000 -120.40,51.22,7000 -120.21,51.24,7000 -120.09,51.25,7000 -119.96,51.27,7000 -119.82,51.29,7000 -119.66,51.30,7000 -119.47,51.33,7000 -119.26,51.35,7000 -119.13,51.37,7000 -118.97,51.38,7000 -118.81,51.40,7000 -118.63,51.42,7000 -118.45,51.44,7000 -118.27,51.46,7000 -118.09,51.48,7000 -117.91,51.50,7000 -117.75,51.52,7000 -117.60,51.54,7000 -117.47,51.55,7000 -117.27,51.57,7000 -117.11,51.59,7000 -116.97,51.60,7000 -116.85,51.61,7000 -116.74,51.62,7000 -116.63,51.63,7000 -116.44,51.64,7000 -116.29,51.64,7000 -116.17,51.63,7000 -116.04,51.58,7000 -115.96,51.49,7000 -115.94,51.41,7000 -115.94,51.32,7000 -115.96,51.24,7000 -116.00,51.17,7000 -116.12,51.12,7000 -116.26,51.11,7000 -116.45,51.11,7000 -116.62,51.11,7000 -116.72,51.08,7000 -116.71,51.01,7000 -116.63,50.92,7000 -116.53,50.82,7000 -116.45,50.73,7000 -116.40,50.63,7000 -116.36,50.54,7000 -116.33,50.44,7000 -116.30,50.34,7000 -116.28,50.23,7000 -116.27,50.14,7000 -116.26,50.06,7000 -116.25,49.99,7000 -116.25,49.93,7000 -116.28,49.85,7000 -116.35,49.75,7000 -116.43,49.68,7000 -116.53,49.59,7000 -116.63,49.50,7000 -116.71,49.42,7000 -116.77,49.32,7000 -116.80,49.24,7000 -116.82,49.16,7000 -116.81,49.07,7000 -116.82,48.99,7000 -116.91,48.89,7000 -117.03,48.84,7000 -117.09,48.88,7000 -117.14,48.97,7000 -117.20,49.04,7000 -117.28,49.11,7000 -117.39,49.17,7000 -117.49,49.22,7000 -117.61,49.28,7000 -117.73,49.31,7000 -117.84,49.31,7000 -117.95,49.29,7000 -118.07,49.28,7000 -118.19,49.30,7000 -118.32,49.34,7000 -118.45,49.39,7000 -118.59,49.44,7000 -118.72,49.51,7000 -118.84,49.57,7000 -118.94,49.63,7000 -119.01,49.69,7000 -119.07,49.75,7000 -119.11,49.83,7000 -119.12,49.95,7000 -119.11,50.03,7000 -119.10,50.12,7000 -119.08,50.22,7000 -119.07,50.31,7000 -119.06,50.38,7000 -119.08,50.47,7000 -119.13,50.52,7000 -119.21,50.58,7000 -119.32,50.63,7000 -119.44,50.64,7000 -119.58,50.65,7000 -119.71,50.69,7000 -119.86,50.74,7000 -119.97,50.76,7000 -120.09,50.78,7000 -120.22,50.80,7000 -120.36,50.80,7000 -120.51,50.80,7000 -120.64,50.81,7000 -120.76,50.83,7000 -120.86,50.85,7000 -120.96,50.88,7000 -121.03,51.11,7000 
          </coordinates>
        </LinearRing>
      </innerBoundaryIs>
  </Polygon>
 </MultiGeometry>
</Placemark>
<Placemark>
  <name>50%</name>
  <visibility>1</visibility>
  <styleUrl>#poly_50</styleUrl>
  <MultiGeometry>
    <Polygon>
      <outerBoundaryIs>
        <LinearRing>
          <coordinates>
-127.33,50.26,6000 -127.26,50.28,6000 -127.19,50.30,6000 -127.13,50.31,6000 -127.06,50.33,6000 -126.99,50.35,6000 -126.92,50.37,6000 -126.85,50.38,6000 -126.78,50.39,6000 -126.71,50.41,6000 -126.63,50.42,6000 -126.56,50.44,6000 -126.48,50.45,6000 -126.42,50.45,6000 -126.35,50.46,6000 -126.26,50.46,6000 -126.18,50.46,6000 -126.11,50.45,6000 -126.04,50.44,6000 -125.97,50.43,6000 -125.90,50.41,6000 -125.84,50.39,6000 -125.78,50.37,6000 -125.73,50.34,6000 -125.68,50.30,6000 -125.65,50.26,6000 -125.62,50.22,6000 -125.60,50.17,6000 -125.58,50.12,6000 -125.56,50.07,6000 -125.53,50.03,6000 -125.51,49.99,6000 -125.48,49.95,6000 -125.45,49.91,6000 -125.41,49.88,6000 -125.38,49.85,6000 -125.33,49.81,6000 -125.29,49.78,6000 -125.24,49.74,6000 -125.19,49.70,6000 -125.13,49.66,6000 -125.08,49.63,6000 -125.04,49.59,6000 -125.00,49.56,6000 -124.95,49.52,6000 -124.92,49.48,6000 -124.90,49.45,6000 -124.90,49.41,6000 -124.90,49.37,6000 -124.92,49.33,6000 -124.94,49.29,6000 -124.97,49.25,6000 -125.01,49.22,6000 -125.06,49.19,6000 -125.13,49.17,6000 -125.21,49.15,6000 -125.28,49.13,6000 -125.35,49.13,6000 -125.41,49.14,6000 -125.47,49.15,6000 -125.52,49.17,6000 -125.58,49.20,6000 -125.64,49.22,6000 -125.70,49.24,6000 -125.76,49.27,6000 -125.83,49.30,6000 -125.89,49.32,6000 -125.95,49.35,6000 -126.01,49.38,6000 -126.08,49.40,6000 -126.14,49.43,6000 -126.20,49.46,6000 -126.26,49.49,6000 -126.31,49.52,6000 -126.36,49.56,6000 -126.41,49.60,6000 -126.45,49.64,6000 -126.50,49.67,6000 -126.55,49.70,6000 -126.60,49.73,6000 -126.66,49.75,6000 -126.71,49.77,6000 -126.76,49.80,6000 -126.81,49.82,6000 -126.86,49.85,6000 -126.92,49.87,6000 -126.97,49.90,6000 -127.02,49.93,6000 -127.06,49.96,6000 -127.11,50.00,6000 -127.15,50.03,6000 -127.19,50.07,6000 -127.24,50.11,6000 -127.28,50.15,6000 -127.33,50.26,6000 
          </coordinates>
        </LinearRing>
      </outerBoundaryIs>
      <innerBoundaryIs>
        <LinearRing>
          <coordinates>
-127.08,50.30,7000 -127.01,50.32,7000 -126.94,50.33,7000 -126.87,50.34,7000 -126.80,50.36,7000 -126.73,50.37,7000 -126.66,50.38,7000 -126.59,50.39,7000 -126.52,50.40,7000 -126.46,50.41,7000 -126.39,50.41,7000 -126.32,50.42,7000 -126.25,50.42,7000 -126.19,50.42,7000 -126.13,50.42,7000 -126.07,50.42,7000 -125.99,50.41,7000 -125.92,50.39,7000 -125.86,50.37,7000 -125.81,50.34,7000 -125.76,50.31,7000 -125.72,50.28,7000 -125.70,50.25,7000 -125.68,50.22,7000 -125.66,50.18,7000 -125.63,50.14,7000 -125.61,50.11,7000 -125.59,50.07,7000 -125.56,50.03,7000 -125.54,49.98,7000 -125.51,49.94,7000 -125.49,49.90,7000 -125.46,49.86,7000 -125.44,49.83,7000 -125.39,49.79,7000 -125.35,49.76,7000 -125.30,49.74,7000 -125.24,49.70,7000 -125.21,49.67,7000 -125.17,49.63,7000 -125.13,49.60,7000 -125.08,49.55,7000 -125.04,49.51,7000 -125.01,49.47,7000 -124.98,49.43,7000 -124.97,49.40,7000 -124.97,49.35,7000 -125.00,49.31,7000 -125.03,49.27,7000 -125.08,49.24,7000 -125.12,49.21,7000 -125.17,49.19,7000 -125.23,49.17,7000 -125.30,49.17,7000 -125.37,49.17,7000 -125.42,49.18,7000 -125.48,49.20,7000 -125.54,49.22,7000 -125.60,49.24,7000 -125.66,49.27,7000 -125.71,49.29,7000 -125.77,49.31,7000 -125.83,49.34,7000 -125.89,49.36,7000 -125.94,49.39,7000 -126.00,49.41,7000 -126.06,49.43,7000 -126.11,49.46,7000 -126.16,49.48,7000 -126.22,49.51,7000 -126.28,49.54,7000 -126.33,49.57,7000 -126.37,49.60,7000 -126.42,49.64,7000 -126.47,49.68,7000 -126.52,49.71,7000 -126.57,49.75,7000 -126.62,49.78,7000 -126.68,49.81,7000 -126.73,49.84,7000 -126.79,49.86,7000 -126.84,49.88,7000 -126.89,49.91,7000 -126.94,49.93,7000 -126.99,49.96,7000 -127.04,49.99,7000 -127.08,50.02,7000 -127.12,50.05,7000 -127.15,50.08,7000 -127.18,50.12,7000 -127.20,50.15,7000 -127.22,50.19,7000 -127.23,50.23,7000 -127.08,50.30,7000 
          </coordinates>
        </LinearRing>
      </innerBoundaryIs>
  </Polygon>
 </MultiGeometry>
</Placemark>
<Placemark>
  <name>50%</name>
  <visibility>1</visibility>
  <styleUrl>#poly_50</styleUrl>
  <MultiGeometry>
    <Polygon>
      <outerBoundaryIs>
        <LinearRing>
          <coordinates>
-100.20,51.49,6000 -100.07,51.49,6000 -99.94,51.50,6000 -99.82,51.50,6000 -99.70,51.50,6000 -99.59,51.50,6000 -99.47,51.50,6000 -99.36,51.50,6000 -99.25,51.49,6000 -99.13,51.48,6000 -99.00,51.46,6000 -98.85,51.43,6000 -98.71,51.41,6000 -98.55,51.40,6000 -98.41,51.41,6000 -98.26,51.43,6000 -98.10,51.45,6000 -97.97,51.47,6000 -97.86,51.47,6000 -97.73,51.42,6000 -97.69,51.33,6000 -97.68,51.28,6000 -97.70,51.22,6000 -97.71,51.13,6000 -97.70,51.05,6000 -97.69,50.96,6000 -97.68,50.86,6000 -97.68,50.77,6000 -97.69,50.69,6000 -97.75,50.59,6000 -97.83,50.52,6000 -97.90,50.45,6000 -97.96,50.38,6000 -98.01,50.32,6000 -98.03,50.25,6000 -98.02,50.18,6000 -97.98,50.11,6000 -97.93,50.04,6000 -97.87,49.97,6000 -97.80,49.90,6000 -97.73,49.82,6000 -97.69,49.76,6000 -97.65,49.68,6000 -97.61,49.61,6000 -97.57,49.53,6000 -97.54,49.46,6000 -97.50,49.38,6000 -97.47,49.30,6000 -97.45,49.22,6000 -97.44,49.16,6000 -97.45,49.07,6000 -97.50,49.01,6000 -97.63,48.98,6000 -97.78,48.98,6000 -97.88,49.01,6000 -97.98,49.07,6000 -98.08,49.13,6000 -98.14,49.18,6000 -98.19,49.23,6000 -98.25,49.29,6000 -98.33,49.37,6000 -98.39,49.43,6000 -98.46,49.51,6000 -98.54,49.59,6000 -98.62,49.67,6000 -98.69,49.75,6000 -98.77,49.83,6000 -98.83,49.89,6000 -98.92,49.97,6000 -98.99,50.03,6000 -99.05,50.09,6000 -99.12,50.14,6000 -99.20,50.19,6000 -99.28,50.24,6000 -99.37,50.29,6000 -99.45,50.34,6000 -99.54,50.39,6000 -99.63,50.44,6000 -99.71,50.49,6000 -99.79,50.55,6000 -99.84,50.61,6000 -99.88,50.67,6000 -99.92,50.74,6000 -99.99,50.82,6000 -100.06,50.89,6000 -100.15,50.97,6000 -100.25,51.06,6000 -100.35,51.15,6000 -100.43,51.23,6000 -100.48,51.29,6000 -100.49,51.40,6000 -100.38,51.45,6000 -100.20,51.49,6000 
          </coordinates>
        </LinearRing>
      </outerBoundaryIs>
      <innerBoundaryIs>
        <LinearRing>
          <coordinates>
-99.93,51.31,7000 -99.89,51.32,7000 -99.84,51.33,7000 -99.80,51.33,7000 -99.76,51.34,7000 -99.71,51.35,7000 -99.67,51.35,7000 -99.62,51.35,7000 -99.57,51.36,7000 -99.51,51.36,7000 -99.46,51.36,7000 -99.41,51.36,7000 -99.36,51.36,7000 -99.30,51.35,7000 -99.25,51.35,7000 -99.19,51.34,7000 -99.15,51.34,7000 -99.09,51.33,7000 -99.05,51.33,7000 -99.01,51.32,7000 -98.97,51.31,7000 -98.94,51.30,7000 -98.89,51.28,7000 -98.85,51.27,7000 -98.81,51.25,7000 -98.76,51.23,7000 -98.71,51.21,7000 -98.67,51.19,7000 -98.63,51.17,7000 -98.60,51.15,7000 -98.58,51.12,7000 -98.56,51.09,7000 -98.54,51.07,7000 -98.52,51.04,7000 -98.51,51.01,7000 -98.50,50.98,7000 -98.49,50.95,7000 -98.48,50.91,7000 -98.48,50.88,7000 -98.48,50.85,7000 -98.48,50.82,7000 -98.49,50.79,7000 -98.50,50.76,7000 -98.52,50.73,7000 -98.53,50.70,7000 -98.54,50.68,7000 -98.56,50.64,7000 -98.57,50.62,7000 -98.60,50.59,7000 -98.63,50.57,7000 -98.67,50.55,7000 -98.71,50.53,7000 -98.75,50.51,7000 -98.79,50.49,7000 -98.82,50.48,7000 -98.85,50.48,7000 -98.89,50.49,7000 -98.94,50.50,7000 -98.98,50.51,7000 -99.02,50.51,7000 -99.06,50.52,7000 -99.11,50.53,7000 -99.15,50.54,7000 -99.19,50.56,7000 -99.24,50.57,7000 -99.29,50.59,7000 -99.34,50.61,7000 -99.37,50.62,7000 -99.42,50.63,7000 -99.45,50.66,7000 -99.46,50.68,7000 -99.48,50.71,7000 -99.49,50.74,7000 -99.50,50.77,7000 -99.52,50.80,7000 -99.53,50.83,7000 -99.55,50.86,7000 -99.56,50.89,7000 -99.58,50.92,7000 -99.59,50.95,7000 -99.61,50.97,7000 -99.62,50.99,7000 -99.63,51.01,7000 -99.65,51.02,7000 -99.67,51.04,7000 -99.70,51.06,7000 -99.73,51.09,7000 -99.76,51.12,7000 -99.79,51.15,7000 -99.82,51.18,7000 -99.85,51.21,7000 -99.88,51.24,7000 -99.91,51.26,7000 -99.93,51.28,7000 -99.95,51.30,7000 -99.93,51.31,7000 
          </coordinates>
        </LinearRing>
      </innerBoundaryIs>
  </Polygon>
 </MultiGeometry>
</Placemark>
<Placemark>
  <name>50%</name>
  <visibility>1</visibility>
  <styleUrl>#poly_50</styleUrl>
  <MultiGeometry>
    <Polygon>
      <outerBoundaryIs>
        <LinearRing>
          <coordinates>
-114.44,46.33,6000 -114.44,46.33,6000 -114.44,46.32,6000 -114.43,46.31,6000 -114.43,46.30,6000 -114.42,46.28,6000 -114.42,46.27,6000 -114.41,46.26,6000 -114.41,46.25,6000 -114.40,46.24,6000 -114.40,46.23,6000 -114.39,46.22,6000 -114.39,46.21,6000 -114.38,46.20,6000 -114.38,46.19,6000 -114.37,46.17,6000 -114.37,46.16,6000 -114.36,46.15,6000 -114.36,46.14,6000 -114.35,46.13,6000 -114.35,46.12,6000 -114.35,46.11,6000 -114.35,46.09,6000 -114.35,46.08,6000 -114.34,46.06,6000 -114.34,46.05,6000 -114.35,46.04,6000 -114.35,46.03,6000 -114.36,46.02,6000 -114.38,46.02,6000 -114.39,46.02,6000 -114.40,46.02,6000 -114.42,46.02,6000 -114.43,46.02,6000 -114.45,46.03,6000 -114.47,46.03,6000 -114.48,46.03,6000 -114.50,46.04,6000 -114.52,46.04,6000 -114.54,46.05,6000 -114.56,46.05,6000 -114.58,46.05,6000 -114.59,46.06,6000 -114.61,46.06,6000 -114.62,46.07,6000 -114.63,46.07,6000 -114.64,46.07,6000 -114.64,46.08,6000 -114.64,46.08,6000 -114.65,46.09,6000 -114.64,46.11,6000 -114.64,46.12,6000 -114.63,46.12,6000 -114.62,46.13,6000 -114.62,46.14,6000 -114.61,46.15,6000 -114.60,46.16,6000 -114.60,46.17,6000 -114.59,46.18,6000 -114.58,46.19,6000 -114.57,46.20,6000 -114.56,46.21,6000 -114.55,46.22,6000 -114.54,46.23,6000 -114.53,46.25,6000 -114.52,46.26,6000 -114.51,46.27,6000 -114.44,46.33,6000 
          </coordinates>
        </LinearRing>
      </outerBoundaryIs>
  </Polygon>
 </MultiGeometry>
</Placemark>
<Placemark>
  <name>50%</name>
  <visibility>1</visibility>
  <styleUrl>#poly_50</styleUrl>
  <MultiGeometry>
    <Polygon>
      <outerBoundaryIs>
        <LinearRing>
          <coordinates>
-125.09,50.63,6000 -125.00,50.65,6000 -124.90,50.66,6000 -124.81,50.68,6000 -124.72,50.69,6000 -124.62,50.71,6000 -124.53,50.72,6000 -124.43,50.74,6000 -124.34,50.75,6000 -124.24,50.76,6000 -124.14,50.78,6000 -124.04,50.79,6000 -123.94,50.81,6000 -123.84,50.82,6000 -123.75,50.83,6000 -123.67,50.84,6000 -123.59,50.85,6000 -123.47,50.86,6000 -123.38,50.87,6000 -123.31,50.88,6000 -123.23,50.88,6000 -123.13,50.88,6000 -123.04,50.88,6000 -122.93,50.86,6000 -122.85,50.85,6000 -122.77,50.83,6000 -122.69,50.81,6000 -122.60,50.78,6000 -122.50,50.75,6000 -122.42,50.72,6000 -122.34,50.69,6000 -122.25,50.65,6000 -122.17,50.61,6000 -122.08,50.56,6000 -122.01,50.52,6000 -121.95,50.48,6000 -121.89,50.42,6000 -121.84,50.36,6000 -121.81,50.30,6000 -121.79,50.23,6000 -121.77,50.17,6000 -121.76,50.11,6000 -121.77,50.05,6000 -121.77,49.99,6000 -121.78,49.93,6000 -121.80,49.88,6000 -121.81,49.83,6000 -121.83,49.76,6000 -121.86,49.71,6000 -121.90,49.66,6000 -121.94,49.61,6000 -121.98,49.57,6000 -122.03,49.52,6000 -122.10,49.48,6000 -122.18,49.45,6000 -122.27,49.43,6000 -122.37,49.41,6000 -122.48,49.39,6000 -122.58,49.38,6000 -122.66,49.38,6000 -122.75,49.38,6000 -122.84,49.38,6000 -122.93,49.39,6000 -123.02,49.41,6000 -123.11,49.42,6000 -123.21,49.44,6000 -123.30,49.45,6000 -123.41,49.47,6000 -123.50,49.50,6000 -123.60,49.53,6000 -123.68,49.56,6000 -123.75,49.60,6000 -123.81,49.65,6000 -123.87,49.71,6000 -123.93,49.76,6000 -123.98,49.81,6000 -124.04,49.85,6000 -124.12,49.88,6000 -124.19,49.91,6000 -124.27,49.92,6000 -124.35,49.95,6000 -124.43,49.98,6000 -124.50,50.02,6000 -124.58,50.07,6000 -124.66,50.12,6000 -124.73,50.18,6000 -124.80,50.22,6000 -124.86,50.26,6000 -124.94,50.30,6000 -124.99,50.31,6000 -125.04,50.34,6000 -125.09,50.38,6000 -125.14,50.42,6000 -125.20,50.48,6000 -125.25,50.53,6000 -125.09,50.63,6000 
          </coordinates>
        </LinearRing>
      </outerBoundaryIs>
      <innerBoundaryIs>
        <LinearRing>
          <coordinates>
-125.08,50.59,7000 -124.99,50.61,7000 -124.89,50.62,7000 -124.80,50.64,7000 -124.71,50.66,7000 -124.61,50.67,7000 -124.52,50.69,7000 -124.42,50.71,7000 -124.33,50.72,7000 -124.23,50.73,7000 -124.14,50.75,7000 -124.04,50.76,7000 -123.94,50.78,7000 -123.84,50.79,7000 -123.74,50.80,7000 -123.65,50.81,7000 -123.57,50.82,7000 -123.46,50.83,7000 -123.37,50.84,7000 -123.27,50.84,7000 -123.19,50.84,7000 -123.11,50.84,7000 -123.03,50.84,7000 -122.93,50.83,7000 -122.85,50.81,7000 -122.77,50.78,7000 -122.70,50.76,7000 -122.62,50.73,7000 -122.56,50.69,7000 -122.47,50.65,7000 -122.41,50.62,7000 -122.33,50.60,7000 -122.25,50.57,7000 -122.17,50.53,7000 -122.10,50.50,7000 -122.04,50.47,7000 -121.97,50.42,7000 -121.92,50.37,7000 -121.89,50.32,7000 -121.86,50.26,7000 -121.85,50.21,7000 -121.85,50.16,7000 -121.85,50.11,7000 -121.86,50.05,7000 -121.88,49.99,7000 -121.90,49.94,7000 -121.92,49.89,7000 -121.94,49.83,7000 -121.97,49.77,7000 -122.00,49.72,7000 -122.02,49.67,7000 -122.05,49.63,7000 -122.10,49.57,7000 -122.14,49.55,7000 -122.21,49.52,7000 -122.27,49.50,7000 -122.34,49.48,7000 -122.42,49.45,7000 -122.51,49.44,7000 -122.60,49.43,7000 -122.67,49.43,7000 -122.75,49.43,7000 -122.84,49.44,7000 -122.93,49.44,7000 -123.01,49.45,7000 -123.10,49.47,7000 -123.18,49.48,7000 -123.27,49.50,7000 -123.36,49.52,7000 -123.45,49.54,7000 -123.54,49.57,7000 -123.62,49.60,7000 -123.70,49.63,7000 -123.77,49.67,7000 -123.83,49.72,7000 -123.89,49.77,7000 -123.95,49.83,7000 -124.01,49.87,7000 -124.06,49.91,7000 -124.14,49.94,7000 -124.21,49.96,7000 -124.27,49.97,7000 -124.34,49.99,7000 -124.40,50.02,7000 -124.46,50.05,7000 -124.52,50.09,7000 -124.59,50.13,7000 -124.65,50.16,7000 -124.73,50.20,7000 -124.80,50.25,7000 -124.88,50.29,7000 -124.95,50.33,7000 -125.00,50.36,7000 -125.08,50.42,7000 -125.10,50.46,7000 -125.08,50.59,7000 
          </coordinates>
        </LinearRing>
      </innerBoundaryIs>
  </Polygon>
 </MultiGeometry>
</Placemark>
<Placemark>
  <name>50%</name>
  <visibility>1</visibility>
  <styleUrl>#poly_50</styleUrl>
  <MultiGeometry>
    <Polygon>
      <outerBoundaryIs>
        <LinearRing>
          <coordinates>
-113.91,47.36,6000 -113.89,47.37,6000 -113.88,47.37,6000 -113.86,47.38,6000 -113.84,47.38,6000 -113.82,47.39,6000 -113.81,47.39,6000 -113.79,47.39,6000 -113.78,47.40,6000 -113.76,47.40,6000 -113.75,47.41,6000 -113.73,47.41,6000 -113.72,47.41,6000 -113.71,47.41,6000 -113.70,47.42,6000 -113.69,47.42,6000 -113.68,47.42,6000 -113.67,47.42,6000 -113.65,47.42,6000 -113.65,47.41,6000 -113.65,47.39,6000 -113.65,47.38,6000 -113.65,47.37,6000 -113.65,47.36,6000 -113.65,47.36,6000 -113.65,47.34,6000 -113.65,47.33,6000 -113.65,47.33,6000 -113.66,47.32,6000 -113.66,47.31,6000 -113.66,47.29,6000 -113.66,47.28,6000 -113.66,47.27,6000 -113.67,47.26,6000 -113.67,47.25,6000 -113.68,47.24,6000 -113.68,47.23,6000 -113.69,47.22,6000 -113.69,47.21,6000 -113.70,47.20,6000 -113.71,47.19,6000 -113.72,47.18,6000 -113.74,47.18,6000 -113.75,47.17,6000 -113.76,47.16,6000 -113.78,47.16,6000 -113.80,47.15,6000 -113.81,47.15,6000 -113.83,47.15,6000 -113.84,47.14,6000 -113.85,47.14,6000 -113.86,47.14,6000 -113.88,47.14,6000 -113.89,47.14,6000 -113.89,47.15,6000 -113.90,47.16,6000 -113.90,47.18,6000 -113.90,47.19,6000 -113.90,47.19,6000 -113.90,47.20,6000 -113.90,47.21,6000 -113.91,47.22,6000 -113.91,47.23,6000 -113.91,47.24,6000 -113.91,47.25,6000 -113.91,47.26,6000 -113.91,47.27,6000 -113.91,47.28,6000 -113.91,47.29,6000 -113.91,47.30,6000 -113.91,47.31,6000 -113.91,47.33,6000 -113.91,47.34,6000 -113.91,47.35,6000 -113.91,47.36,6000 
          </coordinates>
        </LinearRing>
      </outerBoundaryIs>
  </Polygon>
 </MultiGeometry>
</Placemark>
<Placemark>
  <name>50%</name>
  <visibility>1</visibility>
  <styleUrl>#poly_50</styleUrl>
  <MultiGeometry>
    <Polygon>
      <outerBoundaryIs>
        <LinearRing>
          <coordinates>
-69.31,50.84,6000 -68.53,50.80,6000 -68.12,50.81,6000 -67.67,50.73,6000 -67.06,50.51,6000 -66.48,50.28,6000 -66.18,50.13,6000 -66.01,49.95,6000 -65.94,49.83,6000 -65.89,49.69,6000 -65.99,49.56,6000 -66.43,49.26,6000 -66.24,49.10,6000 -65.84,49.00,6000 -65.51,48.81,6000 -65.59,48.60,6000 -66.13,48.34,6000 -66.50,48.26,6000 -66.80,48.24,6000 -67.24,48.28,6000 -67.52,48.19,6000 -67.83,48.06,6000 -68.05,48.02,6000 -68.31,48.10,6000 -68.89,48.10,6000 -69.14,48.16,6000 -69.35,48.13,6000 -69.76,47.77,6000 -70.18,47.38,6000 -70.44,47.06,6000 -70.92,46.77,6000 -71.44,46.63,6000 -72.11,46.59,6000 -72.48,46.54,6000 -72.76,46.45,6000 -73.19,46.20,6000 -73.71,45.74,6000 -73.98,45.62,6000 -74.27,45.57,6000 -74.75,45.52,6000 -75.08,45.39,6000 -75.34,45.22,6000 -75.64,45.08,6000 -75.89,44.94,6000 -75.90,44.70,6000 -75.67,44.61,6000 -75.42,44.67,6000 -75.14,44.86,6000 -74.33,44.87,6000 -74.10,44.83,6000 -73.96,44.70,6000 -73.96,44.50,6000 -73.98,44.21,6000 -74.10,43.94,6000 -74.32,43.55,6000 -74.48,43.10,6000 -74.65,42.64,6000 -74.94,42.20,6000 -75.41,42.00,6000 -76.00,41.92,6000 -76.44,41.93,6000 -76.51,41.66,6000 -76.62,41.51,6000 -76.73,41.50,6000 -77.19,41.53,6000 -77.48,41.42,6000 -77.74,41.25,6000 -78.12,40.83,6000 -78.46,40.38,6000 -78.87,39.83,6000 -79.03,39.64,6000 -79.20,39.31,6000 -79.41,38.83,6000 -79.54,38.60,6000 -79.75,38.37,6000 -80.31,38.02,6000 -80.79,37.77,6000 -81.07,37.68,6000 -81.28,37.53,6000 -81.52,37.65,6000 -81.42,37.80,6000 -81.21,38.00,6000 -81.13,38.17,6000 -80.98,38.68,6000 -80.60,39.11,6000 -80.22,39.50,6000 -80.05,39.64,6000 -79.87,39.90,6000 -79.75,40.07,6000 -79.62,40.40,6000 -79.78,40.60,6000 -80.17,40.77,6000 -80.44,40.94,6000 -80.67,41.03,6000 -81.08,41.04,6000 -81.42,41.11,6000 -81.70,41.26,6000 -81.74,41.55,6000 -81.23,41.83,6000 -80.65,42.10,6000 -80.15,42.37,6000 -79.87,42.51,6000 -79.61,42.70,6000 -79.17,42.98,6000 -79.02,43.10,6000 -78.92,43.37,6000 -79.09,43.78,6000 -79.31,44.17,6000 -79.56,44.29,6000 -79.85,44.25,6000 -80.14,43.90,6000 -80.40,43.77,6000 -80.69,43.52,6000 -80.82,43.29,6000 -80.98,43.23,6000 -81.23,43.25,6000 -81.47,43.40,6000 -81.68,43.66,6000 -82.05,44.07,6000 -82.53,44.34,6000 -83.11,44.58,6000 -83.62,44.57,6000 -83.97,44.49,6000 -84.33,44.36,6000 -84.62,44.18,6000 -85.06,43.81,6000 -85.47,43.41,6000 -85.54,43.06,6000 -85.32,42.70,6000 -85.09,42.36,6000 -84.92,41.95,6000 -84.82,41.66,6000 -84.90,41.35,6000 -85.22,41.09,6000 -85.52,40.97,6000 -85.98,40.85,6000 -86.88,40.89,6000 -87.49,40.61,6000 -87.81,40.53,6000 -88.13,40.39,6000 -88.54,40.22,6000 -88.81,40.20,6000 -89.30,40.21,6000 -89.81,40.22,6000 -90.19,40.21,6000 -90.48,40.14,6000 -90.92,39.90,6000 -91.16,39.87,6000 -91.33,39.94,6000 -91.62,40.09,6000 -92.21,40.32,6000 -92.83,40.54,6000 -93.61,40.82,6000 -94.23,41.03,6000 -94.73,41.23,6000 -95.08,41.58,6000 -95.46,41.99,6000 -95.68,42.19,6000 -95.97,42.31,6000 -96.26,42.26,6000 -96.61,42.11,6000 -97.54,42.23,6000 -98.03,42.15,6000 -98.35,42.22,6000 -98.62,42.38,6000 -98.69,42.57,6000 -98.51,42.65,6000 -98.08,42.60,6000 -97.81,42.76,6000 -97.71,43.06,6000 -97.62,43.22,6000 -97.37,43.27,6000 -97.11,43.08,6000 -96.88,43.10,6000 -96.84,43.18,6000 -96.91,43.53,6000 -96.78,43.73,6000 -96.71,43.99,6000 -96.89,44.56,6000 -97.02,44.91,6000 -97.17,45.49,6000 -96.80,46.02,6000 -96.76,46.36,6000 -96.79,46.71,6000 -96.81,46.97,6000 -96.69,47.09,6000 -96.21,46.83,6000 -95.71,46.56,6000 -95.32,46.50,6000 -94.90,46.51,6000 -94.50,46.55,6000 -94.19,46.69,6000 -93.50,47.03,6000 -92.86,47.34,6000 -92.31,47.64,6000 -91.77,47.88,6000 -91.24,48.03,6000 -90.67,48.19,6000 -90.14,48.39,6000 -89.33,48.47,6000 -89.21,48.51,6000 -89.06,48.78,6000 -88.81,48.95,6000 -88.48,49.11,6000 -87.99,49.44,6000 -87.53,49.71,6000 -87.06,49.97,6000 -86.57,50.27,6000 -86.06,50.43,6000 -85.62,50.44,6000 -85.17,50.39,6000 -84.87,50.26,6000 -84.59,50.08,6000 -84.03,49.82,6000 -83.27,49.47,6000 -82.49,49.10,6000 -81.87,48.83,6000 -81.22,48.63,6000 -80.75,48.56,6000 -80.14,48.41,6000 -79.49,48.25,6000 -78.74,48.04,6000 -78.02,47.87,6000 -77.03,47.90,6000 -76.70,47.91,6000 -76.20,48.01,6000 -75.57,48.17,6000 -74.92,48.34,6000 -74.29,48.55,6000 -74.02,48.71,6000 -73.71,48.84,6000 -72.95,49.08,6000 -72.49,49.48,6000 -71.95,49.73,6000 -71.57,50.07,6000 -71.23,50.41,6000 -70.97,50.52,6000 -70.54,50.62,6000 -69.31,50.84,6000 
          </coordinates>
        </LinearRing>
      </outerBoundaryIs>
      <innerBoundaryIs>
        <LinearRing>
          <coordinates>
-69.07,50.79,7000 -68.28,50.75,7000 -67.88,50.72,7000 -67.48,50.60,7000 -66.94,50.40,7000 -66.43,50.19,7000 -66.18,50.04,7000 -66.02,49.81,7000 -66.07,49.55,7000 -66.72,49.18,7000 -66.76,49.03,7000 -66.22,49.02,7000 -65.76,48.87,7000 -65.71,48.74,7000 -65.82,48.62,7000 -66.13,48.46,7000 -66.44,48.38,7000 -66.95,48.41,7000 -67.26,48.45,7000 -67.47,48.38,7000 -67.86,48.31,7000 -68.13,48.51,7000 -68.44,48.51,7000 -68.75,48.39,7000 -69.29,48.25,7000 -69.58,48.09,7000 -69.76,47.89,7000 -70.14,47.54,7000 -70.42,47.23,7000 -70.87,46.92,7000 -71.39,46.76,7000 -71.94,46.70,7000 -72.45,46.68,7000 -72.70,46.61,7000 -73.13,46.37,7000 -73.67,45.93,7000 -73.95,45.76,7000 -74.24,45.70,7000 -74.72,45.68,7000 -75.11,45.61,7000 -75.74,45.42,7000 -76.26,45.31,7000 -76.33,45.12,7000 -76.34,44.86,7000 -76.21,44.58,7000 -75.86,44.42,7000 -75.36,44.49,7000 -74.83,44.67,7000 -74.39,44.74,7000 -74.21,44.73,7000 -74.12,44.61,7000 -74.10,44.31,7000 -74.16,44.05,7000 -74.43,43.56,7000 -74.57,43.16,7000 -74.84,42.65,7000 -75.19,42.42,7000 -75.47,42.28,7000 -75.80,42.23,7000 -76.17,42.28,7000 -76.55,42.37,7000 -76.90,42.28,7000 -77.14,42.10,7000 -77.55,41.59,7000 -77.98,41.31,7000 -78.29,40.86,7000 -78.68,40.34,7000 -78.85,40.03,7000 -79.07,39.75,7000 -79.28,39.36,7000 -79.51,38.77,7000 -79.71,38.51,7000 -79.90,38.35,7000 -80.53,38.02,7000 -80.85,38.00,7000 -80.85,38.28,7000 -80.73,38.57,7000 -80.46,38.89,7000 -80.14,39.20,7000 -79.79,39.69,7000 -79.44,40.18,7000 -79.21,40.56,7000 -79.31,40.75,7000 -79.68,40.89,7000 -80.19,41.07,7000 -80.73,41.23,7000 -81.26,41.22,7000 -81.54,41.35,7000 -81.58,41.52,7000 -81.47,41.62,7000 -80.84,41.86,7000 -80.24,42.21,7000 -79.68,42.51,7000 -79.11,42.87,7000 -78.73,43.12,7000 -78.70,43.39,7000 -78.77,43.59,7000 -79.00,43.98,7000 -79.25,44.35,7000 -79.53,44.40,7000 -79.74,44.38,7000 -80.02,44.23,7000 -80.12,44.10,7000 -80.34,43.90,7000 -80.63,43.75,7000 -80.92,43.51,7000 -81.19,43.43,7000 -81.63,43.79,7000 -82.10,44.20,7000 -82.61,44.45,7000 -82.87,44.59,7000 -83.15,44.67,7000 -83.69,44.64,7000 -84.09,44.54,7000 -84.42,44.40,7000 -84.95,44.01,7000 -85.46,43.59,7000 -85.64,43.24,7000 -85.62,42.97,7000 -85.50,42.78,7000 -85.26,42.47,7000 -85.06,42.03,7000 -84.97,41.68,7000 -85.01,41.49,7000 -85.15,41.32,7000 -85.39,41.18,7000 -85.68,41.08,7000 -86.12,41.02,7000 -86.53,41.07,7000 -86.97,41.09,7000 -87.13,41.03,7000 -87.34,40.87,7000 -87.76,40.76,7000 -88.38,40.70,7000 -88.83,40.60,7000 -89.17,40.58,7000 -89.64,40.52,7000 -89.92,40.44,7000 -90.49,40.26,7000 -91.09,40.12,7000 -91.63,40.34,7000 -92.45,40.63,7000 -92.92,40.81,7000 -93.46,40.98,7000 -93.67,41.04,7000 -93.84,41.22,7000 -94.15,41.37,7000 -94.44,41.39,7000 -94.69,41.50,7000 -94.83,41.64,7000 -95.12,42.11,7000 -95.56,42.43,7000 -95.70,42.57,7000 -95.94,42.61,7000 -96.20,42.63,7000 -96.43,42.59,7000 -96.69,42.29,7000 -96.97,42.24,7000 -97.28,42.30,7000 -97.78,42.36,7000 -98.09,42.26,7000 -98.32,42.37,7000 -98.18,42.46,7000 -97.78,42.55,7000 -97.58,42.75,7000 -97.38,42.82,7000 -96.97,42.80,7000 -96.62,42.84,7000 -96.16,43.14,7000 -96.17,43.48,7000 -96.32,43.65,7000 -96.54,44.00,7000 -96.74,44.40,7000 -96.93,44.85,7000 -97.03,45.32,7000 -96.85,45.76,7000 -96.65,46.19,7000 -96.66,46.56,7000 -96.61,46.74,7000 -96.42,46.82,7000 -95.90,46.54,7000 -95.63,46.39,7000 -95.31,46.34,7000 -94.94,46.33,7000 -94.57,46.38,7000 -94.05,46.58,7000 -93.52,46.89,7000 -92.77,47.21,7000 -92.23,47.50,7000 -91.91,47.69,7000 -91.50,47.80,7000 -91.11,47.87,7000 -90.75,48.01,7000 -90.31,48.18,7000 -89.76,48.34,7000 -89.50,48.33,7000 -89.30,48.34,7000 -89.08,48.43,7000 -88.82,48.77,7000 -88.32,49.02,7000 -87.88,49.36,7000 -87.38,49.64,7000 -86.81,49.99,7000 -86.54,50.16,7000 -86.15,50.33,7000 -85.77,50.38,7000 -85.27,50.35,7000 -85.01,50.26,7000 -84.77,50.10,7000 -84.47,49.96,7000 -83.94,49.80,7000 -83.56,49.54,7000 -83.00,49.32,7000 -82.66,49.17,7000 -82.44,49.00,7000 -82.13,48.84,7000 -81.88,48.77,7000 -81.29,48.63,7000 -80.57,48.46,7000 -79.92,48.30,7000 -79.28,48.14,7000 -78.67,47.95,7000 -78.03,47.81,7000 -77.24,47.82,7000 -76.45,47.90,7000 -75.75,48.06,7000 -75.16,48.22,7000 -74.51,48.39,7000 -74.00,48.66,7000 -73.67,48.79,7000 -73.21,48.91,7000 -72.92,49.01,7000 -72.66,49.21,7000 -72.49,49.38,7000 -72.12,49.60,7000 -71.77,49.77,7000 -71.61,49.91,7000 -71.23,50.33,7000 -70.91,50.48,7000 -70.45,50.58,7000 -69.70,50.72,7000 -69.07,50.79,7000 
          </coordinates>
        </LinearRing>
      </innerBoundaryIs>
  </Polygon>
 </MultiGeometry>
</Placemark>
<Placemark>
  <name>50%</name>
  <visibility>1</visibility>
  <styleUrl>#poly_50</styleUrl>
  <MultiGeometry>
    <Polygon>
      <outerBoundaryIs>
        <LinearRing>
          <coordinates>
-110.56,45.29,6000 -110.50,45.33,6000 -110.45,45.36,6000 -110.39,45.39,6000 -110.33,45.40,6000 -110.26,45.39,6000 -110.19,45.37,6000 -110.12,45.34,6000 -110.07,45.32,6000 -110.03,45.29,6000 -110.00,45.27,6000 -109.95,45.24,6000 -109.90,45.21,6000 -109.85,45.17,6000 -109.82,45.14,6000 -109.80,45.10,6000 -109.79,45.06,6000 -109.79,45.01,6000 -109.79,44.97,6000 -109.79,44.93,6000 -109.80,44.88,6000 -109.81,44.83,6000 -109.82,44.79,6000 -109.83,44.75,6000 -109.84,44.70,6000 -109.85,44.66,6000 -109.86,44.62,6000 -109.88,44.58,6000 -109.89,44.54,6000 -109.91,44.50,6000 -109.94,44.47,6000 -109.99,44.45,6000 -110.05,44.45,6000 -110.08,44.43,6000 -110.06,44.40,6000 -110.00,44.36,6000 -109.95,44.33,6000 -109.91,44.30,6000 -109.91,44.27,6000 -109.90,44.24,6000 -109.88,44.19,6000 -109.86,44.14,6000 -109.85,44.10,6000 -109.84,44.04,6000 -109.87,44.01,6000 -109.92,44.01,6000 -109.99,44.03,6000 -110.06,44.05,6000 -110.10,44.08,6000 -110.09,44.12,6000 -110.05,44.17,6000 -110.01,44.22,6000 -110.00,44.26,6000 -110.04,44.28,6000 -110.11,44.29,6000 -110.16,44.30,6000 -110.18,44.33,6000 -110.18,44.37,6000 -110.19,44.42,6000 -110.21,44.46,6000 -110.23,44.50,6000 -110.25,44.55,6000 -110.28,44.59,6000 -110.31,44.63,6000 -110.33,44.67,6000 -110.36,44.71,6000 -110.39,44.75,6000 -110.42,44.79,6000 -110.45,44.84,6000 -110.47,44.88,6000 -110.49,44.91,6000 -110.50,44.92,6000 -110.53,44.95,6000 -110.57,44.98,6000 -110.60,45.03,6000 -110.63,45.07,6000 -110.64,45.11,6000 -110.64,45.16,6000 -110.64,45.20,6000 -110.63,45.25,6000 -110.56,45.29,6000 
          </coordinates>
        </LinearRing>
      </outerBoundaryIs>
      <innerBoundaryIs>
        <LinearRing>
          <coordinates>
-110.32,45.34,7000 -110.28,45.33,7000 -110.25,45.32,7000 -110.21,45.31,7000 -110.18,45.30,7000 -110.15,45.29,7000 -110.12,45.28,7000 -110.09,45.26,7000 -110.06,45.24,7000 -110.04,45.23,7000 -110.01,45.21,7000 -109.98,45.19,7000 -109.96,45.17,7000 -109.94,45.15,7000 -109.92,45.13,7000 -109.91,45.11,7000 -109.91,45.09,7000 -109.91,45.06,7000 -109.91,45.04,7000 -109.91,45.01,7000 -109.91,44.98,7000 -109.91,44.96,7000 -109.91,44.94,7000 -109.91,44.91,7000 -109.91,44.89,7000 -109.91,44.86,7000 -109.91,44.84,7000 -109.91,44.81,7000 -109.91,44.79,7000 -109.91,44.76,7000 -109.92,44.73,7000 -109.93,44.70,7000 -109.93,44.68,7000 -109.94,44.65,7000 -109.95,44.63,7000 -109.95,44.61,7000 -109.96,44.60,7000 -109.99,44.60,7000 -110.02,44.60,7000 -110.06,44.60,7000 -110.10,44.60,7000 -110.14,44.60,7000 -110.18,44.60,7000 -110.21,44.62,7000 -110.22,44.64,7000 -110.24,44.66,7000 -110.25,44.68,7000 -110.26,44.71,7000 -110.27,44.73,7000 -110.28,44.76,7000 -110.29,44.78,7000 -110.30,44.80,7000 -110.31,44.83,7000 -110.32,44.85,7000 -110.33,44.87,7000 -110.35,44.90,7000 -110.36,44.92,7000 -110.38,44.94,7000 -110.39,44.97,7000 -110.41,44.99,7000 -110.43,45.02,7000 -110.45,45.04,7000 -110.46,45.07,7000 -110.47,45.09,7000 -110.48,45.11,7000 -110.48,45.14,7000 -110.48,45.16,7000 -110.48,45.19,7000 -110.48,45.21,7000 -110.47,45.24,7000 -110.47,45.26,7000 -110.32,45.34,7000 
          </coordinates>
        </LinearRing>
      </innerBoundaryIs>
  </Polygon>
 </MultiGeometry>
</Placemark>
<Placemark>
  <name>60%</name>
  <visibility>1</visibility>
  <styleUrl>#poly_60</styleUrl>
  <MultiGeometry>
    <Polygon>
      <outerBoundaryIs>
        <LinearRing>
          <coordinates>
-69.07,50.79,7000 -68.28,50.75,7000 -67.88,50.72,7000 -67.48,50.60,7000 -66.94,50.40,7000 -66.43,50.19,7000 -66.18,50.04,7000 -66.02,49.81,7000 -66.07,49.55,7000 -66.72,49.18,7000 -66.76,49.03,7000 -66.22,49.02,7000 -65.76,48.87,7000 -65.71,48.74,7000 -65.82,48.62,7000 -66.13,48.46,7000 -66.44,48.38,7000 -66.95,48.41,7000 -67.26,48.45,7000 -67.47,48.38,7000 -67.86,48.31,7000 -68.13,48.51,7000 -68.44,48.51,7000 -68.75,48.39,7000 -69.29,48.25,7000 -69.58,48.09,7000 -69.76,47.89,7000 -70.14,47.54,7000 -70.42,47.23,7000 -70.87,46.92,7000 -71.39,46.76,7000 -71.94,46.70,7000 -72.45,46.68,7000 -72.70,46.61,7000 -73.13,46.37,7000 -73.67,45.93,7000 -73.95,45.76,7000 -74.24,45.70,7000 -74.72,45.68,7000 -75.11,45.61,7000 -75.74,45.42,7000 -76.26,45.31,7000 -76.33,45.12,7000 -76.34,44.86,7000 -76.21,44.58,7000 -75.86,44.42,7000 -75.36,44.49,7000 -74.83,44.67,7000 -74.39,44.74,7000 -74.21,44.73,7000 -74.12,44.61,7000 -74.10,44.31,7000 -74.16,44.05,7000 -74.43,43.56,7000 -74.57,43.16,7000 -74.84,42.65,7000 -75.19,42.42,7000 -75.47,42.28,7000 -75.80,42.23,7000 -76.17,42.28,7000 -76.55,42.37,7000 -76.90,42.28,7000 -77.14,42.10,7000 -77.55,41.59,7000 -77.98,41.31,7000 -78.29,40.86,7000 -78.68,40.34,7000 -78.85,40.03,7000 -79.07,39.75,7000 -79.28,39.36,7000 -79.51,38.77,7000 -79.71,38.51,7000 -79.90,38.35,7000 -80.53,38.02,7000 -80.85,38.00,7000 -80.85,38.28,7000 -80.73,38.57,7000 -80.46,38.89,7000 -80.14,39.20,7000 -79.79,39.69,7000 -79.44,40.18,7000 -79.21,40.56,7000 -79.31,40.75,7000 -79.68,40.89,7000 -80.19,41.07,7000 -80.73,41.23,7000 -81.26,41.22,7000 -81.54,41.35,7000 -81.58,41.52,7000 -81.47,41.62,7000 -80.84,41.86,7000 -80.24,42.21,7000 -79.68,42.51,7000 -79.11,42.87,7000 -78.73,43.12,7000 -78.70,43.39,7000 -78.77,43.59,7000 -79.00,43.98,7000 -79.25,44.35,7000 -79.53,44.40,7000 -79.74,44.38,7000 -80.02,44.23,7000 -80.12,44.10,7000 -80.34,43.90,7000 -80.63,43.75,7000 -80.92,43.51,7000 -81.19,43.43,7000 -81.63,43.79,7000 -82.10,44.20,7000 -82.61,44.45,7000 -82.87,44.59,7000 -83.15,44.67,7000 -83.69,44.64,7000 -84.09,44.54,7000 -84.42,44.40,7000 -84.95,44.01,7000 -85.46,43.59,7000 -85.64,43.24,7000 -85.62,42.97,7000 -85.50,42.78,7000 -85.26,42.47,7000 -85.06,42.03,7000 -84.97,41.68,7000 -85.01,41.49,7000 -85.15,41.32,7000 -85.39,41.18,7000 -85.68,41.08,7000 -86.12,41.02,7000 -86.53,41.07,7000 -86.97,41.09,7000 -87.13,41.03,7000 -87.34,40.87,7000 -87.76,40.76,7000 -88.38,40.70,7000 -88.83,40.60,7000 -89.17,40.58,7000 -89.64,40.52,7000 -89.92,40.44,7000 -90.49,40.26,7000 -91.09,40.12,7000 -91.63,40.34,7000 -92.45,40.63,7000 -92.92,40.81,7000 -93.46,40.98,7000 -93.67,41.04,7000 -93.84,41.22,7000 -94.15,41.37,7000 -94.44,41.39,7000 -94.69,41.50,7000 -94.83,41.64,7000 -95.12,42.11,7000 -95.56,42.43,7000 -95.70,42.57,7000 -95.94,42.61,7000 -96.20,42.63,7000 -96.43,42.59,7000 -96.69,42.29,7000 -96.97,42.24,7000 -97.28,42.30,7000 -97.78,42.36,7000 -98.09,42.26,7000 -98.32,42.37,7000 -98.18,42.46,7000 -97.78,42.55,7000 -97.58,42.75,7000 -97.38,42.82,7000 -96.97,42.80,7000 -96.62,42.84,7000 -96.16,43.14,7000 -96.17,43.48,7000 -96.32,43.65,7000 -96.54,44.00,7000 -96.74,44.40,7000 -96.93,44.85,7000 -97.03,45.32,7000 -96.85,45.76,7000 -96.65,46.19,7000 -96.66,46.56,7000 -96.61,46.74,7000 -96.42,46.82,7000 -95.90,46.54,7000 -95.63,46.39,7000 -95.31,46.34,7000 -94.94,46.33,7000 -94.57,46.38,7000 -94.05,46.58,7000 -93.52,46.89,7000 -92.77,47.21,7000 -92.23,47.50,7000 -91.91,47.69,7000 -91.50,47.80,7000 -91.11,47.87,7000 -90.75,48.01,7000 -90.31,48.18,7000 -89.76,48.34,7000 -89.50,48.33,7000 -89.30,48.34,7000 -89.08,48.43,7000 -88.82,48.77,7000 -88.32,49.02,7000 -87.88,49.36,7000 -87.38,49.64,7000 -86.81,49.99,7000 -86.54,50.16,7000 -86.15,50.33,7000 -85.77,50.38,7000 -85.27,50.35,7000 -85.01,50.26,7000 -84.77,50.10,7000 -84.47,49.96,7000 -83.94,49.80,7000 -83.56,49.54,7000 -83.00,49.32,7000 -82.66,49.17,7000 -82.44,49.00,7000 -82.13,48.84,7000 -81.88,48.77,7000 -81.29,48.63,7000 -80.57,48.46,7000 -79.92,48.30,7000 -79.28,48.14,7000 -78.67,47.95,7000 -78.03,47.81,7000 -77.24,47.82,7000 -76.45,47.90,7000 -75.75,48.06,7000 -75.16,48.22,7000 -74.51,48.39,7000 -74.00,48.66,7000 -73.67,48.79,7000 -73.21,48.91,7000 -72.92,49.01,7000 -72.66,49.21,7000 -72.49,49.38,7000 -72.12,49.60,7000 -71.77,49.77,7000 -71.61,49.91,7000 -71.23,50.33,7000 -70.91,50.48,7000 -70.45,50.58,7000 -69.70,50.72,7000 -69.07,50.79,7000 
          </coordinates>
        </LinearRing>
      </outerBoundaryIs>
      <innerBoundaryIs>
        <LinearRing>
          <coordinates>
-68.31,50.70,8000 -67.97,50.68,8000 -67.69,50.62,8000 -67.20,50.43,8000 -66.76,50.25,8000 -66.35,50.08,8000 -66.16,49.90,8000 -66.10,49.65,8000 -66.44,49.39,8000 -67.01,49.17,8000 -67.58,48.93,8000 -68.04,48.76,8000 -68.46,48.64,8000 -68.98,48.46,8000 -69.55,48.21,8000 -69.98,47.83,8000 -70.30,47.48,8000 -70.55,47.22,8000 -70.82,47.06,8000 -71.44,46.85,8000 -71.87,46.81,8000 -72.52,46.82,8000 -72.70,46.78,8000 -72.94,46.65,8000 -73.30,46.37,8000 -73.67,46.10,8000 -73.90,45.92,8000 -74.21,45.82,8000 -74.70,45.82,8000 -75.08,45.78,8000 -75.34,45.71,8000 -75.88,45.60,8000 -76.60,45.54,8000 -76.75,45.40,8000 -76.77,45.19,8000 -76.73,44.60,8000 -76.65,44.49,8000 -76.38,44.37,8000 -75.98,44.26,8000 -75.56,44.31,8000 -74.98,44.50,8000 -74.68,44.57,8000 -74.46,44.60,8000 -74.24,44.43,8000 -74.29,44.13,8000 -74.45,43.82,8000 -74.60,43.34,8000 -74.80,42.98,8000 -74.98,42.77,8000 -75.17,42.65,8000 -75.64,42.50,8000 -75.84,42.47,8000 -76.15,42.52,8000 -76.59,42.78,8000 -76.98,42.90,8000 -77.28,42.78,8000 -77.29,42.46,8000 -77.48,42.16,8000 -77.60,41.85,8000 -77.75,41.69,8000 -77.99,41.54,8000 -78.17,41.42,8000 -78.36,41.17,8000 -78.51,41.01,8000 -78.77,40.90,8000 -79.15,41.07,8000 -79.46,41.15,8000 -79.85,41.17,8000 -80.38,41.31,8000 -80.87,41.41,8000 -81.24,41.39,8000 -81.17,41.60,8000 -80.62,41.78,8000 -80.27,42.04,8000 -79.85,42.30,8000 -79.35,42.59,8000 -78.80,42.85,8000 -78.36,43.08,8000 -78.37,43.33,8000 -78.47,43.82,8000 -78.69,43.98,8000 -78.86,44.28,8000 -79.01,44.49,8000 -79.20,44.61,8000 -79.75,44.52,8000 -80.02,44.41,8000 -80.15,44.28,8000 -80.42,43.97,8000 -80.86,43.80,8000 -81.10,43.73,8000 -81.42,43.80,8000 -81.75,44.05,8000 -82.16,44.33,8000 -82.72,44.60,8000 -82.88,44.68,8000 -83.25,44.77,8000 -83.86,44.70,8000 -84.44,44.48,8000 -84.92,44.13,8000 -85.39,43.76,8000 -85.54,43.63,8000 -85.70,43.38,8000 -85.76,43.03,8000 -85.55,42.70,8000 -85.29,42.33,8000 -85.16,41.83,8000 -85.17,41.57,8000 -85.44,41.31,8000 -86.00,41.19,8000 -86.30,41.19,8000 -86.63,41.25,8000 -87.30,41.41,8000 -87.57,41.13,8000 -87.74,41.04,8000 -88.11,41.05,8000 -88.43,41.09,8000 -88.81,41.05,8000 -89.32,40.93,8000 -89.84,40.72,8000 -90.48,40.51,8000 -90.67,40.43,8000 -90.93,40.38,8000 -91.16,40.42,8000 -91.78,40.63,8000 -92.31,40.84,8000 -92.70,41.06,8000 -93.08,41.38,8000 -93.29,41.67,8000 -93.36,41.75,8000 -93.72,41.84,8000 -94.19,41.92,8000 -94.53,42.27,8000 -94.91,42.52,8000 -95.27,42.82,8000 -95.70,43.14,8000 -95.94,43.49,8000 -96.19,43.79,8000 -96.45,44.09,8000 -96.69,44.49,8000 -96.87,45.00,8000 -96.93,45.36,8000 -96.75,45.67,8000 -96.53,46.09,8000 -96.56,46.43,8000 -96.44,46.64,8000 -96.08,46.53,8000 -95.86,46.39,8000 -95.52,46.20,8000 -94.87,46.15,8000 -94.42,46.26,8000 -94.00,46.44,8000 -93.62,46.67,8000 -93.20,46.91,8000 -92.52,47.17,8000 -92.07,47.40,8000 -91.62,47.65,8000 -91.19,47.68,8000 -90.68,47.59,8000 -90.38,47.69,8000 -90.31,47.96,8000 -89.97,48.17,8000 -89.07,48.28,8000 -88.90,48.39,8000 -88.71,48.64,8000 -88.23,48.81,8000 -87.92,49.11,8000 -87.56,49.40,8000 -87.16,49.62,8000 -86.46,50.06,8000 -86.02,50.26,8000 -85.55,50.31,8000 -85.16,50.24,8000 -84.70,49.98,8000 -84.03,49.77,8000 -83.73,49.58,8000 -83.47,49.41,8000 -83.23,49.33,8000 -82.74,49.14,8000 -82.28,48.83,8000 -81.70,48.68,8000 -80.90,48.48,8000 -80.09,48.28,8000 -79.46,48.12,8000 -78.76,47.93,8000 -78.37,47.83,8000 -78.06,47.76,8000 -77.70,47.74,8000 -77.24,47.79,8000 -76.80,47.78,8000 -76.42,47.84,8000 -75.93,47.96,8000 -75.35,48.11,8000 -74.77,48.26,8000 -74.34,48.39,8000 -73.84,48.66,8000 -73.28,48.83,8000 -73.01,48.91,8000 -72.74,49.05,8000 -72.30,49.45,8000 -71.71,49.73,8000 -71.37,50.10,8000 -71.02,50.38,8000 -70.40,50.53,8000 -69.63,50.68,8000 -69.39,50.71,8000 -68.83,50.70,8000 -68.31,50.70,8000 
          </coordinates>
        </LinearRing>
      </innerBoundaryIs>
      <innerBoundaryIs>
        <LinearRing>
          <coordinates>
-79.32,40.01,8000 -79.23,40.07,8000 -79.15,40.11,8000 -79.09,40.12,8000 -79.06,40.07,8000 -79.08,39.98,8000 -79.13,39.94,8000 -79.20,39.89,8000 -79.26,39.82,8000 -79.29,39.76,8000 -79.31,39.69,8000 -79.33,39.62,8000 -79.35,39.54,8000 -79.37,39.47,8000 -79.39,39.40,8000 -79.40,39.32,8000 -79.41,39.25,8000 -79.43,39.18,8000 -79.44,39.12,8000 -79.46,39.06,8000 -79.49,39.01,8000 -79.53,38.95,8000 -79.56,38.90,8000 -79.59,38.84,8000 -79.62,38.78,8000 -79.66,38.72,8000 -79.70,38.66,8000 -79.73,38.61,8000 -79.79,38.54,8000 -79.84,38.50,8000 -79.91,38.45,8000 -79.97,38.41,8000 -80.04,38.37,8000 -80.11,38.33,8000 -80.18,38.29,8000 -80.26,38.26,8000 -80.35,38.23,8000 -80.44,38.21,8000 -80.50,38.20,8000 -80.57,38.24,8000 -80.59,38.32,8000 -80.59,38.38,8000 -80.57,38.44,8000 -80.55,38.50,8000 -80.52,38.55,8000 -80.48,38.61,8000 -80.43,38.67,8000 -80.39,38.72,8000 -80.34,38.77,8000 -80.28,38.83,8000 -80.22,38.89,8000 -80.17,38.94,8000 -80.12,38.99,8000 -80.06,39.03,8000 -80.01,39.08,8000 -79.96,39.12,8000 -79.92,39.16,8000 -79.88,39.21,8000 -79.85,39.26,8000 -79.81,39.33,8000 -79.78,39.38,8000 -79.75,39.44,8000 -79.71,39.50,8000 -79.68,39.56,8000 -79.64,39.62,8000 -79.61,39.67,8000 -79.55,39.74,8000 -79.49,39.79,8000 -79.43,39.83,8000 -79.32,40.01,8000 
          </coordinates>
        </LinearRing>
      </innerBoundaryIs>
      <innerBoundaryIs>
        <LinearRing>
          <coordinates>
-97.12,42.61,8000 -97.12,42.62,8000 -97.11,42.62,8000 -97.10,42.62,8000 -97.09,42.60,8000 -97.09,42.60,8000 -97.08,42.59,8000 -97.08,42.59,8000 -97.07,42.58,8000 -97.07,42.58,8000 -97.06,42.57,8000 -97.06,42.56,8000 -97.05,42.55,8000 -97.04,42.55,8000 -97.04,42.54,8000 -97.03,42.53,8000 -97.03,42.52,8000 -97.02,42.52,8000 -97.01,42.51,8000 -97.01,42.50,8000 -97.00,42.49,8000 -96.99,42.48,8000 -96.99,42.48,8000 -96.99,42.47,8000 -96.98,42.46,8000 -96.98,42.46,8000 -96.97,42.45,8000 -96.97,42.44,8000 -96.97,42.44,8000 -96.97,42.43,8000 -96.97,42.43,8000 -96.97,42.42,8000 -96.98,42.42,8000 -96.98,42.42,8000 -96.99,42.41,8000 -97.00,42.41,8000 -97.01,42.41,8000 -97.02,42.41,8000 -97.04,42.41,8000 -97.05,42.41,8000 -97.06,42.41,8000 -97.08,42.41,8000 -97.09,42.41,8000 -97.10,42.41,8000 -97.11,42.41,8000 -97.12,42.41,8000 -97.13,42.41,8000 -97.14,42.41,8000 -97.15,42.41,8000 -97.16,42.41,8000 -97.17,42.41,8000 -97.18,42.41,8000 -97.19,42.41,8000 -97.20,42.41,8000 -97.21,42.41,8000 -97.22,42.42,8000 -97.22,42.42,8000 -97.23,42.43,8000 -97.23,42.43,8000 -97.23,42.44,8000 -97.24,42.44,8000 -97.24,42.45,8000 -97.24,42.46,8000 -97.24,42.46,8000 -97.24,42.47,8000 -97.24,42.48,8000 -97.24,42.48,8000 -97.24,42.49,8000 -97.24,42.50,8000 -97.24,42.50,8000 -97.24,42.51,8000 -97.24,42.52,8000 -97.24,42.53,8000 -97.24,42.54,8000 -97.24,42.55,8000 -97.24,42.56,8000 -97.24,42.56,8000 -97.24,42.57,8000 -97.24,42.58,8000 -97.24,42.59,8000 -97.24,42.60,8000 -97.12,42.61,8000 
          </coordinates>
        </LinearRing>
      </innerBoundaryIs>
      <innerBoundaryIs>
        <LinearRing>
          <coordinates>
-66.53,48.94,8000 -66.50,48.94,8000 -66.48,48.94,8000 -66.45,48.94,8000 -66.42,48.95,8000 -66.40,48.95,8000 -66.37,48.95,8000 -66.35,48.95,8000 -66.32,48.94,8000 -66.30,48.94,8000 -66.27,48.94,8000 -66.24,48.94,8000 -66.22,48.93,8000 -66.19,48.93,8000 -66.16,48.92,8000 -66.14,48.91,8000 -66.11,48.90,8000 -66.09,48.90,8000 -66.07,48.89,8000 -66.05,48.89,8000 -66.03,48.88,8000 -66.00,48.87,8000 -65.97,48.87,8000 -65.96,48.86,8000 -65.96,48.85,8000 -65.97,48.84,8000 -65.98,48.83,8000 -65.99,48.82,8000 -66.01,48.80,8000 -66.03,48.79,8000 -66.06,48.78,8000 -66.08,48.77,8000 -66.10,48.77,8000 -66.13,48.76,8000 -66.15,48.76,8000 -66.18,48.75,8000 -66.20,48.75,8000 -66.23,48.74,8000 -66.25,48.74,8000 -66.27,48.73,8000 -66.29,48.73,8000 -66.31,48.72,8000 -66.34,48.72,8000 -66.36,48.72,8000 -66.38,48.71,8000 -66.40,48.71,8000 -66.42,48.70,8000 -66.45,48.70,8000 -66.48,48.69,8000 -66.51,48.69,8000 -66.53,48.68,8000 -66.56,48.68,8000 -66.59,48.68,8000 -66.61,48.68,8000 -66.63,48.68,8000 -66.66,48.69,8000 -66.68,48.70,8000 -66.71,48.71,8000 -66.73,48.72,8000 -66.75,48.73,8000 -66.77,48.74,8000 -66.79,48.75,8000 -66.81,48.76,8000 -66.83,48.77,8000 -66.84,48.78,8000 -66.86,48.80,8000 -66.84,48.81,8000 -66.83,48.81,8000 -66.82,48.82,8000 -66.80,48.82,8000 -66.79,48.83,8000 -66.77,48.84,8000 -66.75,48.85,8000 -66.73,48.86,8000 -66.71,48.87,8000 -66.69,48.88,8000 -66.66,48.89,8000 -66.64,48.90,8000 -66.61,48.92,8000 -66.59,48.93,8000 -66.56,48.94,8000 -66.53,48.94,8000 
          </coordinates>
        </LinearRing>
      </innerBoundaryIs>
  </Polygon>
 </MultiGeometry>
</Placemark>
<Placemark>
  <name>60%</name>
  <visibility>1</visibility>
  <styleUrl>#poly_60</styleUrl>
  <MultiGeometry>
    <Polygon>
      <outerBoundaryIs>
        <LinearRing>
          <coordinates>
-99.93,51.31,7000 -99.89,51.32,7000 -99.84,51.33,7000 -99.80,51.33,7000 -99.76,51.34,7000 -99.71,51.35,7000 -99.67,51.35,7000 -99.62,51.35,7000 -99.57,51.36,7000 -99.51,51.36,7000 -99.46,51.36,7000 -99.41,51.36,7000 -99.36,51.36,7000 -99.30,51.35,7000 -99.25,51.35,7000 -99.19,51.34,7000 -99.15,51.34,7000 -99.09,51.33,7000 -99.05,51.33,7000 -99.01,51.32,7000 -98.97,51.31,7000 -98.94,51.30,7000 -98.89,51.28,7000 -98.85,51.27,7000 -98.81,51.25,7000 -98.76,51.23,7000 -98.71,51.21,7000 -98.67,51.19,7000 -98.63,51.17,7000 -98.60,51.15,7000 -98.58,51.12,7000 -98.56,51.09,7000 -98.54,51.07,7000 -98.52,51.04,7000 -98.51,51.01,7000 -98.50,50.98,7000 -98.49,50.95,7000 -98.48,50.91,7000 -98.48,50.88,7000 -98.48,50.85,7000 -98.48,50.82,7000 -98.49,50.79,7000 -98.50,50.76,7000 -98.52,50.73,7000 -98.53,50.70,7000 -98.54,50.68,7000 -98.56,50.64,7000 -98.57,50.62,7000 -98.60,50.59,7000 -98.63,50.57,7000 -98.67,50.55,7000 -98.71,50.53,7000 -98.75,50.51,7000 -98.79,50.49,7000 -98.82,50.48,7000 -98.85,50.48,7000 -98.89,50.49,7000 -98.94,50.50,7000 -98.98,50.51,7000 -99.02,50.51,7000 -99.06,50.52,7000 -99.11,50.53,7000 -99.15,50.54,7000 -99.19,50.56,7000 -99.24,50.57,7000 -99.29,50.59,7000 -99.34,50.61,7000 -99.37,50.62,7000 -99.42,50.63,7000 -99.45,50.66,7000 -99.46,50.68,7000 -99.48,50.71,7000 -99.49,50.74,7000 -99.50,50.77,7000 -99.52,50.80,7000 -99.53,50.83,7000 -99.55,50.86,7000 -99.56,50.89,7000 -99.58,50.92,7000 -99.59,50.95,7000 -99.61,50.97,7000 -99.62,50.99,7000 -99.63,51.01,7000 -99.65,51.02,7000 -99.67,51.04,7000 -99.70,51.06,7000 -99.73,51.09,7000 -99.76,51.12,7000 -99.79,51.15,7000 -99.82,51.18,7000 -99.85,51.21,7000 -99.88,51.24,7000 -99.91,51.26,7000 -99.93,51.28,7000 -99.95,51.30,7000 -99.93,51.31,7000 
          </coordinates>
        </LinearRing>
      </outerBoundaryIs>
  </Polygon>
 </MultiGeometry>
</Placemark>
<Placemark>
  <name>60%</name>
  <visibility>1</visibility>
  <styleUrl>#poly_60</styleUrl>
  <MultiGeometry>
    <Polygon>
      <outerBoundaryIs>
        <LinearRing>
          <coordinates>
-121.03,51.11,7000 -120.91,51.14,7000 -120.79,51.17,7000 -120.66,51.19,7000 -120.53,51.21,7000 -120.40,51.22,7000 -120.21,51.24,7000 -120.09,51.25,7000 -119.96,51.27,7000 -119.82,51.29,7000 -119.66,51.30,7000 -119.47,51.33,7000 -119.26,51.35,7000 -119.13,51.37,7000 -118.97,51.38,7000 -118.81,51.40,7000 -118.63,51.42,7000 -118.45,51.44,7000 -118.27,51.46,7000 -118.09,51.48,7000 -117.91,51.50,7000 -117.75,51.52,7000 -117.60,51.54,7000 -117.47,51.55,7000 -117.27,51.57,7000 -117.11,51.59,7000 -116.97,51.60,7000 -116.85,51.61,7000 -116.74,51.62,7000 -116.63,51.63,7000 -116.44,51.64,7000 -116.29,51.64,7000 -116.17,51.63,7000 -116.04,51.58,7000 -115.96,51.49,7000 -115.94,51.41,7000 -115.94,51.32,7000 -115.96,51.24,7000 -116.00,51.17,7000 -116.12,51.12,7000 -116.26,51.11,7000 -116.45,51.11,7000 -116.62,51.11,7000 -116.72,51.08,7000 -116.71,51.01,7000 -116.63,50.92,7000 -116.53,50.82,7000 -116.45,50.73,7000 -116.40,50.63,7000 -116.36,50.54,7000 -116.33,50.44,7000 -116.30,50.34,7000 -116.28,50.23,7000 -116.27,50.14,7000 -116.26,50.06,7000 -116.25,49.99,7000 -116.25,49.93,7000 -116.28,49.85,7000 -116.35,49.75,7000 -116.43,49.68,7000 -116.53,49.59,7000 -116.63,49.50,7000 -116.71,49.42,7000 -116.77,49.32,7000 -116.80,49.24,7000 -116.82,49.16,7000 -116.81,49.07,7000 -116.82,48.99,7000 -116.91,48.89,7000 -117.03,48.84,7000 -117.09,48.88,7000 -117.14,48.97,7000 -117.20,49.04,7000 -117.28,49.11,7000 -117.39,49.17,7000 -117.49,49.22,7000 -117.61,49.28,7000 -117.73,49.31,7000 -117.84,49.31,7000 -117.95,49.29,7000 -118.07,49.28,7000 -118.19,49.30,7000 -118.32,49.34,7000 -118.45,49.39,7000 -118.59,49.44,7000 -118.72,49.51,7000 -118.84,49.57,7000 -118.94,49.63,7000 -119.01,49.69,7000 -119.07,49.75,7000 -119.11,49.83,7000 -119.12,49.95,7000 -119.11,50.03,7000 -119.10,50.12,7000 -119.08,50.22,7000 -119.07,50.31,7000 -119.06,50.38,7000 -119.08,50.47,7000 -119.13,50.52,7000 -119.21,50.58,7000 -119.32,50.63,7000 -119.44,50.64,7000 -119.58,50.65,7000 -119.71,50.69,7000 -119.86,50.74,7000 -119.97,50.76,7000 -120.09,50.78,7000 -120.22,50.80,7000 -120.36,50.80,7000 -120.51,50.80,7000 -120.64,50.81,7000 -120.76,50.83,7000 -120.86,50.85,7000 -120.96,50.88,7000 -121.03,51.11,7000 
          </coordinates>
        </LinearRing>
      </outerBoundaryIs>
      <innerBoundaryIs>
        <LinearRing>
          <coordinates>
-120.78,51.14,8000 -120.63,51.16,8000 -120.48,51.18,8000 -120.34,51.19,8000 -120.19,51.21,8000 -120.04,51.23,8000 -119.89,51.25,8000 -119.74,51.27,8000 -119.60,51.28,8000 -119.45,51.30,8000 -119.30,51.32,8000 -119.15,51.33,8000 -119.00,51.35,8000 -118.85,51.37,8000 -118.69,51.38,8000 -118.53,51.40,8000 -118.36,51.42,8000 -118.20,51.44,8000 -118.04,51.45,8000 -117.88,51.47,8000 -117.73,51.49,8000 -117.58,51.50,8000 -117.44,51.52,8000 -117.31,51.53,8000 -117.20,51.54,8000 -117.00,51.56,8000 -116.84,51.58,8000 -116.71,51.60,8000 -116.60,51.61,8000 -116.50,51.62,8000 -116.41,51.62,8000 -116.23,51.60,8000 -116.14,51.55,8000 -116.08,51.48,8000 -116.03,51.39,8000 -116.02,51.32,8000 -116.07,51.25,8000 -116.19,51.20,8000 -116.33,51.20,8000 -116.51,51.21,8000 -116.66,51.20,8000 -116.80,51.14,8000 -116.86,51.06,8000 -116.83,51.00,8000 -116.74,50.92,8000 -116.69,50.86,8000 -116.62,50.80,8000 -116.55,50.73,8000 -116.48,50.65,8000 -116.43,50.57,8000 -116.39,50.48,8000 -116.37,50.39,8000 -116.35,50.30,8000 -116.34,50.21,8000 -116.33,50.13,8000 -116.33,50.03,8000 -116.34,49.95,8000 -116.37,49.88,8000 -116.42,49.81,8000 -116.48,49.74,8000 -116.54,49.68,8000 -116.63,49.62,8000 -116.72,49.56,8000 -116.78,49.50,8000 -116.84,49.43,8000 -116.90,49.35,8000 -116.94,49.26,8000 -116.99,49.14,8000 -117.03,49.04,8000 -117.08,48.99,8000 -117.15,49.02,8000 -117.22,49.11,8000 -117.30,49.20,8000 -117.37,49.25,8000 -117.45,49.30,8000 -117.53,49.34,8000 -117.66,49.38,8000 -117.81,49.40,8000 -117.94,49.41,8000 -118.08,49.41,8000 -118.21,49.42,8000 -118.32,49.44,8000 -118.41,49.47,8000 -118.50,49.50,8000 -118.60,49.54,8000 -118.70,49.59,8000 -118.78,49.64,8000 -118.87,49.69,8000 -118.93,49.76,8000 -118.95,49.83,8000 -118.97,49.91,8000 -118.99,49.99,8000 -118.99,50.06,8000 -118.96,50.15,8000 -118.93,50.23,8000 -118.93,50.32,8000 -118.93,50.42,8000 -118.95,50.51,8000 -118.98,50.61,8000 -119.05,50.68,8000 -119.14,50.71,8000 -119.27,50.74,8000 -119.43,50.76,8000 -119.56,50.78,8000 -119.72,50.80,8000 -119.88,50.82,8000 -120.04,50.84,8000 -120.16,50.85,8000 -120.32,50.85,8000 -120.43,50.84,8000 -120.54,50.85,8000 -120.66,50.86,8000 -120.77,50.88,8000 -120.92,50.90,8000 -121.01,50.94,8000 -120.98,51.01,8000 -120.88,51.11,8000 -120.78,51.14,8000 
          </coordinates>
        </LinearRing>
      </innerBoundaryIs>
      <innerBoundaryIs>
        <LinearRing>
          <coordinates>
-117.92,50.31,8000 -117.91,50.30,8000 -117.90,50.29,8000 -117.89,50.28,8000 -117.88,50.27,8000 -117.87,50.25,8000 -117.85,50.24,8000 -117.84,50.22,8000 -117.83,50.21,8000 -117.81,50.19,8000 -117.80,50.17,8000 -117.80,50.16,8000 -117.79,50.14,8000 -117.79,50.12,8000 -117.79,50.11,8000 -117.79,50.09,8000 -117.79,50.07,8000 -117.79,50.05,8000 -117.80,50.04,8000 -117.80,50.02,8000 -117.81,50.01,8000 -117.81,49.99,8000 -117.82,49.98,8000 -117.82,49.97,8000 -117.83,49.96,8000 -117.84,49.95,8000 -117.86,49.95,8000 -117.88,49.94,8000 -117.91,49.93,8000 -117.93,49.92,8000 -117.96,49.91,8000 -117.98,49.90,8000 -118.01,49.89,8000 -118.03,49.89,8000 -118.05,49.88,8000 -118.07,49.88,8000 -118.10,49.88,8000 -118.12,49.89,8000 -118.13,49.90,8000 -118.14,49.92,8000 -118.15,49.94,8000 -118.15,49.95,8000 -118.16,49.97,8000 -118.16,49.98,8000 -118.16,50.00,8000 -118.16,50.02,8000 -118.16,50.04,8000 -118.15,50.06,8000 -118.15,50.07,8000 -118.15,50.09,8000 -118.15,50.10,8000 -118.15,50.11,8000 -118.15,50.12,8000 -118.13,50.13,8000 -118.12,50.14,8000 -118.11,50.15,8000 -118.10,50.16,8000 -118.09,50.17,8000 -118.07,50.18,8000 -118.06,50.19,8000 -118.04,50.20,8000 -118.03,50.22,8000 -118.01,50.23,8000 -117.99,50.25,8000 -117.98,50.26,8000 -117.96,50.28,8000 -117.94,50.29,8000 -117.92,50.31,8000 
          </coordinates>
        </LinearRing>
      </innerBoundaryIs>
  </Polygon>
 </MultiGeometry>
</Placemark>
<Placemark>
  <name>60%</name>
  <visibility>1</visibility>
  <styleUrl>#poly_60</styleUrl>
  <MultiGeometry>
    <Polygon>
      <outerBoundaryIs>
        <LinearRing>
          <coordinates>
-125.08,50.59,7000 -124.99,50.61,7000 -124.89,50.62,7000 -124.80,50.64,7000 -124.71,50.66,7000 -124.61,50.67,7000 -124.52,50.69,7000 -124.42,50.71,7000 -124.33,50.72,7000 -124.23,50.73,7000 -124.14,50.75,7000 -124.04,50.76,7000 -123.94,50.78,7000 -123.84,50.79,7000 -123.74,50.80,7000 -123.65,50.81,7000 -123.57,50.82,7000 -123.46,50.83,7000 -123.37,50.84,7000 -123.27,50.84,7000 -123.19,50.84,7000 -123.11,50.84,7000 -123.03,50.84,7000 -122.93,50.83,7000 -122.85,50.81,7000 -122.77,50.78,7000 -122.70,50.76,7000 -122.62,50.73,7000 -122.56,50.69,7000 -122.47,50.65,7000 -122.41,50.62,7000 -122.33,50.60,7000 -122.25,50.57,7000 -122.17,50.53,7000 -122.10,50.50,7000 -122.04,50.47,7000 -121.97,50.42,7000 -121.92,50.37,7000 -121.89,50.32,7000 -121.86,50.26,7000 -121.85,50.21,7000 -121.85,50.16,7000 -121.85,50.11,7000 -121.86,50.05,7000 -121.88,49.99,7000 -121.90,49.94,7000 -121.92,49.89,7000 -121.94,49.83,7000 -121.97,49.77,7000 -122.00,49.72,7000 -122.02,49.67,7000 -122.05,49.63,7000 -122.10,49.57,7000 -122.14,49.55,7000 -122.21,49.52,7000 -122.27,49.50,7000 -122.34,49.48,7000 -122.42,49.45,7000 -122.51,49.44,7000 -122.60,49.43,7000 -122.67,49.43,7000 -122.75,49.43,7000 -122.84,49.44,7000 -122.93,49.44,7000 -123.01,49.45,7000 -123.10,49.47,7000 -123.18,49.48,7000 -123.27,49.50,7000 -123.36,49.52,7000 -123.45,49.54,7000 -123.54,49.57,7000 -123.62,49.60,7000 -123.70,49.63,7000 -123.77,49.67,7000 -123.83,49.72,7000 -123.89,49.77,7000 -123.95,49.83,7000 -124.01,49.87,7000 -124.06,49.91,7000 -124.14,49.94,7000 -124.21,49.96,7000 -124.27,49.97,7000 -124.34,49.99,7000 -124.40,50.02,7000 -124.46,50.05,7000 -124.52,50.09,7000 -124.59,50.13,7000 -124.65,50.16,7000 -124.73,50.20,7000 -124.80,50.25,7000 -124.88,50.29,7000 -124.95,50.33,7000 -125.00,50.36,7000 -125.08,50.42,7000 -125.10,50.46,7000 -125.08,50.59,7000 
          </coordinates>
        </LinearRing>
      </outerBoundaryIs>
      <innerBoundaryIs>
        <LinearRing>
          <coordinates>
-124.82,50.61,8000 -124.74,50.62,8000 -124.65,50.64,8000 -124.57,50.65,8000 -124.49,50.66,8000 -124.40,50.67,8000 -124.32,50.68,8000 -124.24,50.70,8000 -124.15,50.71,8000 -124.07,50.72,8000 -123.98,50.73,8000 -123.90,50.75,8000 -123.81,50.76,8000 -123.72,50.78,8000 -123.63,50.79,8000 -123.55,50.80,8000 -123.47,50.81,8000 -123.39,50.82,8000 -123.31,50.82,8000 -123.22,50.82,8000 -123.13,50.81,8000 -123.05,50.80,8000 -122.97,50.78,8000 -122.89,50.77,8000 -122.83,50.75,8000 -122.76,50.73,8000 -122.68,50.70,8000 -122.61,50.66,8000 -122.55,50.62,8000 -122.49,50.58,8000 -122.43,50.55,8000 -122.35,50.52,8000 -122.28,50.51,8000 -122.20,50.49,8000 -122.14,50.47,8000 -122.08,50.44,8000 -122.03,50.41,8000 -121.99,50.37,8000 -121.96,50.31,8000 -121.95,50.27,8000 -121.95,50.22,8000 -121.94,50.16,8000 -121.95,50.11,8000 -121.95,50.05,8000 -121.96,49.99,8000 -121.98,49.94,8000 -122.00,49.89,8000 -122.03,49.84,8000 -122.06,49.78,8000 -122.09,49.73,8000 -122.13,49.69,8000 -122.16,49.65,8000 -122.20,49.61,8000 -122.26,49.56,8000 -122.32,49.53,8000 -122.38,49.51,8000 -122.46,49.49,8000 -122.53,49.48,8000 -122.61,49.46,8000 -122.69,49.46,8000 -122.78,49.45,8000 -122.87,49.46,8000 -122.94,49.47,8000 -123.02,49.48,8000 -123.11,49.50,8000 -123.19,49.52,8000 -123.27,49.54,8000 -123.35,49.56,8000 -123.42,49.58,8000 -123.50,49.61,8000 -123.58,49.64,8000 -123.64,49.67,8000 -123.70,49.71,8000 -123.76,49.74,8000 -123.82,49.79,8000 -123.87,49.83,8000 -123.92,49.88,8000 -123.97,49.92,8000 -124.02,49.95,8000 -124.08,49.96,8000 -124.14,49.98,8000 -124.22,50.01,8000 -124.28,50.04,8000 -124.35,50.07,8000 -124.42,50.11,8000 -124.50,50.14,8000 -124.57,50.18,8000 -124.64,50.21,8000 -124.69,50.24,8000 -124.76,50.28,8000 -124.80,50.30,8000 -124.84,50.33,8000 -124.90,50.36,8000 -124.96,50.40,8000 -125.00,50.44,8000 -125.02,50.48,8000 -125.02,50.53,8000 -125.02,50.57,8000 -124.82,50.61,8000 
          </coordinates>
        </LinearRing>
      </innerBoundaryIs>
  </Polygon>
 </MultiGeometry>
</Placemark>
<Placemark>
  <name>60%</name>
  <visibility>1</visibility>
  <styleUrl>#poly_60</styleUrl>
  <MultiGeometry>
    <Polygon>
      <outerBoundaryIs>
        <LinearRing>
          <coordinates>
-110.32,45.34,7000 -110.28,45.33,7000 -110.25,45.32,7000 -110.21,45.31,7000 -110.18,45.30,7000 -110.15,45.29,7000 -110.12,45.28,7000 -110.09,45.26,7000 -110.06,45.24,7000 -110.04,45.23,7000 -110.01,45.21,7000 -109.98,45.19,7000 -109.96,45.17,7000 -109.94,45.15,7000 -109.92,45.13,7000 -109.91,45.11,7000 -109.91,45.09,7000 -109.91,45.06,7000 -109.91,45.04,7000 -109.91,45.01,7000 -109.91,44.98,7000 -109.91,44.96,7000 -109.91,44.94,7000 -109.91,44.91,7000 -109.91,44.89,7000 -109.91,44.86,7000 -109.91,44.84,7000 -109.91,44.81,7000 -109.91,44.79,7000 -109.91,44.76,7000 -109.92,44.73,7000 -109.93,44.70,7000 -109.93,44.68,7000 -109.94,44.65,7000 -109.95,44.63,7000 -109.95,44.61,7000 -109.96,44.60,7000 -109.99,44.60,7000 -110.02,44.60,7000 -110.06,44.60,7000 -110.10,44.60,7000 -110.14,44.60,7000 -110.18,44.60,7000 -110.21,44.62,7000 -110.22,44.64,7000 -110.24,44.66,7000 -110.25,44.68,7000 -110.26,44.71,7000 -110.27,44.73,7000 -110.28,44.76,7000 -110.29,44.78,7000 -110.30,44.80,7000 -110.31,44.83,7000 -110.32,44.85,7000 -110.33,44.87,7000 -110.35,44.90,7000 -110.36,44.92,7000 -110.38,44.94,7000 -110.39,44.97,7000 -110.41,44.99,7000 -110.43,45.02,7000 -110.45,45.04,7000 -110.46,45.07,7000 -110.47,45.09,7000 -110.48,45.11,7000 -110.48,45.14,7000 -110.48,45.16,7000 -110.48,45.19,7000 -110.48,45.21,7000 -110.47,45.24,7000 -110.47,45.26,7000 -110.32,45.34,7000 
          </coordinates>
        </LinearRing>
      </outerBoundaryIs>
      <innerBoundaryIs>
        <LinearRing>
          <coordinates>
-110.31,45.28,8000 -110.32,45.29,8000 -110.29,45.27,8000 -110.28,45.27,8000 -110.27,45.26,8000 -110.26,45.25,8000 -110.25,45.25,8000 -110.23,45.24,8000 -110.22,45.23,8000 -110.20,45.22,8000 -110.19,45.21,8000 -110.17,45.21,8000 -110.15,45.20,8000 -110.14,45.19,8000 -110.12,45.18,8000 -110.11,45.17,8000 -110.09,45.16,8000 -110.08,45.16,8000 -110.07,45.15,8000 -110.06,45.14,8000 -110.05,45.14,8000 -110.02,45.13,8000 -110.02,45.13,8000 -110.02,45.12,8000 -110.02,45.11,8000 -110.02,45.10,8000 -110.01,45.09,8000 -110.01,45.08,8000 -110.01,45.06,8000 -110.00,45.05,8000 -110.00,45.03,8000 -110.00,45.02,8000 -110.00,45.00,8000 -110.00,44.99,8000 -110.00,44.98,8000 -110.01,44.96,8000 -110.01,44.96,8000 -110.02,44.95,8000 -110.03,44.95,8000 -110.04,44.94,8000 -110.06,44.94,8000 -110.07,44.94,8000 -110.09,44.95,8000 -110.11,44.95,8000 -110.13,44.95,8000 -110.15,44.95,8000 -110.17,44.96,8000 -110.19,44.96,8000 -110.21,44.97,8000 -110.23,44.97,8000 -110.24,44.98,8000 -110.26,44.98,8000 -110.27,44.99,8000 -110.29,45.00,8000 -110.30,45.01,8000 -110.31,45.02,8000 -110.32,45.03,8000 -110.33,45.04,8000 -110.33,45.05,8000 -110.34,45.06,8000 -110.34,45.07,8000 -110.35,45.09,8000 -110.35,45.10,8000 -110.35,45.11,8000 -110.35,45.12,8000 -110.35,45.13,8000 -110.35,45.14,8000 -110.35,45.16,8000 -110.35,45.17,8000 -110.35,45.18,8000 -110.35,45.19,8000 -110.34,45.20,8000 -110.34,45.22,8000 -110.34,45.23,8000 -110.34,45.24,8000 -110.33,45.26,8000 -110.33,45.27,8000 -110.31,45.28,8000 
          </coordinates>
        </LinearRing>
      </innerBoundaryIs>
  </Polygon>
 </MultiGeometry>
</Placemark>
<Placemark>
  <name>60%</name>
  <visibility>1</visibility>
  <styleUrl>#poly_60</styleUrl>
  <MultiGeometry>
    <Polygon>
      <outerBoundaryIs>
        <LinearRing>
          <coordinates>
-121.71,49.08,7000 -121.65,49.10,7000 -121.60,49.12,7000 -121.54,49.14,7000 -121.48,49.16,7000 -121.42,49.18,7000 -121.36,49.20,7000 -121.30,49.22,7000 -121.24,49.22,7000 -121.17,49.20,7000 -121.10,49.17,7000 -121.04,49.13,7000 -120.99,49.10,7000 -120.95,49.07,7000 -120.93,49.05,7000 -120.90,49.02,7000 -120.87,48.99,7000 -120.84,48.95,7000 -120.82,48.91,7000 -120.80,48.87,7000 -120.79,48.83,7000 -120.78,48.79,7000 -120.78,48.74,7000 -120.78,48.69,7000 -120.79,48.65,7000 -120.79,48.61,7000 -120.79,48.57,7000 -120.79,48.54,7000 -120.78,48.50,7000 -120.78,48.45,7000 -120.78,48.41,7000 -120.79,48.36,7000 -120.79,48.32,7000 -120.80,48.27,7000 -120.80,48.23,7000 -120.80,48.18,7000 -120.80,48.14,7000 -120.81,48.10,7000 -120.83,48.06,7000 -120.85,48.03,7000 -120.88,48.00,7000 -120.92,47.97,7000 -120.96,47.94,7000 -121.00,47.91,7000 -121.05,47.87,7000 -121.09,47.84,7000 -121.14,47.85,7000 -121.20,47.88,7000 -121.24,47.91,7000 -121.28,47.95,7000 -121.32,47.99,7000 -121.34,48.03,7000 -121.34,48.07,7000 -121.33,48.12,7000 -121.31,48.16,7000 -121.30,48.21,7000 -121.30,48.25,7000 -121.30,48.30,7000 -121.30,48.34,7000 -121.31,48.38,7000 -121.32,48.42,7000 -121.33,48.46,7000 -121.35,48.51,7000 -121.38,48.54,7000 -121.42,48.57,7000 -121.48,48.59,7000 -121.53,48.61,7000 -121.58,48.63,7000 -121.64,48.65,7000 -121.69,48.67,7000 -121.74,48.69,7000 -121.79,48.73,7000 -121.84,48.76,7000 -121.88,48.78,7000 -121.91,48.81,7000 -121.90,48.85,7000 -121.88,48.89,7000 -121.86,48.94,7000 -121.83,48.99,7000 -121.71,49.08,7000 
          </coordinates>
        </LinearRing>
      </outerBoundaryIs>
      <innerBoundaryIs>
        <LinearRing>
          <coordinates>
-121.70,49.02,8000 -121.64,49.04,8000 -121.58,49.06,8000 -121.52,49.07,8000 -121.46,49.08,8000 -121.39,49.09,8000 -121.32,49.09,8000 -121.26,49.09,8000 -121.22,49.07,8000 -121.20,49.04,8000 -121.21,48.99,8000 -121.22,48.95,8000 -121.22,48.90,8000 -121.22,48.85,8000 -121.21,48.81,8000 -121.20,48.76,8000 -121.19,48.73,8000 -121.15,48.72,8000 -121.09,48.71,8000 -121.05,48.69,8000 -121.01,48.66,8000 -120.96,48.63,8000 -120.93,48.60,8000 -120.91,48.57,8000 -120.90,48.54,8000 -120.88,48.50,8000 -120.88,48.46,8000 -120.87,48.43,8000 -120.87,48.39,8000 -120.86,48.35,8000 -120.87,48.31,8000 -120.87,48.27,8000 -120.87,48.23,8000 -120.88,48.19,8000 -120.88,48.15,8000 -120.89,48.12,8000 -120.89,48.09,8000 -120.90,48.07,8000 -120.93,48.04,8000 -120.97,48.01,8000 -121.02,47.97,8000 -121.07,47.93,8000 -121.11,47.92,8000 -121.15,47.93,8000 -121.19,47.96,8000 -121.23,48.01,8000 -121.25,48.05,8000 -121.26,48.09,8000 -121.25,48.13,8000 -121.24,48.18,8000 -121.24,48.22,8000 -121.24,48.26,8000 -121.24,48.31,8000 -121.24,48.35,8000 -121.25,48.39,8000 -121.25,48.43,8000 -121.26,48.47,8000 -121.27,48.51,8000 -121.30,48.55,8000 -121.34,48.58,8000 -121.40,48.61,8000 -121.46,48.64,8000 -121.52,48.66,8000 -121.56,48.68,8000 -121.59,48.69,8000 -121.63,48.71,8000 -121.68,48.73,8000 -121.73,48.76,8000 -121.78,48.79,8000 -121.81,48.82,8000 -121.82,48.85,8000 -121.81,48.89,8000 -121.79,48.92,8000 -121.76,48.96,8000 -121.73,49.00,8000 -121.70,49.02,8000 
          </coordinates>
        </LinearRing>
      </innerBoundaryIs>
  </Polygon>
 </MultiGeometry>
</Placemark>
<Placemark>
  <name>60%</name>
  <visibility>1</visibility>
  <styleUrl>#poly_60</styleUrl>
  <MultiGeometry>
    <Polygon>
      <outerBoundaryIs>
        <LinearRing>
          <coordinates>
-127.08,50.30,7000 -127.01,50.32,7000 -126.94,50.33,7000 -126.87,50.34,7000 -126.80,50.36,7000 -126.73,50.37,7000 -126.66,50.38,7000 -126.59,50.39,7000 -126.52,50.40,7000 -126.46,50.41,7000 -126.39,50.41,7000 -126.32,50.42,7000 -126.25,50.42,7000 -126.19,50.42,7000 -126.13,50.42,7000 -126.07,50.42,7000 -125.99,50.41,7000 -125.92,50.39,7000 -125.86,50.37,7000 -125.81,50.34,7000 -125.76,50.31,7000 -125.72,50.28,7000 -125.70,50.25,7000 -125.68,50.22,7000 -125.66,50.18,7000 -125.63,50.14,7000 -125.61,50.11,7000 -125.59,50.07,7000 -125.56,50.03,7000 -125.54,49.98,7000 -125.51,49.94,7000 -125.49,49.90,7000 -125.46,49.86,7000 -125.44,49.83,7000 -125.39,49.79,7000 -125.35,49.76,7000 -125.30,49.74,7000 -125.24,49.70,7000 -125.21,49.67,7000 -125.17,49.63,7000 -125.13,49.60,7000 -125.08,49.55,7000 -125.04,49.51,7000 -125.01,49.47,7000 -124.98,49.43,7000 -124.97,49.40,7000 -124.97,49.35,7000 -125.00,49.31,7000 -125.03,49.27,7000 -125.08,49.24,7000 -125.12,49.21,7000 -125.17,49.19,7000 -125.23,49.17,7000 -125.30,49.17,7000 -125.37,49.17,7000 -125.42,49.18,7000 -125.48,49.20,7000 -125.54,49.22,7000 -125.60,49.24,7000 -125.66,49.27,7000 -125.71,49.29,7000 -125.77,49.31,7000 -125.83,49.34,7000 -125.89,49.36,7000 -125.94,49.39,7000 -126.00,49.41,7000 -126.06,49.43,7000 -126.11,49.46,7000 -126.16,49.48,7000 -126.22,49.51,7000 -126.28,49.54,7000 -126.33,49.57,7000 -126.37,49.60,7000 -126.42,49.64,7000 -126.47,49.68,7000 -126.52,49.71,7000 -126.57,49.75,7000 -126.62,49.78,7000 -126.68,49.81,7000 -126.73,49.84,7000 -126.79,49.86,7000 -126.84,49.88,7000 -126.89,49.91,7000 -126.94,49.93,7000 -126.99,49.96,7000 -127.04,49.99,7000 -127.08,50.02,7000 -127.12,50.05,7000 -127.15,50.08,7000 -127.18,50.12,7000 -127.20,50.15,7000 -127.22,50.19,7000 -127.23,50.23,7000 -127.08,50.30,7000 
          </coordinates>
        </LinearRing>
      </outerBoundaryIs>
      <innerBoundaryIs>
        <LinearRing>
          <coordinates>
-126.82,50.32,8000 -126.75,50.33,8000 -126.68,50.34,8000 -126.61,50.35,8000 -126.55,50.36,8000 -126.49,50.37,8000 -126.43,50.38,8000 -126.37,50.39,8000 -126.32,50.39,8000 -126.24,50.40,8000 -126.17,50.40,8000 -126.12,50.40,8000 -126.05,50.38,8000 -126.00,50.36,8000 -125.96,50.34,8000 -125.91,50.32,8000 -125.85,50.29,8000 -125.81,50.26,8000 -125.77,50.23,8000 -125.73,50.20,8000 -125.70,50.17,8000 -125.69,50.13,8000 -125.67,50.10,8000 -125.66,50.06,8000 -125.65,50.02,8000 -125.62,49.98,8000 -125.59,49.95,8000 -125.56,49.92,8000 -125.53,49.88,8000 -125.49,49.84,8000 -125.45,49.81,8000 -125.41,49.77,8000 -125.37,49.74,8000 -125.34,49.71,8000 -125.31,49.68,8000 -125.26,49.64,8000 -125.22,49.61,8000 -125.19,49.59,8000 -125.16,49.57,8000 -125.13,49.54,8000 -125.10,49.50,8000 -125.07,49.46,8000 -125.06,49.43,8000 -125.05,49.39,8000 -125.06,49.36,8000 -125.08,49.32,8000 -125.10,49.29,8000 -125.14,49.27,8000 -125.18,49.25,8000 -125.24,49.23,8000 -125.30,49.22,8000 -125.36,49.22,8000 -125.41,49.23,8000 -125.47,49.24,8000 -125.53,49.26,8000 -125.58,49.28,8000 -125.64,49.30,8000 -125.70,49.32,8000 -125.75,49.34,8000 -125.81,49.37,8000 -125.86,49.39,8000 -125.92,49.42,8000 -125.98,49.45,8000 -126.03,49.47,8000 -126.09,49.50,8000 -126.14,49.52,8000 -126.19,49.55,8000 -126.23,49.58,8000 -126.27,49.61,8000 -126.31,49.63,8000 -126.35,49.66,8000 -126.39,49.69,8000 -126.44,49.72,8000 -126.48,49.74,8000 -126.53,49.77,8000 -126.58,49.80,8000 -126.64,49.83,8000 -126.68,49.85,8000 -126.74,49.88,8000 -126.79,49.91,8000 -126.84,49.94,8000 -126.89,49.96,8000 -126.93,49.99,8000 -126.97,50.01,8000 -127.02,50.04,8000 -127.05,50.06,8000 -127.07,50.09,8000 -127.08,50.12,8000 -127.08,50.16,8000 -127.07,50.21,8000 -127.06,50.25,8000 -126.82,50.32,8000 
          </coordinates>
        </LinearRing>
      </innerBoundaryIs>
  </Polygon>
 </MultiGeometry>
</Placemark>
<Placemark>
  <name>70%</name>
  <visibility>1</visibility>
  <styleUrl>#poly_70</styleUrl>
  <MultiGeometry>
    <Polygon>
      <outerBoundaryIs>
        <LinearRing>
          <coordinates>
-126.82,50.32,8000 -126.75,50.33,8000 -126.68,50.34,8000 -126.61,50.35,8000 -126.55,50.36,8000 -126.49,50.37,8000 -126.43,50.38,8000 -126.37,50.39,8000 -126.32,50.39,8000 -126.24,50.40,8000 -126.17,50.40,8000 -126.12,50.40,8000 -126.05,50.38,8000 -126.00,50.36,8000 -125.96,50.34,8000 -125.91,50.32,8000 -125.85,50.29,8000 -125.81,50.26,8000 -125.77,50.23,8000 -125.73,50.20,8000 -125.70,50.17,8000 -125.69,50.13,8000 -125.67,50.10,8000 -125.66,50.06,8000 -125.65,50.02,8000 -125.62,49.98,8000 -125.59,49.95,8000 -125.56,49.92,8000 -125.53,49.88,8000 -125.49,49.84,8000 -125.45,49.81,8000 -125.41,49.77,8000 -125.37,49.74,8000 -125.34,49.71,8000 -125.31,49.68,8000 -125.26,49.64,8000 -125.22,49.61,8000 -125.19,49.59,8000 -125.16,49.57,8000 -125.13,49.54,8000 -125.10,49.50,8000 -125.07,49.46,8000 -125.06,49.43,8000 -125.05,49.39,8000 -125.06,49.36,8000 -125.08,49.32,8000 -125.10,49.29,8000 -125.14,49.27,8000 -125.18,49.25,8000 -125.24,49.23,8000 -125.30,49.22,8000 -125.36,49.22,8000 -125.41,49.23,8000 -125.47,49.24,8000 -125.53,49.26,8000 -125.58,49.28,8000 -125.64,49.30,8000 -125.70,49.32,8000 -125.75,49.34,8000 -125.81,49.37,8000 -125.86,49.39,8000 -125.92,49.42,8000 -125.98,49.45,8000 -126.03,49.47,8000 -126.09,49.50,8000 -126.14,49.52,8000 -126.19,49.55,8000 -126.23,49.58,8000 -126.27,49.61,8000 -126.31,49.63,8000 -126.35,49.66,8000 -126.39,49.69,8000 -126.44,49.72,8000 -126.48,49.74,8000 -126.53,49.77,8000 -126.58,49.80,8000 -126.64,49.83,8000 -126.68,49.85,8000 -126.74,49.88,8000 -126.79,49.91,8000 -126.84,49.94,8000 -126.89,49.96,8000 -126.93,49.99,8000 -126.97,50.01,8000 -127.02,50.04,8000 -127.05,50.06,8000 -127.07,50.09,8000 -127.08,50.12,8000 -127.08,50.16,8000 -127.07,50.21,8000 -127.06,50.25,8000 -126.82,50.32,8000 
          </coordinates>
        </LinearRing>
      </outerBoundaryIs>
      <innerBoundaryIs>
        <LinearRing>
          <coordinates>
-127.01,50.12,9000 -126.98,50.15,9000 -126.94,50.18,9000 -126.90,50.21,9000 -126.86,50.24,9000 -126.82,50.26,9000 -126.78,50.28,9000 -126.73,50.29,9000 -126.69,50.30,9000 -126.63,50.30,9000 -126.56,50.31,9000 -126.51,50.31,9000 -126.46,50.32,9000 -126.40,50.33,9000 -126.33,50.33,9000 -126.27,50.34,9000 -126.21,50.34,9000 -126.15,50.34,9000 -126.09,50.34,9000 -126.04,50.33,9000 -125.99,50.31,9000 -125.94,50.29,9000 -125.89,50.26,9000 -125.85,50.23,9000 -125.82,50.20,9000 -125.78,50.17,9000 -125.75,50.13,9000 -125.72,50.10,9000 -125.70,50.06,9000 -125.68,50.02,9000 -125.67,49.98,9000 -125.65,49.94,9000 -125.64,49.91,9000 -125.62,49.87,9000 -125.60,49.84,9000 -125.57,49.80,9000 -125.54,49.77,9000 -125.51,49.75,9000 -125.48,49.72,9000 -125.45,49.70,9000 -125.42,49.67,9000 -125.38,49.65,9000 -125.34,49.62,9000 -125.30,49.60,9000 -125.26,49.58,9000 -125.23,49.56,9000 -125.20,49.53,9000 -125.18,49.50,9000 -125.16,49.46,9000 -125.15,49.42,9000 -125.15,49.39,9000 -125.15,49.36,9000 -125.16,49.33,9000 -125.20,49.30,9000 -125.26,49.29,9000 -125.32,49.27,9000 -125.38,49.27,9000 -125.43,49.27,9000 -125.48,49.29,9000 -125.54,49.31,9000 -125.58,49.33,9000 -125.63,49.35,9000 -125.68,49.37,9000 -125.73,49.39,9000 -125.78,49.42,9000 -125.83,49.44,9000 -125.88,49.46,9000 -125.93,49.48,9000 -125.97,49.50,9000 -126.02,49.53,9000 -126.07,49.55,9000 -126.11,49.57,9000 -126.15,49.59,9000 -126.19,49.61,9000 -126.22,49.64,9000 -126.26,49.66,9000 -126.30,49.68,9000 -126.34,49.71,9000 -126.38,49.73,9000 -126.42,49.75,9000 -126.46,49.78,9000 -126.50,49.80,9000 -126.54,49.83,9000 -126.59,49.85,9000 -126.63,49.88,9000 -126.67,49.90,9000 -126.71,49.92,9000 -126.75,49.95,9000 -126.79,49.97,9000 -126.83,50.00,9000 -126.88,50.02,9000 -126.92,50.04,9000 -126.96,50.07,9000 -127.00,50.09,9000 -127.01,50.12,9000 
          </coordinates>
        </LinearRing>
      </innerBoundaryIs>
  </Polygon>
 </MultiGeometry>
</Placemark>
<Placemark>
  <name>70%</name>
  <visibility>1</visibility>
  <styleUrl>#poly_70</styleUrl>
  <MultiGeometry>
    <Polygon>
      <outerBoundaryIs>
        <LinearRing>
          <coordinates>
-68.31,50.70,8000 -67.97,50.68,8000 -67.69,50.62,8000 -67.20,50.43,8000 -66.76,50.25,8000 -66.35,50.08,8000 -66.16,49.90,8000 -66.10,49.65,8000 -66.44,49.39,8000 -67.01,49.17,8000 -67.58,48.93,8000 -68.04,48.76,8000 -68.46,48.64,8000 -68.98,48.46,8000 -69.55,48.21,8000 -69.98,47.83,8000 -70.30,47.48,8000 -70.55,47.22,8000 -70.82,47.06,8000 -71.44,46.85,8000 -71.87,46.81,8000 -72.52,46.82,8000 -72.70,46.78,8000 -72.94,46.65,8000 -73.30,46.37,8000 -73.67,46.10,8000 -73.90,45.92,8000 -74.21,45.82,8000 -74.70,45.82,8000 -75.08,45.78,8000 -75.34,45.71,8000 -75.88,45.60,8000 -76.60,45.54,8000 -76.75,45.40,8000 -76.77,45.19,8000 -76.73,44.60,8000 -76.65,44.49,8000 -76.38,44.37,8000 -75.98,44.26,8000 -75.56,44.31,8000 -74.98,44.50,8000 -74.68,44.57,8000 -74.46,44.60,8000 -74.24,44.43,8000 -74.29,44.13,8000 -74.45,43.82,8000 -74.60,43.34,8000 -74.80,42.98,8000 -74.98,42.77,8000 -75.17,42.65,8000 -75.64,42.50,8000 -75.84,42.47,8000 -76.15,42.52,8000 -76.59,42.78,8000 -76.98,42.90,8000 -77.28,42.78,8000 -77.29,42.46,8000 -77.48,42.16,8000 -77.60,41.85,8000 -77.75,41.69,8000 -77.99,41.54,8000 -78.17,41.42,8000 -78.36,41.17,8000 -78.51,41.01,8000 -78.77,40.90,8000 -79.15,41.07,8000 -79.46,41.15,8000 -79.85,41.17,8000 -80.38,41.31,8000 -80.87,41.41,8000 -81.24,41.39,8000 -81.17,41.60,8000 -80.62,41.78,8000 -80.27,42.04,8000 -79.85,42.30,8000 -79.35,42.59,8000 -78.80,42.85,8000 -78.36,43.08,8000 -78.37,43.33,8000 -78.47,43.82,8000 -78.69,43.98,8000 -78.86,44.28,8000 -79.01,44.49,8000 -79.20,44.61,8000 -79.75,44.52,8000 -80.02,44.41,8000 -80.15,44.28,8000 -80.42,43.97,8000 -80.86,43.80,8000 -81.10,43.73,8000 -81.42,43.80,8000 -81.75,44.05,8000 -82.16,44.33,8000 -82.72,44.60,8000 -82.88,44.68,8000 -83.25,44.77,8000 -83.86,44.70,8000 -84.44,44.48,8000 -84.92,44.13,8000 -85.39,43.76,8000 -85.54,43.63,8000 -85.70,43.38,8000 -85.76,43.03,8000 -85.55,42.70,8000 -85.29,42.33,8000 -85.16,41.83,8000 -85.17,41.57,8000 -85.44,41.31,8000 -86.00,41.19,8000 -86.30,41.19,8000 -86.63,41.25,8000 -87.30,41.41,8000 -87.57,41.13,8000 -87.74,41.04,8000 -88.11,41.05,8000 -88.43,41.09,8000 -88.81,41.05,8000 -89.32,40.93,8000 -89.84,40.72,8000 -90.48,40.51,8000 -90.67,40.43,8000 -90.93,40.38,8000 -91.16,40.42,8000 -91.78,40.63,8000 -92.31,40.84,8000 -92.70,41.06,8000 -93.08,41.38,8000 -93.29,41.67,8000 -93.36,41.75,8000 -93.72,41.84,8000 -94.19,41.92,8000 -94.53,42.27,8000 -94.91,42.52,8000 -95.27,42.82,8000 -95.70,43.14,8000 -95.94,43.49,8000 -96.19,43.79,8000 -96.45,44.09,8000 -96.69,44.49,8000 -96.87,45.00,8000 -96.93,45.36,8000 -96.75,45.67,8000 -96.53,46.09,8000 -96.56,46.43,8000 -96.44,46.64,8000 -96.08,46.53,8000 -95.86,46.39,8000 -95.52,46.20,8000 -94.87,46.15,8000 -94.42,46.26,8000 -94.00,46.44,8000 -93.62,46.67,8000 -93.20,46.91,8000 -92.52,47.17,8000 -92.07,47.40,8000 -91.62,47.65,8000 -91.19,47.68,8000 -90.68,47.59,8000 -90.38,47.69,8000 -90.31,47.96,8000 -89.97,48.17,8000 -89.07,48.28,8000 -88.90,48.39,8000 -88.71,48.64,8000 -88.23,48.81,8000 -87.92,49.11,8000 -87.56,49.40,8000 -87.16,49.62,8000 -86.46,50.06,8000 -86.02,50.26,8000 -85.55,50.31,8000 -85.16,50.24,8000 -84.70,49.98,8000 -84.03,49.77,8000 -83.73,49.58,8000 -83.47,49.41,8000 -83.23,49.33,8000 -82.74,49.14,8000 -82.28,48.83,8000 -81.70,48.68,8000 -80.90,48.48,8000 -80.09,48.28,8000 -79.46,48.12,8000 -78.76,47.93,8000 -78.37,47.83,8000 -78.06,47.76,8000 -77.70,47.74,8000 -77.24,47.79,8000 -76.80,47.78,8000 -76.42,47.84,8000 -75.93,47.96,8000 -75.35,48.11,8000 -74.77,48.26,8000 -74.34,48.39,8000 -73.84,48.66,8000 -73.28,48.83,8000 -73.01,48.91,8000 -72.74,49.05,8000 -72.30,49.45,8000 -71.71,49.73,8000 -71.37,50.10,8000 -71.02,50.38,8000 -70.40,50.53,8000 -69.63,50.68,8000 -69.39,50.71,8000 -68.83,50.70,8000 -68.31,50.70,8000 
          </coordinates>
        </LinearRing>
      </outerBoundaryIs>
      <innerBoundaryIs>
        <LinearRing>
          <coordinates>
-69.37,50.65,9000 -68.67,50.64,9000 -68.15,50.63,9000 -67.88,50.59,9000 -67.58,50.49,9000 -67.19,50.36,9000 -66.64,50.14,9000 -66.35,49.96,9000 -66.23,49.84,9000 -66.21,49.65,9000 -66.34,49.51,9000 -66.58,49.40,9000 -67.18,49.21,9000 -67.54,49.06,9000 -68.05,48.89,9000 -68.63,48.70,9000 -69.13,48.50,9000 -69.54,48.32,9000 -69.84,48.10,9000 -70.02,47.87,9000 -70.55,47.35,9000 -70.88,47.12,9000 -71.19,47.01,9000 -71.65,46.93,9000 -72.04,46.93,9000 -72.35,47.01,9000 -72.66,47.10,9000 -72.90,46.99,9000 -73.22,46.62,9000 -73.79,46.18,9000 -74.18,45.97,9000 -74.69,46.00,9000 -75.33,45.93,9000 -75.99,45.84,9000 -76.67,45.78,9000 -76.92,45.72,9000 -77.11,45.57,9000 -77.19,45.19,9000 -77.24,44.77,9000 -77.41,44.55,9000 -77.81,44.38,9000 -78.12,44.29,9000 -78.39,44.41,9000 -78.69,44.62,9000 -79.01,44.88,9000 -79.26,45.00,9000 -79.60,44.96,9000 -80.02,44.72,9000 -80.39,44.46,9000 -80.33,44.28,9000 -80.56,44.04,9000 -80.77,43.96,9000 -81.30,43.93,9000 -81.55,44.04,9000 -81.68,44.16,9000 -82.01,44.41,9000 -82.46,44.58,9000 -82.74,44.74,9000 -83.08,44.86,9000 -83.55,44.85,9000 -83.98,44.77,9000 -84.41,44.61,9000 -84.70,44.43,9000 -85.04,44.16,9000 -85.39,43.88,9000 -85.70,43.61,9000 -85.92,43.17,9000 -85.89,42.92,9000 -85.77,42.79,9000 -85.56,42.54,9000 -85.36,42.11,9000 -85.36,41.68,9000 -85.44,41.55,9000 -85.65,41.42,9000 -86.14,41.33,9000 -86.54,41.37,9000 -86.95,41.53,9000 -87.07,41.76,9000 -87.21,42.13,9000 -87.40,42.47,9000 -87.63,42.67,9000 -87.95,42.52,9000 -88.02,42.29,9000 -87.99,42.02,9000 -88.08,41.79,9000 -88.28,41.68,9000 -88.59,41.58,9000 -89.02,41.41,9000 -89.46,41.23,9000 -89.92,40.98,9000 -90.41,40.77,9000 -90.77,40.68,9000 -91.09,40.72,9000 -91.58,40.84,9000 -91.98,41.02,9000 -92.25,41.19,9000 -92.81,41.61,9000 -93.07,41.88,9000 -93.42,42.08,9000 -94.03,42.25,9000 -94.28,42.46,9000 -94.70,42.76,9000 -95.25,43.15,9000 -95.70,43.48,9000 -96.21,43.98,9000 -96.46,44.31,9000 -96.69,44.72,9000 -96.72,45.06,9000 -96.68,45.31,9000 -96.50,45.71,9000 -96.36,45.94,9000 -96.40,46.40,9000 -96.16,46.45,9000 -96.01,46.35,9000 -95.68,46.06,9000 -95.47,45.95,9000 -95.09,45.93,9000 -94.73,45.93,9000 -94.38,46.04,9000 -94.00,46.25,9000 -93.62,46.50,9000 -93.18,46.76,9000 -92.74,46.95,9000 -92.35,47.10,9000 -91.95,47.28,9000 -91.55,47.54,9000 -91.25,47.55,9000 -90.86,47.43,9000 -90.58,47.43,9000 -90.30,47.51,9000 -90.05,47.70,9000 -89.78,48.01,9000 -89.18,48.11,9000 -88.78,48.31,9000 -88.51,48.52,9000 -88.12,48.65,9000 -87.90,48.73,9000 -87.78,48.86,9000 -87.55,49.19,9000 -87.18,49.42,9000 -86.78,49.68,9000 -86.37,49.94,9000 -85.91,50.18,9000 -85.70,50.21,9000 -85.26,50.19,9000 -84.62,49.86,9000 -84.28,49.78,9000 -83.86,49.57,9000 -83.59,49.38,9000 -83.08,49.22,9000 -82.77,49.00,9000 -82.24,48.74,9000 -81.53,48.55,9000 -80.66,48.35,9000 -79.94,48.18,9000 -79.36,48.03,9000 -78.98,47.93,9000 -78.32,47.75,9000 -77.97,47.69,9000 -77.53,47.68,9000 -77.06,47.70,9000 -76.54,47.74,9000 -75.67,47.95,9000 -75.18,48.08,9000 -74.75,48.19,9000 -74.31,48.31,9000 -73.86,48.55,9000 -73.35,48.71,9000 -72.80,48.91,9000 -72.39,49.20,9000 -72.07,49.47,9000 -71.75,49.60,9000 -71.42,49.90,9000 -71.15,50.19,9000 -70.76,50.38,9000 -69.95,50.55,9000 -69.37,50.65,9000 
          </coordinates>
        </LinearRing>
      </innerBoundaryIs>
      <innerBoundaryIs>
        <LinearRing>
          <coordinates>
-78.41,42.80,9000 -78.34,42.79,9000 -78.27,42.78,9000 -78.21,42.76,9000 -78.15,42.74,9000 -78.11,42.71,9000 -78.07,42.69,9000 -78.04,42.65,9000 -78.00,42.61,9000 -77.97,42.56,9000 -77.95,42.52,9000 -77.92,42.48,9000 -77.90,42.43,9000 -77.87,42.38,9000 -77.85,42.32,9000 -77.83,42.27,9000 -77.81,42.22,9000 -77.80,42.18,9000 -77.79,42.13,9000 -77.79,42.07,9000 -77.79,42.03,9000 -77.80,41.98,9000 -77.82,41.93,9000 -77.85,41.89,9000 -77.88,41.85,9000 -77.92,41.82,9000 -77.97,41.79,9000 -78.02,41.76,9000 -78.08,41.72,9000 -78.13,41.69,9000 -78.19,41.66,9000 -78.24,41.63,9000 -78.30,41.60,9000 -78.35,41.57,9000 -78.41,41.53,9000 -78.47,41.50,9000 -78.52,41.47,9000 -78.58,41.45,9000 -78.63,41.43,9000 -78.70,41.41,9000 -78.77,41.40,9000 -78.84,41.40,9000 -78.90,41.40,9000 -78.97,41.40,9000 -79.03,41.40,9000 -79.09,41.41,9000 -79.14,41.41,9000 -79.20,41.42,9000 -79.27,41.42,9000 -79.34,41.43,9000 -79.40,41.43,9000 -79.47,41.44,9000 -79.54,41.44,9000 -79.62,41.45,9000 -79.69,41.45,9000 -79.76,41.45,9000 -79.82,41.46,9000 -79.87,41.46,9000 -79.95,41.46,9000 -79.99,41.46,9000 -80.04,41.47,9000 -80.10,41.49,9000 -80.16,41.51,9000 -80.21,41.54,9000 -80.25,41.58,9000 -80.26,41.62,9000 -80.27,41.67,9000 -80.27,41.72,9000 -80.25,41.78,9000 -80.22,41.84,9000 -80.19,41.88,9000 -80.15,41.92,9000 -80.11,41.96,9000 -80.07,42.00,9000 -80.01,42.04,9000 -79.96,42.09,9000 -79.91,42.12,9000 -79.86,42.16,9000 -79.81,42.19,9000 -79.76,42.22,9000 -79.70,42.25,9000 -79.65,42.28,9000 -79.60,42.30,9000 -79.54,42.33,9000 -79.48,42.35,9000 -79.43,42.38,9000 -79.37,42.41,9000 -79.32,42.44,9000 -79.26,42.47,9000 -79.21,42.50,9000 -79.15,42.53,9000 -79.09,42.56,9000 -79.04,42.59,9000 -78.99,42.61,9000 -78.93,42.64,9000 -78.86,42.67,9000 -78.81,42.69,9000 -78.75,42.72,9000 -78.69,42.74,9000 -78.64,42.76,9000 -78.41,42.80,9000 
          </coordinates>
        </LinearRing>
      </innerBoundaryIs>
      <innerBoundaryIs>
        <LinearRing>
          <coordinates>
-74.99,44.36,9000 -74.92,44.38,9000 -74.84,44.40,9000 -74.77,44.40,9000 -74.69,44.40,9000 -74.60,44.39,9000 -74.54,44.35,9000 -74.51,44.31,9000 -74.49,44.26,9000 -74.48,44.19,9000 -74.49,44.09,9000 -74.50,44.04,9000 -74.52,43.97,9000 -74.54,43.90,9000 -74.56,43.82,9000 -74.58,43.74,9000 -74.61,43.66,9000 -74.63,43.59,9000 -74.66,43.52,9000 -74.67,43.46,9000 -74.69,43.41,9000 -74.71,43.33,9000 -74.72,43.30,9000 -74.75,43.26,9000 -74.78,43.21,9000 -74.83,43.16,9000 -74.88,43.09,9000 -74.93,43.03,9000 -74.98,42.98,9000 -75.03,42.93,9000 -75.09,42.88,9000 -75.15,42.85,9000 -75.22,42.82,9000 -75.28,42.80,9000 -75.37,42.77,9000 -75.45,42.74,9000 -75.56,42.73,9000 -75.64,42.73,9000 -75.73,42.73,9000 -75.83,42.74,9000 -75.92,42.75,9000 -76.00,42.77,9000 -76.07,42.80,9000 -76.12,42.83,9000 -76.17,42.87,9000 -76.24,42.91,9000 -76.31,42.94,9000 -76.40,42.98,9000 -76.49,43.02,9000 -76.58,43.05,9000 -76.66,43.08,9000 -76.74,43.10,9000 -76.82,43.11,9000 -76.89,43.12,9000 -76.97,43.13,9000 -77.04,43.14,9000 -77.12,43.16,9000 -77.19,43.18,9000 -77.27,43.20,9000 -77.35,43.22,9000 -77.44,43.25,9000 -77.53,43.28,9000 -77.63,43.31,9000 -77.71,43.35,9000 -77.77,43.38,9000 -77.82,43.44,9000 -77.83,43.49,9000 -77.82,43.55,9000 -77.80,43.60,9000 -77.75,43.65,9000 -77.66,43.71,9000 -77.60,43.75,9000 -77.53,43.79,9000 -77.45,43.85,9000 -77.37,43.90,9000 -77.29,43.94,9000 -77.21,43.98,9000 -77.14,44.01,9000 -77.04,44.03,9000 -76.97,44.02,9000 -76.89,44.00,9000 -76.79,43.99,9000 -76.71,43.99,9000 -76.63,44.00,9000 -76.55,44.00,9000 -76.46,44.01,9000 -76.36,44.03,9000 -76.26,44.04,9000 -76.18,44.05,9000 -76.09,44.07,9000 -76.00,44.08,9000 -75.91,44.10,9000 -75.81,44.12,9000 -75.71,44.14,9000 -75.61,44.16,9000 -75.51,44.18,9000 -74.99,44.36,9000 
          </coordinates>
        </LinearRing>
      </innerBoundaryIs>
  </Polygon>
 </MultiGeometry>
</Placemark>
<Placemark>
  <name>70%</name>
  <visibility>1</visibility>
  <styleUrl>#poly_70</styleUrl>
  <MultiGeometry>
    <Polygon>
      <outerBoundaryIs>
        <LinearRing>
          <coordinates>
-120.78,51.14,8000 -120.63,51.16,8000 -120.48,51.18,8000 -120.34,51.19,8000 -120.19,51.21,8000 -120.04,51.23,8000 -119.89,51.25,8000 -119.74,51.27,8000 -119.60,51.28,8000 -119.45,51.30,8000 -119.30,51.32,8000 -119.15,51.33,8000 -119.00,51.35,8000 -118.85,51.37,8000 -118.69,51.38,8000 -118.53,51.40,8000 -118.36,51.42,8000 -118.20,51.44,8000 -118.04,51.45,8000 -117.88,51.47,8000 -117.73,51.49,8000 -117.58,51.50,8000 -117.44,51.52,8000 -117.31,51.53,8000 -117.20,51.54,8000 -117.00,51.56,8000 -116.84,51.58,8000 -116.71,51.60,8000 -116.60,51.61,8000 -116.50,51.62,8000 -116.41,51.62,8000 -116.23,51.60,8000 -116.14,51.55,8000 -116.08,51.48,8000 -116.03,51.39,8000 -116.02,51.32,8000 -116.07,51.25,8000 -116.19,51.20,8000 -116.33,51.20,8000 -116.51,51.21,8000 -116.66,51.20,8000 -116.80,51.14,8000 -116.86,51.06,8000 -116.83,51.00,8000 -116.74,50.92,8000 -116.69,50.86,8000 -116.62,50.80,8000 -116.55,50.73,8000 -116.48,50.65,8000 -116.43,50.57,8000 -116.39,50.48,8000 -116.37,50.39,8000 -116.35,50.30,8000 -116.34,50.21,8000 -116.33,50.13,8000 -116.33,50.03,8000 -116.34,49.95,8000 -116.37,49.88,8000 -116.42,49.81,8000 -116.48,49.74,8000 -116.54,49.68,8000 -116.63,49.62,8000 -116.72,49.56,8000 -116.78,49.50,8000 -116.84,49.43,8000 -116.90,49.35,8000 -116.94,49.26,8000 -116.99,49.14,8000 -117.03,49.04,8000 -117.08,48.99,8000 -117.15,49.02,8000 -117.22,49.11,8000 -117.30,49.20,8000 -117.37,49.25,8000 -117.45,49.30,8000 -117.53,49.34,8000 -117.66,49.38,8000 -117.81,49.40,8000 -117.94,49.41,8000 -118.08,49.41,8000 -118.21,49.42,8000 -118.32,49.44,8000 -118.41,49.47,8000 -118.50,49.50,8000 -118.60,49.54,8000 -118.70,49.59,8000 -118.78,49.64,8000 -118.87,49.69,8000 -118.93,49.76,8000 -118.95,49.83,8000 -118.97,49.91,8000 -118.99,49.99,8000 -118.99,50.06,8000 -118.96,50.15,8000 -118.93,50.23,8000 -118.93,50.32,8000 -118.93,50.42,8000 -118.95,50.51,8000 -118.98,50.61,8000 -119.05,50.68,8000 -119.14,50.71,8000 -119.27,50.74,8000 -119.43,50.76,8000 -119.56,50.78,8000 -119.72,50.80,8000 -119.88,50.82,8000 -120.04,50.84,8000 -120.16,50.85,8000 -120.32,50.85,8000 -120.43,50.84,8000 -120.54,50.85,8000 -120.66,50.86,8000 -120.77,50.88,8000 -120.92,50.90,8000 -121.01,50.94,8000 -120.98,51.01,8000 -120.88,51.11,8000 -120.78,51.14,8000 
          </coordinates>
        </LinearRing>
      </outerBoundaryIs>
      <innerBoundaryIs>
        <LinearRing>
          <coordinates>
-117.92,50.31,8000 -117.91,50.30,8000 -117.90,50.29,8000 -117.89,50.28,8000 -117.88,50.27,8000 -117.87,50.25,8000 -117.85,50.24,8000 -117.84,50.22,8000 -117.83,50.21,8000 -117.81,50.19,8000 -117.80,50.17,8000 -117.80,50.16,8000 -117.79,50.14,8000 -117.79,50.12,8000 -117.79,50.11,8000 -117.79,50.09,8000 -117.79,50.07,8000 -117.79,50.05,8000 -117.80,50.04,8000 -117.80,50.02,8000 -117.81,50.01,8000 -117.81,49.99,8000 -117.82,49.98,8000 -117.82,49.97,8000 -117.83,49.96,8000 -117.84,49.95,8000 -117.86,49.95,8000 -117.88,49.94,8000 -117.91,49.93,8000 -117.93,49.92,8000 -117.96,49.91,8000 -117.98,49.90,8000 -118.01,49.89,8000 -118.03,49.89,8000 -118.05,49.88,8000 -118.07,49.88,8000 -118.10,49.88,8000 -118.12,49.89,8000 -118.13,49.90,8000 -118.14,49.92,8000 -118.15,49.94,8000 -118.15,49.95,8000 -118.16,49.97,8000 -118.16,49.98,8000 -118.16,50.00,8000 -118.16,50.02,8000 -118.16,50.04,8000 -118.15,50.06,8000 -118.15,50.07,8000 -118.15,50.09,8000 -118.15,50.10,8000 -118.15,50.11,8000 -118.15,50.12,8000 -118.13,50.13,8000 -118.12,50.14,8000 -118.11,50.15,8000 -118.10,50.16,8000 -118.09,50.17,8000 -118.07,50.18,8000 -118.06,50.19,8000 -118.04,50.20,8000 -118.03,50.22,8000 -118.01,50.23,8000 -117.99,50.25,8000 -117.98,50.26,8000 -117.96,50.28,8000 -117.94,50.29,8000 -117.92,50.31,8000 
          </coordinates>
        </LinearRing>
      </innerBoundaryIs>
      <innerBoundaryIs>
        <LinearRing>
          <coordinates>
-117.97,50.48,9000 -117.97,50.48,9000 -117.93,50.46,9000 -117.91,50.45,9000 -117.88,50.43,9000 -117.85,50.41,9000 -117.81,50.39,9000 -117.78,50.36,9000 -117.75,50.34,9000 -117.72,50.32,9000 -117.70,50.29,9000 -117.68,50.27,9000 -117.66,50.24,9000 -117.65,50.21,9000 -117.64,50.19,9000 -117.63,50.16,9000 -117.62,50.13,9000 -117.62,50.10,9000 -117.61,50.08,9000 -117.61,50.05,9000 -117.62,50.02,9000 -117.63,49.99,9000 -117.64,49.97,9000 -117.66,49.94,9000 -117.68,49.92,9000 -117.70,49.90,9000 -117.72,49.87,9000 -117.74,49.85,9000 -117.77,49.83,9000 -117.79,49.81,9000 -117.82,49.79,9000 -117.85,49.77,9000 -117.89,49.75,9000 -117.92,49.74,9000 -117.96,49.72,9000 -117.99,49.72,9000 -118.02,49.71,9000 -118.06,49.71,9000 -118.10,49.72,9000 -118.13,49.74,9000 -118.17,49.77,9000 -118.19,49.79,9000 -118.22,49.81,9000 -118.24,49.83,9000 -118.26,49.85,9000 -118.29,49.87,9000 -118.31,49.90,9000 -118.32,49.92,9000 -118.33,49.95,9000 -118.34,49.97,9000 -118.35,50.00,9000 -118.35,50.02,9000 -118.35,50.05,9000 -118.34,50.08,9000 -118.33,50.11,9000 -118.32,50.13,9000 -118.30,50.16,9000 -118.28,50.19,9000 -118.26,50.22,9000 -118.24,50.24,9000 -118.23,50.26,9000 -118.21,50.28,9000 -118.18,50.30,9000 -118.16,50.32,9000 -118.14,50.33,9000 -118.12,50.35,9000 -118.09,50.38,9000 -118.06,50.40,9000 -118.03,50.42,9000 -118.00,50.45,9000 -117.97,50.48,9000 
          </coordinates>
        </LinearRing>
      </innerBoundaryIs>
      <innerBoundaryIs>
        <LinearRing>
          <coordinates>
-120.76,51.08,9000 -120.62,51.10,9000 -120.48,51.12,9000 -120.35,51.13,9000 -120.21,51.15,9000 -120.07,51.17,9000 -119.93,51.19,9000 -119.79,51.20,9000 -119.66,51.22,9000 -119.52,51.24,9000 -119.38,51.25,9000 -119.24,51.27,9000 -119.10,51.29,9000 -118.95,51.30,9000 -118.80,51.32,9000 -118.65,51.34,9000 -118.50,51.36,9000 -118.35,51.37,9000 -118.20,51.39,9000 -118.06,51.40,9000 -117.93,51.42,9000 -117.81,51.43,9000 -117.70,51.44,9000 -117.53,51.46,9000 -117.39,51.47,9000 -117.27,51.48,9000 -117.17,51.48,9000 -117.07,51.49,9000 -116.98,51.50,9000 -116.82,51.52,9000 -116.70,51.54,9000 -116.57,51.55,9000 -116.45,51.55,9000 -116.33,51.53,9000 -116.22,51.52,9000 -116.14,51.49,9000 -116.11,51.43,9000 -116.13,51.36,9000 -116.17,51.31,9000 -116.27,51.27,9000 -116.39,51.26,9000 -116.50,51.28,9000 -116.61,51.30,9000 -116.76,51.29,9000 -116.89,51.26,9000 -116.97,51.19,9000 -116.97,51.09,9000 -116.93,51.03,9000 -116.86,50.96,9000 -116.79,50.89,9000 -116.72,50.82,9000 -116.66,50.76,9000 -116.60,50.69,9000 -116.56,50.63,9000 -116.53,50.56,9000 -116.50,50.48,9000 -116.49,50.40,9000 -116.47,50.31,9000 -116.45,50.22,9000 -116.44,50.13,9000 -116.44,50.05,9000 -116.44,49.97,9000 -116.44,49.89,9000 -116.50,49.82,9000 -116.60,49.79,9000 -116.74,49.78,9000 -116.88,49.76,9000 -116.99,49.73,9000 -117.07,49.66,9000 -117.11,49.57,9000 -117.13,49.48,9000 -117.10,49.37,9000 -117.05,49.26,9000 -117.08,49.22,9000 -117.15,49.25,9000 -117.24,49.30,9000 -117.36,49.37,9000 -117.49,49.45,9000 -117.61,49.51,9000 -117.72,49.56,9000 -117.87,49.59,9000 -118.02,49.59,9000 -118.15,49.59,9000 -118.27,49.59,9000 -118.39,49.61,9000 -118.49,49.62,9000 -118.58,49.65,9000 -118.67,49.68,9000 -118.76,49.72,9000 -118.82,49.78,9000 -118.87,49.86,9000 -118.90,49.96,9000 -118.89,50.04,9000 -118.81,50.09,9000 -118.70,50.13,9000 -118.62,50.18,9000 -118.62,50.24,9000 -118.66,50.31,9000 -118.70,50.38,9000 -118.73,50.45,9000 -118.77,50.52,9000 -118.81,50.59,9000 -118.85,50.66,9000 -118.91,50.74,9000 -118.98,50.80,9000 -119.06,50.85,9000 -119.12,50.87,9000 -119.19,50.87,9000 -119.38,50.87,9000 -119.48,50.87,9000 -119.60,50.88,9000 -119.74,50.88,9000 -119.90,50.88,9000 -120.06,50.89,9000 -120.22,50.89,9000 -120.37,50.89,9000 -120.50,50.90,9000 -120.62,50.90,9000 -120.71,50.91,9000 -120.89,50.95,9000 -120.84,51.00,9000 -120.76,51.08,9000 
          </coordinates>
        </LinearRing>
      </innerBoundaryIs>
  </Polygon>
 </MultiGeometry>
</Placemark>
<Placemark>
  <name>70%</name>
  <visibility>1</visibility>
  <styleUrl>#poly_70</styleUrl>
  <MultiGeometry>
    <Polygon>
      <outerBoundaryIs>
        <LinearRing>
          <coordinates>
-110.31,45.28,8000 -110.32,45.29,8000 -110.29,45.27,8000 -110.28,45.27,8000 -110.27,45.26,8000 -110.26,45.25,8000 -110.25,45.25,8000 -110.23,45.24,8000 -110.22,45.23,8000 -110.20,45.22,8000 -110.19,45.21,8000 -110.17,45.21,8000 -110.15,45.20,8000 -110.14,45.19,8000 -110.12,45.18,8000 -110.11,45.17,8000 -110.09,45.16,8000 -110.08,45.16,8000 -110.07,45.15,8000 -110.06,45.14,8000 -110.05,45.14,8000 -110.02,45.13,8000 -110.02,45.13,8000 -110.02,45.12,8000 -110.02,45.11,8000 -110.02,45.10,8000 -110.01,45.09,8000 -110.01,45.08,8000 -110.01,45.06,8000 -110.00,45.05,8000 -110.00,45.03,8000 -110.00,45.02,8000 -110.00,45.00,8000 -110.00,44.99,8000 -110.00,44.98,8000 -110.01,44.96,8000 -110.01,44.96,8000 -110.02,44.95,8000 -110.03,44.95,8000 -110.04,44.94,8000 -110.06,44.94,8000 -110.07,44.94,8000 -110.09,44.95,8000 -110.11,44.95,8000 -110.13,44.95,8000 -110.15,44.95,8000 -110.17,44.96,8000 -110.19,44.96,8000 -110.21,44.97,8000 -110.23,44.97,8000 -110.24,44.98,8000 -110.26,44.98,8000 -110.27,44.99,8000 -110.29,45.00,8000 -110.30,45.01,8000 -110.31,45.02,8000 -110.32,45.03,8000 -110.33,45.04,8000 -110.33,45.05,8000 -110.34,45.06,8000 -110.34,45.07,8000 -110.35,45.09,8000 -110.35,45.10,8000 -110.35,45.11,8000 -110.35,45.12,8000 -110.35,45.13,8000 -110.35,45.14,8000 -110.35,45.16,8000 -110.35,45.17,8000 -110.35,45.18,8000 -110.35,45.19,8000 -110.34,45.20,8000 -110.34,45.22,8000 -110.34,45.23,8000 -110.34,45.24,8000 -110.33,45.26,8000 -110.33,45.27,8000 -110.31,45.28,8000 
          </coordinates>
        </LinearRing>
      </outerBoundaryIs>
  </Polygon>
 </MultiGeometry>
</Placemark>
<Placemark>
  <name>70%</name>
  <visibility>1</visibility>
  <styleUrl>#poly_70</styleUrl>
  <MultiGeometry>
    <Polygon>
      <outerBoundaryIs>
        <LinearRing>
          <coordinates>
-79.32,40.01,8000 -79.23,40.07,8000 -79.15,40.11,8000 -79.09,40.12,8000 -79.06,40.07,8000 -79.08,39.98,8000 -79.13,39.94,8000 -79.20,39.89,8000 -79.26,39.82,8000 -79.29,39.76,8000 -79.31,39.69,8000 -79.33,39.62,8000 -79.35,39.54,8000 -79.37,39.47,8000 -79.39,39.40,8000 -79.40,39.32,8000 -79.41,39.25,8000 -79.43,39.18,8000 -79.44,39.12,8000 -79.46,39.06,8000 -79.49,39.01,8000 -79.53,38.95,8000 -79.56,38.90,8000 -79.59,38.84,8000 -79.62,38.78,8000 -79.66,38.72,8000 -79.70,38.66,8000 -79.73,38.61,8000 -79.79,38.54,8000 -79.84,38.50,8000 -79.91,38.45,8000 -79.97,38.41,8000 -80.04,38.37,8000 -80.11,38.33,8000 -80.18,38.29,8000 -80.26,38.26,8000 -80.35,38.23,8000 -80.44,38.21,8000 -80.50,38.20,8000 -80.57,38.24,8000 -80.59,38.32,8000 -80.59,38.38,8000 -80.57,38.44,8000 -80.55,38.50,8000 -80.52,38.55,8000 -80.48,38.61,8000 -80.43,38.67,8000 -80.39,38.72,8000 -80.34,38.77,8000 -80.28,38.83,8000 -80.22,38.89,8000 -80.17,38.94,8000 -80.12,38.99,8000 -80.06,39.03,8000 -80.01,39.08,8000 -79.96,39.12,8000 -79.92,39.16,8000 -79.88,39.21,8000 -79.85,39.26,8000 -79.81,39.33,8000 -79.78,39.38,8000 -79.75,39.44,8000 -79.71,39.50,8000 -79.68,39.56,8000 -79.64,39.62,8000 -79.61,39.67,8000 -79.55,39.74,8000 -79.49,39.79,8000 -79.43,39.83,8000 -79.32,40.01,8000 
          </coordinates>
        </LinearRing>
      </outerBoundaryIs>
      <innerBoundaryIs>
        <LinearRing>
          <coordinates>
-79.95,38.86,9000 -79.93,38.86,9000 -79.91,38.85,9000 -79.89,38.85,9000 -79.87,38.84,9000 -79.85,38.84,9000 -79.83,38.83,9000 -79.82,38.82,9000 -79.81,38.81,9000 -79.81,38.80,9000 -79.81,38.79,9000 -79.81,38.78,9000 -79.82,38.77,9000 -79.82,38.75,9000 -79.83,38.74,9000 -79.84,38.72,9000 -79.85,38.71,9000 -79.86,38.69,9000 -79.87,38.68,9000 -79.88,38.67,9000 -79.89,38.65,9000 -79.90,38.64,9000 -79.91,38.63,9000 -79.92,38.61,9000 -79.93,38.60,9000 -79.94,38.59,9000 -79.95,38.58,9000 -79.96,38.57,9000 -79.97,38.56,9000 -79.99,38.55,9000 -80.00,38.54,9000 -80.01,38.53,9000 -80.03,38.52,9000 -80.05,38.52,9000 -80.06,38.51,9000 -80.08,38.50,9000 -80.10,38.49,9000 -80.12,38.49,9000 -80.13,38.48,9000 -80.15,38.47,9000 -80.16,38.47,9000 -80.18,38.46,9000 -80.20,38.46,9000 -80.21,38.45,9000 -80.23,38.45,9000 -80.24,38.45,9000 -80.26,38.45,9000 -80.27,38.46,9000 -80.28,38.48,9000 -80.28,38.49,9000 -80.28,38.50,9000 -80.27,38.52,9000 -80.27,38.53,9000 -80.26,38.55,9000 -80.26,38.57,9000 -80.25,38.59,9000 -80.25,38.61,9000 -80.24,38.62,9000 -80.24,38.64,9000 -80.23,38.65,9000 -80.23,38.66,9000 -80.23,38.67,9000 -80.21,38.68,9000 -80.20,38.69,9000 -80.19,38.69,9000 -80.18,38.70,9000 -80.17,38.71,9000 -80.16,38.72,9000 -80.14,38.73,9000 -80.13,38.73,9000 -80.11,38.74,9000 -80.10,38.76,9000 -80.08,38.77,9000 -80.06,38.78,9000 -80.04,38.79,9000 -80.03,38.80,9000 -80.01,38.81,9000 -79.95,38.86,9000 
          </coordinates>
        </LinearRing>
      </innerBoundaryIs>
  </Polygon>
 </MultiGeometry>
</Placemark>
<Placemark>
  <name>70%</name>
  <visibility>1</visibility>
  <styleUrl>#poly_70</styleUrl>
  <MultiGeometry>
    <Polygon>
      <outerBoundaryIs>
        <LinearRing>
          <coordinates>
-124.82,50.61,8000 -124.74,50.62,8000 -124.65,50.64,8000 -124.57,50.65,8000 -124.49,50.66,8000 -124.40,50.67,8000 -124.32,50.68,8000 -124.24,50.70,8000 -124.15,50.71,8000 -124.07,50.72,8000 -123.98,50.73,8000 -123.90,50.75,8000 -123.81,50.76,8000 -123.72,50.78,8000 -123.63,50.79,8000 -123.55,50.80,8000 -123.47,50.81,8000 -123.39,50.82,8000 -123.31,50.82,8000 -123.22,50.82,8000 -123.13,50.81,8000 -123.05,50.80,8000 -122.97,50.78,8000 -122.89,50.77,8000 -122.83,50.75,8000 -122.76,50.73,8000 -122.68,50.70,8000 -122.61,50.66,8000 -122.55,50.62,8000 -122.49,50.58,8000 -122.43,50.55,8000 -122.35,50.52,8000 -122.28,50.51,8000 -122.20,50.49,8000 -122.14,50.47,8000 -122.08,50.44,8000 -122.03,50.41,8000 -121.99,50.37,8000 -121.96,50.31,8000 -121.95,50.27,8000 -121.95,50.22,8000 -121.94,50.16,8000 -121.95,50.11,8000 -121.95,50.05,8000 -121.96,49.99,8000 -121.98,49.94,8000 -122.00,49.89,8000 -122.03,49.84,8000 -122.06,49.78,8000 -122.09,49.73,8000 -122.13,49.69,8000 -122.16,49.65,8000 -122.20,49.61,8000 -122.26,49.56,8000 -122.32,49.53,8000 -122.38,49.51,8000 -122.46,49.49,8000 -122.53,49.48,8000 -122.61,49.46,8000 -122.69,49.46,8000 -122.78,49.45,8000 -122.87,49.46,8000 -122.94,49.47,8000 -123.02,49.48,8000 -123.11,49.50,8000 -123.19,49.52,8000 -123.27,49.54,8000 -123.35,49.56,8000 -123.42,49.58,8000 -123.50,49.61,8000 -123.58,49.64,8000 -123.64,49.67,8000 -123.70,49.71,8000 -123.76,49.74,8000 -123.82,49.79,8000 -123.87,49.83,8000 -123.92,49.88,8000 -123.97,49.92,8000 -124.02,49.95,8000 -124.08,49.96,8000 -124.14,49.98,8000 -124.22,50.01,8000 -124.28,50.04,8000 -124.35,50.07,8000 -124.42,50.11,8000 -124.50,50.14,8000 -124.57,50.18,8000 -124.64,50.21,8000 -124.69,50.24,8000 -124.76,50.28,8000 -124.80,50.30,8000 -124.84,50.33,8000 -124.90,50.36,8000 -124.96,50.40,8000 -125.00,50.44,8000 -125.02,50.48,8000 -125.02,50.53,8000 -125.02,50.57,8000 -124.82,50.61,8000 
          </coordinates>
        </LinearRing>
      </outerBoundaryIs>
      <innerBoundaryIs>
        <LinearRing>
          <coordinates>
-124.80,50.55,9000 -124.72,50.56,9000 -124.63,50.58,9000 -124.55,50.59,9000 -124.47,50.61,9000 -124.38,50.62,9000 -124.30,50.63,9000 -124.22,50.64,9000 -124.13,50.66,9000 -124.05,50.67,9000 -123.96,50.68,9000 -123.88,50.70,9000 -123.79,50.71,9000 -123.70,50.72,9000 -123.61,50.74,9000 -123.52,50.75,9000 -123.44,50.76,9000 -123.37,50.77,9000 -123.30,50.77,9000 -123.20,50.77,9000 -123.12,50.77,9000 -123.06,50.76,9000 -123.00,50.74,9000 -122.94,50.73,9000 -122.88,50.71,9000 -122.83,50.70,9000 -122.78,50.67,9000 -122.72,50.64,9000 -122.66,50.61,9000 -122.60,50.57,9000 -122.53,50.54,9000 -122.46,50.50,9000 -122.40,50.46,9000 -122.34,50.43,9000 -122.26,50.40,9000 -122.20,50.38,9000 -122.14,50.37,9000 -122.09,50.34,9000 -122.05,50.30,9000 -122.02,50.25,9000 -122.01,50.20,9000 -122.01,50.14,9000 -122.03,50.10,9000 -122.06,50.07,9000 -122.10,50.03,9000 -122.14,49.99,9000 -122.18,49.95,9000 -122.22,49.90,9000 -122.24,49.86,9000 -122.26,49.80,9000 -122.27,49.75,9000 -122.29,49.70,9000 -122.31,49.65,9000 -122.34,49.60,9000 -122.38,49.57,9000 -122.44,49.55,9000 -122.51,49.53,9000 -122.59,49.52,9000 -122.68,49.52,9000 -122.76,49.51,9000 -122.85,49.52,9000 -122.93,49.52,9000 -123.01,49.53,9000 -123.08,49.54,9000 -123.16,49.55,9000 -123.23,49.56,9000 -123.31,49.58,9000 -123.37,49.60,9000 -123.44,49.63,9000 -123.50,49.66,9000 -123.55,49.70,9000 -123.60,49.74,9000 -123.64,49.78,9000 -123.69,49.82,9000 -123.75,49.86,9000 -123.81,49.90,9000 -123.87,49.93,9000 -123.95,49.96,9000 -124.02,49.99,9000 -124.10,50.01,9000 -124.18,50.04,9000 -124.26,50.07,9000 -124.33,50.09,9000 -124.39,50.12,9000 -124.46,50.16,9000 -124.53,50.19,9000 -124.58,50.22,9000 -124.63,50.26,9000 -124.68,50.29,9000 -124.72,50.32,9000 -124.77,50.36,9000 -124.81,50.40,9000 -124.84,50.44,9000 -124.86,50.47,9000 -124.80,50.55,9000 
          </coordinates>
        </LinearRing>
      </innerBoundaryIs>
  </Polygon>
 </MultiGeometry>
</Placemark>
<Placemark>
  <name>70%</name>
  <visibility>1</visibility>
  <styleUrl>#poly_70</styleUrl>
  <MultiGeometry>
    <Polygon>
      <outerBoundaryIs>
        <LinearRing>
          <coordinates>
-97.12,42.61,8000 -97.12,42.62,8000 -97.11,42.62,8000 -97.10,42.62,8000 -97.09,42.60,8000 -97.09,42.60,8000 -97.08,42.59,8000 -97.08,42.59,8000 -97.07,42.58,8000 -97.07,42.58,8000 -97.06,42.57,8000 -97.06,42.56,8000 -97.05,42.55,8000 -97.04,42.55,8000 -97.04,42.54,8000 -97.03,42.53,8000 -97.03,42.52,8000 -97.02,42.52,8000 -97.01,42.51,8000 -97.01,42.50,8000 -97.00,42.49,8000 -96.99,42.48,8000 -96.99,42.48,8000 -96.99,42.47,8000 -96.98,42.46,8000 -96.98,42.46,8000 -96.97,42.45,8000 -96.97,42.44,8000 -96.97,42.44,8000 -96.97,42.43,8000 -96.97,42.43,8000 -96.97,42.42,8000 -96.98,42.42,8000 -96.98,42.42,8000 -96.99,42.41,8000 -97.00,42.41,8000 -97.01,42.41,8000 -97.02,42.41,8000 -97.04,42.41,8000 -97.05,42.41,8000 -97.06,42.41,8000 -97.08,42.41,8000 -97.09,42.41,8000 -97.10,42.41,8000 -97.11,42.41,8000 -97.12,42.41,8000 -97.13,42.41,8000 -97.14,42.41,8000 -97.15,42.41,8000 -97.16,42.41,8000 -97.17,42.41,8000 -97.18,42.41,8000 -97.19,42.41,8000 -97.20,42.41,8000 -97.21,42.41,8000 -97.22,42.42,8000 -97.22,42.42,8000 -97.23,42.43,8000 -97.23,42.43,8000 -97.23,42.44,8000 -97.24,42.44,8000 -97.24,42.45,8000 -97.24,42.46,8000 -97.24,42.46,8000 -97.24,42.47,8000 -97.24,42.48,8000 -97.24,42.48,8000 -97.24,42.49,8000 -97.24,42.50,8000 -97.24,42.50,8000 -97.24,42.51,8000 -97.24,42.52,8000 -97.24,42.53,8000 -97.24,42.54,8000 -97.24,42.55,8000 -97.24,42.56,8000 -97.24,42.56,8000 -97.24,42.57,8000 -97.24,42.58,8000 -97.24,42.59,8000 -97.24,42.60,8000 -97.12,42.61,8000 
          </coordinates>
        </LinearRing>
      </outerBoundaryIs>
  </Polygon>
 </MultiGeometry>
</Placemark>
<Placemark>
  <name>70%</name>
  <visibility>1</visibility>
  <styleUrl>#poly_70</styleUrl>
  <MultiGeometry>
    <Polygon>
      <outerBoundaryIs>
        <LinearRing>
          <coordinates>
-121.70,49.02,8000 -121.64,49.04,8000 -121.58,49.06,8000 -121.52,49.07,8000 -121.46,49.08,8000 -121.39,49.09,8000 -121.32,49.09,8000 -121.26,49.09,8000 -121.22,49.07,8000 -121.20,49.04,8000 -121.21,48.99,8000 -121.22,48.95,8000 -121.22,48.90,8000 -121.22,48.85,8000 -121.21,48.81,8000 -121.20,48.76,8000 -121.19,48.73,8000 -121.15,48.72,8000 -121.09,48.71,8000 -121.05,48.69,8000 -121.01,48.66,8000 -120.96,48.63,8000 -120.93,48.60,8000 -120.91,48.57,8000 -120.90,48.54,8000 -120.88,48.50,8000 -120.88,48.46,8000 -120.87,48.43,8000 -120.87,48.39,8000 -120.86,48.35,8000 -120.87,48.31,8000 -120.87,48.27,8000 -120.87,48.23,8000 -120.88,48.19,8000 -120.88,48.15,8000 -120.89,48.12,8000 -120.89,48.09,8000 -120.90,48.07,8000 -120.93,48.04,8000 -120.97,48.01,8000 -121.02,47.97,8000 -121.07,47.93,8000 -121.11,47.92,8000 -121.15,47.93,8000 -121.19,47.96,8000 -121.23,48.01,8000 -121.25,48.05,8000 -121.26,48.09,8000 -121.25,48.13,8000 -121.24,48.18,8000 -121.24,48.22,8000 -121.24,48.26,8000 -121.24,48.31,8000 -121.24,48.35,8000 -121.25,48.39,8000 -121.25,48.43,8000 -121.26,48.47,8000 -121.27,48.51,8000 -121.30,48.55,8000 -121.34,48.58,8000 -121.40,48.61,8000 -121.46,48.64,8000 -121.52,48.66,8000 -121.56,48.68,8000 -121.59,48.69,8000 -121.63,48.71,8000 -121.68,48.73,8000 -121.73,48.76,8000 -121.78,48.79,8000 -121.81,48.82,8000 -121.82,48.85,8000 -121.81,48.89,8000 -121.79,48.92,8000 -121.76,48.96,8000 -121.73,49.00,8000 -121.70,49.02,8000 
          </coordinates>
        </LinearRing>
      </outerBoundaryIs>
      <innerBoundaryIs>
        <LinearRing>
          <coordinates>
-121.04,48.54,9000 -121.03,48.53,9000 -121.02,48.52,9000 -121.02,48.51,9000 -121.01,48.50,9000 -121.00,48.49,9000 -120.99,48.48,9000 -120.99,48.47,9000 -120.98,48.46,9000 -120.97,48.45,9000 -120.97,48.44,9000 -120.96,48.43,9000 -120.96,48.42,9000 -120.96,48.41,9000 -120.96,48.40,9000 -120.95,48.39,9000 -120.95,48.38,9000 -120.95,48.36,9000 -120.95,48.35,9000 -120.95,48.34,9000 -120.95,48.33,9000 -120.95,48.32,9000 -120.95,48.30,9000 -120.95,48.29,9000 -120.95,48.28,9000 -120.95,48.27,9000 -120.95,48.27,9000 -120.95,48.26,9000 -120.95,48.24,9000 -120.95,48.24,9000 -120.96,48.24,9000 -120.97,48.23,9000 -120.98,48.24,9000 -121.00,48.25,9000 -121.00,48.26,9000 -121.01,48.26,9000 -121.01,48.27,9000 -121.02,48.28,9000 -121.02,48.29,9000 -121.03,48.30,9000 -121.03,48.31,9000 -121.04,48.32,9000 -121.05,48.33,9000 -121.05,48.35,9000 -121.06,48.36,9000 -121.06,48.37,9000 -121.07,48.38,9000 -121.07,48.40,9000 -121.08,48.41,9000 -121.04,48.54,9000 
          </coordinates>
        </LinearRing>
      </innerBoundaryIs>
  </Polygon>
 </MultiGeometry>
</Placemark>
<Placemark>
  <name>70%</name>
  <visibility>1</visibility>
  <styleUrl>#poly_70</styleUrl>
  <MultiGeometry>
    <Polygon>
      <outerBoundaryIs>
        <LinearRing>
          <coordinates>
-66.53,48.94,8000 -66.50,48.94,8000 -66.48,48.94,8000 -66.45,48.94,8000 -66.42,48.95,8000 -66.40,48.95,8000 -66.37,48.95,8000 -66.35,48.95,8000 -66.32,48.94,8000 -66.30,48.94,8000 -66.27,48.94,8000 -66.24,48.94,8000 -66.22,48.93,8000 -66.19,48.93,8000 -66.16,48.92,8000 -66.14,48.91,8000 -66.11,48.90,8000 -66.09,48.90,8000 -66.07,48.89,8000 -66.05,48.89,8000 -66.03,48.88,8000 -66.00,48.87,8000 -65.97,48.87,8000 -65.96,48.86,8000 -65.96,48.85,8000 -65.97,48.84,8000 -65.98,48.83,8000 -65.99,48.82,8000 -66.01,48.80,8000 -66.03,48.79,8000 -66.06,48.78,8000 -66.08,48.77,8000 -66.10,48.77,8000 -66.13,48.76,8000 -66.15,48.76,8000 -66.18,48.75,8000 -66.20,48.75,8000 -66.23,48.74,8000 -66.25,48.74,8000 -66.27,48.73,8000 -66.29,48.73,8000 -66.31,48.72,8000 -66.34,48.72,8000 -66.36,48.72,8000 -66.38,48.71,8000 -66.40,48.71,8000 -66.42,48.70,8000 -66.45,48.70,8000 -66.48,48.69,8000 -66.51,48.69,8000 -66.53,48.68,8000 -66.56,48.68,8000 -66.59,48.68,8000 -66.61,48.68,8000 -66.63,48.68,8000 -66.66,48.69,8000 -66.68,48.70,8000 -66.71,48.71,8000 -66.73,48.72,8000 -66.75,48.73,8000 -66.77,48.74,8000 -66.79,48.75,8000 -66.81,48.76,8000 -66.83,48.77,8000 -66.84,48.78,8000 -66.86,48.80,8000 -66.84,48.81,8000 -66.83,48.81,8000 -66.82,48.82,8000 -66.80,48.82,8000 -66.79,48.83,8000 -66.77,48.84,8000 -66.75,48.85,8000 -66.73,48.86,8000 -66.71,48.87,8000 -66.69,48.88,8000 -66.66,48.89,8000 -66.64,48.90,8000 -66.61,48.92,8000 -66.59,48.93,8000 -66.56,48.94,8000 -66.53,48.94,8000 
          </coordinates>
        </LinearRing>
      </outerBoundaryIs>
  </Polygon>
 </MultiGeometry>
</Placemark>
<Placemark>
  <name>80%</name>
  <visibility>1</visibility>
  <styleUrl>#poly_80</styleUrl>
  <MultiGeometry>
    <Polygon>
      <outerBoundaryIs>
        <LinearRing>
          <coordinates>
-124.80,50.55,9000 -124.72,50.56,9000 -124.63,50.58,9000 -124.55,50.59,9000 -124.47,50.61,9000 -124.38,50.62,9000 -124.30,50.63,9000 -124.22,50.64,9000 -124.13,50.66,9000 -124.05,50.67,9000 -123.96,50.68,9000 -123.88,50.70,9000 -123.79,50.71,9000 -123.70,50.72,9000 -123.61,50.74,9000 -123.52,50.75,9000 -123.44,50.76,9000 -123.37,50.77,9000 -123.30,50.77,9000 -123.20,50.77,9000 -123.12,50.77,9000 -123.06,50.76,9000 -123.00,50.74,9000 -122.94,50.73,9000 -122.88,50.71,9000 -122.83,50.70,9000 -122.78,50.67,9000 -122.72,50.64,9000 -122.66,50.61,9000 -122.60,50.57,9000 -122.53,50.54,9000 -122.46,50.50,9000 -122.40,50.46,9000 -122.34,50.43,9000 -122.26,50.40,9000 -122.20,50.38,9000 -122.14,50.37,9000 -122.09,50.34,9000 -122.05,50.30,9000 -122.02,50.25,9000 -122.01,50.20,9000 -122.01,50.14,9000 -122.03,50.10,9000 -122.06,50.07,9000 -122.10,50.03,9000 -122.14,49.99,9000 -122.18,49.95,9000 -122.22,49.90,9000 -122.24,49.86,9000 -122.26,49.80,9000 -122.27,49.75,9000 -122.29,49.70,9000 -122.31,49.65,9000 -122.34,49.60,9000 -122.38,49.57,9000 -122.44,49.55,9000 -122.51,49.53,9000 -122.59,49.52,9000 -122.68,49.52,9000 -122.76,49.51,9000 -122.85,49.52,9000 -122.93,49.52,9000 -123.01,49.53,9000 -123.08,49.54,9000 -123.16,49.55,9000 -123.23,49.56,9000 -123.31,49.58,9000 -123.37,49.60,9000 -123.44,49.63,9000 -123.50,49.66,9000 -123.55,49.70,9000 -123.60,49.74,9000 -123.64,49.78,9000 -123.69,49.82,9000 -123.75,49.86,9000 -123.81,49.90,9000 -123.87,49.93,9000 -123.95,49.96,9000 -124.02,49.99,9000 -124.10,50.01,9000 -124.18,50.04,9000 -124.26,50.07,9000 -124.33,50.09,9000 -124.39,50.12,9000 -124.46,50.16,9000 -124.53,50.19,9000 -124.58,50.22,9000 -124.63,50.26,9000 -124.68,50.29,9000 -124.72,50.32,9000 -124.77,50.36,9000 -124.81,50.40,9000 -124.84,50.44,9000 -124.86,50.47,9000 -124.80,50.55,9000 
          </coordinates>
        </LinearRing>
      </outerBoundaryIs>
      <innerBoundaryIs>
        <LinearRing>
          <coordinates>
-124.77,50.47,10000 -124.70,50.49,10000 -124.63,50.50,10000 -124.56,50.52,10000 -124.49,50.53,10000 -124.42,50.54,10000 -124.35,50.56,10000 -124.28,50.57,10000 -124.21,50.58,10000 -124.14,50.59,10000 -124.07,50.60,10000 -124.00,50.61,10000 -123.92,50.62,10000 -123.85,50.63,10000 -123.78,50.64,10000 -123.71,50.65,10000 -123.63,50.66,10000 -123.55,50.67,10000 -123.48,50.69,10000 -123.40,50.70,10000 -123.33,50.70,10000 -123.27,50.71,10000 -123.19,50.72,10000 -123.12,50.72,10000 -123.06,50.72,10000 -123.01,50.71,10000 -122.95,50.69,10000 -122.91,50.66,10000 -122.88,50.63,10000 -122.84,50.59,10000 -122.81,50.55,10000 -122.78,50.50,10000 -122.75,50.46,10000 -122.72,50.42,10000 -122.70,50.39,10000 -122.67,50.34,10000 -122.65,50.30,10000 -122.63,50.27,10000 -122.60,50.25,10000 -122.54,50.25,10000 -122.47,50.27,10000 -122.40,50.29,10000 -122.35,50.29,10000 -122.32,50.26,10000 -122.29,50.20,10000 -122.29,50.15,10000 -122.30,50.12,10000 -122.34,50.13,10000 -122.39,50.15,10000 -122.46,50.19,10000 -122.52,50.21,10000 -122.57,50.22,10000 -122.61,50.20,10000 -122.63,50.17,10000 -122.65,50.12,10000 -122.65,50.06,10000 -122.64,50.02,10000 -122.62,49.97,10000 -122.60,49.92,10000 -122.57,49.87,10000 -122.55,49.82,10000 -122.54,49.78,10000 -122.53,49.74,10000 -122.55,49.68,10000 -122.59,49.65,10000 -122.65,49.63,10000 -122.70,49.62,10000 -122.77,49.61,10000 -122.84,49.60,10000 -122.91,49.60,10000 -122.98,49.61,10000 -123.04,49.62,10000 -123.11,49.63,10000 -123.19,49.65,10000 -123.25,49.66,10000 -123.31,49.68,10000 -123.38,49.70,10000 -123.44,49.72,10000 -123.50,49.74,10000 -123.56,49.77,10000 -123.60,49.80,10000 -123.65,49.84,10000 -123.69,49.88,10000 -123.72,49.93,10000 -123.76,49.97,10000 -123.80,50.01,10000 -123.84,50.04,10000 -123.90,50.07,10000 -123.96,50.09,10000 -124.01,50.10,10000 -124.07,50.11,10000 -124.13,50.13,10000 -124.19,50.15,10000 -124.24,50.16,10000 -124.30,50.18,10000 -124.36,50.20,10000 -124.42,50.22,10000 -124.47,50.25,10000 -124.53,50.27,10000 -124.58,50.31,10000 -124.64,50.34,10000 -124.69,50.37,10000 -124.75,50.41,10000 -124.77,50.47,10000 
          </coordinates>
        </LinearRing>
      </innerBoundaryIs>
  </Polygon>
 </MultiGeometry>
</Placemark>
<Placemark>
  <name>80%</name>
  <visibility>1</visibility>
  <styleUrl>#poly_80</styleUrl>
  <MultiGeometry>
    <Polygon>
      <outerBoundaryIs>
        <LinearRing>
          <coordinates>
-69.37,50.65,9000 -68.67,50.64,9000 -68.15,50.63,9000 -67.88,50.59,9000 -67.58,50.49,9000 -67.19,50.36,9000 -66.64,50.14,9000 -66.35,49.96,9000 -66.23,49.84,9000 -66.21,49.65,9000 -66.34,49.51,9000 -66.58,49.40,9000 -67.18,49.21,9000 -67.54,49.06,9000 -68.05,48.89,9000 -68.63,48.70,9000 -69.13,48.50,9000 -69.54,48.32,9000 -69.84,48.10,9000 -70.02,47.87,9000 -70.55,47.35,9000 -70.88,47.12,9000 -71.19,47.01,9000 -71.65,46.93,9000 -72.04,46.93,9000 -72.35,47.01,9000 -72.66,47.10,9000 -72.90,46.99,9000 -73.22,46.62,9000 -73.79,46.18,9000 -74.18,45.97,9000 -74.69,46.00,9000 -75.33,45.93,9000 -75.99,45.84,9000 -76.67,45.78,9000 -76.92,45.72,9000 -77.11,45.57,9000 -77.19,45.19,9000 -77.24,44.77,9000 -77.41,44.55,9000 -77.81,44.38,9000 -78.12,44.29,9000 -78.39,44.41,9000 -78.69,44.62,9000 -79.01,44.88,9000 -79.26,45.00,9000 -79.60,44.96,9000 -80.02,44.72,9000 -80.39,44.46,9000 -80.33,44.28,9000 -80.56,44.04,9000 -80.77,43.96,9000 -81.30,43.93,9000 -81.55,44.04,9000 -81.68,44.16,9000 -82.01,44.41,9000 -82.46,44.58,9000 -82.74,44.74,9000 -83.08,44.86,9000 -83.55,44.85,9000 -83.98,44.77,9000 -84.41,44.61,9000 -84.70,44.43,9000 -85.04,44.16,9000 -85.39,43.88,9000 -85.70,43.61,9000 -85.92,43.17,9000 -85.89,42.92,9000 -85.77,42.79,9000 -85.56,42.54,9000 -85.36,42.11,9000 -85.36,41.68,9000 -85.44,41.55,9000 -85.65,41.42,9000 -86.14,41.33,9000 -86.54,41.37,9000 -86.95,41.53,9000 -87.07,41.76,9000 -87.21,42.13,9000 -87.40,42.47,9000 -87.63,42.67,9000 -87.95,42.52,9000 -88.02,42.29,9000 -87.99,42.02,9000 -88.08,41.79,9000 -88.28,41.68,9000 -88.59,41.58,9000 -89.02,41.41,9000 -89.46,41.23,9000 -89.92,40.98,9000 -90.41,40.77,9000 -90.77,40.68,9000 -91.09,40.72,9000 -91.58,40.84,9000 -91.98,41.02,9000 -92.25,41.19,9000 -92.81,41.61,9000 -93.07,41.88,9000 -93.42,42.08,9000 -94.03,42.25,9000 -94.28,42.46,9000 -94.70,42.76,9000 -95.25,43.15,9000 -95.70,43.48,9000 -96.21,43.98,9000 -96.46,44.31,9000 -96.69,44.72,9000 -96.72,45.06,9000 -96.68,45.31,9000 -96.50,45.71,9000 -96.36,45.94,9000 -96.40,46.40,9000 -96.16,46.45,9000 -96.01,46.35,9000 -95.68,46.06,9000 -95.47,45.95,9000 -95.09,45.93,9000 -94.73,45.93,9000 -94.38,46.04,9000 -94.00,46.25,9000 -93.62,46.50,9000 -93.18,46.76,9000 -92.74,46.95,9000 -92.35,47.10,9000 -91.95,47.28,9000 -91.55,47.54,9000 -91.25,47.55,9000 -90.86,47.43,9000 -90.58,47.43,9000 -90.30,47.51,9000 -90.05,47.70,9000 -89.78,48.01,9000 -89.18,48.11,9000 -88.78,48.31,9000 -88.51,48.52,9000 -88.12,48.65,9000 -87.90,48.73,9000 -87.78,48.86,9000 -87.55,49.19,9000 -87.18,49.42,9000 -86.78,49.68,9000 -86.37,49.94,9000 -85.91,50.18,9000 -85.70,50.21,9000 -85.26,50.19,9000 -84.62,49.86,9000 -84.28,49.78,9000 -83.86,49.57,9000 -83.59,49.38,9000 -83.08,49.22,9000 -82.77,49.00,9000 -82.24,48.74,9000 -81.53,48.55,9000 -80.66,48.35,9000 -79.94,48.18,9000 -79.36,48.03,9000 -78.98,47.93,9000 -78.32,47.75,9000 -77.97,47.69,9000 -77.53,47.68,9000 -77.06,47.70,9000 -76.54,47.74,9000 -75.67,47.95,9000 -75.18,48.08,9000 -74.75,48.19,9000 -74.31,48.31,9000 -73.86,48.55,9000 -73.35,48.71,9000 -72.80,48.91,9000 -72.39,49.20,9000 -72.07,49.47,9000 -71.75,49.60,9000 -71.42,49.90,9000 -71.15,50.19,9000 -70.76,50.38,9000 -69.95,50.55,9000 -69.37,50.65,9000 
          </coordinates>
        </LinearRing>
      </outerBoundaryIs>
      <innerBoundaryIs>
        <LinearRing>
          <coordinates>
-68.36,50.53,10000 -67.80,50.48,10000 -67.45,50.35,10000 -66.95,50.17,10000 -66.60,50.00,10000 -66.46,49.93,10000 -66.34,49.72,10000 -66.44,49.54,10000 -66.62,49.45,10000 -67.19,49.37,10000 -67.68,49.19,10000 -68.17,49.00,10000 -68.63,48.86,10000 -69.11,48.65,10000 -69.60,48.43,10000 -70.09,48.24,10000 -70.12,48.02,10000 -70.52,47.53,10000 -70.81,47.28,10000 -71.12,47.15,10000 -71.66,47.07,10000 -71.91,47.07,10000 -72.27,47.30,10000 -72.70,47.47,10000 -73.02,47.37,10000 -73.13,47.26,10000 -73.45,46.83,10000 -73.66,46.54,10000 -73.92,46.35,10000 -74.08,46.26,10000 -74.37,46.19,10000 -74.97,46.39,10000 -75.34,46.36,10000 -75.78,46.35,10000 -76.00,46.26,10000 -76.48,46.02,10000 -77.11,45.99,10000 -77.65,45.98,10000 -78.03,45.90,10000 -78.18,45.84,10000 -78.28,45.66,10000 -78.19,45.37,10000 -78.18,45.18,10000 -78.26,45.13,10000 -78.42,45.27,10000 -78.78,45.37,10000 -79.38,45.36,10000 -79.93,45.29,10000 -80.04,45.49,10000 -80.30,45.60,10000 -80.60,45.61,10000 -81.12,45.47,10000 -81.56,45.47,10000 -81.84,45.41,10000 -81.96,45.27,10000 -81.80,45.12,10000 -81.47,44.86,10000 -81.18,44.59,10000 -80.92,44.33,10000 -80.86,44.15,10000 -81.13,44.15,10000 -81.33,44.18,10000 -81.40,44.31,10000 -81.36,44.54,10000 -81.54,44.62,10000 -81.78,44.72,10000 -82.05,44.73,10000 -82.43,44.79,10000 -82.91,44.99,10000 -83.42,45.02,10000 -84.00,44.92,10000 -84.45,44.74,10000 -84.84,44.47,10000 -85.42,44.02,10000 -85.79,43.75,10000 -86.04,43.43,10000 -86.20,43.15,10000 -86.15,42.89,10000 -85.79,42.57,10000 -85.68,42.34,10000 -85.62,42.14,10000 -85.64,41.91,10000 -85.71,41.73,10000 -85.86,41.62,10000 -86.15,41.54,10000 -86.44,41.57,10000 -86.65,41.69,10000 -86.73,41.92,10000 -86.84,42.29,10000 -86.83,42.54,10000 -86.73,42.70,10000 -86.61,42.83,10000 -86.54,43.05,10000 -86.69,43.19,10000 -86.96,43.29,10000 -87.38,43.37,10000 -87.70,43.37,10000 -87.89,43.28,10000 -88.11,42.82,10000 -88.35,42.42,10000 -88.48,42.10,10000 -88.63,41.95,10000 -88.89,41.85,10000 -89.39,41.68,10000 -90.05,41.45,10000 -90.36,41.33,10000 -90.90,41.26,10000 -91.43,41.35,10000 -91.90,41.50,10000 -92.34,41.71,10000 -92.62,41.96,10000 -93.07,42.22,10000 -93.66,42.54,10000 -94.12,42.79,10000 -94.48,43.00,10000 -94.90,43.21,10000 -95.34,43.49,10000 -95.72,43.77,10000 -96.17,44.23,10000 -96.46,44.71,10000 -96.21,44.96,10000 -96.13,45.06,10000 -96.13,45.30,10000 -95.96,45.51,10000 -95.77,45.59,10000 -95.33,45.49,10000 -94.83,45.54,10000 -94.34,45.62,10000 -94.01,45.85,10000 -93.69,46.12,10000 -93.33,46.40,10000 -92.88,46.69,10000 -92.39,46.89,10000 -91.88,47.04,10000 -91.54,47.20,10000 -91.12,47.25,10000 -90.84,47.23,10000 -90.52,47.26,10000 -90.19,47.39,10000 -89.81,47.62,10000 -89.41,47.85,10000 -89.01,48.00,10000 -88.60,48.24,10000 -88.25,48.40,10000 -87.79,48.49,10000 -87.49,48.61,10000 -87.40,48.72,10000 -87.19,49.11,10000 -86.76,49.41,10000 -86.32,49.68,10000 -86.03,49.89,10000 -85.79,50.02,10000 -85.53,50.07,10000 -84.77,49.82,10000 -83.99,49.52,10000 -83.59,49.27,10000 -83.17,49.13,10000 -82.87,48.93,10000 -82.37,48.68,10000 -81.74,48.51,10000 -80.97,48.33,10000 -80.34,48.18,10000 -79.53,47.98,10000 -78.96,47.81,10000 -78.52,47.70,10000 -78.19,47.61,10000 -77.81,47.56,10000 -77.28,47.62,10000 -76.87,47.61,10000 -76.43,47.68,10000 -75.93,47.78,10000 -75.44,47.90,10000 -75.01,48.01,10000 -74.55,48.13,10000 -74.06,48.30,10000 -73.71,48.51,10000 -73.21,48.66,10000 -72.71,48.80,10000 -72.37,49.08,10000 -72.14,49.30,10000 -71.94,49.39,10000 -71.50,49.63,10000 -71.23,49.91,10000 -70.98,50.17,10000 -70.73,50.29,10000 -70.45,50.35,10000 -69.67,50.51,10000 -68.86,50.54,10000 -68.36,50.53,10000 
          </coordinates>
        </LinearRing>
      </innerBoundaryIs>
      <innerBoundaryIs>
        <LinearRing>
          <coordinates>
-71.05,48.37,10000 -71.02,48.37,10000 -71.00,48.37,10000 -70.97,48.37,10000 -70.95,48.37,10000 -70.92,48.36,10000 -70.90,48.36,10000 -70.87,48.36,10000 -70.85,48.36,10000 -70.82,48.35,10000 -70.80,48.35,10000 -70.78,48.34,10000 -70.75,48.34,10000 -70.73,48.33,10000 -70.70,48.32,10000 -70.67,48.31,10000 -70.65,48.31,10000 -70.63,48.30,10000 -70.61,48.29,10000 -70.59,48.28,10000 -70.58,48.28,10000 -70.57,48.27,10000 -70.56,48.26,10000 -70.55,48.25,10000 -70.53,48.24,10000 -70.52,48.23,10000 -70.50,48.21,10000 -70.48,48.20,10000 -70.46,48.18,10000 -70.45,48.17,10000 -70.43,48.15,10000 -70.41,48.14,10000 -70.40,48.12,10000 -70.39,48.11,10000 -70.39,48.09,10000 -70.39,48.08,10000 -70.40,48.07,10000 -70.41,48.06,10000 -70.43,48.04,10000 -70.45,48.03,10000 -70.47,48.02,10000 -70.50,48.01,10000 -70.52,48.00,10000 -70.55,47.99,10000 -70.57,47.98,10000 -70.60,47.97,10000 -70.62,47.96,10000 -70.64,47.96,10000 -70.65,47.95,10000 -70.66,47.94,10000 -70.68,47.94,10000 -70.70,47.94,10000 -70.72,47.94,10000 -70.75,47.94,10000 -70.78,47.94,10000 -70.81,47.94,10000 -70.84,47.94,10000 -70.87,47.95,10000 -70.89,47.95,10000 -70.91,47.95,10000 -70.94,47.96,10000 -70.95,47.96,10000 -70.96,47.98,10000 -70.98,47.99,10000 -70.99,48.00,10000 -71.01,48.01,10000 -71.03,48.02,10000 -71.04,48.03,10000 -71.06,48.04,10000 -71.08,48.05,10000 -71.10,48.07,10000 -71.11,48.08,10000 -71.13,48.09,10000 -71.15,48.10,10000 -71.17,48.11,10000 -71.19,48.12,10000 -71.20,48.14,10000 -71.22,48.15,10000 -71.23,48.16,10000 -71.24,48.17,10000 -71.25,48.19,10000 -71.25,48.20,10000 -71.25,48.22,10000 -71.24,48.23,10000 -71.24,48.25,10000 -71.23,48.26,10000 -71.22,48.28,10000 -71.21,48.30,10000 -71.20,48.32,10000 -71.18,48.33,10000 -71.17,48.35,10000 -71.05,48.37,10000 
          </coordinates>
        </LinearRing>
      </innerBoundaryIs>
      <innerBoundaryIs>
        <LinearRing>
          <coordinates>
-95.48,45.20,10000 -95.45,45.20,10000 -95.43,45.21,10000 -95.40,45.21,10000 -95.38,45.22,10000 -95.35,45.22,10000 -95.33,45.22,10000 -95.31,45.22,10000 -95.29,45.23,10000 -95.27,45.23,10000 -95.25,45.23,10000 -95.24,45.23,10000 -95.22,45.23,10000 -95.23,45.22,10000 -95.22,45.20,10000 -95.21,45.19,10000 -95.21,45.18,10000 -95.20,45.17,10000 -95.18,45.16,10000 -95.17,45.14,10000 -95.16,45.13,10000 -95.15,45.12,10000 -95.14,45.10,10000 -95.13,45.09,10000 -95.12,45.07,10000 -95.11,45.06,10000 -95.10,45.04,10000 -95.10,45.03,10000 -95.10,45.02,10000 -95.10,45.00,10000 -95.10,44.98,10000 -95.10,44.97,10000 -95.11,44.95,10000 -95.11,44.94,10000 -95.12,44.92,10000 -95.12,44.91,10000 -95.13,44.89,10000 -95.14,44.88,10000 -95.14,44.87,10000 -95.15,44.86,10000 -95.16,44.84,10000 -95.17,44.83,10000 -95.18,44.82,10000 -95.20,44.82,10000 -95.22,44.81,10000 -95.24,44.81,10000 -95.26,44.81,10000 -95.28,44.81,10000 -95.30,44.81,10000 -95.32,44.81,10000 -95.35,44.81,10000 -95.38,44.82,10000 -95.40,44.82,10000 -95.42,44.82,10000 -95.45,44.83,10000 -95.47,44.83,10000 -95.48,44.83,10000 -95.50,44.83,10000 -95.51,44.83,10000 -95.52,44.85,10000 -95.53,44.86,10000 -95.54,44.87,10000 -95.55,44.88,10000 -95.57,44.89,10000 -95.58,44.90,10000 -95.60,44.92,10000 -95.61,44.93,10000 -95.63,44.95,10000 -95.64,44.96,10000 -95.66,44.97,10000 -95.67,44.99,10000 -95.67,45.00,10000 -95.68,45.02,10000 -95.68,45.03,10000 -95.68,45.04,10000 -95.67,45.05,10000 -95.67,45.07,10000 -95.66,45.08,10000 -95.65,45.09,10000 -95.63,45.10,10000 -95.62,45.12,10000 -95.60,45.13,10000 -95.59,45.14,10000 -95.57,45.15,10000 -95.55,45.16,10000 -95.53,45.18,10000 -95.51,45.19,10000 -95.49,45.20,10000 -95.48,45.20,10000 
          </coordinates>
        </LinearRing>
      </innerBoundaryIs>
  </Polygon>
 </MultiGeometry>
</Placemark>
<Placemark>
  <name>80%</name>
  <visibility>1</visibility>
  <styleUrl>#poly_80</styleUrl>
  <MultiGeometry>
    <Polygon>
      <outerBoundaryIs>
        <LinearRing>
          <coordinates>
-121.04,48.54,9000 -121.03,48.53,9000 -121.02,48.52,9000 -121.02,48.51,9000 -121.01,48.50,9000 -121.00,48.49,9000 -120.99,48.48,9000 -120.99,48.47,9000 -120.98,48.46,9000 -120.97,48.45,9000 -120.97,48.44,9000 -120.96,48.43,9000 -120.96,48.42,9000 -120.96,48.41,9000 -120.96,48.40,9000 -120.95,48.39,9000 -120.95,48.38,9000 -120.95,48.36,9000 -120.95,48.35,9000 -120.95,48.34,9000 -120.95,48.33,9000 -120.95,48.32,9000 -120.95,48.30,9000 -120.95,48.29,9000 -120.95,48.28,9000 -120.95,48.27,9000 -120.95,48.27,9000 -120.95,48.26,9000 -120.95,48.24,9000 -120.95,48.24,9000 -120.96,48.24,9000 -120.97,48.23,9000 -120.98,48.24,9000 -121.00,48.25,9000 -121.00,48.26,9000 -121.01,48.26,9000 -121.01,48.27,9000 -121.02,48.28,9000 -121.02,48.29,9000 -121.03,48.30,9000 -121.03,48.31,9000 -121.04,48.32,9000 -121.05,48.33,9000 -121.05,48.35,9000 -121.06,48.36,9000 -121.06,48.37,9000 -121.07,48.38,9000 -121.07,48.40,9000 -121.08,48.41,9000 -121.04,48.54,9000 
          </coordinates>
        </LinearRing>
      </outerBoundaryIs>
  </Polygon>
 </MultiGeometry>
</Placemark>
<Placemark>
  <name>80%</name>
  <visibility>1</visibility>
  <styleUrl>#poly_80</styleUrl>
  <MultiGeometry>
    <Polygon>
      <outerBoundaryIs>
        <LinearRing>
          <coordinates>
-78.41,42.80,9000 -78.34,42.79,9000 -78.27,42.78,9000 -78.21,42.76,9000 -78.15,42.74,9000 -78.11,42.71,9000 -78.07,42.69,9000 -78.04,42.65,9000 -78.00,42.61,9000 -77.97,42.56,9000 -77.95,42.52,9000 -77.92,42.48,9000 -77.90,42.43,9000 -77.87,42.38,9000 -77.85,42.32,9000 -77.83,42.27,9000 -77.81,42.22,9000 -77.80,42.18,9000 -77.79,42.13,9000 -77.79,42.07,9000 -77.79,42.03,9000 -77.80,41.98,9000 -77.82,41.93,9000 -77.85,41.89,9000 -77.88,41.85,9000 -77.92,41.82,9000 -77.97,41.79,9000 -78.02,41.76,9000 -78.08,41.72,9000 -78.13,41.69,9000 -78.19,41.66,9000 -78.24,41.63,9000 -78.30,41.60,9000 -78.35,41.57,9000 -78.41,41.53,9000 -78.47,41.50,9000 -78.52,41.47,9000 -78.58,41.45,9000 -78.63,41.43,9000 -78.70,41.41,9000 -78.77,41.40,9000 -78.84,41.40,9000 -78.90,41.40,9000 -78.97,41.40,9000 -79.03,41.40,9000 -79.09,41.41,9000 -79.14,41.41,9000 -79.20,41.42,9000 -79.27,41.42,9000 -79.34,41.43,9000 -79.40,41.43,9000 -79.47,41.44,9000 -79.54,41.44,9000 -79.62,41.45,9000 -79.69,41.45,9000 -79.76,41.45,9000 -79.82,41.46,9000 -79.87,41.46,9000 -79.95,41.46,9000 -79.99,41.46,9000 -80.04,41.47,9000 -80.10,41.49,9000 -80.16,41.51,9000 -80.21,41.54,9000 -80.25,41.58,9000 -80.26,41.62,9000 -80.27,41.67,9000 -80.27,41.72,9000 -80.25,41.78,9000 -80.22,41.84,9000 -80.19,41.88,9000 -80.15,41.92,9000 -80.11,41.96,9000 -80.07,42.00,9000 -80.01,42.04,9000 -79.96,42.09,9000 -79.91,42.12,9000 -79.86,42.16,9000 -79.81,42.19,9000 -79.76,42.22,9000 -79.70,42.25,9000 -79.65,42.28,9000 -79.60,42.30,9000 -79.54,42.33,9000 -79.48,42.35,9000 -79.43,42.38,9000 -79.37,42.41,9000 -79.32,42.44,9000 -79.26,42.47,9000 -79.21,42.50,9000 -79.15,42.53,9000 -79.09,42.56,9000 -79.04,42.59,9000 -78.99,42.61,9000 -78.93,42.64,9000 -78.86,42.67,9000 -78.81,42.69,9000 -78.75,42.72,9000 -78.69,42.74,9000 -78.64,42.76,9000 -78.41,42.80,9000 
          </coordinates>
        </LinearRing>
      </outerBoundaryIs>
      <innerBoundaryIs>
        <LinearRing>
          <coordinates>
-78.70,42.45,10000 -78.67,42.45,10000 -78.64,42.45,10000 -78.61,42.45,10000 -78.58,42.46,10000 -78.55,42.46,10000 -78.53,42.46,10000 -78.51,42.45,10000 -78.49,42.45,10000 -78.47,42.45,10000 -78.44,42.44,10000 -78.43,42.43,10000 -78.43,42.41,10000 -78.43,42.39,10000 -78.43,42.38,10000 -78.44,42.36,10000 -78.44,42.34,10000 -78.45,42.32,10000 -78.46,42.30,10000 -78.47,42.28,10000 -78.48,42.26,10000 -78.49,42.25,10000 -78.49,42.23,10000 -78.50,42.22,10000 -78.51,42.21,10000 -78.52,42.20,10000 -78.53,42.19,10000 -78.55,42.18,10000 -78.57,42.17,10000 -78.59,42.15,10000 -78.61,42.14,10000 -78.63,42.12,10000 -78.65,42.11,10000 -78.67,42.09,10000 -78.68,42.08,10000 -78.70,42.07,10000 -78.71,42.06,10000 -78.73,42.04,10000 -78.74,42.03,10000 -78.75,42.02,10000 -78.77,42.01,10000 -78.79,42.01,10000 -78.81,42.00,10000 -78.83,42.00,10000 -78.85,42.00,10000 -78.88,42.00,10000 -78.91,42.00,10000 -78.93,42.00,10000 -78.96,42.00,10000 -78.99,42.00,10000 -79.01,42.00,10000 -79.03,42.00,10000 -79.06,42.01,10000 -79.09,42.02,10000 -79.11,42.02,10000 -79.14,42.03,10000 -79.16,42.04,10000 -79.19,42.05,10000 -79.21,42.06,10000 -79.22,42.06,10000 -79.24,42.07,10000 -79.27,42.09,10000 -79.28,42.10,10000 -79.28,42.11,10000 -79.27,42.12,10000 -79.26,42.12,10000 -79.23,42.14,10000 -79.22,42.15,10000 -79.20,42.16,10000 -79.19,42.17,10000 -79.17,42.19,10000 -79.15,42.20,10000 -79.14,42.22,10000 -79.12,42.23,10000 -79.10,42.25,10000 -79.08,42.26,10000 -79.07,42.27,10000 -79.05,42.28,10000 -79.03,42.29,10000 -79.01,42.29,10000 -78.99,42.30,10000 -78.96,42.31,10000 -78.94,42.32,10000 -78.93,42.33,10000 -78.91,42.34,10000 -78.89,42.35,10000 -78.88,42.36,10000 -78.86,42.37,10000 -78.84,42.38,10000 -78.82,42.39,10000 -78.80,42.41,10000 -78.78,42.42,10000 -78.70,42.45,10000 
          </coordinates>
        </LinearRing>
      </innerBoundaryIs>
  </Polygon>
 </MultiGeometry>
</Placemark>
<Placemark>
  <name>80%</name>
  <visibility>1</visibility>
  <styleUrl>#poly_80</styleUrl>
  <MultiGeometry>
    <Polygon>
      <outerBoundaryIs>
        <LinearRing>
          <coordinates>
-79.95,38.86,9000 -79.93,38.86,9000 -79.91,38.85,9000 -79.89,38.85,9000 -79.87,38.84,9000 -79.85,38.84,9000 -79.83,38.83,9000 -79.82,38.82,9000 -79.81,38.81,9000 -79.81,38.80,9000 -79.81,38.79,9000 -79.81,38.78,9000 -79.82,38.77,9000 -79.82,38.75,9000 -79.83,38.74,9000 -79.84,38.72,9000 -79.85,38.71,9000 -79.86,38.69,9000 -79.87,38.68,9000 -79.88,38.67,9000 -79.89,38.65,9000 -79.90,38.64,9000 -79.91,38.63,9000 -79.92,38.61,9000 -79.93,38.60,9000 -79.94,38.59,9000 -79.95,38.58,9000 -79.96,38.57,9000 -79.97,38.56,9000 -79.99,38.55,9000 -80.00,38.54,9000 -80.01,38.53,9000 -80.03,38.52,9000 -80.05,38.52,9000 -80.06,38.51,9000 -80.08,38.50,9000 -80.10,38.49,9000 -80.12,38.49,9000 -80.13,38.48,9000 -80.15,38.47,9000 -80.16,38.47,9000 -80.18,38.46,9000 -80.20,38.46,9000 -80.21,38.45,9000 -80.23,38.45,9000 -80.24,38.45,9000 -80.26,38.45,9000 -80.27,38.46,9000 -80.28,38.48,9000 -80.28,38.49,9000 -80.28,38.50,9000 -80.27,38.52,9000 -80.27,38.53,9000 -80.26,38.55,9000 -80.26,38.57,9000 -80.25,38.59,9000 -80.25,38.61,9000 -80.24,38.62,9000 -80.24,38.64,9000 -80.23,38.65,9000 -80.23,38.66,9000 -80.23,38.67,9000 -80.21,38.68,9000 -80.20,38.69,9000 -80.19,38.69,9000 -80.18,38.70,9000 -80.17,38.71,9000 -80.16,38.72,9000 -80.14,38.73,9000 -80.13,38.73,9000 -80.11,38.74,9000 -80.10,38.76,9000 -80.08,38.77,9000 -80.06,38.78,9000 -80.04,38.79,9000 -80.03,38.80,9000 -80.01,38.81,9000 -79.95,38.86,9000 
          </coordinates>
        </LinearRing>
      </outerBoundaryIs>
  </Polygon>
 </MultiGeometry>
</Placemark>
<Placemark>
  <name>80%</name>
  <visibility>1</visibility>
  <styleUrl>#poly_80</styleUrl>
  <MultiGeometry>
    <Polygon>
      <outerBoundaryIs>
        <LinearRing>
          <coordinates>
-74.99,44.36,9000 -74.92,44.38,9000 -74.84,44.40,9000 -74.77,44.40,9000 -74.69,44.40,9000 -74.60,44.39,9000 -74.54,44.35,9000 -74.51,44.31,9000 -74.49,44.26,9000 -74.48,44.19,9000 -74.49,44.09,9000 -74.50,44.04,9000 -74.52,43.97,9000 -74.54,43.90,9000 -74.56,43.82,9000 -74.58,43.74,9000 -74.61,43.66,9000 -74.63,43.59,9000 -74.66,43.52,9000 -74.67,43.46,9000 -74.69,43.41,9000 -74.71,43.33,9000 -74.72,43.30,9000 -74.75,43.26,9000 -74.78,43.21,9000 -74.83,43.16,9000 -74.88,43.09,9000 -74.93,43.03,9000 -74.98,42.98,9000 -75.03,42.93,9000 -75.09,42.88,9000 -75.15,42.85,9000 -75.22,42.82,9000 -75.28,42.80,9000 -75.37,42.77,9000 -75.45,42.74,9000 -75.56,42.73,9000 -75.64,42.73,9000 -75.73,42.73,9000 -75.83,42.74,9000 -75.92,42.75,9000 -76.00,42.77,9000 -76.07,42.80,9000 -76.12,42.83,9000 -76.17,42.87,9000 -76.24,42.91,9000 -76.31,42.94,9000 -76.40,42.98,9000 -76.49,43.02,9000 -76.58,43.05,9000 -76.66,43.08,9000 -76.74,43.10,9000 -76.82,43.11,9000 -76.89,43.12,9000 -76.97,43.13,9000 -77.04,43.14,9000 -77.12,43.16,9000 -77.19,43.18,9000 -77.27,43.20,9000 -77.35,43.22,9000 -77.44,43.25,9000 -77.53,43.28,9000 -77.63,43.31,9000 -77.71,43.35,9000 -77.77,43.38,9000 -77.82,43.44,9000 -77.83,43.49,9000 -77.82,43.55,9000 -77.80,43.60,9000 -77.75,43.65,9000 -77.66,43.71,9000 -77.60,43.75,9000 -77.53,43.79,9000 -77.45,43.85,9000 -77.37,43.90,9000 -77.29,43.94,9000 -77.21,43.98,9000 -77.14,44.01,9000 -77.04,44.03,9000 -76.97,44.02,9000 -76.89,44.00,9000 -76.79,43.99,9000 -76.71,43.99,9000 -76.63,44.00,9000 -76.55,44.00,9000 -76.46,44.01,9000 -76.36,44.03,9000 -76.26,44.04,9000 -76.18,44.05,9000 -76.09,44.07,9000 -76.00,44.08,9000 -75.91,44.10,9000 -75.81,44.12,9000 -75.71,44.14,9000 -75.61,44.16,9000 -75.51,44.18,9000 -74.99,44.36,9000 
          </coordinates>
        </LinearRing>
      </outerBoundaryIs>
      <innerBoundaryIs>
        <LinearRing>
          <coordinates>
-75.03,44.18,10000 -74.96,44.18,10000 -74.90,44.18,10000 -74.85,44.17,10000 -74.80,44.15,10000 -74.77,44.12,10000 -74.76,44.09,10000 -74.76,44.05,10000 -74.76,44.01,10000 -74.76,43.96,10000 -74.77,43.91,10000 -74.78,43.86,10000 -74.79,43.81,10000 -74.80,43.77,10000 -74.81,43.73,10000 -74.82,43.68,10000 -74.83,43.64,10000 -74.84,43.59,10000 -74.85,43.55,10000 -74.87,43.51,10000 -74.88,43.47,10000 -74.89,43.44,10000 -74.90,43.39,10000 -74.92,43.35,10000 -74.93,43.32,10000 -74.95,43.29,10000 -74.98,43.25,10000 -75.01,43.22,10000 -75.05,43.19,10000 -75.09,43.16,10000 -75.13,43.13,10000 -75.18,43.10,10000 -75.22,43.07,10000 -75.26,43.05,10000 -75.32,43.02,10000 -75.38,43.01,10000 -75.43,43.00,10000 -75.49,43.00,10000 -75.54,43.00,10000 -75.58,43.00,10000 -75.62,43.01,10000 -75.68,43.02,10000 -75.74,43.04,10000 -75.78,43.05,10000 -75.83,43.07,10000 -75.88,43.08,10000 -75.94,43.10,10000 -75.99,43.12,10000 -76.05,43.14,10000 -76.10,43.16,10000 -76.15,43.18,10000 -76.19,43.19,10000 -76.26,43.21,10000 -76.31,43.22,10000 -76.36,43.24,10000 -76.41,43.26,10000 -76.45,43.28,10000 -76.50,43.31,10000 -76.55,43.34,10000 -76.60,43.37,10000 -76.64,43.40,10000 -76.67,43.42,10000 -76.68,43.45,10000 -76.67,43.48,10000 -76.63,43.51,10000 -76.57,43.54,10000 -76.51,43.57,10000 -76.46,43.60,10000 -76.42,43.63,10000 -76.38,43.65,10000 -76.33,43.68,10000 -76.29,43.70,10000 -76.24,43.73,10000 -76.20,43.75,10000 -76.16,43.77,10000 -76.12,43.80,10000 -76.08,43.82,10000 -76.04,43.85,10000 -75.99,43.87,10000 -75.94,43.89,10000 -75.89,43.91,10000 -75.83,43.92,10000 -75.78,43.94,10000 -75.71,43.95,10000 -75.66,43.96,10000 -75.60,43.98,10000 -75.55,43.99,10000 -75.49,44.01,10000 -75.43,44.03,10000 -75.38,44.04,10000 -75.34,44.06,10000 -75.29,44.08,10000 -75.03,44.18,10000 
          </coordinates>
        </LinearRing>
      </innerBoundaryIs>
  </Polygon>
 </MultiGeometry>
</Placemark>
<Placemark>
  <name>80%</name>
  <visibility>1</visibility>
  <styleUrl>#poly_80</styleUrl>
  <MultiGeometry>
    <Polygon>
      <outerBoundaryIs>
        <LinearRing>
          <coordinates>
-120.76,51.08,9000 -120.62,51.10,9000 -120.48,51.12,9000 -120.35,51.13,9000 -120.21,51.15,9000 -120.07,51.17,9000 -119.93,51.19,9000 -119.79,51.20,9000 -119.66,51.22,9000 -119.52,51.24,9000 -119.38,51.25,9000 -119.24,51.27,9000 -119.10,51.29,9000 -118.95,51.30,9000 -118.80,51.32,9000 -118.65,51.34,9000 -118.50,51.36,9000 -118.35,51.37,9000 -118.20,51.39,9000 -118.06,51.40,9000 -117.93,51.42,9000 -117.81,51.43,9000 -117.70,51.44,9000 -117.53,51.46,9000 -117.39,51.47,9000 -117.27,51.48,9000 -117.17,51.48,9000 -117.07,51.49,9000 -116.98,51.50,9000 -116.82,51.52,9000 -116.70,51.54,9000 -116.57,51.55,9000 -116.45,51.55,9000 -116.33,51.53,9000 -116.22,51.52,9000 -116.14,51.49,9000 -116.11,51.43,9000 -116.13,51.36,9000 -116.17,51.31,9000 -116.27,51.27,9000 -116.39,51.26,9000 -116.50,51.28,9000 -116.61,51.30,9000 -116.76,51.29,9000 -116.89,51.26,9000 -116.97,51.19,9000 -116.97,51.09,9000 -116.93,51.03,9000 -116.86,50.96,9000 -116.79,50.89,9000 -116.72,50.82,9000 -116.66,50.76,9000 -116.60,50.69,9000 -116.56,50.63,9000 -116.53,50.56,9000 -116.50,50.48,9000 -116.49,50.40,9000 -116.47,50.31,9000 -116.45,50.22,9000 -116.44,50.13,9000 -116.44,50.05,9000 -116.44,49.97,9000 -116.44,49.89,9000 -116.50,49.82,9000 -116.60,49.79,9000 -116.74,49.78,9000 -116.88,49.76,9000 -116.99,49.73,9000 -117.07,49.66,9000 -117.11,49.57,9000 -117.13,49.48,9000 -117.10,49.37,9000 -117.05,49.26,9000 -117.08,49.22,9000 -117.15,49.25,9000 -117.24,49.30,9000 -117.36,49.37,9000 -117.49,49.45,9000 -117.61,49.51,9000 -117.72,49.56,9000 -117.87,49.59,9000 -118.02,49.59,9000 -118.15,49.59,9000 -118.27,49.59,9000 -118.39,49.61,9000 -118.49,49.62,9000 -118.58,49.65,9000 -118.67,49.68,9000 -118.76,49.72,9000 -118.82,49.78,9000 -118.87,49.86,9000 -118.90,49.96,9000 -118.89,50.04,9000 -118.81,50.09,9000 -118.70,50.13,9000 -118.62,50.18,9000 -118.62,50.24,9000 -118.66,50.31,9000 -118.70,50.38,9000 -118.73,50.45,9000 -118.77,50.52,9000 -118.81,50.59,9000 -118.85,50.66,9000 -118.91,50.74,9000 -118.98,50.80,9000 -119.06,50.85,9000 -119.12,50.87,9000 -119.19,50.87,9000 -119.38,50.87,9000 -119.48,50.87,9000 -119.60,50.88,9000 -119.74,50.88,9000 -119.90,50.88,9000 -120.06,50.89,9000 -120.22,50.89,9000 -120.37,50.89,9000 -120.50,50.90,9000 -120.62,50.90,9000 -120.71,50.91,9000 -120.89,50.95,9000 -120.84,51.00,9000 -120.76,51.08,9000 
          </coordinates>
        </LinearRing>
      </outerBoundaryIs>
      <innerBoundaryIs>
        <LinearRing>
          <coordinates>
-117.97,50.48,9000 -117.97,50.48,9000 -117.93,50.46,9000 -117.91,50.45,9000 -117.88,50.43,9000 -117.85,50.41,9000 -117.81,50.39,9000 -117.78,50.36,9000 -117.75,50.34,9000 -117.72,50.32,9000 -117.70,50.29,9000 -117.68,50.27,9000 -117.66,50.24,9000 -117.65,50.21,9000 -117.64,50.19,9000 -117.63,50.16,9000 -117.62,50.13,9000 -117.62,50.10,9000 -117.61,50.08,9000 -117.61,50.05,9000 -117.62,50.02,9000 -117.63,49.99,9000 -117.64,49.97,9000 -117.66,49.94,9000 -117.68,49.92,9000 -117.70,49.90,9000 -117.72,49.87,9000 -117.74,49.85,9000 -117.77,49.83,9000 -117.79,49.81,9000 -117.82,49.79,9000 -117.85,49.77,9000 -117.89,49.75,9000 -117.92,49.74,9000 -117.96,49.72,9000 -117.99,49.72,9000 -118.02,49.71,9000 -118.06,49.71,9000 -118.10,49.72,9000 -118.13,49.74,9000 -118.17,49.77,9000 -118.19,49.79,9000 -118.22,49.81,9000 -118.24,49.83,9000 -118.26,49.85,9000 -118.29,49.87,9000 -118.31,49.90,9000 -118.32,49.92,9000 -118.33,49.95,9000 -118.34,49.97,9000 -118.35,50.00,9000 -118.35,50.02,9000 -118.35,50.05,9000 -118.34,50.08,9000 -118.33,50.11,9000 -118.32,50.13,9000 -118.30,50.16,9000 -118.28,50.19,9000 -118.26,50.22,9000 -118.24,50.24,9000 -118.23,50.26,9000 -118.21,50.28,9000 -118.18,50.30,9000 -118.16,50.32,9000 -118.14,50.33,9000 -118.12,50.35,9000 -118.09,50.38,9000 -118.06,50.40,9000 -118.03,50.42,9000 -118.00,50.45,9000 -117.97,50.48,9000 
          </coordinates>
        </LinearRing>
      </innerBoundaryIs>
      <innerBoundaryIs>
        <LinearRing>
          <coordinates>
-120.73,50.98,10000 -120.62,51.00,10000 -120.51,51.03,10000 -120.39,51.05,10000 -120.27,51.07,10000 -120.15,51.09,10000 -120.05,51.11,10000 -119.95,51.12,10000 -119.85,51.13,10000 -119.74,51.15,10000 -119.62,51.16,10000 -119.47,51.18,10000 -119.36,51.19,10000 -119.24,51.21,10000 -119.11,51.22,10000 -118.97,51.24,10000 -118.83,51.25,10000 -118.69,51.27,10000 -118.55,51.28,10000 -118.42,51.30,10000 -118.30,51.31,10000 -118.20,51.32,10000 -118.04,51.34,10000 -117.92,51.35,10000 -117.81,51.37,10000 -117.71,51.38,10000 -117.60,51.39,10000 -117.49,51.40,10000 -117.37,51.40,10000 -117.25,51.41,10000 -117.13,51.41,10000 -117.02,51.41,10000 -116.91,51.42,10000 -116.78,51.43,10000 -116.65,51.45,10000 -116.53,51.46,10000 -116.42,51.48,10000 -116.35,51.48,10000 -116.34,51.40,10000 -116.42,51.39,10000 -116.53,51.39,10000 -116.64,51.39,10000 -116.74,51.39,10000 -116.83,51.38,10000 -116.91,51.36,10000 -116.99,51.31,10000 -117.06,51.24,10000 -117.10,51.18,10000 -117.12,51.11,10000 -117.07,51.03,10000 -117.02,50.98,10000 -116.95,50.93,10000 -116.88,50.86,10000 -116.81,50.80,10000 -116.75,50.74,10000 -116.70,50.66,10000 -116.66,50.59,10000 -116.63,50.51,10000 -116.61,50.43,10000 -116.59,50.36,10000 -116.57,50.27,10000 -116.56,50.19,10000 -116.55,50.13,10000 -116.56,50.09,10000 -116.61,50.11,10000 -116.69,50.18,10000 -116.76,50.25,10000 -116.83,50.31,10000 -116.90,50.33,10000 -116.98,50.31,10000 -117.07,50.27,10000 -117.16,50.24,10000 -117.28,50.18,10000 -117.40,50.18,10000 -117.45,50.23,10000 -117.50,50.30,10000 -117.55,50.38,10000 -117.61,50.47,10000 -117.67,50.53,10000 -117.76,50.59,10000 -117.85,50.64,10000 -117.94,50.68,10000 -118.03,50.69,10000 -118.11,50.67,10000 -118.19,50.61,10000 -118.26,50.56,10000 -118.33,50.52,10000 -118.44,50.51,10000 -118.53,50.54,10000 -118.57,50.59,10000 -118.60,50.65,10000 -118.63,50.71,10000 -118.66,50.77,10000 -118.69,50.82,10000 -118.74,50.87,10000 -118.83,50.92,10000 -118.97,50.95,10000 -119.05,50.96,10000 -119.13,50.97,10000 -119.24,50.98,10000 -119.42,50.98,10000 -119.51,50.98,10000 -119.62,50.98,10000 -119.73,50.98,10000 -119.86,50.98,10000 -119.99,50.98,10000 -120.13,50.97,10000 -120.27,50.97,10000 -120.42,50.97,10000 -120.57,50.96,10000 -120.72,50.96,10000 -120.73,50.98,10000 
          </coordinates>
        </LinearRing>
      </innerBoundaryIs>
  </Polygon>
 </MultiGeometry>
</Placemark>
<Placemark>
  <name>80%</name>
  <visibility>1</visibility>
  <styleUrl>#poly_80</styleUrl>
  <MultiGeometry>
    <Polygon>
      <outerBoundaryIs>
        <LinearRing>
          <coordinates>
-127.01,50.12,9000 -126.98,50.15,9000 -126.94,50.18,9000 -126.90,50.21,9000 -126.86,50.24,9000 -126.82,50.26,9000 -126.78,50.28,9000 -126.73,50.29,9000 -126.69,50.30,9000 -126.63,50.30,9000 -126.56,50.31,9000 -126.51,50.31,9000 -126.46,50.32,9000 -126.40,50.33,9000 -126.33,50.33,9000 -126.27,50.34,9000 -126.21,50.34,9000 -126.15,50.34,9000 -126.09,50.34,9000 -126.04,50.33,9000 -125.99,50.31,9000 -125.94,50.29,9000 -125.89,50.26,9000 -125.85,50.23,9000 -125.82,50.20,9000 -125.78,50.17,9000 -125.75,50.13,9000 -125.72,50.10,9000 -125.70,50.06,9000 -125.68,50.02,9000 -125.67,49.98,9000 -125.65,49.94,9000 -125.64,49.91,9000 -125.62,49.87,9000 -125.60,49.84,9000 -125.57,49.80,9000 -125.54,49.77,9000 -125.51,49.75,9000 -125.48,49.72,9000 -125.45,49.70,9000 -125.42,49.67,9000 -125.38,49.65,9000 -125.34,49.62,9000 -125.30,49.60,9000 -125.26,49.58,9000 -125.23,49.56,9000 -125.20,49.53,9000 -125.18,49.50,9000 -125.16,49.46,9000 -125.15,49.42,9000 -125.15,49.39,9000 -125.15,49.36,9000 -125.16,49.33,9000 -125.20,49.30,9000 -125.26,49.29,9000 -125.32,49.27,9000 -125.38,49.27,9000 -125.43,49.27,9000 -125.48,49.29,9000 -125.54,49.31,9000 -125.58,49.33,9000 -125.63,49.35,9000 -125.68,49.37,9000 -125.73,49.39,9000 -125.78,49.42,9000 -125.83,49.44,9000 -125.88,49.46,9000 -125.93,49.48,9000 -125.97,49.50,9000 -126.02,49.53,9000 -126.07,49.55,9000 -126.11,49.57,9000 -126.15,49.59,9000 -126.19,49.61,9000 -126.22,49.64,9000 -126.26,49.66,9000 -126.30,49.68,9000 -126.34,49.71,9000 -126.38,49.73,9000 -126.42,49.75,9000 -126.46,49.78,9000 -126.50,49.80,9000 -126.54,49.83,9000 -126.59,49.85,9000 -126.63,49.88,9000 -126.67,49.90,9000 -126.71,49.92,9000 -126.75,49.95,9000 -126.79,49.97,9000 -126.83,50.00,9000 -126.88,50.02,9000 -126.92,50.04,9000 -126.96,50.07,9000 -127.00,50.09,9000 -127.01,50.12,9000 
          </coordinates>
        </LinearRing>
      </outerBoundaryIs>
      <innerBoundaryIs>
        <LinearRing>
          <coordinates>
-126.78,50.21,10000 -126.73,50.22,10000 -126.68,50.22,10000 -126.63,50.23,10000 -126.58,50.23,10000 -126.53,50.24,10000 -126.48,50.25,10000 -126.43,50.26,10000 -126.38,50.27,10000 -126.33,50.28,10000 -126.28,50.28,10000 -126.23,50.28,10000 -126.17,50.28,10000 -126.11,50.28,10000 -126.06,50.27,10000 -126.02,50.27,10000 -125.98,50.26,10000 -125.96,50.24,10000 -125.93,50.21,10000 -125.90,50.18,10000 -125.87,50.14,10000 -125.85,50.11,10000 -125.84,50.08,10000 -125.83,50.05,10000 -125.82,50.01,10000 -125.82,49.98,10000 -125.81,49.95,10000 -125.80,49.92,10000 -125.79,49.88,10000 -125.79,49.85,10000 -125.77,49.82,10000 -125.75,49.79,10000 -125.72,49.77,10000 -125.68,49.74,10000 -125.64,49.72,10000 -125.60,49.70,10000 -125.57,49.68,10000 -125.54,49.67,10000 -125.52,49.65,10000 -125.50,49.63,10000 -125.46,49.61,10000 -125.43,49.59,10000 -125.39,49.56,10000 -125.36,49.54,10000 -125.34,49.51,10000 -125.33,49.48,10000 -125.33,49.44,10000 -125.33,49.40,10000 -125.34,49.36,10000 -125.35,49.34,10000 -125.38,49.32,10000 -125.42,49.32,10000 -125.43,49.33,10000 -125.46,49.34,10000 -125.50,49.36,10000 -125.55,49.38,10000 -125.60,49.40,10000 -125.65,49.42,10000 -125.69,49.44,10000 -125.72,49.45,10000 -125.73,49.45,10000 -125.76,49.46,10000 -125.80,49.48,10000 -125.84,49.50,10000 -125.89,49.53,10000 -125.94,49.55,10000 -125.98,49.57,10000 -126.01,49.58,10000 -126.03,49.59,10000 -126.05,49.61,10000 -126.07,49.63,10000 -126.10,49.66,10000 -126.14,49.69,10000 -126.17,49.72,10000 -126.21,49.74,10000 -126.26,49.77,10000 -126.30,49.79,10000 -126.35,49.81,10000 -126.38,49.83,10000 -126.40,49.85,10000 -126.42,49.86,10000 -126.45,49.87,10000 -126.50,49.89,10000 -126.55,49.91,10000 -126.61,49.93,10000 -126.66,49.95,10000 -126.69,49.96,10000 -126.73,49.98,10000 -126.75,50.00,10000 -126.78,50.02,10000 -126.82,50.05,10000 -126.85,50.09,10000 -126.89,50.12,10000 -126.78,50.21,10000 
          </coordinates>
        </LinearRing>
      </innerBoundaryIs>
  </Polygon>
 </MultiGeometry>
</Placemark>
<Placemark>
  <name>90%</name>
  <visibility>1</visibility>
  <styleUrl>#poly_90</styleUrl>
  <MultiGeometry>
    <Polygon>
      <outerBoundaryIs>
        <LinearRing>
          <coordinates>
-126.78,50.21,10000 -126.73,50.22,10000 -126.68,50.22,10000 -126.63,50.23,10000 -126.58,50.23,10000 -126.53,50.24,10000 -126.48,50.25,10000 -126.43,50.26,10000 -126.38,50.27,10000 -126.33,50.28,10000 -126.28,50.28,10000 -126.23,50.28,10000 -126.17,50.28,10000 -126.11,50.28,10000 -126.06,50.27,10000 -126.02,50.27,10000 -125.98,50.26,10000 -125.96,50.24,10000 -125.93,50.21,10000 -125.90,50.18,10000 -125.87,50.14,10000 -125.85,50.11,10000 -125.84,50.08,10000 -125.83,50.05,10000 -125.82,50.01,10000 -125.82,49.98,10000 -125.81,49.95,10000 -125.80,49.92,10000 -125.79,49.88,10000 -125.79,49.85,10000 -125.77,49.82,10000 -125.75,49.79,10000 -125.72,49.77,10000 -125.68,49.74,10000 -125.64,49.72,10000 -125.60,49.70,10000 -125.57,49.68,10000 -125.54,49.67,10000 -125.52,49.65,10000 -125.50,49.63,10000 -125.46,49.61,10000 -125.43,49.59,10000 -125.39,49.56,10000 -125.36,49.54,10000 -125.34,49.51,10000 -125.33,49.48,10000 -125.33,49.44,10000 -125.33,49.40,10000 -125.34,49.36,10000 -125.35,49.34,10000 -125.38,49.32,10000 -125.42,49.32,10000 -125.43,49.33,10000 -125.46,49.34,10000 -125.50,49.36,10000 -125.55,49.38,10000 -125.60,49.40,10000 -125.65,49.42,10000 -125.69,49.44,10000 -125.72,49.45,10000 -125.73,49.45,10000 -125.76,49.46,10000 -125.80,49.48,10000 -125.84,49.50,10000 -125.89,49.53,10000 -125.94,49.55,10000 -125.98,49.57,10000 -126.01,49.58,10000 -126.03,49.59,10000 -126.05,49.61,10000 -126.07,49.63,10000 -126.10,49.66,10000 -126.14,49.69,10000 -126.17,49.72,10000 -126.21,49.74,10000 -126.26,49.77,10000 -126.30,49.79,10000 -126.35,49.81,10000 -126.38,49.83,10000 -126.40,49.85,10000 -126.42,49.86,10000 -126.45,49.87,10000 -126.50,49.89,10000 -126.55,49.91,10000 -126.61,49.93,10000 -126.66,49.95,10000 -126.69,49.96,10000 -126.73,49.98,10000 -126.75,50.00,10000 -126.78,50.02,10000 -126.82,50.05,10000 -126.85,50.09,10000 -126.89,50.12,10000 -126.78,50.21,10000 
          </coordinates>
        </LinearRing>
      </outerBoundaryIs>
      <innerBoundaryIs>
        <LinearRing>
          <coordinates>
-126.77,50.17,11000 -126.73,50.18,11000 -126.69,50.18,11000 -126.65,50.19,11000 -126.60,50.20,11000 -126.56,50.20,11000 -126.52,50.21,11000 -126.48,50.22,11000 -126.44,50.22,11000 -126.39,50.23,11000 -126.35,50.24,11000 -126.31,50.25,11000 -126.27,50.25,11000 -126.22,50.25,11000 -126.18,50.25,11000 -126.13,50.25,11000 -126.09,50.25,11000 -126.06,50.25,11000 -126.02,50.24,11000 -126.00,50.22,11000 -125.98,50.20,11000 -125.96,50.18,11000 -125.94,50.16,11000 -125.92,50.13,11000 -125.90,50.10,11000 -125.89,50.08,11000 -125.88,50.05,11000 -125.88,50.02,11000 -125.87,49.99,11000 -125.87,49.97,11000 -125.86,49.94,11000 -125.86,49.91,11000 -125.85,49.89,11000 -125.85,49.86,11000 -125.84,49.83,11000 -125.84,49.81,11000 -125.83,49.78,11000 -125.82,49.75,11000 -125.81,49.72,11000 -125.80,49.69,11000 -125.79,49.67,11000 -125.77,49.64,11000 -125.75,49.62,11000 -125.72,49.60,11000 -125.67,49.59,11000 -125.62,49.58,11000 -125.58,49.57,11000 -125.53,49.56,11000 -125.50,49.55,11000 -125.46,49.53,11000 -125.44,49.52,11000 -125.43,49.50,11000 -125.43,49.47,11000 -125.43,49.45,11000 -125.45,49.43,11000 -125.47,49.43,11000 -125.50,49.44,11000 -125.53,49.46,11000 -125.57,49.48,11000 -125.60,49.50,11000 -125.64,49.52,11000 -125.68,49.54,11000 -125.71,49.57,11000 -125.75,49.59,11000 -125.77,49.60,11000 -125.80,49.61,11000 -125.83,49.62,11000 -125.87,49.63,11000 -125.91,49.65,11000 -125.96,49.67,11000 -126.00,49.68,11000 -126.04,49.70,11000 -126.07,49.71,11000 -126.09,49.72,11000 -126.10,49.74,11000 -126.12,49.76,11000 -126.14,49.78,11000 -126.17,49.80,11000 -126.20,49.82,11000 -126.24,49.84,11000 -126.27,49.86,11000 -126.29,49.88,11000 -126.33,49.90,11000 -126.36,49.90,11000 -126.41,49.91,11000 -126.45,49.92,11000 -126.49,49.94,11000 -126.53,49.95,11000 -126.58,49.97,11000 -126.62,49.98,11000 -126.65,49.99,11000 -126.69,50.00,11000 -126.71,50.01,11000 -126.73,50.03,11000 -126.75,50.05,11000 -126.77,50.07,11000 -126.80,50.10,11000 -126.82,50.13,11000 -126.77,50.17,11000 
          </coordinates>
        </LinearRing>
      </innerBoundaryIs>
  </Polygon>
 </MultiGeometry>
</Placemark>
<Placemark>
  <name>90%</name>
  <visibility>1</visibility>
  <styleUrl>#poly_90</styleUrl>
  <MultiGeometry>
    <Polygon>
      <outerBoundaryIs>
        <LinearRing>
          <coordinates>
-75.03,44.18,10000 -74.96,44.18,10000 -74.90,44.18,10000 -74.85,44.17,10000 -74.80,44.15,10000 -74.77,44.12,10000 -74.76,44.09,10000 -74.76,44.05,10000 -74.76,44.01,10000 -74.76,43.96,10000 -74.77,43.91,10000 -74.78,43.86,10000 -74.79,43.81,10000 -74.80,43.77,10000 -74.81,43.73,10000 -74.82,43.68,10000 -74.83,43.64,10000 -74.84,43.59,10000 -74.85,43.55,10000 -74.87,43.51,10000 -74.88,43.47,10000 -74.89,43.44,10000 -74.90,43.39,10000 -74.92,43.35,10000 -74.93,43.32,10000 -74.95,43.29,10000 -74.98,43.25,10000 -75.01,43.22,10000 -75.05,43.19,10000 -75.09,43.16,10000 -75.13,43.13,10000 -75.18,43.10,10000 -75.22,43.07,10000 -75.26,43.05,10000 -75.32,43.02,10000 -75.38,43.01,10000 -75.43,43.00,10000 -75.49,43.00,10000 -75.54,43.00,10000 -75.58,43.00,10000 -75.62,43.01,10000 -75.68,43.02,10000 -75.74,43.04,10000 -75.78,43.05,10000 -75.83,43.07,10000 -75.88,43.08,10000 -75.94,43.10,10000 -75.99,43.12,10000 -76.05,43.14,10000 -76.10,43.16,10000 -76.15,43.18,10000 -76.19,43.19,10000 -76.26,43.21,10000 -76.31,43.22,10000 -76.36,43.24,10000 -76.41,43.26,10000 -76.45,43.28,10000 -76.50,43.31,10000 -76.55,43.34,10000 -76.60,43.37,10000 -76.64,43.40,10000 -76.67,43.42,10000 -76.68,43.45,10000 -76.67,43.48,10000 -76.63,43.51,10000 -76.57,43.54,10000 -76.51,43.57,10000 -76.46,43.60,10000 -76.42,43.63,10000 -76.38,43.65,10000 -76.33,43.68,10000 -76.29,43.70,10000 -76.24,43.73,10000 -76.20,43.75,10000 -76.16,43.77,10000 -76.12,43.80,10000 -76.08,43.82,10000 -76.04,43.85,10000 -75.99,43.87,10000 -75.94,43.89,10000 -75.89,43.91,10000 -75.83,43.92,10000 -75.78,43.94,10000 -75.71,43.95,10000 -75.66,43.96,10000 -75.60,43.98,10000 -75.55,43.99,10000 -75.49,44.01,10000 -75.43,44.03,10000 -75.38,44.04,10000 -75.34,44.06,10000 -75.29,44.08,10000 -75.03,44.18,10000 
          </coordinates>
        </LinearRing>
      </outerBoundaryIs>
      <innerBoundaryIs>
        <LinearRing>
          <coordinates>
-75.06,44.01,11000 -75.03,44.01,11000 -75.01,44.00,11000 -74.99,43.97,11000 -74.98,43.95,11000 -74.98,43.93,11000 -74.97,43.90,11000 -74.97,43.87,11000 -74.97,43.84,11000 -74.97,43.82,11000 -74.97,43.79,11000 -74.97,43.76,11000 -74.98,43.73,11000 -74.99,43.70,11000 -75.00,43.68,11000 -75.01,43.65,11000 -75.02,43.62,11000 -75.03,43.59,11000 -75.04,43.57,11000 -75.05,43.54,11000 -75.06,43.51,11000 -75.07,43.49,11000 -75.08,43.46,11000 -75.09,43.43,11000 -75.11,43.41,11000 -75.13,43.38,11000 -75.15,43.35,11000 -75.17,43.33,11000 -75.19,43.31,11000 -75.20,43.29,11000 -75.21,43.28,11000 -75.23,43.27,11000 -75.26,43.26,11000 -75.30,43.25,11000 -75.34,43.24,11000 -75.38,43.23,11000 -75.42,43.22,11000 -75.46,43.22,11000 -75.50,43.22,11000 -75.54,43.22,11000 -75.58,43.23,11000 -75.62,43.23,11000 -75.66,43.24,11000 -75.70,43.25,11000 -75.74,43.26,11000 -75.77,43.27,11000 -75.81,43.28,11000 -75.85,43.29,11000 -75.88,43.30,11000 -75.92,43.31,11000 -75.95,43.32,11000 -75.99,43.33,11000 -76.03,43.35,11000 -76.07,43.36,11000 -76.10,43.37,11000 -76.13,43.38,11000 -76.15,43.39,11000 -76.16,43.39,11000 -76.16,43.40,11000 -76.15,43.42,11000 -76.14,43.45,11000 -76.13,43.47,11000 -76.13,43.50,11000 -76.12,43.53,11000 -76.10,43.56,11000 -76.08,43.58,11000 -76.06,43.61,11000 -76.03,43.63,11000 -76.00,43.66,11000 -75.97,43.68,11000 -75.94,43.70,11000 -75.92,43.72,11000 -75.89,43.74,11000 -75.88,43.75,11000 -75.84,43.76,11000 -75.81,43.77,11000 -75.77,43.78,11000 -75.73,43.80,11000 -75.69,43.81,11000 -75.64,43.82,11000 -75.61,43.83,11000 -75.58,43.84,11000 -75.56,43.85,11000 -75.54,43.85,11000 -75.51,43.86,11000 -75.48,43.86,11000 -75.45,43.87,11000 -75.41,43.88,11000 -75.37,43.89,11000 -75.33,43.90,11000 -75.30,43.91,11000 -75.26,43.92,11000 -75.23,43.94,11000 -75.20,43.95,11000 -75.16,43.97,11000 -75.13,43.98,11000 -75.06,44.01,11000 
          </coordinates>
        </LinearRing>
      </innerBoundaryIs>
  </Polygon>
 </MultiGeometry>
</Placemark>
<Placemark>
  <name>90%</name>
  <visibility>1</visibility>
  <styleUrl>#poly_90</styleUrl>
  <MultiGeometry>
    <Polygon>
      <outerBoundaryIs>
        <LinearRing>
          <coordinates>
-124.77,50.47,10000 -124.70,50.49,10000 -124.63,50.50,10000 -124.56,50.52,10000 -124.49,50.53,10000 -124.42,50.54,10000 -124.35,50.56,10000 -124.28,50.57,10000 -124.21,50.58,10000 -124.14,50.59,10000 -124.07,50.60,10000 -124.00,50.61,10000 -123.92,50.62,10000 -123.85,50.63,10000 -123.78,50.64,10000 -123.71,50.65,10000 -123.63,50.66,10000 -123.55,50.67,10000 -123.48,50.69,10000 -123.40,50.70,10000 -123.33,50.70,10000 -123.27,50.71,10000 -123.19,50.72,10000 -123.12,50.72,10000 -123.06,50.72,10000 -123.01,50.71,10000 -122.95,50.69,10000 -122.91,50.66,10000 -122.88,50.63,10000 -122.84,50.59,10000 -122.81,50.55,10000 -122.78,50.50,10000 -122.75,50.46,10000 -122.72,50.42,10000 -122.70,50.39,10000 -122.67,50.34,10000 -122.65,50.30,10000 -122.63,50.27,10000 -122.60,50.25,10000 -122.54,50.25,10000 -122.47,50.27,10000 -122.40,50.29,10000 -122.35,50.29,10000 -122.32,50.26,10000 -122.29,50.20,10000 -122.29,50.15,10000 -122.30,50.12,10000 -122.34,50.13,10000 -122.39,50.15,10000 -122.46,50.19,10000 -122.52,50.21,10000 -122.57,50.22,10000 -122.61,50.20,10000 -122.63,50.17,10000 -122.65,50.12,10000 -122.65,50.06,10000 -122.64,50.02,10000 -122.62,49.97,10000 -122.60,49.92,10000 -122.57,49.87,10000 -122.55,49.82,10000 -122.54,49.78,10000 -122.53,49.74,10000 -122.55,49.68,10000 -122.59,49.65,10000 -122.65,49.63,10000 -122.70,49.62,10000 -122.77,49.61,10000 -122.84,49.60,10000 -122.91,49.60,10000 -122.98,49.61,10000 -123.04,49.62,10000 -123.11,49.63,10000 -123.19,49.65,10000 -123.25,49.66,10000 -123.31,49.68,10000 -123.38,49.70,10000 -123.44,49.72,10000 -123.50,49.74,10000 -123.56,49.77,10000 -123.60,49.80,10000 -123.65,49.84,10000 -123.69,49.88,10000 -123.72,49.93,10000 -123.76,49.97,10000 -123.80,50.01,10000 -123.84,50.04,10000 -123.90,50.07,10000 -123.96,50.09,10000 -124.01,50.10,10000 -124.07,50.11,10000 -124.13,50.13,10000 -124.19,50.15,10000 -124.24,50.16,10000 -124.30,50.18,10000 -124.36,50.20,10000 -124.42,50.22,10000 -124.47,50.25,10000 -124.53,50.27,10000 -124.58,50.31,10000 -124.64,50.34,10000 -124.69,50.37,10000 -124.75,50.41,10000 -124.77,50.47,10000 
          </coordinates>
        </LinearRing>
      </outerBoundaryIs>
      <innerBoundaryIs>
        <LinearRing>
          <coordinates>
-124.52,50.50,11000 -124.46,50.51,11000 -124.41,50.52,11000 -124.35,50.52,11000 -124.30,50.53,11000 -124.24,50.54,11000 -124.19,50.55,11000 -124.13,50.55,11000 -124.08,50.56,11000 -124.02,50.57,11000 -123.96,50.58,11000 -123.91,50.59,11000 -123.85,50.59,11000 -123.80,50.60,11000 -123.74,50.61,11000 -123.68,50.62,11000 -123.63,50.63,11000 -123.57,50.63,11000 -123.52,50.64,11000 -123.46,50.65,11000 -123.39,50.65,11000 -123.33,50.66,11000 -123.26,50.67,11000 -123.20,50.67,11000 -123.15,50.68,11000 -123.09,50.67,11000 -123.05,50.67,11000 -122.99,50.66,11000 -122.95,50.63,11000 -122.92,50.60,11000 -122.90,50.57,11000 -122.88,50.53,11000 -122.87,50.50,11000 -122.86,50.47,11000 -122.86,50.43,11000 -122.86,50.39,11000 -122.86,50.36,11000 -122.86,50.32,11000 -122.86,50.28,11000 -122.86,50.25,11000 -122.86,50.21,11000 -122.86,50.17,11000 -122.87,50.13,11000 -122.87,50.10,11000 -122.87,50.06,11000 -122.86,50.03,11000 -122.84,49.99,11000 -122.82,49.96,11000 -122.79,49.93,11000 -122.76,49.90,11000 -122.74,49.87,11000 -122.72,49.84,11000 -122.69,49.80,11000 -122.67,49.77,11000 -122.67,49.73,11000 -122.68,49.71,11000 -122.71,49.69,11000 -122.76,49.68,11000 -122.82,49.67,11000 -122.89,49.67,11000 -122.95,49.67,11000 -123.00,49.67,11000 -123.05,49.68,11000 -123.09,49.70,11000 -123.13,49.72,11000 -123.17,49.75,11000 -123.21,49.76,11000 -123.26,49.76,11000 -123.32,49.76,11000 -123.38,49.75,11000 -123.44,49.75,11000 -123.48,49.76,11000 -123.51,49.78,11000 -123.53,49.82,11000 -123.55,49.86,11000 -123.56,49.90,11000 -123.58,49.93,11000 -123.60,49.97,11000 -123.62,50.00,11000 -123.65,50.04,11000 -123.68,50.07,11000 -123.71,50.09,11000 -123.75,50.11,11000 -123.79,50.13,11000 -123.83,50.15,11000 -123.88,50.16,11000 -123.93,50.17,11000 -123.99,50.17,11000 -124.06,50.17,11000 -124.12,50.17,11000 -124.18,50.18,11000 -124.23,50.20,11000 -124.28,50.22,11000 -124.33,50.24,11000 -124.38,50.26,11000 -124.43,50.29,11000 -124.47,50.31,11000 -124.52,50.34,11000 -124.56,50.36,11000 -124.61,50.39,11000 -124.65,50.41,11000 -124.69,50.44,11000 -124.52,50.50,11000 
          </coordinates>
        </LinearRing>
      </innerBoundaryIs>
  </Polygon>
 </MultiGeometry>
</Placemark>
<Placemark>
  <name>90%</name>
  <visibility>1</visibility>
  <styleUrl>#poly_90</styleUrl>
  <MultiGeometry>
    <Polygon>
      <outerBoundaryIs>
        <LinearRing>
          <coordinates>
-120.73,50.98,10000 -120.62,51.00,10000 -120.51,51.03,10000 -120.39,51.05,10000 -120.27,51.07,10000 -120.15,51.09,10000 -120.05,51.11,10000 -119.95,51.12,10000 -119.85,51.13,10000 -119.74,51.15,10000 -119.62,51.16,10000 -119.47,51.18,10000 -119.36,51.19,10000 -119.24,51.21,10000 -119.11,51.22,10000 -118.97,51.24,10000 -118.83,51.25,10000 -118.69,51.27,10000 -118.55,51.28,10000 -118.42,51.30,10000 -118.30,51.31,10000 -118.20,51.32,10000 -118.04,51.34,10000 -117.92,51.35,10000 -117.81,51.37,10000 -117.71,51.38,10000 -117.60,51.39,10000 -117.49,51.40,10000 -117.37,51.40,10000 -117.25,51.41,10000 -117.13,51.41,10000 -117.02,51.41,10000 -116.91,51.42,10000 -116.78,51.43,10000 -116.65,51.45,10000 -116.53,51.46,10000 -116.42,51.48,10000 -116.35,51.48,10000 -116.34,51.40,10000 -116.42,51.39,10000 -116.53,51.39,10000 -116.64,51.39,10000 -116.74,51.39,10000 -116.83,51.38,10000 -116.91,51.36,10000 -116.99,51.31,10000 -117.06,51.24,10000 -117.10,51.18,10000 -117.12,51.11,10000 -117.07,51.03,10000 -117.02,50.98,10000 -116.95,50.93,10000 -116.88,50.86,10000 -116.81,50.80,10000 -116.75,50.74,10000 -116.70,50.66,10000 -116.66,50.59,10000 -116.63,50.51,10000 -116.61,50.43,10000 -116.59,50.36,10000 -116.57,50.27,10000 -116.56,50.19,10000 -116.55,50.13,10000 -116.56,50.09,10000 -116.61,50.11,10000 -116.69,50.18,10000 -116.76,50.25,10000 -116.83,50.31,10000 -116.90,50.33,10000 -116.98,50.31,10000 -117.07,50.27,10000 -117.16,50.24,10000 -117.28,50.18,10000 -117.40,50.18,10000 -117.45,50.23,10000 -117.50,50.30,10000 -117.55,50.38,10000 -117.61,50.47,10000 -117.67,50.53,10000 -117.76,50.59,10000 -117.85,50.64,10000 -117.94,50.68,10000 -118.03,50.69,10000 -118.11,50.67,10000 -118.19,50.61,10000 -118.26,50.56,10000 -118.33,50.52,10000 -118.44,50.51,10000 -118.53,50.54,10000 -118.57,50.59,10000 -118.60,50.65,10000 -118.63,50.71,10000 -118.66,50.77,10000 -118.69,50.82,10000 -118.74,50.87,10000 -118.83,50.92,10000 -118.97,50.95,10000 -119.05,50.96,10000 -119.13,50.97,10000 -119.24,50.98,10000 -119.42,50.98,10000 -119.51,50.98,10000 -119.62,50.98,10000 -119.73,50.98,10000 -119.86,50.98,10000 -119.99,50.98,10000 -120.13,50.97,10000 -120.27,50.97,10000 -120.42,50.97,10000 -120.57,50.96,10000 -120.72,50.96,10000 -120.73,50.98,10000 
          </coordinates>
        </LinearRing>
      </outerBoundaryIs>
      <innerBoundaryIs>
        <LinearRing>
          <coordinates>
-120.48,51.01,11000 -120.39,51.02,11000 -120.29,51.04,11000 -120.20,51.05,11000 -120.10,51.07,11000 -120.01,51.08,11000 -119.91,51.10,11000 -119.82,51.11,11000 -119.72,51.12,11000 -119.62,51.13,11000 -119.53,51.14,11000 -119.43,51.15,11000 -119.33,51.16,11000 -119.24,51.17,11000 -119.14,51.18,11000 -119.05,51.19,11000 -118.95,51.20,11000 -118.85,51.21,11000 -118.76,51.22,11000 -118.66,51.23,11000 -118.57,51.24,11000 -118.48,51.26,11000 -118.38,51.27,11000 -118.29,51.28,11000 -118.19,51.29,11000 -118.09,51.30,11000 -117.99,51.31,11000 -117.88,51.32,11000 -117.78,51.34,11000 -117.68,51.35,11000 -117.58,51.36,11000 -117.49,51.36,11000 -117.42,51.37,11000 -117.27,51.38,11000 -117.17,51.38,11000 -117.11,51.38,11000 -117.14,51.32,11000 -117.18,51.27,11000 -117.23,51.20,11000 -117.24,51.13,11000 -117.22,51.09,11000 -117.18,51.04,11000 -117.13,50.99,11000 -117.08,50.94,11000 -117.04,50.89,11000 -117.01,50.83,11000 -116.98,50.77,11000 -116.96,50.70,11000 -116.95,50.64,11000 -116.96,50.60,11000 -117.02,50.57,11000 -117.13,50.56,11000 -117.22,50.54,11000 -117.28,50.50,11000 -117.33,50.44,11000 -117.38,50.40,11000 -117.42,50.38,11000 -117.45,50.40,11000 -117.47,50.45,11000 -117.49,50.51,11000 -117.52,50.57,11000 -117.56,50.62,11000 -117.60,50.67,11000 -117.64,50.72,11000 -117.69,50.77,11000 -117.73,50.81,11000 -117.79,50.85,11000 -117.86,50.86,11000 -117.92,50.87,11000 -118.02,50.88,11000 -118.13,50.88,11000 -118.19,50.85,11000 -118.24,50.81,11000 -118.32,50.81,11000 -118.38,50.83,11000 -118.44,50.87,11000 -118.51,50.92,11000 -118.59,50.97,11000 -118.66,51.01,11000 -118.72,51.04,11000 -118.82,51.07,11000 -118.91,51.07,11000 -119.02,51.07,11000 -119.11,51.07,11000 -119.20,51.07,11000 -119.31,51.07,11000 -119.44,51.06,11000 -119.52,51.06,11000 -119.60,51.05,11000 -119.70,51.05,11000 -119.79,51.04,11000 -119.89,51.04,11000 -120.00,51.03,11000 -120.10,51.03,11000 -120.21,51.02,11000 -120.48,51.01,11000 
          </coordinates>
        </LinearRing>
      </innerBoundaryIs>
  </Polygon>
 </MultiGeometry>
</Placemark>
<Placemark>
  <name>90%</name>
  <visibility>1</visibility>
  <styleUrl>#poly_90</styleUrl>
  <MultiGeometry>
    <Polygon>
      <outerBoundaryIs>
        <LinearRing>
          <coordinates>
-68.36,50.53,10000 -67.80,50.48,10000 -67.45,50.35,10000 -66.95,50.17,10000 -66.60,50.00,10000 -66.46,49.93,10000 -66.34,49.72,10000 -66.44,49.54,10000 -66.62,49.45,10000 -67.19,49.37,10000 -67.68,49.19,10000 -68.17,49.00,10000 -68.63,48.86,10000 -69.11,48.65,10000 -69.60,48.43,10000 -70.09,48.24,10000 -70.12,48.02,10000 -70.52,47.53,10000 -70.81,47.28,10000 -71.12,47.15,10000 -71.66,47.07,10000 -71.91,47.07,10000 -72.27,47.30,10000 -72.70,47.47,10000 -73.02,47.37,10000 -73.13,47.26,10000 -73.45,46.83,10000 -73.66,46.54,10000 -73.92,46.35,10000 -74.08,46.26,10000 -74.37,46.19,10000 -74.97,46.39,10000 -75.34,46.36,10000 -75.78,46.35,10000 -76.00,46.26,10000 -76.48,46.02,10000 -77.11,45.99,10000 -77.65,45.98,10000 -78.03,45.90,10000 -78.18,45.84,10000 -78.28,45.66,10000 -78.19,45.37,10000 -78.18,45.18,10000 -78.26,45.13,10000 -78.42,45.27,10000 -78.78,45.37,10000 -79.38,45.36,10000 -79.93,45.29,10000 -80.04,45.49,10000 -80.30,45.60,10000 -80.60,45.61,10000 -81.12,45.47,10000 -81.56,45.47,10000 -81.84,45.41,10000 -81.96,45.27,10000 -81.80,45.12,10000 -81.47,44.86,10000 -81.18,44.59,10000 -80.92,44.33,10000 -80.86,44.15,10000 -81.13,44.15,10000 -81.33,44.18,10000 -81.40,44.31,10000 -81.36,44.54,10000 -81.54,44.62,10000 -81.78,44.72,10000 -82.05,44.73,10000 -82.43,44.79,10000 -82.91,44.99,10000 -83.42,45.02,10000 -84.00,44.92,10000 -84.45,44.74,10000 -84.84,44.47,10000 -85.42,44.02,10000 -85.79,43.75,10000 -86.04,43.43,10000 -86.20,43.15,10000 -86.15,42.89,10000 -85.79,42.57,10000 -85.68,42.34,10000 -85.62,42.14,10000 -85.64,41.91,10000 -85.71,41.73,10000 -85.86,41.62,10000 -86.15,41.54,10000 -86.44,41.57,10000 -86.65,41.69,10000 -86.73,41.92,10000 -86.84,42.29,10000 -86.83,42.54,10000 -86.73,42.70,10000 -86.61,42.83,10000 -86.54,43.05,10000 -86.69,43.19,10000 -86.96,43.29,10000 -87.38,43.37,10000 -87.70,43.37,10000 -87.89,43.28,10000 -88.11,42.82,10000 -88.35,42.42,10000 -88.48,42.10,10000 -88.63,41.95,10000 -88.89,41.85,10000 -89.39,41.68,10000 -90.05,41.45,10000 -90.36,41.33,10000 -90.90,41.26,10000 -91.43,41.35,10000 -91.90,41.50,10000 -92.34,41.71,10000 -92.62,41.96,10000 -93.07,42.22,10000 -93.66,42.54,10000 -94.12,42.79,10000 -94.48,43.00,10000 -94.90,43.21,10000 -95.34,43.49,10000 -95.72,43.77,10000 -96.17,44.23,10000 -96.46,44.71,10000 -96.21,44.96,10000 -96.13,45.06,10000 -96.13,45.30,10000 -95.96,45.51,10000 -95.77,45.59,10000 -95.33,45.49,10000 -94.83,45.54,10000 -94.34,45.62,10000 -94.01,45.85,10000 -93.69,46.12,10000 -93.33,46.40,10000 -92.88,46.69,10000 -92.39,46.89,10000 -91.88,47.04,10000 -91.54,47.20,10000 -91.12,47.25,10000 -90.84,47.23,10000 -90.52,47.26,10000 -90.19,47.39,10000 -89.81,47.62,10000 -89.41,47.85,10000 -89.01,48.00,10000 -88.60,48.24,10000 -88.25,48.40,10000 -87.79,48.49,10000 -87.49,48.61,10000 -87.40,48.72,10000 -87.19,49.11,10000 -86.76,49.41,10000 -86.32,49.68,10000 -86.03,49.89,10000 -85.79,50.02,10000 -85.53,50.07,10000 -84.77,49.82,10000 -83.99,49.52,10000 -83.59,49.27,10000 -83.17,49.13,10000 -82.87,48.93,10000 -82.37,48.68,10000 -81.74,48.51,10000 -80.97,48.33,10000 -80.34,48.18,10000 -79.53,47.98,10000 -78.96,47.81,10000 -78.52,47.70,10000 -78.19,47.61,10000 -77.81,47.56,10000 -77.28,47.62,10000 -76.87,47.61,10000 -76.43,47.68,10000 -75.93,47.78,10000 -75.44,47.90,10000 -75.01,48.01,10000 -74.55,48.13,10000 -74.06,48.30,10000 -73.71,48.51,10000 -73.21,48.66,10000 -72.71,48.80,10000 -72.37,49.08,10000 -72.14,49.30,10000 -71.94,49.39,10000 -71.50,49.63,10000 -71.23,49.91,10000 -70.98,50.17,10000 -70.73,50.29,10000 -70.45,50.35,10000 -69.67,50.51,10000 -68.86,50.54,10000 -68.36,50.53,10000 
          </coordinates>
        </LinearRing>
      </outerBoundaryIs>
      <innerBoundaryIs>
        <LinearRing>
          <coordinates>
-71.05,48.37,10000 -71.02,48.37,10000 -71.00,48.37,10000 -70.97,48.37,10000 -70.95,48.37,10000 -70.92,48.36,10000 -70.90,48.36,10000 -70.87,48.36,10000 -70.85,48.36,10000 -70.82,48.35,10000 -70.80,48.35,10000 -70.78,48.34,10000 -70.75,48.34,10000 -70.73,48.33,10000 -70.70,48.32,10000 -70.67,48.31,10000 -70.65,48.31,10000 -70.63,48.30,10000 -70.61,48.29,10000 -70.59,48.28,10000 -70.58,48.28,10000 -70.57,48.27,10000 -70.56,48.26,10000 -70.55,48.25,10000 -70.53,48.24,10000 -70.52,48.23,10000 -70.50,48.21,10000 -70.48,48.20,10000 -70.46,48.18,10000 -70.45,48.17,10000 -70.43,48.15,10000 -70.41,48.14,10000 -70.40,48.12,10000 -70.39,48.11,10000 -70.39,48.09,10000 -70.39,48.08,10000 -70.40,48.07,10000 -70.41,48.06,10000 -70.43,48.04,10000 -70.45,48.03,10000 -70.47,48.02,10000 -70.50,48.01,10000 -70.52,48.00,10000 -70.55,47.99,10000 -70.57,47.98,10000 -70.60,47.97,10000 -70.62,47.96,10000 -70.64,47.96,10000 -70.65,47.95,10000 -70.66,47.94,10000 -70.68,47.94,10000 -70.70,47.94,10000 -70.72,47.94,10000 -70.75,47.94,10000 -70.78,47.94,10000 -70.81,47.94,10000 -70.84,47.94,10000 -70.87,47.95,10000 -70.89,47.95,10000 -70.91,47.95,10000 -70.94,47.96,10000 -70.95,47.96,10000 -70.96,47.98,10000 -70.98,47.99,10000 -70.99,48.00,10000 -71.01,48.01,10000 -71.03,48.02,10000 -71.04,48.03,10000 -71.06,48.04,10000 -71.08,48.05,10000 -71.10,48.07,10000 -71.11,48.08,10000 -71.13,48.09,10000 -71.15,48.10,10000 -71.17,48.11,10000 -71.19,48.12,10000 -71.20,48.14,10000 -71.22,48.15,10000 -71.23,48.16,10000 -71.24,48.17,10000 -71.25,48.19,10000 -71.25,48.20,10000 -71.25,48.22,10000 -71.24,48.23,10000 -71.24,48.25,10000 -71.23,48.26,10000 -71.22,48.28,10000 -71.21,48.30,10000 -71.20,48.32,10000 -71.18,48.33,10000 -71.17,48.35,10000 -71.05,48.37,10000 
          </coordinates>
        </LinearRing>
      </innerBoundaryIs>
      <innerBoundaryIs>
        <LinearRing>
          <coordinates>
-95.48,45.20,10000 -95.45,45.20,10000 -95.43,45.21,10000 -95.40,45.21,10000 -95.38,45.22,10000 -95.35,45.22,10000 -95.33,45.22,10000 -95.31,45.22,10000 -95.29,45.23,10000 -95.27,45.23,10000 -95.25,45.23,10000 -95.24,45.23,10000 -95.22,45.23,10000 -95.23,45.22,10000 -95.22,45.20,10000 -95.21,45.19,10000 -95.21,45.18,10000 -95.20,45.17,10000 -95.18,45.16,10000 -95.17,45.14,10000 -95.16,45.13,10000 -95.15,45.12,10000 -95.14,45.10,10000 -95.13,45.09,10000 -95.12,45.07,10000 -95.11,45.06,10000 -95.10,45.04,10000 -95.10,45.03,10000 -95.10,45.02,10000 -95.10,45.00,10000 -95.10,44.98,10000 -95.10,44.97,10000 -95.11,44.95,10000 -95.11,44.94,10000 -95.12,44.92,10000 -95.12,44.91,10000 -95.13,44.89,10000 -95.14,44.88,10000 -95.14,44.87,10000 -95.15,44.86,10000 -95.16,44.84,10000 -95.17,44.83,10000 -95.18,44.82,10000 -95.20,44.82,10000 -95.22,44.81,10000 -95.24,44.81,10000 -95.26,44.81,10000 -95.28,44.81,10000 -95.30,44.81,10000 -95.32,44.81,10000 -95.35,44.81,10000 -95.38,44.82,10000 -95.40,44.82,10000 -95.42,44.82,10000 -95.45,44.83,10000 -95.47,44.83,10000 -95.48,44.83,10000 -95.50,44.83,10000 -95.51,44.83,10000 -95.52,44.85,10000 -95.53,44.86,10000 -95.54,44.87,10000 -95.55,44.88,10000 -95.57,44.89,10000 -95.58,44.90,10000 -95.60,44.92,10000 -95.61,44.93,10000 -95.63,44.95,10000 -95.64,44.96,10000 -95.66,44.97,10000 -95.67,44.99,10000 -95.67,45.00,10000 -95.68,45.02,10000 -95.68,45.03,10000 -95.68,45.04,10000 -95.67,45.05,10000 -95.67,45.07,10000 -95.66,45.08,10000 -95.65,45.09,10000 -95.63,45.10,10000 -95.62,45.12,10000 -95.60,45.13,10000 -95.59,45.14,10000 -95.57,45.15,10000 -95.55,45.16,10000 -95.53,45.18,10000 -95.51,45.19,10000 -95.49,45.20,10000 -95.48,45.20,10000 
          </coordinates>
        </LinearRing>
      </innerBoundaryIs>
      <innerBoundaryIs>
        <LinearRing>
          <coordinates>
-69.16,50.49,11000 -69.00,50.48,11000 -68.85,50.47,11000 -68.70,50.46,11000 -68.56,50.45,11000 -68.44,50.44,11000 -68.28,50.44,11000 -68.15,50.45,11000 -68.02,50.44,11000 -67.91,50.42,11000 -67.81,50.38,11000 -67.64,50.32,11000 -67.52,50.28,11000 -67.38,50.23,11000 -67.22,50.18,11000 -67.06,50.12,11000 -66.91,50.06,11000 -66.77,50.01,11000 -66.67,49.97,11000 -66.53,49.87,11000 -66.50,49.80,11000 -66.45,49.71,11000 -66.47,49.63,11000 -66.56,49.58,11000 -66.70,49.53,11000 -66.87,49.49,11000 -67.00,49.47,11000 -67.15,49.47,11000 -67.30,49.46,11000 -67.45,49.45,11000 -67.58,49.43,11000 -67.73,49.38,11000 -67.85,49.32,11000 -67.98,49.26,11000 -68.10,49.21,11000 -68.23,49.15,11000 -68.37,49.10,11000 -68.49,49.05,11000 -68.62,49.01,11000 -68.74,48.98,11000 -68.91,48.92,11000 -69.01,48.87,11000 -69.12,48.81,11000 -69.25,48.74,11000 -69.38,48.67,11000 -69.51,48.60,11000 -69.63,48.54,11000 -69.74,48.50,11000 -69.92,48.45,11000 -70.08,48.43,11000 -70.23,48.42,11000 -70.37,48.42,11000 -70.51,48.44,11000 -70.62,48.48,11000 -70.76,48.52,11000 -70.88,48.55,11000 -71.02,48.58,11000 -71.17,48.62,11000 -71.31,48.65,11000 -71.43,48.67,11000 -71.58,48.70,11000 -71.71,48.71,11000 -71.83,48.72,11000 -71.98,48.71,11000 -72.14,48.69,11000 -72.24,48.71,11000 -72.26,48.78,11000 -72.25,48.89,11000 -72.21,49.00,11000 -72.16,49.10,11000 -72.07,49.19,11000 -71.95,49.26,11000 -71.82,49.33,11000 -71.69,49.40,11000 -71.55,49.46,11000 -71.43,49.54,11000 -71.36,49.61,11000 -71.29,49.70,11000 -71.23,49.79,11000 -71.16,49.87,11000 -71.09,49.95,11000 -71.01,50.03,11000 -70.92,50.11,11000 -70.82,50.17,11000 -70.70,50.22,11000 -70.56,50.26,11000 -70.41,50.28,11000 -70.26,50.31,11000 -69.16,50.49,11000 
          </coordinates>
        </LinearRing>
      </innerBoundaryIs>
      <innerBoundaryIs>
        <LinearRing>
          <coordinates>
-86.27,42.55,11000 -86.23,42.55,11000 -86.19,42.54,11000 -86.16,42.54,11000 -86.12,42.53,11000 -86.09,42.53,11000 -86.06,42.52,11000 -86.04,42.51,11000 -86.02,42.49,11000 -86.00,42.47,11000 -85.99,42.45,11000 -85.98,42.42,11000 -85.97,42.39,11000 -85.96,42.37,11000 -85.95,42.34,11000 -85.94,42.32,11000 -85.93,42.29,11000 -85.92,42.26,11000 -85.91,42.24,11000 -85.91,42.21,11000 -85.91,42.19,11000 -85.90,42.16,11000 -85.90,42.14,11000 -85.90,42.11,11000 -85.91,42.09,11000 -85.91,42.06,11000 -85.92,42.04,11000 -85.93,42.02,11000 -85.95,41.99,11000 -85.96,41.97,11000 -85.98,41.95,11000 -86.00,41.92,11000 -86.02,41.90,11000 -86.04,41.88,11000 -86.05,41.87,11000 -86.06,41.85,11000 -86.09,41.85,11000 -86.12,41.85,11000 -86.15,41.84,11000 -86.19,41.84,11000 -86.23,41.83,11000 -86.27,41.83,11000 -86.30,41.83,11000 -86.33,41.83,11000 -86.36,41.84,11000 -86.38,41.86,11000 -86.39,41.89,11000 -86.40,41.91,11000 -86.41,41.93,11000 -86.42,41.96,11000 -86.43,41.99,11000 -86.44,42.02,11000 -86.45,42.04,11000 -86.46,42.07,11000 -86.47,42.09,11000 -86.47,42.12,11000 -86.48,42.14,11000 -86.48,42.17,11000 -86.48,42.19,11000 -86.48,42.22,11000 -86.48,42.24,11000 -86.48,42.26,11000 -86.47,42.29,11000 -86.46,42.31,11000 -86.45,42.34,11000 -86.44,42.36,11000 -86.42,42.39,11000 -86.41,42.41,11000 -86.27,42.55,11000 
          </coordinates>
        </LinearRing>
      </innerBoundaryIs>
      <innerBoundaryIs>
        <LinearRing>
          <coordinates>
-85.56,49.87,11000 -84.86,49.73,11000 -84.30,49.58,11000 -83.78,49.26,11000 -83.39,49.12,11000 -83.00,48.97,11000 -82.47,48.62,11000 -82.10,48.51,11000 -81.59,48.40,11000 -81.08,48.28,11000 -80.48,48.15,11000 -79.92,48.01,11000 -79.17,47.79,11000 -78.54,47.61,11000 -77.82,47.48,11000 -77.37,47.48,11000 -76.95,47.51,11000 -76.54,47.55,11000 -76.11,47.64,11000 -75.40,47.83,11000 -74.97,47.94,11000 -74.59,48.03,11000 -74.21,48.13,11000 -73.87,48.31,11000 -73.43,48.50,11000 -72.76,48.64,11000 -72.49,48.71,11000 -72.28,48.57,11000 -72.09,48.30,11000 -71.78,48.12,11000 -71.14,47.84,11000 -70.72,47.70,11000 -70.77,47.44,11000 -71.00,47.30,11000 -71.40,47.23,11000 -71.67,47.22,11000 -71.82,47.26,11000 -71.98,47.42,11000 -72.37,47.69,11000 -72.78,47.74,11000 -73.01,47.68,11000 -73.29,47.53,11000 -73.60,47.29,11000 -73.87,47.09,11000 -74.02,46.89,11000 -74.18,46.56,11000 -74.27,46.46,11000 -74.51,46.49,11000 -74.74,46.67,11000 -74.98,46.75,11000 -75.35,46.75,11000 -75.77,46.66,11000 -76.12,46.53,11000 -76.36,46.35,11000 -76.65,46.22,11000 -76.95,46.22,11000 -77.36,46.25,11000 -77.80,46.28,11000 -78.26,46.30,11000 -78.79,46.24,11000 -79.43,46.05,11000 -79.82,46.00,11000 -80.24,45.96,11000 -80.70,45.87,11000 -81.14,45.78,11000 -81.85,45.62,11000 -82.18,45.52,11000 -82.34,45.32,11000 -82.29,45.12,11000 -82.80,45.15,11000 -83.38,45.19,11000 -83.85,45.11,11000 -84.11,45.02,11000 -84.39,44.88,11000 -84.76,44.67,11000 -85.27,44.31,11000 -85.73,43.97,11000 -85.98,43.73,11000 -86.14,43.57,11000 -86.34,43.48,11000 -86.77,43.63,11000 -87.12,43.69,11000 -87.73,43.65,11000 -88.06,43.51,11000 -88.22,43.35,11000 -88.32,43.11,11000 -88.42,42.84,11000 -88.62,42.50,11000 -88.85,42.32,11000 -89.17,42.19,11000 -89.53,42.10,11000 -89.87,41.97,11000 -90.21,41.84,11000 -90.57,41.72,11000 -90.84,41.68,11000 -91.22,41.72,11000 -91.68,41.89,11000 -91.96,42.23,11000 -92.49,42.42,11000 -93.11,42.62,11000 -93.58,42.78,11000 -93.85,42.94,11000 -94.19,43.10,11000 -94.57,43.29,11000 -94.87,43.47,11000 -95.14,43.64,11000 -95.65,43.97,11000 -95.79,44.14,11000 -95.86,44.30,11000 -95.72,44.41,11000 -95.32,44.39,11000 -94.88,44.40,11000 -94.56,44.53,11000 -94.43,44.69,11000 -94.27,45.01,11000 -94.06,45.18,11000 -93.66,45.61,11000 -93.24,46.04,11000 -92.79,46.46,11000 -92.25,46.74,11000 -91.71,46.82,11000 -91.30,46.91,11000 -91.03,47.02,11000 -90.67,47.09,11000 -90.04,47.29,11000 -89.52,47.61,11000 -88.91,47.90,11000 -88.52,48.13,11000 -88.15,48.26,11000 -87.78,48.32,11000 -87.41,48.43,11000 -87.16,48.57,11000 -86.95,48.80,11000 -86.49,49.22,11000 -86.04,49.57,11000 -85.56,49.87,11000 
          </coordinates>
        </LinearRing>
      </innerBoundaryIs>
  </Polygon>
 </MultiGeometry>
</Placemark>
<Placemark>
  <name>90%</name>
  <visibility>1</visibility>
  <styleUrl>#poly_90</styleUrl>
  <MultiGeometry>
    <Polygon>
      <outerBoundaryIs>
        <LinearRing>
          <coordinates>
-78.70,42.45,10000 -78.67,42.45,10000 -78.64,42.45,10000 -78.61,42.45,10000 -78.58,42.46,10000 -78.55,42.46,10000 -78.53,42.46,10000 -78.51,42.45,10000 -78.49,42.45,10000 -78.47,42.45,10000 -78.44,42.44,10000 -78.43,42.43,10000 -78.43,42.41,10000 -78.43,42.39,10000 -78.43,42.38,10000 -78.44,42.36,10000 -78.44,42.34,10000 -78.45,42.32,10000 -78.46,42.30,10000 -78.47,42.28,10000 -78.48,42.26,10000 -78.49,42.25,10000 -78.49,42.23,10000 -78.50,42.22,10000 -78.51,42.21,10000 -78.52,42.20,10000 -78.53,42.19,10000 -78.55,42.18,10000 -78.57,42.17,10000 -78.59,42.15,10000 -78.61,42.14,10000 -78.63,42.12,10000 -78.65,42.11,10000 -78.67,42.09,10000 -78.68,42.08,10000 -78.70,42.07,10000 -78.71,42.06,10000 -78.73,42.04,10000 -78.74,42.03,10000 -78.75,42.02,10000 -78.77,42.01,10000 -78.79,42.01,10000 -78.81,42.00,10000 -78.83,42.00,10000 -78.85,42.00,10000 -78.88,42.00,10000 -78.91,42.00,10000 -78.93,42.00,10000 -78.96,42.00,10000 -78.99,42.00,10000 -79.01,42.00,10000 -79.03,42.00,10000 -79.06,42.01,10000 -79.09,42.02,10000 -79.11,42.02,10000 -79.14,42.03,10000 -79.16,42.04,10000 -79.19,42.05,10000 -79.21,42.06,10000 -79.22,42.06,10000 -79.24,42.07,10000 -79.27,42.09,10000 -79.28,42.10,10000 -79.28,42.11,10000 -79.27,42.12,10000 -79.26,42.12,10000 -79.23,42.14,10000 -79.22,42.15,10000 -79.20,42.16,10000 -79.19,42.17,10000 -79.17,42.19,10000 -79.15,42.20,10000 -79.14,42.22,10000 -79.12,42.23,10000 -79.10,42.25,10000 -79.08,42.26,10000 -79.07,42.27,10000 -79.05,42.28,10000 -79.03,42.29,10000 -79.01,42.29,10000 -78.99,42.30,10000 -78.96,42.31,10000 -78.94,42.32,10000 -78.93,42.33,10000 -78.91,42.34,10000 -78.89,42.35,10000 -78.88,42.36,10000 -78.86,42.37,10000 -78.84,42.38,10000 -78.82,42.39,10000 -78.80,42.41,10000 -78.78,42.42,10000 -78.70,42.45,10000 
          </coordinates>
        </LinearRing>
      </outerBoundaryIs>
  </Polygon>
 </MultiGeometry>
</Placemark>
<Placemark>
  <name>95%</name>
  <visibility>1</visibility>
  <styleUrl>#poly_95</styleUrl>
  <MultiGeometry>
    <Polygon>
      <outerBoundaryIs>
        <LinearRing>
          <coordinates>
-69.16,50.49,11000 -69.00,50.48,11000 -68.85,50.47,11000 -68.70,50.46,11000 -68.56,50.45,11000 -68.44,50.44,11000 -68.28,50.44,11000 -68.15,50.45,11000 -68.02,50.44,11000 -67.91,50.42,11000 -67.81,50.38,11000 -67.64,50.32,11000 -67.52,50.28,11000 -67.38,50.23,11000 -67.22,50.18,11000 -67.06,50.12,11000 -66.91,50.06,11000 -66.77,50.01,11000 -66.67,49.97,11000 -66.53,49.87,11000 -66.50,49.80,11000 -66.45,49.71,11000 -66.47,49.63,11000 -66.56,49.58,11000 -66.70,49.53,11000 -66.87,49.49,11000 -67.00,49.47,11000 -67.15,49.47,11000 -67.30,49.46,11000 -67.45,49.45,11000 -67.58,49.43,11000 -67.73,49.38,11000 -67.85,49.32,11000 -67.98,49.26,11000 -68.10,49.21,11000 -68.23,49.15,11000 -68.37,49.10,11000 -68.49,49.05,11000 -68.62,49.01,11000 -68.74,48.98,11000 -68.91,48.92,11000 -69.01,48.87,11000 -69.12,48.81,11000 -69.25,48.74,11000 -69.38,48.67,11000 -69.51,48.60,11000 -69.63,48.54,11000 -69.74,48.50,11000 -69.92,48.45,11000 -70.08,48.43,11000 -70.23,48.42,11000 -70.37,48.42,11000 -70.51,48.44,11000 -70.62,48.48,11000 -70.76,48.52,11000 -70.88,48.55,11000 -71.02,48.58,11000 -71.17,48.62,11000 -71.31,48.65,11000 -71.43,48.67,11000 -71.58,48.70,11000 -71.71,48.71,11000 -71.83,48.72,11000 -71.98,48.71,11000 -72.14,48.69,11000 -72.24,48.71,11000 -72.26,48.78,11000 -72.25,48.89,11000 -72.21,49.00,11000 -72.16,49.10,11000 -72.07,49.19,11000 -71.95,49.26,11000 -71.82,49.33,11000 -71.69,49.40,11000 -71.55,49.46,11000 -71.43,49.54,11000 -71.36,49.61,11000 -71.29,49.70,11000 -71.23,49.79,11000 -71.16,49.87,11000 -71.09,49.95,11000 -71.01,50.03,11000 -70.92,50.11,11000 -70.82,50.17,11000 -70.70,50.22,11000 -70.56,50.26,11000 -70.41,50.28,11000 -70.26,50.31,11000 -69.16,50.49,11000 
          </coordinates>
        </LinearRing>
      </outerBoundaryIs>
  </Polygon>
 </MultiGeometry>
</Placemark>
<Placemark>
  <name>95%</name>
  <visibility>1</visibility>
  <styleUrl>#poly_95</styleUrl>
  <MultiGeometry>
    <Polygon>
      <outerBoundaryIs>
        <LinearRing>
          <coordinates>
-126.77,50.17,11000 -126.73,50.18,11000 -126.69,50.18,11000 -126.65,50.19,11000 -126.60,50.20,11000 -126.56,50.20,11000 -126.52,50.21,11000 -126.48,50.22,11000 -126.44,50.22,11000 -126.39,50.23,11000 -126.35,50.24,11000 -126.31,50.25,11000 -126.27,50.25,11000 -126.22,50.25,11000 -126.18,50.25,11000 -126.13,50.25,11000 -126.09,50.25,11000 -126.06,50.25,11000 -126.02,50.24,11000 -126.00,50.22,11000 -125.98,50.20,11000 -125.96,50.18,11000 -125.94,50.16,11000 -125.92,50.13,11000 -125.90,50.10,11000 -125.89,50.08,11000 -125.88,50.05,11000 -125.88,50.02,11000 -125.87,49.99,11000 -125.87,49.97,11000 -125.86,49.94,11000 -125.86,49.91,11000 -125.85,49.89,11000 -125.85,49.86,11000 -125.84,49.83,11000 -125.84,49.81,11000 -125.83,49.78,11000 -125.82,49.75,11000 -125.81,49.72,11000 -125.80,49.69,11000 -125.79,49.67,11000 -125.77,49.64,11000 -125.75,49.62,11000 -125.72,49.60,11000 -125.67,49.59,11000 -125.62,49.58,11000 -125.58,49.57,11000 -125.53,49.56,11000 -125.50,49.55,11000 -125.46,49.53,11000 -125.44,49.52,11000 -125.43,49.50,11000 -125.43,49.47,11000 -125.43,49.45,11000 -125.45,49.43,11000 -125.47,49.43,11000 -125.50,49.44,11000 -125.53,49.46,11000 -125.57,49.48,11000 -125.60,49.50,11000 -125.64,49.52,11000 -125.68,49.54,11000 -125.71,49.57,11000 -125.75,49.59,11000 -125.77,49.60,11000 -125.80,49.61,11000 -125.83,49.62,11000 -125.87,49.63,11000 -125.91,49.65,11000 -125.96,49.67,11000 -126.00,49.68,11000 -126.04,49.70,11000 -126.07,49.71,11000 -126.09,49.72,11000 -126.10,49.74,11000 -126.12,49.76,11000 -126.14,49.78,11000 -126.17,49.80,11000 -126.20,49.82,11000 -126.24,49.84,11000 -126.27,49.86,11000 -126.29,49.88,11000 -126.33,49.90,11000 -126.36,49.90,11000 -126.41,49.91,11000 -126.45,49.92,11000 -126.49,49.94,11000 -126.53,49.95,11000 -126.58,49.97,11000 -126.62,49.98,11000 -126.65,49.99,11000 -126.69,50.00,11000 -126.71,50.01,11000 -126.73,50.03,11000 -126.75,50.05,11000 -126.77,50.07,11000 -126.80,50.10,11000 -126.82,50.13,11000 -126.77,50.17,11000 
          </coordinates>
        </LinearRing>
      </outerBoundaryIs>
  </Polygon>
 </MultiGeometry>
</Placemark>
<Placemark>
  <name>95%</name>
  <visibility>1</visibility>
  <styleUrl>#poly_95</styleUrl>
  <MultiGeometry>
    <Polygon>
      <outerBoundaryIs>
        <LinearRing>
          <coordinates>
-75.06,44.01,11000 -75.03,44.01,11000 -75.01,44.00,11000 -74.99,43.97,11000 -74.98,43.95,11000 -74.98,43.93,11000 -74.97,43.90,11000 -74.97,43.87,11000 -74.97,43.84,11000 -74.97,43.82,11000 -74.97,43.79,11000 -74.97,43.76,11000 -74.98,43.73,11000 -74.99,43.70,11000 -75.00,43.68,11000 -75.01,43.65,11000 -75.02,43.62,11000 -75.03,43.59,11000 -75.04,43.57,11000 -75.05,43.54,11000 -75.06,43.51,11000 -75.07,43.49,11000 -75.08,43.46,11000 -75.09,43.43,11000 -75.11,43.41,11000 -75.13,43.38,11000 -75.15,43.35,11000 -75.17,43.33,11000 -75.19,43.31,11000 -75.20,43.29,11000 -75.21,43.28,11000 -75.23,43.27,11000 -75.26,43.26,11000 -75.30,43.25,11000 -75.34,43.24,11000 -75.38,43.23,11000 -75.42,43.22,11000 -75.46,43.22,11000 -75.50,43.22,11000 -75.54,43.22,11000 -75.58,43.23,11000 -75.62,43.23,11000 -75.66,43.24,11000 -75.70,43.25,11000 -75.74,43.26,11000 -75.77,43.27,11000 -75.81,43.28,11000 -75.85,43.29,11000 -75.88,43.30,11000 -75.92,43.31,11000 -75.95,43.32,11000 -75.99,43.33,11000 -76.03,43.35,11000 -76.07,43.36,11000 -76.10,43.37,11000 -76.13,43.38,11000 -76.15,43.39,11000 -76.16,43.39,11000 -76.16,43.40,11000 -76.15,43.42,11000 -76.14,43.45,11000 -76.13,43.47,11000 -76.13,43.50,11000 -76.12,43.53,11000 -76.10,43.56,11000 -76.08,43.58,11000 -76.06,43.61,11000 -76.03,43.63,11000 -76.00,43.66,11000 -75.97,43.68,11000 -75.94,43.70,11000 -75.92,43.72,11000 -75.89,43.74,11000 -75.88,43.75,11000 -75.84,43.76,11000 -75.81,43.77,11000 -75.77,43.78,11000 -75.73,43.80,11000 -75.69,43.81,11000 -75.64,43.82,11000 -75.61,43.83,11000 -75.58,43.84,11000 -75.56,43.85,11000 -75.54,43.85,11000 -75.51,43.86,11000 -75.48,43.86,11000 -75.45,43.87,11000 -75.41,43.88,11000 -75.37,43.89,11000 -75.33,43.90,11000 -75.30,43.91,11000 -75.26,43.92,11000 -75.23,43.94,11000 -75.20,43.95,11000 -75.16,43.97,11000 -75.13,43.98,11000 -75.06,44.01,11000 
          </coordinates>
        </LinearRing>
      </outerBoundaryIs>
  </Polygon>
 </MultiGeometry>
</Placemark>
<Placemark>
  <name>95%</name>
  <visibility>1</visibility>
  <styleUrl>#poly_95</styleUrl>
  <MultiGeometry>
    <Polygon>
      <outerBoundaryIs>
        <LinearRing>
          <coordinates>
-86.27,42.55,11000 -86.23,42.55,11000 -86.19,42.54,11000 -86.16,42.54,11000 -86.12,42.53,11000 -86.09,42.53,11000 -86.06,42.52,11000 -86.04,42.51,11000 -86.02,42.49,11000 -86.00,42.47,11000 -85.99,42.45,11000 -85.98,42.42,11000 -85.97,42.39,11000 -85.96,42.37,11000 -85.95,42.34,11000 -85.94,42.32,11000 -85.93,42.29,11000 -85.92,42.26,11000 -85.91,42.24,11000 -85.91,42.21,11000 -85.91,42.19,11000 -85.90,42.16,11000 -85.90,42.14,11000 -85.90,42.11,11000 -85.91,42.09,11000 -85.91,42.06,11000 -85.92,42.04,11000 -85.93,42.02,11000 -85.95,41.99,11000 -85.96,41.97,11000 -85.98,41.95,11000 -86.00,41.92,11000 -86.02,41.90,11000 -86.04,41.88,11000 -86.05,41.87,11000 -86.06,41.85,11000 -86.09,41.85,11000 -86.12,41.85,11000 -86.15,41.84,11000 -86.19,41.84,11000 -86.23,41.83,11000 -86.27,41.83,11000 -86.30,41.83,11000 -86.33,41.83,11000 -86.36,41.84,11000 -86.38,41.86,11000 -86.39,41.89,11000 -86.40,41.91,11000 -86.41,41.93,11000 -86.42,41.96,11000 -86.43,41.99,11000 -86.44,42.02,11000 -86.45,42.04,11000 -86.46,42.07,11000 -86.47,42.09,11000 -86.47,42.12,11000 -86.48,42.14,11000 -86.48,42.17,11000 -86.48,42.19,11000 -86.48,42.22,11000 -86.48,42.24,11000 -86.48,42.26,11000 -86.47,42.29,11000 -86.46,42.31,11000 -86.45,42.34,11000 -86.44,42.36,11000 -86.42,42.39,11000 -86.41,42.41,11000 -86.27,42.55,11000 
          </coordinates>
        </LinearRing>
      </outerBoundaryIs>
  </Polygon>
 </MultiGeometry>
</Placemark>
<Placemark>
  <name>95%</name>
  <visibility>1</visibility>
  <styleUrl>#poly_95</styleUrl>
  <MultiGeometry>
    <Polygon>
      <outerBoundaryIs>
        <LinearRing>
          <coordinates>
-124.52,50.50,11000 -124.46,50.51,11000 -124.41,50.52,11000 -124.35,50.52,11000 -124.30,50.53,11000 -124.24,50.54,11000 -124.19,50.55,11000 -124.13,50.55,11000 -124.08,50.56,11000 -124.02,50.57,11000 -123.96,50.58,11000 -123.91,50.59,11000 -123.85,50.59,11000 -123.80,50.60,11000 -123.74,50.61,11000 -123.68,50.62,11000 -123.63,50.63,11000 -123.57,50.63,11000 -123.52,50.64,11000 -123.46,50.65,11000 -123.39,50.65,11000 -123.33,50.66,11000 -123.26,50.67,11000 -123.20,50.67,11000 -123.15,50.68,11000 -123.09,50.67,11000 -123.05,50.67,11000 -122.99,50.66,11000 -122.95,50.63,11000 -122.92,50.60,11000 -122.90,50.57,11000 -122.88,50.53,11000 -122.87,50.50,11000 -122.86,50.47,11000 -122.86,50.43,11000 -122.86,50.39,11000 -122.86,50.36,11000 -122.86,50.32,11000 -122.86,50.28,11000 -122.86,50.25,11000 -122.86,50.21,11000 -122.86,50.17,11000 -122.87,50.13,11000 -122.87,50.10,11000 -122.87,50.06,11000 -122.86,50.03,11000 -122.84,49.99,11000 -122.82,49.96,11000 -122.79,49.93,11000 -122.76,49.90,11000 -122.74,49.87,11000 -122.72,49.84,11000 -122.69,49.80,11000 -122.67,49.77,11000 -122.67,49.73,11000 -122.68,49.71,11000 -122.71,49.69,11000 -122.76,49.68,11000 -122.82,49.67,11000 -122.89,49.67,11000 -122.95,49.67,11000 -123.00,49.67,11000 -123.05,49.68,11000 -123.09,49.70,11000 -123.13,49.72,11000 -123.17,49.75,11000 -123.21,49.76,11000 -123.26,49.76,11000 -123.32,49.76,11000 -123.38,49.75,11000 -123.44,49.75,11000 -123.48,49.76,11000 -123.51,49.78,11000 -123.53,49.82,11000 -123.55,49.86,11000 -123.56,49.90,11000 -123.58,49.93,11000 -123.60,49.97,11000 -123.62,50.00,11000 -123.65,50.04,11000 -123.68,50.07,11000 -123.71,50.09,11000 -123.75,50.11,11000 -123.79,50.13,11000 -123.83,50.15,11000 -123.88,50.16,11000 -123.93,50.17,11000 -123.99,50.17,11000 -124.06,50.17,11000 -124.12,50.17,11000 -124.18,50.18,11000 -124.23,50.20,11000 -124.28,50.22,11000 -124.33,50.24,11000 -124.38,50.26,11000 -124.43,50.29,11000 -124.47,50.31,11000 -124.52,50.34,11000 -124.56,50.36,11000 -124.61,50.39,11000 -124.65,50.41,11000 -124.69,50.44,11000 -124.52,50.50,11000 
          </coordinates>
        </LinearRing>
      </outerBoundaryIs>
  </Polygon>
 </MultiGeometry>
</Placemark>
<Placemark>
  <name>95%</name>
  <visibility>1</visibility>
  <styleUrl>#poly_95</styleUrl>
  <MultiGeometry>
    <Polygon>
      <outerBoundaryIs>
        <LinearRing>
          <coordinates>
-120.48,51.01,11000 -120.39,51.02,11000 -120.29,51.04,11000 -120.20,51.05,11000 -120.10,51.07,11000 -120.01,51.08,11000 -119.91,51.10,11000 -119.82,51.11,11000 -119.72,51.12,11000 -119.62,51.13,11000 -119.53,51.14,11000 -119.43,51.15,11000 -119.33,51.16,11000 -119.24,51.17,11000 -119.14,51.18,11000 -119.05,51.19,11000 -118.95,51.20,11000 -118.85,51.21,11000 -118.76,51.22,11000 -118.66,51.23,11000 -118.57,51.24,11000 -118.48,51.26,11000 -118.38,51.27,11000 -118.29,51.28,11000 -118.19,51.29,11000 -118.09,51.30,11000 -117.99,51.31,11000 -117.88,51.32,11000 -117.78,51.34,11000 -117.68,51.35,11000 -117.58,51.36,11000 -117.49,51.36,11000 -117.42,51.37,11000 -117.27,51.38,11000 -117.17,51.38,11000 -117.11,51.38,11000 -117.14,51.32,11000 -117.18,51.27,11000 -117.23,51.20,11000 -117.24,51.13,11000 -117.22,51.09,11000 -117.18,51.04,11000 -117.13,50.99,11000 -117.08,50.94,11000 -117.04,50.89,11000 -117.01,50.83,11000 -116.98,50.77,11000 -116.96,50.70,11000 -116.95,50.64,11000 -116.96,50.60,11000 -117.02,50.57,11000 -117.13,50.56,11000 -117.22,50.54,11000 -117.28,50.50,11000 -117.33,50.44,11000 -117.38,50.40,11000 -117.42,50.38,11000 -117.45,50.40,11000 -117.47,50.45,11000 -117.49,50.51,11000 -117.52,50.57,11000 -117.56,50.62,11000 -117.60,50.67,11000 -117.64,50.72,11000 -117.69,50.77,11000 -117.73,50.81,11000 -117.79,50.85,11000 -117.86,50.86,11000 -117.92,50.87,11000 -118.02,50.88,11000 -118.13,50.88,11000 -118.19,50.85,11000 -118.24,50.81,11000 -118.32,50.81,11000 -118.38,50.83,11000 -118.44,50.87,11000 -118.51,50.92,11000 -118.59,50.97,11000 -118.66,51.01,11000 -118.72,51.04,11000 -118.82,51.07,11000 -118.91,51.07,11000 -119.02,51.07,11000 -119.11,51.07,11000 -119.20,51.07,11000 -119.31,51.07,11000 -119.44,51.06,11000 -119.52,51.06,11000 -119.60,51.05,11000 -119.70,51.05,11000 -119.79,51.04,11000 -119.89,51.04,11000 -120.00,51.03,11000 -120.10,51.03,11000 -120.21,51.02,11000 -120.48,51.01,11000 
          </coordinates>
        </LinearRing>
      </outerBoundaryIs>
  </Polygon>
 </MultiGeometry>
</Placemark>
<Placemark>
  <name>95%</name>
  <visibility>1</visibility>
  <styleUrl>#poly_95</styleUrl>
  <MultiGeometry>
    <Polygon>
      <outerBoundaryIs>
        <LinearRing>
          <coordinates>
-85.56,49.87,11000 -84.86,49.73,11000 -84.30,49.58,11000 -83.78,49.26,11000 -83.39,49.12,11000 -83.00,48.97,11000 -82.47,48.62,11000 -82.10,48.51,11000 -81.59,48.40,11000 -81.08,48.28,11000 -80.48,48.15,11000 -79.92,48.01,11000 -79.17,47.79,11000 -78.54,47.61,11000 -77.82,47.48,11000 -77.37,47.48,11000 -76.95,47.51,11000 -76.54,47.55,11000 -76.11,47.64,11000 -75.40,47.83,11000 -74.97,47.94,11000 -74.59,48.03,11000 -74.21,48.13,11000 -73.87,48.31,11000 -73.43,48.50,11000 -72.76,48.64,11000 -72.49,48.71,11000 -72.28,48.57,11000 -72.09,48.30,11000 -71.78,48.12,11000 -71.14,47.84,11000 -70.72,47.70,11000 -70.77,47.44,11000 -71.00,47.30,11000 -71.40,47.23,11000 -71.67,47.22,11000 -71.82,47.26,11000 -71.98,47.42,11000 -72.37,47.69,11000 -72.78,47.74,11000 -73.01,47.68,11000 -73.29,47.53,11000 -73.60,47.29,11000 -73.87,47.09,11000 -74.02,46.89,11000 -74.18,46.56,11000 -74.27,46.46,11000 -74.51,46.49,11000 -74.74,46.67,11000 -74.98,46.75,11000 -75.35,46.75,11000 -75.77,46.66,11000 -76.12,46.53,11000 -76.36,46.35,11000 -76.65,46.22,11000 -76.95,46.22,11000 -77.36,46.25,11000 -77.80,46.28,11000 -78.26,46.30,11000 -78.79,46.24,11000 -79.43,46.05,11000 -79.82,46.00,11000 -80.24,45.96,11000 -80.70,45.87,11000 -81.14,45.78,11000 -81.85,45.62,11000 -82.18,45.52,11000 -82.34,45.32,11000 -82.29,45.12,11000 -82.80,45.15,11000 -83.38,45.19,11000 -83.85,45.11,11000 -84.11,45.02,11000 -84.39,44.88,11000 -84.76,44.67,11000 -85.27,44.31,11000 -85.73,43.97,11000 -85.98,43.73,11000 -86.14,43.57,11000 -86.34,43.48,11000 -86.77,43.63,11000 -87.12,43.69,11000 -87.73,43.65,11000 -88.06,43.51,11000 -88.22,43.35,11000 -88.32,43.11,11000 -88.42,42.84,11000 -88.62,42.50,11000 -88.85,42.32,11000 -89.17,42.19,11000 -89.53,42.10,11000 -89.87,41.97,11000 -90.21,41.84,11000 -90.57,41.72,11000 -90.84,41.68,11000 -91.22,41.72,11000 -91.68,41.89,11000 -91.96,42.23,11000 -92.49,42.42,11000 -93.11,42.62,11000 -93.58,42.78,11000 -93.85,42.94,11000 -94.19,43.10,11000 -94.57,43.29,11000 -94.87,43.47,11000 -95.14,43.64,11000 -95.65,43.97,11000 -95.79,44.14,11000 -95.86,44.30,11000 -95.72,44.41,11000 -95.32,44.39,11000 -94.88,44.40,11000 -94.56,44.53,11000 -94.43,44.69,11000 -94.27,45.01,11000 -94.06,45.18,11000 -93.66,45.61,11000 -93.24,46.04,11000 -92.79,46.46,11000 -92.25,46.74,11000 -91.71,46.82,11000 -91.30,46.91,11000 -91.03,47.02,11000 -90.67,47.09,11000 -90.04,47.29,11000 -89.52,47.61,11000 -88.91,47.90,11000 -88.52,48.13,11000 -88.15,48.26,11000 -87.78,48.32,11000 -87.41,48.43,11000 -87.16,48.57,11000 -86.95,48.80,11000 -86.49,49.22,11000 -86.04,49.57,11000 -85.56,49.87,11000 
          </coordinates>
        </LinearRing>
      </outerBoundaryIs>
  </Polygon>
 </MultiGeometry>
</Placemark>
    </Folder>
  </Document>
</kml>
